norad_id,satellite_name,horizon_hours,source_tle_age_hours,mean_motion,eccentricity,inclination,ra_of_asc_node,arg_of_pericenter,mean_anomaly,bstar,mean_motion_dot,mean_motion_ddot,semimajor_axis,period,apoapsis,periapsis,unreliable_1km
26407,GPS BIIR-2,24,4.356698248888889,2.00563092,0.0137212,54.9906,236.2127,297.9605,237.5258,0.0,5.9e-07,0.0,26560.393,717.979,20546.698,19817.818,0
26407,GPS BIIR-2,6,7.137895395555556,2.005631,0.0137088,54.99,236.1341,297.9883,223.1872,0.0,5.7e-07,0.0,26560.392,717.979,20546.368,19818.146,0
26407,GPS BIIR-2,24,6.8177427377777775,2.00563102,0.0137073,54.99,236.1225,297.9909,72.2751,0.0,5.7e-07,0.0,26560.392,717.979,20546.328,19818.186,0
26407,GPS BIIR-2,24,16.571986666666668,2.00563106,0.0137062,54.9899,236.1135,297.9953,235.5488,0.0,5.8e-07,0.0,26560.392,717.979,20546.299,19818.215,0
26407,GPS BIIR-2,6,4.6744376,2.00563196,0.0136813,54.9884,235.9342,298.0619,244.6653,0.0,8.3e-07,0.0,26560.384,717.978,20545.629,19818.868,0
26407,GPS BIIR-2,12,10.444798773333334,2.00563203,0.0136801,54.9883,235.924,298.0642,69.327,0.0,8.2e-07,0.0,26560.383,717.978,20545.597,19818.9,0
26407,GPS BIIR-2,24,4.6744376,2.00563196,0.0136813,54.9884,235.9342,298.0619,244.6653,0.0,8.3e-07,0.0,26560.384,717.978,20545.629,19818.868,0
26407,GPS BIIR-2,48,17.374749484444447,2.00563212,0.0136791,54.9883,235.9148,298.0681,235.2041,0.0,8.1e-07,0.0,26560.382,717.978,20545.57,19818.925,0
26407,GPS BIIR-2,48,4.633413217777778,2.00563263,0.0136714,54.9878,235.8551,298.0878,238.1017,0.0,7.1e-07,0.0,26560.378,717.978,20545.36,19819.125,0
26407,GPS BIIR-2,24,17.18791824,2.00563318,0.0136646,54.9873,235.7956,298.1053,235.3019,0.0,5.3e-07,0.0,26560.373,717.978,20545.175,19819.301,0
26407,GPS BIIR-2,12,23.037342337777776,2.00563349,0.0136613,54.9871,235.7651,298.1144,69.4935,0.0,4.4e-07,0.0,26560.37,717.978,20545.085,19819.386,0
26407,GPS BIIR-2,48,16.941316462222222,2.005634,0.0136556,54.9867,235.7162,298.1304,235.5097,0.0,3.3e-07,0.0,26560.366,717.977,20544.929,19819.533,0
26407,GPS BIIR-2,24,19.54203230222222,2.00563439,0.0136508,54.9864,235.6764,298.1441,235.7967,0.0,2.9e-07,0.0,26560.362,717.977,20544.798,19819.657,0
26407,GPS BIIR-2,24,17.336181706666665,2.00563476,0.0136462,54.9861,235.6367,298.1581,235.4371,0.0,3.1e-07,0.0,26560.359,717.977,20544.672,19819.776,0
26407,GPS BIIR-2,24,18.40839019555556,2.00563512,0.0136415,54.9858,235.597,298.1719,234.9689,0.0,3.8e-07,0.0,26560.356,717.977,20544.544,19819.898,0
26407,GPS BIIR-2,12,18.689022604444443,2.00563542,0.0136362,54.9855,235.5573,298.1849,235.0004,0.0,4.9e-07,0.0,26560.353,717.977,20544.401,19820.036,0
26407,GPS BIIR-2,12,8.09155928,2.00563573,0.0135938,54.9833,235.2087,298.2763,71.7577,0.0,9.1e-07,0.0,26560.351,717.977,20543.272,19821.159,0
26407,GPS BIIR-2,48,2.822916302222222,2.00563581,0.0136011,54.9835,235.259,298.2656,242.0075,0.0,9.9e-07,0.0,26560.35,717.977,20543.465,19820.965,0
26407,GPS BIIR-2,12,5.647500222222223,2.00563567,0.0135893,54.9831,235.16,298.2883,234.8701,0.0,8.2e-07,0.0,26560.351,717.977,20543.153,19821.28,0
26407,GPS BIIR-2,24,6.33422824,2.00563566,0.0135784,54.9824,235.061,298.3073,227.1537,0.0,7.2e-07,0.0,26560.351,717.977,20542.863,19821.569,0
26407,GPS BIIR-2,48,7.562700088888889,2.00563641,0.0135582,54.9814,234.8632,298.3499,206.8526,0.0,9.1e-07,0.0,26560.345,717.977,20542.32,19822.099,0
26407,GPS BIIR-2,24,7.753250204444444,2.005637,0.0135498,54.9808,234.7835,298.3667,213.124,0.0,8e-07,0.0,26560.339,717.976,20542.092,19822.317,0
26407,GPS BIIR-2,48,9.519532222222225,2.00563746,0.0135446,54.9804,234.732,298.374,68.5218,0.0,6.3e-07,0.0,26560.335,717.976,20541.949,19822.451,0
26407,GPS BIIR-2,48,6.285044062222222,2.00563783,0.0135412,54.9801,234.6935,298.3806,47.1619,0.0,5e-07,0.0,26560.332,717.976,20541.856,19822.538,0
26407,GPS BIIR-2,6,5.878572826666666,2.00563859,0.0135342,54.9795,234.6129,298.3952,68.5061,0.0,2.8e-07,0.0,26560.325,717.976,20541.663,19822.718,0
26407,GPS BIIR-2,12,12.477739493333337,2.00563859,0.0135342,54.9795,234.6129,298.3952,68.5061,0.0,2.8e-07,0.0,26560.325,717.976,20541.663,19822.718,0
26407,GPS BIIR-2,24,12.477739493333337,2.00563859,0.0135342,54.9795,234.6129,298.3952,68.5061,0.0,2.8e-07,0.0,26560.325,717.976,20541.663,19822.718,0
26407,GPS BIIR-2,12,12.819288631111112,2.00563877,0.0135325,54.9793,234.5936,298.3998,59.7123,0.0,2.6e-07,0.0,26560.324,717.976,20541.616,19822.761,0
26407,GPS BIIR-2,24,13.433743262222222,2.00563897,0.0135309,54.9792,234.574,298.4045,55.1433,0.0,2.5e-07,0.0,26560.322,717.976,20541.572,19822.802,0
26407,GPS BIIR-2,48,4.537485742222223,2.00563942,0.0135259,54.9788,234.5245,298.4159,234.503,0.0,2.9e-07,0.0,26560.318,717.976,20541.435,19822.931,0
26407,GPS BIIR-2,24,6.950405351111112,2.00563988,0.0135202,54.9783,234.4647,298.4278,238.203,0.0,4.3e-07,0.0,26560.314,717.975,20541.28,19823.078,0
26407,GPS BIIR-2,24,5.090878942222222,2.0056404,0.0135117,54.9775,234.3653,298.4418,242.9676,0.0,7.2e-07,0.0,26560.309,717.975,20541.049,19823.299,0
26407,GPS BIIR-2,24,6.788709937777778,2.00564049,0.0135065,54.9771,234.3053,298.4502,252.0645,0.0,8.3e-07,0.0,26560.309,717.975,20540.91,19823.437,0
26407,GPS BIIR-2,48,12.337624133333334,2.00564047,0.0135026,54.9767,234.2559,298.4584,69.2583,0.0,8.6e-07,0.0,26560.309,717.975,20540.807,19823.54,0
26407,GPS BIIR-2,48,6.680069991111111,2.0056402,0.0134899,54.9757,234.1277,298.4739,234.4936,0.0,7.2e-07,0.0,26560.311,717.975,20540.472,19823.88,0
26407,GPS BIIR-2,48,4.383936275555556,2.00564015,0.0134874,54.9754,234.1012,298.4764,354.4491,0.0,6.6e-07,0.0,26560.312,717.975,20540.406,19823.947,0
26407,GPS BIIR-2,48,12.549436853333336,2.00564008,0.0134834,54.9751,234.0575,298.479,68.6246,0.0,5.8e-07,0.0,26560.312,717.975,20540.3,19824.054,0
26407,GPS BIIR-2,48,5.343990764444445,2.00564039,0.0134671,54.9737,233.8498,298.4961,234.2446,0.0,5.8e-07,0.0,26560.309,717.975,20539.865,19824.484,0
26407,GPS BIIR-2,24,5.609031671111112,2.00564081,0.0134606,54.9731,233.7705,298.5052,234.3324,0.0,6.1e-07,0.0,26560.306,717.975,20539.688,19824.653,0
26407,GPS BIIR-2,48,15.568333377777778,2.00564183,0.0134515,54.9721,233.6413,298.5118,57.6915,0.0,2.8e-07,0.0,26560.297,717.975,20539.438,19824.886,0
26407,GPS BIIR-2,24,5.756022595555556,2.00564282,0.0134454,54.9713,233.5325,298.5191,234.9899,0.0,-7e-08,0.0,26560.288,717.974,20539.267,19825.039,0
26407,GPS BIIR-2,48,6.287106346666667,2.00564245,0.0134476,54.9717,233.5722,298.5159,234.0669,0.0,3e-08,0.0,26560.291,717.974,20539.328,19824.984,0
26407,GPS BIIR-2,24,2.633686435555555,2.00564312,0.0134438,54.9711,233.502,298.5222,68.1065,0.0,-1.1e-07,0.0,26560.285,717.974,20539.221,19825.079,0
26407,GPS BIIR-2,48,5.756022595555556,2.00564282,0.0134454,54.9713,233.5325,298.5191,234.9899,0.0,-7e-08,0.0,26560.288,717.974,20539.267,19825.039,0
26407,GPS BIIR-2,48,10.618281831111112,2.00564478,0.0134291,54.969,233.2746,298.5391,242.7148,0.0,3.3e-07,0.0,26560.271,717.974,20538.816,19825.455,0
26407,GPS BIIR-2,6,11.862576773333332,2.00564467,0.0134135,54.9668,233.0369,298.5509,241.8142,0.0,2.9e-07,0.0,26560.272,717.974,20538.403,19825.87,0
26407,GPS BIIR-2,12,6.533934551111111,2.00564467,0.0134125,54.9667,233.0175,298.5498,234.2366,0.0,2.5e-07,0.0,26560.272,717.974,20538.376,19825.897,0
26407,GPS BIIR-2,48,22.4129656,2.00564479,0.0134178,54.9674,233.0967,298.548,235.0107,0.0,4e-07,0.0,26560.271,717.974,20538.516,19825.755,0
26407,GPS BIIR-2,24,2.86143616,2.00564467,0.0134111,54.9664,232.9909,298.5488,357.681,0.0,2e-07,0.0,26560.272,717.974,20538.339,19825.934,0
26407,GPS BIIR-2,48,6.533934551111111,2.00564467,0.0134125,54.9667,233.0175,298.5498,234.2366,0.0,2.5e-07,0.0,26560.272,717.974,20538.376,19825.897,0
26407,GPS BIIR-2,6,18.572353582222224,2.00564463,0.0134077,54.9659,232.9281,298.5464,58.9476,0.0,1e-07,0.0,26560.272,717.974,20538.249,19826.025,0
26407,GPS BIIR-2,6,1.1350904622222222,2.00564464,0.0134065,54.9656,232.8986,298.5463,234.3904,0.0,8e-08,0.0,26560.272,717.974,20538.217,19826.057,0
26407,GPS BIIR-2,24,7.285661324444444,2.00564463,0.0134084,54.9659,232.9383,298.5473,234.3383,0.0,1.1e-07,0.0,26560.272,717.974,20538.268,19826.006,0
26407,GPS BIIR-2,48,7.004749617777778,2.00564473,0.0134047,54.9652,232.8589,298.5457,234.4437,0.0,8e-08,0.0,26560.271,717.974,20538.169,19826.104,0
26407,GPS BIIR-2,24,7.553119271111111,2.0056466,0.0133898,54.9623,232.542,298.5487,234.3454,0.0,-1.6e-07,0.0,26560.255,717.973,20537.756,19826.483,0
26407,GPS BIIR-2,24,4.850957111111111,2.00564726,0.013388,54.9616,232.472,298.5475,67.7142,0.0,-3.9e-07,0.0,26560.249,717.973,20537.702,19826.525,0
26407,GPS BIIR-2,12,17.063238124444446,2.00564748,0.013387,54.9614,232.4524,298.5484,63.7343,0.0,-4.4e-07,0.0,26560.247,717.973,20537.674,19826.55,0
26407,GPS BIIR-2,12,6.7491786933333335,2.00564784,0.0133858,54.9611,232.4143,298.5497,36.0188,0.0,-4.9e-07,0.0,26560.244,717.973,20537.639,19826.579,0
26407,GPS BIIR-2,12,1.857908,2.00564876,0.0133823,54.9601,232.3137,298.557,67.8689,0.0,-3.6e-07,0.0,26560.236,717.972,20537.538,19826.663,0
26407,GPS BIIR-2,24,14.10068577777778,2.00564876,0.0133823,54.9601,232.3137,298.557,67.8689,0.0,-3.6e-07,0.0,26560.236,717.972,20537.538,19826.663,0
26407,GPS BIIR-2,48,14.10068577777778,2.00564876,0.0133823,54.9601,232.3137,298.557,67.8689,0.0,-3.6e-07,0.0,26560.236,717.972,20537.538,19826.663,0
26407,GPS BIIR-2,24,8.441413137777777,2.0056495,0.0133772,54.9588,232.1858,298.5553,234.3031,0.0,2e-08,0.0,26560.229,717.972,20537.395,19826.792,0
26407,GPS BIIR-2,24,9.512068506666663,2.00564958,0.0133691,54.957,231.9878,298.5585,234.3066,0.0,8e-08,0.0,26560.228,717.972,20537.18,19827.007,0
26407,GPS BIIR-2,24,9.364968515555557,2.00564954,0.0133661,54.9562,231.9086,298.5571,234.4674,0.0,-5e-08,0.0,26560.229,717.972,20537.1,19827.087,0
26407,GPS BIIR-2,24,9.323177528888888,2.00564963,0.0133627,54.9551,231.7897,298.5529,234.3317,0.0,-1.3e-07,0.0,26560.228,717.972,20537.009,19827.176,0
26407,GPS BIIR-2,6,5.854359937777778,2.00564967,0.0133618,54.9548,231.7541,298.552,161.5586,0.0,-1e-07,0.0,26560.227,717.972,20536.985,19827.2,0
26407,GPS BIIR-2,12,2.05371472,2.00564996,0.0133592,54.9541,231.6788,298.5541,89.8681,0.0,2e-08,0.0,26560.225,717.972,20536.913,19827.267,0
26407,GPS BIIR-2,24,14.24075104,2.0056498,0.0133606,54.9545,231.7188,298.5525,83.3125,0.0,-5e-08,0.0,26560.226,717.972,20536.952,19827.231,0
26407,GPS BIIR-2,48,9.596316853333333,2.00564972,0.0133616,54.9548,231.7501,298.553,234.3983,0.0,-9e-08,0.0,26560.227,717.972,20536.979,19827.205,0
26407,GPS BIIR-2,12,5.027013404444444,2.00565284,0.0133503,54.9507,231.3259,298.5646,24.0297,0.0,-5.5e-07,0.0,26560.199,717.971,20536.651,19827.478,0
26407,GPS BIIR-2,48,5.027013404444444,2.00565284,0.0133503,54.9507,231.3259,298.5646,24.0297,0.0,-5.5e-07,0.0,26560.199,717.971,20536.651,19827.478,0
26407,GPS BIIR-2,12,3.8836205422222223,2.00565362,0.0133482,54.95,231.2446,298.5728,62.6233,0.0,-4.3e-07,0.0,26560.193,717.97,20536.588,19827.527,0
26407,GPS BIIR-2,12,14.711436373333331,2.00565393,0.0133468,54.9496,231.2033,298.5759,92.8335,0.0,-3e-07,0.0,26560.19,717.97,20536.548,19827.561,0
26407,GPS BIIR-2,48,3.742742728888889,2.00565462,0.0133438,54.9482,231.0461,298.5773,72.0897,0.0,1.5e-07,0.0,26560.184,717.97,20536.463,19827.635,0
26407,GPS BIIR-2,12,12.811429182222222,2.00565459,0.0133422,54.9477,230.9978,298.5783,228.4026,0.0,1.9e-07,0.0,26560.184,717.97,20536.42,19827.678,0
26407,GPS BIIR-2,24,6.673959831111111,2.00565462,0.0133426,54.9477,231.0066,298.579,68.3111,0.0,1.9e-07,0.0,26560.184,717.97,20536.431,19827.667,0
26407,GPS BIIR-2,24,12.02270206222222,2.00565453,0.0133399,54.9471,230.9329,298.5836,329.2273,0.0,1.8e-07,0.0,26560.185,717.97,20536.36,19827.739,0
26407,GPS BIIR-2,24,6.278294355555556,2.00565434,0.0133359,54.946,230.8063,298.5865,109.067,0.0,4e-08,0.0,26560.186,717.97,20536.255,19827.847,0
26407,GPS BIIR-2,24,7.818640862222222,2.00565436,0.0133334,54.9451,230.6907,298.5884,47.0647,0.0,4e-08,0.0,26560.186,717.97,20536.189,19827.913,0
26407,GPS BIIR-2,48,7.090136506666667,2.00565433,0.0133341,54.9454,230.7292,298.5875,68.2607,0.0,1e-08,0.0,26560.186,717.97,20536.208,19827.895,0
26407,GPS BIIR-2,48,5.894758035555555,2.00565442,0.0133325,54.9447,230.6472,298.5916,117.1068,0.0,1.1e-07,0.0,26560.186,717.97,20536.164,19827.937,0
26407,GPS BIIR-2,12,6.06307504,2.00565466,0.0133304,54.9442,230.5729,298.5976,26.8602,0.0,2.4e-07,0.0,26560.183,717.97,20536.106,19827.991,0
26407,GPS BIIR-2,24,8.835380462222222,2.00565532,0.0133279,54.9431,230.4501,298.6063,97.6384,0.0,2.1e-07,0.0,26560.178,717.97,20536.034,19828.051,0
26407,GPS BIIR-2,12,5.357864062222222,2.00565594,0.0133269,54.9425,230.3724,298.6105,68.6607,0.0,-3e-08,0.0,26560.172,717.97,20536.002,19828.072,0
26407,GPS BIIR-2,24,7.865190666666666,2.00565629,0.0133265,54.9422,230.3327,298.6132,68.3752,0.0,-1.5e-07,0.0,26560.169,717.969,20535.988,19828.08,0
26407,GPS BIIR-2,24,8.539471457777777,2.00565769,0.0133238,54.941,230.1741,298.6335,67.9273,0.0,-1.9e-07,0.0,26560.157,717.969,20535.904,19828.139,0
26407,GPS BIIR-2,24,5.676506835555556,2.00565816,0.0133223,54.9406,230.1149,298.6419,63.2101,0.0,0.0,0.0,26560.153,717.969,20535.86,19828.175,0
26407,GPS BIIR-2,48,9.966386551111112,2.005658,0.013323,54.9407,230.136,298.6385,38.962,0.0,-7e-08,0.0,26560.154,717.969,20535.88,19828.158,0
26407,GPS BIIR-2,48,3.4534121955555555,2.00565864,0.0133199,54.9398,230.0064,298.6498,234.1453,0.0,3.7e-07,0.0,26560.148,717.969,20535.792,19828.235,0
26407,GPS BIIR-2,24,4.432072426666667,2.00565869,0.013318,54.9393,229.9271,298.6589,234.2702,0.0,5.1e-07,0.0,26560.148,717.969,20535.741,19828.285,0
26407,GPS BIIR-2,24,4.980739635555556,2.00565869,0.0133177,54.9392,229.9157,298.662,80.2116,0.0,5.1e-07,0.0,26560.148,717.969,20535.733,19828.293,0
26407,GPS BIIR-2,48,4.980739635555556,2.00565869,0.0133177,54.9392,229.9157,298.662,80.2116,0.0,5.1e-07,0.0,26560.148,717.969,20535.733,19828.293,0
26407,GPS BIIR-2,24,4.881649893333333,2.00565861,0.0133163,54.939,229.8755,298.6682,90.2954,0.0,5.2e-07,0.0,26560.149,717.969,20535.696,19828.331,0
26407,GPS BIIR-2,24,8.354805244444444,2.00565839,0.013312,54.9384,229.7769,298.6818,81.0069,0.0,4.5e-07,0.0,26560.151,717.969,20535.584,19828.447,0
26407,GPS BIIR-2,48,3.3709570133333333,2.00565844,0.0133131,54.9386,229.8081,298.6779,234.4256,0.0,4.8e-07,0.0,26560.15,717.969,20535.613,19828.417,0
26407,GPS BIIR-2,24,5.307169688888889,2.00565834,0.0133113,54.9382,229.7568,298.6838,86.5358,0.0,4.3e-07,0.0,26560.151,717.969,20535.566,19828.466,0
26407,GPS BIIR-2,48,8.354805244444444,2.00565839,0.013312,54.9384,229.7769,298.6818,81.0069,0.0,4.5e-07,0.0,26560.151,717.969,20535.584,19828.447,0
26407,GPS BIIR-2,24,3.5218011555555555,2.00565829,0.0133105,54.9381,229.7288,298.6864,234.5192,0.0,4e-07,0.0,26560.151,717.969,20535.545,19828.487,0
26407,GPS BIIR-2,24,7.114196346666667,2.00565822,0.013309,54.9377,229.6803,298.6904,33.5109,0.0,3.7e-07,0.0,26560.152,717.969,20535.506,19828.528,0
26407,GPS BIIR-2,48,5.936653928888889,2.00565828,0.0133102,54.938,229.7174,298.6869,80.0348,0.0,3.9e-07,0.0,26560.151,717.969,20535.537,19828.496,0
26407,GPS BIIR-2,48,3.38002968,2.00565822,0.013309,54.9377,229.6803,298.6904,33.5109,0.0,3.7e-07,0.0,26560.152,717.969,20535.506,19828.528,0
26407,GPS BIIR-2,24,18.885783777777775,2.0056582,0.0133086,54.9376,229.6585,298.6926,70.9289,0.0,3.7e-07,0.0,26560.152,717.969,20535.496,19828.539,0
26407,GPS BIIR-2,48,8.027494791111112,2.00565818,0.0133076,54.9374,229.617,298.6978,103.646,0.0,4e-07,0.0,26560.152,717.969,20535.469,19828.565,0
26407,GPS BIIR-2,24,9.078807697777778,2.00565826,0.0133053,54.9369,229.5382,298.7109,93.0992,0.0,5.3e-07,0.0,26560.152,717.969,20535.407,19828.626,0
26407,GPS BIIR-2,48,6.732110213333333,2.00565837,0.0133039,54.9367,229.4999,298.7183,67.3914,0.0,6.1e-07,0.0,26560.151,717.969,20535.369,19828.662,0
26407,GPS BIIR-2,48,10.470999102222224,2.00565837,0.0133039,54.9367,229.4999,298.7183,67.3914,0.0,6.1e-07,0.0,26560.151,717.969,20535.369,19828.662,0
26407,GPS BIIR-2,48,3.862202231111111,2.00565855,0.0133023,54.9364,229.4511,298.7292,234.3932,0.0,6.7e-07,0.0,26560.149,717.969,20535.325,19828.703,0
26407,GPS BIIR-2,24,4.173383324444445,2.00565897,0.0133,54.9359,229.3717,298.7428,233.979,0.0,6.1e-07,0.0,26560.145,717.969,20535.26,19828.76,0
26407,GPS BIIR-2,24,10.533931155555557,2.00565918,0.013299,54.9357,229.3412,298.7473,68.1737,0.0,5.3e-07,0.0,26560.144,717.968,20535.232,19828.785,0
26407,GPS BIIR-2,48,7.19841864,2.00565997,0.0132973,54.9351,229.2408,298.7636,89.03,0.0,2.1e-07,0.0,26560.137,717.968,20535.18,19828.823,0
26407,GPS BIIR-2,24,4.5257090488888885,2.00566092,0.0132932,54.9345,229.1336,298.7899,233.7296,0.0,1e-07,0.0,26560.128,717.968,20535.062,19828.924,0
26407,GPS BIIR-2,48,6.633731733333333,2.00566053,0.0132948,54.9348,229.1766,298.7793,173.7306,0.0,9e-08,0.0,26560.132,717.968,20535.108,19828.885,0
26407,GPS BIIR-2,48,4.5257090488888885,2.00566092,0.0132932,54.9345,229.1336,298.7899,233.7296,0.0,1e-07,0.0,26560.128,717.968,20535.062,19828.924,0
26407,GPS BIIR-2,48,7.572360497777777,2.00566158,0.013288,54.9342,229.0586,298.8131,155.4625,0.0,2.7e-07,0.0,26560.122,717.968,20534.918,19829.056,0
26407,GPS BIIR-2,48,9.886102,2.00566169,0.013288,54.9341,229.046,298.8153,23.2402,0.0,3.1e-07,0.0,26560.121,717.968,20534.917,19829.055,0
26407,GPS BIIR-2,48,4.676338684444445,2.00566188,0.0132869,54.9339,229.0146,298.8223,233.8639,0.0,4.2e-07,0.0,26560.12,717.967,20534.886,19829.083,0
26407,GPS BIIR-2,48,3.580463173333333,2.00566195,0.0132868,54.9339,229.0045,298.8255,57.3778,0.0,4.5e-07,0.0,26560.119,717.967,20534.883,19829.085,0
26407,GPS BIIR-2,48,8.47962984,2.00566195,0.0132868,54.9339,229.0045,298.8255,57.3778,0.0,4.5e-07,0.0,26560.119,717.967,20534.883,19829.085,0
26407,GPS BIIR-2,48,9.775248933333332,2.00566213,0.0132861,54.9337,228.9648,298.8328,58.9124,0.0,5.9e-07,0.0,26560.117,717.967,20534.863,19829.102,0
26407,GPS BIIR-2,12,7.66176336,2.00566227,0.0132832,54.933,228.8455,298.8568,63.8009,0.0,8.4e-07,0.0,26560.116,717.967,20534.785,19829.178,0
26407,GPS BIIR-2,48,6.423044551111111,2.00566188,0.0132749,54.9323,228.6972,298.8963,233.739,0.0,7.7e-07,0.0,26560.12,717.967,20534.568,19829.402,0
26407,GPS BIIR-2,48,5.700384773333333,2.00566175,0.0132731,54.9321,228.6575,298.9052,234.2845,0.0,7.2e-07,0.0,26560.121,717.968,20534.521,19829.451,0
26407,GPS BIIR-2,48,7.258629253333333,2.00566167,0.013271,54.9319,228.6178,298.9139,233.8338,0.0,6.9e-07,0.0,26560.122,717.968,20534.466,19829.507,0
26407,GPS BIIR-2,48,8.07451872,2.00566152,0.0132681,54.9316,228.5384,298.9321,234.4285,0.0,6.9e-07,0.0,26560.123,717.968,20534.39,19829.586,0
26407,GPS BIIR-2,24,5.428027208888889,2.00566153,0.0132647,54.9312,228.4591,298.9545,234.0294,0.0,8.1e-07,0.0,26560.123,717.968,20534.3,19829.676,0
26407,GPS BIIR-2,24,5.863353662222223,2.00566159,0.0132624,54.931,228.4194,298.9673,234.0634,0.0,8.7e-07,0.0,26560.122,717.968,20534.238,19829.736,0
26407,GPS BIIR-2,12,5.620591173333334,2.00566185,0.0132571,54.9306,228.3401,298.9931,234.4432,0.0,9.3e-07,0.0,26560.12,717.967,20534.095,19829.875,0
26407,GPS BIIR-2,48,6.603920551111111,2.00566171,0.0132594,54.9308,228.3798,298.9806,234.1066,0.0,9.2e-07,0.0,26560.121,717.968,20534.157,19829.815,0
26407,GPS BIIR-2,48,3.5147918755555554,2.00566173,0.0132587,54.9307,228.3678,298.9835,92.1838,0.0,9.3e-07,0.0,26560.121,717.968,20534.139,19829.833,0
26407,GPS BIIR-2,48,5.620591173333334,2.00566185,0.0132571,54.9306,228.3401,298.9931,234.4432,0.0,9.3e-07,0.0,26560.12,717.967,20534.095,19829.875,0
26407,GPS BIIR-2,6,11.16916272888889,2.00566281,0.0132495,54.9298,228.1858,299.0392,154.6307,0.0,5.2e-07,0.0,26560.111,717.967,20533.885,19830.068,0
26407,GPS BIIR-2,12,7.527516879999999,2.00566388,0.0132431,54.9291,228.0625,299.0827,234.0428,0.0,2.6e-07,0.0,26560.102,717.967,20533.705,19830.229,0
26407,GPS BIIR-2,24,1.054543528888889,2.0056638,0.0132439,54.9292,228.0714,299.0793,71.262,0.0,2.6e-07,0.0,26560.103,717.967,20533.727,19830.208,0
26407,GPS BIIR-2,24,6.570341884444444,2.00566423,0.0132405,54.9289,228.0228,299.0986,234.0326,0.0,3e-07,0.0,26560.099,717.967,20533.633,19830.295,0
26407,GPS BIIR-2,12,12.685569644444444,2.00566451,0.0132389,54.9287,227.9923,299.111,67.9711,0.0,3.6e-07,0.0,26560.096,717.967,20533.588,19830.335,0
26407,GPS BIIR-2,48,6.570341884444444,2.00566423,0.0132405,54.9289,228.0228,299.0986,234.0326,0.0,3e-07,0.0,26560.099,717.967,20533.633,19830.295,0
26407,GPS BIIR-2,24,6.330553271111111,2.00566488,0.0132358,54.9285,227.9424,299.1287,254.1181,0.0,5.1e-07,0.0,26560.093,717.966,20533.502,19830.414,0
26407,GPS BIIR-2,48,12.685569644444444,2.00566451,0.0132389,54.9287,227.9923,299.111,67.9711,0.0,3.6e-07,0.0,26560.096,717.967,20533.588,19830.335,0
26407,GPS BIIR-2,48,6.696271937777778,2.00566528,0.0132311,54.9282,227.8692,299.1542,142.4918,0.0,7.4e-07,0.0,26560.09,717.966,20533.374,19830.535,0
26407,GPS BIIR-2,6,14.57600344,2.00566538,0.013224,54.9276,227.7544,299.1942,67.4845,0.0,9.2e-07,0.0,26560.089,717.966,20533.184,19830.723,0
26407,GPS BIIR-2,12,9.772533875555556,2.00566534,0.0132226,54.9275,227.7352,299.2017,56.5202,0.0,9.2e-07,0.0,26560.089,717.966,20533.148,19830.761,0
26407,GPS BIIR-2,48,6.501034204444444,2.00566539,0.013226,54.9277,227.7888,299.1804,162.4445,0.0,9e-07,0.0,26560.089,717.966,20533.237,19830.67,0
26407,GPS BIIR-2,48,9.101867537777778,2.00566539,0.013226,54.9277,227.7888,299.1804,162.4445,0.0,9e-07,0.0,26560.089,717.966,20533.237,19830.67,0
26407,GPS BIIR-2,12,11.938804551111112,2.00566484,0.0132093,54.9267,227.5762,299.2618,62.7366,0.0,7.5e-07,0.0,26560.094,717.966,20532.799,19831.118,0
26407,GPS BIIR-2,48,9.778784542222224,2.00566464,0.0132051,54.9264,227.5118,299.2827,153.1693,0.0,6.9e-07,0.0,26560.095,717.966,20532.689,19831.232,0
26407,GPS BIIR-2,6,1.3685661333333334,2.00566451,0.0131992,54.9259,227.4282,299.3143,230.1127,0.0,7e-07,0.0,26560.096,717.967,20532.533,19831.389,0
26407,GPS BIIR-2,6,9.872892826666666,2.00566455,0.0131928,54.9255,227.3476,299.3485,253.1298,0.0,8.1e-07,0.0,26560.096,717.967,20532.363,19831.559,0
26407,GPS BIIR-2,24,7.710928426666667,2.00566462,0.0131896,54.9253,227.309,299.3653,235.1532,0.0,8.6e-07,0.0,26560.096,717.966,20532.278,19831.643,0
26407,GPS BIIR-2,48,4.596612488888889,2.00566458,0.0131913,54.9254,227.3286,299.3568,239.1404,0.0,8.4e-07,0.0,26560.096,717.967,20532.323,19831.599,0
26407,GPS BIIR-2,24,11.085914346666666,2.00566476,0.0131851,54.925,227.259,299.3864,62.8266,0.0,8.6e-07,0.0,26560.094,717.966,20532.157,19831.762,0
26407,GPS BIIR-2,24,21.35558016888889,2.00566481,0.0131844,54.9249,227.2491,299.3918,242.2106,0.0,8.6e-07,0.0,26560.094,717.966,20532.138,19831.78,0
26407,GPS BIIR-2,24,5.639062515555556,2.0056667,0.01316226,54.9232,226.9734,299.5125,211.5032,0.0,1e-07,0.0,26560.077,717.966,20531.533,19832.351,0
26407,GPS BIIR-2,48,5.781129635555556,2.00566705,0.01315866,54.923,226.9338,299.5321,211.229,0.0,1.3e-07,0.0,26560.074,717.966,20531.434,19832.444,0
26407,GPS BIIR-2,24,5.2106243644444445,2.00566767,0.013151,54.9225,226.8534,299.5712,233.2763,0.0,3.3e-07,0.0,26560.069,717.965,20531.225,19832.642,0
26407,GPS BIIR-2,48,8.124832106666668,2.00566761,0.01315217,54.9226,226.8644,299.567,31.7199,0.0,2.9e-07,0.0,26560.069,717.965,20531.257,19832.612,0
26407,GPS BIIR-2,48,5.2106243644444445,2.00566767,0.013151,54.9225,226.8534,299.5712,233.2763,0.0,3.3e-07,0.0,26560.069,717.965,20531.225,19832.642,0
26407,GPS BIIR-2,48,9.94546703111111,2.00566806,0.01314509,54.9221,226.7817,299.6035,95.7223,0.0,5.3e-07,0.0,26560.065,717.965,20531.065,19832.796,0
26407,GPS BIIR-2,24,8.149369617777777,2.0056682,0.01314013,54.9217,226.7238,299.6301,67.0595,0.0,6.3e-07,0.0,26560.064,717.965,20530.932,19832.926,0
26407,GPS BIIR-2,6,8.399607217777778,2.00566821,0.01313637,54.9215,226.6842,299.6489,67.0671,0.0,6.6e-07,0.0,26560.064,717.965,20530.832,19833.026,0
26407,GPS BIIR-2,48,17.66958462222222,2.0056682,0.0131391,54.9217,226.7147,299.6324,232.9583,0.0,6.4e-07,0.0,26560.064,717.965,20530.904,19832.953,0
20580,Hubble Space Telescope,12,8.002632391111112,15.22174969,0.0002675,28.4687,82.9944,74.3722,285.7167,0.00057902,0.00013889,0.0,6877.419,94.601,501.123,497.444,0
20580,Hubble Space Telescope,24,3.149090968888889,15.22189614,0.0002729,28.4686,78.1296,81.9172,278.1732,0.00043526,0.00010492,0.0,6877.374,94.601,501.116,497.363,1
20580,Hubble Space Telescope,12,2.645811502222222,15.22210775,0.0002767,28.4688,71.9374,90.3162,269.7748,0.00040479,9.777e-05,0.0,6877.311,94.599,501.079,497.273,1
20580,Hubble Space Telescope,24,5.896167226666666,15.22262825,0.0002797,28.4689,58.6685,109.1616,250.928,0.00047661,0.00011495,0.0,6877.154,94.596,500.942,497.095,0
20580,Hubble Space Telescope,6,3.972833884444445,15.22290196,0.0002826,28.4692,49.8219,122.085,238.0018,0.00042153,0.00010197,0.0,6877.072,94.594,500.88,496.993,0
20580,Hubble Space Telescope,12,11.634215253333334,15.22342678,0.0002749,28.4698,29.9172,150.6149,209.4599,0.0003691,8.966e-05,0.0,6876.913,94.591,500.669,496.888,0
20580,Hubble Space Telescope,24,9.1660676,15.22334898,0.0002772,28.4698,32.5713,146.7068,213.37,0.00035174,8.552e-05,0.0,6876.937,94.592,500.708,496.896,1
20580,Hubble Space Telescope,48,9.917623324444444,15.22354246,0.0002742,28.4699,25.9364,156.3522,203.7198,0.00038704,9.396e-05,0.0,6876.879,94.59,500.629,496.858,1
20580,Hubble Space Telescope,12,11.413428977777777,15.22385288,0.0002681,28.4699,12.6663,176.5476,183.5136,0.0003416,8.323e-05,0.0,6876.785,94.588,500.494,496.806,0
20580,Hubble Space Telescope,24,2.75228832,15.22383138,0.0002689,28.4699,13.551,175.2905,184.7714,0.00034138,8.318e-05,0.0,6876.792,94.589,500.506,496.807,0
20580,Hubble Space Telescope,12,9.208978977777775,15.2245563,0.0002507,28.4697,346.1262,220.4412,139.5996,0.00039526,9.62e-05,0.0,6876.573,94.584,500.162,496.714,0
20580,Hubble Space Telescope,48,12.730510462222222,15.22434217,0.0002548,28.4699,353.2037,209.0128,151.0324,0.00034257,8.358e-05,0.0,6876.638,94.585,500.255,496.751,1
20580,Hubble Space Telescope,24,13.790087866666664,15.22476435,0.0002485,28.4695,339.933,231.4587,128.5784,0.00045592,0.00011073,0.0,6876.511,94.583,500.084,496.667,0
20580,Hubble Space Telescope,48,4.074484248888889,15.22471271,0.0002501,28.4696,341.2601,229.0345,131.0033,0.00043727,0.00010626,0.0,6876.526,94.583,500.111,496.671,1
20580,Hubble Space Telescope,24,13.607580435555557,15.22498342,0.0002474,28.4694,332.8551,244.1163,115.9176,0.00043795,0.00010651,0.0,6876.445,94.581,500.011,496.608,1
20580,Hubble Space Telescope,48,13.496561484444443,15.22570831,0.0002431,28.469,312.9466,279.4179,80.614,0.000517,0.00012566,0.0,6876.226,94.577,499.763,496.42,0
20580,Hubble Space Telescope,24,6.201093777777778,15.22614306,0.0002442,28.4689,301.0,299.6651,60.37,0.00048949,0.00011923,0.0,6876.096,94.574,499.64,496.281,0
20580,Hubble Space Telescope,24,14.869353777777778,15.22619517,0.0002441,28.4688,299.6734,301.9421,58.0935,0.00051738,0.00012593,0.0,6876.08,94.574,499.623,496.266,0
20580,Hubble Space Telescope,24,16.78521166222222,15.22661036,0.0002497,28.4686,286.8434,324.5061,35.5367,0.00041911,0.0001025,0.0,6875.955,94.571,499.537,496.103,0
20580,Hubble Space Telescope,6,17.474319146666666,15.22681064,0.0002535,28.4683,280.2067,335.2854,24.7618,0.00038603,9.462e-05,0.0,6875.895,94.57,499.503,496.017,1
20580,Hubble Space Telescope,12,6.113181102222223,15.22742027,0.0002663,28.4676,260.2939,6.9452,353.1178,0.00041235,0.00010112,0.0,6875.711,94.566,499.407,495.745,0
20580,Hubble Space Telescope,24,1.88358016,15.22794972,0.0002807,28.4673,242.1499,32.2394,327.8371,0.00044259,0.00010856,0.0,6875.552,94.563,499.347,495.487,0
20580,Hubble Space Telescope,48,3.820796604444445,15.22777256,0.000278,28.4675,247.9031,23.974,336.0983,0.00039758,9.767e-05,0.0,6875.605,94.564,499.381,495.559,1
20580,Hubble Space Telescope,6,3.0625043733333333,15.22818542,0.0002846,28.467,234.1836,44.4995,315.5827,0.00042404,0.00010417,0.0,6875.481,94.561,499.303,495.389,0
20580,Hubble Space Telescope,12,2.4447326844444444,15.22814445,0.0002825,28.467,235.5112,42.6151,317.4661,0.00043197,0.00010606,0.0,6875.493,94.562,499.3,495.416,0
20580,Hubble Space Telescope,48,7.746952586666667,15.22797315,0.0002816,28.4674,241.2648,33.5318,326.5454,0.00043766,0.00010738,0.0,6875.545,94.563,499.346,495.473,0
20580,Hubble Space Telescope,48,2.4447326844444444,15.22814445,0.0002825,28.467,235.5112,42.6151,317.4661,0.00043197,0.00010606,0.0,6875.493,94.562,499.3,495.416,0
20580,Hubble Space Telescope,12,4.001316666666667,15.22853292,0.0003018,28.4664,222.2343,60.2093,299.88,0.00039652,9.763e-05,0.0,6875.376,94.559,499.316,495.166,0
20580,Hubble Space Telescope,12,8.638827964444445,15.22909458,0.0002946,28.466,200.104,90.6775,269.4157,0.00035696,8.823e-05,0.0,6875.207,94.556,499.098,495.047,0
20580,Hubble Space Telescope,48,4.134020728888889,15.22886914,0.0002991,28.4661,208.9565,77.8327,282.2602,0.00036452,9e-05,0.0,6875.275,94.557,499.196,495.084,0
20580,Hubble Space Telescope,48,8.57624295111111,15.22886914,0.0002991,28.4661,208.9565,77.8327,282.2602,0.00036452,9e-05,0.0,6875.275,94.557,499.196,495.084,0
20580,Hubble Space Telescope,48,5.936700755555555,15.22892614,0.0003007,28.466,206.7437,80.266,279.8274,0.0003674,9.071e-05,0.0,6875.258,94.557,499.19,495.055,0
20580,Hubble Space Telescope,24,5.213629484444445,15.22920728,0.0002946,28.4659,195.6778,97.1908,262.9021,0.0003579,8.849e-05,0.0,6875.173,94.555,499.064,495.013,0
20580,Hubble Space Telescope,48,10.763122702222224,15.22925076,0.0002962,28.466,194.3498,99.1209,260.972,0.00037919,9.365e-05,0.0,6875.16,94.555,499.062,494.989,1
20580,Hubble Space Telescope,48,9.761825182222225,15.22939631,0.000296,28.4663,187.7106,109.0679,251.0235,0.00034985,8.659e-05,0.0,6875.116,94.554,499.016,494.946,1
20580,Hubble Space Telescope,48,4.372927608888889,15.22955395,0.000296,28.4666,181.9569,117.3746,242.7149,0.00037767,9.336e-05,0.0,6875.069,94.553,498.969,494.899,0
20580,Hubble Space Telescope,24,2.1682362311111114,15.23007502,0.0002793,28.4679,161.1563,146.1308,213.9465,0.0003494,8.665e-05,0.0,6874.912,94.55,498.697,494.857,0
20580,Hubble Space Telescope,48,2.2068010044444444,15.22991033,0.0002864,28.4676,167.7952,136.5792,223.5028,0.0003402,8.438e-05,0.0,6874.962,94.551,498.796,494.858,0
20580,Hubble Space Telescope,24,6.421129333333334,15.23021397,0.0002721,28.4679,156.2877,153.6116,206.4617,0.00039413,9.753e-05,0.0,6874.87,94.549,498.606,494.865,0
20580,Hubble Space Telescope,48,2.1682362311111114,15.23007502,0.0002793,28.4679,161.1563,146.1308,213.9465,0.0003494,8.665e-05,0.0,6874.912,94.55,498.697,494.857,1
20580,Hubble Space Telescope,24,3.259342631111111,15.23068767,0.0002519,28.468,141.2399,176.7977,183.2634,0.00042635,0.00010549,0.0,6874.728,94.546,498.324,494.861,1
20580,Hubble Space Telescope,48,3.148639991111111,15.23047262,0.0002607,28.4681,147.8787,166.299,193.7675,0.00042626,0.0001054,0.0,6874.792,94.547,498.45,494.865,1
20580,Hubble Space Telescope,48,3.259342631111111,15.23068767,0.0002519,28.468,141.2399,176.7977,183.2634,0.00042635,0.00010549,0.0,6874.728,94.546,498.324,494.861,1
20580,Hubble Space Telescope,24,6.347635582222223,15.23123469,0.0002318,28.4676,125.7477,202.2307,157.8187,0.00045224,0.00011196,0.0,6874.563,94.543,498.022,494.835,1
20580,Hubble Space Telescope,24,3.359853217777778,15.23161787,0.0002152,28.4678,114.2391,223.1953,136.8472,0.00042637,0.00010578,0.0,6874.448,94.54,497.792,494.833,0
20580,Hubble Space Telescope,48,4.7513612088888895,15.23139335,0.0002257,28.4677,121.3214,210.4436,149.6027,0.0004781,0.00011831,0.0,6874.515,94.542,497.932,494.829,0
20580,Hubble Space Telescope,24,7.809823537777778,15.23180366,0.0002133,28.468,108.4842,233.2846,126.7552,0.00040425,0.00010045,0.0,6874.392,94.539,497.723,494.791,1
20580,Hubble Space Telescope,12,15.274439484444445,15.23210957,0.0002035,28.4681,99.1881,249.8656,110.1719,0.00042462,0.00010551,0.0,6874.3,94.537,497.564,494.766,1
20580,Hubble Space Telescope,48,8.852939333333333,15.23188622,0.0002115,28.468,105.8281,237.848,122.1909,0.00039296,9.772e-05,0.0,6874.367,94.539,497.686,494.778,1
20580,Hubble Space Telescope,12,9.693512017777778,15.23234123,0.0001985,28.4683,92.5477,261.9234,98.1135,0.00044684,0.000111,0.0,6874.23,94.536,497.46,494.731,0
20580,Hubble Space Telescope,24,8.07024088888889,15.23249003,0.0001964,28.4683,88.5634,269.5436,90.4933,0.00049269,0.00012225,0.0,6874.185,94.535,497.4,494.7,1
20580,Hubble Space Telescope,12,4.831407751111111,15.23277897,0.0001928,28.4685,81.4801,282.3178,77.72,0.00056789,0.00014075,0.0,6874.098,94.533,497.289,494.638,0
20580,Hubble Space Telescope,48,8.07024088888889,15.23249003,0.0001964,28.4683,88.5634,269.5436,90.4933,0.00049269,0.00012225,0.0,6874.185,94.535,497.4,494.7,1
20580,Hubble Space Telescope,48,9.722945031111111,15.23258958,0.0001933,28.4684,85.9072,273.9256,86.1117,0.0004985,0.00012371,0.0,6874.155,94.534,497.349,494.692,1
20580,Hubble Space Telescope,48,7.655852195555555,15.23277897,0.0001928,28.4685,81.4801,282.3178,77.72,0.00056789,0.00014075,0.0,6874.098,94.533,497.289,494.638,1
20580,Hubble Space Telescope,12,10.79155496,15.23325743,0.0001896,28.4685,68.641,306.2599,53.7819,0.00053165,0.00013207,0.0,6873.955,94.53,497.123,494.516,0
20580,Hubble Space Telescope,24,10.79155496,15.23325743,0.0001896,28.4685,68.641,306.2599,53.7819,0.00053165,0.00013207,0.0,6873.955,94.53,497.123,494.516,0
20580,Hubble Space Telescope,48,10.771072613333333,15.23311316,0.0001884,28.4685,72.6255,298.4028,61.6376,0.0005233,0.00012997,0.0,6873.998,94.531,497.158,494.568,0
20580,Hubble Space Telescope,24,9.260185555555555,15.23373042,0.0001925,28.4687,54.9158,331.2115,28.8372,0.0004303,0.0001074,0.0,6873.812,94.527,497.0,494.354,0
20580,Hubble Space Telescope,12,13.084625262222222,15.23390529,0.0001937,28.469,49.1595,341.1764,18.8758,0.00038541,9.645e-05,0.0,6873.76,94.526,496.956,494.293,0
20580,Hubble Space Telescope,24,11.188305742222225,15.23407974,0.0001958,28.4693,42.0755,352.8916,7.165,0.00033601,8.439e-05,0.0,6873.707,94.525,496.918,494.226,0
20580,Hubble Space Telescope,12,13.430433546666668,15.2344396,0.0002016,28.4694,28.7932,14.4817,345.5835,0.00040742,0.00010201,0.0,6873.599,94.523,496.85,494.078,1
20580,Hubble Space Telescope,48,11.86728984,15.23424522,0.0001989,28.4695,35.4344,3.764,356.2968,0.00033885,8.512e-05,0.0,6873.657,94.524,496.89,494.155,1
20580,Hubble Space Telescope,12,13.890325093333336,15.23465156,0.0002016,28.4692,19.9387,29.0281,331.0425,0.00034928,8.779e-05,0.0,6873.535,94.521,496.786,494.014,0
20580,Hubble Space Telescope,24,10.226699306666667,15.23476544,0.0002049,28.4693,15.5113,35.3789,324.6941,0.00034093,8.577e-05,0.0,6873.501,94.521,496.774,493.958,0
20580,Hubble Space Telescope,24,15.718422631111112,15.23493624,0.0002091,28.4695,8.8701,44.5478,315.5283,0.00034896,8.778e-05,0.0,6873.45,94.52,496.752,493.877,1
20580,Hubble Space Telescope,48,13.150504977777778,15.23516976,0.0002118,28.4695,1.786,55.0919,304.9874,0.00046244,0.00011577,0.0,6873.379,94.518,496.7,493.788,1
20580,Hubble Space Telescope,12,14.29610654222222,15.23555188,0.0002211,28.4694,348.5028,72.8483,287.2353,0.00037137,9.346e-05,0.0,6873.264,94.516,496.649,493.61,1
20580,Hubble Space Telescope,48,12.339808746666666,15.23535899,0.0002156,28.4695,355.1449,63.5358,296.5457,0.00041763,0.0001048,0.0,6873.322,94.517,496.669,493.705,1
20580,Hubble Space Telescope,24,21.89694203555556,15.23556504,0.0002196,28.4694,348.5027,72.832,287.2515,0.000418,0.00010496,0.0,6873.26,94.516,496.635,493.616,0
20580,Hubble Space Telescope,48,6.326082826666666,15.23547573,0.0002171,28.4694,350.717,69.641,290.4417,0.00037869,9.524e-05,0.0,6873.287,94.516,496.644,493.66,1
20580,Hubble Space Telescope,24,7.289675635555556,15.23583455,0.000221,28.4692,340.0889,86.7086,273.376,0.00045206,0.00011344,0.0,6873.179,94.514,496.563,493.525,1
20580,Hubble Space Telescope,48,21.89694203555556,15.23556504,0.0002196,28.4694,348.5027,72.832,287.2515,0.000418,0.00010496,0.0,6873.26,94.516,496.635,493.616,1
20580,Hubble Space Telescope,24,4.199735866666667,15.2364967,0.0002156,28.4685,324.1477,108.2909,251.792,0.00052759,0.00013234,0.0,6872.98,94.51,496.327,493.363,1
20580,Hubble Space Telescope,12,17.792207324444444,15.23684377,0.0002067,28.4688,315.7311,122.5612,237.5182,0.00055107,0.00013828,0.0,6872.876,94.508,496.161,493.32,0
20580,Hubble Space Telescope,24,17.792207324444444,15.23684377,0.0002067,28.4688,315.7311,122.5612,237.5182,0.00055107,0.00013828,0.0,6872.876,94.508,496.161,493.32,0
20580,Hubble Space Telescope,12,6.753071662222222,15.23708135,0.0002028,28.4686,309.0885,132.5217,227.5548,0.00049355,0.00012413,0.0,6872.804,94.506,496.063,493.276,1
20580,Hubble Space Telescope,48,17.792207324444444,15.23684377,0.0002067,28.4688,315.7311,122.5612,237.5182,0.00055107,0.00013828,0.0,6872.876,94.508,496.161,493.32,0
20580,Hubble Space Telescope,24,4.059070177777778,15.23735667,0.0001999,28.4689,302.8878,142.2192,217.8543,0.00057034,0.00014327,0.0,6872.722,94.505,495.96,493.213,0
20580,Hubble Space Telescope,48,19.08298127111111,15.23737216,0.000199,28.4688,302.445,142.947,217.1261,0.00056875,0.00014288,0.0,6872.717,94.504,495.95,493.214,1
20580,Hubble Space Telescope,12,8.014735564444445,15.2379969,0.0001818,28.4684,289.1592,164.7659,195.299,0.00065695,0.00016507,0.0,6872.529,94.501,495.644,493.145,1
20580,Hubble Space Telescope,48,6.080451493333333,15.23763675,0.0001902,28.4684,296.6886,151.58,208.4898,0.0006,0.00015075,0.0,6872.637,94.503,495.81,493.195,1
20580,Hubble Space Telescope,48,5.996866222222223,15.23797682,0.0001805,28.4683,289.6024,163.531,196.5343,0.00065762,0.00016523,0.0,6872.535,94.501,495.641,493.16,1
20580,Hubble Space Telescope,24,2.8554066222222225,15.2389141,0.0001672,28.4676,269.6708,198.4869,161.5665,0.00073853,0.00018586,0.0,6872.253,94.495,495.267,492.969,0
20580,Hubble Space Telescope,48,2.434006666666667,15.23852505,0.0001788,28.4675,276.3152,187.7202,172.3365,0.00057514,0.00014496,0.0,6872.37,94.497,495.464,493.007,1
20580,Hubble Space Telescope,48,5.290778755555556,15.23879717,0.0001722,28.4671,271.4424,193.9218,166.1329,0.00068761,0.00017311,0.0,6872.288,94.496,495.337,492.97,1
20580,Hubble Space Telescope,6,22.42367477333333,15.23924924,0.0001562,28.4671,262.5827,213.2381,146.8115,0.00062282,0.00015717,0.0,6872.153,94.493,495.091,492.944,0
20580,Hubble Space Telescope,24,5.233339511111111,15.23955997,0.0001511,28.4669,255.9381,227.3681,132.6786,0.0006377,0.00016103,0.0,6872.059,94.491,494.963,492.886,1
20580,Hubble Space Telescope,48,5.233339511111111,15.23955997,0.0001511,28.4669,255.9381,227.3681,132.6786,0.0006377,0.00016103,0.0,6872.059,94.491,494.963,492.886,1
20580,Hubble Space Telescope,6,6.836603662222223,15.24031094,0.0001524,28.4668,237.7749,273.7454,86.2966,0.00055801,0.00014145,0.0,6871.833,94.486,494.746,492.651,0
20580,Hubble Space Telescope,24,8.273328284444444,15.24005857,0.0001525,28.4664,243.0911,258.7259,101.3164,0.00053087,0.00013456,0.0,6871.909,94.488,494.822,492.726,1
20580,Hubble Space Telescope,12,8.77202864,15.24035327,0.000153,28.4673,236.4468,277.2829,82.7591,0.00054577,0.0001384,0.0,6871.821,94.486,494.737,492.634,0
20580,Hubble Space Telescope,24,6.836603662222223,15.24031094,0.0001524,28.4668,237.7749,273.7454,86.2966,0.00055801,0.00014145,0.0,6871.833,94.486,494.746,492.651,0
20580,Hubble Space Telescope,12,11.201436524444444,15.24083077,0.00016,28.4682,223.156,301.0921,58.9516,0.00045726,0.00011643,0.0,6871.677,94.483,494.642,492.443,0
20580,Hubble Space Telescope,48,2.0847144444444443,15.24103193,0.0001633,28.4682,216.9538,314.0259,46.02,0.00043937,0.00011201,0.0,6871.617,94.482,494.604,492.36,0
20580,Hubble Space Telescope,12,15.159062168888887,15.24142639,0.0001734,28.4678,204.5482,338.229,21.823,0.00042079,0.00010749,0.0,6871.498,94.479,494.555,492.172,0
20580,Hubble Space Telescope,24,3.82767304,15.24142666,0.0001733,28.4678,204.5482,338.2842,21.7679,0.00042207,0.00010781,0.0,6871.498,94.479,494.554,492.172,0
20580,Hubble Space Telescope,48,15.159062168888887,15.24142639,0.0001734,28.4678,204.5482,338.229,21.823,0.00042079,0.00010749,0.0,6871.498,94.479,494.555,492.172,1
20580,Hubble Space Telescope,24,10.55869207111111,15.24248795,0.0002028,28.4674,176.1904,27.5966,332.4736,0.00051163,0.00013069,0.0,6871.179,94.473,494.438,491.651,1
20580,Hubble Space Telescope,48,10.55869207111111,15.24248795,0.0002028,28.4674,176.1904,27.5966,332.4736,0.00051163,0.00013069,0.0,6871.179,94.473,494.438,491.651,1
20580,Hubble Space Telescope,12,7.806066497777778,15.24285334,0.0002152,28.4677,165.1131,44.4269,315.6498,0.00041478,0.00010643,0.0,6871.069,94.471,494.413,491.456,0
20580,Hubble Space Telescope,24,10.896899831111112,15.24285334,0.0002152,28.4677,165.1131,44.4269,315.6498,0.00041478,0.00010643,0.0,6871.069,94.471,494.413,491.456,0
20580,Hubble Space Telescope,12,3.519678915555556,15.24308239,0.0002217,28.4677,157.1377,56.0764,304.0041,0.0004146,0.00010646,0.0,6871.0,94.469,494.389,491.342,0
20580,Hubble Space Telescope,24,5.715590124444444,15.24295377,0.0002187,28.4677,161.1254,50.6844,309.3944,0.00036441,9.377e-05,0.0,6871.039,94.47,494.407,491.401,1
20580,Hubble Space Telescope,24,15.930454275555554,15.24349915,0.0002283,28.4676,143.8446,74.867,285.2177,0.00039709,0.00010217,0.0,6870.875,94.466,494.309,491.172,0
20580,Hubble Space Telescope,24,11.975502542222223,15.24371495,0.00023,28.4673,137.1977,84.3895,275.6961,0.00043116,0.00011084,0.0,6870.81,94.465,494.256,491.095,1
20580,Hubble Space Telescope,24,16.88605473777778,15.24369897,0.0002299,28.4673,137.1977,84.3585,275.7272,0.00038267,9.859e-05,0.0,6870.815,94.465,494.26,491.101,1
20580,Hubble Space Telescope,48,16.88605473777778,15.24369897,0.0002299,28.4673,137.1977,84.3585,275.7272,0.00038267,9.859e-05,0.0,6870.815,94.465,494.26,491.101,1
20580,Hubble Space Telescope,12,9.992071857777775,15.24435175,0.0002273,28.4667,115.0392,115.3361,244.7469,0.00036641,9.467e-05,0.0,6870.619,94.461,494.046,490.922,0
20580,Hubble Space Telescope,48,9.992071857777775,15.24435175,0.0002273,28.4667,115.0392,115.3361,244.7469,0.00036641,9.467e-05,0.0,6870.619,94.461,494.046,490.922,1
20580,Hubble Space Telescope,12,13.668039333333333,15.24484323,0.0002196,28.4668,98.1987,139.6618,220.4139,0.00043861,0.0001131,0.0,6870.471,94.458,493.845,490.828,0
20580,Hubble Space Telescope,48,2.9759851733333336,15.2450081,0.0002138,28.467,91.5512,148.0613,212.0111,0.00033399,8.664e-05,0.0,6870.422,94.457,493.756,490.818,1
20580,Hubble Space Telescope,24,5.029300506666666,15.24532462,0.0002021,28.4674,79.5852,165.4315,194.6338,0.00034518,8.956e-05,0.0,6870.327,94.455,493.58,490.803,1
20580,Hubble Space Telescope,12,15.791764871111113,15.24556006,0.0001994,28.4678,71.607,178.2976,181.7625,0.00036328,9.421e-05,0.0,6870.256,94.454,493.491,490.751,1
20580,Hubble Space Telescope,24,4.047409715555555,15.24575701,0.0001893,28.4679,65.8454,186.9971,173.0597,0.00042986,0.00011118,0.0,6870.197,94.453,493.362,490.761,1
20580,Hubble Space Telescope,48,4.047409715555555,15.24575701,0.0001893,28.4679,65.8454,186.9971,173.0597,0.00042986,0.00011118,0.0,6870.197,94.453,493.362,490.761,1
20580,Hubble Space Telescope,24,7.758785528888889,15.24637457,0.0002003,28.4686,45.4568,223.343,136.7007,0.0004385,0.00011359,0.0,6870.011,94.449,493.252,490.5,0
20580,Hubble Space Telescope,48,27.888957635555556,15.2461303,0.000208,28.4683,52.5467,210.5811,149.4663,0.00037831,9.819e-05,0.0,6870.085,94.45,493.379,490.521,1
20580,Hubble Space Telescope,12,5.73187072,15.24679374,0.0001988,28.469,32.6031,246.3746,113.6639,0.000429,0.0001113,0.0,6869.885,94.446,493.116,490.385,0
20580,Hubble Space Telescope,24,5.73187072,15.24679374,0.0001988,28.469,32.6031,246.3746,113.6639,0.000429,0.0001113,0.0,6869.885,94.446,493.116,490.385,0
20580,Hubble Space Telescope,12,3.889241413333333,15.2469109,0.0001925,28.4692,28.6143,252.6793,107.3591,0.000403,0.00010471,0.0,6869.85,94.445,493.038,490.393,0
20580,Hubble Space Telescope,24,4.236175475555556,15.24779315,0.0001966,28.4692,358.4728,305.9279,54.1133,0.00036641,9.564e-05,0.0,6869.585,94.44,492.801,490.1,1
20580,Hubble Space Telescope,48,4.236175475555556,15.24779315,0.0001966,28.4692,358.4728,305.9279,54.1133,0.00036641,9.564e-05,0.0,6869.585,94.44,492.801,490.1,1
20580,Hubble Space Telescope,24,3.4439871466666667,15.24802119,0.0002064,28.4692,351.3807,318.3645,41.6792,0.00040797,0.00010633,0.0,6869.517,94.438,492.8,489.964,0
20580,Hubble Space Telescope,12,9.56279256,15.24856333,0.0002312,28.4686,329.2171,353.8051,6.2514,0.00030135,7.92e-05,0.0,6869.354,94.435,492.807,489.631,0
20580,Hubble Space Telescope,12,1.8371293244444444,15.24873681,0.0002412,28.4681,320.3503,8.356,351.7074,0.00026796,7.069e-05,0.0,6869.302,94.434,492.824,489.51,0
20580,Hubble Space Telescope,12,9.749365813333334,15.24901556,0.0002729,28.4677,305.7208,30.1886,329.8866,0.00025207,6.667e-05,0.0,6869.218,94.432,492.958,489.208,0
20580,Hubble Space Telescope,24,22.44921163555556,15.2489048,0.0002659,28.4677,311.928,22.057,338.0138,0.0002696,7.114e-05,0.0,6869.251,94.433,492.943,489.29,0
20580,Hubble Space Telescope,24,9.749365813333334,15.24901556,0.0002729,28.4677,305.7208,30.1886,329.8866,0.00025207,6.667e-05,0.0,6869.218,94.432,492.958,489.208,1
20580,Hubble Space Telescope,12,8.747761635555555,15.24916582,0.0002745,28.4679,298.6268,39.7983,320.2813,0.00026164,6.916e-05,0.0,6869.173,94.431,492.924,489.152,0
20580,Hubble Space Telescope,24,8.02178663111111,15.24929118,0.0002809,28.4679,292.8627,48.4046,311.6788,0.00026991,7.131e-05,0.0,6869.135,94.431,492.93,489.071,0
20580,Hubble Space Telescope,12,5.5106956177777775,15.24953895,0.0002868,28.4685,279.5631,67.3429,292.7469,0.00024027,6.375e-05,0.0,6869.061,94.429,492.896,488.956,0
20580,Hubble Space Telescope,12,11.070854622222225,15.24968911,0.0002903,28.4685,271.5829,78.7476,281.3445,0.00024958,6.617e-05,0.0,6869.016,94.428,492.875,488.887,0
20580,Hubble Space Telescope,24,2.7535384711111117,15.24966431,0.0002898,28.4684,272.4693,77.5489,282.543,0.00023182,6.16e-05,0.0,6869.023,94.428,492.879,488.898,0
20580,Hubble Space Telescope,24,7.1237085422222215,15.24990513,0.0002928,28.4682,259.6119,95.9396,264.1532,0.00023357,6.21e-05,0.0,6868.951,94.427,492.827,488.805,1
20580,Hubble Space Telescope,6,5.329361493333334,15.2500868,0.0002929,28.4681,252.0749,106.6757,253.4159,0.00031192,8.228e-05,0.0,6868.896,94.426,492.773,488.749,0
20580,Hubble Space Telescope,12,9.623249964444444,15.25038654,0.0002856,28.4679,233.4524,133.8573,226.2257,0.00020041,5.365e-05,0.0,6868.806,94.424,492.633,488.71,0
20580,Hubble Space Telescope,24,4.6025542222222215,15.25062245,0.0002743,28.4679,218.8202,155.9393,204.1329,0.0002007,5.376e-05,0.0,6868.736,94.422,492.485,488.716,0
20580,Hubble Space Telescope,48,4.2053041066666665,15.25051879,0.0002803,28.4679,225.4711,145.8629,214.2145,0.00020199,5.408e-05,0.0,6868.767,94.423,492.557,488.706,0
20580,Hubble Space Telescope,48,5.380238595555555,15.25071309,0.0002673,28.4678,212.1694,166.3253,193.7414,0.00018033,4.853e-05,0.0,6868.708,94.422,492.409,488.737,0
20580,Hubble Space Telescope,24,12.684059582222222,15.2511061,0.000242,28.4663,179.8004,220.689,139.3524,0.00016415,4.442e-05,0.0,6868.59,94.419,492.118,488.793,0
20580,Hubble Space Telescope,12,10.047013697777778,15.25142508,0.0002255,28.4662,156.7403,265.3764,94.6573,0.00017172,4.641e-05,0.0,6868.495,94.417,491.908,488.811,0
20580,Hubble Space Telescope,24,10.293702426666668,15.25138299,0.0002264,28.4662,159.4011,260.0525,99.9814,0.00016937,4.58e-05,0.0,6868.507,94.418,491.927,488.817,1
20580,Hubble Space Telescope,24,10.047013697777778,15.25142508,0.0002255,28.4662,156.7403,265.3764,94.6573,0.00017172,4.641e-05,0.0,6868.495,94.417,491.908,488.811,1
20580,Hubble Space Telescope,48,1.4258386133333334,15.25137597,0.0002273,28.4662,159.8447,258.991,101.0429,0.00016895,4.569e-05,0.0,6868.509,94.418,491.935,488.813,1
20580,Hubble Space Telescope,24,2.645993502222222,15.25164608,0.0002237,28.4665,146.5411,285.4624,74.5723,0.00025914,6.902e-05,0.0,6868.428,94.416,491.83,488.757,1
20580,Hubble Space Telescope,12,1.6912594844444444,15.25182988,0.0002277,28.4667,139.4471,296.4839,63.5522,0.00031141,8.257e-05,0.0,6868.373,94.415,491.802,488.674,0
20580,Hubble Space Telescope,24,12.453284417777777,15.251918,0.0002299,28.4669,132.795,308.7272,51.3117,0.00018145,4.899e-05,0.0,6868.347,94.414,491.791,488.633,1
20580,Hubble Space Telescope,48,3.870542791111111,15.2520589,0.0002332,28.4668,123.4815,325.2676,34.7766,0.00016981,4.6e-05,0.0,6868.304,94.413,491.771,488.568,0
20580,Hubble Space Telescope,48,14.394721315555556,15.25229293,0.0002429,28.4673,106.1852,355.4859,4.5713,0.00018828,5.081e-05,0.0,6868.234,94.412,491.767,488.431,1
20580,Hubble Space Telescope,12,4.679342115555556,15.25253996,0.0002555,28.4682,87.5597,25.8656,334.2066,0.00016604,4.509e-05,0.0,6868.16,94.411,491.78,488.27,0
20580,Hubble Space Telescope,24,6.707581066666667,15.25249918,0.0002554,28.4682,90.2204,21.5382,338.532,0.00015988,4.349e-05,0.0,6868.172,94.411,491.791,488.283,0
20580,Hubble Space Telescope,24,4.679342115555556,15.25253996,0.0002555,28.4682,87.5597,25.8656,334.2066,0.00016604,4.509e-05,0.0,6868.16,94.411,491.78,488.27,0
20580,Hubble Space Telescope,48,4.679342115555556,15.25253996,0.0002555,28.4682,87.5597,25.8656,334.2066,0.00016604,4.509e-05,0.0,6868.16,94.411,491.78,488.27,1
20580,Hubble Space Telescope,24,5.291902053333334,15.25263214,0.0002578,28.4685,80.9077,36.3649,323.7121,0.00016727,4.542e-05,0.0,6868.132,94.41,491.768,488.227,1
20580,Hubble Space Telescope,24,2.339629751111111,15.25275364,0.0002606,28.4687,74.2558,46.5017,313.5794,0.00020696,5.572e-05,0.0,6868.096,94.409,491.751,488.171,1
20580,Hubble Space Telescope,48,5.291902053333334,15.25263214,0.0002578,28.4685,80.9077,36.3649,323.7121,0.00016727,4.542e-05,0.0,6868.132,94.41,491.768,488.227,1
20580,Hubble Space Telescope,24,4.595130844444444,15.25275985,0.0002612,28.4687,73.8124,47.1811,312.9003,0.00020605,5.549e-05,0.0,6868.094,94.409,491.753,488.165,1
20580,Hubble Space Telescope,24,7.0428274844444445,15.2529815,0.0002633,28.469,63.6123,62.7705,297.3158,0.00025052,6.706e-05,0.0,6868.027,94.408,491.701,488.084,0
20580,Hubble Space Telescope,48,6.781453493333333,15.25290678,0.0002613,28.4688,70.2645,52.5404,307.5428,0.00035123,9.317e-05,0.0,6868.05,94.408,491.709,488.12,1
20580,Hubble Space Telescope,24,5.152649768888889,15.25303486,0.0002636,28.469,60.5082,66.7759,293.3113,0.00022804,6.123e-05,0.0,6868.011,94.407,491.687,488.066,0
20580,Hubble Space Telescope,48,7.0428274844444445,15.2529815,0.0002633,28.469,63.6123,62.7705,297.3158,0.00025052,6.706e-05,0.0,6868.027,94.408,491.701,488.084,1
20580,Hubble Space Telescope,24,15.540921715555555,15.25305578,0.0002643,28.4692,59.1778,68.8805,291.2071,0.00019241,5.2e-05,0.0,6868.005,94.407,491.685,488.055,0
20580,Hubble Space Telescope,24,5.245741413333333,15.25311428,0.0002638,28.4691,54.743,75.3219,284.7668,0.00017464,4.74e-05,0.0,6867.987,94.407,491.664,488.041,1
20580,Hubble Space Telescope,24,5.951723946666666,15.25323519,0.0002618,28.4693,47.2035,86.4797,273.6097,0.00018538,5.02e-05,0.0,6867.951,94.406,491.614,488.018,0
20580,Hubble Space Telescope,48,5.943219128888889,15.25313538,0.000263,28.4692,53.856,76.5975,283.4912,0.00018657,5.049e-05,0.0,6867.981,94.407,491.652,488.04,0
20580,Hubble Space Telescope,24,7.378698177777778,15.2533253,0.0002596,28.4693,40.5512,96.4366,263.6524,0.00018361,4.975e-05,0.0,6867.924,94.406,491.572,488.006,0
20580,Hubble Space Telescope,24,3.7222609066666665,15.2535095,0.0002536,28.4692,27.2466,116.6648,243.4207,0.00018127,4.917e-05,0.0,6867.869,94.405,491.475,487.992,0
20580,Hubble Space Telescope,24,5.76034216,15.25351516,0.0002532,28.4692,26.8031,117.2583,242.827,0.00018095,4.909e-05,0.0,6867.867,94.404,491.471,487.993,0
20580,Hubble Space Telescope,48,5.310295448888889,15.25360337,0.0002471,28.4692,19.7075,127.9241,232.1577,0.00016881,4.595e-05,0.0,6867.841,94.404,491.403,488.009,1
20580,Hubble Space Telescope,24,6.468692711111111,15.25373989,0.0002418,28.469,7.7332,146.387,213.6878,0.00015349,4.199e-05,0.0,6867.8,94.403,491.325,488.004,0
20580,Hubble Space Telescope,24,3.873157244444444,15.25388542,0.0002272,28.469,354.8719,165.9529,194.1129,0.000153,4.188e-05,0.0,6867.756,94.402,491.181,488.061,0
20580,Hubble Space Telescope,24,9.396067297777778,15.25389635,0.0002272,28.469,353.9847,167.3165,192.7487,0.00015435,4.223e-05,0.0,6867.753,94.402,491.178,488.057,0
20580,Hubble Space Telescope,48,4.643920515555555,15.25383683,0.0002339,28.4691,359.3068,158.7567,201.3125,0.0001515,4.148e-05,0.0,6867.771,94.402,491.242,488.029,1
20580,Hubble Space Telescope,12,9.05718670222222,15.25396764,0.0002147,28.4689,346.8889,178.5189,181.5412,0.00014691,4.031e-05,0.0,6867.731,94.402,491.071,488.122,0
20580,Hubble Space Telescope,48,9.396067297777778,15.25389635,0.0002272,28.469,353.9847,167.3165,192.7487,0.00015435,4.223e-05,0.0,6867.753,94.402,491.178,488.057,1
20580,Hubble Space Telescope,24,9.05718670222222,15.25396764,0.0002147,28.4689,346.8889,178.5189,181.5412,0.00014691,4.031e-05,0.0,6867.731,94.402,491.071,488.122,0
20580,Hubble Space Telescope,48,9.05718670222222,15.25396764,0.0002147,28.4689,346.8889,178.5189,181.5412,0.00014691,4.031e-05,0.0,6867.731,94.402,491.071,488.122,1
20580,Hubble Space Telescope,24,11.094394862222222,15.25404707,0.0002056,28.469,340.6799,189.085,170.9707,0.0001626,4.439e-05,0.0,6867.707,94.401,490.984,488.16,0
20580,Hubble Space Telescope,24,6.061341742222222,15.25413523,0.0002001,28.4689,333.5836,201.5041,158.547,0.00016532,4.511e-05,0.0,6867.681,94.401,490.92,488.172,0
20580,Hubble Space Telescope,48,10.471620240000002,15.25413367,0.0001995,28.4688,333.5833,201.3866,158.6645,0.00016287,4.448e-05,0.0,6867.681,94.401,490.917,488.176,0
20580,Hubble Space Telescope,12,10.550482826666666,15.25438442,0.00018,28.4688,313.6252,237.5948,122.4473,0.00015696,4.297e-05,0.0,6867.606,94.399,490.707,488.235,0
20580,Hubble Space Telescope,24,3.350366888888889,15.25437963,0.0001801,28.4688,314.0687,236.8381,123.2041,0.00015782,4.319e-05,0.0,6867.608,94.399,490.709,488.236,0
20580,Hubble Space Telescope,48,6.225129573333334,15.25427507,0.0001856,28.4689,321.6088,223.0567,136.9882,0.00014328,3.94e-05,0.0,6867.639,94.4,490.779,488.229,1
20580,Hubble Space Telescope,12,10.888705342222222,15.25449028,0.0001749,28.4687,306.9722,250.6918,109.3488,0.00018616,5.059e-05,0.0,6867.574,94.398,490.641,488.238,0
20580,Hubble Space Telescope,24,4.3969396000000005,15.25447296,0.000176,28.4687,308.3027,248.0929,111.9478,0.0001878,5.101e-05,0.0,6867.58,94.399,490.653,488.236,0
20580,Hubble Space Telescope,48,3.350366888888889,15.25437963,0.0001801,28.4688,314.0687,236.8381,123.2041,0.00015782,4.319e-05,0.0,6867.608,94.399,490.709,488.236,1
20580,Hubble Space Telescope,12,3.437631315555556,15.25456703,0.0001725,28.4687,301.2058,261.956,98.0839,0.00018142,4.936e-05,0.0,6867.551,94.398,490.601,488.232,0
20580,Hubble Space Telescope,48,4.554711137777778,15.25457316,0.0001722,28.4686,300.7623,262.8362,97.2037,0.00018117,4.93e-05,0.0,6867.55,94.398,490.597,488.232,0
20580,Hubble Space Telescope,48,14.4394348,15.25457604,0.0001721,28.4686,300.7623,262.8803,97.1596,0.00018527,5.037e-05,0.0,6867.549,94.398,490.596,488.232,0
20580,Hubble Space Telescope,48,11.4071112,15.25467891,0.0001704,28.4685,293.2213,277.9163,82.1238,0.0001823,4.961e-05,0.0,6867.518,94.397,490.553,488.213,0
20580,Hubble Space Telescope,48,16.273791333333335,15.25476147,0.00017,28.4685,287.4552,289.3861,70.655,0.00018394,5.005e-05,0.0,6867.493,94.397,490.526,488.191,1
20580,Hubble Space Telescope,6,8.523541546666667,15.2549707,0.0001787,28.4685,273.2622,318.0775,41.9682,0.00017794,4.851e-05,0.0,6867.43,94.395,490.522,488.068,0
20580,Hubble Space Telescope,12,7.859507911111112,15.25533883,0.0001996,28.4674,240.4372,13.2686,346.7961,0.00011943,3.329e-05,0.0,6867.32,94.393,490.555,487.814,0
20580,Hubble Space Telescope,24,2.6175442488888887,15.2553204,0.0001984,28.4674,242.2118,10.7544,349.3093,0.00011537,3.223e-05,0.0,6867.325,94.393,490.553,487.828,0
20580,Hubble Space Telescope,12,16.56277433777778,15.25541554,0.0002049,28.4672,233.7833,23.5803,336.4885,0.00013374,3.704e-05,0.0,6867.297,94.393,490.569,487.755,0
20580,Hubble Space Telescope,48,7.859507911111112,15.25533883,0.0001996,28.4674,240.4372,13.2686,346.7961,0.00011943,3.329e-05,0.0,6867.32,94.393,490.555,487.814,1
20580,Hubble Space Telescope,48,7.535833253333333,15.25542131,0.0002044,28.4672,233.7833,23.6858,336.383,0.00014001,3.867e-05,0.0,6867.295,94.393,490.564,487.756,0
20580,Hubble Space Telescope,48,16.56277433777778,15.25541554,0.0002049,28.4672,233.7833,23.5803,336.4885,0.00013374,3.704e-05,0.0,6867.297,94.393,490.569,487.755,0
20580,Hubble Space Telescope,12,3.011398373333333,15.25560689,0.0002172,28.467,215.1518,51.2943,308.7845,0.00012729,3.537e-05,0.0,6867.239,94.392,490.596,487.613,0
20580,Hubble Space Telescope,48,9.460043413333333,15.25549441,0.0002111,28.4671,227.1293,33.5278,326.545,0.00014986,4.125e-05,0.0,6867.273,94.392,490.588,487.688,1
20580,Hubble Space Telescope,24,17.80242192888889,15.25555392,0.0002147,28.4671,220.4751,43.3513,316.725,0.00012868,3.573e-05,0.0,6867.255,94.392,490.595,487.646,0
20580,Hubble Space Telescope,48,11.057958,15.25561924,0.000218,28.467,213.821,53.1961,306.8833,0.00012559,3.493e-05,0.0,6867.236,94.391,490.598,487.604,0
20580,Hubble Space Telescope,24,10.73102280888889,15.25574939,0.0002209,28.4667,200.9564,71.8388,288.2447,0.00013415,3.718e-05,0.0,6867.197,94.391,490.579,487.545,0
20580,Hubble Space Telescope,24,9.979065662222222,15.25581538,0.000224,28.4667,193.8588,82.0551,278.0297,0.00012979,3.605e-05,0.0,6867.177,94.39,490.58,487.503,0
20580,Hubble Space Telescope,48,11.102820871111112,15.25589444,0.0002237,28.4665,187.2047,90.8627,269.2224,0.00013664,3.785e-05,0.0,6867.153,94.39,490.554,487.482,1
20580,Hubble Space Telescope,48,2.6625676533333333,15.25601229,0.0002262,28.4662,178.3329,99.7151,260.3699,0.00015074,4.155e-05,0.0,6867.118,94.389,490.536,487.429,1
20580,Hubble Space Telescope,24,9.279341902222225,15.25616273,0.0002181,28.4663,167.2416,117.9191,242.1624,0.0001694,4.645e-05,0.0,6867.073,94.388,490.435,487.44,0
20580,Hubble Space Telescope,12,1.88772144,15.25631458,0.0002122,28.4664,158.3688,130.0802,229.9979,0.00021854,5.934e-05,0.0,6867.027,94.387,490.349,487.435,0
20580,Hubble Space Telescope,12,3.399170888888889,15.25666207,0.0002017,28.4673,138.4054,160.6932,199.374,0.00021625,5.88e-05,0.0,6866.923,94.385,490.173,487.403,0
20580,Hubble Space Telescope,12,15.08357896,15.25675145,0.000197,28.4675,133.9694,167.8256,192.2386,0.00024079,6.525e-05,0.0,6866.896,94.384,490.114,487.408,0
20580,Hubble Space Telescope,24,8.371311466666667,15.25684612,0.000193,28.4677,128.6452,176.4393,183.6216,0.00023552,6.389e-05,0.0,6866.867,94.384,490.058,487.407,0
20580,Hubble Space Telescope,24,14.509371244444443,15.25686912,0.000192,28.4678,127.3143,178.5807,181.4793,0.00023758,6.443e-05,0.0,6866.861,94.384,490.044,487.407,0
20580,Hubble Space Telescope,48,14.509371244444443,15.25686912,0.000192,28.4678,127.3143,178.5807,181.4793,0.00023758,6.443e-05,0.0,6866.861,94.384,490.044,487.407,0
20580,Hubble Space Telescope,24,7.854887351111111,15.25714972,0.0001827,28.4678,111.7863,203.6991,156.352,0.00024291,6.588e-05,0.0,6866.776,94.382,489.896,487.387,0
20580,Hubble Space Telescope,48,7.638949724444444,15.25702771,0.0001883,28.4679,118.4409,192.9181,167.1366,0.00023659,6.42e-05,0.0,6866.813,94.383,489.971,487.385,0
20580,Hubble Space Telescope,6,19.66714168,15.2577127,0.0001692,28.4688,80.7287,259.7232,100.3171,0.00020205,5.525e-05,0.0,6866.607,94.378,489.634,487.311,0
20580,Hubble Space Telescope,48,16.964755457777777,15.25760249,0.0001685,28.4685,87.3842,248.2268,111.8148,0.00021521,5.869e-05,0.0,6866.641,94.379,489.663,487.348,1
20580,Hubble Space Telescope,24,4.487832515555556,15.25782674,0.0001646,28.4687,74.5178,272.7159,87.3247,0.00021582,5.889e-05,0.0,6866.573,94.378,489.568,487.308,0
20580,Hubble Space Telescope,48,10.48937422222222,15.25791255,0.0001693,28.4689,69.1937,282.6101,77.4304,0.00021032,5.745e-05,0.0,6866.547,94.377,489.575,487.25,0
20580,Hubble Space Telescope,24,8.55441247111111,15.25811448,0.00017557,28.4689,56.3277,307.0187,53.0247,0.00020502532,5.609e-05,0.0,6866.487,94.376,489.557,487.146,0
20580,Hubble Space Telescope,24,9.092023875555554,15.25813596,0.000177,28.4688,54.9965,309.3065,50.7373,0.00021192,5.791e-05,0.0,6866.48,94.376,489.561,487.13,0
20580,Hubble Space Telescope,12,8.40124055111111,15.25825232,0.0001812,28.4688,47.8976,321.4971,38.5494,0.00022831,6.225e-05,0.0,6866.446,94.375,489.555,487.066,0
20580,Hubble Space Telescope,6,6.6033008,15.2586026,0.0002008,28.4689,29.2626,352.3981,7.6583,0.00023739,6.471e-05,0.0,6866.34,94.373,489.584,486.827,0
20580,Hubble Space Telescope,48,4.331269822222223,15.25846564,0.0001933,28.4688,36.3618,341.1068,18.9455,0.00024678,6.716e-05,0.0,6866.382,94.374,489.574,486.919,0
20580,Hubble Space Telescope,12,2.583579208888889,15.25871672,0.0002101,28.4691,23.0508,1.9649,358.0953,0.00023976,6.536e-05,0.0,6866.306,94.372,489.614,486.729,0
20580,Hubble Space Telescope,24,8.425230791111112,15.25862787,0.0002043,28.4691,27.9314,354.3077,5.7494,0.00024175,6.587e-05,0.0,6866.333,94.373,489.601,486.795,0
20580,Hubble Space Telescope,6,7.723048906666666,15.25896048,0.0002296,28.4692,9.296,21.1695,338.8994,0.00023064,6.3e-05,0.0,6866.233,94.371,489.675,486.522,0
20580,Hubble Space Telescope,24,8.61384703111111,15.25885833,0.0002219,28.4692,14.6204,13.8902,346.1753,0.00021745,5.95e-05,0.0,6866.264,94.371,489.652,486.605,0
20580,Hubble Space Telescope,24,3.780595546666667,15.25907976,0.0002384,28.4692,2.1969,30.5314,329.5419,0.00021679,5.936e-05,0.0,6866.197,94.37,489.699,486.425,0
20580,Hubble Space Telescope,48,9.23870088888889,15.25898359,0.0002314,28.4693,7.9649,22.9379,337.1318,0.00023273,6.356e-05,0.0,6866.226,94.371,489.68,486.502,0
20580,Hubble Space Telescope,12,7.059661733333334,15.2593349,0.0002448,28.4692,345.7803,54.4458,305.6364,0.00019821,5.45e-05,0.0,6866.121,94.368,489.667,486.305,0
20580,Hubble Space Telescope,24,6.467802968888889,15.25928872,0.0002437,28.4692,348.8863,49.9595,310.1213,0.00019652,5.404e-05,0.0,6866.135,94.369,489.673,486.326,0
20580,Hubble Space Telescope,6,8.562087457777778,15.26034535,0.00024728,28.4677,281.437,142.3952,217.6816,0.00024898726,6.813e-05,0.0,6865.818,94.362,489.38,485.985,0
20580,Hubble Space Telescope,24,6.461762844444444,15.26026248,0.00024637,28.4678,285.8749,136.5334,223.5455,0.00023047857,6.32e-05,0.0,6865.843,94.363,489.399,486.016,0
20580,Hubble Space Telescope,48,13.663378826666667,15.26019526,0.0002472,28.4678,288.9817,131.7128,228.3679,0.00020553721,5.658e-05,0.0,6865.863,94.363,489.425,486.03,1
20580,Hubble Space Telescope,48,7.57271071111111,15.26040432,0.00024826,28.4676,279.2178,145.4937,214.5819,0.00027540059,7.515e-05,0.0,6865.8,94.362,489.369,485.96,0
20580,Hubble Space Telescope,24,7.591607217777777,15.26077032,0.00023879,28.4678,263.2408,168.5122,191.5528,0.00031495646,8.574e-05,0.0,6865.69,94.36,489.195,485.916,0
20580,Hubble Space Telescope,6,6.662239777777778,15.26095736,0.00023488,28.4677,256.14,178.9446,181.1154,0.00033404936,9.086e-05,0.0,6865.634,94.358,489.112,485.887,0
20580,Hubble Space Telescope,48,8.500590782222222,15.2608716,0.00023564,28.4678,259.2465,174.4733,185.5888,0.00031965596,8.701e-05,0.0,6865.66,94.359,489.143,485.907,1
25544,ISS,24,11.16131168,15.50588307,0.0006139,51.638,52.6886,31.0154,329.1196,0.000546,0.00031502,0.0,6793.144,92.868,419.18,410.839,1
25544,ISS,6,0.8497222755555556,15.50692603,0.0006223,51.6394,43.5721,40.5974,143.176,0.00040658,0.00023404,0.0,6792.84,92.862,418.932,410.477,0
25544,ISS,48,11.16131168,15.50588307,0.0006139,51.638,52.6886,31.0154,329.1196,0.000546,0.00031502,0.0,6793.144,92.868,419.18,410.839,1
25544,ISS,6,0.3924288444444445,15.5072966,0.0006077,51.6396,41.7224,40.863,68.1381,0.00077335,0.00045117,0.0,6792.731,92.86,418.724,410.469,1
25544,ISS,24,1.3013552888888889,15.50684949,0.0006146,51.6399,45.5951,39.1211,28.1218,0.00056875,0.00032954,0.0,6792.862,92.862,418.902,410.552,1
25544,ISS,6,0.4993389422222222,15.50725948,0.0006188,51.6402,40.3677,42.3179,153.2056,0.00044575,0.00025742,0.0,6792.742,92.86,418.811,410.404,1
25544,ISS,48,0.3924288444444445,15.5072966,0.0006077,51.6396,41.7224,40.863,68.1381,0.00077335,0.00045117,0.0,6792.731,92.86,418.724,410.469,1
25544,ISS,12,1.7805700088888887,15.50776974,0.0006245,51.639,34.3594,46.9928,71.6484,0.00039198,0.00022613,0.0,6792.593,92.857,418.7,410.216,0
25544,ISS,6,7.363350195555555,15.50787583,0.0006291,51.6383,32.8713,45.5846,314.5657,0.000316,0.00018137,0.0,6792.562,92.856,418.701,410.154,0
25544,ISS,12,3.723132266666666,15.50800117,0.0006057,51.6393,32.4199,48.6326,95.7937,0.00041899,0.00024228,0.0,6792.526,92.855,418.505,410.276,1
25544,ISS,12,7.806783697777777,15.50798288,0.0006287,51.6382,31.5925,46.8182,313.3331,0.00030988,0.00017783,0.0,6792.531,92.855,418.667,410.126,1
25544,ISS,24,1.4278171733333334,15.50796866,0.0005993,51.6395,32.7386,48.6291,97.2059,0.00041824,0.0002418,0.0,6792.535,92.855,418.471,410.329,1
25544,ISS,48,0.8218542311111111,15.50763037,0.0005941,51.64,37.5704,43.6588,56.8472,0.00048923,0.00028343,0.0,6792.634,92.858,418.534,410.463,1
25544,ISS,24,2.1850000533333334,15.5080708,0.0006404,51.6395,31.2768,49.0588,303.7162,0.00039954,0.00023086,0.0,6792.505,92.855,418.72,410.02,1
25544,ISS,48,3.566146293333333,15.50756894,0.0006226,51.6383,36.3872,43.213,316.9347,0.000364,0.00020946,0.0,6792.652,92.858,418.746,410.288,1
25544,ISS,12,1.7663693511111112,15.50832392,0.0006393,51.6398,27.9505,51.7303,85.5734,0.0003766,0.0002175,0.0,6792.431,92.853,418.639,409.954,1
25544,ISS,24,7.806783697777777,15.50798288,0.0006287,51.6382,31.5925,46.8182,313.3331,0.00030988,0.00017783,0.0,6792.531,92.855,418.667,410.126,0
25544,ISS,12,0.8565539200000001,15.50836984,0.0006354,51.6399,27.6239,52.7305,91.4847,0.00038488,0.00022243,0.0,6792.418,92.853,418.599,409.967,1
25544,ISS,24,0.7112030577777778,15.50821116,0.0006416,51.6396,29.2833,50.9148,25.9823,0.00037933,0.00021902,0.0,6792.464,92.854,418.687,409.971,1
25544,ISS,48,1.4278171733333334,15.50796866,0.0005993,51.6395,32.7386,48.6291,97.2059,0.00041824,0.0002418,0.0,6792.535,92.855,418.471,410.329,1
25544,ISS,24,0.8565539200000001,15.50836984,0.0006354,51.6399,27.6239,52.7305,91.4847,0.00038488,0.00022243,0.0,6792.418,92.853,418.599,409.967,1
25544,ISS,12,5.76771296,15.50839269,0.0006308,51.6384,26.1582,50.8663,309.2886,0.00030532,0.0001754,0.0,6792.411,92.853,418.561,409.992,0
25544,ISS,24,5.976086506666667,15.50826465,0.0006284,51.6384,28.076,49.4449,310.7087,0.00032361,0.00018612,0.0,6792.449,92.854,418.582,410.045,1
25544,ISS,48,2.1850000533333334,15.5080708,0.0006404,51.6395,31.2768,49.0588,303.7162,0.00039954,0.00023086,0.0,6792.505,92.855,418.72,410.02,1
25544,ISS,6,2.122807137777777,15.50883936,0.0006571,51.6399,21.3046,54.9316,4.6153,0.00035617,0.00020581,0.0,6792.281,92.85,418.609,409.683,1
25544,ISS,12,0.7638888533333333,15.5089159,0.0006525,51.6402,18.9578,56.8248,127.0309,0.00030706,0.00017677,0.0,6792.259,92.85,418.556,409.692,0
25544,ISS,48,1.1799244266666666,15.50857084,0.0006441,51.6397,25.1064,53.3913,45.1067,0.00037613,0.00021741,0.0,6792.359,92.852,418.599,409.849,1
25544,ISS,12,1.0823247022222222,15.50945868,0.0006507,51.6406,10.6162,63.2019,153.3105,0.00028644,0.00016489,0.0,6792.1,92.847,418.385,409.546,1
25544,ISS,6,6.195526399999999,15.50955374,0.0006406,51.6384,8.2565,63.9912,296.1736,0.00027409,0.00015761,0.0,6792.072,92.846,418.288,409.586,0
25544,ISS,24,1.0823247022222222,15.50945868,0.0006507,51.6406,10.6162,63.2019,153.3105,0.00028644,0.00016489,0.0,6792.1,92.847,418.385,409.546,1
25544,ISS,12,2.115692142222222,15.50979226,0.0006038,51.6413,4.9784,71.0946,21.7537,0.00027345,0.00015736,0.0,6792.003,92.845,417.969,409.767,1
25544,ISS,12,7.279017813333334,15.50968416,0.0006427,51.6383,6.0186,65.6416,294.5244,0.00026804,0.0001541,0.0,6792.034,92.845,418.265,409.534,1
25544,ISS,24,6.195526399999999,15.50955374,0.0006406,51.6384,8.2565,63.9912,296.1736,0.00027409,0.00015761,0.0,6792.072,92.846,418.288,409.586,0
25544,ISS,48,1.1849428266666668,15.50974869,0.0006526,51.6403,5.6091,67.0997,30.5034,0.00030548,0.00017637,0.0,6792.015,92.845,418.313,409.448,1
25544,ISS,24,5.200432942222222,15.4993817,0.0002208,51.6382,358.6669,81.1486,278.9753,0.00025526,0.00014107,0.0,6795.044,92.907,418.409,415.408,0
25544,ISS,48,1.6505556622222222,15.50993677,0.0006474,51.6403,2.1971,69.9605,267.6871,0.00026345,0.00015152,0.0,6791.961,92.844,418.223,409.428,1
25544,ISS,24,1.34389728,15.49956587,0.0002167,51.6406,356.3504,91.9648,351.9019,0.00025765,0.00014253,0.0,6794.99,92.906,418.327,415.382,1
25544,ISS,48,3.9229331022222222,15.5099562,0.0006463,51.6405,1.8052,70.5355,348.3003,0.000262,0.00015066,0.0,6791.955,92.844,418.21,409.43,1
25544,ISS,24,1.484914133333333,15.49950675,0.00023,51.6406,355.6952,91.1745,14.7765,0.00016361,8.877e-05,0.0,6795.007,92.906,418.435,415.309,1
25544,ISS,48,5.200432942222222,15.4993817,0.0002208,51.6382,358.6669,81.1486,278.9753,0.00025526,0.00014107,0.0,6795.044,92.907,418.409,415.408,1
25544,ISS,6,5.231169502222222,15.50000417,0.000222,51.638,348.7647,90.5106,269.6137,0.00028328,0.00015744,0.0,6794.862,92.903,418.235,415.218,1
25544,ISS,48,1.34389728,15.49956587,0.0002167,51.6406,356.3504,91.9648,351.9019,0.00025765,0.00014253,0.0,6794.99,92.906,418.327,415.382,1
25544,ISS,24,0.9413545066666666,15.49986865,0.0002348,51.6409,351.2824,91.1592,308.6958,0.00028768,0.00015988,0.0,6794.901,92.904,418.362,415.171,1
25544,ISS,6,2.2914262933333336,15.5002922,0.0002551,51.6376,346.78,109.7026,325.2907,0.00050543,0.00028524,0.0,6794.778,92.901,418.376,414.909,1
25544,ISS,24,1.717836693333333,15.49989112,0.0002317,51.6406,350.2732,91.5602,5.415,0.00026127,0.00014477,0.0,6794.895,92.904,418.334,415.186,1
25544,ISS,24,7.458841208888889,15.50015612,0.0002225,51.6381,346.5288,92.5832,267.5412,0.00029328,0.00016326,0.0,6794.817,92.902,418.194,415.171,1
25544,ISS,24,0.9858858933333334,15.50022714,0.0002338,51.6394,345.1673,98.9982,351.9829,0.00027291,0.00015162,0.0,6794.797,92.902,418.25,415.073,1
25544,ISS,48,1.717836693333333,15.49989112,0.0002317,51.6406,350.2732,91.5602,5.415,0.00026127,0.00014477,0.0,6794.895,92.904,418.334,415.186,1
25544,ISS,48,1.8901868711111112,15.5001452,0.0002353,51.6392,346.4896,97.8694,303.1747,0.0002735,0.00015191,0.0,6794.821,92.902,418.284,415.087,1
25544,ISS,6,8.569642462222223,15.50084641,0.000201,51.6417,339.088,95.6624,3.1702,-9.6969e-05,-6.001e-05,0.0,6794.616,92.898,417.846,415.115,1
25544,ISS,48,5.077038684444444,15.50054085,0.0001934,51.6408,343.8792,100.3261,3.0329,0.00043163,0.000243,0.0,6794.705,92.9,417.884,415.256,1
25544,ISS,6,2.36671784,15.50109575,0.0002284,51.6397,334.5763,104.5784,38.7897,0.0003238,0.00018138,0.0,6794.543,92.897,417.96,414.856,1
25544,ISS,24,8.569642462222223,15.50084641,0.000201,51.6417,339.088,95.6624,3.1702,-9.6969e-05,-6.001e-05,0.0,6794.616,92.898,417.846,415.115,1
25544,ISS,48,0.5443036888888889,15.50030601,0.0001968,51.6408,342.3236,98.6252,317.162,-0.000343,-0.00019999,0.0,6794.774,92.901,417.976,415.301,1
25544,ISS,12,7.435418097777778,15.50122563,0.0002233,51.6384,334.3913,100.585,259.5391,0.00042327,0.00023878,0.0,6794.505,92.896,417.887,414.853,1
25544,ISS,24,7.435418097777778,15.50122563,0.0002233,51.6384,334.3913,100.585,259.5391,0.00042327,0.00023878,0.0,6794.505,92.896,417.887,414.853,1
25544,ISS,48,8.569642462222223,15.50084641,0.000201,51.6417,339.088,95.6624,3.1702,-9.6969e-05,-6.001e-05,0.0,6794.616,92.898,417.846,415.115,1
25544,ISS,24,9.286290106666666,15.50168631,0.0002202,51.638,329.2803,105.2364,254.8869,0.00040726,0.00022993,0.0,6794.37,92.893,417.731,414.739,1
25544,ISS,6,3.717952773333333,15.50215631,0.0002413,51.6396,324.362,105.9549,30.8533,0.00040538,0.00022923,0.0,6794.233,92.89,417.737,414.459,1
25544,ISS,48,1.0490026755555557,15.50122423,0.0002302,51.6397,332.4142,88.3442,335.3609,-0.00012232,-7.459e-05,0.0,6794.505,92.896,417.934,414.806,1
25544,ISS,24,1.481684728888889,15.50196476,0.0002232,51.6394,325.9961,105.0408,346.4154,0.00038386,0.00021664,0.0,6794.289,92.891,417.67,414.637,1
25544,ISS,24,5.728543688888889,15.50193579,0.0002227,51.6381,326.7242,108.8196,251.3034,0.0004106,0.00023207,0.0,6794.297,92.892,417.675,414.649,0
25544,ISS,48,2.1829986933333334,15.50146491,0.0002213,51.6388,330.7874,115.8195,338.1782,0.00035169,0.0001977,0.0,6794.435,92.894,417.804,414.796,1
25544,ISS,12,1.3919009422222222,15.50257742,0.0002695,51.6387,322.5115,117.4593,311.7956,0.00079808,0.00045775,0.0,6794.11,92.888,417.806,414.144,1
25544,ISS,12,11.067588435555557,15.50216276,0.0002197,51.6381,324.4878,109.0566,251.0661,0.00044485,0.00025208,0.0,6794.231,92.89,417.589,414.603,0
25544,ISS,6,7.436059351111111,15.50242156,0.000224,51.6381,321.9316,112.3066,247.8161,0.00044294,0.00025121,0.0,6794.155,92.889,417.542,414.499,0
25544,ISS,24,1.3919009422222222,15.50257742,0.0002695,51.6387,322.5115,117.4593,311.7956,0.00079808,0.00045775,0.0,6794.11,92.888,417.806,414.144,1
25544,ISS,24,11.067588435555557,15.50216276,0.0002197,51.6381,324.4878,109.0566,251.0661,0.00044485,0.00025208,0.0,6794.231,92.89,417.589,414.603,1
25544,ISS,12,0.9475258933333334,15.50262599,0.0002351,51.6398,319.8668,109.3968,53.1683,0.00042696,0.00024213,0.0,6794.096,92.887,417.558,414.363,1
25544,ISS,12,0.7657718666666666,15.50269473,0.0002382,51.64,319.2443,109.823,34.3352,0.00043042,0.0002442,0.0,6794.076,92.887,417.559,414.322,1
25544,ISS,24,1.5038881333333332,15.50252769,0.0002527,51.6387,321.8439,114.4172,344.4657,0.00059998,0.00034242,0.0,6794.124,92.888,417.706,414.273,1
25544,ISS,48,1.38756128,15.50189457,0.0002346,51.6389,326.6314,113.4289,343.1654,0.00037714,0.0002127,0.0,6794.309,92.892,417.768,414.58,1
25544,ISS,6,1.2472854844444443,15.50311107,0.000268,51.6406,317.3852,125.1572,317.6588,0.00069807,0.00040029,0.0,6793.954,92.885,417.64,413.998,1
25544,ISS,48,1.481684728888889,15.50196476,0.0002232,51.6394,325.9961,105.0408,346.4154,0.00038386,0.00021664,0.0,6794.289,92.891,417.67,414.637,1
25544,ISS,24,1.184478408888889,15.50248456,0.000231,51.6397,320.8763,111.3034,350.1573,0.00040357,0.00022846,0.0,6794.137,92.888,417.571,414.433,1
25544,ISS,12,10.527558124444443,15.50272979,0.0002211,51.6379,319.3761,113.0842,247.038,0.0004633,0.00026329,0.0,6794.065,92.887,417.433,414.428,1
25544,ISS,24,0.9475258933333334,15.50262599,0.0002351,51.6398,319.8668,109.3968,53.1683,0.00042696,0.00024213,0.0,6794.096,92.887,417.558,414.363,1
25544,ISS,48,0.1656357511111111,15.50212339,0.0002396,51.6395,324.6608,105.4986,54.5179,0.00040265,0.00022763,0.0,6794.243,92.891,417.735,414.48,1
25544,ISS,12,5.613729582222223,15.50303123,0.000225,51.6378,316.8197,117.4861,242.6357,0.00048039,0.00027351,0.0,6793.977,92.885,417.371,414.314,0
25544,ISS,24,1.3911752977777776,15.50294077,0.0002442,51.6401,316.7194,116.4942,348.4746,0.00042211,0.00023959,0.0,6794.004,92.886,417.528,414.21,1
25544,ISS,6,2.1735988977777776,15.50350408,0.0002244,51.6409,312.9268,106.44,316.7944,0.00051543,0.00029436,0.0,6793.839,92.882,417.229,414.18,0
25544,ISS,6,1.756212222222222,15.50360155,0.000221,51.6377,311.7074,120.3655,239.7552,0.00047087,0.00026853,0.0,6793.811,92.882,417.177,414.174,1
25544,ISS,12,10.159121644444443,15.50330081,0.0002202,51.6377,314.5834,117.2945,242.8268,0.00048683,0.00027752,0.0,6793.899,92.883,417.26,414.268,1
25544,ISS,6,3.021236862222222,15.50378816,0.0002183,51.6377,310.1099,121.1655,238.9549,0.00050717,0.00028985,0.0,6793.756,92.881,417.104,414.138,0
25544,ISS,24,6.892043315555555,15.50331286,0.0002577,51.6398,314.4532,117.769,26.7886,0.00049851,0.00028433,0.0,6793.895,92.883,417.511,414.009,1
25544,ISS,24,7.679399182222222,15.50330144,0.0002204,51.6377,314.5834,117.3273,242.7941,0.00048902,0.00027879,0.0,6793.898,92.883,417.261,414.266,0
25544,ISS,24,10.159121644444443,15.50330081,0.0002202,51.6377,314.5834,117.2945,242.8268,0.00048683,0.00027752,0.0,6793.899,92.883,417.26,414.268,0
25544,ISS,12,1.4278192444444444,15.5037187,0.0002041,51.6398,310.2904,105.9721,43.1,0.00046192,0.00026343,0.0,6793.776,92.881,417.028,414.255,1
25544,ISS,24,2.1735988977777776,15.50350408,0.0002244,51.6409,312.9268,106.44,316.7944,0.00051543,0.00029436,0.0,6793.839,92.882,417.229,414.18,1
25544,ISS,6,8.141477164444446,15.50382919,0.0002162,51.6377,309.7903,121.1772,238.9429,0.00050613,0.00028929,0.0,6793.744,92.88,417.078,414.14,0
25544,ISS,6,8.024955751111111,15.50384033,0.0002398,51.6397,309.6603,116.3861,27.0151,0.00047021,0.00026838,0.0,6793.741,92.88,417.235,413.977,0
25544,ISS,48,0.4650538133333333,15.50304586,0.0002333,51.6395,315.8397,116.8456,259.2342,0.00042855,0.00024342,0.0,6793.973,92.885,417.423,414.253,1
25544,ISS,12,1.8834257244444443,15.50409253,0.0002043,51.6397,307.8067,117.0444,314.9243,0.00054482,0.00031214,0.0,6793.667,92.879,416.92,414.144,1
25544,ISS,24,8.141477164444446,15.50382919,0.0002162,51.6377,309.7903,121.1772,238.9429,0.00050613,0.00028929,0.0,6793.744,92.88,417.078,414.14,1
25544,ISS,48,6.892043315555555,15.50331286,0.0002577,51.6398,314.4532,117.769,26.7886,0.00049851,0.00028433,0.0,6793.895,92.883,417.511,414.009,1
25544,ISS,48,7.679399182222222,15.50330144,0.0002204,51.6377,314.5834,117.3273,242.7941,0.00048902,0.00027879,0.0,6793.898,92.883,417.261,414.266,1
25544,ISS,24,8.024955751111111,15.50384033,0.0002398,51.6397,309.6603,116.3861,27.0151,0.00047021,0.00026838,0.0,6793.741,92.88,417.235,413.977,0
25544,ISS,48,1.756212222222222,15.50360155,0.000221,51.6377,311.7074,120.3655,239.7552,0.00047087,0.00026853,0.0,6793.811,92.882,417.177,414.174,1
25544,ISS,12,4.850993271111111,15.50434803,0.0002398,51.6402,304.8727,120.2571,16.074,0.00046157,0.00026383,0.0,6793.593,92.877,417.087,413.829,1
25544,ISS,48,1.4278192444444444,15.5037187,0.0002041,51.6398,310.2904,105.9721,43.1,0.00046192,0.00026343,0.0,6793.776,92.881,417.028,414.255,1
25544,ISS,12,0.6458931555555556,15.50479504,0.0002264,51.64,301.0406,124.6453,6.8359,0.00047873,0.00027428,0.0,6793.462,92.874,416.865,413.789,1
25544,ISS,6,11.195005137777777,15.50486583,0.0002205,51.6379,299.8839,131.6195,228.4983,0.00041746,0.00023854,0.0,6793.441,92.874,416.804,413.808,1
25544,ISS,6,1.73749032,15.50509808,0.0002089,51.6377,297.8978,131.427,306.8981,0.00045306,0.00025956,0.0,6793.374,92.873,416.658,413.819,1
25544,ISS,24,11.195005137777777,15.50486583,0.0002205,51.6379,299.8839,131.6195,228.4983,0.00041746,0.00023854,0.0,6793.441,92.874,416.804,413.808,1
25544,ISS,12,12.06215193777778,15.50529497,0.0002113,51.6378,295.0907,134.5877,225.5284,0.00037398,0.00021348,0.0,6793.316,92.871,416.616,413.746,1
25544,ISS,48,0.8360222133333333,15.50487044,0.0002325,51.6402,300.0846,127.9711,3.3871,0.00046444,0.000266,0.0,6793.44,92.874,416.885,413.726,1
25544,ISS,48,0.42577384,15.50506992,0.0003104,51.6377,296.2827,141.8447,313.9175,0.00057704,0.00033214,0.0,6793.382,92.873,417.355,413.138,1
25544,ISS,6,0.4399001955555555,15.50588757,0.0002397,51.6397,286.3654,148.7816,315.2171,0.00022449,0.00012645,0.0,6793.143,92.868,416.636,413.38,1
25544,ISS,24,0.9974052088888888,15.50580823,0.0002159,51.6395,290.1622,133.7357,10.9595,0.00042619,0.00024447,0.0,6793.166,92.868,416.498,413.564,1
25544,ISS,24,8.659905208888889,15.50579325,0.0002353,51.6394,290.1657,148.0201,356.6586,0.00048961,0.00028165,0.0,6793.171,92.869,416.634,413.437,1
25544,ISS,48,1.6819691733333333,15.5055443,0.0002149,51.6376,291.8951,137.6206,222.495,0.00035095,0.0002002,0.0,6793.243,92.87,416.568,413.648,1
25544,ISS,12,1.3966774933333332,15.50622455,0.000253,51.6404,281.2312,148.79,344.9896,0.00018296,0.0001023,0.0,6793.045,92.866,416.628,413.191,1
25544,ISS,48,8.659905208888889,15.50579325,0.0002353,51.6394,290.1657,148.0201,356.6586,0.00048961,0.00028165,0.0,6793.171,92.869,416.634,413.437,1
25544,ISS,48,1.997617528888889,15.50607173,0.0002307,51.6414,285.3793,145.9619,349.5412,0.00035189,0.00020113,0.0,6793.089,92.867,416.521,413.387,1
25544,ISS,12,1.6473185422222223,15.50663298,0.0002376,51.6389,276.4604,143.0529,323.9553,0.00029308,0.00016702,0.0,6792.925,92.863,416.404,413.176,1
25544,ISS,12,5.705273600000001,15.50656712,0.0002078,51.6367,277.194,149.0276,211.0836,0.0002797,0.00015913,0.0,6792.944,92.864,416.221,413.398,1
25544,ISS,24,9.331625226666668,15.50635262,0.000207,51.6374,280.3891,144.9728,215.1398,0.00027486,0.00015617,0.0,6793.007,92.865,416.278,413.466,1
25544,ISS,12,2.96429272,15.50672532,0.000209,51.6366,275.5953,149.645,210.466,0.00032727,0.00018714,0.0,6792.898,92.863,416.183,413.344,0
25544,ISS,48,1.6210841688888888,15.5061359,0.0002375,51.6403,281.8976,150.635,312.799,9.1193e-05,4.864e-05,0.0,6793.07,92.866,416.549,413.322,1
25544,ISS,6,0.2719443822222222,15.50702605,0.0002054,51.6386,271.5905,143.999,42.7673,0.00031876,0.00018235,0.0,6792.81,92.861,416.071,413.28,0
25544,ISS,12,1.0027093777777778,15.50695229,0.0002126,51.6387,272.9482,142.5311,315.548,0.0003585,0.00020566,0.0,6792.832,92.862,416.141,413.253,1
25544,ISS,48,1.979912542222222,15.50657701,0.0002616,51.6401,277.149,147.0841,263.6732,0.00028578,0.0001627,0.0,6792.942,92.864,416.584,413.03,1
25544,ISS,48,0.6917542133333333,15.50696851,0.0002212,51.6385,273.6102,140.8903,295.0501,0.00044844,0.00025859,0.0,6792.827,92.861,416.195,413.19,1
25544,ISS,6,1.542544088888889,15.50763271,0.0002588,51.6396,263.7001,148.6072,295.7663,0.00043715,0.00025256,0.0,6792.633,92.857,416.256,412.74,1
25544,ISS,48,0.2719443822222222,15.50702605,0.0002054,51.6386,271.5905,143.999,42.7673,0.00031876,0.00018235,0.0,6792.81,92.861,416.071,413.28,1
25544,ISS,6,1.4158334311111112,15.50752901,0.0001779,51.6369,262.0126,154.9367,20.9868,0.00016397,9.163e-05,0.0,6792.664,92.858,415.737,413.32,1
25544,ISS,48,1.542544088888889,15.50763271,0.0002588,51.6396,263.7001,148.6072,295.7663,0.00043715,0.00025256,0.0,6792.633,92.857,416.256,412.74,1
25544,ISS,6,3.416967235555556,15.49734752,0.0003802,51.6359,252.586,264.0532,96.0023,0.00030449,0.000168,0.0,6795.638,92.919,420.087,414.92,1
25544,ISS,48,1.6922801955555555,15.50771351,0.0002069,51.6379,260.7592,153.7231,352.3252,0.0002821,0.0001612,0.0,6792.61,92.857,415.88,413.069,1
25544,ISS,6,1.381419342222222,15.49742755,0.0003396,51.6374,251.8191,268.5169,232.7283,0.00032891,0.00018191,0.0,6795.615,92.919,419.788,415.172,0
25544,ISS,48,13.996174,15.507667,0.0002063,51.6349,260.892,160.5751,199.5317,0.00025233,0.00014365,0.0,6792.623,92.857,415.89,413.087,1
25544,ISS,6,3.3742101066666668,15.49760848,0.0003808,51.6353,248.7534,267.0523,93.003,0.00027743,0.00015278,0.0,6795.562,92.918,420.015,414.839,0
25544,ISS,12,1.6954458044444445,15.49759918,0.0003691,51.6351,248.992,273.4182,171.9296,0.00029553,0.00016306,0.0,6795.565,92.918,419.938,414.922,0
25544,ISS,24,1.6954458044444445,15.49759918,0.0003691,51.6351,248.992,273.4182,171.9296,0.00029553,0.00016306,0.0,6795.565,92.918,419.938,414.922,1
25544,ISS,12,4.954302542222222,15.49771115,0.0003839,51.6358,247.1556,265.7964,94.2586,0.00025841,0.00014202,0.0,6795.532,92.917,420.006,414.788,1
25544,ISS,12,1.7007487733333333,15.4978258,0.0003595,51.6385,246.383,271.3736,238.6066,0.0003227,0.00017864,0.0,6795.499,92.916,419.807,414.921,0
25544,ISS,48,0.4112988177777777,15.49738287,0.0003257,51.637,253.511,264.3851,130.1713,0.00044753,0.00024933,0.0,6795.628,92.919,419.706,415.28,1
25544,ISS,48,5.3928731644444445,15.49744873,0.0003822,51.6354,251.3091,264.9942,95.061,0.00029531,0.00016284,0.0,6795.609,92.919,420.071,414.877,0
25544,ISS,48,1.6954458044444445,15.49759918,0.0003691,51.6351,248.992,273.4182,171.9296,0.00029553,0.00016306,0.0,6795.565,92.918,419.938,414.922,0
25544,ISS,24,4.560042791111111,15.4979146,0.0003688,51.6357,244.6003,269.9226,90.134,0.00028795,0.00015893,0.0,6795.473,92.916,419.844,414.831,1
25544,ISS,24,0.5758750844444444,15.49797991,0.0003513,51.6374,243.6061,275.7741,124.9443,0.00026709,0.00014709,0.0,6795.454,92.915,419.706,414.931,1
25544,ISS,48,3.3742101066666668,15.49760848,0.0003808,51.6353,248.7534,267.0523,93.003,0.00027743,0.00015278,0.0,6795.562,92.918,420.015,414.839,1
25544,ISS,6,1.0376430222222224,15.49827587,0.0003689,51.6348,238.8519,276.1135,83.9433,0.00029029,0.00016047,0.0,6795.367,92.914,419.739,414.725,0
25544,ISS,12,1.0376430222222224,15.49827587,0.0003689,51.6348,238.8519,276.1135,83.9433,0.00029029,0.00016047,0.0,6795.367,92.914,419.739,414.725,0
25544,ISS,48,1.7007487733333333,15.4978258,0.0003595,51.6385,246.383,271.3736,238.6066,0.0003227,0.00017864,0.0,6795.499,92.916,419.807,414.921,1
25544,ISS,6,1.2831636266666666,15.49835475,0.0003505,51.6378,237.5586,278.8954,96.0035,0.0002792,0.00015419,0.0,6795.344,92.913,419.591,414.827,0
25544,ISS,12,1.263441608888889,15.49826106,0.0003404,51.6368,238.76,279.0733,184.1225,0.00026279,0.00014479,0.0,6795.371,92.914,419.549,414.923,1
25544,ISS,24,1.2831636266666666,15.49835475,0.0003505,51.6378,237.5586,278.8954,96.0035,0.0002792,0.00015419,0.0,6795.344,92.913,419.591,414.827,0
25544,ISS,6,4.216474408888889,15.49858655,0.0003692,51.6346,234.0609,280.5478,79.5094,0.00030186,0.00016725,0.0,6795.276,92.912,419.65,414.632,0
25544,ISS,6,1.7007222844444445,15.49894124,0.0003764,51.6377,229.1795,286.0749,169.7148,0.00030695,0.00017037,0.0,6795.173,92.91,419.595,414.48,1
25544,ISS,24,0.7114927644444444,15.49869763,0.0003474,51.6373,232.0378,282.9273,192.9924,0.00027395,0.00015139,0.0,6795.244,92.911,419.469,414.748,1
25544,ISS,12,9.227368924444445,15.49901135,0.000388,51.6357,227.6737,285.3543,74.7017,0.00027596,0.00015271,0.0,6795.152,92.909,419.654,414.381,0
25544,ISS,48,4.216474408888889,15.49858655,0.0003692,51.6346,234.0609,280.5478,79.5094,0.00030186,0.00016725,0.0,6795.276,92.912,419.65,414.632,0
25544,ISS,48,0.7114927644444444,15.49869763,0.0003474,51.6373,232.0378,282.9273,192.9924,0.00027395,0.00015139,0.0,6795.244,92.911,419.469,414.748,1
25544,ISS,6,0.9961200622222224,15.49927739,0.0003782,51.6384,223.4294,289.731,171.4499,0.00027293,0.00015113,0.0,6795.074,92.908,419.509,414.369,0
25544,ISS,24,0.8573044711111111,15.4990555,0.0003507,51.6375,226.9065,286.8821,210.2731,0.00028399,0.00015732,0.0,6795.139,92.909,419.387,414.621,0
25544,ISS,24,4.5079150044444445,15.49925351,0.0003841,51.6345,224.1588,288.2192,71.8378,0.0002905,0.00016116,0.0,6795.081,92.908,419.556,414.336,1
25544,ISS,24,0.9961200622222224,15.49927739,0.0003782,51.6384,223.4294,289.731,171.4499,0.00027293,0.00015113,0.0,6795.074,92.908,419.509,414.369,0
25544,ISS,6,3.98714912,15.49954314,0.0003859,51.6348,219.0487,293.0239,67.0343,0.00026824,0.00014859,0.0,6794.997,92.906,419.484,414.239,1
25544,ISS,24,1.6919944711111112,15.49938732,0.0003546,51.6374,222.1245,290.1977,196.1848,0.00029064,0.00016131,0.0,6795.042,92.907,419.317,414.498,1
25544,ISS,48,0.8573044711111111,15.4990555,0.0003507,51.6375,226.9065,286.8821,210.2731,0.00028399,0.00015732,0.0,6795.139,92.909,419.387,414.621,0
25544,ISS,12,1.648428631111111,15.4995691,0.0003509,51.6375,219.3277,293.1053,104.7111,0.00028908,0.00016052,0.0,6794.989,92.906,419.238,414.47,1
25544,ISS,24,1.648428631111111,15.4995691,0.0003509,51.6375,219.3277,293.1053,104.7111,0.00028908,0.00016052,0.0,6794.989,92.906,419.238,414.47,1
25544,ISS,48,0.7756294133333334,15.49924538,0.0003513,51.6376,224.0685,288.1615,167.5515,0.00028541,0.00015824,0.0,6795.084,92.908,419.336,414.562,1
25544,ISS,12,4.869845662222222,15.49967053,0.0003956,51.6352,217.4522,295.4304,64.6275,0.0003133,0.00017446,0.0,6794.959,92.905,419.512,414.136,0
25544,ISS,48,7.038502942222222,15.49933351,0.0003951,51.6353,222.563,290.9145,69.1421,0.00026708,0.00014782,0.0,6795.058,92.907,419.608,414.238,1
25544,ISS,48,1.648428631111111,15.4995691,0.0003509,51.6375,219.3277,293.1053,104.7111,0.00028908,0.00016052,0.0,6794.989,92.906,419.238,414.47,1
25544,ISS,24,1.88376864,15.49990225,0.0003913,51.6349,214.2572,297.3767,62.6824,0.00032056,0.00017876,0.0,6794.892,92.904,419.415,414.098,0
25544,ISS,24,1.7779710044444443,15.49990038,0.0003757,51.6375,213.8505,296.8382,154.6248,0.00028014,0.0001556,0.0,6794.892,92.904,419.31,414.204,1
25544,ISS,24,1.5111860444444445,15.50007876,0.0003838,51.6366,212.2174,295.6595,201.1667,0.0003346,0.00018693,0.0,6794.84,92.903,419.313,414.097,1
25544,ISS,48,1.029081697777778,15.49970842,0.0003534,51.6376,216.9984,296.8239,206.0724,0.00028582,0.00015874,0.0,6794.948,92.905,419.215,414.412,1
25544,ISS,48,4.869845662222222,15.49967053,0.0003956,51.6352,217.4522,295.4304,64.6275,0.0003133,0.00017446,0.0,6794.959,92.905,419.512,414.136,1
25544,ISS,12,6.7086570044444445,15.50031779,0.0004015,51.6354,207.8685,304.202,55.8588,0.0002648,0.00014704,0.0,6794.77,92.901,419.363,413.907,0
25544,ISS,48,1.88376864,15.49990225,0.0003913,51.6349,214.2572,297.3767,62.6824,0.00032056,0.00017876,0.0,6794.892,92.904,419.415,414.098,1
25544,ISS,48,1.7779710044444443,15.49990038,0.0003757,51.6375,213.8505,296.8382,154.6248,0.00028014,0.0001556,0.0,6794.892,92.904,419.31,414.204,1
25544,ISS,24,5.031183857777778,15.50022971,0.0003968,51.6349,209.4648,302.4562,57.6043,0.00028803,0.00016031,0.0,6794.796,92.902,419.357,413.965,1
25544,ISS,12,3.4404956711111114,15.50080818,0.0004086,51.636,199.2431,311.6218,48.442,0.00025813,0.00014347,0.0,6794.627,92.898,419.268,413.716,0
25544,ISS,12,6.806261742222222,15.50090175,0.0004014,51.6374,197.5145,316.7506,186.7432,0.00023995,0.00013306,0.0,6794.6,92.898,419.192,413.737,0
25544,ISS,24,3.4404956711111114,15.50080818,0.0004086,51.636,199.2431,311.6218,48.442,0.00025813,0.00014347,0.0,6794.627,92.898,419.268,413.716,0
25544,ISS,48,1.0079546133333332,15.50055084,0.0003981,51.6369,203.6141,311.4187,160.1871,0.00022163,0.00012239,0.0,6794.702,92.9,419.272,413.862,1
25544,ISS,12,9.67997910222222,15.50088164,0.0004111,51.6359,197.965,312.7783,47.286,0.00026605,0.00014806,0.0,6794.605,92.898,419.264,413.677,0
25544,ISS,48,4.645617164444444,15.50052355,0.0004093,51.6352,204.354,308.2098,51.8521,0.00024141,0.00013372,0.0,6794.71,92.9,419.356,413.794,0
25544,ISS,6,0.9854490933333332,15.50106485,0.0003865,51.6371,193.6981,315.5499,169.2707,0.00017352,9.497e-05,0.0,6794.552,92.897,419.043,413.791,1
25544,ISS,6,4.745045022222222,15.50109975,0.000415,51.6362,194.4509,315.8353,44.2304,0.00027865,0.00015542,0.0,6794.542,92.897,419.226,413.587,0
25544,ISS,12,0.8936113955555556,15.50110999,0.0003907,51.638,194.3637,315.115,135.6488,0.00025816,0.00014364,0.0,6794.539,92.897,419.058,413.749,1
25544,ISS,48,3.4404956711111114,15.50080818,0.0004086,51.636,199.2431,311.6218,48.442,0.00025813,0.00014347,0.0,6794.627,92.898,419.268,413.716,0
25544,ISS,24,0.9854490933333332,15.50106485,0.0003865,51.6371,193.6981,315.5499,169.2707,0.00017352,9.497e-05,0.0,6794.552,92.897,419.043,413.791,1
25544,ISS,6,1.801792835555556,15.50144684,0.0004418,51.6396,188.9093,323.8501,155.7067,0.00025559,0.00014234,0.0,6794.44,92.895,419.307,413.303,0
25544,ISS,12,1.155397937777778,15.50141998,0.0004329,51.6392,189.8797,323.4983,145.0745,0.00029734,0.00016637,0.0,6794.448,92.895,419.254,413.372,0
25544,ISS,24,3.1273658666666666,15.50122294,0.0003914,51.6379,192.7304,317.8087,178.5772,0.00028923,0.00016158,0.0,6794.506,92.896,419.03,413.711,1
25544,ISS,24,1.395436551111111,15.50141306,0.0004128,51.6383,189.5503,320.8241,158.4684,0.00027223,0.0001519,0.0,6794.45,92.895,419.12,413.51,0
25544,ISS,48,0.8936113955555556,15.50110999,0.0003907,51.638,194.3637,315.115,135.6488,0.00025816,0.00014364,0.0,6794.539,92.897,419.058,413.749,0
25544,ISS,6,12.481192515555556,15.5015167,0.0004197,51.6366,188.062,321.8423,38.2268,0.00027487,0.00015348,0.0,6794.42,92.894,419.136,413.433,0
25544,ISS,6,2.107475813333333,15.5016922,0.0004156,51.6389,185.4638,323.0814,80.3534,0.00028112,0.00015718,0.0,6794.369,92.893,419.057,413.41,0
25544,ISS,48,3.1273658666666666,15.50122294,0.0003914,51.6379,192.7304,317.8087,178.5772,0.00028923,0.00016158,0.0,6794.506,92.896,419.03,413.711,0
25544,ISS,24,2.4960836533333333,15.50154024,0.0004148,51.6387,187.6089,321.8517,184.3797,0.00027452,0.00015329,0.0,6794.413,92.894,419.096,413.46,1
25544,ISS,12,1.0582289955555555,15.50172273,0.0004102,51.6381,184.4533,324.4956,135.3336,0.00026438,0.00014754,0.0,6794.36,92.893,419.012,413.438,1
25544,ISS,48,5.921290222222222,15.50119299,0.0004167,51.6363,192.8536,317.1951,42.8713,0.0002681,0.0001494,0.0,6794.514,92.896,419.211,413.548,1
25544,ISS,12,2.5803646311111117,15.50178145,0.0004243,51.6365,184.228,324.7592,35.3116,0.00027901,0.00015602,0.0,6794.342,92.893,419.09,413.325,0
25544,ISS,48,1.395436551111111,15.50141306,0.0004128,51.6383,189.5503,320.8241,158.4684,0.00027223,0.0001519,0.0,6794.45,92.895,419.12,413.51,1
25544,ISS,24,1.0582289955555555,15.50172273,0.0004102,51.6381,184.4533,324.4956,135.3336,0.00026438,0.00014754,0.0,6794.36,92.893,419.012,413.438,1
25544,ISS,12,6.616084595555556,15.50187922,0.0004237,51.6365,182.95,325.5285,34.5428,0.00029245,0.00016383,0.0,6794.314,92.892,419.058,413.3,0
25544,ISS,6,0.7957408533333333,15.50216756,0.0004177,51.6389,179.1027,328.5908,44.2051,0.00030784,0.00017288,0.0,6794.23,92.89,418.933,413.257,0
25544,ISS,12,1.037757848888889,15.50208832,0.0004206,51.6387,179.666,328.3586,126.5332,0.00028447,0.00015934,0.0,6794.253,92.891,418.975,413.26,1
25544,ISS,6,1.7565544266666666,15.50242656,0.000406,51.6389,175.5124,333.0365,122.1476,0.00030289,0.00017018,0.0,6794.154,92.889,418.777,413.261,1
25544,ISS,48,2.5803646311111117,15.50178145,0.0004243,51.6365,184.228,324.7592,35.3116,0.00027901,0.00015602,0.0,6794.342,92.893,419.09,413.325,1
25544,ISS,48,1.037757848888889,15.50208832,0.0004206,51.6387,179.666,328.3586,126.5332,0.00028447,0.00015934,0.0,6794.253,92.891,418.975,413.26,1
25544,ISS,24,4.515355635555555,15.50255355,0.0004349,51.6363,174.6431,332.4152,27.6605,0.0003415,0.00019261,0.0,6794.117,92.888,418.937,413.027,1
25544,ISS,48,2.0950703111111117,15.5022299,0.0004105,51.6391,178.0267,330.1473,172.8419,0.00029603,0.0001661,0.0,6794.211,92.89,418.865,413.287,1
25544,ISS,6,3.917606017777778,15.4920296,0.0006622,51.6445,164.6816,293.0064,138.568,0.00077086,0.00042581,0.0,6797.193,92.951,423.56,414.557,1
25544,ISS,6,5.0312342488888895,15.49199095,0.0006033,51.6345,163.4629,293.2866,66.7487,0.00041512,0.00022657,0.0,6797.205,92.951,423.17,414.969,0
25544,ISS,48,2.55386008,15.50287953,0.0004375,51.6362,171.4481,335.7698,24.3085,0.00041201,0.00023372,0.0,6794.022,92.886,418.859,412.914,1
25544,ISS,48,0.8248470577777778,15.5028861,0.0004114,51.6392,170.0868,338.4416,108.5343,0.00032497,0.00018326,0.0,6794.02,92.886,418.68,413.09,1
25544,ISS,12,5.0312342488888895,15.49199095,0.0006033,51.6345,163.4629,293.2866,66.7487,0.00041512,0.00022657,0.0,6797.205,92.951,423.17,414.969,1
25544,ISS,6,4.125162311111112,15.49213871,0.0005995,51.6346,161.8664,294.3311,65.7052,0.00041424,0.00022619,0.0,6797.162,92.95,423.101,414.952,0
25544,ISS,24,3.917606017777778,15.4920296,0.0006622,51.6445,164.6816,293.0064,138.568,0.00077086,0.00042581,0.0,6797.193,92.951,423.56,414.557,1
25544,ISS,48,1.9867066044444444,15.50311442,0.0004456,51.6376,169.1218,337.4043,117.4137,0.00043947,0.00024987,0.0,6793.953,92.885,418.845,412.791,1
25544,ISS,24,1.3656260444444444,15.49226014,0.0005555,51.6384,159.8518,294.3395,174.7536,0.00035451,0.00019291,0.0,6797.126,92.95,422.767,415.215,1
25544,ISS,24,1.6238724711111112,15.49230282,0.0005812,51.6386,159.1815,297.1686,206.1405,0.00033491,0.000182,0.0,6797.114,92.949,422.929,415.028,1
25544,ISS,24,5.895433057777778,15.49226828,0.000594,51.6353,159.9524,295.6473,64.3901,0.00037858,0.00020637,0.0,6797.124,92.95,423.026,414.951,1
25544,ISS,12,1.82775176,15.49282428,0.0005832,51.6387,154.0683,301.6447,207.5607,0.00040182,0.00021979,0.0,6796.961,92.946,422.79,414.862,1
25544,ISS,12,5.724527706666667,15.49275891,0.000599,51.6355,154.8442,300.6742,59.3656,0.00039076,0.00021355,0.0,6796.98,92.947,422.917,414.774,1
25544,ISS,48,4.125162311111112,15.49213871,0.0005995,51.6346,161.8664,294.3311,65.7052,0.00041424,0.00022619,0.0,6797.162,92.95,423.101,414.952,1
25544,ISS,48,1.3656260444444444,15.49226014,0.0005555,51.6384,159.8518,294.3395,174.7536,0.00035451,0.00019291,0.0,6797.126,92.95,422.767,415.215,1
25544,ISS,24,0.6483122311111111,15.49275673,0.0005661,51.6387,154.7187,299.5437,196.1084,0.0003977,0.00021742,0.0,6796.981,92.947,422.694,414.998,1
25544,ISS,48,10.180962773333334,15.49238473,0.000597,51.6353,158.6755,296.9031,63.1347,0.00038326,0.00020907,0.0,6797.09,92.949,423.012,414.897,1
25544,ISS,24,13.425285066666666,15.49287303,0.0006032,51.6354,153.8867,301.733,58.307,0.00041694,0.0002283,0.0,6796.947,92.946,422.912,414.712,1
25544,ISS,48,0.6483122311111111,15.49275673,0.0005661,51.6387,154.7187,299.5437,196.1084,0.0003977,0.00021742,0.0,6796.981,92.947,422.694,414.998,1
25544,ISS,12,10.205112817777778,15.49341925,0.0006056,51.6355,148.7782,306.3836,53.6593,0.00042969,0.00023591,0.0,6796.787,92.943,422.768,414.536,0
25544,ISS,12,1.3857797511111112,15.49392588,0.0005862,51.6376,144.1824,311.2672,187.896,0.00048336,0.00026651,0.0,6796.639,92.94,422.488,414.52,0
25544,ISS,48,13.425285066666666,15.49287303,0.0006032,51.6354,153.8867,301.733,58.307,0.00041694,0.0002283,0.0,6796.947,92.946,422.912,414.712,1
25544,ISS,6,1.5548394044444445,15.49428638,0.0005896,51.6375,140.7106,314.3477,138.1347,0.00047123,0.00026003,0.0,6796.533,92.937,422.406,414.391,0
25544,ISS,24,4.157691528888889,15.4938257,0.0006091,51.6357,144.9477,309.9487,50.0966,0.00046537,0.00025631,0.0,6796.668,92.94,422.673,414.393,0
25544,ISS,12,1.5548394044444445,15.49428638,0.0005896,51.6375,140.7106,314.3477,138.1347,0.00047123,0.00026003,0.0,6796.533,92.937,422.406,414.391,0
25544,ISS,24,0.7275400355555556,15.49423282,0.0005874,51.6375,141.3993,313.9109,82.0123,0.00048511,0.00026779,0.0,6796.549,92.938,422.406,414.422,0
25544,ISS,24,1.480030311111111,15.49435515,0.0005896,51.6375,140.0419,314.7988,171.5478,0.00046973,0.00025924,0.0,6796.513,92.937,422.386,414.371,1
25544,ISS,48,4.157691528888889,15.4938257,0.0006091,51.6357,144.9477,309.9487,50.0966,0.00046537,0.00025631,0.0,6796.668,92.94,422.673,414.393,1
25544,ISS,24,1.8647904711111112,15.49442314,0.0005918,51.6373,139.4338,315.3306,137.1516,0.00047195,0.00026056,0.0,6796.493,92.937,422.381,414.336,1
25544,ISS,24,5.682530195555555,15.49435478,0.0006082,51.6359,140.1589,313.5519,46.4964,0.00048205,0.0002662,0.0,6796.513,92.937,422.512,414.245,1
25544,ISS,24,4.368619475555556,15.49492665,0.0006038,51.6362,135.0503,317.7353,42.317,0.00049034,0.00027142,0.0,6796.346,92.934,422.315,414.108,1
25544,ISS,48,1.8647904711111112,15.49442314,0.0005918,51.6373,139.4338,315.3306,137.1516,0.00047195,0.00026056,0.0,6796.493,92.937,422.381,414.336,1
25544,ISS,48,0.6290020266666666,15.49491937,0.0005897,51.6377,134.9123,317.6063,188.5602,0.00047421,0.0002623,0.0,6796.348,92.934,422.221,414.205,1
25544,ISS,12,10.137287217777777,15.49561991,0.0006198,51.6356,129.303,323.7914,36.2655,0.00049658,0.00027564,0.0,6796.143,92.929,422.221,413.796,1
25544,ISS,24,2.108007742222222,15.495972,0.0006135,51.6353,125.1519,326.8326,33.2278,0.00040176,0.00022226,0.0,6796.041,92.927,422.075,413.736,1
25544,ISS,48,1.763258088888889,15.49585351,0.0005976,51.6385,129.5122,320.1405,159.8209,0.0010908,0.00061406,0.0,6796.075,92.928,422.001,413.879,1
25544,ISS,6,9.61047182222222,15.49652386,0.0006205,51.6349,118.4445,332.0211,28.0444,0.00033664,0.00018578,0.0,6795.879,92.924,421.961,413.527,1
25544,ISS,24,4.114897075555556,15.49641142,0.0006201,51.635,120.0421,330.9003,29.1639,0.00038907,0.00021542,0.0,6795.912,92.925,421.991,413.563,1
25544,ISS,12,5.163384942222223,15.49663878,0.0006114,51.6348,115.2505,334.2084,25.8599,0.00021355,0.00011612,0.0,6795.846,92.923,421.866,413.556,0
25544,ISS,24,0.4229334044444444,15.49668581,0.0006087,51.6363,115.1019,335.9132,188.183,0.00026707,0.00014645,0.0,6795.832,92.923,421.833,413.56,1
25544,ISS,12,1.4599845511111111,15.49693736,0.0006016,51.6368,110.3294,339.0326,165.1428,0.00024636,0.00013484,0.0,6795.758,92.922,421.712,413.535,0
25544,ISS,24,10.223232195555555,15.49669627,0.0006113,51.6349,113.6536,335.5315,24.5382,0.00017731,9.563e-05,0.0,6795.829,92.923,421.848,413.539,1
25544,ISS,48,9.61047182222222,15.49652386,0.0006205,51.6349,118.4445,332.0211,28.0444,0.00033664,0.00018578,0.0,6795.879,92.924,421.961,413.527,1
25544,ISS,6,3.437548533333333,15.4970778,0.000625,51.6347,107.2665,341.2331,18.8427,0.00021808,0.00011888,0.0,6795.717,92.921,421.83,413.335,0
25544,ISS,6,0.6790263911111111,15.49713456,0.0005979,51.6364,106.5568,342.0075,94.4843,0.00023962,0.00013111,0.0,6795.701,92.92,421.629,413.502,0
25544,ISS,48,0.4229334044444444,15.49668581,0.0006087,51.6363,115.1019,335.9132,188.183,0.00026707,0.00014645,0.0,6795.832,92.923,421.833,413.56,1
25544,ISS,24,1.4599845511111111,15.49693736,0.0006016,51.6368,110.3294,339.0326,165.1428,0.00024636,0.00013484,0.0,6795.758,92.922,421.712,413.535,1
25544,ISS,12,0.9055755288888888,15.49718586,0.0005921,51.6371,105.262,343.8665,111.9615,0.00022255,0.00012145,0.0,6795.686,92.92,421.574,413.527,1
25544,ISS,24,6.521975084444445,15.49701096,0.0006205,51.6348,108.863,339.9642,20.1102,0.0002399,0.00013122,0.0,6795.737,92.921,421.819,413.385,1
25544,ISS,48,10.223232195555555,15.49669627,0.0006113,51.6349,113.6536,335.5315,24.5382,0.00017731,9.563e-05,0.0,6795.829,92.923,421.848,413.539,1
25544,ISS,24,3.437548533333333,15.4970778,0.000625,51.6347,107.2665,341.2331,18.8427,0.00021808,0.00011888,0.0,6795.717,92.921,421.83,413.335,0
25544,ISS,6,2.377830391111111,15.4973477,0.0005976,51.6363,102.0557,345.4695,123.4046,0.0002259,0.00012342,0.0,6795.638,92.919,421.564,413.442,0
25544,ISS,24,1.9240776177777776,15.49717966,0.0005983,51.6364,105.5411,342.8432,158.4682,0.00023378,0.00012782,0.0,6795.687,92.92,421.618,413.487,1
25544,ISS,48,1.4599845511111111,15.49693736,0.0006016,51.6368,110.3294,339.0326,165.1428,0.00024636,0.00013484,0.0,6795.758,92.922,421.712,413.535,1
25544,ISS,12,1.4456387911111113,15.49745413,0.0005896,51.6356,100.4205,347.9032,164.9499,0.00026484,0.00014558,0.0,6795.607,92.918,421.479,413.466,1
25544,ISS,48,6.521975084444445,15.49701096,0.0006205,51.6348,108.863,339.9642,20.1102,0.0002399,0.00013122,0.0,6795.737,92.921,421.819,413.385,1
25544,ISS,12,6.640414266666666,15.49743013,0.0006248,51.635,100.5595,346.3581,13.7238,0.00025424,0.00013956,0.0,6795.614,92.919,421.725,413.233,1
25544,ISS,12,4.774309440000001,15.49745537,0.0006056,51.6357,100.1447,347.3954,116.628,0.00024764,0.00013582,0.0,6795.607,92.918,421.587,413.356,1
25544,ISS,48,3.437548533333333,15.4970778,0.000625,51.6347,107.2665,341.2331,18.8427,0.00021808,0.00011888,0.0,6795.717,92.921,421.83,413.335,0
25544,ISS,6,1.5600906488888888,15.49758272,0.0006012,51.6366,96.9338,349.776,130.989,0.00021325,0.00011634,0.0,6795.57,92.918,421.52,413.349,0
25544,ISS,48,1.9240776177777776,15.49717966,0.0005983,51.6364,105.5411,342.8432,158.4682,0.00023378,0.00012782,0.0,6795.687,92.92,421.618,413.487,1
25544,ISS,24,6.640414266666666,15.49743013,0.0006248,51.635,100.5595,346.3581,13.7238,0.00025424,0.00013956,0.0,6795.614,92.919,421.725,413.233,1
25544,ISS,24,4.774309440000001,15.49745537,0.0006056,51.6357,100.1447,347.3954,116.628,0.00024764,0.00013582,0.0,6795.607,92.918,421.587,413.356,1
25544,ISS,12,1.5600906488888888,15.49758272,0.0006012,51.6366,96.9338,349.776,130.989,0.00021325,0.00011634,0.0,6795.57,92.918,421.52,413.349,0
25544,ISS,12,5.669190382222222,15.49766881,0.0006298,51.6353,95.4492,350.374,9.7127,0.00021024,0.00011468,0.0,6795.544,92.917,421.689,413.13,0
25544,ISS,24,1.5600906488888888,15.49758272,0.0006012,51.6366,96.9338,349.776,130.989,0.00021325,0.00011634,0.0,6795.57,92.918,421.52,413.349,0
25544,ISS,48,5.129133911111111,15.49750542,0.0006278,51.6352,98.6431,347.8812,12.2025,0.00022683,0.00012403,0.0,6795.592,92.918,421.723,413.191,1
25544,ISS,12,0.5295770133333333,15.49801156,0.0006336,51.6364,87.7462,357.5897,41.7656,0.00019262,0.0001048,0.0,6795.444,92.915,421.615,413.004,0
25544,ISS,48,0.4147223377777778,15.49773953,0.0006272,51.6359,94.1869,350.9448,346.382,0.00022778,0.00012468,0.0,6795.524,92.917,421.651,413.127,1
25544,ISS,12,1.1733333333333331,15.49806834,0.0006264,51.6364,86.3312,358.6322,195.6506,0.00019002,0.00010334,0.0,6795.428,92.915,421.549,413.036,1
25544,ISS,12,0.75495872,15.49832014,0.0006344,51.6366,81.3254,1.9459,74.7103,0.00019558,0.0001066,0.0,6795.354,92.913,421.53,412.908,1
25544,ISS,12,6.314284497777777,15.49841516,0.0006389,51.6353,80.7573,1.6996,358.4013,0.00027652,0.00015276,0.0,6795.326,92.913,421.533,412.85,0
25544,ISS,6,1.7980237066666669,15.49861289,0.0006428,51.6353,77.2439,4.6864,355.4183,0.0002435,0.00013404,0.0,6795.268,92.912,421.501,412.765,1
25544,ISS,24,1.2033400444444444,15.49852573,0.0006401,51.6353,78.8409,3.212,356.8909,0.00026852,0.00014826,0.0,6795.294,92.912,421.509,412.809,0
25544,ISS,48,1.63776448,15.49828927,0.0006208,51.6367,82.5748,1.8942,106.7135,0.0002256,0.00012368,0.0,6795.363,92.913,421.447,413.01,1
25544,ISS,6,2.3253000888888886,15.49878056,0.00064,51.6353,74.0496,7.1788,352.9291,0.00021929,0.0001203,0.0,6795.219,92.911,421.433,412.736,0
25544,ISS,12,5.873023386666668,15.49867219,0.0006383,51.6354,75.9661,5.5135,354.5923,0.00022026,0.00012081,0.0,6795.251,92.911,421.454,412.779,0
25544,ISS,24,0.7667989333333334,15.49866033,0.0006719,51.6377,76.477,6.4623,133.8926,0.00025135,0.00013854,0.0,6795.255,92.911,421.685,412.554,0
25544,ISS,24,1.3464290044444445,15.49864464,0.0006264,51.6366,75.8722,7.6024,91.8047,0.00022315,0.00012244,0.0,6795.259,92.911,421.381,412.868,1
25544,ISS,48,6.314284497777777,15.49841516,0.0006389,51.6353,80.7573,1.6996,358.4013,0.00027652,0.00015276,0.0,6795.326,92.913,421.533,412.85,1
25544,ISS,48,1.2033400444444444,15.49852573,0.0006401,51.6353,78.8409,3.212,356.8909,0.00026852,0.00014826,0.0,6795.294,92.912,421.509,412.809,1
25544,ISS,24,2.3253000888888886,15.49878056,0.00064,51.6353,74.0496,7.1788,352.9291,0.00021929,0.0001203,0.0,6795.219,92.911,421.433,412.736,0
25544,ISS,6,3.2767808,15.49902436,0.0006391,51.6353,69.2581,10.5433,349.5688,0.00022911,0.00012602,0.0,6795.148,92.909,421.356,412.67,0
25544,ISS,24,1.0049054666666668,15.49889236,0.0006481,51.6366,72.3628,9.3228,86.9266,0.000251,0.00013846,0.0,6795.187,92.91,421.456,412.648,1
25544,ISS,6,0.4122563377777778,15.4991551,0.0006387,51.6371,67.2508,13.3406,82.7568,0.00024077,0.00013274,0.0,6795.11,92.908,421.315,412.635,0
25544,ISS,6,3.3044675822222223,15.49921961,0.0006419,51.6351,66.0638,13.0256,347.0898,0.00026208,0.00014495,0.0,6795.091,92.908,421.318,412.594,0
25544,ISS,48,2.3253000888888886,15.49878056,0.00064,51.6353,74.0496,7.1788,352.9291,0.00021929,0.0001203,0.0,6795.219,92.911,421.433,412.736,1
25544,ISS,12,4.563801306666666,15.49917383,0.0006423,51.6352,66.7028,12.565,347.5498,0.00025129,0.00013876,0.0,6795.105,92.908,421.334,412.605,0
25544,ISS,24,3.3044675822222223,15.49921961,0.0006419,51.6351,66.0638,13.0256,347.0898,0.00026208,0.00014495,0.0,6795.091,92.908,421.318,412.594,1
25544,ISS,48,3.98052064,15.49895111,0.0006338,51.6369,71.0836,10.6648,86.8244,0.00024313,0.00013398,0.0,6795.17,92.91,421.341,412.728,1
25544,ISS,24,1.6344901777777778,15.49931341,0.000641,51.637,64.4073,15.472,45.914,0.00024104,0.00013297,0.0,6795.064,92.907,421.284,412.573,1
25544,ISS,6,4.757259128888888,15.49959635,0.000642,51.6354,61.2721,16.6184,343.5014,0.00033994,0.00018974,0.0,6794.981,92.906,421.208,412.484,0
25544,ISS,24,1.5042319644444446,15.49939018,0.0006568,51.6356,63.4195,15.559,81.8021,0.00026081,0.00014432,0.0,6795.041,92.907,421.369,412.443,1
25544,ISS,24,2.784681546666667,15.4994995,0.0006422,51.6353,62.55,15.6574,344.4612,0.00034009,0.00018976,0.0,6795.009,92.906,421.238,412.511,0
25544,ISS,48,2.5173482222222225,15.49936208,0.0006423,51.6352,64.1471,14.4841,345.6331,0.00030385,0.00016892,0.0,6795.05,92.907,421.279,412.55,1
25544,ISS,48,2.784681546666667,15.4994995,0.0006422,51.6353,62.55,15.6574,344.4612,0.00034009,0.00018976,0.0,6795.009,92.906,421.238,412.511,1
25544,ISS,6,2.8217616800000003,15.50021799,0.0006442,51.6358,52.647,23.0781,337.0496,0.00030206,0.00016842,0.0,6794.799,92.902,421.042,412.287,1
25544,ISS,24,2.552674426666667,15.50010161,0.0006407,51.6358,54.244,21.9595,338.1668,0.00030216,0.0001684,0.0,6794.833,92.903,421.052,412.345,0
25544,ISS,24,1.1291666755555556,15.500397,0.000668,51.6374,50.093,25.6143,327.9954,0.0003101,0.00017315,0.0,6794.747,92.901,421.151,412.073,1
25544,ISS,6,8.877146924444444,15.50074457,0.0006426,51.6361,46.5776,27.7688,332.3643,0.00040162,0.00022603,0.0,6794.645,92.899,420.877,412.144,1
25544,ISS,6,0.9127242577777778,15.50081075,0.0006508,51.6377,44.9216,30.1803,31.3292,0.00032423,0.00018154,0.0,6794.626,92.898,420.913,412.069,0
25544,ISS,12,2.4685317511111107,15.50067173,0.0006687,51.6369,46.4497,30.3362,111.7801,0.00030403,0.00016983,0.0,6794.667,92.899,421.075,411.988,1
25544,ISS,12,8.877146924444444,15.50074457,0.0006426,51.6361,46.5776,27.7688,332.3643,0.00040162,0.00022603,0.0,6794.645,92.899,420.877,412.144,1
25544,ISS,12,0.9127242577777778,15.50081075,0.0006508,51.6377,44.9216,30.1803,31.3292,0.00032423,0.00018154,0.0,6794.626,92.898,420.913,412.069,1
25544,ISS,6,0.8575606577777777,15.50092071,0.0006449,51.6371,43.6019,30.6766,77.0356,0.0003269,0.00018314,0.0,6794.594,92.898,420.841,412.077,1
25544,ISS,24,2.58176144,15.50098504,0.0006353,51.6363,44.3412,29.6937,330.4411,0.00041535,0.00023414,0.0,6794.575,92.897,420.757,412.124,1
25544,ISS,48,2.124460373333333,15.50047759,0.0006399,51.6359,49.1331,25.9029,334.2279,0.00031586,0.0001765,0.0,6794.723,92.9,420.936,412.241,1
25544,ISS,12,0.6313967822222223,15.49612217,0.0004484,51.6361,33.4101,20.2343,57.1407,0.00043484,0.00024105,0.0,6795.997,92.926,420.909,414.814,1
25544,ISS,12,5.952959653333333,15.49604504,0.0003773,51.6366,34.441,26.882,333.2363,0.00047659,0.00026461,0.0,6796.019,92.927,420.448,415.32,1
25544,ISS,48,6.037042453333333,15.50122778,0.0006468,51.6367,41.7858,30.7796,329.3571,0.000425,0.00023992,0.0,6794.504,92.896,420.764,411.975,1
25544,ISS,6,6.060685635555555,15.49628144,0.0003892,51.6365,31.8868,28.0409,332.0788,0.00041584,0.0002304,0.0,6795.95,92.926,420.46,415.17,0
25544,ISS,24,0.2590680444444444,15.4961805,0.0004296,51.6402,34.3664,19.8911,61.0593,0.00066721,0.00037299,0.0,6795.98,92.926,420.764,414.925,1
25544,ISS,12,6.060685635555555,15.49628144,0.0003892,51.6365,31.8868,28.0409,332.0788,0.00041584,0.0002304,0.0,6795.95,92.926,420.46,415.17,1
25544,ISS,6,1.165646551111111,15.49655987,0.0004291,51.6371,29.5667,26.3916,64.8029,0.00046888,0.00026074,0.0,6795.869,92.924,420.65,414.818,0
25544,ISS,24,2.70585368,15.49618887,0.0003904,51.6367,32.8449,27.4067,332.7127,0.00042871,0.00023762,0.0,6795.977,92.926,420.495,415.189,1
25544,ISS,24,6.060685635555555,15.49628144,0.0003892,51.6365,31.8868,28.0409,332.0788,0.00041584,0.0002304,0.0,6795.95,92.926,420.46,415.17,1
25544,ISS,48,0.2590680444444444,15.4961805,0.0004296,51.6402,34.3664,19.8911,61.0593,0.00066721,0.00037299,0.0,6795.98,92.926,420.764,414.925,1
25544,ISS,24,1.0013214311111112,15.49663618,0.0003866,51.6372,28.6058,33.6212,62.5054,0.00046493,0.00025856,0.0,6795.846,92.923,420.339,415.084,1
25544,ISS,48,2.70585368,15.49618887,0.0003904,51.6367,32.8449,27.4067,332.7127,0.00042871,0.00023762,0.0,6795.977,92.926,420.495,415.189,1
25544,ISS,24,2.1068118044444444,15.49675134,0.000392,51.6367,27.7354,31.1185,329.0036,0.00048293,0.00026889,0.0,6795.813,92.923,420.342,415.014,0
25544,ISS,6,2.8946451822222223,15.4972603,0.0003815,51.6371,22.9449,34.4533,325.6702,0.00045251,0.00025207,0.0,6795.664,92.92,420.121,414.936,0
25544,ISS,24,1.8822181066666668,15.49709175,0.0004096,51.6376,24.4522,32.2846,63.8107,0.0004642,0.00025857,0.0,6795.713,92.921,420.362,414.795,1
25544,ISS,6,4.393055448888888,15.49747147,0.0004053,51.6381,21.0488,35.5022,296.1249,0.00047116,0.00026289,0.0,6795.602,92.918,420.221,414.713,0
25544,ISS,6,1.4709124711111112,15.49769747,0.0004065,51.638,19.0005,36.6891,82.9385,0.00047296,0.00026412,0.0,6795.536,92.917,420.163,414.639,1
25544,ISS,48,2.1068118044444444,15.49675134,0.000392,51.6367,27.7354,31.1185,329.0036,0.00048293,0.00026889,0.0,6795.813,92.923,420.342,415.014,0
25544,ISS,24,2.8946451822222223,15.4972603,0.0003815,51.6371,22.9449,34.4533,325.6702,0.00045251,0.00025207,0.0,6795.664,92.92,420.121,414.936,1
25544,ISS,12,1.4709124711111112,15.49769747,0.0004065,51.638,19.0005,36.6891,82.9385,0.00047296,0.00026412,0.0,6795.536,92.917,420.163,414.639,0
25544,ISS,6,2.13320256,15.49793542,0.0003828,51.6371,17.8349,38.0515,322.0743,0.00064714,0.00036384,0.0,6795.467,92.916,419.933,414.73,1
25544,ISS,24,4.393055448888888,15.49747147,0.0004053,51.6381,21.0488,35.5022,296.1249,0.00047116,0.00026289,0.0,6795.602,92.918,420.221,414.713,1
25544,ISS,12,2.13320256,15.49793542,0.0003828,51.6371,17.8349,38.0515,322.0743,0.00064714,0.00036384,0.0,6795.467,92.916,419.933,414.73,1
25544,ISS,24,15.088545768888888,15.4973298,0.0003845,51.6369,22.3064,34.2074,325.9162,0.00044098,0.00024557,0.0,6795.644,92.919,420.121,414.896,1
25544,ISS,48,1.8822181066666668,15.49709175,0.0004096,51.6376,24.4522,32.2846,63.8107,0.0004642,0.00025857,0.0,6795.713,92.921,420.362,414.795,1
25544,ISS,6,0.89226176,15.49813463,0.0004081,51.6387,15.1986,40.3004,42.5048,0.00048044,0.00026881,0.0,6795.408,92.914,420.046,414.5,1
25544,ISS,24,1.4709124711111112,15.49769747,0.0004065,51.638,19.0005,36.6891,82.9385,0.00047296,0.00026412,0.0,6795.536,92.917,420.163,414.639,1
25544,ISS,12,0.89226176,15.49813463,0.0004081,51.6387,15.1986,40.3004,42.5048,0.00048044,0.00026881,0.0,6795.408,92.914,420.046,414.5,1
25544,ISS,6,1.1256127822222222,15.49832932,0.0004114,51.6383,13.9042,40.4814,60.0749,0.00049521,0.00027744,0.0,6795.351,92.913,420.012,414.421,1
25544,ISS,48,2.8946451822222223,15.4972603,0.0003815,51.6371,22.9449,34.4533,325.6702,0.00045251,0.00025207,0.0,6795.664,92.92,420.121,414.936,1
25544,ISS,24,2.13320256,15.49793542,0.0003828,51.6371,17.8349,38.0515,322.0743,0.00064714,0.00036384,0.0,6795.467,92.916,419.933,414.73,0
25544,ISS,12,11.183621395555557,15.49799351,0.0003882,51.6371,17.1961,38.2112,321.9151,0.00055511,0.0003113,0.0,6795.45,92.915,419.953,414.677,1
25544,ISS,12,1.1256127822222222,15.49832932,0.0004114,51.6383,13.9042,40.4814,60.0749,0.00049521,0.00027744,0.0,6795.351,92.913,420.012,414.421,1
25544,ISS,6,3.0846353244444447,15.49868499,0.0003824,51.6369,13.0434,42.3986,317.7298,0.00067743,0.00038219,0.0,6795.247,92.911,419.711,414.514,1
25544,ISS,24,4.745673395555556,15.49791868,0.0004066,51.6384,17.0621,39.0839,105.3642,0.00047663,0.00026643,0.0,6795.471,92.916,420.099,414.573,1
25544,ISS,48,4.393055448888888,15.49747147,0.0004053,51.6381,21.0488,35.5022,296.1249,0.00047116,0.00026289,0.0,6795.602,92.918,420.221,414.713,1
25544,ISS,48,15.088545768888888,15.4973298,0.0003845,51.6369,22.3064,34.2074,325.9162,0.00044098,0.00024557,0.0,6795.644,92.919,420.121,414.896,1
25544,ISS,24,2.6549543022222224,15.4984073,0.0003837,51.6369,14.6407,40.9391,319.1885,0.00060358,0.0003395,0.0,6795.329,92.913,419.801,414.586,1
25544,ISS,48,3.417887386666667,15.49763053,0.0003832,51.6368,19.751,36.6241,323.5009,0.00048689,0.00027199,0.0,6795.556,92.917,420.025,414.817,1
25544,ISS,6,1.370338862222222,15.49910528,0.0004193,51.6391,10.4174,43.1493,34.276,0.00068881,0.00038932,0.0,6795.125,92.909,419.839,414.14,1
25544,ISS,48,1.4709124711111112,15.49769747,0.0004065,51.638,19.0005,36.6891,82.9385,0.00047296,0.00026412,0.0,6795.536,92.917,420.163,414.639,1
25544,ISS,24,2.848587173333333,15.49887043,0.0003839,51.6369,11.4465,43.4705,316.6585,0.00054934,0.00030897,0.0,6795.193,92.91,419.667,414.45,0
25544,ISS,48,1.1256127822222222,15.49832932,0.0004114,51.6383,13.9042,40.4814,60.0749,0.00049521,0.00027744,0.0,6795.351,92.913,420.012,414.421,1
25544,ISS,24,0.1927777244444444,15.49994558,0.0003529,51.6396,3.603,50.4782,146.5284,0.00059879,0.00033861,0.0,6794.879,92.904,419.142,414.346,1
25544,ISS,24,5.785287431111111,15.49980954,0.0003719,51.6372,4.7391,46.862,313.268,0.00064615,0.00036571,0.0,6794.919,92.904,419.311,414.257,1
25544,ISS,48,3.799395253333333,15.49949526,0.0003751,51.6369,6.6558,45.6743,314.4553,0.00056894,0.00032092,0.0,6795.011,92.906,419.424,414.327,1
25544,ISS,12,7.307336693333333,15.50052106,0.0003683,51.6371,359.9472,51.0241,309.1076,0.00057583,0.00032608,0.0,6794.711,92.9,419.078,414.073,0
25544,ISS,12,2.0627777244444445,15.5006678,0.0003789,51.6405,358.829,51.1799,127.2299,0.00057651,0.00032664,0.0,6794.668,92.899,419.107,413.958,0
25544,ISS,6,3.99859128,15.50092829,0.0003651,51.6371,356.7528,53.2985,306.8339,0.00052819,0.00029905,0.0,6794.592,92.898,418.937,413.976,0
25544,ISS,48,0.1927777244444444,15.49994558,0.0003529,51.6396,3.603,50.4782,146.5284,0.00059879,0.00033861,0.0,6794.879,92.904,419.142,414.346,1
25544,ISS,48,5.785287431111111,15.49980954,0.0003719,51.6372,4.7391,46.862,313.268,0.00064615,0.00036571,0.0,6794.919,92.904,419.311,414.257,0
25544,ISS,12,3.15388736,15.50144996,0.0003699,51.6371,353.2392,54.8873,305.2462,0.00062421,0.00035516,0.0,6794.439,92.895,418.818,413.791,0
25544,ISS,24,0.2786355466666667,15.50137426,0.0003916,51.6387,353.7826,56.2018,51.2789,0.00061533,0.00034994,0.0,6794.461,92.895,418.987,413.666,1
25544,ISS,6,14.576392942222222,15.50147793,0.000369,51.6369,352.9197,55.1133,305.0202,0.00057454,0.00032645,0.0,6794.431,92.894,418.803,413.789,1
25544,ISS,24,6.436999724444444,15.50123203,0.0003638,51.637,354.836,54.8357,305.2972,0.00062456,0.00035509,0.0,6794.503,92.896,418.84,413.896,1
25544,ISS,6,3.938208942222222,15.50197518,0.0003631,51.6369,348.4472,58.3052,301.8291,0.00046979,0.00026637,0.0,6794.286,92.891,418.618,413.684,1
25544,ISS,6,0.8963481688888889,15.50238608,0.0003748,51.6398,346.4693,60.2555,359.9742,0.00060427,0.00034478,0.0,6794.166,92.889,418.577,413.484,1
25544,ISS,24,14.576392942222222,15.50147793,0.000369,51.6369,352.9197,55.1133,305.0202,0.00057454,0.00032645,0.0,6794.431,92.894,418.803,413.789,1
25544,ISS,6,3.022137217777777,15.50261465,0.000358,51.6368,343.3364,59.4106,300.7235,0.00050574,0.00028783,0.0,6794.099,92.888,418.396,413.532,0
25544,ISS,12,0.4357109511111111,15.50259644,0.0003988,51.6387,344.0021,61.2662,261.9904,0.00055444,0.0003161,0.0,6794.104,92.888,418.679,413.26,1
25544,ISS,24,2.7527161777777778,15.50246788,0.0003587,51.6366,344.9329,59.4238,300.7105,0.00056453,0.0003218,0.0,6794.142,92.888,418.444,413.57,1
25544,ISS,6,1.084825777777778,15.50298004,0.0003756,51.6393,339.2115,62.323,257.1309,0.00043682,0.00024819,0.0,6793.992,92.885,418.409,413.305,1
25544,ISS,24,3.022137217777777,15.50261465,0.000358,51.6368,343.3364,59.4106,300.7235,0.00050574,0.00028783,0.0,6794.099,92.888,418.396,413.532,1
25544,ISS,12,1.084825777777778,15.50298004,0.0003756,51.6393,339.2115,62.323,257.1309,0.00043682,0.00024819,0.0,6793.992,92.885,418.409,413.305,0
25544,ISS,6,2.429882808888889,15.50299454,0.0003572,51.6366,338.224,62.6445,297.4908,0.00032408,0.0001828,0.0,6793.988,92.885,418.28,413.426,1
25544,ISS,24,1.3652166577777778,15.50282348,0.0003882,51.6393,341.6821,62.7826,355.2851,0.00051845,0.00029544,0.0,6794.038,92.886,418.54,413.266,1
25544,ISS,12,7.370797244444445,15.50286295,0.000356,51.6365,339.8217,63.1826,296.9527,0.00032577,0.00018369,0.0,6794.026,92.886,418.31,413.473,0
25544,ISS,24,13.381303884444444,15.50261469,0.0003581,51.6368,343.3364,59.4823,300.6519,0.00050463,0.00028719,0.0,6794.099,92.888,418.397,413.531,1
25544,ISS,24,0.9036742311111112,15.50287806,0.0003864,51.6397,340.69,59.9131,33.8975,0.00046986,0.00026728,0.0,6794.022,92.886,418.512,413.262,1
25544,ISS,6,1.755549528888889,15.50319906,0.0003811,51.639,335.9127,63.1728,17.2317,0.00036046,0.00020405,0.0,6793.928,92.884,418.382,413.204,1
25544,ISS,12,0.7578785688888889,15.50327493,0.0003713,51.6391,334.2594,67.1199,74.3511,0.00032665,0.00018448,0.0,6793.906,92.884,418.294,413.249,1
25544,ISS,12,7.0733945333333335,15.5033998,0.0003544,51.6354,331.8334,67.5632,292.5732,0.00029345,0.0001653,0.0,6793.87,92.883,418.142,413.327,0
25544,ISS,48,0.7366961244444444,15.50323563,0.0003817,51.6394,336.5591,63.6491,4.208,0.00043012,0.00024453,0.0,6793.918,92.884,418.376,413.189,1
25544,ISS,6,1.599134551111111,15.50375737,0.0003678,51.6391,326.6521,72.1912,358.9118,0.00028797,0.00016233,0.0,6793.765,92.881,418.129,413.131,0
25544,ISS,12,1.599134551111111,15.50375737,0.0003678,51.6391,326.6521,72.1912,358.9118,0.00028797,0.00016233,0.0,6793.765,92.881,418.129,413.131,0
25544,ISS,48,0.8879185955555556,15.50341422,0.0003654,51.6395,331.7733,68.9145,353.5231,0.00028736,0.00016177,0.0,6793.865,92.883,418.213,413.248,0
25544,ISS,6,4.481234791111112,15.50393872,0.0003442,51.6353,323.8439,72.6732,287.4633,0.00028998,0.0001636,0.0,6793.712,92.88,417.916,413.239,0
25544,ISS,6,4.404558995555555,15.50403238,0.0003594,51.6385,322.4104,76.6489,92.3843,0.00028578,0.00016122,0.0,6793.685,92.879,417.992,413.108,1
25544,ISS,24,4.481234791111112,15.50393872,0.0003442,51.6353,323.8439,72.6732,287.4633,0.00028998,0.0001636,0.0,6793.712,92.88,417.916,413.239,1
25544,ISS,6,3.88777128,15.49192057,0.0004848,51.6367,318.7328,3.8316,356.2709,0.00037635,0.00020483,0.0,6797.225,92.952,422.386,415.795,0
25544,ISS,48,1.599134551111111,15.50375737,0.0003678,51.6391,326.6521,72.1912,358.9118,0.00028797,0.00016233,0.0,6793.765,92.881,418.129,413.131,1
25544,ISS,6,2.6882250577777778,15.49208916,0.0004818,51.6367,315.2211,6.2247,353.8801,0.00025624,0.00013798,0.0,6797.176,92.951,422.316,415.766,0
25544,ISS,24,2.429579093333333,15.49201821,0.0004907,51.6367,316.8168,6.0147,354.0899,0.00030022,0.00016245,0.0,6797.197,92.951,422.397,415.726,1
25544,ISS,6,1.5216628177777778,15.49235073,0.0004935,51.6388,311.3007,11.9729,86.6967,0.00027729,0.00014985,0.0,6797.1,92.949,422.319,415.61,0
25544,ISS,48,3.88777128,15.49192057,0.0004848,51.6367,318.7328,3.8316,356.2709,0.00037635,0.00020483,0.0,6797.225,92.952,422.386,415.795,1
25544,ISS,6,5.609457031111111,15.49250234,0.0004849,51.6361,309.1566,10.5473,349.5617,0.00032243,0.00017513,0.0,6797.055,92.948,422.216,415.624,0
25544,ISS,48,2.3089304622222224,15.49205989,0.0005695,51.6369,317.0691,8.6766,68.791,0.00037481,0.0002041,0.0,6797.185,92.951,422.921,415.179,1
25544,ISS,24,3.4638826755555554,15.49239827,0.0004852,51.6366,310.4337,9.4198,350.688,0.00029223,0.00015821,0.0,6797.086,92.949,422.249,415.653,0
25544,ISS,48,2.6882250577777778,15.49208916,0.0004818,51.6367,315.2211,6.2247,353.8801,0.00025624,0.00013798,0.0,6797.176,92.951,422.316,415.766,1
25544,ISS,12,1.0759742222222222,15.49268171,0.0005019,51.6389,305.8804,15.1234,73.5972,0.00027428,0.00014835,0.0,6797.003,92.947,422.279,415.456,1
25544,ISS,24,0.7307761422222222,15.4926229,0.0005024,51.6391,306.8403,14.3448,71.9326,0.00027508,0.00014876,0.0,6797.02,92.947,422.3,415.47,1
25544,ISS,24,6.053801884444445,15.49280872,0.0004922,51.6369,304.3678,13.5339,346.5781,0.00028194,0.00015269,0.0,6796.966,92.946,422.176,415.485,0
25544,ISS,6,5.44776928,15.49310379,0.0005005,51.6365,299.2598,16.56,343.5551,0.00023764,0.00012809,0.0,6796.879,92.945,422.146,415.342,0
25544,ISS,24,0.7184674844444444,15.49296097,0.0004968,51.6392,301.7845,18.4193,8.0252,0.00028321,0.00015349,0.0,6796.921,92.945,422.163,415.409,0
25544,ISS,48,1.234665031111111,15.49262349,0.0005026,51.639,306.8407,14.4205,71.8569,0.00027553,0.00014901,0.0,6797.02,92.947,422.301,415.469,1
25544,ISS,6,2.28141936,15.4932068,0.0004979,51.6365,297.0255,19.0825,341.0349,0.00021806,0.00011719,0.0,6796.849,92.944,422.098,415.33,0
25544,ISS,48,2.86111712,15.49274177,0.0004931,51.637,305.326,12.6252,347.4859,0.00028134,0.00015232,0.0,6796.985,92.947,422.202,415.499,1
25544,ISS,24,5.626944435555556,15.49320196,0.0005073,51.6392,297.9887,19.083,332.7048,0.0002691,0.00014573,0.0,6796.851,92.944,422.164,415.267,1
25544,ISS,48,0.7184674844444444,15.49296097,0.0004968,51.6392,301.7845,18.4193,8.0252,0.00028321,0.00015349,0.0,6796.921,92.945,422.163,415.409,1
25544,ISS,24,2.28141936,15.4932068,0.0004979,51.6365,297.0255,19.0825,341.0349,0.00021806,0.00011719,0.0,6796.849,92.944,422.098,415.33,1
25544,ISS,6,3.48595208,15.49363734,0.0004984,51.637,290.6401,22.541,337.5797,0.00031609,0.00017229,0.0,6796.723,92.941,421.976,415.201,0
25544,ISS,24,0.4386110044444444,15.49360759,0.0004898,51.6395,290.7974,24.6849,152.1373,0.00026359,0.00014285,0.0,6796.732,92.942,421.926,415.268,1
25544,ISS,6,4.716588053333334,15.49402735,0.000504,51.6369,285.5316,25.8719,334.2521,0.0003282,0.00017934,0.0,6796.609,92.939,421.9,415.049,0
25544,ISS,12,4.716588053333334,15.49402735,0.000504,51.6369,285.5316,25.8719,334.2521,0.0003282,0.00017934,0.0,6796.609,92.939,421.9,415.049,1
25544,ISS,6,3.147627786666667,15.49411715,0.0005001,51.6354,283.9348,26.2629,333.8612,0.00030151,0.0001644,0.0,6796.583,92.938,421.847,415.049,0
25544,ISS,48,7.193838444444444,15.49348388,0.0004981,51.6394,293.3575,22.9004,146.1043,0.00027904,0.00015144,0.0,6796.768,92.942,422.019,415.248,0
25544,ISS,48,3.48595208,15.49363734,0.0004984,51.637,290.6401,22.541,337.5797,0.00031609,0.00017229,0.0,6796.723,92.941,421.976,415.201,0
25544,ISS,24,5.141757244444444,15.49407769,0.0005056,51.6387,284.7563,27.7614,122.376,0.00031869,0.00017403,0.0,6796.594,92.939,421.896,415.023,1
25544,ISS,48,4.412643102222222,15.49367294,0.0005135,51.6387,289.5561,20.7798,117.4947,0.00023524,0.00012701,0.0,6796.713,92.941,422.068,415.088,1
25544,ISS,24,1.5627315022222223,15.49422889,0.0005238,51.6388,282.2982,28.4654,13.1067,0.00030643,0.00016724,0.0,6796.55,92.938,421.975,414.855,1
25544,ISS,24,10.261320995555556,15.49422611,0.0004998,51.6357,282.0196,27.8484,332.2772,0.00027791,0.00015121,0.0,6796.551,92.938,421.813,415.019,1
25544,ISS,24,4.164563395555556,15.49429297,0.0005021,51.6356,280.7424,29.0491,331.0776,0.00026434,0.00014363,0.0,6796.531,92.937,421.809,414.984,1
25544,ISS,6,4.064462222222223,15.4945626,0.0005114,51.6356,275.6334,31.4423,328.687,0.00024688,0.00013396,0.0,6796.453,92.936,421.793,414.842,0
25544,ISS,48,3.147627786666667,15.49411715,0.0005001,51.6354,283.9348,26.2629,333.8612,0.00030151,0.0001644,0.0,6796.583,92.938,421.847,415.049,1
25544,ISS,6,3.1654915377777777,15.49465106,0.00051,51.6359,274.0371,32.6107,327.5195,0.00025849,0.00014053,0.0,6796.427,92.935,421.758,414.826,0
25544,ISS,48,1.5627315022222223,15.49422889,0.0005238,51.6388,282.2982,28.4654,13.1067,0.00030643,0.00016724,0.0,6796.55,92.938,421.975,414.855,1
25544,ISS,24,1.0292193511111112,15.49454298,0.0005173,51.6384,277.1333,35.3086,68.0244,0.00029199,0.00015931,0.0,6796.458,92.936,421.839,414.808,1
25544,ISS,48,4.164563395555556,15.49429297,0.0005021,51.6356,280.7424,29.0491,331.0776,0.00026434,0.00014363,0.0,6796.531,92.937,421.809,414.984,1
25544,ISS,24,4.064462222222223,15.4945626,0.0005114,51.6356,275.6334,31.4423,328.687,0.00024688,0.00013396,0.0,6796.453,92.936,421.793,414.842,0
25544,ISS,6,0.1298191377777778,15.49486476,0.0005431,51.6377,271.0683,37.9073,62.1636,0.00027102,0.00014769,0.0,6796.364,92.934,421.92,414.538,0
25544,ISS,12,0.1298191377777778,15.49486476,0.0005431,51.6377,271.0683,37.9073,62.1636,0.00027102,0.00014769,0.0,6796.364,92.934,421.92,414.538,0
25544,ISS,6,1.4891746844444445,15.49490188,0.0005289,51.6376,270.0808,36.9832,101.1485,0.00026474,0.00014417,0.0,6796.353,92.934,421.813,414.624,0
25544,ISS,48,1.0292193511111112,15.49454298,0.0005173,51.6384,277.1333,35.3086,68.0244,0.00029199,0.00015931,0.0,6796.458,92.936,421.839,414.808,1
25544,ISS,24,1.9973224622222223,15.4948019,0.0005481,51.6375,272.348,36.8305,61.1451,0.0002761,0.00015052,0.0,6796.383,92.934,421.973,414.523,1
25544,ISS,12,2.486184328888889,15.49508064,0.0005006,51.6358,267.3304,37.502,322.6317,0.0002711,0.00014784,0.0,6796.301,92.933,421.568,414.764,1
25544,ISS,24,3.943909244444445,15.49497756,0.0005074,51.6361,269.2466,35.3494,324.7831,0.00030834,0.00016876,0.0,6796.331,92.933,421.645,414.748,1
25544,ISS,48,3.1654915377777777,15.49465106,0.00051,51.6359,274.0371,32.6107,327.5195,0.00025849,0.00014053,0.0,6796.427,92.935,421.758,414.826,1
25544,ISS,6,9.37407904888889,15.49519521,0.0005122,51.6361,265.4147,37.8814,322.2534,0.00025545,0.00013909,0.0,6796.268,92.932,421.614,414.652,0
25544,ISS,48,1.9973224622222223,15.4948019,0.0005481,51.6375,272.348,36.8305,61.1451,0.0002761,0.00015052,0.0,6796.383,92.934,421.973,414.523,1
25544,ISS,6,1.7204548711111112,15.49540419,0.0005213,51.6359,262.2216,40.0167,320.1205,0.00026941,0.00014707,0.0,6796.207,92.931,421.614,414.529,1
25544,ISS,48,2.1312296977777776,15.49489682,0.0005071,51.636,270.5243,34.6515,325.4803,0.00030832,0.0001687,0.0,6796.355,92.934,421.666,414.773,1
25544,ISS,6,8.433250853333334,15.49550269,0.0005231,51.6362,260.3059,40.9775,319.1606,0.00025327,0.00013802,0.0,6796.178,92.93,421.598,414.488,0
25544,ISS,12,6.3535416088888885,15.49565477,0.0005245,51.6362,257.4322,43.0548,317.085,0.00023896,0.00013002,0.0,6796.133,92.929,421.563,414.434,1
25544,ISS,24,8.433250853333334,15.49550269,0.0005231,51.6362,260.3059,40.9775,319.1606,0.00025327,0.00013802,0.0,6796.178,92.93,421.598,414.488,0
25544,ISS,6,9.219839164444444,15.49579705,0.0005235,51.6364,255.5165,44.4016,315.7392,0.00029378,0.00016104,0.0,6796.092,92.928,421.514,414.399,0
25544,ISS,48,1.7448732444444444,15.49547162,0.0005371,51.6374,260.8115,44.0755,99.7129,0.00026611,0.00014525,0.0,6796.187,92.93,421.702,414.402,0
25544,ISS,6,1.0780064444444444,15.4960961,0.0005286,51.6389,250.5995,50.9367,87.088,0.00026738,0.00014629,0.0,6796.004,92.927,421.462,414.277,0
25544,ISS,12,5.165974933333334,15.49601503,0.0005259,51.6363,252.3232,46.4736,313.6689,0.00031883,0.00017533,0.0,6796.028,92.927,421.467,414.319,1
25544,ISS,48,8.433250853333334,15.49550269,0.0005231,51.6362,260.3059,40.9775,319.1606,0.00025327,0.00013802,0.0,6796.178,92.93,421.598,414.488,1
25544,ISS,6,2.261547368888889,15.49628767,0.0005231,51.6366,249.1302,48.5635,311.5802,0.0003576,0.00019745,0.0,6795.948,92.925,421.368,414.258,0
25544,ISS,24,1.3192877155555556,15.49597932,0.0005267,51.6379,252.5402,50.0113,58.6845,0.00026779,0.00014646,0.0,6796.038,92.927,421.483,414.324,1
25544,ISS,48,0.8278062222222223,15.49569282,0.0005276,51.6375,257.356,47.8113,31.782,0.00027047,0.00014782,0.0,6796.122,92.929,421.573,414.402,1
25544,ISS,12,1.9558334222222225,15.49616282,0.0005308,51.6383,249.4392,51.9135,312.7057,0.00026577,0.00014542,0.0,6795.985,92.926,421.457,414.242,1
25544,ISS,24,5.165974933333334,15.49601503,0.0005259,51.6363,252.3232,46.4736,313.6689,0.00031883,0.00017533,0.0,6796.028,92.927,421.467,414.319,1
25544,ISS,48,6.3535416088888885,15.49565477,0.0005245,51.6362,257.4322,43.0548,317.085,0.00023896,0.00013002,0.0,6796.133,92.929,421.563,414.434,1
25544,ISS,24,1.0780064444444444,15.4960961,0.0005286,51.6389,250.5995,50.9367,87.088,0.00026738,0.00014629,0.0,6796.004,92.927,421.462,414.277,1
25544,ISS,48,2.9312385955555555,15.49576817,0.0005232,51.6364,255.8359,44.1584,315.9822,0.00027824,0.00015225,0.0,6796.1,92.929,421.521,414.409,1
25544,ISS,24,1.9558334222222225,15.49616282,0.0005308,51.6383,249.4392,51.9135,312.7057,0.00026577,0.00014542,0.0,6795.985,92.926,421.457,414.242,1
25544,ISS,48,5.165974933333334,15.49601503,0.0005259,51.6363,252.3232,46.4736,313.6689,0.00031883,0.00017533,0.0,6796.028,92.927,421.467,414.319,1
25544,ISS,24,1.4590494755555556,15.49650485,0.0005294,51.6379,246.4848,53.127,44.6824,0.00035161,0.00019421,0.0,6795.885,92.924,421.347,414.152,1
25544,ISS,48,1.0780064444444444,15.4960961,0.0005286,51.6389,250.5995,50.9367,87.088,0.00026738,0.00014629,0.0,6796.004,92.927,421.462,414.277,1
25544,ISS,48,2.261547368888889,15.49628767,0.0005231,51.6366,249.1302,48.5635,311.5802,0.0003576,0.00019745,0.0,6795.948,92.925,421.368,414.258,1
25544,ISS,6,3.072553333333333,15.4973699,0.0005344,51.6357,234.4401,57.5764,302.5741,0.00037255,0.00020673,0.0,6795.632,92.919,421.128,413.865,0
25544,ISS,24,2.638781528888889,15.49720884,0.0005356,51.6357,236.0368,56.6188,303.5313,0.00031101,0.00017165,0.0,6795.679,92.92,421.184,413.904,1
25544,ISS,6,3.8677256622222234,15.49796126,0.000546,51.6376,227.6374,64.1634,38.74,0.00036624,0.00020357,0.0,6795.459,92.915,421.034,413.614,1
25544,ISS,48,2.638781528888889,15.49720884,0.0005356,51.6357,236.0368,56.6188,303.5313,0.00031101,0.00017165,0.0,6795.679,92.92,421.184,413.904,1
25544,ISS,24,3.591440613333333,15.49764499,0.0005404,51.6357,231.247,58.1998,301.9517,0.00033215,0.00018394,0.0,6795.551,92.917,421.089,413.744,1
25544,ISS,12,3.8677256622222234,15.49796126,0.000546,51.6376,227.6374,64.1634,38.74,0.00036624,0.00020357,0.0,6795.459,92.915,421.034,413.614,1
25544,ISS,6,3.621676426666667,15.49815111,0.00054,51.6374,226.33,61.4459,75.8354,0.00043295,0.00024177,0.0,6795.403,92.914,420.938,413.599,0
25544,ISS,6,4.377803013333334,15.49812729,0.0005427,51.6358,226.4565,61.5176,298.6359,0.00043383,0.00024225,0.0,6795.41,92.914,420.963,413.588,0
25544,ISS,6,3.189351057777777,15.49844087,0.0005486,51.6358,222.9432,63.8015,296.3537,0.00037148,0.00020692,0.0,6795.319,92.913,420.912,413.456,0
25544,ISS,12,3.189351057777777,15.49844087,0.0005486,51.6358,222.9432,63.8015,296.3537,0.00037148,0.00020692,0.0,6795.319,92.913,420.912,413.456,1
25544,ISS,12,1.5967310133333332,15.49255808,0.000289,51.6397,209.7916,67.9004,2.0158,0.0006111,0.00033667,0.0,6797.039,92.948,420.868,416.94,1
25544,ISS,24,1.5967310133333332,15.49255808,0.000289,51.6397,209.7916,67.9004,2.0158,0.0006111,0.00033667,0.0,6797.039,92.948,420.868,416.94,1
25544,ISS,6,6.130233102222221,15.49265374,0.0002498,51.6362,206.9769,72.1617,287.9644,0.00033883,0.00018435,0.0,6797.011,92.947,420.574,417.178,1
25544,ISS,6,5.197640488888889,15.49303626,0.0002484,51.6361,201.8681,75.9252,284.2013,0.00032329,0.00017591,0.0,6796.899,92.945,420.452,417.076,0
25544,ISS,24,1.10441296,15.49294231,0.0002397,51.6374,204.6652,79.317,4.4179,0.00048575,0.0002668,0.0,6796.926,92.946,420.421,417.162,1
25544,ISS,24,2.1130555733333334,15.49298567,0.0002593,51.6379,202.9823,76.6949,103.3761,0.00037312,0.00020375,0.0,6796.914,92.945,420.541,417.016,1
25544,ISS,24,5.197640488888889,15.49303626,0.0002484,51.6361,201.8681,75.9252,284.2013,0.00032329,0.00017591,0.0,6796.899,92.945,420.452,417.076,0
25544,ISS,24,1.253611022222222,15.49317666,0.0002593,51.6379,200.6044,73.9833,266.4146,0.00036836,0.00020123,0.0,6796.858,92.944,420.485,416.961,1
25544,ISS,48,2.1130555733333334,15.49298567,0.0002593,51.6379,202.9823,76.6949,103.3761,0.00037312,0.00020375,0.0,6796.914,92.945,420.541,417.016,1
25544,ISS,24,2.618016373333333,15.49330853,0.0002455,51.6359,198.0379,78.1687,281.9577,0.00032706,0.00017819,0.0,6796.819,92.943,420.353,417.016,0
25544,ISS,48,0.3850479822222222,15.49327109,0.0002582,51.6379,199.4277,74.2182,152.5532,0.00036688,0.00020047,0.0,6796.83,92.944,420.45,416.94,1
25544,ISS,12,11.163324613333334,15.49269618,0.0002178,51.6343,177.6045,72.0034,288.1192,0.00026842,0.00014505,0.0,6796.998,92.947,420.344,417.383,0
25544,ISS,24,0.527932,15.49285613,0.000209,51.6358,175.0201,83.0482,309.0274,0.00022114,0.00011873,0.0,6796.952,92.946,420.237,417.396,0
25544,ISS,6,3.847947733333333,15.49304274,0.0002186,51.6344,171.8584,73.9391,286.1838,0.00025885,0.00013988,0.0,6796.897,92.945,420.248,417.276,0
25544,ISS,24,3.847947733333333,15.49304274,0.0002186,51.6344,171.8584,73.9391,286.1838,0.00025885,0.00013988,0.0,6796.897,92.945,420.248,417.276,1
25544,ISS,48,0.527932,15.49285613,0.000209,51.6358,175.0201,83.0482,309.0274,0.00022114,0.00011873,0.0,6796.952,92.946,420.237,417.396,0
25544,ISS,6,4.629970471111111,15.49323238,0.0002284,51.6346,167.0693,76.226,283.8983,0.00017067,9.07e-05,0.0,6796.842,92.944,420.259,417.154,0
25544,ISS,24,2.652136791111111,15.49319115,0.0002276,51.6346,168.3464,75.0993,285.0248,0.00020368,0.00010912,0.0,6796.854,92.944,420.266,417.172,1
25544,ISS,48,3.847947733333333,15.49304274,0.0002186,51.6344,171.8584,73.9391,286.1838,0.00025885,0.00013988,0.0,6796.897,92.945,420.248,417.276,1
25544,ISS,24,4.629970471111111,15.49323238,0.0002284,51.6346,167.0693,76.226,283.8983,0.00017067,9.07e-05,0.0,6796.842,92.944,420.259,417.154,1
25544,ISS,6,1.48802448,15.49353212,0.0002285,51.637,161.262,86.8828,336.9349,0.00021695,0.00011668,0.0,6796.754,92.942,420.172,417.066,1
25544,ISS,6,7.170715084444445,15.49361694,0.000227,51.6369,157.9991,89.367,52.727,0.0001937,0.00010371,0.0,6796.729,92.942,420.137,417.051,1
25544,ISS,6,3.6097044,15.49374094,0.000233,51.6347,153.6603,83.474,276.6514,0.0001735,9.245e-05,0.0,6796.693,92.941,420.142,416.974,0
25544,ISS,24,7.170715084444445,15.49361694,0.000227,51.6369,157.9991,89.367,52.727,0.0001937,0.00010371,0.0,6796.729,92.942,420.137,417.051,1
25544,ISS,12,3.6097044,15.49374094,0.000233,51.6347,153.6603,83.474,276.6514,0.0001735,9.245e-05,0.0,6796.693,92.941,420.142,416.974,0
25544,ISS,6,0.5628520622222222,15.49382277,0.0002435,51.6368,151.6854,87.2154,333.0693,0.00017136,9.128e-05,0.0,6796.669,92.94,420.189,416.879,0
25544,ISS,24,14.09168136,15.49356886,0.0002319,51.6347,158.13,81.15,278.9752,0.00017348,9.238e-05,0.0,6796.743,92.942,420.184,417.032,0
25544,ISS,48,2.4030852533333333,15.49349232,0.0002288,51.6348,160.0455,80.6014,279.5233,0.00016281,8.639e-05,0.0,6796.766,92.942,420.186,417.076,1
25544,ISS,48,1.1664028622222222,15.49360431,0.0002291,51.6369,158.3075,89.9733,64.3522,0.00019398,0.00010386,0.0,6796.733,92.942,420.155,417.041,1
25544,ISS,6,2.5314973244444445,15.4939407,0.0002314,51.6346,148.552,86.7393,273.386,0.00015823,8.397e-05,0.0,6796.634,92.94,420.072,416.927,0
25544,ISS,12,2.5314973244444445,15.4939407,0.0002314,51.6346,148.552,86.7393,273.386,0.00015823,8.397e-05,0.0,6796.634,92.94,420.072,416.927,0
25544,ISS,24,2.5858040088888887,15.49388906,0.0002326,51.6346,150.1483,85.5682,274.5572,0.00017086,9.102e-05,0.0,6796.65,92.94,420.095,416.934,0
25544,ISS,24,2.5314973244444445,15.4939407,0.0002314,51.6346,148.552,86.7393,273.386,0.00015823,8.397e-05,0.0,6796.634,92.94,420.072,416.927,0
25544,ISS,6,3.456251991111111,15.49411867,0.0002306,51.6344,143.7626,89.9507,270.1746,0.00016314,8.677e-05,0.0,6796.582,92.938,420.015,416.88,0
25544,ISS,24,8.538973528888889,15.49396065,0.0002481,51.6373,148.4145,89.3508,59.4969,0.00017412,9.287e-05,0.0,6796.629,92.939,420.18,416.807,0
25544,ISS,48,0.5628520622222222,15.49382277,0.0002435,51.6368,151.6854,87.2154,333.0693,0.00017136,9.128e-05,0.0,6796.669,92.94,420.189,416.879,0
25544,ISS,6,2.428846471111111,15.49425405,0.0002302,51.6342,140.2502,92.7015,267.4237,0.00017663,9.438e-05,0.0,6796.543,92.938,419.972,416.843,0
25544,ISS,12,0.8876043822222222,15.49431663,0.0002579,51.6373,138.5518,96.222,12.6743,0.00016579,8.832e-05,0.0,6796.525,92.937,420.142,416.637,0
25544,ISS,12,14.291384053333331,15.49431255,0.0002332,51.6342,138.6538,93.5214,266.6041,0.0001788,9.561e-05,0.0,6796.526,92.937,419.976,416.806,0
25544,ISS,48,3.456251991111111,15.49411867,0.0002306,51.6344,143.7626,89.9507,270.1746,0.00016314,8.677e-05,0.0,6796.582,92.938,420.015,416.88,0
25544,ISS,24,14.291384053333331,15.49431255,0.0002332,51.6342,138.6538,93.5214,266.6041,0.0001788,9.561e-05,0.0,6796.526,92.937,419.976,416.806,0
25544,ISS,48,2.428846471111111,15.49425405,0.0002302,51.6342,140.2502,92.7015,267.4237,0.00017663,9.438e-05,0.0,6796.543,92.938,419.972,416.843,1
25544,ISS,6,0.5753393955555556,15.4946569,0.0002568,51.6374,129.6845,102.5783,282.9354,0.00016809,8.972e-05,0.0,6796.425,92.935,420.035,416.545,1
25544,ISS,12,15.202262115555556,15.49450939,0.0002316,51.6338,133.8645,95.1583,264.967,0.00018458,9.893e-05,0.0,6796.468,92.936,419.907,416.759,0
25544,ISS,24,0.4857471911111111,15.49463011,0.0002595,51.6378,129.9421,102.1368,353.2687,0.00016238,8.651e-05,0.0,6796.433,92.935,420.062,416.534,1
25544,ISS,24,4.251509173333333,15.49470087,0.0002358,51.6341,129.0745,99.2688,260.8568,0.00016723,8.925e-05,0.0,6796.412,92.935,419.88,416.675,0
25544,ISS,6,3.6562145066666663,15.49490271,0.0002344,51.6342,123.9657,103.1911,256.9339,0.00016875,9.017e-05,0.0,6796.353,92.934,419.811,416.625,1
25544,ISS,48,0.4857471911111111,15.49463011,0.0002595,51.6378,129.9421,102.1368,353.2687,0.00016238,8.651e-05,0.0,6796.433,92.935,420.062,416.534,1
25544,ISS,48,4.251509173333333,15.49470087,0.0002358,51.6341,129.0745,99.2688,260.8568,0.00016723,8.925e-05,0.0,6796.412,92.935,419.88,416.675,0
25544,ISS,6,4.437943848888889,15.49506546,0.0002307,51.6344,119.176,106.2285,253.8958,0.00016281,8.689e-05,0.0,6796.306,92.933,419.738,416.603,0
25544,ISS,24,9.362872337777777,15.49493405,0.0002547,51.6369,123.8322,103.4148,41.3705,0.00018368,9.857e-05,0.0,6796.344,92.934,419.94,416.478,1
25544,ISS,12,4.437943848888889,15.49506546,0.0002307,51.6344,119.176,106.2285,253.8958,0.00016281,8.689e-05,0.0,6796.306,92.933,419.738,416.603,0
25544,ISS,6,1.1724827466666667,15.49515413,0.0002541,51.6365,117.1903,106.6326,325.8583,0.00016787,8.976e-05,0.0,6796.28,92.932,419.872,416.418,0
25544,ISS,6,2.0481128266666664,15.4953083,0.0002284,51.6348,112.1514,110.5047,249.6187,0.00015985,8.53e-05,0.0,6796.235,92.931,419.652,416.547,0
25544,ISS,24,5.054079617777778,15.49522137,0.0002299,51.6346,114.3865,108.9329,251.1909,0.00015542,8.278e-05,0.0,6796.26,92.932,419.687,416.563,0
25544,ISS,12,2.2363980622222224,15.49538266,0.0002557,51.636,109.7771,112.343,38.3717,0.00015227,8.105e-05,0.0,6796.213,92.931,419.816,416.34,0
25544,ISS,24,2.0481128266666664,15.4953083,0.0002284,51.6348,112.1514,110.5047,249.6187,0.00015985,8.53e-05,0.0,6796.235,92.931,419.652,416.547,0
25544,ISS,24,0.5777543822222222,15.49536284,0.0002537,51.6358,110.4658,109.7012,343.8665,0.00015505,8.262e-05,0.0,6796.219,92.931,419.808,416.359,0
25544,ISS,24,2.2363980622222224,15.49538266,0.0002557,51.636,109.7771,112.343,38.3717,0.00015227,8.105e-05,0.0,6796.213,92.931,419.816,416.34,0
25544,ISS,12,1.284866231111111,15.49547162,0.0002267,51.6351,107.0422,113.8653,246.2573,0.00013847,7.332e-05,0.0,6796.187,92.93,419.593,416.511,0
25544,ISS,6,2.214944693333333,15.49556806,0.0002566,51.636,104.6843,114.2967,18.3939,0.00015529,8.281e-05,0.0,6796.159,92.93,419.768,416.28,0
25544,ISS,6,6.111752444444444,15.49558014,0.0002568,51.6361,104.3544,114.495,30.173,0.00015546,8.291e-05,0.0,6796.155,92.93,419.765,416.275,0
25544,ISS,48,2.0481128266666664,15.4953083,0.0002284,51.6348,112.1514,110.5047,249.6187,0.00015985,8.53e-05,0.0,6796.235,92.931,419.652,416.547,1
25544,ISS,24,1.284866231111111,15.49547162,0.0002267,51.6351,107.0422,113.8653,246.2573,0.00013847,7.332e-05,0.0,6796.187,92.93,419.593,416.511,0
25544,ISS,48,1.284866231111111,15.49547162,0.0002267,51.6351,107.0422,113.8653,246.2573,0.00013847,7.332e-05,0.0,6796.187,92.93,419.593,416.511,0
25544,ISS,48,0.4677064533333333,15.49554076,0.0002564,51.6356,105.3207,115.4932,19.0237,0.00015372,8.192e-05,0.0,6796.167,92.93,419.774,416.289,1
25544,ISS,24,5.850062533333333,15.49573655,0.0002289,51.6353,99.698,118.7619,241.3599,0.00018315,9.856e-05,0.0,6796.109,92.929,419.53,416.419,1
25544,ISS,48,6.111752444444444,15.49558014,0.0002568,51.6361,104.3544,114.495,30.173,0.00015546,8.291e-05,0.0,6796.155,92.93,419.765,416.275,1
25544,ISS,6,7.714573351111111,15.49587957,0.0002558,51.6369,94.7823,120.7586,15.784,0.00014567,7.749e-05,0.0,6796.068,92.928,419.671,416.194,1
25544,ISS,24,1.4677679733333333,15.4958327,0.000228,51.6353,97.1434,120.7001,239.4212,0.00018692,0.00010072,0.0,6796.081,92.928,419.496,416.397,1
25544,ISS,48,2.2332777866666667,15.49562124,0.0002289,51.6352,102.2524,117.8022,242.3199,0.00013996,7.42e-05,0.0,6796.143,92.929,419.564,416.452,1
25544,ISS,48,1.4677679733333333,15.4958327,0.000228,51.6353,97.1434,120.7001,239.4212,0.00018692,0.00010072,0.0,6796.081,92.928,419.496,416.397,1
25544,ISS,24,2.418117537777778,15.49599819,0.0002211,51.6355,92.3536,123.9616,236.1583,0.0001646,8.819e-05,0.0,6796.033,92.927,419.4,416.395,0
25544,ISS,6,1.820126968888889,15.49614502,0.0002182,51.6355,87.2443,127.4208,232.698,0.00012865,6.796e-05,0.0,6795.99,92.926,419.338,416.372,0
25544,ISS,12,1.820126968888889,15.49614502,0.0002182,51.6355,87.2443,127.4208,232.698,0.00012865,6.796e-05,0.0,6795.99,92.926,419.338,416.372,0
25544,ISS,12,2.154222791111111,15.49641181,0.0002544,51.6382,80.0845,127.0828,16.1893,0.0001536,8.211e-05,0.0,6795.912,92.925,419.506,416.048,1
25544,ISS,6,3.055678248888889,15.49649749,0.0002178,51.6356,77.6637,134.0504,226.0664,0.00016172,8.673e-05,0.0,6795.887,92.924,419.232,416.272,0
25544,ISS,12,9.780195226666669,15.49640199,0.0002209,51.6356,80.2186,132.2472,227.8704,0.00016709,8.973e-05,0.0,6795.915,92.925,419.281,416.279,0
25544,ISS,24,0.3911946311111111,15.49639159,0.0002572,51.6381,80.7174,126.8244,22.4909,0.00015448,8.261e-05,0.0,6795.918,92.925,419.531,416.035,0
25544,ISS,24,2.154222791111111,15.49641181,0.0002544,51.6382,80.0845,127.0828,16.1893,0.0001536,8.211e-05,0.0,6795.912,92.925,419.506,416.048,0
25544,ISS,6,8.229777404444444,15.49660308,0.0002161,51.6357,75.4283,135.6229,224.4933,0.00018159,9.799e-05,0.0,6795.856,92.924,419.19,416.252,0
25544,ISS,12,4.458647937777778,15.49655797,0.0002453,51.6388,75.6081,130.969,19.0975,0.00014965,7.993e-05,0.0,6795.869,92.924,419.401,416.067,1
25544,ISS,6,2.291898933333333,15.49671395,0.0002151,51.6359,72.554,137.7508,222.3646,0.00016292,8.748e-05,0.0,6795.824,92.923,419.15,416.227,0
25544,ISS,48,0.3911946311111111,15.49639159,0.0002572,51.6381,80.7174,126.8244,22.4909,0.00015448,8.261e-05,0.0,6795.918,92.925,419.531,416.035,1
25544,ISS,6,0.4295775022222222,15.4967689,0.0002488,51.6382,70.821,135.0606,10.496,0.00016445,8.836e-05,0.0,6795.808,92.923,419.363,415.982,0
25544,ISS,24,1.9344418755555557,15.49669442,0.0002495,51.6382,72.783,132.9213,321.3721,0.00016405,8.811e-05,0.0,6795.829,92.923,419.39,415.999,1
25544,ISS,24,2.291898933333333,15.49671395,0.0002151,51.6359,72.554,137.7508,222.3646,0.00016292,8.748e-05,0.0,6795.824,92.923,419.15,416.227,1
25544,ISS,48,3.055678248888889,15.49649749,0.0002178,51.6356,77.6637,134.0504,226.0664,0.00016172,8.673e-05,0.0,6795.887,92.924,419.232,416.272,1
25544,ISS,24,6.330964373333333,15.49679665,0.0002507,51.6384,70.1821,135.2815,10.7079,0.00016527,8.883e-05,0.0,6795.799,92.922,419.368,415.961,1
25544,ISS,24,1.9149093866666669,15.49690273,0.0002128,51.6371,67.6555,141.719,333.5589,0.00016876,9.084e-05,0.0,6795.768,92.922,419.08,416.187,1
25544,ISS,48,2.291898933333333,15.49671395,0.0002151,51.6359,72.554,137.7508,222.3646,0.00016292,8.748e-05,0.0,6795.824,92.923,419.15,416.227,1
25544,ISS,12,2.505170053333333,15.49710938,0.0002406,51.6379,63.5474,138.3852,287.8895,0.00018358,9.93e-05,0.0,6795.708,92.921,419.208,415.938,0
25544,ISS,48,6.330964373333333,15.49679665,0.0002507,51.6384,70.1821,135.2815,10.7079,0.00016527,8.883e-05,0.0,6795.799,92.922,419.368,415.961,1
25544,ISS,24,3.6000498133333334,15.49707838,0.0002134,51.6361,64.5701,143.7222,216.3911,0.00019799,0.00010745,0.0,6795.717,92.921,419.032,416.132,0
25544,ISS,48,1.9149093866666669,15.49690273,0.0002128,51.6371,67.6555,141.719,333.5589,0.00016876,9.084e-05,0.0,6795.768,92.922,419.08,416.187,1
25544,ISS,24,2.480528382222222,15.49717269,0.0002122,51.636,62.6541,144.9421,215.1708,0.00020518,0.00011156,0.0,6795.689,92.92,418.997,416.112,1
25544,ISS,6,3.243528995555556,15.49784619,0.0001998,51.637,47.6442,157.3736,202.7341,0.00019474,0.0001059,0.0,6795.493,92.916,418.715,416.0,0
25544,ISS,6,3.913991324444445,15.49810081,0.0001954,51.6372,43.1739,161.364,198.742,0.00023839,0.00013082,0.0,6795.418,92.915,418.611,415.955,0
25544,ISS,6,4.199793653333334,15.49878952,0.0001886,51.6367,31.6753,170.5276,189.5748,0.00020806,0.00011386,0.0,6795.217,92.91,418.363,415.8,1
25544,ISS,24,4.199793653333334,15.49878952,0.0001886,51.6367,31.6753,170.5276,189.5748,0.00020806,0.00011386,0.0,6795.217,92.91,418.363,415.8,0
25544,ISS,24,1.6309284266666666,15.49897373,0.0001867,51.6366,27.8423,174.007,186.0942,0.00019918,0.00010887,0.0,6795.163,92.909,418.297,415.759,1
25544,ISS,48,2.392798408888889,15.4987326,0.0001904,51.6367,32.953,169.4288,190.6741,0.00022679,0.00012451,0.0,6795.233,92.911,418.392,415.805,0
25544,ISS,48,4.199793653333334,15.49878952,0.0001886,51.6367,31.6753,170.5276,189.5748,0.00020806,0.00011386,0.0,6795.217,92.91,418.363,415.8,1
25544,ISS,24,5.163534746666667,15.49902677,0.000184,51.6366,26.8839,175.8771,184.2233,0.00021544,0.00011817,0.0,6795.148,92.909,418.263,415.762,1
25544,ISS,48,5.353250106666667,15.49887681,0.0001884,51.6366,29.7588,172.0301,188.0718,0.0001953,0.00010662,0.0,6795.191,92.91,418.337,415.776,1
25544,ISS,48,1.6309284266666666,15.49897373,0.0001867,51.6366,27.8423,174.007,186.0942,0.00019918,0.00010887,0.0,6795.163,92.909,418.297,415.759,1
25544,ISS,48,5.163534746666667,15.49902677,0.000184,51.6366,26.8839,175.8771,184.2233,0.00021544,0.00011817,0.0,6795.148,92.909,418.263,415.762,1
25544,ISS,24,6.109915902222222,15.49934407,0.0001818,51.6368,22.0925,180.6477,179.451,0.00027928,0.00015478,0.0,6795.055,92.907,418.155,415.684,0
25544,ISS,6,1.736094177777778,15.49969804,0.0002011,51.6379,15.8862,180.3674,328.297,0.00024935,0.00013785,0.0,6794.951,92.905,418.183,415.45,1
25544,ISS,24,2.947145288888889,15.4995163,0.0001828,51.6371,19.8563,183.475,176.6227,0.00030194,0.00016784,0.0,6795.004,92.906,418.112,415.627,1
25544,ISS,48,2.32469896,15.49931466,0.0001852,51.6369,24.6475,178.7838,181.3155,0.00047919,0.00026919,0.0,6795.063,92.907,418.187,415.67,1
25544,ISS,12,5.523546124444445,15.49968371,0.0001745,51.6368,16.9818,185.0633,175.0339,0.00027564,0.00015288,0.0,6794.956,92.905,418.006,415.635,0
25544,ISS,24,1.82630552,15.49962182,0.0001756,51.6369,17.9401,184.0795,176.0179,0.00026661,0.00014768,0.0,6794.974,92.905,418.032,415.645,0
25544,ISS,6,2.6171466666666663,15.49988984,0.0001725,51.6371,13.1486,186.6562,173.4404,0.00024009,0.00013264,0.0,6794.895,92.904,417.932,415.588,0
25544,ISS,12,2.6171466666666663,15.49988984,0.0001725,51.6371,13.1486,186.6562,173.4404,0.00024009,0.00013264,0.0,6794.895,92.904,417.932,415.588,1
25544,ISS,48,2.947145288888889,15.4995163,0.0001828,51.6371,19.8563,183.475,176.6227,0.00030194,0.00016784,0.0,6795.004,92.906,418.112,415.627,1
25544,ISS,24,2.3565473066666667,15.49984677,0.0001746,51.6369,14.7455,186.814,173.2825,0.00031807,0.00017728,0.0,6794.908,92.904,417.959,415.586,1
25544,ISS,6,8.135293324444445,15.50001302,0.0001897,51.6375,11.7378,183.5792,322.5485,0.00027871,0.00015482,0.0,6794.859,92.903,418.013,415.435,1
25544,ISS,48,0.65785648,15.49951104,0.0001811,51.6376,18.8292,178.5445,253.8235,0.00024247,0.00013382,0.0,6795.006,92.906,418.102,415.64,1
25544,ISS,12,2.2991822133333333,15.49999521,0.0001938,51.6376,11.737,182.3055,323.8206,0.00026896,0.00014923,0.0,6794.864,92.903,418.046,415.413,1
25544,ISS,6,1.7632936088888889,15.49999487,0.0001762,51.6369,9.6345,190.4046,169.6907,0.00015971,8.67e-05,0.0,6794.865,92.903,417.927,415.532,0
25544,ISS,12,1.336532711111111,15.50012663,0.0002201,51.6379,8.8895,182.74,292.9435,0.00025503,0.00014132,0.0,6794.826,92.902,418.187,415.196,1
25544,ISS,24,8.135293324444445,15.50001302,0.0001897,51.6375,11.7378,183.5792,322.5485,0.00027871,0.00015482,0.0,6794.859,92.903,418.013,415.435,1
25544,ISS,6,1.878915768888889,15.50021068,0.000191,51.6392,5.4243,184.4067,237.6437,0.00019949,0.00010954,0.0,6794.801,92.902,417.964,415.369,1
25544,ISS,24,1.336532711111111,15.50012663,0.0002201,51.6379,8.8895,182.74,292.9435,0.00025503,0.00014132,0.0,6794.826,92.902,418.187,415.196,1
25544,ISS,24,2.0719133244444445,15.50006623,0.0001753,51.6371,8.3569,191.8173,168.2775,0.00018362,0.0001004,0.0,6794.844,92.903,417.9,415.518,1
25544,ISS,24,1.7704723822222224,15.5000704,0.0001754,51.6371,8.2584,191.9244,279.0812,0.00018362,0.0001004,0.0,6794.842,92.903,417.899,415.516,1
25544,ISS,48,2.2991822133333333,15.49999521,0.0001938,51.6376,11.737,182.3055,323.8206,0.00026896,0.00014923,0.0,6794.864,92.903,418.046,415.413,1
25544,ISS,12,5.051847511111111,15.5003186,0.0002007,51.6382,4.7586,188.4542,261.4429,0.00023997,0.00013278,0.0,6794.77,92.901,417.999,415.271,1
25544,ISS,12,2.158260328888889,15.50025662,0.0001953,51.6396,4.1055,181.8572,287.0217,0.00019232,0.00010545,0.0,6794.788,92.902,417.98,415.326,1
25544,ISS,6,5.505907235555556,15.50025823,0.0001695,51.6368,2.2877,198.1463,161.9466,0.00014563,7.872e-05,0.0,6794.788,92.902,417.804,415.501,0
25544,ISS,48,1.336532711111111,15.50012663,0.0002201,51.6379,8.8895,182.74,292.9435,0.00025503,0.00014132,0.0,6794.826,92.902,418.187,415.196,1
25544,ISS,24,2.158260328888889,15.50025662,0.0001953,51.6396,4.1055,181.8572,287.0217,0.00019232,0.00010545,0.0,6794.788,92.902,417.98,415.326,1
25544,ISS,12,5.505907235555556,15.50025823,0.0001695,51.6368,2.2877,198.1463,161.9466,0.00014563,7.872e-05,0.0,6794.788,92.902,417.804,415.501,1
25544,ISS,6,2.388015546666667,15.50032533,0.0001685,51.6369,0.3711,200.3764,159.7158,0.00014379,7.769e-05,0.0,6794.768,92.901,417.778,415.488,1
25544,ISS,24,1.9807071733333328,15.50024388,0.000172,51.6371,3.2462,198.1831,161.9097,0.00016944,9.235e-05,0.0,6794.792,92.902,417.825,415.488,0
25544,ISS,24,5.505907235555556,15.50025823,0.0001695,51.6368,2.2877,198.1463,161.9466,0.00014563,7.872e-05,0.0,6794.788,92.902,417.804,415.501,1
25544,ISS,24,0.3468391466666666,15.50039426,0.0001892,51.6393,359.6689,186.5475,240.2202,0.00016869,9.197e-05,0.0,6794.748,92.901,417.898,415.327,1
25544,ISS,48,1.9807071733333328,15.50024388,0.000172,51.6371,3.2462,198.1831,161.9097,0.00016944,9.235e-05,0.0,6794.792,92.902,417.825,415.488,1
25544,ISS,24,3.604070826666667,15.50040415,0.000173,51.6369,358.4544,203.1482,156.9429,0.00014966,8.107e-05,0.0,6794.745,92.901,417.785,415.434,0
25544,ISS,48,5.505907235555556,15.50025823,0.0001695,51.6368,2.2877,198.1463,161.9466,0.00014563,7.872e-05,0.0,6794.788,92.902,417.804,415.501,1
25544,ISS,24,8.348584853333334,15.50042058,0.0001641,51.6366,357.8157,203.6246,156.4667,0.00014396,7.781e-05,0.0,6794.74,92.901,417.72,415.49,1
25544,ISS,48,0.3468391466666666,15.50039426,0.0001892,51.6393,359.6689,186.5475,240.2202,0.00016869,9.197e-05,0.0,6794.748,92.901,417.898,415.327,1
25544,ISS,48,4.421615164444445,15.5006809,0.000165,51.6366,350.4684,211.2454,148.8437,0.00014443,7.816e-05,0.0,6794.664,92.899,417.65,415.408,1
25544,ISS,24,3.0801318933333333,15.50103618,0.0001589,51.6366,340.2453,221.4843,138.6025,0.00013319,7.181e-05,0.0,6794.56,92.897,417.505,415.346,1
25544,ISS,6,5.3679510044444445,15.50132562,0.0001398,51.638,332.7633,213.2097,292.0996,0.00015666,8.537e-05,0.0,6794.476,92.895,417.291,415.391,0
25544,ISS,24,1.300528728888889,15.50130147,0.0001399,51.638,333.4042,212.1497,291.143,0.00015622,8.511e-05,0.0,6794.483,92.895,417.298,415.397,1
25544,ISS,48,1.7946548088888887,15.50110004,0.0001622,51.6366,338.3284,223.8953,136.1907,0.00013198,7.113e-05,0.0,6794.542,92.897,417.509,415.305,1
25544,ISS,12,0.9277920622222224,15.50140431,0.0001404,51.638,330.5735,214.7053,237.634,0.00015631,8.519e-05,0.0,6794.453,92.895,417.272,415.364,0
25544,ISS,12,1.9974288,15.50143823,0.0001385,51.6379,329.28,214.7224,254.8883,0.0001526,8.307e-05,0.0,6794.443,92.895,417.249,415.367,1
25544,ISS,24,0.7297601777777778,15.50142004,0.0001375,51.638,329.9459,214.4784,224.8613,0.00015402,8.388e-05,0.0,6794.448,92.895,417.247,415.379,1
25544,ISS,48,2.486355795555556,15.50120977,0.0001592,51.6368,335.1336,227.4804,132.6051,0.00012551,6.745e-05,0.0,6794.51,92.896,417.456,415.293,1
25544,ISS,24,3.374802311111111,15.50147017,0.0001551,51.637,328.7441,235.2651,124.8192,0.0001748,9.584e-05,0.0,6794.433,92.894,417.352,415.245,1
25544,ISS,24,8.280093893333333,15.50158723,0.000155,51.637,328.1052,236.0752,124.009,0.0002816,0.00015737,0.0,6794.399,92.894,417.317,415.211,1
25544,ISS,48,0.7297601777777778,15.50142004,0.0001375,51.638,329.9459,214.4784,224.8613,0.00015402,8.388e-05,0.0,6794.448,92.895,417.247,415.379,1
25544,ISS,24,2.5263548444444446,15.50171114,0.0001501,51.6367,325.2298,238.5481,121.5362,0.00029099,0.00016286,0.0,6794.363,92.893,417.248,415.208,1
25544,ISS,48,3.374802311111111,15.50147017,0.0001551,51.637,328.7441,235.2651,124.8192,0.0001748,9.584e-05,0.0,6794.433,92.894,417.352,415.245,1
25544,ISS,24,8.94768968,15.50204707,0.0001236,51.6387,318.3957,240.3131,255.541,0.0002283,0.00012689,0.0,6794.265,92.891,416.97,415.29,1
25544,ISS,24,2.657241093333333,15.5022158,0.0001524,51.6369,313.7285,252.0477,108.0346,0.00016413,8.996e-05,0.0,6794.216,92.89,417.116,415.045,0
25544,ISS,48,8.94768968,15.50204707,0.0001236,51.6387,318.3957,240.3131,255.541,0.0002283,0.00012689,0.0,6794.265,92.891,416.97,415.29,1
25544,ISS,24,9.112879271111112,15.50222697,0.0001513,51.6368,313.4089,253.5073,106.575,0.00015677,8.572e-05,0.0,6794.212,92.89,417.105,415.049,0
25544,ISS,6,10.07364680888889,15.50241474,0.0001489,51.6368,308.6166,259.0716,101.0105,0.00017921,9.872e-05,0.0,6794.157,92.889,417.034,415.011,1
25544,ISS,6,0.946015022222222,15.50263475,0.000108,51.6388,303.6986,252.5767,244.0542,0.00017949,9.896e-05,0.0,6794.093,92.887,416.692,415.224,0
25544,ISS,48,9.112879271111112,15.50222697,0.0001513,51.6368,313.4089,253.5073,106.575,0.00015677,8.572e-05,0.0,6794.212,92.89,417.105,415.049,1
25544,ISS,24,10.07364680888889,15.50241474,0.0001489,51.6368,308.6166,259.0716,101.0105,0.00017921,9.872e-05,0.0,6794.157,92.889,417.034,415.011,0
25544,ISS,6,7.078346097777778,15.50262834,0.0001524,51.6365,303.8243,263.0049,97.0767,0.00019471,0.00010775,0.0,6794.095,92.887,416.995,414.925,1
25544,ISS,24,2.6602864,15.50259131,0.0001085,51.6391,305.6704,257.2132,176.867,0.00019508,0.00010795,0.0,6794.106,92.888,416.708,415.234,1
25544,ISS,48,1.8467439644444443,15.50244021,9.5e-05,51.6388,309.8053,248.3368,207.3878,0.00021179,0.00011754,0.0,6794.15,92.889,416.66,415.37,1
25544,ISS,12,3.134241706666667,15.50269265,0.0001515,51.6365,302.2267,265.0971,94.9845,0.00018742,0.00010356,0.0,6794.076,92.887,416.971,414.912,0
25544,ISS,6,0.7466029688888889,15.50276247,0.0001083,51.6382,300.2142,253.2806,207.987,0.00017275,9.512e-05,0.0,6794.056,92.887,416.657,415.185,0
25544,ISS,24,7.078346097777778,15.50262834,0.0001524,51.6365,303.8243,263.0049,97.0767,0.00019471,0.00010775,0.0,6794.095,92.887,416.995,414.925,0
25544,ISS,6,1.4169085155555556,15.5028228,0.0001027,51.6383,298.9072,253.976,239.411,0.00017509,9.649e-05,0.0,6794.038,92.886,416.601,415.205,1
25544,ISS,48,0.946015022222222,15.50263475,0.000108,51.6388,303.6986,252.5767,244.0542,0.00017949,9.896e-05,0.0,6794.093,92.887,416.692,415.224,1
25544,ISS,6,3.171847208888889,15.50136952,0.0002101,51.6359,292.3218,262.4081,97.6669,0.00021409,0.0001184,0.0,6794.463,92.895,417.755,414.9,1
25544,ISS,24,0.8392785866666667,15.50118804,0.0001843,51.6363,295.4178,248.2712,220.6226,0.0008196,0.00046794,0.0,6794.516,92.896,417.633,415.129,1
25544,ISS,24,2.568281146666666,15.50128573,0.0002099,51.636,293.9192,260.7274,99.3478,0.00019968,0.00011008,0.0,6794.487,92.896,417.779,414.926,0
25544,ISS,24,3.171847208888889,15.50136952,0.0002101,51.6359,292.3218,262.4081,97.6669,0.00021409,0.0001184,0.0,6794.463,92.895,417.755,414.9,1
25544,ISS,6,3.790216275555556,15.50155124,0.0002115,51.6359,287.5294,266.5688,93.5059,0.00018912,0.00010411,0.0,6794.41,92.894,417.712,414.838,0
25544,ISS,6,2.1088384977777777,15.50159842,0.0001872,51.6382,287.1438,268.9112,163.0409,0.00020415,0.00011278,0.0,6794.396,92.894,417.533,414.989,1
25544,ISS,48,0.8392785866666667,15.50118804,0.0001843,51.6363,295.4178,248.2712,220.6226,0.0008196,0.00046794,0.0,6794.516,92.896,417.633,415.129,1
25544,ISS,24,3.3598887466666665,15.50148846,0.0002114,51.6358,289.1269,264.7605,95.3143,0.00019478,0.00010734,0.0,6794.428,92.894,417.729,414.857,0
25544,ISS,48,2.568281146666666,15.50128573,0.0002099,51.636,293.9192,260.7274,99.3478,0.00019968,0.00011008,0.0,6794.487,92.896,417.779,414.926,1
25544,ISS,6,4.318486293333333,15.50170919,0.0002144,51.6361,284.3345,270.03,90.0443,0.00020093,0.00011097,0.0,6794.364,92.893,417.685,414.772,0
25544,ISS,24,1.6839051911111111,15.50184626,0.0001987,51.6384,280.7257,268.9425,195.4462,0.00016909,9.269e-05,0.0,6794.324,92.892,417.539,414.839,0
25544,ISS,48,1.0543365777777778,15.50154433,0.0001925,51.6353,285.5099,267.2574,198.0766,0.00016774,9.181e-05,0.0,6794.412,92.894,417.585,414.969,1
25544,ISS,24,0.3666791911111111,15.5019058,0.0002026,51.6391,279.7295,272.7719,232.5001,0.00018707,0.00010306,0.0,6794.306,92.892,417.548,414.795,1
25544,ISS,48,0.8888212177777777,15.50169563,0.0001909,51.6385,284.5184,270.0726,239.8029,0.00019045,0.00010493,0.0,6794.368,92.893,417.53,414.936,1
25544,ISS,48,4.318486293333333,15.50170919,0.0002144,51.6361,284.3345,270.03,90.0443,0.00020093,0.00011097,0.0,6794.364,92.893,417.685,414.772,1
25544,ISS,6,6.575538586666667,15.5020263,0.0002138,51.6364,275.7085,278.9722,81.1025,0.00015092,8.228e-05,0.0,6794.271,92.891,417.589,414.683,1
25544,ISS,12,1.99264728,15.50209307,0.0001881,51.6389,274.9684,278.4652,188.5132,0.00018248,0.00010049,0.0,6794.251,92.891,417.394,414.838,1
25544,ISS,24,0.938333351111111,15.50217141,0.0001881,51.6389,273.1667,280.5936,56.0851,0.00018307,0.00010086,0.0,6794.229,92.89,417.372,414.816,1
25544,ISS,24,3.073690808888889,15.50212564,0.0002157,51.6364,272.5136,282.3316,77.7431,0.00014032,7.62e-05,0.0,6794.242,92.89,417.572,414.641,0
25544,ISS,48,1.2275793422222223,15.50206624,0.0001861,51.6388,275.6025,276.559,196.0283,0.00018249,0.00010049,0.0,6794.259,92.891,417.389,414.86,1
25544,ISS,12,8.423252257777778,15.50223683,0.0002152,51.6362,269.6385,285.3996,74.6755,0.00016158,8.849e-05,0.0,6794.209,92.89,417.537,414.612,0
25544,ISS,48,1.99264728,15.50209307,0.0001881,51.6389,274.9684,278.4652,188.5132,0.00018248,0.00010049,0.0,6794.251,92.891,417.394,414.838,1
25544,ISS,24,3.026470337777778,15.50227804,0.0001927,51.6388,269.5022,277.8753,226.8979,0.00016877,9.265e-05,0.0,6794.197,92.89,417.372,414.753,1
25544,ISS,6,4.525487244444444,15.50240116,0.000199,51.639,264.718,278.3788,217.2311,0.00014854,8.102e-05,0.0,6794.161,92.889,417.378,414.674,0
25544,ISS,48,2.025662062222222,15.50218662,0.0001857,51.639,272.7709,279.4573,143.1141,0.00018259,0.00010059,0.0,6794.224,92.89,417.351,414.827,1
25544,ISS,12,1.6710743466666669,15.5023984,0.000195,51.639,265.0566,279.7547,194.0443,0.00015277,8.346e-05,0.0,6794.162,92.889,417.352,414.702,1
25544,ISS,12,4.428271155555556,15.50236134,0.0002151,51.636,265.4849,289.8739,70.2018,0.00014574,7.94e-05,0.0,6794.173,92.889,417.499,414.577,0
25544,ISS,24,4.428271155555556,15.50236134,0.0002151,51.636,265.4849,289.8739,70.2018,0.00014574,7.94e-05,0.0,6794.173,92.889,417.499,414.577,0
25544,ISS,12,1.2312131822222223,15.50247662,0.0002177,51.6358,262.2903,292.8641,67.2118,0.00014796,8.071e-05,0.0,6794.139,92.888,417.483,414.525,0
25544,ISS,48,3.026470337777778,15.50227804,0.0001927,51.6388,269.5022,277.8753,226.8979,0.00016877,9.265e-05,0.0,6794.197,92.89,417.372,414.753,1
25544,ISS,48,8.423252257777778,15.50223683,0.0002152,51.6362,269.6385,285.3996,74.6755,0.00016158,8.849e-05,0.0,6794.209,92.89,417.537,414.612,1
25544,ISS,24,1.2312131822222223,15.50247662,0.0002177,51.6358,262.2903,292.8641,67.2118,0.00014796,8.071e-05,0.0,6794.139,92.888,417.483,414.525,1
25544,ISS,12,7.3335881955555555,15.50251987,0.0002166,51.6356,261.0122,294.7319,65.3444,0.00014708,8.021e-05,0.0,6794.127,92.888,417.463,414.52,1
25544,ISS,6,2.3593506844444447,15.50270582,0.0002229,51.6352,257.4981,299.293,60.7836,0.00019492,0.0001079,0.0,6794.072,92.887,417.452,414.423,0
25544,ISS,24,1.6984620533333332,15.50252396,0.0001973,51.6389,260.8982,282.9469,195.905,0.00014553,7.932e-05,0.0,6794.126,92.888,417.331,414.65,1
25544,ISS,48,1.2312131822222223,15.50247662,0.0002177,51.6358,262.2903,292.8641,67.2118,0.00014796,8.071e-05,0.0,6794.139,92.888,417.483,414.525,1
25544,ISS,24,2.3593506844444447,15.50270582,0.0002229,51.6352,257.4981,299.293,60.7836,0.00019492,0.0001079,0.0,6794.072,92.887,417.452,414.423,1
25544,ISS,48,2.3593506844444447,15.50270582,0.0002229,51.6352,257.4981,299.293,60.7836,0.00019492,0.0001079,0.0,6794.072,92.887,417.452,414.423,1
25544,ISS,12,2.663542311111111,15.50294614,0.0002294,51.6346,245.9949,308.4973,51.581,9.0679e-05,4.776e-05,0.0,6794.002,92.886,417.426,414.309,0
25544,ISS,6,3.1953869511111117,15.50302098,0.0002295,51.6344,242.7996,311.2029,48.8762,8.9907e-05,4.733e-05,0.0,6793.98,92.885,417.405,414.286,0
25544,ISS,24,2.663542311111111,15.50294614,0.0002294,51.6346,245.9949,308.4973,51.581,9.0679e-05,4.776e-05,0.0,6794.002,92.886,417.426,414.309,0
25544,ISS,6,2.0766407022222224,15.50306257,0.0002316,51.6345,240.8823,311.9733,48.1059,8.8227e-05,4.637e-05,0.0,6793.968,92.885,417.407,414.26,0
25544,ISS,12,1.551250942222222,15.50310306,0.0002025,51.6368,241.0803,315.1407,178.1533,0.00011614,6.25e-05,0.0,6793.956,92.885,417.197,414.446,1
25544,ISS,24,3.1953869511111117,15.50302098,0.0002295,51.6344,242.7996,311.2029,48.8762,8.9907e-05,4.733e-05,0.0,6793.98,92.885,417.405,414.286,0
25544,ISS,12,7.037861066666666,15.50309575,0.0002317,51.6345,239.6041,313.2634,46.8161,9.2136e-05,4.863e-05,0.0,6793.958,92.885,417.398,414.249,0
25544,ISS,6,0.3189624444444444,15.50319249,0.0002078,51.6362,235.6237,320.5297,198.2707,9.8795e-05,5.25e-05,0.0,6793.93,92.884,417.207,414.383,0
25544,ISS,24,0.3189624444444444,15.50319249,0.0002078,51.6362,235.6237,320.5297,198.2707,9.8795e-05,5.25e-05,0.0,6793.93,92.884,417.207,414.383,1
25544,ISS,48,2.0766407022222224,15.50306257,0.0002316,51.6345,240.8823,311.9733,48.1059,8.8227e-05,4.637e-05,0.0,6793.968,92.885,417.407,414.26,1
25544,ISS,6,0.3383332888888888,15.50337006,0.0002505,51.6357,229.3983,324.9211,7.6111,-0.00028156,-0.00016683,0.0,6793.878,92.883,417.445,414.041,1
25544,ISS,12,3.666214515555556,15.50345296,0.0002369,51.6344,231.296,323.331,36.7517,0.00012554,6.802e-05,0.0,6793.854,92.883,417.329,414.11,0
25544,ISS,48,2.615256648888889,15.50314091,0.0002331,51.6345,237.6869,315.121,44.959,9.7537e-05,5.176e-05,0.0,6793.945,92.884,417.394,414.227,1
25544,ISS,6,2.8187664977777778,15.50353239,0.0002392,51.6344,227.7809,326.5974,33.4863,0.00010343,5.524e-05,0.0,6793.831,92.882,417.321,414.071,0
25544,ISS,24,0.3383332888888888,15.50337006,0.0002505,51.6357,229.3983,324.9211,7.6111,-0.00028156,-0.00016683,0.0,6793.878,92.883,417.445,414.041,1
25544,ISS,48,5.482411617777777,15.5031928,0.0002162,51.636,235.3486,320.4564,147.8083,9.6418e-05,5.112e-05,0.0,6793.93,92.884,417.264,414.326,1
25544,ISS,24,3.639835208888889,15.50372911,0.0002451,51.6344,219.7923,333.222,26.8642,0.00010287,5.496e-05,0.0,6793.773,92.881,417.304,413.973,1
25544,ISS,48,13.59893448,15.50358139,0.0002404,51.6344,225.8637,328.2751,31.8093,0.00010472,5.6e-05,0.0,6793.817,92.882,417.315,414.048,1
25544,ISS,24,2.6973540533333336,15.50380546,0.000249,51.6345,217.8755,335.5645,24.5226,0.00012417,6.732e-05,0.0,6793.751,92.88,417.308,413.924,0
25544,ISS,6,2.6674152266666664,15.50419404,0.0002551,51.6337,206.3714,344.5753,15.5158,0.00014575,7.994e-05,0.0,6793.638,92.878,417.236,413.77,0
25544,ISS,6,1.728055626666667,15.50423828,0.000209,51.6365,205.1058,346.9572,354.892,0.00014526,7.967e-05,0.0,6793.625,92.878,416.91,414.07,0
25544,ISS,48,2.058160942222222,15.50394399,0.0002114,51.6367,213.3667,338.6457,55.2833,0.00012518,6.794e-05,0.0,6793.711,92.88,417.012,414.139,1
25544,ISS,24,0.1530158133333333,15.50411937,0.0002168,51.6365,207.568,344.4653,101.4649,0.00012695,6.901e-05,0.0,6793.659,92.879,416.997,414.052,1
25544,ISS,12,8.16798504,15.50423801,0.0002559,51.6337,205.0932,345.2175,14.8739,0.00013691,7.482e-05,0.0,6793.625,92.878,417.228,413.751,0
25544,ISS,24,2.6674152266666664,15.50419404,0.0002551,51.6337,206.3714,344.5753,15.5158,0.00014575,7.994e-05,0.0,6793.638,92.878,417.236,413.77,0
25544,ISS,48,2.0380958755555554,15.50400814,0.0002531,51.6339,211.165,341.3331,18.7565,0.00013634,7.443e-05,0.0,6793.692,92.879,417.276,413.837,1
25544,ISS,12,1.1940481333333333,15.50429366,0.0002151,51.6362,203.0667,350.1358,127.0487,0.0001387,7.588e-05,0.0,6793.609,92.877,416.935,414.012,0
25544,ISS,6,3.630042853333333,15.50436111,0.0002556,51.6335,201.5778,347.9995,12.0932,0.00013689,7.484e-05,0.0,6793.589,92.877,417.19,413.717,0
25544,ISS,24,1.1954530666666667,15.50426481,0.0002162,51.6367,203.787,349.2763,35.0069,0.00013652,7.46e-05,0.0,6793.617,92.878,416.951,414.013,1
25544,ISS,48,2.6674152266666664,15.50419404,0.0002551,51.6337,206.3714,344.5753,15.5158,0.00014575,7.994e-05,0.0,6793.638,92.878,417.236,413.77,0
25544,ISS,24,3.630042853333333,15.50436111,0.0002556,51.6335,201.5778,347.9995,12.0932,0.00013689,7.484e-05,0.0,6793.589,92.877,417.19,413.717,0
25544,ISS,48,8.16798504,15.50423801,0.0002559,51.6337,205.0932,345.2175,14.8739,0.00013691,7.482e-05,0.0,6793.625,92.878,417.228,413.751,1
25544,ISS,6,1.0544038755555556,15.50459844,0.000224,51.6355,194.807,357.9627,62.6688,0.00014719,8.089e-05,0.0,6793.519,92.876,416.906,413.863,1
25544,ISS,48,1.1940481333333333,15.50429366,0.0002151,51.6362,203.0667,350.1358,127.0487,0.0001387,7.588e-05,0.0,6793.609,92.877,416.935,414.012,1
25544,ISS,24,1.0544038755555556,15.50459844,0.000224,51.6355,194.807,357.9627,62.6688,0.00014719,8.089e-05,0.0,6793.519,92.876,416.906,413.863,1
25544,ISS,48,7.797565804444444,15.50439163,0.0001929,51.6358,201.1248,350.4791,154.2966,0.00015099,8.304e-05,0.0,6793.58,92.877,416.755,414.134,1
25544,ISS,24,7.362538551111111,15.50457452,0.0002624,51.6333,194.8671,353.3499,6.7454,0.00013511,7.387e-05,0.0,6793.526,92.876,417.174,413.609,0
25544,ISS,24,2.590146871111111,15.50469967,0.0002161,51.635,191.5447,1.4001,135.0516,0.00014455,7.939e-05,0.0,6793.49,92.875,416.823,413.887,1
25544,ISS,48,2.590146871111111,15.50469967,0.0002161,51.635,191.5447,1.4001,135.0516,0.00014455,7.939e-05,0.0,6793.49,92.875,416.823,413.887,1
25544,ISS,24,4.657118995555556,15.50482195,0.0002661,51.6334,186.8773,359.1474,0.951,0.0001251,6.811e-05,0.0,6793.454,92.874,417.127,413.511,0
25544,ISS,24,3.195015262222222,15.50489224,0.0002651,51.6336,184.9598,0.6164,359.4828,0.00013514,7.397e-05,0.0,6793.434,92.874,417.1,413.498,0
25544,ISS,24,2.876967973333333,15.50514308,0.0002656,51.634,178.2487,5.9347,354.1673,0.00017059,9.469e-05,0.0,6793.36,92.872,417.03,413.421,0
25544,ISS,24,4.523465342222223,15.50520436,0.0002675,51.634,176.9702,6.8375,353.265,0.00018227,0.00010152,0.0,6793.343,92.872,417.025,413.39,0
25544,ISS,6,5.4839830577777775,15.50538108,0.0002698,51.6342,172.1763,10.2035,349.9008,0.00016098,8.917e-05,0.0,6793.291,92.871,416.989,413.323,0
25544,ISS,12,5.4839830577777775,15.50538108,0.0002698,51.6342,172.1763,10.2035,349.9008,0.00016098,8.917e-05,0.0,6793.291,92.871,416.989,413.323,0
25544,ISS,48,2.876967973333333,15.50514308,0.0002656,51.634,178.2487,5.9347,354.1673,0.00017059,9.469e-05,0.0,6793.36,92.872,417.03,413.421,0
25544,ISS,24,2.1305793688888888,15.50534533,0.0002688,51.6342,173.1351,9.5212,350.5828,0.00016557,9.183e-05,0.0,6793.301,92.871,416.992,413.34,0
25544,ISS,6,4.567983253333333,15.50558636,0.0002687,51.6344,167.0626,14.3724,345.7341,0.00015878,8.795e-05,0.0,6793.231,92.87,416.921,413.271,0
25544,ISS,6,5.605093964444444,15.5056036,0.0002763,51.6363,166.9265,20.6191,125.8861,0.00016948,9.42e-05,0.0,6793.226,92.87,416.968,413.214,1
25544,ISS,12,5.605093964444444,15.5056036,0.0002763,51.6363,166.9265,20.6191,125.8861,0.00016948,9.42e-05,0.0,6793.226,92.87,416.968,413.214,1
25544,ISS,6,3.2879793866666667,15.50562767,0.0002686,51.6345,165.1449,15.6719,344.4352,0.00013514,7.417e-05,0.0,6793.219,92.87,416.909,413.259,0
25544,ISS,48,2.1305793688888888,15.50534533,0.0002688,51.6342,173.1351,9.5212,350.5828,0.00016557,9.183e-05,0.0,6793.301,92.871,416.992,413.34,1
25544,ISS,12,1.0312628,15.50574159,0.0002844,51.6367,160.6113,25.514,36.8267,0.00011952,6.509e-05,0.0,6793.186,92.869,416.983,413.119,1
25544,ISS,48,5.605093964444444,15.5056036,0.0002763,51.6363,166.9265,20.6191,125.8861,0.00016948,9.42e-05,0.0,6793.226,92.87,416.968,413.214,1
25544,ISS,48,2.882218542222222,15.50566867,0.000269,51.6362,165.3983,21.2845,45.8925,0.00017122,9.524e-05,0.0,6793.207,92.869,416.899,413.245,1
25544,ISS,24,1.424334248888889,15.49919983,0.0002274,51.6342,158.1162,87.0874,273.0375,0.00011182,5.914e-05,0.0,6795.097,92.908,418.507,415.417,0
25544,ISS,48,2.1846705066666665,15.50566696,0.0002691,51.6345,163.2275,16.997,343.1109,0.0001169,6.354e-05,0.0,6793.207,92.869,416.9,413.244,1
25544,ISS,48,4.082710168888889,15.50569998,0.0002825,51.6363,162.1382,24.9428,118.602,0.00012064,6.573e-05,0.0,6793.198,92.869,416.982,413.144,1
25544,ISS,48,1.424334248888889,15.49919983,0.0002274,51.6342,158.1162,87.0874,273.0375,0.00011182,5.914e-05,0.0,6795.097,92.908,418.507,415.417,1
25544,ISS,24,7.11154776,15.49936261,0.0002245,51.6335,152.6859,92.258,267.8666,0.00012289,6.549e-05,0.0,6795.049,92.907,418.44,415.389,1
25544,ISS,48,7.11154776,15.49936261,0.0002245,51.6335,152.6859,92.258,267.8666,0.00012289,6.549e-05,0.0,6795.049,92.907,418.44,415.389,1
25544,ISS,24,6.359248648888889,15.49951966,0.000221,51.6335,147.575,94.108,266.0162,0.00011241,5.955e-05,0.0,6795.003,92.906,418.37,415.367,1
25544,ISS,24,1.8063936177777775,15.49961694,0.0002201,51.6336,145.0193,95.9395,264.1844,0.00013148,7.045e-05,0.0,6794.975,92.906,418.336,415.344,0
25544,ISS,48,2.567734835555555,15.49945849,0.0002228,51.6335,150.1303,93.4332,266.6912,0.00013184,7.062e-05,0.0,6795.021,92.906,418.4,415.372,0
25544,ISS,24,1.903005208888889,15.49966786,0.0002199,51.6337,143.4222,96.8401,263.2838,0.00013625,7.319e-05,0.0,6794.96,92.905,418.319,415.331,0
25544,ISS,48,3.001490648888889,15.49949392,0.0002204,51.6335,148.5331,94.5231,265.601,0.0001159,6.153e-05,0.0,6795.011,92.906,418.374,415.378,1
25544,ISS,6,3.034389671111111,15.49983035,0.0002198,51.6337,138.6304,100.2424,259.8813,0.00014772,7.979e-05,0.0,6794.913,92.904,418.271,415.284,0
25544,ISS,12,11.255185786666669,15.49985468,0.0002208,51.6336,137.9914,100.8201,259.3037,0.00015029,8.127e-05,0.0,6794.906,92.904,418.271,415.27,1
25544,ISS,12,3.6057736711111112,15.49989292,0.0002363,51.6344,136.3369,106.2254,313.1028,0.00013628,7.327e-05,0.0,6794.894,92.904,418.365,415.154,1
25544,ISS,48,1.903005208888889,15.49966786,0.0002199,51.6337,143.4222,96.8401,263.2838,0.00013625,7.319e-05,0.0,6794.96,92.905,418.319,415.331,1
25544,ISS,6,3.8232785955555553,15.50001978,0.0002184,51.6338,133.8388,103.1633,256.96,0.00015929,8.646e-05,0.0,6794.857,92.903,418.206,415.238,1
25544,ISS,12,0.6980319733333333,15.50017352,0.0002081,51.6353,130.8857,97.6914,346.6167,0.00019082,0.00010456,0.0,6794.812,92.902,418.091,415.263,0
25544,ISS,24,6.553278577777777,15.50004268,0.0002192,51.6339,133.2,103.7528,256.3705,0.00015783,8.563e-05,0.0,6794.851,92.903,418.205,415.226,1
25544,ISS,6,3.061228071111111,15.50025731,0.0002115,51.6344,128.728,106.2807,253.8414,0.00019544,0.00010724,0.0,6794.788,92.902,418.09,415.216,0
25544,ISS,24,6.620110737777778,15.50001703,0.000264,51.6349,133.1037,116.9619,343.9417,0.00014281,7.704e-05,0.0,6794.858,92.903,418.517,414.929,1
25544,ISS,24,0.4814097777777777,15.50013182,0.0002379,51.635,130.2539,110.1784,323.3914,0.00014768,7.986e-05,0.0,6794.825,92.902,418.306,415.073,1
25544,ISS,48,1.3322690666666666,15.49992771,0.0002353,51.6344,135.3507,107.1014,343.5068,0.00013725,7.383e-05,0.0,6794.884,92.904,418.348,415.15,1
25544,ISS,48,0.4814097777777777,15.50013182,0.0002379,51.635,130.2539,110.1784,323.3914,0.00014768,7.986e-05,0.0,6794.825,92.902,418.306,415.073,1
25544,ISS,24,1.5143200266666668,15.50035709,0.0002359,51.6344,125.4774,111.9505,304.3927,0.00016581,9.03e-05,0.0,6794.759,92.901,418.227,415.021,1
25544,ISS,6,13.04432328888889,15.50057991,0.0002451,51.6343,123.2017,114.2122,354.1397,0.00027083,0.00015062,0.0,6794.694,92.9,418.224,414.893,1
25544,ISS,48,3.061228071111111,15.50025731,0.0002115,51.6344,128.728,106.2807,253.8414,0.00019544,0.00010724,0.0,6794.788,92.902,418.09,415.216,1
25544,ISS,12,5.798258293333334,15.50072701,0.0002064,51.6347,120.4226,112.975,247.1457,0.00024538,0.00013608,0.0,6794.651,92.899,417.918,415.113,0
25544,ISS,12,0.5030555911111111,15.50066657,0.0002314,51.6359,119.2865,115.2752,82.2821,5.8421e-05,2.888e-05,0.0,6794.668,92.899,418.106,414.961,1
25544,ISS,12,1.0027778133333334,15.50075105,0.0002108,51.6365,119.2875,110.3669,87.1931,0.00018772,0.000103,0.0,6794.644,92.899,417.941,415.076,1
25544,ISS,24,3.09848728,15.50079803,0.0002056,51.6348,118.8254,114.0852,246.0352,0.00021923,0.00012111,0.0,6794.63,92.898,417.892,415.098,1
25544,ISS,24,4.736035626666666,15.50086892,0.0002053,51.6348,117.5476,115.0064,245.1138,0.00022104,0.00012218,0.0,6794.609,92.898,417.869,415.079,1
25544,ISS,24,3.287973342222222,15.50098341,0.0002039,51.6349,115.6307,116.031,244.0889,0.00022419,0.00012404,0.0,6794.576,92.897,417.826,415.055,1
25544,ISS,48,4.736035626666666,15.50086892,0.0002053,51.6348,117.5476,115.0064,245.1138,0.00022104,0.00012218,0.0,6794.609,92.898,417.869,415.079,1
25544,ISS,24,4.312076168888889,15.50115304,0.0002001,51.6349,112.4361,117.5296,242.5896,0.00021808,0.0001206,0.0,6794.526,92.896,417.751,415.032,1
25544,ISS,48,3.287973342222222,15.50098341,0.0002039,51.6349,115.6307,116.031,244.0889,0.00022419,0.00012404,0.0,6794.576,92.897,417.826,415.055,1
25544,ISS,24,2.6950272177777777,15.50128866,0.0001998,51.6348,110.5189,119.2234,240.8955,0.00024705,0.00013732,0.0,6794.486,92.896,417.709,414.994,0
25544,ISS,24,3.1294213333333336,15.50135736,0.0001985,51.6347,108.9215,120.4338,239.6847,0.00022132,0.00012255,0.0,6794.466,92.895,417.68,414.983,0
25544,ISS,48,2.6950272177777777,15.50128866,0.0001998,51.6348,110.5189,119.2234,240.8955,0.00024705,0.00013732,0.0,6794.486,92.896,417.709,414.994,1
25544,ISS,48,3.1294213333333336,15.50135736,0.0001985,51.6347,108.9215,120.4338,239.6847,0.00022132,0.00012255,0.0,6794.466,92.895,417.68,414.983,1
25544,ISS,24,3.921754888888889,15.50161265,0.0001992,51.6347,104.1294,125.2997,234.8178,0.00022036,0.00012211,0.0,6794.392,92.894,417.61,414.903,0
25544,ISS,24,1.538681848888889,15.50167078,0.0002296,51.6365,102.1566,124.9672,296.1947,0.00018456,0.00010153,0.0,6794.375,92.893,417.8,414.68,1
25544,ISS,6,3.2639116444444447,15.50196064,0.0001945,51.6344,97.4197,130.2872,229.8287,0.00023083,0.00012831,0.0,6794.29,92.891,417.477,414.834,0
25544,ISS,24,2.7317859555555555,15.50179196,0.0001954,51.6345,100.6151,128.2115,231.905,0.00022329,0.00012388,0.0,6794.339,92.892,417.532,414.877,0
25544,ISS,48,3.654178977777778,15.50154127,0.0001992,51.6345,105.7265,123.7631,236.3548,0.00023629,0.00013125,0.0,6794.413,92.894,417.631,414.924,1
25544,ISS,6,0.8590101066666667,15.5020915,0.0002163,51.6359,95.0939,129.4454,325.3746,0.00022842,0.00012698,0.0,6794.252,92.891,417.586,414.647,0
25544,ISS,48,1.538681848888889,15.50167078,0.0002296,51.6365,102.1566,124.9672,296.1947,0.00018456,0.00010153,0.0,6794.375,92.893,417.8,414.68,1
25544,ISS,6,0.7591667644444444,15.50222022,0.0002121,51.6362,92.6301,130.3479,220.4446,0.00022742,0.00012646,0.0,6794.214,92.89,417.52,414.638,0
25544,ISS,48,1.7651604711111113,15.50175539,0.0002251,51.6363,101.4799,122.9566,339.8304,0.00022393,0.00012424,0.0,6794.35,92.893,417.745,414.686,0
25544,ISS,6,1.86187168,15.50224255,0.0002111,51.6363,92.238,131.2249,301.1737,0.00022802,0.00012682,0.0,6794.208,92.89,417.507,414.639,0
25544,ISS,12,1.19937168,15.50224259,0.0002112,51.6363,92.2381,131.2659,301.1327,0.00022808,0.00012685,0.0,6794.208,92.89,417.508,414.638,1
25544,ISS,12,1.86187168,15.50224255,0.0002111,51.6363,92.238,131.2249,301.1737,0.00022802,0.00012682,0.0,6794.208,92.89,417.507,414.639,0
25544,ISS,24,2.704097973333333,15.50214428,0.000213,51.6363,94.0992,129.4737,6.6755,0.0002282,0.00012687,0.0,6794.236,92.89,417.549,414.654,1
25544,ISS,6,3.207264871111111,15.50237195,0.0001873,51.6344,89.1118,135.482,224.632,0.00020032,0.00011089,0.0,6794.17,92.889,417.307,414.762,1
25544,ISS,24,1.19937168,15.50224259,0.0002112,51.6363,92.2381,131.2659,301.1327,0.00022808,0.00012685,0.0,6794.208,92.89,417.508,414.638,0
25544,ISS,48,0.8590101066666667,15.5020915,0.0002163,51.6359,95.0939,129.4454,325.3746,0.00022842,0.00012698,0.0,6794.252,92.891,417.586,414.647,1
25544,ISS,12,2.19547272,15.5025349,0.0002244,51.636,87.4558,133.0817,290.4711,0.00026505,0.00014835,0.0,6794.122,92.888,417.512,414.463,1
25544,ISS,6,0.5317555377777778,15.50259437,0.0002287,51.6364,84.9763,136.888,197.5582,0.00021918,0.00012187,0.0,6794.105,92.888,417.524,414.416,0
25544,ISS,48,2.704097973333333,15.50214428,0.000213,51.6363,94.0992,129.4737,6.6755,0.0002282,0.00012687,0.0,6794.236,92.89,417.549,414.654,1
25544,ISS,24,3.207264871111111,15.50237195,0.0001873,51.6344,89.1118,135.482,224.632,0.00020032,0.00011089,0.0,6794.17,92.889,417.307,414.762,0
25544,ISS,12,0.5317555377777778,15.50259437,0.0002287,51.6364,84.9763,136.888,197.5582,0.00021918,0.00012187,0.0,6794.105,92.888,417.524,414.416,0
25544,ISS,6,4.002483955555555,15.50261247,0.0001828,51.6345,84.3189,139.3559,220.7567,0.00021736,0.00012083,0.0,6794.1,92.888,417.207,414.723,1
25544,ISS,24,2.19547272,15.5025349,0.0002244,51.636,87.4558,133.0817,290.4711,0.00026505,0.00014835,0.0,6794.122,92.888,417.512,414.463,1
25544,ISS,12,5.577853119999999,15.50254761,0.0001852,51.6344,85.5975,138.4382,221.6748,0.00021446,0.00011912,0.0,6794.119,92.888,417.242,414.725,0
25544,ISS,48,1.86187168,15.50224255,0.0002111,51.6363,92.238,131.2249,301.1737,0.00022802,0.00012682,0.0,6794.208,92.89,417.507,414.639,1
25544,ISS,6,0.3750408266666666,15.50276953,0.0002173,51.6365,81.3637,140.2948,304.1066,0.00021629,0.00012028,0.0,6794.054,92.887,417.395,414.442,0
25544,ISS,24,0.5317555377777778,15.50259437,0.0002287,51.6364,84.9763,136.888,197.5582,0.00021918,0.00012187,0.0,6794.105,92.888,417.524,414.416,1
25544,ISS,6,2.642769848888889,15.50276709,0.0001792,51.6345,80.8045,141.9722,218.1394,0.00019438,0.00010761,0.0,6794.055,92.887,417.137,414.702,0
25544,ISS,6,2.317222168888889,15.50281737,0.0002141,51.6361,80.3198,140.9695,40.2969,0.00021529,0.00011972,0.0,6794.04,92.886,417.359,414.45,1
25544,ISS,12,2.317222168888889,15.50281737,0.0002141,51.6361,80.3198,140.9695,40.2969,0.00021529,0.00011972,0.0,6794.04,92.886,417.359,414.45,1
25544,ISS,24,0.3750408266666666,15.50276953,0.0002173,51.6365,81.3637,140.2948,304.1066,0.00021629,0.00012028,0.0,6794.054,92.887,417.395,414.442,1
25544,ISS,6,6.294194631111111,15.50290623,0.0001729,51.6346,77.6095,143.7235,216.3872,0.00018089,9.987e-05,0.0,6794.014,92.886,417.054,414.704,1
25544,ISS,6,1.2343110666666666,15.50306825,0.0001535,51.6355,76.5504,135.1338,333.0152,0.00030763,0.0001733,0.0,6793.967,92.885,416.874,414.789,1
25544,ISS,12,0.56003344,15.50307,0.0002052,51.6358,75.068,141.2455,195.966,0.00021211,0.00011799,0.0,6793.966,92.885,417.225,414.437,1
25544,ISS,48,0.3750408266666666,15.50276953,0.0002173,51.6365,81.3637,140.2948,304.1066,0.00021629,0.00012028,0.0,6794.054,92.887,417.395,414.442,1
25544,ISS,24,6.294194631111111,15.50290623,0.0001729,51.6346,77.6095,143.7235,216.3872,0.00018089,9.987e-05,0.0,6794.014,92.886,417.054,414.704,1
25544,ISS,12,8.749289022222223,15.5030705,0.000173,51.6348,74.7337,146.4187,213.6912,0.00013861,7.548e-05,0.0,6793.966,92.885,417.006,414.656,0
25544,ISS,48,2.642769848888889,15.50276709,0.0001792,51.6345,80.8045,141.9722,218.1394,0.00019438,0.00010761,0.0,6794.055,92.887,417.137,414.702,1
25544,ISS,6,0.7863858577777777,15.50324816,0.0002063,51.6362,71.4998,141.3386,255.5383,0.00021137,0.00011764,0.0,6793.914,92.884,417.181,414.377,0
25544,ISS,24,0.56003344,15.50307,0.0002052,51.6358,75.068,141.2455,195.966,0.00021211,0.00011799,0.0,6793.966,92.885,417.225,414.437,0
25544,ISS,6,0.8141302844444445,15.50330642,0.0002037,51.6357,70.1289,142.2414,359.5265,0.00020962,0.00011665,0.0,6793.897,92.883,417.146,414.378,1
25544,ISS,48,4.792211226666667,15.50282964,0.0001736,51.6345,79.5266,142.919,217.1919,0.00019653,0.00010888,0.0,6794.036,92.886,417.081,414.722,1
25544,ISS,6,3.380708151111111,15.50332336,0.0001652,51.6351,67.7039,151.7603,208.3476,0.00015271,8.371e-05,0.0,6793.892,92.883,416.879,414.635,1
25544,ISS,48,1.8324471377777776,15.5032668,0.000179,51.6349,72.7526,135.4885,294.4671,0.00026065,0.00014619,0.0,6793.909,92.884,416.99,414.557,1
25544,ISS,24,3.380708151111111,15.50332336,0.0001652,51.6351,67.7039,151.7603,208.3476,0.00015271,8.371e-05,0.0,6793.892,92.883,416.879,414.635,1
25544,ISS,24,10.58129863111111,15.50378521,0.00014205,51.6349,52.6854,162.5532,197.5506,0.0001246084,6.757e-05,0.0,6793.757,92.881,416.587,414.657,1
25544,ISS,6,1.2532939911111112,15.50397343,0.0001824,51.6367,46.844,161.3947,292.9442,0.00013347,7.275e-05,0.0,6793.702,92.879,416.806,414.328,1
25544,ISS,6,1.5370388444444445,15.50396309,0.0001735,51.6367,45.4946,164.2823,14.2163,0.00011302,6.089e-05,0.0,6793.705,92.879,416.749,414.391,1
25544,ISS,24,7.510468986666667,15.50382932,0.0001496,51.6348,50.4484,166.7359,193.3669,0.00011133,5.989e-05,0.0,6793.744,92.88,416.626,414.593,1
25544,ISS,12,2.187826986666667,15.50398744,0.0001462,51.635,45.9743,170.523,189.5787,0.00015581,8.572e-05,0.0,6793.698,92.879,416.556,414.57,1
25544,ISS,24,1.7529548444444445,15.50392869,0.0001458,51.6352,47.5724,168.6743,191.4279,0.00013092,7.126e-05,0.0,6793.715,92.88,416.571,414.59,1
25544,ISS,12,1.0774465155555557,15.5040528,0.0001476,51.6349,44.0567,172.8642,187.2368,0.00015525,8.541e-05,0.0,6793.679,92.879,416.547,414.541,1
25544,ISS,48,10.58129863111111,15.50378521,0.00014205,51.6349,52.6854,162.5532,197.5506,0.0001246084,6.757e-05,0.0,6793.757,92.881,416.587,414.657,1
25544,ISS,24,1.5370388444444445,15.50396309,0.0001735,51.6367,45.4946,164.2823,14.2163,0.00011302,6.089e-05,0.0,6793.705,92.879,416.749,414.391,1
25544,ISS,6,2.912527137777778,15.50434578,0.0001329,51.6345,39.5822,176.6217,183.4781,0.00020663,0.00011536,0.0,6793.593,92.877,416.361,414.555,1
25544,ISS,12,1.290111351111111,15.50418192,0.0001715,51.637,40.4501,168.6519,291.2807,0.00013681,7.475e-05,0.0,6793.641,92.878,416.671,414.341,1
25544,ISS,24,2.9802441333333336,15.50428739,0.0001364,51.6349,41.1807,173.8936,186.207,0.00025255,0.00014202,0.0,6793.61,92.878,416.402,414.549,1
25544,ISS,24,2.912527137777778,15.50434578,0.0001329,51.6345,39.5822,176.6217,183.4781,0.00020663,0.00011536,0.0,6793.593,92.877,416.361,414.555,1
25544,ISS,48,2.719394657777777,15.50419347,0.0001398,51.6345,42.7784,174.2494,185.8512,0.00024819,0.00013944,0.0,6793.638,92.878,416.453,414.553,1
25544,ISS,48,2.9802441333333336,15.50428739,0.0001364,51.6349,41.1807,173.8936,186.207,0.00025255,0.00014202,0.0,6793.61,92.878,416.402,414.549,1
25544,ISS,24,3.778542515555555,15.5044566,0.0001295,51.6346,36.3869,176.8868,183.2129,0.00016861,9.33e-05,0.0,6793.561,92.877,416.306,414.546,1
25544,ISS,48,2.912527137777778,15.50434578,0.0001329,51.6345,39.5822,176.6217,183.4781,0.00020663,0.00011536,0.0,6793.593,92.877,416.361,414.555,1
25544,ISS,24,6.59770183111111,15.50502248,0.0001267,51.6356,21.3666,190.3224,169.774,0.0001604,8.872e-05,0.0,6793.396,92.873,416.121,414.4,1
25544,ISS,12,2.6105614844444447,15.49953337,0.000344,51.637,11.0151,221.9962,280.8086,0.00021345,0.00011725,0.0,6794.999,92.906,419.202,414.527,0
25544,ISS,24,5.4858065866666665,15.49942616,0.0003557,51.6349,13.0597,220.9474,139.1248,0.00019089,0.00010432,0.0,6795.031,92.907,419.313,414.479,0
25544,ISS,24,5.511374791111112,15.4994162,0.000356,51.6366,12.0241,223.0324,221.7434,0.00013539,7.263e-05,0.0,6795.034,92.907,419.318,414.48,1
25544,ISS,24,67.7632458311111,15.50490099,0.0001214,51.6354,24.8822,188.55,171.5469,0.00019551,0.00010911,0.0,6793.431,92.874,416.121,414.471,1
25544,ISS,24,75.4976471111111,15.50483866,0.0001242,51.6353,26.48,185.6155,174.4821,0.00018424,0.00010253,0.0,6793.449,92.874,416.158,414.471,1
25544,ISS,24,10.020491671111111,15.49934408,0.0003701,51.6366,12.9547,223.1127,252.6386,7.2282e-05,3.662e-05,0.0,6795.055,92.907,419.435,414.405,1
25544,ISS,24,25.992006871111112,15.49926755,0.0003328,51.635,16.2546,217.7911,142.2844,0.00014441,7.774e-05,0.0,6795.077,92.908,419.204,414.681,1
25544,ISS,6,1.3165680355555556,15.49966618,0.0003487,51.6367,7.2361,224.1012,215.5944,0.00018187,9.925e-05,0.0,6794.961,92.905,419.195,414.456,0
25544,ISS,6,6.598510195555556,15.49961564,0.0003528,51.6352,8.2689,225.8196,134.2503,0.00018168,9.913e-05,0.0,6794.975,92.906,419.238,414.443,0
25544,ISS,12,6.598510195555556,15.49961564,0.0003528,51.6352,8.2689,225.8196,134.2503,0.00018168,9.913e-05,0.0,6794.975,92.906,419.238,414.443,0
25544,ISS,6,3.091785582222222,15.4997136,0.0003468,51.6371,6.2262,225.368,272.3192,0.00018493,0.00010102,0.0,6794.947,92.905,419.168,414.455,0
25544,ISS,6,2.443001848888889,15.49975761,0.0003499,51.6356,4.755,229.5075,130.5609,0.00017645,9.619e-05,0.0,6794.934,92.905,419.176,414.421,0
25544,ISS,24,1.496409191111111,15.49964662,0.0003454,51.6369,8.1691,223.9415,244.9345,0.00019653,0.00010763,0.0,6794.966,92.905,419.178,414.484,1
25544,ISS,48,5.4858065866666665,15.49942616,0.0003557,51.6349,13.0597,220.9474,139.1248,0.00019089,0.00010432,0.0,6795.031,92.907,419.313,414.479,1
25544,ISS,48,5.511374791111112,15.4994162,0.000356,51.6366,12.0241,223.0324,221.7434,0.00013539,7.263e-05,0.0,6795.034,92.907,419.318,414.48,1
25544,ISS,48,67.7632458311111,15.50490099,0.0001214,51.6354,24.8822,188.55,171.5469,0.00019551,0.00010911,0.0,6793.431,92.874,416.121,414.471,1
25544,ISS,48,75.4976471111111,15.50483866,0.0001242,51.6353,26.48,185.6155,174.4821,0.00018424,0.00010253,0.0,6793.449,92.874,416.158,414.471,1
25544,ISS,48,10.020491671111111,15.49934408,0.0003701,51.6366,12.9547,223.1127,252.6386,7.2282e-05,3.662e-05,0.0,6795.055,92.907,419.435,414.405,1
25544,ISS,48,25.992006871111112,15.49926755,0.0003328,51.635,16.2546,217.7911,142.2844,0.00014441,7.774e-05,0.0,6795.077,92.908,419.204,414.681,1
25544,ISS,24,5.275302684444444,15.49966651,0.0003552,51.6356,6.9915,226.9639,133.1053,0.0001803,9.836e-05,0.0,6794.961,92.905,419.239,414.412,0
25544,ISS,6,1.9243762222222225,15.49986215,0.0003437,51.637,2.4058,229.16,251.9567,0.00017903,9.77e-05,0.0,6794.903,92.904,419.104,414.433,0
25544,ISS,24,3.091785582222222,15.4997136,0.0003468,51.6371,6.2262,225.368,272.3192,0.00018493,0.00010102,0.0,6794.947,92.905,419.168,414.455,0
25544,ISS,48,2.6105614844444447,15.49953337,0.000344,51.637,11.0151,221.9962,280.8086,0.00021345,0.00011725,0.0,6794.999,92.906,419.202,414.527,1
25544,ISS,48,5.275302684444444,15.49966651,0.0003552,51.6356,6.9915,226.9639,133.1053,0.0001803,9.836e-05,0.0,6794.961,92.905,419.239,414.412,0
25544,ISS,24,3.302532222222222,15.49989447,0.0003462,51.6354,1.5604,232.3943,127.6732,0.00017767,9.694e-05,0.0,6794.894,92.904,419.111,414.407,0
25544,ISS,48,2.443001848888889,15.49975761,0.0003499,51.6356,4.755,229.5075,130.5609,0.00017645,9.619e-05,0.0,6794.934,92.905,419.176,414.421,1
25544,ISS,24,2.120111253333333,15.50003495,0.0003435,51.6354,358.0463,236.3636,123.7025,0.00016949,9.231e-05,0.0,6794.853,92.903,419.052,414.384,1
25544,ISS,24,7.9913661155555555,15.50129787,0.00033076,51.6355,332.1708,260.2831,99.7785,0.00020339428,0.00011222,0.0,6794.484,92.895,418.596,414.101,0
25544,ISS,48,8.848011875555557,15.50151873,0.00033176,51.6355,327.3786,265.719,94.342,0.00019996206,0.00011034,0.0,6794.419,92.894,418.538,414.03,1
25544,ISS,6,8.141802577777778,15.50227452,0.00032759,51.6346,313.6404,278.7031,81.3587,0.00022352752,0.00012424,0.0,6794.198,92.89,418.289,413.838,0
25544,ISS,24,4.270274604444444,15.50213063,0.00032909,51.6345,316.5155,276.757,83.3045,0.00021012159,0.00011645,0.0,6794.24,92.89,418.341,413.87,0
25544,ISS,48,9.767934506666666,15.50204319,0.00032918,51.6348,318.4329,275.14,84.9213,0.0002131228,0.00011814,0.0,6794.266,92.891,418.368,413.894,0
25544,ISS,48,4.270274604444444,15.50213063,0.00032909,51.6345,316.5155,276.757,83.3045,0.00021012159,0.00011645,0.0,6794.24,92.89,418.341,413.87,0
25544,ISS,48,10.35872551111111,15.50231798,0.00032839,51.6343,312.6816,279.7275,80.3343,0.00022077112,0.00012267,0.0,6794.186,92.889,418.282,413.82,0
25544,ISS,48,10.52442551111111,15.50257052,0.00033035,51.6343,307.8885,284.642,75.4202,0.00022593736,0.00012577,0.0,6794.112,92.888,418.221,413.732,1
25544,ISS,24,8.090548497777778,15.50293422,0.00032814,51.6342,300.5391,291.2034,68.8604,0.00020752787,0.00011529,0.0,6794.006,92.886,418.1,413.641,0
25544,ISS,6,9.067135297777778,15.50315732,0.00033207,51.634,295.7461,296.2458,63.819,0.00021123833,0.00011753,0.0,6793.94,92.884,418.062,413.549,0
25544,ISS,48,6.107290382222222,15.50309434,0.00032971,51.6341,297.0246,294.4566,65.6079,0.00020639349,0.0001147,0.0,6793.959,92.885,418.064,413.584,1
33591,NOAA 19,12,6.253067146666667,14.1324612,0.0014693,99.0219,64.4961,95.1476,265.1373,0.00034214,5.96e-06,0.0,7226.422,101.893,858.905,837.669,0
33591,NOAA 19,6,3.251576533333333,14.13252981,0.0014707,99.0217,65.4951,92.5482,267.7374,0.00079919,1.454e-05,0.0,7226.398,101.893,858.891,837.636,0
33591,NOAA 19,6,10.4298056,14.13247237,0.0014702,99.0218,65.2097,93.3201,266.9653,0.0003519,6.14e-06,0.0,7226.418,101.893,858.907,837.659,1
33591,NOAA 19,24,3.251576533333333,14.13252981,0.0014707,99.0217,65.4951,92.5482,267.7374,0.00079919,1.454e-05,0.0,7226.398,101.893,858.891,837.636,1
33591,NOAA 19,24,10.4298056,14.13247237,0.0014702,99.0218,65.2097,93.3201,266.9653,0.0003519,6.14e-06,0.0,7226.418,101.893,858.907,837.659,0
33591,NOAA 19,48,3.910314435555556,14.13246503,0.0014694,99.0219,64.7816,94.4121,265.873,0.00034297,5.98e-06,0.0,7226.42,101.893,858.904,837.667,0
33591,NOAA 19,12,9.38630256888889,14.13249066,0.0014705,99.0217,66.066,91.0975,269.1882,0.00040901,7.22e-06,0.0,7226.412,101.893,858.903,837.65,0
33591,NOAA 19,48,5.113398417777778,14.13246844,0.0014699,99.0219,65.067,93.6872,266.5981,0.00033777,5.88e-06,0.0,7226.419,101.893,858.906,837.662,0
33591,NOAA 19,12,7.616918311111111,14.13248849,0.0014695,99.0216,66.5655,89.7532,270.5323,0.0003286,5.71e-06,0.0,7226.412,101.893,858.897,837.658,0
33591,NOAA 19,24,3.080629288888889,14.13249397,0.00147,99.0215,67.2791,87.89,272.3955,0.0002938,5.06e-06,0.0,7226.411,101.893,858.898,837.653,0
33591,NOAA 19,24,4.874540071111111,14.13249552,0.0014696,99.0215,67.4219,87.4906,272.7948,0.00029188,5.02e-06,0.0,7226.41,101.893,858.895,837.655,0
33591,NOAA 19,12,4.199963128888889,14.13250336,0.0014689,99.0214,68.2781,85.2434,275.0415,0.00025735,4.37e-06,0.0,7226.407,101.893,858.887,837.658,0
33591,NOAA 19,24,3.01349824,14.13249828,0.0014687,99.0214,67.85,86.3374,273.9477,0.00026381,4.49e-06,0.0,7226.409,101.893,858.888,837.661,0
33591,NOAA 19,48,3.080629288888889,14.13249397,0.00147,99.0215,67.2791,87.89,272.3955,0.0002938,5.06e-06,0.0,7226.411,101.893,858.898,837.653,0
33591,NOAA 19,12,3.2297938044444447,14.13251587,0.0014673,99.0213,68.8489,83.6933,276.5909,0.00030176,5.2e-06,0.0,7226.403,101.893,858.871,837.665,0
33591,NOAA 19,24,1.688074951111111,14.13251363,0.0014675,99.0214,68.5635,84.4442,275.8403,0.00032285,5.6e-06,0.0,7226.404,101.893,858.874,837.664,0
33591,NOAA 19,48,4.874540071111111,14.13249552,0.0014696,99.0215,67.4219,87.4906,272.7948,0.00029188,5.02e-06,0.0,7226.41,101.893,858.895,837.655,0
33591,NOAA 19,6,7.372641795555555,14.13251823,0.0014674,99.0213,69.2057,82.7698,277.5141,0.00028149,4.82e-06,0.0,7226.402,101.893,858.871,837.663,0
33591,NOAA 19,12,7.597905146666666,14.13251879,0.0014674,99.0213,69.1344,82.948,277.336,0.00029926,5.16e-06,0.0,7226.402,101.893,858.871,837.663,0
33591,NOAA 19,48,3.01349824,14.13249828,0.0014687,99.0214,67.85,86.3374,273.9477,0.00026381,4.49e-06,0.0,7226.409,101.893,858.888,837.661,1
33591,NOAA 19,12,7.205754337777778,14.13252095,0.0014675,99.0212,69.4911,82.0274,278.2563,0.00026725,4.56e-06,0.0,7226.401,101.893,858.871,837.662,0
33591,NOAA 19,48,1.688074951111111,14.13251363,0.0014675,99.0214,68.5635,84.4442,275.8403,0.00032285,5.6e-06,0.0,7226.404,101.893,858.874,837.664,0
33591,NOAA 19,24,3.599365448888889,14.13252095,0.0014675,99.0212,69.4911,82.0274,278.2563,0.00026725,4.56e-06,0.0,7226.401,101.893,858.871,837.662,0
33591,NOAA 19,24,7.205754337777778,14.13252095,0.0014675,99.0212,69.4911,82.0274,278.2563,0.00026725,4.56e-06,0.0,7226.401,101.893,858.871,837.662,0
33591,NOAA 19,12,5.97070688,14.13253225,0.0014662,99.0211,70.5614,79.2072,281.0749,0.00023653,3.98e-06,0.0,7226.398,101.893,858.858,837.667,0
33591,NOAA 19,24,6.005876471111112,14.13252873,0.0014672,99.0211,70.0619,80.5155,279.7674,0.00026474,4.51e-06,0.0,7226.399,101.893,858.866,837.661,0
33591,NOAA 19,24,3.6964789066666666,14.13253025,0.0014662,99.0211,70.276,79.9504,280.3321,0.00025125,4.26e-06,0.0,7226.398,101.893,858.859,837.668,0
33591,NOAA 19,6,4.022865991111111,14.13254046,0.0014647,99.0209,71.4889,76.7831,283.4973,0.00020907,3.47e-06,0.0,7226.395,101.893,858.844,837.675,0
33591,NOAA 19,24,3.483827342222222,14.13253495,0.0014652,99.021,70.8468,78.4592,281.8224,0.0002266,3.8e-06,0.0,7226.397,101.893,858.85,837.674,0
33591,NOAA 19,48,3.438885866666667,14.13252642,0.001467,99.0212,69.8479,81.0803,279.2029,0.00027116,4.63e-06,0.0,7226.4,101.893,858.866,837.663,0
33591,NOAA 19,48,6.005876471111112,14.13252873,0.0014672,99.0211,70.0619,80.5155,279.7674,0.00026474,4.51e-06,0.0,7226.399,101.893,858.866,837.661,0
33591,NOAA 19,24,4.686391288888889,14.13253708,0.0014648,99.021,71.1322,77.7,282.5811,0.00021898,3.65e-06,0.0,7226.396,101.893,858.846,837.676,0
33591,NOAA 19,24,4.022865991111111,14.13254046,0.0014647,99.0209,71.4889,76.7831,283.4973,0.00020907,3.47e-06,0.0,7226.395,101.893,858.844,837.675,0
33591,NOAA 19,12,5.230243253333334,14.13254679,0.0014631,99.0209,72.1311,75.1034,285.1757,0.00020954,3.48e-06,0.0,7226.393,101.892,858.831,837.685,0
33591,NOAA 19,48,3.483827342222222,14.13253495,0.0014652,99.021,70.8468,78.4592,281.8224,0.0002266,3.8e-06,0.0,7226.397,101.893,858.85,837.674,0
33591,NOAA 19,12,4.240143342222222,14.13255041,0.0014608,99.0208,72.8447,73.2046,287.0727,0.00017844,2.89e-06,0.0,7226.391,101.892,858.813,837.7,0
33591,NOAA 19,24,7.348055404444445,14.1325463,0.0014631,99.0209,72.2738,74.7378,285.541,0.0001889,3.09e-06,0.0,7226.393,101.892,858.831,837.685,0
33591,NOAA 19,6,14.508235191111112,14.13255235,0.0014604,99.0208,72.9874,72.832,287.4449,0.00018762,3.06e-06,0.0,7226.391,101.892,858.809,837.702,0
33591,NOAA 19,6,4.644968240000001,14.13256335,0.0014592,99.0206,74.2717,69.5254,290.7483,0.0001822,2.96e-06,0.0,7226.387,101.892,858.797,837.707,0
33591,NOAA 19,12,8.057567253333334,14.1325663,0.0014588,99.0205,74.6284,68.5939,291.6787,0.00018516,3.02e-06,0.0,7226.386,101.892,858.793,837.709,0
33591,NOAA 19,24,4.644968240000001,14.13256335,0.0014592,99.0206,74.2717,69.5254,290.7483,0.0001822,2.96e-06,0.0,7226.387,101.892,858.797,837.707,0
33591,NOAA 19,6,5.629948808888889,14.13256907,0.0014578,99.0204,75.1992,67.1113,293.1597,0.00017373,2.8e-06,0.0,7226.385,101.892,858.785,837.715,0
33591,NOAA 19,48,5.3895162222222215,14.13255869,0.00146,99.0207,73.6295,71.1816,289.0938,0.00019132,3.13e-06,0.0,7226.389,101.892,858.804,837.703,0
33591,NOAA 19,48,4.284573422222222,14.1325603,0.0014596,99.0206,73.8436,70.6188,289.656,0.00018684,3.05e-06,0.0,7226.388,101.892,858.801,837.705,0
33591,NOAA 19,24,4.999751777777778,14.13257052,0.0014577,99.0203,75.4847,66.334,293.936,0.00016789,2.69e-06,0.0,7226.385,101.892,858.783,837.716,0
33591,NOAA 19,12,4.954258951111112,14.13257848,0.0014542,99.02,76.6262,63.2478,297.018,0.00017482,2.82e-06,0.0,7226.382,101.892,858.755,837.738,0
33591,NOAA 19,24,2.3091508177777778,14.13257647,0.0014555,99.0201,76.2695,64.2403,296.0269,0.00017501,2.83e-06,0.0,7226.382,101.892,858.765,837.729,0
33591,NOAA 19,48,3.509711884444444,14.13257005,0.0014574,99.0203,75.3419,66.7341,293.5364,0.00017337,2.8e-06,0.0,7226.385,101.892,858.781,837.718,0
33591,NOAA 19,48,4.999751777777778,14.13257052,0.0014577,99.0203,75.4847,66.334,293.936,0.00016789,2.69e-06,0.0,7226.385,101.892,858.783,837.716,0
33591,NOAA 19,24,3.5128477155555555,14.13257816,0.0014544,99.0201,76.5549,63.4481,296.818,0.00017599,2.85e-06,0.0,7226.382,101.892,858.757,837.737,0
33591,NOAA 19,12,4.629478817777778,14.13258338,0.0014521,99.0199,77.3397,61.3499,298.9131,0.00017519,2.83e-06,0.0,7226.38,101.892,858.739,837.752,0
33591,NOAA 19,24,3.1835128444444445,14.13258019,0.0014532,99.02,76.9116,62.473,297.7917,0.00017136,2.76e-06,0.0,7226.381,101.892,858.748,837.745,0
33591,NOAA 19,48,3.140434933333333,14.13257437,0.0014562,99.0202,75.9128,65.1646,295.1039,0.00017606,2.85e-06,0.0,7226.383,101.892,858.771,837.725,0
33591,NOAA 19,48,2.3091508177777778,14.13257647,0.0014555,99.0201,76.2695,64.2403,296.0269,0.00017501,2.83e-06,0.0,7226.382,101.892,858.765,837.729,0
33591,NOAA 19,24,4.220545715555556,14.13258372,0.0014528,99.0199,77.197,61.7257,298.5379,0.00018905,3.09e-06,0.0,7226.38,101.892,858.744,837.747,0
33591,NOAA 19,24,3.724823635555556,14.13258474,0.0014515,99.0199,77.5538,60.7639,299.4982,0.00017827,2.89e-06,0.0,7226.38,101.892,858.734,837.756,0
33591,NOAA 19,48,3.5128477155555555,14.13257816,0.0014544,99.0201,76.5549,63.4481,296.818,0.00017599,2.85e-06,0.0,7226.382,101.892,858.757,837.737,0
33591,NOAA 19,24,3.75868824,14.13259035,0.0014491,99.0197,78.3385,58.6928,301.566,0.00017189,2.77e-06,0.0,7226.378,101.892,858.715,837.771,0
33591,NOAA 19,6,3.982150328888889,14.13259835,0.0014447,99.0194,79.5514,55.4727,304.7807,0.00016041,2.55e-06,0.0,7226.375,101.892,858.68,837.8,0
33591,NOAA 19,24,3.274432168888889,14.13259366,0.0014467,99.0196,78.9093,57.1425,303.1137,0.00016322,2.61e-06,0.0,7226.377,101.892,858.696,837.787,0
33591,NOAA 19,24,3.982150328888889,14.13259835,0.0014447,99.0194,79.5514,55.4727,304.7807,0.00016041,2.55e-06,0.0,7226.375,101.892,858.68,837.8,0
33591,NOAA 19,48,4.269868311111111,14.13259103,0.0014482,99.0196,78.5526,58.1179,302.1399,0.0001633,2.61e-06,0.0,7226.378,101.892,858.708,837.777,0
33591,NOAA 19,48,3.274432168888889,14.13259366,0.0014467,99.0196,78.9093,57.1425,303.1137,0.00016322,2.61e-06,0.0,7226.377,101.892,858.696,837.787,0
33591,NOAA 19,12,3.8670772,14.13261185,0.0014403,99.0192,80.9069,51.8715,308.3753,0.00019161,3.14e-06,0.0,7226.37,101.892,858.644,837.827,0
33591,NOAA 19,48,3.982150328888889,14.13259835,0.0014447,99.0194,79.5514,55.4727,304.7807,0.00016041,2.55e-06,0.0,7226.375,101.892,858.68,837.8,0
33591,NOAA 19,12,6.6010441688888895,14.13261407,0.0014398,99.0191,81.1209,51.3165,308.9292,0.00019756,3.25e-06,0.0,7226.37,101.892,858.639,837.83,0
33591,NOAA 19,24,6.6010441688888895,14.13261407,0.0014398,99.0191,81.1209,51.3165,308.9292,0.00019756,3.25e-06,0.0,7226.37,101.892,858.639,837.83,0
33591,NOAA 19,48,3.807425902222223,14.13260618,0.0014421,99.0193,80.3362,53.3926,306.857,0.00017762,2.88e-06,0.0,7226.372,101.892,858.659,837.816,0
33591,NOAA 19,24,5.776032577777778,14.13261983,0.0014373,99.019,81.8343,49.431,310.8111,0.00019728,3.25e-06,0.0,7226.368,101.892,858.619,837.846,0
33591,NOAA 19,48,3.8670772,14.13261185,0.0014403,99.0192,80.9069,51.8715,308.3753,0.00019161,3.14e-06,0.0,7226.37,101.892,858.644,837.827,0
33591,NOAA 19,12,4.812472328888889,14.13262653,0.0014344,99.0189,82.6903,47.1236,313.1138,0.00020035,3.3e-06,0.0,7226.365,101.892,858.596,837.865,0
33591,NOAA 19,48,6.6010441688888895,14.13261407,0.0014398,99.0191,81.1209,51.3165,308.9292,0.00019756,3.25e-06,0.0,7226.37,101.892,858.639,837.83,0
33591,NOAA 19,24,4.488446266666666,14.13262356,0.0014354,99.019,82.3336,48.0758,312.1635,0.00019338,3.17e-06,0.0,7226.366,101.892,858.604,837.859,0
33591,NOAA 19,12,3.990256755555556,14.13263392,0.0014319,99.0188,83.4037,45.1686,315.0647,0.00022206,3.71e-06,0.0,7226.363,101.892,858.575,837.88,0
33591,NOAA 19,48,5.776032577777778,14.13261983,0.0014373,99.019,81.8343,49.431,310.8111,0.00019728,3.25e-06,0.0,7226.368,101.892,858.619,837.846,0
33591,NOAA 19,24,3.7932539377777776,14.1326312,0.0014324,99.0188,83.2611,45.5586,314.6755,0.00020683,3.42e-06,0.0,7226.364,101.892,858.58,837.878,0
33591,NOAA 19,24,3.990256755555556,14.13263392,0.0014319,99.0188,83.4037,45.1686,315.0647,0.00022206,3.71e-06,0.0,7226.363,101.892,858.575,837.88,0
33591,NOAA 19,12,4.416223324444444,14.13264196,0.0014286,99.0187,84.4026,42.4445,317.7828,0.00022587,3.78e-06,0.0,7226.36,101.892,858.549,837.902,0
33591,NOAA 19,24,2.802156915555556,14.13263973,0.0014303,99.0187,83.9745,43.599,316.6309,0.0002371,3.99e-06,0.0,7226.361,101.892,858.562,837.89,0
33591,NOAA 19,12,5.082455742222222,14.13264692,0.001428,99.0186,84.6879,41.7061,318.5197,0.0002527,4.29e-06,0.0,7226.358,101.892,858.543,837.904,0
33591,NOAA 19,48,3.7932539377777776,14.1326312,0.0014324,99.0188,83.2611,45.5586,314.6755,0.00020683,3.42e-06,0.0,7226.364,101.892,858.58,837.878,0
33591,NOAA 19,24,3.3429807911111107,14.132644,0.0014281,99.0187,84.6166,41.8561,318.37,0.0002309,3.88e-06,0.0,7226.359,101.892,858.544,837.905,0
33591,NOAA 19,24,5.082455742222222,14.13264692,0.001428,99.0186,84.6879,41.7061,318.5197,0.0002527,4.29e-06,0.0,7226.358,101.892,858.543,837.904,0
33591,NOAA 19,6,2.5316544000000003,14.13265658,0.0014227,99.0184,86.0433,38.0135,322.2038,0.00022773,3.82e-06,0.0,7226.355,101.892,858.501,837.939,0
33591,NOAA 19,12,3.619304391111111,14.13265301,0.0014239,99.0184,85.7579,38.8425,321.3767,0.00021916,3.66e-06,0.0,7226.356,101.892,858.511,837.932,0
33591,NOAA 19,24,3.0596770488888887,14.13265492,0.0014232,99.0184,85.9719,38.2269,321.991,0.00021768,3.63e-06,0.0,7226.356,101.892,858.505,837.936,0
33591,NOAA 19,48,3.014244675555556,14.13264918,0.0014271,99.0186,84.9732,40.9333,319.2908,0.0002466,4.17e-06,0.0,7226.358,101.892,858.535,837.91,0
33591,NOAA 19,24,4.263695164444444,14.13265873,0.0014219,99.0184,86.2573,37.463,322.753,0.0002313,3.88e-06,0.0,7226.354,101.892,858.495,837.944,0
33591,NOAA 19,48,4.217699795555555,14.13265033,0.0014259,99.0185,85.2586,40.1684,320.0539,0.00023595,3.97e-06,0.0,7226.357,101.892,858.526,837.918,0
33591,NOAA 19,48,3.5553520888888888,14.13265133,0.0014246,99.0185,85.6153,39.2375,320.9827,0.00021513,3.58e-06,0.0,7226.357,101.892,858.517,837.927,0
33591,NOAA 19,48,3.0596770488888887,14.13265492,0.0014232,99.0184,85.9719,38.2269,321.991,0.00021768,3.63e-06,0.0,7226.356,101.892,858.505,837.936,0
33591,NOAA 19,48,4.263695164444444,14.13265873,0.0014219,99.0184,86.2573,37.463,322.753,0.0002313,3.88e-06,0.0,7226.354,101.892,858.495,837.944,0
33591,NOAA 19,48,6.706195164444445,14.13265873,0.0014219,99.0184,86.2573,37.463,322.753,0.0002313,3.88e-06,0.0,7226.354,101.892,858.495,837.944,0
33591,NOAA 19,24,4.146259795555555,14.13267063,0.0014154,99.0182,87.6127,33.7555,326.4515,0.00023548,3.96e-06,0.0,7226.35,101.892,858.444,837.987,0
33591,NOAA 19,24,6.202719057777777,14.13267234,0.0014147,99.0181,87.7553,33.3681,326.8379,0.00023384,3.93e-06,0.0,7226.35,101.892,858.438,837.992,0
33591,NOAA 19,24,4.298027697777778,14.13268197,0.0014119,99.018,88.3973,31.6053,328.5964,0.00027048,4.62e-06,0.0,7226.347,101.891,858.414,838.009,0
33591,NOAA 19,48,3.650321377777778,14.1326747,0.0014137,99.0181,87.9693,32.7659,327.4387,0.00023694,3.99e-06,0.0,7226.349,101.892,858.43,837.998,0
33591,NOAA 19,12,7.535705066666667,14.13268924,0.0014074,99.0178,89.3246,29.1329,331.0625,0.00025449,4.32e-06,0.0,7226.344,101.891,858.379,838.039,0
33591,NOAA 19,12,16.031361386666667,14.13268354,0.0014091,99.0179,88.968,30.0807,330.1171,0.00023101,3.88e-06,0.0,7226.346,101.891,858.394,838.028,0
33591,NOAA 19,24,4.403902808888889,14.1326909,0.0014064,99.0178,89.61,28.3644,331.829,0.0002448,4.14e-06,0.0,7226.343,101.891,858.372,838.045,0
33591,NOAA 19,24,6.478695884444445,14.13268973,0.0014059,99.0177,89.7526,27.9743,332.2181,0.0002241,3.75e-06,0.0,7226.344,101.891,858.368,838.049,0
33591,NOAA 19,24,2.557670382222222,14.13269616,0.0014024,99.0176,90.4659,26.0549,334.1326,0.00022199,3.71e-06,0.0,7226.342,101.891,858.341,838.072,0
33591,NOAA 19,6,6.452558426666667,14.1327032,0.0013988,99.0174,91.3219,23.7282,336.4532,0.00022877,3.84e-06,0.0,7226.339,101.891,858.312,838.096,0
33591,NOAA 19,12,3.6247806488888887,14.1327032,0.0013988,99.0174,91.3219,23.7282,336.4532,0.00022877,3.84e-06,0.0,7226.339,101.891,858.312,838.096,0
33591,NOAA 19,24,3.6247806488888887,14.1327032,0.0013988,99.0174,91.3219,23.7282,336.4532,0.00022877,3.84e-06,0.0,7226.339,101.891,858.312,838.096,0
33591,NOAA 19,12,5.4761213600000005,14.13270697,0.0013972,99.0173,91.7499,22.5257,337.6525,0.00023338,3.92e-06,0.0,7226.338,101.891,858.3,838.106,0
33591,NOAA 19,48,3.5792637955555557,14.13269611,0.001403,99.0176,90.3233,26.4352,333.7533,0.00023508,3.95e-06,0.0,7226.342,101.891,858.345,838.068,0
33591,NOAA 19,6,4.003650275555556,14.13271143,0.0013949,99.0171,92.3206,20.9487,339.2254,0.00022908,3.84e-06,0.0,7226.336,101.891,858.282,838.121,0
33591,NOAA 19,48,4.61607696888889,14.13269728,0.0014019,99.0175,90.6086,25.6679,334.5186,0.0002237,3.74e-06,0.0,7226.341,101.891,858.337,838.076,0
33591,NOAA 19,12,6.68245544,14.13271427,0.0013937,99.0171,92.6772,19.9537,340.2177,0.00023041,3.87e-06,0.0,7226.336,101.891,858.272,838.129,0
33591,NOAA 19,24,8.601591271111111,14.13271004,0.0013953,99.0172,92.1066,21.5269,338.6486,0.00023182,3.89e-06,0.0,7226.337,101.891,858.285,838.119,0
33591,NOAA 19,48,3.6247806488888887,14.1327032,0.0013988,99.0174,91.3219,23.7282,336.4532,0.00022877,3.84e-06,0.0,7226.339,101.891,858.312,838.096,0
33591,NOAA 19,24,4.003650275555556,14.13271143,0.0013949,99.0171,92.3206,20.9487,339.2254,0.00022908,3.84e-06,0.0,7226.336,101.891,858.282,838.121,0
33591,NOAA 19,24,7.451782924444444,14.13271228,0.0013941,99.0171,92.4632,20.5445,339.6284,0.00022631,3.79e-06,0.0,7226.336,101.891,858.275,838.127,0
33591,NOAA 19,6,3.555790151111111,14.1327215,0.0013893,99.0169,93.6758,17.2017,342.9623,0.00021154,3.51e-06,0.0,7226.333,101.891,858.238,838.159,0
33591,NOAA 19,24,3.0123779555555554,14.13271889,0.0013919,99.017,93.0339,18.9524,341.2163,0.00023831,4.02e-06,0.0,7226.334,101.891,858.257,838.141,0
33591,NOAA 19,12,8.105274942222222,14.1327222,0.0013888,99.0168,93.7471,17.0317,343.1318,0.00021081,3.5e-06,0.0,7226.333,101.891,858.234,838.162,0
33591,NOAA 19,24,3.555790151111111,14.1327215,0.0013893,99.0169,93.6758,17.2017,342.9623,0.00021154,3.51e-06,0.0,7226.333,101.891,858.238,838.159,0
33591,NOAA 19,48,3.345233217777777,14.13271427,0.0013937,99.0171,92.6772,19.9537,340.2177,0.00023041,3.87e-06,0.0,7226.336,101.891,858.272,838.129,0
33591,NOAA 19,48,2.68368624,14.1327194,0.0013903,99.0169,93.3905,17.9953,342.1708,0.00021266,3.53e-06,0.0,7226.334,101.891,858.246,838.152,0
33591,NOAA 19,12,8.526357644444445,14.13273044,0.001385,99.0166,94.6743,14.4172,345.7392,0.00021205,3.52e-06,0.0,7226.33,101.891,858.203,838.187,0
33591,NOAA 19,24,3.270452826666667,14.13273233,0.001383,99.0166,95.031,13.408,346.7456,0.00020138,3.32e-06,0.0,7226.329,101.891,858.188,838.2,0
33591,NOAA 19,48,3.270452826666667,14.13273233,0.001383,99.0166,95.031,13.408,346.7456,0.00020138,3.32e-06,0.0,7226.329,101.891,858.188,838.2,0
33591,NOAA 19,24,3.649376213333333,14.13274176,0.0013778,99.0164,96.0295,10.5827,349.5632,0.00020725,3.43e-06,0.0,7226.326,101.891,858.148,838.235,0
33591,NOAA 19,12,6.011478746666668,14.13275272,0.0013736,99.0163,96.7427,8.6228,351.5178,0.00024655,4.17e-06,0.0,7226.322,101.891,858.113,838.261,0
33591,NOAA 19,24,4.852882933333333,14.13274688,0.0013762,99.0164,96.3148,9.7798,350.3639,0.00023029,3.86e-06,0.0,7226.324,101.891,858.134,838.245,0
33591,NOAA 19,24,3.79880416,14.13274829,0.0013753,99.0163,96.4575,9.3927,350.75,0.00022872,3.84e-06,0.0,7226.324,101.891,858.127,838.251,0
33591,NOAA 19,48,3.6232045066666663,14.13273752,0.0013804,99.0165,95.4589,12.2074,347.943,0.00021136,3.51e-06,0.0,7226.328,101.891,858.168,838.217,0
33591,NOAA 19,24,4.190323688888888,14.13275041,0.0013745,99.0163,96.6714,8.7939,351.3471,0.00023006,3.86e-06,0.0,7226.323,101.891,858.121,838.256,0
33591,NOAA 19,48,3.978608604444444,14.13273936,0.0013798,99.0165,95.6729,11.5974,348.5513,0.00021232,3.53e-06,0.0,7226.327,101.891,858.163,838.221,0
33591,NOAA 19,6,4.404549333333334,14.1327591,0.0013688,99.0161,97.6699,6.0639,354.0696,0.00022309,3.73e-06,0.0,7226.32,101.891,858.077,838.294,0
33591,NOAA 19,12,2.4664046844444445,14.13275787,0.0013693,99.0161,97.5273,6.4482,353.6863,0.00022344,3.74e-06,0.0,7226.321,101.891,858.081,838.291,0
33591,NOAA 19,48,3.649376213333333,14.13274176,0.0013778,99.0164,96.0295,10.5827,349.5632,0.00020725,3.43e-06,0.0,7226.326,101.891,858.148,838.235,0
33591,NOAA 19,48,3.79880416,14.13274829,0.0013753,99.0163,96.4575,9.3927,350.75,0.00022872,3.84e-06,0.0,7226.324,101.891,858.127,838.251,0
33591,NOAA 19,24,2.4664046844444445,14.13275787,0.0013693,99.0161,97.5273,6.4482,353.6863,0.00022344,3.74e-06,0.0,7226.321,101.891,858.081,838.291,0
33591,NOAA 19,48,4.190323688888888,14.13275041,0.0013745,99.0163,96.6714,8.7939,351.3471,0.00023006,3.86e-06,0.0,7226.323,101.891,858.121,838.256,0
33591,NOAA 19,48,6.011478746666668,14.13275272,0.0013736,99.0163,96.7427,8.6228,351.5178,0.00024655,4.17e-06,0.0,7226.322,101.891,858.113,838.261,0
33591,NOAA 19,24,2.374818293333333,14.13276349,0.0013663,99.016,98.0978,4.8754,355.2549,0.00022608,3.79e-06,0.0,7226.319,101.891,858.057,838.31,0
33591,NOAA 19,48,3.8635989777777775,14.13275571,0.0013722,99.0162,97.0281,7.8196,352.3187,0.00024945,4.22e-06,0.0,7226.321,101.891,858.102,838.27,0
33591,NOAA 19,48,2.4664046844444445,14.13275787,0.0013693,99.0161,97.5273,6.4482,353.6863,0.00022344,3.74e-06,0.0,7226.321,101.891,858.081,838.291,0
33591,NOAA 19,24,2.708419146666667,14.13276478,0.0013637,99.0159,98.5257,3.6937,356.4333,0.00020476,3.39e-06,0.0,7226.318,101.891,858.038,838.329,0
33591,NOAA 19,12,3.0216510311111118,14.13277036,0.0013601,99.0158,99.239,1.6907,358.4308,0.00020289,3.35e-06,0.0,7226.316,101.891,858.01,838.353,0
33591,NOAA 19,24,4.614898328888889,14.13276565,0.0013631,99.0159,98.6684,3.3039,356.822,0.00020229,3.34e-06,0.0,7226.318,101.891,858.033,838.333,0
33591,NOAA 19,48,4.404549333333334,14.1327591,0.0013688,99.0161,97.6699,6.0639,354.0696,0.00022309,3.73e-06,0.0,7226.32,101.891,858.077,838.294,0
33591,NOAA 19,12,3.633225786666667,14.13277313,0.0013586,99.0158,99.5243,0.8975,359.2218,0.00020884,3.46e-06,0.0,7226.315,101.891,857.998,838.363,0
33591,NOAA 19,24,3.623410151111111,14.13277181,0.0013593,99.0158,99.3816,1.2962,358.8242,0.0002082,3.45e-06,0.0,7226.316,101.891,858.004,838.358,0
33591,NOAA 19,48,3.578051075555556,14.13276482,0.0013643,99.016,98.3831,4.0971,356.031,0.00021811,3.64e-06,0.0,7226.318,101.891,858.042,838.324,0
33591,NOAA 19,48,2.708419146666667,14.13276478,0.0013637,99.0159,98.5257,3.6937,356.4333,0.00020476,3.39e-06,0.0,7226.318,101.891,858.038,838.329,0
33591,NOAA 19,48,4.614898328888889,14.13276565,0.0013631,99.0159,98.6684,3.3039,356.822,0.00020229,3.34e-06,0.0,7226.318,101.891,858.033,838.333,0
33591,NOAA 19,24,4.993873315555556,14.13277403,0.0013585,99.0157,99.6669,0.4987,359.6196,0.00020746,3.44e-06,0.0,7226.315,101.891,857.997,838.363,0
33591,NOAA 19,24,3.375095608888889,14.1327889,0.0013509,99.0153,101.5212,355.2156,4.8884,0.00022074,3.69e-06,0.0,7226.31,101.891,857.937,838.413,0
33591,NOAA 19,48,3.526931395555556,14.13278165,0.0013551,99.0156,100.5228,358.0597,2.052,0.00022637,3.79e-06,0.0,7226.313,101.891,857.97,838.385,0
33591,NOAA 19,12,8.751520204444445,14.13279513,0.001346,99.0151,102.8049,351.4918,8.6023,0.00017974,2.92e-06,0.0,7226.308,101.891,857.9,838.446,0
33591,NOAA 19,48,3.375095608888889,14.1327889,0.0013509,99.0153,101.5212,355.2156,4.8884,0.00022074,3.69e-06,0.0,7226.31,101.891,857.937,838.413,0
33591,NOAA 19,48,6.245286995555555,14.13279012,0.0013495,99.0153,101.8065,354.4135,5.6884,0.00020832,3.45e-06,0.0,7226.31,101.891,857.927,838.423,0
33591,NOAA 19,24,2.773906968888889,14.13280193,0.0013428,99.0149,103.4467,349.6116,10.4776,0.000199,3.28e-06,0.0,7226.306,101.891,857.874,838.467,0
33591,NOAA 19,24,4.062845564444444,14.13280273,0.0013424,99.0149,103.518,349.4125,10.6762,0.00020165,3.33e-06,0.0,7226.305,101.891,857.871,838.47,0
33591,NOAA 19,24,4.144105555555556,14.13280454,0.0013416,99.0149,103.732,348.7901,11.297,0.00020522,3.39e-06,0.0,7226.305,101.891,857.865,838.475,0
33591,NOAA 19,12,4.51326344,14.13280964,0.0013373,99.0147,104.5164,346.5319,13.5494,0.00019802,3.26e-06,0.0,7226.303,101.891,857.832,838.504,0
33591,NOAA 19,24,3.648798293333333,14.13280511,0.0013399,99.0148,104.0886,347.7438,12.3406,0.00018439,3e-06,0.0,7226.305,101.891,857.852,838.487,0
33591,NOAA 19,12,4.637407582222222,14.13281444,0.0013345,99.0145,104.873,345.5484,14.5305,0.00021757,3.63e-06,0.0,7226.301,101.891,857.81,838.523,0
33591,NOAA 19,48,2.773906968888889,14.13280193,0.0013428,99.0149,103.4467,349.6116,10.4776,0.000199,3.28e-06,0.0,7226.306,101.891,857.874,838.467,0
33591,NOAA 19,48,5.835037822222222,14.13280332,0.0013406,99.0148,103.8746,348.3685,11.7175,0.00018376,2.99e-06,0.0,7226.305,101.891,857.858,838.483,0
33591,NOAA 19,24,2.162054933333333,14.13281781,0.0013328,99.0145,105.1583,344.7375,15.3393,0.00022764,3.82e-06,0.0,7226.3,101.891,857.796,838.534,0
33591,NOAA 19,48,3.648798293333333,14.13280511,0.0013399,99.0148,104.0886,347.7438,12.3406,0.00018439,3e-06,0.0,7226.305,101.891,857.852,838.487,0
33591,NOAA 19,24,3.365312675555556,14.13281765,0.0013308,99.0144,105.4434,343.9324,16.1424,0.00020524,3.39e-06,0.0,7226.3,101.891,857.782,838.549,0
33591,NOAA 19,48,3.153213253333333,14.13280903,0.0013377,99.0147,104.4451,346.7365,13.3454,0.00019798,3.26e-06,0.0,7226.303,101.891,857.835,838.502,0
33591,NOAA 19,24,4.402460986666667,14.13281929,0.0013297,99.0144,105.7287,343.1194,16.9534,0.00019935,3.28e-06,0.0,7226.3,101.89,857.774,838.556,0
33591,NOAA 19,48,4.637407582222222,14.13281444,0.0013345,99.0145,104.873,345.5484,14.5305,0.00021757,3.63e-06,0.0,7226.301,101.891,857.81,838.523,0
33591,NOAA 19,12,5.321901484444445,14.13282624,0.0013244,99.0141,106.8696,339.8013,20.2633,0.00019211,3.15e-06,0.0,7226.297,101.89,857.733,838.592,0
33591,NOAA 19,48,3.365312675555556,14.13281765,0.0013308,99.0144,105.4434,343.9324,16.1424,0.00020524,3.39e-06,0.0,7226.3,101.891,857.782,838.549,0
33591,NOAA 19,24,2.704193537777777,14.13282518,0.0013253,99.0142,106.5844,340.6376,19.4291,0.00019916,3.28e-06,0.0,7226.298,101.89,857.74,838.586,0
33591,NOAA 19,48,4.402030488888889,14.13281822,0.0013305,99.0144,105.5148,343.7341,16.3402,0.00020421,3.38e-06,0.0,7226.3,101.891,857.78,838.55,0
33591,NOAA 19,48,4.402460986666667,14.13281929,0.0013297,99.0144,105.7287,343.1194,16.9534,0.00019935,3.28e-06,0.0,7226.3,101.89,857.774,838.556,0
33591,NOAA 19,24,3.082126675555556,14.13282563,0.0013245,99.0141,106.7983,340.0213,20.0439,0.00019018,3.11e-06,0.0,7226.298,101.89,857.734,838.591,0
33591,NOAA 19,6,3.2945288355555555,14.13283244,0.0013212,99.0139,107.7966,337.117,22.9411,0.00019231,3.15e-06,0.0,7226.295,101.89,857.708,838.613,0
33591,NOAA 19,24,2.5862768177777777,14.13282803,0.0013229,99.014,107.1548,338.9769,21.0857,0.00018847,3.08e-06,0.0,7226.297,101.89,857.721,838.602,0
33591,NOAA 19,48,2.376381137777777,14.13282184,0.0013277,99.0142,106.1565,341.8712,18.1985,0.0001928,3.16e-06,0.0,7226.299,101.89,857.758,838.569,0
33591,NOAA 19,24,3.790653111111111,14.13283066,0.0013219,99.014,107.4401,338.1835,21.8772,0.0001985,3.27e-06,0.0,7226.296,101.89,857.713,838.608,0
33591,NOAA 19,12,8.028191573333334,14.13283223,0.0013209,99.0139,107.868,336.9097,23.148,0.00018755,3.06e-06,0.0,7226.295,101.89,857.706,838.615,0
33591,NOAA 19,24,8.028191573333334,14.13283223,0.0013209,99.0139,107.868,336.9097,23.148,0.00018755,3.06e-06,0.0,7226.295,101.89,857.706,838.615,0
33591,NOAA 19,12,4.751449831111111,14.13283739,0.0013188,99.0137,108.5097,335.0371,25.0161,0.00019246,3.16e-06,0.0,7226.294,101.89,857.689,838.629,0
33591,NOAA 19,48,2.5862768177777777,14.13282803,0.0013229,99.014,107.1548,338.9769,21.0857,0.00018847,3.08e-06,0.0,7226.297,101.89,857.721,838.602,0
33591,NOAA 19,24,4.751449831111111,14.13283739,0.0013188,99.0137,108.5097,335.0371,25.0161,0.00019246,3.16e-06,0.0,7226.294,101.89,857.689,838.629,0
33591,NOAA 19,12,8.684495582222223,14.13284071,0.0013171,99.0136,108.8663,334.0307,26.0202,0.0002031,3.35e-06,0.0,7226.292,101.89,857.675,838.64,0
33591,NOAA 19,48,3.2882592444444447,14.13283137,0.0013212,99.0139,107.5827,337.7614,22.2983,0.00019387,3.18e-06,0.0,7226.296,101.89,857.708,838.613,0
33591,NOAA 19,24,3.344164497777778,14.1328394,0.0013175,99.0137,108.795,334.2328,25.8186,0.00019238,3.15e-06,0.0,7226.293,101.89,857.679,838.637,0
33591,NOAA 19,48,3.2945288355555555,14.13283244,0.0013212,99.0139,107.7966,337.117,22.9411,0.00019231,3.15e-06,0.0,7226.295,101.89,857.708,838.613,0
33591,NOAA 19,24,3.011656133333333,14.13284269,0.0013164,99.0136,109.1515,333.1879,26.8611,0.00019945,3.29e-06,0.0,7226.292,101.89,857.669,838.644,0
33591,NOAA 19,12,4.195311502222222,14.13284911,0.0013134,99.0134,109.9359,330.885,29.1588,0.00020695,3.43e-06,0.0,7226.29,101.89,857.646,838.664,0
33591,NOAA 19,48,4.751449831111111,14.13283739,0.0013188,99.0137,108.5097,335.0371,25.0161,0.00019246,3.16e-06,0.0,7226.294,101.89,857.689,838.629,0
33591,NOAA 19,48,3.344164497777778,14.1328394,0.0013175,99.0137,108.795,334.2328,25.8186,0.00019238,3.15e-06,0.0,7226.293,101.89,857.679,838.637,0
33591,NOAA 19,24,3.724367715555556,14.13284671,0.0013133,99.0134,109.7932,331.3446,28.7003,0.00019354,3.18e-06,0.0,7226.29,101.89,857.646,838.665,0
33591,NOAA 19,6,10.176086595555557,14.13285817,0.0013097,99.0132,110.9341,327.979,32.0585,0.00021113,3.51e-06,0.0,7226.286,101.89,857.616,838.687,0
33591,NOAA 19,24,4.427364755555556,14.1328539,0.0013114,99.0133,110.4349,329.4651,30.5756,0.00021125,3.51e-06,0.0,7226.288,101.89,857.629,838.676,0
33591,NOAA 19,48,2.516093893333333,14.13284447,0.0013144,99.0135,109.508,332.1692,27.8776,0.00018967,3.1e-06,0.0,7226.291,101.89,857.654,838.658,0
33591,NOAA 19,48,3.724367715555556,14.13284671,0.0013133,99.0134,109.7932,331.3446,28.7003,0.00019354,3.18e-06,0.0,7226.29,101.89,857.646,838.665,0
33591,NOAA 19,24,4.098474942222222,14.13285538,0.0013102,99.0132,110.7915,328.4001,31.6383,0.00019429,3.19e-06,0.0,7226.287,101.89,857.62,838.685,0
33591,NOAA 19,48,4.195311502222222,14.13284911,0.0013134,99.0134,109.9359,330.885,29.1588,0.00020695,3.43e-06,0.0,7226.29,101.89,857.646,838.664,0
33591,NOAA 19,12,4.64425552,14.1328615,0.0013075,99.0131,111.4332,326.4953,33.539,0.00020223,3.34e-06,0.0,7226.285,101.89,857.599,838.702,0
33591,NOAA 19,24,3.436254195555556,14.1328598,0.0013087,99.0131,111.148,327.3447,32.6914,0.00020822,3.45e-06,0.0,7226.286,101.89,857.608,838.694,0
33591,NOAA 19,48,4.427364755555556,14.1328539,0.0013114,99.0133,110.4349,329.4651,30.5756,0.00021125,3.51e-06,0.0,7226.288,101.89,857.629,838.676,0
33591,NOAA 19,24,3.549645191111111,14.13286123,0.0013076,99.0131,111.5758,326.0459,33.9875,0.00018687,3.05e-06,0.0,7226.285,101.89,857.6,838.701,0
33591,NOAA 19,48,3.637197671111111,14.13285423,0.0013108,99.0133,110.5775,329.0342,31.0055,0.00019985,3.29e-06,0.0,7226.288,101.89,857.625,838.681,0
33591,NOAA 19,12,4.600441884444445,14.13287092,0.0013053,99.0129,112.574,323.0666,36.9606,0.00020177,3.33e-06,0.0,7226.282,101.89,857.58,838.715,0
33591,NOAA 19,48,3.436254195555556,14.1328598,0.0013087,99.0131,111.148,327.3447,32.6914,0.00020822,3.45e-06,0.0,7226.286,101.89,857.608,838.694,0
33591,NOAA 19,24,3.648988613333333,14.13286762,0.0013069,99.013,112.1462,324.3334,35.6963,0.00020515,3.39e-06,0.0,7226.283,101.89,857.592,838.704,0
33591,NOAA 19,12,4.3179532,14.13287479,0.0013041,99.0129,112.9305,321.9958,38.0293,0.00021073,3.5e-06,0.0,7226.281,101.89,857.57,838.722,0
33591,NOAA 19,48,3.549645191111111,14.13286123,0.0013076,99.0131,111.5758,326.0459,33.9875,0.00018687,3.05e-06,0.0,7226.285,101.89,857.6,838.701,0
33591,NOAA 19,24,4.357002933333333,14.13287259,0.0013047,99.0129,112.7879,322.4301,37.5958,0.0002013,3.32e-06,0.0,7226.282,101.89,857.575,838.718,0
33591,NOAA 19,12,8.296297368888888,14.13287856,0.0013029,99.0128,113.287,320.9485,39.0745,0.00021809,3.64e-06,0.0,7226.28,101.89,857.56,838.729,0
33591,NOAA 19,48,3.648988613333333,14.13286762,0.0013069,99.013,112.1462,324.3334,35.6963,0.00020515,3.39e-06,0.0,7226.283,101.89,857.592,838.704,0
33591,NOAA 19,24,2.165683946666667,14.13287802,0.0013032,99.0128,113.2157,321.1543,38.8691,0.00021856,3.64e-06,0.0,7226.28,101.89,857.562,838.727,0
33591,NOAA 19,24,8.296297368888888,14.13287856,0.0013029,99.0128,113.287,320.9485,39.0745,0.00021809,3.64e-06,0.0,7226.28,101.89,857.56,838.729,0
33591,NOAA 19,48,3.153717831111111,14.13287014,0.0013055,99.0129,112.5027,323.2765,36.7511,0.00019946,3.29e-06,0.0,7226.282,101.89,857.581,838.713,0
33591,NOAA 19,12,3.7453476977777775,14.13288844,0.0012969,99.0126,114.4991,317.4011,42.6154,0.00021741,3.62e-06,0.0,7226.276,101.89,857.513,838.769,0
33591,NOAA 19,24,5.607653902222223,14.13288221,0.0013001,99.0127,113.9287,319.0688,40.9506,0.00020461,3.38e-06,0.0,7226.278,101.89,857.538,838.748,0
33591,NOAA 19,48,2.165683946666667,14.13287802,0.0013032,99.0128,113.2157,321.1543,38.8691,0.00021856,3.64e-06,0.0,7226.28,101.89,857.562,838.727,0
33591,NOAA 19,6,2.727132097777778,14.13289675,0.0012929,99.0124,115.6398,314.0437,45.9669,0.00021093,3.5e-06,0.0,7226.273,101.89,857.481,838.795,0
33591,NOAA 19,6,2.596540551111111,14.13289757,0.0012932,99.0123,115.9251,313.1704,46.8386,0.00019782,3.26e-06,0.0,7226.273,101.89,857.483,838.793,0
33591,NOAA 19,24,2.727132097777778,14.13289675,0.0012929,99.0124,115.6398,314.0437,45.9669,0.00021093,3.5e-06,0.0,7226.273,101.89,857.481,838.795,0
33591,NOAA 19,48,2.745743608888889,14.13288949,0.0012965,99.0126,114.6417,316.981,43.0347,0.00021469,3.57e-06,0.0,7226.276,101.89,857.51,838.772,0
33591,NOAA 19,12,3.8321468177777778,14.13290382,0.0012912,99.0121,116.638,311.0401,48.9654,0.00020573,3.4e-06,0.0,7226.271,101.89,857.466,838.805,0
33591,NOAA 19,24,2.6334487644444446,14.13289961,0.0012928,99.0122,116.2102,312.3137,47.6938,0.00019413,3.19e-06,0.0,7226.272,101.89,857.479,838.795,0
33591,NOAA 19,24,3.8321468177777778,14.13290382,0.0012912,99.0121,116.638,311.0401,48.9654,0.00020573,3.4e-06,0.0,7226.271,101.89,857.466,838.805,0
33591,NOAA 19,24,3.340662871111111,14.13290522,0.0012911,99.0121,116.8519,310.4123,49.5921,0.0002038,3.37e-06,0.0,7226.27,101.89,857.465,838.806,0
33591,NOAA 19,12,4.643563146666667,14.13291207,0.0012886,99.0119,117.6361,308.0733,51.9276,0.00020436,3.38e-06,0.0,7226.268,101.89,857.445,838.821,0
33591,NOAA 19,48,2.6334487644444446,14.13289961,0.0012928,99.0122,116.2102,312.3137,47.6938,0.00019413,3.19e-06,0.0,7226.272,101.89,857.479,838.795,0
33591,NOAA 19,12,13.734923484444444,14.13291481,0.0012878,99.0118,117.9213,307.2138,52.7858,0.0002093,3.47e-06,0.0,7226.267,101.89,857.438,838.826,0
33591,NOAA 19,48,3.340662871111111,14.13290522,0.0012911,99.0121,116.8519,310.4123,49.5921,0.0002038,3.37e-06,0.0,7226.27,101.89,857.465,838.806,0
33591,NOAA 19,24,3.7198593777777775,14.13291341,0.0012885,99.0118,117.85,307.4305,52.5694,0.00020287,3.35e-06,0.0,7226.268,101.89,857.444,838.822,0
33591,NOAA 19,48,7.513781813333333,14.13290567,0.0012908,99.012,116.9232,310.1905,49.8136,0.00020041,3.3e-06,0.0,7226.27,101.89,857.463,838.808,0
33591,NOAA 19,24,3.225171991111111,14.13291689,0.0012874,99.0117,118.2065,306.3462,53.6521,0.00020504,3.39e-06,0.0,7226.266,101.89,857.435,838.828,0
33591,NOAA 19,48,3.1787491822222225,14.1329077,0.0012907,99.012,117.2084,309.3341,50.6686,0.00019536,3.21e-06,0.0,7226.27,101.89,857.462,838.808,0
33591,NOAA 19,24,4.261533528888889,14.13292032,0.001286,99.0116,118.4917,305.5065,54.4907,0.00021076,3.5e-06,0.0,7226.265,101.89,857.423,838.837,0
33591,NOAA 19,12,6.254194177777778,14.13292382,0.0012855,99.0115,118.9907,303.9807,56.0143,0.00020588,3.41e-06,0.0,7226.264,101.89,857.418,838.84,0
33591,NOAA 19,48,3.7198593777777775,14.13291341,0.0012885,99.0118,117.85,307.4305,52.5694,0.00020287,3.35e-06,0.0,7226.268,101.89,857.444,838.822,0
33591,NOAA 19,48,4.261533528888889,14.13292032,0.001286,99.0116,118.4917,305.5065,54.4907,0.00021076,3.5e-06,0.0,7226.265,101.89,857.423,838.837,0
33591,NOAA 19,24,2.9416493155555554,14.13293104,0.0012847,99.0114,119.5611,302.2538,57.7388,0.0002249,3.76e-06,0.0,7226.262,101.89,857.41,838.843,0
33591,NOAA 19,24,3.4908798488888886,14.13293171,0.0012846,99.0114,119.6323,302.037,57.9553,0.00022402,3.75e-06,0.0,7226.261,101.89,857.409,838.844,0
33591,NOAA 19,24,2.4464154933333333,14.13293778,0.0012846,99.0113,119.9175,301.1822,58.809,0.00025859,4.4e-06,0.0,7226.259,101.89,857.407,838.841,0
33591,NOAA 19,12,4.858043537777778,14.13294205,0.0012834,99.0112,120.4878,299.4591,60.53,0.00024627,4.17e-06,0.0,7226.258,101.89,857.397,838.849,0
33591,NOAA 19,24,1.950627075555556,14.13294005,0.0012838,99.0112,120.274,300.0941,59.8957,0.00024548,4.15e-06,0.0,7226.259,101.89,857.401,838.846,0
33591,NOAA 19,48,2.9416493155555554,14.13293104,0.0012847,99.0114,119.5611,302.2538,57.7388,0.0002249,3.76e-06,0.0,7226.262,101.89,857.41,838.843,0
33591,NOAA 19,48,3.4908798488888886,14.13293171,0.0012846,99.0114,119.6323,302.037,57.9553,0.00022402,3.75e-06,0.0,7226.261,101.89,857.409,838.844,0
33591,NOAA 19,24,2.6589868533333334,14.13294516,0.0012842,99.0111,120.9156,298.1507,61.8367,0.00024134,4.07e-06,0.0,7226.257,101.89,857.402,838.842,0
33591,NOAA 19,48,2.4464154933333333,14.13293778,0.0012846,99.0113,119.9175,301.1822,58.809,0.00025859,4.4e-06,0.0,7226.259,101.89,857.407,838.841,0
33591,NOAA 19,48,6.082590951111111,14.13293831,0.0012844,99.0113,119.9888,300.9552,59.0357,0.0002571,4.37e-06,0.0,7226.259,101.89,857.406,838.843,0
33591,NOAA 19,48,1.950627075555556,14.13294005,0.0012838,99.0112,120.274,300.0941,59.8957,0.00024548,4.15e-06,0.0,7226.259,101.89,857.401,838.846,0
33591,NOAA 19,24,3.863137928888889,14.13294835,0.0012836,99.011,121.2007,297.2905,62.696,0.00024684,4.18e-06,0.0,7226.256,101.89,857.396,838.845,0
33591,NOAA 19,24,5.066734648888889,14.13295281,0.0012829,99.011,121.4859,296.4365,63.549,0.00026352,4.49e-06,0.0,7226.254,101.89,857.39,838.849,0
33591,NOAA 19,48,4.858043537777778,14.13294205,0.0012834,99.0112,120.4878,299.4591,60.53,0.00024627,4.17e-06,0.0,7226.258,101.89,857.397,838.849,0
33591,NOAA 19,48,3.863137928888889,14.13294835,0.0012836,99.011,121.2007,297.2905,62.696,0.00024684,4.18e-06,0.0,7226.256,101.89,857.396,838.845,0
33591,NOAA 19,24,4.077120257777778,14.13295948,0.0012809,99.0108,122.1987,294.297,65.6864,0.00025963,4.42e-06,0.0,7226.252,101.889,857.373,838.861,0
33591,NOAA 19,24,2.9175161866666666,14.13296699,0.0012794,99.0107,122.9116,292.1538,67.8276,0.00026764,4.57e-06,0.0,7226.249,101.889,857.36,838.869,0
33591,NOAA 19,48,6.727476293333334,14.13295745,0.0012813,99.0108,121.9849,294.9348,65.0492,0.0002603,4.43e-06,0.0,7226.253,101.89,857.377,838.859,0
33591,NOAA 19,6,3.130133626666667,14.13297464,0.0012772,99.0104,123.9096,289.15,70.8289,0.00024961,4.23e-06,0.0,7226.247,101.889,857.341,838.882,0
33591,NOAA 19,24,3.130133626666667,14.13297464,0.0012772,99.0104,123.9096,289.15,70.8289,0.00024961,4.23e-06,0.0,7226.247,101.889,857.341,838.882,0
33591,NOAA 19,48,2.9175161866666666,14.13296699,0.0012794,99.0107,122.9116,292.1538,67.8276,0.00026764,4.57e-06,0.0,7226.249,101.889,857.36,838.869,0
33591,NOAA 19,24,2.801034435555556,14.13298015,0.0012769,99.0103,124.2661,288.1037,71.8743,0.00026626,4.54e-06,0.0,7226.245,101.889,857.337,838.883,0
33591,NOAA 19,24,2.305544915555556,14.13298006,0.0012764,99.0103,124.6225,287.0067,72.9706,0.0002345,3.94e-06,0.0,7226.245,101.889,857.334,838.886,0
33591,NOAA 19,48,3.792292933333333,14.13297333,0.0012767,99.0105,123.5531,290.2083,69.7716,0.00026771,4.57e-06,0.0,7226.247,101.889,857.338,838.886,0
33591,NOAA 19,24,3.543947395555556,14.13298055,0.0012767,99.0103,124.6938,286.7911,73.186,0.00023254,3.91e-06,0.0,7226.245,101.889,857.336,838.884,0
33591,NOAA 19,48,3.130133626666667,14.13297464,0.0012772,99.0104,123.9096,289.15,70.8289,0.00024961,4.23e-06,0.0,7226.247,101.889,857.341,838.882,0
33591,NOAA 19,12,4.020755262222222,14.13298701,0.0012772,99.0101,125.6918,283.7658,76.2092,0.00020202,3.34e-06,0.0,7226.243,101.889,857.337,838.878,0
33591,NOAA 19,24,3.0136705955555554,14.13298504,0.0012781,99.0101,125.2641,285.0869,74.8888,0.0002237,3.74e-06,0.0,7226.243,101.889,857.344,838.872,0
33591,NOAA 19,48,2.801034435555556,14.13298015,0.0012769,99.0103,124.2661,288.1037,71.8743,0.00026626,4.54e-06,0.0,7226.245,101.889,857.337,838.883,0
33591,NOAA 19,48,2.305544915555556,14.13298006,0.0012764,99.0103,124.6225,287.0067,72.9706,0.0002345,3.94e-06,0.0,7226.245,101.889,857.334,838.886,0
33591,NOAA 19,24,3.226316835555556,14.1329903,0.0012783,99.0099,126.262,282.0378,77.9361,0.00018471,3.01e-06,0.0,7226.241,101.889,857.344,838.869,0
33591,NOAA 19,48,3.0136705955555554,14.13298504,0.0012781,99.0101,125.2641,285.0869,74.8888,0.0002237,3.74e-06,0.0,7226.243,101.889,857.344,838.872,0
33591,NOAA 19,12,5.7492475644444445,14.13299604,0.0012794,99.0098,126.9749,279.8757,80.0971,0.00018236,2.97e-06,0.0,7226.239,101.889,857.35,838.859,0
33591,NOAA 19,24,2.7308366755555555,14.13299513,0.0012779,99.0099,126.6185,280.9515,79.0219,0.00020548,3.4e-06,0.0,7226.24,101.889,857.339,838.87,0
33591,NOAA 19,48,2.518462693333333,14.13298649,0.0012772,99.0101,125.6205,283.9842,75.991,0.00020634,3.42e-06,0.0,7226.243,101.889,857.337,838.878,0
33591,NOAA 19,24,3.4934075022222224,14.13299562,0.001278,99.0099,126.6897,280.7357,79.2376,0.00020118,3.32e-06,0.0,7226.24,101.889,857.34,838.869,0
33591,NOAA 19,24,3.934453075555556,14.13299684,0.0012789,99.0098,126.9036,280.0936,79.8793,0.00019531,3.21e-06,0.0,7226.239,101.889,857.346,838.863,0
33591,NOAA 19,48,3.722076213333333,14.13298822,0.0012778,99.01,125.9056,283.1251,76.8494,0.00019737,3.25e-06,0.0,7226.242,101.889,857.341,838.873,0
33591,NOAA 19,24,5.7492475644444445,14.13299604,0.0012794,99.0098,126.9749,279.8757,80.0971,0.00018236,2.97e-06,0.0,7226.239,101.889,857.35,838.859,0
33591,NOAA 19,12,4.642871653333334,14.13300295,0.0012789,99.0097,127.5451,278.1554,81.8167,0.00020494,3.39e-06,0.0,7226.237,101.889,857.344,838.86,0
33591,NOAA 19,48,3.226316835555556,14.1329903,0.0012783,99.0099,126.262,282.0378,77.9361,0.00018471,3.01e-06,0.0,7226.241,101.889,857.344,838.869,0
33591,NOAA 19,24,3.439253813333333,14.13299842,0.0012793,99.0097,127.26,279.0101,80.9623,0.00018222,2.96e-06,0.0,7226.239,101.889,857.348,838.859,0
33591,NOAA 19,48,2.7308366755555555,14.13299513,0.0012779,99.0099,126.6185,280.9515,79.0219,0.00020548,3.4e-06,0.0,7226.24,101.889,857.339,838.87,0
33591,NOAA 19,24,4.642871653333334,14.13300295,0.0012789,99.0097,127.5451,278.1554,81.8167,0.00020494,3.39e-06,0.0,7226.237,101.889,857.344,838.86,0
33591,NOAA 19,48,3.934453075555556,14.13299684,0.0012789,99.0098,126.9036,280.0936,79.8793,0.00019531,3.21e-06,0.0,7226.239,101.889,857.346,838.863,0
33591,NOAA 19,24,4.147397733333333,14.13300544,0.0012792,99.0096,127.9015,277.0719,82.8998,0.00019443,3.19e-06,0.0,7226.236,101.889,857.345,838.857,0
33591,NOAA 19,48,5.7492475644444445,14.13299604,0.0012794,99.0098,126.9749,279.8757,80.0971,0.00018236,2.97e-06,0.0,7226.239,101.889,857.35,838.859,0
33591,NOAA 19,12,5.328189786666666,14.13301112,0.0012781,99.0094,128.6855,274.6804,85.2908,0.0001823,2.97e-06,0.0,7226.234,101.889,857.335,838.863,0
33591,NOAA 19,48,3.439253813333333,14.13299842,0.0012793,99.0097,127.26,279.0101,80.9623,0.00018222,2.96e-06,0.0,7226.239,101.889,857.348,838.859,0
33591,NOAA 19,12,6.306256391111111,14.1330124,0.0012787,99.0093,128.9706,273.8217,86.1493,0.00017482,2.82e-06,0.0,7226.234,101.889,857.339,838.859,0
33591,NOAA 19,24,3.1564510933333336,14.13301058,0.0012781,99.0094,128.6143,274.8953,85.076,0.00018416,3e-06,0.0,7226.235,101.889,857.335,838.864,0
33591,NOAA 19,48,4.642871653333334,14.13300295,0.0012789,99.0097,127.5451,278.1554,81.8167,0.00020494,3.39e-06,0.0,7226.237,101.889,857.344,838.86,0
33591,NOAA 19,48,7.367038320000001,14.13300295,0.0012789,99.0097,127.5451,278.1554,81.8167,0.00020494,3.39e-06,0.0,7226.237,101.889,857.344,838.86,0
33591,NOAA 19,24,4.360073253333334,14.13301229,0.0012789,99.0094,128.8994,274.0439,85.9271,0.00017724,2.87e-06,0.0,7226.234,101.889,857.341,838.857,0
33591,NOAA 19,48,4.147397733333333,14.13300544,0.0012792,99.0096,127.9015,277.0719,82.8998,0.00019443,3.19e-06,0.0,7226.236,101.889,857.345,838.857,0
33591,NOAA 19,24,6.306256391111111,14.1330124,0.0012787,99.0093,128.9706,273.8217,86.1493,0.00017482,2.82e-06,0.0,7226.234,101.889,857.339,838.859,0
33591,NOAA 19,12,10.046847973333334,14.13301768,0.0012775,99.0092,129.826,271.2345,88.7364,0.00015965,2.54e-06,0.0,7226.232,101.889,857.329,838.866,0
33591,NOAA 19,24,5.068223893333334,14.13301569,0.001278,99.0092,129.5409,272.0882,87.8826,0.00016198,2.58e-06,0.0,7226.233,101.889,857.333,838.863,0
33591,NOAA 19,48,3.1564510933333336,14.13301058,0.0012781,99.0094,128.6143,274.8953,85.076,0.00018416,3e-06,0.0,7226.235,101.889,857.335,838.864,0
33591,NOAA 19,24,5.331425422222222,14.13301722,0.0012778,99.0092,129.6834,271.6513,88.3195,0.00016813,2.7e-06,0.0,7226.232,101.889,857.331,838.864,0
33591,NOAA 19,48,5.328189786666666,14.13301112,0.0012781,99.0094,128.6855,274.6804,85.2908,0.0001823,2.97e-06,0.0,7226.234,101.889,857.335,838.863,0
33591,NOAA 19,48,4.360073253333334,14.13301229,0.0012789,99.0094,128.8994,274.0439,85.9271,0.00017724,2.87e-06,0.0,7226.234,101.889,857.341,838.857,0
33591,NOAA 19,48,3.866545937777778,14.13301436,0.0012785,99.0093,129.2558,272.9485,87.0224,0.00017111,2.76e-06,0.0,7226.233,101.889,857.337,838.859,0
33591,NOAA 19,24,5.280909733333333,14.13302293,0.0012772,99.009,130.5387,269.063,90.9078,0.00017176,2.77e-06,0.0,7226.23,101.889,857.325,838.866,0
33591,NOAA 19,48,5.068223893333334,14.13301569,0.001278,99.0092,129.5409,272.0882,87.8826,0.00016198,2.58e-06,0.0,7226.233,101.889,857.333,838.863,0
33591,NOAA 19,12,2.595329937777778,14.13302701,0.0012796,99.0088,131.3228,266.7094,93.2614,0.00016523,2.65e-06,0.0,7226.229,101.889,857.341,838.847,0
33591,NOAA 19,24,9.810909733333334,14.13302293,0.0012772,99.009,130.5387,269.063,90.9078,0.00017176,2.77e-06,0.0,7226.23,101.889,857.325,838.866,0
33591,NOAA 19,48,5.280909733333333,14.13302293,0.0012772,99.009,130.5387,269.063,90.9078,0.00017176,2.77e-06,0.0,7226.23,101.889,857.325,838.866,0
33591,NOAA 19,24,3.7978450666666665,14.13302942,0.0012792,99.0088,131.6078,265.8187,94.1523,0.00017664,2.86e-06,0.0,7226.228,101.889,857.337,838.849,0
33591,NOAA 19,12,2.803311555555556,14.13303512,0.0012802,99.0086,132.3206,263.7061,96.2653,0.00019042,3.12e-06,0.0,7226.226,101.889,857.342,838.84,0
33591,NOAA 19,48,9.810909733333334,14.13302293,0.0012772,99.009,130.5387,269.063,90.9078,0.00017176,2.77e-06,0.0,7226.23,101.889,857.325,838.866,0
33591,NOAA 19,12,2.3128546755555552,14.13304005,0.0012804,99.0085,132.6769,262.6243,97.3474,0.00021628,3.6e-06,0.0,7226.224,101.889,857.342,838.837,0
33591,NOAA 19,12,4.103485377777778,14.13304063,0.0012806,99.0085,132.7482,262.4094,97.5623,0.00021619,3.6e-06,0.0,7226.224,101.889,857.343,838.835,0
33591,NOAA 19,24,2.803311555555556,14.13303512,0.0012802,99.0086,132.3206,263.7061,96.2653,0.00019042,3.12e-06,0.0,7226.226,101.889,857.342,838.84,0
33591,NOAA 19,48,3.7978450666666665,14.13302942,0.0012792,99.0088,131.6078,265.8187,94.1523,0.00017664,2.86e-06,0.0,7226.228,101.889,857.337,838.849,0
33591,NOAA 19,24,2.3128546755555552,14.13304005,0.0012804,99.0085,132.6769,262.6243,97.3474,0.00021628,3.6e-06,0.0,7226.224,101.889,857.342,838.837,0
33591,NOAA 19,24,3.180375804444445,14.13304073,0.0012812,99.0085,132.962,261.7964,98.1755,0.00020413,3.38e-06,0.0,7226.224,101.889,857.347,838.831,0
33591,NOAA 19,48,3.299050293333333,14.13303238,0.0012799,99.0087,131.9642,264.7705,95.2006,0.00018421,3e-06,0.0,7226.227,101.889,857.341,838.843,0
33591,NOAA 19,6,3.727539928888889,14.13304597,0.001283,99.0082,133.9598,258.7759,101.1971,0.00018753,3.06e-06,0.0,7226.222,101.889,857.359,838.816,0
33591,NOAA 19,12,3.0875910666666666,14.1330454,0.0012813,99.0082,133.746,259.4004,100.5724,0.00019676,3.24e-06,0.0,7226.223,101.889,857.347,838.829,0
33591,NOAA 19,12,5.998726906666667,14.13304649,0.0012833,99.0082,134.0311,258.5647,101.4083,0.00018864,3.08e-06,0.0,7226.222,101.889,857.361,838.814,0
33591,NOAA 19,12,2.2290296533333334,14.13304824,0.0012838,99.0081,134.3161,257.6936,102.2798,0.00018366,2.99e-06,0.0,7226.222,101.889,857.364,838.81,0
33591,NOAA 19,48,4.103485377777778,14.13304063,0.0012806,99.0085,132.7482,262.4094,97.5623,0.00021619,3.6e-06,0.0,7226.224,101.889,857.343,838.835,0
33591,NOAA 19,48,3.180375804444445,14.13304073,0.0012812,99.0085,132.962,261.7964,98.1755,0.00020413,3.38e-06,0.0,7226.224,101.889,857.347,838.831,0
33591,NOAA 19,24,2.2290296533333334,14.13304824,0.0012838,99.0081,134.3161,257.6936,102.2798,0.00018366,2.99e-06,0.0,7226.222,101.889,857.364,838.81,0
33591,NOAA 19,12,4.838374462222222,14.13305173,0.0012848,99.008,134.7437,256.4139,103.5602,0.00018825,3.08e-06,0.0,7226.22,101.889,857.37,838.801,0
33591,NOAA 19,12,3.943758355555556,14.1330548,0.0012857,99.0079,135.1,255.3543,104.6204,0.00019392,3.18e-06,0.0,7226.219,101.889,857.375,838.794,0
33591,NOAA 19,48,3.0875910666666666,14.1330454,0.0012813,99.0082,133.746,259.4004,100.5724,0.00019676,3.24e-06,0.0,7226.223,101.889,857.347,838.829,0
33591,NOAA 19,24,3.937216293333333,14.1330538,0.0012852,99.008,134.9575,255.7923,104.1821,0.00019467,3.2e-06,0.0,7226.22,101.889,857.372,838.798,0
33591,NOAA 19,48,3.727539928888889,14.13304597,0.001283,99.0082,133.9598,258.7759,101.1971,0.00018753,3.06e-06,0.0,7226.222,101.889,857.359,838.816,0
33591,NOAA 19,24,3.943758355555556,14.1330548,0.0012857,99.0079,135.1,255.3543,104.6204,0.00019392,3.18e-06,0.0,7226.219,101.889,857.375,838.794,0
33591,NOAA 19,12,2.615206062222222,14.13305973,0.001287,99.0078,135.6701,253.6348,106.3409,0.00019633,3.23e-06,0.0,7226.218,101.889,857.383,838.783,0
33591,NOAA 19,48,5.998726906666667,14.13304649,0.0012833,99.0082,134.0311,258.5647,101.4083,0.00018864,3.08e-06,0.0,7226.222,101.889,857.361,838.814,0
33591,NOAA 19,48,2.2290296533333334,14.13304824,0.0012838,99.0081,134.3161,257.6936,102.2798,0.00018366,2.99e-06,0.0,7226.222,101.889,857.364,838.81,0
33591,NOAA 19,24,2.615206062222222,14.13305973,0.001287,99.0078,135.6701,253.6348,106.3409,0.00019633,3.23e-06,0.0,7226.218,101.889,857.383,838.783,0
33591,NOAA 19,24,3.914450275555556,14.13306089,0.0012864,99.0078,135.7414,253.3968,106.5792,0.00020119,3.32e-06,0.0,7226.217,101.889,857.378,838.787,0
33591,NOAA 19,48,3.943758355555556,14.1330548,0.0012857,99.0079,135.1,255.3543,104.6204,0.00019392,3.18e-06,0.0,7226.219,101.889,857.375,838.794,0
33591,NOAA 19,24,1.9551556355555555,14.13307171,0.0012875,99.0076,136.3828,251.4609,108.5164,0.00025149,4.26e-06,0.0,7226.214,101.889,857.382,838.775,0
33591,NOAA 19,48,3.441766133333333,14.13305642,0.0012864,99.0079,135.3138,254.7196,105.2554,0.00019101,3.13e-06,0.0,7226.219,101.889,857.38,838.788,0
33591,NOAA 19,24,2.663359075555556,14.13307486,0.0012886,99.0075,137.0242,249.5217,110.4572,0.0002284,3.83e-06,0.0,7226.213,101.889,857.389,838.766,0
33591,NOAA 19,48,2.45504136,14.13306497,0.0012869,99.0077,136.0265,252.5643,107.4122,0.00021859,3.65e-06,0.0,7226.216,101.889,857.38,838.782,0
33591,NOAA 19,48,1.9551556355555555,14.13307171,0.0012875,99.0076,136.3828,251.4609,108.5164,0.00025149,4.26e-06,0.0,7226.214,101.889,857.382,838.775,0
33591,NOAA 19,24,2.168754008888889,14.13308104,0.0012895,99.0074,137.3805,248.4432,111.5365,0.00025527,4.34e-06,0.0,7226.211,101.889,857.394,838.757,0
33591,NOAA 19,48,4.696501546666666,14.13307356,0.0012878,99.0076,136.5966,250.8079,109.17,0.00025107,4.26e-06,0.0,7226.213,101.889,857.384,838.772,0
33591,NOAA 19,48,2.663359075555556,14.13307486,0.0012886,99.0075,137.0242,249.5217,110.4572,0.0002284,3.83e-06,0.0,7226.213,101.889,857.389,838.766,0
33591,NOAA 19,24,2.8816911911111114,14.13308522,0.0012907,99.0073,138.0218,246.5144,113.4672,0.00023702,3.99e-06,0.0,7226.209,101.889,857.401,838.747,0
33591,NOAA 19,12,3.5843577955555554,14.13309176,0.0012926,99.0071,138.6632,244.5851,115.3984,0.0002458,4.16e-06,0.0,7226.207,101.889,857.412,838.731,0
33591,NOAA 19,48,2.168754008888889,14.13308104,0.0012895,99.0074,137.3805,248.4432,111.5365,0.00025527,4.34e-06,0.0,7226.211,101.889,857.394,838.757,0
33591,NOAA 19,12,4.030377404444445,14.13310217,0.0012964,99.0069,139.8034,241.2234,118.7637,0.00025039,4.24e-06,0.0,7226.203,101.888,857.436,838.7,0
33591,NOAA 19,24,3.6313238222222224,14.13310105,0.0012951,99.0069,139.6609,241.6283,118.3583,0.00025575,4.35e-06,0.0,7226.204,101.888,857.427,838.71,0
33591,NOAA 19,48,3.5843577955555554,14.13309176,0.0012926,99.0071,138.6632,244.5851,115.3984,0.0002458,4.16e-06,0.0,7226.207,101.889,857.412,838.731,0
33591,NOAA 19,24,4.030377404444445,14.13310217,0.0012964,99.0069,139.8034,241.2234,118.7637,0.00025039,4.24e-06,0.0,7226.203,101.888,857.436,838.7,0
33591,NOAA 19,12,2.977980862222222,14.13311035,0.0012974,99.0067,140.3735,239.5246,120.4645,0.00027876,4.78e-06,0.0,7226.201,101.888,857.441,838.69,0
33591,NOAA 19,24,1.4359850488888888,14.13310583,0.0012963,99.0068,140.0884,240.3665,119.6216,0.00026188,4.46e-06,0.0,7226.202,101.888,857.434,838.7,0
33591,NOAA 19,12,5.300201137777778,14.13311659,0.0012998,99.0065,141.0861,237.4079,122.5838,0.00026549,4.53e-06,0.0,7226.198,101.888,857.456,838.671,0
33591,NOAA 19,48,3.6313238222222224,14.13310105,0.0012951,99.0069,139.6609,241.6283,118.3583,0.00025575,4.35e-06,0.0,7226.204,101.888,857.427,838.71,0
33591,NOAA 19,24,4.010257093333333,14.13311187,0.0012983,99.0067,140.6585,238.6582,121.332,0.00026399,4.5e-06,0.0,7226.2,101.888,857.447,838.683,0
33591,NOAA 19,48,4.030377404444445,14.13310217,0.0012964,99.0069,139.8034,241.2234,118.7637,0.00025039,4.24e-06,0.0,7226.203,101.888,857.436,838.7,0
33591,NOAA 19,12,3.021646675555556,14.13312106,0.0013013,99.0065,141.3711,236.5861,123.4066,0.00027966,4.79e-06,0.0,7226.197,101.888,857.465,838.658,0
33591,NOAA 19,48,1.4359850488888888,14.13310583,0.0012963,99.0068,140.0884,240.3665,119.6216,0.00026188,4.46e-06,0.0,7226.202,101.888,857.434,838.7,0
33591,NOAA 19,24,3.3487289422222224,14.13311591,0.0012997,99.0066,141.0148,237.6169,122.3746,0.00026426,4.51e-06,0.0,7226.199,101.888,857.456,838.672,0
33591,NOAA 19,24,5.300201137777778,14.13311659,0.0012998,99.0065,141.0861,237.4079,122.5838,0.00026549,4.53e-06,0.0,7226.198,101.888,857.456,838.671,0
33591,NOAA 19,24,3.021646675555556,14.13312106,0.0013013,99.0065,141.3711,236.5861,123.4066,0.00027966,4.79e-06,0.0,7226.197,101.888,857.465,838.658,0
33591,NOAA 19,12,4.905207351111111,14.13312421,0.0013029,99.0064,141.7986,235.3115,124.683,0.00026353,4.49e-06,0.0,7226.196,101.888,857.476,838.646,0
33591,NOAA 19,48,2.977980862222222,14.13311035,0.0012974,99.0067,140.3735,239.5246,120.4645,0.00027876,4.78e-06,0.0,7226.201,101.888,857.441,838.69,0
33591,NOAA 19,12,5.541102853333333,14.13312837,0.0013048,99.0064,142.0837,234.5171,125.4784,0.00027591,4.72e-06,0.0,7226.194,101.888,857.488,838.631,0
33591,NOAA 19,12,2.571316737777777,14.13313711,0.0013073,99.0063,142.725,232.5853,127.4129,0.00028326,4.86e-06,0.0,7226.191,101.888,857.503,838.61,0
33591,NOAA 19,48,3.021646675555556,14.13312106,0.0013013,99.0065,141.3711,236.5861,123.4066,0.00027966,4.79e-06,0.0,7226.197,101.888,857.465,838.658,0
33591,NOAA 19,24,2.571316737777777,14.13313711,0.0013073,99.0063,142.725,232.5853,127.4129,0.00028326,4.86e-06,0.0,7226.191,101.888,857.503,838.61,0
33591,NOAA 19,48,4.905207351111111,14.13312421,0.0013029,99.0064,141.7986,235.3115,124.683,0.00026353,4.49e-06,0.0,7226.196,101.888,857.476,838.646,0
33591,NOAA 19,12,3.613759084444444,14.13314474,0.0013103,99.0061,143.3662,230.7138,129.2872,0.00028821,4.96e-06,0.0,7226.189,101.888,857.522,838.585,0
33591,NOAA 19,24,2.075080524444445,14.13314143,0.0013094,99.0062,143.0812,231.567,128.4327,0.00028954,4.98e-06,0.0,7226.19,101.888,857.517,838.593,0
33591,NOAA 19,48,5.541102853333333,14.13312837,0.0013048,99.0064,142.0837,234.5171,125.4784,0.00027591,4.72e-06,0.0,7226.194,101.888,857.488,838.631,0
33591,NOAA 19,24,3.613759084444444,14.13314474,0.0013103,99.0061,143.3662,230.7138,129.2872,0.00028821,4.96e-06,0.0,7226.189,101.888,857.522,838.585,0
33591,NOAA 19,48,3.4036645422222223,14.13313121,0.0013059,99.0063,142.3687,233.6702,126.3265,0.00027131,4.64e-06,0.0,7226.193,101.888,857.495,838.622,0
33591,NOAA 19,12,4.477770373333334,14.13315345,0.0013139,99.006,144.1501,228.4279,131.5768,0.00028748,4.94e-06,0.0,7226.186,101.888,857.545,838.556,0
33591,NOAA 19,48,2.571316737777777,14.13313711,0.0013073,99.0063,142.725,232.5853,127.4129,0.00028326,4.86e-06,0.0,7226.191,101.888,857.503,838.61,0
33591,NOAA 19,24,2.949746053333333,14.13314772,0.0013119,99.0061,143.7225,229.6483,130.3543,0.000279,4.78e-06,0.0,7226.188,101.888,857.533,838.573,0
33591,NOAA 19,48,2.075080524444445,14.13314143,0.0013094,99.0062,143.0812,231.567,128.4327,0.00028954,4.98e-06,0.0,7226.19,101.888,857.517,838.593,0
33591,NOAA 19,24,2.454349413333333,14.1331524,0.001314,99.006,144.0788,228.6316,131.3726,0.00028502,4.9e-06,0.0,7226.186,101.888,857.546,838.556,0
33591,NOAA 19,48,6.820358302222222,14.13314143,0.0013094,99.0062,143.0812,231.567,128.4327,0.00028954,4.98e-06,0.0,7226.19,101.888,857.517,838.593,0
33591,NOAA 19,24,4.861717093333334,14.13316,0.0013155,99.006,144.6489,226.9174,133.0897,0.00029322,5.05e-06,0.0,7226.184,101.888,857.555,838.543,0
33591,NOAA 19,48,2.949746053333333,14.13314772,0.0013119,99.0061,143.7225,229.6483,130.3543,0.000279,4.78e-06,0.0,7226.188,101.888,857.533,838.573,0
33591,NOAA 19,12,2.172148471111111,14.13317501,0.0013183,99.0058,145.4326,224.6141,135.3971,0.00033533,5.84e-06,0.0,7226.178,101.888,857.57,838.517,0
33591,NOAA 19,24,8.924116728888889,14.13316001,0.0013161,99.0059,144.7914,226.4793,133.5286,0.00027453,4.7e-06,0.0,7226.184,101.888,857.559,838.538,0
33591,NOAA 19,48,2.454349413333333,14.1331524,0.001314,99.006,144.0788,228.6316,131.3726,0.00028502,4.9e-06,0.0,7226.186,101.888,857.546,838.556,0
33591,NOAA 19,24,2.6683606844444445,14.13316449,0.0013172,99.0059,145.0764,225.6715,134.3378,0.00028308,4.86e-06,0.0,7226.182,101.888,857.565,838.529,0
33591,NOAA 19,12,3.3758395111111112,14.13317621,0.001319,99.0058,145.7176,223.7072,136.3056,0.00031256,5.41e-06,0.0,7226.178,101.888,857.574,838.512,0
33591,NOAA 19,24,2.172148471111111,14.13317501,0.0013183,99.0058,145.4326,224.6141,135.3971,0.00033533,5.84e-06,0.0,7226.178,101.888,857.57,838.517,0
33591,NOAA 19,48,2.1303419022222223,14.13315722,0.0013153,99.006,144.4351,227.5852,132.4208,0.00029062,5e-06,0.0,7226.185,101.888,857.554,838.545,0
33591,NOAA 19,48,8.924116728888889,14.13316001,0.0013161,99.0059,144.7914,226.4793,133.5286,0.00027453,4.7e-06,0.0,7226.184,101.888,857.559,838.538,1
33591,NOAA 19,48,2.6683606844444445,14.13316449,0.0013172,99.0059,145.0764,225.6715,134.3378,0.00028308,4.86e-06,0.0,7226.182,101.888,857.565,838.529,0
33591,NOAA 19,24,2.8837944444444443,14.13318231,0.0013202,99.0057,146.0738,222.6736,137.3411,0.00032589,5.66e-06,0.0,7226.176,101.888,857.581,838.501,0
33591,NOAA 19,12,3.50201656,14.13319261,0.0013224,99.0055,146.8576,220.3129,139.7063,0.00033211,5.78e-06,0.0,7226.172,101.888,857.593,838.482,0
33591,NOAA 19,48,2.172148471111111,14.13317501,0.0013183,99.0058,145.4326,224.6141,135.3971,0.00033533,5.84e-06,0.0,7226.178,101.888,857.57,838.517,0
33591,NOAA 19,12,6.518957386666666,14.13319428,0.0013227,99.0055,147.0714,219.7144,140.306,0.00032446,5.64e-06,0.0,7226.172,101.888,857.595,838.479,0
33591,NOAA 19,12,2.76441784,14.13319799,0.0013246,99.0053,147.4277,218.6901,141.3323,0.00031732,5.5e-06,0.0,7226.171,101.888,857.607,838.464,0
33591,NOAA 19,48,5.993707315555556,14.13317698,0.0013193,99.0057,145.7889,223.4889,136.5243,0.00031042,5.37e-06,0.0,7226.178,101.888,857.576,838.509,0
33591,NOAA 19,48,2.8837944444444443,14.13318231,0.0013202,99.0057,146.0738,222.6736,137.3411,0.00032589,5.66e-06,0.0,7226.176,101.888,857.581,838.501,0
33591,NOAA 19,6,5.288309573333334,14.13320359,0.0013263,99.0053,147.8552,217.4495,142.5754,0.00032104,5.57e-06,0.0,7226.169,101.888,857.618,838.45,0
33591,NOAA 19,24,2.76441784,14.13319799,0.0013246,99.0053,147.4277,218.6901,141.3323,0.00031732,5.5e-06,0.0,7226.171,101.888,857.607,838.464,0
33591,NOAA 19,48,3.50201656,14.13319261,0.0013224,99.0055,146.8576,220.3129,139.7063,0.00033211,5.78e-06,0.0,7226.172,101.888,857.593,838.482,0
33591,NOAA 19,24,4.877296871111112,14.1332083,0.0013277,99.0052,148.1402,216.6271,143.3994,0.00033648,5.86e-06,0.0,7226.167,101.888,857.626,838.438,0
33591,NOAA 19,48,6.518957386666666,14.13319428,0.0013227,99.0055,147.0714,219.7144,140.306,0.00032446,5.64e-06,0.0,7226.172,101.888,857.595,838.479,0
33591,NOAA 19,12,17.953873013333332,14.13320991,0.0013281,99.0052,148.2827,216.2179,143.8094,0.00033408,5.82e-06,0.0,7226.167,101.888,857.629,838.435,0
33591,NOAA 19,48,2.76441784,14.13319799,0.0013246,99.0053,147.4277,218.6901,141.3323,0.00031732,5.5e-06,0.0,7226.171,101.888,857.607,838.464,0
33591,NOAA 19,24,6.379150791111111,14.13320991,0.0013281,99.0052,148.2827,216.2179,143.8094,0.00033408,5.82e-06,0.0,7226.167,101.888,857.629,838.435,0
33591,NOAA 19,48,5.334140764444444,14.1332007,0.0013254,99.0053,147.6414,218.0608,141.9628,0.00031961,5.55e-06,0.0,7226.17,101.888,857.612,838.457,0
33591,NOAA 19,48,4.877296871111112,14.1332083,0.0013277,99.0052,148.1402,216.6271,143.3994,0.00033648,5.86e-06,0.0,7226.167,101.888,857.626,838.438,0
33591,NOAA 19,48,6.379150791111111,14.13320991,0.0013281,99.0052,148.2827,216.2179,143.8094,0.00033408,5.82e-06,0.0,7226.167,101.888,857.629,838.435,0
33591,NOAA 19,24,3.423118222222222,14.13323376,0.0013383,99.0047,150.4202,210.1227,149.9176,0.00029864,5.15e-06,0.0,7226.158,101.888,857.694,838.353,0
33591,NOAA 19,24,8.052768622222223,14.13323707,0.0013405,99.0047,150.7764,209.0983,150.9443,0.0002891,4.97e-06,0.0,7226.157,101.887,857.709,838.336,0
33591,NOAA 19,24,1.7460356533333334,14.13324207,0.001342,99.0046,151.1326,208.1049,151.9399,0.00029216,5.03e-06,0.0,7226.156,101.887,857.718,838.323,0
33591,NOAA 19,48,3.5651361688888885,14.13323012,0.0013367,99.0048,150.0639,211.1412,148.8969,0.00031087,5.38e-06,0.0,7226.16,101.888,857.684,838.365,0
33591,NOAA 19,12,4.234449777777778,14.13325118,0.0013486,99.0044,152.2013,205.0679,154.984,0.00025748,4.38e-06,0.0,7226.153,101.887,857.763,838.272,0
33591,NOAA 19,48,1.7460356533333334,14.13324207,0.001342,99.0046,151.1326,208.1049,151.9399,0.00029216,5.03e-06,0.0,7226.156,101.887,857.718,838.323,0
33591,NOAA 19,24,2.4590728533333333,14.1332504,0.0013477,99.0044,152.13,205.2749,154.7764,0.00025769,4.38e-06,0.0,7226.153,101.887,857.756,838.279,0
33591,NOAA 19,24,6.234764480000001,14.13325529,0.0013505,99.0044,152.6288,203.8203,156.2345,0.00024794,4.2e-06,0.0,7226.151,101.887,857.775,838.257,0
33591,NOAA 19,48,4.487092444444444,14.13324536,0.0013458,99.0045,151.7026,206.4929,153.5556,0.00025905,4.41e-06,0.0,7226.154,101.887,857.744,838.295,0
33591,NOAA 19,12,6.511668764444444,14.13325932,0.0013538,99.0043,153.1987,202.2135,157.8451,0.0002291,3.85e-06,0.0,7226.15,101.887,857.797,838.232,0
33591,NOAA 19,48,4.234449777777778,14.13325118,0.0013486,99.0044,152.2013,205.0679,154.984,0.00025748,4.38e-06,0.0,7226.153,101.887,857.763,838.272,0
33591,NOAA 19,12,3.21718872,14.13326439,0.001357,99.0042,153.7687,200.5651,159.4977,0.00021899,3.66e-06,0.0,7226.148,101.887,857.819,838.207,0
33591,NOAA 19,48,6.234764480000001,14.13325529,0.0013505,99.0044,152.6288,203.8203,156.2345,0.00024794,4.2e-06,0.0,7226.151,101.887,857.775,838.257,0
33591,NOAA 19,24,3.21718872,14.13326439,0.001357,99.0042,153.7687,200.5651,159.4977,0.00021899,3.66e-06,0.0,7226.148,101.887,857.819,838.207,0
33591,NOAA 19,12,8.536756293333333,14.13326676,0.0013584,99.0041,154.0537,199.7393,160.3255,0.000213,3.55e-06,0.0,7226.147,101.887,857.828,838.196,0
33591,NOAA 19,48,9.096708924444444,14.13325529,0.0013505,99.0044,152.6288,203.8203,156.2345,0.00024794,4.2e-06,0.0,7226.151,101.887,857.775,838.257,0
33591,NOAA 19,12,1.9963974933333333,14.13327351,0.0013631,99.004,154.9798,197.1035,162.9679,0.00019862,3.28e-06,0.0,7226.145,101.887,857.86,838.16,0
33591,NOAA 19,12,4.112963333333333,14.13327324,0.0013627,99.004,154.9085,197.3009,162.77,0.00020318,3.36e-06,0.0,7226.145,101.887,857.857,838.163,0
33591,NOAA 19,48,3.21718872,14.13326439,0.001357,99.0042,153.7687,200.5651,159.4977,0.00021899,3.66e-06,0.0,7226.148,101.887,857.819,838.207,0
33591,NOAA 19,24,3.593872551111111,14.13327234,0.0013619,99.004,154.7661,197.6899,162.38,0.0002084,3.46e-06,0.0,7226.145,101.887,857.852,838.169,0
33591,NOAA 19,48,2.4060000444444443,14.13326556,0.0013577,99.0042,153.9112,200.1529,159.9108,0.00021422,3.57e-06,0.0,7226.148,101.887,857.824,838.202,0
33591,NOAA 19,24,2.7646561422222224,14.1332747,0.0013639,99.0039,155.1223,196.7181,163.3542,0.00020149,3.33e-06,0.0,7226.144,101.887,857.865,838.154,0
33591,NOAA 19,48,4.420089626666667,14.13326676,0.0013584,99.0041,154.0537,199.7393,160.3255,0.000213,3.55e-06,0.0,7226.147,101.887,857.828,838.196,0
33591,NOAA 19,24,2.602939253333333,14.13327755,0.0013653,99.0039,155.4785,195.7074,164.3676,0.00020087,3.32e-06,0.0,7226.144,101.887,857.874,838.143,0
33591,NOAA 19,12,5.112845528888888,14.13328181,0.0013688,99.0037,156.1909,193.677,166.4033,0.00019187,3.15e-06,0.0,7226.142,101.887,857.898,838.116,0
33591,NOAA 19,48,2.7646561422222224,14.1332747,0.0013639,99.0039,155.1223,196.7181,163.3542,0.00020149,3.33e-06,0.0,7226.144,101.887,857.865,838.154,0
33591,NOAA 19,48,2.602939253333333,14.13327755,0.0013653,99.0039,155.4785,195.7074,164.3676,0.00020087,3.32e-06,0.0,7226.144,101.887,857.874,838.143,0
33591,NOAA 19,24,2.320713253333333,14.13328861,0.0013721,99.0036,156.8321,191.835,168.2501,0.00020956,3.48e-06,0.0,7226.14,101.887,857.92,838.09,0
33591,NOAA 19,48,3.8086229777777776,14.13328007,0.0013663,99.0038,155.7634,194.8503,165.2269,0.00020794,3.45e-06,0.0,7226.143,101.887,857.881,838.135,0
33591,NOAA 19,24,1.8270608,14.133291,0.0013739,99.0035,157.1883,190.8482,169.2396,0.00020693,3.43e-06,0.0,7226.139,101.887,857.932,838.076,0
33591,NOAA 19,24,3.029141333333333,14.13329623,0.0013752,99.0035,157.4732,190.0509,170.039,0.00023303,3.92e-06,0.0,7226.137,101.887,857.94,838.065,0
33591,NOAA 19,48,4.515374311111111,14.1332837,0.00137,99.0037,156.4046,193.0685,167.0134,0.00019508,3.21e-06,0.0,7226.141,101.887,857.906,838.107,0
33591,NOAA 19,48,2.320713253333333,14.13328861,0.0013721,99.0036,156.8321,191.835,168.2501,0.00020956,3.48e-06,0.0,7226.14,101.887,857.92,838.09,0
33591,NOAA 19,24,2.536325333333333,14.13329771,0.0013765,99.0034,157.8294,189.0345,171.0581,0.00022013,3.68e-06,0.0,7226.137,101.887,857.948,838.055,0
33591,NOAA 19,12,2.915839502222222,14.13330586,0.0013822,99.0032,158.8266,186.2331,173.867,0.00021723,3.63e-06,0.0,7226.134,101.887,857.987,838.011,0
33591,NOAA 19,48,3.029141333333333,14.13329623,0.0013752,99.0035,157.4732,190.0509,170.039,0.00023303,3.92e-06,0.0,7226.137,101.887,857.94,838.065,0
33591,NOAA 19,24,3.242537911111111,14.13330273,0.0013799,99.0033,158.4704,187.2185,172.879,0.00021741,3.63e-06,0.0,7226.135,101.887,857.971,838.029,0
33591,NOAA 19,48,2.536325333333333,14.13329771,0.0013765,99.0034,157.8294,189.0345,171.0581,0.00022013,3.68e-06,0.0,7226.137,101.887,857.948,838.055,0
33591,NOAA 19,24,3.7840385866666666,14.13330912,0.0013836,99.0032,159.1116,185.4628,174.6395,0.00022095,3.7e-06,0.0,7226.133,101.887,857.996,838.0,0
33591,NOAA 19,48,3.242537911111111,14.13330273,0.0013799,99.0033,158.4704,187.2185,172.879,0.00021741,3.63e-06,0.0,7226.135,101.887,857.971,838.029,0
33591,NOAA 19,12,4.238509271111111,14.13331958,0.0013897,99.003,160.2513,182.3089,177.8021,0.00022026,3.68e-06,0.0,7226.129,101.887,858.036,837.952,0
33591,NOAA 19,48,3.7840385866666666,14.13330912,0.0013836,99.0032,159.1116,185.4628,174.6395,0.00022095,3.7e-06,0.0,7226.133,101.887,857.996,838.0,0
33591,NOAA 19,24,2.4647920533333334,14.13331907,0.0013893,99.003,160.1801,182.5051,177.6053,0.00022187,3.71e-06,0.0,7226.129,101.887,858.034,837.955,0
33591,NOAA 19,24,4.238509271111111,14.13331958,0.0013897,99.003,160.2513,182.3089,177.8021,0.00022026,3.68e-06,0.0,7226.129,101.887,858.036,837.952,0
33591,NOAA 19,12,3.173250853333333,14.13332511,0.001393,99.0029,160.8211,180.7115,179.4039,0.00022168,3.71e-06,0.0,7226.127,101.887,858.058,837.926,0
33591,NOAA 19,24,1.9731037244444445,14.13332445,0.0013913,99.0029,160.5362,181.5463,178.5668,0.0002377,4.01e-06,0.0,7226.128,101.887,858.046,837.939,0
33591,NOAA 19,24,2.677954773333333,14.13332891,0.0013944,99.0028,161.1773,179.7449,180.3732,0.00022848,3.84e-06,0.0,7226.126,101.887,858.067,837.915,0
33591,NOAA 19,48,2.4647920533333334,14.13331907,0.0013893,99.003,160.1801,182.5051,177.6053,0.00022187,3.71e-06,0.0,7226.129,101.887,858.034,837.955,0
33591,NOAA 19,48,4.238509271111111,14.13331958,0.0013897,99.003,160.2513,182.3089,177.8021,0.00022026,3.68e-06,0.0,7226.129,101.887,858.036,837.952,0
33591,NOAA 19,12,3.2230884,14.13333366,0.0013984,99.0027,161.8184,177.9299,182.1933,0.00021862,3.65e-06,0.0,7226.124,101.887,858.094,837.884,0
33591,NOAA 19,48,1.9731037244444445,14.13332445,0.0013913,99.0029,160.5362,181.5463,178.5668,0.0002377,4.01e-06,0.0,7226.128,101.887,858.046,837.939,0
33591,NOAA 19,24,2.1873809155555555,14.13333295,0.0013963,99.0027,161.5335,178.7378,181.3831,0.00023536,3.97e-06,0.0,7226.125,101.887,858.079,837.9,0
33591,NOAA 19,24,4.782640871111111,14.13333433,0.0013988,99.0027,161.8897,177.7303,182.3934,0.00021849,3.65e-06,0.0,7226.124,101.887,858.097,837.881,0
33591,NOAA 19,48,2.677954773333333,14.13332891,0.0013944,99.0028,161.1773,179.7449,180.3732,0.00022848,3.84e-06,0.0,7226.126,101.887,858.067,837.915,0
33591,NOAA 19,12,3.4329415466666666,14.13334236,0.0014035,99.0025,162.8156,175.1106,185.0205,0.00021723,3.63e-06,0.0,7226.121,101.887,858.128,837.845,0
33591,NOAA 19,24,5.2481829244444445,14.13333742,0.0014004,99.0026,162.2458,176.7344,183.3921,0.00021825,3.65e-06,0.0,7226.123,101.887,858.108,837.869,0
33591,NOAA 19,48,2.1873809155555555,14.13333295,0.0013963,99.0027,161.5335,178.7378,181.3831,0.00023536,3.97e-06,0.0,7226.125,101.887,858.079,837.9,0
33591,NOAA 19,24,2.5663952088888893,14.13334091,0.0014018,99.0025,162.5307,175.9359,184.1929,0.0002258,3.79e-06,0.0,7226.122,101.887,858.116,837.857,0
33591,NOAA 19,12,2.784038133333333,14.13335056,0.0014063,99.0023,163.5279,173.1754,186.9612,0.00023623,3.98e-06,0.0,7226.119,101.887,858.146,837.822,0
33591,NOAA 19,6,5.150585608888889,14.13335476,0.0014089,99.0022,164.169,171.3729,188.7688,0.00022732,3.82e-06,0.0,7226.117,101.887,858.163,837.801,0
33591,NOAA 19,48,3.1059881600000003,14.13334525,0.0014052,99.0024,163.1718,174.1295,186.0044,0.0002148,3.58e-06,0.0,7226.12,101.887,858.14,837.831,0
33591,NOAA 19,24,2.822250293333333,14.1333596,0.0014106,99.0022,164.5251,170.4162,189.7282,0.00024399,4.13e-06,0.0,7226.116,101.887,858.174,837.787,0
33591,NOAA 19,12,5.383919475555556,14.13336504,0.001414,99.002,165.2374,168.5242,191.6254,0.00023663,3.99e-06,0.0,7226.114,101.887,858.196,837.761,0
33591,NOAA 19,24,3.868807128888889,14.13336421,0.0014139,99.002,165.1662,168.7018,191.4474,0.00023359,3.93e-06,0.0,7226.114,101.887,858.196,837.762,0
33591,NOAA 19,24,10.899195155555557,14.13336376,0.0014124,99.0021,164.8813,169.4329,190.7142,0.00025414,4.32e-06,0.0,7226.114,101.887,858.185,837.773,0
33591,NOAA 19,24,5.383919475555556,14.13336504,0.001414,99.002,165.2374,168.5242,191.6254,0.00023663,3.99e-06,0.0,7226.114,101.887,858.196,837.761,0
33591,NOAA 19,12,2.5446492177777777,14.13337084,0.0014168,99.0019,165.8784,166.806,193.3485,0.00023822,4.02e-06,0.0,7226.112,101.887,858.215,837.739,0
33591,NOAA 19,6,4.910378302222222,14.13337265,0.0014181,99.0019,166.1633,166.0543,194.1024,0.00022753,3.82e-06,0.0,7226.111,101.887,858.223,837.729,0
33591,NOAA 19,24,3.0354787733333333,14.13336747,0.0014153,99.002,165.5223,167.7688,192.383,0.00023275,3.92e-06,0.0,7226.113,101.887,858.205,837.751,0
33591,NOAA 19,48,2.822250293333333,14.1333596,0.0014106,99.0022,164.5251,170.4162,189.7282,0.00024399,4.13e-06,0.0,7226.116,101.887,858.174,837.787,0
33591,NOAA 19,24,2.5446492177777777,14.13337084,0.0014168,99.0019,165.8784,166.806,193.3485,0.00023822,4.02e-06,0.0,7226.112,101.887,858.215,837.739,0
33591,NOAA 19,48,3.0354787733333333,14.13336747,0.0014153,99.002,165.5223,167.7688,192.383,0.00023275,3.92e-06,0.0,7226.113,101.887,858.205,837.751,0
33591,NOAA 19,24,8.276899333333333,14.13337963,0.0014223,99.0018,166.9468,163.9164,196.2462,0.00022516,3.78e-06,0.0,7226.109,101.886,858.251,837.696,0
33591,NOAA 19,12,2.967271768888889,14.1333883,0.0014274,99.0016,167.8726,161.3418,198.828,0.00022936,3.85e-06,0.0,7226.106,101.886,858.285,837.656,0
33591,NOAA 19,48,4.422826417777777,14.1333738,0.0014188,99.0018,166.3057,165.6863,194.4714,0.00022683,3.81e-06,0.0,7226.111,101.887,858.228,837.723,0
33591,NOAA 19,24,3.462812506666667,14.13338529,0.0014251,99.0016,167.5165,162.3521,197.8149,0.00022888,3.85e-06,0.0,7226.107,101.886,858.27,837.674,0
33591,NOAA 19,48,3.252054026666667,14.1333756,0.0014196,99.0018,166.5194,165.1137,195.0455,0.00022391,3.75e-06,0.0,7226.11,101.886,858.233,837.717,0
33591,NOAA 19,48,8.276899333333333,14.13337963,0.0014223,99.0018,166.9468,163.9164,196.2462,0.00022516,3.78e-06,0.0,7226.109,101.886,858.251,837.696,0
33591,NOAA 19,24,2.471733431111111,14.13339048,0.0014287,99.0015,168.2287,160.3712,199.8013,0.00021552,3.59e-06,0.0,7226.105,101.886,858.294,837.646,0
33591,NOAA 19,48,2.261522826666667,14.13338278,0.0014237,99.0017,167.2316,163.1203,197.0445,0.00023189,3.9e-06,0.0,7226.108,101.886,858.26,837.685,0
33591,NOAA 19,12,4.730131377777777,14.13340027,0.0014338,99.0014,169.2971,157.5122,202.6681,0.00021743,3.63e-06,0.0,7226.102,101.886,858.327,837.606,0
33591,NOAA 19,24,4.879321671111111,14.13339666,0.0014319,99.0015,168.7985,158.8294,201.3473,0.00022506,3.77e-06,0.0,7226.103,101.886,858.315,837.621,0
33591,NOAA 19,48,2.967271768888889,14.1333883,0.0014274,99.0016,167.8726,161.3418,198.828,0.00022936,3.85e-06,0.0,7226.106,101.886,858.285,837.656,0
33591,NOAA 19,48,2.471733431111111,14.13339048,0.0014287,99.0015,168.2287,160.3712,199.8013,0.00021552,3.59e-06,0.0,7226.105,101.886,858.294,837.646,0
33591,NOAA 19,24,4.730131377777777,14.13340027,0.0014338,99.0014,169.2971,157.5122,202.6681,0.00021743,3.63e-06,0.0,7226.102,101.886,858.327,837.606,0
33591,NOAA 19,12,3.4007828533333333,14.1334054,0.001436,99.0013,169.8669,155.984,204.2005,0.00021856,3.65e-06,0.0,7226.1,101.886,858.342,837.588,0
33591,NOAA 19,12,5.544788408888889,14.13340615,0.0014362,99.0013,169.9381,155.7874,204.3975,0.0002201,3.68e-06,0.0,7226.1,101.886,858.343,837.587,0
33591,NOAA 19,24,2.1894852533333333,14.1334041,0.0014346,99.0013,169.5819,156.7618,203.4205,0.00022879,3.84e-06,0.0,7226.1,101.886,858.332,837.599,0
33591,NOAA 19,24,2.8983132711111117,14.13340923,0.0014372,99.0013,170.223,155.0273,205.1597,0.00022781,3.83e-06,0.0,7226.099,101.886,858.349,837.578,1
33591,NOAA 19,48,4.730131377777777,14.13340027,0.0014338,99.0014,169.2971,157.5122,202.6681,0.00021743,3.63e-06,0.0,7226.102,101.886,858.327,837.606,1
33591,NOAA 19,12,5.143421191111112,14.13341551,0.0014396,99.0012,170.7927,153.4958,206.6953,0.00024171,4.09e-06,0.0,7226.096,101.886,858.364,837.559,1
33591,NOAA 19,12,3.635994133333333,14.13341525,0.0014406,99.0012,171.0064,152.9095,207.2831,0.00022387,3.75e-06,0.0,7226.097,101.886,858.371,837.552,0
33591,NOAA 19,48,2.1894852533333333,14.1334041,0.0014346,99.0013,169.5819,156.7618,203.4205,0.00022879,3.84e-06,0.0,7226.1,101.886,858.332,837.599,0
33591,NOAA 19,48,2.8983132711111117,14.13340923,0.0014372,99.0013,170.223,155.0273,205.1597,0.00022781,3.83e-06,0.0,7226.099,101.886,858.349,837.578,0
33591,NOAA 19,24,3.278603795555555,14.13343595,0.0014411,99.0011,171.2201,152.2966,207.8977,0.00037103,6.52e-06,0.0,7226.09,101.886,858.368,837.541,1
33591,NOAA 19,12,3.546816933333333,14.13342187,0.0014453,99.001,172.0035,150.1828,210.017,0.00021012,3.49e-06,0.0,7226.094,101.886,858.403,837.515,0
33591,NOAA 19,24,4.528485653333333,14.13342587,0.0014465,99.001,172.502,148.8903,211.3128,0.0002123,3.54e-06,0.0,7226.093,101.886,858.411,837.505,0
33591,NOAA 19,48,2.616662408888889,14.13342066,0.0014427,99.0011,171.5761,151.315,208.8818,0.00023078,3.88e-06,0.0,7226.095,101.886,858.385,837.535,0
33591,NOAA 19,12,2.381995137777777,14.13343529,0.0014518,99.0008,173.9263,145.0992,215.1135,0.00019245,3.16e-06,0.0,7226.09,101.886,858.446,837.464,0
33591,NOAA 19,48,4.528485653333333,14.13342587,0.0014465,99.001,172.502,148.8903,211.3128,0.0002123,3.54e-06,0.0,7226.093,101.886,858.411,837.505,0
33591,NOAA 19,24,3.0436143466666667,14.13343164,0.0014501,99.0008,173.5702,146.0801,214.1301,0.00018539,3.03e-06,0.0,7226.091,101.886,858.435,837.477,0
33591,NOAA 19,24,2.381995137777777,14.13343529,0.0014518,99.0008,173.9263,145.0992,215.1135,0.00019245,3.16e-06,0.0,7226.09,101.886,858.446,837.464,0
33591,NOAA 19,24,3.584422568888889,14.13343713,0.0014531,99.0008,174.2112,144.3509,215.8636,0.00018673,3.05e-06,0.0,7226.089,101.886,858.454,837.454,0
33591,NOAA 19,12,4.46412472,14.13344207,0.0014555,99.0007,174.8521,142.6853,217.5333,0.00018246,2.97e-06,0.0,7226.087,101.886,858.47,837.435,0
33591,NOAA 19,24,6.525655146666667,14.13343779,0.0014531,99.0008,174.2824,144.1721,216.0428,0.00018856,3.09e-06,0.0,7226.089,101.886,858.454,837.454,0
33591,NOAA 19,12,7.19235448,14.13344487,0.0014562,99.0006,175.2794,141.5331,218.6881,0.00017795,2.89e-06,0.0,7226.086,101.886,858.474,837.429,0
33591,NOAA 19,6,4.715679022222222,14.13345286,0.0014597,99.0006,175.9203,139.8245,220.4009,0.00020275,3.36e-06,0.0,7226.084,101.886,858.497,837.401,0
33591,NOAA 19,48,3.584422568888889,14.13343713,0.0014531,99.0008,174.2112,144.3509,215.8636,0.00018673,3.05e-06,0.0,7226.089,101.886,858.454,837.454,0
33591,NOAA 19,12,4.790523911111111,14.13345351,0.0014599,99.0006,175.9916,139.635,220.5908,0.00020263,3.35e-06,0.0,7226.084,101.886,858.498,837.399,0
33591,NOAA 19,24,3.3075644888888887,14.13344688,0.0014578,99.0006,175.5642,140.7803,219.4428,0.00017318,2.8e-06,0.0,7226.086,101.886,858.485,837.417,0
33591,NOAA 19,24,2.312406106666667,14.13345587,0.0014605,99.0005,176.2764,138.8722,221.3553,0.00020109,3.33e-06,0.0,7226.083,101.886,858.501,837.394,0
33591,NOAA 19,48,2.101521146666667,14.13344487,0.0014562,99.0006,175.2794,141.5331,218.6881,0.00017795,2.89e-06,0.0,7226.086,101.886,858.474,837.429,0
33591,NOAA 19,12,4.721170017777777,14.1334602,0.0014625,99.0005,176.8461,137.3682,222.8627,0.00019747,3.26e-06,0.0,7226.081,101.886,858.514,837.378,0
33591,NOAA 19,24,6.673794995555555,14.13345587,0.0014605,99.0005,176.2764,138.8722,221.3553,0.00020109,3.33e-06,0.0,7226.083,101.886,858.501,837.394,0
33591,NOAA 19,48,2.312406106666667,14.13345587,0.0014605,99.0005,176.2764,138.8722,221.3553,0.00020109,3.33e-06,0.0,7226.083,101.886,858.501,837.394,0
33591,NOAA 19,24,2.697190755555556,14.13346303,0.0014634,99.0004,177.2734,136.2429,223.9905,0.000193,3.17e-06,0.0,7226.08,101.886,858.52,837.371,0
33591,NOAA 19,48,6.673794995555555,14.13345587,0.0014605,99.0005,176.2764,138.8722,221.3553,0.00020109,3.33e-06,0.0,7226.083,101.886,858.501,837.394,0
33591,NOAA 19,48,1.9838546933333328,14.13345832,0.0014613,99.0005,176.6325,137.9552,222.2744,0.00019515,3.21e-06,0.0,7226.082,101.886,858.506,837.387,0
33591,NOAA 19,24,2.4145564622222224,14.13347179,0.001468,99.0002,178.6266,132.6754,227.5657,0.00018042,2.94e-06,0.0,7226.077,101.886,858.55,837.334,0
33591,NOAA 19,24,5.363317208888889,14.13347915,0.0014695,99.0001,179.3387,130.7771,229.4679,0.00020282,3.36e-06,0.0,7226.075,101.886,858.559,837.321,0
33591,NOAA 19,6,6.416802337777778,14.13348413,0.0014711,99.0,180.051,128.8875,231.3611,0.00020368,3.37e-06,0.0,7226.073,101.886,858.568,837.308,0
33591,NOAA 19,48,48.59534133333334,14.13346492,0.0014644,99.0004,177.4871,135.6996,224.535,0.0001971,3.25e-06,0.0,7226.08,101.886,858.527,837.363,0
33591,NOAA 19,12,5.5513228,14.13349483,0.0014734,98.9999,181.3329,125.5247,234.7301,0.00021166,3.52e-06,0.0,7226.069,101.886,858.581,837.288,0
33591,NOAA 19,48,6.49460368,14.13348246,0.0014707,99.0001,179.9086,129.2589,230.989,0.00019897,3.29e-06,0.0,7226.074,101.886,858.566,837.311,0
33591,NOAA 19,24,3.549249688888889,14.13349416,0.0014736,98.9999,181.2616,125.7077,234.5468,0.00020993,3.49e-06,0.0,7226.07,101.886,858.583,837.286,0
33591,NOAA 19,48,3.33690792,14.13348659,0.0014712,99.0,180.2647,128.3325,231.9171,0.0002123,3.54e-06,0.0,7226.072,101.886,858.568,837.306,0
33591,NOAA 19,24,5.5513228,14.13349483,0.0014734,98.9999,181.3329,125.5247,234.7301,0.00021166,3.52e-06,0.0,7226.069,101.886,858.581,837.288,0
33591,NOAA 19,12,2.5558129333333333,14.13350088,0.0014753,98.9998,181.9738,123.8541,236.4037,0.00022065,3.69e-06,0.0,7226.067,101.886,858.593,837.272,0
33591,NOAA 19,48,5.7837015733333335,14.13348704,0.0014715,99.0,180.3359,128.1476,232.1024,0.00021261,3.54e-06,0.0,7226.072,101.886,858.57,837.304,0
33591,NOAA 19,12,4.505664542222222,14.13350154,0.0014755,98.9998,182.045,123.6726,236.5855,0.00022045,3.69e-06,0.0,7226.067,101.886,858.594,837.27,0
33591,NOAA 19,24,2.884336986666667,14.13349704,0.001474,98.9998,181.6177,124.7879,235.4682,0.00020848,3.46e-06,0.0,7226.069,101.886,858.585,837.282,0
33591,NOAA 19,48,2.837822071111111,14.13348967,0.0014722,98.9999,180.6207,127.3941,232.8574,0.00021623,3.61e-06,0.0,7226.071,101.886,858.574,837.298,0
33591,NOAA 19,48,2.884336986666667,14.13349704,0.001474,98.9998,181.6177,124.7879,235.4682,0.00020848,3.46e-06,0.0,7226.069,101.886,858.585,837.282,0
33591,NOAA 19,12,8.231187013333333,14.13353275,0.0014838,98.9995,186.2463,112.7301,247.5441,0.00018177,2.96e-06,0.0,7226.057,101.885,858.644,837.2,0
33591,NOAA 19,24,2.760044568888889,14.13353704,0.0014843,98.9994,186.6735,111.5891,248.6864,0.00019296,3.17e-06,0.0,7226.055,101.885,858.646,837.194,0
33591,NOAA 19,24,1.429718808888889,14.13354106,0.0014863,98.9994,187.3857,109.6607,250.617,0.00018226,2.97e-06,0.0,7226.054,101.885,858.659,837.179,0
33591,NOAA 19,24,2.138157831111111,14.13354658,0.0014862,98.9993,188.0266,108.0284,252.2509,0.00019036,3.12e-06,0.0,7226.052,101.885,858.656,837.177,0
33591,NOAA 19,48,1.429718808888889,14.13354106,0.0014863,98.9994,187.3857,109.6607,250.617,0.00018226,2.97e-06,0.0,7226.054,101.885,858.659,837.179,0
33591,NOAA 19,12,5.114627226666667,14.1335542,0.0014863,98.9991,189.3795,104.5046,255.7776,0.00017301,2.8e-06,0.0,7226.049,101.885,858.654,837.174,0
33591,NOAA 19,48,2.138157831111111,14.13354658,0.0014862,98.9993,188.0266,108.0284,252.2509,0.00019036,3.12e-06,0.0,7226.052,101.885,858.656,837.177,0
33591,NOAA 19,24,2.352001288888889,14.13355224,0.0014866,98.9992,189.0235,105.4169,254.8647,0.00017986,2.93e-06,0.0,7226.05,101.885,858.657,837.173,0
33591,NOAA 19,24,3.0601730933333333,14.1335559,0.0014865,98.9991,189.6643,103.7508,256.5319,0.00016768,2.7e-06,0.0,7226.049,101.885,858.655,837.172,0
33591,NOAA 19,12,6.176674213333333,14.13356461,0.0014859,98.999,190.8747,100.6264,259.6582,0.00016584,2.66e-06,0.0,7226.046,101.885,858.648,837.173,0
33591,NOAA 19,48,3.0601730933333333,14.1335559,0.0014865,98.9991,189.6643,103.7508,256.5319,0.00016768,2.7e-06,0.0,7226.049,101.885,858.655,837.172,0
33591,NOAA 19,12,2.848329244444445,14.13357202,0.0014855,98.9988,192.0139,97.6618,262.6242,0.00016141,2.58e-06,0.0,7226.043,101.885,858.642,837.174,0
33591,NOAA 19,24,3.487359173333333,14.13356907,0.0014851,98.9988,191.6579,98.5834,261.7021,0.00015545,2.47e-06,0.0,7226.044,101.885,858.641,837.178,0
33591,NOAA 19,24,2.330135048888889,14.13357324,0.0014847,98.9988,192.3699,96.7469,263.5393,0.0001493,2.35e-06,0.0,7226.043,101.885,858.636,837.179,0
33591,NOAA 19,48,3.8158347466666656,14.13356717,0.0014854,98.9989,191.3019,99.5139,260.7712,0.00016236,2.6e-06,0.0,7226.045,101.885,858.643,837.176,0
33591,NOAA 19,12,3.044721422222222,14.13357831,0.0014856,98.9988,193.0107,95.0784,265.2084,0.00015296,2.42e-06,0.0,7226.041,101.885,858.641,837.171,0
33591,NOAA 19,48,3.487359173333333,14.13356907,0.0014851,98.9988,191.6579,98.5834,261.7021,0.00015545,2.47e-06,0.0,7226.044,101.885,858.641,837.178,0
33591,NOAA 19,24,3.044721422222222,14.13357831,0.0014856,98.9988,193.0107,95.0784,265.2084,0.00015296,2.42e-06,0.0,7226.041,101.885,858.641,837.171,0
33591,NOAA 19,12,4.855559422222223,14.13358008,0.0014854,98.9987,193.4379,93.9745,266.3125,0.00014596,2.29e-06,0.0,7226.04,101.885,858.639,837.172,0
33591,NOAA 19,48,2.848329244444445,14.13357202,0.0014855,98.9988,192.0139,97.6618,262.6242,0.00016141,2.58e-06,0.0,7226.043,101.885,858.642,837.174,0
33591,NOAA 19,48,2.330135048888889,14.13357324,0.0014847,98.9988,192.3699,96.7469,263.5393,0.0001493,2.35e-06,0.0,7226.043,101.885,858.636,837.179,0
33591,NOAA 19,24,2.215842391111112,14.13358254,0.001485,98.9987,193.7227,93.24,267.0471,0.00015299,2.42e-06,0.0,7226.04,101.885,858.635,837.174,0
33591,NOAA 19,12,4.827799813333333,14.13358531,0.001486,98.9987,194.4347,91.3928,268.8946,0.0001449,2.27e-06,0.0,7226.039,101.885,858.642,837.166,0
33591,NOAA 19,48,3.044721422222222,14.13357831,0.0014856,98.9988,193.0107,95.0784,265.2084,0.00015296,2.42e-06,0.0,7226.041,101.885,858.641,837.171,0
33591,NOAA 19,24,3.423346142222222,14.13358298,0.0014854,98.9987,194.0075,92.503,267.7843,0.00014249,2.23e-06,0.0,7226.039,101.885,858.638,837.171,0
33591,NOAA 19,24,10.828760115555555,14.13358289,0.0014851,98.9987,193.7939,93.0517,267.2355,0.00015222,2.41e-06,0.0,7226.039,101.885,858.636,837.173,0
33591,NOAA 19,24,2.7576601066666666,14.13358518,0.0014856,98.9987,194.3635,91.583,268.7044,0.00014715,2.31e-06,0.0,7226.039,101.885,858.639,837.169,0
33591,NOAA 19,48,2.7106979733333336,14.13357997,0.0014852,98.9988,193.3667,94.1645,266.1224,0.00014886,2.34e-06,0.0,7226.04,101.885,858.638,837.173,0
33591,NOAA 19,24,4.827799813333333,14.13358531,0.001486,98.9987,194.4347,91.3928,268.8946,0.0001449,2.27e-06,0.0,7226.039,101.885,858.642,837.166,0
33591,NOAA 19,48,2.215842391111112,14.13358254,0.001485,98.9987,193.7227,93.24,267.0471,0.00015299,2.42e-06,0.0,7226.04,101.885,858.635,837.174,0
33591,NOAA 19,12,5.171161635555555,14.13359079,0.0014864,98.9986,195.4316,88.7322,271.5553,0.00015139,2.39e-06,0.0,7226.037,101.885,858.643,837.161,0
33591,NOAA 19,48,2.7576601066666666,14.13358518,0.0014856,98.9987,194.3635,91.583,268.7044,0.00014715,2.31e-06,0.0,7226.039,101.885,858.639,837.169,0
33591,NOAA 19,24,2.8131167911111112,14.13359255,0.001486,98.9985,195.7164,87.9825,272.3049,0.00015427,2.45e-06,0.0,7226.036,101.885,858.639,837.163,0
33591,NOAA 19,48,2.5997523288888886,14.13358837,0.0014863,98.9986,194.7195,90.6319,269.6556,0.00015725,2.5e-06,0.0,7226.038,101.885,858.643,837.163,0
33591,NOAA 19,24,3.846739573333333,14.13359407,0.0014858,98.9985,196.0012,87.2468,273.0404,0.00015429,2.45e-06,0.0,7226.036,101.885,858.637,837.164,0
33591,NOAA 19,12,3.036216915555556,14.13359803,0.001484,98.9984,196.7132,85.3813,274.9053,0.00015186,2.4e-06,0.0,7226.034,101.885,858.623,837.176,0
33591,NOAA 19,24,7.873967751111111,14.13359481,0.0014854,98.9985,196.1436,86.8776,273.4095,0.00015254,2.41e-06,0.0,7226.035,101.885,858.634,837.167,0
33591,NOAA 19,24,1.6523129955555556,14.13359529,0.0014846,98.9985,196.4284,86.1242,274.1627,0.00014502,2.27e-06,0.0,7226.035,101.885,858.628,837.172,0
33591,NOAA 19,48,2.8131167911111112,14.13359255,0.001486,98.9985,195.7164,87.9825,272.3049,0.00015427,2.45e-06,0.0,7226.036,101.885,858.639,837.163,0
33591,NOAA 19,48,7.873967751111111,14.13359481,0.0014854,98.9985,196.1436,86.8776,273.4095,0.00015254,2.41e-06,0.0,7226.035,101.885,858.634,837.167,0
33591,NOAA 19,6,4.325243333333334,14.13360952,0.0014783,98.9983,198.9916,79.4178,280.8658,0.00014302,2.24e-06,0.0,7226.03,101.885,858.578,837.213,0
33591,NOAA 19,24,1.9132580266666663,14.13360568,0.0014791,98.9983,198.422,80.9117,279.3728,0.00013764,2.13e-06,0.0,7226.032,101.885,858.585,837.209,0
33591,NOAA 19,24,3.2838334133333333,14.13360767,0.0014786,98.9983,198.7068,80.165,280.1191,0.00014144,2.21e-06,0.0,7226.031,101.885,858.58,837.212,0
33591,NOAA 19,24,5.196498231111111,14.13360939,0.0014781,98.9983,199.0628,79.2366,281.0469,0.00013848,2.15e-06,0.0,7226.03,101.885,858.576,837.215,0
33591,NOAA 19,48,3.2838334133333333,14.13360767,0.0014786,98.9983,198.7068,80.165,280.1191,0.00014144,2.21e-06,0.0,7226.031,101.885,858.58,837.212,0
33591,NOAA 19,24,3.4977987911111112,14.13361319,0.0014761,98.9982,199.7035,77.5569,282.7253,0.00013478,2.08e-06,0.0,7226.029,101.885,858.56,837.228,0
33591,NOAA 19,48,5.196498231111111,14.13360939,0.0014781,98.9983,199.0628,79.2366,281.0469,0.00013848,2.15e-06,0.0,7226.03,101.885,858.576,837.215,0
33591,NOAA 19,12,2.012751368888889,14.13361937,0.0014745,98.9982,200.7715,74.7677,285.5124,0.00013477,2.08e-06,0.0,7226.027,101.885,858.547,837.237,0
33591,NOAA 19,24,2.1767484177777776,14.13361738,0.001475,98.9982,200.4155,75.6965,284.5843,0.00013556,2.1e-06,0.0,7226.028,101.885,858.551,837.234,0
33591,NOAA 19,48,2.1269432266666666,14.13361174,0.0014767,98.9982,199.4187,78.2978,281.985,0.00014014,2.18e-06,0.0,7226.03,101.885,858.565,837.224,0
33591,NOAA 19,48,3.4977987911111112,14.13361319,0.0014761,98.9982,199.7035,77.5569,282.7253,0.00013478,2.08e-06,0.0,7226.029,101.885,858.56,837.228,0
33591,NOAA 19,24,2.012751368888889,14.13361937,0.0014745,98.9982,200.7715,74.7677,285.5124,0.00013477,2.08e-06,0.0,7226.027,101.885,858.547,837.237,0
33591,NOAA 19,48,7.767810266666666,14.13361398,0.0014757,98.9982,199.8459,77.1879,283.0941,0.00013475,2.08e-06,0.0,7226.029,101.885,858.557,837.23,0
33591,NOAA 19,24,7.542500862222222,14.13362124,0.0014747,98.9981,201.0563,74.04,286.2395,0.00013678,2.12e-06,0.0,7226.026,101.885,858.548,837.235,0
33591,NOAA 19,48,2.1767484177777776,14.13361738,0.001475,98.9982,200.4155,75.6965,284.5843,0.00013556,2.1e-06,0.0,7226.028,101.885,858.551,837.234,0
33591,NOAA 19,6,6.963304773333333,14.13362959,0.0014743,98.9981,202.1242,71.2594,289.0176,0.00015878,2.53e-06,0.0,7226.024,101.885,858.542,837.235,0
33591,NOAA 19,12,4.975705013333333,14.13363146,0.0014736,98.9981,202.4802,70.3171,289.959,0.00016099,2.57e-06,0.0,7226.023,101.885,858.536,837.24,0
33591,NOAA 19,24,3.429824773333333,14.13362914,0.0014744,98.9981,202.053,71.4458,288.8315,0.00015878,2.53e-06,0.0,7226.024,101.885,858.543,837.235,0
33591,NOAA 19,12,2.2729571466666667,14.13363251,0.0014732,98.9981,202.7649,69.5712,290.704,0.00015908,2.54e-06,0.0,7226.023,101.885,858.533,837.242,0
33591,NOAA 19,24,2.767780328888889,14.13363099,0.0014737,98.9981,202.4089,70.5027,289.7736,0.00015944,2.54e-06,0.0,7226.023,101.885,858.537,837.239,0
33591,NOAA 19,48,2.559341226666666,14.13362306,0.0014739,98.9981,201.4122,73.0949,287.1838,0.0001353,2.09e-06,0.0,7226.026,101.885,858.541,837.24,0
33591,NOAA 19,24,4.975705013333333,14.13363146,0.0014736,98.9981,202.4802,70.3171,289.959,0.00016099,2.57e-06,0.0,7226.023,101.885,858.536,837.24,0
33591,NOAA 19,12,3.646323511111111,14.13363359,0.0014733,98.9981,203.0498,68.8252,291.4493,0.00015435,2.45e-06,0.0,7226.022,101.885,858.533,837.241,0
33591,NOAA 19,48,3.429824773333333,14.13362914,0.0014744,98.9981,202.053,71.4458,288.8315,0.00015878,2.53e-06,0.0,7226.024,101.885,858.543,837.235,0
33591,NOAA 19,12,5.1829801955555554,14.13363564,0.0014706,98.998,204.1178,66.0292,294.2418,0.00012768,1.95e-06,0.0,7226.021,101.885,858.513,837.26,0
33591,NOAA 19,24,2.321408008888889,14.13363506,0.0014712,98.998,203.7618,66.965,293.3072,0.00013832,2.15e-06,0.0,7226.022,101.885,858.518,837.256,0
33591,NOAA 19,48,2.2729571466666667,14.13363251,0.0014732,98.9981,202.7649,69.5712,290.704,0.00015908,2.54e-06,0.0,7226.023,101.885,858.533,837.242,0
33591,NOAA 19,24,5.1829801955555554,14.13363564,0.0014706,98.998,204.1178,66.0292,294.2418,0.00012768,1.95e-06,0.0,7226.021,101.885,858.513,837.26,0
33591,NOAA 19,6,5.863112604444445,14.13364032,0.0014665,98.998,205.1145,63.3725,296.8947,0.0001257,1.91e-06,0.0,7226.02,101.885,858.482,837.288,0
33591,NOAA 19,48,7.414559484444444,14.13363414,0.0014725,98.998,203.4058,67.9074,292.3659,0.00014528,2.28e-06,0.0,7226.022,101.885,858.527,837.247,0
33591,NOAA 19,12,5.863112604444445,14.13364032,0.0014665,98.998,205.1145,63.3725,296.8947,0.0001257,1.91e-06,0.0,7226.02,101.885,858.482,837.288,0
33591,NOAA 19,6,5.076485448888889,14.13364144,0.0014649,98.9979,205.3993,62.6098,297.6562,0.000122,1.84e-06,0.0,7226.019,101.885,858.47,837.299,0
33591,NOAA 19,48,2.321408008888889,14.13363506,0.0014712,98.998,203.7618,66.965,293.3072,0.00013832,2.15e-06,0.0,7226.022,101.885,858.518,837.256,0
33591,NOAA 19,24,2.866813635555556,14.13363934,0.0014677,98.998,204.7586,64.3014,295.9672,0.00013583,2.1e-06,0.0,7226.02,101.885,858.491,837.28,0
33591,NOAA 19,48,1.3320535822222224,14.13363755,0.0014692,98.998,204.4738,65.0662,295.2035,0.00013122,2.01e-06,0.0,7226.021,101.885,858.502,837.269,0
33591,NOAA 19,48,2.866813635555556,14.13363934,0.0014677,98.998,204.7586,64.3014,295.9672,0.00013583,2.1e-06,0.0,7226.02,101.885,858.491,837.28,0
33591,NOAA 19,24,3.0808416533333336,14.13364324,0.0014629,98.9979,205.7553,61.6663,298.5983,0.00012234,1.85e-06,0.0,7226.019,101.885,858.455,837.313,0
33591,NOAA 19,24,2.252698337777778,14.13364448,0.0014624,98.9979,206.1113,60.7189,299.5443,0.00011589,1.73e-06,0.0,7226.018,101.885,858.451,837.316,0
33591,NOAA 19,48,3.904352906666667,14.13364001,0.0014667,98.998,205.0433,63.5578,296.7096,0.00012693,1.93e-06,0.0,7226.02,101.885,858.483,837.287,0
33591,NOAA 19,48,2.252698337777778,14.13364448,0.0014624,98.9979,206.1113,60.7189,299.5443,0.00011589,1.73e-06,0.0,7226.018,101.885,858.451,837.316,0
33591,NOAA 19,24,2.637846826666667,14.13364981,0.0014582,98.9978,207.108,58.05,302.2088,0.00011552,1.72e-06,0.0,7226.017,101.885,858.419,837.345,0
33591,NOAA 19,24,3.3993857422222225,14.1336503,0.0014578,98.9978,207.1792,57.8602,302.3982,0.00011609,1.73e-06,0.0,7226.016,101.885,858.416,837.347,0
33591,NOAA 19,48,3.2300701066666666,14.13364484,0.001462,98.9979,206.1825,60.5327,299.7301,0.00011458,1.7e-06,0.0,7226.018,101.885,858.448,837.319,0
33591,NOAA 19,24,2.1383199022222223,14.13365126,0.0014568,98.9978,207.4639,57.0898,303.1673,0.00011285,1.67e-06,0.0,7226.016,101.885,858.408,837.354,0
33591,NOAA 19,48,2.0912224088888887,14.13364602,0.0014607,98.9978,206.4672,59.7475,300.5141,0.00011243,1.66e-06,0.0,7226.018,101.885,858.438,837.328,0
33591,NOAA 19,12,3.016062631111111,14.13365515,0.0014546,98.9978,208.1047,55.4057,304.8485,0.00011711,1.75e-06,0.0,7226.015,101.884,858.391,837.369,0
33591,NOAA 19,24,3.341976764444444,14.1336529,0.0014555,98.9978,207.7487,56.3319,303.9238,0.00011207,1.65e-06,0.0,7226.016,101.884,858.398,837.363,0
33591,NOAA 19,48,3.2945983733333333,14.13364889,0.0014595,98.9978,206.752,58.9861,301.2742,0.00012574,1.91e-06,0.0,7226.017,101.885,858.428,837.336,0
33591,NOAA 19,48,2.637846826666667,14.13364981,0.0014582,98.9978,207.108,58.05,302.2088,0.00011552,1.72e-06,0.0,7226.017,101.885,858.419,837.345,0
33591,NOAA 19,6,3.227064373333333,14.13366044,0.0014504,98.9978,209.1014,52.7734,307.4759,0.00012067,1.82e-06,0.0,7226.013,101.884,858.359,837.397,0
33591,NOAA 19,48,2.1383199022222223,14.13365126,0.0014568,98.9978,207.4639,57.0898,303.1673,0.00011285,1.67e-06,0.0,7226.016,101.885,858.408,837.354,0
33591,NOAA 19,48,3.341976764444444,14.1336529,0.0014555,98.9978,207.7487,56.3319,303.9238,0.00011207,1.65e-06,0.0,7226.016,101.884,858.398,837.363,0
33591,NOAA 19,24,2.023127093333333,14.13365916,0.0014511,98.9978,208.8166,53.5165,306.7342,0.00011986,1.8e-06,0.0,7226.013,101.884,858.364,837.393,0
33591,NOAA 19,12,4.428806746666667,14.13366258,0.0014488,98.9978,209.5286,51.6292,308.6179,0.00012416,1.88e-06,0.0,7226.012,101.884,858.346,837.408,0
33591,NOAA 19,48,3.948990915555556,14.13365567,0.0014546,98.9978,208.1759,55.2265,305.0274,0.00011885,1.78e-06,0.0,7226.015,101.884,858.391,837.369,0
33591,NOAA 19,24,4.428806746666667,14.13366258,0.0014488,98.9978,209.5286,51.6292,308.6179,0.00012416,1.88e-06,0.0,7226.012,101.884,858.346,837.408,0
33591,NOAA 19,12,3.2744638844444443,14.13366525,0.0014468,98.9978,210.0982,50.1366,310.1076,0.0001231,1.86e-06,0.0,7226.011,101.884,858.331,837.422,0
33591,NOAA 19,6,2.8457635022222223,14.13367539,0.0014391,98.9977,212.5189,43.6678,316.563,0.00012818,1.96e-06,0.0,7226.008,101.884,858.272,837.474,0
33591,NOAA 19,12,2.2171473422222223,14.13367935,0.0014361,98.9977,213.1597,41.9496,318.2774,0.00013738,2.13e-06,0.0,7226.007,101.884,858.249,837.494,0
33591,NOAA 19,24,2.878600471111111,14.13367754,0.0014379,98.9977,212.8037,42.8907,317.3384,0.00013647,2.11e-06,0.0,7226.007,101.884,858.262,837.482,0
33591,NOAA 19,12,3.092701688888889,14.13368278,0.0014328,98.9977,213.8004,40.2209,320.0021,0.00013971,2.17e-06,0.0,7226.005,101.884,858.224,837.517,0
33591,NOAA 19,24,1.7218067644444444,14.13368094,0.0014344,98.9977,213.5157,40.9869,319.2378,0.00013813,2.14e-06,0.0,7226.006,101.884,858.236,837.506,0
33591,NOAA 19,48,2.878600471111111,14.13367754,0.0014379,98.9977,212.8037,42.8907,317.3384,0.00013647,2.11e-06,0.0,7226.007,101.884,858.262,837.482,0
33591,NOAA 19,24,3.092701688888889,14.13368278,0.0014328,98.9977,213.8004,40.2209,320.0021,0.00013971,2.17e-06,0.0,7226.005,101.884,858.224,837.517,0
33591,NOAA 19,48,2.2171473422222223,14.13367935,0.0014361,98.9977,213.1597,41.9496,318.2774,0.00013738,2.13e-06,0.0,7226.007,101.884,858.249,837.494,0
33591,NOAA 19,12,3.4770905244444443,14.13368806,0.0014284,98.9976,214.7971,37.5237,322.6929,0.00013341,2.05e-06,0.0,7226.004,101.884,858.19,837.547,0
33591,NOAA 19,24,1.983088755555556,14.1336913,0.0014248,98.9976,215.5091,35.5939,324.618,0.00012817,1.96e-06,0.0,7226.002,101.884,858.163,837.572,0
33591,NOAA 19,48,1.9392492355555555,14.13368616,0.0014295,98.9976,214.5124,38.2884,321.93,0.00013211,2.03e-06,0.0,7226.004,101.884,858.199,837.54,0
33591,NOAA 19,24,3.5198232533333336,14.1336929,0.001423,98.9976,215.7938,34.8188,325.3912,0.00012521,1.9e-06,0.0,7226.002,101.884,858.15,837.584,0
33591,NOAA 19,12,4.445152097777778,14.13369735,0.0014189,98.9976,216.577,32.7081,327.4967,0.00012772,1.95e-06,0.0,7226.0,101.884,858.118,837.612,1
33591,NOAA 19,24,3.0253248888888886,14.13369478,0.0014213,98.9976,216.1498,33.87,326.3376,0.00012562,1.91e-06,0.0,7226.001,101.884,858.137,837.596,1
33591,NOAA 19,24,3.764092026666667,14.13369522,0.001421,98.9976,216.221,33.6776,326.5296,0.00012492,1.89e-06,0.0,7226.001,101.884,858.134,837.598,1
33591,NOAA 19,48,1.983088755555556,14.1336913,0.0014248,98.9976,215.5091,35.5939,324.618,0.00012817,1.96e-06,0.0,7226.002,101.884,858.163,837.572,0
33591,NOAA 19,24,2.530551146666667,14.13369702,0.0014192,98.9976,216.5058,32.8854,327.3198,0.00012867,1.96e-06,0.0,7226.001,101.884,858.121,837.61,0
33591,NOAA 19,24,4.445152097777778,14.13369735,0.0014189,98.9976,216.577,32.7081,327.4967,0.00012772,1.95e-06,0.0,7226.0,101.884,858.118,837.612,0
33591,NOAA 19,24,3.733677413333333,14.13369877,0.0014177,98.9976,216.7905,32.117,328.0863,0.00012892,1.97e-06,0.0,7226.0,101.884,858.109,837.621,0
33591,NOAA 19,48,3.5198232533333336,14.1336929,0.001423,98.9976,215.7938,34.8188,325.3912,0.00012521,1.9e-06,0.0,7226.002,101.884,858.15,837.584,0
33591,NOAA 19,48,2.530551146666667,14.13369702,0.0014192,98.9976,216.5058,32.8854,327.3198,0.00012867,1.96e-06,0.0,7226.001,101.884,858.121,837.61,0
33591,NOAA 19,48,3.733677413333333,14.13369877,0.0014177,98.9976,216.7905,32.117,328.0863,0.00012892,1.97e-06,0.0,7226.0,101.884,858.109,837.621,0
33591,NOAA 19,24,2.4199278222222222,14.13370791,0.0014129,98.9975,217.8584,29.2562,330.9398,0.00014995,2.36e-06,0.0,7225.997,101.884,858.071,837.652,0
33591,NOAA 19,24,3.286393182222222,14.13371,0.0014115,98.9975,218.1432,28.5027,331.6914,0.00015157,2.4e-06,0.0,7225.996,101.884,858.061,837.662,0
33591,NOAA 19,48,2.4199278222222222,14.13370791,0.0014129,98.9975,217.8584,29.2562,330.9398,0.00014995,2.36e-06,0.0,7225.997,101.884,858.071,837.652,0
33591,NOAA 19,48,3.286393182222222,14.13371,0.0014115,98.9975,218.1432,28.5027,331.6914,0.00015157,2.4e-06,0.0,7225.996,101.884,858.061,837.662,0
33591,NOAA 19,24,3.666108275555556,14.13371525,0.0014074,98.9974,219.1399,25.808,334.3791,0.00014972,2.36e-06,0.0,7225.994,101.884,858.029,837.689,0
33591,NOAA 19,12,5.748446799999999,14.13371703,0.0014025,98.9973,220.0654,23.2451,336.9353,0.00012637,1.92e-06,0.0,7225.994,101.884,857.993,837.724,0
33591,NOAA 19,24,2.847691822222222,14.13371607,0.0014037,98.9973,219.8518,23.8247,336.3572,0.0001254,1.9e-06,0.0,7225.994,101.884,858.002,837.716,0
33591,NOAA 19,48,2.637141475555556,14.13371414,0.0014082,98.9974,218.8551,26.5716,333.6175,0.00015267,2.42e-06,0.0,7225.995,101.884,858.035,837.684,0
33591,NOAA 19,24,5.005710497777778,14.13371875,0.0014014,98.9973,220.2078,22.8499,337.3294,0.00013574,2.1e-06,0.0,7225.993,101.884,857.985,837.732,0
33591,NOAA 19,12,3.0660355466666664,14.13372208,0.0013983,98.9973,220.8484,21.0283,339.1462,0.00013507,2.09e-06,0.0,7225.992,101.884,857.961,837.753,0
33591,NOAA 19,6,2.4692574844444444,14.13372407,0.001395,98.9973,221.418,19.4586,340.7116,0.00012445,1.89e-06,0.0,7225.991,101.884,857.937,837.776,0
33591,NOAA 19,12,5.615444311111111,14.13372301,0.001396,98.9973,221.2044,20.0615,340.1102,0.00012584,1.91e-06,0.0,7225.992,101.884,857.944,837.769,0
33591,NOAA 19,6,2.604664008888889,14.13372597,0.0013922,98.9972,221.8451,18.2303,341.9365,0.00011805,1.77e-06,0.0,7225.991,101.884,857.916,837.796,0
33591,NOAA 19,12,2.16878776,14.13372512,0.001393,98.9972,221.7027,18.6388,341.5292,0.00011827,1.77e-06,0.0,7225.991,101.884,857.922,837.79,0
33591,NOAA 19,12,2.604664008888889,14.13372597,0.0013922,98.9972,221.8451,18.2303,341.9365,0.00011805,1.77e-06,0.0,7225.991,101.884,857.916,837.796,0
33591,NOAA 19,6,1.975303955555556,14.13372697,0.0013905,98.9973,222.1298,17.438,342.7266,0.00011497,1.71e-06,0.0,7225.99,101.884,857.903,837.808,0
33591,NOAA 19,24,3.0991407733333336,14.13372421,0.0013944,98.9973,221.4891,19.2502,340.9194,0.00012006,1.8e-06,0.0,7225.991,101.884,857.932,837.78,0
33591,NOAA 19,48,3.385516631111112,14.1337208,0.0014,98.9973,220.4925,22.0367,338.1404,0.00014048,2.19e-06,0.0,7225.992,101.884,857.974,837.741,0
33591,NOAA 19,24,5.602356195555556,14.13372438,0.0013939,98.9973,221.5603,19.042,341.127,0.00011836,1.77e-06,0.0,7225.991,101.884,857.929,837.784,0
33591,NOAA 19,24,2.604664008888889,14.13372597,0.0013922,98.9972,221.8451,18.2303,341.9365,0.00011805,1.77e-06,0.0,7225.991,101.884,857.916,837.796,0
33591,NOAA 19,24,2.276020097777778,14.13372758,0.0013898,98.9973,222.201,17.2351,342.929,0.00011594,1.73e-06,0.0,7225.99,101.884,857.898,837.812,0
33591,NOAA 19,48,5.615444311111111,14.13372301,0.001396,98.9973,221.2044,20.0615,340.1102,0.00012584,1.91e-06,0.0,7225.992,101.884,857.944,837.769,0
33591,NOAA 19,48,3.0991407733333336,14.13372421,0.0013944,98.9973,221.4891,19.2502,340.9194,0.00012006,1.8e-06,0.0,7225.991,101.884,857.932,837.78,0
33591,NOAA 19,24,5.093651004444445,14.1337295,0.0013875,98.9972,222.6281,16.0361,344.1247,0.00011128,1.64e-06,0.0,7225.989,101.884,857.881,837.828,0
33591,NOAA 19,48,2.604664008888889,14.13372597,0.0013922,98.9972,221.8451,18.2303,341.9365,0.00011805,1.77e-06,0.0,7225.991,101.884,857.916,837.796,0
33591,NOAA 19,12,4.718709795555556,14.13373362,0.0013838,98.9972,223.2688,14.2402,345.9157,0.00011739,1.75e-06,0.0,7225.988,101.884,857.852,837.854,0
33591,NOAA 19,24,3.156354986666667,14.1337306,0.0013865,98.9972,222.8417,15.424,344.7351,0.00011034,1.62e-06,0.0,7225.989,101.884,857.873,837.835,0
33591,NOAA 19,48,2.276020097777778,14.13372758,0.0013898,98.9973,222.201,17.2351,342.929,0.00011594,1.73e-06,0.0,7225.99,101.884,857.898,837.812,0
33591,NOAA 19,48,5.093651004444445,14.1337295,0.0013875,98.9972,222.6281,16.0361,344.1247,0.00011128,1.64e-06,0.0,7225.989,101.884,857.881,837.828,0
33591,NOAA 19,24,6.003128640000001,14.1337356,0.0013817,98.9972,223.6247,13.2342,346.919,0.0001179,1.76e-06,0.0,7225.987,101.884,857.837,837.868,0
33591,NOAA 19,48,2.870530204444444,14.13373913,0.001379,98.9972,224.1943,11.6916,348.4574,0.00012455,1.89e-06,0.0,7225.986,101.884,857.816,837.887,0
33591,NOAA 19,48,6.026641315555556,14.13373913,0.001379,98.9972,224.1943,11.6916,348.4574,0.00012455,1.89e-06,0.0,7225.986,101.884,857.816,837.887,0
33591,NOAA 19,48,5.606292622222222,14.13374002,0.0013779,98.9972,224.4078,11.0794,349.0679,0.00012025,1.81e-06,0.0,7225.986,101.884,857.808,837.894,0
33591,NOAA 19,12,5.601618586666667,14.13374672,0.0013691,98.9972,226.2587,6.0285,354.1049,9.9225e-05,1.41e-06,0.0,7225.984,101.884,857.742,837.956,0
33591,NOAA 19,12,4.500487875555556,14.13374822,0.001368,98.9972,226.6147,5.0192,355.1114,0.00010253,1.47e-06,0.0,7225.983,101.884,857.733,837.963,0
33591,NOAA 19,24,4.997405404444445,14.13374661,0.0013698,98.9972,226.1163,6.4213,353.7132,0.00010339,1.49e-06,0.0,7225.984,101.884,857.747,837.95,0
33591,NOAA 19,24,5.601618586666667,14.13374672,0.0013691,98.9972,226.2587,6.0285,354.1049,9.9225e-05,1.41e-06,0.0,7225.984,101.884,857.742,837.956,0
33591,NOAA 19,12,2.476973635555556,14.13374995,0.0013663,98.9972,226.8995,4.1938,355.9346,0.000107,1.56e-06,0.0,7225.983,101.884,857.72,837.975,0
33591,NOAA 19,24,2.63643648,14.13374801,0.0013683,98.9972,226.5435,5.2203,354.9109,0.00010271,1.48e-06,0.0,7225.983,101.884,857.735,837.961,0
33591,NOAA 19,24,4.500487875555556,14.13374822,0.001368,98.9972,226.6147,5.0192,355.1114,0.00010253,1.47e-06,0.0,7225.983,101.884,857.733,837.963,0
33591,NOAA 19,12,4.882217013333333,14.13375289,0.0013626,98.9971,227.6114,2.1633,357.9596,0.00011525,1.71e-06,0.0,7225.981,101.884,857.693,838.0,0
33591,NOAA 19,48,4.997405404444445,14.13374661,0.0013698,98.9972,226.1163,6.4213,353.7132,0.00010339,1.49e-06,0.0,7225.984,101.884,857.747,837.95,0
33591,NOAA 19,24,3.684292248888889,14.1337509,0.0013646,98.9972,227.1842,3.3962,356.73,0.00010786,1.57e-06,0.0,7225.982,101.884,857.708,837.987,0
33591,NOAA 19,48,2.63643648,14.13374801,0.0013683,98.9972,226.5435,5.2203,354.9109,0.00010271,1.48e-06,0.0,7225.983,101.884,857.735,837.961,0
33591,NOAA 19,48,4.500487875555556,14.13374822,0.001368,98.9972,226.6147,5.0192,355.1114,0.00010253,1.47e-06,0.0,7225.983,101.884,857.733,837.963,0
33591,NOAA 19,24,4.882217013333333,14.13375289,0.0013626,98.9971,227.6114,2.1633,357.9596,0.00011525,1.71e-06,0.0,7225.981,101.884,857.693,838.0,0
33591,NOAA 19,24,2.3573160444444445,14.13375564,0.0013613,98.9971,227.8961,1.3555,358.7651,0.00012931,1.98e-06,0.0,7225.981,101.884,857.682,838.009,0
33591,NOAA 19,12,5.524788604444445,14.13375869,0.0013572,98.9971,228.6081,359.3038,0.8112,0.00013019,1.99e-06,0.0,7225.98,101.884,857.652,838.037,0
33591,NOAA 19,24,3.397957991111111,14.13375842,0.0013575,98.9971,228.5369,359.5099,0.6058,0.00012988,1.99e-06,0.0,7225.98,101.884,857.654,838.035,0
33591,NOAA 19,48,4.882217013333333,14.13375289,0.0013626,98.9971,227.6114,2.1633,357.9596,0.00011525,1.71e-06,0.0,7225.981,101.884,857.693,838.0,0
33591,NOAA 19,24,5.524788604444445,14.13375869,0.0013572,98.9971,228.6081,359.3038,0.8112,0.00013019,1.99e-06,0.0,7225.98,101.884,857.652,838.037,0
33591,NOAA 19,48,2.3573160444444445,14.13375564,0.0013613,98.9971,227.8961,1.3555,358.7651,0.00012931,1.98e-06,0.0,7225.981,101.884,857.682,838.009,0
33591,NOAA 19,24,2.736000186666667,14.13375988,0.0013561,98.9971,228.8928,358.5003,1.6126,0.00012659,1.93e-06,0.0,7225.979,101.884,857.643,838.045,0
33591,NOAA 19,12,5.815710808888889,14.13376766,0.001352,98.997,229.6047,356.4537,3.6537,0.00015453,2.45e-06,0.0,7225.976,101.884,857.611,838.072,0
33591,NOAA 19,24,2.4118328800000004,14.13376692,0.0013536,98.9971,229.2488,357.4685,2.6416,0.00016534,2.65e-06,0.0,7225.977,101.884,857.623,838.061,0
33591,NOAA 19,48,2.36035752,14.13375711,0.0013589,98.9971,228.2521,0.3328,359.7851,0.00012959,1.98e-06,0.0,7225.98,101.884,857.664,838.026,0
33591,NOAA 19,48,3.397957991111111,14.13375842,0.0013575,98.9971,228.5369,359.5099,0.6058,0.00012988,1.99e-06,0.0,7225.98,101.884,857.654,838.035,0
33591,NOAA 19,48,2.736000186666667,14.13375988,0.0013561,98.9971,228.8928,358.5003,1.6126,0.00012659,1.93e-06,0.0,7225.979,101.884,857.643,838.045,0
33591,NOAA 19,12,5.619679448888888,14.13376828,0.0013468,98.997,230.6013,353.5851,6.5146,0.00011402,1.69e-06,0.0,7225.976,101.884,857.573,838.109,0
33591,NOAA 19,24,3.3137413244444445,14.13376728,0.0013482,98.997,230.3165,354.4079,5.694,0.00011894,1.78e-06,0.0,7225.977,101.884,857.584,838.1,0
33591,NOAA 19,48,3.2836646933333333,14.13376736,0.0013531,98.9971,229.3199,357.2632,2.8464,0.00016481,2.64e-06,0.0,7225.977,101.884,857.619,838.064,0
33591,NOAA 19,24,5.619679448888888,14.13376828,0.0013468,98.997,230.6013,353.5851,6.5146,0.00011402,1.69e-06,0.0,7225.976,101.884,857.573,838.109,0
33591,NOAA 19,24,3.163950906666667,14.13376929,0.0013451,98.997,230.886,352.7532,7.3443,0.00010834,1.58e-06,0.0,7225.976,101.884,857.561,838.121,0
33591,NOAA 19,12,6.178663208888889,14.1337732,0.0013415,98.997,231.5978,350.7212,9.371,0.00010991,1.61e-06,0.0,7225.975,101.884,857.533,838.146,0
33591,NOAA 19,24,2.8358896711111115,14.13377088,0.0013429,98.997,231.2419,351.731,8.3639,0.00010631,1.54e-06,0.0,7225.975,101.884,857.544,838.137,0
33591,NOAA 19,48,3.3137413244444445,14.13376728,0.0013482,98.997,230.3165,354.4079,5.694,0.00011894,1.78e-06,0.0,7225.977,101.884,857.584,838.1,0
33591,NOAA 19,24,3.728833075555555,14.13377128,0.0013423,98.997,231.3131,351.5103,8.5839,0.00010577,1.53e-06,0.0,7225.975,101.884,857.54,838.141,0
33591,NOAA 19,48,3.163950906666667,14.13376929,0.0013451,98.997,230.886,352.7532,7.3443,0.00010834,1.58e-06,0.0,7225.976,101.884,857.561,838.121,0
33591,NOAA 19,24,3.3784933422222223,14.1337746,0.0013401,98.997,231.8826,349.892,10.198,0.00010846,1.58e-06,0.0,7225.974,101.884,857.523,838.156,0
33591,NOAA 19,12,4.256434746666667,14.13377945,0.0013343,98.9969,232.6656,347.6227,12.4616,0.00012233,1.84e-06,0.0,7225.972,101.884,857.479,838.196,0
33591,NOAA 19,24,3.0498799111111112,14.13377658,0.0013372,98.997,232.2385,348.8634,11.224,0.00011054,1.62e-06,0.0,7225.973,101.884,857.501,838.176,0
33591,NOAA 19,48,2.8358896711111115,14.13377088,0.0013429,98.997,231.2419,351.731,8.3639,0.00010631,1.54e-06,0.0,7225.975,101.884,857.544,838.137,0
33591,NOAA 19,24,2.22126792,14.13377896,0.0013353,98.9969,232.5944,347.816,12.2687,0.00012091,1.82e-06,0.0,7225.973,101.884,857.486,838.189,0
33591,NOAA 19,24,4.256434746666667,14.13377945,0.0013343,98.9969,232.6656,347.6227,12.4616,0.00012233,1.84e-06,0.0,7225.972,101.884,857.479,838.196,0
33591,NOAA 19,48,6.178663208888889,14.1337732,0.0013415,98.997,231.5978,350.7212,9.371,0.00010991,1.61e-06,0.0,7225.975,101.884,857.533,838.146,0
33591,NOAA 19,12,3.264155368888889,14.13378236,0.0013305,98.9969,233.2351,346.0178,14.0624,0.00012246,1.85e-06,0.0,7225.971,101.884,857.451,838.222,0
33591,NOAA 19,48,3.3784933422222223,14.1337746,0.0013401,98.997,231.8826,349.892,10.198,0.00010846,1.58e-06,0.0,7225.974,101.884,857.523,838.156,0
33591,NOAA 19,48,3.0498799111111112,14.13377658,0.0013372,98.997,232.2385,348.8634,11.224,0.00011054,1.62e-06,0.0,7225.973,101.884,857.501,838.176,0
33591,NOAA 19,24,3.264155368888889,14.13378236,0.0013305,98.9969,233.2351,346.0178,14.0624,0.00012246,1.85e-06,0.0,7225.971,101.884,857.451,838.222,0
33591,NOAA 19,24,2.43526776,14.13378407,0.0013287,98.9969,233.591,344.9819,15.0956,0.00012121,1.82e-06,0.0,7225.971,101.884,857.437,838.235,0
33591,NOAA 19,48,2.22126792,14.13377896,0.0013353,98.9969,232.5944,347.816,12.2687,0.00012091,1.82e-06,0.0,7225.973,101.884,857.486,838.189,0
33591,NOAA 19,12,3.480102533333333,14.13378636,0.0013259,98.9969,234.2318,343.1865,16.8866,0.00011204,1.65e-06,0.0,7225.97,101.884,857.416,838.254,0
33591,NOAA 19,24,5.451544977777778,14.1337842,0.0013292,98.9969,233.6622,344.8066,15.2705,0.00011861,1.78e-06,0.0,7225.971,101.884,857.441,838.231,0
33591,NOAA 19,24,2.273323635555556,14.13378564,0.0013275,98.9969,233.947,343.9881,16.0869,0.00011798,1.76e-06,0.0,7225.97,101.884,857.428,838.243,0
33591,NOAA 19,12,2.4873323555555555,14.13378989,0.0013234,98.9969,234.9437,341.0937,18.9742,0.00011525,1.71e-06,0.0,7225.969,101.884,857.397,838.271,0
33591,NOAA 19,48,2.43526776,14.13378407,0.0013287,98.9969,233.591,344.9819,15.0956,0.00012121,1.82e-06,0.0,7225.971,101.884,857.437,838.235,0
33591,NOAA 19,24,2.4873323555555555,14.13378989,0.0013234,98.9969,234.9437,341.0937,18.9742,0.00011525,1.71e-06,0.0,7225.969,101.884,857.397,838.271,0
33591,NOAA 19,48,2.273323635555556,14.13378564,0.0013275,98.9969,233.947,343.9881,16.0869,0.00011798,1.76e-06,0.0,7225.97,101.884,857.428,838.243,0
33591,NOAA 19,12,4.9392856,14.13379195,0.00132,98.9968,235.6556,339.0507,21.0122,0.00011247,1.66e-06,0.0,7225.968,101.883,857.371,838.295,0
33591,NOAA 19,24,3.35827864,14.13378996,0.0013217,98.9969,235.2285,340.2994,19.7666,0.00010667,1.55e-06,0.0,7225.969,101.884,857.384,838.283,0
33591,NOAA 19,48,4.321380711111111,14.13378669,0.0013256,98.9969,234.303,342.9796,17.093,0.0001114,1.64e-06,0.0,7225.97,101.884,857.414,838.256,0
33591,NOAA 19,24,2.867173608888889,14.1337918,0.0013203,98.9968,235.5844,339.2493,20.8141,0.00011362,1.68e-06,0.0,7225.968,101.883,857.374,838.293,0
33591,NOAA 19,48,2.8159400266666665,14.13378825,0.0013245,98.9969,234.5877,342.1359,17.9345,0.0001154,1.71e-06,0.0,7225.969,101.884,857.405,838.264,0
33591,NOAA 19,24,4.9392856,14.13379195,0.00132,98.9968,235.6556,339.0507,21.0122,0.00011247,1.66e-06,0.0,7225.968,101.883,857.371,838.295,0
33591,NOAA 19,12,3.575073777777778,14.13379414,0.0013174,98.9968,236.2251,337.3645,22.6944,0.00011111,1.63e-06,0.0,7225.967,101.883,857.352,838.313,0
33591,NOAA 19,12,5.313574657777778,14.13379402,0.0013169,98.9968,236.2963,337.1397,22.9187,0.00010727,1.56e-06,0.0,7225.967,101.883,857.348,838.317,0
33591,NOAA 19,48,3.35827864,14.13378996,0.0013217,98.9969,235.2285,340.2994,19.7666,0.00010667,1.55e-06,0.0,7225.969,101.884,857.384,838.283,0
33591,NOAA 19,24,3.575073777777778,14.13379414,0.0013174,98.9968,236.2251,337.3645,22.6944,0.00011111,1.63e-06,0.0,7225.967,101.883,857.352,838.313,0
33591,NOAA 19,24,5.313574657777778,14.13379402,0.0013169,98.9968,236.2963,337.1397,22.9187,0.00010727,1.56e-06,0.0,7225.967,101.883,857.348,838.317,0
33591,NOAA 19,48,2.867173608888889,14.1337918,0.0013203,98.9968,235.5844,339.2493,20.8141,0.00011362,1.68e-06,0.0,7225.968,101.883,857.374,838.293,0
33591,NOAA 19,24,3.243969226666666,14.13379474,0.0013158,98.9968,236.5811,336.2825,23.7739,0.00010363,1.49e-06,0.0,7225.967,101.883,857.34,838.324,0
33591,NOAA 19,12,4.298039742222223,14.13379703,0.0013132,98.9968,237.3642,333.9843,26.0668,9.4582e-05,1.32e-06,0.0,7225.966,101.883,857.321,838.342,0
33591,NOAA 19,48,3.575073777777778,14.13379414,0.0013174,98.9968,236.2251,337.3645,22.6944,0.00011111,1.63e-06,0.0,7225.967,101.883,857.352,838.313,0
33591,NOAA 19,12,2.6346747733333333,14.13380075,0.0013092,98.9968,238.2895,331.276,28.769,9.6323e-05,1.36e-06,0.0,7225.965,101.883,857.29,838.37,0
33591,NOAA 19,48,5.827192328888889,14.13379457,0.0013158,98.9968,236.6523,336.0853,23.9706,9.8575e-05,1.4e-06,0.0,7225.967,101.883,857.34,838.324,0
33591,NOAA 19,24,2.6346747733333333,14.13380075,0.0013092,98.9968,238.2895,331.276,28.769,9.6323e-05,1.36e-06,0.0,7225.965,101.883,857.29,838.37,0
33591,NOAA 19,48,4.122425671111111,14.13379669,0.0013136,98.9968,237.2218,334.4231,25.6289,9.8603e-05,1.4e-06,0.0,7225.967,101.883,857.324,838.34,0
33591,NOAA 19,48,4.298039742222223,14.13379703,0.0013132,98.9968,237.3642,333.9843,26.0668,9.4582e-05,1.32e-06,0.0,7225.966,101.883,857.321,838.342,0
33591,NOAA 19,48,9.463158213333331,14.13379838,0.0013121,98.9968,237.6489,333.1684,26.8808,9.9746e-05,1.42e-06,0.0,7225.966,101.883,857.312,838.35,0
33591,NOAA 19,48,2.796054702222222,14.13379964,0.0013108,98.9968,237.9336,332.3109,27.7364,9.8799e-05,1.4e-06,0.0,7225.966,101.883,857.302,838.359,0
33591,NOAA 19,48,2.6346747733333333,14.13380075,0.0013092,98.9968,238.2895,331.276,28.769,9.6323e-05,1.36e-06,0.0,7225.965,101.883,857.29,838.37,0
33591,NOAA 19,24,3.015927075555555,14.13380517,0.0013046,98.9968,239.2861,328.3273,31.7113,0.00010117,1.45e-06,0.0,7225.964,101.883,857.256,838.402,0
33591,NOAA 19,48,3.3859546311111117,14.13380114,0.0013089,98.9968,238.3607,331.0594,28.9851,9.6866e-05,1.37e-06,0.0,7225.965,101.883,857.288,838.372,0
33591,NOAA 19,24,3.71938104,14.13380622,0.0013035,98.9968,239.5708,327.4841,32.5527,9.9024e-05,1.41e-06,0.0,7225.963,101.883,857.247,838.409,0
33591,NOAA 19,48,3.508960631111111,14.13380173,0.0013084,98.9968,238.5742,330.4179,29.6251,9.4235e-05,1.32e-06,0.0,7225.965,101.883,857.284,838.375,0
33591,NOAA 19,12,4.143202897777778,14.13381138,0.0012983,98.9968,240.7098,324.065,35.9648,0.00010398,1.5e-06,0.0,7225.962,101.883,857.208,838.445,0
33591,NOAA 19,24,5.673851804444444,14.1338096,0.0013003,98.9968,240.2827,325.3383,34.694,0.0001022,1.47e-06,0.0,7225.962,101.883,857.223,838.431,0
33591,NOAA 19,24,4.143202897777778,14.13381138,0.0012983,98.9968,240.7098,324.065,35.9648,0.00010398,1.5e-06,0.0,7225.962,101.883,857.208,838.445,0
33591,NOAA 19,48,6.033439155555556,14.13380643,0.0013031,98.9968,239.642,327.2721,32.7643,9.869e-05,1.4e-06,0.0,7225.963,101.883,857.244,838.412,0
33591,NOAA 19,12,3.2765047555555555,14.13381348,0.0012956,98.9968,241.2792,322.378,37.6485,0.00010322,1.49e-06,0.0,7225.961,101.883,857.188,838.464,0
33591,NOAA 19,12,4.970008035555556,14.13381391,0.0012952,98.9968,241.3504,322.1657,37.8604,0.00010421,1.5e-06,0.0,7225.961,101.883,857.185,838.467,0
33591,NOAA 19,24,4.970008035555556,14.13381391,0.0012952,98.9968,241.3504,322.1657,37.8604,0.00010421,1.5e-06,0.0,7225.961,101.883,857.185,838.467,0
33591,NOAA 19,12,5.184532435555556,14.13381635,0.0012934,98.9968,241.8487,320.692,39.3312,0.00011041,1.62e-06,0.0,7225.96,101.883,857.171,838.479,0
33591,NOAA 19,48,4.143202897777778,14.13381138,0.0012983,98.9968,240.7098,324.065,35.9648,0.00010398,1.5e-06,0.0,7225.962,101.883,857.208,838.445,0
33591,NOAA 19,12,3.161662986666667,14.13381747,0.0012915,98.9967,242.2758,319.4545,40.5664,0.0001061,1.54e-06,0.0,7225.959,101.883,857.157,838.492,0
33591,NOAA 19,24,3.217140266666666,14.13381605,0.0012936,98.9968,241.7775,320.9017,39.1219,0.00011081,1.63e-06,0.0,7225.96,101.883,857.172,838.477,0
33591,NOAA 19,24,5.141692542222223,14.13381593,0.0012939,98.9968,241.7064,321.1066,38.9174,0.00011294,1.67e-06,0.0,7225.96,101.883,857.175,838.475,0
33591,NOAA 19,24,5.184532435555556,14.13381635,0.0012934,98.9968,241.8487,320.692,39.3312,0.00011041,1.62e-06,0.0,7225.96,101.883,857.171,838.479,0
33591,NOAA 19,48,3.6064900355555554,14.13381248,0.0012976,98.9968,240.9233,323.4252,36.6032,0.00010487,1.52e-06,0.0,7225.961,101.883,857.203,838.45,0
33591,NOAA 19,12,5.749055635555556,14.1338179,0.0012911,98.9967,242.347,319.2448,40.7757,0.00010807,1.58e-06,0.0,7225.959,101.883,857.154,838.495,0
33591,NOAA 19,24,3.161662986666667,14.13381747,0.0012915,98.9967,242.2758,319.4545,40.5664,0.0001061,1.54e-06,0.0,7225.959,101.883,857.157,838.492,0
33591,NOAA 19,48,3.2765047555555555,14.13381348,0.0012956,98.9968,241.2792,322.378,37.6485,0.00010322,1.49e-06,0.0,7225.961,101.883,857.188,838.464,0
33591,NOAA 19,24,2.996404248888889,14.13381872,0.0012903,98.9967,242.6318,318.3797,41.6392,0.00010633,1.54e-06,0.0,7225.959,101.883,857.148,838.5,0
33591,NOAA 19,48,3.217140266666666,14.13381605,0.0012936,98.9968,241.7775,320.9017,39.1219,0.00011081,1.63e-06,0.0,7225.96,101.883,857.172,838.477,0
33591,NOAA 19,12,3.707383493333333,14.13382127,0.001288,98.9967,243.2725,316.4938,43.5217,0.00011001,1.61e-06,0.0,7225.958,101.883,857.13,838.516,0
33591,NOAA 19,48,5.141692542222223,14.13381593,0.0012939,98.9968,241.7064,321.1066,38.9174,0.00011294,1.67e-06,0.0,7225.96,101.883,857.175,838.475,0
33591,NOAA 19,24,5.375741102222222,14.13381894,0.00129,98.9967,242.703,318.1714,41.8471,0.00010621,1.54e-06,0.0,7225.959,101.883,857.145,838.503,0
33591,NOAA 19,12,3.3227245866666664,14.1338218,0.0012871,98.9967,243.4149,316.073,43.9418,0.00011037,1.62e-06,0.0,7225.958,101.883,857.124,838.522,0
33591,NOAA 19,48,5.184532435555556,14.13381635,0.0012934,98.9968,241.8487,320.692,39.3312,0.00011041,1.62e-06,0.0,7225.96,101.883,857.171,838.479,0
33591,NOAA 19,48,3.161662986666667,14.13381747,0.0012915,98.9967,242.2758,319.4545,40.5664,0.0001061,1.54e-06,0.0,7225.959,101.883,857.157,838.492,0
33591,NOAA 19,24,3.707383493333333,14.13382127,0.001288,98.9967,243.2725,316.4938,43.5217,0.00011001,1.61e-06,0.0,7225.958,101.883,857.13,838.516,0
33591,NOAA 19,48,2.996404248888889,14.13381872,0.0012903,98.9967,242.6318,318.3797,41.6392,0.00010633,1.54e-06,0.0,7225.959,101.883,857.148,838.5,0
33591,NOAA 19,24,2.7146464355555557,14.13382343,0.0012859,98.9966,243.9844,314.3569,45.6549,0.00010625,1.54e-06,0.0,7225.957,101.883,857.114,838.531,0
33591,NOAA 19,12,2.434287831111111,14.13382732,0.0012832,98.9966,245.3369,310.219,49.7858,8.9564e-05,1.23e-06,0.0,7225.956,101.883,857.093,838.549,0
33591,NOAA 19,48,6.09007416,14.13382243,0.0012866,98.9967,243.6997,315.2232,44.79,0.00010849,1.58e-06,0.0,7225.958,101.883,857.12,838.526,0
33591,NOAA 19,48,2.7146464355555557,14.13382343,0.0012859,98.9966,243.9844,314.3569,45.6549,0.00010625,1.54e-06,0.0,7225.957,101.883,857.114,838.531,0
33591,NOAA 19,24,2.928987173333333,14.13382652,0.0012845,98.9966,244.9809,311.2963,48.7102,9.6802e-05,1.36e-06,0.0,7225.956,101.883,857.103,838.54,0
33591,NOAA 19,24,2.434287831111111,14.13382732,0.0012832,98.9966,245.3369,310.219,49.7858,8.9564e-05,1.23e-06,0.0,7225.956,101.883,857.093,838.549,0
33591,NOAA 19,24,3.63969632,14.1338284,0.0012827,98.9965,245.6216,309.3308,50.6727,8.6744e-05,1.18e-06,0.0,7225.956,101.883,857.089,838.552,0
33591,NOAA 19,48,1.7285794044444445,14.13382534,0.0012846,98.9966,244.6962,312.1729,47.8351,9.9442e-05,1.41e-06,0.0,7225.957,101.883,857.104,838.539,0
33591,NOAA 19,48,2.928987173333333,14.13382652,0.0012845,98.9966,244.9809,311.2963,48.7102,9.6802e-05,1.36e-06,0.0,7225.956,101.883,857.103,838.54,0
33591,NOAA 19,24,4.844826791111111,14.13382945,0.001282,98.9965,245.9063,308.4606,51.5415,8.6146e-05,1.16e-06,0.0,7225.955,101.883,857.084,838.557,0
33591,NOAA 19,12,5.468939786666667,14.1338338,0.0012798,98.9965,246.6893,306.1123,53.8863,9.7801e-05,1.38e-06,0.0,7225.954,101.883,857.067,838.571,0
33591,NOAA 19,24,2.648357031111111,14.13383168,0.0012802,98.9965,246.3335,307.1843,52.8159,9.0206e-05,1.24e-06,0.0,7225.955,101.883,857.07,838.569,0
33591,NOAA 19,48,2.434287831111111,14.13382732,0.0012832,98.9966,245.3369,310.219,49.7858,8.9564e-05,1.23e-06,0.0,7225.956,101.883,857.093,838.549,0
33591,NOAA 19,24,5.193634808888889,14.13383168,0.0012802,98.9965,246.3335,307.1843,52.8159,9.0206e-05,1.24e-06,0.0,7225.955,101.883,857.07,838.569,0
33591,NOAA 19,48,3.462514773333333,14.13382763,0.0012831,98.9966,245.408,310.0023,50.0022,8.925e-05,1.22e-06,0.0,7225.956,101.883,857.093,838.549,0
33591,NOAA 19,12,4.424550222222223,14.1338384,0.0012777,98.9964,247.4012,303.9761,56.0196,0.00010918,1.6e-06,0.0,7225.952,101.883,857.05,838.585,0
33591,NOAA 19,12,5.573572222222222,14.13383912,0.0012772,98.9964,247.6859,303.1238,56.8708,0.00010304,1.48e-06,0.0,7225.952,101.883,857.046,838.588,0
33591,NOAA 19,48,5.193634808888889,14.13383168,0.0012802,98.9965,246.3335,307.1843,52.8159,9.0206e-05,1.24e-06,0.0,7225.955,101.883,857.07,838.569,0
33591,NOAA 19,12,3.0762349333333336,14.13384183,0.0012754,98.9964,248.3265,301.209,58.7831,0.00010055,1.44e-06,0.0,7225.951,101.883,857.032,838.6,0
33591,NOAA 19,24,3.5712070133333333,14.13384068,0.0012765,98.9964,247.9706,302.2537,57.7397,0.00010499,1.52e-06,0.0,7225.952,101.883,857.041,838.593,0
33591,NOAA 19,24,3.0762349333333336,14.13384183,0.0012754,98.9964,248.3265,301.209,58.7831,0.00010055,1.44e-06,0.0,7225.951,101.883,857.032,838.6,0
33591,NOAA 19,24,2.2484879555555555,14.13384336,0.0012747,98.9963,248.6824,300.123,59.8678,9.9398e-05,1.41e-06,0.0,7225.951,101.883,857.027,838.605,0
33591,NOAA 19,48,2.202738888888889,14.13383912,0.0012772,98.9964,247.6859,303.1238,56.8708,0.00010304,1.48e-06,0.0,7225.952,101.883,857.046,838.588,0
33591,NOAA 19,12,3.293377688888889,14.13384635,0.0012722,98.9963,249.3231,298.171,61.8177,0.00010188,1.46e-06,0.0,7225.95,101.883,857.007,838.622,0
33591,NOAA 19,48,3.0762349333333336,14.13384183,0.0012754,98.9964,248.3265,301.209,58.7831,0.00010055,1.44e-06,0.0,7225.951,101.883,857.032,838.6,0
33591,NOAA 19,24,5.786433244444445,14.13384635,0.0012722,98.9963,249.3231,298.171,61.8177,0.00010188,1.46e-06,0.0,7225.95,101.883,857.007,838.622,0
33591,NOAA 19,48,4.231685537777778,14.13384226,0.0012751,98.9964,248.3977,300.9888,59.003,0.00010091,1.44e-06,0.0,7225.951,101.883,857.03,838.602,0
33591,NOAA 19,12,1.970108355555556,14.13384928,0.0012708,98.9963,250.0349,296.0493,63.937,0.00010475,1.51e-06,0.0,7225.949,101.883,856.996,838.631,0
33591,NOAA 19,48,5.621438319999999,14.13384361,0.0012743,98.9963,248.7536,299.9077,60.0829,9.9283e-05,1.41e-06,0.0,7225.951,101.883,857.024,838.608,0
33591,NOAA 19,6,2.6758345422222223,14.13385113,0.0012694,98.9963,250.6755,294.1095,65.8749,0.00010262,1.47e-06,0.0,7225.948,101.883,856.986,838.64,0
33591,NOAA 19,24,1.970108355555556,14.13384928,0.0012708,98.9963,250.0349,296.0493,63.937,0.00010475,1.51e-06,0.0,7225.949,101.883,856.996,838.631,0
33591,NOAA 19,12,3.833369937777778,14.13385081,0.0012692,98.9963,250.4619,294.7713,65.2138,0.00010487,1.52e-06,0.0,7225.948,101.883,856.984,838.642,0
33591,NOAA 19,48,2.087685422222222,14.13384484,0.0012739,98.9963,249.0383,299.0176,60.9719,9.8362e-05,1.39e-06,0.0,7225.95,101.883,857.02,838.61,0
33591,NOAA 19,48,5.786433244444445,14.13384635,0.0012722,98.9963,249.3231,298.171,61.8177,0.00010188,1.46e-06,0.0,7225.95,101.883,857.007,838.622,0
33591,NOAA 19,24,1.07409856,14.13385077,0.0012693,98.9963,250.5331,294.5524,65.4325,0.00010162,1.46e-06,0.0,7225.948,101.883,856.985,838.641,0
33591,NOAA 19,24,2.6758345422222223,14.13385113,0.0012694,98.9963,250.6755,294.1095,65.8749,0.00010262,1.47e-06,0.0,7225.948,101.883,856.986,838.64,0
33591,NOAA 19,48,5.49552672,14.13384767,0.0012715,98.9963,249.7502,296.894,63.0932,0.00010131,1.45e-06,0.0,7225.949,101.883,857.002,838.626,0
33591,NOAA 19,48,1.970108355555556,14.13384928,0.0012708,98.9963,250.0349,296.0493,63.937,0.00010475,1.51e-06,0.0,7225.949,101.883,856.996,838.631,0
33591,NOAA 19,48,1.07409856,14.13385077,0.0012693,98.9963,250.5331,294.5524,65.4325,0.00010162,1.46e-06,0.0,7225.948,101.883,856.985,838.641,0
33591,NOAA 19,24,3.144688,14.13385387,0.001268,98.9963,251.4586,291.7558,68.2264,0.0001003,1.43e-06,0.0,7225.947,101.883,856.975,838.65,0
33591,NOAA 19,48,2.6758345422222223,14.13385113,0.0012694,98.9963,250.6755,294.1095,65.8749,0.00010262,1.47e-06,0.0,7225.948,101.883,856.986,838.64,0
33591,NOAA 19,6,3.10681288,14.13385797,0.0012677,98.9962,252.6686,288.0555,71.9235,0.00010149,1.45e-06,0.0,7225.946,101.883,856.971,838.65,0
33591,NOAA 19,48,6.987952053333333,14.13385129,0.0012692,98.9963,250.7467,293.9166,66.0676,0.00010184,1.46e-06,0.0,7225.948,101.883,856.984,838.642,0
33591,NOAA 19,12,3.689345875555556,14.13385741,0.0012676,98.9962,252.4551,288.7148,71.2648,0.0001008,1.44e-06,0.0,7225.946,101.883,856.97,838.651,0
33591,NOAA 19,48,3.144688,14.13385387,0.001268,98.9963,251.4586,291.7558,68.2264,0.0001003,1.43e-06,0.0,7225.947,101.883,856.975,838.65,0
33591,NOAA 19,24,3.689345875555556,14.13385741,0.0012676,98.9962,252.4551,288.7148,71.2648,0.0001008,1.44e-06,0.0,7225.946,101.883,856.97,838.651,0
33591,NOAA 19,24,3.10681288,14.13385797,0.0012677,98.9962,252.6686,288.0555,71.9235,0.00010149,1.45e-06,0.0,7225.946,101.883,856.971,838.65,0
33591,NOAA 19,48,3.2232644355555555,14.13385395,0.0012678,98.9962,251.6721,291.1166,68.865,9.4454e-05,1.32e-06,0.0,7225.947,101.883,856.973,838.651,0
33591,NOAA 19,12,4.393452755555556,14.13386138,0.0012674,98.9962,253.4516,285.6722,74.3051,0.00010175,1.46e-06,0.0,7225.945,101.883,856.968,838.651,0
33591,NOAA 19,24,4.474731688888888,14.13385887,0.0012679,98.9962,252.9533,287.1773,72.8011,9.8196e-05,1.39e-06,0.0,7225.945,101.883,856.972,838.649,0
33591,NOAA 19,48,2.561912826666666,14.13385593,0.0012682,98.9962,252.028,290.0145,69.9661,0.00010024,1.43e-06,0.0,7225.946,101.883,856.975,838.647,0
33591,NOAA 19,12,3.77543664,14.13386259,0.0012675,98.9962,253.8075,284.5747,75.4019,0.00010118,1.45e-06,0.0,7225.944,101.883,856.968,838.65,0
33591,NOAA 19,24,2.11438888,14.13386089,0.0012671,98.9962,253.3804,285.9074,74.0702,9.9856e-05,1.42e-06,0.0,7225.945,101.883,856.966,838.654,0
33591,NOAA 19,48,3.10681288,14.13385797,0.0012677,98.9962,252.6686,288.0555,71.9235,0.00010149,1.45e-06,0.0,7225.946,101.883,856.971,838.65,0
33591,NOAA 19,24,5.57152456,14.13386574,0.001268,98.9962,254.5904,282.1725,77.8026,9.5998e-05,1.35e-06,0.0,7225.943,101.883,856.971,838.646,0
33591,NOAA 19,12,2.060480657777778,14.13387271,0.001268,98.9962,256.0852,277.5607,82.4125,0.00010072,1.44e-06,0.0,7225.941,101.883,856.968,838.643,0
33591,NOAA 19,48,9.004857893333334,14.13386574,0.001268,98.9962,254.5904,282.1725,77.8026,9.5998e-05,1.35e-06,0.0,7225.943,101.883,856.971,838.646,0
33591,NOAA 19,12,2.760626248888889,14.13387356,0.0012671,98.9962,256.3699,276.6851,83.2878,9.7365e-05,1.38e-06,0.0,7225.94,101.883,856.961,838.649,0
33591,NOAA 19,6,3.76178208,14.13387505,0.0012673,98.9961,256.7258,275.601,84.3716,9.8745e-05,1.4e-06,0.0,7225.94,101.883,856.962,838.647,0
33591,NOAA 19,24,2.760626248888889,14.13387356,0.0012671,98.9962,256.3699,276.6851,83.2878,9.7365e-05,1.38e-06,0.0,7225.94,101.883,856.961,838.649,0
33591,NOAA 19,12,6.553170968888889,14.13387505,0.0012673,98.9961,256.7258,275.601,84.3716,9.8745e-05,1.4e-06,0.0,7225.94,101.883,856.962,838.647,0
33591,NOAA 19,12,5.297984791111111,14.13387851,0.0012669,98.9961,257.4375,273.4123,86.5599,0.00010238,1.47e-06,0.0,7225.939,101.883,856.958,838.649,0
33591,NOAA 19,24,2.099883315555556,14.13387711,0.0012676,98.9961,257.0816,274.504,85.4683,0.00010494,1.52e-06,0.0,7225.939,101.883,856.964,838.645,0
33591,NOAA 19,48,2.060480657777778,14.13387271,0.001268,98.9962,256.0852,277.5607,82.4125,0.00010072,1.44e-06,0.0,7225.941,101.883,856.968,838.643,0
33591,NOAA 19,48,2.760626248888889,14.13387356,0.0012671,98.9962,256.3699,276.6851,83.2878,9.7365e-05,1.38e-06,0.0,7225.94,101.883,856.961,838.649,0
33591,NOAA 19,24,2.6450779466666665,14.13387987,0.0012668,98.9961,257.7223,272.5488,87.4233,0.00010522,1.52e-06,0.0,7225.938,101.883,856.957,838.649,0
33591,NOAA 19,48,2.099883315555556,14.13387711,0.0012676,98.9961,257.0816,274.504,85.4683,0.00010494,1.52e-06,0.0,7225.939,101.883,856.964,838.645,0
33591,NOAA 19,12,5.271331857777779,14.13388439,0.0012658,98.996,258.79,269.3315,90.6406,0.00011072,1.63e-06,0.0,7225.937,101.883,856.948,838.655,0
33591,NOAA 19,24,3.518328613333333,14.13388257,0.0012656,98.996,258.3629,270.6244,89.3478,0.00010758,1.57e-06,0.0,7225.937,101.883,856.947,838.657,0
33591,NOAA 19,48,5.297984791111111,14.13387851,0.0012669,98.9961,257.4375,273.4123,86.5599,0.00010238,1.47e-06,0.0,7225.939,101.883,856.958,838.649,0
33591,NOAA 19,12,2.528426693333333,14.13388579,0.0012662,98.9959,259.0747,268.4729,91.4992,0.00011343,1.68e-06,0.0,7225.936,101.883,856.951,838.652,0
33591,NOAA 19,48,2.6450779466666665,14.13387987,0.0012668,98.9961,257.7223,272.5488,87.4233,0.00010522,1.52e-06,0.0,7225.938,101.883,856.957,838.649,0
33591,NOAA 19,6,3.2400159733333336,14.13388731,0.0012666,98.9959,259.7153,266.5195,93.4528,0.00010688,1.55e-06,0.0,7225.936,101.883,856.953,838.648,0
33591,NOAA 19,24,2.528426693333333,14.13388579,0.0012662,98.9959,259.0747,268.4729,91.4992,0.00011343,1.68e-06,0.0,7225.936,101.883,856.951,838.652,0
33591,NOAA 19,48,3.518328613333333,14.13388257,0.0012656,98.996,258.3629,270.6244,89.3478,0.00010758,1.57e-06,0.0,7225.937,101.883,856.947,838.657,0
33591,NOAA 19,48,4.739337893333333,14.13388264,0.0012657,98.996,258.4341,270.4006,89.5716,0.00010558,1.53e-06,0.0,7225.937,101.883,856.948,838.656,0
33591,NOAA 19,12,8.496859066666667,14.13388724,0.0012668,98.9958,259.7864,266.2944,93.678,0.00010335,1.49e-06,0.0,7225.936,101.883,856.955,838.647,0
33591,NOAA 19,48,5.271331857777779,14.13388439,0.0012658,98.996,258.79,269.3315,90.6406,0.00011072,1.63e-06,0.0,7225.937,101.883,856.948,838.655,0
33591,NOAA 19,12,3.9474407466666666,14.13388938,0.0012678,98.9958,260.3558,264.5563,95.4162,0.00010272,1.48e-06,0.0,7225.935,101.883,856.961,838.639,0
33591,NOAA 19,12,3.7444614666666665,14.13389002,0.0012681,98.9958,260.4982,264.1142,95.8585,0.00010171,1.46e-06,0.0,7225.935,101.883,856.963,838.637,0
33591,NOAA 19,48,2.528426693333333,14.13388579,0.0012662,98.9959,259.0747,268.4729,91.4992,0.00011343,1.68e-06,0.0,7225.936,101.883,856.951,838.652,0
33591,NOAA 19,12,3.1275453066666663,14.13389211,0.0012701,98.9957,261.0676,262.3869,97.5861,9.8886e-05,1.4e-06,0.0,7225.934,101.883,856.977,838.621,0
33591,NOAA 19,48,4.729485733333333,14.13388693,0.0012661,98.9959,259.5017,267.1561,92.8162,0.00010866,1.59e-06,0.0,7225.936,101.883,856.95,838.652,0
33591,NOAA 19,12,4.160754373333333,14.13389329,0.0012704,98.9957,261.3523,261.5266,98.4466,0.000101,1.44e-06,0.0,7225.934,101.883,856.978,838.619,0
33591,NOAA 19,24,6.040725368888888,14.13389057,0.0012691,98.9957,260.7829,263.2392,96.7336,9.8722e-05,1.4e-06,0.0,7225.935,101.883,856.97,838.629,0
33591,NOAA 19,48,8.496859066666667,14.13388724,0.0012668,98.9958,259.7864,266.2944,93.678,0.00010335,1.49e-06,0.0,7225.936,101.883,856.955,838.647,0
33591,NOAA 19,24,4.160754373333333,14.13389329,0.0012704,98.9957,261.3523,261.5266,98.4466,0.000101,1.44e-06,0.0,7225.934,101.883,856.978,838.619,0
33591,NOAA 19,48,3.9474407466666666,14.13388938,0.0012678,98.9958,260.3558,264.5563,95.4162,0.00010272,1.48e-06,0.0,7225.935,101.883,856.961,838.639,0
33591,NOAA 19,24,3.3321963822222225,14.13389426,0.0012711,98.9957,261.7081,260.4482,99.5253,9.4318e-05,1.32e-06,0.0,7225.933,101.883,856.983,838.613,0
33591,NOAA 19,48,4.817871315555556,14.13389047,0.0012687,98.9958,260.6406,263.6771,96.2956,0.00010181,1.46e-06,0.0,7225.935,101.883,856.967,838.632,0
33591,NOAA 19,12,4.136372497777778,14.13389806,0.0012726,98.9956,262.4911,258.0567,101.9178,9.7203e-05,1.37e-06,0.0,7225.932,101.883,856.993,838.601,0
33591,NOAA 19,24,2.837250702222222,14.13389575,0.0012721,98.9956,262.064,259.367,100.6069,9.4014e-05,1.31e-06,0.0,7225.933,101.883,856.99,838.606,0
33591,NOAA 19,48,5.85694272,14.13389397,0.0012708,98.9957,261.4946,261.0801,98.8932,9.9312e-05,1.41e-06,0.0,7225.933,101.883,856.981,838.616,0
33591,NOAA 19,48,3.3321963822222225,14.13389426,0.0012711,98.9957,261.7081,260.4482,99.5253,9.4318e-05,1.32e-06,0.0,7225.933,101.883,856.983,838.613,0
33591,NOAA 19,48,2.837250702222222,14.13389575,0.0012721,98.9956,262.064,259.367,100.6069,9.4014e-05,1.31e-06,0.0,7225.933,101.883,856.99,838.606,0
33591,NOAA 19,24,3.385294231111111,14.13390008,0.0012743,98.9956,263.0604,256.3463,103.629,9.1894e-05,1.27e-06,0.0,7225.931,101.883,857.004,838.588,0
33591,NOAA 19,24,8.586106568888889,14.13390196,0.0012736,98.9956,263.274,255.6934,104.2824,0.00010085,1.44e-06,0.0,7225.931,101.883,856.999,838.593,0
33591,NOAA 19,12,2.939791048888889,14.13390666,0.0012759,98.9955,264.4127,252.2254,107.7525,9.5038e-05,1.33e-06,0.0,7225.929,101.883,857.014,838.575,0
33591,NOAA 19,48,3.385294231111111,14.13390008,0.0012743,98.9956,263.0604,256.3463,103.629,9.1894e-05,1.27e-06,0.0,7225.931,101.883,857.004,838.588,0
33591,NOAA 19,24,2.071299884444445,14.13390553,0.0012757,98.9955,264.128,253.1031,106.8743,9.646e-05,1.36e-06,0.0,7225.929,101.883,857.013,838.576,0
33591,NOAA 19,24,2.939791048888889,14.13390666,0.0012759,98.9955,264.4127,252.2254,107.7525,9.5038e-05,1.33e-06,0.0,7225.929,101.883,857.014,838.575,0
33591,NOAA 19,12,4.955584791111111,14.13390856,0.0012768,98.9955,264.8398,250.9478,109.0311,9.6027e-05,1.35e-06,0.0,7225.928,101.883,857.02,838.567,0
33591,NOAA 19,24,4.071636302222222,14.13390712,0.0012759,98.9955,264.4839,252.0069,107.9713,9.604e-05,1.35e-06,0.0,7225.929,101.883,857.013,838.574,0
33591,NOAA 19,24,2.2784617600000003,14.1339083,0.0012767,98.9955,264.7686,251.1658,108.813,9.5492e-05,1.34e-06,0.0,7225.929,101.883,857.019,838.568,0
33591,NOAA 19,48,2.064575297777778,14.13390368,0.0012745,98.9955,263.7722,254.2017,105.775,9.5013e-05,1.33e-06,0.0,7225.93,101.883,857.005,838.586,0
33591,NOAA 19,12,4.959693031111111,14.1339113,0.0012786,98.9955,265.4804,248.9692,111.0113,9.8235e-05,1.39e-06,0.0,7225.928,101.883,857.032,838.553,0
33591,NOAA 19,12,4.116420977777778,14.1339127,0.0012789,98.9954,265.8363,247.9099,112.0715,0.0001003,1.43e-06,0.0,7225.927,101.883,857.033,838.551,0
33591,NOAA 19,48,2.939791048888889,14.13390666,0.0012759,98.9955,264.4127,252.2254,107.7525,9.5038e-05,1.33e-06,0.0,7225.929,101.883,857.014,838.575,0
33591,NOAA 19,48,2.2784617600000003,14.1339083,0.0012767,98.9955,264.7686,251.1658,108.813,9.5492e-05,1.34e-06,0.0,7225.929,101.883,857.019,838.568,0
33591,NOAA 19,24,2.822908817777778,14.13391242,0.0012788,98.9954,265.7651,248.1132,111.868,9.9326e-05,1.41e-06,0.0,7225.927,101.883,857.033,838.552,0
33591,NOAA 19,6,3.041525422222222,14.13391565,0.0012808,98.9954,266.7616,245.1074,114.8767,9.9e-05,1.41e-06,0.0,7225.926,101.883,857.046,838.536,0
33591,NOAA 19,12,2.434598133333333,14.13391456,0.00128,98.9954,266.5481,245.7471,114.2364,9.2434e-05,1.28e-06,0.0,7225.926,101.883,857.041,838.542,0
33591,NOAA 19,24,1.9979691377777775,14.13391338,0.0012793,98.9954,266.121,247.0529,112.9293,9.5519e-05,1.34e-06,0.0,7225.927,101.883,857.036,838.548,0
33591,NOAA 19,24,3.3772955555555555,14.13391392,0.0012796,98.9954,266.4057,246.1792,113.8038,9.1883e-05,1.27e-06,0.0,7225.927,101.883,857.038,838.545,0
33591,NOAA 19,48,4.959693031111111,14.1339113,0.0012786,98.9955,265.4804,248.9692,111.0113,9.8235e-05,1.39e-06,0.0,7225.928,101.883,857.032,838.553,0
33591,NOAA 19,48,2.822908817777778,14.13391242,0.0012788,98.9954,265.7651,248.1132,111.868,9.9326e-05,1.41e-06,0.0,7225.927,101.883,857.033,838.552,0
33591,NOAA 19,24,3.041525422222222,14.13391565,0.0012808,98.9954,266.7616,245.1074,114.8767,9.9e-05,1.41e-06,0.0,7225.926,101.883,857.046,838.536,0
33591,NOAA 19,12,3.8396089066666663,14.13391894,0.0012832,98.9954,267.5445,242.7448,117.2418,0.00010612,1.54e-06,0.0,7225.925,101.883,857.062,838.518,0
33591,NOAA 19,48,1.9979691377777775,14.13391338,0.0012793,98.9954,266.121,247.0529,112.9293,9.5519e-05,1.34e-06,0.0,7225.927,101.883,857.036,838.548,0
33591,NOAA 19,48,3.3772955555555555,14.13391392,0.0012796,98.9954,266.4057,246.1792,113.8038,9.1883e-05,1.27e-06,0.0,7225.927,101.883,857.038,838.545,0
33591,NOAA 19,12,5.545883128888889,14.13391979,0.0012845,98.9953,267.8292,241.9192,118.0682,0.00010608,1.54e-06,0.0,7225.925,101.883,857.071,838.508,0
33591,NOAA 19,48,2.434598133333333,14.13391456,0.00128,98.9954,266.5481,245.7471,114.2364,9.2434e-05,1.28e-06,0.0,7225.926,101.883,857.041,838.542,0
33591,NOAA 19,24,2.7607687022222223,14.13392185,0.0012858,98.9953,268.1139,241.0736,118.9147,0.00011586,1.72e-06,0.0,7225.924,101.883,857.08,838.498,0
33591,NOAA 19,48,2.54686664,14.13391744,0.0012824,98.9954,267.1175,244.0445,115.9406,0.00010498,1.52e-06,0.0,7225.925,101.883,857.057,838.524,0
33591,NOAA 19,24,3.964543164444444,14.13392268,0.0012867,98.9953,268.3986,240.2102,119.7791,0.00011444,1.7e-06,0.0,7225.924,101.883,857.086,838.491,0
33591,NOAA 19,48,3.754527831111112,14.13391813,0.0012825,98.9954,267.4022,243.1766,116.8094,0.0001039,1.5e-06,0.0,7225.925,101.883,857.057,838.523,0
33591,NOAA 19,24,3.303221315555555,14.13392439,0.0012884,98.9953,268.7544,239.1622,120.8283,0.00011636,1.73e-06,0.0,7225.923,101.883,857.098,838.478,0
33591,NOAA 19,12,2.65030272,14.13392915,0.0012907,98.9953,269.4661,237.0388,122.9544,0.00013087,2.01e-06,0.0,7225.921,101.882,857.113,838.46,0
33591,NOAA 19,12,3.6521501333333335,14.13392959,0.0012911,98.9953,269.5373,236.8266,123.1668,0.00013165,2.02e-06,0.0,7225.921,101.882,857.116,838.457,0
33591,NOAA 19,6,5.914398488888889,14.13393271,0.0012948,98.9953,270.5337,233.879,126.1184,0.00011618,1.73e-06,0.0,7225.92,101.882,857.141,838.429,0
33591,NOAA 19,24,3.018315448888889,14.13393081,0.0012938,98.9953,270.1067,235.14,124.8556,0.00011616,1.73e-06,0.0,7225.921,101.882,857.135,838.437,0
33591,NOAA 19,12,5.332899733333334,14.13393374,0.0012958,98.9953,270.8183,233.0513,126.9473,0.00011247,1.66e-06,0.0,7225.92,101.882,857.148,838.422,0
33591,NOAA 19,12,3.4036244,14.13393521,0.0012975,98.9952,271.103,232.2152,127.7845,0.00011174,1.65e-06,0.0,7225.919,101.882,857.16,838.409,0
33591,NOAA 19,24,2.894106915555555,14.13393331,0.0012953,98.9953,270.7472,233.2527,126.7456,0.00011267,1.66e-06,0.0,7225.92,101.882,857.145,838.425,0
33591,NOAA 19,6,5.477851031111111,14.133938,0.0012993,98.9952,271.6724,230.4799,129.5225,0.00011337,1.68e-06,0.0,7225.918,101.882,857.172,838.395,0
33591,NOAA 19,48,3.018315448888889,14.13393081,0.0012938,98.9953,270.1067,235.14,124.8556,0.00011616,1.73e-06,0.0,7225.921,101.882,857.135,838.437,0
33591,NOAA 19,24,3.4036244,14.13393521,0.0012975,98.9952,271.103,232.2152,127.7845,0.00011174,1.65e-06,0.0,7225.919,101.882,857.16,838.409,0
33591,NOAA 19,12,8.654625164444445,14.1339364,0.0012981,98.9952,271.3877,231.3176,128.6835,0.00011323,1.67e-06,0.0,7225.919,101.882,857.164,838.404,0
33591,NOAA 19,24,4.604347386666667,14.1339364,0.0012981,98.9952,271.3877,231.3176,128.6835,0.00011323,1.67e-06,0.0,7225.919,101.882,857.164,838.404,0
33591,NOAA 19,48,2.894106915555555,14.13393331,0.0012953,98.9953,270.7472,233.2527,126.7456,0.00011267,1.66e-06,0.0,7225.92,101.882,857.145,838.425,0
33591,NOAA 19,24,5.477851031111111,14.133938,0.0012993,98.9952,271.6724,230.4799,129.5225,0.00011337,1.68e-06,0.0,7225.918,101.882,857.172,838.395,0
33591,NOAA 19,12,3.2854053600000004,14.13394301,0.0013023,98.9952,272.4552,228.1223,131.8838,0.00012418,1.88e-06,0.0,7225.917,101.882,857.192,838.371,0
33591,NOAA 19,48,4.604347386666667,14.1339364,0.0012981,98.9952,271.3877,231.3176,128.6835,0.00011323,1.67e-06,0.0,7225.919,101.882,857.164,838.404,0
33591,NOAA 19,24,3.2854053600000004,14.13394301,0.0013023,98.9952,272.4552,228.1223,131.8838,0.00012418,1.88e-06,0.0,7225.917,101.882,857.192,838.371,0
33591,NOAA 19,48,5.477851031111111,14.133938,0.0012993,98.9952,271.6724,230.4799,129.5225,0.00011337,1.68e-06,0.0,7225.918,101.882,857.172,838.395,0
33591,NOAA 19,24,2.46048248,14.1339452,0.0013037,98.9951,272.811,227.0799,132.928,0.0001304,2e-06,0.0,7225.916,101.882,857.201,838.361,0
33591,NOAA 19,12,5.35063768,14.13394851,0.0013066,98.9951,273.5227,224.9516,135.0599,0.00012528,1.9e-06,0.0,7225.915,101.882,857.221,838.338,0
33591,NOAA 19,24,2.128893413333333,14.13394685,0.0013056,98.9951,273.1669,226.024,133.9856,0.00012898,1.97e-06,0.0,7225.915,101.882,857.215,838.346,0
33591,NOAA 19,48,2.46048248,14.1339452,0.0013037,98.9951,272.811,227.0799,132.928,0.0001304,2e-06,0.0,7225.916,101.882,857.201,838.361,0
33591,NOAA 19,24,8.982383386666667,14.13394986,0.0013079,98.995,273.8786,223.8963,136.1171,0.00012439,1.88e-06,0.0,7225.914,101.882,857.23,838.329,0
33591,NOAA 19,48,2.128893413333333,14.13394685,0.0013056,98.9951,273.1669,226.024,133.9856,0.00012898,1.97e-06,0.0,7225.915,101.882,857.215,838.346,0
33591,NOAA 19,24,2.343390631111111,14.13395068,0.0013096,98.995,274.1632,223.0551,136.9597,0.0001162,1.73e-06,0.0,7225.914,101.882,857.242,838.316,0
33591,NOAA 19,24,2.8403204444444445,14.13395255,0.0013108,98.9949,274.5903,221.7644,138.2528,0.00011701,1.75e-06,0.0,7225.913,101.882,857.25,838.307,0
33591,NOAA 19,24,3.051980995555556,14.13395335,0.0013121,98.9949,274.8038,221.1594,138.8589,0.00011557,1.72e-06,0.0,7225.913,101.882,857.259,838.297,0
33591,NOAA 19,48,2.8408118311111115,14.1339495,0.0013078,98.995,273.8074,224.1139,135.8991,0.00012338,1.87e-06,0.0,7225.914,101.882,857.23,838.329,0
33591,NOAA 19,12,5.281035644444444,14.13395765,0.0013151,98.9948,275.5154,219.066,140.9563,0.00012947,1.98e-06,0.0,7225.912,101.882,857.28,838.274,0
33591,NOAA 19,48,8.982383386666667,14.13394986,0.0013079,98.995,273.8786,223.8963,136.1171,0.00012439,1.88e-06,0.0,7225.914,101.882,857.23,838.329,0
33591,NOAA 19,24,3.765019164444445,14.13395717,0.0013149,98.9948,275.4443,219.2826,140.7392,0.0001268,1.93e-06,0.0,7225.912,101.882,857.278,838.276,0
33591,NOAA 19,48,2.8403204444444445,14.13395255,0.0013108,98.9949,274.5903,221.7644,138.2528,0.00011701,1.75e-06,0.0,7225.913,101.882,857.25,838.307,0
33591,NOAA 19,48,3.051980995555556,14.13395335,0.0013121,98.9949,274.8038,221.1594,138.8589,0.00011557,1.72e-06,0.0,7225.913,101.882,857.259,838.297,0
33591,NOAA 19,24,2.771299875555556,14.13396046,0.0013188,98.9947,276.1559,217.2489,142.7769,0.00012754,1.94e-06,0.0,7225.911,101.882,857.305,838.246,0
33591,NOAA 19,24,3.560457671111111,14.1339628,0.0013201,98.9946,276.5829,215.9698,144.0587,0.00012829,1.96e-06,0.0,7225.91,101.882,857.314,838.236,0
33591,NOAA 19,48,5.281035644444444,14.13395765,0.0013151,98.9948,275.5154,219.066,140.9563,0.00012947,1.98e-06,0.0,7225.912,101.882,857.28,838.274,0
33591,NOAA 19,24,1.7817494133333334,14.13396387,0.0013218,98.9946,276.8676,215.1511,144.879,0.00012617,1.92e-06,0.0,7225.91,101.882,857.326,838.223,0
33591,NOAA 19,48,3.269825466666666,14.13395875,0.0013169,98.9947,275.8001,218.261,141.7629,0.00012897,1.97e-06,0.0,7225.911,101.882,857.292,838.261,0
33591,NOAA 19,12,4.052759066666667,14.13396823,0.001325,98.9945,277.5792,213.0854,146.949,0.00012952,1.98e-06,0.0,7225.908,101.882,857.347,838.199,0
33591,NOAA 19,48,2.771299875555556,14.13396046,0.0013188,98.9947,276.1559,217.2489,142.7769,0.00012754,1.94e-06,0.0,7225.911,101.882,857.305,838.246,0
33591,NOAA 19,24,2.9930411555555554,14.13396501,0.0013234,98.9945,277.1522,214.3426,145.6892,0.00011982,1.8e-06,0.0,7225.909,101.882,857.337,838.211,0
33591,NOAA 19,12,3.85867912,14.13396768,0.0013271,98.9945,277.935,212.0567,147.9799,0.00010522,1.52e-06,0.0,7225.908,101.882,857.363,838.184,0
33591,NOAA 19,24,2.3245189244444444,14.13396775,0.0013246,98.9945,277.5081,213.2898,146.7442,0.00012888,1.97e-06,0.0,7225.908,101.882,857.345,838.202,0
33591,NOAA 19,12,3.374788195555556,14.13396884,0.0013284,98.9945,278.1485,211.4484,148.5895,0.00010441,1.51e-06,0.0,7225.908,101.882,857.372,838.174,0
33591,NOAA 19,6,3.742279928888889,14.13396997,0.0013314,98.9944,278.789,209.5746,150.4674,8.5371e-05,1.15e-06,0.0,7225.908,101.882,857.393,838.152,0
33591,NOAA 19,48,2.9930411555555554,14.13396501,0.0013234,98.9945,277.1522,214.3426,145.6892,0.00011982,1.8e-06,0.0,7225.909,101.882,857.337,838.211,0
33591,NOAA 19,48,2.3245189244444444,14.13396775,0.0013246,98.9945,277.5081,213.2898,146.7442,0.00012888,1.97e-06,0.0,7225.908,101.882,857.345,838.202,0
33591,NOAA 19,24,2.5401529333333333,14.13396944,0.0013303,98.9944,278.5043,210.4026,149.6375,9.2941e-05,1.29e-06,0.0,7225.908,101.882,857.385,838.16,0
33591,NOAA 19,24,3.742279928888889,14.13396997,0.0013314,98.9944,278.789,209.5746,150.4674,8.5371e-05,1.15e-06,0.0,7225.908,101.882,857.393,838.152,0
33591,NOAA 19,48,2.5401529333333333,14.13396944,0.0013303,98.9944,278.5043,210.4026,149.6375,9.2941e-05,1.29e-06,0.0,7225.908,101.882,857.385,838.16,0
33591,NOAA 19,12,5.263482462222223,14.13397731,0.0013395,98.9943,280.2122,205.4534,154.598,9.5244e-05,1.34e-06,0.0,7225.905,101.882,857.449,838.091,0
33591,NOAA 19,24,2.257555208888889,14.13397488,0.0013374,98.9943,279.8564,206.4589,153.5901,8.7262e-05,1.19e-06,0.0,7225.906,101.882,857.435,838.107,0
33591,NOAA 19,48,3.742279928888889,14.13396997,0.0013314,98.9944,278.789,209.5746,150.4674,8.5371e-05,1.15e-06,0.0,7225.908,101.882,857.393,838.152,0
33591,NOAA 19,12,3.1342227288888886,14.13397804,0.001341,98.9944,280.4968,204.575,155.4784,9.2348e-05,1.28e-06,0.0,7225.905,101.882,857.46,838.08,0
33591,NOAA 19,12,1.9769139288888888,14.13398214,0.0013451,98.9943,281.2084,202.5415,157.5168,0.00010668,1.55e-06,0.0,7225.903,101.882,857.488,838.049,0
33591,NOAA 19,48,2.257555208888889,14.13397488,0.0013374,98.9943,279.8564,206.4589,153.5901,8.7262e-05,1.19e-06,0.0,7225.906,101.882,857.435,838.107,0
33591,NOAA 19,6,6.333120640000001,14.13398376,0.0013469,98.9942,281.5641,201.488,158.5728,0.00010782,1.57e-06,0.0,7225.903,101.882,857.5,838.035,0
33591,NOAA 19,48,3.869130497777778,14.13397838,0.0013415,98.9943,280.5679,204.3605,155.6934,9.173e-05,1.27e-06,0.0,7225.905,101.882,857.463,838.076,0
33591,NOAA 19,24,4.636269635555555,14.13398279,0.0013481,98.9942,281.92,200.4847,159.5786,8.2234e-05,1.09e-06,0.0,7225.903,101.882,857.509,838.027,1
33591,NOAA 19,12,39.212288862222216,14.13394947,0.0013566,98.994,283.6279,195.2989,164.7775,5.2302e-05,5.3e-07,0.0,7225.914,101.882,857.582,837.977,1
33591,NOAA 19,12,3.9503580444444446,14.13393403,0.0013641,98.9939,285.6202,189.9795,170.1108,5.4406e-05,5.7e-07,0.0,7225.92,101.882,857.642,837.928,0
33591,NOAA 19,24,2.3393446844444448,14.1339338,0.0013637,98.9939,285.5491,190.176,169.9138,5.4551e-05,5.7e-07,0.0,7225.92,101.882,857.639,837.931,0
33591,NOAA 19,12,9.292565511111112,14.13393557,0.0013653,98.9939,285.8337,189.3688,170.7231,6.3067e-05,7.3e-07,0.0,7225.919,101.882,857.65,837.919,0
33591,NOAA 19,24,3.217634471111112,14.13393855,0.0013675,98.9938,286.1895,188.3761,171.7185,9.5278e-05,1.34e-06,0.0,7225.918,101.882,857.665,837.902,0
33591,NOAA 19,48,2.3393446844444448,14.1339338,0.0013637,98.9939,285.5491,190.176,169.9138,5.4551e-05,5.7e-07,0.0,7225.92,101.882,857.639,837.931,0
33591,NOAA 19,24,2.7243720177777777,14.13394168,0.0013698,98.9938,286.5453,187.3505,172.7468,0.00011576,1.72e-06,0.0,7225.917,101.882,857.68,837.884,0
33591,NOAA 19,6,2.7788879288888886,14.13395066,0.0013812,98.9936,288.5376,181.7399,178.3727,0.00011512,1.71e-06,0.0,7225.914,101.882,857.76,837.799,0
33591,NOAA 19,24,2.10586656,14.13394802,0.0013775,98.9936,287.8973,183.5527,176.5549,0.00011848,1.77e-06,0.0,7225.915,101.882,857.734,837.826,0
33591,NOAA 19,48,2.224998693333333,14.13394383,0.0013715,98.9937,286.9011,186.3362,173.7638,0.00012161,1.83e-06,0.0,7225.916,101.882,857.692,837.871,0
33591,NOAA 19,12,2.7788879288888886,14.13395066,0.0013812,98.9936,288.5376,181.7399,178.3727,0.00011512,1.71e-06,0.0,7225.914,101.882,857.76,837.799,0
33591,NOAA 19,6,7.163514080000001,14.13395106,0.0013816,98.9935,288.6088,181.5347,178.5785,0.00011503,1.71e-06,0.0,7225.914,101.882,857.762,837.796,0
33591,NOAA 19,24,1.777328968888889,14.13394953,0.0013795,98.9936,288.253,182.5601,177.5503,0.00011565,1.72e-06,0.0,7225.914,101.882,857.748,837.811,0
33591,NOAA 19,12,2.653686071111111,14.13395123,0.0013828,98.9935,288.8934,180.7511,179.3642,0.00010494,1.52e-06,0.0,7225.914,101.882,857.771,837.787,0
33591,NOAA 19,24,2.7788879288888886,14.13395066,0.0013812,98.9936,288.5376,181.7399,178.3727,0.00011512,1.71e-06,0.0,7225.914,101.882,857.76,837.799,0
33591,NOAA 19,48,3.5615293422222223,14.13394638,0.001376,98.9937,287.6127,184.3364,175.7691,0.00011405,1.69e-06,0.0,7225.916,101.882,857.723,837.838,0
33591,NOAA 19,6,1.5612527555555558,14.13395397,0.0013862,98.9934,289.4627,179.1619,180.9579,0.00010708,1.56e-06,0.0,7225.913,101.882,857.795,837.761,0
33591,NOAA 19,12,3.033101848888889,14.13395427,0.0013867,98.9934,289.5338,178.9557,181.1646,0.00010745,1.57e-06,0.0,7225.913,101.882,857.798,837.758,0
33591,NOAA 19,24,5.199701351111111,14.13395143,0.0013836,98.9935,288.9646,180.5506,179.5653,0.00010459,1.51e-06,0.0,7225.914,101.882,857.777,837.781,0
33591,NOAA 19,48,2.653686071111111,14.13395123,0.0013828,98.9935,288.8934,180.7511,179.3642,0.00010494,1.52e-06,0.0,7225.914,101.882,857.771,837.787,0
33591,NOAA 19,6,5.8638574666666665,14.13396089,0.0013974,98.993,291.6684,173.0226,187.1143,9.0552e-05,1.25e-06,0.0,7225.911,101.882,857.873,837.678,0
33591,NOAA 19,24,4.908140951111111,14.13395903,0.0013938,98.9931,290.9569,174.9951,185.1362,0.00010225,1.47e-06,0.0,7225.911,101.882,857.848,837.705,0
33591,NOAA 19,24,3.250586746666667,14.13396174,0.0014025,98.9929,292.6645,170.337,189.8075,6.0838e-05,6.9e-07,0.0,7225.91,101.882,857.91,837.641,0
33591,NOAA 19,48,5.292645368888889,14.13396102,0.0013985,98.993,291.953,172.2759,187.8631,8.1535e-05,1.08e-06,0.0,7225.911,101.882,857.881,837.67,0
33591,NOAA 19,12,3.7887068355555553,14.13396329,0.0014076,98.9928,293.6606,167.6333,192.5187,4.7579e-05,4.4e-07,0.0,7225.91,101.882,857.946,837.604,0
33591,NOAA 19,12,2.896007982222222,14.13396472,0.0014101,98.9927,294.2298,166.1061,194.0501,4.7419e-05,4.4e-07,0.0,7225.909,101.882,857.964,837.585,0
33591,NOAA 19,24,5.089629164444445,14.1339636,0.001408,98.9928,293.8029,167.2433,192.9097,4.6832e-05,4.3e-07,0.0,7225.91,101.882,857.949,837.601,0
33591,NOAA 19,48,59.25204543111111,14.13395845,0.0013913,98.9932,290.53,176.167,183.9611,0.00011145,1.64e-06,0.0,7225.911,101.882,857.83,837.723,1
33591,NOAA 19,48,74.54290191111112,14.13395482,0.0013886,98.9933,289.8896,177.9889,182.1341,9.9935e-05,1.43e-06,0.0,7225.913,101.882,857.812,837.744,0
33591,NOAA 19,48,42.26220495111111,14.13396031,0.0013951,98.9931,291.2415,174.1978,185.9358,0.00010297,1.48e-06,0.0,7225.911,101.882,857.857,837.695,1
33591,NOAA 19,48,66.04798311111111,14.13395785,0.0013903,98.9933,290.2453,177.026,183.0997,0.00011564,1.72e-06,0.0,7225.912,101.882,857.823,837.73,1
33591,NOAA 19,48,50.75712447111111,14.13395891,0.0013932,98.9932,290.8857,175.184,184.9468,0.00010331,1.49e-06,0.0,7225.911,101.882,857.843,837.709,1
33591,NOAA 19,48,18.47643255111111,14.13396138,0.0014001,98.993,292.2376,171.4879,188.6532,7.3318e-05,9.3e-07,0.0,7225.91,101.882,857.892,837.658,0
33591,NOAA 19,48,30.36931839111111,14.13396111,0.0013977,98.993,291.7395,172.8365,187.3009,9.0293e-05,1.25e-06,0.0,7225.911,101.882,857.875,837.676,0
33591,NOAA 19,48,26.97135111111111,14.13396114,0.0013983,98.993,291.8818,172.4534,187.6851,8.6436e-05,1.17e-06,0.0,7225.911,101.882,857.88,837.672,0
33591,NOAA 19,48,11.68049823111111,14.13396144,0.0014017,98.9929,292.5222,170.7163,189.4271,6.3678e-05,7.4e-07,0.0,7225.91,101.882,857.904,837.647,0
33591,NOAA 19,12,2.7383135644444443,14.13396551,0.001412,98.9927,294.5855,165.1152,195.0439,4.703e-05,4.3e-07,0.0,7225.909,101.882,857.977,837.571,0
33591,NOAA 19,24,7.912868346666666,14.1339638,0.0014083,98.9927,293.874,167.0551,193.0985,4.8491e-05,4.6e-07,0.0,7225.91,101.882,857.951,837.598,0
33591,NOAA 19,24,2.896007982222222,14.13396472,0.0014101,98.9927,294.2298,166.1061,194.0501,4.7419e-05,4.4e-07,0.0,7225.909,101.882,857.964,837.585,0
33591,NOAA 19,24,2.7383135644444443,14.13396551,0.001412,98.9927,294.5855,165.1152,195.0439,4.703e-05,4.3e-07,0.0,7225.909,101.882,857.977,837.571,0
33591,NOAA 19,12,3.110522,14.13396732,0.001415,98.9926,295.2258,163.3894,196.7744,4.9929e-05,4.9e-07,0.0,7225.908,101.882,857.998,837.549,0
33591,NOAA 19,24,5.456274968888889,14.13396573,0.0014124,98.9927,294.6566,164.9229,195.2367,4.6243e-05,4.2e-07,0.0,7225.909,101.882,857.98,837.568,0
33591,NOAA 19,48,5.089629164444445,14.1339636,0.001408,98.9928,293.8029,167.2433,192.9097,4.6832e-05,4.3e-07,0.0,7225.91,101.882,857.949,837.601,0
33591,NOAA 19,48,2.896007982222222,14.13396472,0.0014101,98.9927,294.2298,166.1061,194.0501,4.7419e-05,4.4e-07,0.0,7225.909,101.882,857.964,837.585,0
33591,NOAA 19,24,3.110522,14.13396732,0.001415,98.9926,295.2258,163.3894,196.7744,4.9929e-05,4.9e-07,0.0,7225.908,101.882,857.998,837.549,0
33591,NOAA 19,12,8.065788391111111,14.13396955,0.0014186,98.9926,295.8661,161.6074,198.5614,5.7461e-05,6.3e-07,0.0,7225.908,101.882,858.023,837.522,0
33591,NOAA 19,12,1.960503662222222,14.1339707,0.0014207,98.9926,296.293,160.4591,199.7129,5.8746e-05,6.5e-07,0.0,7225.907,101.882,858.038,837.506,0
33591,NOAA 19,48,4.993581751111112,14.13396617,0.0014144,98.9926,295.0124,163.9434,196.2189,4.2838e-05,3.5e-07,0.0,7225.909,101.882,857.994,837.553,0
33591,NOAA 19,12,2.8113241777777778,14.1339738,0.0014255,98.9925,297.3602,157.5147,202.6652,6.5634e-05,7.8e-07,0.0,7225.906,101.882,858.072,837.471,0
33591,NOAA 19,24,6.732517155555556,14.13397995,0.00144026,98.9921,300.9173,147.9577,212.2474,6.3599091e-05,7.4e-07,0.0,7225.904,101.882,858.176,837.362,0
33591,NOAA 19,6,7.314390284444444,14.13398635,0.00144634,98.9918,302.6957,143.2641,216.9525,7.2651733e-05,9.1e-07,0.0,7225.902,101.882,858.218,837.316,0
33591,NOAA 19,48,5.312805155555555,14.13398378,0.00144324,98.9919,301.9843,145.1459,215.0661,7.2259307e-05,9.1e-07,0.0,7225.903,101.882,858.197,837.339,0
33591,NOAA 19,6,6.5737904177777775,14.13399414,0.00145518,98.9914,304.6875,137.9009,222.3284,8.0150715e-05,1.06e-06,0.0,7225.899,101.882,858.279,837.249,0
33591,NOAA 19,24,4.068772764444445,14.13399209,0.00145209,98.9915,304.0473,139.6281,220.5971,8.4612943e-05,1.14e-06,0.0,7225.9,101.882,858.258,837.272,0
33591,NOAA 19,48,8.778393866666667,14.13399097,0.00145048,98.9916,303.6916,140.5968,219.6262,8.3964054e-05,1.13e-06,0.0,7225.9,101.882,858.246,837.284,0
33591,NOAA 19,48,4.068772764444445,14.13399209,0.00145209,98.9915,304.0473,139.6281,220.5971,8.4612943e-05,1.14e-06,0.0,7225.9,101.882,858.258,837.272,0
33591,NOAA 19,48,4.93722919111111,14.13399612,0.00145653,98.9913,305.0431,136.9572,223.2741,9.0747927e-05,1.25e-06,0.0,7225.899,101.882,858.288,837.239,0
33591,NOAA 19,48,4.524028071111111,14.13400049,0.00146031,98.9911,306.039,134.3126,225.9246,0.00010487211,1.52e-06,0.0,7225.897,101.882,858.314,837.21,0
33591,NOAA 19,24,8.790565617777778,14.13400384,0.00146278,98.9909,307.2482,131.098,229.1458,0.00010030012,1.43e-06,0.0,7225.896,101.882,858.331,837.191,0
33591,NOAA 19,6,5.7894296177777775,14.13401011,0.00146479,98.9907,308.3863,128.0804,232.1691,0.00011765731,1.76e-06,0.0,7225.894,101.882,858.343,837.174,0
33591,NOAA 19,48,5.136258782222222,14.13400815,0.00146444,98.9908,308.0306,128.9999,231.248,0.00011404595,1.69e-06,0.0,7225.894,101.882,858.341,837.178,0
39634,Sentinel-1A,6,11.02573568,14.5919954,0.0001256,98.1807,11.7591,89.8423,270.2921,0.00018968,8.49e-06,0.0,7073.897,98.684,696.65,694.873,0
39634,Sentinel-1A,24,3.686411448888889,14.59204653,0.0001247,98.1805,11.3536,90.1543,269.98,0.00018428,8.23e-06,0.0,7073.88,98.684,696.627,694.863,1
39634,Sentinel-1A,24,13.998475866666668,14.59199824,0.0001252,98.1807,11.8942,89.6216,270.5128,0.0001897,8.49e-06,0.0,7073.896,98.684,696.647,694.875,0
39634,Sentinel-1A,12,5.936902231111112,14.59201873,0.0001248,98.1806,13.1777,89.6674,270.4668,0.00017332,7.71e-06,0.0,7073.889,98.684,696.637,694.871,0
39634,Sentinel-1A,48,6.352364755555556,14.59199824,0.0001252,98.1807,11.8942,89.6216,270.5128,0.0001897,8.49e-06,0.0,7073.896,98.684,696.647,694.875,0
39634,Sentinel-1A,12,3.5807883288888886,14.59202504,0.0001251,98.1807,13.7858,89.9249,270.2093,0.00015478,6.84e-06,0.0,7073.887,98.684,696.637,694.867,0
39634,Sentinel-1A,48,13.998475866666668,14.59199824,0.0001252,98.1807,11.8942,89.6216,270.5128,0.0001897,8.49e-06,0.0,7073.896,98.684,696.647,694.875,0
39634,Sentinel-1A,24,2.313938657777778,14.59202191,0.0001248,98.1807,13.3804,89.8243,270.31,0.00017034,7.57e-06,0.0,7073.888,98.684,696.636,694.87,0
39634,Sentinel-1A,24,3.5807883288888886,14.59202504,0.0001251,98.1807,13.7858,89.9249,270.2093,0.00015478,6.84e-06,0.0,7073.887,98.684,696.637,694.867,1
39634,Sentinel-1A,12,3.1073394311111118,14.59203034,0.0001254,98.1807,14.3263,89.891,270.2433,0.00013763,6.03e-06,0.0,7073.885,98.684,696.638,694.863,1
39634,Sentinel-1A,24,3.1073394311111118,14.59203034,0.0001254,98.1807,14.3263,89.891,270.2433,0.00013763,6.03e-06,0.0,7073.885,98.684,696.638,694.863,1
39634,Sentinel-1A,6,7.669951875555555,14.59197543,0.000126,98.1808,15.6776,89.8887,270.2457,0.00015228,6.72e-06,0.0,7073.903,98.684,696.66,694.877,0
39634,Sentinel-1A,12,2.192729653333333,14.59197543,0.000126,98.1808,15.6776,89.8887,270.2457,0.00015228,6.72e-06,0.0,7073.903,98.684,696.66,694.877,0
39634,Sentinel-1A,48,3.1073394311111118,14.59203034,0.0001254,98.1807,14.3263,89.891,270.2433,0.00013763,6.03e-06,0.0,7073.885,98.684,696.638,694.863,1
39634,Sentinel-1A,24,2.4221403466666667,14.59197094,0.0001253,98.1808,15.3397,89.8541,270.2802,0.00015938,7.06e-06,0.0,7073.905,98.684,696.656,694.883,0
39634,Sentinel-1A,24,2.192729653333333,14.59197543,0.000126,98.1808,15.6776,89.8887,270.2457,0.00015228,6.72e-06,0.0,7073.903,98.684,696.66,694.877,0
39634,Sentinel-1A,24,3.609870693333333,14.59197738,0.0001259,98.1808,15.9478,89.8196,270.3148,0.00014153,6.21e-06,0.0,7073.903,98.684,696.658,694.877,0
39634,Sentinel-1A,12,6.444716008888888,14.59198794,0.000126,98.1808,16.4883,89.9016,270.2328,0.00014324,6.3e-06,0.0,7073.899,98.684,696.656,694.873,0
39634,Sentinel-1A,24,6.071102017777777,14.59198078,0.0001258,98.1808,16.0153,89.7292,270.4052,0.00015,6.61e-06,0.0,7073.902,98.684,696.656,694.877,0
39634,Sentinel-1A,12,3.149641306666666,14.59199179,0.000126,98.1808,16.7585,89.651,270.4834,0.00014533,6.39e-06,0.0,7073.898,98.684,696.654,694.872,0
39634,Sentinel-1A,48,2.192729653333333,14.59197543,0.000126,98.1808,15.6776,89.8887,270.2457,0.00015228,6.72e-06,0.0,7073.903,98.684,696.66,694.877,0
39634,Sentinel-1A,24,6.444716008888888,14.59198794,0.000126,98.1808,16.4883,89.9016,270.2328,0.00014324,6.3e-06,0.0,7073.899,98.684,696.656,694.873,0
39634,Sentinel-1A,24,3.149641306666666,14.59199179,0.000126,98.1808,16.7585,89.651,270.4834,0.00014533,6.39e-06,0.0,7073.898,98.684,696.654,694.872,0
39634,Sentinel-1A,48,3.609870693333333,14.59197738,0.0001259,98.1808,15.9478,89.8196,270.3148,0.00014153,6.21e-06,0.0,7073.903,98.684,696.658,694.877,0
39634,Sentinel-1A,24,4.570160231111111,14.59199381,0.0001259,98.1808,16.8936,89.8164,270.318,0.00014505,6.38e-06,0.0,7073.897,98.684,696.653,694.872,0
39634,Sentinel-1A,6,2.239038168888889,14.59200544,0.0001256,98.1808,17.9747,89.9762,270.1581,0.00012067,5.23e-06,0.0,7073.894,98.684,696.647,694.87,0
39634,Sentinel-1A,12,4.631329333333333,14.59200232,0.0001261,98.1808,17.7044,89.5137,270.6207,0.00012491,5.43e-06,0.0,7073.895,98.684,696.652,694.868,0
39634,Sentinel-1A,24,2.6953261955555554,14.59199893,0.0001259,98.1808,17.299,89.6558,270.4785,0.00013891,6.09e-06,0.0,7073.896,98.684,696.651,694.87,0
39634,Sentinel-1A,48,5.028960257777777,14.59198424,0.0001255,98.1808,16.218,89.7889,270.3455,0.00014733,6.49e-06,0.0,7073.9,98.684,696.653,694.878,0
39634,Sentinel-1A,48,6.444716008888888,14.59198794,0.000126,98.1808,16.4883,89.9016,270.2328,0.00014324,6.3e-06,0.0,7073.899,98.684,696.656,694.873,0
39634,Sentinel-1A,24,2.467872186666667,14.59200167,0.0001261,98.1809,17.6368,89.4683,270.6661,0.00012798,5.58e-06,0.0,7073.895,98.684,696.652,694.868,0
39634,Sentinel-1A,6,3.599014497777778,14.59200817,0.0001255,98.1808,18.5827,89.8887,270.2457,9.1314e-05,3.85e-06,0.0,7073.893,98.684,696.645,694.87,0
39634,Sentinel-1A,48,2.6953261955555554,14.59199893,0.0001259,98.1808,17.299,89.6558,270.4785,0.00013891,6.09e-06,0.0,7073.896,98.684,696.651,694.87,0
39634,Sentinel-1A,12,3.4699369333333334,14.59200263,0.0001259,98.1808,19.2583,89.9879,270.1465,2.0972e-05,5.3e-07,0.0,7073.894,98.684,696.65,694.869,0
39634,Sentinel-1A,48,2.239038168888889,14.59200544,0.0001256,98.1808,17.9747,89.9762,270.1581,0.00012067,5.23e-06,0.0,7073.894,98.684,696.647,694.87,1
39634,Sentinel-1A,6,13.845455137777778,14.59200154,0.0001254,98.1808,19.3934,90.0616,270.0727,7.2222e-06,-1.2e-07,0.0,7073.895,98.684,696.647,694.873,0
39634,Sentinel-1A,24,3.4699369333333334,14.59200263,0.0001259,98.1808,19.2583,89.9879,270.1465,2.0972e-05,5.3e-07,0.0,7073.894,98.684,696.65,694.869,0
39634,Sentinel-1A,48,3.599014497777778,14.59200817,0.0001255,98.1808,18.5827,89.8887,270.2457,9.1314e-05,3.85e-06,0.0,7073.893,98.684,696.645,694.87,1
39634,Sentinel-1A,12,7.478920293333333,14.59201147,0.0001247,98.1808,21.015,91.286,268.8482,6.3394e-05,2.53e-06,0.0,7073.892,98.684,696.639,694.874,0
39634,Sentinel-1A,24,3.79913792,14.59200374,0.0001248,98.1808,20.6772,91.0171,269.1172,1.9109e-05,4.4e-07,0.0,7073.894,98.684,696.642,694.876,0
39634,Sentinel-1A,48,5.7084891822222215,14.59199973,0.0001195,98.1807,20.0016,90.2505,269.8831,-3.0379e-05,-1.89e-06,0.0,7073.895,98.684,696.606,694.915,1
39634,Sentinel-1A,24,7.478920293333333,14.59201147,0.0001247,98.1808,21.015,91.286,268.8482,6.3394e-05,2.53e-06,0.0,7073.892,98.684,696.639,694.874,0
39634,Sentinel-1A,12,3.4654006844444445,14.59199508,0.0001262,98.1808,21.6906,91.4742,268.6602,6.6093e-05,2.66e-06,0.0,7073.897,98.684,696.655,694.869,0
39634,Sentinel-1A,24,5.311840844444444,14.59201683,0.0001255,98.1808,21.5555,91.168,268.9663,7.7305e-05,3.19e-06,0.0,7073.89,98.684,696.643,694.867,1
39634,Sentinel-1A,24,2.917150213333333,14.59199668,0.0001258,98.1808,21.8932,91.2463,268.8881,6.533e-05,2.62e-06,0.0,7073.896,98.684,696.651,694.871,0
39634,Sentinel-1A,24,2.8544213066666666,14.5920002,0.0001256,98.1808,22.2311,91.1203,269.014,6.7215e-05,2.71e-06,0.0,7073.895,98.684,696.649,694.872,0
39634,Sentinel-1A,12,4.226028631111111,14.59200509,0.0001252,98.1807,22.9743,90.9856,269.1488,6.3721e-05,2.55e-06,0.0,7073.894,98.684,696.644,694.873,0
39634,Sentinel-1A,48,3.4654006844444445,14.59199508,0.0001262,98.1808,21.6906,91.4742,268.6602,6.6093e-05,2.66e-06,0.0,7073.897,98.684,696.655,694.869,0
39634,Sentinel-1A,48,2.917150213333333,14.59199668,0.0001258,98.1808,21.8932,91.2463,268.8881,6.533e-05,2.62e-06,0.0,7073.896,98.684,696.651,694.871,0
39634,Sentinel-1A,24,3.87884064,14.59200412,0.0001255,98.1807,22.8392,90.929,269.2053,6.5127e-05,2.61e-06,0.0,7073.894,98.684,696.647,694.871,0
39634,Sentinel-1A,48,2.8544213066666666,14.5920002,0.0001256,98.1808,22.2311,91.1203,269.014,6.7215e-05,2.71e-06,0.0,7073.895,98.684,696.649,694.872,0
39634,Sentinel-1A,12,6.081290417777778,14.59201009,0.0001252,98.1808,23.5824,91.2378,268.8966,6.2697e-05,2.5e-06,0.0,7073.892,98.684,696.643,694.871,0
39634,Sentinel-1A,24,3.9813938311111112,14.59200689,0.0001247,98.1808,23.1771,91.009,269.1252,6.2736e-05,2.5e-06,0.0,7073.893,98.684,696.64,694.876,0
39634,Sentinel-1A,12,3.446190844444444,14.59201292,0.0001249,98.1808,23.9878,91.0425,269.0918,6.132e-05,2.43e-06,0.0,7073.891,98.684,696.64,694.873,0
39634,Sentinel-1A,24,3.419501857777778,14.59201087,0.0001251,98.1808,23.5149,91.1785,268.9558,6.7903e-05,2.74e-06,0.0,7073.892,98.684,696.642,694.872,0
39634,Sentinel-1A,48,2.459744355555556,14.59200271,0.0001257,98.1808,22.5689,90.9914,269.143,6.7976e-05,2.75e-06,0.0,7073.894,98.684,696.649,694.87,0
39634,Sentinel-1A,48,3.678755137777778,14.59200269,0.0001257,98.1808,22.6365,90.9752,269.1591,6.5632e-05,2.64e-06,0.0,7073.894,98.684,696.649,694.87,0
39634,Sentinel-1A,48,3.87884064,14.59200412,0.0001255,98.1807,22.8392,90.929,269.2053,6.5127e-05,2.61e-06,0.0,7073.894,98.684,696.647,694.871,0
39634,Sentinel-1A,12,4.31285136,14.59202085,0.0001261,98.1808,24.5959,90.7989,269.3355,8.1312e-05,3.38e-06,0.0,7073.889,98.684,696.646,694.862,0
39634,Sentinel-1A,24,4.31285136,14.59202085,0.0001261,98.1808,24.5959,90.7989,269.3355,8.1312e-05,3.38e-06,0.0,7073.889,98.684,696.646,694.862,1
39634,Sentinel-1A,12,3.897449137777778,14.59199319,0.0001252,98.1809,25.6093,90.7546,269.3797,8.0179e-05,3.32e-06,0.0,7073.897,98.684,696.648,694.877,0
39634,Sentinel-1A,24,2.110073191111111,14.59202612,0.0001254,98.1809,25.204,90.8788,269.2555,8.1757e-05,3.4e-06,0.0,7073.887,98.684,696.639,694.865,1
39634,Sentinel-1A,24,3.298363173333333,14.59199364,0.0001258,98.1809,25.812,90.9,269.2344,7.9592e-05,3.29e-06,0.0,7073.897,98.684,696.652,694.872,0
39634,Sentinel-1A,12,4.211911102222222,14.5920029,0.000126,98.181,26.5553,90.5212,269.6132,8.744e-05,3.66e-06,0.0,7073.894,98.684,696.651,694.868,0
39634,Sentinel-1A,24,7.079993928888889,14.59199681,0.000125,98.1809,25.9472,90.99,269.1443,8.3105e-05,3.46e-06,0.0,7073.896,98.684,696.646,694.877,0
39634,Sentinel-1A,48,2.110073191111111,14.59202612,0.0001254,98.1809,25.204,90.8788,269.2555,8.1757e-05,3.4e-06,0.0,7073.887,98.684,696.639,694.865,1
39634,Sentinel-1A,48,3.298363173333333,14.59199364,0.0001258,98.1809,25.812,90.9,269.2344,7.9592e-05,3.29e-06,0.0,7073.897,98.684,696.652,694.872,0
39634,Sentinel-1A,12,7.092689893333333,14.59201074,0.000126,98.1811,27.2985,90.7504,269.384,9.0535e-05,3.81e-06,0.0,7073.892,98.684,696.648,694.866,0
39634,Sentinel-1A,48,7.079993928888889,14.59199681,0.000125,98.1809,25.9472,90.99,269.1443,8.3105e-05,3.46e-06,0.0,7073.896,98.684,696.646,694.877,0
39634,Sentinel-1A,24,5.675816071111111,14.59200827,0.0001257,98.181,27.0282,90.5481,269.5862,9.1657e-05,3.86e-06,0.0,7073.893,98.684,696.647,694.868,0
39634,Sentinel-1A,48,4.211911102222222,14.5920029,0.000126,98.181,26.5553,90.5212,269.6132,8.744e-05,3.66e-06,0.0,7073.894,98.684,696.651,694.868,1
39634,Sentinel-1A,24,6.068735902222223,14.59201376,0.000126,98.1811,27.5687,90.8616,269.2728,9.1717e-05,3.87e-06,0.0,7073.891,98.684,696.647,694.865,1
39634,Sentinel-1A,12,4.7431755466666665,14.59197543,0.000127,98.1812,28.5147,91.4247,268.7098,-0.00022529,-1.108e-05,0.0,7073.903,98.684,696.667,694.87,0
39634,Sentinel-1A,48,7.092689893333333,14.59201074,0.000126,98.1811,27.2985,90.7504,269.384,9.0535e-05,3.81e-06,0.0,7073.892,98.684,696.648,694.866,1
39634,Sentinel-1A,24,4.7431755466666665,14.59197543,0.000127,98.1812,28.5147,91.4247,268.7098,-0.00022529,-1.108e-05,0.0,7073.903,98.684,696.667,694.87,0
39634,Sentinel-1A,12,2.658396053333333,14.59196663,0.0001186,98.1811,29.123,88.795,271.3386,-0.00022344,-1.099e-05,0.0,7073.906,98.684,696.61,694.932,0
39634,Sentinel-1A,48,3.572713413333333,14.59201535,0.0001261,98.1811,27.7714,90.9408,269.1936,9.1418e-05,3.85e-06,0.0,7073.89,98.684,696.647,694.863,1
39634,Sentinel-1A,24,3.688596728888889,14.59196871,0.0001197,98.1811,28.9203,88.2965,271.8372,-0.00022273,-1.095e-05,0.0,7073.905,98.684,696.617,694.924,0
39634,Sentinel-1A,48,5.119346568888888,14.59201839,0.0001259,98.1811,27.9066,90.8731,269.2613,9.86e-05,4.19e-06,0.0,7073.889,98.684,696.645,694.864,1
39634,Sentinel-1A,24,2.4298129333333334,14.591969,0.0001242,98.1811,29.4607,88.5693,271.5649,-0.00021905,-1.078e-05,0.0,7073.905,98.684,696.649,694.892,1
39634,Sentinel-1A,12,1.9723926755555556,14.59197243,0.0001165,98.181,30.1368,87.4378,272.6955,-0.00024547,-1.203e-05,0.0,7073.904,98.684,696.593,694.945,0
39634,Sentinel-1A,24,5.046311955555556,14.59196004,0.0001244,98.1811,29.5283,88.1966,271.9376,-0.00023604,-1.158e-05,0.0,7073.908,98.684,696.653,694.893,1
39634,Sentinel-1A,24,1.9723926755555556,14.59197243,0.0001165,98.181,30.1368,87.4378,272.6955,-0.00024547,-1.203e-05,0.0,7073.904,98.684,696.593,694.945,1
39634,Sentinel-1A,48,2.658396053333333,14.59196663,0.0001186,98.1811,29.123,88.795,271.3386,-0.00022344,-1.099e-05,0.0,7073.906,98.684,696.61,694.932,1
39634,Sentinel-1A,12,3.8087649422222234,14.59201134,0.0001269,98.1813,30.8796,91.2305,268.904,0.00013419,5.87e-06,0.0,7073.892,98.684,696.654,694.859,0
39634,Sentinel-1A,48,2.4298129333333334,14.591969,0.0001242,98.1811,29.4607,88.5693,271.5649,-0.00021905,-1.078e-05,0.0,7073.905,98.684,696.649,694.892,1
39634,Sentinel-1A,24,1.7446452888888888,14.59196762,0.0001222,98.1811,30.4741,88.9132,271.2208,-0.00025248,-1.236e-05,0.0,7073.906,98.684,696.635,694.906,1
39634,Sentinel-1A,24,3.161020435555556,14.59200583,0.000127,98.1813,30.7444,91.2527,268.8818,0.00011942,5.17e-06,0.0,7073.893,98.684,696.657,694.86,0
39634,Sentinel-1A,48,2.201229093333333,14.59195992,0.0001273,98.1809,29.7986,87.9972,272.1373,-0.00023713,-1.163e-05,0.0,7073.908,98.684,696.674,694.873,1
39634,Sentinel-1A,24,3.8087649422222234,14.59201134,0.0001269,98.1813,30.8796,91.2305,268.904,0.00013419,5.87e-06,0.0,7073.892,98.684,696.654,694.859,0
39634,Sentinel-1A,12,2.7263713244444445,14.5920179,0.0001273,98.1814,31.5553,91.2323,268.9022,0.0001298,5.66e-06,0.0,7073.89,98.684,696.655,694.854,0
39634,Sentinel-1A,48,1.9723926755555556,14.59197243,0.0001165,98.181,30.1368,87.4378,272.6955,-0.00024547,-1.203e-05,0.0,7073.904,98.684,696.593,694.945,1
39634,Sentinel-1A,24,3.099685937777778,14.59201408,0.000127,98.1814,31.0823,91.2207,268.9138,0.00013536,5.92e-06,0.0,7073.891,98.684,696.654,694.857,0
39634,Sentinel-1A,12,3.1469853511111108,14.59202314,0.0001268,98.1813,31.8931,91.1364,268.9981,0.00013492,5.9e-06,0.0,7073.888,98.684,696.65,694.856,1
39634,Sentinel-1A,48,1.7446452888888888,14.59196762,0.0001222,98.1811,30.4741,88.9132,271.2208,-0.00025248,-1.236e-05,0.0,7073.906,98.684,696.635,694.906,1
39634,Sentinel-1A,48,3.099685937777778,14.59201408,0.000127,98.1814,31.0823,91.2207,268.9138,0.00013536,5.92e-06,0.0,7073.891,98.684,696.654,694.857,1
39634,Sentinel-1A,24,2.019022888888889,14.59196868,0.0001273,98.1816,32.4337,88.2624,271.8722,0.00014079,6.18e-06,0.0,7073.905,98.684,696.671,694.87,0
39634,Sentinel-1A,48,2.476183368888889,14.59202056,0.0001271,98.1813,31.758,91.2243,268.9102,0.00013211,5.77e-06,0.0,7073.889,98.684,696.653,694.855,1
39634,Sentinel-1A,48,4.962078444444445,14.59196868,0.0001273,98.1816,32.4337,88.2624,271.8722,0.00014079,6.18e-06,0.0,7073.905,98.684,696.671,694.87,0
39634,Sentinel-1A,24,2.916834177777778,14.59199182,0.0001261,98.1813,33.7175,90.3493,269.7851,0.00012304,5.34e-06,0.0,7073.898,98.684,696.655,694.871,0
39634,Sentinel-1A,24,5.580409617777778,14.59199382,0.0001257,98.1813,33.8526,90.2074,269.927,0.0001227,5.33e-06,0.0,7073.897,98.684,696.651,694.873,0
39634,Sentinel-1A,6,3.8771340355555552,14.59200944,0.000126,98.1813,34.6634,90.1272,270.0072,0.00015393,6.8e-06,0.0,7073.892,98.684,696.649,694.866,0
39634,Sentinel-1A,24,4.156492737777778,14.59200642,0.0001258,98.1813,34.4607,90.2014,269.933,0.00015177,6.7e-06,0.0,7073.893,98.684,696.648,694.868,0
39634,Sentinel-1A,12,11.769368257777778,14.59201176,0.0001261,98.1813,35.1364,90.5392,269.5952,0.00013716,6.01e-06,0.0,7073.891,98.684,696.649,694.864,1
39634,Sentinel-1A,48,2.293038231111111,14.59200637,0.0001258,98.1813,34.3932,90.1842,269.9502,0.00015523,6.86e-06,0.0,7073.893,98.684,696.648,694.868,1
39634,Sentinel-1A,24,3.024742968888889,14.5919786,0.0001276,98.1813,35.677,91.2318,268.9028,6.5414e-06,-1.5e-07,0.0,7073.902,98.684,696.67,694.865,0
39634,Sentinel-1A,48,3.8771340355555552,14.59200944,0.000126,98.1813,34.6634,90.1272,270.0072,0.00015393,6.8e-06,0.0,7073.892,98.684,696.649,694.866,1
39634,Sentinel-1A,24,5.706369164444444,14.59198008,0.000127,98.1812,35.8121,91.2855,268.849,6.2331e-06,-1.6e-07,0.0,7073.902,98.684,696.665,694.868,0
39634,Sentinel-1A,12,2.3195023022222223,14.59198474,0.0001293,98.1813,36.4878,92.0227,268.1121,6.1409e-06,-1.7e-07,0.0,7073.9,98.684,696.68,694.851,0
39634,Sentinel-1A,24,2.3195023022222223,14.59198474,0.0001293,98.1813,36.4878,92.0227,268.1121,6.1409e-06,-1.7e-07,0.0,7073.9,98.684,696.68,694.851,0
39634,Sentinel-1A,48,3.024742968888889,14.5919786,0.0001276,98.1813,35.677,91.2318,268.9028,6.5414e-06,-1.5e-07,0.0,7073.902,98.684,696.67,694.865,1
39634,Sentinel-1A,24,2.505692915555555,14.59198627,0.0001298,98.1813,36.6905,91.0602,269.0746,6.1174e-06,-1.7e-07,0.0,7073.9,98.684,696.683,694.847,0
39634,Sentinel-1A,12,3.527326551111111,14.59199005,0.0001286,98.1813,37.2986,90.2655,269.8692,5.6364e-06,-1.9e-07,0.0,7073.899,98.684,696.673,694.854,0
39634,Sentinel-1A,24,2.110181431111111,14.59198847,0.0001283,98.1813,37.0284,90.6237,269.511,5.8521e-06,-1.8e-07,0.0,7073.899,98.684,696.672,694.856,0
39634,Sentinel-1A,48,2.9625592977777777,14.59198185,0.0001268,98.1812,36.0149,91.7185,268.416,6.1992e-06,-1.7e-07,0.0,7073.901,98.684,696.663,694.869,1
39634,Sentinel-1A,48,2.505692915555555,14.59198627,0.0001298,98.1813,36.6905,91.0602,269.0746,6.1174e-06,-1.7e-07,0.0,7073.9,98.684,696.683,694.847,1
39634,Sentinel-1A,24,1.820270533333333,14.59199241,0.0001312,98.1813,37.7039,90.4872,269.6478,5.1894e-06,-2.1e-07,0.0,7073.898,98.684,696.691,694.835,1
39634,Sentinel-1A,48,2.110181431111111,14.59198847,0.0001283,98.1813,37.0284,90.6237,269.511,5.8521e-06,-1.8e-07,0.0,7073.899,98.684,696.672,694.856,1
39634,Sentinel-1A,12,4.808779759999999,14.59201788,0.0001275,98.1813,38.7176,91.7575,268.3771,4.6638e-06,-2.4e-07,0.0,7073.89,98.684,696.656,694.853,0
39634,Sentinel-1A,48,3.527326551111111,14.59199005,0.0001286,98.1813,37.2986,90.2655,269.8692,5.6364e-06,-1.9e-07,0.0,7073.899,98.684,696.673,694.854,1
39634,Sentinel-1A,24,21.874955884444446,14.59199313,0.0001309,98.1813,37.8391,90.4044,269.7306,5.2077e-06,-2.1e-07,0.0,7073.898,98.684,696.688,694.837,1
39634,Sentinel-1A,24,4.426033333333333,14.59201696,0.0001283,98.1812,38.5826,91.0388,269.0958,4.4971e-06,-2.5e-07,0.0,7073.89,98.684,696.662,694.847,0
39634,Sentinel-1A,48,1.820270533333333,14.59199241,0.0001312,98.1813,37.7039,90.4872,269.6478,5.1894e-06,-2.1e-07,0.0,7073.898,98.684,696.691,694.835,1
39634,Sentinel-1A,6,2.2649201511111112,14.59200853,0.0001284,98.1814,39.6637,90.7278,269.4069,3.4163e-06,-3e-07,0.0,7073.893,98.684,696.666,694.849,0
39634,Sentinel-1A,24,2.386206977777778,14.59201014,0.0001286,98.1814,38.9879,91.1081,269.0266,4.5164e-06,-2.4e-07,0.0,7073.892,98.684,696.667,694.847,0
39634,Sentinel-1A,48,6.694955884444445,14.59199313,0.0001309,98.1813,37.8391,90.4044,269.7306,5.2077e-06,-2.1e-07,0.0,7073.898,98.684,696.688,694.837,1
39634,Sentinel-1A,12,7.032819342222222,14.59200875,0.0001283,98.1814,39.7313,90.6326,269.502,3.5104e-06,-2.9e-07,0.0,7073.892,98.684,696.665,694.85,0
39634,Sentinel-1A,48,21.874955884444446,14.59199313,0.0001309,98.1813,37.8391,90.4044,269.7306,5.2077e-06,-2.1e-07,0.0,7073.898,98.684,696.688,694.837,1
39634,Sentinel-1A,12,4.938638844444444,14.59201093,0.00013,98.1814,40.3394,90.9209,269.214,2.851e-06,-3.2e-07,0.0,7073.892,98.684,696.676,694.837,0
39634,Sentinel-1A,48,2.157924435555556,14.59200913,0.0001285,98.1814,39.3258,90.6998,269.4349,4.0841e-06,-2.7e-07,0.0,7073.892,98.684,696.666,694.848,0
39634,Sentinel-1A,24,2.8880157866666667,14.59201153,0.0001306,98.1814,40.6097,90.6149,269.5201,2.6589e-06,-3.3e-07,0.0,7073.892,98.684,696.68,694.833,0
39634,Sentinel-1A,12,3.8327127466666666,14.59202799,0.0001293,98.1816,41.353,90.3352,269.7996,9.2459e-05,3.9e-06,0.0,7073.886,98.684,696.666,694.837,0
39634,Sentinel-1A,24,2.658908551111111,14.59201337,0.0001289,98.1815,40.9477,90.8684,269.2664,2.267e-06,-3.5e-07,0.0,7073.891,98.684,696.668,694.844,1
39634,Sentinel-1A,12,1.744660071111111,14.59195768,0.0001329,98.1818,42.2988,90.7212,269.414,0.00010599,4.54e-06,0.0,7073.909,98.684,696.714,694.834,0
39634,Sentinel-1A,24,3.618984391111111,14.59203345,0.0001295,98.1816,41.8936,89.9088,270.2261,9.5971e-05,4.07e-06,0.0,7073.884,98.684,696.666,694.833,1
39634,Sentinel-1A,48,2.658908551111111,14.59201337,0.0001289,98.1815,40.9477,90.8684,269.2664,2.267e-06,-3.5e-07,0.0,7073.891,98.684,696.668,694.844,1
39634,Sentinel-1A,24,1.744660071111111,14.59195768,0.0001329,98.1818,42.2988,90.7212,269.414,0.00010599,4.54e-06,0.0,7073.909,98.684,696.714,694.834,0
39634,Sentinel-1A,24,3.11033464,14.59195872,0.000132,98.1817,42.3665,91.5328,268.6023,0.00010349,4.42e-06,0.0,7073.909,98.684,696.707,694.84,0
39634,Sentinel-1A,48,3.8327127466666666,14.59202799,0.0001293,98.1816,41.353,90.3352,269.7996,9.2459e-05,3.9e-06,0.0,7073.886,98.684,696.666,694.837,1
39634,Sentinel-1A,24,4.807513271111111,14.59196174,0.0001303,98.1816,42.5018,91.4527,268.6822,0.00010327,4.41e-06,0.0,7073.908,98.684,696.694,694.851,0
39634,Sentinel-1A,12,4.224749324444444,14.59197172,0.0001296,98.1817,43.3126,91.5159,268.6189,0.00010756,4.61e-06,0.0,7073.904,98.684,696.686,694.853,0
39634,Sentinel-1A,48,3.618984391111111,14.59203345,0.0001295,98.1816,41.8936,89.9088,270.2261,9.5971e-05,4.07e-06,0.0,7073.884,98.684,696.666,694.833,1
39634,Sentinel-1A,48,1.744660071111111,14.59195768,0.0001329,98.1818,42.2988,90.7212,269.414,0.00010599,4.54e-06,0.0,7073.909,98.684,696.714,694.834,0
39634,Sentinel-1A,24,2.704915288888889,14.59197649,0.0001298,98.1817,43.245,91.2523,268.8825,0.00016823,7.47e-06,0.0,7073.903,98.684,696.686,694.85,0
39634,Sentinel-1A,48,3.11033464,14.59195872,0.000132,98.1817,42.3665,91.5328,268.6023,0.00010349,4.42e-06,0.0,7073.909,98.684,696.707,694.84,0
39634,Sentinel-1A,24,4.224749324444444,14.59197172,0.0001296,98.1817,43.3126,91.5159,268.6189,0.00010756,4.61e-06,0.0,7073.904,98.684,696.686,694.853,0
39634,Sentinel-1A,48,3.8909222666666654,14.59196998,0.0001302,98.1817,42.7044,91.4554,268.6795,0.00017037,7.57e-06,0.0,7073.905,98.684,696.691,694.849,0
39634,Sentinel-1A,12,2.190013182222222,14.59198487,0.00013,98.1818,44.2586,91.1238,269.0111,0.00012574,5.47e-06,0.0,7073.9,98.684,696.685,694.846,0
39634,Sentinel-1A,12,3.5687430666666664,14.59198381,0.0001301,98.1818,44.3262,91.1198,269.0151,0.00011843,5.13e-06,0.0,7073.901,98.684,696.686,694.845,0
39634,Sentinel-1A,24,6.541569955555556,14.5919799,0.0001292,98.1817,43.718,91.1513,268.9834,0.00013333,5.83e-06,0.0,7073.902,98.684,696.681,694.853,0
39634,Sentinel-1A,24,2.247479671111112,14.59198199,0.0001296,98.1818,43.9207,91.1257,269.0092,0.00013058,5.7e-06,0.0,7073.901,98.684,696.683,694.849,0
39634,Sentinel-1A,48,1.454167937777778,14.59197327,0.0001305,98.1817,42.9747,91.1517,268.9832,0.00016995,7.55e-06,0.0,7073.904,98.684,696.692,694.846,0
39634,Sentinel-1A,48,2.704915288888889,14.59197649,0.0001298,98.1817,43.245,91.2523,268.8825,0.00016823,7.47e-06,0.0,7073.903,98.684,696.686,694.85,0
39634,Sentinel-1A,48,4.224749324444444,14.59197172,0.0001296,98.1817,43.3126,91.5159,268.6189,0.00010756,4.61e-06,0.0,7073.904,98.684,696.686,694.853,0
39634,Sentinel-1A,24,3.5687430666666664,14.59198381,0.0001301,98.1818,44.3262,91.1198,269.0151,0.00011843,5.13e-06,0.0,7073.901,98.684,696.686,694.845,0
39634,Sentinel-1A,12,3.582711937777778,14.59199323,0.0001303,98.1818,45.0019,90.641,269.4939,0.00012532,5.45e-06,0.0,7073.897,98.684,696.684,694.841,0
39634,Sentinel-1A,24,3.4357670133333333,14.59198626,0.0001295,98.1818,44.5289,91.0859,269.0489,0.00011982,5.19e-06,0.0,7073.9,98.684,696.681,694.849,0
39634,Sentinel-1A,48,2.476052711111111,14.59197469,0.0001297,98.1817,43.5828,91.204,268.9308,0.00010719,4.6e-06,0.0,7073.903,98.684,696.686,694.851,0
39634,Sentinel-1A,48,6.541569955555556,14.5919799,0.0001292,98.1817,43.718,91.1513,268.9834,0.00013333,5.83e-06,0.0,7073.902,98.684,696.681,694.853,0
39634,Sentinel-1A,12,5.241249066666667,14.5919966,0.0001303,98.1818,45.2722,90.7752,269.3597,0.00012367,5.37e-06,0.0,7073.896,98.684,696.683,694.84,0
39634,Sentinel-1A,48,2.247479671111112,14.59198199,0.0001296,98.1818,43.9207,91.1257,269.0092,0.00013058,5.7e-06,0.0,7073.901,98.684,696.683,694.849,0
39634,Sentinel-1A,24,3.1458496355555554,14.59199587,0.0001304,98.1818,45.2047,90.6843,269.4506,0.00012514,5.44e-06,0.0,7073.897,98.684,696.684,694.839,0
39634,Sentinel-1A,48,3.5687430666666664,14.59198381,0.0001301,98.1818,44.3262,91.1198,269.0151,0.00011843,5.13e-06,0.0,7073.901,98.684,696.686,694.845,1
39634,Sentinel-1A,48,3.4357670133333333,14.59198626,0.0001295,98.1818,44.5289,91.0859,269.0489,0.00011982,5.19e-06,0.0,7073.9,98.684,696.681,694.849,1
39634,Sentinel-1A,24,2.750619768888889,14.592,0.0001304,98.1818,45.5425,90.6315,269.5034,0.00012537,5.45e-06,0.0,7073.895,98.684,696.683,694.838,1
39634,Sentinel-1A,12,4.2369106755555554,14.59197156,0.0001304,98.1819,46.2858,90.511,269.6239,0.00011712,5.06e-06,0.0,7073.904,98.684,696.692,694.847,0
39634,Sentinel-1A,6,3.170587848888889,14.59198532,0.0001293,98.1818,47.4346,90.9077,269.2271,0.00010311,4.4e-06,0.0,7073.9,98.684,696.68,694.85,0
39634,Sentinel-1A,48,6.773175991111112,14.59198068,0.0001288,98.1818,46.6913,91.0479,269.0868,0.00012138,5.26e-06,0.0,7073.902,98.684,696.678,694.855,0
39634,Sentinel-1A,12,6.2332914044444445,14.59199529,0.0001299,98.1818,48.6509,90.8175,269.3173,9.7095e-05,4.12e-06,0.0,7073.897,98.684,696.681,694.843,0
39634,Sentinel-1A,48,3.1870172088888893,14.59198492,0.0001292,98.1819,47.2995,90.9291,269.2057,0.00011252,4.85e-06,0.0,7073.9,98.684,696.679,694.851,0
39634,Sentinel-1A,48,4.625112035555556,14.59198752,0.0001288,98.1818,47.6373,91.0613,269.0734,0.00010282,4.39e-06,0.0,7073.899,98.684,696.675,694.853,0
39634,Sentinel-1A,24,6.2332914044444445,14.59199529,0.0001299,98.1818,48.6509,90.8175,269.3173,9.7095e-05,4.12e-06,0.0,7073.897,98.684,696.681,694.843,0
39634,Sentinel-1A,12,3.724370204444445,14.59200088,0.0001305,98.1818,49.2591,90.267,269.8679,9.5693e-05,4.05e-06,0.0,7073.895,98.684,696.683,694.837,0
39634,Sentinel-1A,24,3.724370204444445,14.59200088,0.0001305,98.1818,49.2591,90.267,269.8679,9.5693e-05,4.05e-06,0.0,7073.895,98.684,696.683,694.837,0
39634,Sentinel-1A,24,3.299174328888889,14.59200035,0.0001292,98.1818,49.4619,90.6084,269.5264,8.3545e-05,3.48e-06,0.0,7073.895,98.684,696.674,694.846,0
39634,Sentinel-1A,12,6.135683911111111,14.59199674,0.0001312,98.1818,50.0025,90.2,269.935,4.2074e-05,1.53e-06,0.0,7073.896,98.684,696.689,694.833,0
39634,Sentinel-1A,48,6.2332914044444445,14.59199529,0.0001299,98.1818,48.6509,90.8175,269.3173,9.7095e-05,4.12e-06,0.0,7073.897,98.684,696.681,694.843,0
39634,Sentinel-1A,12,3.27672056,14.5919972,0.0001311,98.1818,50.2728,90.3713,269.7637,3.4367e-05,1.16e-06,0.0,7073.896,98.684,696.689,694.834,0
39634,Sentinel-1A,24,3.0703259111111114,14.59199706,0.0001313,98.1818,49.7997,90.4298,269.7052,5.4704e-05,2.12e-06,0.0,7073.896,98.684,696.69,694.832,0
39634,Sentinel-1A,24,2.613471048888889,14.59199892,0.0001317,98.1818,50.4755,90.1133,270.0218,4.0449e-05,1.45e-06,0.0,7073.896,98.684,696.692,694.829,0
39634,Sentinel-1A,48,3.299174328888889,14.59200035,0.0001292,98.1818,49.4619,90.6084,269.5264,8.3545e-05,3.48e-06,0.0,7073.895,98.684,696.674,694.846,0
39634,Sentinel-1A,48,5.763580222222222,14.5919979,0.0001291,98.1818,49.5971,90.8629,269.2718,6.643e-05,2.67e-06,0.0,7073.896,98.684,696.674,694.848,0
39634,Sentinel-1A,12,3.9131432888888886,14.59200978,0.0001314,98.1818,51.2188,90.3761,269.7589,7.4307e-05,3.05e-06,0.0,7073.892,98.684,696.687,694.828,0
39634,Sentinel-1A,24,2.3846341511111118,14.59200335,0.0001312,98.1819,50.8133,90.3896,269.7454,5.1441e-05,1.97e-06,0.0,7073.894,98.684,696.687,694.831,0
39634,Sentinel-1A,48,3.0703259111111114,14.59199706,0.0001313,98.1818,49.7997,90.4298,269.7052,5.4704e-05,2.12e-06,0.0,7073.896,98.684,696.69,694.832,0
39634,Sentinel-1A,24,2.156356168888889,14.59201106,0.0001312,98.1818,51.1513,90.4217,269.7133,7.9847e-05,3.31e-06,0.0,7073.892,98.684,696.685,694.829,0
39634,Sentinel-1A,12,1.4706932088888889,14.59202317,0.0001318,98.1819,52.165,90.1572,269.9779,0.00010859,4.66e-06,0.0,7073.888,98.684,696.685,694.82,0
39634,Sentinel-1A,48,3.667881982222222,14.59200112,0.0001307,98.1818,50.6106,90.4026,269.7324,4.444e-05,1.64e-06,0.0,7073.895,98.684,696.684,694.835,1
39634,Sentinel-1A,12,3.0163718577777776,14.59202226,0.0001319,98.1819,52.2325,90.1605,269.9746,0.00010233,4.37e-06,0.0,7073.888,98.684,696.686,694.82,0
39634,Sentinel-1A,24,3.3446795111111114,14.59201784,0.000131,98.1819,51.7595,90.2997,269.8353,9.7698e-05,4.15e-06,0.0,7073.89,98.684,696.681,694.828,0
39634,Sentinel-1A,48,2.3846341511111118,14.59200335,0.0001312,98.1819,50.8133,90.3896,269.7454,5.1441e-05,1.97e-06,0.0,7073.894,98.684,696.687,694.831,1
39634,Sentinel-1A,24,1.4706932088888889,14.59202317,0.0001318,98.1819,52.165,90.1572,269.9779,0.00010859,4.66e-06,0.0,7073.888,98.684,696.685,694.82,1
39634,Sentinel-1A,48,2.156356168888889,14.59201106,0.0001312,98.1818,51.1513,90.4217,269.7133,7.9847e-05,3.31e-06,0.0,7073.892,98.684,696.685,694.829,0
39634,Sentinel-1A,24,3.0163718577777776,14.59202226,0.0001319,98.1819,52.2325,90.1605,269.9746,0.00010233,4.37e-06,0.0,7073.888,98.684,696.686,694.82,1
39634,Sentinel-1A,48,3.9131432888888886,14.59200978,0.0001314,98.1818,51.2188,90.3761,269.7589,7.4307e-05,3.05e-06,0.0,7073.892,98.684,696.687,694.828,0
39634,Sentinel-1A,12,2.7023503644444444,14.59199032,0.0001311,98.1819,53.246,89.4786,270.6564,9.5157e-05,4.03e-06,0.0,7073.898,98.684,696.691,694.836,0
39634,Sentinel-1A,24,2.659024471111111,14.5920263,0.000131,98.1819,52.7732,90.607,269.5279,9.6677e-05,4.1e-06,0.0,7073.887,98.684,696.678,694.825,1
39634,Sentinel-1A,48,3.3446795111111114,14.59201784,0.000131,98.1819,51.7595,90.2997,269.8353,9.7698e-05,4.15e-06,0.0,7073.89,98.684,696.681,694.828,1
39634,Sentinel-1A,48,1.4706932088888889,14.59202317,0.0001318,98.1819,52.165,90.1572,269.9779,0.00010859,4.66e-06,0.0,7073.888,98.684,696.685,694.82,1
39634,Sentinel-1A,12,6.010171493333333,14.5919936,0.0001294,98.1819,53.584,90.0235,270.1113,9.1164e-05,3.84e-06,0.0,7073.897,98.684,696.678,694.847,0
39634,Sentinel-1A,24,3.847313733333333,14.59199231,0.0001299,98.1819,53.3813,90.0905,270.0444,9.4665e-05,4e-06,0.0,7073.898,98.684,696.682,694.844,0
39634,Sentinel-1A,48,2.8875754311111117,14.59202455,0.0001316,98.1819,52.4353,90.2249,269.9101,0.00010469,4.48e-06,0.0,7073.887,98.684,696.683,694.821,1
39634,Sentinel-1A,24,6.010171493333333,14.5919936,0.0001294,98.1819,53.584,90.0235,270.1113,9.1164e-05,3.84e-06,0.0,7073.897,98.684,696.678,694.847,0
39634,Sentinel-1A,12,4.859746231111111,14.59199965,0.00013,98.182,54.1247,90.3916,269.7433,9.2351e-05,3.9e-06,0.0,7073.895,98.684,696.68,694.841,0
39634,Sentinel-1A,48,2.659024471111111,14.5920263,0.000131,98.1819,52.7732,90.607,269.5279,9.6677e-05,4.1e-06,0.0,7073.887,98.684,696.678,694.825,1
39634,Sentinel-1A,24,3.392957191111111,14.59199888,0.00013,98.182,54.0571,90.2607,269.8741,9.269e-05,3.91e-06,0.0,7073.896,98.684,696.68,694.841,0
39634,Sentinel-1A,48,2.6004430311111117,14.5919878,0.0001315,98.1819,53.1109,89.6822,270.4529,9.6939e-05,4.11e-06,0.0,7073.899,98.684,696.694,694.834,0
39634,Sentinel-1A,24,4.859746231111111,14.59199965,0.00013,98.182,54.1247,90.3916,269.7433,9.2351e-05,3.9e-06,0.0,7073.895,98.684,696.68,694.841,0
39634,Sentinel-1A,12,7.414080542222222,14.5920042,0.0001301,98.182,54.5302,90.2386,269.8962,9.8237e-05,4.17e-06,0.0,7073.894,98.684,696.679,694.839,0
39634,Sentinel-1A,48,2.7023503644444444,14.59199032,0.0001311,98.1819,53.246,89.4786,270.6564,9.5157e-05,4.03e-06,0.0,7073.898,98.684,696.691,694.836,0
39634,Sentinel-1A,48,3.847313733333333,14.59199231,0.0001299,98.1819,53.3813,90.0905,270.0444,9.4665e-05,4e-06,0.0,7073.898,98.684,696.682,694.844,0
39634,Sentinel-1A,12,3.038940257777778,14.59200961,0.0001302,98.1821,55.0708,90.4409,269.6939,9.6326e-05,4.08e-06,0.0,7073.892,98.684,696.678,694.836,0
39634,Sentinel-1A,24,7.414080542222222,14.5920042,0.0001301,98.182,54.5302,90.2386,269.8962,9.8237e-05,4.17e-06,0.0,7073.894,98.684,696.679,694.839,0
39634,Sentinel-1A,12,4.687672542222222,14.59200897,0.0001303,98.1821,55.1384,90.3186,269.8163,9.1391e-05,3.85e-06,0.0,7073.892,98.684,696.679,694.836,0
39634,Sentinel-1A,24,2.9366660444444443,14.59200596,0.00013,98.182,54.7329,90.3225,269.8123,9.636e-05,4.08e-06,0.0,7073.893,98.684,696.678,694.839,0
39634,Sentinel-1A,48,3.785966995555556,14.59199492,0.0001296,98.1819,53.7192,90.1513,269.9835,9.067e-05,3.82e-06,0.0,7073.897,98.684,696.679,694.845,0
39634,Sentinel-1A,48,4.859746231111111,14.59199965,0.00013,98.182,54.1247,90.3916,269.7433,9.2351e-05,3.9e-06,0.0,7073.895,98.684,696.68,694.841,1
39634,Sentinel-1A,12,3.648347591111111,14.59197263,0.0001314,98.1823,56.1523,90.9143,269.2207,9.9768e-05,4.25e-06,0.0,7073.904,98.684,696.699,694.84,0
39634,Sentinel-1A,48,7.414080542222222,14.5920042,0.0001301,98.182,54.5302,90.2386,269.8962,9.8237e-05,4.17e-06,0.0,7073.894,98.684,696.679,694.839,1
39634,Sentinel-1A,24,2.019064071111111,14.59197362,0.0001312,98.1823,56.0847,90.9263,269.2087,0.00010422,4.46e-06,0.0,7073.904,98.684,696.697,694.841,0
39634,Sentinel-1A,24,3.435924453333333,14.5919764,0.0001306,98.1822,56.355,90.843,269.2919,9.9352e-05,4.23e-06,0.0,7073.903,98.684,696.692,694.844,0
39634,Sentinel-1A,48,2.4767712266666666,14.59201141,0.0001304,98.1821,55.4087,90.4681,269.6668,9.0902e-05,3.83e-06,0.0,7073.892,98.684,696.679,694.834,1
39634,Sentinel-1A,48,3.725905582222222,14.59201513,0.0001302,98.1821,55.5439,90.4172,269.7176,9.9632e-05,4.24e-06,0.0,7073.89,98.684,696.676,694.834,1
39634,Sentinel-1A,24,3.207905768888889,14.59198407,0.0001307,98.1823,56.6928,90.2997,269.8353,0.00013815,6.05e-06,0.0,7073.9,98.684,696.69,694.841,0
39634,Sentinel-1A,48,2.019064071111111,14.59197362,0.0001312,98.1823,56.0847,90.9263,269.2087,0.00010422,4.46e-06,0.0,7073.904,98.684,696.697,694.841,0
39634,Sentinel-1A,24,2.662618631111111,14.5919821,0.0001309,98.1823,57.1659,90.5346,269.6004,6.451e-05,2.58e-06,0.0,7073.901,98.684,696.692,694.84,0
39634,Sentinel-1A,48,3.648347591111111,14.59197263,0.0001314,98.1823,56.1523,90.9143,269.2207,9.9768e-05,4.25e-06,0.0,7073.904,98.684,696.699,694.84,0
39634,Sentinel-1A,48,3.435924453333333,14.5919764,0.0001306,98.1822,56.355,90.843,269.2919,9.9352e-05,4.23e-06,0.0,7073.903,98.684,696.692,694.844,0
39634,Sentinel-1A,12,4.4609644444444445,14.59199861,0.0001311,98.1824,58.112,90.079,270.0559,0.00012364,5.37e-06,0.0,7073.896,98.684,696.688,694.833,0
39634,Sentinel-1A,48,3.207905768888889,14.59198407,0.0001307,98.1823,56.6928,90.2997,269.8353,0.00013815,6.05e-06,0.0,7073.9,98.684,696.69,694.841,0
39634,Sentinel-1A,48,2.662618631111111,14.5919821,0.0001309,98.1823,57.1659,90.5346,269.6004,6.451e-05,2.58e-06,0.0,7073.901,98.684,696.692,694.84,1
39634,Sentinel-1A,24,2.0656129244444443,14.59200145,0.0001308,98.1824,58.3824,90.2612,269.8738,0.00012341,5.36e-06,0.0,7073.895,98.684,696.685,694.835,0
39634,Sentinel-1A,24,2.003162515555556,14.59200522,0.0001308,98.1824,58.7203,90.2817,269.8532,0.00011649,5.03e-06,0.0,7073.894,98.684,696.684,694.833,0
39634,Sentinel-1A,48,2.689690008888889,14.59199429,0.000131,98.1824,57.7065,90.3398,269.7951,0.00012373,5.38e-06,0.0,7073.897,98.684,696.689,694.835,0
39634,Sentinel-1A,24,3.253925466666667,14.59200973,0.000131,98.1825,58.9906,90.3367,269.7983,0.00012169,5.28e-06,0.0,7073.892,98.684,696.684,694.83,0
39634,Sentinel-1A,48,2.0656129244444443,14.59200145,0.0001308,98.1824,58.3824,90.2612,269.8738,0.00012341,5.36e-06,0.0,7073.895,98.684,696.685,694.835,1
39634,Sentinel-1A,24,3.191753315555556,14.59201054,0.0001313,98.1824,59.3285,90.4154,269.7196,0.00011244,4.84e-06,0.0,7073.892,98.684,696.686,694.828,1
39634,Sentinel-1A,24,4.836999022222222,14.59201276,0.000131,98.1824,59.4637,90.4843,269.6507,0.0001131,4.87e-06,0.0,7073.891,98.684,696.683,694.829,1
39634,Sentinel-1A,12,2.509005208888889,14.5919666,0.0001327,98.1825,60.1393,89.7708,270.3644,0.00011351,4.89e-06,0.0,7073.906,98.684,696.71,694.832,0
39634,Sentinel-1A,48,3.191753315555556,14.59201054,0.0001313,98.1824,59.3285,90.4154,269.7196,0.00011244,4.84e-06,0.0,7073.892,98.684,696.686,694.828,1
39634,Sentinel-1A,24,4.152019093333333,14.59197008,0.0001315,98.1824,60.2746,90.2232,269.9118,0.00011342,4.89e-06,0.0,7073.905,98.684,696.7,694.84,0
39634,Sentinel-1A,24,2.1110585866666667,14.59197533,0.0001312,98.1825,60.6802,90.3793,269.7557,0.00011268,4.85e-06,0.0,7073.903,98.684,696.696,694.84,0
39634,Sentinel-1A,48,2.570759386666667,14.59202276,0.0001315,98.1825,60.0044,90.4908,269.6442,0.00012387,5.38e-06,0.0,7073.888,98.684,696.683,694.823,1
39634,Sentinel-1A,24,3.237876097777778,14.59197957,0.0001319,98.1824,61.0857,90.3422,269.7929,0.0001127,4.86e-06,0.0,7073.902,98.684,696.7,694.834,0
39634,Sentinel-1A,48,2.509005208888889,14.5919666,0.0001327,98.1825,60.1393,89.7708,270.3644,0.00011351,4.89e-06,0.0,7073.906,98.684,696.71,694.832,0
39634,Sentinel-1A,6,2.6136340088888885,14.59199409,0.0001318,98.1824,62.3022,90.4576,269.6775,0.0001203,5.21e-06,0.0,7073.897,98.684,696.695,694.83,0
39634,Sentinel-1A,12,3.444663697777778,14.59199183,0.0001319,98.1824,62.0994,90.4729,269.6622,0.00012058,5.23e-06,0.0,7073.898,98.684,696.696,694.83,0
39634,Sentinel-1A,48,2.1110585866666667,14.59197533,0.0001312,98.1825,60.6802,90.3793,269.7557,0.00011268,4.85e-06,0.0,7073.903,98.684,696.696,694.84,0
39634,Sentinel-1A,24,3.444663697777778,14.59199183,0.0001319,98.1824,62.0994,90.4729,269.6622,0.00012058,5.23e-06,0.0,7073.898,98.684,696.696,694.83,0
39634,Sentinel-1A,12,2.5556239644444445,14.59199579,0.000132,98.1824,62.6401,90.5164,269.6187,0.00010532,4.51e-06,0.0,7073.897,98.684,696.695,694.828,0
39634,Sentinel-1A,24,2.6136340088888885,14.59199409,0.0001318,98.1824,62.3022,90.4576,269.6775,0.0001203,5.21e-06,0.0,7073.897,98.684,696.695,694.83,1
39634,Sentinel-1A,12,2.094569795555556,14.591977,0.0001318,98.1823,63.316,89.9211,270.214,0.00010151,4.33e-06,0.0,7073.903,98.684,696.7,694.835,0
39634,Sentinel-1A,48,2.6136340088888885,14.59199409,0.0001318,98.1824,62.3022,90.4576,269.6775,0.0001203,5.21e-06,0.0,7073.897,98.684,696.695,694.83,1
39634,Sentinel-1A,24,2.094569795555556,14.591977,0.0001318,98.1823,63.316,89.9211,270.214,0.00010151,4.33e-06,0.0,7073.903,98.684,696.7,694.835,0
39634,Sentinel-1A,6,3.054572435555556,14.59199143,0.0001311,98.1823,64.2622,90.414,269.721,0.00011075,4.76e-06,0.0,7073.898,98.684,696.69,694.836,0
39634,Sentinel-1A,48,5.694155093333333,14.59199538,0.0001315,98.1824,62.4374,90.487,269.6481,0.00011666,5.04e-06,0.0,7073.897,98.684,696.692,694.832,1
39634,Sentinel-1A,24,1.8659986755555555,14.59198195,0.0001311,98.1823,63.6539,90.2514,269.8836,0.0001028,4.39e-06,0.0,7073.901,98.684,696.694,694.839,0
39634,Sentinel-1A,24,3.116199111111112,14.59198726,0.0001312,98.1824,63.9243,90.346,269.789,0.0001089,4.68e-06,0.0,7073.899,98.684,696.693,694.836,0
39634,Sentinel-1A,12,5.982867457777778,14.59199209,0.0001308,98.1823,64.3973,90.3757,269.7592,0.0001068,4.58e-06,0.0,7073.898,98.684,696.688,694.838,0
39634,Sentinel-1A,24,3.054572435555556,14.59199143,0.0001311,98.1823,64.2622,90.414,269.721,0.00011075,4.76e-06,0.0,7073.898,98.684,696.69,694.836,0
39634,Sentinel-1A,48,2.094569795555556,14.591977,0.0001318,98.1823,63.316,89.9211,270.214,0.00010151,4.33e-06,0.0,7073.903,98.684,696.7,694.835,0
39634,Sentinel-1A,48,1.8659986755555555,14.59198195,0.0001311,98.1823,63.6539,90.2514,269.8836,0.0001028,4.39e-06,0.0,7073.901,98.684,696.694,694.839,0
39634,Sentinel-1A,24,2.8273940444444445,14.59199454,0.0001305,98.1824,64.6001,90.2731,269.8618,0.00010648,4.56e-06,0.0,7073.897,98.684,696.685,694.839,0
39634,Sentinel-1A,48,3.116199111111112,14.59198726,0.0001312,98.1824,63.9243,90.346,269.789,0.0001089,4.68e-06,0.0,7073.899,98.684,696.693,694.836,0
39634,Sentinel-1A,24,2.5971689777777778,14.59200348,0.0001311,98.1824,64.938,90.0318,270.1032,0.00013461,5.89e-06,0.0,7073.894,98.684,696.687,694.832,0
39634,Sentinel-1A,24,3.700066968888889,14.5920037,0.0001312,98.1824,65.0056,90.058,270.077,0.00013243,5.79e-06,0.0,7073.894,98.684,696.687,694.831,0
39634,Sentinel-1A,48,3.054572435555556,14.59199143,0.0001311,98.1823,64.2622,90.414,269.721,0.00011075,4.76e-06,0.0,7073.898,98.684,696.69,694.836,0
39634,Sentinel-1A,12,3.5577660533333333,14.59201892,0.0001315,98.1824,65.8842,90.4939,269.6411,0.00014405,6.33e-06,0.0,7073.889,98.684,696.684,694.824,0
39634,Sentinel-1A,12,3.758564915555556,14.59202028,0.0001315,98.1824,66.0194,90.4692,269.6658,0.00014336,6.3e-06,0.0,7073.889,98.684,696.684,694.824,0
39634,Sentinel-1A,48,2.5971689777777778,14.59200348,0.0001311,98.1824,64.938,90.0318,270.1032,0.00013461,5.89e-06,0.0,7073.894,98.684,696.687,694.832,1
39634,Sentinel-1A,24,3.5577660533333333,14.59201892,0.0001315,98.1824,65.8842,90.4939,269.6411,0.00014405,6.33e-06,0.0,7073.889,98.684,696.684,694.824,1
39634,Sentinel-1A,48,3.700066968888889,14.5920037,0.0001312,98.1824,65.0056,90.058,270.077,0.00013243,5.79e-06,0.0,7073.894,98.684,696.687,694.831,1
39634,Sentinel-1A,6,4.1222497688888895,14.59197147,0.000131,98.1824,67.1684,90.0858,270.0492,0.00014339,6.3e-06,0.0,7073.905,98.684,696.696,694.843,0
39634,Sentinel-1A,48,4.913021991111111,14.5920154,0.0001308,98.1823,65.4111,90.2328,269.9021,0.00015805,6.99e-06,0.0,7073.89,98.684,696.681,694.83,1
39634,Sentinel-1A,48,3.5577660533333333,14.59201892,0.0001315,98.1824,65.8842,90.4939,269.6411,0.00014405,6.33e-06,0.0,7073.889,98.684,696.684,694.824,1
39634,Sentinel-1A,24,2.872615208888889,14.59197069,0.000131,98.1826,66.8982,89.3978,270.7372,0.00014718,6.48e-06,0.0,7073.905,98.684,696.696,694.843,0
39634,Sentinel-1A,48,3.758564915555556,14.59202028,0.0001315,98.1824,66.0194,90.4692,269.6658,0.00014336,6.3e-06,0.0,7073.889,98.684,696.684,694.824,1
39634,Sentinel-1A,12,4.060057697777777,14.59197502,0.0001321,98.1824,67.5063,90.1037,270.0314,0.00014581,6.42e-06,0.0,7073.903,98.684,696.703,694.834,0
39634,Sentinel-1A,24,4.060057697777777,14.59197502,0.0001321,98.1824,67.5063,90.1037,270.0314,0.00014581,6.42e-06,0.0,7073.903,98.684,696.703,694.834,0
39634,Sentinel-1A,48,2.872615208888889,14.59197069,0.000131,98.1826,66.8982,89.3978,270.7372,0.00014718,6.48e-06,0.0,7073.905,98.684,696.696,694.843,0
39634,Sentinel-1A,12,3.3743400177777776,14.59199198,0.0001331,98.1825,68.5201,90.1302,270.005,0.00015719,6.95e-06,0.0,7073.898,98.684,696.704,694.821,0
39634,Sentinel-1A,24,8.05870112,14.59198002,0.0001329,98.1825,67.8442,90.1537,269.9815,0.00014887,6.56e-06,0.0,7073.902,98.684,696.707,694.827,0
39634,Sentinel-1A,24,1.7905270311111112,14.59198467,0.0001329,98.1825,68.2497,90.1426,269.9926,0.00014255,6.26e-06,0.0,7073.9,98.684,696.705,694.825,0
39634,Sentinel-1A,6,2.750535431111111,14.59199677,0.0001335,98.1825,69.1959,90.205,269.9303,0.00013813,6.05e-06,0.0,7073.896,98.684,696.706,694.817,0
39634,Sentinel-1A,48,7.052761493333333,14.59197293,0.0001317,98.1824,67.3035,90.1992,269.9358,0.00014621,6.43e-06,0.0,7073.904,98.684,696.701,694.837,0
39634,Sentinel-1A,24,3.3743400177777776,14.59199198,0.0001331,98.1825,68.5201,90.1302,270.005,0.00015719,6.95e-06,0.0,7073.898,98.684,696.704,694.821,0
39634,Sentinel-1A,48,4.060057697777777,14.59197502,0.0001321,98.1824,67.5063,90.1037,270.0314,0.00014581,6.42e-06,0.0,7073.903,98.684,696.703,694.834,0
39634,Sentinel-1A,24,2.750535431111111,14.59199677,0.0001335,98.1825,69.1959,90.205,269.9303,0.00013813,6.05e-06,0.0,7073.896,98.684,696.706,694.817,1
39634,Sentinel-1A,48,1.7905270311111112,14.59198467,0.0001329,98.1825,68.2497,90.1426,269.9926,0.00014255,6.26e-06,0.0,7073.9,98.684,696.705,694.825,1
39634,Sentinel-1A,12,4.252098115555556,14.59196275,0.0001339,98.1827,69.9394,89.8037,270.3316,0.00012694,5.53e-06,0.0,7073.907,98.684,696.72,694.825,0
39634,Sentinel-1A,48,3.3743400177777776,14.59199198,0.0001331,98.1825,68.5201,90.1302,270.005,0.00015719,6.95e-06,0.0,7073.898,98.684,696.704,694.821,1
39634,Sentinel-1A,24,2.293369191111111,14.59196218,0.0001341,98.1827,69.8718,90.3122,269.8231,0.00012827,5.59e-06,0.0,7073.908,98.684,696.721,694.824,0
39634,Sentinel-1A,24,4.252098115555556,14.59196275,0.0001339,98.1827,69.9394,89.8037,270.3316,0.00012694,5.53e-06,0.0,7073.907,98.684,696.72,694.825,0
39634,Sentinel-1A,12,14.908285128888888,14.59196876,0.0001328,98.1826,70.1421,89.6776,270.4576,0.00012535,5.45e-06,0.0,7073.905,98.684,696.71,694.831,0
39634,Sentinel-1A,48,2.750535431111111,14.59199677,0.0001335,98.1825,69.1959,90.205,269.9303,0.00013813,6.05e-06,0.0,7073.896,98.684,696.706,694.817,1
39634,Sentinel-1A,12,3.830528622222222,14.59197565,0.000133,98.1827,70.9532,90.2732,269.862,0.00011032,4.74e-06,0.0,7073.903,98.684,696.709,694.827,0
39634,Sentinel-1A,48,2.293369191111111,14.59196218,0.0001341,98.1827,69.8718,90.3122,269.8231,0.00012827,5.59e-06,0.0,7073.908,98.684,696.721,694.824,0
39634,Sentinel-1A,24,3.420293715555556,14.59197518,0.000133,98.1827,70.8181,90.2517,269.8835,0.00011446,4.94e-06,0.0,7073.903,98.684,696.709,694.827,0
39634,Sentinel-1A,24,1.5460017955555556,14.59197845,0.0001328,98.1826,71.2236,90.2751,269.8601,0.00010794,4.63e-06,0.0,7073.902,98.684,696.707,694.828,0
39634,Sentinel-1A,12,2.737625351111111,14.59198573,0.0001326,98.1827,71.8319,90.2667,269.8685,0.00010012,4.26e-06,0.0,7073.9,98.684,696.703,694.827,0
39634,Sentinel-1A,24,2.9628648177777777,14.59197973,0.0001325,98.1827,71.4939,90.297,269.8381,9.1547e-05,3.86e-06,0.0,7073.902,98.684,696.704,694.83,0
39634,Sentinel-1A,48,3.648872275555556,14.59197263,0.0001322,98.1826,70.4801,89.9352,270.1999,0.000121,5.25e-06,0.0,7073.904,98.684,696.704,694.834,0
39634,Sentinel-1A,48,3.420293715555556,14.59197518,0.000133,98.1827,70.8181,90.2517,269.8835,0.00011446,4.94e-06,0.0,7073.903,98.684,696.709,694.827,0
39634,Sentinel-1A,24,4.050521662222223,14.59198596,0.0001326,98.1827,71.8995,90.2086,269.9265,9.8399e-05,4.18e-06,0.0,7073.9,98.684,696.703,694.827,0
39634,Sentinel-1A,24,4.151713475555556,14.59198795,0.0001325,98.1827,72.1022,90.3218,269.8133,9.7395e-05,4.13e-06,0.0,7073.899,98.684,696.701,694.827,0
39634,Sentinel-1A,48,1.5460017955555556,14.59197845,0.0001328,98.1826,71.2236,90.2751,269.8601,0.00010794,4.63e-06,0.0,7073.902,98.684,696.707,694.828,0
39634,Sentinel-1A,12,3.6948564533333337,14.59199712,0.0001324,98.1827,72.7781,90.2626,269.8725,0.00010859,4.66e-06,0.0,7073.896,98.684,696.698,694.825,0
39634,Sentinel-1A,24,4.874175164444444,14.59198694,0.0001322,98.1827,72.2374,90.2683,269.8668,8.6872e-05,3.64e-06,0.0,7073.9,98.684,696.7,694.829,0
39634,Sentinel-1A,12,6.919023119999999,14.59199712,0.0001324,98.1827,72.7781,90.2626,269.8725,0.00010859,4.66e-06,0.0,7073.896,98.684,696.698,694.825,0
39634,Sentinel-1A,48,2.9628648177777777,14.59197973,0.0001325,98.1827,71.4939,90.297,269.8381,9.1547e-05,3.86e-06,0.0,7073.902,98.684,696.704,694.83,0
39634,Sentinel-1A,24,3.6948564533333337,14.59199712,0.0001324,98.1827,72.7781,90.2626,269.8725,0.00010859,4.66e-06,0.0,7073.896,98.684,696.698,694.825,0
39634,Sentinel-1A,12,3.238282968888889,14.59199997,0.0001324,98.1827,73.454,90.4229,269.7122,9.0432e-05,3.81e-06,0.0,7073.895,98.684,696.697,694.824,1
39634,Sentinel-1A,24,3.466014755555556,14.59199955,0.0001322,98.1827,73.116,90.3276,269.8075,0.00010554,4.52e-06,0.0,7073.895,98.684,696.696,694.825,1
39634,Sentinel-1A,48,4.151713475555556,14.59198795,0.0001325,98.1827,72.1022,90.3218,269.8133,9.7395e-05,4.13e-06,0.0,7073.899,98.684,696.701,694.827,0
39634,Sentinel-1A,12,3.009140453333333,14.59196652,0.0001332,98.1827,73.7917,90.5276,269.6077,8.8437e-05,3.71e-06,0.0,7073.906,98.684,696.713,694.829,0
39634,Sentinel-1A,48,4.874175164444444,14.59198694,0.0001322,98.1827,72.2374,90.2683,269.8668,8.6872e-05,3.64e-06,0.0,7073.9,98.684,696.7,694.829,1
39634,Sentinel-1A,24,3.009140453333333,14.59196652,0.0001332,98.1827,73.7917,90.5276,269.6077,8.8437e-05,3.71e-06,0.0,7073.906,98.684,696.713,694.829,0
39634,Sentinel-1A,48,3.6948564533333337,14.59199712,0.0001324,98.1827,72.7781,90.2626,269.8725,0.00010859,4.66e-06,0.0,7073.896,98.684,696.698,694.825,1
39634,Sentinel-1A,48,6.919023119999999,14.59199712,0.0001324,98.1827,72.7781,90.2626,269.8725,0.00010859,4.66e-06,0.0,7073.896,98.684,696.698,694.825,1
39634,Sentinel-1A,12,2.5519775733333336,14.59197202,0.0001326,98.1827,74.4677,90.5365,269.5986,7.887e-05,3.26e-06,0.0,7073.904,98.684,696.707,694.831,0
39634,Sentinel-1A,48,3.466014755555556,14.59199955,0.0001322,98.1827,73.116,90.3276,269.8075,0.00010554,4.52e-06,0.0,7073.895,98.684,696.696,694.825,1
39634,Sentinel-1A,24,4.426275253333333,14.59196959,0.000132,98.1826,74.0621,90.5394,269.5957,8.2489e-05,3.43e-06,0.0,7073.905,98.684,696.704,694.836,0
39634,Sentinel-1A,12,2.323397573333333,14.59197468,0.0001334,98.1827,74.8057,90.4273,269.708,7.6941e-05,3.17e-06,0.0,7073.903,98.684,696.712,694.825,0
39634,Sentinel-1A,24,5.280119831111111,14.5919699,0.0001323,98.1827,74.1973,90.684,269.4511,7.9709e-05,3.3e-06,0.0,7073.905,98.684,696.706,694.834,0
39634,Sentinel-1A,24,2.5519775733333336,14.59197202,0.0001326,98.1827,74.4677,90.5365,269.5986,7.887e-05,3.26e-06,0.0,7073.904,98.684,696.707,694.831,0
39634,Sentinel-1A,24,4.839071182222222,14.59197554,0.0001333,98.1827,74.8733,90.3048,269.8304,7.8278e-05,3.23e-06,0.0,7073.903,98.684,696.711,694.825,0
39634,Sentinel-1A,48,5.7342558666666665,14.59196585,0.0001331,98.1827,73.8593,90.5103,269.6249,8.2929e-05,3.45e-06,0.0,7073.906,98.684,696.713,694.83,0
39634,Sentinel-1A,48,4.426275253333333,14.59196959,0.000132,98.1826,74.0621,90.5394,269.5957,8.2489e-05,3.43e-06,0.0,7073.905,98.684,696.704,694.836,0
39634,Sentinel-1A,6,3.0587038222222223,14.59198921,0.0001333,98.1826,76.0899,90.2462,269.889,0.00010168,4.34e-06,0.0,7073.899,98.684,696.707,694.821,0
39634,Sentinel-1A,24,3.283108275555555,14.59198694,0.0001335,98.1827,75.752,90.4248,269.7105,0.00011285,4.86e-06,0.0,7073.9,98.684,696.709,694.82,0
39634,Sentinel-1A,48,2.323397573333333,14.59197468,0.0001334,98.1827,74.8057,90.4273,269.708,7.6941e-05,3.17e-06,0.0,7073.903,98.684,696.712,694.825,0
39634,Sentinel-1A,24,8.313386053333334,14.59198694,0.0001335,98.1827,75.752,90.4248,269.7105,0.00011285,4.86e-06,0.0,7073.9,98.684,696.709,694.82,0
39634,Sentinel-1A,12,3.6190071911111112,14.59198538,0.0001343,98.1826,77.3742,90.833,269.3023,3.0988e-05,1e-06,0.0,7073.9,98.684,696.715,694.815,0
39634,Sentinel-1A,24,3.847861848888889,14.59198799,0.0001335,98.1826,77.0362,90.1005,270.0347,5.3507e-05,2.06e-06,0.0,7073.899,98.684,696.709,694.82,0
39634,Sentinel-1A,12,1.7466625955555557,14.59198296,0.0001332,98.1826,77.7798,91.3389,268.7964,8.5974e-06,-5e-08,0.0,7073.901,98.684,696.708,694.824,0
39634,Sentinel-1A,24,1.7466625955555557,14.59198296,0.0001332,98.1826,77.7798,91.3389,268.7964,8.5974e-06,-5e-08,0.0,7073.901,98.684,696.708,694.824,0
39634,Sentinel-1A,48,2.597665253333333,14.59198948,0.0001338,98.1826,76.7658,90.2412,269.8941,7.2028e-05,2.94e-06,0.0,7073.899,98.684,696.71,694.817,0
39634,Sentinel-1A,24,1.516423608888889,14.59198397,0.0001342,98.1826,78.1177,91.1986,268.9367,9.6125e-06,0.0,0.0,7073.9,98.684,696.715,694.816,0
39634,Sentinel-1A,48,3.847861848888889,14.59198799,0.0001335,98.1826,77.0362,90.1005,270.0347,5.3507e-05,2.06e-06,0.0,7073.899,98.684,696.709,694.82,0
39634,Sentinel-1A,12,2.872228711111111,14.59199368,0.0001353,98.1826,78.7259,90.5472,269.5883,4.8861e-05,1.85e-06,0.0,7073.897,98.684,696.719,694.805,0
39634,Sentinel-1A,12,3.992070906666666,14.59199415,0.0001353,98.1826,78.7935,90.5075,269.628,4.9748e-05,1.89e-06,0.0,7073.897,98.684,696.719,694.805,0
39634,Sentinel-1A,24,2.933014373333333,14.5919872,0.0001335,98.1826,78.3881,90.5932,269.542,2.2554e-05,6.1e-07,0.0,7073.899,98.684,696.709,694.82,0
39634,Sentinel-1A,48,3.6190071911111112,14.59198538,0.0001343,98.1826,77.3742,90.833,269.3023,3.0988e-05,1e-06,0.0,7073.9,98.684,696.715,694.815,0
39634,Sentinel-1A,12,2.247606151111111,14.59200429,0.0001336,98.1825,79.4018,90.8609,269.2743,9.2175e-05,3.89e-06,0.0,7073.894,98.684,696.704,694.814,0
39634,Sentinel-1A,48,4.260670017777778,14.59198291,0.0001333,98.1826,77.8474,91.3869,268.7484,8.0569e-06,-8e-08,0.0,7073.901,98.684,696.709,694.823,1
39634,Sentinel-1A,24,2.476449288888889,14.59200056,0.0001329,98.1825,79.0639,91.183,268.9521,8.0659e-05,3.34e-06,0.0,7073.895,98.684,696.7,694.82,0
39634,Sentinel-1A,48,1.516423608888889,14.59198397,0.0001342,98.1826,78.1177,91.1986,268.9367,9.6125e-06,0.0,0.0,7073.9,98.684,696.715,694.816,1
39634,Sentinel-1A,12,2.019324328888889,14.59200892,0.0001341,98.1825,79.7398,90.4713,269.6641,0.00010095,4.3e-06,0.0,7073.892,98.684,696.706,694.809,0
39634,Sentinel-1A,48,2.933014373333333,14.5919872,0.0001335,98.1826,78.3881,90.5932,269.542,2.2554e-05,6.1e-07,0.0,7073.899,98.684,696.709,694.82,1
39634,Sentinel-1A,24,2.247606151111111,14.59200429,0.0001336,98.1825,79.4018,90.8609,269.2743,9.2175e-05,3.89e-06,0.0,7073.894,98.684,696.704,694.814,0
39634,Sentinel-1A,24,2.019324328888889,14.59200892,0.0001341,98.1825,79.7398,90.4713,269.6641,0.00010095,4.3e-06,0.0,7073.892,98.684,696.706,694.809,1
39634,Sentinel-1A,48,3.992070906666666,14.59199415,0.0001353,98.1826,78.7935,90.5075,269.628,4.9748e-05,1.89e-06,0.0,7073.897,98.684,696.719,694.805,0
39634,Sentinel-1A,24,1.7907676088888889,14.59201232,0.0001346,98.1825,80.0777,90.5125,269.6229,0.0001016,4.33e-06,0.0,7073.891,98.684,696.708,694.804,1
39634,Sentinel-1A,48,2.476449288888889,14.59200056,0.0001329,98.1825,79.0639,91.183,268.9521,8.0659e-05,3.34e-06,0.0,7073.895,98.684,696.7,694.82,1
39634,Sentinel-1A,24,4.216722835555556,14.59201305,0.0001345,98.1825,80.1453,90.4779,269.6574,0.00010144,4.32e-06,0.0,7073.891,98.684,696.708,694.805,1
39634,Sentinel-1A,48,5.471014186666666,14.59200138,0.0001331,98.1825,79.1315,91.0966,269.0386,8.2107e-05,3.41e-06,0.0,7073.895,98.684,696.701,694.818,1
39634,Sentinel-1A,48,3.060265395555556,14.59200392,0.0001334,98.1825,79.3342,90.9168,269.2184,9.055e-05,3.81e-06,0.0,7073.894,98.684,696.703,694.815,1
39634,Sentinel-1A,12,3.022063075555556,14.59196788,0.0001347,98.1826,80.821,91.3891,268.7463,9.935e-05,4.23e-06,0.0,7073.906,98.684,696.724,694.818,0
39634,Sentinel-1A,48,2.247606151111111,14.59200429,0.0001336,98.1825,79.4018,90.8609,269.2743,9.2175e-05,3.89e-06,0.0,7073.894,98.684,696.704,694.814,1
39634,Sentinel-1A,48,2.019324328888889,14.59200892,0.0001341,98.1825,79.7398,90.4713,269.6641,0.00010095,4.3e-06,0.0,7073.892,98.684,696.706,694.809,1
39634,Sentinel-1A,24,3.022063075555556,14.59196788,0.0001347,98.1826,80.821,91.3891,268.7463,9.935e-05,4.23e-06,0.0,7073.906,98.684,696.724,694.818,0
39634,Sentinel-1A,24,1.105035528888889,14.59197246,0.0001345,98.1826,81.0914,90.8538,269.2816,0.00010325,4.41e-06,0.0,7073.904,98.684,696.721,694.818,0
39634,Sentinel-1A,48,1.7907676088888889,14.59201232,0.0001346,98.1825,80.0777,90.5125,269.6229,0.0001016,4.33e-06,0.0,7073.891,98.684,696.708,694.804,1
39634,Sentinel-1A,12,2.2938753066666666,14.59198119,0.0001345,98.1826,81.6998,90.2534,269.8819,0.00011164,4.81e-06,0.0,7073.901,98.684,696.718,694.815,0
39634,Sentinel-1A,48,4.216722835555556,14.59201305,0.0001345,98.1825,80.1453,90.4779,269.6574,0.00010144,4.32e-06,0.0,7073.891,98.684,696.708,694.805,1
39634,Sentinel-1A,12,4.2664936,14.59198185,0.0001345,98.1826,81.7674,90.2342,269.9012,0.00011161,4.8e-06,0.0,7073.901,98.684,696.718,694.815,0
39634,Sentinel-1A,24,2.5218975911111112,14.59197946,0.0001343,98.1826,81.3618,90.742,269.3933,0.00011773,5.09e-06,0.0,7073.902,98.684,696.717,694.817,0
39634,Sentinel-1A,48,1.105035528888889,14.59197246,0.0001345,98.1826,81.0914,90.8538,269.2816,0.00010325,4.41e-06,0.0,7073.904,98.684,696.721,694.818,0
39634,Sentinel-1A,48,2.5218975911111112,14.59197946,0.0001343,98.1826,81.3618,90.742,269.3933,0.00011773,5.09e-06,0.0,7073.902,98.684,696.717,694.817,0
39634,Sentinel-1A,6,9.174167724444445,14.59200192,0.0001345,98.1826,83.1192,90.0765,270.0589,0.00013191,5.76e-06,0.0,7073.895,98.684,696.711,694.808,1
39634,Sentinel-1A,48,2.2938753066666666,14.59198119,0.0001345,98.1826,81.6998,90.2534,269.8819,0.00011164,4.81e-06,0.0,7073.901,98.684,696.718,694.815,0
39634,Sentinel-1A,24,1.379325288888889,14.59200132,0.0001345,98.1826,83.0516,90.1362,269.9992,0.00013336,5.83e-06,0.0,7073.895,98.684,696.711,694.808,1
39634,Sentinel-1A,48,2.0666913955555555,14.59198424,0.0001347,98.1825,82.0378,90.4091,269.7262,0.00010873,4.67e-06,0.0,7073.9,98.684,696.718,694.813,1
39634,Sentinel-1A,24,1.0891006133333334,14.59195658,0.0001362,98.1826,83.7272,89.5588,270.5768,0.00012983,5.66e-06,0.0,7073.909,98.685,696.738,694.811,0
39634,Sentinel-1A,48,1.379325288888889,14.59200132,0.0001345,98.1826,83.0516,90.1362,269.9992,0.00013336,5.83e-06,0.0,7073.895,98.684,696.711,694.808,1
39634,Sentinel-1A,48,2.7964740088888886,14.59200369,0.0001346,98.1826,83.322,90.4286,269.7068,0.00012734,5.55e-06,0.0,7073.894,98.684,696.711,694.807,1
39634,Sentinel-1A,12,1.5916453155555557,14.59198446,0.0001341,98.1827,85.3498,89.6319,270.5034,0.00012974,5.66e-06,0.0,7073.9,98.684,696.714,694.817,0
39634,Sentinel-1A,24,4.534467644444445,14.59197343,0.0001343,98.1827,84.7415,89.6588,270.4766,0.00011908,5.16e-06,0.0,7073.904,98.684,696.719,694.819,0
39634,Sentinel-1A,24,1.6535516888888888,14.591977,0.0001346,98.1827,85.0118,89.6268,270.5086,0.00011904,5.15e-06,0.0,7073.903,98.684,696.72,694.816,0
39634,Sentinel-1A,12,1.196131671111111,14.59198811,0.0001341,98.1827,85.6878,89.5863,270.549,0.00012516,5.44e-06,0.0,7073.899,98.684,696.713,694.816,0
39634,Sentinel-1A,24,7.575336648888888,14.5919779,0.0001344,98.1827,85.0794,89.6617,270.4736,0.00011889,5.15e-06,0.0,7073.902,98.684,696.718,694.817,0
39634,Sentinel-1A,24,1.196131671111111,14.59198811,0.0001341,98.1827,85.6878,89.5863,270.549,0.00012516,5.44e-06,0.0,7073.899,98.684,696.713,694.816,0
39634,Sentinel-1A,12,3.473519617777778,14.59199521,0.0001339,98.1827,86.0933,89.4326,270.7027,0.00013079,5.71e-06,0.0,7073.897,98.684,696.709,694.815,0
39634,Sentinel-1A,48,2.0490725333333333,14.59197281,0.0001343,98.1827,84.6739,89.67,270.4654,0.00011924,5.16e-06,0.0,7073.904,98.684,696.719,694.819,0
39634,Sentinel-1A,12,2.384991128888889,14.59199982,0.0001341,98.1828,86.2961,89.5053,270.63,0.00013826,6.06e-06,0.0,7073.895,98.684,696.709,694.812,0
39634,Sentinel-1A,48,4.534467644444445,14.59197343,0.0001343,98.1827,84.7415,89.6588,270.4766,0.00011908,5.16e-06,0.0,7073.904,98.684,696.719,694.819,1
39634,Sentinel-1A,48,1.6535516888888888,14.591977,0.0001346,98.1827,85.0118,89.6268,270.5086,0.00011904,5.15e-06,0.0,7073.903,98.684,696.72,694.816,0
39634,Sentinel-1A,24,3.473519617777778,14.59199521,0.0001339,98.1827,86.0933,89.4326,270.7027,0.00013079,5.71e-06,0.0,7073.897,98.684,696.709,694.815,0
39634,Sentinel-1A,12,2.323658551111111,14.59200755,0.0001341,98.1828,86.634,89.9019,270.2334,0.00015414,6.81e-06,0.0,7073.893,98.684,696.706,694.809,0
39634,Sentinel-1A,48,7.575336648888888,14.5919779,0.0001344,98.1827,85.0794,89.6617,270.4736,0.00011889,5.15e-06,0.0,7073.902,98.684,696.718,694.817,1
39634,Sentinel-1A,24,2.384991128888889,14.59199982,0.0001341,98.1828,86.2961,89.5053,270.63,0.00013826,6.06e-06,0.0,7073.895,98.684,696.709,694.812,0
39634,Sentinel-1A,48,1.196131671111111,14.59198811,0.0001341,98.1827,85.6878,89.5863,270.549,0.00012516,5.44e-06,0.0,7073.899,98.684,696.713,694.816,1
39634,Sentinel-1A,24,1.927879368888889,14.5920139,0.0001343,98.1827,86.972,89.858,270.2773,0.00015968,7.07e-06,0.0,7073.891,98.684,696.706,694.806,1
39634,Sentinel-1A,12,4.919866835555555,14.59194338,0.0001352,98.1828,87.648,91.6309,268.5045,0.00016747,7.44e-06,0.0,7073.914,98.685,696.735,694.822,0
39634,Sentinel-1A,24,6.636456488888889,14.59201552,0.0001342,98.1827,87.1072,89.9468,270.1885,0.00015723,6.96e-06,0.0,7073.89,98.684,696.705,694.806,1
39634,Sentinel-1A,48,2.384991128888889,14.59199982,0.0001341,98.1828,86.2961,89.5053,270.63,0.00013826,6.06e-06,0.0,7073.895,98.684,696.709,694.812,1
39634,Sentinel-1A,24,3.116690106666667,14.59194188,0.0001354,98.1828,87.5804,91.3426,268.7928,0.00016027,7.1e-06,0.0,7073.914,98.685,696.737,694.821,0
39634,Sentinel-1A,48,2.323658551111111,14.59200755,0.0001341,98.1828,86.634,89.9019,270.2334,0.00015414,6.81e-06,0.0,7073.893,98.684,696.706,694.809,1
39634,Sentinel-1A,48,5.257946151111112,14.5920081,0.0001341,98.1828,86.7016,89.8365,270.2988,0.00015253,6.73e-06,0.0,7073.893,98.684,696.706,694.809,1
39634,Sentinel-1A,48,1.927879368888889,14.5920139,0.0001343,98.1827,86.972,89.858,270.2773,0.00015968,7.07e-06,0.0,7073.891,98.684,696.706,694.806,1
39634,Sentinel-1A,24,1.2437717155555557,14.59194922,0.0001347,98.1827,87.9858,90.6262,269.5092,0.00016638,7.39e-06,0.0,7073.912,98.685,696.73,694.824,0
39634,Sentinel-1A,12,4.245804933333333,14.59195927,0.0001346,98.1828,88.5266,89.9837,270.1516,0.00017139,7.62e-06,0.0,7073.908,98.684,696.726,694.821,0
39634,Sentinel-1A,48,4.461612373333334,14.59201476,0.0001342,98.1827,87.0396,89.7692,270.3661,0.00015864,7.02e-06,0.0,7073.891,98.684,696.705,694.806,1
39634,Sentinel-1A,48,6.636456488888889,14.59201552,0.0001342,98.1827,87.1072,89.9468,270.1885,0.00015723,6.96e-06,0.0,7073.89,98.684,696.705,694.806,1
39634,Sentinel-1A,48,1.2437717155555557,14.59194922,0.0001347,98.1827,87.9858,90.6262,269.5092,0.00016638,7.39e-06,0.0,7073.912,98.685,696.73,694.824,0
39634,Sentinel-1A,48,4.842220222222222,14.59195065,0.0001344,98.1827,88.0534,90.4854,269.65,0.00016626,7.38e-06,0.0,7073.911,98.685,696.727,694.826,0
39634,Sentinel-1A,24,1.744895128888889,14.59197351,0.0001343,98.1827,89.608,90.0267,270.1086,0.00015917,7.05e-06,0.0,7073.904,98.684,696.719,694.819,0
39634,Sentinel-1A,12,2.9334643288888893,14.59198563,0.0001343,98.1827,90.2164,90.5898,269.5455,0.00016381,7.26e-06,0.0,7073.9,98.684,696.715,694.815,0
39634,Sentinel-1A,24,1.5163225688888888,14.59198184,0.0001343,98.1827,89.946,90.072,270.0634,0.00016885,7.5e-06,0.0,7073.901,98.684,696.716,694.816,0
39634,Sentinel-1A,24,8.22667936888889,14.59197443,0.0001343,98.1827,89.6756,90.0761,270.0592,0.00015874,7.03e-06,0.0,7073.904,98.684,696.719,694.819,0
39634,Sentinel-1A,24,2.9334643288888893,14.59198563,0.0001343,98.1827,90.2164,90.5898,269.5455,0.00016381,7.26e-06,0.0,7073.9,98.684,696.715,694.815,0
39634,Sentinel-1A,48,1.744895128888889,14.59197351,0.0001343,98.1827,89.608,90.0267,270.1086,0.00015917,7.05e-06,0.0,7073.904,98.684,696.719,694.819,0
39634,Sentinel-1A,48,1.5163225688888888,14.59198184,0.0001343,98.1827,89.946,90.072,270.0634,0.00016885,7.5e-06,0.0,7073.901,98.684,696.716,694.816,0
39634,Sentinel-1A,12,2.019219208888889,14.5920131,0.0001347,98.1826,91.5682,90.1779,269.9575,0.00017073,7.59e-06,0.0,7073.891,98.684,696.709,694.803,0
39634,Sentinel-1A,12,4.35211912,14.59201395,0.0001348,98.1826,91.6358,90.2084,269.9271,0.00016906,7.51e-06,0.0,7073.891,98.684,696.709,694.802,0
39634,Sentinel-1A,24,2.2477788088888886,14.5920108,0.0001347,98.1826,91.2303,90.2285,269.9069,0.00018671,8.35e-06,0.0,7073.892,98.684,696.71,694.804,0
39634,Sentinel-1A,48,2.9334643288888893,14.59198563,0.0001343,98.1827,90.2164,90.5898,269.5455,0.00016381,7.26e-06,0.0,7073.9,98.684,696.715,694.815,0
39634,Sentinel-1A,24,2.019219208888889,14.5920131,0.0001347,98.1826,91.5682,90.1779,269.9575,0.00017073,7.59e-06,0.0,7073.891,98.684,696.709,694.803,0
39634,Sentinel-1A,48,6.043358515555556,14.59199643,0.0001347,98.1826,90.6219,90.2507,269.8847,0.00017246,7.67e-06,0.0,7073.896,98.684,696.714,694.809,0
39634,Sentinel-1A,24,1.790664888888889,14.59201811,0.0001348,98.1825,91.9062,90.175,269.9604,0.00016649,7.39e-06,0.0,7073.889,98.684,696.708,694.801,0
39634,Sentinel-1A,6,6.885510773333333,14.59202995,0.0001351,98.1825,92.5822,90.1252,270.0103,0.00016816,7.47e-06,0.0,7073.886,98.684,696.706,694.795,0
39634,Sentinel-1A,48,2.2477788088888886,14.5920108,0.0001347,98.1826,91.2303,90.2285,269.9069,0.00018671,8.35e-06,0.0,7073.892,98.684,696.71,694.804,0
39634,Sentinel-1A,24,3.3756036266666665,14.5920238,0.0001348,98.1825,92.1766,90.1628,269.9727,0.00017121,7.61e-06,0.0,7073.888,98.684,696.706,694.799,0
39634,Sentinel-1A,12,5.042247431111111,14.5920372,0.0001349,98.1825,92.9201,90.5227,269.6127,0.00017353,7.72e-06,0.0,7073.883,98.684,696.703,694.794,0
39634,Sentinel-1A,48,2.019219208888889,14.5920131,0.0001347,98.1826,91.5682,90.1779,269.9575,0.00017073,7.59e-06,0.0,7073.891,98.684,696.709,694.803,0
39634,Sentinel-1A,24,6.270970746666666,14.59202592,0.000135,98.1825,92.3794,90.1489,269.9865,0.0001684,7.48e-06,0.0,7073.887,98.684,696.707,694.797,0
39634,Sentinel-1A,48,4.35211912,14.59201395,0.0001348,98.1826,91.6358,90.2084,269.9271,0.00016906,7.51e-06,0.0,7073.891,98.684,696.709,694.802,0
39634,Sentinel-1A,12,4.337345413333334,14.59204073,0.0001349,98.1825,93.1229,90.4506,269.6848,0.00017471,7.78e-06,0.0,7073.882,98.684,696.701,694.793,0
39634,Sentinel-1A,48,1.790664888888889,14.59201811,0.0001348,98.1825,91.9062,90.175,269.9604,0.00016649,7.39e-06,0.0,7073.889,98.684,696.708,694.801,0
39634,Sentinel-1A,24,2.9176779733333333,14.59203616,0.000135,98.1825,92.8525,90.6436,269.4918,0.00017543,7.81e-06,0.0,7073.884,98.684,696.704,694.794,0
39634,Sentinel-1A,24,5.042247431111111,14.5920372,0.0001349,98.1825,92.9201,90.5227,269.6127,0.00017353,7.72e-06,0.0,7073.883,98.684,696.703,694.794,0
39634,Sentinel-1A,48,4.237732426666667,14.59201942,0.0001347,98.1825,91.9738,90.1697,269.9657,0.00016678,7.41e-06,0.0,7073.889,98.684,696.707,694.801,0
39634,Sentinel-1A,12,2.460596933333333,14.59204596,0.0001351,98.1825,93.5285,90.2984,269.8371,0.00017006,7.56e-06,0.0,7073.88,98.684,696.701,694.79,0
39634,Sentinel-1A,48,3.3756036266666665,14.5920238,0.0001348,98.1825,92.1766,90.1628,269.9727,0.00017121,7.61e-06,0.0,7073.888,98.684,696.706,694.799,1
39634,Sentinel-1A,24,4.337345413333334,14.59204073,0.0001349,98.1825,93.1229,90.4506,269.6848,0.00017471,7.78e-06,0.0,7073.882,98.684,696.701,694.793,1
39634,Sentinel-1A,48,6.270970746666666,14.59202592,0.000135,98.1825,92.3794,90.1489,269.9865,0.0001684,7.48e-06,0.0,7073.887,98.684,696.707,694.797,1
39634,Sentinel-1A,24,2.460596933333333,14.59204596,0.0001351,98.1825,93.5285,90.2984,269.8371,0.00017006,7.56e-06,0.0,7073.88,98.684,696.701,694.79,1
39634,Sentinel-1A,48,5.042247431111111,14.5920372,0.0001349,98.1825,92.9201,90.5227,269.6127,0.00017353,7.72e-06,0.0,7073.883,98.684,696.703,694.794,1
39634,Sentinel-1A,12,1.775148631111111,14.59192609,0.0001344,98.1824,94.5424,90.5557,269.5796,0.00016395,7.27e-06,0.0,7073.919,98.685,696.735,694.833,0
39634,Sentinel-1A,6,1.6516395555555556,14.59194417,0.0001349,98.1824,95.7591,90.6723,269.4632,0.000155,6.85e-06,0.0,7073.913,98.685,696.733,694.824,0
39634,Sentinel-1A,6,8.546181502222222,14.59194053,0.0001349,98.1824,95.4886,90.3239,269.8116,0.00015912,7.04e-06,0.0,7073.915,98.685,696.734,694.825,0
39634,Sentinel-1A,24,4.289161244444444,14.59193315,0.0001352,98.1825,94.9479,89.9291,270.2064,0.00017027,7.57e-06,0.0,7073.917,98.685,696.738,694.826,0
39634,Sentinel-1A,24,2.963669591111111,14.59193839,0.0001348,98.1824,95.1507,90.522,269.6135,0.00017427,7.76e-06,0.0,7073.915,98.685,696.734,694.827,0
39634,Sentinel-1A,48,2.017926257777778,14.59193445,0.0001342,98.1825,94.2046,92.4368,267.6985,0.00018143,8.09e-06,0.0,7073.916,98.685,696.731,694.832,1
39634,Sentinel-1A,24,2.3392552088888885,14.59194575,0.000135,98.1824,95.8267,90.5285,269.607,0.00015612,6.9e-06,0.0,7073.913,98.685,696.733,694.823,0
39634,Sentinel-1A,12,3.527789608888889,14.5919523,0.0001342,98.1824,96.4351,90.7189,269.4165,0.00014809,6.52e-06,0.0,7073.911,98.685,696.725,694.826,0
39634,Sentinel-1A,48,2.963669591111111,14.59193839,0.0001348,98.1824,95.1507,90.522,269.6135,0.00017427,7.76e-06,0.0,7073.915,98.685,696.734,694.827,0
39634,Sentinel-1A,24,3.527789608888889,14.5919523,0.0001342,98.1824,96.4351,90.7189,269.4165,0.00014809,6.52e-06,0.0,7073.911,98.685,696.725,694.826,0
39634,Sentinel-1A,12,4.149157377777778,14.59195912,0.0001343,98.1824,96.9082,90.8678,269.2676,0.00014478,6.37e-06,0.0,7073.909,98.684,696.724,694.823,0
39634,Sentinel-1A,24,3.299202408888889,14.59195715,0.0001345,98.1824,96.773,90.826,269.3094,0.00014642,6.44e-06,0.0,7073.909,98.685,696.726,694.823,0
39634,Sentinel-1A,48,2.3392552088888885,14.59194575,0.000135,98.1824,95.8267,90.5285,269.607,0.00015612,6.9e-06,0.0,7073.913,98.685,696.733,694.823,0
39634,Sentinel-1A,6,0.9677320088888888,14.59196723,0.0001339,98.1824,97.8545,90.58,269.5553,0.00011713,5.06e-06,0.0,7073.906,98.684,696.718,694.824,0
39634,Sentinel-1A,48,3.527789608888889,14.5919523,0.0001342,98.1824,96.4351,90.7189,269.4165,0.00014809,6.52e-06,0.0,7073.911,98.685,696.725,694.826,0
39634,Sentinel-1A,12,5.527572044444445,14.5919681,0.0001337,98.1824,97.9221,90.7194,269.4159,0.00011631,5.03e-06,0.0,7073.906,98.684,696.716,694.825,0
39634,Sentinel-1A,12,7.096493484444444,14.59197292,0.0001336,98.1824,98.2601,90.5986,269.5367,0.00011711,5.06e-06,0.0,7073.904,98.684,696.714,694.824,0
39634,Sentinel-1A,48,4.149157377777778,14.59195912,0.0001343,98.1824,96.9082,90.8678,269.2676,0.00014478,6.37e-06,0.0,7073.909,98.684,696.724,694.823,0
39634,Sentinel-1A,12,10.183993484444445,14.59197292,0.0001336,98.1824,98.2601,90.5986,269.5367,0.00011711,5.06e-06,0.0,7073.904,98.684,696.714,694.824,0
39634,Sentinel-1A,24,7.096493484444444,14.59197292,0.0001336,98.1824,98.2601,90.5986,269.5367,0.00011711,5.06e-06,0.0,7073.904,98.684,696.714,694.824,0
39634,Sentinel-1A,24,10.183993484444445,14.59197292,0.0001336,98.1824,98.2601,90.5986,269.5367,0.00011711,5.06e-06,0.0,7073.904,98.684,696.714,694.824,0
39634,Sentinel-1A,12,6.636581626666668,14.59198967,0.0001348,98.1823,98.936,90.7103,269.4251,0.00015668,6.93e-06,0.0,7073.899,98.684,696.717,694.81,1
39634,Sentinel-1A,48,0.9677320088888888,14.59196723,0.0001339,98.1824,97.8545,90.58,269.5553,0.00011713,5.06e-06,0.0,7073.906,98.684,696.718,694.824,0
39634,Sentinel-1A,12,1.4736184444444445,14.59196712,0.0001338,98.1825,99.4767,90.7021,269.4332,0.00015689,6.94e-06,0.0,7073.906,98.684,696.717,694.824,0
39634,Sentinel-1A,12,2.0124644622222223,14.59196983,0.0001333,98.1824,99.6119,90.561,269.5742,0.00015608,6.9e-06,0.0,7073.905,98.684,696.713,694.827,0
39634,Sentinel-1A,24,6.636581626666668,14.59198967,0.0001348,98.1823,98.936,90.7103,269.4251,0.00015668,6.93e-06,0.0,7073.899,98.684,696.717,694.81,1
39634,Sentinel-1A,48,10.183993484444445,14.59197292,0.0001336,98.1824,98.2601,90.5986,269.5367,0.00011711,5.06e-06,0.0,7073.904,98.684,696.714,694.824,1
39634,Sentinel-1A,12,2.430541768888889,14.59197896,0.0001345,98.1824,100.423,90.3351,269.8003,0.00014213,6.24e-06,0.0,7073.902,98.684,696.719,694.816,0
39634,Sentinel-1A,12,4.322882284444445,14.59197975,0.0001344,98.1824,100.4906,90.3639,269.7715,0.00014173,6.22e-06,0.0,7073.902,98.684,696.718,694.816,0
39634,Sentinel-1A,48,6.636581626666668,14.59198967,0.0001348,98.1823,98.936,90.7103,269.4251,0.00015668,6.93e-06,0.0,7073.899,98.684,696.717,694.81,1
39634,Sentinel-1A,24,2.430541768888889,14.59197896,0.0001345,98.1824,100.423,90.3351,269.8003,0.00014213,6.24e-06,0.0,7073.902,98.684,696.719,694.816,0
39634,Sentinel-1A,48,1.4736184444444445,14.59196712,0.0001338,98.1825,99.4767,90.7021,269.4332,0.00015689,6.94e-06,0.0,7073.906,98.684,696.717,694.824,0
39634,Sentinel-1A,24,2.201966568888889,14.59198244,0.0001336,98.1824,100.761,90.5336,269.6017,0.00013919,6.1e-06,0.0,7073.901,98.684,696.711,694.821,0
39634,Sentinel-1A,48,2.430541768888889,14.59197896,0.0001345,98.1824,100.423,90.3351,269.8003,0.00014213,6.24e-06,0.0,7073.902,98.684,696.719,694.816,0
39634,Sentinel-1A,6,2.7087093777777778,14.59199184,0.0001337,98.1823,102.3833,91.1772,268.9581,7.5331e-05,3.09e-06,0.0,7073.898,98.684,696.709,694.817,0
39634,Sentinel-1A,24,1.516259928888889,14.59199754,0.0001337,98.1823,101.7749,91.0526,269.0826,0.00014352,6.31e-06,0.0,7073.896,98.684,696.707,694.815,0
39634,Sentinel-1A,48,2.201966568888889,14.59198244,0.0001336,98.1824,100.761,90.5336,269.6017,0.00013919,6.1e-06,0.0,7073.901,98.684,696.711,694.821,0
39634,Sentinel-1A,12,2.7087093777777778,14.59199184,0.0001337,98.1823,102.3833,91.1772,268.9581,7.5331e-05,3.09e-06,0.0,7073.898,98.684,696.709,694.817,0
39634,Sentinel-1A,48,3.078038648888889,14.59198467,0.0001328,98.1824,100.8962,90.3857,269.7494,0.00013841,6.07e-06,0.0,7073.9,98.684,696.705,694.826,0
39634,Sentinel-1A,24,1.2873995111111112,14.59199187,0.0001331,98.1823,102.1129,91.5505,268.5847,8.4354e-05,3.52e-06,0.0,7073.898,98.684,696.704,694.821,0
39634,Sentinel-1A,48,3.6268880266666663,14.5919865,0.0001328,98.1824,101.0314,90.4694,269.6658,0.00013763,6.03e-06,0.0,7073.9,98.684,696.704,694.825,1
39634,Sentinel-1A,24,2.7087093777777778,14.59199184,0.0001337,98.1823,102.3833,91.1772,268.9581,7.5331e-05,3.09e-06,0.0,7073.898,98.684,696.709,694.817,0
39634,Sentinel-1A,48,1.516259928888889,14.59199754,0.0001337,98.1823,101.7749,91.0526,269.0826,0.00014352,6.31e-06,0.0,7073.896,98.684,696.707,694.815,1
39634,Sentinel-1A,24,2.4765336266666664,14.59199519,0.0001335,98.1822,102.7213,92.2708,267.8645,7.6977e-05,3.17e-06,0.0,7073.897,98.684,696.706,694.817,0
39634,Sentinel-1A,48,1.2873995111111112,14.59199187,0.0001331,98.1823,102.1129,91.5505,268.5847,8.4354e-05,3.52e-06,0.0,7073.898,98.684,696.704,694.821,0
39634,Sentinel-1A,24,2.414913191111111,14.59200015,0.0001335,98.1822,103.0592,92.0973,268.0379,8.4988e-05,3.55e-06,0.0,7073.895,98.684,696.705,694.816,0
39634,Sentinel-1A,12,4.626271297777778,14.59201789,0.0001363,98.1821,104.2758,92.0227,268.1129,0.00012187,5.29e-06,0.0,7073.89,98.684,696.719,694.79,1
39634,Sentinel-1A,24,1.7292384711111113,14.59201538,0.000136,98.1821,104.073,92.1552,267.9803,0.00011758,5.09e-06,0.0,7073.89,98.684,696.717,694.793,1
39634,Sentinel-1A,48,2.414913191111111,14.59200015,0.0001335,98.1822,103.0592,92.0973,268.0379,8.4988e-05,3.55e-06,0.0,7073.895,98.684,696.705,694.816,1
39634,Sentinel-1A,24,4.626271297777778,14.59201789,0.0001363,98.1821,104.2758,92.0227,268.1129,0.00012187,5.29e-06,0.0,7073.89,98.684,696.719,694.79,1
39634,Sentinel-1A,12,3.5988583911111114,14.5919811,0.0001364,98.1821,104.8165,91.2416,268.894,0.00011291,4.86e-06,0.0,7073.901,98.684,696.731,694.802,0
39634,Sentinel-1A,48,2.1860714933333334,14.59200132,0.0001345,98.1821,103.3971,92.7611,267.3743,7.6868e-05,3.17e-06,0.0,7073.895,98.684,696.711,694.808,1
39634,Sentinel-1A,24,1.1045727111111112,14.59197994,0.0001368,98.1821,104.7489,91.1713,268.9643,0.00011314,4.88e-06,0.0,7073.902,98.684,696.734,694.799,0
39634,Sentinel-1A,24,3.5988583911111114,14.5919811,0.0001364,98.1821,104.8165,91.2416,268.894,0.00011291,4.86e-06,0.0,7073.901,98.684,696.731,694.802,0
39634,Sentinel-1A,12,2.4642482222222224,14.59198431,0.0001363,98.1821,105.3572,91.7535,268.3821,2.1549e-05,5.6e-07,0.0,7073.9,98.684,696.73,694.801,0
39634,Sentinel-1A,48,1.7292384711111113,14.59201538,0.000136,98.1821,104.073,92.1552,267.9803,0.00011758,5.09e-06,0.0,7073.89,98.684,696.717,694.793,1
39634,Sentinel-1A,24,1.046273848888889,14.59198329,0.0001354,98.1821,105.0869,91.6856,268.4498,2.3378e-05,6.4e-07,0.0,7073.901,98.684,696.724,694.808,0
39634,Sentinel-1A,48,4.626271297777778,14.59201789,0.0001363,98.1821,104.2758,92.0227,268.1129,0.00012187,5.29e-06,0.0,7073.89,98.684,696.719,694.79,1
39634,Sentinel-1A,48,1.1045727111111112,14.59197994,0.0001368,98.1821,104.7489,91.1713,268.9643,0.00011314,4.88e-06,0.0,7073.902,98.684,696.734,694.799,0
39634,Sentinel-1A,24,2.0648447288888887,14.59198745,0.0001379,98.182,105.6952,91.3046,268.8311,2.2115e-05,5.8e-07,0.0,7073.899,98.684,696.74,694.789,0
39634,Sentinel-1A,48,3.5988583911111114,14.5919811,0.0001364,98.1821,104.8165,91.2416,268.894,0.00011291,4.86e-06,0.0,7073.901,98.684,696.731,694.802,0
39634,Sentinel-1A,12,1.774935271111111,14.59199259,0.0001378,98.1819,106.3711,91.5267,268.6091,2.0984e-05,5.3e-07,0.0,7073.898,98.684,696.737,694.788,0
39634,Sentinel-1A,12,3.724220711111111,14.591993,0.0001393,98.1819,106.4387,90.8755,269.2604,2.0925e-05,5.3e-07,0.0,7073.898,98.684,696.748,694.777,0
39634,Sentinel-1A,48,1.046273848888889,14.59198329,0.0001354,98.1821,105.0869,91.6856,268.4498,2.3378e-05,6.4e-07,0.0,7073.901,98.684,696.724,694.808,1
39634,Sentinel-1A,24,2.007114142222222,14.59199082,0.000136,98.1819,106.0333,91.744,268.3915,2.2802e-05,6.2e-07,0.0,7073.898,98.684,696.725,694.801,0
39634,Sentinel-1A,24,3.724220711111111,14.591993,0.0001393,98.1819,106.4387,90.8755,269.2604,2.0925e-05,5.3e-07,0.0,7073.898,98.684,696.748,694.777,1
39634,Sentinel-1A,48,2.0648447288888887,14.59198745,0.0001379,98.182,105.6952,91.3046,268.8311,2.2115e-05,5.8e-07,0.0,7073.899,98.684,696.74,694.789,1
39634,Sentinel-1A,12,2.568028266666667,14.59201067,0.0001371,98.1819,107.3174,91.2459,268.8897,0.00011517,4.97e-06,0.0,7073.892,98.684,696.727,694.787,0
39634,Sentinel-1A,24,4.456490124444445,14.59199544,0.0001406,98.1819,106.7765,90.5075,269.6286,2.0838e-05,5.2e-07,0.0,7073.897,98.684,696.756,694.767,0
39634,Sentinel-1A,12,6.375806044444444,14.59201067,0.0001371,98.1819,107.3174,91.2459,268.8897,0.00011517,4.97e-06,0.0,7073.892,98.684,696.727,694.787,0
39634,Sentinel-1A,24,2.568028266666667,14.59201067,0.0001371,98.1819,107.3174,91.2459,268.8897,0.00011517,4.97e-06,0.0,7073.892,98.684,696.727,694.787,0
39634,Sentinel-1A,6,3.4890422044444445,14.59198635,0.0001393,98.1818,108.6691,89.9015,270.2345,0.00010384,4.44e-06,0.0,7073.9,98.684,696.75,694.779,0
39634,Sentinel-1A,24,2.110642088888889,14.59202051,0.0001372,98.1818,107.9933,91.746,268.3896,0.00012013,5.21e-06,0.0,7073.889,98.684,696.724,694.783,1
39634,Sentinel-1A,48,2.3391956888888887,14.59201451,0.000137,98.1819,107.6553,91.5691,268.5666,0.00011424,4.93e-06,0.0,7073.891,98.684,696.725,694.786,1
39634,Sentinel-1A,6,10.435524035555556,14.59200726,0.0001383,98.1819,109.345,90.2327,269.9032,0.00021446,9.65e-06,0.0,7073.893,98.684,696.736,694.78,0
39634,Sentinel-1A,24,1.4249200888888889,14.59199895,0.0001394,98.1819,109.007,89.3548,270.7812,0.00020788,9.34e-06,0.0,7073.896,98.684,696.747,694.775,0
39634,Sentinel-1A,48,2.110642088888889,14.59202051,0.0001372,98.1818,107.9933,91.746,268.3896,0.00012013,5.21e-06,0.0,7073.889,98.684,696.724,694.783,1
39634,Sentinel-1A,12,2.158320773333333,14.59200774,0.0001379,98.1818,110.2913,90.6052,269.5305,0.0001079,4.63e-06,0.0,7073.893,98.684,696.733,694.782,0
39634,Sentinel-1A,24,3.541246515555556,14.59200841,0.0001369,98.1817,109.7507,90.5677,269.5679,0.00020126,9.03e-06,0.0,7073.893,98.684,696.726,694.789,0
39634,Sentinel-1A,48,1.4249200888888889,14.59199895,0.0001394,98.1819,109.007,89.3548,270.7812,0.00020788,9.34e-06,0.0,7073.896,98.684,696.747,694.775,1
39634,Sentinel-1A,24,2.158320773333333,14.59200774,0.0001379,98.1818,110.2913,90.6052,269.5305,0.0001079,4.63e-06,0.0,7073.893,98.684,696.733,694.782,1
39634,Sentinel-1A,24,1.927820088888889,14.59201118,0.0001382,98.1817,110.6293,90.8596,269.2762,0.00010624,4.55e-06,0.0,7073.892,98.684,696.734,694.779,1
39634,Sentinel-1A,24,5.025997537777777,14.59201195,0.000138,98.1817,110.6969,90.777,269.3588,0.00010611,4.54e-06,0.0,7073.891,98.684,696.733,694.78,1
39634,Sentinel-1A,24,9.360106453333334,14.59196801,0.0001392,98.1818,111.3052,90.6912,269.4447,0.00010439,4.46e-06,0.0,7073.906,98.684,696.755,694.786,0
39634,Sentinel-1A,24,1.242083928888889,14.59197247,0.0001385,98.1817,111.6431,90.3388,269.7971,0.00010401,4.45e-06,0.0,7073.904,98.684,696.749,694.789,0
39634,Sentinel-1A,48,1.927820088888889,14.59201118,0.0001382,98.1817,110.6293,90.8596,269.2762,0.00010624,4.55e-06,0.0,7073.892,98.684,696.734,694.779,1
39634,Sentinel-1A,12,2.430647128888889,14.59198181,0.0001381,98.1817,112.2514,90.2034,269.9324,0.00014309,6.29e-06,0.0,7073.901,98.684,696.743,694.789,0
39634,Sentinel-1A,48,5.025997537777777,14.59201195,0.000138,98.1817,110.6969,90.777,269.3588,0.00010611,4.54e-06,0.0,7073.891,98.684,696.733,694.78,1
39634,Sentinel-1A,24,2.6592261688888885,14.59197984,0.0001382,98.1818,111.9135,90.0703,270.0655,0.00015264,6.74e-06,0.0,7073.902,98.684,696.744,694.789,0
39634,Sentinel-1A,48,1.7006510577777776,14.59201487,0.0001384,98.1817,110.9672,90.8315,269.3043,0.00010734,4.6e-06,0.0,7073.89,98.684,696.735,694.776,1
39634,Sentinel-1A,24,2.430647128888889,14.59198181,0.0001381,98.1817,112.2514,90.2034,269.9324,0.00014309,6.29e-06,0.0,7073.901,98.684,696.743,694.789,0
39634,Sentinel-1A,48,9.360106453333334,14.59196801,0.0001392,98.1818,111.3052,90.6912,269.4447,0.00010439,4.46e-06,0.0,7073.906,98.684,696.755,694.786,0
39634,Sentinel-1A,24,2.202072888888889,14.59198462,0.0001378,98.1817,112.5894,90.4294,269.7064,0.00013743,6.02e-06,0.0,7073.9,98.684,696.74,694.79,0
39634,Sentinel-1A,48,1.242083928888889,14.59197247,0.0001385,98.1817,111.6431,90.3388,269.7971,0.00010401,4.45e-06,0.0,7073.904,98.684,696.749,694.789,0
39634,Sentinel-1A,12,3.3909215466666667,14.59199406,0.0001389,98.1817,113.1977,90.5937,269.5422,0.00014405,6.33e-06,0.0,7073.897,98.684,696.745,694.78,0
39634,Sentinel-1A,24,2.1443315022222222,14.59199042,0.0001388,98.1818,112.9273,90.499,269.6368,0.0001455,6.4e-06,0.0,7073.898,98.684,696.745,694.782,0
39634,Sentinel-1A,48,2.430647128888889,14.59198181,0.0001381,98.1817,112.2514,90.2034,269.9324,0.00014309,6.29e-06,0.0,7073.901,98.684,696.743,694.789,0
39634,Sentinel-1A,24,3.3909215466666667,14.59199406,0.0001389,98.1817,113.1977,90.5937,269.5422,0.00014405,6.33e-06,0.0,7073.897,98.684,696.745,694.78,0
39634,Sentinel-1A,24,4.807788888888889,14.5919978,0.0001385,98.1817,113.468,90.3649,269.771,0.00014618,6.43e-06,0.0,7073.896,98.684,696.741,694.781,0
39634,Sentinel-1A,48,2.202072888888889,14.59198462,0.0001378,98.1817,112.5894,90.4294,269.7064,0.00013743,6.02e-06,0.0,7073.9,98.684,696.74,694.79,0
39634,Sentinel-1A,12,1.226447431111111,14.59200125,0.0001377,98.1817,114.2792,91.6518,268.4839,0.00010813,4.64e-06,0.0,7073.895,98.684,696.734,694.786,0
39634,Sentinel-1A,24,4.2820362577777775,14.59199907,0.000138,98.1817,113.6708,90.1402,269.9956,0.00014122,6.2e-06,0.0,7073.896,98.684,696.737,694.784,0
39634,Sentinel-1A,48,3.3909215466666667,14.59199406,0.0001389,98.1817,113.1977,90.5937,269.5422,0.00014405,6.33e-06,0.0,7073.897,98.684,696.745,694.78,1
39634,Sentinel-1A,48,4.807788888888889,14.5919978,0.0001385,98.1817,113.468,90.3649,269.771,0.00014618,6.43e-06,0.0,7073.896,98.684,696.741,694.781,1
39634,Sentinel-1A,12,5.310926586666667,14.59195787,0.000138,98.1817,115.0902,89.7485,270.3873,9.9897e-05,4.25e-06,0.0,7073.909,98.684,696.75,694.798,1
39634,Sentinel-1A,48,4.2820362577777775,14.59199907,0.000138,98.1817,113.6708,90.1402,269.9956,0.00014122,6.2e-06,0.0,7073.896,98.684,696.737,694.784,1
39634,Sentinel-1A,12,4.467941173333333,14.59196057,0.0001374,98.1816,115.2931,91.1469,268.9888,9.0312e-05,3.8e-06,0.0,7073.908,98.684,696.745,694.801,0
39634,Sentinel-1A,24,2.415035591111111,14.59200708,0.000138,98.1817,114.8875,91.1102,269.0256,0.00010315,4.41e-06,0.0,7073.893,98.684,696.734,694.782,1
39634,Sentinel-1A,12,3.479691093333333,14.59196976,0.0001388,98.1816,116.3069,91.5354,268.6004,8.8864e-05,3.73e-06,0.0,7073.905,98.684,696.752,694.788,0
39634,Sentinel-1A,48,5.310926586666667,14.59195787,0.000138,98.1817,115.0902,89.7485,270.3873,9.9897e-05,4.25e-06,0.0,7073.909,98.684,696.75,694.798,0
39634,Sentinel-1A,24,4.1677365688888885,14.59197466,0.0001382,98.1816,116.78,91.7252,268.4106,9.65e-05,4.09e-06,0.0,7073.903,98.684,696.746,694.791,0
39634,Sentinel-1A,48,4.1677365688888885,14.59197466,0.0001382,98.1816,116.78,91.7252,268.4106,9.65e-05,4.09e-06,0.0,7073.903,98.684,696.746,694.791,0
39634,Sentinel-1A,24,3.253440328888889,14.59198994,0.0001382,98.1814,118.1319,91.6622,268.4736,0.00011127,4.79e-06,0.0,7073.899,98.684,696.741,694.786,1
39634,Sentinel-1A,48,2.2939961244444445,14.59197615,0.0001388,98.1816,117.1855,91.2568,268.8791,8.4008e-05,3.5e-06,0.0,7073.903,98.684,696.75,694.786,0
39634,Sentinel-1A,24,1.3794216266666666,14.5919867,0.0001385,98.1815,118.5373,90.3854,269.7504,7.7201e-05,3.18e-06,0.0,7073.9,98.684,696.744,694.785,0
39634,Sentinel-1A,48,2.0693095733333333,14.59197907,0.0001386,98.1815,117.5235,91.7351,268.4007,8.6603e-05,3.62e-06,0.0,7073.902,98.684,696.748,694.787,0
39634,Sentinel-1A,24,4.873705866666667,14.59198639,0.0001388,98.1814,118.6049,90.536,269.5998,7.2963e-05,2.98e-06,0.0,7073.9,98.684,696.747,694.783,0
39634,Sentinel-1A,24,1.3183452266666666,14.59198659,0.0001396,98.1815,118.8751,90.1744,269.9616,5.9824e-05,2.36e-06,0.0,7073.9,98.684,696.752,694.777,0
39634,Sentinel-1A,12,4.64130736,14.59198182,0.0001394,98.1814,119.6187,89.21,270.926,1.242e-05,1.3e-07,0.0,7073.901,98.684,696.752,694.78,0
39634,Sentinel-1A,12,2.27916632,14.59198356,0.0001384,98.1813,119.8215,89.7037,270.4321,1.8176e-05,4e-07,0.0,7073.901,98.684,696.745,694.787,0
39634,Sentinel-1A,48,1.3794216266666666,14.5919867,0.0001385,98.1815,118.5373,90.3854,269.7504,7.7201e-05,3.18e-06,0.0,7073.9,98.684,696.744,694.785,0
39634,Sentinel-1A,48,2.572423991111111,14.59198245,0.00014,98.1814,119.1455,89.8439,270.2921,2.5945e-05,7.7e-07,0.0,7073.901,98.684,696.756,694.776,0
39634,Sentinel-1A,24,1.6536929066666666,14.59199,0.0001399,98.1813,120.4973,88.3566,271.7794,4.1672e-05,1.51e-06,0.0,7073.899,98.684,696.753,694.774,0
39634,Sentinel-1A,12,3.0092267111111117,14.59200274,0.0001385,98.1813,121.1057,87.9409,272.1949,0.00010013,4.26e-06,0.0,7073.894,98.684,696.739,694.78,0
39634,Sentinel-1A,24,6.515081795555555,14.59199,0.0001399,98.1813,120.4973,88.3566,271.7794,4.1672e-05,1.51e-06,0.0,7073.899,98.684,696.753,694.774,0
39634,Sentinel-1A,12,4.719068186666667,14.59200303,0.0001385,98.1813,121.1733,87.8792,272.2567,9.9593e-05,4.24e-06,0.0,7073.894,98.684,696.739,694.78,0
39634,Sentinel-1A,48,6.515081795555555,14.59199,0.0001399,98.1813,120.4973,88.3566,271.7794,4.1672e-05,1.51e-06,0.0,7073.899,98.684,696.753,694.774,0
39634,Sentinel-1A,24,1.6996989244444445,14.59198393,0.000139,98.1812,122.7954,88.3528,271.7831,8.541e-05,3.57e-06,0.0,7073.9,98.684,696.749,694.782,0
39634,Sentinel-1A,24,5.076174755555556,14.59199282,0.0001391,98.1811,123.4713,88.58,271.5559,9.3489e-05,3.95e-06,0.0,7073.898,98.684,696.747,694.779,0
39634,Sentinel-1A,24,29.761884035555557,14.59198121,0.0001396,98.1812,122.4575,88.5039,271.6321,8.9188e-05,3.75e-06,0.0,7073.901,98.684,696.754,694.779,0
39634,Sentinel-1A,24,4.206294488888889,14.5919935,0.000139,98.1811,123.5389,88.541,271.5949,9.3394e-05,3.95e-06,0.0,7073.897,98.684,696.746,694.779,0
39634,Sentinel-1A,6,7.438762657777779,14.59199862,0.0001387,98.1811,124.1472,88.6735,271.4624,9.141e-05,3.85e-06,0.0,7073.896,98.684,696.742,694.78,0
39634,Sentinel-1A,48,5.076174755555556,14.59199282,0.0001391,98.1811,123.4713,88.58,271.5559,9.3489e-05,3.95e-06,0.0,7073.898,98.684,696.747,694.779,1
39634,Sentinel-1A,48,29.761884035555557,14.59198121,0.0001396,98.1812,122.4575,88.5039,271.6321,8.9188e-05,3.75e-06,0.0,7073.901,98.684,696.754,694.779,1
39634,Sentinel-1A,12,1.9116722933333328,14.59197336,0.0001413,98.1812,125.0936,89.7308,270.4054,9.2417e-05,3.9e-06,0.0,7073.904,98.684,696.768,694.769,0
39634,Sentinel-1A,48,2.6597078044444444,14.59199451,0.0001388,98.1812,123.7417,88.4905,271.6454,8.992e-05,3.78e-06,0.0,7073.897,98.684,696.744,694.78,1
39634,Sentinel-1A,12,1.4542498755555555,14.59198589,0.0001384,98.1811,125.7693,89.5375,270.5983,9.5547e-05,4.05e-06,0.0,7073.9,98.684,696.744,694.786,0
39634,Sentinel-1A,24,4.24155376,14.59198246,0.0001391,98.181,125.4989,89.3523,270.7836,9.5774e-05,4.06e-06,0.0,7073.901,98.684,696.75,694.782,0
39634,Sentinel-1A,48,8.664680053333333,14.59200032,0.0001386,98.1811,124.35,88.6707,271.4652,9.0957e-05,3.83e-06,0.0,7073.895,98.684,696.741,694.78,1
39634,Sentinel-1A,24,2.7050046666666665,14.5919895,0.0001384,98.1811,126.0397,89.363,270.7728,9.8317e-05,4.18e-06,0.0,7073.899,98.684,696.743,694.785,0
39634,Sentinel-1A,24,2.4761596088888886,14.59199353,0.0001386,98.181,126.3776,89.4559,270.68,0.00010039,4.27e-06,0.0,7073.897,98.684,696.743,694.782,0
39634,Sentinel-1A,6,1.7907417866666666,14.59200233,0.0001379,98.1809,127.3914,89.366,270.7698,0.00010245,4.37e-06,0.0,7073.895,98.684,696.735,694.784,0
39634,Sentinel-1A,24,2.247593288888889,14.59199715,0.0001383,98.181,126.7155,89.3557,270.7801,0.00010954,4.71e-06,0.0,7073.896,98.684,696.74,694.783,0
39634,Sentinel-1A,6,1.400607591111111,14.59200167,0.000137,98.1806,130.4328,91.4079,268.7278,8.1667e-05,3.39e-06,0.0,7073.895,98.684,696.729,694.791,0
39634,Sentinel-1A,12,2.7346322933333336,14.59200731,0.0001374,98.1806,130.9735,91.0706,269.0651,8.4332e-05,3.52e-06,0.0,7073.893,98.684,696.73,694.786,0
39634,Sentinel-1A,12,1.8833840177777776,14.5919903,0.000134,98.1805,131.9875,92.2191,267.9162,8.4491e-05,3.53e-06,0.0,7073.898,98.684,696.711,694.816,0
39634,Sentinel-1A,24,3.222985066666667,14.59201165,0.0001371,98.1805,131.4466,91.2682,268.8675,8.4586e-05,3.53e-06,0.0,7073.892,98.684,696.726,694.787,1
39634,Sentinel-1A,12,3.43239072,14.59198893,0.0001347,98.1805,132.055,92.1317,268.0037,8.4314e-05,3.52e-06,0.0,7073.899,98.684,696.717,694.811,0
39634,Sentinel-1A,24,1.8833840177777776,14.5919903,0.000134,98.1805,131.9875,92.2191,267.9162,8.4491e-05,3.53e-06,0.0,7073.898,98.684,696.711,694.816,0
39634,Sentinel-1A,48,2.7346322933333336,14.59200731,0.0001374,98.1806,130.9735,91.0706,269.0651,8.4332e-05,3.52e-06,0.0,7073.893,98.684,696.73,694.786,1
39634,Sentinel-1A,24,1.6534115288888889,14.5919816,0.0001386,98.1805,132.3252,91.0519,269.0839,7.96e-05,3.29e-06,0.0,7073.901,98.684,696.747,694.786,0
39634,Sentinel-1A,12,3.2472582666666665,14.59198984,0.0001385,98.1804,133.4065,91.2589,268.877,7.7064e-05,3.18e-06,0.0,7073.899,98.684,696.743,694.784,0
39634,Sentinel-1A,48,1.8833840177777776,14.5919903,0.000134,98.1805,131.9875,92.2191,267.9162,8.4491e-05,3.53e-06,0.0,7073.898,98.684,696.711,694.816,1
39634,Sentinel-1A,24,3.008923013333334,14.59198567,0.0001388,98.1804,132.9334,91.1538,268.982,7.5859e-05,3.12e-06,0.0,7073.9,98.684,696.747,694.783,0
39634,Sentinel-1A,48,1.6534115288888889,14.5919816,0.0001386,98.1805,132.3252,91.0519,269.0839,7.96e-05,3.29e-06,0.0,7073.901,98.684,696.747,694.786,0
39634,Sentinel-1A,24,2.615630631111111,14.59198873,0.0001388,98.1804,133.2713,91.2384,268.8974,7.7362e-05,3.19e-06,0.0,7073.899,98.684,696.746,694.782,0
39634,Sentinel-1A,24,2.5517831733333334,14.59199091,0.0001385,98.1804,133.6092,91.4797,268.6561,7.4838e-05,3.07e-06,0.0,7073.898,98.684,696.743,694.783,0
39634,Sentinel-1A,48,2.615630631111111,14.59198873,0.0001388,98.1804,133.2713,91.2384,268.8974,7.7362e-05,3.19e-06,0.0,7073.899,98.684,696.746,694.782,0
39634,Sentinel-1A,12,6.407712808888889,14.59200068,0.0001394,98.1803,134.7582,90.9722,269.1637,8.0341e-05,3.33e-06,0.0,7073.895,98.684,696.746,694.774,0
39634,Sentinel-1A,48,2.5517831733333334,14.59199091,0.0001385,98.1804,133.6092,91.4797,268.6561,7.4838e-05,3.07e-06,0.0,7073.898,98.684,696.743,694.783,0
39634,Sentinel-1A,24,1.8666378488888888,14.59199955,0.0001394,98.1803,134.623,90.5341,269.6019,8.0834e-05,3.35e-06,0.0,7073.895,98.684,696.747,694.774,0
39634,Sentinel-1A,24,6.407712808888889,14.59200068,0.0001394,98.1803,134.7582,90.9722,269.1637,8.0341e-05,3.33e-06,0.0,7073.895,98.684,696.746,694.774,0
39634,Sentinel-1A,48,2.32738184,14.59199358,0.0001385,98.1804,133.9472,91.3323,268.8036,7.3825e-05,3.02e-06,0.0,7073.897,98.684,696.742,694.783,0
39634,Sentinel-1A,24,4.700658231111111,14.59200286,0.0001391,98.1802,135.1637,91.1525,268.9834,7.7132e-05,3.18e-06,0.0,7073.894,98.684,696.743,694.775,0
39634,Sentinel-1A,12,4.248811528888889,14.59200631,0.0001389,98.1802,135.8395,91.282,268.8539,6.5836e-05,2.65e-06,0.0,7073.893,98.684,696.741,694.776,0
39634,Sentinel-1A,48,1.8666378488888888,14.59199955,0.0001394,98.1803,134.623,90.5341,269.6019,8.0834e-05,3.35e-06,0.0,7073.895,98.684,696.747,694.774,1
39634,Sentinel-1A,48,6.407712808888889,14.59200068,0.0001394,98.1803,134.7582,90.9722,269.1637,8.0341e-05,3.33e-06,0.0,7073.895,98.684,696.746,694.774,1
39634,Sentinel-1A,24,2.3692324711111112,14.59198611,0.0001391,98.1801,136.2448,90.7565,269.3794,5.9824e-05,2.36e-06,0.0,7073.9,98.684,696.749,694.781,0
39634,Sentinel-1A,48,4.700658231111111,14.59200286,0.0001391,98.1802,135.1637,91.1525,268.9834,7.7132e-05,3.18e-06,0.0,7073.894,98.684,696.743,694.775,1
39634,Sentinel-1A,12,3.39419632,14.59199179,0.0001389,98.1801,136.8531,90.7337,269.4022,5.9983e-05,2.37e-06,0.0,7073.898,98.684,696.746,694.78,0
39634,Sentinel-1A,24,3.39419632,14.59199179,0.0001389,98.1801,136.8531,90.7337,269.4022,5.9983e-05,2.37e-06,0.0,7073.898,98.684,696.746,694.78,0
39634,Sentinel-1A,12,2.871826373333333,14.59199646,0.0001386,98.18,137.8668,90.8293,269.3066,5.6871e-05,2.22e-06,0.0,7073.896,98.684,696.742,694.781,0
39634,Sentinel-1A,48,3.39419632,14.59199179,0.0001389,98.1801,136.8531,90.7337,269.4022,5.9983e-05,2.37e-06,0.0,7073.898,98.684,696.746,694.78,1
39634,Sentinel-1A,24,2.871826373333333,14.59199646,0.0001386,98.18,137.8668,90.8293,269.3066,5.6871e-05,2.22e-06,0.0,7073.896,98.684,696.742,694.781,1
39634,Sentinel-1A,24,10.621190115555557,14.59199707,0.0001388,98.1801,137.6641,90.6738,269.4621,6.6649e-05,2.68e-06,0.0,7073.896,98.684,696.743,694.779,1
39634,Sentinel-1A,12,2.186349991111111,14.59197391,0.000134,98.1796,138.8811,92.9183,267.217,5.9654e-05,2.35e-06,0.0,7073.904,98.684,696.717,694.821,0
39634,Sentinel-1A,24,3.454336453333333,14.59200003,0.0001383,98.18,138.3399,90.6864,269.4494,6.3303e-05,2.53e-06,0.0,7073.895,98.684,696.739,694.782,1
39634,Sentinel-1A,12,3.5561864266666663,14.59197676,0.0001373,98.1799,138.9484,91.5295,268.6062,5.9517e-05,2.35e-06,0.0,7073.903,98.684,696.739,694.797,0
39634,Sentinel-1A,24,2.414977511111111,14.59200325,0.0001381,98.18,138.5426,90.8069,269.3288,6.9034e-05,2.8e-06,0.0,7073.894,98.684,696.736,694.782,1
39634,Sentinel-1A,48,2.871826373333333,14.59199646,0.0001386,98.18,137.8668,90.8293,269.3066,5.6871e-05,2.22e-06,0.0,7073.896,98.684,696.742,694.781,1
39634,Sentinel-1A,24,2.186349991111111,14.59197391,0.000134,98.1796,138.8811,92.9183,267.217,5.9654e-05,2.35e-06,0.0,7073.904,98.684,696.717,694.821,0
39634,Sentinel-1A,24,1.790550408888889,14.59198564,0.0001375,98.18,139.2184,90.035,270.1007,5.8505e-05,2.3e-06,0.0,7073.9,98.684,696.738,694.792,0
39634,Sentinel-1A,48,2.643261973333333,14.59199903,0.0001386,98.18,138.2047,90.6711,269.4647,6.3177e-05,2.52e-06,0.0,7073.896,98.684,696.741,694.78,1
39634,Sentinel-1A,12,3.149681884444444,14.59199199,0.0001381,98.18,139.8266,90.5983,269.5375,5.6073e-05,2.19e-06,0.0,7073.898,98.684,696.74,694.786,0
39634,Sentinel-1A,48,1.790550408888889,14.59198564,0.0001375,98.18,139.2184,90.035,270.1007,5.8505e-05,2.3e-06,0.0,7073.9,98.684,696.738,694.792,0
39634,Sentinel-1A,24,9.42563615111111,14.59199334,0.0001384,98.18,139.8942,90.6443,269.4916,5.8283e-05,2.29e-06,0.0,7073.897,98.684,696.741,694.783,0
39634,Sentinel-1A,6,2.2318064533333333,14.59200035,0.0001384,98.1799,141.1784,89.5553,270.5806,5.8229e-05,2.29e-06,0.0,7073.895,98.684,696.739,694.781,0
39634,Sentinel-1A,24,2.2934266488888886,14.59199861,0.0001386,98.1799,140.8405,89.676,270.4598,5.5314e-05,2.15e-06,0.0,7073.896,98.684,696.741,694.78,0
39634,Sentinel-1A,48,9.42563615111111,14.59199334,0.0001384,98.18,139.8942,90.6443,269.4916,5.8283e-05,2.29e-06,0.0,7073.897,98.684,696.741,694.783,0
39634,Sentinel-1A,24,2.2318064533333333,14.59200035,0.0001384,98.1799,141.1784,89.5553,270.5806,5.8229e-05,2.29e-06,0.0,7073.895,98.684,696.739,694.781,0
39634,Sentinel-1A,24,1.8360193511111111,14.59200258,0.0001384,98.1799,141.5162,89.8903,270.2455,6.0368e-05,2.39e-06,0.0,7073.894,98.684,696.738,694.78,0
39634,Sentinel-1A,48,1.0429474755555557,14.59199803,0.0001384,98.1799,140.57,90.2921,269.8437,5.9913e-05,2.37e-06,0.0,7073.896,98.684,696.74,694.782,0
39634,Sentinel-1A,48,2.2934266488888886,14.59199861,0.0001386,98.1799,140.8405,89.676,270.4598,5.5314e-05,2.15e-06,0.0,7073.896,98.684,696.741,694.78,0
39634,Sentinel-1A,48,6.0696579733333325,14.59199892,0.0001386,98.1799,140.908,89.6648,270.471,5.5224e-05,2.15e-06,0.0,7073.896,98.684,696.741,694.78,0
39634,Sentinel-1A,6,2.5683185244444444,14.5920076,0.0001386,98.1799,142.8003,89.2132,270.9226,4.7375e-05,1.78e-06,0.0,7073.893,98.684,696.738,694.777,0
39634,Sentinel-1A,24,1.5461180533333332,14.5920061,0.0001385,98.1799,142.192,89.5208,270.6151,5.5897e-05,2.18e-06,0.0,7073.893,98.684,696.738,694.779,0
39634,Sentinel-1A,48,2.2318064533333333,14.59200035,0.0001384,98.1799,141.1784,89.5553,270.5806,5.8229e-05,2.29e-06,0.0,7073.895,98.684,696.739,694.781,0
39634,Sentinel-1A,6,2.506406151111111,14.59199434,0.0001404,98.18,143.1377,88.8968,271.2392,4.815e-05,1.81e-06,0.0,7073.897,98.684,696.755,694.769,0
39634,Sentinel-1A,48,1.8360193511111111,14.59200258,0.0001384,98.1799,141.5162,89.8903,270.2455,6.0368e-05,2.39e-06,0.0,7073.894,98.684,696.738,694.78,1
39634,Sentinel-1A,24,2.5683185244444444,14.5920076,0.0001386,98.1799,142.8003,89.2132,270.9226,4.7375e-05,1.78e-06,0.0,7073.893,98.684,696.738,694.777,1
39634,Sentinel-1A,48,1.612457351111111,14.59200476,0.0001384,98.1799,141.8541,89.8292,270.3066,6.0929e-05,2.41e-06,0.0,7073.894,98.684,696.738,694.78,1
39634,Sentinel-1A,12,8.872517262222223,14.59199434,0.0001404,98.18,143.1377,88.8968,271.2392,4.815e-05,1.81e-06,0.0,7073.897,98.684,696.755,694.769,0
39634,Sentinel-1A,24,5.642485191111111,14.5920076,0.0001386,98.1799,142.8003,89.2132,270.9226,4.7375e-05,1.78e-06,0.0,7073.893,98.684,696.738,694.777,1
39634,Sentinel-1A,24,2.2778405511111117,14.59199696,0.0001396,98.1799,143.476,89.4611,270.6749,4.7441e-05,1.78e-06,0.0,7073.896,98.684,696.749,694.774,0
39634,Sentinel-1A,48,1.3203357511111111,14.59200798,0.0001386,98.1799,142.53,89.5518,270.584,5.5048e-05,2.14e-06,0.0,7073.893,98.684,696.738,694.777,1
39634,Sentinel-1A,48,2.5683185244444444,14.5920076,0.0001386,98.1799,142.8003,89.2132,270.9226,4.7375e-05,1.78e-06,0.0,7073.893,98.684,696.738,694.777,1
39634,Sentinel-1A,24,2.0512193955555555,14.5919983,0.0001395,98.1799,143.8139,89.4498,270.6862,4.4343e-05,1.63e-06,0.0,7073.896,98.684,696.748,694.774,0
39634,Sentinel-1A,12,5.051348488888888,14.59200005,0.0001389,98.1798,144.3546,89.2545,270.8813,4.291e-05,1.57e-06,0.0,7073.895,98.684,696.743,694.778,0
39634,Sentinel-1A,48,2.2778405511111117,14.59199696,0.0001396,98.1799,143.476,89.4611,270.6749,4.7441e-05,1.78e-06,0.0,7073.896,98.684,696.749,694.774,0
39634,Sentinel-1A,24,7.835404302222222,14.59200175,0.0001392,98.1798,144.76,89.3239,270.812,4.0087e-05,1.43e-06,0.0,7073.895,98.684,696.744,694.775,0
39634,Sentinel-1A,24,0.9677958488888888,14.59200344,0.0001388,98.1798,145.1655,89.2634,270.8724,4.1118e-05,1.48e-06,0.0,7073.894,98.684,696.741,694.777,0
39634,Sentinel-1A,48,3.2997550844444445,14.59199866,0.0001393,98.1798,144.0842,89.3034,270.8326,4.3919e-05,1.61e-06,0.0,7073.896,98.684,696.746,694.775,0
39634,Sentinel-1A,6,6.410105733333333,14.59200019,0.0001384,98.1798,145.8413,88.8456,271.2902,8.3822e-06,-6e-08,0.0,7073.895,98.684,696.739,694.781,0
39634,Sentinel-1A,12,2.156653626666667,14.59200162,0.0001388,98.1798,145.7737,88.7822,271.3537,1.5629e-05,2.8e-07,0.0,7073.895,98.684,696.742,694.778,0
39634,Sentinel-1A,24,2.5521675111111115,14.59200673,0.000139,98.1798,145.4358,89.2661,270.8698,4.8028e-05,1.81e-06,0.0,7073.893,98.684,696.741,694.775,1
39634,Sentinel-1A,12,1.8664491111111112,14.59198964,0.00013,98.1805,146.4495,89.1309,271.004,-3.861e-05,-2.28e-06,0.0,7073.899,98.684,696.683,694.844,0
39634,Sentinel-1A,48,0.9677958488888888,14.59200344,0.0001388,98.1798,145.1655,89.2634,270.8724,4.1118e-05,1.48e-06,0.0,7073.894,98.684,696.741,694.777,1
39634,Sentinel-1A,12,1.470654088888889,14.59198941,0.0001316,98.1804,146.7874,89.0914,271.0436,-3.9595e-05,-2.32e-06,0.0,7073.899,98.684,696.695,694.833,0
39634,Sentinel-1A,24,6.334747493333333,14.59199475,0.0001294,98.1804,146.1116,89.4628,270.672,-1.8142e-05,-1.31e-06,0.0,7073.897,98.684,696.677,694.847,0
39634,Sentinel-1A,24,1.8664491111111112,14.59198964,0.00013,98.1805,146.4495,89.1309,271.004,-3.861e-05,-2.28e-06,0.0,7073.899,98.684,696.683,694.844,0
39634,Sentinel-1A,48,2.5521675111111115,14.59200673,0.000139,98.1798,145.4358,89.2661,270.8698,4.8028e-05,1.81e-06,0.0,7073.893,98.684,696.741,694.775,1
39634,Sentinel-1A,24,1.470654088888889,14.59198941,0.0001316,98.1804,146.7874,89.0914,271.0436,-3.9595e-05,-2.32e-06,0.0,7073.899,98.684,696.695,694.833,0
39634,Sentinel-1A,48,2.156653626666667,14.59200162,0.0001388,98.1798,145.7737,88.7822,271.3537,1.5629e-05,2.8e-07,0.0,7073.895,98.684,696.742,694.778,0
39634,Sentinel-1A,24,1.2426462044444444,14.59198985,0.0001317,98.1804,147.1252,89.353,270.782,-3.5807e-05,-2.15e-06,0.0,7073.899,98.684,696.695,694.832,0
39634,Sentinel-1A,48,1.9297474933333332,14.59199475,0.0001294,98.1804,146.1116,89.4628,270.672,-1.8142e-05,-1.31e-06,0.0,7073.897,98.684,696.677,694.847,0
39634,Sentinel-1A,12,4.476633075555555,14.59199822,0.0001387,98.1796,147.801,89.5443,270.5916,2.3314e-05,6.4e-07,0.0,7073.896,98.684,696.742,694.78,0
39634,Sentinel-1A,48,1.470654088888889,14.59198941,0.0001316,98.1804,146.7874,89.0914,271.0436,-3.9595e-05,-2.32e-06,0.0,7073.899,98.684,696.695,694.833,1
39634,Sentinel-1A,24,4.476633075555555,14.59199822,0.0001387,98.1796,147.801,89.5443,270.5916,2.3314e-05,6.4e-07,0.0,7073.896,98.684,696.742,694.78,0
39634,Sentinel-1A,48,4.529435004444444,14.59199112,0.0001312,98.1804,147.1928,89.3834,270.7515,-2.8674e-05,-1.81e-06,0.0,7073.898,98.684,696.691,694.835,1
39634,Sentinel-1A,6,6.143413564444444,14.59200672,0.0001382,98.1795,148.9499,90.2265,269.9093,5.1253e-05,1.96e-06,0.0,7073.893,98.684,696.736,694.781,0
39634,Sentinel-1A,24,3.3907056888888887,14.59200631,0.0001382,98.1795,148.6795,90.342,269.7938,5.5622e-05,2.16e-06,0.0,7073.893,98.684,696.736,694.781,0
39634,Sentinel-1A,48,2.430956826666667,14.59199767,0.0001388,98.1796,147.7334,89.6092,270.5267,1.9505e-05,4.6e-07,0.0,7073.896,98.684,696.743,694.779,0
39634,Sentinel-1A,24,1.2881506666666669,14.59200856,0.0001383,98.1795,149.4229,90.3261,269.8097,4.8435e-05,1.83e-06,0.0,7073.893,98.684,696.736,694.779,1
39634,Sentinel-1A,48,2.1402202755555555,14.59200374,0.0001384,98.1796,148.4093,89.7111,270.4248,4.9107e-05,1.86e-06,0.0,7073.894,98.684,696.738,694.78,1
39634,Sentinel-1A,48,3.3907056888888887,14.59200631,0.0001382,98.1795,148.6795,90.342,269.7938,5.5622e-05,2.16e-06,0.0,7073.893,98.684,696.736,694.781,1
39634,Sentinel-1A,24,2.4764329688888886,14.59198481,0.0001396,98.1794,150.0309,89.9804,270.1555,2.9444e-05,9.3e-07,0.0,7073.9,98.684,696.753,694.778,0
39634,Sentinel-1A,48,1.2881506666666669,14.59200856,0.0001383,98.1795,149.4229,90.3261,269.8097,4.8435e-05,1.83e-06,0.0,7073.893,98.684,696.736,694.779,1
39634,Sentinel-1A,24,2.415360888888889,14.59198717,0.0001386,98.1795,150.369,89.9061,270.2298,3.3885e-05,1.14e-06,0.0,7073.899,98.684,696.745,694.784,0
39634,Sentinel-1A,24,2.019288568888889,14.59198763,0.0001385,98.1795,150.707,89.566,270.5698,3.1866e-05,1.04e-06,0.0,7073.899,98.684,696.744,694.785,0
39634,Sentinel-1A,48,2.7052962666666667,14.59200608,0.0001384,98.1795,149.6933,89.2434,270.8924,3.0015e-05,9.6e-07,0.0,7073.893,98.684,696.737,694.779,1
39634,Sentinel-1A,24,3.3394075822222224,14.59198779,0.0001385,98.1795,150.7746,89.5146,270.6212,3.1832e-05,1.04e-06,0.0,7073.899,98.684,696.744,694.785,0
39634,Sentinel-1A,48,4.069583866666667,14.59200613,0.0001384,98.1795,149.7608,89.2425,270.8933,2.889e-05,9e-07,0.0,7073.893,98.684,696.737,694.779,1
39634,Sentinel-1A,48,2.4764329688888886,14.59198481,0.0001396,98.1794,150.0309,89.9804,270.1555,2.9444e-05,9.3e-07,0.0,7073.9,98.684,696.753,694.778,0
39634,Sentinel-1A,24,1.9593288,14.59198841,0.0001385,98.1795,151.0449,89.3058,270.83,2.9594e-05,9.4e-07,0.0,7073.899,98.684,696.744,694.784,0
39634,Sentinel-1A,12,4.635244755555555,14.59199122,0.0001385,98.1794,151.7206,89.3807,270.7551,2.9244e-05,9.2e-07,0.0,7073.898,98.684,696.743,694.783,0
39634,Sentinel-1A,48,2.019288568888889,14.59198763,0.0001385,98.1795,150.707,89.566,270.5698,3.1866e-05,1.04e-06,0.0,7073.899,98.684,696.744,694.785,0
39634,Sentinel-1A,24,2.9795697066666667,14.59199096,0.0001385,98.1794,151.653,89.4114,270.7245,2.9263e-05,9.2e-07,0.0,7073.898,98.684,696.743,694.783,0
39634,Sentinel-1A,48,2.9795697066666667,14.59199096,0.0001385,98.1794,151.653,89.4114,270.7245,2.9263e-05,9.2e-07,0.0,7073.898,98.684,696.743,694.783,0
39634,Sentinel-1A,48,4.635244755555555,14.59199122,0.0001385,98.1794,151.7206,89.3807,270.7551,2.9244e-05,9.2e-07,0.0,7073.898,98.684,696.743,694.783,0
39634,Sentinel-1A,24,8.027036915555556,14.59199373,0.0001377,98.1794,152.7343,89.0666,271.0692,2.9352e-05,9.3e-07,0.0,7073.897,98.684,696.736,694.788,0
39634,Sentinel-1A,24,2.067514408888889,14.59199371,0.000137,98.1794,153.0046,89.0865,271.0491,2.8667e-05,8.9e-07,0.0,7073.897,98.684,696.731,694.793,0
39634,Sentinel-1A,12,3.257476817777777,14.59199393,0.0001371,98.1793,153.6128,89.422,270.7137,2.7444e-05,8.4e-07,0.0,7073.897,98.684,696.732,694.792,0
39634,Sentinel-1A,24,4.482078106666667,14.59199384,0.000137,98.1794,153.0722,89.0657,271.07,2.8567e-05,8.9e-07,0.0,7073.897,98.684,696.731,694.793,0
39634,Sentinel-1A,12,3.4046476177777776,14.59199957,0.000137,98.1793,156.2483,89.3893,270.7463,2.813e-05,8.7e-07,0.0,7073.895,98.684,696.73,694.791,0
39634,Sentinel-1A,12,2.8477501244444445,14.59200098,0.0001373,98.1793,156.5862,89.7171,270.4186,2.841e-05,8.8e-07,0.0,7073.895,98.684,696.731,694.789,0
39634,Sentinel-1A,24,6.449815022222222,14.59200116,0.0001372,98.1793,156.6538,89.6209,270.5148,2.842e-05,8.8e-07,0.0,7073.895,98.684,696.73,694.789,0
39634,Sentinel-1A,6,5.864096862222223,14.59199323,0.00014,98.1791,157.6673,90.1296,270.0064,3.7905e-05,1.33e-06,0.0,7073.897,98.684,696.753,694.772,0
39634,Sentinel-1A,24,2.3878233866666667,14.59198991,0.0001396,98.1792,157.2617,90.4703,269.6657,3.4204e-05,1.15e-06,0.0,7073.899,98.684,696.751,694.776,0
39634,Sentinel-1A,48,2.8477501244444445,14.59200098,0.0001373,98.1793,156.5862,89.7171,270.4186,2.841e-05,8.8e-07,0.0,7073.895,98.684,696.731,694.789,1
39634,Sentinel-1A,12,1.866565511111111,14.59199631,0.0001397,98.1791,158.2755,90.2836,269.8524,3.7666e-05,1.32e-06,0.0,7073.896,98.684,696.75,694.773,0
39634,Sentinel-1A,24,1.9326315911111112,14.59199366,0.0001401,98.1791,157.9376,90.129,270.0071,3.4712e-05,1.18e-06,0.0,7073.897,98.684,696.753,694.771,0
39634,Sentinel-1A,48,2.6191722844444443,14.59198868,0.00014,98.1792,156.9238,90.7353,269.4007,3.2468e-05,1.07e-06,0.0,7073.899,98.684,696.754,694.774,0
39634,Sentinel-1A,12,1.6446648977777778,14.59199685,0.00014,98.1791,158.6134,90.4801,269.6559,3.4438e-05,1.17e-06,0.0,7073.896,98.684,696.752,694.771,0
39634,Sentinel-1A,24,4.631084657777778,14.59199394,0.00014,98.1791,158.0052,90.1262,270.0098,3.4605e-05,1.17e-06,0.0,7073.897,98.684,696.753,694.772,0
39634,Sentinel-1A,12,2.436069386666667,14.59199971,0.0001389,98.1791,159.5595,89.7992,270.3367,3.3272e-05,1.11e-06,0.0,7073.895,98.684,696.743,694.778,0
39634,Sentinel-1A,24,2.6596357066666667,14.59199919,0.0001396,98.1791,159.2216,90.2631,269.8728,3.5026e-05,1.19e-06,0.0,7073.896,98.684,696.748,694.773,0
39634,Sentinel-1A,24,2.436069386666667,14.59199971,0.0001389,98.1791,159.5595,89.7992,270.3367,3.3272e-05,1.11e-06,0.0,7073.895,98.684,696.743,694.778,0
39634,Sentinel-1A,24,3.8903565066666665,14.59199989,0.0001388,98.179,159.627,89.7979,270.338,3.3251e-05,1.11e-06,0.0,7073.895,98.684,696.742,694.778,1
39634,Sentinel-1A,24,2.2022219288888887,14.5919977,0.0001386,98.179,159.8973,90.3656,269.7702,1.7301e-05,3.6e-07,0.0,7073.896,98.684,696.741,694.781,0
39634,Sentinel-1A,48,1.2485995377777777,14.59199817,0.0001398,98.1791,158.9513,90.3111,269.8249,3.4843e-05,1.18e-06,0.0,7073.896,98.684,696.75,694.772,0
39634,Sentinel-1A,12,1.9125669688888889,14.59198898,0.0001325,98.1799,160.5729,90.3542,269.781,-2.0278e-05,-1.41e-06,0.0,7073.899,98.684,696.701,694.827,0
39634,Sentinel-1A,24,4.837896497777778,14.59199721,0.0001387,98.179,159.9649,90.8311,269.3047,1.3436e-05,1.8e-07,0.0,7073.896,98.684,696.742,694.78,0
39634,Sentinel-1A,12,3.5290679111111114,14.59198653,0.0001327,98.1799,160.6405,90.3037,269.8315,-2.8039e-05,-1.78e-06,0.0,7073.9,98.684,696.703,694.826,0
39634,Sentinel-1A,48,2.6596357066666667,14.59199919,0.0001396,98.1791,159.2216,90.2631,269.8728,3.5026e-05,1.19e-06,0.0,7073.896,98.684,696.748,694.773,0
39634,Sentinel-1A,24,2.140595493333333,14.5919955,0.0001389,98.179,160.2351,91.2065,268.9294,1.0943e-06,-4.1e-07,0.0,7073.897,98.684,696.744,694.779,0
39634,Sentinel-1A,48,2.2022219288888887,14.5919977,0.0001386,98.179,159.8973,90.3656,269.7702,1.7301e-05,3.6e-07,0.0,7073.896,98.684,696.741,694.781,0
39634,Sentinel-1A,48,2.140595493333333,14.5919955,0.0001389,98.179,160.2351,91.2065,268.9294,1.0943e-06,-4.1e-07,0.0,7073.897,98.684,696.744,694.779,0
39634,Sentinel-1A,24,2.7078795466666667,14.59199999,0.000139,98.179,161.519,90.7908,269.345,1.9449e-05,4.6e-07,0.0,7073.895,98.684,696.744,694.777,0
39634,Sentinel-1A,6,2.024434728888889,14.59201494,0.0001376,98.1789,162.5326,90.8534,269.2823,7.5548e-05,3.1e-06,0.0,7073.89,98.684,696.729,694.782,0
39634,Sentinel-1A,24,4.060643973333334,14.59200787,0.0001382,98.1789,162.1272,90.2336,269.9022,5.5054e-05,2.14e-06,0.0,7073.893,98.684,696.735,694.78,0
39634,Sentinel-1A,48,3.1008835911111112,14.59199442,0.000132,98.1798,161.1811,89.8808,270.2543,-5.2504e-06,-7.1e-07,0.0,7073.897,98.684,696.696,694.828,1
39634,Sentinel-1A,48,2.7078795466666667,14.59199999,0.000139,98.179,161.519,90.7908,269.345,1.9449e-05,4.6e-07,0.0,7073.895,98.684,696.744,694.777,1
39634,Sentinel-1A,24,2.024434728888889,14.59201494,0.0001376,98.1789,162.5326,90.8534,269.2823,7.5548e-05,3.1e-06,0.0,7073.89,98.684,696.729,694.782,0
39634,Sentinel-1A,24,1.9572613777777776,14.59201327,0.0001379,98.1789,162.8705,90.4815,269.6542,6.3345e-05,2.53e-06,0.0,7073.891,98.684,696.731,694.781,0
39634,Sentinel-1A,48,2.643213395555556,14.59200538,0.0001382,98.1789,161.8569,90.6997,269.4361,4.6181e-05,1.72e-06,0.0,7073.894,98.684,696.736,694.781,0
39634,Sentinel-1A,12,4.825141937777778,14.59201486,0.0001378,98.1789,163.5462,90.6593,269.4765,5.3549e-05,2.07e-06,0.0,7073.89,98.684,696.73,694.781,1
39634,Sentinel-1A,48,4.060643973333334,14.59200787,0.0001382,98.1789,162.1272,90.2336,269.9022,5.5054e-05,2.14e-06,0.0,7073.893,98.684,696.735,694.78,1
39634,Sentinel-1A,24,4.825141937777778,14.59201486,0.0001378,98.1789,163.5462,90.6593,269.4765,5.3549e-05,2.07e-06,0.0,7073.89,98.684,696.73,694.781,1
39634,Sentinel-1A,12,2.689812648888889,14.59199386,0.0001381,98.1788,164.1544,90.4188,269.717,5.1675e-05,1.98e-06,0.0,7073.897,98.684,696.739,694.785,0
39634,Sentinel-1A,12,6.18096639111111,14.59199494,0.0001379,98.1788,164.4923,90.0916,270.0441,4.8366e-05,1.82e-06,0.0,7073.897,98.684,696.737,694.786,0
39634,Sentinel-1A,6,2.899474088888889,14.59199869,0.0001371,98.1788,165.3707,90.2014,269.9343,4.326e-05,1.58e-06,0.0,7073.896,98.684,696.731,694.791,0
39634,Sentinel-1A,12,1.8416129688888887,14.59199775,0.000137,98.1788,165.168,90.0881,270.0476,4.424e-05,1.63e-06,0.0,7073.896,98.684,696.73,694.792,0
39634,Sentinel-1A,24,2.0651788088888887,14.59199627,0.0001374,98.1788,164.8301,90.0552,270.0805,4.653e-05,1.74e-06,0.0,7073.897,98.684,696.733,694.79,0
39634,Sentinel-1A,24,4.788632835555555,14.59199682,0.0001371,98.1788,164.8977,89.9639,270.1718,4.6392e-05,1.73e-06,0.0,7073.896,98.684,696.731,694.791,0
39634,Sentinel-1A,48,6.18096639111111,14.59199494,0.0001379,98.1788,164.4923,90.0916,270.0441,4.8366e-05,1.82e-06,0.0,7073.897,98.684,696.737,694.786,0
39634,Sentinel-1A,12,2.796357511111111,14.59200233,0.0001367,98.1788,166.114,90.0987,270.0369,4.4261e-05,1.63e-06,0.0,7073.895,98.684,696.727,694.793,0
39634,Sentinel-1A,24,3.025198008888889,14.59200036,0.0001368,98.1788,165.7761,90.0902,270.0454,4.165e-05,1.51e-06,0.0,7073.895,98.684,696.728,694.792,0
39634,Sentinel-1A,48,2.0651788088888887,14.59199627,0.0001374,98.1788,164.8301,90.0552,270.0805,4.653e-05,1.74e-06,0.0,7073.897,98.684,696.733,694.79,0
39634,Sentinel-1A,24,6.7250409244444445,14.59200071,0.0001367,98.1788,165.8437,90.0877,270.048,4.1387e-05,1.49e-06,0.0,7073.895,98.684,696.727,694.793,0
39634,Sentinel-1A,24,2.796357511111111,14.59200233,0.0001367,98.1788,166.114,90.0987,270.0369,4.4261e-05,1.63e-06,0.0,7073.895,98.684,696.727,694.793,0
39634,Sentinel-1A,48,1.8416129688888887,14.59199775,0.000137,98.1788,165.168,90.0881,270.0476,4.424e-05,1.63e-06,0.0,7073.896,98.684,696.73,694.792,0
39634,Sentinel-1A,48,3.025198008888889,14.59200036,0.0001368,98.1788,165.7761,90.0902,270.0454,4.165e-05,1.51e-06,0.0,7073.895,98.684,696.728,694.792,0
39634,Sentinel-1A,48,6.7250409244444445,14.59200071,0.0001367,98.1788,165.8437,90.0877,270.048,4.1387e-05,1.49e-06,0.0,7073.895,98.684,696.727,694.793,1
39634,Sentinel-1A,6,6.591211946666666,14.59198928,0.0001293,98.1796,167.6006,89.0129,271.1219,-5.0514e-05,-2.84e-06,0.0,7073.899,98.684,696.678,694.849,0
39634,Sentinel-1A,24,5.089182480000001,14.59199498,0.0001293,98.1797,166.9248,89.4473,270.6875,-2.0945e-05,-1.44e-06,0.0,7073.897,98.684,696.677,694.847,0
39634,Sentinel-1A,24,8.830451635555555,14.59199064,0.0001294,98.1797,167.3303,88.9362,271.1986,-4.6154e-05,-2.63e-06,0.0,7073.898,98.684,696.679,694.848,0
39634,Sentinel-1A,48,5.184022515555555,14.59200228,0.0001361,98.1788,166.5195,89.1479,270.9876,3.3797e-05,1.14e-06,0.0,7073.895,98.684,696.722,694.797,1
39634,Sentinel-1A,48,5.173784968888889,14.59199064,0.0001294,98.1797,167.3303,88.9362,271.1986,-4.6154e-05,-2.63e-06,0.0,7073.898,98.684,696.679,694.848,0
39634,Sentinel-1A,48,8.830451635555555,14.59199064,0.0001294,98.1797,167.3303,88.9362,271.1986,-4.6154e-05,-2.63e-06,0.0,7073.898,98.684,696.679,694.848,1
39634,Sentinel-1A,24,25.446603217777778,14.5919902,0.0001295,98.1796,167.6682,88.9608,271.174,-4.4174e-05,-2.54e-06,0.0,7073.898,98.684,696.68,694.847,0
39634,Sentinel-1A,48,6.591211946666666,14.59198928,0.0001293,98.1796,167.6006,89.0129,271.1219,-5.0514e-05,-2.84e-06,0.0,7073.899,98.684,696.678,694.849,1
39634,Sentinel-1A,12,4.179058275555556,14.59200182,0.0001375,98.1787,169.8303,90.1486,269.9872,3.798e-05,1.33e-06,0.0,7073.895,98.684,696.732,694.787,0
39634,Sentinel-1A,12,1.866763751111111,14.59200329,0.0001376,98.1787,170.1006,90.3968,269.739,3.8937e-05,1.38e-06,0.0,7073.894,98.684,696.733,694.786,0
39634,Sentinel-1A,48,25.446603217777778,14.5919902,0.0001295,98.1796,167.6682,88.9608,271.174,-4.4174e-05,-2.54e-06,0.0,7073.898,98.684,696.68,694.847,1
39634,Sentinel-1A,24,5.013733066666667,14.59200033,0.0001369,98.1787,169.4924,90.5144,269.6212,3.1675e-05,1.04e-06,0.0,7073.895,98.684,696.729,694.792,0
39634,Sentinel-1A,24,2.094770915555556,14.59200148,0.0001376,98.1787,169.7627,90.2375,269.8983,3.8117e-05,1.34e-06,0.0,7073.895,98.684,696.733,694.786,0
39634,Sentinel-1A,24,3.1169670666666667,14.5920037,0.0001382,98.1787,170.3709,90.1193,270.0165,3.8053e-05,1.34e-06,0.0,7073.894,98.684,696.737,694.781,0
39634,Sentinel-1A,48,2.1572237244444445,14.59200017,0.0001369,98.1787,169.4248,90.5395,269.5961,3.1746e-05,1.04e-06,0.0,7073.895,98.684,696.729,694.792,0
39634,Sentinel-1A,48,4.179058275555556,14.59200182,0.0001375,98.1787,169.8303,90.1486,269.9872,3.798e-05,1.33e-06,0.0,7073.895,98.684,696.732,694.787,0
39634,Sentinel-1A,12,2.6048712977777777,14.59199803,0.0001379,98.1787,171.3844,89.9459,270.1898,4.1222e-05,1.49e-06,0.0,7073.896,98.684,696.736,694.785,0
39634,Sentinel-1A,24,2.8264926933333334,14.59199932,0.0001391,98.1787,171.0465,89.4563,270.6796,4.2699e-05,1.56e-06,0.0,7073.896,98.684,696.744,694.777,0
39634,Sentinel-1A,48,1.866763751111111,14.59200329,0.0001376,98.1787,170.1006,90.3968,269.739,3.8937e-05,1.38e-06,0.0,7073.894,98.684,696.733,694.786,0
39634,Sentinel-1A,48,3.1169670666666667,14.5920037,0.0001382,98.1787,170.3709,90.1193,270.0165,3.8053e-05,1.34e-06,0.0,7073.894,98.684,696.737,694.781,0
39634,Sentinel-1A,12,1.7458548444444444,14.59200723,0.0001381,98.1787,172.3979,90.8194,269.3164,5.675e-05,2.22e-06,0.0,7073.893,98.684,696.735,694.781,0
39634,Sentinel-1A,24,5.049759724444445,14.5919993,0.000138,98.1786,171.7898,90.5081,269.6277,4.175e-05,1.51e-06,0.0,7073.896,98.684,696.737,694.784,0
39634,Sentinel-1A,12,3.341531573333333,14.59200753,0.0001382,98.1787,172.4655,90.8145,269.3213,5.6665e-05,2.21e-06,0.0,7073.893,98.684,696.735,694.78,0
39634,Sentinel-1A,24,1.7458548444444444,14.59200723,0.0001381,98.1787,172.3979,90.8194,269.3164,5.675e-05,2.22e-06,0.0,7073.893,98.684,696.735,694.781,0
39634,Sentinel-1A,24,1.516458071111111,14.59200775,0.0001382,98.1787,172.7358,90.5731,269.5627,5.2074e-05,2e-06,0.0,7073.893,98.684,696.735,694.78,0
39634,Sentinel-1A,48,2.202417048888889,14.59199888,0.0001382,98.1786,171.7222,90.4788,269.657,4.1856e-05,1.52e-06,0.0,7073.896,98.684,696.738,694.783,0
39634,Sentinel-1A,24,2.9341561066666664,14.59200497,0.0001383,98.1787,173.0061,90.5442,269.5917,3.6115e-05,1.24e-06,0.0,7073.894,98.684,696.737,694.78,0
39634,Sentinel-1A,48,2.1413670488888887,14.59200939,0.000138,98.1787,172.0601,90.6471,269.4887,6.9763e-05,2.83e-06,0.0,7073.892,98.684,696.733,694.781,1
39634,Sentinel-1A,24,4.117655164444444,14.59200374,0.0001381,98.1787,173.4116,90.0391,270.0967,2.2798e-05,6.2e-07,0.0,7073.894,98.684,696.736,694.782,0
39634,Sentinel-1A,48,3.341531573333333,14.59200753,0.0001382,98.1787,172.4655,90.8145,269.3213,5.6665e-05,2.21e-06,0.0,7073.893,98.684,696.735,694.78,1
39634,Sentinel-1A,48,1.516458071111111,14.59200775,0.0001382,98.1787,172.7358,90.5731,269.5627,5.2074e-05,2e-06,0.0,7073.893,98.684,696.735,694.78,1
39634,Sentinel-1A,24,4.122738026666666,14.59200342,0.000138,98.1787,173.6143,89.9741,270.1617,2.2645e-05,6.1e-07,0.0,7073.894,98.684,696.735,694.783,0
39634,Sentinel-1A,24,4.991029688888889,14.59200119,0.000138,98.1787,173.7494,89.6536,270.4822,8.2865e-06,-7e-08,0.0,7073.895,98.684,696.736,694.784,0
39634,Sentinel-1A,12,3.633067075555556,14.592,0.0001322,98.1796,174.4251,90.0092,270.1259,-3.7563e-06,-6.3e-07,0.0,7073.895,98.684,696.695,694.825,0
39634,Sentinel-1A,48,2.9341561066666664,14.59200497,0.0001383,98.1787,173.0061,90.5442,269.5917,3.6115e-05,1.24e-06,0.0,7073.894,98.684,696.737,694.78,0
39634,Sentinel-1A,48,4.117655164444444,14.59200374,0.0001381,98.1787,173.4116,90.0391,270.0967,2.2798e-05,6.2e-07,0.0,7073.894,98.684,696.736,694.782,0
39634,Sentinel-1A,24,3.633067075555556,14.592,0.0001322,98.1796,174.4251,90.0092,270.1259,-3.7563e-06,-6.3e-07,0.0,7073.895,98.684,696.695,694.825,0
39634,Sentinel-1A,12,2.98824504,14.59200177,0.0001378,98.1787,175.3035,90.1226,270.0132,3.0809e-06,-3.1e-07,0.0,7073.895,98.684,696.735,694.785,0
39634,Sentinel-1A,12,4.782810417777778,14.59200185,0.0001376,98.1787,175.3711,90.2017,269.934,3.5399e-06,-2.9e-07,0.0,7073.895,98.684,696.733,694.786,0
39634,Sentinel-1A,24,2.7510743288888886,14.59200455,0.000138,98.1786,175.6414,90.7638,269.372,2.2035e-05,5.8e-07,0.0,7073.894,98.684,696.735,694.783,0
39634,Sentinel-1A,24,5.173139466666667,14.5920048,0.000138,98.1787,175.709,90.3694,269.7664,2.4211e-05,6.8e-07,0.0,7073.894,98.684,696.735,694.783,0
39634,Sentinel-1A,48,6.296047928888889,14.59199982,0.000132,98.1796,174.6954,89.5914,270.5437,-5.3474e-06,-7.1e-07,0.0,7073.895,98.684,696.694,694.827,0
39634,Sentinel-1A,24,2.5222350311111112,14.59200703,0.0001377,98.1787,175.9793,90.1894,269.9464,3.8216e-05,1.34e-06,0.0,7073.893,98.684,696.732,694.784,0
39634,Sentinel-1A,24,2.2972867822222223,14.59200948,0.0001379,98.1787,176.3172,89.9999,270.1359,4.7396e-05,1.78e-06,0.0,7073.892,98.684,696.733,694.782,0
39634,Sentinel-1A,48,2.98824504,14.59200177,0.0001378,98.1787,175.3035,90.1226,270.0132,3.0809e-06,-3.1e-07,0.0,7073.895,98.684,696.735,694.785,0
39634,Sentinel-1A,48,2.7510743288888886,14.59200455,0.000138,98.1786,175.6414,90.7638,269.372,2.2035e-05,5.8e-07,0.0,7073.894,98.684,696.735,694.783,0
39634,Sentinel-1A,12,4.817999751111112,14.59201261,0.0001374,98.1787,177.3307,91.39,268.7457,3.7396e-05,1.31e-06,0.0,7073.891,98.684,696.728,694.784,1
39634,Sentinel-1A,48,2.5222350311111112,14.59200703,0.0001377,98.1787,175.9793,90.1894,269.9464,3.8216e-05,1.34e-06,0.0,7073.893,98.684,696.732,694.784,0
39634,Sentinel-1A,12,1.150840471111111,14.59199161,0.0001376,98.1787,178.0065,90.0188,270.1169,3.9037e-05,1.38e-06,0.0,7073.898,98.684,696.736,694.79,0
39634,Sentinel-1A,12,2.5682621688888885,14.59199246,0.0001376,98.1787,178.2768,90.2806,269.8552,4.7369e-05,1.78e-06,0.0,7073.898,98.684,696.736,694.789,0
39634,Sentinel-1A,24,1.150840471111111,14.59199161,0.0001376,98.1787,178.0065,90.0188,270.1169,3.9037e-05,1.38e-06,0.0,7073.898,98.684,696.736,694.79,0
39634,Sentinel-1A,24,2.5682621688888885,14.59199246,0.0001376,98.1787,178.2768,90.2806,269.8552,4.7369e-05,1.78e-06,0.0,7073.898,98.684,696.736,694.789,0
39634,Sentinel-1A,48,4.817999751111112,14.59201261,0.0001374,98.1787,177.3307,91.39,268.7457,3.7396e-05,1.31e-06,0.0,7073.891,98.684,696.728,694.784,1
39634,Sentinel-1A,12,3.5282727288888887,14.59199672,0.0001377,98.1787,179.2228,90.2674,269.8683,5.012e-05,1.91e-06,0.0,7073.896,98.684,696.735,694.787,0
39634,Sentinel-1A,24,4.8025912,14.59199396,0.0001375,98.1786,178.6822,90.4276,269.7081,4.556e-05,1.69e-06,0.0,7073.897,98.684,696.735,694.79,0
39634,Sentinel-1A,12,5.656447537777778,14.59199658,0.0001377,98.1787,179.2904,90.269,269.8668,4.856e-05,1.83e-06,0.0,7073.896,98.684,696.735,694.787,0
39634,Sentinel-1A,24,2.110848631111111,14.5919955,0.0001377,98.1787,178.9525,90.2145,269.9212,5.0656e-05,1.93e-06,0.0,7073.897,98.684,696.736,694.788,0
39634,Sentinel-1A,48,1.150840471111111,14.59199161,0.0001376,98.1787,178.0065,90.0188,270.1169,3.9037e-05,1.38e-06,0.0,7073.898,98.684,696.736,694.79,0
39634,Sentinel-1A,24,5.656447537777778,14.59199658,0.0001377,98.1787,179.2904,90.269,269.8668,4.856e-05,1.83e-06,0.0,7073.896,98.684,696.735,694.787,0
39634,Sentinel-1A,12,3.2383601511111118,14.59199771,0.0001379,98.1787,179.8985,90.4488,269.687,3.7975e-05,1.33e-06,0.0,7073.896,98.684,696.737,694.786,0
39634,Sentinel-1A,24,1.6537140711111111,14.59199728,0.0001376,98.1787,179.6282,90.2463,269.8894,4.3753e-05,1.61e-06,0.0,7073.896,98.684,696.735,694.788,0
39634,Sentinel-1A,48,2.110848631111111,14.5919955,0.0001377,98.1787,178.9525,90.2145,269.9212,5.0656e-05,1.93e-06,0.0,7073.897,98.684,696.736,694.788,0
39634,Sentinel-1A,24,3.2383601511111118,14.59199771,0.0001379,98.1787,179.8985,90.4488,269.687,3.7975e-05,1.33e-06,0.0,7073.896,98.684,696.737,694.786,0
39634,Sentinel-1A,24,2.842290711111111,14.59199738,0.0001384,98.1787,180.2364,90.0529,270.0829,2.9521e-05,9.3e-07,0.0,7073.896,98.684,696.74,694.782,0
39634,Sentinel-1A,48,3.5282727288888887,14.59199672,0.0001377,98.1787,179.2228,90.2674,269.8683,5.012e-05,1.91e-06,0.0,7073.896,98.684,696.735,694.787,1
39634,Sentinel-1A,48,1.6537140711111111,14.59199728,0.0001376,98.1787,179.6282,90.2463,269.8894,4.3753e-05,1.61e-06,0.0,7073.896,98.684,696.735,694.788,1
39634,Sentinel-1A,24,2.6142739466666667,14.59199364,0.000138,98.1787,180.5742,92.1061,268.0296,2.3406e-06,-3.5e-07,0.0,7073.897,98.684,696.739,694.786,0
39634,Sentinel-1A,48,2.842290711111111,14.59199738,0.0001384,98.1787,180.2364,90.0529,270.0829,2.9521e-05,9.3e-07,0.0,7073.896,98.684,696.74,694.782,1
39634,Sentinel-1A,24,2.323795973333333,14.59198838,0.0001315,98.1796,181.2501,90.5423,269.5927,-3.176e-05,-1.95e-06,0.0,7073.899,98.684,696.694,694.834,0
39634,Sentinel-1A,48,5.440188462222222,14.59199744,0.0001383,98.1787,180.304,89.9721,270.1638,2.9043e-05,9.1e-07,0.0,7073.896,98.684,696.739,694.783,1
39634,Sentinel-1A,12,3.292409244444445,14.59198809,0.0001318,98.1797,182.1961,90.7383,269.3968,-1.5702e-05,-1.2e-06,0.0,7073.899,98.684,696.696,694.832,0
39634,Sentinel-1A,48,2.386262462222222,14.59199136,0.0001294,98.1795,180.9121,92.3908,267.744,-1.5549e-05,-1.19e-06,0.0,7073.898,98.684,696.678,694.848,0
39634,Sentinel-1A,48,2.323795973333333,14.59198838,0.0001315,98.1796,181.2501,90.5423,269.5927,-3.176e-05,-1.95e-06,0.0,7073.899,98.684,696.694,694.834,0
39634,Sentinel-1A,24,3.292409244444445,14.59198809,0.0001318,98.1797,182.1961,90.7383,269.3968,-1.5702e-05,-1.2e-06,0.0,7073.899,98.684,696.696,694.832,0
39634,Sentinel-1A,12,3.943520595555556,14.59199138,0.0001378,98.1788,182.6691,90.3327,269.8031,1.1548e-05,9e-08,0.0,7073.898,98.684,696.738,694.788,0
39634,Sentinel-1A,48,3.628359191111111,14.59198817,0.0001316,98.1796,181.3177,90.5014,269.6337,-3.1556e-05,-1.95e-06,0.0,7073.899,98.684,696.695,694.833,0
39634,Sentinel-1A,6,3.598091253333333,14.59199655,0.000138,98.1788,183.2096,90.3865,269.7492,3.8317e-05,1.35e-06,0.0,7073.896,98.684,696.738,694.785,0
39634,Sentinel-1A,24,2.888280888888889,14.59199034,0.0001382,98.1788,182.5339,90.4482,269.6876,6.2751e-06,-1.6e-07,0.0,7073.898,98.684,696.741,694.786,0
39634,Sentinel-1A,48,8.51474808,14.59198817,0.0001316,98.1796,181.3177,90.5014,269.6337,-3.1556e-05,-1.95e-06,0.0,7073.899,98.684,696.695,694.833,0
39634,Sentinel-1A,12,5.709202364444444,14.59199655,0.000138,98.1788,183.2096,90.3865,269.7492,3.8317e-05,1.35e-06,0.0,7073.896,98.684,696.738,694.785,0
39634,Sentinel-1A,24,2.6605464622222224,14.59199349,0.0001379,98.1788,182.8718,90.1097,270.0261,2.3881e-05,6.7e-07,0.0,7073.897,98.684,696.738,694.787,0
39634,Sentinel-1A,12,2.852543857777777,14.59199813,0.0001376,98.1788,183.6826,90.6969,269.4389,3.6778e-05,1.28e-06,0.0,7073.896,98.684,696.734,694.788,0
39634,Sentinel-1A,24,5.709202364444444,14.59199655,0.000138,98.1788,183.2096,90.3865,269.7492,3.8317e-05,1.35e-06,0.0,7073.896,98.684,696.738,694.785,0
39634,Sentinel-1A,24,2.852543857777777,14.59199813,0.0001376,98.1788,183.6826,90.6969,269.4389,3.6778e-05,1.28e-06,0.0,7073.896,98.684,696.734,694.788,0
39634,Sentinel-1A,12,3.558382951111111,14.59199831,0.0001382,98.1788,184.1556,90.8756,269.2602,2.9726e-05,9.4e-07,0.0,7073.896,98.684,696.738,694.783,0
39634,Sentinel-1A,48,3.943520595555556,14.59199138,0.0001378,98.1788,182.6691,90.3327,269.8031,1.1548e-05,9e-08,0.0,7073.898,98.684,696.738,694.788,0
39634,Sentinel-1A,48,2.6605464622222224,14.59199349,0.0001379,98.1788,182.8718,90.1097,270.0261,2.3881e-05,6.7e-07,0.0,7073.897,98.684,696.738,694.787,0
39634,Sentinel-1A,12,4.158899955555556,14.59199764,0.0001378,98.1788,184.2908,90.6365,269.4992,2.5188e-05,7.3e-07,0.0,7073.896,98.684,696.736,694.786,0
39634,Sentinel-1A,12,2.05906064,14.59199554,0.0001376,98.1788,184.6962,90.2777,269.8581,8.624e-06,-5e-08,0.0,7073.897,98.684,696.735,694.788,0
39634,Sentinel-1A,24,4.158899955555556,14.59199764,0.0001378,98.1788,184.2908,90.6365,269.4992,2.5188e-05,7.3e-07,0.0,7073.896,98.684,696.736,694.786,0
39634,Sentinel-1A,12,4.746402835555556,14.59199531,0.0001379,98.1788,184.7638,90.5588,269.577,6.1481e-06,-1.7e-07,0.0,7073.897,98.684,696.737,694.786,0
39634,Sentinel-1A,24,2.05906064,14.59199554,0.0001376,98.1788,184.6962,90.2777,269.8581,8.624e-06,-5e-08,0.0,7073.897,98.684,696.735,694.788,0
39634,Sentinel-1A,48,2.852543857777777,14.59199813,0.0001376,98.1788,183.6826,90.6969,269.4389,3.6778e-05,1.28e-06,0.0,7073.896,98.684,696.734,694.788,0
39634,Sentinel-1A,12,2.8723992533333336,14.59199312,0.0001319,98.1797,185.1692,90.4776,269.6575,-4.1258e-06,-6.5e-07,0.0,7073.898,98.684,696.696,694.829,0
39634,Sentinel-1A,24,4.596996702222223,14.59199576,0.0001376,98.1788,184.6286,90.0685,270.0672,1.0986e-05,6e-08,0.0,7073.897,98.684,696.735,694.788,0
39634,Sentinel-1A,24,2.8723992533333336,14.59199312,0.0001319,98.1797,185.1692,90.4776,269.6575,-4.1258e-06,-6.5e-07,0.0,7073.898,98.684,696.696,694.829,0
39634,Sentinel-1A,48,3.558382951111111,14.59199831,0.0001382,98.1788,184.1556,90.8756,269.2602,2.9726e-05,9.4e-07,0.0,7073.896,98.684,696.738,694.783,0
39634,Sentinel-1A,24,2.476887288888889,14.59199369,0.0001321,98.1797,185.507,90.4551,269.68,-1.8051e-06,-5.4e-07,0.0,7073.897,98.684,696.697,694.828,0
39634,Sentinel-1A,48,4.596996702222223,14.59199576,0.0001376,98.1788,184.6286,90.0685,270.0672,1.0986e-05,6e-08,0.0,7073.897,98.684,696.735,694.788,0
39634,Sentinel-1A,24,3.9312931822222223,14.5919937,0.0001322,98.1797,185.6421,90.2655,269.8696,-1.6499e-06,-5.4e-07,0.0,7073.897,98.684,696.698,694.827,0
39634,Sentinel-1A,12,4.056819786666667,14.59199771,0.0001385,98.1788,186.2503,90.9372,269.1986,1.5126e-05,2.6e-07,0.0,7073.896,98.684,696.741,694.781,0
39634,Sentinel-1A,24,2.250820728888889,14.59199444,0.0001319,98.1797,185.8449,90.1834,269.9517,2.291e-06,-3.5e-07,0.0,7073.897,98.684,696.695,694.829,0
39634,Sentinel-1A,48,4.746402835555556,14.59199531,0.0001379,98.1788,184.7638,90.5588,269.577,6.1481e-06,-1.7e-07,0.0,7073.897,98.684,696.737,694.786,0
39634,Sentinel-1A,48,2.8723992533333336,14.59199312,0.0001319,98.1797,185.1692,90.4776,269.6575,-4.1258e-06,-6.5e-07,0.0,7073.898,98.684,696.696,694.829,0
39634,Sentinel-1A,24,2.186977111111111,14.59199744,0.0001384,98.1788,186.1828,91.0437,269.0921,1.373e-05,1.9e-07,0.0,7073.896,98.684,696.74,694.782,0
39634,Sentinel-1A,48,2.476887288888889,14.59199369,0.0001321,98.1797,185.507,90.4551,269.68,-1.8051e-06,-5.4e-07,0.0,7073.897,98.684,696.697,694.828,0
39634,Sentinel-1A,12,1.5048945422222222,14.59200066,0.0001382,98.1788,187.1964,90.9635,269.1723,2.2342e-05,6e-07,0.0,7073.895,98.684,696.738,694.782,0
39634,Sentinel-1A,12,3.101681662222222,14.59200062,0.0001381,98.1788,187.264,91.0992,269.0365,2.1557e-05,5.6e-07,0.0,7073.895,98.684,696.737,694.783,0
39634,Sentinel-1A,48,2.250820728888889,14.59199444,0.0001319,98.1797,185.8449,90.1834,269.9517,2.291e-06,-3.5e-07,0.0,7073.897,98.684,696.695,694.829,0
39634,Sentinel-1A,24,2.918153173333333,14.59200009,0.0001377,98.1787,187.4667,92.1379,267.9978,1.4656e-05,2.3e-07,0.0,7073.895,98.684,696.734,694.786,0
39634,Sentinel-1A,48,5.39158896,14.59199937,0.0001383,98.1788,186.5882,90.596,269.5398,2.2927e-05,6.2e-07,0.0,7073.895,98.684,696.739,694.782,0
39634,Sentinel-1A,12,4.042804293333333,14.59199684,0.0001311,98.1797,188.21,91.2374,268.8975,-5.1818e-06,-7e-07,0.0,7073.896,98.684,696.689,694.834,0
39634,Sentinel-1A,24,2.461017893333333,14.59199692,0.0001309,98.1797,188.1424,91.3053,268.8297,-5.0374e-06,-7e-07,0.0,7073.896,98.684,696.687,694.835,0
39634,Sentinel-1A,24,3.649043777777778,14.59199719,0.0001313,98.1796,188.7506,91.0587,269.0763,-3.1497e-06,-6.1e-07,0.0,7073.896,98.684,696.69,694.832,0
39634,Sentinel-1A,48,2.689863191111111,14.59199917,0.0001379,98.1788,187.8045,91.9704,268.1653,6.9328e-06,-1.3e-07,0.0,7073.896,98.684,696.736,694.785,0
39634,Sentinel-1A,12,3.7168800266666655,14.59200182,0.0001376,98.1788,189.5615,91.0262,269.1095,2.1111e-05,5.4e-07,0.0,7073.895,98.684,696.733,694.786,0
39634,Sentinel-1A,24,1.7753213333333333,14.591999,0.0001375,98.1788,189.156,91.4955,268.6402,5.8886e-06,-1.8e-07,0.0,7073.896,98.684,696.733,694.788,0
39634,Sentinel-1A,48,2.461017893333333,14.59199692,0.0001309,98.1797,188.1424,91.3053,268.8297,-5.0374e-06,-7e-07,0.0,7073.896,98.684,696.687,694.835,0
39634,Sentinel-1A,24,3.175164248888889,14.59199932,0.0001375,98.1788,189.2236,91.5655,268.5702,7.9387e-06,-8e-08,0.0,7073.896,98.684,696.733,694.788,0
39634,Sentinel-1A,48,4.042804293333333,14.59199684,0.0001311,98.1797,188.21,91.2374,268.8975,-5.1818e-06,-7e-07,0.0,7073.896,98.684,696.689,694.834,0
39634,Sentinel-1A,24,1.5464813155555557,14.59200137,0.0001377,98.1788,189.4939,91.1067,269.0291,1.938e-05,4.6e-07,0.0,7073.895,98.684,696.734,694.786,0
39634,Sentinel-1A,12,4.851024702222222,14.59200626,0.0001382,98.1788,190.1696,90.9859,269.1499,3.5977e-05,1.24e-06,0.0,7073.893,98.684,696.736,694.781,0
39634,Sentinel-1A,48,3.649043777777778,14.59199719,0.0001313,98.1796,188.7506,91.0587,269.0763,-3.1497e-06,-6.1e-07,0.0,7073.896,98.684,696.69,694.832,0
39634,Sentinel-1A,12,4.567463902222222,14.59200762,0.0001378,98.1788,190.5074,91.1679,268.9678,3.68e-05,1.28e-06,0.0,7073.893,98.684,696.733,694.783,0
39634,Sentinel-1A,48,3.175164248888889,14.59199932,0.0001375,98.1788,189.2236,91.5655,268.5702,7.9387e-06,-8e-08,0.0,7073.896,98.684,696.733,694.788,0
39634,Sentinel-1A,12,3.758394737777778,14.59200741,0.0001374,98.1788,191.1832,90.9377,269.198,2.5132e-05,7.3e-07,0.0,7073.893,98.684,696.73,694.786,0
39634,Sentinel-1A,24,3.299864328888889,14.59200448,0.0001374,98.1788,191.3859,91.3943,268.7414,8.2252e-06,-7e-08,0.0,7073.894,98.684,696.731,694.787,0
39634,Sentinel-1A,12,2.714355244444444,14.59199816,0.0001319,98.1797,192.1968,90.914,269.2211,-2.5934e-05,-1.68e-06,0.0,7073.896,98.684,696.694,694.828,0
39634,Sentinel-1A,24,1.1970135288888888,14.59199846,0.0001315,98.1797,192.1292,91.1273,269.0078,-2.5454e-05,-1.66e-06,0.0,7073.896,98.684,696.691,694.831,0
39634,Sentinel-1A,48,3.758394737777778,14.59200741,0.0001374,98.1788,191.1832,90.9377,269.198,2.5132e-05,7.3e-07,0.0,7073.893,98.684,696.73,694.786,1
39634,Sentinel-1A,12,2.385320791111111,14.59199839,0.0001314,98.1797,192.7374,91.12,269.015,-2.0718e-05,-1.43e-06,0.0,7073.896,98.684,696.69,694.831,0
39634,Sentinel-1A,24,2.6141634488888887,14.59199865,0.0001317,98.1797,192.3995,90.8668,269.2682,-2.2808e-05,-1.53e-06,0.0,7073.896,98.684,696.692,694.829,0
39634,Sentinel-1A,48,3.299864328888889,14.59200448,0.0001374,98.1788,191.3859,91.3943,268.7414,8.2252e-06,-7e-08,0.0,7073.894,98.684,696.731,694.787,0
39634,Sentinel-1A,48,5.41454752,14.59200323,0.0001374,98.1788,191.521,90.5656,269.5701,2.1319e-06,-3.6e-07,0.0,7073.894,98.684,696.731,694.787,0
39634,Sentinel-1A,6,2.261811982222222,14.59200468,0.0001387,98.1789,193.413,91.6205,268.5154,2.1315e-05,5.5e-07,0.0,7073.894,98.684,696.74,694.778,0
39634,Sentinel-1A,12,1.866447742222222,14.59200284,0.0001383,98.1789,193.2103,91.6462,268.4896,1.0468e-05,4e-08,0.0,7073.894,98.684,696.738,694.781,0
39634,Sentinel-1A,24,2.385320791111111,14.59199839,0.0001314,98.1797,192.7374,91.12,269.015,-2.0718e-05,-1.43e-06,0.0,7073.896,98.684,696.69,694.831,0
39634,Sentinel-1A,24,2.1570430488888888,14.59200166,0.000131,98.1797,193.0752,91.7755,268.3595,1.5564e-06,-3.8e-07,0.0,7073.895,98.684,696.686,694.833,0
39634,Sentinel-1A,48,1.1970135288888888,14.59199846,0.0001315,98.1797,192.1292,91.1273,269.0078,-2.5454e-05,-1.66e-06,0.0,7073.896,98.684,696.691,694.831,1
39634,Sentinel-1A,24,1.866447742222222,14.59200284,0.0001383,98.1789,193.2103,91.6462,268.4896,1.0468e-05,4e-08,0.0,7073.894,98.684,696.738,694.781,0
39634,Sentinel-1A,48,2.714355244444444,14.59199816,0.0001319,98.1797,192.1968,90.914,269.2211,-2.5934e-05,-1.68e-06,0.0,7073.896,98.684,696.694,694.828,1
39634,Sentinel-1A,48,2.6141634488888887,14.59199865,0.0001317,98.1797,192.3995,90.8668,269.2682,-2.2808e-05,-1.53e-06,0.0,7073.896,98.684,696.692,694.829,0
39634,Sentinel-1A,48,6.03456096,14.59199834,0.0001317,98.1797,192.4671,90.7984,269.3366,-2.3867e-05,-1.58e-06,0.0,7073.896,98.684,696.692,694.829,0
39634,Sentinel-1A,12,6.6081832,14.59200934,0.0001391,98.1789,194.0212,91.8019,268.334,3.8449e-05,1.36e-06,0.0,7073.892,98.684,696.741,694.773,1
39634,Sentinel-1A,48,2.385320791111111,14.59199839,0.0001314,98.1797,192.7374,91.12,269.015,-2.0718e-05,-1.43e-06,0.0,7073.896,98.684,696.69,694.831,0
39634,Sentinel-1A,48,2.1570430488888888,14.59200166,0.000131,98.1797,193.0752,91.7755,268.3595,1.5564e-06,-3.8e-07,0.0,7073.895,98.684,696.686,694.833,0
39634,Sentinel-1A,24,3.1190165333333333,14.59200934,0.0001391,98.1789,194.0212,91.8019,268.334,3.8449e-05,1.36e-06,0.0,7073.892,98.684,696.741,694.773,1
39634,Sentinel-1A,48,1.866447742222222,14.59200284,0.0001383,98.1789,193.2103,91.6462,268.4896,1.0468e-05,4e-08,0.0,7073.894,98.684,696.738,694.781,1
39634,Sentinel-1A,24,6.6081832,14.59200934,0.0001391,98.1789,194.0212,91.8019,268.334,3.8449e-05,1.36e-06,0.0,7073.892,98.684,696.741,694.773,1
39634,Sentinel-1A,24,1.4091577777777775,14.59198525,0.0001379,98.1789,194.4266,91.0051,269.1307,3.5624e-05,1.22e-06,0.0,7073.9,98.684,696.741,694.79,0
39634,Sentinel-1A,6,2.369436755555556,14.59198946,0.0001389,98.1789,195.3726,91.6613,268.4746,2.615e-05,7.8e-07,0.0,7073.899,98.684,696.746,694.781,0
39634,Sentinel-1A,48,6.6272111733333325,14.59200511,0.0001386,98.1789,193.4806,91.5445,268.5913,2.2657e-05,6.1e-07,0.0,7073.894,98.684,696.739,694.778,1
39634,Sentinel-1A,12,2.961578755555556,14.59198876,0.0001385,98.1789,195.1699,91.4172,268.7186,2.707e-05,8.2e-07,0.0,7073.899,98.684,696.744,694.784,0
39634,Sentinel-1A,48,6.6081832,14.59200934,0.0001391,98.1789,194.0212,91.8019,268.334,3.8449e-05,1.36e-06,0.0,7073.892,98.684,696.741,694.773,1
39634,Sentinel-1A,24,2.961578755555556,14.59198876,0.0001385,98.1789,195.1699,91.4172,268.7186,2.707e-05,8.2e-07,0.0,7073.899,98.684,696.744,694.784,0
39634,Sentinel-1A,12,3.619358933333333,14.59199048,0.0001386,98.1789,195.6429,91.6564,268.4794,2.5792e-05,7.6e-07,0.0,7073.898,98.684,696.744,694.783,0
39634,Sentinel-1A,48,1.4091577777777775,14.59198525,0.0001379,98.1789,194.4266,91.0051,269.1307,3.5624e-05,1.22e-06,0.0,7073.9,98.684,696.741,694.79,0
39634,Sentinel-1A,24,2.369436755555556,14.59198946,0.0001389,98.1789,195.3726,91.6613,268.4746,2.615e-05,7.8e-07,0.0,7073.899,98.684,696.746,694.781,0
39634,Sentinel-1A,12,1.746465262222222,14.59199208,0.0001388,98.1789,196.0483,91.4907,268.6452,2.5881e-05,7.6e-07,0.0,7073.898,98.684,696.745,694.781,0
39634,Sentinel-1A,24,3.619358933333333,14.59199048,0.0001386,98.1789,195.6429,91.6564,268.4794,2.5792e-05,7.6e-07,0.0,7073.898,98.684,696.744,694.783,0
39634,Sentinel-1A,48,1.0139199911111112,14.59198779,0.0001378,98.179,194.7645,91.1169,269.0188,3.7487e-05,1.31e-06,0.0,7073.899,98.684,696.739,694.789,0
39634,Sentinel-1A,24,1.746465262222222,14.59199208,0.0001388,98.1789,196.0483,91.4907,268.6452,2.5881e-05,7.6e-07,0.0,7073.898,98.684,696.745,694.781,0
39634,Sentinel-1A,24,2.477078808888889,14.59199776,0.0001388,98.179,197.3322,91.2769,268.8589,3.8267e-05,1.35e-06,0.0,7073.896,98.684,696.743,694.779,0
39634,Sentinel-1A,48,4.05996096,14.59199317,0.0001386,98.179,196.4538,91.2925,268.8433,2.5478e-05,7.4e-07,0.0,7073.898,98.684,696.743,694.782,0
39634,Sentinel-1A,24,1.7913836888888888,14.5919905,0.0001383,98.1791,198.3459,88.3955,271.7403,3.6048e-05,1.24e-06,0.0,7073.898,98.684,696.742,694.785,0
39634,Sentinel-1A,48,2.477078808888889,14.59199776,0.0001388,98.179,197.3322,91.2769,268.8589,3.8267e-05,1.35e-06,0.0,7073.896,98.684,696.743,694.779,0
39634,Sentinel-1A,12,1.3345225866666668,14.59199262,0.0001383,98.1791,199.0216,88.2423,271.8935,3.4591e-05,1.17e-06,0.0,7073.898,98.684,696.741,694.784,0
39634,Sentinel-1A,24,1.562535271111111,14.59199146,0.0001385,98.1791,198.6837,88.0887,272.0472,3.6153e-05,1.25e-06,0.0,7073.898,98.684,696.743,694.783,0
39634,Sentinel-1A,24,1.3345225866666668,14.59199262,0.0001383,98.1791,199.0216,88.2423,271.8935,3.4591e-05,1.17e-06,0.0,7073.898,98.684,696.741,694.784,0
39634,Sentinel-1A,12,2.5267120177777778,14.59199465,0.0001381,98.1791,199.6298,88.2748,271.8609,3.3204e-05,1.11e-06,0.0,7073.897,98.684,696.739,694.785,0
39634,Sentinel-1A,48,1.7913836888888888,14.5919905,0.0001383,98.1791,198.3459,88.3955,271.7403,3.6048e-05,1.24e-06,0.0,7073.898,98.684,696.742,694.785,0
39634,Sentinel-1A,48,5.030392311111111,14.59199104,0.000138,98.179,198.4135,88.3918,271.744,3.5933e-05,1.24e-06,0.0,7073.898,98.684,696.739,694.787,0
39634,Sentinel-1A,48,1.562535271111111,14.59199146,0.0001385,98.1791,198.6837,88.0887,272.0472,3.6153e-05,1.25e-06,0.0,7073.898,98.684,696.743,694.783,0
39634,Sentinel-1A,24,2.5267120177777778,14.59199465,0.0001381,98.1791,199.6298,88.2748,271.8609,3.3204e-05,1.11e-06,0.0,7073.897,98.684,696.739,694.785,0
39634,Sentinel-1A,48,1.3345225866666668,14.59199262,0.0001383,98.1791,199.0216,88.2423,271.8935,3.4591e-05,1.17e-06,0.0,7073.898,98.684,696.741,694.784,0
39634,Sentinel-1A,12,3.254550666666667,14.59199897,0.0001377,98.1792,200.9137,88.4811,271.6546,2.7903e-05,8.6e-07,0.0,7073.896,98.684,696.735,694.787,0
39634,Sentinel-1A,12,5.195503493333334,14.59199857,0.0001375,98.1792,200.9813,88.5413,271.5944,2.5494e-05,7.4e-07,0.0,7073.896,98.684,696.733,694.788,0
39634,Sentinel-1A,48,2.5267120177777778,14.59199465,0.0001381,98.1791,199.6298,88.2748,271.8609,3.3204e-05,1.11e-06,0.0,7073.897,98.684,696.739,694.785,0
39634,Sentinel-1A,24,2.005458702222222,14.59199828,0.0001376,98.1792,200.6434,88.5739,271.5618,2.9181e-05,9.2e-07,0.0,7073.896,98.684,696.734,694.787,0
39634,Sentinel-1A,24,3.254550666666667,14.59199897,0.0001377,98.1792,200.9137,88.4811,271.6546,2.7903e-05,8.6e-07,0.0,7073.896,98.684,696.735,694.787,0
39634,Sentinel-1A,12,2.967692444444445,14.59199657,0.0001371,98.1792,201.5894,89.0796,271.056,6.9898e-06,-1.3e-07,0.0,7073.896,98.684,696.731,694.792,0
39634,Sentinel-1A,48,5.008266391111111,14.59199643,0.000138,98.1792,200.0352,88.2735,271.8623,3.3432e-05,1.12e-06,0.0,7073.896,98.684,696.738,694.785,0
39634,Sentinel-1A,48,5.195503493333334,14.59199857,0.0001375,98.1792,200.9813,88.5413,271.5944,2.5494e-05,7.4e-07,0.0,7073.896,98.684,696.733,694.788,0
39634,Sentinel-1A,12,6.673855306666667,14.59199685,0.0001373,98.1792,202.4003,89.9142,270.2215,3.8192e-06,-2.8e-07,0.0,7073.896,98.684,696.733,694.79,0
39634,Sentinel-1A,24,2.3400042488888886,14.59199667,0.0001375,98.1792,202.2652,90.4283,269.7074,2.8588e-06,-3.2e-07,0.0,7073.896,98.684,696.734,694.789,0
39634,Sentinel-1A,12,1.8828732888888888,14.59199869,0.0001375,98.1793,202.941,89.4773,270.6584,1.208e-05,1.1e-07,0.0,7073.896,98.684,696.733,694.788,0
39634,Sentinel-1A,48,4.348166577777778,14.59199695,0.0001371,98.1792,201.3867,89.0078,271.1279,1.0951e-05,6e-08,0.0,7073.896,98.684,696.731,694.791,0
39634,Sentinel-1A,24,6.673855306666667,14.59199685,0.0001373,98.1792,202.4003,89.9142,270.2215,3.8192e-06,-2.8e-07,0.0,7073.896,98.684,696.733,694.79,0
39634,Sentinel-1A,12,4.099938666666667,14.59199923,0.0001374,98.1793,203.0086,89.6368,270.4989,1.5471e-05,2.7e-07,0.0,7073.896,98.684,696.732,694.789,0
39634,Sentinel-1A,24,2.111437928888889,14.59199736,0.0001373,98.1792,202.6031,89.3912,270.7445,6.8457e-06,-1.3e-07,0.0,7073.896,98.684,696.732,694.79,0
39634,Sentinel-1A,24,1.8828732888888888,14.59199869,0.0001375,98.1793,202.941,89.4773,270.6584,1.208e-05,1.1e-07,0.0,7073.896,98.684,696.733,694.788,0
39634,Sentinel-1A,48,2.56967976,14.59199596,0.0001374,98.1792,201.9273,88.913,271.2227,2.3926e-06,-3.4e-07,0.0,7073.897,98.684,696.734,694.79,0
39634,Sentinel-1A,48,5.984800213333333,14.59199605,0.0001374,98.1792,201.9949,89.1936,270.9421,2.2929e-06,-3.5e-07,0.0,7073.897,98.684,696.734,694.79,0
39634,Sentinel-1A,24,9.90073608888889,14.59200009,0.0001377,98.1792,203.1437,89.4837,270.6521,2.0229e-05,5e-07,0.0,7073.895,98.684,696.734,694.786,0
39634,Sentinel-1A,48,6.673855306666667,14.59199685,0.0001373,98.1792,202.4003,89.9142,270.2215,3.8192e-06,-2.8e-07,0.0,7073.896,98.684,696.733,694.79,0
39634,Sentinel-1A,48,2.111437928888889,14.59199736,0.0001373,98.1792,202.6031,89.3912,270.7445,6.8457e-06,-1.3e-07,0.0,7073.896,98.684,696.732,694.79,0
39634,Sentinel-1A,48,1.8828732888888888,14.59199869,0.0001375,98.1793,202.941,89.4773,270.6584,1.208e-05,1.1e-07,0.0,7073.896,98.684,696.733,694.788,0
39634,Sentinel-1A,24,4.259771831111111,14.59200565,0.0001384,98.1793,204.1573,89.1122,271.0236,3.5644e-05,1.22e-06,0.0,7073.893,98.684,696.737,694.779,0
39634,Sentinel-1A,48,4.945736088888889,14.59200009,0.0001377,98.1792,203.1437,89.4837,270.6521,2.0229e-05,5e-07,0.0,7073.895,98.684,696.734,694.786,0
39634,Sentinel-1A,48,9.90073608888889,14.59200009,0.0001377,98.1792,203.1437,89.4837,270.6521,2.0229e-05,5e-07,0.0,7073.895,98.684,696.734,694.786,0
39634,Sentinel-1A,24,4.537356133333334,14.5920057,0.0001381,98.1793,204.36,89.1226,271.0132,3.2788e-05,1.09e-06,0.0,7073.893,98.684,696.735,694.782,0
39634,Sentinel-1A,12,4.337885857777778,14.59200508,0.0001382,98.1794,204.9682,88.6096,271.5262,1.9235e-05,4.5e-07,0.0,7073.894,98.684,696.736,694.781,0
39634,Sentinel-1A,48,4.259771831111111,14.59200565,0.0001384,98.1793,204.1573,89.1122,271.0236,3.5644e-05,1.22e-06,0.0,7073.893,98.684,696.737,694.779,1
39634,Sentinel-1A,24,1.9305747733333332,14.59199112,0.0001396,98.1794,205.2385,87.9983,272.1377,1.8093e-05,4e-07,0.0,7073.898,98.684,696.751,694.776,0
39634,Sentinel-1A,6,2.201024755555556,14.59199545,0.0001388,98.1794,206.1171,89.2036,270.9323,1.8622e-05,4.2e-07,0.0,7073.897,98.684,696.744,694.78,0
39634,Sentinel-1A,24,3.3457783288888887,14.5919937,0.0001383,98.1794,205.5089,88.7143,271.4215,1.8069e-05,3.9e-07,0.0,7073.897,98.684,696.741,694.784,0
39634,Sentinel-1A,48,2.3860525066666667,14.59200625,0.0001381,98.1793,204.5628,89.0393,271.0964,3.225e-05,1.06e-06,0.0,7073.893,98.684,696.735,694.781,1
39634,Sentinel-1A,48,2.157209608888889,14.59200527,0.0001381,98.1794,204.9007,88.6159,271.5199,2.1156e-05,5.4e-07,0.0,7073.894,98.684,696.735,694.782,1
39634,Sentinel-1A,24,4.436497928888889,14.59199494,0.000139,98.1794,205.9143,89.2364,270.8994,1.866e-05,4.2e-07,0.0,7073.897,98.684,696.745,694.779,0
39634,Sentinel-1A,12,2.4334570133333333,14.59199794,0.0001383,98.1795,206.8604,89.1304,271.0054,2.053e-05,5.1e-07,0.0,7073.896,98.684,696.739,694.783,0
39634,Sentinel-1A,24,4.072496026666666,14.59199623,0.0001385,98.1794,206.3198,89.0781,271.0577,1.9587e-05,4.7e-07,0.0,7073.897,98.684,696.741,694.782,0
39634,Sentinel-1A,12,4.119132782222223,14.59199809,0.0001384,98.1795,206.928,89.1018,271.0341,2.0594e-05,5.1e-07,0.0,7073.896,98.684,696.74,694.782,0
39634,Sentinel-1A,48,3.3457783288888887,14.5919937,0.0001383,98.1794,205.5089,88.7143,271.4215,1.8069e-05,3.9e-07,0.0,7073.897,98.684,696.741,694.784,0
39634,Sentinel-1A,24,2.6609119822222222,14.59199698,0.0001381,98.1795,206.5225,89.1381,270.9977,2.0121e-05,4.9e-07,0.0,7073.896,98.684,696.738,694.784,0
39634,Sentinel-1A,24,2.4334570133333333,14.59199794,0.0001383,98.1795,206.8604,89.1304,271.0054,2.053e-05,5.1e-07,0.0,7073.896,98.684,696.739,694.783,0
39634,Sentinel-1A,24,4.119132782222223,14.59199809,0.0001384,98.1795,206.928,89.1018,271.0341,2.0594e-05,5.1e-07,0.0,7073.896,98.684,696.74,694.782,0
39634,Sentinel-1A,12,1.9752195022222223,14.59200166,0.000138,98.1795,207.5362,89.7362,270.3995,3.3251e-05,1.11e-06,0.0,7073.895,98.684,696.736,694.784,0
39634,Sentinel-1A,12,3.5304136977777776,14.59198918,0.0001388,98.1796,208.2796,88.8677,271.2682,2.0135e-05,4.9e-07,0.0,7073.899,98.684,696.746,694.782,0
39634,Sentinel-1A,48,2.4334570133333333,14.59199794,0.0001383,98.1795,206.8604,89.1304,271.0054,2.053e-05,5.1e-07,0.0,7073.896,98.684,696.739,694.783,0
39634,Sentinel-1A,24,3.39764432,14.59200127,0.0001377,98.1796,207.8065,89.7139,270.4218,2.647e-05,7.9e-07,0.0,7073.895,98.684,696.734,694.786,0
39634,Sentinel-1A,24,1.516960871111111,14.59198861,0.0001393,98.1796,208.212,88.9089,271.227,1.9996e-05,4.8e-07,0.0,7073.899,98.684,696.749,694.779,0
39634,Sentinel-1A,48,2.2029484088888887,14.59199899,0.0001384,98.1795,207.1983,89.2735,270.8624,2.1534e-05,5.6e-07,0.0,7073.896,98.684,696.74,694.782,0
39634,Sentinel-1A,12,4.027044453333334,14.59199134,0.0001383,98.1797,208.8878,88.8376,271.2982,1.9907e-05,4.8e-07,0.0,7073.898,98.684,696.741,694.785,0
39634,Sentinel-1A,12,2.2486778488888888,14.59199366,0.0001376,98.1798,209.4961,88.6682,271.4676,2.1379e-05,5.5e-07,0.0,7073.897,98.684,696.736,694.789,0
39634,Sentinel-1A,48,5.753040151111112,14.59200047,0.0001376,98.1796,207.8741,89.354,270.7817,2.1747e-05,5.7e-07,0.0,7073.895,98.684,696.734,694.787,0
39634,Sentinel-1A,48,1.516960871111111,14.59198861,0.0001393,98.1796,208.212,88.9089,271.227,1.9996e-05,4.8e-07,0.0,7073.899,98.684,696.749,694.779,0
39634,Sentinel-1A,12,3.670546391111111,14.59199448,0.0001377,98.1798,209.7664,88.9315,271.2042,2.1263e-05,5.4e-07,0.0,7073.897,98.684,696.736,694.788,0
39634,Sentinel-1A,24,2.2486778488888888,14.59199366,0.0001376,98.1798,209.4961,88.6682,271.4676,2.1379e-05,5.5e-07,0.0,7073.897,98.684,696.736,694.789,0
39634,Sentinel-1A,48,6.226088986666667,14.59198967,0.0001386,98.1796,208.3472,88.9383,271.1976,2.0116e-05,4.9e-07,0.0,7073.899,98.684,696.744,694.783,0
39634,Sentinel-1A,12,6.177888826666666,14.59199488,0.0001379,98.1798,209.8339,89.033,271.1028,2.1822e-05,5.7e-07,0.0,7073.897,98.684,696.737,694.786,0
39634,Sentinel-1A,48,4.027044453333334,14.59199134,0.0001383,98.1797,208.8878,88.8376,271.2982,1.9907e-05,4.8e-07,0.0,7073.898,98.684,696.741,694.785,0
39634,Sentinel-1A,24,1.791544488888889,14.59199563,0.0001381,98.1798,210.1718,88.9661,271.1696,2.167e-05,5.6e-07,0.0,7073.897,98.684,696.739,694.785,0
39634,Sentinel-1A,48,6.281373964444445,14.59199282,0.0001379,98.1797,209.2933,88.6553,271.4804,2.0618e-05,5.1e-07,0.0,7073.898,98.684,696.738,694.787,0
39634,Sentinel-1A,12,3.3864839466666665,14.59200308,0.0001381,98.1798,210.9152,89.3512,270.7846,4.6972e-05,1.76e-06,0.0,7073.894,98.684,696.736,694.782,0
39634,Sentinel-1A,48,2.2486778488888888,14.59199366,0.0001376,98.1798,209.4961,88.6682,271.4676,2.1379e-05,5.5e-07,0.0,7073.897,98.684,696.736,694.789,0
39634,Sentinel-1A,24,2.7515696888888885,14.59200447,0.0001381,98.1798,211.1179,89.2547,270.8811,4.9821e-05,1.89e-06,0.0,7073.894,98.684,696.736,694.782,1
39634,Sentinel-1A,48,1.791544488888889,14.59199563,0.0001381,98.1798,210.1718,88.9661,271.1696,2.167e-05,5.6e-07,0.0,7073.897,98.684,696.739,694.785,0
39634,Sentinel-1A,48,2.523006728888889,14.59200542,0.000138,98.1799,211.4558,89.514,270.6217,4.506e-05,1.67e-06,0.0,7073.894,98.684,696.735,694.782,1
39634,Sentinel-1A,12,3.538864933333333,14.59198851,0.0001383,98.1799,213.2128,89.7275,270.4084,3.8358e-05,1.35e-06,0.0,7073.899,98.684,696.742,694.786,0
39634,Sentinel-1A,48,8.877016551111112,14.59200555,0.000138,98.1799,211.5234,89.576,270.5598,4.4373e-05,1.63e-06,0.0,7073.894,98.684,696.735,694.782,1
39634,Sentinel-1A,12,2.965055786666667,14.59198966,0.0001383,98.1799,213.4156,89.5824,270.5534,4.5432e-05,1.68e-06,0.0,7073.899,98.684,696.742,694.785,0
39634,Sentinel-1A,48,7.169658995555555,14.59198286,0.0001404,98.1798,211.9287,88.7641,271.3719,4.4335e-05,1.63e-06,0.0,7073.901,98.684,696.759,694.773,0
39634,Sentinel-1A,6,4.1527981333333335,14.5919923,0.0001384,98.1799,214.0238,89.4549,270.681,4.6156e-05,1.72e-06,0.0,7073.898,98.684,696.742,694.784,0
39634,Sentinel-1A,24,2.5689853866666668,14.59199079,0.0001384,98.18,213.7535,89.4204,270.7154,3.9831e-05,1.42e-06,0.0,7073.898,98.684,696.742,694.784,0
39634,Sentinel-1A,12,2.0538345422222224,14.59199409,0.0001378,98.18,214.7672,89.0086,271.1271,3.359e-05,1.13e-06,0.0,7073.897,98.684,696.737,694.787,0
39634,Sentinel-1A,24,2.1112947911111117,14.59199501,0.0001382,98.18,214.4293,89.3926,270.7432,4.8499e-05,1.83e-06,0.0,7073.897,98.684,696.74,694.784,0
39634,Sentinel-1A,48,2.965055786666667,14.59198966,0.0001383,98.1799,213.4156,89.5824,270.5534,4.5432e-05,1.68e-06,0.0,7073.899,98.684,696.742,694.785,0
39634,Sentinel-1A,48,2.5689853866666668,14.59199079,0.0001384,98.18,213.7535,89.4204,270.7154,3.9831e-05,1.42e-06,0.0,7073.898,98.684,696.742,694.784,0
39634,Sentinel-1A,12,3.2393431466666667,14.59198878,0.0001381,98.18,215.3754,89.3225,270.8133,-1.5428e-06,-5.3e-07,0.0,7073.899,98.684,696.741,694.787,0
39634,Sentinel-1A,24,1.6541472711111112,14.59199061,0.0001379,98.18,215.1051,88.8314,271.3044,1.0899e-05,6e-08,0.0,7073.898,98.684,696.739,694.788,0
39634,Sentinel-1A,48,6.158990666666666,14.59199334,0.0001381,98.1799,214.2265,89.3879,270.7478,4.5784e-05,1.7e-06,0.0,7073.897,98.684,696.739,694.786,1
39634,Sentinel-1A,48,2.1112947911111117,14.59199501,0.0001382,98.18,214.4293,89.3926,270.7432,4.8499e-05,1.83e-06,0.0,7073.897,98.684,696.74,694.784,1
39634,Sentinel-1A,24,3.2393431466666667,14.59198878,0.0001381,98.18,215.3754,89.3225,270.8133,-1.5428e-06,-5.3e-07,0.0,7073.899,98.684,696.741,694.787,0
39634,Sentinel-1A,12,3.93516568,14.59198344,0.0001314,98.1809,215.8485,88.9022,271.2329,-3.1933e-05,-1.96e-06,0.0,7073.901,98.684,696.695,694.836,0
39634,Sentinel-1A,24,0.9684187911111112,14.59198336,0.0001323,98.1809,216.1188,88.3129,271.8222,-2.9399e-05,-1.84e-06,0.0,7073.901,98.684,696.702,694.83,0
39634,Sentinel-1A,48,1.6541472711111112,14.59199061,0.0001379,98.18,215.1051,88.8314,271.3044,1.0899e-05,6e-08,0.0,7073.898,98.684,696.739,694.788,0
39634,Sentinel-1A,12,3.869615644444444,14.59198598,0.0001315,98.181,216.7946,88.7682,271.3668,-7.3416e-06,-8e-07,0.0,7073.9,98.684,696.695,694.835,0
39634,Sentinel-1A,24,2.157273928888889,14.59198579,0.0001315,98.181,216.727,88.7099,271.4252,-9.6077e-06,-9.1e-07,0.0,7073.9,98.684,696.695,694.835,0
39634,Sentinel-1A,24,3.869615644444444,14.59198598,0.0001315,98.181,216.7946,88.7682,271.3668,-7.3416e-06,-8e-07,0.0,7073.9,98.684,696.695,694.835,0
39634,Sentinel-1A,48,0.9684187911111112,14.59198336,0.0001323,98.1809,216.1188,88.3129,271.8222,-2.9399e-05,-1.84e-06,0.0,7073.901,98.684,696.702,694.83,1
39634,Sentinel-1A,24,1.928707128888889,14.59199003,0.0001376,98.1801,217.0649,89.4066,270.7291,2.0616e-05,5.1e-07,0.0,7073.899,98.684,696.737,694.79,0
39634,Sentinel-1A,12,3.711417644444445,14.59199715,0.0001375,98.1801,217.8083,89.6768,270.4589,4.8558e-05,1.83e-06,0.0,7073.896,98.684,696.734,694.789,0
39634,Sentinel-1A,24,3.345576151111111,14.59199222,0.0001371,98.1801,217.3353,89.3809,270.7548,2.8832e-05,9e-07,0.0,7073.898,98.684,696.733,694.793,0
39634,Sentinel-1A,48,2.38695112,14.5919836,0.0001313,98.181,216.3892,88.2623,271.8728,-2.5933e-05,-1.68e-06,0.0,7073.901,98.684,696.694,694.837,1
39634,Sentinel-1A,48,2.157273928888889,14.59198579,0.0001315,98.181,216.727,88.7099,271.4252,-9.6077e-06,-9.1e-07,0.0,7073.9,98.684,696.695,694.835,1
39634,Sentinel-1A,48,3.869615644444444,14.59198598,0.0001315,98.181,216.7946,88.7682,271.3668,-7.3416e-06,-8e-07,0.0,7073.9,98.684,696.695,694.835,1
39634,Sentinel-1A,48,1.928707128888889,14.59199003,0.0001376,98.1801,217.0649,89.4066,270.7291,2.0616e-05,5.1e-07,0.0,7073.899,98.684,696.737,694.79,0
39634,Sentinel-1A,24,1.2435646844444443,14.59199786,0.0001375,98.1801,218.0786,89.7485,270.3873,4.5566e-05,1.69e-06,0.0,7073.896,98.684,696.734,694.788,0
39634,Sentinel-1A,12,2.4318666666666666,14.59199909,0.0001374,98.1803,218.6869,89.0309,271.1048,3.6487e-05,1.26e-06,0.0,7073.896,98.684,696.733,694.789,0
39634,Sentinel-1A,12,4.435597271111111,14.59199875,0.0001373,98.1803,218.7545,89.0069,271.1288,3.3732e-05,1.13e-06,0.0,7073.896,98.684,696.732,694.789,0
39634,Sentinel-1A,48,3.345576151111111,14.59199222,0.0001371,98.1801,217.3353,89.3809,270.7548,2.8832e-05,9e-07,0.0,7073.898,98.684,696.733,694.793,0
39634,Sentinel-1A,24,2.4318666666666666,14.59199909,0.0001374,98.1803,218.6869,89.0309,271.1048,3.6487e-05,1.26e-06,0.0,7073.896,98.684,696.733,694.789,0
39634,Sentinel-1A,24,4.435597271111111,14.59199875,0.0001373,98.1803,218.7545,89.0069,271.1288,3.3732e-05,1.13e-06,0.0,7073.896,98.684,696.732,694.789,0
39634,Sentinel-1A,48,3.711417644444445,14.59199715,0.0001375,98.1801,217.8083,89.6768,270.4589,4.8558e-05,1.83e-06,0.0,7073.896,98.684,696.734,694.789,1
39634,Sentinel-1A,48,1.2435646844444443,14.59199786,0.0001375,98.1801,218.0786,89.7485,270.3873,4.5566e-05,1.69e-06,0.0,7073.896,98.684,696.734,694.788,0
39634,Sentinel-1A,24,2.2046820355555554,14.59199444,0.0001373,98.1803,219.0248,90.2125,269.9232,7.3367e-06,-1.1e-07,0.0,7073.897,98.684,696.733,694.791,0
39634,Sentinel-1A,12,1.7467091022222223,14.59199154,0.0001303,98.1811,219.7007,90.4586,269.6763,-9.9857e-06,-9.3e-07,0.0,7073.898,98.684,696.685,694.841,0
39634,Sentinel-1A,12,4.0279397066666665,14.59199149,0.0001303,98.181,219.7683,90.5359,269.599,-1.03e-05,-9.4e-07,0.0,7073.898,98.684,696.685,694.841,0
39634,Sentinel-1A,24,2.1413884533333336,14.59199233,0.0001371,98.1803,219.3627,90.3804,269.7553,-5.1288e-06,-7e-07,0.0,7073.898,98.684,696.733,694.793,0
39634,Sentinel-1A,48,2.4318666666666666,14.59199909,0.0001374,98.1803,218.6869,89.0309,271.1048,3.6487e-05,1.26e-06,0.0,7073.896,98.684,696.733,694.789,0
39634,Sentinel-1A,24,1.7467091022222223,14.59199154,0.0001303,98.1811,219.7007,90.4586,269.6763,-9.9857e-06,-9.3e-07,0.0,7073.898,98.684,696.685,694.841,0
39634,Sentinel-1A,48,2.2046820355555554,14.59199444,0.0001373,98.1803,219.0248,90.2125,269.9232,7.3367e-06,-1.1e-07,0.0,7073.897,98.684,696.733,694.791,0
39634,Sentinel-1A,6,2.4792680533333336,14.5919978,0.0001378,98.1804,220.9846,89.9882,270.1476,2.4798e-05,7.1e-07,0.0,7073.896,98.684,696.736,694.786,0
39634,Sentinel-1A,48,1.7467091022222223,14.59199154,0.0001303,98.1811,219.7007,90.4586,269.6763,-9.9857e-06,-9.3e-07,0.0,7073.898,98.684,696.685,694.841,0
39634,Sentinel-1A,24,2.8747768977777777,14.59199582,0.0001377,98.1804,220.6468,91.0278,269.1079,1.2254e-05,1.2e-07,0.0,7073.897,98.684,696.736,694.788,0
39634,Sentinel-1A,24,2.4792680533333336,14.5919978,0.0001378,98.1804,220.9846,89.9882,270.1476,2.4798e-05,7.1e-07,0.0,7073.896,98.684,696.736,694.786,0
39634,Sentinel-1A,12,3.9966866311111113,14.59198504,0.0001362,98.1805,221.7282,89.8182,270.3174,3.7453e-05,1.31e-06,0.0,7073.9,98.684,696.729,694.802,0
39634,Sentinel-1A,48,2.8747768977777777,14.59199582,0.0001377,98.1804,220.6468,91.0278,269.1079,1.2254e-05,1.2e-07,0.0,7073.897,98.684,696.736,694.788,0
39634,Sentinel-1A,24,2.1907347644444446,14.59198514,0.0001362,98.1805,221.6606,89.7226,270.413,3.7529e-05,1.31e-06,0.0,7073.9,98.684,696.729,694.802,0
39634,Sentinel-1A,12,4.435844897777778,14.5919862,0.0001369,98.1806,222.6743,89.5578,270.5778,3.6986e-05,1.29e-06,0.0,7073.9,98.684,696.733,694.796,0
39634,Sentinel-1A,24,1.5646959555555555,14.59198541,0.0001372,98.1805,222.3363,89.3927,270.743,3.834e-05,1.35e-06,0.0,7073.9,98.684,696.736,694.794,0
39634,Sentinel-1A,48,2.2520935022222224,14.59200032,0.000138,98.1804,221.3225,89.5875,270.5483,3.614e-05,1.25e-06,0.0,7073.895,98.684,696.736,694.784,1
39634,Sentinel-1A,24,1.1061609866666666,14.59198615,0.0001381,98.1806,223.0121,89.3757,270.7601,1.9962e-05,4.8e-07,0.0,7073.9,98.684,696.742,694.788,0
39634,Sentinel-1A,6,5.9998530400000005,14.59198961,0.0001378,98.1806,223.688,89.3969,270.7388,3.1211e-05,1.01e-06,0.0,7073.899,98.684,696.738,694.789,0
39634,Sentinel-1A,12,2.3025103644444447,14.59198814,0.0001379,98.1806,223.6204,89.4393,270.6964,2.1736e-05,5.7e-07,0.0,7073.899,98.684,696.74,694.789,0
39634,Sentinel-1A,48,1.5646959555555555,14.59198541,0.0001372,98.1805,222.3363,89.3927,270.743,3.834e-05,1.35e-06,0.0,7073.9,98.684,696.736,694.794,0
39634,Sentinel-1A,24,2.5271928355555557,14.5919871,0.0001376,98.1806,223.2824,89.5065,270.6293,2.1126e-05,5.4e-07,0.0,7073.899,98.684,696.738,694.791,0
39634,Sentinel-1A,48,4.435844897777778,14.5919862,0.0001369,98.1806,222.6743,89.5578,270.5778,3.6986e-05,1.29e-06,0.0,7073.9,98.684,696.733,694.796,0
39634,Sentinel-1A,12,3.254466808888889,14.59199503,0.0001379,98.1806,224.5666,89.7077,270.428,4.684e-05,1.75e-06,0.0,7073.897,98.684,696.737,694.786,0
39634,Sentinel-1A,24,4.569340355555555,14.59199119,0.0001373,98.1806,224.0259,89.3879,270.7478,3.5259e-05,1.2e-06,0.0,7073.898,98.684,696.734,694.792,0
39634,Sentinel-1A,48,5.9998530400000005,14.59198961,0.0001378,98.1806,223.688,89.3969,270.7388,3.1211e-05,1.01e-06,0.0,7073.899,98.684,696.738,694.789,0
39634,Sentinel-1A,6,4.936768293333333,14.59197852,0.0001387,98.18,225.7153,88.9599,271.1759,0.0001988338,8.92e-06,0.0,7073.902,98.684,696.748,694.786,0
39634,Sentinel-1A,48,3.0770932622222222,14.59199681,0.00013767,98.1807,225.1072,89.67,270.4658,4.3134801e-05,1.58e-06,0.0,7073.896,98.684,696.735,694.787,1
39634,Sentinel-1A,24,2.05092608,14.59198828,0.0001371,98.1807,227.1347,89.744,270.3916,5.2043e-05,2e-06,0.0,7073.899,98.684,696.734,694.794,0
39634,Sentinel-1A,24,4.187195715555556,14.59198778,0.0001372,98.18,227.0672,89.6514,270.4843,5.0099e-05,1.9e-06,0.0,7073.899,98.684,696.735,694.794,0
39634,Sentinel-1A,6,2.614460088888889,14.59199328,0.0001367,98.1808,227.8782,89.4779,270.6577,5.8086e-05,2.28e-06,0.0,7073.897,98.684,696.729,694.795,0
39634,Sentinel-1A,12,3.3621557244444444,14.59198983,0.0001369,98.1808,227.6755,89.4102,270.7255,4.8477e-05,1.83e-06,0.0,7073.899,98.684,696.732,694.795,0
39634,Sentinel-1A,24,1.1975920266666666,14.5919896,0.0001369,98.1808,227.6079,89.3972,270.7385,4.8623e-05,1.83e-06,0.0,7073.899,98.684,696.732,694.795,0
39634,Sentinel-1A,12,5.57275511111111,14.59199411,0.0001364,98.1808,228.0134,89.4814,270.6542,5.8039e-05,2.28e-06,0.0,7073.897,98.684,696.727,694.797,0
39634,Sentinel-1A,24,2.614460088888889,14.59199328,0.0001367,98.1808,227.8782,89.4779,270.6577,5.8086e-05,2.28e-06,0.0,7073.897,98.684,696.729,694.795,0
39634,Sentinel-1A,24,2.157591546666666,14.59199005,0.0001366,98.1808,228.5541,89.4666,270.669,2.7236e-05,8.3e-07,0.0,7073.899,98.684,696.73,694.797,0
39634,Sentinel-1A,48,1.1975920266666666,14.5919896,0.0001369,98.1808,227.6079,89.3972,270.7385,4.8623e-05,1.83e-06,0.0,7073.899,98.684,696.732,694.795,0
39634,Sentinel-1A,24,1.9287347288888887,14.59198526,0.0001373,98.1809,228.892,89.0699,271.0658,2.249e-06,-3.5e-07,0.0,7073.9,98.684,696.736,694.794,0
39634,Sentinel-1A,48,2.614460088888889,14.59199328,0.0001367,98.1808,227.8782,89.4779,270.6577,5.8086e-05,2.28e-06,0.0,7073.897,98.684,696.729,694.795,1
39634,Sentinel-1A,24,1.4718683466666669,14.59198398,0.0001307,98.1818,229.568,89.4336,270.7013,-4.6344e-06,-6.8e-07,0.0,7073.9,98.684,696.69,694.841,0
39634,Sentinel-1A,48,2.157591546666666,14.59199005,0.0001366,98.1808,228.5541,89.4666,270.669,2.7236e-05,8.3e-07,0.0,7073.899,98.684,696.73,694.797,0
39634,Sentinel-1A,6,2.729093448888889,14.59198959,0.0001379,98.181,230.5141,89.0316,271.1042,1.8167e-05,4e-07,0.0,7073.899,98.684,696.739,694.788,0
39634,Sentinel-1A,12,2.7045680622222226,14.59198807,0.0001374,98.181,230.3114,89.0783,271.0574,1.1908e-05,1e-07,0.0,7073.899,98.684,696.736,694.792,0
39634,Sentinel-1A,24,2.888734728888889,14.59198485,0.0001306,98.1818,229.8384,89.6713,270.4637,-1.0724e-06,-5.1e-07,0.0,7073.9,98.684,696.689,694.841,0
39634,Sentinel-1A,48,1.9287347288888887,14.59198526,0.0001373,98.1809,228.892,89.0699,271.0658,2.249e-06,-3.5e-07,0.0,7073.9,98.684,696.736,694.794,0
39634,Sentinel-1A,12,2.729093448888889,14.59198959,0.0001379,98.181,230.5141,89.0316,271.1042,1.8167e-05,4e-07,0.0,7073.899,98.684,696.739,694.788,0
39634,Sentinel-1A,6,7.16699096,14.59199002,0.0001378,98.181,230.5817,89.0864,271.0494,2.0068e-05,4.9e-07,0.0,7073.899,98.684,696.738,694.789,0
39634,Sentinel-1A,24,2.6604406666666667,14.59198745,0.000137,98.1809,230.1762,89.1341,271.0015,8.4889e-06,-6e-08,0.0,7073.899,98.684,696.733,694.795,0
39634,Sentinel-1A,48,3.512823093333333,14.59198417,0.0001302,98.1817,229.1625,89.2169,270.918,-2.6069e-06,-5.8e-07,0.0,7073.9,98.684,696.686,694.844,0
39634,Sentinel-1A,12,2.3708053866666665,14.59199159,0.0001373,98.181,230.8521,89.3075,270.8282,2.8942e-05,9.1e-07,0.0,7073.898,98.684,696.734,694.792,0
39634,Sentinel-1A,48,1.4718683466666669,14.59198398,0.0001307,98.1818,229.568,89.4336,270.7013,-4.6344e-06,-6.8e-07,0.0,7073.9,98.684,696.69,694.841,0
39634,Sentinel-1A,48,2.819209342222222,14.59198391,0.0001307,98.1818,229.6356,89.4652,270.6697,-5.0155e-06,-6.9e-07,0.0,7073.9,98.684,696.69,694.841,1
39634,Sentinel-1A,24,3.823824071111111,14.59199293,0.0001367,98.181,230.9873,89.6087,270.5269,3.3882e-05,1.14e-06,0.0,7073.898,98.684,696.73,694.796,0
39634,Sentinel-1A,48,2.3708053866666665,14.59199159,0.0001373,98.181,230.8521,89.3075,270.8282,2.8942e-05,9.1e-07,0.0,7073.898,98.684,696.734,694.792,0
39634,Sentinel-1A,6,6.5122467466666665,14.59198594,0.0001302,98.1819,233.5558,89.3252,270.8097,-3.7334e-05,-2.22e-06,0.0,7073.9,98.684,696.686,694.844,0
39634,Sentinel-1A,24,3.378127271111111,14.59199304,0.0001378,98.1811,232.9473,89.262,270.8737,-2.7928e-06,-5.9e-07,0.0,7073.898,98.684,696.737,694.788,0
39634,Sentinel-1A,6,5.048247484444445,14.59199063,0.0001363,98.1812,234.9074,89.9022,270.2334,8.2772e-06,-7e-08,0.0,7073.898,98.684,696.727,694.799,0
39634,Sentinel-1A,12,73.85955159111111,14.59199718,0.0001373,98.181,231.8659,89.9774,270.1583,4.007e-05,1.43e-06,0.0,7073.896,98.684,696.732,694.79,1
39634,Sentinel-1A,12,42.59098143111111,14.59199012,0.0001311,98.1819,233.1502,89.4879,270.6471,-1.7895e-05,-1.3e-06,0.0,7073.898,98.684,696.691,694.836,0
39634,Sentinel-1A,12,65.63098887111111,14.59200034,0.0001371,98.1811,232.2038,90.1585,269.9771,4.5499e-05,1.69e-06,0.0,7073.895,98.684,696.73,694.79,1
39634,Sentinel-1A,12,59.04813135111111,14.59199845,0.0001375,98.1811,232.4742,89.4379,270.6978,3.0625e-05,9.9e-07,0.0,7073.896,98.684,696.733,694.788,1
39634,Sentinel-1A,12,19.55097591111111,14.59198484,0.0001311,98.1819,234.0965,89.303,270.8319,-4.0089e-05,-2.35e-06,0.0,7073.9,98.684,696.693,694.838,0
39634,Sentinel-1A,12,29.425261591111116,14.59198506,0.0001307,98.1819,233.6909,89.1891,270.9458,-4.3082e-05,-2.49e-06,0.0,7073.9,98.684,696.69,694.841,0
39634,Sentinel-1A,12,26.133833671111116,14.5919856,0.0001311,98.1819,233.8261,89.5267,270.6083,-4.0681e-05,-2.38e-06,0.0,7073.9,98.684,696.692,694.838,0
39634,Sentinel-1A,12,11.32240623111111,14.59198632,0.0001315,98.182,234.4344,89.4932,270.6418,-2.5135e-05,-1.64e-06,0.0,7073.9,98.684,696.695,694.834,0
39634,Sentinel-1A,12,49.17384351111111,14.59199423,0.0001373,98.1811,232.8797,89.6568,270.4789,3.1801e-06,-3.1e-07,0.0,7073.897,98.684,696.733,694.791,0
39634,Sentinel-1A,6,3.7355113777777778,14.59199242,0.0001372,98.1813,235.2454,89.3613,270.7744,1.894e-05,4.4e-07,0.0,7073.898,98.684,696.733,694.792,0
39634,Sentinel-1A,24,4.644747946666667,14.59198652,0.0001315,98.182,234.502,89.5043,270.6307,-2.2661e-05,-1.53e-06,0.0,7073.9,98.684,696.695,694.834,0
39634,Sentinel-1A,12,4.282932595555556,14.59199227,0.0001362,98.1813,235.5158,89.3698,270.7658,1.9974e-05,4.8e-07,0.0,7073.898,98.684,696.726,694.799,0
39634,Sentinel-1A,24,1.8423380088888888,14.59198933,0.0001301,98.182,236.1241,90.558,269.5768,-2.4888e-06,-5.8e-07,0.0,7073.899,98.684,696.684,694.843,0
39634,Sentinel-1A,24,1.608484551111111,14.59198595,0.0001307,98.182,236.4621,89.57,270.5649,-2.2417e-05,-1.51e-06,0.0,7073.9,98.684,696.689,694.84,0
39634,Sentinel-1A,24,5.050547768888889,14.59198554,0.0001306,98.182,236.5297,89.6352,270.4998,-2.4228e-05,-1.6e-06,0.0,7073.9,98.684,696.689,694.841,0
39634,Sentinel-1A,24,1.3801883288888888,14.5919849,0.0001306,98.182,236.8,89.5262,270.6087,-2.5653e-05,-1.67e-06,0.0,7073.9,98.684,696.689,694.841,0
39634,Sentinel-1A,12,2.5693171644444446,14.59198487,0.000131,98.1821,237.4083,89.7877,270.3473,-2.0745e-05,-1.44e-06,0.0,7073.9,98.684,696.692,694.839,0
39634,Sentinel-1A,48,1.8423380088888888,14.59198933,0.0001301,98.182,236.1241,90.558,269.5768,-2.4888e-06,-5.8e-07,0.0,7073.899,98.684,696.684,694.843,0
39634,Sentinel-1A,24,2.9645530311111115,14.59198411,0.0001309,98.182,237.0703,89.401,270.7339,-2.8016e-05,-1.78e-06,0.0,7073.9,98.684,696.691,694.839,0
39634,Sentinel-1A,48,1.608484551111111,14.59198595,0.0001307,98.182,236.4621,89.57,270.5649,-2.2417e-05,-1.51e-06,0.0,7073.9,98.684,696.689,694.84,0
39634,Sentinel-1A,12,2.278843271111111,14.59199226,0.0001367,98.1816,238.0841,89.6938,270.4418,2.7434e-05,8.4e-07,0.0,7073.898,98.684,696.73,694.796,0
39634,Sentinel-1A,24,2.340193128888889,14.5919887,0.0001306,98.1821,237.7462,89.3575,270.7775,6.7344e-06,-1.4e-07,0.0,7073.899,98.684,696.688,694.84,0
39634,Sentinel-1A,48,1.3801883288888888,14.5919849,0.0001306,98.182,236.8,89.5262,270.6087,-2.5653e-05,-1.67e-06,0.0,7073.9,98.684,696.689,694.841,0
39634,Sentinel-1A,48,4.854196471111111,14.59198497,0.0001304,98.182,236.8676,89.5632,270.5717,-2.4676e-05,-1.62e-06,0.0,7073.9,98.684,696.688,694.843,0
39634,Sentinel-1A,24,1.8833329866666668,14.59199598,0.0001367,98.1816,238.4221,89.8396,270.296,4.3145e-05,1.58e-06,0.0,7073.897,98.684,696.729,694.795,0
39634,Sentinel-1A,48,2.5693171644444446,14.59198487,0.000131,98.1821,237.4083,89.7877,270.3473,-2.0745e-05,-1.44e-06,0.0,7073.9,98.684,696.692,694.839,1
39634,Sentinel-1A,12,6.137829422222223,14.59199878,0.0001371,98.1817,239.2332,89.7914,270.3443,4.1067e-05,1.48e-06,0.0,7073.896,98.684,696.731,694.791,1
39634,Sentinel-1A,24,5.095703893333334,14.591976,0.0001386,98.1817,239.7737,88.5269,271.6089,0.00029499,1.345e-05,0.0,7073.903,98.684,696.748,694.788,1
39634,Sentinel-1A,24,2.7857226755555557,14.59198254,0.00013714,98.1812,242.8155,89.4097,270.726,3.7705515e-05,1.32e-06,0.0,7073.901,98.684,696.736,694.796,0
39634,Sentinel-1A,6,6.344967164444444,14.5919904,0.00013701,98.1813,244.4376,89.1321,271.0035,4.3447032e-05,1.59e-06,0.0,7073.898,98.684,696.733,694.794,0
39634,Sentinel-1A,48,2.165005475555556,14.59198772,0.00013678,98.1812,243.8293,89.5532,270.5824,4.1369715e-05,1.49e-06,0.0,7073.899,98.684,696.732,694.797,0
39634,Sentinel-1A,6,5.4501058577777775,14.59199734,0.00013669,98.1819,246.3978,89.3427,270.793,3.6396134e-05,1.26e-06,0.0,7073.896,98.684,696.728,694.794,0
39634,Sentinel-1A,24,2.4656978044444444,14.59199861,0.00013658,98.1814,245.7895,89.7848,270.3509,5.1696807e-05,1.98e-06,0.0,7073.896,98.684,696.727,694.795,0
39634,Sentinel-1A,48,8.554699466666667,14.59199555,0.00013657,98.1814,245.3839,89.7917,270.3439,4.6019084e-05,1.71e-06,0.0,7073.897,98.684,696.728,694.796,1
39634,Sentinel-1A,48,2.4656978044444444,14.59199861,0.00013658,98.1814,245.7895,89.7848,270.3509,5.1696807e-05,1.98e-06,0.0,7073.896,98.684,696.727,694.795,1
39634,Sentinel-1A,48,4.079860631111111,14.59198675,0.00013627,98.1816,246.7356,90.4657,269.6699,8.245356e-06,-7e-08,0.0,7073.9,98.684,696.729,694.801,1
39634,Sentinel-1A,48,2.766658311111111,14.59199793,0.00013631,98.182,247.7496,89.7446,270.391,7.2010259e-05,2.94e-06,0.0,7073.896,98.684,696.725,694.797,1
39634,Sentinel-1A,24,7.938703137777778,14.59200351,0.0001368,98.1822,248.8987,89.6969,270.4388,6.3533261e-05,2.54e-06,0.0,7073.894,98.684,696.727,694.791,1
39634,Sentinel-1A,6,4.144023937777778,14.59197715,0.0001362,98.1822,250.0478,88.926,271.2096,5.4228001e-05,2.1e-06,0.0,7073.903,98.684,696.731,694.804,0
39634,Sentinel-1A,48,3.224550302222222,14.59197812,0.00013644,98.1821,249.7098,89.4266,270.709,0.00010187325,4.34e-06,0.0,7073.902,98.684,696.733,694.802,0
24876,TDRS-5,12,9.327821386666663,2.00562161,0.0086321,55.7402,119.4069,54.7955,305.9855,0.0,1.9e-07,0.0,26560.475,717.982,20411.613,19953.068,0
24876,TDRS-5,6,18.5300432,2.00562123,0.0086326,55.7404,119.3874,54.7934,305.9901,0.0,2.2e-07,0.0,26560.479,717.982,20411.63,19953.058,0
24876,TDRS-5,12,9.560767777777778,2.00562128,0.0086371,55.7418,119.2118,54.7545,306.0456,0.0,2.8e-07,0.0,26560.478,717.982,20411.749,19952.938,0
24876,TDRS-5,24,9.560767777777778,2.00562128,0.0086371,55.7418,119.2118,54.7545,306.0456,0.0,2.8e-07,0.0,26560.478,717.982,20411.749,19952.938,0
24876,TDRS-5,12,9.82201816,2.00562141,0.0086378,55.7419,119.1923,54.7492,306.0502,0.0,2.3e-07,0.0,26560.477,717.982,20411.766,19952.918,0
24876,TDRS-5,24,12.776184826666668,2.00562141,0.0086378,55.7419,119.1923,54.7492,306.0502,0.0,2.3e-07,0.0,26560.477,717.982,20411.766,19952.918,0
24876,TDRS-5,12,2.5255863466666666,2.00562197,0.0086411,55.7429,119.0751,54.7101,306.078,0.0,-2.1e-07,0.0,26560.472,717.982,20411.849,19952.825,0
24876,TDRS-5,12,13.091870373333334,2.00562207,0.0086433,55.7433,119.0166,54.6855,306.0988,0.0,-3.7e-07,0.0,26560.471,717.982,20411.906,19952.766,0
24876,TDRS-5,24,25.35228864,2.0056231,0.0086465,55.7443,118.8995,54.6441,306.1484,0.0,-3.1e-07,0.0,26560.462,717.981,20411.982,19952.672,0
24876,TDRS-5,48,25.112614702222224,2.00562359,0.0086482,55.7449,118.8215,54.6157,306.1893,0.0,-1.2e-07,0.0,26560.458,717.981,20412.023,19952.623,0
24876,TDRS-5,24,13.539200986666666,2.00562411,0.0086513,55.7458,118.724,54.6051,306.2121,0.0,-1e-08,0.0,26560.453,717.981,20412.101,19952.536,0
24876,TDRS-5,48,11.069967288888888,2.00562395,0.0086508,55.7456,118.7435,54.6052,306.2103,0.0,-1e-08,0.0,26560.455,717.981,20412.089,19952.55,0
24876,TDRS-5,24,14.596029075555556,2.0056242,0.0086524,55.7461,118.6849,54.5943,306.2252,0.0,-3e-08,0.0,26560.452,717.981,20412.129,19952.506,0
24876,TDRS-5,12,26.84391348444444,2.00562426,0.0086529,55.7462,118.6654,54.5822,306.2378,0.0,-6e-08,0.0,26560.452,717.981,20412.142,19952.492,0
24876,TDRS-5,24,12.761943057777778,2.00562451,0.0086555,55.7475,118.5093,54.5393,306.2778,0.0,-2.4e-07,0.0,26560.45,717.981,20412.209,19952.421,0
24876,TDRS-5,12,23.177810462222222,2.00562403,0.0086583,55.7486,118.3922,54.4973,306.3237,0.0,-1.4e-07,0.0,26560.454,717.981,20412.287,19952.35,0
24876,TDRS-5,24,30.425402524444443,2.00562398,0.0086596,55.7489,118.3532,54.4905,306.3351,0.0,-6e-08,0.0,26560.454,717.981,20412.322,19952.316,0
24876,TDRS-5,6,7.385216711111111,2.00562388,0.0086626,55.7495,118.2751,54.4654,306.3725,0.0,1.1e-07,0.0,26560.455,717.981,20412.403,19952.238,0
24876,TDRS-5,12,13.798827822222222,2.00562388,0.0086626,55.7495,118.2751,54.4654,306.3725,0.0,1.1e-07,0.0,26560.455,717.981,20412.403,19952.238,0
24876,TDRS-5,24,14.22874744,2.00562334,0.0086658,55.7503,118.1774,54.4233,306.4264,0.0,1.9e-07,0.0,26560.46,717.981,20412.493,19952.157,0
24876,TDRS-5,48,14.197546186666669,2.0056241,0.0086644,55.75,118.2165,54.4554,306.391,0.0,1.9e-07,0.0,26560.453,717.981,20412.449,19952.188,0
24876,TDRS-5,12,14.451198764444444,2.00562348,0.008667,55.7506,118.1383,54.4064,306.4442,0.0,1.4e-07,0.0,26560.459,717.981,20412.523,19952.124,0
24876,TDRS-5,48,14.22874744,2.00562334,0.0086658,55.7503,118.1774,54.4233,306.4264,0.0,1.9e-07,0.0,26560.46,717.981,20412.493,19952.157,1
24876,TDRS-5,24,14.451198764444444,2.00562348,0.008667,55.7506,118.1383,54.4064,306.4442,0.0,1.4e-07,0.0,26560.459,717.981,20412.523,19952.124,0
24876,TDRS-5,48,14.451198764444444,2.00562348,0.008667,55.7506,118.1383,54.4064,306.4442,0.0,1.4e-07,0.0,26560.459,717.981,20412.523,19952.124,1
24876,TDRS-5,24,14.549029866666666,2.00562394,0.0086682,55.751,118.0992,54.3891,306.4599,0.0,4e-08,0.0,26560.455,717.981,20412.551,19952.088,0
24876,TDRS-5,48,14.549029866666666,2.00562394,0.0086682,55.751,118.0992,54.3891,306.4599,0.0,4e-08,0.0,26560.455,717.981,20412.551,19952.088,0
24876,TDRS-5,12,14.845827484444444,2.00562452,0.0086758,55.7526,117.9235,54.3341,306.5031,0.0,-4.5e-07,0.0,26560.45,717.981,20412.748,19951.881,0
24876,TDRS-5,24,15.182307884444445,2.00562461,0.0086767,55.7528,117.904,54.319,306.5189,0.0,-4.5e-07,0.0,26560.449,717.981,20412.771,19951.857,0
24876,TDRS-5,12,15.48827144,2.00562475,0.0086787,55.7532,117.8649,54.3096,306.5317,0.0,-4e-07,0.0,26560.447,717.981,20412.823,19951.802,0
24876,TDRS-5,48,13.484033182222223,2.00562439,0.0086778,55.753,117.8844,54.3251,306.5143,0.0,-4.3e-07,0.0,26560.451,717.981,20412.802,19951.829,0
24876,TDRS-5,48,12.141926302222222,2.00562478,0.0086795,55.7534,117.8454,54.3144,306.5294,0.0,-3.6e-07,0.0,26560.447,717.981,20412.844,19951.781,0
24876,TDRS-5,6,8.499873226666667,2.00562553,0.0086833,55.7545,117.7282,54.266,306.5957,0.0,-6e-08,0.0,26560.441,717.98,20412.938,19951.673,0
24876,TDRS-5,12,15.099039893333334,2.00562553,0.0086833,55.7545,117.7282,54.266,306.5957,0.0,-6e-08,0.0,26560.441,717.98,20412.938,19951.673,0
24876,TDRS-5,24,3.182142391111111,2.00562506,0.0086845,55.7548,117.6892,54.2563,306.6102,0.0,0.0,0.0,26560.445,717.981,20412.974,19951.646,0
24876,TDRS-5,12,3.763707822222222,2.00562558,0.0086861,55.7552,117.6502,54.2422,306.6276,0.0,2e-08,0.0,26560.44,717.98,20413.012,19951.599,0
24876,TDRS-5,48,3.182142391111111,2.00562506,0.0086845,55.7548,117.6892,54.2563,306.6102,0.0,0.0,0.0,26560.445,717.981,20412.974,19951.646,1
24876,TDRS-5,48,12.676231822222222,2.00562586,0.0086862,55.7553,117.6502,54.236,306.6337,0.0,2e-08,0.0,26560.438,717.98,20413.012,19951.593,0
24876,TDRS-5,48,15.44411287111111,2.00562605,0.0086868,55.7554,117.6306,54.2348,306.6359,0.0,2e-08,0.0,26560.436,717.98,20413.026,19951.576,0
24876,TDRS-5,24,13.510908142222222,2.00562599,0.0086924,55.7567,117.494,54.196,306.6727,0.0,-1.3e-07,0.0,26560.437,717.98,20413.175,19951.428,0
24876,TDRS-5,6,3.545130817777778,2.00562592,0.0086951,55.7574,117.4159,54.1767,306.6893,0.0,-1.3e-07,0.0,26560.437,717.98,20413.248,19951.357,0
24876,TDRS-5,24,3.545130817777778,2.00562592,0.0086951,55.7574,117.4159,54.1767,306.6893,0.0,-1.3e-07,0.0,26560.437,717.98,20413.248,19951.357,0
24876,TDRS-5,48,3.708168088888889,2.00562599,0.0086936,55.757,117.455,54.1893,306.6778,0.0,-1.5e-07,0.0,26560.437,717.98,20413.207,19951.396,0
24876,TDRS-5,24,4.5056722577777775,2.00562589,0.0086965,55.7579,117.3769,54.1612,306.7048,0.0,-9e-08,0.0,26560.437,717.98,20413.285,19951.32,0
24876,TDRS-5,12,21.060324924444444,2.0056257,0.008698,55.7583,117.3378,54.1368,306.7307,0.0,-2e-08,0.0,26560.439,717.98,20413.327,19951.281,0
24876,TDRS-5,48,14.983725173333331,2.00562583,0.0086965,55.7579,117.3769,54.1589,306.7071,0.0,-9e-08,0.0,26560.438,717.98,20413.286,19951.32,0
24876,TDRS-5,12,15.13409361777778,2.00562566,0.0087001,55.7587,117.2988,54.1232,306.7475,0.0,7e-08,0.0,26560.439,717.98,20413.383,19951.226,0
24876,TDRS-5,24,3.730570728888889,2.00562536,0.008702,55.7591,117.2598,54.1164,306.7589,0.0,1.7e-07,0.0,26560.442,717.981,20413.436,19951.178,0
24876,TDRS-5,48,3.730570728888889,2.00562536,0.008702,55.7591,117.2598,54.1164,306.7589,0.0,1.7e-07,0.0,26560.442,717.981,20413.436,19951.178,0
24876,TDRS-5,48,14.817791991111111,2.00562528,0.0087021,55.7591,117.2598,54.1119,306.7634,0.0,1.7e-07,0.0,26560.443,717.981,20413.439,19951.176,0
24876,TDRS-5,48,16.508687075555557,2.00562558,0.0087031,55.7593,117.2402,54.1114,306.7666,0.0,2.2e-07,0.0,26560.44,717.98,20413.463,19951.147,0
24876,TDRS-5,24,5.41281656,2.00562521,0.0087082,55.7603,117.1425,54.0798,306.8101,0.0,4e-07,0.0,26560.443,717.981,20413.602,19951.015,0
24876,TDRS-5,48,15.173245013333334,2.00562521,0.0087064,55.7599,117.1816,54.0868,306.7991,0.0,3.5e-07,0.0,26560.443,717.981,20413.554,19951.063,0
24876,TDRS-5,24,16.725345475555557,2.00562483,0.0087112,55.7608,117.0838,54.0548,306.837,0.0,3.9e-07,0.0,26560.447,717.981,20413.685,19950.938,0
24876,TDRS-5,24,13.472110364444443,2.0056247,0.0087171,55.7619,116.9861,54.01,306.8731,0.0,1.5e-07,0.0,26560.448,717.981,20413.843,19950.783,0
24876,TDRS-5,48,13.472110364444443,2.0056247,0.0087171,55.7619,116.9861,54.01,306.8731,0.0,1.5e-07,0.0,26560.448,717.981,20413.843,19950.783,1
24876,TDRS-5,12,5.965742586666666,2.00562504,0.0087219,55.7627,116.9079,53.9954,306.878,0.0,-9e-08,0.0,26560.445,717.981,20413.967,19950.652,0
24876,TDRS-5,48,16.716762,2.00562466,0.0087179,55.7621,116.9665,54.0124,306.8681,0.0,8e-08,0.0,26560.448,717.981,20413.865,19950.762,0
24876,TDRS-5,24,13.74018919111111,2.00562501,0.0087225,55.7627,116.9079,53.9872,306.8862,0.0,-9e-08,0.0,26560.445,717.981,20413.984,19950.637,0
24876,TDRS-5,12,5.302106666666666,2.00562602,0.0087356,55.7652,116.6932,53.9327,306.9508,0.0,1.8e-07,0.0,26560.436,717.98,20414.323,19950.28,0
24876,TDRS-5,48,29.793474177777775,2.00562536,0.0087302,55.7641,116.7908,53.9556,306.9171,0.0,-9e-08,0.0,26560.442,717.981,20414.185,19950.429,0
24876,TDRS-5,24,13.907444275555555,2.00562609,0.0087372,55.7654,116.6736,53.9208,306.9648,0.0,2.3e-07,0.0,26560.436,717.98,20414.365,19950.237,0
24876,TDRS-5,48,14.408159386666666,2.00562585,0.0087349,55.765,116.7127,53.9327,306.9485,0.0,1.3e-07,0.0,26560.438,717.98,20414.306,19950.3,0
24876,TDRS-5,48,13.907444275555555,2.00562609,0.0087372,55.7654,116.6736,53.9208,306.9648,0.0,2.3e-07,0.0,26560.436,717.98,20414.365,19950.237,0
24876,TDRS-5,24,6.473966684444444,2.00562673,0.0087495,55.7677,116.4786,53.8753,307.0123,0.0,2.6e-07,0.0,26560.43,717.98,20414.685,19949.905,0
24876,TDRS-5,48,6.473966684444444,2.00562673,0.0087495,55.7677,116.4786,53.8753,307.0123,0.0,2.6e-07,0.0,26560.43,717.98,20414.685,19949.905,0
24876,TDRS-5,48,19.02536087111111,2.00562669,0.0087532,55.7684,116.4201,53.8516,307.0308,0.0,2e-07,0.0,26560.43,717.98,20414.784,19949.807,0
24876,TDRS-5,48,14.679622622222222,2.00562658,0.0087553,55.7688,116.381,53.8413,307.0378,0.0,1.9e-07,0.0,26560.431,717.98,20414.841,19949.752,0
24876,TDRS-5,12,14.837907973333332,2.00562634,0.0087587,55.7695,116.3225,53.8285,307.047,0.0,2.3e-07,0.0,26560.433,717.98,20414.933,19949.664,0
24876,TDRS-5,48,19.53471515555556,2.00562634,0.0087623,55.7702,116.264,53.8278,307.0474,0.0,3.4e-07,0.0,26560.433,717.98,20415.029,19949.568,1
24876,TDRS-5,6,8.272353653333333,2.00562572,0.0087701,55.7714,116.1664,53.8096,307.0721,0.0,6e-07,0.0,26560.439,717.98,20415.242,19949.366,0
24876,TDRS-5,24,14.657634071111111,2.00562571,0.0087703,55.7715,116.1664,53.8059,307.0759,0.0,6e-07,0.0,26560.439,717.98,20415.247,19949.361,0
24876,TDRS-5,48,14.745280426666666,2.00562606,0.0087671,55.771,116.2055,53.8121,307.0662,0.0,4.9e-07,0.0,26560.436,717.98,20415.159,19949.443,0
24876,TDRS-5,12,15.457789733333332,2.00562577,0.0087737,55.7719,116.1274,53.8002,307.0852,0.0,6.9e-07,0.0,26560.438,717.98,20415.337,19949.27,0
24876,TDRS-5,48,14.657634071111111,2.00562571,0.0087703,55.7715,116.1664,53.8059,307.0759,0.0,6e-07,0.0,26560.439,717.98,20415.247,19949.361,0
24876,TDRS-5,24,3.4458182844444445,2.00562539,0.008778,55.7726,116.0688,53.7954,307.0936,0.0,7.7e-07,0.0,26560.442,717.981,20415.454,19949.159,0
24876,TDRS-5,24,15.67737343111111,2.00562567,0.0088116,55.7774,115.698,53.7257,307.1318,0.0,3.2e-07,0.0,26560.439,717.98,20416.344,19948.264,0
24876,TDRS-5,48,15.67737343111111,2.00562567,0.0088116,55.7774,115.698,53.7257,307.1318,0.0,3.2e-07,0.0,26560.439,717.98,20416.344,19948.264,0
24876,TDRS-5,24,7.435739591111111,2.00562599,0.0088182,55.7783,115.62,53.7187,307.1447,0.0,5.2e-07,0.0,26560.437,717.98,20416.517,19948.086,0
24876,TDRS-5,12,4.521580826666667,2.00562657,0.008836,55.7808,115.425,53.705,307.1554,0.0,5.5e-07,0.0,26560.431,717.98,20416.984,19947.608,0
24876,TDRS-5,24,16.689536977777777,2.00562649,0.0088326,55.7803,115.464,53.7015,307.1624,0.0,6.1e-07,0.0,26560.432,717.98,20416.895,19947.699,0
24876,TDRS-5,48,16.689536977777777,2.00562649,0.0088326,55.7803,115.464,53.7015,307.1624,0.0,6.1e-07,0.0,26560.432,717.98,20416.895,19947.699,0
24876,TDRS-5,24,17.63096562666667,2.00562603,0.0088588,55.7842,115.1523,53.6898,307.1516,0.0,6.7e-07,0.0,26560.436,717.98,20417.595,19947.008,0
24876,TDRS-5,12,18.15224104,2.00562576,0.0088635,55.7847,115.1133,53.6962,307.1476,0.0,7.6e-07,0.0,26560.439,717.98,20417.722,19946.885,0
24876,TDRS-5,48,17.488231715555557,2.00562552,0.0088681,55.7852,115.0744,53.6942,307.1524,0.0,8.5e-07,0.0,26560.441,717.98,20417.846,19946.765,0
24876,TDRS-5,24,17.33806096,2.00562476,0.0088891,55.7876,114.8793,53.6915,307.1477,0.0,7.6e-07,0.0,26560.447,717.981,20418.411,19946.214,0
24876,TDRS-5,24,5.585227546666667,2.00562533,0.0089169,55.7908,114.6258,53.7228,307.0921,0.0,4e-07,0.0,26560.442,717.981,20419.144,19945.471,0
24876,TDRS-5,12,5.654823333333334,2.00562548,0.0089212,55.7913,114.5868,53.7267,307.0911,0.0,4.9e-07,0.0,26560.441,717.981,20419.257,19945.355,0
24876,TDRS-5,24,20.797079715555554,2.00562597,0.0089443,55.7936,114.3919,53.7495,307.0712,0.0,5.8e-07,0.0,26560.437,717.98,20419.866,19944.737,0
24876,TDRS-5,12,20.726033742222224,2.00562572,0.0089676,55.796,114.1777,53.7896,307.012,0.0,3.9e-07,0.0,26560.439,717.98,20420.487,19944.121,0
24876,TDRS-5,24,11.322056382222222,2.00562547,0.0089752,55.7968,114.0998,53.8122,306.9905,0.0,5.2e-07,0.0,26560.441,717.981,20420.691,19943.921,0
24876,TDRS-5,24,10.224121395555557,2.00562488,0.0089897,55.7982,113.9829,53.844,306.9688,0.0,7.6e-07,0.0,26560.446,717.981,20421.082,19943.541,0
24876,TDRS-5,24,9.702315422222222,2.00562461,0.0090037,55.7994,113.8659,53.8672,306.9473,0.0,7.3e-07,0.0,26560.449,717.981,20421.456,19943.171,0
24876,TDRS-5,48,9.678659146666666,2.00562447,0.0089996,55.799,113.9049,53.861,306.9552,0.0,7.9e-07,0.0,26560.45,717.981,20421.348,19943.282,0
24876,TDRS-5,12,6.969717226666667,2.00562423,0.0090159,55.8004,113.7684,53.8952,306.9064,0.0,4.1e-07,0.0,26560.452,717.981,20421.783,19942.851,0
24876,TDRS-5,48,10.106286195555557,2.00562432,0.0090089,55.7998,113.8269,53.8763,306.9342,0.0,6.2e-07,0.0,26560.451,717.981,20421.597,19943.036,0
24876,TDRS-5,12,11.6125308,2.00562423,0.0090326,55.8018,113.6515,53.9293,306.8595,0.0,1e-07,0.0,26560.452,717.981,20422.227,19942.407,0
24876,TDRS-5,24,12.398788622222222,2.00562458,0.0090358,55.802,113.632,53.9363,306.8524,0.0,9e-08,0.0,26560.449,717.981,20422.309,19942.319,0
24876,TDRS-5,6,12.566753982222224,2.00562464,0.0090398,55.8025,113.593,53.9509,306.8393,0.0,1.1e-07,0.0,26560.448,717.981,20422.415,19942.212,0
24876,TDRS-5,12,19.56229969777777,2.00562463,0.0090415,55.8025,113.593,53.9484,306.8419,0.0,1.1e-07,0.0,26560.449,717.981,20422.46,19942.167,0
24876,TDRS-5,24,19.56229969777777,2.00562463,0.0090415,55.8025,113.593,53.9484,306.8419,0.0,1.1e-07,0.0,26560.449,717.981,20422.46,19942.167,0
24876,TDRS-5,12,7.957142062222222,2.00562462,0.0090456,55.8029,113.554,53.965,306.8287,0.0,1.7e-07,0.0,26560.449,717.981,20422.569,19942.058,0
24876,TDRS-5,24,10.454466186666666,2.0056249,0.0090503,55.8034,113.5151,53.9773,306.8208,0.0,2.5e-07,0.0,26560.446,717.981,20422.691,19941.931,0
24876,TDRS-5,24,11.112308177777775,2.0056255,0.0090699,55.8049,113.3592,54.0313,306.7774,0.0,3.3e-07,0.0,26560.441,717.981,20423.206,19941.405,0
24876,TDRS-5,48,11.576186071111112,2.00562548,0.0090749,55.8053,113.3202,54.0496,306.7583,0.0,2.6e-07,0.0,26560.441,717.981,20423.339,19941.273,0
24876,TDRS-5,12,12.086825955555556,2.00562558,0.0090844,55.8061,113.2423,54.0871,306.7165,0.0,1e-07,0.0,26560.44,717.98,20423.591,19941.02,0
24876,TDRS-5,48,23.515881235555558,2.00562564,0.0090876,55.8063,113.2228,54.0928,306.7096,0.0,7e-08,0.0,26560.44,717.98,20423.675,19940.934,0
24876,TDRS-5,24,12.532155946666666,2.00562534,0.0090974,55.8072,113.1254,54.1327,306.6662,0.0,3e-08,0.0,26560.442,717.981,20423.938,19940.676,0
24876,TDRS-5,48,7.9600393955555555,2.0056252,0.0090997,55.8074,113.106,54.1408,306.6585,0.0,5e-08,0.0,26560.444,717.981,20424.001,19940.616,0
24876,TDRS-5,12,20.65834140444445,2.00562497,0.0091069,55.808,113.0475,54.1646,306.6381,0.0,1.4e-07,0.0,26560.446,717.981,20424.194,19940.427,0
24876,TDRS-5,24,11.359072924444444,2.00562477,0.0091171,55.8087,112.9695,54.2001,306.6124,0.0,3.1e-07,0.0,26560.447,717.981,20424.467,19940.158,0
24876,TDRS-5,48,11.475125093333334,2.00562502,0.009112,55.8083,113.0085,54.1814,306.6257,0.0,2.3e-07,0.0,26560.445,717.981,20424.329,19940.291,0
24876,TDRS-5,48,11.359072924444444,2.00562477,0.0091171,55.8087,112.9695,54.2001,306.6124,0.0,3.1e-07,0.0,26560.447,717.981,20424.467,19940.158,0
24876,TDRS-5,24,11.628002755555556,2.00562446,0.0091221,55.8091,112.9306,54.2193,306.5989,0.0,3.8e-07,0.0,26560.45,717.981,20424.602,19940.028,0
24876,TDRS-5,24,21.55347401777778,2.00562407,0.0091321,55.8098,112.8526,54.2524,306.5744,0.0,4.4e-07,0.0,26560.453,717.981,20424.871,19939.766,0
24876,TDRS-5,12,13.106584408888889,2.0056239,0.0091395,55.8103,112.7941,54.2734,306.5542,0.0,3.6e-07,0.0,26560.455,717.981,20425.069,19939.571,0
24876,TDRS-5,48,11.782292151111111,2.00562405,0.0091364,55.8101,112.8136,54.268,306.5599,0.0,4e-07,0.0,26560.454,717.981,20424.986,19939.652,0
24876,TDRS-5,24,12.482651857777778,2.00562402,0.0091476,55.8108,112.7355,54.2972,306.5263,0.0,1.9e-07,0.0,26560.454,717.981,20425.283,19939.355,0
24876,TDRS-5,48,11.96229463111111,2.00562406,0.0091583,55.8116,112.6575,54.3328,306.4826,0.0,-1e-07,0.0,26560.454,717.981,20425.567,19939.07,0
24876,TDRS-5,24,24.225235964444444,2.00562405,0.0091668,55.8122,112.599,54.364,306.4487,0.0,-2.4e-07,0.0,26560.454,717.981,20425.793,19938.844,0
24876,TDRS-5,24,13.108270515555557,2.00562415,0.0091742,55.8128,112.5405,54.3949,306.4207,0.0,-2.5e-07,0.0,26560.453,717.981,20425.989,19938.647,0
24876,TDRS-5,48,8.956539457777778,2.00562405,0.0091705,55.8126,112.56,54.3858,306.4281,0.0,-2.6e-07,0.0,26560.454,717.981,20425.891,19938.746,0
24876,TDRS-5,12,9.620843617777776,2.00562421,0.0091792,55.8132,112.5015,54.4153,306.4051,0.0,-2e-07,0.0,26560.452,717.981,20426.121,19938.514,0
24876,TDRS-5,24,9.89667870222222,2.00562402,0.0091814,55.8134,112.482,54.4254,306.3979,0.0,-1.7e-07,0.0,26560.454,717.981,20426.181,19938.457,0
24876,TDRS-5,12,9.820698506666668,2.00562507,0.0091947,55.8143,112.3845,54.4758,306.3628,0.0,0.0,0.0,26560.445,717.981,20426.525,19938.094,0
24876,TDRS-5,48,10.46478768,2.00562452,0.0091861,55.8138,112.443,54.4464,306.3832,0.0,-9e-08,0.0,26560.45,717.981,20426.301,19938.328,0
24876,TDRS-5,24,12.600779288888887,2.00562506,0.0091998,55.8146,112.3456,54.4946,306.3485,0.0,2e-08,0.0,26560.445,717.981,20426.661,19937.959,0
24876,TDRS-5,48,12.714865173333337,2.00562507,0.0091947,55.8143,112.3845,54.4758,306.3628,0.0,0.0,0.0,26560.445,717.981,20426.525,19938.094,0
24876,TDRS-5,48,12.600779288888887,2.00562506,0.0091998,55.8146,112.3456,54.4946,306.3485,0.0,2e-08,0.0,26560.445,717.981,20426.661,19937.959,0
24876,TDRS-5,48,13.045569617777778,2.0056253,0.0092098,55.8153,112.2676,54.5402,306.3071,0.0,-7e-08,0.0,26560.443,717.981,20426.924,19937.691,0
24876,TDRS-5,48,12.755259244444444,2.00562544,0.0092147,55.8157,112.2286,54.565,306.2824,0.0,-1.4e-07,0.0,26560.441,717.981,20427.053,19937.56,0
24876,TDRS-5,48,13.790551733333333,2.00562494,0.0092565,55.8189,111.8776,54.7655,306.1064,0.0,7e-08,0.0,26560.446,717.981,20428.168,19936.454,0
24876,TDRS-5,48,16.16833152,2.00562551,0.0092714,55.82,111.7605,54.8337,306.0542,0.0,1.5e-07,0.0,26560.441,717.98,20428.558,19936.053,1
24876,TDRS-5,24,13.508200328888888,2.00562431,0.0092807,55.8208,111.6824,54.868,306.0195,0.0,-1e-08,0.0,26560.451,717.981,20428.816,19935.817,0
24876,TDRS-5,24,13.944648062222225,2.00562429,0.0092855,55.8211,111.6434,54.8882,305.9965,0.0,-1.4e-07,0.0,26560.452,717.981,20428.944,19935.689,0
24876,TDRS-5,48,14.686650871111112,2.00562419,0.0092907,55.8215,111.6043,54.9105,305.9712,0.0,-2.7e-07,0.0,26560.452,717.981,20429.083,19935.552,0
24876,TDRS-5,12,11.65475176888889,2.00562552,0.0093238,55.8244,111.3312,55.0727,305.8349,0.0,-1.7e-07,0.0,26560.441,717.98,20429.95,19934.661,0
24876,TDRS-5,24,14.648540764444444,2.00562583,0.0093327,55.8251,111.2532,55.1174,305.7996,0.0,-1.4e-07,0.0,26560.438,717.98,20430.184,19934.422,0
24876,TDRS-5,48,14.648540764444444,2.00562583,0.0093327,55.8251,111.2532,55.1174,305.7996,0.0,-1.4e-07,0.0,26560.438,717.98,20430.184,19934.422,0
24876,TDRS-5,24,15.076181111111111,2.00562641,0.009342,55.8259,111.1751,55.1716,305.7487,0.0,-2.4e-07,0.0,26560.433,717.98,20430.425,19934.17,0
24876,TDRS-5,48,15.244004444444444,2.00562616,0.0093374,55.8255,111.2141,55.1446,305.7748,0.0,-1.8e-07,0.0,26560.435,717.98,20430.305,19934.295,0
24876,TDRS-5,48,14.799976817777775,2.00562655,0.0093583,55.8275,111.019,55.272,305.6484,0.0,-4.1e-07,0.0,26560.432,717.98,20430.857,19933.736,0
24876,TDRS-5,6,20.54742199111111,2.00562653,0.00937441,55.8292,110.8629,55.3606,305.5764,0.0,-9e-08,0.0,26560.432,717.98,20431.285,19933.308,0
24876,TDRS-5,12,14.83799297777778,2.00562649,0.0093764,55.8294,110.8434,55.373,305.5674,0.0,-3e-08,0.0,26560.432,717.98,20431.338,19933.256,0
24876,TDRS-5,24,13.828270755555556,2.00562649,0.0093764,55.8294,110.8434,55.373,305.5674,0.0,-3e-08,0.0,26560.432,717.98,20431.338,19933.256,0
24876,TDRS-5,12,14.32161095111111,2.00562614,0.0093813,55.8298,110.8044,55.398,305.5496,0.0,7e-08,0.0,26560.435,717.98,20431.472,19933.129,0
24876,TDRS-5,6,18.62267312,2.00562607,0.0093921,55.8309,110.7068,55.4561,305.5049,0.0,1.9e-07,0.0,26560.436,717.98,20431.759,19932.843,0
24876,TDRS-5,48,15.166974622222222,2.00562599,0.0093876,55.8304,110.7458,55.4339,305.523,0.0,1.7e-07,0.0,26560.437,717.98,20431.64,19932.963,0
24876,TDRS-5,12,68.7198414311111,2.0056259,0.0094005,55.8317,110.6286,55.4969,305.4647,0.0,9e-08,0.0,26560.437,717.98,20431.984,19932.621,0
24876,TDRS-5,6,9.752339066666666,2.005626,0.0094139,55.8331,110.5115,55.5642,305.3879,0.0,-2.4e-07,0.0,26560.436,717.98,20432.339,19932.264,0
24876,TDRS-5,24,15.824195866666669,2.00562597,0.0094096,55.8326,110.5505,55.5407,305.4145,0.0,-1.4e-07,0.0,26560.437,717.98,20432.225,19932.379,0
24876,TDRS-5,24,17.73764928888889,2.00562609,0.0094187,55.8335,110.4725,55.589,305.3617,0.0,-3.1e-07,0.0,26560.436,717.98,20432.465,19932.136,0
24876,TDRS-5,24,24.931723875555555,2.00562747,0.00944284,55.8364,110.2382,55.7311,305.2459,0.0,2e-08,0.0,26560.423,717.98,20433.094,19931.483,0
24876,TDRS-5,48,21.44182682666667,2.00562821,0.00945452,55.8378,110.1212,55.8057,305.1763,0.0,-3e-08,0.0,26560.417,717.98,20433.398,19931.166,0
24876,TDRS-5,24,10.67536121777778,2.00562884,0.0094674,55.8397,109.9651,55.904,305.0725,0.0,-1.9e-07,0.0,26560.411,717.979,20433.735,19930.818,0
