CCSDS_OMM_VERS,COMMENT,CREATION_DATE,ORIGINATOR,OBJECT_NAME,OBJECT_ID,CENTER_NAME,REF_FRAME,TIME_SYSTEM,MEAN_ELEMENT_THEORY,EPOCH,MEAN_MOTION,ECCENTRICITY,INCLINATION,RA_OF_ASC_NODE,ARG_OF_PERICENTER,MEAN_ANOMALY,EPHEMERIS_TYPE,CLASSIFICATION_TYPE,NORAD_CAT_ID,ELEMENT_SET_NO,REV_AT_EPOCH,BSTAR,MEAN_MOTION_DOT,MEAN_MOTION_DDOT,SEMIMAJOR_AXIS,PERIOD,APOAPSIS,PERIAPSIS,OBJECT_TYPE,RCS_SIZE,COUNTRY_CODE,LAUNCH_DATE,SITE,DECAY_DATE,FILE,GP_ID,TLE_LINE0,TLE_LINE1,TLE_LINE2
3.0,GENERATED VIA SPACE-TRACK.ORG API,2025-01-01 23:41:24+00:00,18 SPCS,HST,1990-037B,EARTH,TEME,UTC,SGP4,2025-01-01 13:41:14.396064+00:00,15.22132261,0.00026600,28.4689,91.8396,62.7061,297.3803,0,U,20580,999,70724,0.00073207000000,0.00017492,0.0000000000000,6877.547,94.604,501.242,497.583,PAYLOAD,LARGE,US,1990-04-24,AFETR,,4598149,277045774,0 HST,1 20580U 90037B   25001.57030551  .00017492  00000-0  73207-3 0  9993,2 20580  28.4689  91.8396 0002660  62.7061 297.3803 15.22132261707243
3.0,GENERATED VIA SPACE-TRACK.ORG API,2025-01-02 19:02:11+00:00,18 SPCS,HST,1990-037B,EARTH,TEME,UTC,SGP4,2025-01-02 10:08:37.214016+00:00,15.22165583,0.00026660,28.4688,86.0906,70.0502,290.0378,0,U,20580,999,70737,0.00080393000000,0.00019212,0.0000000000000,6877.447,94.602,501.145,497.478,PAYLOAD,LARGE,US,1990-04-24,AFETR,,4598496,277114006,0 HST,1 20580U 90037B   25002.42265294  .00019212  00000-0  80393-3 0  9998,2 20580  28.4688  86.0906 0002666  70.0502 290.0378 15.22165583707377
3.0,GENERATED VIA SPACE-TRACK.ORG API,2025-01-03 05:09:40+00:00,18 SPCS,HST,1990-037B,EARTH,TEME,UTC,SGP4,2025-01-02 21:09:30.523392+00:00,15.22174969,0.00026750,28.4687,82.9944,74.3722,285.7167,0,U,20580,999,70744,0.00057902000000,0.00013889,0.0000000000000,6877.419,94.601,501.123,497.444,PAYLOAD,LARGE,US,1990-04-24,AFETR,,4598729,277149061,0 HST,1 20580U 90037B   25002.88160328  .00013889  00000-0  57902-3 0  9994,2 20580  28.4687  82.9944 0002675  74.3722 285.7167 15.22174969707447
3.0,GENERATED VIA SPACE-TRACK.ORG API,2025-01-03 17:36:59+00:00,18 SPCS,HST,1990-037B,EARTH,TEME,UTC,SGP4,2025-01-03 14:28:02.272512+00:00,15.22189614,0.00027290,28.4686,78.1296,81.9172,278.1732,0,U,20580,999,70755,0.00043526000000,0.00010492,0.0000000000000,6877.374,94.601,501.116,497.363,PAYLOAD,LARGE,US,1990-04-24,AFETR,,4599090,277187418,0 HST,1 20580U 90037B   25003.60280408  .00010492  00000-0  43526-3 0  9991,2 20580  28.4686  78.1296 0002729  81.9172 278.1732 15.22189614707555
3.0,GENERATED VIA SPACE-TRACK.ORG API,2025-01-04 07:17:01+00:00,18 SPCS,HST,1990-037B,EARTH,TEME,UTC,SGP4,2025-01-03 20:45:40.892832+00:00,15.22196173,0.00027570,28.4687,76.3606,84.8686,275.2222,0,U,20580,999,70759,0.00041386000000,0.00009987,0.0000000000000,6877.355,94.600,501.116,497.324,PAYLOAD,LARGE,US,1990-04-24,AFETR,,4599680,277230417,0 HST,1 20580U 90037B   25003.86505663  .00009987  00000-0  41386-3 0  9991,2 20580  28.4687  76.3606 0002757  84.8686 275.2222 15.22196173707598
3.0,GENERATED VIA SPACE-TRACK.ORG API,2025-01-04 15:08:32+00:00,18 SPCS,HST,1990-037B,EARTH,TEME,UTC,SGP4,2025-01-04 12:29:47.078592+00:00,15.22210775,0.00027670,28.4688,71.9374,90.3162,269.7748,0,U,20580,999,70795,0.00040479000000,0.00009777,0.0000000000000,6877.311,94.599,501.079,497.273,PAYLOAD,LARGE,US,1990-04-24,AFETR,,4600033,277264257,0 HST,1 20580U 90037B   25004.52068378  .00009777  00000-0  40479-3 0  9991,2 20580  28.4688  71.9374 0002767  90.3162 269.7748 15.22210775707950
3.0,GENERATED VIA SPACE-TRACK.ORG API,2025-01-04 18:31:26+00:00,18 SPCS,HST,1990-037B,EARTH,TEME,UTC,SGP4,2025-01-04 12:29:47.078592+00:00,15.22210775,0.00027670,28.4688,71.9374,90.3162,269.7748,0,U,20580,999,70769,0.00040479000000,0.00009777,0.0000000000000,6877.311,94.599,501.079,497.273,PAYLOAD,LARGE,US,1990-04-24,AFETR,,4600129,277270661,0 HST,1 20580U 90037B   25004.52068378  .00009777  00000-0  40479-3 0  9991,2 20580  28.4688  71.9374 0002767  90.3162 269.7748 15.22210775707691
3.0,GENERATED VIA SPACE-TRACK.ORG API,2025-01-05 03:27:00+00:00,18 SPCS,HST,1990-037B,EARTH,TEME,UTC,SGP4,2025-01-04 20:21:49.943808+00:00,15.22221776,0.00027880,28.4687,69.7258,93.6067,266.4846,0,U,20580,999,70774,0.00050557000000,0.00012167,0.0000000000000,6877.278,94.599,501.060,497.225,PAYLOAD,LARGE,US,1990-04-24,AFETR,,4600452,277307747,0 HST,1 20580U 90037B   25004.84849472  .00012167  00000-0  50557-3 0  9993,2 20580  28.4687  69.7258 0002788  93.6067 266.4846 15.22221776707741
3.0,GENERATED VIA SPACE-TRACK.ORG API,2025-01-05 19:47:08+00:00,18 SPCS,HST,1990-037B,EARTH,TEME,UTC,SGP4,2025-01-05 10:31:30.662976+00:00,15.22236828,0.00027720,28.4688,65.7456,99.3748,260.7159,0,U,20580,999,70783,0.00050476000000,0.00012153,0.0000000000000,6877.232,94.598,501.004,497.191,PAYLOAD,LARGE,US,1990-04-24,AFETR,,4601203,277355794,0 HST,1 20580U 90037B   25005.43854934  .00012153  00000-0  50476-3 0  9993,2 20580  28.4688  65.7456 0002772  99.3748 260.7159 15.22236828707838
3.0,GENERATED VIA SPACE-TRACK.ORG API,2025-01-05 23:08:32+00:00,18 SPCS,HST,1990-037B,EARTH,TEME,UTC,SGP4,2025-01-05 10:31:30.662976+00:00,15.22236828,0.00027720,28.4688,65.7456,99.3748,260.7159,0,U,20580,999,70809,0.00050476000000,0.00012153,0.0000000000000,6877.232,94.598,501.004,497.191,PAYLOAD,LARGE,US,1990-04-24,AFETR,,4601467,277387542,0 HST,1 20580U 90037B   25005.43854934  .00012153  00000-0  50476-3 0  9993,2 20580  28.4688  65.7456 0002772  99.3748 260.7159 15.22236828708097
3.0,GENERATED VIA SPACE-TRACK.ORG API,2025-01-06 15:08:31+00:00,18 SPCS,HST,1990-037B,EARTH,TEME,UTC,SGP4,2025-01-06 11:42:01.797984+00:00,15.22262825,0.00027970,28.4689,58.6685,109.1616,250.9280,0,U,20580,999,70825,0.00047661000000,0.00011495,0.0000000000000,6877.154,94.596,500.942,497.095,PAYLOAD,LARGE,US,1990-04-24,AFETR,,4602171,277433849,0 HST,1 20580U 90037B   25006.48752081  .00011495  00000-0  47661-3 0  9999,2 20580  28.4689  58.6685 0002797 109.1616 250.9280 15.22262825708254
3.0,GENERATED VIA SPACE-TRACK.ORG API,2025-01-06 17:35:48+00:00,18 SPCS,HST,1990-037B,EARTH,TEME,UTC,SGP4,2025-01-06 11:42:01.797984+00:00,15.22262825,0.00027970,28.4689,58.6685,109.1616,250.9280,0,U,20580,999,70799,0.00047661000000,0.00011495,0.0000000000000,6877.154,94.596,500.942,497.095,PAYLOAD,LARGE,US,1990-04-24,AFETR,,4602192,277438949,0 HST,1 20580U 90037B   25006.48752081  .00011495  00000-0  47661-3 0  9999,2 20580  28.4689  58.6685 0002797 109.1616 250.9280 15.22262825707994
3.0,GENERATED VIA SPACE-TRACK.ORG API,2025-01-07 02:40:03+00:00,18 SPCS,HST,1990-037B,EARTH,TEME,UTC,SGP4,2025-01-06 19:34:03.738720+00:00,15.22269746,0.00028130,28.4689,56.4568,112.5690,247.5201,0,U,20580,999,70804,0.00043721000000,0.00010563,0.0000000000000,6877.133,94.596,500.933,497.064,PAYLOAD,LARGE,US,1990-04-24,AFETR,,4602535,277476431,0 HST,1 20580U 90037B   25006.81532105  .00010563  00000-0  43721-3 0  9997,2 20580  28.4689  56.4568 0002813 112.5690 247.5201 15.22269746708040
3.0,GENERATED VIA SPACE-TRACK.ORG API,2025-01-07 18:07:06+00:00,18 SPCS,HST,1990-037B,EARTH,TEME,UTC,SGP4,2025-01-07 11:18:07.242624+00:00,15.22282566,0.00028110,28.4691,52.0336,118.8105,241.2771,0,U,20580,999,70814,0.00041299000000,0.00009992,0.0000000000000,6877.095,94.595,500.893,497.026,PAYLOAD,LARGE,US,1990-04-24,AFETR,,4603301,277524049,0 HST,1 20580U 90037B   25007.47091716  .00009992  00000-0  41299-3 0  9990,2 20580  28.4691  52.0336 0002811 118.8105 241.2771 15.22282566708145
3.0,GENERATED VIA SPACE-TRACK.ORG API,2025-01-07 23:08:31+00:00,18 SPCS,HST,1990-037B,EARTH,TEME,UTC,SGP4,2025-01-07 19:10:08.798016+00:00,15.22290196,0.00028260,28.4692,49.8219,122.0850,238.0018,0,U,20580,999,70845,0.00042153000000,0.00010197,0.0000000000000,6877.072,94.594,500.880,496.993,PAYLOAD,LARGE,US,1990-04-24,AFETR,,4603631,277555159,0 HST,1 20580U 90037B   25007.79871294  .00010197  00000-0  42153-3 0  9991,2 20580  28.4692  49.8219 0002826 122.0850 238.0018 15.22290196708450
3.0,GENERATED VIA SPACE-TRACK.ORG API,2025-01-08 05:13:15+00:00,18 SPCS,HST,1990-037B,EARTH,TEME,UTC,SGP4,2025-01-07 19:10:08.798016+00:00,15.22290196,0.00028260,28.4692,49.8219,122.0850,238.0018,0,U,20580,999,70819,0.00042153000000,0.00010197,0.0000000000000,6877.072,94.594,500.880,496.993,PAYLOAD,LARGE,US,1990-04-24,AFETR,,4603695,277560593,0 HST,1 20580U 90037B   25007.79871294  .00010197  00000-0  42153-3 0  9991,2 20580  28.4692  49.8219 0002826 122.0850 238.0018 15.22290196708191
3.0,GENERATED VIA SPACE-TRACK.ORG API,2025-01-08 20:49:28+00:00,18 SPCS,HST,1990-037B,EARTH,TEME,UTC,SGP4,2025-01-08 10:54:11.572704+00:00,15.22302451,0.00028010,28.4694,45.3987,128.3363,231.7483,0,U,20580,999,70829,0.00041646000000,0.00010080,0.0000000000000,6877.035,94.594,500.826,496.973,PAYLOAD,LARGE,US,1990-04-24,AFETR,,4604166,277601645,0 HST,1 20580U 90037B   25008.45430061  .00010080  00000-0  41646-3 0  9995,2 20580  28.4694  45.3987 0002801 128.3363 231.7483 15.22302451708292
3.0,GENERATED VIA SPACE-TRACK.ORG API,2025-01-09 03:56:35+00:00,18 SPCS,HST,1990-037B,EARTH,TEME,UTC,SGP4,2025-01-08 18:46:12.798912+00:00,15.22307310,0.00028160,28.4694,43.1870,131.5839,228.4996,0,U,20580,999,70834,0.00035168000000,0.00008544,0.0000000000000,6877.020,94.593,500.822,496.948,PAYLOAD,LARGE,US,1990-04-24,AFETR,,4604399,277636445,0 HST,1 20580U 90037B   25008.78209258  .00008544  00000-0  35168-3 0  9997,2 20580  28.4694  43.1870 0002816 131.5839 228.4996 15.22307310708346
3.0,GENERATED VIA SPACE-TRACK.ORG API,2025-01-09 19:31:44+00:00,18 SPCS,HST,1990-037B,EARTH,TEME,UTC,SGP4,2025-01-09 08:55:50.720448+00:00,15.22317805,0.00028100,28.4695,39.2060,137.3232,222.7580,0,U,20580,999,70843,0.00035725000000,0.00008679,0.0000000000000,6876.988,94.593,500.786,496.921,PAYLOAD,LARGE,US,1990-04-24,AFETR,,4604593,277671448,0 HST,1 20580U 90037B   25009.37211482  .00008679  00000-0  35725-3 0  9993,2 20580  28.4695  39.2060 0002810 137.3232 222.7580 15.22317805708435
3.0,GENERATED VIA SPACE-TRACK.ORG API,2025-01-10 14:58:33+00:00,18 SPCS,HST,1990-037B,EARTH,TEME,UTC,SGP4,2025-01-10 08:31:53.156640+00:00,15.22334898,0.00027720,28.4698,32.5713,146.7068,213.3700,0,U,20580,999,70884,0.00035174000000,0.00008552,0.0000000000000,6876.937,94.592,500.708,496.896,PAYLOAD,LARGE,US,1990-04-24,AFETR,,4605621,277751060,0 HST,1 20580U 90037B   25010.35547635  .00008552  00000-0  35174-3 0  9993,2 20580  28.4698  32.5713 0002772 146.7068 213.3700 15.22334898708843
3.0,GENERATED VIA SPACE-TRACK.ORG API,2025-01-10 17:41:51+00:00,18 SPCS,HST,1990-037B,EARTH,TEME,UTC,SGP4,2025-01-10 08:31:53.156640+00:00,15.22334898,0.00027720,28.4698,32.5713,146.7068,213.3700,0,U,20580,999,70858,0.00035174000000,0.00008552,0.0000000000000,6876.937,94.592,500.708,496.896,PAYLOAD,LARGE,US,1990-04-24,AFETR,,4605690,277757601,0 HST,1 20580U 90037B   25010.35547635  .00008552  00000-0  35174-3 0  9993,2 20580  28.4698  32.5713 0002772 146.7068 213.3700 15.22334898708584
3.0,GENERATED VIA SPACE-TRACK.ORG API,2025-01-11 05:36:21+00:00,18 SPCS,HST,1990-037B,EARTH,TEME,UTC,SGP4,2025-01-10 17:58:17.825088+00:00,15.22342678,0.00027490,28.4698,29.9172,150.6149,209.4599,0,U,20580,999,70864,0.00036910000000,0.00008966,0.0000000000000,6876.913,94.591,500.669,496.888,PAYLOAD,LARGE,US,1990-04-24,AFETR,,4607388,277825551,0 HST,1 20580U 90037B   25010.74881742  .00008966  00000-0  36910-3 0  9994,2 20580  28.4698  29.9172 0002749 150.6149 209.4599 15.22342678708645
3.0,GENERATED VIA SPACE-TRACK.ORG API,2025-01-11 18:02:58+00:00,18 SPCS,HST,1990-037B,EARTH,TEME,UTC,SGP4,2025-01-11 08:07:54.556032+00:00,15.22354246,0.00027420,28.4699,25.9364,156.3522,203.7198,0,U,20580,999,70873,0.00038704000000,0.00009396,0.0000000000000,6876.879,94.590,500.629,496.858,PAYLOAD,LARGE,US,1990-04-24,AFETR,,4607957,277925547,0 HST,1 20580U 90037B   25011.33882588  .00009396  00000-0  38704-3 0  9990,2 20580  28.4699  25.9364 0002742 156.3522 203.7198 15.22354246708732
3.0,GENERATED VIA SPACE-TRACK.ORG API,2025-01-11 23:06:16+00:00,18 SPCS,HST,1990-037B,EARTH,TEME,UTC,SGP4,2025-01-11 17:34:18.867648+00:00,15.22358735,0.00027250,28.4699,23.2823,160.5173,199.5525,0,U,20580,999,70905,0.00032626000000,0.00007952,0.0000000000000,6876.865,94.590,500.604,496.856,PAYLOAD,LARGE,US,1990-04-24,AFETR,,4608209,277957237,0 HST,1 20580U 90037B   25011.73216282  .00007952  00000-0  32626-3 0  9999,2 20580  28.4699  23.2823 0002725 160.5173 199.5525 15.22358735709052
3.0,GENERATED VIA SPACE-TRACK.ORG API,2025-01-12 03:29:48+00:00,18 SPCS,HST,1990-037B,EARTH,TEME,UTC,SGP4,2025-01-11 17:34:18.867648+00:00,15.22358735,0.00027250,28.4699,23.2823,160.5173,199.5525,0,U,20580,999,70879,0.00032626000000,0.00007952,0.0000000000000,6876.865,94.590,500.604,496.856,PAYLOAD,LARGE,US,1990-04-24,AFETR,,4608269,277963185,0 HST,1 20580U 90037B   25011.73216282  .00007952  00000-0  32626-3 0  9999,2 20580  28.4699  23.2823 0002725 160.5173 199.5525 15.22358735708792
3.0,GENERATED VIA SPACE-TRACK.ORG API,2025-01-12 17:18:10+00:00,18 SPCS,HST,1990-037B,EARTH,TEME,UTC,SGP4,2025-01-12 07:43:55.053408+00:00,15.22368944,0.00027130,28.4699,19.3016,166.3277,193.7391,0,U,20580,999,70888,0.00032651000000,0.00007961,0.0000000000000,6876.834,94.589,500.565,496.834,PAYLOAD,LARGE,US,1990-04-24,AFETR,,4608895,278007710,0 HST,1 20580U 90037B   25012.32216497  .00007961  00000-0  32651-3 0  9991,2 20580  28.4699  19.3016 0002713 166.3277 193.7391 15.22368944708888
3.0,GENERATED VIA SPACE-TRACK.ORG API,2025-01-13 02:04:43+00:00,18 SPCS,HST,1990-037B,EARTH,TEME,UTC,SGP4,2025-01-12 17:10:18.994368+00:00,15.22374945,0.00026870,28.4700,16.6475,170.6273,189.4371,0,U,20580,999,70894,0.00031781000000,0.00007755,0.0000000000000,6876.816,94.589,500.529,496.833,PAYLOAD,LARGE,US,1990-04-24,AFETR,,4609167,278044121,0 HST,1 20580U 90037B   25012.71549762  .00007755  00000-0  31781-3 0  9992,2 20580  28.4700  16.6475 0002687 170.6273 189.4371 15.22374945708949
3.0,GENERATED VIA SPACE-TRACK.ORG API,2025-01-13 06:56:15+00:00,18 SPCS,HST,1990-037B,EARTH,TEME,UTC,SGP4,2025-01-13 04:11:06.762048+00:00,15.22383138,0.00026890,28.4699,13.5510,175.2905,184.7714,0,U,20580,999,70927,0.00034138000000,0.00008318,0.0000000000000,6876.792,94.589,500.506,496.807,PAYLOAD,LARGE,US,1990-04-24,AFETR,,4609351,278073345,0 HST,1 20580U 90037B   25013.17438382  .00008318  00000-0  34138-3 0  9993,2 20580  28.4699  13.5510 0002689 175.2905 184.7714 15.22383138709277
3.0,GENERATED VIA SPACE-TRACK.ORG API,2025-01-13 18:44:43+00:00,18 SPCS,HST,1990-037B,EARTH,TEME,UTC,SGP4,2025-01-13 07:19:54.655680+00:00,15.22385288,0.00026810,28.4699,12.6663,176.5476,183.5136,0,U,20580,999,70903,0.00034160000000,0.00008323,0.0000000000000,6876.785,94.588,500.494,496.806,PAYLOAD,LARGE,US,1990-04-24,AFETR,,4609796,278088483,0 HST,1 20580U 90037B   25013.30549370  .00008323  00000-0  34160-3 0  9999,2 20580  28.4699  12.6663 0002681 176.5476 183.5136 15.22385288709032
3.0,GENERATED VIA SPACE-TRACK.ORG API,2025-01-14 07:26:16+00:00,18 SPCS,HST,1990-037B,EARTH,TEME,UTC,SGP4,2025-01-14 05:21:29.476512+00:00,15.22399978,0.00026420,28.4699,6.4737,186.5853,173.4706,0,U,20580,999,70943,0.00033552000000,0.00008182,0.0000000000000,6876.741,94.587,500.423,496.789,PAYLOAD,LARGE,US,1990-04-24,AFETR,,4610368,278155524,0 HST,1 20580U 90037B   25014.22325783  .00008182  00000-0  33552-3 0  9998,2 20580  28.4699   6.4737 0002642 186.5853 173.4706 15.22399978709438
3.0,GENERATED VIA SPACE-TRACK.ORG API,2025-01-15 04:09:50+00:00,18 SPCS,HST,1990-037B,EARTH,TEME,UTC,SGP4,2025-01-14 08:30:17.237088+00:00,15.22402280,0.00026300,28.4699,5.5893,188.0640,171.9912,0,U,20580,999,70919,0.00033598000000,0.00008194,0.0000000000000,6876.734,94.587,500.408,496.790,PAYLOAD,LARGE,US,1990-04-24,AFETR,,4610967,278203033,0 HST,1 20580U 90037B   25014.35436617  .00008194  00000-0  33598-3 0  9994,2 20580  28.4699   5.5893 0002630 188.0640 171.9912 15.22402280709195
3.0,GENERATED VIA SPACE-TRACK.ORG API,2025-01-15 17:55:58+00:00,18 SPCS,HST,1990-037B,EARTH,TEME,UTC,SGP4,2025-01-15 04:57:27.304992+00:00,15.22417220,0.00026000,28.4699,359.8388,197.4507,162.5998,0,U,20580,999,70932,0.00035150000000,0.00008567,0.0000000000000,6876.689,94.586,500.342,496.766,PAYLOAD,LARGE,US,1990-04-24,AFETR,,4611564,278247455,0 HST,1 20580U 90037B   25015.20656603  .00008567  00000-0  35150-3 0  9998,2 20580  28.4699 359.8388 0002600 197.4507 162.5998 15.22417220709327
3.0,GENERATED VIA SPACE-TRACK.ORG API,2025-01-16 06:56:15+00:00,18 SPCS,HST,1990-037B,EARTH,TEME,UTC,SGP4,2025-01-16 02:59:00.423744+00:00,15.22432264,0.00025590,28.4699,353.6460,208.2167,151.8288,0,U,20580,999,70972,0.00033004000000,0.00008059,0.0000000000000,6876.644,94.585,500.268,496.749,PAYLOAD,LARGE,US,1990-04-24,AFETR,,4612082,278314053,0 HST,1 20580U 90037B   25016.12431046  .00008059  00000-0  33004-3 0  9994,2 20580  28.4699 353.6460 0002559 208.2167 151.8288 15.22432264709728
3.0,GENERATED VIA SPACE-TRACK.ORG API,2025-01-16 17:17:14+00:00,18 SPCS,HST,1990-037B,EARTH,TEME,UTC,SGP4,2025-01-16 04:33:24.162336+00:00,15.22434217,0.00025480,28.4699,353.2037,209.0128,151.0324,0,U,20580,999,70947,0.00034257000000,0.00008358,0.0000000000000,6876.638,94.585,500.255,496.751,PAYLOAD,LARGE,US,1990-04-24,AFETR,,4612163,278320802,0 HST,1 20580U 90037B   25016.18986299  .00008358  00000-0  34257-3 0  9998,2 20580  28.4699 353.2037 0002548 209.0128 151.0324 15.22434217709473
3.0,GENERATED VIA SPACE-TRACK.ORG API,2025-01-17 03:19:17+00:00,18 SPCS,HST,1990-037B,EARTH,TEME,UTC,SGP4,2025-01-16 06:07:47.906976+00:00,15.22436487,0.00025440,28.4699,352.7613,209.7832,150.2617,0,U,20580,999,70948,0.00036948000000,0.00009000,0.0000000000000,6876.631,94.585,500.245,496.747,PAYLOAD,LARGE,US,1990-04-24,AFETR,,4612708,278363577,0 HST,1 20580U 90037B   25016.25541559  .00009000  00000-0  36948-3 0  9996,2 20580  28.4699 352.7613 0002544 209.7832 150.2617 15.22436487709480
3.0,GENERATED VIA SPACE-TRACK.ORG API,2025-01-17 14:56:16+00:00,18 SPCS,HST,1990-037B,EARTH,TEME,UTC,SGP4,2025-01-17 05:43:43.675680+00:00,15.22455630,0.00025070,28.4697,346.1262,220.4412,139.5996,0,U,20580,999,70989,0.00039526000000,0.00009620,0.0000000000000,6876.573,94.584,500.162,496.714,PAYLOAD,LARGE,US,1990-04-24,AFETR,,4613260,278401413,0 HST,1 20580U 90037B   25017.23869995  .00009620  00000-0  39526-3 0  9995,2 20580  28.4697 346.1262 0002507 220.4412 139.5996 15.22455630709894
3.0,GENERATED VIA SPACE-TRACK.ORG API,2025-01-17 19:49:47+00:00,18 SPCS,HST,1990-037B,EARTH,TEME,UTC,SGP4,2025-01-17 13:35:42.005760+00:00,15.22462701,0.00025090,28.4696,343.9144,224.3505,135.6888,0,U,20580,999,70968,0.00041475000000,0.00010087,0.0000000000000,6876.552,94.584,500.142,496.692,PAYLOAD,LARGE,US,1990-04-24,AFETR,,4613333,278407160,0 HST,1 20580U 90037B   25017.56645840  .00010087  00000-0  41475-3 0  9997,2 20580  28.4696 343.9144 0002509 224.3505 135.6888 15.22462701709686
3.0,GENERATED VIA SPACE-TRACK.ORG API,2025-01-18 03:06:32+00:00,18 SPCS,HST,1990-037B,EARTH,TEME,UTC,SGP4,2025-01-17 23:02:03.856704+00:00,15.22471271,0.00025010,28.4696,341.2601,229.0345,131.0033,0,U,20580,999,70974,0.00043727000000,0.00010626,0.0000000000000,6876.526,94.583,500.111,496.671,PAYLOAD,LARGE,US,1990-04-24,AFETR,,4613724,278446277,0 HST,1 20580U 90037B   25017.95976686  .00010626  00000-0  43727-3 0  9996,2 20580  28.4696 341.2601 0002501 229.0345 131.0033 15.22471271709742
3.0,GENERATED VIA SPACE-TRACK.ORG API,2025-01-18 17:32:39+00:00,18 SPCS,HST,1990-037B,EARTH,TEME,UTC,SGP4,2025-01-18 03:45:14.683680+00:00,15.22476435,0.00024850,28.4695,339.9330,231.4587,128.5784,0,U,20580,999,70977,0.00045592000000,0.00011073,0.0000000000000,6876.511,94.583,500.084,496.667,PAYLOAD,LARGE,US,1990-04-24,AFETR,,4614329,278490652,0 HST,1 20580U 90037B   25018.15641995  .00011073  00000-0  45592-3 0  9990,2 20580  28.4695 339.9330 0002485 231.4587 128.5784 15.22476435709774
3.0,GENERATED VIA SPACE-TRACK.ORG API,2025-01-19 07:16:15+00:00,18 SPCS,HST,1990-037B,EARTH,TEME,UTC,SGP4,2025-01-19 04:55:31.710432+00:00,15.22498342,0.00024740,28.4694,332.8551,244.1163,115.9176,0,U,20580,999,71019,0.00043795000000,0.00010651,0.0000000000000,6876.445,94.581,500.011,496.608,PAYLOAD,LARGE,US,1990-04-24,AFETR,,4614916,278559409,0 HST,1 20580U 90037B   25019.20522813  .00010651  00000-0  43795-3 0  9998,2 20580  28.4694 332.8551 0002474 244.1163 115.9176 15.22498342710193
3.0,GENERATED VIA SPACE-TRACK.ORG API,2025-01-19 18:31:59+00:00,18 SPCS,HST,1990-037B,EARTH,TEME,UTC,SGP4,2025-01-19 04:55:31.710432+00:00,15.22498342,0.00024740,28.4694,332.8551,244.1163,115.9176,0,U,20580,999,70993,0.00043795000000,0.00010651,0.0000000000000,6876.445,94.581,500.011,496.608,PAYLOAD,LARGE,US,1990-04-24,AFETR,,4615456,278578286,0 HST,1 20580U 90037B   25019.20522813  .00010651  00000-0  43795-3 0  9998,2 20580  28.4694 332.8551 0002474 244.1163 115.9176 15.22498342709933
3.0,GENERATED VIA SPACE-TRACK.ORG API,2025-01-20 03:16:43+00:00,18 SPCS,HST,1990-037B,EARTH,TEME,UTC,SGP4,2025-01-19 12:47:29.282784+00:00,15.22506130,0.00024650,28.4693,330.6431,247.7016,112.3316,0,U,20580,999,70998,0.00046508000000,0.00011302,0.0000000000000,6876.421,94.581,499.981,496.591,PAYLOAD,LARGE,US,1990-04-24,AFETR,,4615796,278615494,0 HST,1 20580U 90037B   25019.53297781  .00011302  00000-0  46508-3 0  9996,2 20580  28.4693 330.6431 0002465 247.7016 112.3316 15.22506130709988
3.0,GENERATED VIA SPACE-TRACK.ORG API,2025-01-20 18:44:49+00:00,18 SPCS,HST,1990-037B,EARTH,TEME,UTC,SGP4,2025-01-20 04:31:23.976480+00:00,15.22522409,0.00024440,28.4692,326.2195,256.2852,103.7470,0,U,20580,999,71008,0.00054679000000,0.00013260,0.0000000000000,6876.372,94.580,499.918,496.557,PAYLOAD,LARGE,US,1990-04-24,AFETR,,4616438,278661066,0 HST,1 20580U 90037B   25020.18847195  .00013260  00000-0  54679-3 0  9992,2 20580  28.4692 326.2195 0002444 256.2852 103.7470 15.22522409710080
3.0,GENERATED VIA SPACE-TRACK.ORG API,2025-01-20 22:56:16+00:00,18 SPCS,HST,1990-037B,EARTH,TEME,UTC,SGP4,2025-01-20 21:49:41.492064+00:00,15.22538611,0.00024100,28.4690,321.3529,265.9644,94.0674,0,U,20580,999,71045,0.00049998000000,0.00012147,0.0000000000000,6876.323,94.579,499.846,496.531,PAYLOAD,LARGE,US,1990-04-24,AFETR,,4616671,278692051,0 HST,1 20580U 90037B   25020.90950801  .00012147  00000-0  49998-3 0  9992,2 20580  28.4690 321.3529 0002410 265.9644  94.0674 15.22538611710455
3.0,GENERATED VIA SPACE-TRACK.ORG API,2025-01-21 17:35:04+00:00,18 SPCS,HST,1990-037B,EARTH,TEME,UTC,SGP4,2025-01-21 04:07:14.922336+00:00,15.22546041,0.00023570,28.4689,319.5835,269.8662,90.1662,0,U,20580,999,71023,0.00053039000000,0.00012877,0.0000000000000,6876.301,94.578,499.787,496.545,PAYLOAD,LARGE,US,1990-04-24,AFETR,,4617403,278744008,0 HST,1 20580U 90037B   25021.17170049  .00012877  00000-0  53039-3 0  9991,2 20580  28.4689 319.5835 0002357 269.8662  90.1662 15.22546041710231
3.0,GENERATED VIA SPACE-TRACK.ORG API,2025-01-22 02:14:01+00:00,18 SPCS,HST,1990-037B,EARTH,TEME,UTC,SGP4,2025-01-21 21:25:31.295712+00:00,15.22564757,0.00024260,28.4690,314.7163,276.4372,83.5945,0,U,20580,999,71034,0.00050772000000,0.00012342,0.0000000000000,6876.245,94.577,499.778,496.442,PAYLOAD,LARGE,US,1990-04-24,AFETR,,4617768,278781095,0 HST,1 20580U 90037B   25021.89272333  .00012342  00000-0  50772-3 0  9997,2 20580  28.4690 314.7163 0002426 276.4372  83.5945 15.22564757710349
3.0,GENERATED VIA SPACE-TRACK.ORG API,2025-01-22 07:06:20+00:00,18 SPCS,HST,1990-037B,EARTH,TEME,UTC,SGP4,2025-01-22 03:43:04.378656+00:00,15.22570831,0.00024310,28.4690,312.9466,279.4179,80.6140,0,U,20580,999,71064,0.00051700000000,0.00012566,0.0000000000000,6876.226,94.577,499.763,496.420,PAYLOAD,LARGE,US,1990-04-24,AFETR,,4617993,278811633,0 HST,1 20580U 90037B   25022.15491179  .00012566  00000-0  51700-3 0  9998,2 20580  28.4690 312.9466 0002431 279.4179  80.6140 15.22570831710647
3.0,GENERATED VIA SPACE-TRACK.ORG API,2025-01-22 17:12:52+00:00,18 SPCS,HST,1990-037B,EARTH,TEME,UTC,SGP4,2025-01-22 03:43:04.378656+00:00,15.22570831,0.00024310,28.4690,312.9466,279.4179,80.6140,0,U,20580,999,71038,0.00051700000000,0.00012566,0.0000000000000,6876.226,94.577,499.763,496.420,PAYLOAD,LARGE,US,1990-04-24,AFETR,,4618407,278827026,0 HST,1 20580U 90037B   25022.15491179  .00012566  00000-0  51700-3 0  9998,2 20580  28.4690 312.9466 0002431 279.4179  80.6140 15.22570831710388
3.0,GENERATED VIA SPACE-TRACK.ORG API,2025-01-23 20:00:36+00:00,18 SPCS,HST,1990-037B,EARTH,TEME,UTC,SGP4,2025-01-23 03:18:52.504416+00:00,15.22595113,0.00024320,28.4690,306.3098,290.4239,69.6093,0,U,20580,999,71053,0.00050013000000,0.00012171,0.0000000000000,6876.153,94.575,499.691,496.346,PAYLOAD,LARGE,US,1990-04-24,AFETR,,4619138,278902364,0 HST,1 20580U 90037B   25023.13810769  .00012171  00000-0  50013-3 0  9995,2 20580  28.4690 306.3098 0002432 290.4239  69.6093 15.22595113710538
3.0,GENERATED VIA SPACE-TRACK.ORG API,2025-01-23 23:06:25+00:00,18 SPCS,HST,1990-037B,EARTH,TEME,UTC,SGP4,2025-01-23 20:37:06.950208+00:00,15.22612493,0.00024410,28.4689,301.4424,298.8389,61.1960,0,U,20580,999,71090,0.00046929000000,0.00011438,0.0000000000000,6876.101,94.574,499.644,496.288,PAYLOAD,LARGE,US,1990-04-24,AFETR,,4619406,278933741,0 HST,1 20580U 90037B   25023.85910822  .00011438  00000-0  46929-3 0  9991,2 20580  28.4689 301.4424 0002441 298.8389  61.1960 15.22612493710905
3.0,GENERATED VIA SPACE-TRACK.ORG API,2025-01-24 04:23:34+00:00,18 SPCS,HST,1990-037B,EARTH,TEME,UTC,SGP4,2025-01-23 22:11:30.062400+00:00,15.22614306,0.00024420,28.4689,301.0000,299.6651,60.3700,0,U,20580,999,71065,0.00048949000000,0.00011923,0.0000000000000,6876.096,94.574,499.640,496.281,PAYLOAD,LARGE,US,1990-04-24,AFETR,,4619469,278939649,0 HST,1 20580U 90037B   25023.92465350  .00011923  00000-0  48949-3 0  9993,2 20580  28.4689 301.0000 0002442 299.6651  60.3700 15.22614306710653
3.0,GENERATED VIA SPACE-TRACK.ORG API,2025-01-24 17:46:49+00:00,18 SPCS,HST,1990-037B,EARTH,TEME,UTC,SGP4,2025-01-24 02:54:39.326400+00:00,15.22619517,0.00024410,28.4688,299.6734,301.9421,58.0935,0,U,20580,999,71068,0.00051738000000,0.00012593,0.0000000000000,6876.080,94.574,499.623,496.266,PAYLOAD,LARGE,US,1990-04-24,AFETR,,4620053,278983703,0 HST,1 20580U 90037B   25024.12128850  .00012593  00000-0  51738-3 0  9991,2 20580  28.4688 299.6734 0002441 301.9421  58.0935 15.22619517710685
3.0,GENERATED VIA SPACE-TRACK.ORG API,2025-01-25 04:28:07+00:00,18 SPCS,HST,1990-037B,EARTH,TEME,UTC,SGP4,2025-01-24 10:46:34.625568+00:00,15.22627912,0.00024340,28.4688,297.4612,305.7544,54.2824,0,U,20580,999,71073,0.00050582000000,0.00012319,0.0000000000000,6876.055,94.573,499.593,496.246,PAYLOAD,LARGE,US,1990-04-24,AFETR,,4620436,279020690,0 HST,1 20580U 90037B   25024.44901187  .00012319  00000-0  50582-3 0  9990,2 20580  28.4688 297.4612 0002434 305.7544  54.2824 15.22627912710735
3.0,GENERATED VIA SPACE-TRACK.ORG API,2025-01-25 17:51:01+00:00,18 SPCS,HST,1990-037B,EARTH,TEME,UTC,SGP4,2025-01-25 02:30:24.825600+00:00,15.22642061,0.00024630,28.4688,293.0369,313.3823,46.6566,0,U,20580,999,71083,0.00047022000000,0.00011470,0.0000000000000,6876.012,94.572,499.571,496.183,PAYLOAD,LARGE,US,1990-04-24,AFETR,,4620440,279051176,0 HST,1 20580U 90037B   25025.10445400  .00011470  00000-0  47022-3 0  9997,2 20580  28.4688 293.0369 0002463 313.3823  46.6566 15.22642061710834
3.0,GENERATED VIA SPACE-TRACK.ORG API,2025-01-25 19:06:24+00:00,18 SPCS,HST,1990-037B,EARTH,TEME,UTC,SGP4,2025-01-25 02:30:24.825600+00:00,15.22642061,0.00024630,28.4688,293.0369,313.3823,46.6566,0,U,20580,999,71109,0.00047022000000,0.00011470,0.0000000000000,6876.012,94.572,499.571,496.183,PAYLOAD,LARGE,US,1990-04-24,AFETR,,4620894,279082563,0 HST,1 20580U 90037B   25025.10445400  .00011470  00000-0  47022-3 0  9997,2 20580  28.4688 293.0369 0002463 313.3823  46.6566 15.22642061711093
3.0,GENERATED VIA SPACE-TRACK.ORG API,2025-01-26 04:14:40+00:00,18 SPCS,HST,1990-037B,EARTH,TEME,UTC,SGP4,2025-01-25 21:23:00.382560+00:00,15.22658376,0.00024950,28.4685,287.7283,323.1158,36.9264,0,U,20580,999,71095,0.00041096000000,0.00010054,0.0000000000000,6875.963,94.571,499.543,496.112,PAYLOAD,LARGE,US,1990-04-24,AFETR,,4621357,279102981,0 HST,1 20580U 90037B   25025.89097665  .00010054  00000-0  41096-3 0  9991,2 20580  28.4685 287.7283 0002495 323.1158  36.9264 15.22658376710957
3.0,GENERATED VIA SPACE-TRACK.ORG API,2025-01-26 17:18:53+00:00,18 SPCS,HST,1990-037B,EARTH,TEME,UTC,SGP4,2025-01-26 00:31:46.238016+00:00,15.22661036,0.00024970,28.4686,286.8434,324.5061,35.5367,0,U,20580,999,71097,0.00041911000000,0.00010250,0.0000000000000,6875.955,94.571,499.537,496.103,PAYLOAD,LARGE,US,1990-04-24,AFETR,,4622044,279149468,0 HST,1 20580U 90037B   25026.02206294  .00010250  00000-0  41911-3 0  9991,2 20580  28.4686 286.8434 0002497 324.5061  35.5367 15.22661036710974
3.0,GENERATED VIA SPACE-TRACK.ORG API,2025-01-27 07:06:41+00:00,18 SPCS,HST,1990-037B,EARTH,TEME,UTC,SGP4,2025-01-26 22:33:06.588576+00:00,15.22680322,0.00025370,28.4683,280.6491,334.6124,25.4345,0,U,20580,999,71137,0.00039538000000,0.00009686,0.0000000000000,6875.897,94.570,499.506,496.017,PAYLOAD,LARGE,US,1990-04-24,AFETR,,4622583,279216815,0 HST,1 20580U 90037B   25026.93965959  .00009686  00000-0  39538-3 0  9994,2 20580  28.4683 280.6491 0002537 334.6124  25.4345 15.22680322711371
3.0,GENERATED VIA SPACE-TRACK.ORG API,2025-01-27 17:35:57+00:00,18 SPCS,HST,1990-037B,EARTH,TEME,UTC,SGP4,2025-01-27 00:07:29.451072+00:00,15.22681064,0.00025350,28.4683,280.2067,335.2854,24.7618,0,U,20580,999,71112,0.00038603000000,0.00009462,0.0000000000000,6875.895,94.570,499.503,496.017,PAYLOAD,LARGE,US,1990-04-24,AFETR,,4622945,279229974,0 HST,1 20580U 90037B   25027.00520198  .00009462  00000-0  38603-3 0  9999,2 20580  28.4683 280.2067 0002535 335.2854  24.7618 15.22681064711123
3.0,GENERATED VIA SPACE-TRACK.ORG API,2025-01-28 00:06:17+00:00,18 SPCS,HST,1990-037B,EARTH,TEME,UTC,SGP4,2025-01-24 10:46:34.645440+00:00,15.22628044,0.00023920,28.4687,297.4614,306.5297,53.5076,0,U,20580,999,71099,0.00052108000000,0.00012685,0.0000000000000,6876.054,94.573,499.564,496.274,PAYLOAD,LARGE,US,1990-04-24,AFETR,,4623499,279267816,0 HST,1 20580U 90037B   25024.44901210  .00012685  00000-0  52108-3 0  9999,2 20580  28.4687 297.4614 0002392 306.5297  53.5076 15.22628044710999
3.0,GENERATED VIA SPACE-TRACK.ORG API,2025-01-28 02:49:03+00:00,18 SPCS,HST,1990-037B,EARTH,TEME,UTC,SGP4,2025-01-24 10:46:34.645440+00:00,15.22628044,0.00023920,28.4687,297.4614,306.5297,53.5076,0,U,20580,999,71073,0.00052108000000,0.00012685,0.0000000000000,6876.054,94.573,499.564,496.274,PAYLOAD,LARGE,US,1990-04-24,AFETR,,4623601,279274989,0 HST,1 20580U 90037B   25024.44901210  .00012685  00000-0  52108-3 0  9999,2 20580  28.4687 297.4614 0002392 306.5297  53.5076 15.22628044710731
3.0,GENERATED VIA SPACE-TRACK.ORG API,2025-01-28 21:47:04+00:00,18 SPCS,HST,1990-037B,EARTH,TEME,UTC,SGP4,2025-01-28 09:09:28.193184+00:00,15.22709609,0.00025930,28.4675,270.9149,350.2921,9.7623,0,U,20580,999,71133,0.00042320000000,0.00010363,0.0000000000000,6875.809,94.568,499.457,495.891,PAYLOAD,LARGE,US,1990-04-24,AFETR,,4624325,279321412,0 HST,1 20580U 90037B   25028.38157631  .00010363  00000-0  42320-3 0  9992,2 20580  28.4675 270.9149 0002593 350.2921   9.7623 15.22709609711335
3.0,GENERATED VIA SPACE-TRACK.ORG API,2025-01-29 02:06:45+00:00,18 SPCS,HST,1990-037B,EARTH,TEME,UTC,SGP4,2025-01-28 17:01:21.838656+00:00,15.22716153,0.00026220,28.4674,268.7024,353.7182,6.3379,0,U,20580,999,71138,0.00040831000000,0.00010007,0.0000000000000,6875.789,94.568,499.457,495.851,PAYLOAD,LARGE,US,1990-04-24,AFETR,,4624558,279356105,0 HST,1 20580U 90037B   25028.70928054  .00010007  00000-0  40831-3 0  9993,2 20580  28.4674 268.7024 0002622 353.7182   6.3379 15.22716153711389
3.0,GENERATED VIA SPACE-TRACK.ORG API,2025-01-29 19:56:19+00:00,18 SPCS,HST,1990-037B,EARTH,TEME,UTC,SGP4,2025-01-29 00:53:15.362304+00:00,15.22724008,0.00026400,28.4674,266.4901,356.9252,3.1325,0,U,20580,999,71143,0.00046276000000,0.00011318,0.0000000000000,6875.765,94.567,499.446,495.815,PAYLOAD,LARGE,US,1990-04-24,AFETR,,4625365,279404992,0 HST,1 20580U 90037B   25029.03698336  .00011318  00000-0  46276-3 0  9992,2 20580  28.4674 266.4901 0002640 356.9252   3.1325 15.22724008711431
3.0,GENERATED VIA SPACE-TRACK.ORG API,2025-01-29 23:16:18+00:00,18 SPCS,HST,1990-037B,EARTH,TEME,UTC,SGP4,2025-01-29 21:20:09.955968+00:00,15.22740154,0.00026850,28.4672,260.7372,5.8621,354.2003,0,U,20580,999,71182,0.00040660000000,0.00009973,0.0000000000000,6875.717,94.566,499.428,495.736,PAYLOAD,LARGE,US,1990-04-24,AFETR,,4625586,279434958,0 HST,1 20580U 90037B   25029.88900412  .00009973  00000-0  40660-3 0  9991,2 20580  28.4672 260.7372 0002685   5.8621 354.2003 15.22740154711823
3.0,GENERATED VIA SPACE-TRACK.ORG API,2025-01-30 05:01:20+00:00,18 SPCS,HST,1990-037B,EARTH,TEME,UTC,SGP4,2025-01-29 22:54:32.548032+00:00,15.22742027,0.00026630,28.4676,260.2939,6.9452,353.1178,0,U,20580,999,71157,0.00041235000000,0.00010112,0.0000000000000,6875.711,94.566,499.407,495.745,PAYLOAD,LARGE,US,1990-04-24,AFETR,,4625610,279440412,0 HST,1 20580U 90037B   25029.95454338  .00010112  00000-0  41235-3 0  9996,2 20580  28.4676 260.2939 0002663   6.9452 353.1178 15.22742027711575
3.0,GENERATED VIA SPACE-TRACK.ORG API,2025-01-30 17:44:22+00:00,18 SPCS,HST,1990-037B,EARTH,TEME,UTC,SGP4,2025-01-30 00:28:55.166016+00:00,15.22743244,0.00026710,28.4675,259.8513,7.6873,352.3761,0,U,20580,999,71158,0.00040773000000,0.00010001,0.0000000000000,6875.707,94.566,499.409,495.736,PAYLOAD,LARGE,US,1990-04-24,AFETR,,4625944,279478368,0 HST,1 20580U 90037B   25030.02008294  .00010001  00000-0  40773-3 0  9995,2 20580  28.4675 259.8513 0002671   7.6873 352.3761 15.22743244711582
3.0,GENERATED VIA SPACE-TRACK.ORG API,2025-01-31 03:31:55+00:00,18 SPCS,HST,1990-037B,EARTH,TEME,UTC,SGP4,2025-01-30 19:21:26.234496+00:00,15.22758261,0.00027140,28.4676,254.5411,15.0254,345.0421,0,U,20580,999,71170,0.00038625000000,0.00009489,0.0000000000000,6875.662,94.565,499.393,495.661,PAYLOAD,LARGE,US,1990-04-24,AFETR,,4626522,279520645,0 HST,1 20580U 90037B   25030.80655364  .00009489  00000-0  38625-3 0  9998,2 20580  28.4676 254.5411 0002714  15.0254 345.0421 15.22758261711707
3.0,GENERATED VIA SPACE-TRACK.ORG API,2025-01-31 22:46:19+00:00,18 SPCS,HST,1990-037B,EARTH,TEME,UTC,SGP4,2025-01-31 18:57:04.132224+00:00,15.22777256,0.00027800,28.4675,247.9031,23.9740,336.0983,0,U,20580,999,71211,0.00039758000000,0.00009767,0.0000000000000,6875.605,94.564,499.381,495.559,PAYLOAD,LARGE,US,1990-04-24,AFETR,,4627385,279625353,0 HST,1 20580U 90037B   25031.78963116  .00009767  00000-0  39758-3 0  9990,2 20580  28.4675 247.9031 0002780  23.9740 336.0983 15.22777256712115
3.0,GENERATED VIA SPACE-TRACK.ORG API,2025-02-01 03:28:12+00:00,18 SPCS,HST,1990-037B,EARTH,TEME,UTC,SGP4,2025-01-31 22:05:49.096896+00:00,15.22779462,0.00027850,28.4675,247.0180,25.3951,334.6780,0,U,20580,999,71187,0.00038741000000,0.00009523,0.0000000000000,6875.598,94.564,499.378,495.549,PAYLOAD,LARGE,US,1990-04-24,AFETR,,4627471,279631527,0 HST,1 20580U 90037B   25031.92070714  .00009523  00000-0  38741-3 0  9990,2 20580  28.4675 247.0180 0002785  25.3951 334.6780 15.22779462711878
3.0,GENERATED VIA SPACE-TRACK.ORG API,2025-02-01 17:16:57+00:00,18 SPCS,HST,1990-037B,EARTH,TEME,UTC,SGP4,2025-02-01 15:23:56.111424+00:00,15.22794972,0.00028070,28.4673,242.1499,32.2394,327.8371,0,U,20580,999,71198,0.00044259000000,0.00010856,0.0000000000000,6875.552,94.563,499.347,495.487,PAYLOAD,LARGE,US,1990-04-24,AFETR,,4628095,279675520,0 HST,1 20580U 90037B   25032.64162166  .00010856  00000-0  44259-3 0  9995,2 20580  28.4673 242.1499 0002807  32.2394 327.8371 15.22794972711983
3.0,GENERATED VIA SPACE-TRACK.ORG API,2025-02-02 02:17:30+00:00,18 SPCS,HST,1990-037B,EARTH,TEME,UTC,SGP4,2025-02-01 18:32:40.970688+00:00,15.22797315,0.00028160,28.4674,241.2648,33.5318,326.5454,0,U,20580,999,71200,0.00043766000000,0.00010738,0.0000000000000,6875.545,94.563,499.346,495.473,PAYLOAD,LARGE,US,1990-04-24,AFETR,,4628366,279711317,0 HST,1 20580U 90037B   25032.77269642  .00010738  00000-0  43766-3 0  9997,2 20580  28.4674 241.2648 0002816  33.5318 326.5454 15.22797315712006
3.0,GENERATED VIA SPACE-TRACK.ORG API,2025-02-02 17:26:13+00:00,18 SPCS,HST,1990-037B,EARTH,TEME,UTC,SGP4,2025-02-02 14:59:31.962336+00:00,15.22814445,0.00028250,28.4670,235.5112,42.6151,317.4661,0,U,20580,999,71213,0.00043197000000,0.00010606,0.0000000000000,6875.493,94.562,499.300,495.416,PAYLOAD,LARGE,US,1990-04-24,AFETR,,4629041,279757496,0 HST,1 20580U 90037B   25033.62467549  .00010606  00000-0  43197-3 0  9990,2 20580  28.4670 235.5112 0002825  42.6151 317.4661 15.22814445712137
3.0,GENERATED VIA SPACE-TRACK.ORG API,2025-02-02 22:46:24+00:00,18 SPCS,HST,1990-037B,EARTH,TEME,UTC,SGP4,2025-02-02 19:42:38.984256+00:00,15.22818542,0.00028460,28.4670,234.1836,44.4995,315.5827,0,U,20580,999,71242,0.00042404000000,0.00010417,0.0000000000000,6875.481,94.561,499.303,495.389,PAYLOAD,LARGE,US,1990-04-24,AFETR,,4629227,279787394,0 HST,1 20580U 90037B   25033.82128454  .00010417  00000-0  42404-3 0  9991,2 20580  28.4670 234.1836 0002846  44.4995 315.5827 15.22818542712421
3.0,GENERATED VIA SPACE-TRACK.ORG API,2025-02-03 05:37:41+00:00,18 SPCS,HST,1990-037B,EARTH,TEME,UTC,SGP4,2025-02-02 21:17:01.315392+00:00,15.22820558,0.00028470,28.4670,233.7411,45.2106,314.8719,0,U,20580,999,71217,0.00044093000000,0.00010824,0.0000000000000,6875.475,94.561,499.297,495.382,PAYLOAD,LARGE,US,1990-04-24,AFETR,,4629305,279793149,0 HST,1 20580U 90037B   25033.88682078  .00010824  00000-0  44093-3 0  9992,2 20580  28.4670 233.7411 0002847  45.2106 314.8719 15.22820558712173
3.0,GENERATED VIA SPACE-TRACK.ORG API,2025-02-04 02:47:05+00:00,18 SPCS,HST,1990-037B,EARTH,TEME,UTC,SGP4,2025-02-03 19:18:13.394016+00:00,15.22838516,0.00028640,28.4666,227.5450,54.6402,305.4460,0,U,20580,999,71231,0.00039626000000,0.00009753,0.0000000000000,6875.421,94.560,499.255,495.317,PAYLOAD,LARGE,US,1990-04-24,AFETR,,4630266,279874951,0 HST,1 20580U 90037B   25034.80432169  .00009753  00000-0  39626-3 0  9994,2 20580  28.4666 227.5450 0002864  54.6402 305.4460 15.22838516712312
3.0,GENERATED VIA SPACE-TRACK.ORG API,2025-02-04 07:16:51+00:00,18 SPCS,HST,1990-037B,EARTH,TEME,UTC,SGP4,2025-02-03 22:26:57.927552+00:00,15.22840268,0.00028920,28.4667,226.6599,54.4457,305.6407,0,U,20580,999,71259,0.00038141000000,0.00009395,0.0000000000000,6875.415,94.560,499.269,495.292,PAYLOAD,LARGE,US,1990-04-24,AFETR,,4630579,279936566,0 HST,1 20580U 90037B   25034.93539268  .00009395  00000-0  38141-3 0  9999,2 20580  28.4667 226.6599 0002892  54.4457 305.6407 15.22840268712596
3.0,GENERATED VIA SPACE-TRACK.ORG API,2025-02-04 18:10:45+00:00,18 SPCS,HST,1990-037B,EARTH,TEME,UTC,SGP4,2025-02-04 14:10:40.260000+00:00,15.22853292,0.00030180,28.4664,222.2343,60.2093,299.8800,0,U,20580,999,71243,0.00039652000000,0.00009763,0.0000000000000,6875.376,94.559,499.316,495.166,PAYLOAD,LARGE,US,1990-04-24,AFETR,,4631053,279952717,0 HST,1 20580U 90037B   25035.59074375  .00009763  00000-0  39652-3 0  9992,2 20580  28.4664 222.2343 0003018  60.2093 299.8800 15.22853292712439
3.0,GENERATED VIA SPACE-TRACK.ORG API,2025-02-05 07:06:34+00:00,18 SPCS,HST,1990-037B,EARTH,TEME,UTC,SGP4,2025-02-05 04:19:59.924352+00:00,15.22863392,0.00029460,28.4665,218.2510,65.3833,294.7067,0,U,20580,999,71278,0.00037671000000,0.00009288,0.0000000000000,6875.346,94.559,499.236,495.185,PAYLOAD,LARGE,US,1990-04-24,AFETR,,4631693,279992510,0 HST,1 20580U 90037B   25036.18055468  .00009288  00000-0  37671-3 0  9991,2 20580  28.4665 218.2510 0002946  65.3833 294.7067 15.22863392712787
3.0,GENERATED VIA SPACE-TRACK.ORG API,2025-02-05 17:51:38+00:00,18 SPCS,HST,1990-037B,EARTH,TEME,UTC,SGP4,2025-02-05 13:46:12.854496+00:00,15.22870846,0.00029390,28.4664,215.5956,68.8153,291.2754,0,U,20580,999,71258,0.00039305000000,0.00009684,0.0000000000000,6875.323,94.558,499.209,495.168,PAYLOAD,LARGE,US,1990-04-24,AFETR,,4632154,280007837,0 HST,1 20580U 90037B   25036.57375989  .00009684  00000-0  39305-3 0  9993,2 20580  28.4664 215.5956 0002939  68.8153 291.2754 15.22870846712580
3.0,GENERATED VIA SPACE-TRACK.ORG API,2025-02-06 03:58:10+00:00,18 SPCS,HST,1990-037B,EARTH,TEME,UTC,SGP4,2025-02-05 21:38:03.492384+00:00,15.22878163,0.00030270,28.4662,213.3824,71.3788,288.7134,0,U,20580,999,71263,0.00041732000000,0.00010273,0.0000000000000,6875.301,94.558,499.247,495.085,PAYLOAD,LARGE,US,1990-04-24,AFETR,,4632462,280044432,0 HST,1 20580U 90037B   25036.90142931  .00010273  00000-0  41732-3 0  9992,2 20580  28.4662 213.3824 0003027  71.3788 288.7134 15.22878163712639
3.0,GENERATED VIA SPACE-TRACK.ORG API,2025-02-06 17:29:47+00:00,18 SPCS,HST,1990-037B,EARTH,TEME,UTC,SGP4,2025-02-06 13:21:44.525376+00:00,15.22886914,0.00029910,28.4661,208.9565,77.8327,282.2602,0,U,20580,999,71273,0.00036452000000,0.00009000,0.0000000000000,6875.275,94.557,499.196,495.084,PAYLOAD,LARGE,US,1990-04-24,AFETR,,4632636,280077948,0 HST,1 20580U 90037B   25037.55676534  .00009000  00000-0  36452-3 0  9994,2 20580  28.4661 208.9565 0002991  77.8327 282.2602 15.22886914712732
3.0,GENERATED VIA SPACE-TRACK.ORG API,2025-02-06 21:56:19+00:00,18 SPCS,HST,1990-037B,EARTH,TEME,UTC,SGP4,2025-02-06 13:21:44.525376+00:00,15.22886914,0.00029910,28.4661,208.9565,77.8327,282.2602,0,U,20580,999,71299,0.00036452000000,0.00009000,0.0000000000000,6875.275,94.557,499.196,495.084,PAYLOAD,LARGE,US,1990-04-24,AFETR,,4633082,280113635,0 HST,1 20580U 90037B   25037.55676534  .00009000  00000-0  36452-3 0  9994,2 20580  28.4661 208.9565 0002991  77.8327 282.2602 15.22886914712990
3.0,GENERATED VIA SPACE-TRACK.ORG API,2025-02-07 03:09:47+00:00,18 SPCS,HST,1990-037B,EARTH,TEME,UTC,SGP4,2025-02-06 21:13:34.877280+00:00,15.22892614,0.00030070,28.4660,206.7437,80.2660,279.8274,0,U,20580,999,71278,0.00036740000000,0.00009071,0.0000000000000,6875.258,94.557,499.190,495.055,PAYLOAD,LARGE,US,1990-04-24,AFETR,,4633216,280121324,0 HST,1 20580U 90037B   25037.88443145  .00009071  00000-0  36740-3 0  9998,2 20580  28.4660 206.7437 0003007  80.2660 279.8274 15.22892614712788
3.0,GENERATED VIA SPACE-TRACK.ORG API,2025-02-07 21:26:17+00:00,18 SPCS,HST,1990-037B,EARTH,TEME,UTC,SGP4,2025-02-07 16:05:59.249760+00:00,15.22906020,0.00029500,28.4660,201.4319,88.5582,271.5350,0,U,20580,999,71316,0.00036481000000,0.00009012,0.0000000000000,6875.217,94.556,499.111,495.054,PAYLOAD,LARGE,US,1990-04-24,AFETR,,4633673,280157077,0 HST,1 20580U 90037B   25038.67082465  .00009012  00000-0  36481-3 0  9997,2 20580  28.4660 201.4319 0002950  88.5582 271.5350 15.22906020713163
3.0,GENERATED VIA SPACE-TRACK.ORG API,2025-02-08 05:27:25+00:00,18 SPCS,HST,1990-037B,EARTH,TEME,UTC,SGP4,2025-02-07 20:49:05.219328+00:00,15.22909458,0.00029460,28.4660,200.1040,90.6775,269.4157,0,U,20580,999,71293,0.00035696000000,0.00008823,0.0000000000000,6875.207,94.556,499.098,495.047,PAYLOAD,LARGE,US,1990-04-24,AFETR,,4633897,280164348,0 HST,1 20580U 90037B   25038.86742152  .00008823  00000-0  35696-3 0  9990,2 20580  28.4660 200.1040 0002946  90.6775 269.4157 15.22909458712936
3.0,GENERATED VIA SPACE-TRACK.ORG API,2025-02-08 17:45:34+00:00,18 SPCS,HST,1990-037B,EARTH,TEME,UTC,SGP4,2025-02-08 12:32:44.933856+00:00,15.22920728,0.00029460,28.4659,195.6778,97.1908,262.9021,0,U,20580,999,71303,0.00035790000000,0.00008849,0.0000000000000,6875.173,94.555,499.064,495.013,PAYLOAD,LARGE,US,1990-04-24,AFETR,,4634601,280211420,0 HST,1 20580U 90037B   25039.52274229  .00008849  00000-0  35790-3 0  9992,2 20580  28.4659 195.6778 0002946  97.1908 262.9021 15.22920728713033
3.0,GENERATED VIA SPACE-TRACK.ORG API,2025-02-08 22:56:17+00:00,18 SPCS,HST,1990-037B,EARTH,TEME,UTC,SGP4,2025-02-08 17:15:50.758272+00:00,15.22925076,0.00029620,28.4660,194.3498,99.1209,260.9720,0,U,20580,999,71332,0.00037919000000,0.00009365,0.0000000000000,6875.160,94.555,499.062,494.989,PAYLOAD,LARGE,US,1990-04-24,AFETR,,4634846,280241616,0 HST,1 20580U 90037B   25039.71933748  .00009365  00000-0  37919-3 0  9990,2 20580  28.4660 194.3498 0002962  99.1209 260.9720 15.22925076713321
3.0,GENERATED VIA SPACE-TRACK.ORG API,2025-02-09 04:01:38+00:00,18 SPCS,HST,1990-037B,EARTH,TEME,UTC,SGP4,2025-02-08 17:15:50.758272+00:00,15.22925076,0.00029620,28.4660,194.3498,99.1209,260.9720,0,U,20580,999,71306,0.00037919000000,0.00009365,0.0000000000000,6875.160,94.555,499.062,494.989,PAYLOAD,LARGE,US,1990-04-24,AFETR,,4634925,280247656,0 HST,1 20580U 90037B   25039.71933748  .00009365  00000-0  37919-3 0  9990,2 20580  28.4660 194.3498 0002962  99.1209 260.9720 15.22925076713062
3.0,GENERATED VIA SPACE-TRACK.ORG API,2025-02-09 17:59:51+00:00,18 SPCS,HST,1990-037B,EARTH,TEME,UTC,SGP4,2025-02-09 12:08:13.773408+00:00,15.22936164,0.00029570,28.4662,189.0385,107.0174,253.0744,0,U,20580,999,71318,0.00034333000000,0.00008501,0.0000000000000,6875.127,94.554,499.025,494.959,PAYLOAD,LARGE,US,1990-04-24,AFETR,,4635571,280292722,0 HST,1 20580U 90037B   25040.50571497  .00008501  00000-0  34333-3 0  9996,2 20580  28.4662 189.0385 0002957 107.0174 253.0744 15.22936164713186
3.0,GENERATED VIA SPACE-TRACK.ORG API,2025-02-10 02:37:02+00:00,18 SPCS,HST,1990-037B,EARTH,TEME,UTC,SGP4,2025-02-09 16:51:19.429344+00:00,15.22939631,0.00029600,28.4663,187.7106,109.0679,251.0235,0,U,20580,999,71321,0.00034985000000,0.00008659,0.0000000000000,6875.116,94.554,499.016,494.946,PAYLOAD,LARGE,US,1990-04-24,AFETR,,4635883,280329414,0 HST,1 20580U 90037B   25040.70230821  .00008659  00000-0  34985-3 0  9998,2 20580  28.4663 187.7106 0002960 109.0679 251.0235 15.22939631713218
3.0,GENERATED VIA SPACE-TRACK.ORG API,2025-02-10 07:06:18+00:00,18 SPCS,HST,1990-037B,EARTH,TEME,UTC,SGP4,2025-02-10 02:17:30.598656+00:00,15.22948294,0.00029440,28.4664,185.0549,112.7233,247.3672,0,U,20580,999,71353,0.00040396000000,0.00009971,0.0000000000000,6875.090,94.553,498.979,494.931,PAYLOAD,LARGE,US,1990-04-24,AFETR,,4636161,280360987,0 HST,1 20580U 90037B   25041.09549304  .00009971  00000-0  40396-3 0  9991,2 20580  28.4664 185.0549 0002944 112.7233 247.3672 15.22948294713533
3.0,GENERATED VIA SPACE-TRACK.ORG API,2025-02-10 17:40:26+00:00,18 SPCS,HST,1990-037B,EARTH,TEME,UTC,SGP4,2025-02-10 13:18:03.460608+00:00,15.22955395,0.00029600,28.4666,181.9569,117.3746,242.7149,0,U,20580,999,71334,0.00037767000000,0.00009336,0.0000000000000,6875.069,94.553,498.969,494.899,PAYLOAD,LARGE,US,1990-04-24,AFETR,,4636616,280375902,0 HST,1 20580U 90037B   25041.55420672  .00009336  00000-0  37767-3 0  9991,2 20580  28.4666 181.9569 0002960 117.3746 242.7149 15.22955395713347
3.0,GENERATED VIA SPACE-TRACK.ORG API,2025-02-11 04:10:04+00:00,18 SPCS,HST,1990-037B,EARTH,TEME,UTC,SGP4,2025-02-10 16:26:47.091264+00:00,15.22957615,0.00029590,28.4667,181.0716,118.6679,241.4213,0,U,20580,999,71336,0.00037460000000,0.00009263,0.0000000000000,6875.062,94.553,498.962,494.893,PAYLOAD,LARGE,US,1990-04-24,AFETR,,4636950,280412672,0 HST,1 20580U 90037B   25041.68526726  .00009263  00000-0  37460-3 0  9991,2 20580  28.4667 181.0716 0002959 118.6679 241.4213 15.22957615713367
3.0,GENERATED VIA SPACE-TRACK.ORG API,2025-02-11 15:16:23+00:00,18 SPCS,HST,1990-037B,EARTH,TEME,UTC,SGP4,2025-02-11 12:53:30.265440+00:00,15.22972247,0.00029290,28.4672,175.3183,126.5999,233.4864,0,U,20580,999,71375,0.00035293000000,0.00008742,0.0000000000000,6875.018,94.552,498.897,494.869,PAYLOAD,LARGE,US,1990-04-24,AFETR,,4637606,280453234,0 HST,1 20580U 90037B   25042.53715585  .00008742  00000-0  35293-3 0  9992,2 20580  28.4672 175.3183 0002929 126.5999 233.4864 15.22972247713751
3.0,GENERATED VIA SPACE-TRACK.ORG API,2025-02-12 02:52:37+00:00,18 SPCS,HST,1990-037B,EARTH,TEME,UTC,SGP4,2025-02-11 17:36:35.529984+00:00,15.22975184,0.00029170,28.4672,173.9910,127.9367,232.1490,0,U,20580,999,71352,0.00034076000000,0.00008448,0.0000000000000,6875.009,94.552,498.880,494.869,PAYLOAD,LARGE,US,1990-04-24,AFETR,,4638044,280497080,0 HST,1 20580U 90037B   25042.73374456  .00008448  00000-0  34076-3 0  9993,2 20580  28.4672 173.9910 0002917 127.9367 232.1490 15.22975184713523
3.0,GENERATED VIA SPACE-TRACK.ORG API,2025-02-12 17:50:04+00:00,18 SPCS,HST,1990-037B,EARTH,TEME,UTC,SGP4,2025-02-12 15:37:39.516384+00:00,15.22991033,0.00028640,28.4676,167.7952,136.5792,223.5028,0,U,20580,999,71366,0.00034020000000,0.00008438,0.0000000000000,6874.962,94.551,498.796,494.858,PAYLOAD,LARGE,US,1990-04-24,AFETR,,4638714,280541916,0 HST,1 20580U 90037B   25043.65115181  .00008438  00000-0  34020-3 0  9991,2 20580  28.4676 167.7952 0002864 136.5792 223.5028 15.22991033713660
3.0,GENERATED VIA SPACE-TRACK.ORG API,2025-02-12 23:06:17+00:00,18 SPCS,HST,1990-037B,EARTH,TEME,UTC,SGP4,2025-02-12 15:37:39.516384+00:00,15.22991033,0.00028640,28.4676,167.7952,136.5792,223.5028,0,U,20580,999,71392,0.00034020000000,0.00008438,0.0000000000000,6874.962,94.551,498.796,494.858,PAYLOAD,LARGE,US,1990-04-24,AFETR,,4639051,280573583,0 HST,1 20580U 90037B   25043.65115181  .00008438  00000-0  34020-3 0  9991,2 20580  28.4676 167.7952 0002864 136.5792 223.5028 15.22991033713929
3.0,GENERATED VIA SPACE-TRACK.ORG API,2025-02-13 17:23:10+00:00,18 SPCS,HST,1990-037B,EARTH,TEME,UTC,SGP4,2025-02-13 15:13:04.349568+00:00,15.23007502,0.00027930,28.4679,161.1563,146.1308,213.9465,0,U,20580,999,71381,0.00034940000000,0.00008665,0.0000000000000,6874.912,94.550,498.697,494.857,PAYLOAD,LARGE,US,1990-04-24,AFETR,,4639754,280625416,0 HST,1 20580U 90037B   25044.63407812  .00008665  00000-0  34940-3 0  9998,2 20580  28.4679 161.1563 0002793 146.1308 213.9465 15.23007502713815
3.0,GENERATED VIA SPACE-TRACK.ORG API,2025-02-14 14:56:18+00:00,18 SPCS,HST,1990-037B,EARTH,TEME,UTC,SGP4,2025-02-14 08:31:01.934400+00:00,15.23021397,0.00027210,28.4679,156.2877,153.6116,206.4617,0,U,20580,999,71418,0.00039413000000,0.00009753,0.0000000000000,6874.870,94.549,498.606,494.865,PAYLOAD,LARGE,US,1990-04-24,AFETR,,4640612,280700519,0 HST,1 20580U 90037B   25045.35488350  .00009753  00000-0  39413-3 0  9993,2 20580  28.4679 156.2877 0002721 153.6116 206.4617 15.23021397714184
3.0,GENERATED VIA SPACE-TRACK.ORG API,2025-02-14 17:53:59+00:00,18 SPCS,HST,1990-037B,EARTH,TEME,UTC,SGP4,2025-02-14 14:48:28.207296+00:00,15.23025178,0.00026740,28.4680,154.5172,156.1532,203.9186,0,U,20580,999,71396,0.00036919000000,0.00009150,0.0000000000000,6874.859,94.549,498.562,494.886,PAYLOAD,LARGE,US,1990-04-24,AFETR,,4640722,280707500,0 HST,1 20580U 90037B   25045.61699314  .00009150  00000-0  36919-3 0  9995,2 20580  28.4680 154.5172 0002674 156.1532 203.9186 15.23025178713961
3.0,GENERATED VIA SPACE-TRACK.ORG API,2025-02-15 15:06:16+00:00,18 SPCS,HST,1990-037B,EARTH,TEME,UTC,SGP4,2025-02-15 11:15:07.954848+00:00,15.23044285,0.00026270,28.4680,148.7637,164.9728,195.0944,0,U,20580,999,71435,0.00042760000000,0.00010572,0.0000000000000,6874.801,94.547,498.472,494.860,PAYLOAD,LARGE,US,1990-04-24,AFETR,,4641661,280784151,0 HST,1 20580U 90037B   25046.46884207  .00010572  00000-0  42760-3 0  9997,2 20580  28.4680 148.7637 0002627 164.9728 195.0944 15.23044285714351
3.0,GENERATED VIA SPACE-TRACK.ORG API,2025-02-15 17:32:46+00:00,18 SPCS,HST,1990-037B,EARTH,TEME,UTC,SGP4,2025-02-15 14:23:50.896032+00:00,15.23047262,0.00026070,28.4681,147.8787,166.2990,193.7675,0,U,20580,999,71411,0.00042626000000,0.00010540,0.0000000000000,6874.792,94.547,498.450,494.865,PAYLOAD,LARGE,US,1990-04-24,AFETR,,4641715,280789859,0 HST,1 20580U 90037B   25046.59989463  .00010540  00000-0  42626-3 0  9997,2 20580  28.4681 147.8787 0002607 166.2990 193.7675 15.23047262714110
3.0,GENERATED VIA SPACE-TRACK.ORG API,2025-02-16 08:34:50+00:00,18 SPCS,HST,1990-037B,EARTH,TEME,UTC,SGP4,2025-02-15 15:58:12.367488+00:00,15.23048607,0.00025990,28.4681,147.4362,166.9404,193.1258,0,U,20580,999,71412,0.00042482000000,0.00010506,0.0000000000000,6874.788,94.547,498.440,494.867,PAYLOAD,LARGE,US,1990-04-24,AFETR,,4642461,280837775,0 HST,1 20580U 90037B   25046.66542092  .00010506  00000-0  42482-3 0  9990,2 20580  28.4681 147.4362 0002599 166.9404 193.1258 15.23048607714128
3.0,GENERATED VIA SPACE-TRACK.ORG API,2025-02-16 17:14:46+00:00,18 SPCS,HST,1990-037B,EARTH,TEME,UTC,SGP4,2025-02-16 13:59:12.366528+00:00,15.23068767,0.00025190,28.4680,141.2399,176.7977,183.2634,0,U,20580,999,71426,0.00042635000000,0.00010549,0.0000000000000,6874.728,94.546,498.324,494.861,PAYLOAD,LARGE,US,1990-04-24,AFETR,,4642779,280875257,0 HST,1 20580U 90037B   25047.58278202  .00010549  00000-0  42635-3 0  9998,2 20580  28.4680 141.2399 0002519 176.7977 183.2634 15.23068767714267
3.0,GENERATED VIA SPACE-TRACK.ORG API,2025-02-16 23:06:17+00:00,18 SPCS,HST,1990-037B,EARTH,TEME,UTC,SGP4,2025-02-16 15:33:33.761088+00:00,15.23070118,0.00025150,28.4680,140.7973,177.5927,182.4679,0,U,20580,999,71453,0.00042922000000,0.00010619,0.0000000000000,6874.724,94.546,498.318,494.860,PAYLOAD,LARGE,US,1990-04-24,AFETR,,4643052,280906833,0 HST,1 20580U 90037B   25047.64830742  .00010619  00000-0  42922-3 0  9995,2 20580  28.4680 140.7973 0002515 177.5927 182.4679 15.23070118714532
3.0,GENERATED VIA SPACE-TRACK.ORG API,2025-02-17 03:28:14+00:00,18 SPCS,HST,1990-037B,EARTH,TEME,UTC,SGP4,2025-02-16 15:33:33.761088+00:00,15.23070118,0.00025150,28.4680,140.7973,177.5927,182.4679,0,U,20580,999,71427,0.00042922000000,0.00010619,0.0000000000000,6874.724,94.546,498.318,494.860,PAYLOAD,LARGE,US,1990-04-24,AFETR,,4643135,280912889,0 HST,1 20580U 90037B   25047.64830742  .00010619  00000-0  42922-3 0  9995,2 20580  28.4680 140.7973 0002515 177.5927 182.4679 15.23070118714273
3.0,GENERATED VIA SPACE-TRACK.ORG API,2025-02-17 18:05:04+00:00,18 SPCS,HST,1990-037B,EARTH,TEME,UTC,SGP4,2025-02-17 13:34:32.599776+00:00,15.23090817,0.00024390,28.4679,134.6007,187.5777,172.4780,0,U,20580,999,71441,0.00042986000000,0.00010641,0.0000000000000,6874.661,94.545,498.203,494.850,PAYLOAD,LARGE,US,1990-04-24,AFETR,,4643813,280959061,0 HST,1 20580U 90037B   25048.56565509  .00010641  00000-0  42986-3 0  9998,2 20580  28.4679 134.6007 0002439 187.5777 172.4780 15.23090817714416
3.0,GENERATED VIA SPACE-TRACK.ORG API,2025-02-17 22:56:18+00:00,18 SPCS,HST,1990-037B,EARTH,TEME,UTC,SGP4,2025-02-17 21:26:19.046400+00:00,15.23100504,0.00024120,28.4678,132.3875,191.1406,168.9135,0,U,20580,999,71472,0.00048221000000,0.00011917,0.0000000000000,6874.632,94.544,498.155,494.839,PAYLOAD,LARGE,US,1990-04-24,AFETR,,4644033,280989832,0 HST,1 20580U 90037B   25048.89327600  .00011917  00000-0  48221-3 0  9997,2 20580  28.4678 132.3875 0002412 191.1406 168.9135 15.23100504714727
3.0,GENERATED VIA SPACE-TRACK.ORG API,2025-02-18 17:35:44+00:00,18 SPCS,HST,1990-037B,EARTH,TEME,UTC,SGP4,2025-02-18 11:35:30.272064+00:00,15.23114698,0.00023400,28.4678,128.4038,198.2207,161.8303,0,U,20580,999,71455,0.00048602000000,0.00012015,0.0000000000000,6874.589,94.543,498.063,494.846,PAYLOAD,LARGE,US,1990-04-24,AFETR,,4644723,281040626,0 HST,1 20580U 90037B   25049.48298926  .00012015  00000-0  48602-3 0  9994,2 20580  28.4678 128.4038 0002340 198.2207 161.8303 15.23114698714550
3.0,GENERATED VIA SPACE-TRACK.ORG API,2025-02-19 03:22:29+00:00,18 SPCS,HST,1990-037B,EARTH,TEME,UTC,SGP4,2025-02-18 21:01:37.511904+00:00,15.23123469,0.00023180,28.4676,125.7477,202.2307,157.8187,0,U,20580,999,71461,0.00045224000000,0.00011196,0.0000000000000,6874.563,94.543,498.022,494.835,PAYLOAD,LARGE,US,1990-04-24,AFETR,,4645147,281138925,0 HST,1 20580U 90037B   25049.87612861  .00011196  00000-0  45224-3 0  9991,2 20580  28.4676 125.7477 0002318 202.2307 157.8187 15.23123469714615
3.0,GENERATED VIA SPACE-TRACK.ORG API,2025-02-19 07:16:32+00:00,18 SPCS,HST,1990-037B,EARTH,TEME,UTC,SGP4,2025-02-19 04:53:23.367552+00:00,15.23134015,0.00022730,28.4676,123.5346,206.3689,153.6790,0,U,20580,999,71492,0.00054373000000,0.00013427,0.0000000000000,6874.531,94.542,497.959,494.834,PAYLOAD,LARGE,US,1990-04-24,AFETR,,4645408,281170361,0 HST,1 20580U 90037B   25050.20374268  .00013427  00000-0  54373-3 0  9990,2 20580  28.4676 123.5346 0002273 206.3689 153.6790 15.23134015714921
3.0,GENERATED VIA SPACE-TRACK.ORG API,2025-02-19 17:30:14+00:00,18 SPCS,HST,1990-037B,EARTH,TEME,UTC,SGP4,2025-02-19 12:45:09.099648+00:00,15.23139335,0.00022570,28.4677,121.3214,210.4436,149.6027,0,U,20580,999,71471,0.00047810000000,0.00011831,0.0000000000000,6874.515,94.542,497.932,494.829,PAYLOAD,LARGE,US,1990-04-24,AFETR,,4645907,281185929,0 HST,1 20580U 90037B   25050.53135532  .00011831  00000-0  47810-3 0  9990,2 20580  28.4677 121.3214 0002257 210.4436 149.6027 15.23139335714715
3.0,GENERATED VIA SPACE-TRACK.ORG API,2025-02-20 03:30:21+00:00,18 SPCS,HST,1990-037B,EARTH,TEME,UTC,SGP4,2025-02-19 14:19:30.230688+00:00,15.23141031,0.00022590,28.4677,120.8789,211.2066,148.8394,0,U,20580,999,71472,0.00048452000000,0.00011988,0.0000000000000,6874.510,94.541,497.928,494.822,PAYLOAD,LARGE,US,1990-04-24,AFETR,,4646218,281222621,0 HST,1 20580U 90037B   25050.59687767  .00011988  00000-0  48452-3 0  9994,2 20580  28.4677 120.8789 0002259 211.2066 148.8394 15.23141031714721
3.0,GENERATED VIA SPACE-TRACK.ORG API,2025-02-20 07:16:17+00:00,18 SPCS,HST,1990-037B,EARTH,TEME,UTC,SGP4,2025-02-20 06:03:01.226592+00:00,15.23156814,0.00021330,28.4677,116.4526,219.2826,140.7614,0,U,20580,999,71508,0.00048458000000,0.00011995,0.0000000000000,6874.463,94.540,497.794,494.861,PAYLOAD,LARGE,US,1990-04-24,AFETR,,4646524,281255537,0 HST,1 20580U 90037B   25051.25209753  .00011995  00000-0  48458-3 0  9997,2 20580  28.4677 116.4526 0002133 219.2826 140.7614 15.23156814715085
3.0,GENERATED VIA SPACE-TRACK.ORG API,2025-02-20 17:16:22+00:00,18 SPCS,HST,1990-037B,EARTH,TEME,UTC,SGP4,2025-02-20 13:54:46.528416+00:00,15.23161787,0.00021520,28.4678,114.2391,223.1953,136.8472,0,U,20580,999,71487,0.00042637000000,0.00010578,0.0000000000000,6874.448,94.540,497.792,494.833,PAYLOAD,LARGE,US,1990-04-24,AFETR,,4646637,281261991,0 HST,1 20580U 90037B   25051.57970519  .00010578  00000-0  42637-3 0  9996,2 20580  28.4678 114.2391 0002152 223.1953 136.8472 15.23161787714877
3.0,GENERATED VIA SPACE-TRACK.ORG API,2025-02-21 15:06:18+00:00,18 SPCS,HST,1990-037B,EARTH,TEME,UTC,SGP4,2025-02-21 10:21:19.635264+00:00,15.23180366,0.00021330,28.4680,108.4842,233.2846,126.7552,0,U,20580,999,71526,0.00040425000000,0.00010045,0.0000000000000,6874.392,94.539,497.723,494.791,PAYLOAD,LARGE,US,1990-04-24,AFETR,,4647779,281343849,0 HST,1 20580U 90037B   25052.43147726  .00010045  00000-0  40425-3 0  9990,2 20580  28.4680 108.4842 0002133 233.2846 126.7552 15.23180366715263
3.0,GENERATED VIA SPACE-TRACK.ORG API,2025-02-21 18:09:55+00:00,18 SPCS,HST,1990-037B,EARTH,TEME,UTC,SGP4,2025-02-21 10:21:19.635264+00:00,15.23180366,0.00021330,28.4680,108.4842,233.2846,126.7552,0,U,20580,999,71500,0.00040425000000,0.00010045,0.0000000000000,6874.392,94.539,497.723,494.791,PAYLOAD,LARGE,US,1990-04-24,AFETR,,4647856,281350293,0 HST,1 20580U 90037B   25052.43147726  .00010045  00000-0  40425-3 0  9990,2 20580  28.4680 108.4842 0002133 233.2846 126.7552 15.23180366715005
3.0,GENERATED VIA SPACE-TRACK.ORG API,2025-02-22 04:38:36+00:00,18 SPCS,HST,1990-037B,EARTH,TEME,UTC,SGP4,2025-02-21 19:47:25.418400+00:00,15.23188622,0.00021150,28.4680,105.8281,237.8480,122.1909,0,U,20580,999,71506,0.00039296000000,0.00009772,0.0000000000000,6874.367,94.539,497.686,494.778,PAYLOAD,LARGE,US,1990-04-24,AFETR,,4648157,281386633,0 HST,1 20580U 90037B   25052.82459975  .00009772  00000-0  39296-3 0  9994,2 20580  28.4680 105.8281 0002115 237.8480 122.1909 15.23188622715062
3.0,GENERATED VIA SPACE-TRACK.ORG API,2025-02-22 15:06:17+00:00,18 SPCS,HST,1990-037B,EARTH,TEME,UTC,SGP4,2025-02-22 11:30:54.616320+00:00,15.23203610,0.00020820,28.4682,101.4015,245.9447,114.0929,0,U,20580,999,71542,0.00044349000000,0.00011009,0.0000000000000,6874.322,94.538,497.618,494.756,PAYLOAD,LARGE,US,1990-04-24,AFETR,,4648825,281428172,0 HST,1 20580U 90037B   25053.47979880  .00011009  00000-0  44349-3 0  9999,2 20580  28.4682 101.4015 0002082 245.9447 114.0929 15.23203610715424
3.0,GENERATED VIA SPACE-TRACK.ORG API,2025-02-22 18:45:51+00:00,18 SPCS,HST,1990-037B,EARTH,TEME,UTC,SGP4,2025-02-22 11:30:54.616320+00:00,15.23203610,0.00020820,28.4682,101.4015,245.9447,114.0929,0,U,20580,999,71516,0.00044349000000,0.00011009,0.0000000000000,6874.322,94.538,497.618,494.756,PAYLOAD,LARGE,US,1990-04-24,AFETR,,4648906,281435019,0 HST,1 20580U 90037B   25053.47979880  .00011009  00000-0  44349-3 0  9999,2 20580  28.4682 101.4015 0002082 245.9447 114.0929 15.23203610715165
3.0,GENERATED VIA SPACE-TRACK.ORG API,2025-02-23 10:39:07+00:00,18 SPCS,HST,1990-037B,EARTH,TEME,UTC,SGP4,2025-02-22 19:22:39.017856+00:00,15.23210957,0.00020350,28.4681,99.1881,249.8656,110.1719,0,U,20580,999,71521,0.00042462000000,0.00010551,0.0000000000000,6874.300,94.537,497.564,494.766,PAYLOAD,LARGE,US,1990-04-24,AFETR,,4649559,281479871,0 HST,1 20580U 90037B   25053.80739604  .00010551  00000-0  42462-3 0  9999,2 20580  28.4681  99.1881 0002035 249.8656 110.1719 15.23210957715213
3.0,GENERATED VIA SPACE-TRACK.ORG API,2025-02-23 23:16:18+00:00,18 SPCS,HST,1990-037B,EARTH,TEME,UTC,SGP4,2025-02-23 18:57:51.356736+00:00,15.23234123,0.00019850,28.4683,92.5477,261.9234,98.1135,0,U,20580,999,71562,0.00044684000000,0.00011100,0.0000000000000,6874.230,94.536,497.460,494.731,PAYLOAD,LARGE,US,1990-04-24,AFETR,,4650165,281520465,0 HST,1 20580U 90037B   25054.79017774  .00011100  00000-0  44684-3 0  9994,2 20580  28.4683  92.5477 0001985 261.9234  98.1135 15.23234123715626
3.0,GENERATED VIA SPACE-TRACK.ORG API,2025-02-24 04:39:28+00:00,18 SPCS,HST,1990-037B,EARTH,TEME,UTC,SGP4,2025-02-23 18:57:51.356736+00:00,15.23234123,0.00019850,28.4683,92.5477,261.9234,98.1135,0,U,20580,999,71536,0.00044684000000,0.00011100,0.0000000000000,6874.230,94.536,497.460,494.731,PAYLOAD,LARGE,US,1990-04-24,AFETR,,4650244,281526346,0 HST,1 20580U 90037B   25054.79017774  .00011100  00000-0  44684-3 0  9994,2 20580  28.4683  92.5477 0001985 261.9234  98.1135 15.23234123715367
3.0,GENERATED VIA SPACE-TRACK.ORG API,2025-02-24 17:11:11+00:00,18 SPCS,HST,1990-037B,EARTH,TEME,UTC,SGP4,2025-02-24 09:06:58.132800+00:00,15.23249003,0.00019640,28.4683,88.5634,269.5436,90.4933,0,U,20580,999,71545,0.00049269000000,0.00012225,0.0000000000000,6874.185,94.535,497.400,494.700,PAYLOAD,LARGE,US,1990-04-24,AFETR,,4650915,281572215,0 HST,1 20580U 90037B   25055.37983950  .00012225  00000-0  49269-3 0  9990,2 20580  28.4683  88.5634 0001964 269.5436  90.4933 15.23249003715456
3.0,GENERATED VIA SPACE-TRACK.ORG API,2025-02-25 04:16:25+00:00,18 SPCS,HST,1990-037B,EARTH,TEME,UTC,SGP4,2025-02-24 18:33:02.397888+00:00,15.23258958,0.00019330,28.4684,85.9072,273.9256,86.1117,0,U,20580,999,71551,0.00049850000000,0.00012371,0.0000000000000,6874.155,94.534,497.349,494.692,PAYLOAD,LARGE,US,1990-04-24,AFETR,,4651315,281610712,0 HST,1 20580U 90037B   25055.77294442  .00012371  00000-0  49850-3 0  9993,2 20580  28.4684  85.9072 0001933 273.9256  86.1117 15.23258958715511
3.0,GENERATED VIA SPACE-TRACK.ORG API,2025-02-25 15:06:22+00:00,18 SPCS,HST,1990-037B,EARTH,TEME,UTC,SGP4,2025-02-25 10:16:28.932096+00:00,15.23277897,0.00019280,28.4685,81.4801,282.3178,77.7200,0,U,20580,999,71587,0.00056789000000,0.00014075,0.0000000000000,6874.098,94.533,497.289,494.638,PAYLOAD,LARGE,US,1990-04-24,AFETR,,4651954,281650579,0 HST,1 20580U 90037B   25056.42811264  .00014075  00000-0  56789-3 0  9995,2 20580  28.4685  81.4801 0001928 282.3178  77.7200 15.23277897715875
3.0,GENERATED VIA SPACE-TRACK.ORG API,2025-02-25 17:55:50+00:00,18 SPCS,HST,1990-037B,EARTH,TEME,UTC,SGP4,2025-02-25 10:16:28.932096+00:00,15.23277897,0.00019280,28.4685,81.4801,282.3178,77.7200,0,U,20580,999,71561,0.00056789000000,0.00014075,0.0000000000000,6874.098,94.533,497.289,494.638,PAYLOAD,LARGE,US,1990-04-24,AFETR,,4652023,281657482,0 HST,1 20580U 90037B   25056.42811264  .00014075  00000-0  56789-3 0  9995,2 20580  28.4685  81.4801 0001928 282.3178  77.7200 15.23277897715617
3.0,GENERATED VIA SPACE-TRACK.ORG API,2025-02-26 03:22:39+00:00,18 SPCS,HST,1990-037B,EARTH,TEME,UTC,SGP4,2025-02-25 18:08:11.962464+00:00,15.23286141,0.00019050,28.4684,79.2666,286.0547,73.9837,0,U,20580,999,71566,0.00052472000000,0.00013022,0.0000000000000,6874.074,94.532,497.248,494.629,PAYLOAD,LARGE,US,1990-04-24,AFETR,,4652430,281695281,0 HST,1 20580U 90037B   25056.75569401  .00013022  00000-0  52472-3 0  9990,2 20580  28.4684  79.2666 0001905 286.0547  73.9837 15.23286141715667
3.0,GENERATED VIA SPACE-TRACK.ORG API,2025-02-26 17:22:59+00:00,18 SPCS,HST,1990-037B,EARTH,TEME,UTC,SGP4,2025-02-26 09:51:37.561824+00:00,15.23303049,0.00018970,28.4685,74.8392,294.4929,65.5467,0,U,20580,999,71576,0.00053788000000,0.00013350,0.0000000000000,6874.023,94.531,497.192,494.584,PAYLOAD,LARGE,US,1990-04-24,AFETR,,4653097,281741425,0 HST,1 20580U 90037B   25057.41085141  .00013350  00000-0  53788-3 0  9993,2 20580  28.4685  74.8392 0001897 294.4929  65.5467 15.23303049715766
3.0,GENERATED VIA SPACE-TRACK.ORG API,2025-02-26 22:56:29+00:00,18 SPCS,HST,1990-037B,EARTH,TEME,UTC,SGP4,2025-02-26 17:43:20.138592+00:00,15.23311316,0.00018840,28.4685,72.6255,298.4028,61.6376,0,U,20580,999,71607,0.00052330000000,0.00012997,0.0000000000000,6873.998,94.531,497.158,494.568,PAYLOAD,LARGE,US,1990-04-24,AFETR,,4653350,281772122,0 HST,1 20580U 90037B   25057.73842753  .00012997  00000-0  52330-3 0  9996,2 20580  28.4685  72.6255 0001884 298.4028  61.6376 15.23311316716077
3.0,GENERATED VIA SPACE-TRACK.ORG API,2025-02-27 04:29:36+00:00,18 SPCS,HST,1990-037B,EARTH,TEME,UTC,SGP4,2025-02-26 17:43:20.138592+00:00,15.23311316,0.00018840,28.4685,72.6255,298.4028,61.6376,0,U,20580,999,71581,0.00052330000000,0.00012997,0.0000000000000,6873.998,94.531,497.158,494.568,PAYLOAD,LARGE,US,1990-04-24,AFETR,,4653417,281778304,0 HST,1 20580U 90037B   25057.73842753  .00012997  00000-0  52330-3 0  9996,2 20580  28.4685  72.6255 0001884 298.4028  61.6376 15.23311316715818
3.0,GENERATED VIA SPACE-TRACK.ORG API,2025-02-27 18:39:54+00:00,18 SPCS,HST,1990-037B,EARTH,TEME,UTC,SGP4,2025-02-27 07:52:24.402144+00:00,15.23325743,0.00018960,28.4685,68.6410,306.2599,53.7819,0,U,20580,999,71590,0.00053165000000,0.00013207,0.0000000000000,6873.955,94.530,497.123,494.516,PAYLOAD,LARGE,US,1990-04-24,AFETR,,4654188,281826609,0 HST,1 20580U 90037B   25058.32806021  .00013207  00000-0  53165-3 0  9992,2 20580  28.4685  68.6410 0001896 306.2599  53.7819 15.23325743715903
3.0,GENERATED VIA SPACE-TRACK.ORG API,2025-02-28 03:00:46+00:00,18 SPCS,HST,1990-037B,EARTH,TEME,UTC,SGP4,2025-02-27 17:18:26.949600+00:00,15.23337124,0.00018800,28.4685,65.9843,310.8211,49.2219,0,U,20580,999,71596,0.00055973000000,0.00013899,0.0000000000000,6873.920,94.529,497.078,494.493,PAYLOAD,LARGE,US,1990-04-24,AFETR,,4654471,281862281,0 HST,1 20580U 90037B   25058.72114525  .00013899  00000-0  55973-3 0  9993,2 20580  28.4685  65.9843 0001880 310.8211  49.2219 15.23337124715964
3.0,GENERATED VIA SPACE-TRACK.ORG API,2025-02-28 07:16:33+00:00,18 SPCS,HST,1990-037B,EARTH,TEME,UTC,SGP4,2025-02-28 02:44:29.291424+00:00,15.23346699,0.00018930,28.4685,63.3279,315.9564,44.0879,0,U,20580,999,71628,0.00054709000000,0.00013593,0.0000000000000,6873.891,94.529,497.058,494.455,PAYLOAD,LARGE,US,1990-04-24,AFETR,,4654753,281894150,0 HST,1 20580U 90037B   25059.11422791  .00013593  00000-0  54709-3 0  9991,2 20580  28.4685  63.3279 0001893 315.9564  44.0879 15.23346699716288
3.0,GENERATED VIA SPACE-TRACK.ORG API,2025-02-28 19:05:01+00:00,18 SPCS,HST,1990-037B,EARTH,TEME,UTC,SGP4,2025-02-28 07:27:30.380256+00:00,15.23351000,0.00019050,28.4686,61.9999,318.4668,41.5781,0,U,20580,999,71605,0.00053480000000,0.00013294,0.0000000000000,6873.879,94.528,497.053,494.434,PAYLOAD,LARGE,US,1990-04-24,AFETR,,4655208,281909009,0 HST,1 20580U 90037B   25059.31076829  .00013294  00000-0  53480-3 0  9993,2 20580  28.4686  61.9999 0001905 318.4668  41.5781 15.23351000716050
3.0,GENERATED VIA SPACE-TRACK.ORG API,2025-03-01 04:47:04+00:00,18 SPCS,HST,1990-037B,EARTH,TEME,UTC,SGP4,2025-02-28 16:53:32.397216+00:00,15.23359919,0.00018900,28.4686,59.3431,323.2435,36.8029,0,U,20580,999,71611,0.00048962000000,0.00012190,0.0000000000000,6873.852,94.528,497.016,494.418,PAYLOAD,LARGE,US,1990-04-24,AFETR,,4655475,281945195,0 HST,1 20580U 90037B   25059.70384719  .00012190  00000-0  48962-3 0  9999,2 20580  28.4686  59.3431 0001890 323.2435  36.8029 15.23359919716117
3.0,GENERATED VIA SPACE-TRACK.ORG API,2025-03-01 15:06:26+00:00,18 SPCS,HST,1990-037B,EARTH,TEME,UTC,SGP4,2025-03-01 08:36:55.332000+00:00,15.23373042,0.00019250,28.4687,54.9158,331.2115,28.8372,0,U,20580,999,71647,0.00043030000000,0.00010740,0.0000000000000,6873.812,94.527,497.000,494.354,PAYLOAD,LARGE,US,1990-04-24,AFETR,,4656118,281986311,0 HST,1 20580U 90037B   25060.35897375  .00010740  00000-0  43030-3 0  9999,2 20580  28.4687  54.9158 0001925 331.2115  28.8372 15.23373042716472
3.0,GENERATED VIA SPACE-TRACK.ORG API,2025-03-01 17:52:32+00:00,18 SPCS,HST,1990-037B,EARTH,TEME,UTC,SGP4,2025-03-01 08:36:55.332000+00:00,15.23373042,0.00019250,28.4687,54.9158,331.2115,28.8372,0,U,20580,999,71621,0.00043030000000,0.00010740,0.0000000000000,6873.812,94.527,497.000,494.354,PAYLOAD,LARGE,US,1990-04-24,AFETR,,4656182,281992555,0 HST,1 20580U 90037B   25060.35897375  .00010740  00000-0  43030-3 0  9999,2 20580  28.4687  54.9158 0001925 331.2115  28.8372 15.23373042716214
3.0,GENERATED VIA SPACE-TRACK.ORG API,2025-03-02 18:08:23+00:00,18 SPCS,HST,1990-037B,EARTH,TEME,UTC,SGP4,2025-03-02 05:03:18.349056+00:00,15.23390529,0.00019370,28.4690,49.1595,341.1764,18.8758,0,U,20580,999,71634,0.00038541000000,0.00009645,0.0000000000000,6873.760,94.526,496.956,494.293,PAYLOAD,LARGE,US,1990-04-24,AFETR,,4657142,282075554,0 HST,1 20580U 90037B   25061.21062904  .00009645  00000-0  38541-3 0  9990,2 20580  28.4690  49.1595 0001937 341.1764  18.8758 15.23390529716342
3.0,GENERATED VIA SPACE-TRACK.ORG API,2025-03-03 07:06:29+00:00,18 SPCS,HST,1990-037B,EARTH,TEME,UTC,SGP4,2025-03-02 23:55:20.529696+00:00,15.23402697,0.00019550,28.4691,43.8464,350.2825,9.7730,0,U,20580,999,71672,0.00030274000000,0.00007622,0.0000000000000,6873.723,94.525,496.932,494.244,PAYLOAD,LARGE,US,1990-04-24,AFETR,,4657720,282114040,0 HST,1 20580U 90037B   25061.99676539  .00007622  00000-0  30274-3 0  9998,2 20580  28.4691  43.8464 0001955 350.2825   9.7730 15.23402697716729
3.0,GENERATED VIA SPACE-TRACK.ORG API,2025-03-03 17:23:59+00:00,18 SPCS,HST,1990-037B,EARTH,TEME,UTC,SGP4,2025-03-03 06:12:41.099328+00:00,15.23407974,0.00019580,28.4693,42.0755,352.8916,7.1650,0,U,20580,999,71650,0.00033601000000,0.00008439,0.0000000000000,6873.707,94.525,496.918,494.226,PAYLOAD,LARGE,US,1990-04-24,AFETR,,4658111,282157793,0 HST,1 20580U 90037B   25062.25880902  .00008439  00000-0  33601-3 0  9993,2 20580  28.4693  42.0755 0001958 352.8916   7.1650 15.23407974716509
3.0,GENERATED VIA SPACE-TRACK.ORG API,2025-03-04 15:06:32+00:00,18 SPCS,HST,1990-037B,EARTH,TEME,UTC,SGP4,2025-03-04 05:47:42.756576+00:00,15.23424522,0.00019890,28.4695,35.4344,3.7640,356.2968,0,U,20580,999,71691,0.00033885000000,0.00008512,0.0000000000000,6873.657,94.524,496.890,494.155,PAYLOAD,LARGE,US,1990-04-24,AFETR,,4659062,282235015,0 HST,1 20580U 90037B   25063.24146709  .00008512  00000-0  33885-3 0  9999,2 20580  28.4695  35.4344 0001989   3.7640 356.2968 15.23424522716914
3.0,GENERATED VIA SPACE-TRACK.ORG API,2025-03-04 17:39:45+00:00,18 SPCS,HST,1990-037B,EARTH,TEME,UTC,SGP4,2025-03-04 05:47:42.756576+00:00,15.23424522,0.00019890,28.4695,35.4344,3.7640,356.2968,0,U,20580,999,71665,0.00033885000000,0.00008512,0.0000000000000,6873.657,94.524,496.890,494.155,PAYLOAD,LARGE,US,1990-04-24,AFETR,,4659130,282241779,0 HST,1 20580U 90037B   25063.24146709  .00008512  00000-0  33885-3 0  9999,2 20580  28.4695  35.4344 0001989   3.7640 356.2968 15.23424522716655
3.0,GENERATED VIA SPACE-TRACK.ORG API,2025-03-05 18:48:33+00:00,18 SPCS,HST,1990-037B,EARTH,TEME,UTC,SGP4,2025-03-05 05:22:43.439232+00:00,15.23443960,0.00020160,28.4694,28.7932,14.4817,345.5835,0,U,20580,999,71680,0.00040742000000,0.00010201,0.0000000000000,6873.599,94.523,496.850,494.078,PAYLOAD,LARGE,US,1990-04-24,AFETR,,4660136,282324876,0 HST,1 20580U 90037B   25064.22411388  .00010201  00000-0  40742-3 0  9994,2 20580  28.4694  28.7932 0002016  14.4817 345.5835 15.23443960716807
3.0,GENERATED VIA SPACE-TRACK.ORG API,2025-03-06 07:06:32+00:00,18 SPCS,HST,1990-037B,EARTH,TEME,UTC,SGP4,2025-03-06 03:23:23.203392+00:00,15.23458372,0.00020020,28.4692,22.5951,25.2089,334.8602,0,U,20580,999,71720,0.00035705000000,0.00008968,0.0000000000000,6873.556,94.522,496.797,494.044,PAYLOAD,LARGE,US,1990-04-24,AFETR,,4660690,282392591,0 HST,1 20580U 90037B   25065.14124078  .00008968  00000-0  35705-3 0  9993,2 20580  28.4692  22.5951 0002002  25.2089 334.8602 15.23458372717205
3.0,GENERATED VIA SPACE-TRACK.ORG API,2025-03-06 18:35:59+00:00,18 SPCS,HST,1990-037B,EARTH,TEME,UTC,SGP4,2025-03-06 04:57:43.155072+00:00,15.23459104,0.00020140,28.4693,22.1524,25.7449,334.3245,0,U,20580,999,71695,0.00034493000000,0.00008670,0.0000000000000,6873.553,94.522,496.803,494.034,PAYLOAD,LARGE,US,1990-04-24,AFETR,,4661120,282406972,0 HST,1 20580U 90037B   25065.20674948  .00008670  00000-0  34493-3 0  9999,2 20580  28.4693  22.1524 0002014  25.7449 334.3245 15.23459104716959
3.0,GENERATED VIA SPACE-TRACK.ORG API,2025-03-07 02:42:48+00:00,18 SPCS,HST,1990-037B,EARTH,TEME,UTC,SGP4,2025-03-06 12:49:22.829664+00:00,15.23465156,0.00020160,28.4692,19.9387,29.0281,331.0425,0,U,20580,999,71700,0.00034928000000,0.00008779,0.0000000000000,6873.535,94.521,496.786,494.014,PAYLOAD,LARGE,US,1990-04-24,AFETR,,4661439,282444032,0 HST,1 20580U 90037B   25065.53429201  .00008779  00000-0  34928-3 0  9998,2 20580  28.4692  19.9387 0002016  29.0281 331.0425 15.23465156717007
3.0,GENERATED VIA SPACE-TRACK.ORG API,2025-03-07 14:46:18+00:00,18 SPCS,HST,1990-037B,EARTH,TEME,UTC,SGP4,2025-03-07 04:32:41.882496+00:00,15.23476544,0.00020490,28.4693,15.5113,35.3789,324.6941,0,U,20580,999,71736,0.00034093000000,0.00008577,0.0000000000000,6873.501,94.521,496.774,493.958,PAYLOAD,LARGE,US,1990-04-24,AFETR,,4661806,282477140,0 HST,1 20580U 90037B   25066.18937364  .00008577  00000-0  34093-3 0  9993,2 20580  28.4693  15.5113 0002049  35.3789 324.6941 15.23476544717369
3.0,GENERATED VIA SPACE-TRACK.ORG API,2025-03-08 04:59:39+00:00,18 SPCS,HST,1990-037B,EARTH,TEME,UTC,SGP4,2025-03-07 12:24:21.243456+00:00,15.23482481,0.00020650,28.4694,13.2976,37.9671,322.1068,0,U,20580,999,71715,0.00034926000000,0.00008783,0.0000000000000,6873.483,94.520,496.767,493.929,PAYLOAD,LARGE,US,1990-04-24,AFETR,,4662408,282526848,0 HST,1 20580U 90037B   25066.51691254  .00008783  00000-0  34926-3 0  9999,2 20580  28.4694  13.2976 0002065  37.9671 322.1068 15.23482481717155
3.0,GENERATED VIA SPACE-TRACK.ORG API,2025-03-08 14:56:30+00:00,18 SPCS,HST,1990-037B,EARTH,TEME,UTC,SGP4,2025-03-08 05:41:59.504064+00:00,15.23494093,0.00020970,28.4695,8.4274,45.0947,314.9817,0,U,20580,999,71752,0.00033313000000,0.00008389,0.0000000000000,6873.448,94.520,496.754,493.872,PAYLOAD,LARGE,US,1990-04-24,AFETR,,4662920,282564691,0 HST,1 20580U 90037B   25067.23749426  .00008389  00000-0  33313-3 0  9995,2 20580  28.4695   8.4274 0002097  45.0947 314.9817 15.23494093717528
3.0,GENERATED VIA SPACE-TRACK.ORG API,2025-03-08 19:50:46+00:00,18 SPCS,HST,1990-037B,EARTH,TEME,UTC,SGP4,2025-03-08 04:07:39.678528+00:00,15.23493624,0.00020910,28.4695,8.8701,44.5478,315.5283,0,U,20580,999,71725,0.00034896000000,0.00008778,0.0000000000000,6873.450,94.520,496.752,493.877,PAYLOAD,LARGE,US,1990-04-24,AFETR,,4662992,282570839,0 HST,1 20580U 90037B   25067.17198702  .00008778  00000-0  34896-3 0  9992,2 20580  28.4695   8.8701 0002091  44.5478 315.5283 15.23493624717257
3.0,GENERATED VIA SPACE-TRACK.ORG API,2025-03-09 04:03:08+00:00,18 SPCS,HST,1990-037B,EARTH,TEME,UTC,SGP4,2025-03-08 11:59:18.708576+00:00,15.23500934,0.00021100,28.4695,6.6563,47.4203,312.6569,0,U,20580,999,71730,0.00038900000000,0.00009765,0.0000000000000,6873.428,94.519,496.743,493.842,PAYLOAD,LARGE,US,1990-04-24,AFETR,,4663307,282607917,0 HST,1 20580U 90037B   25067.49952209  .00009765  00000-0  38900-3 0  9994,2 20580  28.4695   6.6563 0002110  47.4203 312.6569 15.23500934717303
3.0,GENERATED VIA SPACE-TRACK.ORG API,2025-03-09 18:25:58+00:00,18 SPCS,HST,1990-037B,EARTH,TEME,UTC,SGP4,2025-03-09 05:16:56.182080+00:00,15.23516976,0.00021180,28.4695,1.7860,55.0919,304.9874,0,U,20580,999,71741,0.00046244000000,0.00011577,0.0000000000000,6873.379,94.518,496.700,493.788,PAYLOAD,LARGE,US,1990-04-24,AFETR,,4663925,282653388,0 HST,1 20580U 90037B   25068.22009470  .00011577  00000-0  46244-3 0  9993,2 20580  28.4695   1.7860 0002118  55.0919 304.9874 15.23516976717414
3.0,GENERATED VIA SPACE-TRACK.ORG API,2025-03-09 19:56:17+00:00,18 SPCS,HST,1990-037B,EARTH,TEME,UTC,SGP4,2025-03-09 05:16:56.182080+00:00,15.23516976,0.00021180,28.4695,1.7860,55.0919,304.9874,0,U,20580,999,71767,0.00046244000000,0.00011577,0.0000000000000,6873.379,94.518,496.700,493.788,PAYLOAD,LARGE,US,1990-04-24,AFETR,,4664129,282682835,0 HST,1 20580U 90037B   25068.22009470  .00011577  00000-0  46244-3 0  9993,2 20580  28.4695   1.7860 0002118  55.0919 304.9874 15.23516976717672
3.0,GENERATED VIA SPACE-TRACK.ORG API,2025-03-10 03:13:36+00:00,18 SPCS,HST,1990-037B,EARTH,TEME,UTC,SGP4,2025-03-09 21:00:13.337568+00:00,15.23529329,0.00021590,28.4695,357.3585,60.5953,299.4856,0,U,20580,999,71751,0.00043718000000,0.00010959,0.0000000000000,6873.342,94.517,496.691,493.723,PAYLOAD,LARGE,US,1990-04-24,AFETR,,4664361,282693813,0 HST,1 20580U 90037B   25068.87515437  .00010959  00000-0  43718-3 0  9995,2 20580  28.4695 357.3585 0002159  60.5953 299.4856 15.23529329717517
3.0,GENERATED VIA SPACE-TRACK.ORG API,2025-03-10 17:12:15+00:00,18 SPCS,HST,1990-037B,EARTH,TEME,UTC,SGP4,2025-03-10 04:51:51.688512+00:00,15.23535899,0.00021560,28.4695,355.1449,63.5358,296.5457,0,U,20580,999,71756,0.00041763000000,0.00010480,0.0000000000000,6873.322,94.517,496.669,493.705,PAYLOAD,LARGE,US,1990-04-24,AFETR,,4665056,282740301,0 HST,1 20580U 90037B   25069.20268158  .00010480  00000-0  41763-3 0  9995,2 20580  28.4695 355.1449 0002156  63.5358 296.5457 15.23535899717560
3.0,GENERATED VIA SPACE-TRACK.ORG API,2025-03-10 22:56:29+00:00,18 SPCS,HST,1990-037B,EARTH,TEME,UTC,SGP4,2025-03-10 20:35:08.101824+00:00,15.23547573,0.00021710,28.4694,350.7170,69.6410,290.4417,0,U,20580,999,71792,0.00037869000000,0.00009524,0.0000000000000,6873.287,94.516,496.644,493.660,PAYLOAD,LARGE,US,1990-04-24,AFETR,,4665330,282771817,0 HST,1 20580U 90037B   25069.85773266  .00009524  00000-0  37869-3 0  9996,2 20580  28.4694 350.7170 0002171  69.6410 290.4417 15.23547573717925
3.0,GENERATED VIA SPACE-TRACK.ORG API,2025-03-11 02:54:42+00:00,18 SPCS,HST,1990-037B,EARTH,TEME,UTC,SGP4,2025-03-10 20:35:08.101824+00:00,15.23547573,0.00021710,28.4694,350.7170,69.6410,290.4417,0,U,20580,999,71766,0.00037869000000,0.00009524,0.0000000000000,6873.287,94.516,496.644,493.660,PAYLOAD,LARGE,US,1990-04-24,AFETR,,4665419,282778103,0 HST,1 20580U 90037B   25069.85773266  .00009524  00000-0  37869-3 0  9996,2 20580  28.4694 350.7170 0002171  69.6410 290.4417 15.23547573717666
3.0,GENERATED VIA SPACE-TRACK.ORG API,2025-03-11 18:44:32+00:00,18 SPCS,HST,1990-037B,EARTH,TEME,UTC,SGP4,2025-03-11 04:26:46.016448+00:00,15.23555188,0.00022110,28.4694,348.5028,72.8483,287.2353,0,U,20580,999,71771,0.00037137000000,0.00009346,0.0000000000000,6873.264,94.516,496.649,493.610,PAYLOAD,LARGE,US,1990-04-24,AFETR,,4666185,282826274,0 HST,1 20580U 90037B   25070.18525482  .00009346  00000-0  37137-3 0  9999,2 20580  28.4694 348.5028 0002211  72.8483 287.2353 15.23555188717714
3.0,GENERATED VIA SPACE-TRACK.ORG API,2025-03-12 02:20:35+00:00,18 SPCS,HST,1990-037B,EARTH,TEME,UTC,SGP4,2025-03-11 04:26:46.008672+00:00,15.23556504,0.00021960,28.4694,348.5027,72.8320,287.2515,0,U,20580,999,71771,0.00041800000000,0.00010496,0.0000000000000,6873.260,94.516,496.635,493.616,PAYLOAD,LARGE,US,1990-04-24,AFETR,,4666552,282863784,0 HST,1 20580U 90037B   25070.18525473  .00010496  00000-0  41800-3 0  9999,2 20580  28.4694 348.5027 0002196  72.8320 287.2515 15.23556504717718
3.0,GENERATED VIA SPACE-TRACK.ORG API,2025-03-12 07:16:27+00:00,18 SPCS,HST,1990-037B,EARTH,TEME,UTC,SGP4,2025-03-12 04:01:39.184896+00:00,15.23578003,0.00021970,28.4692,341.8603,83.6816,276.4028,0,U,20580,999,71812,0.00047149000000,0.00011821,0.0000000000000,6873.196,94.514,496.571,493.551,PAYLOAD,LARGE,US,1990-04-24,AFETR,,4666859,282896488,0 HST,1 20580U 90037B   25071.16781464  .00011821  00000-0  47149-3 0  9997,2 20580  28.4692 341.8603 0002197  83.6816 276.4028 15.23578003718126
3.0,GENERATED VIA SPACE-TRACK.ORG API,2025-03-12 17:36:20+00:00,18 SPCS,HST,1990-037B,EARTH,TEME,UTC,SGP4,2025-03-12 10:18:57.167712+00:00,15.23583455,0.00022100,28.4692,340.0889,86.7086,273.3760,0,U,20580,999,71790,0.00045206000000,0.00011344,0.0000000000000,6873.179,94.514,496.563,493.525,PAYLOAD,LARGE,US,1990-04-24,AFETR,,4667317,282912420,0 HST,1 20580U 90037B   25071.42982833  .00011344  00000-0  45206-3 0  9991,2 20580  28.4692 340.0889 0002210  86.7086 273.3760 15.23583455717903
3.0,GENERATED VIA SPACE-TRACK.ORG API,2025-03-13 03:16:41+00:00,18 SPCS,HST,1990-037B,EARTH,TEME,UTC,SGP4,2025-03-12 18:10:34.516416+00:00,15.23590476,0.00022130,28.4691,337.8747,89.7776,270.3071,0,U,20580,999,71795,0.00044744000000,0.00011232,0.0000000000000,6873.158,94.514,496.544,493.502,PAYLOAD,LARGE,US,1990-04-24,AFETR,,4667689,282950818,0 HST,1 20580U 90037B   25071.75734394  .00011232  00000-0  44744-3 0  9996,2 20580  28.4691 337.8747 0002213  89.7776 270.3071 15.23590476717959
3.0,GENERATED VIA SPACE-TRACK.ORG API,2025-03-13 14:56:33+00:00,18 SPCS,HST,1990-037B,EARTH,TEME,UTC,SGP4,2025-03-13 09:53:48.581376+00:00,15.23612963,0.00021900,28.4691,333.4462,95.9544,264.1299,0,U,20580,999,71831,0.00060146000000,0.00015044,0.0000000000000,6873.091,94.512,496.461,493.450,PAYLOAD,LARGE,US,1990-04-24,AFETR,,4668310,282991319,0 HST,1 20580U 90037B   25072.41236784  .00015044  00000-0  60146-3 0  9999,2 20580  28.4691 333.4462 0002190  95.9544 264.1299 15.23612963718311
3.0,GENERATED VIA SPACE-TRACK.ORG API,2025-03-13 17:53:24+00:00,18 SPCS,HST,1990-037B,EARTH,TEME,UTC,SGP4,2025-03-13 09:53:48.581376+00:00,15.23612963,0.00021900,28.4691,333.4462,95.9544,264.1299,0,U,20580,999,71805,0.00060146000000,0.00015044,0.0000000000000,6873.091,94.512,496.461,493.450,PAYLOAD,LARGE,US,1990-04-24,AFETR,,4668388,282997438,0 HST,1 20580U 90037B   25072.41236784  .00015044  00000-0  60146-3 0  9999,2 20580  28.4691 333.4462 0002190  95.9544 264.1299 15.23612963718052
3.0,GENERATED VIA SPACE-TRACK.ORG API,2025-03-14 02:27:44+00:00,18 SPCS,HST,1990-037B,EARTH,TEME,UTC,SGP4,2025-03-13 20:54:04.080384+00:00,15.23622828,0.00021950,28.4686,330.3478,99.4189,260.6653,0,U,20580,999,71812,0.00049847000000,0.00012504,0.0000000000000,6873.061,94.512,496.435,493.417,PAYLOAD,LARGE,US,1990-04-24,AFETR,,4668740,283034734,0 HST,1 20580U 90037B   25072.87088056  .00012504  00000-0  49847-3 0  9999,2 20580  28.4686 330.3478 0002195  99.4189 260.6653 15.23622828718122
3.0,GENERATED VIA SPACE-TRACK.ORG API,2025-03-14 20:37:34+00:00,18 SPCS,HST,1990-037B,EARTH,TEME,UTC,SGP4,2025-03-14 09:28:38.442432+00:00,15.23639806,0.00021790,28.4685,326.8050,104.7922,255.2914,0,U,20580,999,71820,0.00055720000000,0.00013962,0.0000000000000,6873.010,94.511,496.373,493.377,PAYLOAD,LARGE,US,1990-04-24,AFETR,,4669052,283071878,0 HST,1 20580U 90037B   25073.39488938  .00013962  00000-0  55720-3 0  9996,2 20580  28.4685 326.8050 0002179 104.7922 255.2914 15.23639806718207
3.0,GENERATED VIA SPACE-TRACK.ORG API,2025-03-14 23:06:33+00:00,18 SPCS,HST,1990-037B,EARTH,TEME,UTC,SGP4,2025-03-14 18:54:33.950880+00:00,15.23649670,0.00021560,28.4685,324.1477,108.2909,251.7920,0,U,20580,999,71852,0.00052759000000,0.00013234,0.0000000000000,6872.980,94.510,496.327,493.363,PAYLOAD,LARGE,US,1990-04-24,AFETR,,4669310,283103328,0 HST,1 20580U 90037B   25073.78789295  .00013234  00000-0  52759-3 0  9990,2 20580  28.4685 324.1477 0002156 108.2909 251.7920 15.23649670718523
3.0,GENERATED VIA SPACE-TRACK.ORG API,2025-03-15 07:42:43+00:00,18 SPCS,HST,1990-037B,EARTH,TEME,UTC,SGP4,2025-03-14 22:03:12.394080+00:00,15.23653208,0.00021470,28.4685,323.2621,109.6138,250.4688,0,U,20580,999,71828,0.00053177000000,0.00013338,0.0000000000000,6872.970,94.510,496.310,493.359,PAYLOAD,LARGE,US,1990-04-24,AFETR,,4669695,283117299,0 HST,1 20580U 90037B   25073.91889345  .00013338  00000-0  53177-3 0  9992,2 20580  28.4685 323.2621 0002147 109.6138 250.4688 15.23653208718285
3.0,GENERATED VIA SPACE-TRACK.ORG API,2025-03-15 17:32:46+00:00,18 SPCS,HST,1990-037B,EARTH,TEME,UTC,SGP4,2025-03-14 23:37:31.594944+00:00,15.23655376,0.00021400,28.4685,322.8191,110.8019,249.2805,0,U,20580,999,71829,0.00054701000000,0.00013716,0.0000000000000,6872.963,94.510,496.299,493.357,PAYLOAD,LARGE,US,1990-04-24,AFETR,,4670048,283154967,0 HST,1 20580U 90037B   25073.98439346  .00013716  00000-0  54701-3 0  9995,2 20580  28.4685 322.8191 0002140 110.8019 249.2805 15.23655376718293
3.0,GENERATED VIA SPACE-TRACK.ORG API,2025-03-15 23:26:18+00:00,18 SPCS,HST,1990-037B,EARTH,TEME,UTC,SGP4,2025-03-15 20:03:40.709376+00:00,15.23679579,0.00020700,28.4688,317.0598,120.1245,239.9554,0,U,20580,999,71868,0.00055534000000,0.00013932,0.0000000000000,6872.890,94.508,496.178,493.333,PAYLOAD,LARGE,US,1990-04-24,AFETR,,4670343,283187782,0 HST,1 20580U 90037B   25074.83588784  .00013932  00000-0  55534-3 0  9996,2 20580  28.4688 317.0598 0002070 120.1245 239.9554 15.23679579718681
3.0,GENERATED VIA SPACE-TRACK.ORG API,2025-03-16 03:38:40+00:00,18 SPCS,HST,1990-037B,EARTH,TEME,UTC,SGP4,2025-03-15 21:37:59.832480+00:00,15.23680982,0.00020660,28.4689,316.6168,120.8955,239.1843,0,U,20580,999,71843,0.00054931000000,0.00013783,0.0000000000000,6872.886,94.508,496.171,493.331,PAYLOAD,LARGE,US,1990-04-24,AFETR,,4670409,283193533,0 HST,1 20580U 90037B   25074.90138695  .00013783  00000-0  54931-3 0  9990,2 20580  28.4689 316.6168 0002066 120.8955 239.1843 15.23680982718436
3.0,GENERATED VIA SPACE-TRACK.ORG API,2025-03-16 18:34:10+00:00,18 SPCS,HST,1990-037B,EARTH,TEME,UTC,SGP4,2025-03-16 00:46:38.053632+00:00,15.23684377,0.00020670,28.4688,315.7311,122.5612,237.5182,0,U,20580,999,71845,0.00055107000000,0.00013828,0.0000000000000,6872.876,94.508,496.161,493.320,PAYLOAD,LARGE,US,1990-04-24,AFETR,,4671009,283238508,0 HST,1 20580U 90037B   25075.03238488  .00013828  00000-0  55107-3 0  9992,2 20580  28.4688 315.7311 0002067 122.5612 237.5182 15.23684377718457
3.0,GENERATED VIA SPACE-TRACK.ORG API,2025-03-17 05:50:20+00:00,18 SPCS,HST,1990-037B,EARTH,TEME,UTC,SGP4,2025-03-16 22:47:04.916544+00:00,15.23706355,0.00020310,28.4687,309.5310,132.1127,227.9639,0,U,20580,999,71859,0.00048469000000,0.00012193,0.0000000000000,6872.810,94.506,496.071,493.279,PAYLOAD,LARGE,US,1990-04-24,AFETR,,4671383,283277004,0 HST,1 20580U 90037B   25075.94936246  .00012193  00000-0  48469-3 0  9996,2 20580  28.4687 309.5310 0002031 132.1127 227.9639 15.23706355718591
3.0,GENERATED VIA SPACE-TRACK.ORG API,2025-03-17 07:06:35+00:00,18 SPCS,HST,1990-037B,EARTH,TEME,UTC,SGP4,2025-03-17 00:21:23.942016+00:00,15.23708135,0.00020280,28.4686,309.0885,132.5217,227.5548,0,U,20580,999,71886,0.00049355000000,0.00012413,0.0000000000000,6872.804,94.506,496.063,493.276,PAYLOAD,LARGE,US,1990-04-24,AFETR,,4671674,283309330,0 HST,1 20580U 90037B   25076.01486044  .00012413  00000-0  49355-3 0  9991,2 20580  28.4686 309.0885 0002028 132.5217 227.5548 15.23708135718865
3.0,GENERATED VIA SPACE-TRACK.ORG API,2025-03-17 19:07:54+00:00,18 SPCS,HST,1990-037B,EARTH,TEME,UTC,SGP4,2025-03-17 08:12:58.868064+00:00,15.23719244,0.00020320,28.4686,306.8740,136.0401,224.0355,0,U,20580,999,71865,0.00054570000000,0.00013710,0.0000000000000,6872.771,94.506,496.033,493.239,PAYLOAD,LARGE,US,1990-04-24,AFETR,,4672105,283323264,0 HST,1 20580U 90037B   25076.34234801  .00013710  00000-0  54570-3 0  9995,2 20580  28.4686 306.8740 0002032 136.0401 224.0355 15.23719244718657
3.0,GENERATED VIA SPACE-TRACK.ORG API,2025-03-18 02:25:22+00:00,18 SPCS,HST,1990-037B,EARTH,TEME,UTC,SGP4,2025-03-17 22:21:49.347360+00:00,15.23735667,0.00019990,28.4689,302.8878,142.2192,217.8543,0,U,20580,999,71874,0.00057034000000,0.00014327,0.0000000000000,6872.722,94.505,495.960,493.213,PAYLOAD,LARGE,US,1990-04-24,AFETR,,4672421,283360370,0 HST,1 20580U 90037B   25076.93182115  .00014327  00000-0  57034-3 0  9993,2 20580  28.4689 302.8878 0001999 142.2192 217.8543 15.23735667718741
3.0,GENERATED VIA SPACE-TRACK.ORG API,2025-03-18 19:01:07+00:00,18 SPCS,HST,1990-037B,EARTH,TEME,UTC,SGP4,2025-03-17 23:56:08.267424+00:00,15.23737216,0.00019900,28.4688,302.4450,142.9470,217.1261,0,U,20580,999,71875,0.00056875000000,0.00014288,0.0000000000000,6872.717,94.504,495.950,493.214,PAYLOAD,LARGE,US,1990-04-24,AFETR,,4673118,283406734,0 HST,1 20580U 90037B   25076.99731791  .00014288  00000-0  56875-3 0  9997,2 20580  28.4688 302.4450 0001990 142.9470 217.1261 15.23737216718752
3.0,GENERATED VIA SPACE-TRACK.ORG API,2025-03-18 23:06:19+00:00,18 SPCS,HST,1990-037B,EARTH,TEME,UTC,SGP4,2025-03-18 20:22:13.374624+00:00,15.23763675,0.00019020,28.4684,296.6886,151.5800,208.4898,0,U,20580,999,71914,0.00060000000000,0.00015075,0.0000000000000,6872.637,94.503,495.810,493.195,PAYLOAD,LARGE,US,1990-04-24,AFETR,,4673382,283437080,0 HST,1 20580U 90037B   25077.84876591  .00015075  00000-0  60000-3 0  9990,2 20580  28.4684 296.6886 0001902 151.5800 208.4898 15.23763675719142
3.0,GENERATED VIA SPACE-TRACK.ORG API,2025-03-19 02:27:03+00:00,18 SPCS,HST,1990-037B,EARTH,TEME,UTC,SGP4,2025-03-18 20:22:13.374624+00:00,15.23763675,0.00019020,28.4684,296.6886,151.5800,208.4898,0,U,20580,999,71888,0.00060000000000,0.00015075,0.0000000000000,6872.637,94.503,495.810,493.195,PAYLOAD,LARGE,US,1990-04-24,AFETR,,4673449,283443682,0 HST,1 20580U 90037B   25077.84876591  .00015075  00000-0  60000-3 0  9990,2 20580  28.4684 296.6886 0001902 151.5800 208.4898 15.23763675718882
3.0,GENERATED VIA SPACE-TRACK.ORG API,2025-03-19 17:43:14+00:00,18 SPCS,HST,1990-037B,EARTH,TEME,UTC,SGP4,2025-03-19 15:13:58.559520+00:00,15.23787133,0.00018530,28.4684,291.3737,160.3368,199.7297,0,U,20580,999,71900,0.00060685000000,0.00015256,0.0000000000000,6872.567,94.501,495.705,493.158,PAYLOAD,LARGE,US,1990-04-24,AFETR,,4674121,283489069,0 HST,1 20580U 90037B   25078.63470555  .00015256  00000-0  60685-3 0  9998,2 20580  28.4684 291.3737 0001853 160.3368 199.7297 15.23787133719006
3.0,GENERATED VIA SPACE-TRACK.ORG API,2025-03-20 03:31:02+00:00,18 SPCS,HST,1990-037B,EARTH,TEME,UTC,SGP4,2025-03-19 21:31:13.281600+00:00,15.23797682,0.00018050,28.4683,289.6024,163.5310,196.5343,0,U,20580,999,71904,0.00065762000000,0.00016523,0.0000000000000,6872.535,94.501,495.641,493.160,PAYLOAD,LARGE,US,1990-04-24,AFETR,,4674434,283525592,0 HST,1 20580U 90037B   25078.89668150  .00016523  00000-0  65762-3 0  9995,2 20580  28.4683 289.6024 0001805 163.5310 196.5343 15.23797682719044
3.0,GENERATED VIA SPACE-TRACK.ORG API,2025-03-20 07:06:25+00:00,18 SPCS,HST,1990-037B,EARTH,TEME,UTC,SGP4,2025-03-19 23:05:31.951968+00:00,15.23799690,0.00018180,28.4684,289.1592,164.7659,195.2990,0,U,20580,999,71931,0.00065695000000,0.00016507,0.0000000000000,6872.529,94.501,495.644,493.145,PAYLOAD,LARGE,US,1990-04-24,AFETR,,4674721,283557522,0 HST,1 20580U 90037B   25078.96217537  .00016507  00000-0  65695-3 0  9999,2 20580  28.4684 289.1592 0001818 164.7659 195.2990 15.23799690719318
3.0,GENERATED VIA SPACE-TRACK.ORG API,2025-03-20 19:29:49+00:00,18 SPCS,HST,1990-037B,EARTH,TEME,UTC,SGP4,2025-03-20 14:48:38.376576+00:00,15.23816125,0.00018010,28.4681,284.7300,169.7960,190.2671,0,U,20580,999,71915,0.00051698000000,0.00013035,0.0000000000000,6872.480,94.500,495.582,493.107,PAYLOAD,LARGE,US,1990-04-24,AFETR,,4675094,283571207,0 HST,1 20580U 90037B   25079.61711084  .00013035  00000-0  51698-3 0  9999,2 20580  28.4681 284.7300 0001801 169.7960 190.2671 15.23816125719151
3.0,GENERATED VIA SPACE-TRACK.ORG API,2025-03-21 02:39:39+00:00,18 SPCS,HST,1990-037B,EARTH,TEME,UTC,SGP4,2025-03-20 22:40:11.247168+00:00,15.23827258,0.00018730,28.4679,282.5157,176.3116,183.7492,0,U,20580,999,71920,0.00057535000000,0.00014491,0.0000000000000,6872.446,94.499,495.598,493.024,PAYLOAD,LARGE,US,1990-04-24,AFETR,,4675418,283608786,0 HST,1 20580U 90037B   25079.94457462  .00014491  00000-0  57535-3 0  9995,2 20580  28.4679 282.5157 0001873 176.3116 183.7492 15.23827258719203
3.0,GENERATED VIA SPACE-TRACK.ORG API,2025-03-21 23:06:33+00:00,18 SPCS,HST,1990-037B,EARTH,TEME,UTC,SGP4,2025-03-21 20:40:30.576000+00:00,15.23852505,0.00017880,28.4675,276.3152,187.7202,172.3365,0,U,20580,999,71960,0.00057514000000,0.00014496,0.0000000000000,6872.370,94.497,495.464,493.007,PAYLOAD,LARGE,US,1990-04-24,AFETR,,4676564,283689807,0 HST,1 20580U 90037B   25080.86146500  .00014496  00000-0  57514-3 0  9998,2 20580  28.4675 276.3152 0001788 187.7202 172.3365 15.23852505719602
3.0,GENERATED VIA SPACE-TRACK.ORG API,2025-03-22 03:56:54+00:00,18 SPCS,HST,1990-037B,EARTH,TEME,UTC,SGP4,2025-03-21 20:40:30.576000+00:00,15.23852505,0.00017880,28.4675,276.3152,187.7202,172.3365,0,U,20580,999,71934,0.00057514000000,0.00014496,0.0000000000000,6872.370,94.497,495.464,493.007,PAYLOAD,LARGE,US,1990-04-24,AFETR,,4676626,283695383,0 HST,1 20580U 90037B   25080.86146500  .00014496  00000-0  57514-3 0  9998,2 20580  28.4675 276.3152 0001788 187.7202 172.3365 15.23852505719343
3.0,GENERATED VIA SPACE-TRACK.ORG API,2025-03-22 19:15:20+00:00,18 SPCS,HST,1990-037B,EARTH,TEME,UTC,SGP4,2025-03-22 13:57:53.196480+00:00,15.23879717,0.00017220,28.4671,271.4424,193.9218,166.1329,0,U,20580,999,71945,0.00068761000000,0.00017311,0.0000000000000,6872.288,94.496,495.337,492.970,PAYLOAD,LARGE,US,1990-04-24,AFETR,,4677401,283744478,0 HST,1 20580U 90037B   25081.58186570  .00017311  00000-0  68761-3 0  9994,2 20580  28.4671 271.4424 0001722 193.9218 166.1329 15.23879717719458
3.0,GENERATED VIA SPACE-TRACK.ORG API,2025-03-22 23:06:26+00:00,18 SPCS,HST,1990-037B,EARTH,TEME,UTC,SGP4,2025-03-22 20:15:06.536160+00:00,15.23891410,0.00016720,28.4676,269.6708,198.4869,161.5665,0,U,20580,999,71975,0.00073853000000,0.00018586,0.0000000000000,6872.253,94.495,495.267,492.969,PAYLOAD,LARGE,US,1990-04-24,AFETR,,4677689,283776839,0 HST,1 20580U 90037B   25081.84382565  .00018586  00000-0  73853-3 0  9998,2 20580  28.4676 269.6708 0001672 198.4869 161.5665 15.23891410719752
3.0,GENERATED VIA SPACE-TRACK.ORG API,2025-03-23 03:40:06+00:00,18 SPCS,HST,1990-037B,EARTH,TEME,UTC,SGP4,2025-03-22 21:49:24.854880+00:00,15.23893966,0.00016350,28.4675,269.2272,200.3268,159.7261,0,U,20580,999,71950,0.00074338000000,0.00018709,0.0000000000000,6872.246,94.495,495.234,492.987,PAYLOAD,LARGE,US,1990-04-24,AFETR,,4677771,283783138,0 HST,1 20580U 90037B   25081.90931545  .00018709  00000-0  74338-3 0  9999,2 20580  28.4675 269.2272 0001635 200.3268 159.7261 15.23893966719500
3.0,GENERATED VIA SPACE-TRACK.ORG API,2025-03-23 18:15:00+00:00,18 SPCS,HST,1990-037B,EARTH,TEME,UTC,SGP4,2025-03-23 13:32:27.659328+00:00,15.23914487,0.00015810,28.4671,264.7975,208.9323,151.1183,0,U,20580,999,71960,0.00061628000000,0.00015549,0.0000000000000,6872.184,94.493,495.135,492.962,PAYLOAD,LARGE,US,1990-04-24,AFETR,,4678394,283828332,0 HST,1 20580U 90037B   25082.56420902  .00015549  00000-0  61628-3 0  9999,2 20580  28.4671 264.7975 0001581 208.9323 151.1183 15.23914487719604
3.0,GENERATED VIA SPACE-TRACK.ORG API,2025-03-23 23:16:19+00:00,18 SPCS,HST,1990-037B,EARTH,TEME,UTC,SGP4,2025-03-23 21:23:58.769952+00:00,15.23924958,0.00015690,28.4670,262.5827,212.9844,147.0652,0,U,20580,999,71991,0.00062410000000,0.00015749,0.0000000000000,6872.152,94.493,495.096,492.939,PAYLOAD,LARGE,US,1990-04-24,AFETR,,4678751,283862058,0 HST,1 20580U 90037B   25082.89165243  .00015749  00000-0  62410-3 0  9991,2 20580  28.4670 262.5827 0001569 212.9844 147.0652 15.23924958719917
3.0,GENERATED VIA SPACE-TRACK.ORG API,2025-03-24 19:49:24+00:00,18 SPCS,HST,1990-037B,EARTH,TEME,UTC,SGP4,2025-03-23 21:23:58.770816+00:00,15.23924924,0.00015620,28.4671,262.5827,213.2381,146.8115,0,U,20580,999,71965,0.00062282000000,0.00015717,0.0000000000000,6872.153,94.493,495.091,492.944,PAYLOAD,LARGE,US,1990-04-24,AFETR,,4679439,283912455,0 HST,1 20580U 90037B   25082.89165244  .00015717  00000-0  62282-3 0  9994,2 20580  28.4671 262.5827 0001562 213.2381 146.8115 15.23924924719656
3.0,GENERATED VIA SPACE-TRACK.ORG API,2025-03-25 02:12:31+00:00,18 SPCS,HST,1990-037B,EARTH,TEME,UTC,SGP4,2025-03-24 20:58:30.977760+00:00,15.23955997,0.00015110,28.4669,255.9381,227.3681,132.6786,0,U,20580,999,71980,0.00063770000000,0.00016103,0.0000000000000,6872.059,94.491,494.963,492.886,PAYLOAD,LARGE,US,1990-04-24,AFETR,,4679785,283949789,0 HST,1 20580U 90037B   25083.87396965  .00016103  00000-0  63770-3 0  9992,2 20580  28.4669 255.9381 0001511 227.3681 132.6786 15.23955997719805
3.0,GENERATED VIA SPACE-TRACK.ORG API,2025-03-25 23:06:24+00:00,18 SPCS,HST,1990-037B,EARTH,TEME,UTC,SGP4,2025-03-25 15:50:07.694592+00:00,15.23977642,0.00014920,28.4668,250.6225,238.6947,121.3501,0,U,20580,999,72018,0.00059123000000,0.00014952,0.0000000000000,6871.994,94.490,494.884,492.834,PAYLOAD,LARGE,US,1990-04-24,AFETR,,4680604,284024259,0 HST,1 20580U 90037B   25084.65981128  .00014952  00000-0  59123-3 0  9997,2 20580  28.4668 250.6225 0001492 238.6947 121.3501 15.23977642720185
3.0,GENERATED VIA SPACE-TRACK.ORG API,2025-03-26 02:56:27+00:00,18 SPCS,HST,1990-037B,EARTH,TEME,UTC,SGP4,2025-03-25 17:24:25.697088+00:00,15.23979298,0.00014910,28.4667,250.1794,238.6093,121.4355,0,U,20580,999,71993,0.00058290000000,0.00014745,0.0000000000000,6871.989,94.489,494.879,492.830,PAYLOAD,LARGE,US,1990-04-24,AFETR,,4680658,284030108,0 HST,1 20580U 90037B   25084.72529742  .00014745  00000-0  58290-3 0  9999,2 20580  28.4667 250.1794 0001491 238.6093 121.4355 15.23979298719939
3.0,GENERATED VIA SPACE-TRACK.ORG API,2025-03-26 20:56:00+00:00,18 SPCS,HST,1990-037B,EARTH,TEME,UTC,SGP4,2025-03-26 12:16:01.321824+00:00,15.24000294,0.00014880,28.4664,244.8631,253.7993,106.2438,0,U,20580,999,72005,0.00054200000000,0.00013731,0.0000000000000,6871.926,94.488,494.814,492.768,PAYLOAD,LARGE,US,1990-04-24,AFETR,,4681382,284077474,0 HST,1 20580U 90037B   25085.51112641  .00013731  00000-0  54200-3 0  9994,2 20580  28.4664 244.8631 0001488 253.7993 106.2438 15.24000294720059
3.0,GENERATED VIA SPACE-TRACK.ORG API,2025-03-26 22:56:18+00:00,18 SPCS,HST,1990-037B,EARTH,TEME,UTC,SGP4,2025-03-26 18:33:13.018176+00:00,15.24005857,0.00015250,28.4664,243.0911,258.7259,101.3164,0,U,20580,999,72035,0.00053087000000,0.00013456,0.0000000000000,6871.909,94.488,494.822,492.726,PAYLOAD,LARGE,US,1990-04-24,AFETR,,4681566,284107532,0 HST,1 20580U 90037B   25085.77306734  .00013456  00000-0  53087-3 0  9996,2 20580  28.4664 243.0911 0001525 258.7259 101.3164 15.24005857720358
3.0,GENERATED VIA SPACE-TRACK.ORG API,2025-03-27 02:49:37+00:00,18 SPCS,HST,1990-037B,EARTH,TEME,UTC,SGP4,2025-03-26 18:33:13.018176+00:00,15.24005857,0.00015250,28.4664,243.0911,258.7259,101.3164,0,U,20580,999,72009,0.00053087000000,0.00013456,0.0000000000000,6871.909,94.488,494.822,492.726,PAYLOAD,LARGE,US,1990-04-24,AFETR,,4681624,284112766,0 HST,1 20580U 90037B   25085.77306734  .00013456  00000-0  53087-3 0  9996,2 20580  28.4664 243.0911 0001525 258.7259 101.3164 15.24005857720099
3.0,GENERATED VIA SPACE-TRACK.ORG API,2025-03-27 20:14:59+00:00,18 SPCS,HST,1990-037B,EARTH,TEME,UTC,SGP4,2025-03-27 13:24:47.226816+00:00,15.24031094,0.00015240,28.4668,237.7749,273.7454,86.2966,0,U,20580,999,72021,0.00055801000000,0.00014145,0.0000000000000,6871.833,94.486,494.746,492.651,PAYLOAD,LARGE,US,1990-04-24,AFETR,,4682083,284154047,0 HST,1 20580U 90037B   25086.55887994  .00014145  00000-0  55801-3 0  9997,2 20580  28.4668 237.7749 0001524 273.7454  86.2966 15.24031094720212
3.0,GENERATED VIA SPACE-TRACK.ORG API,2025-03-28 02:54:00+00:00,18 SPCS,HST,1990-037B,EARTH,TEME,UTC,SGP4,2025-03-27 18:07:40.696896+00:00,15.24035327,0.00015300,28.4673,236.4468,277.2829,82.7591,0,U,20580,999,72024,0.00054577000000,0.00013840,0.0000000000000,6871.821,94.486,494.737,492.634,PAYLOAD,LARGE,US,1990-04-24,AFETR,,4682611,284196104,0 HST,1 20580U 90037B   25086.75533214  .00013840  00000-0  54577-3 0  9992,2 20580  28.4673 236.4468 0001530 277.2829  82.7591 15.24035327720245
3.0,GENERATED VIA SPACE-TRACK.ORG API,2025-03-28 15:16:18+00:00,18 SPCS,HST,1990-037B,EARTH,TEME,UTC,SGP4,2025-03-28 11:24:56.000160+00:00,15.24053274,0.00014870,28.4661,231.5705,288.1306,71.9127,0,U,20580,999,72061,0.00044831000000,0.00011408,0.0000000000000,6871.767,94.485,494.654,492.610,PAYLOAD,LARGE,US,1990-04-24,AFETR,,4683213,284235161,0 HST,1 20580U 90037B   25087.47564815  .00011408  00000-0  44831-3 0  9993,2 20580  28.4661 231.5705 0001487 288.1306  71.9127 15.24053274720611
3.0,GENERATED VIA SPACE-TRACK.ORG API,2025-03-28 20:36:09+00:00,18 SPCS,HST,1990-037B,EARTH,TEME,UTC,SGP4,2025-03-28 11:24:56.000160+00:00,15.24053274,0.00014870,28.4661,231.5705,288.1306,71.9127,0,U,20580,999,72035,0.00044831000000,0.00011408,0.0000000000000,6871.767,94.485,494.654,492.610,PAYLOAD,LARGE,US,1990-04-24,AFETR,,4683285,284241305,0 HST,1 20580U 90037B   25087.47564815  .00011408  00000-0  44831-3 0  9993,2 20580  28.4661 231.5705 0001487 288.1306  71.9127 15.24053274720352
3.0,GENERATED VIA SPACE-TRACK.ORG API,2025-03-29 02:24:46+00:00,18 SPCS,HST,1990-037B,EARTH,TEME,UTC,SGP4,2025-03-28 17:42:06.892128+00:00,15.24059510,0.00016060,28.4679,229.8010,288.4991,71.5428,0,U,20580,999,72039,0.00046118000000,0.00011733,0.0000000000000,6871.748,94.484,494.717,492.509,PAYLOAD,LARGE,US,1990-04-24,AFETR,,4683631,284279802,0 HST,1 20580U 90037B   25087.73757977  .00011733  00000-0  46118-3 0  9996,2 20580  28.4679 229.8010 0001606 288.4991  71.5428 15.24059510720399
3.0,GENERATED VIA SPACE-TRACK.ORG API,2025-03-29 17:28:10+00:00,18 SPCS,HST,1990-037B,EARTH,TEME,UTC,SGP4,2025-03-29 01:33:35.321760+00:00,15.24069789,0.00015970,28.4682,227.5861,291.7060,68.3364,0,U,20580,999,72044,0.00050594000000,0.00012857,0.0000000000000,6871.717,94.484,494.680,492.485,PAYLOAD,LARGE,US,1990-04-24,AFETR,,4684192,284323429,0 HST,1 20580U 90037B   25088.06499215  .00012857  00000-0  50594-3 0  9992,2 20580  28.4682 227.5861 0001597 291.7060  68.3364 15.24069789720443
3.0,GENERATED VIA SPACE-TRACK.ORG API,2025-03-29 23:16:20+00:00,18 SPCS,HST,1990-037B,EARTH,TEME,UTC,SGP4,2025-03-29 17:16:31.828512+00:00,15.24083077,0.00016000,28.4682,223.1560,301.0921,58.9516,0,U,20580,999,72080,0.00045726000000,0.00011643,0.0000000000000,6871.677,94.483,494.642,492.443,PAYLOAD,LARGE,US,1990-04-24,AFETR,,4684535,284356900,0 HST,1 20580U 90037B   25088.71981283  .00011643  00000-0  45726-3 0  9998,2 20580  28.4682 223.1560 0001600 301.0921  58.9516 15.24083077720807
3.0,GENERATED VIA SPACE-TRACK.ORG API,2025-03-30 04:28:37+00:00,18 SPCS,HST,1990-037B,EARTH,TEME,UTC,SGP4,2025-03-29 17:16:31.828512+00:00,15.24083077,0.00016000,28.4682,223.1560,301.0921,58.9516,0,U,20580,999,72054,0.00045726000000,0.00011643,0.0000000000000,6871.677,94.483,494.642,492.443,PAYLOAD,LARGE,US,1990-04-24,AFETR,,4684622,284363506,0 HST,1 20580U 90037B   25088.71981283  .00011643  00000-0  45726-3 0  9998,2 20580  28.4682 223.1560 0001600 301.0921  58.9516 15.24083077720548
3.0,GENERATED VIA SPACE-TRACK.ORG API,2025-03-30 17:21:43+00:00,18 SPCS,HST,1990-037B,EARTH,TEME,UTC,SGP4,2025-03-30 15:16:38.028000+00:00,15.24103193,0.00016330,28.4682,216.9538,314.0259,46.0200,0,U,20580,999,72068,0.00043937000000,0.00011201,0.0000000000000,6871.617,94.482,494.604,492.360,PAYLOAD,LARGE,US,1990-04-24,AFETR,,4685273,284409445,0 HST,1 20580U 90037B   25089.63655125  .00011201  00000-0  43937-3 0  9995,2 20580  28.4682 216.9538 0001633 314.0259  46.0200 15.24103193720682
3.0,GENERATED VIA SPACE-TRACK.ORG API,2025-03-31 07:26:20+00:00,18 SPCS,HST,1990-037B,EARTH,TEME,UTC,SGP4,2025-03-31 00:42:23.243616+00:00,15.24111311,0.00016320,28.4681,214.2955,319.3218,40.7254,0,U,20580,999,72100,0.00042089000000,0.00010741,0.0000000000000,6871.592,94.481,494.579,492.336,PAYLOAD,LARGE,US,1990-04-24,AFETR,,4685832,284477993,0 HST,1 20580U 90037B   25090.02943569  .00010741  00000-0  42089-3 0  9997,2 20580  28.4681 214.2955 0001632 319.3218  40.7254 15.24111311721005
3.0,GENERATED VIA SPACE-TRACK.ORG API,2025-03-31 18:51:21+00:00,18 SPCS,HST,1990-037B,EARTH,TEME,UTC,SGP4,2025-03-31 14:51:00.708480+00:00,15.24123827,0.00016790,28.4680,210.3081,327.2053,32.8437,0,U,20580,999,72083,0.00043176000000,0.00011017,0.0000000000000,6871.555,94.481,494.573,492.266,PAYLOAD,LARGE,US,1990-04-24,AFETR,,4686407,284496029,0 HST,1 20580U 90037B   25090.61875820  .00011017  00000-0  43176-3 0  9991,2 20580  28.4680 210.3081 0001679 327.2053  32.8437 15.24123827720837
3.0,GENERATED VIA SPACE-TRACK.ORG API,2025-04-01 15:06:27+00:00,18 SPCS,HST,1990-037B,EARTH,TEME,UTC,SGP4,2025-04-01 11:16:47.377056+00:00,15.24142666,0.00017330,28.4678,204.5482,338.2842,21.7679,0,U,20580,999,72122,0.00042207000000,0.00010781,0.0000000000000,6871.498,94.479,494.554,492.172,PAYLOAD,LARGE,US,1990-04-24,AFETR,,4687258,284570479,0 HST,1 20580U 90037B   25091.46999279  .00010781  00000-0  42207-3 0  9991,2 20580  28.4678 204.5482 0001733 338.2842  21.7679 15.24142666721224
3.0,GENERATED VIA SPACE-TRACK.ORG API,2025-04-01 17:48:34+00:00,18 SPCS,HST,1990-037B,EARTH,TEME,UTC,SGP4,2025-04-01 11:16:47.377056+00:00,15.24142666,0.00017330,28.4678,204.5482,338.2842,21.7679,0,U,20580,999,72096,0.00042207000000,0.00010781,0.0000000000000,6871.498,94.479,494.554,492.172,PAYLOAD,LARGE,US,1990-04-24,AFETR,,4687331,284576631,0 HST,1 20580U 90037B   25091.46999279  .00010781  00000-0  42207-3 0  9991,2 20580  28.4678 204.5482 0001733 338.2842  21.7679 15.24142666720964
3.0,GENERATED VIA SPACE-TRACK.ORG API,2025-04-02 02:26:20+00:00,18 SPCS,HST,1990-037B,EARTH,TEME,UTC,SGP4,2025-04-01 11:16:47.376192+00:00,15.24142639,0.00017340,28.4678,204.5482,338.2290,21.8230,0,U,20580,999,72096,0.00042079000000,0.00010749,0.0000000000000,6871.498,94.479,494.555,492.172,PAYLOAD,LARGE,US,1990-04-24,AFETR,,4687669,284613924,0 HST,1 20580U 90037B   25091.46999278  .00010749  00000-0  42079-3 0  9991,2 20580  28.4678 204.5482 0001734 338.2290  21.8230 15.24142639720966
3.0,GENERATED VIA SPACE-TRACK.ORG API,2025-04-02 15:06:29+00:00,18 SPCS,HST,1990-037B,EARTH,TEME,UTC,SGP4,2025-04-02 13:59:42.408672+00:00,15.24169189,0.00017920,28.4673,197.0153,351.7568,8.2997,0,U,20580,999,72139,0.00049093000000,0.00012518,0.0000000000000,6871.418,94.478,494.515,492.052,PAYLOAD,LARGE,US,1990-04-24,AFETR,,4688281,284654089,0 HST,1 20580U 90037B   25092.58312973  .00012518  00000-0  49093-3 0  9995,2 20580  28.4673 197.0153 0001792 351.7568   8.2997 15.24169189721390
3.0,GENERATED VIA SPACE-TRACK.ORG API,2025-04-03 20:53:45+00:00,18 SPCS,HST,1990-037B,EARTH,TEME,UTC,SGP4,2025-04-03 13:34:01.229664+00:00,15.24195262,0.00018740,28.4674,190.3696,3.4172,356.6435,0,U,20580,999,72128,0.00051173000000,0.00013050,0.0000000000000,6871.340,94.476,494.493,491.917,PAYLOAD,LARGE,US,1990-04-24,AFETR,,4689462,284745428,0 HST,1 20580U 90037B   25093.56529201  .00013050  00000-0  51173-3 0  9992,2 20580  28.4674 190.3696 0001874   3.4172 356.6435 15.24195262721288
3.0,GENERATED VIA SPACE-TRACK.ORG API,2025-04-03 22:56:25+00:00,18 SPCS,HST,1990-037B,EARTH,TEME,UTC,SGP4,2025-04-03 16:42:35.625024+00:00,15.24198890,0.00018630,28.4672,189.4829,4.8803,355.1809,0,U,20580,999,72156,0.00051966000000,0.00013251,0.0000000000000,6871.329,94.476,494.474,491.914,PAYLOAD,LARGE,US,1990-04-24,AFETR,,4689689,284776264,0 HST,1 20580U 90037B   25093.69624566  .00013251  00000-0  51966-3 0  9999,2 20580  28.4672 189.4829 0001863   4.8803 355.1809 15.24198890721567
3.0,GENERATED VIA SPACE-TRACK.ORG API,2025-04-04 02:37:00+00:00,18 SPCS,HST,1990-037B,EARTH,TEME,UTC,SGP4,2025-04-03 16:42:35.617248+00:00,15.24199132,0.00018620,28.4672,189.4829,4.9506,355.1106,0,U,20580,999,72130,0.00052311000000,0.00013338,0.0000000000000,6871.328,94.476,494.473,491.914,PAYLOAD,LARGE,US,1990-04-24,AFETR,,4689766,284782113,0 HST,1 20580U 90037B   25093.69624557  .00013338  00000-0  52311-3 0  9990,2 20580  28.4672 189.4829 0001862   4.9506 355.1106 15.24199132721309
3.0,GENERATED VIA SPACE-TRACK.ORG API,2025-04-04 20:19:44+00:00,18 SPCS,HST,1990-037B,EARTH,TEME,UTC,SGP4,2025-04-04 13:08:18.651840+00:00,15.24219038,0.00019310,28.4672,183.7225,15.2183,344.8469,0,U,20580,999,72143,0.00047553000000,0.00012149,0.0000000000000,6871.269,94.475,494.460,491.807,PAYLOAD,LARGE,US,1990-04-24,AFETR,,4690529,284829835,0 HST,1 20580U 90037B   25094.54743810  .00012149  00000-0  47553-3 0  9990,2 20580  28.4672 183.7225 0001931  15.2183 344.8469 15.24219038721438
3.0,GENERATED VIA SPACE-TRACK.ORG API,2025-04-05 03:40:49+00:00,18 SPCS,HST,1990-037B,EARTH,TEME,UTC,SGP4,2025-04-04 16:16:52.887360+00:00,15.24222461,0.00019450,28.4672,182.8365,16.7245,343.3413,0,U,20580,999,72145,0.00048890000000,0.00012487,0.0000000000000,6871.258,94.474,494.460,491.787,PAYLOAD,LARGE,US,1990-04-24,AFETR,,4690794,284865547,0 HST,1 20580U 90037B   25094.67838990  .00012487  00000-0  48890-3 0  9998,2 20580  28.4672 182.8365 0001945  16.7245 343.3413 15.24222461721452
3.0,GENERATED VIA SPACE-TRACK.ORG API,2025-04-05 07:26:18+00:00,18 SPCS,HST,1990-037B,EARTH,TEME,UTC,SGP4,2025-04-04 22:34:01.241760+00:00,15.24230128,0.00019520,28.4673,181.0642,20.1120,339.9551,0,U,20580,999,72175,0.00050495000000,0.00012893,0.0000000000000,6871.235,94.474,494.441,491.759,PAYLOAD,LARGE,US,1990-04-24,AFETR,,4691197,284900122,0 HST,1 20580U 90037B   25094.94029215  .00012893  00000-0  50495-3 0  9995,2 20580  28.4673 181.0642 0001952  20.1120 339.9551 15.24230128721757
3.0,GENERATED VIA SPACE-TRACK.ORG API,2025-04-06 02:24:40+00:00,18 SPCS,HST,1990-037B,EARTH,TEME,UTC,SGP4,2025-04-05 15:51:08.708544+00:00,15.24248795,0.00020280,28.4674,176.1904,27.5966,332.4736,0,U,20580,999,72160,0.00051163000000,0.00013069,0.0000000000000,6871.179,94.473,494.438,491.651,PAYLOAD,LARGE,US,1990-04-24,AFETR,,4691967,284922684,0 HST,1 20580U 90037B   25095.66051746  .00013069  00000-0  51163-3 0  9998,2 20580  28.4674 176.1904 0002028  27.5966 332.4736 15.24248795721604
3.0,GENERATED VIA SPACE-TRACK.ORG API,2025-04-06 06:56:31+00:00,18 SPCS,HST,1990-037B,EARTH,TEME,UTC,SGP4,2025-04-06 05:59:41.526816+00:00,15.24263889,0.00020820,28.4675,172.2025,33.9053,326.1674,0,U,20580,999,72195,0.00048801000000,0.00012480,0.0000000000000,6871.134,94.472,494.429,491.568,PAYLOAD,LARGE,US,1990-04-24,AFETR,,4692168,284954016,0 HST,1 20580U 90037B   25096.24978619  .00012480  00000-0  48801-3 0  9991,2 20580  28.4675 172.2025 0002082  33.9053 326.1674 15.24263889721954
3.0,GENERATED VIA SPACE-TRACK.ORG API,2025-04-07 03:16:22+00:00,18 SPCS,HST,1990-037B,EARTH,TEME,UTC,SGP4,2025-04-06 21:42:30.841632+00:00,15.24276879,0.00021190,28.4677,167.7717,40.8311,319.2441,0,U,20580,999,72179,0.00042220000000,0.00010827,0.0000000000000,6871.095,94.471,494.416,491.504,PAYLOAD,LARGE,US,1990-04-24,AFETR,,4693017,284977664,0 HST,1 20580U 90037B   25096.90452363  .00010827  00000-0  42220-3 0  9999,2 20580  28.4677 167.7717 0002119  40.8311 319.2441 15.24276879721798
3.0,GENERATED VIA SPACE-TRACK.ORG API,2025-04-07 14:56:34+00:00,18 SPCS,HST,1990-037B,EARTH,TEME,UTC,SGP4,2025-04-07 07:08:12.160608+00:00,15.24285334,0.00021520,28.4677,165.1131,44.4269,315.6498,0,U,20580,999,72211,0.00041478000000,0.00010643,0.0000000000000,6871.069,94.471,494.413,491.456,PAYLOAD,LARGE,US,1990-04-24,AFETR,,4693549,285015641,0 HST,1 20580U 90037B   25097.29736297  .00010643  00000-0  41478-3 0  9993,2 20580  28.4677 165.1131 0002152  44.4269 315.6498 15.24285334722114
3.0,GENERATED VIA SPACE-TRACK.ORG API,2025-04-07 18:02:01+00:00,18 SPCS,HST,1990-037B,EARTH,TEME,UTC,SGP4,2025-04-07 07:08:12.160608+00:00,15.24285334,0.00021520,28.4677,165.1131,44.4269,315.6498,0,U,20580,999,72185,0.00041478000000,0.00010643,0.0000000000000,6871.069,94.471,494.413,491.456,PAYLOAD,LARGE,US,1990-04-24,AFETR,,4693589,285021745,0 HST,1 20580U 90037B   25097.29736297  .00010643  00000-0  41478-3 0  9993,2 20580  28.4677 165.1131 0002152  44.4269 315.6498 15.24285334721854
3.0,GENERATED VIA SPACE-TRACK.ORG API,2025-04-08 02:59:40+00:00,18 SPCS,HST,1990-037B,EARTH,TEME,UTC,SGP4,2025-04-07 21:16:43.875552+00:00,15.24295377,0.00021870,28.4677,161.1254,50.6844,309.3944,0,U,20580,999,72194,0.00036441000000,0.00009377,0.0000000000000,6871.039,94.470,494.407,491.401,PAYLOAD,LARGE,US,1990-04-24,AFETR,,4693973,285059264,0 HST,1 20580U 90037B   25097.88661893  .00009377  00000-0  36441-3 0  9993,2 20580  28.4677 161.1254 0002187  50.6844 309.3944 15.24295377721946
3.0,GENERATED VIA SPACE-TRACK.ORG API,2025-04-08 14:56:26+00:00,18 SPCS,HST,1990-037B,EARTH,TEME,UTC,SGP4,2025-04-08 11:25:15.155904+00:00,15.24308239,0.00022170,28.4677,157.1377,56.0764,304.0041,0,U,20580,999,72229,0.00041460000000,0.00010646,0.0000000000000,6871.000,94.469,494.389,491.342,PAYLOAD,LARGE,US,1990-04-24,AFETR,,4694620,285100116,0 HST,1 20580U 90037B   25098.47586986  .00010646  00000-0  41460-3 0  9996,2 20580  28.4677 157.1377 0002217  56.0764 304.0041 15.24308239722293
3.0,GENERATED VIA SPACE-TRACK.ORG API,2025-04-08 18:04:46+00:00,18 SPCS,HST,1990-037B,EARTH,TEME,UTC,SGP4,2025-04-08 11:25:15.155904+00:00,15.24308239,0.00022170,28.4677,157.1377,56.0764,304.0041,0,U,20580,999,72203,0.00041460000000,0.00010646,0.0000000000000,6871.000,94.469,494.389,491.342,PAYLOAD,LARGE,US,1990-04-24,AFETR,,4694715,285106415,0 HST,1 20580U 90037B   25098.47586986  .00010646  00000-0  41460-3 0  9996,2 20580  28.4677 157.1377 0002217  56.0764 304.0041 15.24308239722035
3.0,GENERATED VIA SPACE-TRACK.ORG API,2025-04-09 03:13:42+00:00,18 SPCS,HST,1990-037B,EARTH,TEME,UTC,SGP4,2025-04-08 20:50:55.788864+00:00,15.24316859,0.00022360,28.4676,154.4791,60.2771,299.8045,0,U,20580,999,72209,0.00042260000000,0.00010850,0.0000000000000,6870.975,94.469,494.376,491.303,PAYLOAD,LARGE,US,1990-04-24,AFETR,,4695033,285143227,0 HST,1 20580U 90037B   25098.86870126  .00010850  00000-0  42260-3 0  9997,2 20580  28.4676 154.4791 0002236  60.2771 299.8045 15.24316859722098
3.0,GENERATED VIA SPACE-TRACK.ORG API,2025-04-09 19:37:26+00:00,18 SPCS,HST,1990-037B,EARTH,TEME,UTC,SGP4,2025-04-09 10:59:26.373696+00:00,15.24330044,0.00022560,28.4677,150.4913,65.6904,294.3926,0,U,20580,999,72218,0.00045853000000,0.00011761,0.0000000000000,6870.935,94.468,494.350,491.250,PAYLOAD,LARGE,US,1990-04-24,AFETR,,4696786,285215758,0 HST,1 20580U 90037B   25099.45794414  .00011761  00000-0  45853-3 0  9991,2 20580  28.4677 150.4913 0002256  65.6904 294.3926 15.24330044722180
3.0,GENERATED VIA SPACE-TRACK.ORG API,2025-04-10 04:45:12+00:00,18 SPCS,HST,1990-037B,EARTH,TEME,UTC,SGP4,2025-04-09 10:59:26.370240+00:00,15.24330248,0.00022590,28.4677,150.4913,65.5824,294.5006,0,U,20580,999,72218,0.00046631000000,0.00011957,0.0000000000000,6870.934,94.468,494.351,491.247,PAYLOAD,LARGE,US,1990-04-24,AFETR,,4697278,285255582,0 HST,1 20580U 90037B   25099.45794410  .00011957  00000-0  46631-3 0  9999,2 20580  28.4677 150.4913 0002259  65.5824 294.5006 15.24330248722180
3.0,GENERATED VIA SPACE-TRACK.ORG API,2025-04-10 06:56:18+00:00,18 SPCS,HST,1990-037B,EARTH,TEME,UTC,SGP4,2025-04-10 05:50:46.429152+00:00,15.24347534,0.00022830,28.4675,145.1739,73.0273,287.0572,0,U,20580,999,72256,0.00043100000000,0.00011072,0.0000000000000,6870.882,94.467,494.316,491.179,PAYLOAD,LARGE,US,1990-04-24,AFETR,,4697499,285286429,0 HST,1 20580U 90037B   25100.24359293  .00011072  00000-0  43100-3 0  9991,2 20580  28.4675 145.1739 0002283  73.0273 287.0572 15.24347534722567
3.0,GENERATED VIA SPACE-TRACK.ORG API,2025-04-10 23:30:38+00:00,18 SPCS,HST,1990-037B,EARTH,TEME,UTC,SGP4,2025-04-10 10:33:36.362880+00:00,15.24350674,0.00022810,28.4675,143.8446,74.9872,285.0974,0,U,20580,999,72233,0.00042212000000,0.00010849,0.0000000000000,6870.873,94.466,494.305,491.171,PAYLOAD,LARGE,US,1990-04-24,AFETR,,4698059,285303989,0 HST,1 20580U 90037B   25100.44000420  .00010849  00000-0  42212-3 0  9992,2 20580  28.4675 143.8446 0002281  74.9872 285.0974 15.24350674722338
3.0,GENERATED VIA SPACE-TRACK.ORG API,2025-04-11 02:29:26+00:00,18 SPCS,HST,1990-037B,EARTH,TEME,UTC,SGP4,2025-04-10 10:33:36.364608+00:00,15.24349915,0.00022830,28.4676,143.8446,74.8670,285.2177,0,U,20580,999,72233,0.00039709000000,0.00010217,0.0000000000000,6870.875,94.466,494.309,491.172,PAYLOAD,LARGE,US,1990-04-24,AFETR,,4698154,285335343,0 HST,1 20580U 90037B   25100.44000422  .00010217  00000-0  39709-3 0  9990,2 20580  28.4676 143.8446 0002283  74.8670 285.2177 15.24349915722339
3.0,GENERATED VIA SPACE-TRACK.ORG API,2025-04-11 22:06:17+00:00,18 SPCS,HST,1990-037B,EARTH,TEME,UTC,SGP4,2025-04-11 10:07:45.190848+00:00,15.24371495,0.00023000,28.4673,137.1977,84.3895,275.6961,0,U,20580,999,72274,0.00043116000000,0.00011084,0.0000000000000,6870.810,94.465,494.256,491.095,PAYLOAD,LARGE,US,1990-04-24,AFETR,,4698870,285375605,0 HST,1 20580U 90037B   25101.42205082  .00011084  00000-0  43116-3 0  9998,2 20580  28.4673 137.1977 0002300  84.3895 275.6961 15.24371495722743
3.0,GENERATED VIA SPACE-TRACK.ORG API,2025-04-12 03:00:55+00:00,18 SPCS,HST,1990-037B,EARTH,TEME,UTC,SGP4,2025-04-11 10:07:45.202944+00:00,15.24369897,0.00022990,28.4673,137.1977,84.3585,275.7272,0,U,20580,999,72248,0.00038267000000,0.00009859,0.0000000000000,6870.815,94.465,494.260,491.101,PAYLOAD,LARGE,US,1990-04-24,AFETR,,4699215,285388744,0 HST,1 20580U 90037B   25101.42205096  .00009859  00000-0  38267-3 0  9991,2 20580  28.4673 137.1977 0002299  84.3585 275.7272 15.24369897722486
3.0,GENERATED VIA SPACE-TRACK.ORG API,2025-04-12 22:09:39+00:00,18 SPCS,HST,1990-037B,EARTH,TEME,UTC,SGP4,2025-04-12 09:41:52.909440+00:00,15.24390846,0.00023060,28.4670,130.5504,93.6001,266.4857,0,U,20580,999,72263,0.00041790000000,0.00010755,0.0000000000000,6870.752,94.464,494.202,491.033,PAYLOAD,LARGE,US,1990-04-24,AFETR,,4699941,285435806,0 HST,1 20580U 90037B   25102.40408460  .00010755  00000-0  41790-3 0  9992,2 20580  28.4670 130.5504 0002306  93.6001 266.4857 15.24390846722632
3.0,GENERATED VIA SPACE-TRACK.ORG API,2025-04-12 23:16:18+00:00,18 SPCS,HST,1990-037B,EARTH,TEME,UTC,SGP4,2025-04-12 17:33:15.240096+00:00,15.24397518,0.00023150,28.4669,128.3345,96.8250,263.2608,0,U,20580,999,72294,0.00041129000000,0.00010590,0.0000000000000,6870.732,94.464,494.188,491.007,PAYLOAD,LARGE,US,1990-04-24,AFETR,,4700213,285467543,0 HST,1 20580U 90037B   25102.73142639  .00010590  00000-0  41129-3 0  9994,2 20580  28.4669 128.3345 0002315  96.8250 263.2608 15.24397518722945
3.0,GENERATED VIA SPACE-TRACK.ORG API,2025-04-13 03:46:00+00:00,18 SPCS,HST,1990-037B,EARTH,TEME,UTC,SGP4,2025-04-12 17:33:15.240096+00:00,15.24397518,0.00023150,28.4669,128.3345,96.8250,263.2608,0,U,20580,999,72268,0.00041129000000,0.00010590,0.0000000000000,6870.732,94.464,494.188,491.007,PAYLOAD,LARGE,US,1990-04-24,AFETR,,4700252,285472961,0 HST,1 20580U 90037B   25102.73142639  .00010590  00000-0  41129-3 0  9994,2 20580  28.4669 128.3345 0002315  96.8250 263.2608 15.24397518722686
3.0,GENERATED VIA SPACE-TRACK.ORG API,2025-04-14 03:05:54+00:00,18 SPCS,HST,1990-037B,EARTH,TEME,UTC,SGP4,2025-04-13 17:07:21.390528+00:00,15.24418143,0.00023020,28.4667,121.6870,106.3838,253.7009,0,U,20580,999,72283,0.00040311000000,0.00010390,0.0000000000000,6870.670,94.462,494.117,490.954,PAYLOAD,LARGE,US,1990-04-24,AFETR,,4701263,285527493,0 HST,1 20580U 90037B   25103.71344202  .00010390  00000-0  40311-3 0  9993,2 20580  28.4667 121.6870 0002302 106.3838 253.7009 15.24418143722832
3.0,GENERATED VIA SPACE-TRACK.ORG API,2025-04-14 06:56:35+00:00,18 SPCS,HST,1990-037B,EARTH,TEME,UTC,SGP4,2025-04-14 04:07:15.920256+00:00,15.24425514,0.00022990,28.4666,118.5846,110.7701,249.3139,0,U,20580,999,72316,0.00036811000000,0.00009507,0.0000000000000,6870.648,94.462,494.093,490.933,PAYLOAD,LARGE,US,1990-04-24,AFETR,,4701496,285558156,0 HST,1 20580U 90037B   25104.17171204  .00009507  00000-0  36811-3 0  9992,2 20580  28.4666 118.5846 0002299 110.7701 249.3139 15.24425514723164
3.0,GENERATED VIA SPACE-TRACK.ORG API,2025-04-15 02:40:58+00:00,18 SPCS,HST,1990-037B,EARTH,TEME,UTC,SGP4,2025-04-14 16:41:26.541312+00:00,15.24435175,0.00022730,28.4667,115.0392,115.3361,244.7469,0,U,20580,999,72298,0.00036641000000,0.00009467,0.0000000000000,6870.619,94.461,494.046,490.922,PAYLOAD,LARGE,US,1990-04-24,AFETR,,4702223,285579606,0 HST,1 20580U 90037B   25104.69544608  .00009467  00000-0  36641-3 0  9997,2 20580  28.4667 115.0392 0002273 115.3361 244.7469 15.24435175722986
3.0,GENERATED VIA SPACE-TRACK.ORG API,2025-04-15 15:06:43+00:00,18 SPCS,HST,1990-037B,EARTH,TEME,UTC,SGP4,2025-04-15 06:49:53.179392+00:00,15.24445431,0.00022680,28.4666,111.0506,121.3580,238.7237,0,U,20580,999,72333,0.00036439000000,0.00009419,0.0000000000000,6870.588,94.461,494.011,490.895,PAYLOAD,LARGE,US,1990-04-24,AFETR,,4702872,285619903,0 HST,1 20580U 90037B   25105.28464328  .00009419  00000-0  36439-3 0  9995,2 20580  28.4666 111.0506 0002268 121.3580 238.7237 15.24445431723334
3.0,GENERATED VIA SPACE-TRACK.ORG API,2025-04-15 18:47:20+00:00,18 SPCS,HST,1990-037B,EARTH,TEME,UTC,SGP4,2025-04-15 06:49:53.179392+00:00,15.24445431,0.00022680,28.4666,111.0506,121.3580,238.7237,0,U,20580,999,72307,0.00036439000000,0.00009419,0.0000000000000,6870.588,94.461,494.011,490.895,PAYLOAD,LARGE,US,1990-04-24,AFETR,,4702934,285626061,0 HST,1 20580U 90037B   25105.28464328  .00009419  00000-0  36439-3 0  9995,2 20580  28.4666 111.0506 0002268 121.3580 238.7237 15.24445431723075
3.0,GENERATED VIA SPACE-TRACK.ORG API,2025-04-16 18:21:57+00:00,18 SPCS,HST,1990-037B,EARTH,TEME,UTC,SGP4,2025-04-16 01:41:08.129472+00:00,15.24460810,0.00022460,28.4665,105.7327,128.5364,231.5431,0,U,20580,999,72319,0.00040208000000,0.00010377,0.0000000000000,6870.542,94.460,493.950,490.864,PAYLOAD,LARGE,US,1990-04-24,AFETR,,4703859,285706618,0 HST,1 20580U 90037B   25106.07023298  .00010377  00000-0  40208-3 0  9994,2 20580  28.4665 105.7327 0002246 128.5364 231.5431 15.24460810723198
3.0,GENERATED VIA SPACE-TRACK.ORG API,2025-04-16 23:16:33+00:00,18 SPCS,HST,1990-037B,EARTH,TEME,UTC,SGP4,2025-04-16 15:49:33.897504+00:00,15.24471247,0.00022070,28.4667,101.7441,134.7568,225.3206,0,U,20580,999,72354,0.00039313000000,0.00010154,0.0000000000000,6870.511,94.459,493.892,490.859,PAYLOAD,LARGE,US,1990-04-24,AFETR,,4704227,285740641,0 HST,1 20580U 90037B   25106.65942011  .00010154  00000-0  39313-3 0  9999,2 20580  28.4667 101.7441 0002207 134.7568 225.3206 15.24471247723541
3.0,GENERATED VIA SPACE-TRACK.ORG API,2025-04-17 02:55:09+00:00,18 SPCS,HST,1990-037B,EARTH,TEME,UTC,SGP4,2025-04-16 15:49:33.897504+00:00,15.24471247,0.00022070,28.4667,101.7441,134.7568,225.3206,0,U,20580,999,72328,0.00039313000000,0.00010154,0.0000000000000,6870.511,94.459,493.892,490.859,PAYLOAD,LARGE,US,1990-04-24,AFETR,,4704298,285747083,0 HST,1 20580U 90037B   25106.65942011  .00010154  00000-0  39313-3 0  9999,2 20580  28.4667 101.7441 0002207 134.7568 225.3206 15.24471247723282
3.0,GENERATED VIA SPACE-TRACK.ORG API,2025-04-17 18:03:48+00:00,18 SPCS,HST,1990-037B,EARTH,TEME,UTC,SGP4,2025-04-17 04:23:43.058400+00:00,15.24484323,0.00021960,28.4668,98.1987,139.6618,220.4139,0,U,20580,999,72336,0.00043861000000,0.00011310,0.0000000000000,6870.471,94.458,493.845,490.828,PAYLOAD,LARGE,US,1990-04-24,AFETR,,4704653,285784640,0 HST,1 20580U 90037B   25107.18313725  .00011310  00000-0  43861-3 0  9990,2 20580  28.4668  98.1987 0002196 139.6618 220.4139 15.24484323723363
3.0,GENERATED VIA SPACE-TRACK.ORG API,2025-04-18 02:23:54+00:00,18 SPCS,HST,1990-037B,EARTH,TEME,UTC,SGP4,2025-04-17 23:14:56.275296+00:00,15.24497967,0.00021600,28.4670,92.8807,148.0277,212.0448,0,U,20580,999,72348,0.00038082000000,0.00009850,0.0000000000000,6870.430,94.457,493.779,490.811,PAYLOAD,LARGE,US,1990-04-24,AFETR,,4705238,285828474,0 HST,1 20580U 90037B   25107.96870689  .00009850  00000-0  38082-3 0  9998,2 20580  28.4670  92.8807 0002160 148.0277 212.0448 15.24497967723485
3.0,GENERATED VIA SPACE-TRACK.ORG API,2025-04-18 06:56:18+00:00,18 SPCS,HST,1990-037B,EARTH,TEME,UTC,SGP4,2025-04-18 03:57:44.453376+00:00,15.24500810,0.00021380,28.4670,91.5512,148.0613,212.0111,0,U,20580,999,72377,0.00033399000000,0.00008664,0.0000000000000,6870.422,94.457,493.756,490.818,PAYLOAD,LARGE,US,1990-04-24,AFETR,,4705472,285858296,0 HST,1 20580U 90037B   25108.16509784  .00008664  00000-0  33399-3 0  9994,2 20580  28.4670  91.5512 0002138 148.0613 212.0111 15.24500810723774
3.0,GENERATED VIA SPACE-TRACK.ORG API,2025-04-20 03:24:42+00:00,18 SPCS,HST,1990-037B,EARTH,TEME,UTC,SGP4,2025-04-19 22:22:56.518176+00:00,15.24532462,0.00020210,28.4674,79.5852,165.4315,194.6338,0,U,20580,999,72378,0.00034518000000,0.00008956,0.0000000000000,6870.327,94.455,493.580,490.803,PAYLOAD,LARGE,US,1990-04-24,AFETR,,4707095,285900140,0 HST,1 20580U 90037B   25109.93259859  .00008956  00000-0  34518-3 0  9993,2 20580  28.4674  79.5852 0002021 165.4315 194.6338 15.24532462723789
3.0,GENERATED VIA SPACE-TRACK.ORG API,2025-04-20 06:56:36+00:00,18 SPCS,HST,1990-037B,EARTH,TEME,UTC,SGP4,2025-04-20 03:05:44.265984+00:00,15.24538580,0.00020490,28.4676,78.2549,167.9886,192.0757,0,U,20580,999,72407,0.00039258000000,0.00010160,0.0000000000000,6870.308,94.455,493.581,490.766,PAYLOAD,LARGE,US,1990-04-24,AFETR,,4707340,285931780,0 HST,1 20580U 90037B   25110.12898456  .00010160  00000-0  39258-3 0  9994,2 20580  28.4676  78.2549 0002049 167.9886 192.0757 15.24538580724077
3.0,GENERATED VIA SPACE-TRACK.ORG API,2025-04-21 03:51:54+00:00,18 SPCS,HST,1990-037B,EARTH,TEME,UTC,SGP4,2025-04-20 03:05:44.265984+00:00,15.24538580,0.00020490,28.4676,78.2549,167.9889,192.0754,0,U,20580,999,72381,0.00039258000000,0.00010160,0.0000000000000,6870.308,94.455,493.581,490.766,PAYLOAD,LARGE,US,1990-04-24,AFETR,,4707994,285951856,0 HST,1 20580U 90037B   25110.12898456  .00010160  00000-0  39258-3 0  9994,2 20580  28.4676  78.2549 0002049 167.9889 192.0754 15.24538580723818
3.0,GENERATED VIA SPACE-TRACK.ORG API,2025-04-21 18:27:13+00:00,18 SPCS,HST,1990-037B,EARTH,TEME,UTC,SGP4,2025-04-21 02:39:42.646464+00:00,15.24556006,0.00019940,28.4678,71.6070,178.2976,181.7625,0,U,20580,999,72396,0.00036328000000,0.00009421,0.0000000000000,6870.256,94.454,493.491,490.751,PAYLOAD,LARGE,US,1990-04-24,AFETR,,4708562,285994974,0 HST,1 20580U 90037B   25111.11091026  .00009421  00000-0  36328-3 0  9995,2 20580  28.4678  71.6070 0001994 178.2976 181.7625 15.24556006723967
3.0,GENERATED VIA SPACE-TRACK.ORG API,2025-04-22 03:07:59+00:00,18 SPCS,HST,1990-037B,EARTH,TEME,UTC,SGP4,2025-04-21 23:05:08.325024+00:00,15.24575701,0.00018930,28.4679,65.8454,186.9971,173.0597,0,U,20580,999,72409,0.00042986000000,0.00011118,0.0000000000000,6870.197,94.453,493.362,490.761,PAYLOAD,LARGE,US,1990-04-24,AFETR,,4708852,286031345,0 HST,1 20580U 90037B   25111.96190191  .00011118  00000-0  42986-3 0  9994,2 20580  28.4679  65.8454 0001893 186.9971 173.0597 15.24575701724098
3.0,GENERATED VIA SPACE-TRACK.ORG API,2025-04-22 06:56:18+00:00,18 SPCS,HST,1990-037B,EARTH,TEME,UTC,SGP4,2025-04-22 02:13:39.887328+00:00,15.24578373,0.00018920,28.4680,64.9590,189.6854,170.3704,0,U,20580,999,72437,0.00042882000000,0.00011093,0.0000000000000,6870.189,94.452,493.354,490.754,PAYLOAD,LARGE,US,1990-04-24,AFETR,,4709094,286062220,0 HST,1 20580U 90037B   25112.09282277  .00011093  00000-0  42882-3 0  9993,2 20580  28.4680  64.9590 0001892 189.6854 170.3704 15.24578373724379
3.0,GENERATED VIA SPACE-TRACK.ORG API,2025-04-22 17:47:39+00:00,18 SPCS,HST,1990-037B,EARTH,TEME,UTC,SGP4,2025-04-22 02:13:39.887328+00:00,15.24578373,0.00018920,28.4680,64.9590,189.6854,170.3704,0,U,20580,999,72411,0.00042882000000,0.00011093,0.0000000000000,6870.189,94.452,493.354,490.754,PAYLOAD,LARGE,US,1990-04-24,AFETR,,4709436,286074673,0 HST,1 20580U 90037B   25112.09282277  .00011093  00000-0  42882-3 0  9993,2 20580  28.4680  64.9590 0001892 189.6854 170.3704 15.24578373724111
3.0,GENERATED VIA SPACE-TRACK.ORG API,2025-04-23 03:17:08+00:00,18 SPCS,HST,1990-037B,EARTH,TEME,UTC,SGP4,2025-04-22 22:39:04.631904+00:00,15.24593795,0.00018130,28.4682,59.1969,199.1762,160.8764,0,U,20580,999,72424,0.00038572000000,0.00010002,0.0000000000000,6870.142,94.451,493.253,490.762,PAYLOAD,LARGE,US,1990-04-24,AFETR,,4709740,286111001,0 HST,1 20580U 90037B   25112.94380361  .00010002  00000-0  38572-3 0  9990,2 20580  28.4682  59.1969 0001813 199.1762 160.8764 15.24593795724245
3.0,GENERATED VIA SPACE-TRACK.ORG API,2025-04-24 03:13:41+00:00,18 SPCS,HST,1990-037B,EARTH,TEME,UTC,SGP4,2025-04-23 22:12:59.755968+00:00,15.24613025,0.00020730,28.4683,52.5468,210.5540,149.4933,0,U,20580,999,72439,0.00037826000000,0.00009818,0.0000000000000,6870.085,94.450,493.374,490.526,PAYLOAD,LARGE,US,1990-04-24,AFETR,,4710120,286149468,0 HST,1 20580U 90037B   25113.92569162  .00009818  00000-0  37826-3 0  9991,2 20580  28.4683  52.5468 0002073 210.5540 149.4933 15.24613025724394
3.0,GENERATED VIA SPACE-TRACK.ORG API,2025-04-25 02:06:20+00:00,18 SPCS,HST,1990-037B,EARTH,TEME,UTC,SGP4,2025-04-23 22:12:59.752512+00:00,15.24613030,0.00020800,28.4683,52.5467,210.5811,149.4663,0,U,20580,999,72465,0.00037831000000,0.00009819,0.0000000000000,6870.085,94.450,493.379,490.521,PAYLOAD,LARGE,US,1990-04-24,AFETR,,4711322,286202466,0 HST,1 20580U 90037B   25113.92569158  .00009819  00000-0  37831-3 0  9993,2 20580  28.4683  52.5467 0002080 210.5811 149.4663 15.24613030724657
3.0,GENERATED VIA SPACE-TRACK.ORG API,2025-04-25 02:52:53+00:00,18 SPCS,HST,1990-037B,EARTH,TEME,UTC,SGP4,2025-04-23 22:12:59.742144+00:00,15.24614383,0.00020760,28.4683,52.5468,210.4091,149.6383,0,U,20580,999,72439,0.00040958000000,0.00010615,0.0000000000000,6870.081,94.450,493.372,490.519,PAYLOAD,LARGE,US,1990-04-24,AFETR,,4711435,286209889,0 HST,1 20580U 90037B   25113.92569146  .00010615  00000-0  40958-3 0  9990,2 20580  28.4683  52.5468 0002076 210.4091 149.6383 15.24614383724396
3.0,GENERATED VIA SPACE-TRACK.ORG API,2025-04-25 07:06:41+00:00,18 SPCS,HST,1990-037B,EARTH,TEME,UTC,SGP4,2025-04-24 23:21:09.372096+00:00,15.24637457,0.00020030,28.4686,45.4568,223.3430,136.7007,0,U,20580,999,72481,0.00043850000000,0.00011359,0.0000000000000,6870.011,94.449,493.252,490.500,PAYLOAD,LARGE,US,1990-04-24,AFETR,,4711711,286241828,0 HST,1 20580U 90037B   25114.97302514  .00011359  00000-0  43850-3 0  9990,2 20580  28.4686  45.4568 0002003 223.3430 136.7007 15.24637457724815
3.0,GENERATED VIA SPACE-TRACK.ORG API,2025-04-25 20:55:31+00:00,18 SPCS,HST,1990-037B,EARTH,TEME,UTC,SGP4,2025-04-25 11:55:13.663488+00:00,15.24647514,0.00019810,28.4688,41.9111,229.8947,130.1473,0,U,20580,999,72463,0.00040356000000,0.00010472,0.0000000000000,6869.981,94.448,493.207,490.485,PAYLOAD,LARGE,US,1990-04-24,AFETR,,4712095,286255530,0 HST,1 20580U 90037B   25115.49668592  .00010472  00000-0  40356-3 0  9992,2 20580  28.4688  41.9111 0001981 229.8947 130.1473 15.24647514724630
3.0,GENERATED VIA SPACE-TRACK.ORG API,2025-04-26 07:06:45+00:00,18 SPCS,HST,1990-037B,EARTH,TEME,UTC,SGP4,2025-04-26 02:03:33.067296+00:00,15.24661028,0.00019890,28.4689,37.9217,236.7746,123.2658,0,U,20580,999,72498,0.00041187000000,0.00010688,0.0000000000000,6869.940,94.447,493.172,490.439,PAYLOAD,LARGE,US,1990-04-24,AFETR,,4712711,286384758,0 HST,1 20580U 90037B   25116.08579939  .00010688  00000-0  41187-3 0  9996,2 20580  28.4689  37.9217 0001989 236.7746 123.2658 15.24661028724987
3.0,GENERATED VIA SPACE-TRACK.ORG API,2025-04-27 02:38:33+00:00,18 SPCS,HST,1990-037B,EARTH,TEME,UTC,SGP4,2025-04-26 20:54:38.265408+00:00,15.24679374,0.00019880,28.4690,32.6031,246.3746,113.6639,0,U,20580,999,72484,0.00042900000000,0.00011130,0.0000000000000,6869.885,94.446,493.116,490.385,PAYLOAD,LARGE,US,1990-04-24,AFETR,,4713460,286407129,0 HST,1 20580U 90037B   25116.87127622  .00011130  00000-0  42900-3 0  9998,2 20580  28.4690  32.6031 0001988 246.3746 113.6639 15.24679374724841
3.0,GENERATED VIA SPACE-TRACK.ORG API,2025-04-27 14:56:18+00:00,18 SPCS,HST,1990-037B,EARTH,TEME,UTC,SGP4,2025-04-27 11:02:56.730912+00:00,15.24691090,0.00019250,28.4692,28.6143,252.6793,107.3591,0,U,20580,999,72519,0.00040300000000,0.00010471,0.0000000000000,6869.850,94.445,493.038,490.393,PAYLOAD,LARGE,US,1990-04-24,AFETR,,4713997,286444390,0 HST,1 20580U 90037B   25117.46037883  .00010471  00000-0  40300-3 0  9992,2 20580  28.4692  28.6143 0001925 252.6793 107.3591 15.24691090725190
3.0,GENERATED VIA SPACE-TRACK.ORG API,2025-04-27 18:35:14+00:00,18 SPCS,HST,1990-037B,EARTH,TEME,UTC,SGP4,2025-04-27 11:02:56.730912+00:00,15.24691090,0.00019250,28.4692,28.6143,252.6793,107.3591,0,U,20580,999,72493,0.00040300000000,0.00010471,0.0000000000000,6869.850,94.445,493.038,490.393,PAYLOAD,LARGE,US,1990-04-24,AFETR,,4714063,286450634,0 HST,1 20580U 90037B   25117.46037883  .00010471  00000-0  40300-3 0  9992,2 20580  28.4692  28.6143 0001925 252.6793 107.3591 15.24691090724931
3.0,GENERATED VIA SPACE-TRACK.ORG API,2025-04-28 03:18:57+00:00,18 SPCS,HST,1990-037B,EARTH,TEME,UTC,SGP4,2025-04-27 20:28:28.755840+00:00,15.24700783,0.00019380,28.4693,25.9548,258.0468,101.9909,0,U,20580,999,72499,0.00043512000000,0.00011294,0.0000000000000,6869.821,94.445,493.017,490.355,PAYLOAD,LARGE,US,1990-04-24,AFETR,,4714383,286486961,0 HST,1 20580U 90037B   25117.85311060  .00011294  00000-0  43512-3 0  9999,2 20580  28.4693  25.9548 0001938 258.0468 101.9909 15.24700783724993
3.0,GENERATED VIA SPACE-TRACK.ORG API,2025-04-28 22:56:25+00:00,18 SPCS,HST,1990-037B,EARTH,TEME,UTC,SGP4,2025-04-28 18:28:02.837856+00:00,15.24718175,0.00019370,28.4696,19.7492,268.7561,91.2811,0,U,20580,999,72539,0.00037134000000,0.00009672,0.0000000000000,6869.769,94.444,492.965,490.303,PAYLOAD,LARGE,US,1990-04-24,AFETR,,4715245,286533004,0 HST,1 20580U 90037B   25118.76947729  .00009672  00000-0  37134-3 0  9997,2 20580  28.4696  19.7492 0001937 268.7561  91.2811 15.24718175725398
3.0,GENERATED VIA SPACE-TRACK.ORG API,2025-04-29 04:35:25+00:00,18 SPCS,HST,1990-037B,EARTH,TEME,UTC,SGP4,2025-04-28 21:36:33.310656+00:00,15.24721539,0.00019520,28.4697,18.8626,270.3861,89.6509,0,U,20580,999,72515,0.00038476000000,0.00010015,0.0000000000000,6869.759,94.443,492.965,490.283,PAYLOAD,LARGE,US,1990-04-24,AFETR,,4715285,286538712,0 HST,1 20580U 90037B   25118.90038554  .00010015  00000-0  38476-3 0  9993,2 20580  28.4697  18.8626 0001952 270.3861  89.6509 15.24721539725154
3.0,GENERATED VIA SPACE-TRACK.ORG API,2025-05-02 02:06:20+00:00,18 SPCS,HST,1990-037B,EARTH,TEME,UTC,SGP4,2025-05-01 21:52:09.768288+00:00,15.24779315,0.00019660,28.4692,358.4728,305.9279,54.1133,0,U,20580,999,72587,0.00036641000000,0.00009564,0.0000000000000,6869.585,94.440,492.801,490.100,PAYLOAD,LARGE,US,1990-04-24,AFETR,,4716458,286591005,0 HST,1 20580U 90037B   25121.91122417  .00009564  00000-0  36641-3 0  9999,2 20580  28.4692 358.4728 0001966 305.9279  54.1133 15.24779315725872
3.0,GENERATED VIA SPACE-TRACK.ORG API,2025-05-02 02:33:21+00:00,18 SPCS,HST,1990-037B,EARTH,TEME,UTC,SGP4,2025-05-01 20:17:54.736224+00:00,15.24778194,0.00020140,28.4695,358.9161,305.3126,54.7280,0,U,20580,999,72560,0.00037131000000,0.00009689,0.0000000000000,6869.589,94.440,492.837,490.070,PAYLOAD,LARGE,US,1990-04-24,AFETR,,4716572,286598911,0 HST,1 20580U 90037B   25121.84577241  .00009689  00000-0  37131-3 0  9993,2 20580  28.4695 358.9161 0002014 305.3126  54.7280 15.24778194725605
3.0,GENERATED VIA SPACE-TRACK.ORG API,2025-05-02 17:35:09+00:00,18 SPCS,HST,1990-037B,EARTH,TEME,UTC,SGP4,2025-05-02 01:00:39.829824+00:00,15.24781728,0.00019950,28.4694,357.5865,307.7581,52.2832,0,U,20580,999,72563,0.00036363000000,0.00009493,0.0000000000000,6869.578,94.440,492.813,490.072,PAYLOAD,LARGE,US,1990-04-24,AFETR,,4716995,286668679,0 HST,1 20580U 90037B   25122.04212766  .00009493  00000-0  36363-3 0  9993,2 20580  28.4694 357.5865 0001995 307.7581  52.2832 15.24781728725634
3.0,GENERATED VIA SPACE-TRACK.ORG API,2025-05-03 02:26:48+00:00,18 SPCS,HST,1990-037B,EARTH,TEME,UTC,SGP4,2025-05-02 23:00:09.646272+00:00,15.24802119,0.00020640,28.4692,351.3807,318.3645,41.6792,0,U,20580,999,72577,0.00040797000000,0.00010633,0.0000000000000,6869.517,94.438,492.800,489.964,PAYLOAD,LARGE,US,1990-04-24,AFETR,,4717276,286704718,0 HST,1 20580U 90037B   25122.95844498  .00010633  00000-0  40797-3 0  9990,2 20580  28.4692 351.3807 0002064 318.3645  41.6792 15.24802119725777
3.0,GENERATED VIA SPACE-TRACK.ORG API,2025-05-03 07:26:19+00:00,18 SPCS,HST,1990-037B,EARTH,TEME,UTC,SGP4,2025-05-03 00:34:24.595392+00:00,15.24803224,0.00020520,28.4692,350.9378,318.9685,41.0754,0,U,20580,999,72604,0.00040013000000,0.00010433,0.0000000000000,6869.513,94.438,492.788,489.969,PAYLOAD,LARGE,US,1990-04-24,AFETR,,4717635,286737841,0 HST,1 20580U 90037B   25123.02389578  .00010433  00000-0  40013-3 0  9991,2 20580  28.4692 350.9378 0002052 318.9685  41.0754 15.24803224726043
3.0,GENERATED VIA SPACE-TRACK.ORG API,2025-05-03 17:28:03+00:00,18 SPCS,HST,1990-037B,EARTH,TEME,UTC,SGP4,2025-05-03 00:34:24.595392+00:00,15.24803224,0.00020520,28.4692,350.9378,318.9685,41.0754,0,U,20580,999,72578,0.00040013000000,0.00010433,0.0000000000000,6869.513,94.438,492.788,489.969,PAYLOAD,LARGE,US,1990-04-24,AFETR,,4717971,286751091,0 HST,1 20580U 90037B   25123.02389578  .00010433  00000-0  40013-3 0  9991,2 20580  28.4692 350.9378 0002052 318.9685  41.0754 15.24803224725783
3.0,GENERATED VIA SPACE-TRACK.ORG API,2025-05-04 02:26:54+00:00,18 SPCS,HST,1990-037B,EARTH,TEME,UTC,SGP4,2025-05-03 22:33:53.389728+00:00,15.24819748,0.00021370,28.4691,344.7322,328.9073,31.1394,0,U,20580,999,72592,0.00034147000000,0.00008937,0.0000000000000,6869.464,94.437,492.797,489.861,PAYLOAD,LARGE,US,1990-04-24,AFETR,,4718307,286787737,0 HST,1 20580U 90037B   25123.94020127  .00008937  00000-0  34147-3 0  9991,2 20580  28.4691 344.7322 0002137 328.9073  31.1394 15.24819748725922
3.0,GENERATED VIA SPACE-TRACK.ORG API,2025-05-04 17:21:58+00:00,18 SPCS,HST,1990-037B,EARTH,TEME,UTC,SGP4,2025-05-04 00:08:08.268000+00:00,15.24820902,0.00021400,28.4691,344.2890,329.7279,30.3191,0,U,20580,999,72593,0.00033697000000,0.00008822,0.0000000000000,6869.460,94.437,492.795,489.855,PAYLOAD,LARGE,US,1990-04-24,AFETR,,4719080,286836857,0 HST,1 20580U 90037B   25124.00565125  .00008822  00000-0  33697-3 0  9993,2 20580  28.4691 344.2890 0002140 329.7279  30.3191 15.24820902725939
3.0,GENERATED VIA SPACE-TRACK.ORG API,2025-05-04 22:56:35+00:00,18 SPCS,HST,1990-037B,EARTH,TEME,UTC,SGP4,2025-05-04 20:33:21.358080+00:00,15.24835573,0.00021760,28.4688,338.5262,339.4973,20.5534,0,U,20580,999,72632,0.00032406000000,0.00008496,0.0000000000000,6869.416,94.436,492.776,489.786,PAYLOAD,LARGE,US,1990-04-24,AFETR,,4719281,286866748,0 HST,1 20580U 90037B   25124.85649720  .00008496  00000-0  32406-3 0  9994,2 20580  28.4688 338.5262 0002176 339.4973  20.5534 15.24835573726328
3.0,GENERATED VIA SPACE-TRACK.ORG API,2025-05-06 03:54:54+00:00,18 SPCS,HST,1990-037B,EARTH,TEME,UTC,SGP4,2025-05-05 20:07:03.360576+00:00,15.24851170,0.00022220,28.4685,331.8770,349.9992,10.0557,0,U,20580,999,72621,0.00031902000000,0.00008371,0.0000000000000,6869.369,94.435,492.761,489.708,PAYLOAD,LARGE,US,1990-04-24,AFETR,,4720394,286924647,0 HST,1 20580U 90037B   25125.83823334  .00008371  00000-0  31902-3 0  9990,2 20580  28.4685 331.8770 0002222 349.9992  10.0557 15.24851170726212
3.0,GENERATED VIA SPACE-TRACK.ORG API,2025-05-06 15:06:18+00:00,18 SPCS,HST,1990-037B,EARTH,TEME,UTC,SGP4,2025-05-06 05:32:31.946784+00:00,15.24856333,0.00023120,28.4686,329.2171,353.8051,6.2514,0,U,20580,999,72653,0.00030135000000,0.00007920,0.0000000000000,6869.354,94.435,492.807,489.631,PAYLOAD,LARGE,US,1990-04-24,AFETR,,4721000,286964382,0 HST,1 20580U 90037B   25126.23092531  .00007920  00000-0  30135-3 0  9998,2 20580  28.4686 329.2171 0002312 353.8051   6.2514 15.24856333726530
3.0,GENERATED VIA SPACE-TRACK.ORG API,2025-05-07 03:14:48+00:00,18 SPCS,HST,1990-037B,EARTH,TEME,UTC,SGP4,2025-05-06 19:40:44.582880+00:00,15.24864454,0.00023300,28.4683,325.2271,0.9987,359.0612,0,U,20580,999,72636,0.00028065000000,0.00007392,0.0000000000000,6869.329,94.435,492.795,489.594,PAYLOAD,LARGE,US,1990-04-24,AFETR,,4721313,286976101,0 HST,1 20580U 90037B   25126.81996045  .00007392  00000-0  28065-3 0  9997,2 20580  28.4683 325.2271 0002330   0.9987 359.0612 15.24864454726364
3.0,GENERATED VIA SPACE-TRACK.ORG API,2025-05-07 14:47:40+00:00,18 SPCS,HST,1990-037B,EARTH,TEME,UTC,SGP4,2025-05-07 12:57:26.334432+00:00,15.24873681,0.00024120,28.4681,320.3503,8.3560,351.7074,0,U,20580,999,72673,0.00026796000000,0.00007069,0.0000000000000,6869.302,94.434,492.824,489.510,PAYLOAD,LARGE,US,1990-04-24,AFETR,,4721840,287014721,0 HST,1 20580U 90037B   25127.53988813  .00007069  00000-0  26796-3 0  9991,2 20580  28.4681 320.3503 0002412   8.3560 351.7074 15.24873681726730
3.0,GENERATED VIA SPACE-TRACK.ORG API,2025-05-08 03:01:32+00:00,18 SPCS,HST,1990-037B,EARTH,TEME,UTC,SGP4,2025-05-07 19:14:25.082880+00:00,15.24876424,0.00025360,28.4680,318.5778,12.1306,347.9349,0,U,20580,999,72651,0.00023907000000,0.00006329,0.0000000000000,6869.294,94.434,492.901,489.416,PAYLOAD,LARGE,US,1990-04-24,AFETR,,4722206,287026562,0 HST,1 20580U 90037B   25127.80167920  .00006329  00000-0  23907-3 0  9998,2 20580  28.4680 318.5778 0002536  12.1306 347.9349 15.24876424726516
3.0,GENERATED VIA SPACE-TRACK.ORG API,2025-05-08 23:06:18+00:00,18 SPCS,HST,1990-037B,EARTH,TEME,UTC,SGP4,2025-05-08 18:48:04.838112+00:00,15.24890481,0.00026590,28.4677,311.9280,22.0567,338.0141,0,U,20580,999,72692,0.00026961000000,0.00007115,0.0000000000000,6869.251,94.433,492.943,489.290,PAYLOAD,LARGE,US,1990-04-24,AFETR,,4723096,287073161,0 HST,1 20580U 90037B   25128.78338933  .00007115  00000-0  26961-3 0  9997,2 20580  28.4677 311.9280 0002659  22.0567 338.0141 15.24890481726927
3.0,GENERATED VIA SPACE-TRACK.ORG API,2025-05-09 17:15:02+00:00,18 SPCS,HST,1990-037B,EARTH,TEME,UTC,SGP4,2025-05-08 18:48:04.838112+00:00,15.24890480,0.00026590,28.4677,311.9280,22.0570,338.0138,0,U,20580,999,72666,0.00026960000000,0.00007114,0.0000000000000,6869.251,94.433,492.943,489.290,PAYLOAD,LARGE,US,1990-04-24,AFETR,,4723738,287123550,0 HST,1 20580U 90037B   25128.78338933  .00007114  00000-0  26960-3 0  9995,2 20580  28.4677 311.9280 0002659  22.0570 338.0138 15.24890480726667
3.0,GENERATED VIA SPACE-TRACK.ORG API,2025-05-10 02:32:27+00:00,18 SPCS,HST,1990-037B,EARTH,TEME,UTC,SGP4,2025-05-09 16:47:29.283072+00:00,15.24901556,0.00027290,28.4677,305.7208,30.1886,329.8866,0,U,20580,999,72680,0.00025207000000,0.00006667,0.0000000000000,6869.218,94.432,492.958,489.208,PAYLOAD,LARGE,US,1990-04-24,AFETR,,4723972,287158700,0 HST,1 20580U 90037B   25129.69964448  .00006667  00000-0  25207-3 0  9997,2 20580  28.4677 305.7208 0002729  30.1886 329.8866 15.24901556726805
3.0,GENERATED VIA SPACE-TRACK.ORG API,2025-05-10 15:16:20+00:00,18 SPCS,HST,1990-037B,EARTH,TEME,UTC,SGP4,2025-05-10 03:47:11.229504+00:00,15.24910019,0.00027780,28.4676,302.6172,34.1395,325.9378,0,U,20580,999,72713,0.00030198000000,0.00007949,0.0000000000000,6869.193,94.432,492.966,489.149,PAYLOAD,LARGE,US,1990-04-24,AFETR,,4724611,287198457,0 HST,1 20580U 90037B   25130.15776886  .00007949  00000-0  30198-3 0  9996,2 20580  28.4676 302.6172 0002778  34.1395 325.9378 15.24910019727139
3.0,GENERATED VIA SPACE-TRACK.ORG API,2025-05-10 17:27:15+00:00,18 SPCS,HST,1990-037B,EARTH,TEME,UTC,SGP4,2025-05-10 13:12:38.497248+00:00,15.24914098,0.00027780,28.4676,299.9570,38.2802,321.7989,0,U,20580,999,72693,0.00026686000000,0.00007049,0.0000000000000,6869.180,94.432,492.954,489.137,PAYLOAD,LARGE,US,1990-04-24,AFETR,,4724659,287204611,0 HST,1 20580U 90037B   25130.55044557  .00007049  00000-0  26686-3 0  9991,2 20580  28.4676 299.9570 0002778  38.2802 321.7989 15.24914098726937
3.0,GENERATED VIA SPACE-TRACK.ORG API,2025-05-11 02:40:14+00:00,18 SPCS,HST,1990-037B,EARTH,TEME,UTC,SGP4,2025-05-10 17:55:22.058112+00:00,15.24916582,0.00027450,28.4679,298.6268,39.7983,320.2813,0,U,20580,999,72696,0.00026164000000,0.00006916,0.0000000000000,6869.173,94.431,492.924,489.152,PAYLOAD,LARGE,US,1990-04-24,AFETR,,4724992,287242669,0 HST,1 20580U 90037B   25130.74678308  .00006916  00000-0  26164-3 0  9992,2 20580  28.4679 298.6268 0002745  39.7983 320.2813 15.24916582726963
3.0,GENERATED VIA SPACE-TRACK.ORG API,2025-05-11 14:56:18+00:00,18 SPCS,HST,1990-037B,EARTH,TEME,UTC,SGP4,2025-05-11 12:46:16.094208+00:00,15.24928178,0.00028080,28.4678,293.3064,47.6798,312.4034,0,U,20580,999,72734,0.00027128000000,0.00007165,0.0000000000000,6869.138,94.431,492.932,489.074,PAYLOAD,LARGE,US,1990-04-24,AFETR,,4725581,287282083,0 HST,1 20580U 90037B   25131.53213072  .00007165  00000-0  27128-3 0  9991,2 20580  28.4678 293.3064 0002808  47.6798 312.4034 15.24928178727345
3.0,GENERATED VIA SPACE-TRACK.ORG API,2025-05-11 22:21:49+00:00,18 SPCS,HST,1990-037B,EARTH,TEME,UTC,SGP4,2025-05-11 14:20:30.568128+00:00,15.24929118,0.00028090,28.4679,292.8627,48.4046,311.6788,0,U,20580,999,72709,0.00026991000000,0.00007131,0.0000000000000,6869.135,94.431,492.930,489.071,PAYLOAD,LARGE,US,1990-04-24,AFETR,,4725669,287288165,0 HST,1 20580U 90037B   25131.59757602  .00007131  00000-0  26991-3 0  9999,2 20580  28.4679 292.8627 0002809  48.4046 311.6788 15.24929118727095
3.0,GENERATED VIA SPACE-TRACK.ORG API,2025-05-12 02:31:36+00:00,18 SPCS,HST,1990-037B,EARTH,TEME,UTC,SGP4,2025-05-11 19:03:13.995072+00:00,15.24931478,0.00028230,28.4682,291.5340,50.1461,309.9381,0,U,20580,999,72712,0.00025377000000,0.00006717,0.0000000000000,6869.128,94.430,492.932,489.054,PAYLOAD,LARGE,US,1990-04-24,AFETR,,4725940,287325055,0 HST,1 20580U 90037B   25131.79391198  .00006717  00000-0  25377-3 0  9991,2 20580  28.4682 291.5340 0002823  50.1461 309.9381 15.24931478727129
3.0,GENERATED VIA SPACE-TRACK.ORG API,2025-05-12 19:41:36+00:00,18 SPCS,HST,1990-037B,EARTH,TEME,UTC,SGP4,2025-05-12 13:54:07.393536+00:00,15.24942039,0.00028370,28.4684,286.2135,58.0107,302.0763,0,U,20580,999,72724,0.00025870000000,0.00006846,0.0000000000000,6869.096,94.430,492.910,489.013,PAYLOAD,LARGE,US,1990-04-24,AFETR,,4726624,287370146,0 HST,1 20580U 90037B   25132.57925224  .00006846  00000-0  25870-3 0  9992,2 20580  28.4684 286.2135 0002837  58.0107 302.0763 15.24942039727249
3.0,GENERATED VIA SPACE-TRACK.ORG API,2025-05-12 23:06:17+00:00,18 SPCS,HST,1990-037B,EARTH,TEME,UTC,SGP4,2025-05-12 17:02:36.244608+00:00,15.24943879,0.00028430,28.4684,285.3269,59.3499,300.7376,0,U,20580,999,72752,0.00025974000000,0.00006873,0.0000000000000,6869.091,94.430,492.909,489.003,PAYLOAD,LARGE,US,1990-04-24,AFETR,,4726926,287402033,0 HST,1 20580U 90037B   25132.71014172  .00006873  00000-0  25974-3 0  9994,2 20580  28.4684 285.3269 0002843  59.3499 300.7376 15.24943879727521
3.0,GENERATED VIA SPACE-TRACK.ORG API,2025-05-13 04:54:31+00:00,18 SPCS,HST,1990-037B,EARTH,TEME,UTC,SGP4,2025-05-12 17:02:36.244608+00:00,15.24943879,0.00028430,28.4684,285.3269,59.3499,300.7376,0,U,20580,999,72726,0.00025974000000,0.00006873,0.0000000000000,6869.091,94.430,492.909,489.003,PAYLOAD,LARGE,US,1990-04-24,AFETR,,4726983,287407654,0 HST,1 20580U 90037B   25132.71014172  .00006873  00000-0  25974-3 0  9994,2 20580  28.4684 285.3269 0002843  59.3499 300.7376 15.24943879727262
3.0,GENERATED VIA SPACE-TRACK.ORG API,2025-05-13 18:58:22+00:00,18 SPCS,HST,1990-037B,EARTH,TEME,UTC,SGP4,2025-05-13 13:27:43.495776+00:00,15.24953895,0.00028680,28.4685,279.5631,67.3429,292.7469,0,U,20580,999,72739,0.00024027000000,0.00006375,0.0000000000000,6869.061,94.429,492.896,488.956,PAYLOAD,LARGE,US,1990-04-24,AFETR,,4727647,287453498,0 HST,1 20580U 90037B   25133.56092009  .00006375  00000-0  24027-3 0  9998,2 20580  28.4685 279.5631 0002868  67.3429 292.7469 15.24953895727396
3.0,GENERATED VIA SPACE-TRACK.ORG API,2025-05-14 03:37:07+00:00,18 SPCS,HST,1990-037B,EARTH,TEME,UTC,SGP4,2025-05-13 16:36:12.266496+00:00,15.24955508,0.00028750,28.4685,278.6765,68.5872,291.5029,0,U,20580,999,72741,0.00024244000000,0.00006431,0.0000000000000,6869.056,94.429,492.896,488.946,PAYLOAD,LARGE,US,1990-04-24,AFETR,,4727914,287489430,0 HST,1 20580U 90037B   25133.69180864  .00006431  00000-0  24244-3 0  9993,2 20580  28.4685 278.6765 0002875  68.5872 291.5029 15.24955508727412
3.0,GENERATED VIA SPACE-TRACK.ORG API,2025-05-14 07:06:32+00:00,18 SPCS,HST,1990-037B,EARTH,TEME,UTC,SGP4,2025-05-14 02:01:38.477568+00:00,15.24960776,0.00028900,28.4685,276.0162,72.6806,287.4104,0,U,20580,999,72773,0.00024601000000,0.00006524,0.0000000000000,6869.040,94.429,492.890,488.920,PAYLOAD,LARGE,US,1990-04-24,AFETR,,4728161,287521188,0 HST,1 20580U 90037B   25134.08447312  .00006524  00000-0  24601-3 0  9991,2 20580  28.4685 276.0162 0002890  72.6806 287.4104 15.24960776727731
3.0,GENERATED VIA SPACE-TRACK.ORG API,2025-05-14 17:20:46+00:00,18 SPCS,HST,1990-037B,EARTH,TEME,UTC,SGP4,2025-05-14 14:35:33.261504+00:00,15.24966431,0.00028980,28.4684,272.4693,77.5489,282.5430,0,U,20580,999,72755,0.00023182000000,0.00006160,0.0000000000000,6869.023,94.428,492.879,488.898,PAYLOAD,LARGE,US,1990-04-24,AFETR,,4728533,287534651,0 HST,1 20580U 90037B   25134.60802386  .00006160  00000-0  23182-3 0  9994,2 20580  28.4684 272.4693 0002898  77.5489 282.5430 15.24966431727550
3.0,GENERATED VIA SPACE-TRACK.ORG API,2025-05-15 04:48:17+00:00,18 SPCS,HST,1990-037B,EARTH,TEME,UTC,SGP4,2025-05-14 17:44:01.923360+00:00,15.24968911,0.00029030,28.4685,271.5829,78.7476,281.3445,0,U,20580,999,72757,0.00024958000000,0.00006617,0.0000000000000,6869.016,94.428,492.875,488.887,PAYLOAD,LARGE,US,1990-04-24,AFETR,,4728901,287602442,0 HST,1 20580U 90037B   25134.73891115  .00006617  00000-0  24958-3 0  9995,2 20580  28.4685 271.5829 0002903  78.7476 281.3445 15.24968911727578
3.0,GENERATED VIA SPACE-TRACK.ORG API,2025-05-15 14:56:43+00:00,18 SPCS,HST,1990-037B,EARTH,TEME,UTC,SGP4,2025-05-15 12:34:53.618016+00:00,15.24978909,0.00029220,28.4683,266.2624,86.3226,273.7703,0,U,20580,999,72795,0.00024558000000,0.00006516,0.0000000000000,6868.986,94.428,492.858,488.844,PAYLOAD,LARGE,US,1990-04-24,AFETR,,4729422,287639364,0 HST,1 20580U 90037B   25135.52423169  .00006516  00000-0  24558-3 0  9997,2 20580  28.4683 266.2624 0002922  86.3226 273.7703 15.24978909727951
3.0,GENERATED VIA SPACE-TRACK.ORG API,2025-05-15 17:33:57+00:00,18 SPCS,HST,1990-037B,EARTH,TEME,UTC,SGP4,2025-05-15 14:09:07.907040+00:00,15.24979657,0.00029200,28.4683,265.8189,87.0937,272.9991,0,U,20580,999,72770,0.00024540000000,0.00006512,0.0000000000000,6868.984,94.427,492.854,488.843,PAYLOAD,LARGE,US,1990-04-24,AFETR,,4729513,287645361,0 HST,1 20580U 90037B   25135.58967485  .00006512  00000-0  24540-3 0  9994,2 20580  28.4683 265.8189 0002920  87.0937 272.9991 15.24979657727701
3.0,GENERATED VIA SPACE-TRACK.ORG API,2025-05-16 19:15:53+00:00,18 SPCS,HST,1990-037B,EARTH,TEME,UTC,SGP4,2025-05-16 12:08:27.649248+00:00,15.24990513,0.00029280,28.4682,259.6119,95.9396,264.1532,0,U,20580,999,72784,0.00023357000000,0.00006210,0.0000000000000,6868.951,94.427,492.827,488.805,PAYLOAD,LARGE,US,1990-04-24,AFETR,,4730293,287693927,0 HST,1 20580U 90037B   25136.50587557  .00006210  00000-0  23357-3 0  9995,2 20580  28.4682 259.6119 0002928  95.9396 264.1532 15.24990513727842
3.0,GENERATED VIA SPACE-TRACK.ORG API,2025-05-16 22:56:21+00:00,18 SPCS,HST,1990-037B,EARTH,TEME,UTC,SGP4,2025-05-16 13:42:41.892480+00:00,15.24991329,0.00029310,28.4682,259.1685,96.5554,263.5374,0,U,20580,999,72811,0.00023447000000,0.00006233,0.0000000000000,6868.948,94.427,492.827,488.800,PAYLOAD,LARGE,US,1990-04-24,AFETR,,4730541,287724415,0 HST,1 20580U 90037B   25136.57131820  .00006233  00000-0  23447-3 0  9995,2 20580  28.4682 259.1685 0002931  96.5554 263.5374 15.24991329728116
3.0,GENERATED VIA SPACE-TRACK.ORG API,2025-05-17 03:30:17+00:00,18 SPCS,HST,1990-037B,EARTH,TEME,UTC,SGP4,2025-05-16 13:42:41.892480+00:00,15.24991329,0.00029310,28.4682,259.1685,96.5554,263.5374,0,U,20580,999,72785,0.00023447000000,0.00006233,0.0000000000000,6868.948,94.427,492.827,488.800,PAYLOAD,LARGE,US,1990-04-24,AFETR,,4730581,287730203,0 HST,1 20580U 90037B   25136.57131820  .00006233  00000-0  23447-3 0  9995,2 20580  28.4682 259.1685 0002931  96.5554 263.5374 15.24991329727856
3.0,GENERATED VIA SPACE-TRACK.ORG API,2025-05-17 20:10:15+00:00,18 SPCS,HST,1990-037B,EARTH,TEME,UTC,SGP4,2025-05-17 14:50:29.298624+00:00,15.25008680,0.00029290,28.4681,252.0749,106.6757,253.4159,0,U,20580,999,72801,0.00031192000000,0.00008228,0.0000000000000,6868.896,94.426,492.773,488.749,PAYLOAD,LARGE,US,1990-04-24,AFETR,,4731272,287777129,0 HST,1 20580U 90037B   25137.61839466  .00008228  00000-0  31192-3 0  9994,2 20580  28.4681 252.0749 0002929 106.6757 253.4159 15.25008680728011
3.0,GENERATED VIA SPACE-TRACK.ORG API,2025-05-17 22:56:18+00:00,18 SPCS,HST,1990-037B,EARTH,TEME,UTC,SGP4,2025-05-17 14:50:29.302080+00:00,15.25008337,0.00028980,28.4681,252.0748,106.8448,253.2464,0,U,20580,999,72827,0.00030797000000,0.00008126,0.0000000000000,6868.897,94.426,492.753,488.772,PAYLOAD,LARGE,US,1990-04-24,AFETR,,4731486,287807474,0 HST,1 20580U 90037B   25137.61839470  .00008126  00000-0  30797-3 0  9996,2 20580  28.4681 252.0748 0002898 106.8448 253.2464 15.25008337728278
3.0,GENERATED VIA SPACE-TRACK.ORG API,2025-05-18 02:40:42+00:00,18 SPCS,HST,1990-037B,EARTH,TEME,UTC,SGP4,2025-05-17 14:50:29.302080+00:00,15.25008337,0.00028980,28.4681,252.0748,106.8448,253.2464,0,U,20580,999,72801,0.00030797000000,0.00008126,0.0000000000000,6868.897,94.426,492.753,488.772,PAYLOAD,LARGE,US,1990-04-24,AFETR,,4731538,287813002,0 HST,1 20580U 90037B   25137.61839470  .00008126  00000-0  30797-3 0  9996,2 20580  28.4681 252.0748 0002898 106.8448 253.2464 15.25008337728010
3.0,GENERATED VIA SPACE-TRACK.ORG API,2025-05-18 18:58:00+00:00,18 SPCS,HST,1990-037B,EARTH,TEME,UTC,SGP4,2025-05-18 14:24:01.691712+00:00,15.25020924,0.00028980,28.4680,245.4244,116.3875,243.7017,0,U,20580,999,72816,0.00028808000000,0.00007618,0.0000000000000,6868.860,94.425,492.715,488.734,PAYLOAD,LARGE,US,1990-04-24,AFETR,,4732248,287860765,0 HST,1 20580U 90037B   25138.60001958  .00007618  00000-0  28808-3 0  9993,2 20580  28.4680 245.4244 0002898 116.3875 243.7017 15.25020924728166
3.0,GENERATED VIA SPACE-TRACK.ORG API,2025-05-19 15:06:17+00:00,18 SPCS,HST,1990-037B,EARTH,TEME,UTC,SGP4,2025-05-19 13:57:33.369408+00:00,15.25030744,0.00028780,28.4679,238.7732,126.1741,233.9120,0,U,20580,999,72857,0.00022302000000,0.00005946,0.0000000000000,6868.830,94.424,492.672,488.718,PAYLOAD,LARGE,US,1990-04-24,AFETR,,4733130,287936733,0 HST,1 20580U 90037B   25139.58163622  .00005946  00000-0  22302-3 0  9993,2 20580  28.4679 238.7732 0002878 126.1741 233.9120 15.25030744728572
3.0,GENERATED VIA SPACE-TRACK.ORG API,2025-05-20 18:25:46+00:00,18 SPCS,HST,1990-037B,EARTH,TEME,UTC,SGP4,2025-05-20 08:48:22.300128+00:00,15.25038654,0.00028560,28.4679,233.4524,133.8573,226.2257,0,U,20580,999,72843,0.00020041000000,0.00005365,0.0000000000000,6868.806,94.424,492.633,488.710,PAYLOAD,LARGE,US,1990-04-24,AFETR,,4734167,287995804,0 HST,1 20580U 90037B   25140.36692477  .00005365  00000-0  20041-3 0  9999,2 20580  28.4679 233.4524 0002856 133.8573 226.2257 15.25038654728436
3.0,GENERATED VIA SPACE-TRACK.ORG API,2025-05-21 04:08:36+00:00,18 SPCS,HST,1990-037B,EARTH,TEME,UTC,SGP4,2025-05-20 13:31:04.447488+00:00,15.25041513,0.00028480,28.4679,232.1221,136.0057,224.0765,0,U,20580,999,72846,0.00021317000000,0.00005694,0.0000000000000,6868.798,94.424,492.619,488.707,PAYLOAD,LARGE,US,1990-04-24,AFETR,,4734515,288033601,0 HST,1 20580U 90037B   25140.56324592  .00005694  00000-0  21317-3 0  9993,2 20580  28.4679 232.1221 0002848 136.0057 224.0765 15.25041513728460
3.0,GENERATED VIA SPACE-TRACK.ORG API,2025-05-21 06:56:18+00:00,18 SPCS,HST,1990-037B,EARTH,TEME,UTC,SGP4,2025-05-20 22:56:28.713696+00:00,15.25046011,0.00028420,28.4679,229.4616,139.9213,220.1592,0,U,20580,999,72878,0.00021534000000,0.00005751,0.0000000000000,6868.784,94.423,492.601,488.697,PAYLOAD,LARGE,US,1990-04-24,AFETR,,4734763,288065342,0 HST,1 20580U 90037B   25140.95588789  .00005751  00000-0  21534-3 0  9991,2 20580  28.4679 229.4616 0002842 139.9213 220.1592 15.25046011728785
3.0,GENERATED VIA SPACE-TRACK.ORG API,2025-05-21 17:16:54+00:00,18 SPCS,HST,1990-037B,EARTH,TEME,UTC,SGP4,2025-05-21 13:04:34.905216+00:00,15.25051879,0.00028030,28.4679,225.4711,145.8629,214.2145,0,U,20580,999,72861,0.00020199000000,0.00005408,0.0000000000000,6868.767,94.423,492.557,488.706,PAYLOAD,LARGE,US,1990-04-24,AFETR,,4735227,288080752,0 HST,1 20580U 90037B   25141.54484844  .00005408  00000-0  20199-3 0  9999,2 20580  28.4679 225.4711 0002803 145.8629 214.2145 15.25051879728619
3.0,GENERATED VIA SPACE-TRACK.ORG API,2025-05-22 14:56:49+00:00,18 SPCS,HST,1990-037B,EARTH,TEME,UTC,SGP4,2025-05-22 12:38:04.804800+00:00,15.25062245,0.00027430,28.4679,218.8202,155.9393,204.1329,0,U,20580,999,72902,0.00020070000000,0.00005376,0.0000000000000,6868.736,94.422,492.485,488.716,PAYLOAD,LARGE,US,1990-04-24,AFETR,,4736155,288126671,0 HST,1 20580U 90037B   25142.52644450  .00005376  00000-0  20070-3 0  9991,2 20580  28.4679 218.8202 0002743 155.9393 204.1329 15.25062245729020
3.0,GENERATED VIA SPACE-TRACK.ORG API,2025-05-22 17:14:14+00:00,18 SPCS,HST,1990-037B,EARTH,TEME,UTC,SGP4,2025-05-22 12:38:04.804800+00:00,15.25062245,0.00027430,28.4679,218.8202,155.9393,204.1329,0,U,20580,999,72876,0.00020070000000,0.00005376,0.0000000000000,6868.736,94.422,492.485,488.716,PAYLOAD,LARGE,US,1990-04-24,AFETR,,4736220,288133108,0 HST,1 20580U 90037B   25142.52644450  .00005376  00000-0  20070-3 0  9991,2 20580  28.4679 218.8202 0002743 155.9393 204.1329 15.25062245728760
3.0,GENERATED VIA SPACE-TRACK.ORG API,2025-05-23 17:34:23+00:00,18 SPCS,HST,1990-037B,EARTH,TEME,UTC,SGP4,2025-05-23 12:11:34.141056+00:00,15.25071309,0.00026730,28.4678,212.1694,166.3253,193.7414,0,U,20580,999,72891,0.00018033000000,0.00004853,0.0000000000000,6868.708,94.422,492.409,488.737,PAYLOAD,LARGE,US,1990-04-24,AFETR,,4737198,288185256,0 HST,1 20580U 90037B   25143.50803404  .00004853  00000-0  18033-3 0  9991,2 20580  28.4678 212.1694 0002673 166.3253 193.7414 15.25071309728910
3.0,GENERATED VIA SPACE-TRACK.ORG API,2025-05-24 07:06:49+00:00,18 SPCS,HST,1990-037B,EARTH,TEME,UTC,SGP4,2025-05-24 05:28:07.330368+00:00,15.25078055,0.00026280,28.4676,207.2921,173.9735,186.0892,0,U,20580,999,72928,0.00017402000000,0.00004692,0.0000000000000,6868.688,94.421,492.358,488.748,PAYLOAD,LARGE,US,1990-04-24,AFETR,,4737765,288254297,0 HST,1 20580U 90037B   25144.22786262  .00004692  00000-0  17402-3 0  9993,2 20580  28.4676 207.2921 0002628 173.9735 186.0892 15.25078055729286
3.0,GENERATED VIA SPACE-TRACK.ORG API,2025-05-24 21:39:02+00:00,18 SPCS,HST,1990-037B,EARTH,TEME,UTC,SGP4,2025-05-24 13:19:16.872096+00:00,15.25081200,0.00026120,28.4675,205.0751,177.6256,182.4351,0,U,20580,999,72907,0.00017763000000,0.00004785,0.0000000000000,6868.679,94.421,492.338,488.750,PAYLOAD,LARGE,US,1990-04-24,AFETR,,4738111,288267081,0 HST,1 20580U 90037B   25144.55505639  .00004785  00000-0  17763-3 0  9999,2 20580  28.4675 205.0751 0002612 177.6256 182.4351 15.25081200729077
3.0,GENERATED VIA SPACE-TRACK.ORG API,2025-05-25 15:06:29+00:00,18 SPCS,HST,1990-037B,EARTH,TEME,UTC,SGP4,2025-05-25 11:18:31.356000+00:00,15.25087940,0.00025740,28.4672,198.8675,187.4993,172.5563,0,U,20580,999,72947,0.00015702000000,0.00004255,0.0000000000000,6868.658,94.421,492.291,488.755,PAYLOAD,LARGE,US,1990-04-24,AFETR,,4739010,288344376,0 HST,1 20580U 90037B   25145.47119625  .00004255  00000-0  15702-3 0  9990,2 20580  28.4672 198.8675 0002574 187.4993 172.5563 15.25087940729478
3.0,GENERATED VIA SPACE-TRACK.ORG API,2025-05-25 17:40:55+00:00,18 SPCS,HST,1990-037B,EARTH,TEME,UTC,SGP4,2025-05-25 11:18:31.356000+00:00,15.25087940,0.00025740,28.4672,198.8675,187.4993,172.5563,0,U,20580,999,72921,0.00015702000000,0.00004255,0.0000000000000,6868.658,94.421,492.291,488.755,PAYLOAD,LARGE,US,1990-04-24,AFETR,,4739036,288350238,0 HST,1 20580U 90037B   25145.47119625  .00004255  00000-0  15702-3 0  9990,2 20580  28.4672 198.8675 0002574 187.4993 172.5563 15.25087940729210
3.0,GENERATED VIA SPACE-TRACK.ORG API,2025-05-26 02:54:26+00:00,18 SPCS,HST,1990-037B,EARTH,TEME,UTC,SGP4,2025-05-25 11:18:31.347360+00:00,15.25088606,0.00025720,28.4672,198.8675,187.4840,172.5716,0,U,20580,999,72921,0.00016725000000,0.00004519,0.0000000000000,6868.656,94.421,492.288,488.755,PAYLOAD,LARGE,US,1990-04-24,AFETR,,4739344,288386618,0 HST,1 20580U 90037B   25145.47119615  .00004519  00000-0  16725-3 0  9998,2 20580  28.4672 198.8675 0002572 187.4840 172.5716 15.25088606729219
3.0,GENERATED VIA SPACE-TRACK.ORG API,2025-05-28 00:36:20+00:00,18 SPCS,HST,1990-037B,EARTH,TEME,UTC,SGP4,2025-05-27 10:25:26.867136+00:00,15.25102637,0.00024520,28.4666,185.5650,210.5005,149.5447,0,U,20580,999,72977,0.00014256000000,0.00003884,0.0000000000000,6868.614,94.420,492.163,488.795,PAYLOAD,LARGE,US,1990-04-24,AFETR,,4740440,288528088,0 HST,1 20580U 90037B   25147.43433874  .00003884  00000-0  14256-3 0  9993,2 20580  28.4666 185.5650 0002452 210.5005 149.5447 15.25102637729773
3.0,GENERATED VIA SPACE-TRACK.ORG API,2025-05-28 04:13:07+00:00,18 SPCS,HST,1990-037B,EARTH,TEME,UTC,SGP4,2025-05-27 10:25:26.867136+00:00,15.25102637,0.00024520,28.4666,185.5650,210.5005,149.5447,0,U,20580,999,72951,0.00014256000000,0.00003884,0.0000000000000,6868.614,94.420,492.163,488.795,PAYLOAD,LARGE,US,1990-04-24,AFETR,,4740593,288536263,0 HST,1 20580U 90037B   25147.43433874  .00003884  00000-0  14256-3 0  9993,2 20580  28.4666 185.5650 0002452 210.5005 149.5447 15.25102637729515
3.0,GENERATED VIA SPACE-TRACK.ORG API,2025-05-28 19:31:29+00:00,18 SPCS,HST,1990-037B,EARTH,TEME,UTC,SGP4,2025-05-28 06:50:26.385504+00:00,15.25110610,0.00024200,28.4663,179.8004,220.6890,139.3524,0,U,20580,999,72964,0.00016415000000,0.00004442,0.0000000000000,6868.590,94.419,492.118,488.793,PAYLOAD,LARGE,US,1990-04-24,AFETR,,4741027,288576158,0 HST,1 20580U 90037B   25148.28502761  .00004442  00000-0  16415-3 0  9999,2 20580  28.4663 179.8004 0002420 220.6890 139.3524 15.25110610729647
3.0,GENERATED VIA SPACE-TRACK.ORG API,2025-05-28 22:56:31+00:00,18 SPCS,HST,1990-037B,EARTH,TEME,UTC,SGP4,2025-05-28 17:50:02.937984+00:00,15.25113950,0.00023990,28.4661,176.6963,226.3913,133.6482,0,U,20580,999,72997,0.00016272000000,0.00004405,0.0000000000000,6868.580,94.419,492.093,488.798,PAYLOAD,LARGE,US,1990-04-24,AFETR,,4741246,288606645,0 HST,1 20580U 90037B   25148.74308956  .00004405  00000-0  16272-3 0  9990,2 20580  28.4661 176.6963 0002399 226.3913 133.6482 15.25113950729974
3.0,GENERATED VIA SPACE-TRACK.ORG API,2025-05-29 03:15:42+00:00,18 SPCS,HST,1990-037B,EARTH,TEME,UTC,SGP4,2025-05-28 17:50:02.937984+00:00,15.25113950,0.00023990,28.4661,176.6963,226.3913,133.6482,0,U,20580,999,72971,0.00016272000000,0.00004405,0.0000000000000,6868.580,94.419,492.093,488.798,PAYLOAD,LARGE,US,1990-04-24,AFETR,,4741293,288612248,0 HST,1 20580U 90037B   25148.74308956  .00004405  00000-0  16272-3 0  9990,2 20580  28.4661 176.6963 0002399 226.3913 133.6482 15.25113950729716
3.0,GENERATED VIA SPACE-TRACK.ORG API,2025-05-29 19:37:29+00:00,18 SPCS,HST,1990-037B,EARTH,TEME,UTC,SGP4,2025-05-29 07:58:06.886560+00:00,15.25119499,0.00023390,28.4663,172.7050,234.4353,125.6023,0,U,20580,999,72980,0.00017024000000,0.00004600,0.0000000000000,6868.564,94.419,492.035,488.822,PAYLOAD,LARGE,US,1990-04-24,AFETR,,4741775,288655788,0 HST,1 20580U 90037B   25149.33202415  .00004600  00000-0  17024-3 0  9992,2 20580  28.4663 172.7050 0002339 234.4353 125.6023 15.25119499729800
3.0,GENERATED VIA SPACE-TRACK.ORG API,2025-05-30 07:16:34+00:00,18 SPCS,HST,1990-037B,EARTH,TEME,UTC,SGP4,2025-05-30 04:23:05.569440+00:00,15.25128963,0.00023120,28.4662,166.9401,245.0616,114.9738,0,U,20580,999,73019,0.00019509000000,0.00005242,0.0000000000000,6868.535,94.418,491.988,488.812,PAYLOAD,LARGE,US,1990-04-24,AFETR,,4742553,288728139,0 HST,1 20580U 90037B   25150.18270335  .00005242  00000-0  19509-3 0  9996,2 20580  28.4662 166.9401 0002312 245.0616 114.9738 15.25128963730199
3.0,GENERATED VIA SPACE-TRACK.ORG API,2025-05-30 19:07:09+00:00,18 SPCS,HST,1990-037B,EARTH,TEME,UTC,SGP4,2025-05-30 07:31:33.019104+00:00,15.25130299,0.00023010,28.4662,166.0532,246.7201,113.3151,0,U,20580,999,72995,0.00019471000000,0.00005233,0.0000000000000,6868.531,94.418,491.977,488.816,PAYLOAD,LARGE,US,1990-04-24,AFETR,,4743029,288743528,0 HST,1 20580U 90037B   25150.31357661  .00005233  00000-0  19471-3 0  9997,2 20580  28.4662 166.0532 0002301 246.7201 113.3151 15.25130299729950
3.0,GENERATED VIA SPACE-TRACK.ORG API,2025-05-31 03:10:21+00:00,18 SPCS,HST,1990-037B,EARTH,TEME,UTC,SGP4,2025-05-30 16:56:55.351680+00:00,15.25132928,0.00022880,28.4663,163.3925,252.3898,107.6446,0,U,20580,999,73001,0.00017678000000,0.00004770,0.0000000000000,6868.523,94.418,491.960,488.817,PAYLOAD,LARGE,US,1990-04-24,AFETR,,4743322,288779770,0 HST,1 20580U 90037B   25150.70619620  .00004770  00000-0  17678-3 0  9998,2 20580  28.4663 163.3925 0002288 252.3898 107.6446 15.25132928730019
3.0,GENERATED VIA SPACE-TRACK.ORG API,2025-05-31 06:56:18+00:00,18 SPCS,HST,1990-037B,EARTH,TEME,UTC,SGP4,2025-05-31 05:30:44.980992+00:00,15.25137597,0.00022730,28.4662,159.8447,258.9910,101.0429,0,U,20580,999,73035,0.00016895000000,0.00004569,0.0000000000000,6868.509,94.418,491.935,488.813,PAYLOAD,LARGE,US,1990-04-24,AFETR,,4743547,288810476,0 HST,1 20580U 90037B   25151.22968728  .00004569  00000-0  16895-3 0  9998,2 20580  28.4662 159.8447 0002273 258.9910 101.0429 15.25137597730351
3.0,GENERATED VIA SPACE-TRACK.ORG API,2025-05-31 17:22:36+00:00,18 SPCS,HST,1990-037B,EARTH,TEME,UTC,SGP4,2025-05-31 07:04:58.671264+00:00,15.25138299,0.00022640,28.4662,159.4011,260.0525,99.9814,0,U,20580,999,73010,0.00016937000000,0.00004580,0.0000000000000,6868.507,94.418,491.927,488.817,PAYLOAD,LARGE,US,1990-04-24,AFETR,,4743962,288825432,0 HST,1 20580U 90037B   25151.29512351  .00004580  00000-0  16937-3 0  9992,2 20580  28.4662 159.4011 0002264 260.0525  99.9814 15.25138299730106
3.0,GENERATED VIA SPACE-TRACK.ORG API,2025-06-01 02:33:10+00:00,18 SPCS,HST,1990-037B,EARTH,TEME,UTC,SGP4,2025-05-31 16:30:20.750688+00:00,15.25142508,0.00022550,28.4662,156.7403,265.3764,94.6573,0,U,20580,999,73016,0.00017172000000,0.00004641,0.0000000000000,6868.495,94.417,491.908,488.811,PAYLOAD,LARGE,US,1990-04-24,AFETR,,4744264,288862373,0 HST,1 20580U 90037B   25151.68774017  .00004641  00000-0  17172-3 0  9994,2 20580  28.4662 156.7403 0002255 265.3764  94.6573 15.25142508730162
3.0,GENERATED VIA SPACE-TRACK.ORG API,2025-06-01 15:06:27+00:00,18 SPCS,HST,1990-037B,EARTH,TEME,UTC,SGP4,2025-06-01 09:46:51.043008+00:00,15.25151720,0.00022440,28.4665,151.8624,275.5016,84.5322,0,U,20580,999,73053,0.00021038000000,0.00005640,0.0000000000000,6868.467,94.417,491.873,488.791,PAYLOAD,LARGE,US,1990-04-24,AFETR,,4744927,288903851,0 HST,1 20580U 90037B   25152.40753522  .00005640  00000-0  21038-3 0  9999,2 20580  28.4665 151.8624 0002244 275.5016  84.5322 15.25151720730534
3.0,GENERATED VIA SPACE-TRACK.ORG API,2025-06-01 17:42:04+00:00,18 SPCS,HST,1990-037B,EARTH,TEME,UTC,SGP4,2025-06-01 09:46:51.043008+00:00,15.25151720,0.00022440,28.4665,151.8624,275.5016,84.5322,0,U,20580,999,73027,0.00021038000000,0.00005640,0.0000000000000,6868.467,94.417,491.873,488.791,PAYLOAD,LARGE,US,1990-04-24,AFETR,,4744985,288909771,0 HST,1 20580U 90037B   25152.40753522  .00005640  00000-0  21038-3 0  9999,2 20580  28.4665 151.8624 0002244 275.5016  84.5322 15.25151720730275
3.0,GENERATED VIA SPACE-TRACK.ORG API,2025-06-01 23:16:37+00:00,18 SPCS,HST,1990-037B,EARTH,TEME,UTC,SGP4,2025-06-01 16:03:45.349632+00:00,15.25168325,0.00022380,28.4665,150.0886,278.5025,81.5315,0,U,20580,999,73057,0.00043506000000,0.00011451,0.0000000000000,6868.417,94.416,491.819,488.745,PAYLOAD,LARGE,US,1990-04-24,AFETR,,4745334,288944191,0 HST,1 20580U 90037B   25152.66927488  .00011451  00000-0  43506-3 0  9992,2 20580  28.4665 150.0886 0002238 278.5025  81.5315 15.25168325730573
3.0,GENERATED VIA SPACE-TRACK.ORG API,2025-06-02 02:51:20+00:00,18 SPCS,HST,1990-037B,EARTH,TEME,UTC,SGP4,2025-06-01 16:03:45.349632+00:00,15.25168325,0.00022380,28.4665,150.0886,278.5025,81.5315,0,U,20580,999,73031,0.00043506000000,0.00011451,0.0000000000000,6868.417,94.416,491.819,488.745,PAYLOAD,LARGE,US,1990-04-24,AFETR,,4745409,288950036,0 HST,1 20580U 90037B   25152.66927488  .00011451  00000-0  43506-3 0  9992,2 20580  28.4665 150.0886 0002238 278.5025  81.5315 15.25168325730315
3.0,GENERATED VIA SPACE-TRACK.ORG API,2025-06-02 07:16:20+00:00,18 SPCS,HST,1990-037B,EARTH,TEME,UTC,SGP4,2025-06-02 04:37:34.423392+00:00,15.25164608,0.00022370,28.4665,146.5411,285.4624,74.5723,0,U,20580,999,73065,0.00025914000000,0.00006902,0.0000000000000,6868.428,94.416,491.830,488.757,PAYLOAD,LARGE,US,1990-04-24,AFETR,,4745734,288984073,0 HST,1 20580U 90037B   25153.19275953  .00006902  00000-0  25914-3 0  9992,2 20580  28.4665 146.5411 0002237 285.4624  74.5723 15.25164608730652
3.0,GENERATED VIA SPACE-TRACK.ORG API,2025-06-03 07:26:40+00:00,18 SPCS,HST,1990-037B,EARTH,TEME,UTC,SGP4,2025-06-03 05:45:11.465856+00:00,15.25182988,0.00022770,28.4667,139.4471,296.4839,63.5522,0,U,20580,999,73081,0.00031141000000,0.00008257,0.0000000000000,6868.373,94.415,491.802,488.674,PAYLOAD,LARGE,US,1990-04-24,AFETR,,4746829,289008453,0 HST,1 20580U 90037B   25154.23971604  .00008257  00000-0  31141-3 0  9998,2 20580  28.4667 139.4471 0002277 296.4839  63.5522 15.25182988730819
3.0,GENERATED VIA SPACE-TRACK.ORG API,2025-06-03 20:24:54+00:00,18 SPCS,HST,1990-037B,EARTH,TEME,UTC,SGP4,2025-06-03 08:53:38.520672+00:00,15.25185271,0.00022780,28.4667,138.5602,298.7347,61.3018,0,U,20580,999,73057,0.00031259000000,0.00008288,0.0000000000000,6868.366,94.415,491.796,488.667,PAYLOAD,LARGE,US,1990-04-24,AFETR,,4747294,289024451,0 HST,1 20580U 90037B   25154.37058473  .00008288  00000-0  31259-3 0  9997,2 20580  28.4667 138.5602 0002278 298.7347  61.3018 15.25185271730572
3.0,GENERATED VIA SPACE-TRACK.ORG API,2025-06-04 17:45:46+00:00,18 SPCS,HST,1990-037B,EARTH,TEME,UTC,SGP4,2025-06-04 05:18:34.176096+00:00,15.25191800,0.00022990,28.4669,132.7950,308.7272,51.3117,0,U,20580,999,73070,0.00018145000000,0.00004899,0.0000000000000,6868.347,94.414,491.791,488.633,PAYLOAD,LARGE,US,1990-04-24,AFETR,,4748405,289080766,0 HST,1 20580U 90037B   25155.22122889  .00004899  00000-0  18145-3 0  9998,2 20580  28.4669 132.7950 0002299 308.7272  51.3117 15.25191800730707
3.0,GENERATED VIA SPACE-TRACK.ORG API,2025-06-04 23:06:18+00:00,18 SPCS,HST,1990-037B,EARTH,TEME,UTC,SGP4,2025-06-04 05:18:34.176096+00:00,15.25191800,0.00022990,28.4669,132.7950,308.7272,51.3117,0,U,20580,999,73096,0.00018145000000,0.00004899,0.0000000000000,6868.347,94.414,491.791,488.633,PAYLOAD,LARGE,US,1990-04-24,AFETR,,4748633,289142278,0 HST,1 20580U 90037B   25155.22122889  .00004899  00000-0  18145-3 0  9998,2 20580  28.4669 132.7950 0002299 308.7272  51.3117 15.25191800730965
3.0,GENERATED VIA SPACE-TRACK.ORG API,2025-06-05 18:09:31+00:00,18 SPCS,HST,1990-037B,EARTH,TEME,UTC,SGP4,2025-06-05 14:17:17.045952+00:00,15.25205890,0.00023320,28.4668,123.4815,325.2676,34.7766,0,U,20580,999,73091,0.00016981000000,0.00004600,0.0000000000000,6868.304,94.413,491.771,488.568,PAYLOAD,LARGE,US,1990-04-24,AFETR,,4749058,289186626,0 HST,1 20580U 90037B   25156.59533618  .00004600  00000-0  16981-3 0  9991,2 20580  28.4668 123.4815 0002332 325.2676  34.7766 15.25205890730916
3.0,GENERATED VIA SPACE-TRACK.ORG API,2025-06-05 20:16:37+00:00,18 SPCS,HST,1990-037B,EARTH,TEME,UTC,SGP4,2025-06-05 14:17:17.045952+00:00,15.25205890,0.00023320,28.4668,123.4815,325.2676,34.7766,0,U,20580,999,73117,0.00016981000000,0.00004600,0.0000000000000,6868.304,94.413,491.771,488.568,PAYLOAD,LARGE,US,1990-04-24,AFETR,,4749435,289221673,0 HST,1 20580U 90037B   25156.59533618  .00004600  00000-0  16981-3 0  9991,2 20580  28.4668 123.4815 0002332 325.2676  34.7766 15.25205890731175
3.0,GENERATED VIA SPACE-TRACK.ORG API,2025-06-06 19:12:26+00:00,18 SPCS,HST,1990-037B,EARTH,TEME,UTC,SGP4,2025-06-06 13:50:38.560416+00:00,15.25213871,0.00023710,28.4669,116.8288,337.0507,22.9981,0,U,20580,999,73106,0.00015726000000,0.00004277,0.0000000000000,6868.280,94.413,491.774,488.517,PAYLOAD,LARGE,US,1990-04-24,AFETR,,4750170,289272844,0 HST,1 20580U 90037B   25157.57683519  .00004277  00000-0  15726-3 0  9992,2 20580  28.4669 116.8288 0002371 337.0507  22.9981 15.25213871731067
3.0,GENERATED VIA SPACE-TRACK.ORG API,2025-06-07 07:06:39+00:00,18 SPCS,HST,1990-037B,EARTH,TEME,UTC,SGP4,2025-06-07 03:58:39.260352+00:00,15.25218922,0.00023960,28.4670,112.8375,343.9806,16.0712,0,U,20580,999,73141,0.00016034000000,0.00004357,0.0000000000000,6868.265,94.413,491.776,488.484,PAYLOAD,LARGE,US,1990-04-24,AFETR,,4750780,289342614,0 HST,1 20580U 90037B   25158.16573218  .00004357  00000-0  16034-3 0  9994,2 20580  28.4670 112.8375 0002396 343.9806  16.0712 15.25218922731414
3.0,GENERATED VIA SPACE-TRACK.ORG API,2025-06-07 18:31:59+00:00,18 SPCS,HST,1990-037B,EARTH,TEME,UTC,SGP4,2025-06-07 13:23:59.624736+00:00,15.25222559,0.00024160,28.4671,110.1765,348.6174,11.4365,0,U,20580,999,73121,0.00016561000000,0.00004494,0.0000000000000,6868.254,94.412,491.779,488.460,PAYLOAD,LARGE,US,1990-04-24,AFETR,,4751106,289356042,0 HST,1 20580U 90037B   25158.55832899  .00004494  00000-0  16561-3 0  9997,2 20580  28.4671 110.1765 0002416 348.6174  11.4365 15.25222559731214
3.0,GENERATED VIA SPACE-TRACK.ORG API,2025-06-08 17:55:41+00:00,18 SPCS,HST,1990-037B,EARTH,TEME,UTC,SGP4,2025-06-08 03:32:00.003264+00:00,15.25229293,0.00024290,28.4673,106.1852,355.4859,4.5713,0,U,20580,999,73130,0.00018828000000,0.00005081,0.0000000000000,6868.234,94.412,491.767,488.431,PAYLOAD,LARGE,US,1990-04-24,AFETR,,4752121,289471139,0 HST,1 20580U 90037B   25159.14722226  .00005081  00000-0  18828-3 0  9996,2 20580  28.4673 106.1852 0002429 355.4859   4.5713 15.25229293731300
3.0,GENERATED VIA SPACE-TRACK.ORG API,2025-06-09 17:28:53+00:00,18 SPCS,HST,1990-037B,EARTH,TEME,UTC,SGP4,2025-06-08 03:32:00.019680+00:00,15.25228472,0.00024300,28.4673,106.1852,355.4661,4.5911,0,U,20580,999,73130,0.00017668000000,0.00004781,0.0000000000000,6868.236,94.412,491.770,488.432,PAYLOAD,LARGE,US,1990-04-24,AFETR,,4752343,289536125,0 HST,1 20580U 90037B   25159.14722245  .00004781  00000-0  17668-3 0  9994,2 20580  28.4673 106.1852 0002430 355.4661   4.5911 15.25228472731301
3.0,GENERATED VIA SPACE-TRACK.ORG API,2025-06-10 03:42:05+00:00,18 SPCS,HST,1990-037B,EARTH,TEME,UTC,SGP4,2025-06-09 21:56:00.069216+00:00,15.25245466,0.00025140,28.4678,94.2118,15.2754,344.7916,0,U,20580,999,73157,0.00018075000000,0.00004889,0.0000000000000,6868.185,94.411,491.777,488.324,PAYLOAD,LARGE,US,1990-04-24,AFETR,,4752400,289567284,0 HST,1 20580U 90037B   25160.91388969  .00004889  00000-0  18075-3 0  9994,2 20580  28.4678  94.2118 0002514  15.2754 344.7916 15.25245466731570
3.0,GENERATED VIA SPACE-TRACK.ORG API,2025-06-10 18:46:27+00:00,18 SPCS,HST,1990-037B,EARTH,TEME,UTC,SGP4,2025-06-10 12:03:59.708160+00:00,15.25249918,0.00025540,28.4682,90.2204,21.5382,338.5320,0,U,20580,999,73166,0.00015988000000,0.00004349,0.0000000000000,6868.172,94.411,491.791,488.283,PAYLOAD,LARGE,US,1990-04-24,AFETR,,4752668,289603265,0 HST,1 20580U 90037B   25161.50277440  .00004349  00000-0  15988-3 0  9992,2 20580  28.4682  90.2204 0002554  21.5382 338.5320 15.25249918731664
3.0,GENERATED VIA SPACE-TRACK.ORG API,2025-06-11 02:10:05+00:00,18 SPCS,HST,1990-037B,EARTH,TEME,UTC,SGP4,2025-06-10 21:29:19.368384+00:00,15.25253996,0.00025550,28.4682,87.5597,25.8656,334.2066,0,U,20580,999,73172,0.00016604000000,0.00004509,0.0000000000000,6868.160,94.411,491.780,488.270,PAYLOAD,LARGE,US,1990-04-24,AFETR,,4752982,289640834,0 HST,1 20580U 90037B   25161.89536306  .00004509  00000-0  16604-3 0  9997,2 20580  28.4682  87.5597 0002555  25.8656 334.2066 15.25253996731728
3.0,GENERATED VIA SPACE-TRACK.ORG API,2025-06-11 15:06:20+00:00,18 SPCS,HST,1990-037B,EARTH,TEME,UTC,SGP4,2025-06-11 11:37:18.688512+00:00,15.25259253,0.00025830,28.4684,83.5687,31.8675,328.2075,0,U,20580,999,73207,0.00015965000000,0.00004344,0.0000000000000,6868.144,94.410,491.783,488.235,PAYLOAD,LARGE,US,1990-04-24,AFETR,,4753517,289679692,0 HST,1 20580U 90037B   25162.48424408  .00004344  00000-0  15965-3 0  9998,2 20580  28.4684  83.5687 0002583  31.8675 328.2075 15.25259253732079
3.0,GENERATED VIA SPACE-TRACK.ORG API,2025-06-11 19:05:57+00:00,18 SPCS,HST,1990-037B,EARTH,TEME,UTC,SGP4,2025-06-11 11:37:18.688512+00:00,15.25259253,0.00025830,28.4684,83.5687,31.8675,328.2075,0,U,20580,999,73181,0.00015965000000,0.00004344,0.0000000000000,6868.144,94.410,491.783,488.235,PAYLOAD,LARGE,US,1990-04-24,AFETR,,4753611,289685824,0 HST,1 20580U 90037B   25162.48424408  .00004344  00000-0  15965-3 0  9998,2 20580  28.4684  83.5687 0002583  31.8675 328.2075 15.25259253731810
3.0,GENERATED VIA SPACE-TRACK.ORG API,2025-06-12 02:20:09+00:00,18 SPCS,HST,1990-037B,EARTH,TEME,UTC,SGP4,2025-06-11 21:02:38.152608+00:00,15.25263214,0.00025780,28.4685,80.9077,36.3649,323.7121,0,U,20580,999,73187,0.00016727000000,0.00004542,0.0000000000000,6868.132,94.410,491.768,488.227,PAYLOAD,LARGE,US,1990-04-24,AFETR,,4753905,289723272,0 HST,1 20580U 90037B   25162.87683047  .00004542  00000-0  16727-3 0  9994,2 20580  28.4685  80.9077 0002578  36.3649 323.7121 15.25263214731870
3.0,GENERATED VIA SPACE-TRACK.ORG API,2025-06-12 22:56:19+00:00,18 SPCS,HST,1990-037B,EARTH,TEME,UTC,SGP4,2025-06-12 20:35:56.332896+00:00,15.25275364,0.00026060,28.4687,74.2558,46.5017,313.5794,0,U,20580,999,73228,0.00020696000000,0.00005572,0.0000000000000,6868.096,94.409,491.751,488.171,PAYLOAD,LARGE,US,1990-04-24,AFETR,,4754810,289770641,0 HST,1 20580U 90037B   25163.85829089  .00005572  00000-0  20696-3 0  9995,2 20580  28.4687  74.2558 0002606  46.5017 313.5794 15.25275364732284
3.0,GENERATED VIA SPACE-TRACK.ORG API,2025-06-13 02:45:52+00:00,18 SPCS,HST,1990-037B,EARTH,TEME,UTC,SGP4,2025-06-12 22:10:09.528960+00:00,15.25275985,0.00026120,28.4687,73.8124,47.1811,312.9003,0,U,20580,999,73203,0.00020605000000,0.00005549,0.0000000000000,6868.094,94.409,491.753,488.165,PAYLOAD,LARGE,US,1990-04-24,AFETR,,4754891,289776772,0 HST,1 20580U 90037B   25163.92372140  .00005549  00000-0  20605-3 0  9998,2 20580  28.4687  73.8124 0002612  47.1811 312.9003 15.25275985732032
3.0,GENERATED VIA SPACE-TRACK.ORG API,2025-06-13 17:30:48+00:00,18 SPCS,HST,1990-037B,EARTH,TEME,UTC,SGP4,2025-06-13 10:43:54.767424+00:00,15.25290678,0.00026130,28.4688,70.2645,52.5404,307.5428,0,U,20580,999,73211,0.00035123000000,0.00009317,0.0000000000000,6868.050,94.408,491.709,488.120,PAYLOAD,LARGE,US,1990-04-24,AFETR,,4755476,289820765,0 HST,1 20580U 90037B   25164.44716166  .00009317  00000-0  35123-3 0  9994,2 20580  28.4688  70.2645 0002613  52.5404 307.5428 15.25290678732117
3.0,GENERATED VIA SPACE-TRACK.ORG API,2025-06-13 23:16:24+00:00,18 SPCS,HST,1990-037B,EARTH,TEME,UTC,SGP4,2025-06-13 10:43:54.767424+00:00,15.25290678,0.00026130,28.4688,70.2645,52.5404,307.5428,0,U,20580,999,73237,0.00035123000000,0.00009317,0.0000000000000,6868.050,94.408,491.709,488.120,PAYLOAD,LARGE,US,1990-04-24,AFETR,,4755818,289854221,0 HST,1 20580U 90037B   25164.44716166  .00009317  00000-0  35123-3 0  9994,2 20580  28.4688  70.2645 0002613  52.5404 307.5428 15.25290678732375
3.0,GENERATED VIA SPACE-TRACK.ORG API,2025-06-14 02:50:29+00:00,18 SPCS,HST,1990-037B,EARTH,TEME,UTC,SGP4,2025-06-13 21:43:26.824512+00:00,15.25294054,0.00026190,28.4689,67.1601,57.1321,302.9526,0,U,20580,999,73218,0.00030657000000,0.00008159,0.0000000000000,6868.040,94.408,491.703,488.106,PAYLOAD,LARGE,US,1990-04-24,AFETR,,4755872,289860222,0 HST,1 20580U 90037B   25164.90517158  .00008159  00000-0  30657-3 0  9995,2 20580  28.4689  67.1601 0002619  57.1321 302.9526 15.25294054732187
3.0,GENERATED VIA SPACE-TRACK.ORG API,2025-06-14 07:16:46+00:00,18 SPCS,HST,1990-037B,EARTH,TEME,UTC,SGP4,2025-06-14 02:26:06.273600+00:00,15.25293524,0.00026210,28.4690,65.8299,59.0755,301.0097,0,U,20580,999,73247,0.00025764000000,0.00006889,0.0000000000000,6868.041,94.408,491.706,488.106,PAYLOAD,LARGE,US,1990-04-24,AFETR,,4756202,289893313,0 HST,1 20580U 90037B   25165.10146150  .00006889  00000-0  25764-3 0  9999,2 20580  28.4690  65.8299 0002621  59.0755 301.0097 15.25293524732478
3.0,GENERATED VIA SPACE-TRACK.ORG API,2025-06-14 17:19:46+00:00,18 SPCS,HST,1990-037B,EARTH,TEME,UTC,SGP4,2025-06-14 10:17:11.821056+00:00,15.25298150,0.00026330,28.4690,63.6123,62.7705,297.3158,0,U,20580,999,73226,0.00025052000000,0.00006706,0.0000000000000,6868.027,94.408,491.701,488.084,PAYLOAD,LARGE,US,1990-04-24,AFETR,,4756652,289909812,0 HST,1 20580U 90037B   25165.42860904  .00006706  00000-0  25052-3 0  9992,2 20580  28.4690  63.6123 0002633  62.7705 297.3158 15.25298150732261
3.0,GENERATED VIA SPACE-TRACK.ORG API,2025-06-15 02:25:53+00:00,18 SPCS,HST,1990-037B,EARTH,TEME,UTC,SGP4,2025-06-14 21:16:43.460832+00:00,15.25303486,0.00026360,28.4690,60.5082,66.7759,293.3113,0,U,20580,999,73233,0.00022804000000,0.00006123,0.0000000000000,6868.011,94.407,491.687,488.066,PAYLOAD,LARGE,US,1990-04-24,AFETR,,4756978,289947463,0 HST,1 20580U 90037B   25165.88661413  .00006123  00000-0  22804-3 0  9991,2 20580  28.4690  60.5082 0002636  66.7759 293.3113 15.25303486732331
3.0,GENERATED VIA SPACE-TRACK.ORG API,2025-06-15 17:31:50+00:00,18 SPCS,HST,1990-037B,EARTH,TEME,UTC,SGP4,2025-06-15 01:59:22.681824+00:00,15.25305578,0.00026430,28.4692,59.1778,68.8805,291.2071,0,U,20580,999,73236,0.00019241000000,0.00005200,0.0000000000000,6868.005,94.407,491.685,488.055,PAYLOAD,LARGE,US,1990-04-24,AFETR,,4757502,289989712,0 HST,1 20580U 90037B   25166.08290141  .00005200  00000-0  19241-3 0  9996,2 20580  28.4692  59.1778 0002643  68.8805 291.2071 15.25305578732369
3.0,GENERATED VIA SPACE-TRACK.ORG API,2025-06-15 22:56:18+00:00,18 SPCS,HST,1990-037B,EARTH,TEME,UTC,SGP4,2025-06-15 17:41:33.330912+00:00,15.25311428,0.00026380,28.4691,54.7430,75.3219,284.7668,0,U,20580,999,73272,0.00017464000000,0.00004740,0.0000000000000,6867.987,94.407,491.664,488.041,PAYLOAD,LARGE,US,1990-04-24,AFETR,,4757732,290020632,0 HST,1 20580U 90037B   25166.73719133  .00004740  00000-0  17464-3 0  9998,2 20580  28.4691  54.7430 0002638  75.3219 284.7668 15.25311428732720
3.0,GENERATED VIA SPACE-TRACK.ORG API,2025-06-16 02:46:35+00:00,18 SPCS,HST,1990-037B,EARTH,TEME,UTC,SGP4,2025-06-15 20:49:59.411136+00:00,15.25313538,0.00026300,28.4692,53.8560,76.5975,283.4912,0,U,20580,999,73248,0.00018657000000,0.00005049,0.0000000000000,6867.981,94.407,491.652,488.040,PAYLOAD,LARGE,US,1990-04-24,AFETR,,4757784,290027054,0 HST,1 20580U 90037B   25166.86804874  .00005049  00000-0  18657-3 0  9997,2 20580  28.4692  53.8560 0002630  76.5975 283.4912 15.25313538732484
3.0,GENERATED VIA SPACE-TRACK.ORG API,2025-06-16 17:43:13+00:00,18 SPCS,HST,1990-037B,EARTH,TEME,UTC,SGP4,2025-06-16 01:32:38.516352+00:00,15.25316053,0.00026270,28.4692,52.5255,78.7319,281.3570,0,U,20580,999,73251,0.00019430000000,0.00005250,0.0000000000000,6867.974,94.407,491.643,488.034,PAYLOAD,LARGE,US,1990-04-24,AFETR,,4758401,290071729,0 HST,1 20580U 90037B   25167.06433468  .00005250  00000-0  19430-3 0  9991,2 20580  28.4692  52.5255 0002627  78.7319 281.3570 15.25316053732519
3.0,GENERATED VIA SPACE-TRACK.ORG API,2025-06-16 23:06:17+00:00,18 SPCS,HST,1990-037B,EARTH,TEME,UTC,SGP4,2025-06-16 20:23:14.793792+00:00,15.25323519,0.00026180,28.4693,47.2035,86.4797,273.6097,0,U,20580,999,73289,0.00018538000000,0.00005020,0.0000000000000,6867.951,94.406,491.614,488.018,PAYLOAD,LARGE,US,1990-04-24,AFETR,,4758668,290103191,0 HST,1 20580U 90037B   25167.84947678  .00005020  00000-0  18538-3 0  9993,2 20580  28.4693  47.2035 0002618  86.4797 273.6097 15.25323519732897
3.0,GENERATED VIA SPACE-TRACK.ORG API,2025-06-17 02:20:21+00:00,18 SPCS,HST,1990-037B,EARTH,TEME,UTC,SGP4,2025-06-16 20:23:14.793792+00:00,15.25323519,0.00026180,28.4693,47.2035,86.4797,273.6097,0,U,20580,999,73263,0.00018538000000,0.00005020,0.0000000000000,6867.951,94.406,491.614,488.018,PAYLOAD,LARGE,US,1990-04-24,AFETR,,4758702,290109073,0 HST,1 20580U 90037B   25167.84947678  .00005020  00000-0  18538-3 0  9993,2 20580  28.4693  47.2035 0002618  86.4797 273.6097 15.25323519732639
3.0,GENERATED VIA SPACE-TRACK.ORG API,2025-06-18 03:19:13+00:00,18 SPCS,HST,1990-037B,EARTH,TEME,UTC,SGP4,2025-06-17 19:56:29.686560+00:00,15.25332530,0.00025960,28.4693,40.5512,96.4366,263.6524,0,U,20580,999,73278,0.00018361000000,0.00004975,0.0000000000000,6867.924,94.406,491.572,488.006,PAYLOAD,LARGE,US,1990-04-24,AFETR,,4759714,290162397,0 HST,1 20580U 90037B   25168.83089915  .00004975  00000-0  18361-3 0  9996,2 20580  28.4693  40.5512 0002596  96.4366 263.6524 15.25332530732786
3.0,GENERATED VIA SPACE-TRACK.ORG API,2025-06-18 07:06:42+00:00,18 SPCS,HST,1990-037B,EARTH,TEME,UTC,SGP4,2025-06-18 00:39:08.584416+00:00,15.25335009,0.00026050,28.4692,39.2207,98.8968,261.1922,0,U,20580,999,73307,0.00019105000000,0.00005169,0.0000000000000,6867.917,94.405,491.571,487.993,PAYLOAD,LARGE,US,1990-04-24,AFETR,,4759992,290194528,0 HST,1 20580U 90037B   25169.02718269  .00005169  00000-0  19105-3 0  9992,2 20580  28.4692  39.2207 0002605  98.8968 261.1922 15.25335009733078
3.0,GENERATED VIA SPACE-TRACK.ORG API,2025-06-18 17:28:52+00:00,18 SPCS,HST,1990-037B,EARTH,TEME,UTC,SGP4,2025-06-18 00:39:08.584416+00:00,15.25335009,0.00026050,28.4692,39.2207,98.8968,261.1922,0,U,20580,999,73281,0.00019105000000,0.00005169,0.0000000000000,6867.917,94.405,491.571,487.993,PAYLOAD,LARGE,US,1990-04-24,AFETR,,4760389,290208662,0 HST,1 20580U 90037B   25169.02718269  .00005169  00000-0  19105-3 0  9992,2 20580  28.4692  39.2207 0002605  98.8968 261.1922 15.25335009732819
3.0,GENERATED VIA SPACE-TRACK.ORG API,2025-06-19 03:46:26+00:00,18 SPCS,HST,1990-037B,EARTH,TEME,UTC,SGP4,2025-06-18 22:38:09.892320+00:00,15.25343733,0.00025790,28.4692,33.0120,108.2735,251.8140,0,U,20580,999,73295,0.00019140000000,0.00005179,0.0000000000000,6867.890,94.405,491.527,487.984,PAYLOAD,LARGE,US,1990-04-24,AFETR,,4760674,290245602,0 HST,1 20580U 90037B   25169.94317005  .00005179  00000-0  19140-3 0  9996,2 20580  28.4692  33.0120 0002579 108.2735 251.8140 15.25343733732959
3.0,GENERATED VIA SPACE-TRACK.ORG API,2025-06-19 19:02:27+00:00,18 SPCS,HST,1990-037B,EARTH,TEME,UTC,SGP4,2025-06-18 22:38:09.891456+00:00,15.25343750,0.00025780,28.4692,33.0120,108.1630,251.9245,0,U,20580,999,73295,0.00019167000000,0.00005186,0.0000000000000,6867.890,94.405,491.526,487.985,PAYLOAD,LARGE,US,1990-04-24,AFETR,,4761309,290291548,0 HST,1 20580U 90037B   25169.94317004  .00005186  00000-0  19167-3 0  9992,2 20580  28.4692  33.0120 0002578 108.1630 251.9245 15.25343750732957
3.0,GENERATED VIA SPACE-TRACK.ORG API,2025-06-19 22:46:18+00:00,18 SPCS,HST,1990-037B,EARTH,TEME,UTC,SGP4,2025-06-19 19:02:57.860736+00:00,15.25350950,0.00025360,28.4692,27.2466,116.6648,243.4207,0,U,20580,999,73334,0.00018127000000,0.00004917,0.0000000000000,6867.869,94.405,491.475,487.992,PAYLOAD,LARGE,US,1990-04-24,AFETR,,4761485,290320955,0 HST,1 20580U 90037B   25170.79372524  .00004917  00000-0  18127-3 0  9991,2 20580  28.4692  27.2466 0002536 116.6648 243.4207 15.25350950733340
3.0,GENERATED VIA SPACE-TRACK.ORG API,2025-06-20 02:22:48+00:00,18 SPCS,HST,1990-037B,EARTH,TEME,UTC,SGP4,2025-06-19 20:37:10.768224+00:00,15.25351516,0.00025320,28.4692,26.8031,117.2583,242.8270,0,U,20580,999,73309,0.00018095000000,0.00004909,0.0000000000000,6867.867,94.404,491.471,487.993,PAYLOAD,LARGE,US,1990-04-24,AFETR,,4761523,290326402,0 HST,1 20580U 90037B   25170.85915241  .00004909  00000-0  18095-3 0  9992,2 20580  28.4692  26.8031 0002532 117.2583 242.8270 15.25351516733098
3.0,GENERATED VIA SPACE-TRACK.ORG API,2025-06-20 22:46:18+00:00,18 SPCS,HST,1990-037B,EARTH,TEME,UTC,SGP4,2025-06-20 21:44:36.936384+00:00,15.25360337,0.00024710,28.4692,19.7075,127.9241,232.1577,0,U,20580,999,73351,0.00016881000000,0.00004595,0.0000000000000,6867.841,94.404,491.403,488.009,PAYLOAD,LARGE,US,1990-04-24,AFETR,,4762414,290403321,0 HST,1 20580U 90037B   25171.90598306  .00004595  00000-0  16881-3 0  9990,2 20580  28.4692  19.7075 0002471 127.9241 232.1577 15.25360337733518
3.0,GENERATED VIA SPACE-TRACK.ORG API,2025-06-21 03:03:14+00:00,18 SPCS,HST,1990-037B,EARTH,TEME,UTC,SGP4,2025-06-20 21:44:36.936384+00:00,15.25360337,0.00024710,28.4692,19.7075,127.9241,232.1577,0,U,20580,999,73325,0.00016881000000,0.00004595,0.0000000000000,6867.841,94.404,491.403,488.009,PAYLOAD,LARGE,US,1990-04-24,AFETR,,4762475,290409351,0 HST,1 20580U 90037B   25171.90598306  .00004595  00000-0  16881-3 0  9990,2 20580  28.4692  19.7075 0002471 127.9241 232.1577 15.25360337733259
3.0,GENERATED VIA SPACE-TRACK.ORG API,2025-06-22 06:28:33+00:00,18 SPCS,HST,1990-037B,EARTH,TEME,UTC,SGP4,2025-06-21 19:43:36.898176+00:00,15.25368140,0.00024580,28.4691,13.4987,137.6667,222.4117,0,U,20580,999,73339,0.00016690000000,0.00004547,0.0000000000000,6867.817,94.403,491.370,487.994,PAYLOAD,LARGE,US,1990-04-24,AFETR,,4763498,290493927,0 HST,1 20580U 90037B   25172.82195484  .00004547  00000-0  16690-3 0  9997,2 20580  28.4691  13.4987 0002458 137.6667 222.4117 15.25368140733393
3.0,GENERATED VIA SPACE-TRACK.ORG API,2025-06-22 22:36:31+00:00,18 SPCS,HST,1990-037B,EARTH,TEME,UTC,SGP4,2025-06-22 16:08:23.706240+00:00,15.25373989,0.00024180,28.4690,7.7332,146.3870,213.6878,0,U,20580,999,73378,0.00015349000000,0.00004199,0.0000000000000,6867.800,94.403,491.325,488.004,PAYLOAD,LARGE,US,1990-04-24,AFETR,,4764143,290565909,0 HST,1 20580U 90037B   25173.67249660  .00004199  00000-0  15349-3 0  9990,2 20580  28.4690   7.7332 0002418 146.3870 213.6878 15.25373989733787
3.0,GENERATED VIA SPACE-TRACK.ORG API,2025-06-23 03:25:04+00:00,18 SPCS,HST,1990-037B,EARTH,TEME,UTC,SGP4,2025-06-22 16:08:23.706240+00:00,15.25373989,0.00024180,28.4690,7.7332,146.3870,213.6878,0,U,20580,999,73352,0.00015349000000,0.00004199,0.0000000000000,6867.800,94.403,491.325,488.004,PAYLOAD,LARGE,US,1990-04-24,AFETR,,4764202,290571271,0 HST,1 20580U 90037B   25173.67249660  .00004199  00000-0  15349-3 0  9990,2 20580  28.4690   7.7332 0002418 146.3870 213.6878 15.25373989733529
3.0,GENERATED VIA SPACE-TRACK.ORG API,2025-06-23 18:58:09+00:00,18 SPCS,HST,1990-037B,EARTH,TEME,UTC,SGP4,2025-06-23 14:07:22.951776+00:00,15.25381153,0.00023640,28.4690,1.5241,155.7619,204.3087,0,U,20580,999,73366,0.00015255000000,0.00004175,0.0000000000000,6867.778,94.403,491.267,488.020,PAYLOAD,LARGE,US,1990-04-24,AFETR,,4764764,290615120,0 HST,1 20580U 90037B   25174.58846009  .00004175  00000-0  15255-3 0  9991,2 20580  28.4690   1.5241 0002364 155.7619 204.3087 15.25381153733661
3.0,GENERATED VIA SPACE-TRACK.ORG API,2025-06-23 23:06:32+00:00,18 SPCS,HST,1990-037B,EARTH,TEME,UTC,SGP4,2025-06-23 20:24:14.103936+00:00,15.25383217,0.00023370,28.4691,359.7503,158.0948,201.9747,0,U,20580,999,73396,0.00015179000000,0.00004156,0.0000000000000,6867.772,94.403,491.242,488.032,PAYLOAD,LARGE,US,1990-04-24,AFETR,,4765052,290647124,0 HST,1 20580U 90037B   25174.85016324  .00004156  00000-0  15179-3 0  9994,2 20580  28.4691 359.7503 0002337 158.0948 201.9747 15.25383217733964
3.0,GENERATED VIA SPACE-TRACK.ORG API,2025-06-24 02:37:05+00:00,18 SPCS,HST,1990-037B,EARTH,TEME,UTC,SGP4,2025-06-23 21:58:26.886144+00:00,15.25383683,0.00023390,28.4691,359.3068,158.7567,201.3125,0,U,20580,999,73371,0.00015150000000,0.00004148,0.0000000000000,6867.771,94.402,491.242,488.029,PAYLOAD,LARGE,US,1990-04-24,AFETR,,4765112,290653093,0 HST,1 20580U 90037B   25174.91558896  .00004148  00000-0  15150-3 0  9996,2 20580  28.4691 359.3068 0002339 158.7567 201.3125 15.25383683733716
3.0,GENERATED VIA SPACE-TRACK.ORG API,2025-06-24 17:32:58+00:00,18 SPCS,HST,1990-037B,EARTH,TEME,UTC,SGP4,2025-06-24 13:40:34.633920+00:00,15.25388542,0.00022720,28.4690,354.8719,165.9529,194.1129,0,U,20580,999,73381,0.00015300000000,0.00004188,0.0000000000000,6867.756,94.402,491.181,488.061,PAYLOAD,LARGE,US,1990-04-24,AFETR,,4765702,290697952,0 HST,1 20580U 90037B   25175.56984530  .00004188  00000-0  15300-3 0  9997,2 20580  28.4690 354.8719 0002272 165.9529 194.1129 15.25388542733815
3.0,GENERATED VIA SPACE-TRACK.ORG API,2025-06-25 02:12:46+00:00,18 SPCS,HST,1990-037B,EARTH,TEME,UTC,SGP4,2025-06-24 16:49:00.157728+00:00,15.25389635,0.00022720,28.4690,353.9847,167.3165,192.7487,0,U,20580,999,73383,0.00015435000000,0.00004223,0.0000000000000,6867.753,94.402,491.178,488.057,PAYLOAD,LARGE,US,1990-04-24,AFETR,,4766019,290734702,0 HST,1 20580U 90037B   25175.70069627  .00004223  00000-0  15435-3 0  9993,2 20580  28.4690 353.9847 0002272 167.3165 192.7487 15.25389635733836
3.0,GENERATED VIA SPACE-TRACK.ORG API,2025-06-25 07:06:32+00:00,18 SPCS,HST,1990-037B,EARTH,TEME,UTC,SGP4,2025-06-25 03:48:29.437056+00:00,15.25392441,0.00021880,28.4690,350.8805,172.2630,187.7999,0,U,20580,999,73416,0.00014351000000,0.00003942,0.0000000000000,6867.744,94.402,491.112,488.107,PAYLOAD,LARGE,US,1990-04-24,AFETR,,4766294,290767056,0 HST,1 20580U 90037B   25176.15867404  .00003942  00000-0  14351-3 0  9995,2 20580  28.4690 350.8805 0002188 172.2630 187.7999 15.25392441734162
3.0,GENERATED VIA SPACE-TRACK.ORG API,2025-06-25 18:19:50+00:00,18 SPCS,HST,1990-037B,EARTH,TEME,UTC,SGP4,2025-06-25 05:22:42.191616+00:00,15.25392889,0.00021740,28.4691,350.4369,172.8249,187.2377,0,U,20580,999,73391,0.00014486000000,0.00003977,0.0000000000000,6867.743,94.402,491.101,488.115,PAYLOAD,LARGE,US,1990-04-24,AFETR,,4766636,290779191,0 HST,1 20580U 90037B   25176.22409944  .00003977  00000-0  14486-3 0  9991,2 20580  28.4691 350.4369 0002174 172.8249 187.2377 15.25392889733914
3.0,GENERATED VIA SPACE-TRACK.ORG API,2025-06-26 02:59:50+00:00,18 SPCS,HST,1990-037B,EARTH,TEME,UTC,SGP4,2025-06-25 17:56:24.127872+00:00,15.25396764,0.00021470,28.4689,346.8889,178.5189,181.5412,0,U,20580,999,73399,0.00014691000000,0.00004031,0.0000000000000,6867.731,94.402,491.071,488.122,PAYLOAD,LARGE,US,1990-04-24,AFETR,,4766952,290817481,0 HST,1 20580U 90037B   25176.74750148  .00004031  00000-0  14691-3 0  9993,2 20580  28.4689 346.8889 0002147 178.5189 181.5412 15.25396764733994
3.0,GENERATED VIA SPACE-TRACK.ORG API,2025-06-26 15:06:35+00:00,18 SPCS,HST,1990-037B,EARTH,TEME,UTC,SGP4,2025-06-26 12:46:56.771328+00:00,15.25403394,0.00020590,28.4689,341.5668,187.4822,172.5742,0,U,20580,999,73437,0.00015915000000,0.00004350,0.0000000000000,6867.711,94.401,490.990,488.162,PAYLOAD,LARGE,US,1990-04-24,AFETR,,4767457,290855417,0 HST,1 20580U 90037B   25177.53260152  .00004350  00000-0  15915-3 0  9996,2 20580  28.4689 341.5668 0002059 187.4822 172.5742 15.25403394734373
3.0,GENERATED VIA SPACE-TRACK.ORG API,2025-06-27 03:01:02+00:00,18 SPCS,HST,1990-037B,EARTH,TEME,UTC,SGP4,2025-06-26 15:55:22.178496+00:00,15.25404707,0.00020560,28.4690,340.6799,189.0850,170.9707,0,U,20580,999,73413,0.00016260000000,0.00004439,0.0000000000000,6867.707,94.401,490.984,488.160,PAYLOAD,LARGE,US,1990-04-24,AFETR,,4767969,290898848,0 HST,1 20580U 90037B   25177.66345114  .00004439  00000-0  16260-3 0  9994,2 20580  28.4690 340.6799 0002056 189.0850 170.9707 15.25404707734132
3.0,GENERATED VIA SPACE-TRACK.ORG API,2025-06-27 17:57:15+00:00,18 SPCS,HST,1990-037B,EARTH,TEME,UTC,SGP4,2025-06-27 13:54:19.842048+00:00,15.25412077,0.00020060,28.4689,334.4707,199.9893,160.0623,0,U,20580,999,73427,0.00016249000000,0.00004437,0.0000000000000,6867.685,94.401,490.928,488.173,PAYLOAD,LARGE,US,1990-04-24,AFETR,,4768597,290944682,0 HST,1 20580U 90037B   25178.57939632  .00004437  00000-0  16249-3 0  9994,2 20580  28.4689 334.4707 0002006 199.9893 160.0623 15.25412077734273
3.0,GENERATED VIA SPACE-TRACK.ORG API,2025-06-27 23:06:26+00:00,18 SPCS,HST,1990-037B,EARTH,TEME,UTC,SGP4,2025-06-27 17:02:45.169728+00:00,15.25413523,0.00020010,28.4689,333.5836,201.5041,158.5470,0,U,20580,999,73455,0.00016532000000,0.00004511,0.0000000000000,6867.681,94.401,490.920,488.172,PAYLOAD,LARGE,US,1990-04-24,AFETR,,4768883,290976439,0 HST,1 20580U 90037B   25178.71024502  .00004511  00000-0  16532-3 0  9999,2 20580  28.4689 333.5836 0002001 201.5041 158.5470 15.25413523734556
3.0,GENERATED VIA SPACE-TRACK.ORG API,2025-06-28 03:31:03+00:00,18 SPCS,HST,1990-037B,EARTH,TEME,UTC,SGP4,2025-06-27 17:02:45.167136+00:00,15.25413367,0.00019950,28.4688,333.5833,201.3866,158.6645,0,U,20580,999,73429,0.00016287000000,0.00004448,0.0000000000000,6867.681,94.401,490.917,488.176,PAYLOAD,LARGE,US,1990-04-24,AFETR,,4768957,290982963,0 HST,1 20580U 90037B   25178.71024499  .00004448  00000-0  16287-3 0  9990,2 20580  28.4688 333.5833 0001995 201.3866 158.6645 15.25413367734298
3.0,GENERATED VIA SPACE-TRACK.ORG API,2025-06-28 17:41:05+00:00,18 SPCS,HST,1990-037B,EARTH,TEME,UTC,SGP4,2025-06-28 10:19:04.408896+00:00,15.25419164,0.00019410,28.4687,328.7045,210.2508,149.7975,0,U,20580,999,73440,0.00015566000000,0.00004261,0.0000000000000,6867.664,94.400,490.862,488.196,PAYLOAD,LARGE,US,1990-04-24,AFETR,,4769613,291029099,0 HST,1 20580U 90037B   25179.42991214  .00004261  00000-0  15566-3 0  9999,2 20580  28.4687 328.7045 0001941 210.2508 149.7975 15.25419164734402
3.0,GENERATED VIA SPACE-TRACK.ORG API,2025-06-28 23:06:36+00:00,18 SPCS,HST,1990-037B,EARTH,TEME,UTC,SGP4,2025-06-28 18:10:07.636512+00:00,15.25421852,0.00018990,28.4690,326.4877,214.1208,145.9265,0,U,20580,999,73471,0.00015038000000,0.00004124,0.0000000000000,6867.656,94.400,490.825,488.217,PAYLOAD,LARGE,US,1990-04-24,AFETR,,4769873,291061289,0 HST,1 20580U 90037B   25179.75703283  .00004124  00000-0  15038-3 0  9994,2 20580  28.4690 326.4877 0001899 214.1208 145.9265 15.25421852734717
3.0,GENERATED VIA SPACE-TRACK.ORG API,2025-06-29 02:41:35+00:00,18 SPCS,HST,1990-037B,EARTH,TEME,UTC,SGP4,2025-06-28 18:10:07.636512+00:00,15.25421852,0.00018990,28.4690,326.4877,214.1208,145.9265,0,U,20580,999,73445,0.00015038000000,0.00004124,0.0000000000000,6867.656,94.400,490.825,488.217,PAYLOAD,LARGE,US,1990-04-24,AFETR,,4769919,291066936,0 HST,1 20580U 90037B   25179.75703283  .00004124  00000-0  15038-3 0  9994,2 20580  28.4690 326.4877 0001899 214.1208 145.9265 15.25421852734458
3.0,GENERATED VIA SPACE-TRACK.ORG API,2025-06-29 17:39:57+00:00,18 SPCS,HST,1990-037B,EARTH,TEME,UTC,SGP4,2025-06-29 11:26:26.533536+00:00,15.25427507,0.00018560,28.4689,321.6088,223.0567,136.9882,0,U,20580,999,73456,0.00014328000000,0.00003940,0.0000000000000,6867.639,94.400,490.779,488.229,PAYLOAD,LARGE,US,1990-04-24,AFETR,,4770557,291112991,0 HST,1 20580U 90037B   25180.47669599  .00003940  00000-0  14328-3 0  9992,2 20580  28.4689 321.6088 0001856 223.0567 136.9882 15.25427507734567
3.0,GENERATED VIA SPACE-TRACK.ORG API,2025-06-30 03:44:42+00:00,18 SPCS,HST,1990-037B,EARTH,TEME,UTC,SGP4,2025-06-29 16:09:04.351392+00:00,15.25429988,0.00018420,28.4688,320.2783,225.4852,134.5592,0,U,20580,999,73459,0.00015330000000,0.00004201,0.0000000000000,6867.632,94.400,490.762,488.232,PAYLOAD,LARGE,US,1990-04-24,AFETR,,4770867,291150193,0 HST,1 20580U 90037B   25180.67296703  .00004201  00000-0  15330-3 0  9992,2 20580  28.4688 320.2783 0001842 225.4852 134.5592 15.25429988734591
3.0,GENERATED VIA SPACE-TRACK.ORG API,2025-06-30 06:56:28+00:00,18 SPCS,HST,1990-037B,EARTH,TEME,UTC,SGP4,2025-06-30 01:34:19.970688+00:00,15.25433042,0.00018240,28.4689,317.6170,230.7154,129.3279,0,U,20580,999,73491,0.00015020000000,0.00004120,0.0000000000000,6867.622,94.399,490.740,488.235,PAYLOAD,LARGE,US,1990-04-24,AFETR,,4771071,291181383,0 HST,1 20580U 90037B   25181.06550892  .00004120  00000-0  15020-3 0  9994,2 20580  28.4689 317.6170 0001824 230.7154 129.3279 15.25433042734912
3.0,GENERATED VIA SPACE-TRACK.ORG API,2025-06-30 17:29:02+00:00,18 SPCS,HST,1990-037B,EARTH,TEME,UTC,SGP4,2025-06-30 14:08:00.679200+00:00,15.25437963,0.00018010,28.4688,314.0687,236.8381,123.2041,0,U,20580,999,73473,0.00015782000000,0.00004319,0.0000000000000,6867.608,94.399,490.709,488.236,PAYLOAD,LARGE,US,1990-04-24,AFETR,,4771466,291195084,0 HST,1 20580U 90037B   25181.58889675  .00004319  00000-0  15782-3 0  9990,2 20580  28.4688 314.0687 0001801 236.8381 123.2041 15.25437963734735
3.0,GENERATED VIA SPACE-TRACK.ORG API,2025-07-01 02:15:15+00:00,18 SPCS,HST,1990-037B,EARTH,TEME,UTC,SGP4,2025-06-30 15:42:13.261824+00:00,15.25438442,0.00018000,28.4688,313.6252,237.5948,122.4473,0,U,20580,999,73474,0.00015696000000,0.00004297,0.0000000000000,6867.606,94.399,490.707,488.235,PAYLOAD,LARGE,US,1990-04-24,AFETR,,4771813,291233430,0 HST,1 20580U 90037B   25181.65432016  .00004297  00000-0  15696-3 0  9990,2 20580  28.4688 313.6252 0001800 237.5948 122.4473 15.25438442734748
3.0,GENERATED VIA SPACE-TRACK.ORG API,2025-07-01 14:56:33+00:00,18 SPCS,HST,1990-037B,EARTH,TEME,UTC,SGP4,2025-07-01 10:32:44.017440+00:00,15.25447296,0.00017600,28.4687,308.3027,248.0929,111.9478,0,U,20580,999,73512,0.00018780000000,0.00005101,0.0000000000000,6867.580,94.399,490.653,488.236,PAYLOAD,LARGE,US,1990-04-24,AFETR,,4772349,291302480,0 HST,1 20580U 90037B   25182.43939835  .00005101  00000-0  18780-3 0  9990,2 20580  28.4687 308.3027 0001760 248.0929 111.9478 15.25447296735127
3.0,GENERATED VIA SPACE-TRACK.ORG API,2025-07-01 18:11:59+00:00,18 SPCS,HST,1990-037B,EARTH,TEME,UTC,SGP4,2025-07-01 13:41:09.117024+00:00,15.25448183,0.00017500,28.4687,307.4156,249.8539,110.1867,0,U,20580,999,73488,0.00018251000000,0.00004963,0.0000000000000,6867.577,94.398,490.644,488.240,PAYLOAD,LARGE,US,1990-04-24,AFETR,,4772413,291308514,0 HST,1 20580U 90037B   25182.57024441  .00004963  00000-0  18251-3 0  9991,2 20580  28.4687 307.4156 0001750 249.8539 110.1867 15.25448183734886
3.0,GENERATED VIA SPACE-TRACK.ORG API,2025-07-02 02:08:41+00:00,18 SPCS,HST,1990-037B,EARTH,TEME,UTC,SGP4,2025-07-01 15:15:21.660768+00:00,15.25449028,0.00017490,28.4687,306.9722,250.6918,109.3488,0,U,20580,999,73489,0.00018616000000,0.00005059,0.0000000000000,6867.574,94.398,490.641,488.238,PAYLOAD,LARGE,US,1990-04-24,AFETR,,4772819,291347656,0 HST,1 20580U 90037B   25182.63566737  .00005059  00000-0  18616-3 0  9999,2 20580  28.4687 306.9722 0001749 250.6918 109.3488 15.25449028734897
3.0,GENERATED VIA SPACE-TRACK.ORG API,2025-07-02 15:06:20+00:00,18 SPCS,HST,1990-037B,EARTH,TEME,UTC,SGP4,2025-07-02 11:40:04.527264+00:00,15.25456703,0.00017250,28.4687,301.2058,261.9560,98.0839,0,U,20580,999,73528,0.00018142000000,0.00004936,0.0000000000000,6867.551,94.398,490.601,488.232,PAYLOAD,LARGE,US,1990-04-24,AFETR,,4773412,291417472,0 HST,1 20580U 90037B   25183.48616351  .00004936  00000-0  18142-3 0  9998,2 20580  28.4687 301.2058 0001725 261.9560  98.0839 15.25456703735285
3.0,GENERATED VIA SPACE-TRACK.ORG API,2025-07-02 17:47:34+00:00,18 SPCS,HST,1990-037B,EARTH,TEME,UTC,SGP4,2025-07-02 13:14:17.039904+00:00,15.25457316,0.00017220,28.4686,300.7623,262.8362,97.2037,0,U,20580,999,73503,0.00018117000000,0.00004930,0.0000000000000,6867.550,94.398,490.597,488.232,PAYLOAD,LARGE,US,1990-04-24,AFETR,,4773459,291424146,0 HST,1 20580U 90037B   25183.55158611  .00004930  00000-0  18117-3 0  9992,2 20580  28.4686 300.7623 0001722 262.8362  97.2037 15.25457316735038
3.0,GENERATED VIA SPACE-TRACK.ORG API,2025-07-03 03:40:39+00:00,18 SPCS,HST,1990-037B,EARTH,TEME,UTC,SGP4,2025-07-02 13:14:17.034720+00:00,15.25457604,0.00017210,28.4686,300.7623,262.8803,97.1596,0,U,20580,999,73503,0.00018527000000,0.00005037,0.0000000000000,6867.549,94.398,490.596,488.232,PAYLOAD,LARGE,US,1990-04-24,AFETR,,4773777,291491804,0 HST,1 20580U 90037B   25183.55158605  .00005037  00000-0  18527-3 0  9999,2 20580  28.4686 300.7623 0001721 262.8803  97.1596 15.25457604735036
3.0,GENERATED VIA SPACE-TRACK.ORG API,2025-07-03 17:26:04+00:00,18 SPCS,HST,1990-037B,EARTH,TEME,UTC,SGP4,2025-07-03 14:21:36.925056+00:00,15.25467273,0.00017060,28.4685,293.6648,276.8252,83.2149,0,U,20580,999,73519,0.00018202000000,0.00004953,0.0000000000000,6867.520,94.397,490.556,488.213,PAYLOAD,LARGE,US,1990-04-24,AFETR,,4774471,291538303,0 HST,1 20580U 90037B   25184.59834404  .00004953  00000-0  18202-3 0  9998,2 20580  28.4685 293.6648 0001706 276.8252  83.2149 15.25467273735198
3.0,GENERATED VIA SPACE-TRACK.ORG API,2025-07-03 22:56:31+00:00,18 SPCS,HST,1990-037B,EARTH,TEME,UTC,SGP4,2025-07-03 15:55:49.399680+00:00,15.25467891,0.00017040,28.4685,293.2213,277.9163,82.1238,0,U,20580,999,73546,0.00018230000000,0.00004961,0.0000000000000,6867.518,94.397,490.553,488.213,PAYLOAD,LARGE,US,1990-04-24,AFETR,,4774705,291600223,0 HST,1 20580U 90037B   25184.66376620  .00004961  00000-0  18230-3 0  9997,2 20580  28.4685 293.2213 0001704 277.9163  82.1238 15.25467891735466
3.0,GENERATED VIA SPACE-TRACK.ORG API,2025-07-04 03:20:15+00:00,18 SPCS,HST,1990-037B,EARTH,TEME,UTC,SGP4,2025-07-03 15:55:49.399680+00:00,15.25467891,0.00017040,28.4685,293.2213,277.9163,82.1238,0,U,20580,999,73520,0.00018230000000,0.00004961,0.0000000000000,6867.518,94.397,490.553,488.213,PAYLOAD,LARGE,US,1990-04-24,AFETR,,4774767,291606390,0 HST,1 20580U 90037B   25184.66376620  .00004961  00000-0  18230-3 0  9997,2 20580  28.4685 293.2213 0001704 277.9163  82.1238 15.25467891735208
3.0,GENERATED VIA SPACE-TRACK.ORG API,2025-07-04 18:39:55+00:00,18 SPCS,HST,1990-037B,EARTH,TEME,UTC,SGP4,2025-07-04 12:20:31.350336+00:00,15.25476408,0.00017000,28.4685,287.4552,289.3989,70.6421,0,U,20580,999,73533,0.00018829000000,0.00005118,0.0000000000000,6867.492,94.397,490.525,488.190,PAYLOAD,LARGE,US,1990-04-24,AFETR,,4775522,291656141,0 HST,1 20580U 90037B   25185.51425174  .00005118  00000-0  18829-3 0  9990,2 20580  28.4685 287.4552 0001700 289.3989  70.6421 15.25476408735332
3.0,GENERATED VIA SPACE-TRACK.ORG API,2025-07-05 04:36:57+00:00,18 SPCS,HST,1990-037B,EARTH,TEME,UTC,SGP4,2025-07-04 12:20:31.351200+00:00,15.25476147,0.00017000,28.4685,287.4552,289.3861,70.6550,0,U,20580,999,73533,0.00018394000000,0.00005005,0.0000000000000,6867.493,94.397,490.526,488.191,PAYLOAD,LARGE,US,1990-04-24,AFETR,,4775734,291690936,0 HST,1 20580U 90037B   25185.51425175  .00005005  00000-0  18394-3 0  9993,2 20580  28.4685 287.4552 0001700 289.3861  70.6550 15.25476147735334
3.0,GENERATED VIA SPACE-TRACK.ORG API,2025-07-05 15:06:25+00:00,18 SPCS,HST,1990-037B,EARTH,TEME,UTC,SGP4,2025-07-05 13:27:50.101056+00:00,15.25486970,0.00017120,28.4685,280.3588,303.4445,56.5986,0,U,20580,999,73575,0.00018728000000,0.00005093,0.0000000000000,6867.461,94.396,490.501,488.150,PAYLOAD,LARGE,US,1990-04-24,AFETR,,4776339,291731978,0 HST,1 20580U 90037B   25186.56099654  .00005093  00000-0  18728-3 0  9996,2 20580  28.4685 280.3588 0001712 303.4445  56.5986 15.25486970735751
3.0,GENERATED VIA SPACE-TRACK.ORG API,2025-07-06 04:10:31+00:00,18 SPCS,HST,1990-037B,EARTH,TEME,UTC,SGP4,2025-07-05 15:02:02.503968+00:00,15.25487684,0.00017210,28.4686,279.9154,304.5187,55.5245,0,U,20580,999,73550,0.00018791000000,0.00005110,0.0000000000000,6867.458,94.396,490.505,488.142,PAYLOAD,LARGE,US,1990-04-24,AFETR,,4776705,291775367,0 HST,1 20580U 90037B   25186.62641787  .00005110  00000-0  18791-3 0  9993,2 20580  28.4686 279.9154 0001721 304.5187  55.5245 15.25487684735503
3.0,GENERATED VIA SPACE-TRACK.ORG API,2025-07-06 18:05:35+00:00,18 SPCS,HST,1990-037B,EARTH,TEME,UTC,SGP4,2025-07-06 14:35:08.250432+00:00,15.25497070,0.00017870,28.4685,273.2622,318.0775,41.9682,0,U,20580,999,73565,0.00017794000000,0.00004851,0.0000000000000,6867.430,94.395,490.522,488.068,PAYLOAD,LARGE,US,1990-04-24,AFETR,,4777297,291820937,0 HST,1 20580U 90037B   25187.60773438  .00004851  00000-0  17794-3 0  9994,2 20580  28.4685 273.2622 0001787 318.0775  41.9682 15.25497070735654
3.0,GENERATED VIA SPACE-TRACK.ORG API,2025-07-06 23:06:33+00:00,18 SPCS,HST,1990-037B,EARTH,TEME,UTC,SGP4,2025-07-06 14:35:08.250432+00:00,15.25497070,0.00017870,28.4685,273.2622,318.0775,41.9682,0,U,20580,999,73591,0.00017794000000,0.00004851,0.0000000000000,6867.430,94.395,490.522,488.068,PAYLOAD,LARGE,US,1990-04-24,AFETR,,4777581,291853005,0 HST,1 20580U 90037B   25187.60773438  .00004851  00000-0  17794-3 0  9994,2 20580  28.4685 273.2622 0001787 318.0775  41.9682 15.25497070735913
3.0,GENERATED VIA SPACE-TRACK.ORG API,2025-07-07 05:18:27+00:00,18 SPCS,HST,1990-037B,EARTH,TEME,UTC,SGP4,2025-07-06 14:35:08.246976+00:00,15.25496816,0.00017880,28.4685,273.2622,318.0974,41.9484,0,U,20580,999,73565,0.00017307000000,0.00004724,0.0000000000000,6867.431,94.395,490.524,488.068,PAYLOAD,LARGE,US,1990-04-24,AFETR,,4777611,291858309,0 HST,1 20580U 90037B   25187.60773434  .00004724  00000-0  17307-3 0  9999,2 20580  28.4685 273.2622 0001788 318.0974  41.9484 15.25496816735653
3.0,GENERATED VIA SPACE-TRACK.ORG API,2025-07-08 02:27:36+00:00,18 SPCS,HST,1990-037B,EARTH,TEME,UTC,SGP4,2025-07-07 21:59:15.044640+00:00,15.25509176,0.00018320,28.4684,264.3905,332.8028,27.2470,0,U,20580,999,73585,0.00016254000000,0.00004451,0.0000000000000,6867.394,94.395,490.517,488.001,PAYLOAD,LARGE,US,1990-04-24,AFETR,,4778497,291940070,0 HST,1 20580U 90037B   25188.91614635  .00004451  00000-0  16254-3 0  9998,2 20580  28.4684 264.3905 0001832 332.8028  27.2470 15.25509176735859
3.0,GENERATED VIA SPACE-TRACK.ORG API,2025-07-08 07:07:00+00:00,18 SPCS,HST,1990-037B,EARTH,TEME,UTC,SGP4,2025-07-08 05:50:16.618560+00:00,15.25512511,0.00018450,28.4683,262.1729,337.0207,23.0305,0,U,20580,999,73616,0.00016644000000,0.00004553,0.0000000000000,6867.384,94.395,490.516,487.982,PAYLOAD,LARGE,US,1990-04-24,AFETR,,4778820,291973538,0 HST,1 20580U 90037B   25189.24324790  .00004553  00000-0  16644-3 0  9991,2 20580  28.4683 262.1729 0001845 337.0207  23.0305 15.25512511736161
3.0,GENERATED VIA SPACE-TRACK.ORG API,2025-07-08 17:26:03+00:00,18 SPCS,HST,1990-037B,EARTH,TEME,UTC,SGP4,2025-07-08 12:07:05.846592+00:00,15.25514129,0.00018480,28.4682,260.3985,339.8718,20.1803,0,U,20580,999,73594,0.00015337000000,0.00004213,0.0000000000000,6867.379,94.394,490.513,487.975,PAYLOAD,LARGE,US,1990-04-24,AFETR,,4779207,291987006,0 HST,1 20580U 90037B   25189.50492878  .00004213  00000-0  15337-3 0  9994,2 20580  28.4682 260.3985 0001848 339.8718  20.1803 15.25514129735947
3.0,GENERATED VIA SPACE-TRACK.ORG API,2025-07-09 23:06:50+00:00,18 SPCS,HST,1990-037B,EARTH,TEME,UTC,SGP4,2025-07-09 21:05:23.793504+00:00,15.25523964,0.00019240,28.4678,251.0835,356.0816,3.9763,0,U,20580,999,73641,0.00012732000000,0.00003534,0.0000000000000,6867.350,94.394,490.536,487.893,PAYLOAD,LARGE,US,1990-04-24,AFETR,,4780362,292100221,0 HST,1 20580U 90037B   25190.87874761  .00003534  00000-0  12732-3 0  9992,2 20580  28.4678 251.0835 0001924 356.0816   3.9763 15.25523964736412
3.0,GENERATED VIA SPACE-TRACK.ORG API,2025-07-10 19:44:45+00:00,18 SPCS,HST,1990-037B,EARTH,TEME,UTC,SGP4,2025-07-10 11:13:14.137536+00:00,15.25527579,0.00019470,28.4676,247.0913,2.9597,357.1009,0,U,20580,999,73624,0.00011714000000,0.00003269,0.0000000000000,6867.339,94.394,490.541,487.867,PAYLOAD,LARGE,US,1990-04-24,AFETR,,4781076,292153558,0 HST,1 20580U 90037B   25191.46752474  .00003269  00000-0  11714-3 0  9998,2 20580  28.4676 247.0913 0001947   2.9597 357.1009 15.25527579736244
3.0,GENERATED VIA SPACE-TRACK.ORG API,2025-07-11 07:06:32+00:00,18 SPCS,HST,1990-037B,EARTH,TEME,UTC,SGP4,2025-07-11 04:29:28.840704+00:00,15.25532040,0.00019840,28.4674,242.2118,10.7544,349.3093,0,U,20580,999,73661,0.00011537000000,0.00003223,0.0000000000000,6867.325,94.393,490.553,487.828,PAYLOAD,LARGE,US,1990-04-24,AFETR,,4781544,292220634,0 HST,1 20580U 90037B   25192.18713936  .00003223  00000-0  11537-3 0  9991,2 20580  28.4674 242.2118 0001984  10.7544 349.3093 15.25532040736612
3.0,GENERATED VIA SPACE-TRACK.ORG API,2025-07-11 18:37:52+00:00,18 SPCS,HST,1990-037B,EARTH,TEME,UTC,SGP4,2025-07-11 10:46:17.771520+00:00,15.25533883,0.00019960,28.4674,240.4372,13.2686,346.7961,0,U,20580,999,73639,0.00011943000000,0.00003329,0.0000000000000,6867.320,94.393,490.555,487.814,PAYLOAD,LARGE,US,1990-04-24,AFETR,,4781982,292235464,0 HST,1 20580U 90037B   25192.44881680  .00003329  00000-0  11943-3 0  9990,2 20580  28.4674 240.4372 0001996  13.2686 346.7961 15.25533883736398
3.0,GENERATED VIA SPACE-TRACK.ORG API,2025-07-12 04:02:57+00:00,18 SPCS,HST,1990-037B,EARTH,TEME,UTC,SGP4,2025-07-11 10:46:17.763744+00:00,15.25534325,0.00019950,28.4674,240.4372,13.2906,346.7741,0,U,20580,999,73639,0.00012444000000,0.00003460,0.0000000000000,6867.318,94.393,490.553,487.813,PAYLOAD,LARGE,US,1990-04-24,AFETR,,4782270,292272631,0 HST,1 20580U 90037B   25192.44881671  .00003460  00000-0  12444-3 0  9993,2 20580  28.4674 240.4372 0001995  13.2906 346.7741 15.25534325736390
3.0,GENERATED VIA SPACE-TRACK.ORG API,2025-07-12 07:06:51+00:00,18 SPCS,HST,1990-037B,EARTH,TEME,UTC,SGP4,2025-07-12 05:36:44.385120+00:00,15.25540654,0.00020250,28.4672,235.1140,21.6061,338.4619,0,U,20580,999,73677,0.00013854000000,0.00003829,0.0000000000000,6867.299,94.393,490.555,487.774,PAYLOAD,LARGE,US,1990-04-24,AFETR,,4782558,292305041,0 HST,1 20580U 90037B   25193.23384705  .00003829  00000-0  13854-3 0  9992,2 20580  28.4672 235.1140 0002025  21.6061 338.4619 15.25540654736778
3.0,GENERATED VIA SPACE-TRACK.ORG API,2025-07-12 17:51:30+00:00,18 SPCS,HST,1990-037B,EARTH,TEME,UTC,SGP4,2025-07-12 10:19:21.000288+00:00,15.25542131,0.00020440,28.4672,233.7833,23.6858,336.3830,0,U,20580,999,73654,0.00014001000000,0.00003867,0.0000000000000,6867.295,94.393,490.564,487.756,PAYLOAD,LARGE,US,1990-04-24,AFETR,,4782975,292320079,0 HST,1 20580U 90037B   25193.43010417  .00003867  00000-0  14001-3 0  9997,2 20580  28.4672 233.7833 0002044  23.6858 336.3830 15.25542131736547
3.0,GENERATED VIA SPACE-TRACK.ORG API,2025-07-13 02:53:07+00:00,18 SPCS,HST,1990-037B,EARTH,TEME,UTC,SGP4,2025-07-12 10:19:21.012384+00:00,15.25541554,0.00020490,28.4672,233.7833,23.5803,336.4885,0,U,20580,999,73654,0.00013374000000,0.00003704,0.0000000000000,6867.297,94.393,490.569,487.755,PAYLOAD,LARGE,US,1990-04-24,AFETR,,4783301,292389118,0 HST,1 20580U 90037B   25193.43010431  .00003704  00000-0  13374-3 0  9995,2 20580  28.4672 233.7833 0002049  23.5803 336.4885 15.25541554736540
3.0,GENERATED VIA SPACE-TRACK.ORG API,2025-07-13 15:06:29+00:00,18 SPCS,HST,1990-037B,EARTH,TEME,UTC,SGP4,2025-07-13 09:52:23.841120+00:00,15.25549537,0.00021030,28.4671,227.1293,33.9793,326.0935,0,U,20580,999,73695,0.00015120000000,0.00004160,0.0000000000000,6867.273,94.392,490.582,487.694,PAYLOAD,LARGE,US,1990-04-24,AFETR,,4783924,292429362,0 HST,1 20580U 90037B   25194.41138705  .00004160  00000-0  15120-3 0  9997,2 20580  28.4671 227.1293 0002103  33.9793 326.0935 15.25549537736955
3.0,GENERATED VIA SPACE-TRACK.ORG API,2025-07-13 19:20:00+00:00,18 SPCS,HST,1990-037B,EARTH,TEME,UTC,SGP4,2025-07-13 09:52:23.843712+00:00,15.25549441,0.00021110,28.4671,227.1293,33.5278,326.5450,0,U,20580,999,73669,0.00014986000000,0.00004125,0.0000000000000,6867.273,94.392,490.588,487.688,PAYLOAD,LARGE,US,1990-04-24,AFETR,,4783979,292435533,0 HST,1 20580U 90037B   25194.41138708  .00004125  00000-0  14986-3 0  9990,2 20580  28.4671 227.1293 0002111  33.5278 326.5450 15.25549441736690
3.0,GENERATED VIA SPACE-TRACK.ORG API,2025-07-14 18:08:03+00:00,18 SPCS,HST,1990-037B,EARTH,TEME,UTC,SGP4,2025-07-14 09:25:26.280192+00:00,15.25555338,0.00021470,28.4671,220.4751,43.3868,316.6896,0,U,20580,999,73684,0.00012766000000,0.00003546,0.0000000000000,6867.255,94.392,490.595,487.646,PAYLOAD,LARGE,US,1990-04-24,AFETR,,4784987,292551074,0 HST,1 20580U 90037B   25195.39266528  .00003546  00000-0  12766-3 0  9990,2 20580  28.4671 220.4751 0002147  43.3868 316.6896 15.25555338736841
3.0,GENERATED VIA SPACE-TRACK.ORG API,2025-07-15 03:13:35+00:00,18 SPCS,HST,1990-037B,EARTH,TEME,UTC,SGP4,2025-07-14 09:25:26.281056+00:00,15.25555392,0.00021470,28.4671,220.4751,43.3513,316.7250,0,U,20580,999,73684,0.00012868000000,0.00003573,0.0000000000000,6867.255,94.392,490.595,487.646,PAYLOAD,LARGE,US,1990-04-24,AFETR,,4785252,292588453,0 HST,1 20580U 90037B   25195.39266529  .00003573  00000-0  12868-3 0  9994,2 20580  28.4671 220.4751 0002147  43.3513 316.7250 15.25555392736843
3.0,GENERATED VIA SPACE-TRACK.ORG API,2025-07-15 07:16:33+00:00,18 SPCS,HST,1990-037B,EARTH,TEME,UTC,SGP4,2025-07-15 04:15:51.965856+00:00,15.25560689,0.00021720,28.4670,215.1518,51.2943,308.7845,0,U,20580,999,73722,0.00012729000000,0.00003537,0.0000000000000,6867.239,94.392,490.596,487.613,PAYLOAD,LARGE,US,1990-04-24,AFETR,,4785591,292621983,0 HST,1 20580U 90037B   25196.17768479  .00003537  00000-0  12729-3 0  9998,2 20580  28.4670 215.1518 0002172  51.2943 308.7845 15.25560689737226
3.0,GENERATED VIA SPACE-TRACK.ORG API,2025-07-15 20:01:57+00:00,18 SPCS,HST,1990-037B,EARTH,TEME,UTC,SGP4,2025-07-15 08:58:28.351200+00:00,15.25561924,0.00021800,28.4670,213.8210,53.1961,306.8833,0,U,20580,999,73699,0.00012559000000,0.00003493,0.0000000000000,6867.236,94.391,490.598,487.604,PAYLOAD,LARGE,US,1990-04-24,AFETR,,4785994,292635836,0 HST,1 20580U 90037B   25196.37393925  .00003493  00000-0  12559-3 0  9992,2 20580  28.4670 213.8210 0002180  53.1961 306.8833 15.25561924736992
3.0,GENERATED VIA SPACE-TRACK.ORG API,2025-07-16 03:29:09+00:00,18 SPCS,HST,1990-037B,EARTH,TEME,UTC,SGP4,2025-07-15 08:58:28.350336+00:00,15.25562082,0.00021820,28.4670,213.8210,53.1841,306.8953,0,U,20580,999,73699,0.00012817000000,0.00003560,0.0000000000000,6867.235,94.391,490.599,487.602,PAYLOAD,LARGE,US,1990-04-24,AFETR,,4786315,292674104,0 HST,1 20580U 90037B   25196.37393924  .00003560  00000-0  12817-3 0  9993,2 20580  28.4670 213.8210 0002182  53.1841 306.8953 15.25562082736990
3.0,GENERATED VIA SPACE-TRACK.ORG API,2025-07-16 07:07:00+00:00,18 SPCS,HST,1990-037B,EARTH,TEME,UTC,SGP4,2025-07-16 05:23:05.873856+00:00,15.25566610,0.00021810,28.4669,208.0543,61.0879,298.9934,0,U,20580,999,73738,0.00011677000000,0.00003263,0.0000000000000,6867.222,94.391,490.584,487.589,PAYLOAD,LARGE,US,1990-04-24,AFETR,,4786560,292705745,0 HST,1 20580U 90037B   25197.22437354  .00003263  00000-0  11677-3 0  9997,2 20580  28.4669 208.0543 0002181  61.0879 298.9934 15.25566610737386
3.0,GENERATED VIA SPACE-TRACK.ORG API,2025-07-16 18:05:52+00:00,18 SPCS,HST,1990-037B,EARTH,TEME,UTC,SGP4,2025-07-16 08:31:30.088704+00:00,15.25567339,0.00021880,28.4669,207.1671,62.2987,297.7829,0,U,20580,999,73714,0.00011565000000,0.00003234,0.0000000000000,6867.219,94.391,490.587,487.582,PAYLOAD,LARGE,US,1990-04-24,AFETR,,4786964,292720179,0 HST,1 20580U 90037B   25197.35520936  .00003234  00000-0  11565-3 0  9994,2 20580  28.4669 207.1671 0002188  62.2987 297.7829 15.25567339737141
3.0,GENERATED VIA SPACE-TRACK.ORG API,2025-07-17 17:14:11+00:00,18 SPCS,HST,1990-037B,EARTH,TEME,UTC,SGP4,2025-07-17 06:30:19.317888+00:00,15.25574939,0.00022090,28.4667,200.9564,71.8388,288.2447,0,U,20580,999,73728,0.00013415000000,0.00003718,0.0000000000000,6867.197,94.391,490.579,487.545,PAYLOAD,LARGE,US,1990-04-24,AFETR,,4787632,292797109,0 HST,1 20580U 90037B   25198.27105692  .00003718  00000-0  13415-3 0  9997,2 20580  28.4667 200.9564 0002209  71.8388 288.2447 15.25574939737286
3.0,GENERATED VIA SPACE-TRACK.ORG API,2025-07-17 20:46:31+00:00,18 SPCS,HST,1990-037B,EARTH,TEME,UTC,SGP4,2025-07-17 06:30:19.317888+00:00,15.25574939,0.00022090,28.4667,200.9564,71.8388,288.2447,0,U,20580,999,73754,0.00013415000000,0.00003718,0.0000000000000,6867.197,94.391,490.579,487.545,PAYLOAD,LARGE,US,1990-04-24,AFETR,,4787944,292830596,0 HST,1 20580U 90037B   25198.27105692  .00003718  00000-0  13415-3 0  9997,2 20580  28.4667 200.9564 0002209  71.8388 288.2447 15.25574939737545
3.0,GENERATED VIA SPACE-TRACK.ORG API,2025-07-18 15:06:18+00:00,18 SPCS,HST,1990-037B,EARTH,TEME,UTC,SGP4,2025-07-18 07:37:32.363616+00:00,15.25581538,0.00022400,28.4667,193.8588,82.0551,278.0297,0,U,20580,999,73770,0.00012979000000,0.00003605,0.0000000000000,6867.177,94.390,490.580,487.503,PAYLOAD,LARGE,US,1990-04-24,AFETR,,4788780,292880676,0 HST,1 20580U 90037B   25199.31773569  .00003605  00000-0  12979-3 0  9996,2 20580  28.4667 193.8588 0002240  82.0551 278.0297 15.25581538737703
3.0,GENERATED VIA SPACE-TRACK.ORG API,2025-07-18 17:36:17+00:00,18 SPCS,HST,1990-037B,EARTH,TEME,UTC,SGP4,2025-07-18 07:37:32.363616+00:00,15.25581538,0.00022400,28.4667,193.8588,82.0551,278.0297,0,U,20580,999,73744,0.00012979000000,0.00003605,0.0000000000000,6867.177,94.390,490.580,487.503,PAYLOAD,LARGE,US,1990-04-24,AFETR,,4788870,292886751,0 HST,1 20580U 90037B   25199.31773569  .00003605  00000-0  12979-3 0  9996,2 20580  28.4667 193.8588 0002240  82.0551 278.0297 15.25581538737444
3.0,GENERATED VIA SPACE-TRACK.ORG API,2025-07-19 02:59:01+00:00,18 SPCS,HST,1990-037B,EARTH,TEME,UTC,SGP4,2025-07-18 15:28:32.575872+00:00,15.25584126,0.00022340,28.4666,191.6407,84.8118,275.2731,0,U,20580,999,73749,0.00013368000000,0.00003707,0.0000000000000,6867.169,94.390,490.568,487.500,PAYLOAD,LARGE,US,1990-04-24,AFETR,,4789185,292924334,0 HST,1 20580U 90037B   25199.64482148  .00003707  00000-0  13368-3 0  9998,2 20580  28.4666 191.6407 0002234  84.8118 275.2731 15.25584126737494
3.0,GENERATED VIA SPACE-TRACK.ORG API,2025-07-19 18:16:43+00:00,18 SPCS,HST,1990-037B,EARTH,TEME,UTC,SGP4,2025-07-19 07:10:32.844864+00:00,15.25589444,0.00022370,28.4665,187.2047,90.8627,269.2224,0,U,20580,999,73759,0.00013664000000,0.00003785,0.0000000000000,6867.153,94.390,490.554,487.482,PAYLOAD,LARGE,US,1990-04-24,AFETR,,4789892,292971863,0 HST,1 20580U 90037B   25200.29899126  .00003785  00000-0  13664-3 0  9995,2 20580  28.4665 187.2047 0002237  90.8627 269.2224 15.25589444737598
3.0,GENERATED VIA SPACE-TRACK.ORG API,2025-07-19 23:16:15+00:00,18 SPCS,HST,1990-037B,EARTH,TEME,UTC,SGP4,2025-07-19 15:01:32.882592+00:00,15.25592664,0.00022300,28.4665,184.9864,93.5714,266.5135,0,U,20580,999,73790,0.00014478000000,0.00003998,0.0000000000000,6867.143,94.390,490.540,487.477,PAYLOAD,LARGE,US,1990-04-24,AFETR,,4790179,293004322,0 HST,1 20580U 90037B   25200.62607503  .00003998  00000-0  14478-3 0  9998,2 20580  28.4665 184.9864 0002230  93.5714 266.5135 15.25592664737903
3.0,GENERATED VIA SPACE-TRACK.ORG API,2025-07-20 01:55:49+00:00,18 SPCS,HST,1990-037B,EARTH,TEME,UTC,SGP4,2025-07-19 22:52:32.884032+00:00,15.25595744,0.00022270,28.4664,182.7684,96.9851,263.0997,0,U,20580,999,73769,0.00015268000000,0.00004205,0.0000000000000,6867.134,94.389,490.528,487.470,PAYLOAD,LARGE,US,1990-04-24,AFETR,,4790181,293009264,0 HST,1 20580U 90037B   25200.95315838  .00004205  00000-0  15268-3 0  9991,2 20580  28.4664 182.7684 0002227  96.9851 263.0997 15.25595744737699
3.0,GENERATED VIA SPACE-TRACK.ORG API,2025-07-20 17:14:18+00:00,18 SPCS,HST,1990-037B,EARTH,TEME,UTC,SGP4,2025-07-20 14:34:32.756448+00:00,15.25601229,0.00022620,28.4662,178.3329,99.7151,260.3699,0,U,20580,999,73779,0.00015074000000,0.00004155,0.0000000000000,6867.118,94.389,490.536,487.429,PAYLOAD,LARGE,US,1990-04-24,AFETR,,4790804,293055071,0 HST,1 20580U 90037B   25201.60732357  .00004155  00000-0  15074-3 0  9992,2 20580  28.4662 178.3329 0002262  99.7151 260.3699 15.25601229737793
3.0,GENERATED VIA SPACE-TRACK.ORG API,2025-07-21 07:06:49+00:00,18 SPCS,HST,1990-037B,EARTH,TEME,UTC,SGP4,2025-07-21 03:08:08.426976+00:00,15.25606460,0.00022300,28.4662,174.7835,106.8424,253.2415,0,U,20580,999,73813,0.00016094000000,0.00004422,0.0000000000000,6867.102,94.389,490.498,487.436,PAYLOAD,LARGE,US,1990-04-24,AFETR,,4791389,293125644,0 HST,1 20580U 90037B   25202.13065309  .00004422  00000-0  16094-3 0  9997,2 20580  28.4662 174.7835 0002230 106.8424 253.2415 15.25606460738131
3.0,GENERATED VIA SPACE-TRACK.ORG API,2025-07-21 18:25:45+00:00,18 SPCS,HST,1990-037B,EARTH,TEME,UTC,SGP4,2025-07-21 14:07:32.068704+00:00,15.25610022,0.00021940,28.4663,171.6779,111.0703,249.0126,0,U,20580,999,73794,0.00015814000000,0.00004350,0.0000000000000,6867.091,94.388,490.463,487.450,PAYLOAD,LARGE,US,1990-04-24,AFETR,,4791724,293138095,0 HST,1 20580U 90037B   25202.58856561  .00004350  00000-0  15814-3 0  9993,2 20580  28.4663 171.6779 0002194 111.0703 249.0126 15.25610022737941
3.0,GENERATED VIA SPACE-TRACK.ORG API,2025-07-22 15:06:17+00:00,18 SPCS,HST,1990-037B,EARTH,TEME,UTC,SGP4,2025-07-22 05:49:31.369152+00:00,15.25616273,0.00021810,28.4663,167.2416,117.9191,242.1624,0,U,20580,999,73830,0.00016940000000,0.00004645,0.0000000000000,6867.073,94.388,490.435,487.440,PAYLOAD,LARGE,US,1990-04-24,AFETR,,4792700,293217600,0 HST,1 20580U 90037B   25203.24272418  .00004645  00000-0  16940-3 0  9998,2 20580  28.4663 167.2416 0002181 117.9191 242.1624 15.25616273738304
3.0,GENERATED VIA SPACE-TRACK.ORG API,2025-07-22 17:58:09+00:00,18 SPCS,HST,1990-037B,EARTH,TEME,UTC,SGP4,2025-07-22 13:40:30.948096+00:00,15.25619513,0.00021610,28.4663,165.0233,120.6752,239.4055,0,U,20580,999,73809,0.00017918000000,0.00004901,0.0000000000000,6867.063,94.388,490.412,487.444,PAYLOAD,LARGE,US,1990-04-24,AFETR,,4792757,293224405,0 HST,1 20580U 90037B   25203.56980264  .00004901  00000-0  17918-3 0  9999,2 20580  28.4663 165.0233 0002161 120.6752 239.4055 15.25619513738092
3.0,GENERATED VIA SPACE-TRACK.ORG API,2025-07-23 15:06:45+00:00,18 SPCS,HST,1990-037B,EARTH,TEME,UTC,SGP4,2025-07-23 13:13:29.202816+00:00,15.25631458,0.00021220,28.4664,158.3688,130.0802,229.9979,0,U,20580,999,73850,0.00021854000000,0.00005934,0.0000000000000,6867.027,94.387,490.349,487.435,PAYLOAD,LARGE,US,1990-04-24,AFETR,,4793659,293271758,0 HST,1 20580U 90037B   25204.55103244  .00005934  00000-0  21854-3 0  9995,2 20580  28.4664 158.3688 0002122 130.0802 229.9979 15.25631458738507
3.0,GENERATED VIA SPACE-TRACK.ORG API,2025-07-24 04:00:16+00:00,18 SPCS,HST,1990-037B,EARTH,TEME,UTC,SGP4,2025-07-23 22:38:40.331904+00:00,15.25636074,0.00021130,28.4665,155.7071,133.7205,226.3565,0,U,20580,999,73830,0.00022493000000,0.00006102,0.0000000000000,6867.013,94.387,490.329,487.427,PAYLOAD,LARGE,US,1990-04-24,AFETR,,4794090,293316079,0 HST,1 20580U 90037B   25204.94352236  .00006102  00000-0  22493-3 0  9993,2 20580  28.4665 155.7071 0002113 133.7205 226.3565 15.25636074738301
3.0,GENERATED VIA SPACE-TRACK.ORG API,2025-07-24 19:51:41+00:00,18 SPCS,HST,1990-037B,EARTH,TEME,UTC,SGP4,2025-07-24 12:46:26.822496+00:00,15.25642731,0.00020790,28.4667,151.7145,139.3030,220.7720,0,U,20580,999,73839,0.00022379000000,0.00006074,0.0000000000000,6866.993,94.386,490.286,487.430,PAYLOAD,LARGE,US,1990-04-24,AFETR,,4794401,293352935,0 HST,1 20580U 90037B   25205.53225489  .00006074  00000-0  22379-3 0  9999,2 20580  28.4667 151.7145 0002079 139.3030 220.7720 15.25642731738397
3.0,GENERATED VIA SPACE-TRACK.ORG API,2025-07-25 07:06:45+00:00,18 SPCS,HST,1990-037B,EARTH,TEME,UTC,SGP4,2025-07-25 04:28:24.814848+00:00,15.25650446,0.00020580,28.4670,147.2783,146.9713,213.1010,0,U,20580,999,73875,0.00021503000000,0.00005845,0.0000000000000,6866.970,94.386,490.248,487.422,PAYLOAD,LARGE,US,1990-04-24,AFETR,,4795255,293430373,0 HST,1 20580U 90037B   25206.18639832  .00005845  00000-0  21503-3 0  9995,2 20580  28.4670 147.2783 0002058 146.9713 213.1010 15.25650446738758
3.0,GENERATED VIA SPACE-TRACK.ORG API,2025-07-25 18:59:22+00:00,18 SPCS,HST,1990-037B,EARTH,TEME,UTC,SGP4,2025-07-25 04:28:24.814848+00:00,15.25650446,0.00020580,28.4670,147.2783,146.9713,213.1010,0,U,20580,999,73849,0.00021503000000,0.00005845,0.0000000000000,6866.970,94.386,490.248,487.422,PAYLOAD,LARGE,US,1990-04-24,AFETR,,4795625,293443688,0 HST,1 20580U 90037B   25206.18639832  .00005845  00000-0  21503-3 0  9995,2 20580  28.4670 147.2783 0002058 146.9713 213.1010 15.25650446738499
3.0,GENERATED VIA SPACE-TRACK.ORG API,2025-07-26 05:22:54+00:00,18 SPCS,HST,1990-037B,EARTH,TEME,UTC,SGP4,2025-07-25 23:18:46.042272+00:00,15.25659578,0.00020320,28.4671,141.9545,155.2728,204.7964,0,U,20580,999,73861,0.00020415000000,0.00005562,0.0000000000000,6866.943,94.385,490.203,487.412,PAYLOAD,LARGE,US,1990-04-24,AFETR,,4795818,293478635,0 HST,1 20580U 90037B   25206.97136623  .00005562  00000-0  20415-3 0  9999,2 20580  28.4671 141.9545 0002032 155.2728 204.7964 15.25659578738611
3.0,GENERATED VIA SPACE-TRACK.ORG API,2025-07-26 15:16:17+00:00,18 SPCS,HST,1990-037B,EARTH,TEME,UTC,SGP4,2025-07-26 11:52:19.984800+00:00,15.25666207,0.00020170,28.4673,138.4054,160.6932,199.3740,0,U,20580,999,73895,0.00021625000000,0.00005880,0.0000000000000,6866.923,94.385,490.173,487.403,PAYLOAD,LARGE,US,1990-04-24,AFETR,,4796564,293522616,0 HST,1 20580U 90037B   25207.49467575  .00005880  00000-0  21625-3 0  9997,2 20580  28.4673 138.4054 0002017 160.6932 199.3740 15.25666207738954
3.0,GENERATED VIA SPACE-TRACK.ORG API,2025-07-27 03:23:05+00:00,18 SPCS,HST,1990-037B,EARTH,TEME,UTC,SGP4,2025-07-26 21:17:30.296544+00:00,15.25671662,0.00019800,28.4675,135.7434,164.8126,195.2528,0,U,20580,999,73875,0.00023154000000,0.00006282,0.0000000000000,6866.906,94.385,490.131,487.412,PAYLOAD,LARGE,US,1990-04-24,AFETR,,4796941,293535857,0 HST,1 20580U 90037B   25207.88715621  .00006282  00000-0  23154-3 0  9994,2 20580  28.4675 135.7434 0001980 164.8126 195.2528 15.25671662738755
3.0,GENERATED VIA SPACE-TRACK.ORG API,2025-07-27 18:39:18+00:00,18 SPCS,HST,1990-037B,EARTH,TEME,UTC,SGP4,2025-07-27 03:34:17.115744+00:00,15.25675145,0.00019700,28.4675,133.9694,167.8256,192.2386,0,U,20580,999,73879,0.00024079000000,0.00006525,0.0000000000000,6866.896,94.384,490.114,487.408,PAYLOAD,LARGE,US,1990-04-24,AFETR,,4797645,293583711,0 HST,1 20580U 90037B   25208.14880921  .00006525  00000-0  24079-3 0  9997,2 20580  28.4675 133.9694 0001970 167.8256 192.2386 15.25675145738792
3.0,GENERATED VIA SPACE-TRACK.ORG API,2025-07-27 23:06:19+00:00,18 SPCS,HST,1990-037B,EARTH,TEME,UTC,SGP4,2025-07-27 20:50:25.614528+00:00,15.25683810,0.00019370,28.4677,129.0888,175.6294,184.4318,0,U,20580,999,73916,0.00023496000000,0.00006374,0.0000000000000,6866.870,94.384,490.065,487.405,PAYLOAD,LARGE,US,1990-04-24,AFETR,,4797920,293616352,0 HST,1 20580U 90037B   25208.86835202  .00006374  00000-0  23496-3 0  9992,2 20580  28.4677 129.0888 0001937 175.6294 184.4318 15.25683810739165
3.0,GENERATED VIA SPACE-TRACK.ORG API,2025-07-28 06:46:54+00:00,18 SPCS,HST,1990-037B,EARTH,TEME,UTC,SGP4,2025-07-27 22:24:37.278720+00:00,15.25684612,0.00019300,28.4677,128.6452,176.4393,183.6216,0,U,20580,999,73891,0.00023552000000,0.00006389,0.0000000000000,6866.867,94.384,490.058,487.407,PAYLOAD,LARGE,US,1990-04-24,AFETR,,4798160,293626669,0 HST,1 20580U 90037B   25208.93376480  .00006389  00000-0  23552-3 0  9997,2 20580  28.4677 128.6452 0001930 176.4393 183.6216 15.25684612738910
3.0,GENERATED VIA SPACE-TRACK.ORG API,2025-07-28 17:37:46+00:00,18 SPCS,HST,1990-037B,EARTH,TEME,UTC,SGP4,2025-07-28 03:07:12.263520+00:00,15.25686912,0.00019200,28.4678,127.3143,178.5807,181.4793,0,U,20580,999,73894,0.00023758000000,0.00006443,0.0000000000000,6866.861,94.384,490.044,487.407,PAYLOAD,LARGE,US,1990-04-24,AFETR,,4798610,293667548,0 HST,1 20580U 90037B   25209.13000305  .00006443  00000-0  23758-3 0  9999,2 20580  28.4678 127.3143 0001920 178.5807 181.4793 15.25686912738940
3.0,GENERATED VIA SPACE-TRACK.ORG API,2025-07-29 07:16:38+00:00,18 SPCS,HST,1990-037B,EARTH,TEME,UTC,SGP4,2025-07-29 01:05:55.148352+00:00,15.25697515,0.00018880,28.4679,121.1030,188.6554,171.4008,0,U,20580,999,73934,0.00022763000000,0.00006184,0.0000000000000,6866.829,94.383,489.990,487.397,PAYLOAD,LARGE,US,1990-04-24,AFETR,,4799237,293708164,0 HST,1 20580U 90037B   25210.04577718  .00006184  00000-0  22763-3 0  9995,2 20580  28.4679 121.1030 0001888 188.6554 171.4008 15.25697515739346
3.0,GENERATED VIA SPACE-TRACK.ORG API,2025-07-29 18:09:25+00:00,18 SPCS,HST,1990-037B,EARTH,TEME,UTC,SGP4,2025-07-29 10:31:04.780992+00:00,15.25702771,0.00018830,28.4679,118.4409,192.9181,167.1366,0,U,20580,999,73914,0.00023659000000,0.00006420,0.0000000000000,6866.813,94.383,489.971,487.385,PAYLOAD,LARGE,US,1990-04-24,AFETR,,4799578,293721501,0 HST,1 20580U 90037B   25210.43824978  .00006420  00000-0  23659-3 0  9999,2 20580  28.4679 118.4409 0001883 192.9181 167.1366 15.25702771739142
3.0,GENERATED VIA SPACE-TRACK.ORG API,2025-07-30 04:09:54+00:00,18 SPCS,HST,1990-037B,EARTH,TEME,UTC,SGP4,2025-07-29 19:56:14.311680+00:00,15.25707255,0.00018560,28.4678,115.7789,197.4133,162.6398,0,U,20580,999,73920,0.00023298000000,0.00006326,0.0000000000000,6866.800,94.382,489.939,487.390,PAYLOAD,LARGE,US,1990-04-24,AFETR,,4799959,293790877,0 HST,1 20580U 90037B   25210.83072120  .00006326  00000-0  23298-3 0  9991,2 20580  28.4678 115.7789 0001856 197.4133 162.6398 15.25707255739203
3.0,GENERATED VIA SPACE-TRACK.ORG API,2025-07-30 15:36:28+00:00,18 SPCS,HST,1990-037B,EARTH,TEME,UTC,SGP4,2025-07-30 10:03:58.405536+00:00,15.25714972,0.00018270,28.4678,111.7863,203.6991,156.3520,0,U,20580,999,73955,0.00024291000000,0.00006588,0.0000000000000,6866.776,94.382,489.896,487.387,PAYLOAD,LARGE,US,1990-04-24,AFETR,,4800606,293862205,0 HST,1 20580U 90037B   25211.41942599  .00006588  00000-0  24291-3 0  9996,2 20580  28.4678 111.7863 0001827 203.6991 156.3520 15.25714972739551
3.0,GENERATED VIA SPACE-TRACK.ORG API,2025-07-30 17:55:16+00:00,18 SPCS,HST,1990-037B,EARTH,TEME,UTC,SGP4,2025-07-30 10:03:58.405536+00:00,15.25714972,0.00018270,28.4678,111.7863,203.6991,156.3520,0,U,20580,999,73929,0.00024291000000,0.00006588,0.0000000000000,6866.776,94.382,489.896,487.387,PAYLOAD,LARGE,US,1990-04-24,AFETR,,4800666,293868512,0 HST,1 20580U 90037B   25211.41942599  .00006588  00000-0  24291-3 0  9996,2 20580  28.4678 111.7863 0001827 203.6991 156.3520 15.25714972739292
3.0,GENERATED VIA SPACE-TRACK.ORG API,2025-07-31 02:43:33+00:00,18 SPCS,HST,1990-037B,EARTH,TEME,UTC,SGP4,2025-07-30 21:03:19.164096+00:00,15.25721594,0.00018060,28.4677,108.6806,209.3207,150.7286,0,U,20580,999,73936,0.00025657000000,0.00006949,0.0000000000000,6866.756,94.382,489.862,487.381,PAYLOAD,LARGE,US,1990-04-24,AFETR,,4800988,293905647,0 HST,1 20580U 90037B   25211.87730514  .00006949  00000-0  25657-3 0  9996,2 20580  28.4677 108.6806 0001806 209.3207 150.7286 15.25721594739366
3.0,GENERATED VIA SPACE-TRACK.ORG API,2025-07-31 18:11:57+00:00,18 SPCS,HST,1990-037B,EARTH,TEME,UTC,SGP4,2025-07-31 09:36:51.300000+00:00,15.25728074,0.00017550,28.4676,105.1321,215.3514,144.6964,0,U,20580,999,73944,0.00024764000000,0.00006715,0.0000000000000,6866.737,94.381,489.807,487.397,PAYLOAD,LARGE,US,1990-04-24,AFETR,,4801664,293953406,0 HST,1 20580U 90037B   25212.40059375  .00006715  00000-0  24764-3 0  9994,2 20580  28.4676 105.1321 0001755 215.3514 144.6964 15.25728074739444
3.0,GENERATED VIA SPACE-TRACK.ORG API,2025-07-31 23:06:18+00:00,18 SPCS,HST,1990-037B,EARTH,TEME,UTC,SGP4,2025-07-31 20:36:11.714688+00:00,15.25734574,0.00017240,28.4677,102.0265,221.4348,138.6115,0,U,20580,999,73977,0.00025296000000,0.00006856,0.0000000000000,6866.718,94.381,489.766,487.399,PAYLOAD,LARGE,US,1990-04-24,AFETR,,4801928,293984316,0 HST,1 20580U 90037B   25212.85846892  .00006856  00000-0  25296-3 0  9998,2 20580  28.4677 102.0265 0001724 221.4348 138.6115 15.25734574739776
3.0,GENERATED VIA SPACE-TRACK.ORG API,2025-08-01 02:30:00+00:00,18 SPCS,HST,1990-037B,EARTH,TEME,UTC,SGP4,2025-07-31 22:10:23.193984+00:00,15.25735314,0.00017210,28.4677,101.5829,222.1842,137.8621,0,U,20580,999,73952,0.00025106000000,0.00006807,0.0000000000000,6866.715,94.381,489.762,487.399,PAYLOAD,LARGE,US,1990-04-24,AFETR,,4801972,293990206,0 HST,1 20580U 90037B   25212.92387956  .00006807  00000-0  25106-3 0  9993,2 20580  28.4677 101.5829 0001721 222.1842 137.8621 15.25735314739529
3.0,GENERATED VIA SPACE-TRACK.ORG API,2025-08-01 19:30:35+00:00,18 SPCS,HST,1990-037B,EARTH,TEME,UTC,SGP4,2025-08-01 01:18:46.137888+00:00,15.25737045,0.00017230,28.4678,100.6954,223.6882,136.3576,0,U,20580,999,73954,0.00025257000000,0.00006847,0.0000000000000,6866.710,94.381,489.758,487.392,PAYLOAD,LARGE,US,1990-04-24,AFETR,,4802629,294036055,0 HST,1 20580U 90037B   25213.05470067  .00006847  00000-0  25257-3 0  9995,2 20580  28.4678 100.6954 0001723 223.6882 136.3576 15.25737045739549
3.0,GENERATED VIA SPACE-TRACK.ORG API,2025-08-02 04:51:03+00:00,18 SPCS,HST,1990-037B,EARTH,TEME,UTC,SGP4,2025-08-01 21:43:14.974752+00:00,15.25746840,0.00017130,28.4682,94.9265,233.9532,126.0904,0,U,20580,999,73967,0.00022383000000,0.00006093,0.0000000000000,6866.681,94.380,489.722,487.369,PAYLOAD,LARGE,US,1990-04-24,AFETR,,4802874,294072958,0 HST,1 20580U 90037B   25213.90503443  .00006093  00000-0  22383-3 0  9994,2 20580  28.4682  94.9265 0001713 233.9532 126.0904 15.25746840739677
3.0,GENERATED VIA SPACE-TRACK.ORG API,2025-08-02 07:16:30+00:00,18 SPCS,HST,1990-037B,EARTH,TEME,UTC,SGP4,2025-08-02 00:51:37.841760+00:00,15.25748314,0.00017090,28.4682,94.0393,235.5856,124.4577,0,U,20580,999,73995,0.00022305000000,0.00006073,0.0000000000000,6866.676,94.380,489.715,487.368,PAYLOAD,LARGE,US,1990-04-24,AFETR,,4803199,294106360,0 HST,1 20580U 90037B   25214.03585465  .00006073  00000-0  22305-3 0  9995,2 20580  28.4682  94.0393 0001709 235.5856 124.4577 15.25748314739959
3.0,GENERATED VIA SPACE-TRACK.ORG API,2025-08-02 17:53:37+00:00,18 SPCS,HST,1990-037B,EARTH,TEME,UTC,SGP4,2025-08-02 00:51:37.841760+00:00,15.25748314,0.00017090,28.4682,94.0393,235.5856,124.4577,0,U,20580,999,73969,0.00022305000000,0.00006073,0.0000000000000,6866.676,94.380,489.715,487.368,PAYLOAD,LARGE,US,1990-04-24,AFETR,,4803602,294120618,0 HST,1 20580U 90037B   25214.03585465  .00006073  00000-0  22305-3 0  9995,2 20580  28.4682  94.0393 0001709 235.5856 124.4577 15.25748314739690
3.0,GENERATED VIA SPACE-TRACK.ORG API,2025-08-03 17:22:22+00:00,18 SPCS,HST,1990-037B,EARTH,TEME,UTC,SGP4,2025-08-03 00:24:28.880352+00:00,15.25760249,0.00016850,28.4685,87.3842,248.2268,111.8148,0,U,20580,999,73984,0.00021521000000,0.00005869,0.0000000000000,6866.641,94.379,489.663,487.348,PAYLOAD,LARGE,US,1990-04-24,AFETR,,4804517,294173859,0 HST,1 20580U 90037B   25215.01700093  .00005869  00000-0  21521-3 0  9991,2 20580  28.4685  87.3842 0001685 248.2268 111.8148 15.25760249739840
3.0,GENERATED VIA SPACE-TRACK.ORG API,2025-08-03 23:06:18+00:00,18 SPCS,HST,1990-037B,EARTH,TEME,UTC,SGP4,2025-08-03 20:48:56.591424+00:00,15.25769913,0.00016900,28.4687,81.6159,258.1889,101.8516,0,U,20580,999,74023,0.00020167000000,0.00005514,0.0000000000000,6866.612,94.379,489.637,487.316,PAYLOAD,LARGE,US,1990-04-24,AFETR,,4804809,294206929,0 HST,1 20580U 90037B   25215.86732166  .00005514  00000-0  20167-3 0  9992,2 20580  28.4687  81.6159 0001690 258.1889 101.8516 15.25769913740235
3.0,GENERATED VIA SPACE-TRACK.ORG API,2025-08-04 03:28:12+00:00,18 SPCS,HST,1990-037B,EARTH,TEME,UTC,SGP4,2025-08-03 22:23:07.942848+00:00,15.25770533,0.00016920,28.4688,81.1723,258.8868,101.1537,0,U,20580,999,73998,0.00020116000000,0.00005501,0.0000000000000,6866.610,94.379,489.636,487.313,PAYLOAD,LARGE,US,1990-04-24,AFETR,,4804882,294212875,0 HST,1 20580U 90037B   25215.93273082  .00005501  00000-0  20116-3 0  9997,2 20580  28.4688  81.1723 0001692 258.8868 101.1537 15.25770533739980
3.0,GENERATED VIA SPACE-TRACK.ORG API,2025-08-04 19:37:21+00:00,18 SPCS,HST,1990-037B,EARTH,TEME,UTC,SGP4,2025-08-03 23:57:19.289952+00:00,15.25771270,0.00016920,28.4688,80.7287,259.7232,100.3171,0,U,20580,999,73999,0.00020205000000,0.00005525,0.0000000000000,6866.607,94.378,489.634,487.311,PAYLOAD,LARGE,US,1990-04-24,AFETR,,4805517,294258160,0 HST,1 20580U 90037B   25215.99813993  .00005525  00000-0  20205-3 0  9999,2 20580  28.4688  80.7287 0001692 259.7232 100.3171 15.25771270739990
3.0,GENERATED VIA SPACE-TRACK.ORG API,2025-08-05 02:25:14+00:00,18 SPCS,HST,1990-037B,EARTH,TEME,UTC,SGP4,2025-08-04 21:55:57.802944+00:00,15.25782674,0.00016460,28.4687,74.5178,272.7159,87.3247,0,U,20580,999,74013,0.00021582000000,0.00005889,0.0000000000000,6866.573,94.378,489.568,487.308,PAYLOAD,LARGE,US,1990-04-24,AFETR,,4805841,294296411,0 HST,1 20580U 90037B   25216.91386346  .00005889  00000-0  21582-3 0  9991,2 20580  28.4687  74.5178 0001646 272.7159  87.3247 15.25782674740137
3.0,GENERATED VIA SPACE-TRACK.ORG API,2025-08-05 13:18:59+00:00,18 SPCS,HST,1990-037B,EARTH,TEME,UTC,SGP4,2025-08-04 23:30:09.106848+00:00,15.25783361,0.00016500,28.4688,74.0741,273.4637,86.5769,0,U,20580,999,74040,0.00021644000000,0.00005905,0.0000000000000,6866.571,94.378,489.569,487.303,PAYLOAD,LARGE,US,1990-04-24,AFETR,,4806105,294329262,0 HST,1 20580U 90037B   25216.97927207  .00005905  00000-0  21644-3 0  9992,2 20580  28.4688  74.0741 0001650 273.4637  86.5769 15.25783361740407
3.0,GENERATED VIA SPACE-TRACK.ORG API,2025-08-05 17:43:45+00:00,18 SPCS,HST,1990-037B,EARTH,TEME,UTC,SGP4,2025-08-05 07:21:05.580576+00:00,15.25786666,0.00016600,28.4688,71.8556,277.0134,83.0271,0,U,20580,999,74019,0.00020702000000,0.00005658,0.0000000000000,6866.561,94.378,489.566,487.286,PAYLOAD,LARGE,US,1990-04-24,AFETR,,4806564,294344867,0 HST,1 20580U 90037B   25217.30631459  .00005658  00000-0  20702-3 0  9990,2 20580  28.4688  71.8556 0001660 277.0134  83.0271 15.25786666740196
3.0,GENERATED VIA SPACE-TRACK.ORG API,2025-08-06 03:15:35+00:00,18 SPCS,HST,1990-037B,EARTH,TEME,UTC,SGP4,2025-08-05 16:46:13.252800+00:00,15.25791255,0.00016930,28.4689,69.1937,282.6101,77.4304,0,U,20580,999,74025,0.00021032000000,0.00005745,0.0000000000000,6866.547,94.377,489.575,487.250,PAYLOAD,LARGE,US,1990-04-24,AFETR,,4806579,294405590,0 HST,1 20580U 90037B   25217.69876450  .00005745  00000-0  21032-3 0  9998,2 20580  28.4689  69.1937 0001693 282.6101  77.4304 15.25791255740253
3.0,GENERATED VIA SPACE-TRACK.ORG API,2025-08-07 02:11:08+00:00,18 SPCS,HST,1990-037B,EARTH,TEME,UTC,SGP4,2025-08-06 21:01:35.767488+00:00,15.25803849,0.00017375,28.4690,61.2077,297.7613,62.2806,0,U,20580,999,74043,0.00021113527000,0.00005769,0.0000000000000,6866.510,94.376,489.568,487.182,PAYLOAD,LARGE,US,1990-04-24,AFETR,,4806584,294466850,0 HST,1 20580U 90037B   25218.87610842  .00005769  00000-0  21114-3 0  9997,2 20580  28.4690  61.2077 0001737 297.7613  62.2806 15.25803849740439
3.0,GENERATED VIA SPACE-TRACK.ORG API,2025-08-07 22:50:55+00:00,18 SPCS,HST,1990-037B,EARTH,TEME,UTC,SGP4,2025-08-07 14:17:39.115104+00:00,15.25811448,0.00017557,28.4689,56.3277,307.0187,53.0247,0,U,20580,999,74054,0.00020502532000,0.00005609,0.0000000000000,6866.487,94.376,489.557,487.146,PAYLOAD,LARGE,US,1990-04-24,AFETR,,4806590,294497639,0 HST,1 20580U 90037B   25219.59559161  .00005609  00000-0  20503-3 0  9997,2 20580  28.4689  56.3277 0001756 307.0187  53.0247 15.25811448740549
3.0,GENERATED VIA SPACE-TRACK.ORG API,2025-08-08 04:05:44+00:00,18 SPCS,HST,1990-037B,EARTH,TEME,UTC,SGP4,2025-08-07 19:00:12.714048+00:00,15.25813596,0.00017700,28.4688,54.9965,309.3065,50.7373,0,U,20580,999,74057,0.00021192000000,0.00005791,0.0000000000000,6866.480,94.376,489.561,487.130,PAYLOAD,LARGE,US,1990-04-24,AFETR,,4806722,294531357,0 HST,1 20580U 90037B   25219.79181382  .00005791  00000-0  21192-3 0  9992,2 20580  28.4688  54.9965 0001770 309.3065  50.7373 15.25813596740575
3.0,GENERATED VIA SPACE-TRACK.ORG API,2025-08-08 06:06:26+00:00,18 SPCS,HST,1990-037B,EARTH,TEME,UTC,SGP4,2025-08-07 19:00:12.713184+00:00,15.25813245,0.00017700,28.4688,54.9965,309.2871,50.7567,0,U,20580,999,74083,0.00020530000000,0.00005617,0.0000000000000,6866.482,94.376,489.562,487.131,PAYLOAD,LARGE,US,1990-04-24,AFETR,,4807467,294575491,0 HST,1 20580U 90037B   25219.79181381  .00005617  00000-0  20530-3 0  9993,2 20580  28.4688  54.9965 0001770 309.2871  50.7567 15.25813245740834
3.0,GENERATED VIA SPACE-TRACK.ORG API,2025-08-08 18:04:55+00:00,18 SPCS,HST,1990-037B,EARTH,TEME,UTC,SGP4,2025-08-08 13:50:26.906784+00:00,15.25820520,0.00018200,28.4688,49.6725,318.6530,41.3927,0,U,20580,999,74069,0.00019612000000,0.00005376,0.0000000000000,6866.460,94.375,489.574,487.075,PAYLOAD,LARGE,US,1990-04-24,AFETR,,4807944,294591978,0 HST,1 20580U 90037B   25220.57670031  .00005376  00000-0  19612-3 0  9997,2 20580  28.4688  49.6725 0001820 318.6530  41.3927 15.25820520740695
3.0,GENERATED VIA SPACE-TRACK.ORG API,2025-08-08 22:56:30+00:00,18 SPCS,HST,1990-037B,EARTH,TEME,UTC,SGP4,2025-08-08 20:07:11.534016+00:00,15.25825232,0.00018120,28.4688,47.8976,321.4971,38.5494,0,U,20580,999,74099,0.00022831000000,0.00006225,0.0000000000000,6866.446,94.375,489.555,487.066,PAYLOAD,LARGE,US,1990-04-24,AFETR,,4808184,294623598,0 HST,1 20580U 90037B   25220.83832794  .00006225  00000-0  22831-3 0  9993,2 20580  28.4688  47.8976 0001812 321.4971  38.5494 15.25825232740990
3.0,GENERATED VIA SPACE-TRACK.ORG API,2025-08-09 04:31:16+00:00,18 SPCS,HST,1990-037B,EARTH,TEME,UTC,SGP4,2025-08-08 20:07:11.534016+00:00,15.25825232,0.00018120,28.4688,47.8976,321.4971,38.5494,0,U,20580,999,74073,0.00022831000000,0.00006225,0.0000000000000,6866.446,94.375,489.555,487.066,PAYLOAD,LARGE,US,1990-04-24,AFETR,,4808267,294629761,0 HST,1 20580U 90037B   25220.83832794  .00006225  00000-0  22831-3 0  9993,2 20580  28.4688  47.8976 0001812 321.4971  38.5494 15.25825232740732
3.0,GENERATED VIA SPACE-TRACK.ORG API,2025-08-09 17:24:41+00:00,18 SPCS,HST,1990-037B,EARTH,TEME,UTC,SGP4,2025-08-09 13:23:14.028000+00:00,15.25834257,0.00018540,28.4688,43.0169,329.6399,30.4088,0,U,20580,999,74084,0.00024729000000,0.00006727,0.0000000000000,6866.418,94.375,489.556,487.010,PAYLOAD,LARGE,US,1990-04-24,AFETR,,4808974,294677463,0 HST,1 20580U 90037B   25221.55780125  .00006727  00000-0  24729-3 0  9998,2 20580  28.4688  43.0169 0001854 329.6399  30.4088 15.25834257740843
3.0,GENERATED VIA SPACE-TRACK.ORG API,2025-08-10 17:15:53+00:00,18 SPCS,HST,1990-037B,EARTH,TEME,UTC,SGP4,2025-08-10 12:56:00.428640+00:00,15.25846564,0.00019330,28.4688,36.3618,341.1068,18.9455,0,U,20580,999,74099,0.00024678000000,0.00006716,0.0000000000000,6866.382,94.374,489.574,486.919,PAYLOAD,LARGE,US,1990-04-24,AFETR,,4810125,294734768,0 HST,1 20580U 90037B   25222.53889385  .00006716  00000-0  24678-3 0  9996,2 20580  28.4688  36.3618 0001933 341.1068  18.9455 15.25846564740996
3.0,GENERATED VIA SPACE-TRACK.ORG API,2025-08-10 22:56:26+00:00,18 SPCS,HST,1990-037B,EARTH,TEME,UTC,SGP4,2025-08-10 19:12:44.691264+00:00,15.25849691,0.00019610,28.4690,34.5871,343.4723,16.5808,0,U,20580,999,74129,0.00024373000000,0.00006636,0.0000000000000,6866.372,94.374,489.584,486.891,PAYLOAD,LARGE,US,1990-04-24,AFETR,,4810386,294767905,0 HST,1 20580U 90037B   25222.80051726  .00006636  00000-0  24373-3 0  9999,2 20580  28.4690  34.5871 0001961 343.4723  16.5808 15.25849691741298
3.0,GENERATED VIA SPACE-TRACK.ORG API,2025-08-11 09:36:26+00:00,18 SPCS,HST,1990-037B,EARTH,TEME,UTC,SGP4,2025-08-10 19:12:44.683488+00:00,15.25850415,0.00019600,28.4690,34.5871,343.4910,16.5621,0,U,20580,999,74103,0.00025669000000,0.00006978,0.0000000000000,6866.370,94.374,489.581,486.889,PAYLOAD,LARGE,US,1990-04-24,AFETR,,4810761,294780743,0 HST,1 20580U 90037B   25222.80051717  .00006978  00000-0  25669-3 0  9997,2 20580  28.4690  34.5871 0001960 343.4910  16.5621 15.25850415741036
3.0,GENERATED VIA SPACE-TRACK.ORG API,2025-08-11 20:39:09+00:00,18 SPCS,HST,1990-037B,EARTH,TEME,UTC,SGP4,2025-08-11 14:02:57.117120+00:00,15.25860260,0.00020080,28.4689,29.2626,352.3981,7.6583,0,U,20580,999,74115,0.00023739000000,0.00006471,0.0000000000000,6866.340,94.373,489.584,486.827,PAYLOAD,LARGE,US,1990-04-24,AFETR,,4811117,294819884,0 HST,1 20580U 90037B   25223.58538330  .00006471  00000-0  23739-3 0  9998,2 20580  28.4689  29.2626 0002008 352.3981   7.6583 15.25860260741154
3.0,GENERATED VIA SPACE-TRACK.ORG API,2025-08-12 03:11:01+00:00,18 SPCS,HST,1990-037B,EARTH,TEME,UTC,SGP4,2025-08-11 18:45:30.169152+00:00,15.25862787,0.00020430,28.4691,27.9314,354.3077,5.7494,0,U,20580,999,74118,0.00024175000000,0.00006587,0.0000000000000,6866.333,94.373,489.601,486.795,PAYLOAD,LARGE,US,1990-04-24,AFETR,,4811455,294858663,0 HST,1 20580U 90037B   25223.78159918  .00006587  00000-0  24175-3 0  9994,2 20580  28.4691  27.9314 0002043 354.3077   5.7494 15.25862787741182
3.0,GENERATED VIA SPACE-TRACK.ORG API,2025-08-12 14:36:32+00:00,18 SPCS,HST,1990-037B,EARTH,TEME,UTC,SGP4,2025-08-12 12:01:31.114848+00:00,15.25871672,0.00021010,28.4691,23.0508,1.9649,358.0953,0,U,20580,999,74155,0.00023976000000,0.00006536,0.0000000000000,6866.306,94.372,489.614,486.729,PAYLOAD,LARGE,US,1990-04-24,AFETR,,4812146,294900381,0 HST,1 20580U 90037B   25224.50105457  .00006536  00000-0  23976-3 0  9996,2 20580  28.4691  23.0508 0002101   1.9649 358.0953 15.25871672741557
3.0,GENERATED VIA SPACE-TRACK.ORG API,2025-08-12 18:14:07+00:00,18 SPCS,HST,1990-037B,EARTH,TEME,UTC,SGP4,2025-08-12 12:01:31.114848+00:00,15.25871672,0.00021010,28.4691,23.0508,1.9649,358.0953,0,U,20580,999,74129,0.00023976000000,0.00006536,0.0000000000000,6866.306,94.372,489.614,486.729,PAYLOAD,LARGE,US,1990-04-24,AFETR,,4812255,294908295,0 HST,1 20580U 90037B   25224.50105457  .00006536  00000-0  23976-3 0  9996,2 20580  28.4691  23.0508 0002101   1.9649 358.0953 15.25871672741298
3.0,GENERATED VIA SPACE-TRACK.ORG API,2025-08-13 03:28:02+00:00,18 SPCS,HST,1990-037B,EARTH,TEME,UTC,SGP4,2025-08-12 18:18:15.000768+00:00,15.25875171,0.00021280,28.4693,21.2761,4.4339,355.6274,0,U,20580,999,74133,0.00024781000000,0.00006749,0.0000000000000,6866.296,94.372,489.622,486.700,PAYLOAD,LARGE,US,1990-04-24,AFETR,,4812256,294938328,0 HST,1 20580U 90037B   25224.76267362  .00006749  00000-0  24781-3 0  9999,2 20580  28.4693  21.2761 0002128   4.4339 355.6274 15.25875171741336
3.0,GENERATED VIA SPACE-TRACK.ORG API,2025-08-13 23:01:20+00:00,18 SPCS,HST,1990-037B,EARTH,TEME,UTC,SGP4,2025-08-13 13:08:26.377728+00:00,15.25883280,0.00022300,28.4692,15.9512,12.1124,347.9524,0,U,20580,999,74145,0.00021323000000,0.00005838,0.0000000000000,6866.271,94.372,489.668,486.605,PAYLOAD,LARGE,US,1990-04-24,AFETR,,4812257,294969202,0 HST,1 20580U 90037B   25225.54752752  .00005838  00000-0  21323-3 0  9995,2 20580  28.4692  15.9512 0002230  12.1124 347.9524 15.25883280741456
3.0,GENERATED VIA SPACE-TRACK.ORG API,2025-08-14 02:27:49+00:00,18 SPCS,HST,1990-037B,EARTH,TEME,UTC,SGP4,2025-08-13 17:50:59.150688+00:00,15.25885833,0.00022190,28.4692,14.6204,13.8902,346.1753,0,U,20580,999,74148,0.00021745000000,0.00005950,0.0000000000000,6866.264,94.371,489.652,486.605,PAYLOAD,LARGE,US,1990-04-24,AFETR,,4812259,295000256,0 HST,1 20580U 90037B   25225.74374017  .00005950  00000-0  21745-3 0  9994,2 20580  28.4692  14.6204 0002219  13.8902 346.1753 15.25885833741483
3.0,GENERATED VIA SPACE-TRACK.ORG API,2025-08-14 20:24:33+00:00,18 SPCS,HST,1990-037B,EARTH,TEME,UTC,SGP4,2025-08-14 12:41:10.023936+00:00,15.25896048,0.00022960,28.4692,9.2960,21.1695,338.8994,0,U,20580,999,74160,0.00023064000000,0.00006300,0.0000000000000,6866.233,94.371,489.675,486.522,PAYLOAD,LARGE,US,1990-04-24,AFETR,,4812261,295030639,0 HST,1 20580U 90037B   25226.52858824  .00006300  00000-0  23064-3 0  9990,2 20580  28.4692   9.2960 0002296  21.1695 338.8994 15.25896048741607
3.0,GENERATED VIA SPACE-TRACK.ORG API,2025-08-15 02:38:02+00:00,18 SPCS,HST,1990-037B,EARTH,TEME,UTC,SGP4,2025-08-14 17:23:42.676800+00:00,15.25898359,0.00023140,28.4693,7.9649,22.9379,337.1318,0,U,20580,999,74163,0.00023273000000,0.00006356,0.0000000000000,6866.226,94.371,489.680,486.502,PAYLOAD,LARGE,US,1990-04-24,AFETR,,4812266,295123460,0 HST,1 20580U 90037B   25226.72479950  .00006356  00000-0  23273-3 0  9994,2 20580  28.4693   7.9649 0002314  22.9379 337.1318 15.25898359741638
3.0,GENERATED VIA SPACE-TRACK.ORG API,2025-08-15 17:34:54+00:00,18 SPCS,HST,1990-037B,EARTH,TEME,UTC,SGP4,2025-08-15 13:48:03.856032+00:00,15.25907976,0.00023840,28.4692,2.1969,30.5314,329.5419,0,U,20580,999,74176,0.00021679000000,0.00005936,0.0000000000000,6866.197,94.370,489.699,486.425,PAYLOAD,LARGE,US,1990-04-24,AFETR,,4812268,295153831,0 HST,1 20580U 90037B   25227.57504463  .00005936  00000-0  21679-3 0  9997,2 20580  28.4692   2.1969 0002384  30.5314 329.5419 15.25907976741767
3.0,GENERATED VIA SPACE-TRACK.ORG API,2025-08-15 22:36:49+00:00,18 SPCS,HST,1990-037B,EARTH,TEME,UTC,SGP4,2025-08-13 17:50:59.150688+00:00,15.25885833,0.00022190,28.4692,14.6204,13.8902,346.1753,0,U,20580,999,74174,0.00021745000000,0.00005950,0.0000000000000,6866.264,94.371,489.652,486.605,PAYLOAD,LARGE,US,1990-04-24,AFETR,,4814382,295209417,0 HST,1 20580U 90037B   25225.74374017  .00005950  00000-0  21745-3 0  9994,2 20580  28.4692  14.6204 0002219  13.8902 346.1753 15.25885833741742
3.0,GENERATED VIA SPACE-TRACK.ORG API,2025-08-15 22:36:49+00:00,18 SPCS,HST,1990-037B,EARTH,TEME,UTC,SGP4,2025-08-15 12:13:53.010912+00:00,15.25907339,0.00023780,28.4692,2.6406,30.1631,329.9101,0,U,20580,999,74201,0.00021827000000,0.00005975,0.0000000000000,6866.199,94.370,489.697,486.431,PAYLOAD,LARGE,US,1990-04-24,AFETR,,4814383,295249873,0 HST,1 20580U 90037B   25227.50964133  .00005975  00000-0  21827-3 0  9992,2 20580  28.4692   2.6406 0002378  30.1631 329.9101 15.25907339742013
3.0,GENERATED VIA SPACE-TRACK.ORG API,2025-08-16 03:51:34+00:00,18 SPCS,HST,1990-037B,EARTH,TEME,UTC,SGP4,2025-08-15 15:22:14.695104+00:00,15.25908777,0.00023920,28.4692,1.7531,31.1164,328.9572,0,U,20580,999,74177,0.00021819000000,0.00005974,0.0000000000000,6866.195,94.370,489.702,486.418,PAYLOAD,LARGE,US,1990-04-24,AFETR,,4815276,295255487,0 HST,1 20580U 90037B   25227.64044786  .00005974  00000-0  21819-3 0  9990,2 20580  28.4692   1.7531 0002392  31.1164 328.9572 15.25908777741770
3.0,GENERATED VIA SPACE-TRACK.ORG API,2025-08-16 17:26:32+00:00,18 SPCS,HST,1990-037B,EARTH,TEME,UTC,SGP4,2025-08-16 16:29:07.758240+00:00,15.25920211,0.00023950,28.4693,354.6545,42.1529,317.9250,0,U,20580,999,74219,0.00020457000000,0.00005616,0.0000000000000,6866.161,94.369,489.670,486.381,PAYLOAD,LARGE,US,1990-04-24,AFETR,,4816108,295302163,0 HST,1 20580U 90037B   25228.68689535  .00005616  00000-0  20457-3 0  9992,2 20580  28.4693 354.6545 0002395  42.1529 317.9250 15.25920211742191
3.0,GENERATED VIA SPACE-TRACK.ORG API,2025-08-16 17:54:20+00:00,18 SPCS,HST,1990-037B,EARTH,TEME,UTC,SGP4,2025-08-16 13:20:46.164768+00:00,15.25918583,0.00024120,28.4692,355.5417,40.5743,319.5031,0,U,20580,999,74191,0.00019975000000,0.00005488,0.0000000000000,6866.165,94.369,489.687,486.374,PAYLOAD,LARGE,US,1990-04-24,AFETR,,4816161,295308472,0 HST,1 20580U 90037B   25228.55608987  .00005488  00000-0  19975-3 0  9990,2 20580  28.4692 355.5417 0002412  40.5743 319.5031 15.25918583741911
3.0,GENERATED VIA SPACE-TRACK.ORG API,2025-08-17 03:07:36+00:00,18 SPCS,HST,1990-037B,EARTH,TEME,UTC,SGP4,2025-08-16 16:29:07.755648+00:00,15.25920248,0.00023940,28.4693,354.6545,42.2153,317.8626,0,U,20580,999,74193,0.00020476000000,0.00005621,0.0000000000000,6866.160,94.369,489.669,486.382,PAYLOAD,LARGE,US,1990-04-24,AFETR,,4816343,295373299,0 HST,1 20580U 90037B   25228.68689532  .00005621  00000-0  20476-3 0  9996,2 20580  28.4693 354.6545 0002394  42.2153 317.8626 15.25920248741931
3.0,GENERATED VIA SPACE-TRACK.ORG API,2025-08-17 19:21:32+00:00,18 SPCS,HST,1990-037B,EARTH,TEME,UTC,SGP4,2025-08-17 12:53:27.909312+00:00,15.25928872,0.00024370,28.4692,348.8863,49.9595,310.1213,0,U,20580,999,74206,0.00019652000000,0.00005404,0.0000000000000,6866.135,94.369,489.673,486.326,PAYLOAD,LARGE,US,1990-04-24,AFETR,,4817045,295481848,0 HST,1 20580U 90037B   25229.53712858  .00005404  00000-0  19652-3 0  9992,2 20580  28.4692 348.8863 0002437  49.9595 310.1213 15.25928872742064
3.0,GENERATED VIA SPACE-TRACK.ORG API,2025-08-18 06:56:18+00:00,18 SPCS,HST,1990-037B,EARTH,TEME,UTC,SGP4,2025-08-17 23:52:43.217760+00:00,15.25933490,0.00024480,28.4692,345.7803,54.4458,305.6364,0,U,20580,999,74239,0.00019821000000,0.00005450,0.0000000000000,6866.121,94.368,489.667,486.305,PAYLOAD,LARGE,US,1990-04-24,AFETR,,4817638,295552697,0 HST,1 20580U 90037B   25229.99494465  .00005450  00000-0  19821-3 0  9992,2 20580  28.4692 345.7803 0002448  54.4458 305.6364 15.25933490742399
3.0,GENERATED VIA SPACE-TRACK.ORG API,2025-08-18 19:34:57+00:00,18 SPCS,HST,1990-037B,EARTH,TEME,UTC,SGP4,2025-08-18 10:51:58.403520+00:00,15.25937545,0.00024700,28.4691,342.6744,58.2117,301.8718,0,U,20580,999,74220,0.00019018000000,0.00005238,0.0000000000000,6866.109,94.368,489.670,486.278,PAYLOAD,LARGE,US,1990-04-24,AFETR,,4818027,295566600,0 HST,1 20580U 90037B   25230.45275930  .00005238  00000-0  19018-3 0  9991,2 20580  28.4691 342.6744 0002470  58.2117 301.8718 15.25937545742203
3.0,GENERATED VIA SPACE-TRACK.ORG API,2025-08-19 14:56:18+00:00,18 SPCS,HST,1990-037B,EARTH,TEME,UTC,SGP4,2025-08-19 11:58:49.771488+00:00,15.25949039,0.00025040,28.4690,335.5751,67.6300,292.4560,0,U,20580,999,74262,0.00020900000000,0.00005738,0.0000000000000,6866.074,94.368,489.658,486.220,PAYLOAD,LARGE,US,1990-04-24,AFETR,,4818904,295644621,0 HST,1 20580U 90037B   25231.49918717  .00005738  00000-0  20900-3 0  9990,2 20580  28.4690 335.5751 0002504  67.6300 292.4560 15.25949039742624
3.0,GENERATED VIA SPACE-TRACK.ORG API,2025-08-19 19:13:10+00:00,18 SPCS,HST,1990-037B,EARTH,TEME,UTC,SGP4,2025-08-19 11:58:49.771488+00:00,15.25949039,0.00025040,28.4690,335.5751,67.6300,292.4560,0,U,20580,999,74236,0.00020900000000,0.00005738,0.0000000000000,6866.074,94.368,489.658,486.220,PAYLOAD,LARGE,US,1990-04-24,AFETR,,4818969,295650932,0 HST,1 20580U 90037B   25231.49918717  .00005738  00000-0  20900-3 0  9990,2 20580  28.4690 335.5751 0002504  67.6300 292.4560 15.25949039742365
3.0,GENERATED VIA SPACE-TRACK.ORG API,2025-08-20 22:00:37+00:00,18 SPCS,HST,1990-037B,EARTH,TEME,UTC,SGP4,2025-08-20 13:05:40.419744+00:00,15.25960979,0.00025190,28.4689,328.4759,77.3165,282.7711,0,U,20580,999,74252,0.00021882000000,0.00006000,0.0000000000000,6866.038,94.367,489.633,486.174,PAYLOAD,LARGE,US,1990-04-24,AFETR,,4819966,295734838,0 HST,1 20580U 90037B   25232.54560671  .00006000  00000-0  21882-3 0  9992,2 20580  28.4689 328.4759 0002519  77.3165 282.7711 15.25960979742529
3.0,GENERATED VIA SPACE-TRACK.ORG API,2025-08-21 02:23:54+00:00,18 SPCS,HST,1990-037B,EARTH,TEME,UTC,SGP4,2025-08-20 14:39:51.065280+00:00,15.25961717,0.00025140,28.4689,328.0324,77.9750,282.1127,0,U,20580,999,74253,0.00022024000000,0.00006037,0.0000000000000,6866.036,94.367,489.627,486.175,PAYLOAD,LARGE,US,1990-04-24,AFETR,,4820012,295765436,0 HST,1 20580U 90037B   25232.61100770  .00006037  00000-0  22024-3 0  9999,2 20580  28.4689 328.0324 0002514  77.9750 282.1127 15.25961717742531
3.0,GENERATED VIA SPACE-TRACK.ORG API,2025-08-22 21:09:24+00:00,18 SPCS,HST,1990-037B,EARTH,TEME,UTC,SGP4,2025-08-22 13:45:09.107712+00:00,15.25980944,0.00025233,28.4686,314.7205,96.7522,263.3360,0,U,20580,999,74283,0.00018008098000,0.00004978,0.0000000000000,6865.978,94.366,489.576,486.111,PAYLOAD,LARGE,US,1990-04-24,AFETR,,4820143,295803711,0 HST,1 20580U 90037B   25234.57302208  .00004978  00000-0  18008-3 0  9995,2 20580  28.4686 314.7205 0002523  96.7522 263.3360 15.25980944742830
3.0,GENERATED VIA SPACE-TRACK.ORG API,2025-08-23 17:13:00+00:00,18 SPCS,HST,1990-037B,EARTH,TEME,UTC,SGP4,2025-08-23 07:01:05.170080+00:00,15.25988686,0.00025237,28.4683,309.8390,103.6500,256.4376,0,U,20580,999,74294,0.00019035999000,0.00005251,0.0000000000000,6865.955,94.365,489.553,486.087,PAYLOAD,LARGE,US,1990-04-24,AFETR,,4820249,295827450,0 HST,1 20580U 90037B   25235.29242095  .00005251  00000-0  19036-3 0  9999,2 20580  28.4683 309.8390 0002524 103.6500 256.4376 15.25988686742945
3.0,GENERATED VIA SPACE-TRACK.ORG API,2025-08-24 02:08:44+00:00,18 SPCS,HST,1990-037B,EARTH,TEME,UTC,SGP4,2025-08-23 13:17:47.321088+00:00,15.25990445,0.00025277,28.4683,308.0640,106.0807,254.0066,0,U,20580,999,74298,0.00017900380000,0.00004951,0.0000000000000,6865.950,94.365,489.550,486.079,PAYLOAD,LARGE,US,1990-04-24,AFETR,,4820264,295853043,0 HST,1 20580U 90037B   25235.55401992  .00004951  00000-0  17900-3 0  9995,2 20580  28.4683 308.0640 0002528 106.0807 254.0066 15.25990445742985
3.0,GENERATED VIA SPACE-TRACK.ORG API,2025-08-24 18:52:16+00:00,18 SPCS,HST,1990-037B,EARTH,TEME,UTC,SGP4,2025-08-24 12:50:24.995328+00:00,15.26000674,0.00025064,28.4681,301.4076,114.8734,245.2122,0,U,20580,999,74313,0.00019282181000,0.00005318,0.0000000000000,6865.919,94.364,489.505,486.063,PAYLOAD,LARGE,US,1990-04-24,AFETR,,4820322,295883555,0 HST,1 20580U 90037B   25236.53501152  .00005318  00000-0  19282-3 0  9996,2 20580  28.4681 301.4076 0002506 114.8734 245.2122 15.26000674743135
3.0,GENERATED VIA SPACE-TRACK.ORG API,2025-08-25 21:12:07+00:00,18 SPCS,HST,1990-037B,EARTH,TEME,UTC,SGP4,2025-08-25 12:23:02.141664+00:00,15.26010319,0.00024900,28.4679,294.7509,123.7647,236.3185,0,U,20580,999,74328,0.00019704636000,0.00005432,0.0000000000000,6865.890,94.364,489.465,486.046,PAYLOAD,LARGE,US,1990-04-24,AFETR,,4820412,295945264,0 HST,1 20580U 90037B   25237.51599701  .00005432  00000-0  19705-3 0  9999,2 20580  28.4679 294.7509 0002490 123.7647 236.3185 15.26010319743284
3.0,GENERATED VIA SPACE-TRACK.ORG API,2025-08-26 22:27:06+00:00,18 SPCS,HST,1990-037B,EARTH,TEME,UTC,SGP4,2025-08-26 08:47:17.836224+00:00,15.26019526,0.00024720,28.4678,288.9817,131.7128,228.3679,0,U,20580,999,74341,0.00020553721000,0.00005658,0.0000000000000,6865.863,94.363,489.425,486.030,PAYLOAD,LARGE,US,1990-04-24,AFETR,,4820578,296007018,0 HST,1 20580U 90037B   25238.36617866  .00005658  00000-0  20554-3 0  9990,2 20580  28.4678 288.9817 0002472 131.7128 228.3679 15.26019526743416
3.0,GENERATED VIA SPACE-TRACK.ORG API,2025-08-27 02:14:13+00:00,18 SPCS,HST,1990-037B,EARTH,TEME,UTC,SGP4,2025-08-26 19:46:30.653760+00:00,15.26026248,0.00024637,28.4678,285.8749,136.5334,223.5455,0,U,20580,999,74348,0.00023047857000,0.00006320,0.0000000000000,6865.843,94.363,489.399,486.016,PAYLOAD,LARGE,US,1990-04-24,AFETR,,4820598,296037664,0 HST,1 20580U 90037B   25238.82396590  .00006320  00000-0  23048-3 0  9997,2 20580  28.4678 285.8749 0002464 136.5334 223.5455 15.26026248743484
3.0,GENERATED VIA SPACE-TRACK.ORG API,2025-08-27 12:18:54+00:00,18 SPCS,HST,1990-037B,EARTH,TEME,UTC,SGP4,2025-08-27 06:45:43.378848+00:00,15.26031468,0.00024669,28.4677,282.7682,140.7816,219.2958,0,U,20580,999,74355,0.00023501032000,0.00006442,0.0000000000000,6865.827,94.362,489.386,485.998,PAYLOAD,LARGE,US,1990-04-24,AFETR,,4820647,296068845,0 HST,1 20580U 90037B   25239.28175207  .00006442  00000-0  23501-3 0  9997,2 20580  28.4677 282.7682 0002467 140.7816 219.2958 15.26031468743558
3.0,GENERATED VIA SPACE-TRACK.ORG API,2025-08-27 20:01:58+00:00,18 SPCS,HST,1990-037B,EARTH,TEME,UTC,SGP4,2025-08-27 11:28:14.485152+00:00,15.26034535,0.00024728,28.4677,281.4370,142.3952,217.6816,0,U,20580,999,74358,0.00024898726000,0.00006813,0.0000000000000,6865.818,94.362,489.380,485.985,PAYLOAD,LARGE,US,1990-04-24,AFETR,,4820732,296099636,0 HST,1 20580U 90037B   25239.47794543  .00006813  00000-0  24899-3 0  9991,2 20580  28.4677 281.4370 0002473 142.3952 217.6816 15.26034535743580
3.0,GENERATED VIA SPACE-TRACK.ORG API,2025-08-28 02:53:28+00:00,18 SPCS,HST,1990-037B,EARTH,TEME,UTC,SGP4,2025-08-27 19:19:06.241440+00:00,15.26040432,0.00024826,28.4676,279.2178,145.4937,214.5819,0,U,20580,999,74363,0.00027540059000,0.00007515,0.0000000000000,6865.800,94.362,489.369,485.960,PAYLOAD,LARGE,US,1990-04-24,AFETR,,4820797,296161174,0 HST,1 20580U 90037B   25239.80493335  .00007515  00000-0  27540-3 0  9999,2 20580  28.4676 279.2178 0002483 145.4937 214.5819 15.26040432743636
3.0,GENERATED VIA SPACE-TRACK.ORG API,2025-08-28 23:13:47+00:00,18 SPCS,HST,1990-037B,EARTH,TEME,UTC,SGP4,2025-08-28 11:00:49.519008+00:00,15.26049130,0.00024491,28.4677,274.7799,151.9098,208.1630,0,U,20580,999,74373,0.00027475333000,0.00007499,0.0000000000000,6865.774,94.361,489.320,485.957,PAYLOAD,LARGE,US,1990-04-24,AFETR,,4820893,296191948,0 HST,1 20580U 90037B   25240.45890647  .00007499  00000-0  27475-3 0  9997,2 20580  28.4677 274.7799 0002449 151.9098 208.1630 15.26049130743733
3.0,GENERATED VIA SPACE-TRACK.ORG API,2025-08-29 09:54:54+00:00,18 SPCS,HST,1990-037B,EARTH,TEME,UTC,SGP4,2025-08-29 05:50:52.925568+00:00,15.26061816,0.00024438,28.4677,269.4538,159.5775,200.4918,0,U,20580,999,74385,0.00029303729000,0.00007988,0.0000000000000,6865.736,94.361,489.279,485.923,PAYLOAD,LARGE,US,1990-04-24,AFETR,,4820981,296254217,0 HST,1 20580U 90037B   25241.24366812  .00007988  00000-0  29304-3 0  9993,2 20580  28.4677 269.4538 0002444 159.5775 200.4918 15.26061816743858
3.0,GENERATED VIA SPACE-TRACK.ORG API,2025-08-30 03:38:48+00:00,18 SPCS,HST,1990-037B,EARTH,TEME,UTC,SGP4,2025-08-29 18:24:14.896512+00:00,15.26069496,0.00023827,28.4678,265.9037,164.5778,195.4889,0,U,20580,999,74393,0.00028252932000,0.00007710,0.0000000000000,6865.713,94.360,489.214,485.942,PAYLOAD,LARGE,US,1990-04-24,AFETR,,4821102,296346702,0 HST,1 20580U 90037B   25241.76683908  .00007710  00000-0  28253-3 0  9993,2 20580  28.4678 265.9037 0002383 164.5778 195.4889 15.26069496743936
3.0,GENERATED VIA SPACE-TRACK.ORG API,2025-08-30 11:24:46+00:00,18 SPCS,HST,1990-037B,EARTH,TEME,UTC,SGP4,2025-08-30 03:49:16.214016+00:00,15.26077032,0.00023879,28.4678,263.2408,168.5122,191.5528,0,U,20580,999,74399,0.00031495646000,0.00008574,0.0000000000000,6865.690,94.360,489.195,485.916,PAYLOAD,LARGE,US,1990-04-24,AFETR,,4821106,296377385,0 HST,1 20580U 90037B   25242.15921544  .00008574  00000-0  31496-3 0  9990,2 20580  28.4678 263.2408 0002388 168.5122 191.5528 15.26077032743999
3.0,GENERATED VIA SPACE-TRACK.ORG API,2025-08-31 02:26:50+00:00,18 SPCS,HST,1990-037B,EARTH,TEME,UTC,SGP4,2025-08-30 17:56:47.873184+00:00,15.26087160,0.00023564,28.4678,259.2465,174.4733,185.5888,0,U,20580,999,74408,0.00031965596000,0.00008701,0.0000000000000,6865.660,94.359,489.143,485.907,PAYLOAD,LARGE,US,1990-04-24,AFETR,,4821165,296407986,0 HST,1 20580U 90037B   25242.74777631  .00008701  00000-0  31966-3 0  9995,2 20580  28.4678 259.2465 0002356 174.4733 185.5888 15.26087160744082
3.0,GENERATED VIA SPACE-TRACK.ORG API,2025-08-31 11:35:43+00:00,18 SPCS,HST,1990-037B,EARTH,TEME,UTC,SGP4,2025-08-31 04:55:58.936800+00:00,15.26095736,0.00023488,28.4677,256.1400,178.9446,181.1154,0,U,20580,999,74415,0.00033404936000,0.00009086,0.0000000000000,6865.634,94.358,489.112,485.887,PAYLOAD,LARGE,US,1990-04-24,AFETR,,4821198,296439198,0 HST,1 20580U 90037B   25243.20554325  .00009086  00000-0  33405-3 0  9997,2 20580  28.4677 256.1400 0002349 178.9446 181.1154 15.26095736744152
3.0,GENERATED VIA SPACE-TRACK.ORG API,2025-08-31 17:37:22+00:00,18 SPCS,HST,1990-037B,EARTH,TEME,UTC,SGP4,2025-08-31 08:04:19.203168+00:00,15.26098175,0.00023332,28.4677,255.2525,180.0490,180.0105,0,U,20580,999,74417,0.00033656156000,0.00009153,0.0000000000000,6865.627,94.358,489.094,485.890,PAYLOAD,LARGE,US,1990-04-24,AFETR,,4821225,296470229,0 HST,1 20580U 90037B   25243.33633337  .00009153  00000-0  33656-3 0  9995,2 20580  28.4677 255.2525 0002333 180.0490 180.0105 15.26098175744172
3.0,GENERATED VIA SPACE-TRACK.ORG API,2025-09-01 02:20:03+00:00,18 SPCS,HST,1990-037B,EARTH,TEME,UTC,SGP4,2025-08-31 17:29:19.884768+00:00,15.26105510,0.00023093,28.4676,252.5896,184.2228,175.8347,0,U,20580,999,74423,0.00035045614000,0.00009525,0.0000000000000,6865.605,94.358,489.055,485.884,PAYLOAD,LARGE,US,1990-04-24,AFETR,,4821248,296500428,0 HST,1 20580U 90037B   25243.72870237  .00009525  00000-0  35046-3 0  9998,2 20580  28.4676 252.5896 0002309 184.2228 175.8347 15.26105510744239
3.0,GENERATED VIA SPACE-TRACK.ORG API,2025-09-01 10:16:30+00:00,18 SPCS,HST,1990-037B,EARTH,TEME,UTC,SGP4,2025-09-01 04:28:30.500832+00:00,15.26113477,0.00022972,28.4675,249.4831,188.7877,171.2678,0,U,20580,999,74430,0.00034628331000,0.00009416,0.0000000000000,6865.581,94.357,489.023,485.869,PAYLOAD,LARGE,US,1990-04-24,AFETR,,4821324,296531685,0 HST,1 20580U 90037B   25244.18646413  .00009416  00000-0  34628-3 0  9990,2 20580  28.4675 249.4831 0002297 188.7877 171.2678 15.26113477744303
3.0,GENERATED VIA SPACE-TRACK.ORG API,2025-09-01 19:24:48+00:00,18 SPCS,HST,1990-037B,EARTH,TEME,UTC,SGP4,2025-09-01 09:11:00.703392+00:00,15.26117033,0.00022833,28.4675,248.1516,190.5116,169.5431,0,U,20580,999,74433,0.00034984941000,0.00009512,0.0000000000000,6865.570,94.357,489.003,485.868,PAYLOAD,LARGE,US,1990-04-24,AFETR,,4821362,296562759,0 HST,1 20580U 90037B   25244.38264703  .00009512  00000-0  34985-3 0  9993,2 20580  28.4675 248.1516 0002283 190.5116 169.5431 15.26117033744333
3.0,GENERATED VIA SPACE-TRACK.ORG API,2025-09-02 03:25:31+00:00,18 SPCS,HST,1990-037B,EARTH,TEME,UTC,SGP4,2025-09-01 17:01:50.941632+00:00,15.26123321,0.00022645,28.4675,245.9324,194.2064,165.8468,0,U,20580,999,74438,0.00036701389000,0.00009971,0.0000000000000,6865.551,94.357,488.971,485.862,PAYLOAD,LARGE,US,1990-04-24,AFETR,,4821406,296592979,0 HST,1 20580U 90037B   25244.70961738  .00009971  00000-0  36701-3 0  9998,2 20580  28.4675 245.9324 0002265 194.2064 165.8468 15.26123321744389
3.0,GENERATED VIA SPACE-TRACK.ORG API,2025-09-02 10:20:33+00:00,18 SPCS,HST,1990-037B,EARTH,TEME,UTC,SGP4,2025-09-02 02:26:51.053856+00:00,15.26133104,0.00022650,28.4674,243.2692,198.1595,161.8919,0,U,20580,999,74444,0.00042555484000,0.00011533,0.0000000000000,6865.522,94.356,488.942,485.832,PAYLOAD,LARGE,US,1990-04-24,AFETR,,4821465,296624211,0 HST,1 20580U 90037B   25245.10197979  .00011533  00000-0  42555-3 0  9992,2 20580  28.4674 243.2692 0002265 198.1595 161.8919 15.26133104744443
3.0,GENERATED VIA SPACE-TRACK.ORG API,2025-09-03 02:21:29+00:00,18 SPCS,HST,1990-037B,EARTH,TEME,UTC,SGP4,2025-09-02 16:34:20.879616+00:00,15.26144983,0.00022328,28.4675,239.2746,204.7414,155.3073,0,U,20580,999,74453,0.00043273316000,0.00011728,0.0000000000000,6865.486,94.355,488.884,485.819,PAYLOAD,LARGE,US,1990-04-24,AFETR,,4821549,296685509,0 HST,1 20580U 90037B   25245.69051944  .00011728  00000-0  43273-3 0  9991,2 20580  28.4675 239.2746 0002233 204.7414 155.3073 15.26144983744534
3.0,GENERATED VIA SPACE-TRACK.ORG API,2025-09-03 10:15:41+00:00,18 SPCS,HST,1990-037B,EARTH,TEME,UTC,SGP4,2025-09-03 06:41:50.250048+00:00,15.26158847,0.00021768,28.4674,235.2806,211.3015,148.7451,0,U,20580,999,74462,0.00046823574000,0.00012679,0.0000000000000,6865.445,94.355,488.804,485.815,PAYLOAD,LARGE,US,1990-04-24,AFETR,,4821572,296716705,0 HST,1 20580U 90037B   25246.27905382  .00012679  00000-0  46824-3 0  9991,2 20580  28.4674 235.2806 0002177 211.3015 148.7451 15.26158847744624
3.0,GENERATED VIA SPACE-TRACK.ORG API,2025-09-04 04:29:00+00:00,18 SPCS,HST,1990-037B,EARTH,TEME,UTC,SGP4,2025-09-03 16:06:49.604544+00:00,15.26165463,0.00021626,28.4674,232.6172,215.7972,144.2478,0,U,20580,999,74468,0.00040371146000,0.00010961,0.0000000000000,6865.425,94.354,488.775,485.805,PAYLOAD,LARGE,US,1990-04-24,AFETR,,4821716,296747559,0 HST,1 20580U 90037B   25246.67140746  .00010961  00000-0  40371-3 0  9993,2 20580  28.4674 232.6172 0002163 215.7972 144.2478 15.26165463744684
3.0,GENERATED VIA SPACE-TRACK.ORG API,2025-09-04 10:13:37+00:00,18 SPCS,HST,1990-037B,EARTH,TEME,UTC,SGP4,2025-09-04 06:14:18.344256+00:00,15.26174491,0.00021447,28.4674,228.6226,222.1583,137.8847,0,U,20580,999,74477,0.00032329566000,0.00008821,0.0000000000000,6865.398,94.354,488.735,485.790,PAYLOAD,LARGE,US,1990-04-24,AFETR,,4821752,296777764,0 HST,1 20580U 90037B   25247.25993454  .00008821  00000-0  32330-3 0  9998,2 20580  28.4674 228.6226 0002145 222.1583 137.8847 15.26174491744778
3.0,GENERATED VIA SPACE-TRACK.ORG API,2025-09-05 04:46:27+00:00,18 SPCS,HST,1990-037B,EARTH,TEME,UTC,SGP4,2025-09-04 15:39:17.321184+00:00,15.26181473,0.00021174,28.4673,225.9595,227.2369,132.8048,0,U,20580,999,74483,0.00031952708000,0.00008722,0.0000000000000,6865.377,94.353,488.696,485.788,PAYLOAD,LARGE,US,1990-04-24,AFETR,,4821832,296809339,0 HST,1 20580U 90037B   25247.65228381  .00008722  00000-0  31953-3 0  9992,2 20580  28.4673 225.9595 0002117 227.2369 132.8048 15.26181473744836
3.0,GENERATED VIA SPACE-TRACK.ORG API,2025-09-05 10:27:06+00:00,18 SPCS,HST,1990-037B,EARTH,TEME,UTC,SGP4,2025-09-05 05:46:45.501024+00:00,15.26191651,0.00021032,28.4673,221.9649,233.9038,126.1362,0,U,20580,999,74492,0.00031260613000,0.00008540,0.0000000000000,6865.346,94.353,488.655,485.768,PAYLOAD,LARGE,US,1990-04-24,AFETR,,4821894,296840065,0 HST,1 20580U 90037B   25248.24080441  .00008540  00000-0  31261-3 0  9991,2 20580  28.4673 221.9649 0002103 233.9038 126.1362 15.26191651744928
3.0,GENERATED VIA SPACE-TRACK.ORG API,2025-09-05 19:38:10+00:00,18 SPCS,HST,1990-037B,EARTH,TEME,UTC,SGP4,2025-09-05 07:20:55.280832+00:00,15.26192741,0.00020990,28.4673,221.5209,234.6919,125.3479,0,U,20580,999,74493,0.00031301347000,0.00008551,0.0000000000000,6865.343,94.352,488.649,485.767,PAYLOAD,LARGE,US,1990-04-24,AFETR,,4821945,296870980,0 HST,1 20580U 90037B   25248.30619538  .00008551  00000-0  31301-3 0  9990,2 20580  28.4673 221.5209 0002099 234.6919 125.3479 15.26192741744938
3.0,GENERATED VIA SPACE-TRACK.ORG API,2025-09-06 02:09:56+00:00,18 SPCS,HST,1990-037B,EARTH,TEME,UTC,SGP4,2025-09-05 15:11:44.120256+00:00,15.26198229,0.00020933,28.4673,219.3015,238.7134,121.3256,0,U,20580,999,74498,0.00031978575000,0.00008733,0.0000000000000,6865.327,94.352,488.629,485.755,PAYLOAD,LARGE,US,1990-04-24,AFETR,,4822005,296901330,0 HST,1 20580U 90037B   25248.63314954  .00008733  00000-0  31979-3 0  9993,2 20580  28.4673 219.3015 0002093 238.7134 121.3256 15.26198229744987
3.0,GENERATED VIA SPACE-TRACK.ORG API,2025-09-06 10:23:13+00:00,18 SPCS,HST,1990-037B,EARTH,TEME,UTC,SGP4,2025-09-06 05:19:11.773920+00:00,15.26208685,0.00020830,28.4674,215.3064,244.8290,115.2089,0,U,20580,999,74507,0.00033109483000,0.00009038,0.0000000000000,6865.295,94.351,488.590,485.730,PAYLOAD,LARGE,US,1990-04-24,AFETR,,4822049,296932092,0 HST,1 20580U 90037B   25249.22166405  .00009038  00000-0  33109-3 0  9991,2 20580  28.4674 215.3064 0002083 244.8290 115.2089 15.26208685745073
3.0,GENERATED VIA SPACE-TRACK.ORG API,2025-09-07 03:09:44+00:00,18 SPCS,HST,1990-037B,EARTH,TEME,UTC,SGP4,2025-09-06 06:53:21.493248+00:00,15.26209836,0.00020806,28.4674,214.8626,245.6303,114.4075,0,U,20580,999,74508,0.00033263640000,0.00009079,0.0000000000000,6865.292,94.351,488.585,485.729,PAYLOAD,LARGE,US,1990-04-24,AFETR,,4822078,296963205,0 HST,1 20580U 90037B   25249.28705432  .00009079  00000-0  33264-3 0  9993,2 20580  28.4674 214.8626 0002081 245.6303 114.4075 15.26209836745089
3.0,GENERATED VIA SPACE-TRACK.ORG API,2025-09-07 09:49:38+00:00,18 SPCS,HST,1990-037B,EARTH,TEME,UTC,SGP4,2025-09-07 04:51:37.138752+00:00,15.26223994,0.00020741,28.4676,208.6484,256.7198,103.3166,0,U,20580,999,74522,0.00030045924000,0.00008224,0.0000000000000,6865.249,94.351,488.538,485.691,PAYLOAD,LARGE,US,1990-04-24,AFETR,,4822108,296994453,0 HST,1 20580U 90037B   25250.20251318  .00008224  00000-0  30046-3 0  9992,2 20580  28.4676 208.6484 0002074 256.7198 103.3166 15.26223994745226
3.0,GENERATED VIA SPACE-TRACK.ORG API,2025-09-08 03:16:33+00:00,18 SPCS,HST,1990-037B,EARTH,TEME,UTC,SGP4,2025-09-07 04:51:37.138752+00:00,15.26224059,0.00020738,28.4676,208.6484,256.7295,103.3069,0,U,20580,999,74522,0.00030187180000,0.00008262,0.0000000000000,6865.249,94.350,488.538,485.691,PAYLOAD,LARGE,US,1990-04-24,AFETR,,4822130,297025058,0 HST,1 20580U 90037B   25250.20251318  .00008262  00000-0  30187-3 0  9990,2 20580  28.4676 208.6484 0002074 256.7295 103.3069 15.26224059745229
3.0,GENERATED VIA SPACE-TRACK.ORG API,2025-09-08 09:49:28+00:00,18 SPCS,HST,1990-037B,EARTH,TEME,UTC,SGP4,2025-09-08 05:58:11.224992+00:00,15.26240338,0.00020724,28.4678,201.5468,269.0890,90.9467,0,U,20580,999,74538,0.00027277703000,0.00007489,0.0000000000000,6865.200,94.349,488.488,485.643,PAYLOAD,LARGE,US,1990-04-24,AFETR,,4822176,297056318,0 HST,1 20580U 90037B   25251.24874103  .00007489  00000-0  27278-3 0  9995,2 20580  28.4678 201.5468 0002072 269.0890  90.9467 15.26240338745389
3.0,GENERATED VIA SPACE-TRACK.ORG API,2025-09-09 10:35:32+00:00,18 SPCS,HST,1990-037B,EARTH,TEME,UTC,SGP4,2025-09-09 05:30:34.965504+00:00,15.26252045,0.00021024,28.4680,194.8891,281.4478,78.5881,0,U,20580,999,74553,0.00022986679000,0.00006346,0.0000000000000,6865.165,94.349,488.474,485.587,PAYLOAD,LARGE,US,1990-04-24,AFETR,,4822351,297148458,0 HST,1 20580U 90037B   25252.22957136  .00006346  00000-0  22987-3 0  9995,2 20580  28.4680 194.8891 0002102 281.4478  78.5881 15.26252045745537
3.0,GENERATED VIA SPACE-TRACK.ORG API,2025-09-10 10:13:59+00:00,18 SPCS,HST,1990-037B,EARTH,TEME,UTC,SGP4,2025-09-10 05:02:58.058016+00:00,15.26264819,0.00021252,28.4681,188.2312,293.3571,66.6800,0,U,20580,999,74568,0.00024513245000,0.00006756,0.0000000000000,6865.127,94.348,488.451,485.533,PAYLOAD,LARGE,US,1990-04-24,AFETR,,4822583,297211005,0 HST,1 20580U 90037B   25253.21039419  .00006756  00000-0  24513-3 0  9992,2 20580  28.4681 188.2312 0002125 293.3571  66.6800 15.26264819745681
3.0,GENERATED VIA SPACE-TRACK.ORG API,2025-09-11 10:07:58+00:00,18 SPCS,HST,1990-037B,EARTH,TEME,UTC,SGP4,2025-09-11 03:01:11.078688+00:00,15.26272782,0.00021805,28.4680,182.0172,304.3836,55.6552,0,U,20580,999,74582,0.00019366446000,0.00005383,0.0000000000000,6865.103,94.347,488.465,485.471,PAYLOAD,LARGE,US,1990-04-24,AFETR,,4822732,297303183,0 HST,1 20580U 90037B   25254.12582267  .00005383  00000-0  19366-3 0  9992,2 20580  28.4680 182.0172 0002181 304.3836  55.6552 15.26272782745821
3.0,GENERATED VIA SPACE-TRACK.ORG API,2025-09-13 10:35:15+00:00,18 SPCS,HST,1990-037B,EARTH,TEME,UTC,SGP4,2025-09-13 03:40:03.828576+00:00,15.26294249,0.00022770,28.4676,168.2573,327.6672,32.3782,0,U,20580,999,74613,0.00018497860000,0.00005155,0.0000000000000,6865.039,94.346,488.467,485.341,PAYLOAD,LARGE,US,1990-04-24,AFETR,,4822946,297427037,0 HST,1 20580U 90037B   25256.15282209  .00005155  00000-0  18498-3 0  9992,2 20580  28.4676 168.2573 0002277 327.6672  32.3782 15.26294249746133
3.0,GENERATED VIA SPACE-TRACK.ORG API,2025-09-14 10:03:03+00:00,18 SPCS,HST,1990-037B,EARTH,TEME,UTC,SGP4,2025-09-14 01:38:15.258624+00:00,15.26304369,0.00023352,28.4676,162.0431,337.8451,22.2043,0,U,20580,999,74627,0.00019691396000,0.00005475,0.0000000000000,6865.008,94.346,488.477,485.270,PAYLOAD,LARGE,US,1990-04-24,AFETR,,4823016,297489593,0 HST,1 20580U 90037B   25257.06823216  .00005475  00000-0  19691-3 0  9993,2 20580  28.4676 162.0431 0002335 337.8451  22.2043 15.26304369746279
3.0,GENERATED VIA SPACE-TRACK.ORG API,2025-09-15 10:34:35+00:00,18 SPCS,HST,1990-037B,EARTH,TEME,UTC,SGP4,2025-09-14 23:36:26.185824+00:00,15.26314486,0.00023909,28.4675,155.8287,347.6375,12.4161,0,U,20580,999,74641,0.00020579855000,0.00005715,0.0000000000000,6864.978,94.345,488.484,485.202,PAYLOAD,LARGE,US,1990-04-24,AFETR,,4823105,297551181,0 HST,1 20580U 90037B   25257.98363641  .00005715  00000-0  20580-3 0  9991,2 20580  28.4675 155.8287 0002391 347.6375  12.4161 15.26314486746412
3.0,GENERATED VIA SPACE-TRACK.ORG API,2025-09-15 19:50:20+00:00,18 SPCS,HST,1990-037B,EARTH,TEME,UTC,SGP4,2025-09-15 09:01:21.926208+00:00,15.26327892,0.00024145,28.4676,153.1653,351.8347,8.2208,0,U,20580,999,74647,0.00034017711000,0.00009313,0.0000000000000,6864.938,94.344,488.460,485.145,PAYLOAD,LARGE,US,1990-04-24,AFETR,,4823181,297582422,0 HST,1 20580U 90037B   25258.37594822  .00009313  00000-0  34018-3 0  9991,2 20580  28.4676 153.1653 0002414 351.8347   8.2208 15.26327892746479
3.0,GENERATED VIA SPACE-TRACK.ORG API,2025-09-16 10:08:32+00:00,18 SPCS,HST,1990-037B,EARTH,TEME,UTC,SGP4,2025-09-16 00:42:54.995616+00:00,15.26330207,0.00024703,28.4678,148.7266,358.6989,1.3599,0,U,20580,999,74657,0.00025509774000,0.00007036,0.0000000000000,6864.931,94.344,488.492,485.100,PAYLOAD,LARGE,US,1990-04-24,AFETR,,4823280,297675846,0 HST,1 20580U 90037B   25259.02980319  .00007036  00000-0  25510-3 0  9991,2 20580  28.4678 148.7266 0002470 358.6989   1.3599 15.26330207746572
3.0,GENERATED VIA SPACE-TRACK.ORG API,2025-09-16 19:42:00+00:00,18 SPCS,HST,1990-037B,EARTH,TEME,UTC,SGP4,2025-09-16 08:33:41.327712+00:00,15.26335500,0.00024850,28.4678,146.5071,2.2490,357.8116,0,U,20580,999,74662,0.00026910873000,0.00007413,0.0000000000000,6864.915,94.344,488.486,485.074,PAYLOAD,LARGE,US,1990-04-24,AFETR,,4823320,297706540,0 HST,1 20580U 90037B   25259.35672833  .00007413  00000-0  26911-3 0  9991,2 20580  28.4678 146.5071 0002485   2.2490 357.8116 15.26335500746628
3.0,GENERATED VIA SPACE-TRACK.ORG API,2025-09-17 10:09:23+00:00,18 SPCS,HST,1990-037B,EARTH,TEME,UTC,SGP4,2025-09-17 01:49:22.983744+00:00,15.26344280,0.00025378,28.4679,141.6244,9.5089,350.5553,0,U,20580,999,74673,0.00025136014000,0.00006939,0.0000000000000,6864.889,94.343,488.496,485.012,PAYLOAD,LARGE,US,1990-04-24,AFETR,,4823413,297737963,0 HST,1 20580U 90037B   25260.07596046  .00006939  00000-0  25136-3 0  9993,2 20580  28.4679 141.6244 0002538   9.5089 350.5553 15.26344280746732
3.0,GENERATED VIA SPACE-TRACK.ORG API,2025-09-18 10:10:42+00:00,18 SPCS,HST,1990-037B,EARTH,TEME,UTC,SGP4,2025-09-18 01:21:40.985568+00:00,15.26356338,0.00025410,28.4676,134.9664,18.9937,341.0752,0,U,20580,999,74688,0.00023414693000,0.00006481,0.0000000000000,6864.853,94.342,488.462,484.973,PAYLOAD,LARGE,US,1990-04-24,AFETR,,4823606,297799625,0 HST,1 20580U 90037B   25261.05672437  .00006481  00000-0  23415-3 0  9991,2 20580  28.4676 134.9664 0002541  18.9937 341.0752 15.26356338746889
3.0,GENERATED VIA SPACE-TRACK.ORG API,2025-09-19 04:20:49+00:00,18 SPCS,HST,1990-037B,EARTH,TEME,UTC,SGP4,2025-09-18 20:11:30.924960+00:00,15.26365182,0.00025296,28.4672,129.6402,25.9301,334.1420,0,U,20580,999,74700,0.00022241294000,0.00006168,0.0000000000000,6864.826,94.342,488.428,484.955,PAYLOAD,LARGE,US,1990-04-24,AFETR,,4823679,297831361,0 HST,1 20580U 90037B   25261.84133015  .00006168  00000-0  22241-3 0  9990,2 20580  28.4672 129.6402 0002530  25.9301 334.1420 15.26365182747004
3.0,GENERATED VIA SPACE-TRACK.ORG API,2025-09-19 10:06:18+00:00,18 SPCS,HST,1990-037B,EARTH,TEME,UTC,SGP4,2025-09-18 20:11:30.924096+00:00,15.26365194,0.00025302,28.4672,129.6402,25.9320,334.1401,0,U,20580,999,74700,0.00022255852000,0.00006172,0.0000000000000,6864.826,94.342,488.428,484.954,PAYLOAD,LARGE,US,1990-04-24,AFETR,,4823771,297861773,0 HST,1 20580U 90037B   25261.84133014  .00006172  00000-0  22256-3 0  9990,2 20580  28.4672 129.6402 0002530  25.9320 334.1401 15.26365194747007
3.0,GENERATED VIA SPACE-TRACK.ORG API,2025-09-19 19:31:04+00:00,18 SPCS,HST,1990-037B,EARTH,TEME,UTC,SGP4,2025-09-19 07:10:34.895136+00:00,15.26370953,0.00026583,28.4668,126.5337,32.2442,327.8315,0,U,20580,999,74707,0.00022250070000,0.00006172,0.0000000000000,6864.809,94.341,488.499,484.849,PAYLOAD,LARGE,US,1990-04-24,AFETR,,4823778,297892925,0 HST,1 20580U 90037B   25262.29901499  .00006172  00000-0  22250-3 0  9994,2 20580  28.4668 126.5337 0002658  32.2442 327.8315 15.26370953747071
3.0,GENERATED VIA SPACE-TRACK.ORG API,2025-09-20 08:33:10+00:00,18 SPCS,HST,1990-037B,EARTH,TEME,UTC,SGP4,2025-09-19 21:17:56.868000+00:00,15.26379461,0.00027630,28.4671,122.5383,36.8967,323.1818,0,U,20580,999,74716,0.00024775969000,0.00006850,0.0000000000000,6864.783,94.341,488.545,484.752,PAYLOAD,LARGE,US,1990-04-24,AFETR,,4823855,297924321,0 HST,1 20580U 90037B   25262.88746375  .00006850  00000-0  24776-3 0  9997,2 20580  28.4671 122.5383 0002763  36.8967 323.1818 15.26379461747161
3.0,GENERATED VIA SPACE-TRACK.ORG API,2025-09-21 03:43:52+00:00,18 SPCS,HST,1990-037B,EARTH,TEME,UTC,SGP4,2025-09-20 06:42:51.361632+00:00,15.26385837,0.00027751,28.4670,119.8746,41.1984,318.8820,0,U,20580,999,74722,0.00027176583000,0.00007495,0.0000000000000,6864.764,94.340,488.534,484.724,PAYLOAD,LARGE,US,1990-04-24,AFETR,,4824003,297986479,0 HST,1 20580U 90037B   25263.27976113  .00007495  00000-0  27177-3 0  9990,2 20580  28.4670 119.8746 0002775  41.1984 318.8820 15.26385837747228
3.0,GENERATED VIA SPACE-TRACK.ORG API,2025-09-21 11:54:41+00:00,18 SPCS,HST,1990-037B,EARTH,TEME,UTC,SGP4,2025-09-21 06:15:07.041024+00:00,15.26400228,0.00027545,28.4668,113.2151,51.0610,309.0230,0,U,20580,999,74737,0.00029702485000,0.00008176,0.0000000000000,6864.721,94.340,488.477,484.695,PAYLOAD,LARGE,US,1990-04-24,AFETR,,4824053,298016869,0 HST,1 20580U 90037B   25264.26049816  .00008176  00000-0  29702-3 0  9994,2 20580  28.4668 113.2151 0002755  51.0610 309.0230 15.26400228747372
3.0,GENERATED VIA SPACE-TRACK.ORG API,2025-09-22 10:52:18+00:00,18 SPCS,HST,1990-037B,EARTH,TEME,UTC,SGP4,2025-09-22 05:47:21.796800+00:00,15.26417055,0.00027641,28.4666,106.5556,59.7750,300.3118,0,U,20580,999,74752,0.00034184655000,0.00009383,0.0000000000000,6864.671,94.339,488.433,484.638,PAYLOAD,LARGE,US,1990-04-24,AFETR,,4824121,298141275,0 HST,1 20580U 90037B   25265.24122450  .00009383  00000-0  34185-3 0  9991,2 20580  28.4666 106.5556 0002764  59.7750 300.3118 15.26417055747526
3.0,GENERATED VIA SPACE-TRACK.ORG API,2025-09-23 03:43:58+00:00,18 SPCS,HST,1990-037B,EARTH,TEME,UTC,SGP4,2025-09-22 18:20:33.262368+00:00,15.26427982,0.00027699,28.4665,103.0040,65.0646,295.0236,0,U,20580,999,74760,0.00038118991000,0.00010443,0.0000000000000,6864.638,94.338,488.404,484.601,PAYLOAD,LARGE,US,1990-04-24,AFETR,,4824189,298203847,0 HST,1 20580U 90037B   25265.76427387  .00010443  00000-0  38119-3 0  9995,2 20580  28.4665 103.0040 0002770  65.0646 295.0236 15.26427982747606
3.0,GENERATED VIA SPACE-TRACK.ORG API,2025-09-23 17:32:54+00:00,18 SPCS,HST,1990-037B,EARTH,TEME,UTC,SGP4,2025-09-23 05:19:35.482080+00:00,15.26439121,0.00028040,28.4663,99.8957,68.8823,291.2072,0,U,20580,999,74767,0.00042971017000,0.00011751,0.0000000000000,6864.604,94.337,488.394,484.545,PAYLOAD,LARGE,US,1990-04-24,AFETR,,4824200,298235360,0 HST,1 20580U 90037B   25266.22193845  .00011751  00000-0  42971-3 0  9990,2 20580  28.4663  99.8957 0002804  68.8823 291.2072 15.26439121747670
3.0,GENERATED VIA SPACE-TRACK.ORG API,2025-09-24 02:44:45+00:00,18 SPCS,HST,1990-037B,EARTH,TEME,UTC,SGP4,2025-09-23 19:26:55.084992+00:00,15.26452188,0.00028005,28.4664,95.8997,74.4414,285.6490,0,U,20580,999,74776,0.00043245460000,0.00011830,0.0000000000000,6864.565,94.336,488.353,484.508,PAYLOAD,LARGE,US,1990-04-24,AFETR,,4824270,298297120,0 HST,1 20580U 90037B   25266.81035978  .00011830  00000-0  43245-3 0  9990,2 20580  28.4664  95.8997 0002800  74.4414 285.6490 15.26452188747765
3.0,GENERATED VIA SPACE-TRACK.ORG API,2025-09-24 10:28:35+00:00,18 SPCS,HST,1990-037B,EARTH,TEME,UTC,SGP4,2025-09-24 04:51:47.927520+00:00,15.26459178,0.00027704,28.4657,93.2358,77.0094,283.0810,0,U,20580,999,74782,0.00039935430000,0.00010942,0.0000000000000,6864.544,94.336,488.311,484.508,PAYLOAD,LARGE,US,1990-04-24,AFETR,,4824357,298328087,0 HST,1 20580U 90037B   25267.20263805  .00010942  00000-0  39935-3 0  9990,2 20580  28.4657  93.2358 0002770  77.0094 283.0810 15.26459178747820
3.0,GENERATED VIA SPACE-TRACK.ORG API,2025-09-25 03:43:41+00:00,18 SPCS,HST,1990-037B,EARTH,TEME,UTC,SGP4,2025-09-24 14:16:40.598112+00:00,15.26466901,0.00027867,28.4660,90.5714,80.9986,279.0924,0,U,20580,999,74788,0.00038386879000,0.00010528,0.0000000000000,6864.521,94.335,488.299,484.473,PAYLOAD,LARGE,US,1990-04-24,AFETR,,4824422,298359357,0 HST,1 20580U 90037B   25267.59491433  .00010528  00000-0  38387-3 0  9992,2 20580  28.4660  90.5714 0002787  80.9986 279.0924 15.26466901747880
3.0,GENERATED VIA SPACE-TRACK.ORG API,2025-09-26 03:45:41+00:00,18 SPCS,HST,1990-037B,EARTH,TEME,UTC,SGP4,2025-09-25 20:05:25.986048+00:00,15.26496069,0.00027607,28.4665,82.1353,92.1789,267.9121,0,U,20580,999,74807,0.00043310019000,0.00011863,0.0000000000000,6864.434,94.334,488.194,484.404,PAYLOAD,LARGE,US,1990-04-24,AFETR,,4824533,298421091,0 HST,1 20580U 90037B   25268.83710632  .00011863  00000-0  43310-3 0  9990,2 20580  28.4665  82.1353 0002761  92.1789 267.9121 15.26496069748074
3.0,GENERATED VIA SPACE-TRACK.ORG API,2025-09-26 10:05:26+00:00,18 SPCS,HST,1990-037B,EARTH,TEME,UTC,SGP4,2025-09-26 03:56:09.252672+00:00,15.26502301,0.00027563,28.4674,79.9171,96.0742,264.0167,0,U,20580,999,74812,0.00040219312000,0.00011032,0.0000000000000,6864.415,94.333,488.172,484.388,PAYLOAD,LARGE,US,1990-04-24,AFETR,,4824534,298451965,0 HST,1 20580U 90037B   25269.16399598  .00011032  00000-0  40219-3 0  9994,2 20580  28.4674  79.9171 0002756  96.0742 264.0167 15.26502301748123
3.0,GENERATED VIA SPACE-TRACK.ORG API,2025-09-26 18:06:36+00:00,18 SPCS,HST,1990-037B,EARTH,TEME,UTC,SGP4,2025-09-26 03:56:09.251808+00:00,15.26502304,0.00027560,28.4674,79.9171,96.0768,264.0141,0,U,20580,999,74812,0.00040227000000,0.00011034,0.0000000000000,6864.415,94.333,488.172,484.388,PAYLOAD,LARGE,US,1990-04-24,AFETR,,4824604,298480249,0 HST,1 20580U 90037B   25269.16399597  .00011034  00000-0  40227-3 0  9994,2 20580  28.4674  79.9171 0002756  96.0768 264.0141 15.26502304748126
3.0,GENERATED VIA SPACE-TRACK.ORG API,2025-09-27 02:24:26+00:00,18 SPCS,HST,1990-037B,EARTH,TEME,UTC,SGP4,2025-09-26 18:03:26.737056+00:00,15.26513054,0.00027003,28.4680,75.9211,101.7078,258.3820,0,U,20580,999,74821,0.00037480751000,0.00010298,0.0000000000000,6864.383,94.333,488.101,484.394,PAYLOAD,LARGE,US,1990-04-24,AFETR,,4824809,298490064,0 HST,1 20580U 90037B   25269.75239279  .00010298  00000-0  37481-3 0  9998,2 20580  28.4680  75.9211 0002700 101.7078 258.3820 15.26513054748215
3.0,GENERATED VIA SPACE-TRACK.ORG API,2025-09-27 19:49:52+00:00,18 SPCS,HST,1990-037B,EARTH,TEME,UTC,SGP4,2025-09-27 11:19:00.893568+00:00,15.26528656,0.00026833,28.4682,71.0373,108.4728,251.6158,0,U,20580,999,74832,0.00038376071000,0.00010544,0.0000000000000,6864.336,94.332,488.043,484.359,PAYLOAD,LARGE,US,1990-04-24,AFETR,,4824899,298552322,0 HST,1 20580U 90037B   25270.47153812  .00010544  00000-0  38376-3 0  9995,2 20580  28.4682  71.0373 0002683 108.4728 251.6158 15.26528656748325
3.0,GENERATED VIA SPACE-TRACK.ORG API,2025-09-28 04:05:56+00:00,18 SPCS,HST,1990-037B,EARTH,TEME,UTC,SGP4,2025-09-27 14:27:17.943264+00:00,15.26531087,0.00026692,28.4683,70.1493,109.6281,250.4602,0,U,20580,999,74834,0.00037646607000,0.00010348,0.0000000000000,6864.329,94.332,488.026,484.361,PAYLOAD,LARGE,US,1990-04-24,AFETR,,4824924,298583267,0 HST,1 20580U 90037B   25270.60229101  .00010348  00000-0  37647-3 0  9997,2 20580  28.4683  70.1493 0002669 109.6281 250.4602 15.26531087748345
3.0,GENERATED VIA SPACE-TRACK.ORG API,2025-09-29 03:46:59+00:00,18 SPCS,HST,1990-037B,EARTH,TEME,UTC,SGP4,2025-09-28 18:41:50.380512+00:00,15.26559283,0.00026150,28.4687,62.1579,120.7531,239.3322,0,U,20580,999,74852,0.00044714643000,0.00012264,0.0000000000000,6864.244,94.330,487.904,484.314,PAYLOAD,LARGE,US,1990-04-24,AFETR,,4825005,298645525,0 HST,1 20580U 90037B   25271.77905533  .00012264  00000-0  44715-3 0  9999,2 20580  28.4687  62.1579 0002615 120.7531 239.3322 15.26559283748521
3.0,GENERATED VIA SPACE-TRACK.ORG API,2025-09-29 10:14:38+00:00,18 SPCS,HST,1990-037B,EARTH,TEME,UTC,SGP4,2025-09-28 18:41:50.368416+00:00,15.26559943,0.00026153,28.4687,62.1579,120.7705,239.3148,0,U,20580,999,74852,0.00046110044000,0.00012641,0.0000000000000,6864.242,94.330,487.902,484.312,PAYLOAD,LARGE,US,1990-04-24,AFETR,,4825035,298675980,0 HST,1 20580U 90037B   25271.77905519  .00012641  00000-0  46110-3 0  9993,2 20580  28.4687  62.1579 0002615 120.7705 239.3148 15.26559943748523
3.0,GENERATED VIA SPACE-TRACK.ORG API,2025-09-30 03:31:26+00:00,18 SPCS,HST,1990-037B,EARTH,TEME,UTC,SGP4,2025-09-29 11:57:22.550688+00:00,15.26579457,0.00025726,28.4688,57.2739,127.4251,232.6578,0,U,20580,999,74863,0.00049866520000,0.00013663,0.0000000000000,6864.184,94.329,487.815,484.283,PAYLOAD,LARGE,US,1990-04-24,AFETR,,4825701,298720403,0 HST,1 20580U 90037B   25272.49817767  .00013663  00000-0  49867-3 0  9997,2 20580  28.4688  57.2739 0002573 127.4251 232.6578 15.26579457748637
3.0,GENERATED VIA SPACE-TRACK.ORG API,2025-09-30 07:46:20+00:00,18 SPCS,HST,1990-037B,EARTH,TEME,UTC,SGP4,2025-09-30 02:04:37.309152+00:00,15.26595143,0.00025770,28.4690,53.2777,134.1978,225.8828,0,U,20580,999,74872,0.00046368000000,0.00012724,0.0000000000000,6864.137,94.328,487.771,484.233,PAYLOAD,LARGE,US,1990-04-24,AFETR,,4826007,298754267,0 HST,1 20580U 90037B   25273.08654293  .00012724  00000-0  46368-3 0  9996,2 20580  28.4690  53.2777 0002577 134.1978 225.8828 15.26595143748725
3.0,GENERATED VIA SPACE-TRACK.ORG API,2025-09-30 10:14:30+00:00,18 SPCS,HST,1990-037B,EARTH,TEME,UTC,SGP4,2025-09-30 02:04:37.309152+00:00,15.26595143,0.00025771,28.4690,53.2777,134.1979,225.8828,0,U,20580,999,74872,0.00046367795000,0.00012724,0.0000000000000,6864.137,94.328,487.771,484.233,PAYLOAD,LARGE,US,1990-04-24,AFETR,,4826338,298766038,0 HST,1 20580U 90037B   25273.08654293  .00012724  00000-0  46368-3 0  9996,2 20580  28.4690  53.2777 0002577 134.1979 225.8828 15.26595143748726
3.0,GENERATED VIA SPACE-TRACK.ORG API,2025-09-30 14:56:22+00:00,18 SPCS,HST,1990-037B,EARTH,TEME,UTC,SGP4,2025-09-30 11:29:26.753568+00:00,15.26611272,0.00025330,28.4691,50.6136,137.9646,222.1144,0,U,20580,999,74878,0.00057150000000,0.00015646,0.0000000000000,6864.088,94.327,487.692,484.215,PAYLOAD,LARGE,US,1990-04-24,AFETR,,4826645,298798460,0 HST,1 20580U 90037B   25273.47878187  .00015646  00000-0  57150-3 0  9996,2 20580  28.4691  50.6136 0002533 137.9646 222.1144 15.26611272748780
3.0,GENERATED VIA SPACE-TRACK.ORG API,2025-09-30 17:43:47+00:00,18 SPCS,HST,1990-037B,EARTH,TEME,UTC,SGP4,2025-09-30 11:29:26.754432+00:00,15.26611272,0.00025330,28.4691,50.6136,137.9646,222.1144,0,U,20580,999,74878,0.00057150254000,0.00015646,0.0000000000000,6864.088,94.327,487.692,484.215,PAYLOAD,LARGE,US,1990-04-24,AFETR,,4827030,298812584,0 HST,1 20580U 90037B   25273.47878188  .00015646  00000-0  57150-3 0  9997,2 20580  28.4691  50.6136 0002533 137.9646 222.1144 15.26611272748780
3.0,GENERATED VIA SPACE-TRACK.ORG API,2025-09-30 22:36:23+00:00,18 SPCS,HST,1990-037B,EARTH,TEME,UTC,SGP4,2025-09-30 16:11:51.410112+00:00,15.26616619,0.00025360,28.4691,49.2818,138.8378,221.2409,0,U,20580,999,74881,0.00055638000000,0.00015239,0.0000000000000,6864.072,94.326,487.678,484.197,PAYLOAD,LARGE,US,1990-04-24,AFETR,,4827336,298845840,0 HST,1 20580U 90037B   25273.67490058  .00015239  00000-0  55638-3 0  9992,2 20580  28.4691  49.2818 0002536 138.8378 221.2409 15.26616619748814
3.0,GENERATED VIA SPACE-TRACK.ORG API,2025-10-01 07:46:38+00:00,18 SPCS,HST,1990-037B,EARTH,TEME,UTC,SGP4,2025-10-01 01:36:40.436352+00:00,15.26629054,0.00025350,28.4691,46.6178,142.6464,217.4307,0,U,20580,999,74887,0.00051294000000,0.00014070,0.0000000000000,6864.035,94.325,487.640,484.160,PAYLOAD,LARGE,US,1990-04-24,AFETR,,4828102,298861797,0 HST,1 20580U 90037B   25274.06713468  .00014070  00000-0  51294-3 0  9995,2 20580  28.4691  46.6178 0002535 142.6464 217.4307 15.26629054748879
3.0,GENERATED VIA SPACE-TRACK.ORG API,2025-10-01 14:46:21+00:00,18 SPCS,HST,1990-037B,EARTH,TEME,UTC,SGP4,2025-10-01 11:01:29.173152+00:00,15.26642615,0.00024860,28.4691,43.9536,146.3211,213.7542,0,U,20580,999,74893,0.00053456000000,0.00014660,0.0000000000000,6863.994,94.325,487.566,484.153,PAYLOAD,LARGE,US,1990-04-24,AFETR,,4828819,298908547,0 HST,1 20580U 90037B   25274.45936543  .00014660  00000-0  53456-3 0  9996,2 20580  28.4691  43.9536 0002486 146.3211 213.7542 15.26642615748938
3.0,GENERATED VIA SPACE-TRACK.ORG API,2025-10-01 22:36:21+00:00,18 SPCS,HST,1990-037B,EARTH,TEME,UTC,SGP4,2025-10-01 15:43:53.461632+00:00,15.26647889,0.00024780,28.4693,42.6217,148.2812,211.7933,0,U,20580,999,74896,0.00052315000000,0.00014354,0.0000000000000,6863.979,94.324,487.544,484.143,PAYLOAD,LARGE,US,1990-04-24,AFETR,,4829480,298924451,0 HST,1 20580U 90037B   25274.65547988  .00014354  00000-0  52315-3 0  9992,2 20580  28.4693  42.6217 0002478 148.2812 211.7933 15.26647889748964
3.0,GENERATED VIA SPACE-TRACK.ORG API,2025-10-02 03:26:56+00:00,18 SPCS,HST,1990-037B,EARTH,TEME,UTC,SGP4,2025-10-01 15:43:53.462496+00:00,15.26647889,0.00024785,28.4693,42.6217,148.2812,211.7933,0,U,20580,999,74896,0.00052314597000,0.00014354,0.0000000000000,6863.979,94.324,487.545,484.142,PAYLOAD,LARGE,US,1990-04-24,AFETR,,4829844,298937222,0 HST,1 20580U 90037B   25274.65547989  .00014354  00000-0  52315-3 0  9993,2 20580  28.4693  42.6217 0002478 148.2812 211.7933 15.26647889748964
3.0,GENERATED VIA SPACE-TRACK.ORG API,2025-10-02 07:06:36+00:00,18 SPCS,HST,1990-037B,EARTH,TEME,UTC,SGP4,2025-10-02 01:08:41.800992+00:00,15.26660942,0.00024670,28.4693,39.9574,151.9892,208.0836,0,U,20580,999,74902,0.00053426000000,0.00014660,0.0000000000000,6863.939,94.323,487.498,484.111,PAYLOAD,LARGE,US,1990-04-24,AFETR,,4830178,298971730,0 HST,1 20580U 90037B   25275.04770603  .00014660  00000-0  53426-3 0  9992,2 20580  28.4693  39.9574 0002467 151.9892 208.0836 15.26660942749020
3.0,GENERATED VIA SPACE-TRACK.ORG API,2025-10-02 20:40:47+00:00,18 SPCS,HST,1990-037B,EARTH,TEME,UTC,SGP4,2025-10-02 15:15:53.875008+00:00,15.26677300,0.00024196,28.4692,35.9607,158.0119,202.0580,0,U,20580,999,74911,0.00053183054000,0.00014602,0.0000000000000,6863.890,94.322,487.416,484.095,PAYLOAD,LARGE,US,1990-04-24,AFETR,,4830696,298988672,0 HST,1 20580U 90037B   25275.63604022  .00014602  00000-0  53183-3 0  9994,2 20580  28.4692  35.9607 0002420 158.0119 202.0580 15.26677300749117
3.0,GENERATED VIA SPACE-TRACK.ORG API,2025-10-03 18:13:58+00:00,18 SPCS,HST,1990-037B,EARTH,TEME,UTC,SGP4,2025-10-03 14:47:52.797120+00:00,15.26702940,0.00023464,28.4693,29.3001,167.6788,192.3864,0,U,20580,999,74926,0.00048028267000,0.00013215,0.0000000000000,6863.814,94.321,487.289,484.068,PAYLOAD,LARGE,US,1990-04-24,AFETR,,4831630,299102145,0 HST,1 20580U 90037B   25276.61658330  .00013215  00000-0  48028-3 0  9995,2 20580  28.4693  29.3001 0002346 167.6788 192.3864 15.26702940749269
3.0,GENERATED VIA SPACE-TRACK.ORG API,2025-10-04 23:36:31+00:00,18 SPCS,HST,1990-037B,EARTH,TEME,UTC,SGP4,2025-10-04 14:19:50.423232+00:00,15.26724800,0.00022620,28.4695,22.6401,177.3254,182.7353,0,U,20580,999,74941,0.00041795000000,0.00011533,0.0000000000000,6863.748,94.320,487.166,484.060,PAYLOAD,LARGE,US,1990-04-24,AFETR,,4832593,299145346,0 HST,1 20580U 90037B   25277.59711138  .00011533  00000-0  41795-3 0  9994,2 20580  28.4695  22.6401 0002262 177.3254 182.7353 15.26724800749416
3.0,GENERATED VIA SPACE-TRACK.ORG API,2025-10-05 07:36:26+00:00,18 SPCS,HST,1990-037B,EARTH,TEME,UTC,SGP4,2025-10-04 14:19:50.416320+00:00,15.26725068,0.00022630,28.4695,22.6401,177.3027,182.7581,0,U,20580,999,74941,0.00042225000000,0.00011650,0.0000000000000,6863.747,94.320,487.166,484.059,PAYLOAD,LARGE,US,1990-04-24,AFETR,,4833496,299165385,0 HST,1 20580U 90037B   25277.59711130  .00011650  00000-0  42225-3 0  9995,2 20580  28.4695  22.6401 0002263 177.3027 182.7581 15.26725068749415
3.0,GENERATED VIA SPACE-TRACK.ORG API,2025-10-05 14:46:20+00:00,18 SPCS,HST,1990-037B,EARTH,TEME,UTC,SGP4,2025-10-05 07:35:15.931968+00:00,15.26738859,0.00022030,28.4695,17.7556,184.7489,175.3085,0,U,20580,999,74952,0.00034968000000,0.00009686,0.0000000000000,6863.706,94.319,487.083,484.059,PAYLOAD,LARGE,US,1990-04-24,AFETR,,4834105,299179742,0 HST,1 20580U 90037B   25278.31615662  .00009686  00000-0  34968-3 0  9990,2 20580  28.4695  17.7556 0002203 184.7489 175.3085 15.26738859749520
3.0,GENERATED VIA SPACE-TRACK.ORG API,2025-10-06 07:36:42+00:00,18 SPCS,HST,1990-037B,EARTH,TEME,UTC,SGP4,2025-10-05 23:16:33.159072+00:00,15.26751697,0.00021640,28.4697,13.3151,191.8018,168.2526,0,U,20580,999,74962,0.00033425000000,0.00009271,0.0000000000000,6863.667,94.318,487.018,484.047,PAYLOAD,LARGE,US,1990-04-24,AFETR,,4835056,299197779,0 HST,1 20580U 90037B   25278.96982823  .00009271  00000-0  33425-3 0  9994,2 20580  28.4697  13.3151 0002164 191.8018 168.2526 15.26751697749625
3.0,GENERATED VIA SPACE-TRACK.ORG API,2025-10-06 15:16:25+00:00,18 SPCS,HST,1990-037B,EARTH,TEME,UTC,SGP4,2025-10-06 08:41:19.284000+00:00,15.26758059,0.00021150,28.4698,10.6510,196.3436,163.7091,0,U,20580,999,74968,0.00029911000000,0.00008320,0.0000000000000,6863.648,94.317,486.965,484.062,PAYLOAD,LARGE,US,1990-04-24,AFETR,,4835888,299216667,0 HST,1 20580U 90037B   25279.36202875  .00008320  00000-0  29911-3 0  9990,2 20580  28.4698  10.6510 0002115 196.3436 163.7091 15.26758059749687
3.0,GENERATED VIA SPACE-TRACK.ORG API,2025-10-06 19:15:26+00:00,18 SPCS,HST,1990-037B,EARTH,TEME,UTC,SGP4,2025-10-06 13:23:42.302400+00:00,15.26761411,0.00021128,28.4698,9.3188,198.5954,161.4564,0,U,20580,999,74971,0.00031236754000,0.00008680,0.0000000000000,6863.638,94.317,486.954,484.053,PAYLOAD,LARGE,US,1990-04-24,AFETR,,4836314,299231214,0 HST,1 20580U 90037B   25279.55812850  .00008680  00000-0  31237-3 0  9994,2 20580  28.4698   9.3188 0002113 198.5954 161.4564 15.26761411749710
3.0,GENERATED VIA SPACE-TRACK.ORG API,2025-10-07 04:22:25+00:00,18 SPCS,HST,1990-037B,EARTH,TEME,UTC,SGP4,2025-10-06 22:48:28.215648+00:00,15.26769502,0.00020814,28.4699,6.6546,203.0304,157.0198,0,U,20580,999,74977,0.00034124520000,0.00009466,0.0000000000000,6863.614,94.317,486.908,484.050,PAYLOAD,LARGE,US,1990-04-24,AFETR,,4836352,299262695,0 HST,1 20580U 90037B   25279.95032657  .00009466  00000-0  34125-3 0  9999,2 20580  28.4699   6.6546 0002081 203.0304 157.0198 15.26769502749773
3.0,GENERATED VIA SPACE-TRACK.ORG API,2025-10-07 11:10:06+00:00,18 SPCS,HST,1990-037B,EARTH,TEME,UTC,SGP4,2025-10-07 06:39:06.364800+00:00,15.26774759,0.00020702,28.4699,4.4343,206.5521,153.4968,0,U,20580,999,74982,0.00033139955000,0.00009200,0.0000000000000,6863.598,94.316,486.884,484.042,PAYLOAD,LARGE,US,1990-04-24,AFETR,,4836423,299293656,0 HST,1 20580U 90037B   25280.27715700  .00009200  00000-0  33140-3 0  9995,2 20580  28.4699   4.4343 0002070 206.5521 153.4968 15.26774759749822
3.0,GENERATED VIA SPACE-TRACK.ORG API,2025-10-07 17:38:49+00:00,18 SPCS,HST,1990-037B,EARTH,TEME,UTC,SGP4,2025-10-07 12:55:36.798240+00:00,15.26779929,0.00020492,28.4700,2.6581,209.2356,150.8125,0,U,20580,999,74986,0.00034005310000,0.00009437,0.0000000000000,6863.583,94.316,486.854,484.041,PAYLOAD,LARGE,US,1990-04-24,AFETR,,4836461,299324410,0 HST,1 20580U 90037B   25280.53862035  .00009437  00000-0  34005-3 0  9991,2 20580  28.4700   2.6581 0002049 209.2356 150.8125 15.26779929749865
3.0,GENERATED VIA SPACE-TRACK.ORG API,2025-10-08 03:17:49+00:00,18 SPCS,HST,1990-037B,EARTH,TEME,UTC,SGP4,2025-10-07 22:20:22.272576+00:00,15.26789345,0.00020122,28.4701,359.9939,214.2686,145.7779,0,U,20580,999,74992,0.00038819093000,0.00010747,0.0000000000000,6863.555,94.316,486.801,484.039,PAYLOAD,LARGE,US,1990-04-24,AFETR,,4836982,299367019,0 HST,1 20580U 90037B   25280.93081334  .00010747  00000-0  38819-3 0  9993,2 20580  28.4701 359.9939 0002012 214.2686 145.7779 15.26789345749921
3.0,GENERATED VIA SPACE-TRACK.ORG API,2025-10-08 06:56:21+00:00,18 SPCS,HST,1990-037B,EARTH,TEME,UTC,SGP4,2025-10-07 22:20:22.271712+00:00,15.26789345,0.00020120,28.4701,359.9939,214.2686,145.7779,0,U,20580,999,74992,0.00038819000000,0.00010747,0.0000000000000,6863.555,94.316,486.801,484.039,PAYLOAD,LARGE,US,1990-04-24,AFETR,,4837276,299401030,0 HST,1 20580U 90037B   25280.93081333  .00010747  00000-0  38819-3 0  9992,2 20580  28.4701 359.9939 0002012 214.2686 145.7779 15.26789345749921
3.0,GENERATED VIA SPACE-TRACK.ORG API,2025-10-08 10:51:44+00:00,18 SPCS,HST,1990-037B,EARTH,TEME,UTC,SGP4,2025-10-08 07:45:07.597440+00:00,15.26796232,0.00019949,28.4701,357.3295,218.4879,141.5573,0,U,20580,999,74998,0.00036812737000,0.00010204,0.0000000000000,6863.534,94.315,486.768,484.030,PAYLOAD,LARGE,US,1990-04-24,AFETR,,4837766,299416051,0 HST,1 20580U 90037B   25281.32300460  .00010204  00000-0  36813-3 0  9991,2 20580  28.4701 357.3295 0001995 218.4879 141.5573 15.26796232749982
3.0,GENERATED VIA SPACE-TRACK.ORG API,2025-10-08 15:06:18+00:00,18 SPCS,HST,1990-037B,EARTH,TEME,UTC,SGP4,2025-10-08 12:27:30.184704+00:00,15.26800451,0.00019680,28.4701,355.9976,220.9259,139.1188,0,U,20580,999,75001,0.00037089000000,0.00010280,0.0000000000000,6863.521,94.315,486.737,484.036,PAYLOAD,LARGE,US,1990-04-24,AFETR,,4838457,299459808,0 HST,1 20580U 90037B   25281.51909936  .00010280  00000-0  37089-3 0  9995,2 20580  28.4701 355.9976 0001968 220.9259 139.1188 15.26800451750012
3.0,GENERATED VIA SPACE-TRACK.ORG API,2025-10-08 18:21:37+00:00,18 SPCS,HST,1990-037B,EARTH,TEME,UTC,SGP4,2025-10-08 12:27:30.185568+00:00,15.26800452,0.00019677,28.4701,355.9976,220.9260,139.1188,0,U,20580,999,75001,0.00037089159000,0.00010280,0.0000000000000,6863.521,94.315,486.737,484.036,PAYLOAD,LARGE,US,1990-04-24,AFETR,,4838580,299467315,0 HST,1 20580U 90037B   25281.51909937  .00010280  00000-0  37089-3 0  9996,2 20580  28.4701 355.9976 0001968 220.9260 139.1188 15.26800452750015
3.0,GENERATED VIA SPACE-TRACK.ORG API,2025-10-09 02:29:47+00:00,18 SPCS,HST,1990-037B,EARTH,TEME,UTC,SGP4,2025-10-08 21:52:15.222720+00:00,15.26808232,0.00019355,28.4702,353.3333,226.2243,133.8192,0,U,20580,999,75007,0.00036458915000,0.00010111,0.0000000000000,6863.498,94.314,486.691,484.035,PAYLOAD,LARGE,US,1990-04-24,AFETR,,4839045,299509037,0 HST,1 20580U 90037B   25281.91128730  .00010111  00000-0  36459-3 0  9997,2 20580  28.4702 353.3333 0001935 226.2243 133.8192 15.26808232750075
3.0,GENERATED VIA SPACE-TRACK.ORG API,2025-10-09 07:06:38+00:00,18 SPCS,HST,1990-037B,EARTH,TEME,UTC,SGP4,2025-10-08 21:52:15.221856+00:00,15.26808232,0.00019350,28.4702,353.3333,226.2242,133.8193,0,U,20580,999,75007,0.00036459000000,0.00010111,0.0000000000000,6863.498,94.314,486.691,484.035,PAYLOAD,LARGE,US,1990-04-24,AFETR,,4839383,299542899,0 HST,1 20580U 90037B   25281.91128729  .00010111  00000-0  36459-3 0  9995,2 20580  28.4702 353.3333 0001935 226.2242 133.8193 15.26808232750075
3.0,GENERATED VIA SPACE-TRACK.ORG API,2025-10-09 11:55:26+00:00,18 SPCS,HST,1990-037B,EARTH,TEME,UTC,SGP4,2025-10-09 07:17:00.121632+00:00,15.26813916,0.00019245,28.4701,350.6689,230.5535,129.4890,0,U,20580,999,75013,0.00031254322000,0.00008699,0.0000000000000,6863.481,94.314,486.667,484.025,PAYLOAD,LARGE,US,1990-04-24,AFETR,,4839836,299558443,0 HST,1 20580U 90037B   25282.30347363  .00008699  00000-0  31254-3 0  9992,2 20580  28.4701 350.6689 0001925 230.5535 129.4890 15.26813916750137
3.0,GENERATED VIA SPACE-TRACK.ORG API,2025-10-09 17:43:15+00:00,18 SPCS,HST,1990-037B,EARTH,TEME,UTC,SGP4,2025-10-09 11:59:22.513632+00:00,15.26817606,0.00019017,28.4701,349.3369,232.9775,127.0646,0,U,20580,999,75016,0.00030904667000,0.00008605,0.0000000000000,6863.470,94.314,486.640,484.030,PAYLOAD,LARGE,US,1990-04-24,AFETR,,4839856,299590305,0 HST,1 20580U 90037B   25282.49956613  .00008605  00000-0  30905-3 0  9995,2 20580  28.4701 349.3369 0001902 232.9775 127.0646 15.26817606750160
3.0,GENERATED VIA SPACE-TRACK.ORG API,2025-10-09 21:26:20+00:00,18 SPCS,HST,1990-037B,EARTH,TEME,UTC,SGP4,2025-10-09 11:59:22.512768+00:00,15.26817606,0.00019020,28.4701,349.3369,232.9775,127.0646,0,U,20580,999,75016,0.00030905000000,0.00008605,0.0000000000000,6863.470,94.314,486.640,484.029,PAYLOAD,,,,,,4840124,299622981,0 HST,1 20580U 90037B   25282.49956612  .00008605  00000-0  30905-3 0  9994,2 20580  28.4701 349.3369 0001902 232.9775 127.0646 15.26817606750160
3.0,GENERATED VIA SPACE-TRACK.ORG API,2025-10-10 06:46:21+00:00,18 SPCS,HST,1990-037B,EARTH,TEME,UTC,SGP4,2025-10-10 05:14:44.313216+00:00,15.26830085,0.00018660,28.4701,344.4523,242.3232,117.7174,0,U,20580,999,75027,0.00030720000000,0.00008557,0.0000000000000,6863.433,94.313,486.578,484.017,PAYLOAD,LARGE,US,1990-04-24,AFETR,,4841216,299679924,0 HST,1 20580U 90037B   25283.21856844  .00008557  00000-0  30720-3 0  9992,2 20580  28.4701 344.4523 0001866 242.3232 117.7174 15.26830085750270
3.0,GENERATED VIA SPACE-TRACK.ORG API,2025-10-10 11:05:40+00:00,18 SPCS,HST,1990-037B,EARTH,TEME,UTC,SGP4,2025-10-10 06:48:51.725664+00:00,15.26831166,0.00018623,28.4701,344.0082,243.0254,117.0151,0,U,20580,999,75028,0.00030482012000,0.00008493,0.0000000000000,6863.429,94.313,486.572,484.016,PAYLOAD,LARGE,US,1990-04-24,AFETR,,4841636,299693696,0 HST,1 20580U 90037B   25283.28393201  .00008493  00000-0  30482-3 0  9996,2 20580  28.4701 344.0082 0001862 243.0254 117.0151 15.26831166750284
3.0,GENERATED VIA SPACE-TRACK.ORG API,2025-10-10 15:56:43+00:00,18 SPCS,HST,1990-037B,EARTH,TEME,UTC,SGP4,2025-10-10 06:48:51.728256+00:00,15.26831139,0.00018620,28.4701,344.0082,243.0249,117.0155,0,U,20580,999,75028,0.00030517000000,0.00008503,0.0000000000000,6863.429,94.313,486.572,484.016,PAYLOAD,LARGE,US,1990-04-24,AFETR,,4841991,299727946,0 HST,1 20580U 90037B   25283.28393204  .00008503  00000-0  30517-3 0  9990,2 20580  28.4701 344.0082 0001862 243.0249 117.0155 15.26831139750282
3.0,GENERATED VIA SPACE-TRACK.ORG API,2025-10-11 02:58:56+00:00,18 SPCS,HST,1990-037B,EARTH,TEME,UTC,SGP4,2025-10-10 20:55:58.265760+00:00,15.26840056,0.00018327,28.4701,340.0115,250.8792,109.1605,0,U,20580,999,75037,0.00028736523000,0.00008021,0.0000000000000,6863.403,94.312,486.526,484.010,PAYLOAD,LARGE,US,1990-04-24,AFETR,,4843180,299759201,0 HST,1 20580U 90037B   25283.87220215  .00008021  00000-0  28737-3 0  9992,2 20580  28.4701 340.0115 0001833 250.8792 109.1605 15.26840056750372
3.0,GENERATED VIA SPACE-TRACK.ORG API,2025-10-11 07:46:21+00:00,18 SPCS,HST,1990-037B,EARTH,TEME,UTC,SGP4,2025-10-11 04:46:35.105088+00:00,15.26845566,0.00018190,28.4700,337.7912,254.6227,105.4167,0,U,20580,999,75042,0.00029419000000,0.00008208,0.0000000000000,6863.386,94.312,486.500,484.003,PAYLOAD,LARGE,US,1990-04-24,AFETR,,4843504,299793193,0 HST,1 20580U 90037B   25284.19901742  .00008208  00000-0  29419-3 0  9994,2 20580  28.4700 337.7912 0001819 254.6227 105.4167 15.26845566750427
3.0,GENERATED VIA SPACE-TRACK.ORG API,2025-10-11 10:47:38+00:00,18 SPCS,HST,1990-037B,EARTH,TEME,UTC,SGP4,2025-10-11 06:20:42.458784+00:00,15.26846741,0.00018154,28.4700,337.3471,255.3563,104.6831,0,U,20580,999,75043,0.00029437184000,0.00008213,0.0000000000000,6863.383,94.312,486.494,484.002,PAYLOAD,LARGE,US,1990-04-24,AFETR,,4843990,299809401,0 HST,1 20580U 90037B   25284.26438031  .00008213  00000-0  29437-3 0  9994,2 20580  28.4700 337.3471 0001815 255.3563 104.6831 15.26846741750436
3.0,GENERATED VIA SPACE-TRACK.ORG API,2025-10-12 03:37:44+00:00,18 SPCS,HST,1990-037B,EARTH,TEME,UTC,SGP4,2025-10-11 11:03:04.496544+00:00,15.26850212,0.00018020,28.4700,336.0149,257.9319,102.1074,0,U,20580,999,75046,0.00029794611000,0.00008311,0.0000000000000,6863.372,94.312,486.474,484.000,PAYLOAD,LARGE,US,1990-04-24,AFETR,,4844080,299840816,0 HST,1 20580U 90037B   25284.46046871  .00008311  00000-0  29795-3 0  9999,2 20580  28.4700 336.0149 0001802 257.9319 102.1074 15.26850212750460
3.0,GENERATED VIA SPACE-TRACK.ORG API,2025-10-12 10:10:24+00:00,18 SPCS,HST,1990-037B,EARTH,TEME,UTC,SGP4,2025-10-11 11:03:04.482720+00:00,15.26851369,0.00018027,28.4700,336.0150,258.0069,102.0324,0,U,20580,999,75046,0.00032156830000,0.00008954,0.0000000000000,6863.369,94.312,486.471,483.996,PAYLOAD,LARGE,US,1990-04-24,AFETR,,4844130,299871870,0 HST,1 20580U 90037B   25284.46046855  .00008954  00000-0  32157-3 0  9990,2 20580  28.4700 336.0150 0001803 258.0069 102.0324 15.26851369750468
3.0,GENERATED VIA SPACE-TRACK.ORG API,2025-10-12 18:25:01+00:00,18 SPCS,HST,1990-037B,EARTH,TEME,UTC,SGP4,2025-10-12 10:34:54.026112+00:00,15.26870969,0.00017728,28.4700,329.3539,270.8226,89.2166,0,U,20580,999,75061,0.00036807803000,0.00010225,0.0000000000000,6863.310,94.311,486.392,483.958,PAYLOAD,LARGE,US,1990-04-24,AFETR,,4844234,299902803,0 HST,1 20580U 90037B   25285.44090308  .00010225  00000-0  36808-3 0  9992,2 20580  28.4700 329.3539 0001773 270.8226  89.2166 15.26870969750611
3.0,GENERATED VIA SPACE-TRACK.ORG API,2025-10-13 10:50:46+00:00,18 SPCS,HST,1990-037B,EARTH,TEME,UTC,SGP4,2025-10-12 10:34:54.025248+00:00,15.26871265,0.00017728,28.4700,329.3539,270.8410,89.1982,0,U,20580,999,75061,0.00037510007000,0.00010416,0.0000000000000,6863.309,94.311,486.391,483.957,PAYLOAD,LARGE,US,1990-04-24,AFETR,,4844340,299965743,0 HST,1 20580U 90037B   25285.44090307  .00010416  00000-0  37510-3 0  9994,2 20580  28.4700 329.3539 0001773 270.8410  89.1982 15.26871265750611
3.0,GENERATED VIA SPACE-TRACK.ORG API,2025-10-13 18:48:44+00:00,18 SPCS,HST,1990-037B,EARTH,TEME,UTC,SGP4,2025-10-13 10:06:42.429024+00:00,15.26891898,0.00017663,28.4698,322.6928,283.7513,76.2885,0,U,20580,999,75076,0.00038648341000,0.00010733,0.0000000000000,6863.247,94.309,486.325,483.900,PAYLOAD,LARGE,US,1990-04-24,AFETR,,4844365,299996772,0 HST,1 20580U 90037B   25286.42132441  .00010733  00000-0  38648-3 0  9994,2 20580  28.4698 322.6928 0001766 283.7513  76.2885 15.26891898750763
3.0,GENERATED VIA SPACE-TRACK.ORG API,2025-10-15 02:21:28+00:00,18 SPCS,HST,1990-037B,EARTH,TEME,UTC,SGP4,2025-10-14 11:12:36.862848+00:00,15.26910297,0.00017687,28.4696,315.5873,297.5164,62.5251,0,U,20580,999,75092,0.00031451036000,0.00008777,0.0000000000000,6863.192,94.308,486.271,483.843,PAYLOAD,LARGE,US,1990-04-24,AFETR,,4844485,300089818,0 HST,1 20580U 90037B   25287.46709332  .00008777  00000-0  31451-3 0  9998,2 20580  28.4696 315.5873 0001769 297.5164  62.5251 15.26910297750927
3.0,GENERATED VIA SPACE-TRACK.ORG API,2025-10-15 18:23:35+00:00,18 SPCS,HST,1990-037B,EARTH,TEME,UTC,SGP4,2025-10-15 09:10:16.146048+00:00,15.26926852,0.00017960,28.4694,309.3701,309.1122,50.9313,0,U,20580,999,75106,0.00032797807000,0.00009149,0.0000000000000,6863.143,94.307,486.240,483.775,PAYLOAD,LARGE,US,1990-04-24,AFETR,,4844545,300121711,0 HST,1 20580U 90037B   25288.38213132  .00009149  00000-0  32798-3 0  9997,2 20580  28.4694 309.3701 0001796 309.1122  50.9313 15.26926852751060
3.0,GENERATED VIA SPACE-TRACK.ORG API,2025-10-16 07:36:46+00:00,18 SPCS,HST,1990-037B,EARTH,TEME,UTC,SGP4,2025-10-16 02:25:33.636000+00:00,15.26939273,0.00018230,28.4692,304.4849,318.0665,41.9790,0,U,20580,999,75117,0.00035424000000,0.00009869,0.0000000000000,6863.105,94.306,486.221,483.719,PAYLOAD,LARGE,US,1990-04-24,AFETR,,4845903,300211006,0 HST,1 20580U 90037B   25289.10108375  .00009869  00000-0  35424-3 0  9998,2 20580  28.4692 304.4849 0001823 318.0665  41.9790 15.26939273751171
3.0,GENERATED VIA SPACE-TRACK.ORG API,2025-10-17 06:56:50+00:00,18 SPCS,HST,1990-037B,EARTH,TEME,UTC,SGP4,2025-10-16 02:25:33.630816+00:00,15.26938637,0.00018220,28.4692,304.4849,318.0685,41.9770,0,U,20580,999,75117,0.00033704000000,0.00009399,0.0000000000000,6863.107,94.306,486.223,483.722,PAYLOAD,LARGE,US,1990-04-24,AFETR,,4846367,300283953,0 HST,1 20580U 90037B   25289.10108369  .00009399  00000-0  33704-3 0  9998,2 20580  28.4692 304.4849 0001822 318.0685  41.9770 15.26938637751173
3.0,GENERATED VIA SPACE-TRACK.ORG API,2025-10-17 17:48:26+00:00,18 SPCS,HST,1990-037B,EARTH,TEME,UTC,SGP4,2025-10-16 02:25:33.631680+00:00,15.26938637,0.00018217,28.4692,304.4849,318.0685,41.9770,0,U,20580,999,75117,0.00033704370000,0.00009399,0.0000000000000,6863.107,94.306,486.223,483.722,PAYLOAD,LARGE,US,1990-04-24,AFETR,,4847102,300306491,0 HST,1 20580U 90037B   25289.10108370  .00009399  00000-0  33704-3 0  9990,2 20580  28.4692 304.4849 0001822 318.0685  41.9770 15.26938637751173
3.0,GENERATED VIA SPACE-TRACK.ORG API,2025-10-17 20:06:22+00:00,18 SPCS,HST,1990-037B,EARTH,TEME,UTC,SGP4,2025-10-17 08:13:46.229088+00:00,15.26961582,0.00018640,28.4690,296.0463,333.8526,26.1974,0,U,20580,999,75136,0.00037027000000,0.00010313,0.0000000000000,6863.038,94.305,486.183,483.624,PAYLOAD,LARGE,US,1990-04-24,AFETR,,4847559,300344474,0 HST,1 20580U 90037B   25290.34289617  .00010313  00000-0  37027-3 0  9992,2 20580  28.4690 296.0463 0001864 333.8526  26.1974 15.26961582751361
3.0,GENERATED VIA SPACE-TRACK.ORG API,2025-10-18 08:46:19+00:00,18 SPCS,HST,1990-037B,EARTH,TEME,UTC,SGP4,2025-10-18 01:29:02.249376+00:00,15.26977603,0.00019000,28.4688,291.1609,342.0147,18.0380,0,U,20580,999,75147,0.00043687000000,0.00012138,0.0000000000000,6862.990,94.304,486.159,483.552,PAYLOAD,LARGE,US,1990-04-24,AFETR,,4848896,300406478,0 HST,1 20580U 90037B   25291.06183159  .00012138  00000-0  43687-3 0  9992,2 20580  28.4688 291.1609 0001900 342.0147  18.0380 15.26977603751472
3.0,GENERATED VIA SPACE-TRACK.ORG API,2025-10-18 10:30:26+00:00,18 SPCS,HST,1990-037B,EARTH,TEME,UTC,SGP4,2025-10-18 07:45:29.759904+00:00,15.26980955,0.00019178,28.4688,289.3843,345.3636,14.6903,0,U,20580,999,75151,0.00039466407000,0.00010985,0.0000000000000,6862.980,94.304,486.162,483.529,PAYLOAD,LARGE,US,1990-04-24,AFETR,,4849367,300422525,0 HST,1 20580U 90037B   25291.32326111  .00010985  00000-0  39466-3 0  9996,2 20580  28.4688 289.3843 0001918 345.3636  14.6903 15.26980955751511
3.0,GENERATED VIA SPACE-TRACK.ORG API,2025-10-19 02:20:52+00:00,18 SPCS,HST,1990-037B,EARTH,TEME,UTC,SGP4,2025-10-18 07:45:29.758176+00:00,15.26982151,0.00019189,28.4688,289.3844,345.0161,15.0377,0,U,20580,999,75151,0.00042305567000,0.00011762,0.0000000000000,6862.977,94.304,486.159,483.525,PAYLOAD,LARGE,US,1990-04-24,AFETR,,4849547,300453784,0 HST,1 20580U 90037B   25291.32326109  .00011762  00000-0  42306-3 0  9994,2 20580  28.4688 289.3844 0001919 345.0161  15.0377 15.26982151751513
3.0,GENERATED VIA SPACE-TRACK.ORG API,2025-10-19 10:30:26+00:00,18 SPCS,HST,1990-037B,EARTH,TEME,UTC,SGP4,2025-10-19 07:17:11.992128+00:00,15.27008075,0.00019780,28.4688,282.7221,356.3744,3.6837,0,U,20580,999,75166,0.00051140812000,0.00014189,0.0000000000000,6862.899,94.302,486.122,483.407,PAYLOAD,LARGE,US,1990-04-24,AFETR,,4849597,300485372,0 HST,1 20580U 90037B   25292.30361102  .00014189  00000-0  51141-3 0  9998,2 20580  28.4688 282.7221 0001978 356.3744   3.6837 15.27008075751661
3.0,GENERATED VIA SPACE-TRACK.ORG API,2025-10-20 06:46:47+00:00,18 SPCS,HST,1990-037B,EARTH,TEME,UTC,SGP4,2025-10-20 00:32:26.096064+00:00,15.27023751,0.00020380,28.4688,277.8362,4.0227,356.0384,0,U,20580,999,75177,0.00044739000000,0.00012443,0.0000000000000,6862.852,94.301,486.116,483.319,PAYLOAD,LARGE,US,1990-04-24,AFETR,,4850056,300551608,0 HST,1 20580U 90037B   25293.02252426  .00012443  00000-0  44739-3 0  9992,2 20580  28.4688 277.8362 0002038   4.0227 356.0384 15.27023751751775
3.0,GENERATED VIA SPACE-TRACK.ORG API,2025-10-20 10:26:40+00:00,18 SPCS,HST,1990-037B,EARTH,TEME,UTC,SGP4,2025-10-20 00:32:26.096064+00:00,15.27023751,0.00020377,28.4688,277.8363,4.0227,356.0384,0,U,20580,999,75177,0.00044739044000,0.00012443,0.0000000000000,6862.852,94.301,486.116,483.319,PAYLOAD,LARGE,US,1990-04-24,AFETR,,4850467,300566185,0 HST,1 20580U 90037B   25293.02252426  .00012443  00000-0  44739-3 0  9992,2 20580  28.4688 277.8363 0002038   4.0227 356.0384 15.27023751751776
3.0,GENERATED VIA SPACE-TRACK.ORG API,2025-10-20 18:08:45+00:00,18 SPCS,HST,1990-037B,EARTH,TEME,UTC,SGP4,2025-10-20 06:48:52.831584+00:00,15.27030500,0.00020496,28.4689,276.0595,6.7972,353.2650,0,U,20580,999,75181,0.00045493990000,0.00012652,0.0000000000000,6862.832,94.301,486.104,483.290,PAYLOAD,LARGE,US,1990-04-24,AFETR,,4850513,300597592,0 HST,1 20580U 90037B   25293.28394481  .00012652  00000-0  45494-3 0  9999,2 20580  28.4689 276.0595 0002050   6.7972 353.2650 15.27030500751815
3.0,GENERATED VIA SPACE-TRACK.ORG API,2025-10-21 18:24:45+00:00,18 SPCS,HST,1990-037B,EARTH,TEME,UTC,SGP4,2025-10-21 06:20:32.376768+00:00,15.27052047,0.00021060,28.4690,269.3969,17.0074,343.0591,0,U,20580,999,75196,0.00040698098000,0.00011346,0.0000000000000,6862.767,94.299,486.078,483.187,PAYLOAD,LARGE,US,1990-04-24,AFETR,,4850699,300659741,0 HST,1 20580U 90037B   25294.26426362  .00011346  00000-0  40698-3 0  9992,2 20580  28.4690 269.3969 0002106  17.0074 343.0591 15.27052047751964
3.0,GENERATED VIA SPACE-TRACK.ORG API,2025-10-22 06:46:34+00:00,18 SPCS,HST,1990-037B,EARTH,TEME,UTC,SGP4,2025-10-21 06:20:32.375040+00:00,15.27051558,0.00021000,28.4689,269.3969,16.8790,343.1874,0,U,20580,999,75196,0.00038989000000,0.00010878,0.0000000000000,6862.769,94.299,486.075,483.193,PAYLOAD,LARGE,US,1990-04-24,AFETR,,4851896,300744698,0 HST,1 20580U 90037B   25294.26426360  .00010878  00000-0  38989-3 0  9999,2 20580  28.4689 269.3969 0002100  16.8790 343.1874 15.27051558751969
3.0,GENERATED VIA SPACE-TRACK.ORG API,2025-10-22 16:36:28+00:00,18 SPCS,HST,1990-037B,EARTH,TEME,UTC,SGP4,2025-10-22 05:52:10.759008+00:00,15.27071845,0.00021350,28.4689,262.7345,27.2622,332.8085,0,U,20580,999,75211,0.00036597000000,0.00010230,0.0000000000000,6862.708,94.298,486.038,483.108,PAYLOAD,LARGE,US,1990-04-24,AFETR,,4852768,300764297,0 HST,1 20580U 90037B   25295.24456897  .00010230  00000-0  36597-3 0  9991,2 20580  28.4689 262.7345 0002135  27.2622 332.8085 15.27071845752110
3.0,GENERATED VIA SPACE-TRACK.ORG API,2025-10-23 02:46:54+00:00,18 SPCS,HST,1990-037B,EARTH,TEME,UTC,SGP4,2025-10-22 05:52:10.759008+00:00,15.27071698,0.00021344,28.4689,262.7345,27.1027,332.9679,0,U,20580,999,75211,0.00036266110000,0.00010139,0.0000000000000,6862.709,94.298,486.038,483.109,PAYLOAD,LARGE,US,1990-04-24,AFETR,,4853664,300819196,0 HST,1 20580U 90037B   25295.24456897  .00010139  00000-0  36266-3 0  9992,2 20580  28.4689 262.7345 0002134  27.1027 332.9679 15.27071698752113
3.0,GENERATED VIA SPACE-TRACK.ORG API,2025-10-23 06:36:21+00:00,18 SPCS,HST,1990-037B,EARTH,TEME,UTC,SGP4,2025-10-23 03:49:41.605248+00:00,15.27089889,0.00021500,28.4687,256.5162,36.1884,323.8856,0,U,20580,999,75225,0.00035753000000,0.00010004,0.0000000000000,6862.654,94.297,485.995,483.044,PAYLOAD,LARGE,US,1990-04-24,AFETR,,4853973,300853613,0 HST,1 20580U 90037B   25296.15950932  .00010004  00000-0  35753-3 0  9993,2 20580  28.4687 256.5162 0002150  36.1884 323.8856 15.27089889752250
3.0,GENERATED VIA SPACE-TRACK.ORG API,2025-10-23 18:40:45+00:00,18 SPCS,HST,1990-037B,EARTH,TEME,UTC,SGP4,2025-10-23 13:14:20.228064+00:00,15.27098555,0.00021522,28.4685,253.8512,40.5499,319.5256,0,U,20580,999,75231,0.00036330004000,0.00010165,0.0000000000000,6862.628,94.296,485.970,483.016,PAYLOAD,LARGE,US,1990-04-24,AFETR,,4854367,300866411,0 HST,1 20580U 90037B   25296.55162301  .00010165  00000-0  36330-3 0  9992,2 20580  28.4685 253.8512 0002152  40.5499 319.5256 15.27098555752313
3.0,GENERATED VIA SPACE-TRACK.ORG API,2025-10-24 02:48:45+00:00,18 SPCS,HST,1990-037B,EARTH,TEME,UTC,SGP4,2025-10-23 22:38:58.678944+00:00,15.27106254,0.00021721,28.4684,251.1863,44.1900,315.8869,0,U,20580,999,75237,0.00035073193000,0.00009822,0.0000000000000,6862.605,94.296,485.961,482.979,PAYLOAD,LARGE,US,1990-04-24,AFETR,,4855258,300918948,0 HST,1 20580U 90037B   25296.94373471  .00009822  00000-0  35073-3 0  9998,2 20580  28.4684 251.1863 0002172  44.1900 315.8869 15.27106254752372
3.0,GENERATED VIA SPACE-TRACK.ORG API,2025-10-24 18:33:25+00:00,18 SPCS,HST,1990-037B,EARTH,TEME,UTC,SGP4,2025-10-24 04:55:24.210912+00:00,15.27112154,0.00021507,28.4684,249.4098,46.7582,313.3192,0,U,20580,999,75241,0.00038665764000,0.00010810,0.0000000000000,6862.587,94.296,485.928,482.976,PAYLOAD,LARGE,US,1990-04-24,AFETR,,4855292,300950406,0 HST,1 20580U 90037B   25297.20514133  .00010810  00000-0  38666-3 0  9990,2 20580  28.4684 249.4098 0002151  46.7582 313.3192 15.27112154752416
3.0,GENERATED VIA SPACE-TRACK.ORG API,2025-10-24 21:06:20+00:00,18 SPCS,HST,1990-037B,EARTH,TEME,UTC,SGP4,2025-10-24 12:45:56.020032+00:00,15.27118604,0.00021490,28.4683,247.1889,50.3567,309.7218,0,U,20580,999,75246,0.00036676000000,0.00010266,0.0000000000000,6862.568,94.295,485.908,482.958,PAYLOAD,LARGE,US,1990-04-24,AFETR,,4855469,300981210,0 HST,1 20580U 90037B   25297.53189838  .00010266  00000-0  36676-3 0  9990,2 20580  28.4683 247.1889 0002149  50.3567 309.7218 15.27118604752468
3.0,GENERATED VIA SPACE-TRACK.ORG API,2025-10-25 03:11:13+00:00,18 SPCS,HST,1990-037B,EARTH,TEME,UTC,SGP4,2025-10-24 23:44:40.345440+00:00,15.27127176,0.00021566,28.4681,244.0798,54.4866,305.5930,0,U,20580,999,75253,0.00034742582000,0.00009738,0.0000000000000,6862.542,94.295,485.887,482.927,PAYLOAD,LARGE,US,1990-04-24,AFETR,,4856585,301013136,0 HST,1 20580U 90037B   25297.98935585  .00009738  00000-0  34743-3 0  9992,2 20580  28.4681 244.0798 0002157  54.4866 305.5930 15.27127176752534
3.0,GENERATED VIA SPACE-TRACK.ORG API,2025-10-25 08:16:24+00:00,18 SPCS,HST,1990-037B,EARTH,TEME,UTC,SGP4,2025-10-25 04:26:59.278848+00:00,15.27131570,0.00021530,28.4680,242.7474,56.7096,303.3705,0,U,20580,999,75256,0.00036633000000,0.00010258,0.0000000000000,6862.529,94.294,485.872,482.917,PAYLOAD,LARGE,US,1990-04-24,AFETR,,4856940,301048133,0 HST,1 20580U 90037B   25298.18540832  .00010258  00000-0  36633-3 0  9991,2 20580  28.4680 242.7474 0002153  56.7096 303.3705 15.27131570752567
3.0,GENERATED VIA SPACE-TRACK.ORG API,2025-10-25 10:45:00+00:00,18 SPCS,HST,1990-037B,EARTH,TEME,UTC,SGP4,2025-10-25 04:26:59.279712+00:00,15.27131570,0.00021528,28.4680,242.7474,56.7096,303.3705,0,U,20580,999,75256,0.00036633402000,0.00010258,0.0000000000000,6862.529,94.294,485.872,482.917,PAYLOAD,LARGE,US,1990-04-24,AFETR,,4857389,301064307,0 HST,1 20580U 90037B   25298.18540833  .00010258  00000-0  36633-3 0  9992,2 20580  28.4680 242.7474 0002153  56.7096 303.3705 15.27131570752567
3.0,GENERATED VIA SPACE-TRACK.ORG API,2025-10-26 02:54:42+00:00,18 SPCS,HST,1990-037B,EARTH,TEME,UTC,SGP4,2025-10-25 21:42:08.303328+00:00,15.27144992,0.00021722,28.4679,237.8616,62.7249,297.3567,0,U,20580,999,75267,0.00033553675000,0.00009417,0.0000000000000,6862.489,94.294,485.845,482.863,PAYLOAD,LARGE,US,1990-04-24,AFETR,,4859004,301134751,0 HST,1 20580U 90037B   25298.90426277  .00009417  00000-0  33554-3 0  9991,2 20580  28.4679 237.8616 0002172  62.7249 297.3567 15.27144992752678
3.0,GENERATED VIA SPACE-TRACK.ORG API,2025-10-26 06:57:22+00:00,18 SPCS,HST,1990-037B,EARTH,TEME,UTC,SGP4,2025-10-26 03:58:33.264192+00:00,15.27149205,0.00021620,28.4678,236.0848,65.6036,294.4785,0,U,20580,999,75271,0.00032366000000,0.00009092,0.0000000000000,6862.476,94.293,485.825,482.858,PAYLOAD,LARGE,US,1990-04-24,AFETR,,4859384,301168954,0 HST,1 20580U 90037B   25299.16566278  .00009092  00000-0  32366-3 0  9995,2 20580  28.4678 236.0848 0002162  65.6036 294.4785 15.27149205752717
3.0,GENERATED VIA SPACE-TRACK.ORG API,2025-10-26 10:54:48+00:00,18 SPCS,HST,1990-037B,EARTH,TEME,UTC,SGP4,2025-10-26 05:32:39.494688+00:00,15.27150496,0.00021670,28.4678,235.6409,65.9954,294.0868,0,U,20580,999,75272,0.00032384342000,0.00009097,0.0000000000000,6862.472,94.293,485.825,482.850,PAYLOAD,LARGE,US,1990-04-24,AFETR,,4859882,301185259,0 HST,1 20580U 90037B   25299.23101267  .00009097  00000-0  32384-3 0  9991,2 20580  28.4678 235.6409 0002167  65.9954 294.0868 15.27150496752725
3.0,GENERATED VIA SPACE-TRACK.ORG API,2025-10-26 14:36:40+00:00,18 SPCS,HST,1990-037B,EARTH,TEME,UTC,SGP4,2025-10-26 05:32:39.493824+00:00,15.27150496,0.00021670,28.4678,235.6408,65.9954,294.0868,0,U,20580,999,75272,0.00032384000000,0.00009097,0.0000000000000,6862.472,94.293,485.825,482.850,PAYLOAD,LARGE,US,1990-04-24,AFETR,,4860247,301220574,0 HST,1 20580U 90037B   25299.23101266  .00009097  00000-0  32384-3 0  9990,2 20580  28.4678 235.6408 0002167  65.9954 294.0868 15.27150496752724
3.0,GENERATED VIA SPACE-TRACK.ORG API,2025-10-27 02:46:55+00:00,18 SPCS,HST,1990-037B,EARTH,TEME,UTC,SGP4,2025-10-26 22:47:47.747616+00:00,15.27163911,0.00021510,28.4676,230.7546,73.5092,286.5739,0,U,20580,999,75283,0.00033275401000,0.00009346,0.0000000000000,6862.432,94.292,485.773,482.821,PAYLOAD,LARGE,US,1990-04-24,AFETR,,4861461,301254891,0 HST,1 20580U 90037B   25299.94985819  .00009346  00000-0  33275-3 0  9999,2 20580  28.4676 230.7546 0002151  73.5092 286.5739 15.27163911752833
3.0,GENERATED VIA SPACE-TRACK.ORG API,2025-10-27 06:36:29+00:00,18 SPCS,HST,1990-037B,EARTH,TEME,UTC,SGP4,2025-10-27 03:30:06.256800+00:00,15.27166615,0.00021360,28.4675,229.4219,75.7438,284.3394,0,U,20580,999,75286,0.00031098000000,0.00008748,0.0000000000000,6862.424,94.292,485.755,482.823,PAYLOAD,LARGE,US,1990-04-24,AFETR,,4861808,301289472,0 HST,1 20580U 90037B   25300.14590575  .00008748  00000-0  31098-3 0  9991,2 20580  28.4675 229.4219 0002136  75.7438 284.3394 15.27166615752865
3.0,GENERATED VIA SPACE-TRACK.ORG API,2025-10-27 10:32:28+00:00,18 SPCS,HST,1990-037B,EARTH,TEME,UTC,SGP4,2025-10-27 03:30:06.257664+00:00,15.27166615,0.00021364,28.4675,229.4219,75.7438,284.3394,0,U,20580,999,75286,0.00031097847000,0.00008748,0.0000000000000,6862.424,94.292,485.755,482.823,PAYLOAD,LARGE,US,1990-04-24,AFETR,,4862303,301305887,0 HST,1 20580U 90037B   25300.14590576  .00008748  00000-0  31098-3 0  9992,2 20580  28.4675 229.4219 0002136  75.7438 284.3394 15.27166615752865
3.0,GENERATED VIA SPACE-TRACK.ORG API,2025-10-27 14:46:51+00:00,18 SPCS,HST,1990-037B,EARTH,TEME,UTC,SGP4,2025-10-27 11:20:37.041216+00:00,15.27172683,0.00021330,28.4674,227.2010,78.1955,281.8879,0,U,20580,999,75291,0.00032069000000,0.00009017,0.0000000000000,6862.406,94.292,485.735,482.807,PAYLOAD,LARGE,US,1990-04-24,AFETR,,4862667,301341682,0 HST,1 20580U 90037B   25300.47265094  .00009017  00000-0  32069-3 0  9991,2 20580  28.4674 227.2010 0002133  78.1955 281.8879 15.27172683752915
3.0,GENERATED VIA SPACE-TRACK.ORG API,2025-10-27 23:36:49+00:00,18 SPCS,HST,1990-037B,EARTH,TEME,UTC,SGP4,2025-10-27 20:45:13.870368+00:00,15.27180140,0.00021500,28.4672,224.5359,82.0603,278.0236,0,U,20580,999,75297,0.00034362000000,0.00009649,0.0000000000000,6862.384,94.291,485.724,482.773,PAYLOAD,LARGE,US,1990-04-24,AFETR,,4863417,301357795,0 HST,1 20580U 90037B   25300.86474387  .00009649  00000-0  34362-3 0  9990,2 20580  28.4672 224.5359 0002150  82.0603 278.0236 15.27180140752970
3.0,GENERATED VIA SPACE-TRACK.ORG API,2025-10-28 02:18:45+00:00,18 SPCS,HST,1990-037B,EARTH,TEME,UTC,SGP4,2025-10-27 22:19:19.988544+00:00,15.27181288,0.00021435,28.4672,224.0916,83.0893,276.9946,0,U,20580,999,75298,0.00034407747000,0.00009662,0.0000000000000,6862.380,94.291,485.716,482.774,PAYLOAD,LARGE,US,1990-04-24,AFETR,,4863735,301370209,0 HST,1 20580U 90037B   25300.93009246  .00009662  00000-0  34408-3 0  9992,2 20580  28.4672 224.0916 0002144  83.0893 276.9946 15.27181288752989
3.0,GENERATED VIA SPACE-TRACK.ORG API,2025-10-28 19:11:01+00:00,18 SPCS,HST,1990-037B,EARTH,TEME,UTC,SGP4,2025-10-28 10:52:08.794848+00:00,15.27189683,0.00021098,28.4671,220.5377,87.6959,272.3877,0,U,20580,999,75306,0.00033511644000,0.00009418,0.0000000000000,6862.355,94.291,485.668,482.772,PAYLOAD,LARGE,US,1990-04-24,AFETR,,4863914,301401813,0 HST,1 20580U 90037B   25301.45287957  .00009418  00000-0  33512-3 0  9991,2 20580  28.4671 220.5377 0002110  87.6959 272.3877 15.27189683753066
3.0,GENERATED VIA SPACE-TRACK.ORG API,2025-10-29 15:56:22+00:00,18 SPCS,HST,1990-037B,EARTH,TEME,UTC,SGP4,2025-10-29 10:23:39.560064+00:00,15.27207635,0.00020900,28.4669,213.8742,97.3992,262.6840,0,U,20580,999,75321,0.00035036000000,0.00009842,0.0000000000000,6862.301,94.290,485.601,482.732,PAYLOAD,LARGE,US,1990-04-24,AFETR,,4864325,301437662,0 HST,1 20580U 90037B   25302.43309676  .00009842  00000-0  35036-3 0  9997,2 20580  28.4669 213.8742 0002090  97.3992 262.6840 15.27207635753213
3.0,GENERATED VIA SPACE-TRACK.ORG API,2025-10-29 19:31:23+00:00,18 SPCS,HST,1990-037B,EARTH,TEME,UTC,SGP4,2025-10-28 21:50:51.292896+00:00,15.27198181,0.00021113,28.4670,217.4281,92.8764,267.2073,0,U,20580,999,75313,0.00035103555000,0.00009858,0.0000000000000,6862.330,94.290,485.643,482.746,PAYLOAD,LARGE,US,1990-04-24,AFETR,,4864813,301452089,0 HST,1 20580U 90037B   25301.91031589  .00009858  00000-0  35104-3 0  9997,2 20580  28.4670 217.4281 0002111  92.8764 267.2073 15.27198181753139
3.0,GENERATED VIA SPACE-TRACK.ORG API,2025-10-30 03:32:50+00:00,18 SPCS,HST,1990-037B,EARTH,TEME,UTC,SGP4,2025-10-29 21:22:21.556992+00:00,15.27216354,0.00020780,28.4669,210.7644,102.6375,257.4453,0,U,20580,999,75328,0.00035308856000,0.00009920,0.0000000000000,6862.275,94.289,485.566,482.714,PAYLOAD,LARGE,US,1990-04-24,AFETR,,4864873,301482767,0 HST,1 20580U 90037B   25302.89052728  .00009920  00000-0  35309-3 0  9990,2 20580  28.4669 210.7644 0002078 102.6375 257.4453 15.27216354753288
3.0,GENERATED VIA SPACE-TRACK.ORG API,2025-10-30 10:34:55+00:00,18 SPCS,HST,1990-037B,EARTH,TEME,UTC,SGP4,2025-10-30 00:30:33.514272+00:00,15.27218674,0.00020701,28.4669,209.8759,104.0895,255.9930,0,U,20580,999,75330,0.00034924536000,0.00009815,0.0000000000000,6862.268,94.289,485.554,482.713,PAYLOAD,LARGE,US,1990-04-24,AFETR,,4864899,301513903,0 HST,1 20580U 90037B   25303.02122123  .00009815  00000-0  34925-3 0  9999,2 20580  28.4669 209.8759 0002070 104.0895 255.9930 15.27218674753302
3.0,GENERATED VIA SPACE-TRACK.ORG API,2025-10-31 10:10:29+00:00,18 SPCS,HST,1990-037B,EARTH,TEME,UTC,SGP4,2025-10-31 00:02:02.562720+00:00,15.27238201,0.00020317,28.4669,203.2120,113.4940,246.5868,0,U,20580,999,75345,0.00035775550000,0.00010055,0.0000000000000,6862.210,94.288,485.469,482.681,PAYLOAD,LARGE,US,1990-04-24,AFETR,,4865472,301585816,0 HST,1 20580U 90037B   25304.00141855  .00010055  00000-0  35776-3 0  9994,2 20580  28.4669 203.2120 0002032 113.4940 246.5868 15.27238201753455
3.0,GENERATED VIA SPACE-TRACK.ORG API,2025-10-31 18:26:26+00:00,18 SPCS,HST,1990-037B,EARTH,TEME,UTC,SGP4,2025-10-31 09:26:37.847040+00:00,15.27245906,0.00019960,28.4670,200.5465,117.3309,242.7489,0,U,20580,999,75351,0.00035055000000,0.00009859,0.0000000000000,6862.187,94.287,485.421,482.682,PAYLOAD,LARGE,US,1990-04-24,AFETR,,4865899,301621953,0 HST,1 20580U 90037B   25304.39349360  .00009859  00000-0  35055-3 0  9997,2 20580  28.4670 200.5465 0001996 117.3309 242.7489 15.27245906753513
3.0,GENERATED VIA SPACE-TRACK.ORG API,2025-10-31 23:06:33+00:00,18 SPCS,HST,1990-037B,EARTH,TEME,UTC,SGP4,2025-10-31 18:51:13.006080+00:00,15.27252670,0.00019960,28.4669,197.8810,121.0910,238.9881,0,U,20580,999,75357,0.00033100000000,0.00009322,0.0000000000000,6862.166,94.287,485.401,482.662,PAYLOAD,LARGE,US,1990-04-24,AFETR,,4866669,301640666,0 HST,1 20580U 90037B   25304.78556720  .00009322  00000-0  33100-3 0  9994,2 20580  28.4669 197.8810 0001996 121.0910 238.9881 15.27252670753578
3.0,GENERATED VIA SPACE-TRACK.ORG API,2025-11-01 19:40:54+00:00,18 SPCS,HST,1990-037B,EARTH,TEME,UTC,SGP4,2025-11-01 08:58:05.407680+00:00,15.27262832,0.00019533,28.4669,193.8827,126.3947,233.6828,0,U,20580,999,75366,0.00030155313000,0.00008514,0.0000000000000,6862.136,94.286,485.341,482.661,PAYLOAD,LARGE,US,1990-04-24,AFETR,,4867053,301654218,0 HST,1 20580U 90037B   25305.37367370  .00008514  00000-0  30155-3 0  9990,2 20580  28.4669 193.8827 0001953 126.3947 233.6828 15.27262832753667
3.0,GENERATED VIA SPACE-TRACK.ORG API,2025-11-02 15:56:25+00:00,18 SPCS,HST,1990-037B,EARTH,TEME,UTC,SGP4,2025-11-02 08:29:32.143200+00:00,15.27276544,0.00019150,28.4668,187.2184,134.9270,225.1481,0,U,20580,999,75381,0.00025387000000,0.00007204,0.0000000000000,6862.095,94.285,485.274,482.646,PAYLOAD,LARGE,US,1990-04-24,AFETR,,4867426,301688500,0 HST,1 20580U 90037B   25306.35384425  .00007204  00000-0  25387-3 0  9995,2 20580  28.4668 187.2184 0001915 134.9270 225.1481 15.27276544753814
3.0,GENERATED VIA SPACE-TRACK.ORG API,2025-11-02 17:34:40+00:00,18 SPCS,HST,1990-037B,EARTH,TEME,UTC,SGP4,2025-11-01 16:48:34.426080+00:00,15.27267481,0.00019568,28.4668,191.6612,128.7526,231.3244,0,U,20580,999,75371,0.00028539751000,0.00008070,0.0000000000000,6862.122,94.286,485.330,482.644,PAYLOAD,LARGE,US,1990-04-24,AFETR,,4867744,301701609,0 HST,1 20580U 90037B   25305.70039845  .00008070  00000-0  28540-3 0  9992,2 20580  28.4668 191.6612 0001957 128.7526 231.3244 15.27267481753715
3.0,GENERATED VIA SPACE-TRACK.ORG API,2025-11-03 23:16:36+00:00,18 SPCS,HST,1990-037B,EARTH,TEME,UTC,SGP4,2025-11-03 15:51:26.546688+00:00,15.27296194,0.00018570,28.4665,178.3336,148.6496,211.4210,0,U,20580,999,75401,0.00027066000000,0.00007671,0.0000000000000,6862.036,94.284,485.175,482.627,PAYLOAD,LARGE,US,1990-04-24,AFETR,,4868218,301736236,0 HST,1 20580U 90037B   25307.66072392  .00007671  00000-0  27066-3 0  9991,2 20580  28.4665 178.3336 0001857 148.6496 211.4210 15.27296194754012
3.0,GENERATED VIA SPACE-TRACK.ORG API,2025-11-04 04:40:24+00:00,18 SPCS,HST,1990-037B,EARTH,TEME,UTC,SGP4,2025-11-03 22:07:49.302624+00:00,15.27299371,0.00018494,28.4665,176.5566,151.7704,208.2992,0,U,20580,999,75405,0.00026513609000,0.00007519,0.0000000000000,6862.027,94.284,485.161,482.622,PAYLOAD,LARGE,US,1990-04-24,AFETR,,4868542,301748656,0 HST,1 20580U 90037B   25307.92209841  .00007519  00000-0  26514-3 0  9999,2 20580  28.4665 176.5566 0001849 151.7704 208.2992 15.27299371754050
3.0,GENERATED VIA SPACE-TRACK.ORG API,2025-11-04 06:46:37+00:00,18 SPCS,HST,1990-037B,EARTH,TEME,UTC,SGP4,2025-11-03 23:41:54.969792+00:00,15.27300295,0.00018440,28.4664,176.1122,152.3920,207.6773,0,U,20580,999,75406,0.00026478000000,0.00007510,0.0000000000000,6862.024,94.284,485.154,482.623,PAYLOAD,LARGE,US,1990-04-24,AFETR,,4868893,301784135,0 HST,1 20580U 90037B   25307.98744178  .00007510  00000-0  26478-3 0  9992,2 20580  28.4664 176.1122 0001844 152.3920 207.6773 15.27300295754064
3.0,GENERATED VIA SPACE-TRACK.ORG API,2025-11-04 10:21:18+00:00,18 SPCS,HST,1990-037B,EARTH,TEME,UTC,SGP4,2025-11-03 23:41:54.970656+00:00,15.27300295,0.00018444,28.4664,176.1122,152.3920,207.6773,0,U,20580,999,75406,0.00026478104000,0.00007510,0.0000000000000,6862.024,94.284,485.154,482.623,PAYLOAD,LARGE,US,1990-04-24,AFETR,,4869260,301797704,0 HST,1 20580U 90037B   25307.98744179  .00007510  00000-0  26478-3 0  9993,2 20580  28.4664 176.1122 0001844 152.3920 207.6773 15.27300295754064
3.0,GENERATED VIA SPACE-TRACK.ORG API,2025-11-04 23:56:20+00:00,18 SPCS,HST,1990-037B,EARTH,TEME,UTC,SGP4,2025-11-04 16:56:57.086592+00:00,15.27310163,0.00018060,28.4662,171.2249,160.2000,199.8665,0,U,20580,999,75417,0.00024780000000,0.00007044,0.0000000000000,6861.994,94.283,485.098,482.620,PAYLOAD,LARGE,US,1990-04-24,AFETR,,4870492,301879881,0 HST,1 20580U 90037B   25308.70621628  .00007044  00000-0  24780-3 0  9993,2 20580  28.4662 171.2249 0001806 160.2000 199.8665 15.27310163754172
3.0,GENERATED VIA SPACE-TRACK.ORG API,2025-11-05 05:50:25+00:00,18 SPCS,HST,1990-037B,EARTH,TEME,UTC,SGP4,2025-11-04 21:39:13.963680+00:00,15.27312898,0.00017923,28.4662,169.8920,162.0286,198.0372,0,U,20580,999,75420,0.00024372759000,0.00006932,0.0000000000000,6861.986,94.283,485.081,482.621,PAYLOAD,LARGE,US,1990-04-24,AFETR,,4870920,301895011,0 HST,1 20580U 90037B   25308.90224495  .00006932  00000-0  24373-3 0  9999,2 20580  28.4662 169.8920 0001792 162.0286 198.0372 15.27312898754208
3.0,GENERATED VIA SPACE-TRACK.ORG API,2025-11-06 03:23:02+00:00,18 SPCS,HST,1990-037B,EARTH,TEME,UTC,SGP4,2025-11-05 16:28:21.113472+00:00,15.27326133,0.00017167,28.4660,164.5603,170.4397,189.6231,0,U,20580,999,75432,0.00028463233000,0.00008063,0.0000000000000,6861.946,94.282,484.989,482.633,PAYLOAD,LARGE,US,1990-04-24,AFETR,,4871155,301957219,0 HST,1 20580U 90037B   25309.68635548  .00008063  00000-0  28463-3 0  9991,2 20580  28.4660 164.5603 0001717 170.4397 189.6231 15.27326133754329
3.0,GENERATED VIA SPACE-TRACK.ORG API,2025-11-06 10:42:34+00:00,18 SPCS,HST,1990-037B,EARTH,TEME,UTC,SGP4,2025-11-06 06:35:11.039712+00:00,15.27337496,0.00016728,28.4659,160.5613,176.9772,183.0833,0,U,20580,999,75441,0.00032137307000,0.00009080,0.0000000000000,6861.912,94.282,484.925,482.629,PAYLOAD,LARGE,US,1990-04-24,AFETR,,4871231,301988566,0 HST,1 20580U 90037B   25310.27443333  .00009080  00000-0  32137-3 0  9990,2 20580  28.4659 160.5613 0001673 176.9772 183.0833 15.27337496754413
3.0,GENERATED VIA SPACE-TRACK.ORG API,2025-11-06 22:16:38+00:00,18 SPCS,HST,1990-037B,EARTH,TEME,UTC,SGP4,2025-11-06 15:59:44.149344+00:00,15.27345291,0.00016350,28.4657,157.8958,179.6694,180.3902,0,U,20580,999,75447,0.00034183000000,0.00009647,0.0000000000000,6861.889,94.281,484.876,482.632,PAYLOAD,LARGE,US,1990-04-24,AFETR,,4871721,302026004,0 HST,1 20580U 90037B   25310.66648321  .00009647  00000-0  34183-3 0  9999,2 20580  28.4657 157.8958 0001635 179.6694 180.3902 15.27345291754478
3.0,GENERATED VIA SPACE-TRACK.ORG API,2025-11-07 02:17:17+00:00,18 SPCS,HST,1990-037B,EARTH,TEME,UTC,SGP4,2025-11-06 15:59:44.151936+00:00,15.27343532,0.00016351,28.4657,157.8958,179.8575,180.2020,0,U,20580,999,75447,0.00030005899000,0.00008493,0.0000000000000,6861.894,94.281,484.881,482.637,PAYLOAD,LARGE,US,1990-04-24,AFETR,,4873258,302068129,0 HST,1 20580U 90037B   25310.66648324  .00008493  00000-0  30006-3 0  9990,2 20580  28.4657 157.8958 0001635 179.8575 180.2020 15.27343532754474
3.0,GENERATED VIA SPACE-TRACK.ORG API,2025-11-07 07:36:35+00:00,18 SPCS,HST,1990-037B,EARTH,TEME,UTC,SGP4,2025-11-06 15:59:44.151072+00:00,15.27343532,0.00016350,28.4657,157.8958,179.8575,180.2020,0,U,20580,999,75447,0.00030006000000,0.00008493,0.0000000000000,6861.894,94.281,484.881,482.637,PAYLOAD,LARGE,US,1990-04-24,AFETR,,4873522,302099715,0 HST,1 20580U 90037B   25310.66648323  .00008493  00000-0  30006-3 0  9999,2 20580  28.4657 157.8958 0001635 179.8575 180.2020 15.27343532754474
3.0,GENERATED VIA SPACE-TRACK.ORG API,2025-11-07 22:26:22+00:00,18 SPCS,HST,1990-037B,EARTH,TEME,UTC,SGP4,2025-11-07 15:31:06.197664+00:00,15.27363839,0.00015730,28.4657,151.2306,189.3794,170.6772,0,U,20580,999,75462,0.00035134000000,0.00009915,0.0000000000000,6861.833,94.280,484.778,482.619,PAYLOAD,LARGE,US,1990-04-24,AFETR,,4874302,302149985,0 HST,1 20580U 90037B   25311.64659951  .00009915  00000-0  35134-3 0  9994,2 20580  28.4657 151.2306 0001573 189.3794 170.6772 15.27363839754625
3.0,GENERATED VIA SPACE-TRACK.ORG API,2025-11-08 07:36:41+00:00,18 SPCS,HST,1990-037B,EARTH,TEME,UTC,SGP4,2025-11-07 15:31:06.190752+00:00,15.27362982,0.00015750,28.4657,151.2306,189.0380,171.0187,0,U,20580,999,75462,0.00032743000000,0.00009254,0.0000000000000,6861.836,94.280,484.782,482.620,PAYLOAD,LARGE,US,1990-04-24,AFETR,,4875478,302178529,0 HST,1 20580U 90037B   25311.64659943  .00009254  00000-0  32743-3 0  9994,2 20580  28.4657 151.2306 0001575 189.0380 171.0187 15.27362982754628
3.0,GENERATED VIA SPACE-TRACK.ORG API,2025-11-08 17:28:43+00:00,18 SPCS,HST,1990-037B,EARTH,TEME,UTC,SGP4,2025-11-07 15:31:06.191616+00:00,15.27362982,0.00015745,28.4657,151.2306,189.0380,171.0187,0,U,20580,999,75462,0.00032742881000,0.00009254,0.0000000000000,6861.836,94.280,484.781,482.621,PAYLOAD,LARGE,US,1990-04-24,AFETR,,4876325,302204497,0 HST,1 20580U 90037B   25311.64659944  .00009254  00000-0  32743-3 0  9995,2 20580  28.4657 151.2306 0001575 189.0380 171.0187 15.27362982754628
3.0,GENERATED VIA SPACE-TRACK.ORG API,2025-11-08 23:06:37+00:00,18 SPCS,HST,1990-037B,EARTH,TEME,UTC,SGP4,2025-11-08 15:02:27.223872+00:00,15.27381835,0.00015070,28.4659,144.5654,200.4727,159.5808,0,U,20580,999,75477,0.00034712000000,0.00009804,0.0000000000000,6861.780,94.279,484.679,482.610,PAYLOAD,LARGE,US,1990-04-24,AFETR,,4876635,302238192,0 HST,1 20580U 90037B   25312.62670398  .00009804  00000-0  34712-3 0  9999,2 20580  28.4659 144.5654 0001507 200.4727 159.5808 15.27381835754774
3.0,GENERATED VIA SPACE-TRACK.ORG API,2025-11-11 04:56:40+00:00,18 SPCS,HST,1990-037B,EARTH,TEME,UTC,SGP4,2025-11-10 18:47:22.433856+00:00,15.27415827,0.00014285,28.4674,129.9030,233.2938,126.7526,0,U,20580,999,75510,0.00031708277000,0.00008983,0.0000000000000,6861.678,94.277,484.523,482.563,PAYLOAD,LARGE,US,1990-04-24,AFETR,,4877201,302252704,0 HST,1 20580U 90037B   25314.78289854  .00008983  00000-0  31708-3 0  9990,2 20580  28.4674 129.9030 0001429 233.2938 126.7526 15.27415827755107
3.0,GENERATED VIA SPACE-TRACK.ORG API,2025-11-11 13:10:28+00:00,18 SPCS,HST,1990-037B,EARTH,TEME,UTC,SGP4,2025-11-10 18:47:22.414848+00:00,15.27415033,0.00014257,28.4673,129.9029,233.3500,126.6964,0,U,20580,999,75510,0.00029101438000,0.00008261,0.0000000000000,6861.680,94.277,484.523,482.567,PAYLOAD,LARGE,US,1990-04-24,AFETR,,4877249,302284044,0 HST,1 20580U 90037B   25314.78289832  .00008261  00000-0  29101-3 0  9999,2 20580  28.4673 129.9029 0001426 233.3500 126.6964 15.27415033755101
3.0,GENERATED VIA SPACE-TRACK.ORG API,2025-11-12 10:14:37+00:00,18 SPCS,HST,1990-037B,EARTH,TEME,UTC,SGP4,2025-11-11 18:18:40.571712+00:00,15.27432822,0.00013875,28.4674,123.2374,246.9456,113.0993,0,U,20580,999,75525,0.00031275655000,0.00008867,0.0000000000000,6861.627,94.276,484.444,482.540,PAYLOAD,LARGE,US,1990-04-24,AFETR,,4877521,302315467,0 HST,1 20580U 90037B   25315.76296958  .00008867  00000-0  31276-3 0  9993,2 20580  28.4674 123.2374 0001388 246.9456 113.0993 15.27432822755252
3.0,GENERATED VIA SPACE-TRACK.ORG API,2025-11-12 22:36:22+00:00,18 SPCS,HST,1990-037B,EARTH,TEME,UTC,SGP4,2025-11-12 17:49:57.398016+00:00,15.27460761,0.00013700,28.4675,116.5719,260.9920,99.0520,0,U,20580,999,75540,0.00044825000000,0.00012631,0.0000000000000,6861.543,94.274,484.348,482.468,PAYLOAD,LARGE,US,1990-04-24,AFETR,,4878113,302347906,0 HST,1 20580U 90037B   25316.74302544  .00012631  00000-0  44825-3 0  9999,2 20580  28.4675 116.5719 0001370 260.9920  99.0520 15.27460761755403
3.0,GENERATED VIA SPACE-TRACK.ORG API,2025-11-13 02:12:46+00:00,18 SPCS,HST,1990-037B,EARTH,TEME,UTC,SGP4,2025-11-12 17:49:57.398880+00:00,15.27460761,0.00013698,28.4675,116.5719,260.9920,99.0520,0,U,20580,999,75540,0.00044824964000,0.00012631,0.0000000000000,6861.543,94.274,484.348,482.468,PAYLOAD,LARGE,US,1990-04-24,AFETR,,4878500,302361358,0 HST,1 20580U 90037B   25316.74302545  .00012631  00000-0  44825-3 0  9990,2 20580  28.4675 116.5719 0001370 260.9920  99.0520 15.27460761755403
3.0,GENERATED VIA SPACE-TRACK.ORG API,2025-11-13 06:56:29+00:00,18 SPCS,HST,1990-037B,EARTH,TEME,UTC,SGP4,2025-11-12 17:49:57.380736+00:00,15.27462857,0.00013770,28.4676,116.5718,261.5912,98.4527,0,U,20580,999,75540,0.00051187000000,0.00014397,0.0000000000000,6861.537,94.274,484.347,482.457,PAYLOAD,LARGE,US,1990-04-24,AFETR,,4879139,302403625,0 HST,1 20580U 90037B   25316.74302524  .00014397  00000-0  51187-3 0  9997,2 20580  28.4676 116.5718 0001377 261.5912  98.4527 15.27462857755406
3.0,GENERATED VIA SPACE-TRACK.ORG API,2025-11-13 10:40:24+00:00,18 SPCS,HST,1990-037B,EARTH,TEME,UTC,SGP4,2025-11-12 17:49:57.381600+00:00,15.27462858,0.00013771,28.4676,116.5718,261.5912,98.4527,0,U,20580,999,75540,0.00051186556000,0.00014397,0.0000000000000,6861.537,94.274,484.347,482.457,PAYLOAD,LARGE,US,1990-04-24,AFETR,,4879227,302409959,0 HST,1 20580U 90037B   25316.74302525  .00014397  00000-0  51187-3 0  9998,2 20580  28.4676 116.5718 0001377 261.5912  98.4527 15.27462858755407
3.0,GENERATED VIA SPACE-TRACK.ORG API,2025-11-13 17:29:16+00:00,18 SPCS,HST,1990-037B,EARTH,TEME,UTC,SGP4,2025-11-13 11:04:52.483584+00:00,15.27488527,0.00013664,28.4674,111.6834,272.2041,87.8398,0,U,20580,999,75551,0.00052060780000,0.00014651,0.0000000000000,6861.460,94.272,484.263,482.387,PAYLOAD,LARGE,US,1990-04-24,AFETR,,4879347,302441704,0 HST,1 20580U 90037B   25317.46171856  .00014651  00000-0  52061-3 0  9994,2 20580  28.4674 111.6834 0001366 272.2041  87.8398 15.27488527755511
3.0,GENERATED VIA SPACE-TRACK.ORG API,2025-11-13 20:56:23+00:00,18 SPCS,HST,1990-037B,EARTH,TEME,UTC,SGP4,2025-11-13 11:04:52.482720+00:00,15.27488527,0.00013660,28.4674,111.6834,272.2041,87.8398,0,U,20580,999,75551,0.00052061000000,0.00014651,0.0000000000000,6861.460,94.272,484.262,482.388,PAYLOAD,LARGE,US,1990-04-24,AFETR,,4879644,302475909,0 HST,1 20580U 90037B   25317.46171855  .00014651  00000-0  52061-3 0  9993,2 20580  28.4674 111.6834 0001366 272.2041  87.8398 15.27488527755511
3.0,GENERATED VIA SPACE-TRACK.ORG API,2025-11-13 22:26:21+00:00,18 SPCS,HST,1990-037B,EARTH,TEME,UTC,SGP4,2025-11-13 18:55:17.239872+00:00,15.27498058,0.00014060,28.4676,109.4617,277.9464,82.0971,0,U,20580,999,75556,0.00049609000000,0.00013974,0.0000000000000,6861.431,94.272,484.261,482.332,PAYLOAD,LARGE,US,1990-04-24,AFETR,,4880137,302487496,0 HST,1 20580U 90037B   25317.78839398  .00013974  00000-0  49609-3 0  9992,2 20580  28.4676 109.4617 0001406 277.9464  82.0971 15.27498058755562
3.0,GENERATED VIA SPACE-TRACK.ORG API,2025-11-14 05:14:30+00:00,18 SPCS,HST,1990-037B,EARTH,TEME,UTC,SGP4,2025-11-13 18:55:17.240736+00:00,15.27498058,0.00014065,28.4676,109.4617,277.9464,82.0971,0,U,20580,999,75556,0.00049609132000,0.00013974,0.0000000000000,6861.431,94.272,484.262,482.331,PAYLOAD,LARGE,US,1990-04-24,AFETR,,4880457,302499592,0 HST,1 20580U 90037B   25317.78839399  .00013974  00000-0  49609-3 0  9993,2 20580  28.4676 109.4617 0001406 277.9464  82.0971 15.27498058755562
3.0,GENERATED VIA SPACE-TRACK.ORG API,2025-11-14 10:08:26+00:00,18 SPCS,HST,1990-037B,EARTH,TEME,UTC,SGP4,2025-11-13 18:55:17.239008+00:00,15.27499624,0.00014019,28.4676,109.4617,277.9729,82.0707,0,U,20580,999,75556,0.00054543384000,0.00015346,0.0000000000000,6861.427,94.272,484.254,482.330,PAYLOAD,LARGE,US,1990-04-24,AFETR,,4880535,302532227,0 HST,1 20580U 90037B   25317.78839397  .00015346  00000-0  54543-3 0  9999,2 20580  28.4676 109.4617 0001402 277.9729  82.0707 15.27499624755569
3.0,GENERATED VIA SPACE-TRACK.ORG API,2025-11-14 21:16:27+00:00,18 SPCS,HST,1990-037B,EARTH,TEME,UTC,SGP4,2025-11-14 16:52:25.876992+00:00,15.27514736,0.00013690,28.4675,103.2400,288.8831,71.1616,0,U,20580,999,75570,0.00030207000000,0.00008593,0.0000000000000,6861.382,94.271,484.186,482.307,PAYLOAD,LARGE,US,1990-04-24,AFETR,,4881139,302572797,0 HST,1 20580U 90037B   25318.70307728  .00008593  00000-0  30207-3 0  9997,2 20580  28.4675 103.2400 0001369 288.8831  71.1616 15.27514736755703
3.0,GENERATED VIA SPACE-TRACK.ORG API,2025-11-15 15:06:34+00:00,18 SPCS,HST,1990-037B,EARTH,TEME,UTC,SGP4,2025-11-15 11:41:24.002304+00:00,15.27530304,0.00013700,28.4676,97.9071,300.4143,59.6317,0,U,20580,999,75582,0.00030346000000,0.00008635,0.0000000000000,6861.335,94.270,484.140,482.260,PAYLOAD,LARGE,US,1990-04-24,AFETR,,4882143,302596857,0 HST,1 20580U 90037B   25319.48708336  .00008635  00000-0  30346-3 0  9994,2 20580  28.4676  97.9071 0001370 300.4143  59.6317 15.27530304755827
3.0,GENERATED VIA SPACE-TRACK.ORG API,2025-11-15 22:26:18+00:00,18 SPCS,HST,1990-037B,EARTH,TEME,UTC,SGP4,2025-11-15 16:23:38.440320+00:00,15.27534136,0.00013760,28.4677,96.5739,302.9143,57.1320,0,U,20580,999,75585,0.00032437000000,0.00009217,0.0000000000000,6861.323,94.270,484.133,482.244,PAYLOAD,LARGE,US,1990-04-24,AFETR,,4882735,302611063,0 HST,1 20580U 90037B   25319.68308380  .00009217  00000-0  32437-3 0  9991,2 20580  28.4677  96.5739 0001376 302.9143  57.1320 15.27534136755854
3.0,GENERATED VIA SPACE-TRACK.ORG API,2025-11-16 23:15:52+00:00,18 SPCS,HST,1990-037B,EARTH,TEME,UTC,SGP4,2025-11-16 01:48:07.182432+00:00,15.27542280,0.00013624,28.4678,93.9072,308.3820,51.6653,0,U,20580,999,75591,0.00033713177000,0.00009574,0.0000000000000,6861.299,94.269,484.099,482.229,PAYLOAD,LARGE,US,1990-04-24,AFETR,,4883990,302645816,0 HST,1 20580U 90037B   25320.07508313  .00009574  00000-0  33713-3 0  9998,2 20580  28.4678  93.9072 0001362 308.3820  51.6653 15.27542280755917
3.0,GENERATED VIA SPACE-TRACK.ORG API,2025-11-16 23:17:45+00:00,18 SPCS,HST,1990-037B,EARTH,TEME,UTC,SGP4,2025-11-16 15:54:49.966848+00:00,15.27554036,0.00014090,28.4680,89.9077,316.9081,43.1403,0,U,20580,999,75600,0.00035759000000,0.00010146,0.0000000000000,6861.264,94.268,484.096,482.162,PAYLOAD,LARGE,US,1990-04-24,AFETR,,4884246,302661170,0 HST,1 20580U 90037B   25320.66307832  .00010146  00000-0  35759-3 0  9995,2 20580  28.4680  89.9077 0001409 316.9081  43.1403 15.27554036756008
3.0,GENERATED VIA SPACE-TRACK.ORG API,2025-11-17 17:28:55+00:00,18 SPCS,HST,1990-037B,EARTH,TEME,UTC,SGP4,2025-11-16 15:54:49.963392+00:00,15.27554143,0.00014077,28.4680,89.9077,316.8688,43.1796,0,U,20580,999,75600,0.00035839683000,0.00010168,0.0000000000000,6861.264,94.268,484.094,482.163,PAYLOAD,LARGE,US,1990-04-24,AFETR,,4885416,302740895,0 HST,1 20580U 90037B   25320.66307828  .00010168  00000-0  35840-3 0  9995,2 20580  28.4680  89.9077 0001408 316.8688  43.1796 15.27554143756003
3.0,GENERATED VIA SPACE-TRACK.ORG API,2025-11-17 23:06:39+00:00,18 SPCS,HST,1990-037B,EARTH,TEME,UTC,SGP4,2025-11-17 15:26:00.344256+00:00,15.27574425,0.00014600,28.4683,83.2419,330.3041,29.7471,0,U,20580,999,75615,0.00034065000000,0.00009681,0.0000000000000,6861.203,94.267,484.070,482.066,PAYLOAD,LARGE,US,1990-04-24,AFETR,,4885911,302776297,0 HST,1 20580U 90037B   25321.64305954  .00009681  00000-0  34065-3 0  9998,2 20580  28.4683  83.2419 0001460 330.3041  29.7471 15.27574425756156
3.0,GENERATED VIA SPACE-TRACK.ORG API,2025-11-18 07:26:18+00:00,18 SPCS,HST,1990-037B,EARTH,TEME,UTC,SGP4,2025-11-17 15:26:00.340800+00:00,15.27573676,0.00014400,28.4682,83.2418,330.0019,30.0493,0,U,20580,999,75615,0.00032589000000,0.00009270,0.0000000000000,6861.205,94.267,484.058,482.082,PAYLOAD,LARGE,US,1990-04-24,AFETR,,4886660,302856322,0 HST,1 20580U 90037B   25321.64305950  .00009270  00000-0  32589-3 0  9997,2 20580  28.4682  83.2418 0001440 330.0019  30.0493 15.27573676756150
3.0,GENERATED VIA SPACE-TRACK.ORG API,2025-11-18 23:16:21+00:00,18 SPCS,HST,1990-037B,EARTH,TEME,UTC,SGP4,2025-11-18 14:57:09.714240+00:00,15.27591520,0.00015060,28.4685,76.5759,342.8613,17.1931,0,U,20580,999,75630,0.00029616000000,0.00008448,0.0000000000000,6861.152,94.266,484.050,481.983,PAYLOAD,LARGE,US,1990-04-24,AFETR,,4888331,302918046,0 HST,1 20580U 90037B   25322.62302910  .00008448  00000-0  29616-3 0  9992,2 20580  28.4685  76.5759 0001506 342.8613  17.1931 15.27591520756308
3.0,GENERATED VIA SPACE-TRACK.ORG API,2025-11-19 10:06:41+00:00,18 SPCS,HST,1990-037B,EARTH,TEME,UTC,SGP4,2025-11-19 00:21:37.191456+00:00,15.27597119,0.00015468,28.4686,73.9096,347.7149,12.3408,0,U,20580,999,75636,0.00026402830000,0.00007556,0.0000000000000,6861.135,94.266,484.061,481.939,PAYLOAD,LARGE,US,1990-04-24,AFETR,,4888758,302963618,0 HST,1 20580U 90037B   25323.01501379  .00007556  00000-0  26403-3 0  9996,2 20580  28.4686  73.9096 0001547 347.7149  12.3408 15.27597119756369
3.0,GENERATED VIA SPACE-TRACK.ORG API,2025-11-19 17:40:52+00:00,18 SPCS,HST,1990-037B,EARTH,TEME,UTC,SGP4,2025-11-19 14:28:18.185664+00:00,15.27606596,0.00015735,28.4689,69.9102,355.1185,4.9395,0,U,20580,999,75645,0.00025870868000,0.00007410,0.0000000000000,6861.106,94.265,484.051,481.892,PAYLOAD,LARGE,US,1990-04-24,AFETR,,4888916,302995001,0 HST,1 20580U 90037B   25323.60298826  .00007410  00000-0  25871-3 0  9998,2 20580  28.4689  69.9102 0001573 355.1185   4.9395 15.27606596756459
3.0,GENERATED VIA SPACE-TRACK.ORG API,2025-11-19 22:36:20+00:00,18 SPCS,HST,1990-037B,EARTH,TEME,UTC,SGP4,2025-11-19 16:02:22.721856+00:00,15.27607557,0.00015850,28.4689,69.4658,355.9508,4.1074,0,U,20580,999,75646,0.00025660000000,0.00007351,0.0000000000000,6861.104,94.265,484.056,481.881,PAYLOAD,LARGE,US,1990-04-24,AFETR,,4889284,303029160,0 HST,1 20580U 90037B   25323.66831854  .00007351  00000-0  25660-3 0  9998,2 20580  28.4689  69.4658 0001585 355.9508   4.1074 15.27607557756465
3.0,GENERATED VIA SPACE-TRACK.ORG API,2025-11-20 02:25:01+00:00,18 SPCS,HST,1990-037B,EARTH,TEME,UTC,SGP4,2025-11-19 16:02:22.733952+00:00,15.27607450,0.00015890,28.4689,69.4659,356.0522,4.0060,0,U,20580,999,75646,0.00025724722000,0.00007369,0.0000000000000,6861.104,94.265,484.059,481.879,PAYLOAD,LARGE,US,1990-04-24,AFETR,,4889683,303043561,0 HST,1 20580U 90037B   25323.66831868  .00007369  00000-0  25725-3 0  9994,2 20580  28.4689  69.4659 0001589 356.0522   4.0060 15.27607450756464
3.0,GENERATED VIA SPACE-TRACK.ORG API,2025-11-20 11:24:48+00:00,18 SPCS,HST,1990-037B,EARTH,TEME,UTC,SGP4,2025-11-19 23:52:45.368256+00:00,15.27611976,0.00016140,28.4690,67.2438,359.6283,0.4311,0,U,20580,999,75651,0.00024976452000,0.00007162,0.0000000000000,6861.090,94.265,484.063,481.848,PAYLOAD,LARGE,US,1990-04-24,AFETR,,4889748,303074552,0 HST,1 20580U 90037B   25323.99496954  .00007162  00000-0  24976-3 0  9991,2 20580  28.4690  67.2438 0001614 359.6283   0.4311 15.27611976756512
3.0,GENERATED VIA SPACE-TRACK.ORG API,2025-11-21 03:06:45+00:00,18 SPCS,HST,1990-037B,EARTH,TEME,UTC,SGP4,2025-11-20 13:59:25.932192+00:00,15.27620611,0.00016671,28.4692,63.2448,6.7380,353.3238,0,U,20580,999,75660,0.00025334432000,0.00007263,0.0000000000000,6861.064,94.264,484.073,481.786,PAYLOAD,LARGE,US,1990-04-24,AFETR,,4890904,303131491,0 HST,1 20580U 90037B   25324.58293903  .00007263  00000-0  25334-3 0  9997,2 20580  28.4692  63.2448 0001667   6.7380 353.3238 15.27620611756601
3.0,GENERATED VIA SPACE-TRACK.ORG API,2025-11-21 07:16:35+00:00,18 SPCS,HST,1990-037B,EARTH,TEME,UTC,SGP4,2025-11-20 13:59:25.922688+00:00,15.27620494,0.00016670,28.4692,63.2448,6.7179,353.3438,0,U,20580,999,75660,0.00024759000000,0.00007103,0.0000000000000,6861.065,94.264,484.074,481.786,PAYLOAD,LARGE,US,1990-04-24,AFETR,,4891210,303166197,0 HST,1 20580U 90037B   25324.58293892  .00007103  00000-0  24759-3 0  9997,2 20580  28.4692  63.2448 0001667   6.7179 353.3438 15.27620494756608
3.0,GENERATED VIA SPACE-TRACK.ORG API,2025-11-21 20:06:31+00:00,18 SPCS,HST,1990-037B,EARTH,TEME,UTC,SGP4,2025-11-21 08:48:19.492128+00:00,15.27634444,0.00017180,28.4694,57.9121,15.6514,344.4134,0,U,20580,999,75672,0.00029773000000,0.00008503,0.0000000000000,6861.023,94.263,484.067,481.709,PAYLOAD,LARGE,US,1990-04-24,AFETR,,4891979,303183999,0 HST,1 20580U 90037B   25325.36689227  .00008503  00000-0  29773-3 0  9991,2 20580  28.4694  57.9121 0001718  15.6514 344.4134 15.27634444756724
3.0,GENERATED VIA SPACE-TRACK.ORG API,2025-11-22 07:46:36+00:00,18 SPCS,HST,1990-037B,EARTH,TEME,UTC,SGP4,2025-11-21 08:48:19.485216+00:00,15.27634302,0.00017150,28.4694,57.9121,15.6328,344.4320,0,U,20580,999,75672,0.00029185000000,0.00008339,0.0000000000000,6861.024,94.263,484.065,481.712,PAYLOAD,LARGE,US,1990-04-24,AFETR,,4893233,303213778,0 HST,1 20580U 90037B   25325.36689219  .00008339  00000-0  29185-3 0  9996,2 20580  28.4694  57.9121 0001715  15.6328 344.4320 15.27634302756724
3.0,GENERATED VIA SPACE-TRACK.ORG API,2025-11-22 15:36:19+00:00,18 SPCS,HST,1990-037B,EARTH,TEME,UTC,SGP4,2025-11-22 08:19:25.567680+00:00,15.27652107,0.00017850,28.4697,51.2463,26.3780,333.6906,0,U,20580,999,75687,0.00031369000000,0.00008952,0.0000000000000,6860.970,94.262,484.060,481.611,PAYLOAD,LARGE,US,1990-04-24,AFETR,,4893888,303228487,0 HST,1 20580U 90037B   25326.34682370  .00008952  00000-0  31369-3 0  9994,2 20580  28.4697  51.2463 0001785  26.3780 333.6906 15.27652107756870
3.0,GENERATED VIA SPACE-TRACK.ORG API,2025-11-22 18:56:57+00:00,18 SPCS,HST,1990-037B,EARTH,TEME,UTC,SGP4,2025-11-22 08:19:25.568544+00:00,15.27652107,0.00017850,28.4697,51.2463,26.3780,333.6906,0,U,20580,999,75687,0.00031368683000,0.00008952,0.0000000000000,6860.970,94.262,484.060,481.610,PAYLOAD,LARGE,US,1990-04-24,AFETR,,4894246,303242759,0 HST,1 20580U 90037B   25326.34682371  .00008952  00000-0  31369-3 0  9995,2 20580  28.4697  51.2463 0001785  26.3780 333.6906 15.27652107756870
3.0,GENERATED VIA SPACE-TRACK.ORG API,2025-11-23 06:36:23+00:00,18 SPCS,HST,1990-037B,EARTH,TEME,UTC,SGP4,2025-11-22 08:19:25.578048+00:00,15.27650885,0.00017810,28.4697,51.2463,26.3664,333.7022,0,U,20580,999,75687,0.00028782000000,0.00008231,0.0000000000000,6860.974,94.262,484.061,481.617,PAYLOAD,LARGE,US,1990-04-24,AFETR,,4895183,303292173,0 HST,1 20580U 90037B   25326.34682382  .00008231  00000-0  28782-3 0  9992,2 20580  28.4697  51.2463 0001781  26.3664 333.7022 15.27650885756878
3.0,GENERATED VIA SPACE-TRACK.ORG API,2025-11-23 14:36:21+00:00,18 SPCS,HST,1990-037B,EARTH,TEME,UTC,SGP4,2025-11-23 06:16:26.446080+00:00,15.27665927,0.00018480,28.4698,45.0251,35.9855,324.0864,0,U,20580,999,75701,0.00028069000000,0.00008036,0.0000000000000,6860.929,94.261,484.062,481.526,PAYLOAD,LARGE,US,1990-04-24,AFETR,,4895836,303308282,0 HST,1 20580U 90037B   25327.26141720  .00008036  00000-0  28069-3 0  9991,2 20580  28.4698  45.0251 0001848  35.9855 324.0864 15.27665927757014
3.0,GENERATED VIA SPACE-TRACK.ORG API,2025-11-24 07:26:19+00:00,18 SPCS,HST,1990-037B,EARTH,TEME,UTC,SGP4,2025-11-23 06:16:26.455584+00:00,15.27666040,0.00018490,28.4698,45.0250,35.9862,324.0857,0,U,20580,999,75701,0.00028690000000,0.00008209,0.0000000000000,6860.928,94.261,484.062,481.525,PAYLOAD,LARGE,US,1990-04-24,AFETR,,4897120,303370784,0 HST,1 20580U 90037B   25327.26141731  .00008209  00000-0  28690-3 0  9995,2 20580  28.4698  45.0250 0001849  35.9862 324.0857 15.27666040757011
3.0,GENERATED VIA SPACE-TRACK.ORG API,2025-11-24 15:16:29+00:00,18 SPCS,HST,1990-037B,EARTH,TEME,UTC,SGP4,2025-11-24 05:47:30.890400+00:00,15.27680812,0.00019150,28.4700,38.3591,46.3474,313.7280,0,U,20580,999,75716,0.00028128000000,0.00008056,0.0000000000000,6860.884,94.261,484.063,481.435,PAYLOAD,LARGE,US,1990-04-24,AFETR,,4897818,303387282,0 HST,1 20580U 90037B   25328.24132975  .00008056  00000-0  28128-3 0  9990,2 20580  28.4700  38.3591 0001915  46.3474 313.7280 15.27680812757161
3.0,GENERATED VIA SPACE-TRACK.ORG API,2025-11-24 23:46:19+00:00,18 SPCS,HST,1990-037B,EARTH,TEME,UTC,SGP4,2025-11-24 12:03:47.918016+00:00,15.27685337,0.00019410,28.4700,36.5817,49.2453,310.8310,0,U,20580,999,75720,0.00028642000000,0.00008200,0.0000000000000,6860.871,94.260,484.067,481.404,PAYLOAD,LARGE,US,1990-04-24,AFETR,,4898717,303438293,0 HST,1 20580U 90037B   25328.50263794  .00008200  00000-0  28642-3 0  9995,2 20580  28.4700  36.5817 0001941  49.2453 310.8310 15.27685337757204
3.0,GENERATED VIA SPACE-TRACK.ORG API,2025-11-25 03:42:27+00:00,18 SPCS,HST,1990-037B,EARTH,TEME,UTC,SGP4,2025-11-24 21:28:13.346688+00:00,15.27692216,0.00019623,28.4701,33.9153,52.6609,307.4164,0,U,20580,999,75726,0.00030881985000,0.00008827,0.0000000000000,6860.850,94.260,484.061,481.369,PAYLOAD,LARGE,US,1990-04-24,AFETR,,4899133,303452859,0 HST,1 20580U 90037B   25328.89459892  .00008827  00000-0  30882-3 0  9997,2 20580  28.4701  33.9153 0001962  52.6609 307.4164 15.27692216757262
3.0,GENERATED VIA SPACE-TRACK.ORG API,2025-11-25 08:16:20+00:00,18 SPCS,HST,1990-037B,EARTH,TEME,UTC,SGP4,2025-11-24 21:28:13.344960+00:00,15.27692219,0.00019620,28.4701,33.9153,52.6598,307.4176,0,U,20580,999,75726,0.00030886000000,0.00008828,0.0000000000000,6860.850,94.260,484.061,481.369,PAYLOAD,LARGE,US,1990-04-24,AFETR,,4899527,303489245,0 HST,1 20580U 90037B   25328.89459890  .00008828  00000-0  30886-3 0  9990,2 20580  28.4701  33.9153 0001962  52.6598 307.4176 15.27692219757265
3.0,GENERATED VIA SPACE-TRACK.ORG API,2025-11-25 14:46:34+00:00,18 SPCS,HST,1990-037B,EARTH,TEME,UTC,SGP4,2025-11-25 11:34:51.182976+00:00,15.27702932,0.00020010,28.4701,29.9158,58.7952,301.2839,0,U,20580,999,75735,0.00031969000000,0.00009134,0.0000000000000,6860.818,94.259,484.056,481.310,PAYLOAD,LARGE,US,1990-04-24,AFETR,,4900401,303509334,0 HST,1 20580U 90037B   25329.48253684  .00009134  00000-0  31969-3 0  9993,2 20580  28.4701  29.9158 0002001  58.7952 301.2839 15.27702932757353
3.0,GENERATED VIA SPACE-TRACK.ORG API,2025-11-25 17:18:59+00:00,18 SPCS,HST,1990-037B,EARTH,TEME,UTC,SGP4,2025-11-25 06:52:38.612928+00:00,15.27699404,0.00019880,28.4701,31.2490,56.7907,303.2879,0,U,20580,999,75732,0.00031952407000,0.00009128,0.0000000000000,6860.829,94.259,484.057,481.330,PAYLOAD,LARGE,US,1990-04-24,AFETR,,4900866,303524287,0 HST,1 20580U 90037B   25329.28655802  .00009128  00000-0  31952-3 0  9994,2 20580  28.4701  31.2490 0001988  56.7907 303.2879 15.27699404757321
3.0,GENERATED VIA SPACE-TRACK.ORG API,2025-11-26 08:16:18+00:00,18 SPCS,HST,1990-037B,EARTH,TEME,UTC,SGP4,2025-11-26 04:49:36.985728+00:00,15.27714577,0.00020250,28.4701,25.0274,65.3604,294.7201,0,U,20580,999,75746,0.00030762000000,0.00008800,0.0000000000000,6860.783,94.258,484.037,481.259,PAYLOAD,LARGE,US,1990-04-24,AFETR,,4902098,303580014,0 HST,1 20580U 90037B   25330.20112252  .00008800  00000-0  30762-3 0  9999,2 20580  28.4701  25.0274 0002025  65.3604 294.7201 15.27714577757462
3.0,GENERATED VIA SPACE-TRACK.ORG API,2025-11-26 11:31:21+00:00,18 SPCS,HST,1990-037B,EARTH,TEME,UTC,SGP4,2025-11-25 20:59:16.221120+00:00,15.27709076,0.00020120,28.4702,27.2493,61.8729,298.2070,0,U,20580,999,75741,0.00030781313000,0.00008804,0.0000000000000,6860.800,94.259,484.045,481.284,PAYLOAD,LARGE,US,1990-04-24,AFETR,,4902534,303594410,0 HST,1 20580U 90037B   25329.87449330  .00008804  00000-0  30781-3 0  9995,2 20580  28.4702  27.2493 0002012  61.8729 298.2070 15.27709076757411
3.0,GENERATED VIA SPACE-TRACK.ORG API,2025-11-26 14:46:36+00:00,18 SPCS,HST,1990-037B,EARTH,TEME,UTC,SGP4,2025-11-26 11:05:53.507040+00:00,15.27718463,0.00020440,28.4702,23.2499,67.8457,292.2355,0,U,20580,999,75750,0.00028700000000,0.00008225,0.0000000000000,6860.772,94.258,484.039,481.234,PAYLOAD,LARGE,US,1990-04-24,AFETR,,4902928,303630544,0 HST,1 20580U 90037B   25330.46242485  .00008225  00000-0  28700-3 0  9999,2 20580  28.4702  23.2499 0002044  67.8457 292.2355 15.27718463757502
3.0,GENERATED VIA SPACE-TRACK.ORG API,2025-11-26 18:00:39+00:00,18 SPCS,HST,1990-037B,EARTH,TEME,UTC,SGP4,2025-11-26 04:49:36.986592+00:00,15.27714577,0.00020253,28.4701,25.0274,65.3604,294.7202,0,U,20580,999,75746,0.00030762123000,0.00008800,0.0000000000000,6860.783,94.258,484.038,481.259,PAYLOAD,LARGE,US,1990-04-24,AFETR,,4903404,303646322,0 HST,1 20580U 90037B   25330.20112253  .00008800  00000-0  30762-3 0  9990,2 20580  28.4701  25.0274 0002025  65.3604 294.7202 15.27714577757463
3.0,GENERATED VIA SPACE-TRACK.ORG API,2025-11-26 23:26:32+00:00,18 SPCS,HST,1990-037B,EARTH,TEME,UTC,SGP4,2025-11-26 12:39:57.618144+00:00,15.27720428,0.00020510,28.4702,22.8054,68.4197,291.6616,0,U,20580,999,75751,0.00030392000000,0.00008698,0.0000000000000,6860.766,94.258,484.038,481.223,PAYLOAD,LARGE,US,1990-04-24,AFETR,,4903750,303680886,0 HST,1 20580U 90037B   25330.52775021  .00008698  00000-0  30392-3 0  9997,2 20580  28.4702  22.8054 0002051  68.4197 291.6616 15.27720428757518
3.0,GENERATED VIA SPACE-TRACK.ORG API,2025-11-27 03:52:41+00:00,18 SPCS,HST,1990-037B,EARTH,TEME,UTC,SGP4,2025-11-26 12:39:57.619008+00:00,15.27719924,0.00020515,28.4702,22.8054,68.3896,291.6918,0,U,20580,999,75751,0.00029201713000,0.00008365,0.0000000000000,6860.767,94.258,484.040,481.225,PAYLOAD,LARGE,US,1990-04-24,AFETR,,4904132,303694316,0 HST,1 20580U 90037B   25330.52775022  .00008365  00000-0  29202-3 0  9997,2 20580  28.4702  22.8054 0002051  68.3896 291.6918 15.27719924757517
3.0,GENERATED VIA SPACE-TRACK.ORG API,2025-11-27 13:14:25+00:00,18 SPCS,HST,1990-037B,EARTH,TEME,UTC,SGP4,2025-11-27 05:54:42.703776+00:00,15.27730621,0.00020694,28.4702,17.9168,75.4692,284.6133,0,U,20580,999,75762,0.00026723279000,0.00007676,0.0000000000000,6860.735,94.257,484.020,481.180,PAYLOAD,LARGE,US,1990-04-24,AFETR,,4904843,303741905,0 HST,1 20580U 90037B   25331.24632759  .00007676  00000-0  26723-3 0  9995,2 20580  28.4702  17.9168 0002069  75.4692 284.6133 15.27730621757620
3.0,GENERATED VIA SPACE-TRACK.ORG API,2025-11-28 05:28:23+00:00,18 SPCS,HST,1990-037B,EARTH,TEME,UTC,SGP4,2025-11-27 20:01:19.227648+00:00,15.27740343,0.00020896,28.4701,13.9170,80.7798,279.3033,0,U,20580,999,75771,0.00027468298000,0.00007886,0.0000000000000,6860.706,94.257,484.005,481.137,PAYLOAD,LARGE,US,1990-04-24,AFETR,,4904942,303774390,0 HST,1 20580U 90037B   25331.83425032  .00007886  00000-0  27468-3 0  9994,2 20580  28.4701  13.9170 0002090  80.7798 279.3033 15.27740343757710
3.0,GENERATED VIA SPACE-TRACK.ORG API,2025-11-28 07:16:51+00:00,18 SPCS,HST,1990-037B,EARTH,TEME,UTC,SGP4,2025-11-28 03:51:39.409920+00:00,15.27745701,0.00020950,28.4701,11.6949,84.1841,275.8992,0,U,20580,999,75776,0.00028563000000,0.00008193,0.0000000000000,6860.690,94.257,483.992,481.118,PAYLOAD,LARGE,US,1990-04-24,AFETR,,4905257,303809456,0 HST,1 20580U 90037B   25332.16087280  .00008193  00000-0  28563-3 0  9999,2 20580  28.4701  11.6949 0002095  84.1841 275.8992 15.27745701757764
3.0,GENERATED VIA SPACE-TRACK.ORG API,2025-11-28 20:32:39+00:00,18 SPCS,HST,1990-037B,EARTH,TEME,UTC,SGP4,2025-11-28 10:07:55.437888+00:00,15.27750053,0.00021074,28.4702,9.9173,86.7238,273.3598,0,U,20580,999,75780,0.00027663599000,0.00007943,0.0000000000000,6860.677,94.256,483.988,481.096,PAYLOAD,LARGE,US,1990-04-24,AFETR,,4905705,303824622,0 HST,1 20580U 90037B   25332.42216942  .00007943  00000-0  27664-3 0  9990,2 20580  28.4702   9.9173 0002107  86.7238 273.3598 15.27750053757802
3.0,GENERATED VIA SPACE-TRACK.ORG API,2025-11-28 23:26:35+00:00,18 SPCS,HST,1990-037B,EARTH,TEME,UTC,SGP4,2025-11-28 19:32:19.402944+00:00,15.27755767,0.00021070,28.4701,7.2506,90.1002,269.9835,0,U,20580,999,75786,0.00026733000000,0.00007684,0.0000000000000,6860.660,94.256,483.970,481.079,PAYLOAD,LARGE,US,1990-04-24,AFETR,,4905808,303854965,0 HST,1 20580U 90037B   25332.81411346  .00007684  00000-0  26733-3 0  9996,2 20580  28.4701   7.2506 0002107  90.1002 269.9835 15.27755767757868
3.0,GENERATED VIA SPACE-TRACK.ORG API,2025-11-29 06:56:33+00:00,18 SPCS,HST,1990-037B,EARTH,TEME,UTC,SGP4,2025-11-29 04:56:43.240128+00:00,15.27762687,0.00021090,28.4702,4.5841,94.2560,265.8276,0,U,20580,999,75792,0.00028420000000,0.00008158,0.0000000000000,6860.639,94.255,483.951,481.057,PAYLOAD,LARGE,US,1990-04-24,AFETR,,4906529,303872150,0 HST,1 20580U 90037B   25333.20605602  .00008158  00000-0  28420-3 0  9992,2 20580  28.4702   4.5841 0002109  94.2560 265.8276 15.27762687757927
3.0,GENERATED VIA SPACE-TRACK.ORG API,2025-11-29 22:36:21+00:00,18 SPCS,HST,1990-037B,EARTH,TEME,UTC,SGP4,2025-11-29 19:03:18.658080+00:00,15.27771999,0.00021140,28.4702,0.5841,99.4437,260.6397,0,U,20580,999,75801,0.00026663000000,0.00007668,0.0000000000000,6860.611,94.255,483.927,481.026,PAYLOAD,LARGE,US,1990-04-24,AFETR,,4907269,303920784,0 HST,1 20580U 90037B   25333.79396595  .00007668  00000-0  26663-3 0  9996,2 20580  28.4702   0.5841 0002114  99.4437 260.6397 15.27771999758013
3.0,GENERATED VIA SPACE-TRACK.ORG API,2025-11-30 07:26:49+00:00,18 SPCS,HST,1990-037B,EARTH,TEME,UTC,SGP4,2025-11-30 02:53:38.208768+00:00,15.27779480,0.00021140,28.4702,358.3621,102.7103,257.3728,0,U,20580,999,75806,0.00031576000000,0.00009045,0.0000000000000,6860.589,94.254,483.904,481.004,PAYLOAD,LARGE,US,1990-04-24,AFETR,,4908099,303940991,0 HST,1 20580U 90037B   25334.12058112  .00009045  00000-0  31576-3 0  9994,2 20580  28.4702 358.3621 0002114 102.7103 257.3728 15.27779480758060
3.0,GENERATED VIA SPACE-TRACK.ORG API,2025-11-30 16:06:23+00:00,18 SPCS,HST,1990-037B,EARTH,TEME,UTC,SGP4,2025-11-30 09:09:53.752896+00:00,15.27783634,0.00021230,28.4702,356.5845,105.0914,254.9916,0,U,20580,999,75810,0.00030001000000,0.00008605,0.0000000000000,6860.576,94.254,483.898,480.985,PAYLOAD,LARGE,US,1990-04-24,AFETR,,4908729,303956859,0 HST,1 20580U 90037B   25334.38187214  .00008605  00000-0  30001-3 0  9991,2 20580  28.4702 356.5845 0002123 105.0914 254.9916 15.27783634758107
3.0,GENERATED VIA SPACE-TRACK.ORG API,2025-11-30 17:58:55+00:00,18 SPCS,HST,1990-037B,EARTH,TEME,UTC,SGP4,2025-11-30 09:09:53.753760+00:00,15.27783634,0.00021229,28.4702,356.5845,105.0914,254.9916,0,U,20580,999,75810,0.00030000640000,0.00008605,0.0000000000000,6860.576,94.254,483.898,480.985,PAYLOAD,LARGE,US,1990-04-24,AFETR,,4909172,303972734,0 HST,1 20580U 90037B   25334.38187215  .00008605  00000-0  30001-3 0  9992,2 20580  28.4702 356.5845 0002123 105.0914 254.9916 15.27783634758107
3.0,GENERATED VIA SPACE-TRACK.ORG API,2025-11-30 22:46:33+00:00,18 SPCS,HST,1990-037B,EARTH,TEME,UTC,SGP4,2025-11-30 09:09:53.753760+00:00,15.27783349,0.00021230,28.4702,356.5844,105.0283,255.0547,0,U,20580,999,75810,0.00029310000000,0.00008412,0.0000000000000,6860.577,94.254,483.899,480.986,PAYLOAD,LARGE,US,1990-04-24,AFETR,,4909532,304007778,0 HST,1 20580U 90037B   25334.38187215  .00008412  00000-0  29310-3 0  9999,2 20580  28.4702 356.5844 0002123 105.0283 255.0547 15.27783349758100
3.0,GENERATED VIA SPACE-TRACK.ORG API,2025-12-01 03:48:24+00:00,18 SPCS,HST,1990-037B,EARTH,TEME,UTC,SGP4,2025-11-30 09:09:53.756352+00:00,15.27783460,0.00021234,28.4702,356.5844,105.0138,255.0693,0,U,20580,999,75810,0.00029641648000,0.00008505,0.0000000000000,6860.577,94.254,483.899,480.985,PAYLOAD,LARGE,US,1990-04-24,AFETR,,4909928,304022355,0 HST,1 20580U 90037B   25334.38187218  .00008505  00000-0  29642-3 0  9993,2 20580  28.4702 356.5844 0002123 105.0138 255.0693 15.27783460758105
3.0,GENERATED VIA SPACE-TRACK.ORG API,2025-12-01 10:16:41+00:00,18 SPCS,HST,1990-037B,EARTH,TEME,UTC,SGP4,2025-12-01 03:58:40.042272+00:00,15.27796369,0.00021187,28.4702,351.2512,112.7363,247.3456,0,U,20580,999,75822,0.00029065872000,0.00008347,0.0000000000000,6860.538,94.253,483.857,480.950,PAYLOAD,LARGE,US,1990-04-24,AFETR,,4909947,304053911,0 HST,1 20580U 90037B   25335.16574123  .00008347  00000-0  29066-3 0  9999,2 20580  28.4702 351.2512 0002119 112.7363 247.3456 15.27796369758225
3.0,GENERATED VIA SPACE-TRACK.ORG API,2025-12-01 15:46:20+00:00,18 SPCS,HST,1990-037B,EARTH,TEME,UTC,SGP4,2025-12-01 08:40:51.484800+00:00,15.27801698,0.00021220,28.4702,349.9179,114.4999,245.5817,0,U,20580,999,75825,0.00032575000000,0.00009331,0.0000000000000,6860.522,94.253,483.843,480.932,PAYLOAD,LARGE,US,1990-04-24,AFETR,,4910309,304089593,0 HST,1 20580U 90037B   25335.36170700  .00009331  00000-0  32575-3 0  9997,2 20580  28.4702 349.9179 0002122 114.4999 245.5817 15.27801698758252
3.0,GENERATED VIA SPACE-TRACK.ORG API,2025-12-01 23:26:33+00:00,18 SPCS,HST,1990-037B,EARTH,TEME,UTC,SGP4,2025-12-01 08:40:51.491712+00:00,15.27800045,0.00021190,28.4703,349.9179,114.4622,245.6195,0,U,20580,999,75825,0.00028842000000,0.00008285,0.0000000000000,6860.527,94.253,483.846,480.939,PAYLOAD,LARGE,US,1990-04-24,AFETR,,4911154,304108784,0 HST,1 20580U 90037B   25335.36170708  .00008285  00000-0  28842-3 0  9994,2 20580  28.4703 349.9179 0002119 114.4622 245.6195 15.27800045758257
3.0,GENERATED VIA SPACE-TRACK.ORG API,2025-12-02 02:18:54+00:00,18 SPCS,HST,1990-037B,EARTH,TEME,UTC,SGP4,2025-12-01 08:40:51.485664+00:00,15.27801698,0.00021223,28.4702,349.9179,114.4999,245.5818,0,U,20580,999,75825,0.00032574707000,0.00009331,0.0000000000000,6860.522,94.253,483.843,480.931,PAYLOAD,LARGE,US,1990-04-24,AFETR,,4911537,304122448,0 HST,1 20580U 90037B   25335.36170701  .00009331  00000-0  32575-3 0  9998,2 20580  28.4702 349.9179 0002122 114.4999 245.5818 15.27801698758253
3.0,GENERATED VIA SPACE-TRACK.ORG API,2025-12-02 07:56:32+00:00,18 SPCS,HST,1990-037B,EARTH,TEME,UTC,SGP4,2025-12-02 03:29:37.001760+00:00,15.27814443,0.00021120,28.4702,344.5845,122.2062,237.8738,0,U,20580,999,75837,0.00031384000000,0.00009001,0.0000000000000,6860.484,94.252,483.798,480.900,PAYLOAD,LARGE,US,1990-04-24,AFETR,,4911884,304157479,0 HST,1 20580U 90037B   25336.14556715  .00009001  00000-0  31384-3 0  9999,2 20580  28.4702 344.5845 0002112 122.2062 237.8738 15.27814443758371
3.0,GENERATED VIA SPACE-TRACK.ORG API,2025-12-02 11:04:55+00:00,18 SPCS,HST,1990-037B,EARTH,TEME,UTC,SGP4,2025-12-02 03:29:37.002624+00:00,15.27814443,0.00021117,28.4702,344.5846,122.2062,237.8738,0,U,20580,999,75837,0.00031383807000,0.00009001,0.0000000000000,6860.484,94.252,483.798,480.900,PAYLOAD,LARGE,US,1990-04-24,AFETR,,4912329,304172744,0 HST,1 20580U 90037B   25336.14556716  .00009001  00000-0  31384-3 0  9990,2 20580  28.4702 344.5846 0002112 122.2062 237.8738 15.27814443758372
3.0,GENERATED VIA SPACE-TRACK.ORG API,2025-12-02 14:26:18+00:00,18 SPCS,HST,1990-037B,EARTH,TEME,UTC,SGP4,2025-12-02 09:45:52.013664+00:00,15.27819907,0.00021130,28.4702,342.8069,124.4730,235.6065,0,U,20580,999,75841,0.00032852000000,0.00009413,0.0000000000000,6860.468,94.252,483.782,480.883,PAYLOAD,LARGE,US,1990-04-24,AFETR,,4912507,304203643,0 HST,1 20580U 90037B   25336.40685201  .00009413  00000-0  32852-3 0  9999,2 20580  28.4702 342.8069 0002113 124.4730 235.6065 15.27819907758411
3.0,GENERATED VIA SPACE-TRACK.ORG API,2025-12-03 02:22:38+00:00,18 SPCS,HST,1990-037B,EARTH,TEME,UTC,SGP4,2025-12-02 09:45:52.014528+00:00,15.27819907,0.00021135,28.4702,342.8069,124.4730,235.6065,0,U,20580,999,75841,0.00032851794000,0.00009413,0.0000000000000,6860.468,94.252,483.783,480.883,PAYLOAD,LARGE,US,1990-04-24,AFETR,,4913875,304240000,0 HST,1 20580U 90037B   25336.40685202  .00009413  00000-0  32852-3 0  9990,2 20580  28.4702 342.8069 0002113 124.4730 235.6065 15.27819907758411
3.0,GENERATED VIA SPACE-TRACK.ORG API,2025-12-03 07:26:33+00:00,18 SPCS,HST,1990-037B,EARTH,TEME,UTC,SGP4,2025-12-03 03:00:32.921856+00:00,15.27834499,0.00020940,28.4702,337.9179,131.6621,228.4154,0,U,20580,999,75852,0.00035768000000,0.00010235,0.0000000000000,6860.424,94.251,483.726,480.853,PAYLOAD,LARGE,US,1990-04-24,AFETR,,4914175,304273831,0 HST,1 20580U 90037B   25337.12538104  .00010235  00000-0  35768-3 0  9991,2 20580  28.4702 337.9179 0002094 131.6621 228.4154 15.27834499758529
3.0,GENERATED VIA SPACE-TRACK.ORG API,2025-12-03 11:19:29+00:00,18 SPCS,HST,1990-037B,EARTH,TEME,UTC,SGP4,2025-12-03 07:42:43.985088+00:00,15.27838155,0.00020841,28.4702,336.5846,133.3570,226.7199,0,U,20580,999,75855,0.00035555436000,0.00010177,0.0000000000000,6860.413,94.251,483.708,480.848,PAYLOAD,LARGE,US,1990-04-24,AFETR,,4914710,304290952,0 HST,1 20580U 90037B   25337.32134242  .00010177  00000-0  35555-3 0  9997,2 20580  28.4702 336.5846 0002084 133.3570 226.7199 15.27838155758552
3.0,GENERATED VIA SPACE-TRACK.ORG API,2025-12-03 15:26:29+00:00,18 SPCS,HST,1990-037B,EARTH,TEME,UTC,SGP4,2025-12-03 09:16:47.664192+00:00,15.27839490,0.00020820,28.4702,336.1401,133.9439,226.1328,0,U,20580,999,75856,0.00035826000000,0.00010253,0.0000000000000,6860.409,94.251,483.703,480.846,PAYLOAD,LARGE,US,1990-04-24,AFETR,,4915411,304334726,0 HST,1 20580U 90037B   25337.38666278  .00010253  00000-0  35826-3 0  9998,2 20580  28.4702 336.1401 0002082 133.9439 226.1328 15.27839490758565
3.0,GENERATED VIA SPACE-TRACK.ORG API,2025-12-04 02:28:57+00:00,18 SPCS,HST,1990-037B,EARTH,TEME,UTC,SGP4,2025-12-03 09:16:47.665056+00:00,15.27841183,0.00020843,28.4702,336.1401,133.9629,226.1139,0,U,20580,999,75856,0.00039942227000,0.00011408,0.0000000000000,6860.404,94.251,483.699,480.839,PAYLOAD,LARGE,US,1990-04-24,AFETR,,4915962,304352491,0 HST,1 20580U 90037B   25337.38666279  .00011408  00000-0  39942-3 0  9995,2 20580  28.4702 336.1401 0002084 133.9629 226.1139 15.27841183758560
3.0,GENERATED VIA SPACE-TRACK.ORG API,2025-12-04 08:06:42+00:00,18 SPCS,HST,1990-037B,EARTH,TEME,UTC,SGP4,2025-12-04 04:05:31.278624+00:00,15.27861780,0.00020650,28.4702,330.8065,141.7786,218.2956,0,U,20580,999,75868,0.00048751000000,0.00013889,0.0000000000000,6860.342,94.249,483.624,480.791,PAYLOAD,LARGE,US,1990-04-24,AFETR,,4916218,304384912,0 HST,1 20580U 90037B   25338.17050091  .00013889  00000-0  48751-3 0  9995,2 20580  28.4702 330.8065 0002065 141.7786 218.2956 15.27861780758684
3.0,GENERATED VIA SPACE-TRACK.ORG API,2025-12-04 10:52:37+00:00,18 SPCS,HST,1990-037B,EARTH,TEME,UTC,SGP4,2025-12-04 07:13:38.421696+00:00,15.27866357,0.00020491,28.4702,329.9177,143.2197,216.8539,0,U,20580,999,75870,0.00055017975000,0.00015652,0.0000000000000,6860.329,94.249,483.600,480.788,PAYLOAD,LARGE,US,1990-04-24,AFETR,,4916482,304395014,0 HST,1 20580U 90037B   25338.30113914  .00015652  00000-0  55018-3 0  9998,2 20580  28.4702 329.9177 0002049 143.2197 216.8539 15.27866357758701
3.0,GENERATED VIA SPACE-TRACK.ORG API,2025-12-04 21:16:21+00:00,18 SPCS,HST,1990-037B,EARTH,TEME,UTC,SGP4,2025-12-04 07:13:38.420832+00:00,15.27866357,0.00020490,28.4702,329.9177,143.2197,216.8539,0,U,20580,999,75870,0.00055018000000,0.00015652,0.0000000000000,6860.329,94.249,483.599,480.788,PAYLOAD,LARGE,US,1990-04-24,AFETR,,4916862,304460916,0 HST,1 20580U 90037B   25338.30113913  .00015652  00000-0  55018-3 0  9997,2 20580  28.4702 329.9177 0002049 143.2197 216.8539 15.27866357758701
3.0,GENERATED VIA SPACE-TRACK.ORG API,2025-12-05 03:56:49+00:00,18 SPCS,HST,1990-037B,EARTH,TEME,UTC,SGP4,2025-12-04 07:13:38.419104+00:00,15.27864696,0.00020402,28.4703,329.9176,143.1228,216.9508,0,U,20580,999,75870,0.00049833288000,0.00014194,0.0000000000000,6860.334,94.249,483.598,480.799,PAYLOAD,LARGE,US,1990-04-24,AFETR,,4917780,304487218,0 HST,1 20580U 90037B   25338.30113911  .00014194  00000-0  49833-3 0  9993,2 20580  28.4703 329.9176 0002040 143.1228 216.9508 15.27864696758707
3.0,GENERATED VIA SPACE-TRACK.ORG API,2025-12-05 06:36:21+00:00,18 SPCS,HST,1990-037B,EARTH,TEME,UTC,SGP4,2025-12-05 03:36:24.388128+00:00,15.27887284,0.00020170,28.4702,324.1396,151.8027,208.2678,0,U,20580,999,75883,0.00046822000000,0.00013357,0.0000000000000,6860.266,94.248,483.515,480.747,PAYLOAD,LARGE,US,1990-04-24,AFETR,,4918056,304521403,0 HST,1 20580U 90037B   25339.15028227  .00013357  00000-0  46822-3 0  9997,2 20580  28.4702 324.1396 0002017 151.8027 208.2678 15.27887284758838
3.0,GENERATED VIA SPACE-TRACK.ORG API,2025-12-05 10:48:45+00:00,18 SPCS,HST,1990-037B,EARTH,TEME,UTC,SGP4,2025-12-05 06:44:31.368768+00:00,15.27889575,0.00020162,28.4702,323.2508,153.2318,206.8381,0,U,20580,999,75885,0.00043905019000,0.00012538,0.0000000000000,6860.259,94.248,483.507,480.741,PAYLOAD,LARGE,US,1990-04-24,AFETR,,4918366,304533256,0 HST,1 20580U 90037B   25339.28091862  .00012538  00000-0  43905-3 0  9995,2 20580  28.4702 323.2508 0002016 153.2318 206.8381 15.27889575758853
3.0,GENERATED VIA SPACE-TRACK.ORG API,2025-12-06 06:00:24+00:00,18 SPCS,HST,1990-037B,EARTH,TEME,UTC,SGP4,2025-12-05 06:44:31.367904+00:00,15.27889613,0.00020158,28.4702,323.2507,153.1378,206.9322,0,U,20580,999,75885,0.00044128674000,0.00012601,0.0000000000000,6860.259,94.248,483.507,480.741,PAYLOAD,LARGE,US,1990-04-24,AFETR,,4918504,304565344,0 HST,1 20580U 90037B   25339.28091861  .00012601  00000-0  44129-3 0  9994,2 20580  28.4702 323.2507 0002016 153.1378 206.9322 15.27889613758856
3.0,GENERATED VIA SPACE-TRACK.ORG API,2025-12-06 12:48:24+00:00,18 SPCS,HST,1990-037B,EARTH,TEME,UTC,SGP4,2025-12-06 06:15:22.985280+00:00,15.27913314,0.00019721,28.4702,316.5837,163.5928,196.4731,0,U,20580,999,75900,0.00043422597000,0.00012412,0.0000000000000,6860.188,94.246,483.406,480.700,PAYLOAD,LARGE,US,1990-04-24,AFETR,,4918520,304596928,0 HST,1 20580U 90037B   25340.26068270  .00012412  00000-0  43423-3 0  9998,2 20580  28.4702 316.5837 0001972 163.5928 196.4731 15.27913314759004
3.0,GENERATED VIA SPACE-TRACK.ORG API,2025-12-06 17:59:03+00:00,18 SPCS,HST,1990-037B,EARTH,TEME,UTC,SGP4,2025-12-06 07:49:26.387040+00:00,15.27914955,0.00019714,28.4701,316.1394,164.3487,195.7169,0,U,20580,999,75901,0.00044335219000,0.00012669,0.0000000000000,6860.183,94.246,483.401,480.696,PAYLOAD,LARGE,US,1990-04-24,AFETR,,4918544,304628844,0 HST,1 20580U 90037B   25340.32599985  .00012669  00000-0  44335-3 0  9994,2 20580  28.4701 316.1394 0001971 164.3487 195.7169 15.27914955759015
3.0,GENERATED VIA SPACE-TRACK.ORG API,2025-12-07 05:42:25+00:00,18 SPCS,HST,1990-037B,EARTH,TEME,UTC,SGP4,2025-12-06 07:49:26.387904+00:00,15.27913744,0.00019699,28.4701,316.1394,164.3543,195.7113,0,U,20580,999,75901,0.00040507089000,0.00011592,0.0000000000000,6860.187,94.246,483.403,480.701,PAYLOAD,LARGE,US,1990-04-24,AFETR,,4918577,304660505,0 HST,1 20580U 90037B   25340.32599986  .00011592  00000-0  40507-3 0  9996,2 20580  28.4701 316.1394 0001970 164.3543 195.7113 15.27913744759011
3.0,GENERATED VIA SPACE-TRACK.ORG API,2025-12-07 17:20:40+00:00,18 SPCS,HST,1990-037B,EARTH,TEME,UTC,SGP4,2025-12-07 05:46:13.384416+00:00,15.27934350,0.00019299,28.4700,309.9169,174.2687,185.7931,0,U,20580,999,75915,0.00040173330000,0.00011505,0.0000000000000,6860.125,94.245,483.314,480.666,PAYLOAD,LARGE,US,1990-04-24,AFETR,,4918610,304692434,0 HST,1 20580U 90037B   25341.24043269  .00011505  00000-0  40173-3 0  9999,2 20580  28.4700 309.9169 0001930 174.2687 185.7931 15.27934350759153
3.0,GENERATED VIA SPACE-TRACK.ORG API,2025-12-08 11:02:57+00:00,18 SPCS,HST,1990-037B,EARTH,TEME,UTC,SGP4,2025-12-08 06:51:05.840928+00:00,15.27955239,0.00018952,28.4697,302.8053,185.8337,174.2236,0,U,20580,999,75931,0.00034811453000,0.00010003,0.0000000000000,6860.063,94.244,483.228,480.628,PAYLOAD,LARGE,US,1990-04-24,AFETR,,4918630,304755148,0 HST,1 20580U 90037B   25342.28548427  .00010003  00000-0  34811-3 0  9994,2 20580  28.4697 302.8053 0001895 185.8337 174.2236 15.27955239759310
3.0,GENERATED VIA SPACE-TRACK.ORG API,2025-12-09 08:06:35+00:00,18 SPCS,HST,1990-037B,EARTH,TEME,UTC,SGP4,2025-12-09 00:05:41.191008+00:00,15.27969110,0.00018570,28.4695,297.9159,193.9603,166.0941,0,U,20580,999,75942,0.00032020000000,0.00009222,0.0000000000000,6860.021,94.243,483.160,480.612,PAYLOAD,LARGE,US,1990-04-24,AFETR,,4919906,304875177,0 HST,1 20580U 90037B   25343.00394897  .00009222  00000-0  32020-3 0  9996,2 20580  28.4695 297.9159 0001857 193.9603 166.0941 15.27969110759420
3.0,GENERATED VIA SPACE-TRACK.ORG API,2025-12-09 13:02:25+00:00,18 SPCS,HST,1990-037B,EARTH,TEME,UTC,SGP4,2025-12-09 04:47:50.746560+00:00,15.27973320,0.00018561,28.4695,296.5825,196.3317,163.7219,0,U,20580,999,75945,0.00035435252000,0.00010184,0.0000000000000,6860.009,94.242,483.147,480.600,PAYLOAD,LARGE,US,1990-04-24,AFETR,,4920375,304890154,0 HST,1 20580U 90037B   25343.19989290  .00010184  00000-0  35435-3 0  9995,2 20580  28.4695 296.5825 0001856 196.3317 163.7219 15.27973320759456
3.0,GENERATED VIA SPACE-TRACK.ORG API,2025-12-09 15:16:22+00:00,18 SPCS,HST,1990-037B,EARTH,TEME,UTC,SGP4,2025-12-09 04:47:50.745696+00:00,15.27973320,0.00018560,28.4695,296.5825,196.3317,163.7219,0,U,20580,999,75945,0.00035435000000,0.00010184,0.0000000000000,6860.009,94.242,483.147,480.600,PAYLOAD,LARGE,US,1990-04-24,AFETR,,4920735,304925597,0 HST,1 20580U 90037B   25343.19989289  .00010184  00000-0  35435-3 0  9993,2 20580  28.4695 296.5825 0001856 196.3317 163.7219 15.27973320759456
3.0,GENERATED VIA SPACE-TRACK.ORG API,2025-12-10 07:36:37+00:00,18 SPCS,HST,1990-037B,EARTH,TEME,UTC,SGP4,2025-12-10 04:18:37.821888+00:00,15.27993349,0.00018360,28.4692,289.9149,207.5620,152.4878,0,U,20580,999,75960,0.00037347000000,0.00010729,0.0000000000000,6859.949,94.241,483.073,480.554,PAYLOAD,LARGE,US,1990-04-24,AFETR,,4922087,304989124,0 HST,1 20580U 90037B   25344.17960442  .00010729  00000-0  37347-3 0  9991,2 20580  28.4692 289.9149 0001836 207.5620 152.4878 15.27993349759604
3.0,GENERATED VIA SPACE-TRACK.ORG API,2025-12-10 10:40:49+00:00,18 SPCS,HST,1990-037B,EARTH,TEME,UTC,SGP4,2025-12-10 04:18:37.822752+00:00,15.27993349,0.00018361,28.4692,289.9149,207.5620,152.4878,0,U,20580,999,75960,0.00037347462000,0.00010729,0.0000000000000,6859.949,94.241,483.073,480.554,PAYLOAD,LARGE,US,1990-04-24,AFETR,,4922494,305003822,0 HST,1 20580U 90037B   25344.17960443  .00010729  00000-0  37347-3 0  9992,2 20580  28.4692 289.9149 0001836 207.5620 152.4878 15.27993349759604
3.0,GENERATED VIA SPACE-TRACK.ORG API,2025-12-11 07:36:32+00:00,18 SPCS,HST,1990-037B,EARTH,TEME,UTC,SGP4,2025-12-11 03:49:23.736000+00:00,15.28014891,0.00018160,28.4688,283.2470,218.9072,141.1392,0,U,20580,999,75975,0.00038044000000,0.00010933,0.0000000000000,6859.884,94.240,482.995,480.503,PAYLOAD,LARGE,US,1990-04-24,AFETR,,4924349,305138062,0 HST,1 20580U 90037B   25345.15930250  .00010933  00000-0  38044-3 0  9996,2 20580  28.4688 283.2470 0001816 218.9072 141.1392 15.28014891759757
3.0,GENERATED VIA SPACE-TRACK.ORG API,2025-12-11 10:54:47+00:00,18 SPCS,HST,1990-037B,EARTH,TEME,UTC,SGP4,2025-12-11 05:23:26.735136+00:00,15.28018696,0.00018164,28.4689,282.8025,220.1397,139.9064,0,U,20580,999,75976,0.00045770897000,0.00013114,0.0000000000000,6859.873,94.240,482.984,480.492,PAYLOAD,LARGE,US,1990-04-24,AFETR,,4924811,305153934,0 HST,1 20580U 90037B   25345.22461499  .00013114  00000-0  45771-3 0  9997,2 20580  28.4689 282.8025 0001816 220.1397 139.9064 15.28018696759763
3.0,GENERATED VIA SPACE-TRACK.ORG API,2025-12-12 03:16:50+00:00,18 SPCS,HST,1990-037B,EARTH,TEME,UTC,SGP4,2025-12-12 00:12:02.424960+00:00,15.28035227,0.00017960,28.4687,277.4680,230.0621,129.9817,0,U,20580,999,75988,0.00036716077000,0.00010565,0.0000000000000,6859.823,94.239,482.920,480.456,PAYLOAD,LARGE,US,1990-04-24,AFETR,,4924904,305217241,0 HST,1 20580U 90037B   25346.00836140  .00010565  00000-0  36716-3 0  9999,2 20580  28.4687 277.4680 0001796 230.0621 129.9817 15.28035227759882
3.0,GENERATED VIA SPACE-TRACK.ORG API,2025-12-12 07:16:33+00:00,18 SPCS,HST,1990-037B,EARTH,TEME,UTC,SGP4,2025-12-12 03:20:08.303136+00:00,15.28038002,0.00018110,28.4686,276.5790,230.9642,129.0792,0,U,20580,999,75990,0.00036986000000,0.00010642,0.0000000000000,6859.815,94.238,482.922,480.438,PAYLOAD,LARGE,US,1990-04-24,AFETR,,4925255,305252735,0 HST,1 20580U 90037B   25346.13898499  .00010642  00000-0  36986-3 0  9993,2 20580  28.4686 276.5790 0001811 230.9642 129.0792 15.28038002759903
3.0,GENERATED VIA SPACE-TRACK.ORG API,2025-12-12 10:14:36+00:00,18 SPCS,HST,1990-037B,EARTH,TEME,UTC,SGP4,2025-12-12 04:54:11.216736+00:00,15.28040404,0.00018171,28.4685,276.1346,231.5243,128.5189,0,U,20580,999,75991,0.00038837779000,0.00011165,0.0000000000000,6859.808,94.238,482.919,480.426,PAYLOAD,LARGE,US,1990-04-24,AFETR,,4925670,305267620,0 HST,1 20580U 90037B   25346.20429649  .00011165  00000-0  38838-3 0  9997,2 20580  28.4685 276.1346 0001817 231.5243 128.5189 15.28040404759919
3.0,GENERATED VIA SPACE-TRACK.ORG API,2025-12-13 04:32:25+00:00,18 SPCS,HST,1990-037B,EARTH,TEME,UTC,SGP4,2025-12-12 23:42:45.927648+00:00,15.28057436,0.00017847,28.4685,270.7996,242.3546,117.6868,0,U,20580,999,76003,0.00035884338000,0.00010337,0.0000000000000,6859.757,94.237,482.846,480.398,PAYLOAD,LARGE,US,1990-04-24,AFETR,,4925723,305299720,0 HST,1 20580U 90037B   25346.98803157  .00010337  00000-0  35884-3 0  9990,2 20580  28.4685 270.7996 0001785 242.3546 117.6868 15.28057436760031
3.0,GENERATED VIA SPACE-TRACK.ORG API,2025-12-13 17:47:00+00:00,18 SPCS,HST,1990-037B,EARTH,TEME,UTC,SGP4,2025-12-13 04:24:54.495648+00:00,15.28062026,0.00017908,28.4685,269.4662,244.6720,115.3690,0,U,20580,999,76006,0.00038147643000,0.00010978,0.0000000000000,6859.743,94.237,482.837,480.380,PAYLOAD,LARGE,US,1990-04-24,AFETR,,4925758,305331298,0 HST,1 20580U 90037B   25347.18396407  .00010978  00000-0  38148-3 0  9995,2 20580  28.4685 269.4662 0001791 244.6720 115.3690 15.28062026760064
3.0,GENERATED VIA SPACE-TRACK.ORG API,2025-12-14 18:24:38+00:00,18 SPCS,HST,1990-037B,EARTH,TEME,UTC,SGP4,2025-12-14 03:55:36.653088+00:00,15.28079920,0.00017963,28.4684,262.7979,257.7413,102.2981,0,U,20580,999,76021,0.00030099192000,0.00008710,0.0000000000000,6859.690,94.236,482.787,480.322,PAYLOAD,LARGE,US,1990-04-24,AFETR,,4925820,305427382,0 HST,1 20580U 90037B   25348.16361867  .00008710  00000-0  30099-3 0  9994,2 20580  28.4684 262.7979 0001796 257.7413 102.2981 15.28079920760215
3.0,GENERATED VIA SPACE-TRACK.ORG API,2025-12-15 04:20:25+00:00,18 SPCS,HST,1990-037B,EARTH,TEME,UTC,SGP4,2025-12-14 19:36:04.330656+00:00,15.28088062,0.00017977,28.4683,258.3524,266.6247,93.4143,0,U,20580,999,76031,0.00022257963000,0.00006498,0.0000000000000,6859.665,94.235,482.763,480.297,PAYLOAD,LARGE,US,1990-04-24,AFETR,,4925847,305458673,0 HST,1 20580U 90037B   25348.81671679  .00006498  00000-0  22258-3 0  9990,2 20580  28.4683 258.3524 0001798 266.6247  93.4143 15.28088062760316
3.0,GENERATED VIA SPACE-TRACK.ORG API,2025-12-15 20:47:01+00:00,18 SPCS,HST,1990-037B,EARTH,TEME,UTC,SGP4,2025-12-15 01:52:15.335328+00:00,15.28089974,0.00018039,28.4683,256.5742,269.4732,90.5656,0,U,20580,999,76035,0.00019864116000,0.00005822,0.0000000000000,6859.659,94.235,482.762,480.287,PAYLOAD,LARGE,US,1990-04-24,AFETR,,4925932,305490800,0 HST,1 20580U 90037B   25349.07795527  .00005822  00000-0  19864-3 0  9997,2 20580  28.4683 256.5742 0001804 269.4732  90.5656 15.28089974760350
3.0,GENERATED VIA SPACE-TRACK.ORG API,2025-12-16 02:19:10+00:00,18 SPCS,HST,1990-037B,EARTH,TEME,UTC,SGP4,2025-12-15 22:14:50.802432+00:00,15.28099791,0.00018307,28.4681,250.7951,280.0887,79.9502,0,U,20580,999,76048,0.00019307852000,0.00005667,0.0000000000000,6859.630,94.235,482.751,480.239,PAYLOAD,LARGE,US,1990-04-24,AFETR,,4925951,305522585,0 HST,1 20580U 90037B   25349.92697688  .00005667  00000-0  19308-3 0  9990,2 20580  28.4681 250.7951 0001831 280.0887  79.9502 15.28099791760489
3.0,GENERATED VIA SPACE-TRACK.ORG API,2025-12-16 18:50:54+00:00,18 SPCS,HST,1990-037B,EARTH,TEME,UTC,SGP4,2025-12-16 01:22:56.219232+00:00,15.28101219,0.00018337,28.4681,249.9060,282.0565,77.9825,0,U,20580,999,76050,0.00019174346000,0.00005630,0.0000000000000,6859.626,94.235,482.749,480.233,PAYLOAD,LARGE,US,1990-04-24,AFETR,,4926060,305554730,0 HST,1 20580U 90037B   25350.05759513  .00005630  00000-0  19174-3 0  9993,2 20580  28.4681 249.9060 0001834 282.0565  77.9825 15.28101219760506
3.0,GENERATED VIA SPACE-TRACK.ORG API,2025-12-17 02:25:03+00:00,18 SPCS,HST,1990-037B,EARTH,TEME,UTC,SGP4,2025-12-16 01:22:56.218368+00:00,15.28101106,0.00018360,28.4681,249.9060,282.0342,78.0047,0,U,20580,999,76050,0.00018855070000,0.00005540,0.0000000000000,6859.626,94.235,482.751,480.232,PAYLOAD,LARGE,US,1990-04-24,AFETR,,4926108,305587034,0 HST,1 20580U 90037B   25350.05759512  .00005540  00000-0  18855-3 0  9997,2 20580  28.4681 249.9060 0001836 282.0342  78.0047 15.28101106760504
3.0,GENERATED VIA SPACE-TRACK.ORG API,2025-12-17 11:34:26+00:00,18 SPCS,HST,1990-037B,EARTH,TEME,UTC,SGP4,2025-12-17 02:27:39.181248+00:00,15.28113078,0.00018953,28.4677,242.7933,295.0426,64.9973,0,U,20580,999,76066,0.00020311482000,0.00005953,0.0000000000000,6859.590,94.234,482.755,480.155,PAYLOAD,LARGE,US,1990-04-24,AFETR,,4926125,305618290,0 HST,1 20580U 90037B   25351.10253682  .00005953  00000-0  20311-3 0  9999,2 20580  28.4677 242.7933 0001895 295.0426  64.9973 15.28113078760661
3.0,GENERATED VIA SPACE-TRACK.ORG API,2025-12-18 02:19:01+00:00,18 SPCS,HST,1990-037B,EARTH,TEME,UTC,SGP4,2025-12-17 19:42:08.332992+00:00,15.28120569,0.00019386,28.4674,237.9032,304.0454,55.9957,0,U,20580,999,76077,0.00019204557000,0.00005642,0.0000000000000,6859.568,94.233,482.763,480.103,PAYLOAD,LARGE,US,1990-04-24,AFETR,,4926279,305682287,0 HST,1 20580U 90037B   25351.82092978  .00005642  00000-0  19205-3 0  9992,2 20580  28.4674 237.9032 0001939 304.0454  55.9957 15.28120569760772
3.0,GENERATED VIA SPACE-TRACK.ORG API,2025-12-18 11:20:39+00:00,18 SPCS,HST,1990-037B,EARTH,TEME,UTC,SGP4,2025-12-18 00:24:16.240896+00:00,15.28122533,0.00019515,28.4674,236.5696,306.2447,53.7967,0,U,20580,999,76080,0.00019368318000,0.00005688,0.0000000000000,6859.562,94.233,482.766,480.088,PAYLOAD,LARGE,US,1990-04-24,AFETR,,4926320,305714630,0 HST,1 20580U 90037B   25352.01685464  .00005688  00000-0  19368-3 0  9992,2 20580  28.4674 236.5696 0001951 306.2447  53.7967 15.28122533760807
3.0,GENERATED VIA SPACE-TRACK.ORG API,2025-12-19 10:18:47+00:00,18 SPCS,HST,1990-037B,EARTH,TEME,UTC,SGP4,2025-12-18 00:24:16.230528+00:00,15.28122531,0.00019515,28.4674,236.5696,306.2372,53.8043,0,U,20580,999,76080,0.00019129847000,0.00005621,0.0000000000000,6859.562,94.233,482.766,480.088,PAYLOAD,LARGE,US,1990-04-24,AFETR,,4926531,305810739,0 HST,1 20580U 90037B   25352.01685452  .00005621  00000-0  19130-3 0  9993,2 20580  28.4674 236.5696 0001951 306.2372  53.8043 15.28122531760808
3.0,GENERATED VIA SPACE-TRACK.ORG API,2025-12-20 07:56:31+00:00,18 SPCS,HST,1990-037B,EARTH,TEME,UTC,SGP4,2025-12-18 00:24:16.227072+00:00,15.28122551,0.00019510,28.4674,236.5696,306.2349,53.8065,0,U,20580,999,76080,0.00019114000000,0.00005616,0.0000000000000,6859.562,94.233,482.765,480.089,PAYLOAD,LARGE,US,1990-04-24,AFETR,,4927953,305935916,0 HST,1 20580U 90037B   25352.01685448  .00005616  00000-0  19114-3 0  9994,2 20580  28.4674 236.5696 0001951 306.2349  53.8065 15.28122551760808
3.0,GENERATED VIA SPACE-TRACK.ORG API,2025-12-20 11:53:06+00:00,18 SPCS,HST,1990-037B,EARTH,TEME,UTC,SGP4,2025-12-18 00:24:16.227936+00:00,15.28122551,0.00019512,28.4674,236.5696,306.2349,53.8065,0,U,20580,999,76080,0.00019113632000,0.00005616,0.0000000000000,6859.562,94.233,482.765,480.089,PAYLOAD,LARGE,US,1990-04-24,AFETR,,4928347,305949694,0 HST,1 20580U 90037B   25352.01685449  .00005616  00000-0  19114-3 0  9995,2 20580  28.4674 236.5696 0001951 306.2349  53.8065 15.28122551760808
3.0,GENERATED VIA SPACE-TRACK.ORG API,2025-12-21 03:42:25+00:00,18 SPCS,HST,1990-037B,EARTH,TEME,UTC,SGP4,2025-12-20 22:56:12.089472+00:00,15.28150746,0.00021479,28.4662,216.5634,340.2259,19.8253,0,U,20580,999,76125,0.00015691711000,0.00004654,0.0000000000000,6859.478,94.232,482.816,479.869,PAYLOAD,LARGE,US,1990-04-24,AFETR,,4929614,306044367,0 HST,1 20580U 90037B   25354.95569548  .00004654  00000-0  15692-3 0  9999,2 20580  28.4662 216.5634 0002148 340.2259  19.8253 15.28150746761250
3.0,GENERATED VIA SPACE-TRACK.ORG API,2025-12-21 07:16:34+00:00,18 SPCS,HST,1990-037B,EARTH,TEME,UTC,SGP4,2025-12-20 22:56:12.088608+00:00,15.28150746,0.00021480,28.4662,216.5634,340.2259,19.8252,0,U,20580,999,76125,0.00015692000000,0.00004654,0.0000000000000,6859.478,94.232,482.816,479.869,PAYLOAD,LARGE,US,1990-04-24,AFETR,,4929937,306080040,0 HST,1 20580U 90037B   25354.95569547  .00004654  00000-0  15692-3 0  9998,2 20580  28.4662 216.5634 0002148 340.2259  19.8252 15.28150746761259
3.0,GENERATED VIA SPACE-TRACK.ORG API,2025-12-21 13:38:25+00:00,18 SPCS,HST,1990-037B,EARTH,TEME,UTC,SGP4,2025-12-21 06:46:24.679776+00:00,15.28154679,0.00021567,28.4660,214.3403,343.7140,16.3385,0,U,20580,999,76130,0.00017197008000,0.00005080,0.0000000000000,6859.466,94.231,482.810,479.851,PAYLOAD,LARGE,US,1990-04-24,AFETR,,4930336,306094271,0 HST,1 20580U 90037B   25355.28223009  .00005080  00000-0  17197-3 0  9991,2 20580  28.4660 214.3403 0002157 343.7140  16.3385 15.28154679761308
3.0,GENERATED VIA SPACE-TRACK.ORG API,2025-12-21 14:36:43+00:00,18 SPCS,HST,1990-037B,EARTH,TEME,UTC,SGP4,2025-12-21 06:46:24.678912+00:00,15.28154679,0.00021570,28.4660,214.3403,343.7140,16.3385,0,U,20580,999,76130,0.00017197000000,0.00005080,0.0000000000000,6859.466,94.231,482.810,479.851,PAYLOAD,LARGE,US,1990-04-24,AFETR,,4930649,306130137,0 HST,1 20580U 90037B   25355.28223008  .00005080  00000-0  17197-3 0  9990,2 20580  28.4660 214.3403 0002157 343.7140  16.3385 15.28154679761308
3.0,GENERATED VIA SPACE-TRACK.ORG API,2025-12-21 23:56:47+00:00,18 SPCS,HST,1990-037B,EARTH,TEME,UTC,SGP4,2025-12-21 19:18:44.701056+00:00,15.28159845,0.00022070,28.4659,210.7834,349.1425,10.9122,0,U,20580,999,76138,0.00017909000000,0.00005282,0.0000000000000,6859.450,94.231,482.829,479.801,PAYLOAD,LARGE,US,1990-04-24,AFETR,,4931351,306178676,0 HST,1 20580U 90037B   25355.80468404  .00005282  00000-0  17909-3 0  9994,2 20580  28.4659 210.7834 0002207 349.1425  10.9122 15.28159845761383
3.0,GENERATED VIA SPACE-TRACK.ORG API,2025-12-22 07:36:20+00:00,18 SPCS,HST,1990-037B,EARTH,TEME,UTC,SGP4,2025-12-21 20:52:47.199072+00:00,15.28161696,0.00022110,28.4659,210.3388,349.8768,10.1783,0,U,20580,999,76139,0.00020469000000,0.00006006,0.0000000000000,6859.445,94.231,482.826,479.793,PAYLOAD,LARGE,US,1990-04-24,AFETR,,4932072,306195224,0 HST,1 20580U 90037B   25355.86999073  .00006006  00000-0  20469-3 0  9991,2 20580  28.4659 210.3388 0002211 349.8768  10.1783 15.28161696761398
3.0,GENERATED VIA SPACE-TRACK.ORG API,2025-12-22 10:45:50+00:00,18 SPCS,HST,1990-037B,EARTH,TEME,UTC,SGP4,2025-12-22 06:17:02.048928+00:00,15.28167201,0.00022281,28.4658,207.6710,354.1662,5.8907,0,U,20580,999,76145,0.00022399445000,0.00006554,0.0000000000000,6859.428,94.231,482.822,479.765,PAYLOAD,LARGE,US,1990-04-24,AFETR,,4932384,306207412,0 HST,1 20580U 90037B   25356.26182927  .00006554  00000-0  22399-3 0  9990,2 20580  28.4658 207.6710 0002228 354.1662   5.8907 15.28167201761459
3.0,GENERATED VIA SPACE-TRACK.ORG API,2025-12-23 02:54:50+00:00,18 SPCS,HST,1990-037B,EARTH,TEME,UTC,SGP4,2025-12-22 15:41:16.826208+00:00,15.28171375,0.00022754,28.4655,205.0036,359.2451,0.8141,0,U,20580,999,76151,0.00021819072000,0.00006390,0.0000000000000,6859.416,94.230,482.842,479.720,PAYLOAD,LARGE,US,1990-04-24,AFETR,,4932761,306279827,0 HST,1 20580U 90037B   25356.65366697  .00006390  00000-0  21819-3 0  9995,2 20580  28.4655 205.0036 0002275 359.2451   0.8141 15.28171375761512
3.0,GENERATED VIA SPACE-TRACK.ORG API,2025-12-23 09:56:20+00:00,18 SPCS,HST,1990-037B,EARTH,TEME,UTC,SGP4,2025-12-22 15:41:16.826208+00:00,15.28171998,0.00022770,28.4656,205.0037,359.2579,0.8013,0,U,20580,999,76151,0.00022996000000,0.00006724,0.0000000000000,6859.414,94.230,482.841,479.717,PAYLOAD,LARGE,US,1990-04-24,AFETR,,4933083,306315250,0 HST,1 20580U 90037B   25356.65366697  .00006724  00000-0  22996-3 0  9993,2 20580  28.4656 205.0037 0002277 359.2579   0.8013 15.28171998761516
3.0,GENERATED VIA SPACE-TRACK.ORG API,2025-12-23 22:36:22+00:00,18 SPCS,HST,1990-037B,EARTH,TEME,UTC,SGP4,2025-12-23 15:11:53.256192+00:00,15.28183219,0.00023710,28.4656,198.3342,8.9464,351.1173,0,U,20580,999,76166,0.00021651000000,0.00006345,0.0000000000000,6859.380,94.230,482.872,479.619,PAYLOAD,LARGE,US,1990-04-24,AFETR,,4933737,306361729,0 HST,1 20580U 90037B   25357.63325528  .00006345  00000-0  21651-3 0  9996,2 20580  28.4656 198.3342 0002371   8.9464 351.1173 15.28183219761669
3.0,GENERATED VIA SPACE-TRACK.ORG API,2025-12-24 07:26:36+00:00,18 SPCS,HST,1990-037B,EARTH,TEME,UTC,SGP4,2025-12-23 15:11:53.262240+00:00,15.28183481,0.00023780,28.4656,198.3344,8.8876,351.1761,0,U,20580,999,76166,0.00022218000000,0.00006506,0.0000000000000,6859.380,94.230,482.876,479.613,PAYLOAD,LARGE,US,1990-04-24,AFETR,,4934356,306407914,0 HST,1 20580U 90037B   25357.63325535  .00006506  00000-0  22218-3 0  9993,2 20580  28.4656 198.3344 0002378   8.8876 351.1761 15.28183481761668
3.0,GENERATED VIA SPACE-TRACK.ORG API,2025-12-24 10:32:40+00:00,18 SPCS,HST,1990-037B,EARTH,TEME,UTC,SGP4,2025-12-24 05:18:14.781024+00:00,15.28190915,0.00023702,28.4657,194.3324,14.2616,345.8046,0,U,20580,999,76175,0.00022374769000,0.00006551,0.0000000000000,6859.357,94.229,482.848,479.597,PAYLOAD,LARGE,US,1990-04-24,AFETR,,4934857,306423804,0 HST,1 20580U 90037B   25358.22100441  .00006551  00000-0  22375-3 0  9990,2 20580  28.4657 194.3324 0002370  14.2616 345.8046 15.28190915761754
3.0,GENERATED VIA SPACE-TRACK.ORG API,2025-12-25 00:06:23+00:00,18 SPCS,HST,1990-037B,EARTH,TEME,UTC,SGP4,2025-12-24 19:24:36.077760+00:00,15.28197034,0.00024000,28.4657,190.3311,19.8278,340.2410,0,U,20580,999,76184,0.00020594000000,0.00006048,0.0000000000000,6859.339,94.229,482.850,479.558,PAYLOAD,LARGE,US,1990-04-24,AFETR,,4935254,306460037,0 HST,1 20580U 90037B   25358.80875090  .00006048  00000-0  20594-3 0  9995,2 20580  28.4657 190.3311 0002400  19.8278 340.2410 15.28197034761848
3.0,GENERATED VIA SPACE-TRACK.ORG API,2025-12-25 02:37:33+00:00,18 SPCS,HST,1990-037B,EARTH,TEME,UTC,SGP4,2025-12-24 20:58:38.436672+00:00,15.28198095,0.00023974,28.4657,189.8864,20.4895,339.5796,0,U,20580,999,76185,0.00021373948000,0.00006269,0.0000000000000,6859.336,94.229,482.845,479.556,PAYLOAD,LARGE,US,1990-04-24,AFETR,,4935668,306474026,0 HST,1 20580U 90037B   25358.87405598  .00006269  00000-0  21374-3 0  9996,2 20580  28.4657 189.8864 0002397  20.4895 339.5796 15.28198095761859
3.0,GENERATED VIA SPACE-TRACK.ORG API,2025-12-25 08:06:36+00:00,18 SPCS,HST,1990-037B,EARTH,TEME,UTC,SGP4,2025-12-24 20:58:38.435808+00:00,15.28198095,0.00023970,28.4657,189.8864,20.4896,339.5795,0,U,20580,999,76185,0.00021374000000,0.00006269,0.0000000000000,6859.336,94.229,482.845,479.557,PAYLOAD,LARGE,US,1990-04-24,AFETR,,4936089,306510313,0 HST,1 20580U 90037B   25358.87405597  .00006269  00000-0  21374-3 0  9995,2 20580  28.4657 189.8864 0002397  20.4896 339.5795 15.28198095761859
3.0,GENERATED VIA SPACE-TRACK.ORG API,2025-12-25 20:18:59+00:00,18 SPCS,HST,1990-037B,EARTH,TEME,UTC,SGP4,2025-12-25 15:47:06.398016+00:00,15.28208037,0.00024439,28.4656,184.5507,28.1163,331.9564,0,U,20580,999,76197,0.00021338713000,0.00006261,0.0000000000000,6859.306,94.228,482.848,479.495,PAYLOAD,LARGE,US,1990-04-24,AFETR,,4936530,306556500,0 HST,1 20580U 90037B   25359.65771294  .00006261  00000-0  21339-3 0  9995,2 20580  28.4656 184.5507 0002444  28.1163 331.9564 15.28208037761970
3.0,GENERATED VIA SPACE-TRACK.ORG API,2025-12-25 21:26:22+00:00,18 SPCS,HST,1990-037B,EARTH,TEME,UTC,SGP4,2025-12-25 17:21:08.709408+00:00,15.28208704,0.00024380,28.4657,184.1060,28.7096,331.3634,0,U,20580,999,76198,0.00021228000000,0.00006230,0.0000000000000,6859.304,94.228,482.841,479.497,PAYLOAD,LARGE,US,1990-04-24,AFETR,,4936880,306593035,0 HST,1 20580U 90037B   25359.72301747  .00006230  00000-0  21228-3 0  9998,2 20580  28.4657 184.1060 0002438  28.7096 331.3634 15.28208704761989
3.0,GENERATED VIA SPACE-TRACK.ORG API,2025-12-25 22:16:17+00:00,18 SPCS,HST,1990-037B,EARTH,TEME,UTC,SGP4,2025-12-25 20:29:13.333056+00:00,15.28210236,0.00024530,28.4656,183.2171,30.0168,330.0567,0,U,20580,999,76200,0.00021341000000,0.00006262,0.0000000000000,6859.300,94.228,482.847,479.482,PAYLOAD,LARGE,US,1990-04-24,AFETR,,4937310,306603165,0 HST,1 20580U 90037B   25359.85362654  .00006262  00000-0  21341-3 0  9997,2 20580  28.4656 183.2171 0002453  30.0168 330.0567 15.28210236762002
3.0,GENERATED VIA SPACE-TRACK.ORG API,2025-12-26 11:16:42+00:00,18 SPCS,HST,1990-037B,EARTH,TEME,UTC,SGP4,2025-12-26 04:19:24.803616+00:00,15.28214309,0.00024783,28.4655,180.9938,33.4374,326.6378,0,U,20580,999,76205,0.00020759393000,0.00006098,0.0000000000000,6859.287,94.228,482.852,479.452,PAYLOAD,LARGE,US,1990-04-24,AFETR,,4938246,306661333,0 HST,1 20580U 90037B   25360.18014819  .00006098  00000-0  20759-3 0  9991,2 20580  28.4655 180.9938 0002478  33.4374 326.6378 15.28214309762050
3.0,GENERATED VIA SPACE-TRACK.ORG API,2025-12-26 17:37:03+00:00,18 SPCS,HST,1990-037B,EARTH,TEME,UTC,SGP4,2025-12-26 13:43:38.447328+00:00,15.28220263,0.00024926,28.4656,178.3260,36.8868,323.1899,0,U,20580,999,76211,0.00022180137000,0.00006502,0.0000000000000,6859.270,94.227,482.844,479.425,PAYLOAD,LARGE,US,1990-04-24,AFETR,,4938271,306693685,0 HST,1 20580U 90037B   25360.57197277  .00006502  00000-0  22180-3 0  9994,2 20580  28.4656 178.3260 0002493  36.8868 323.1899 15.28220263762115
3.0,GENERATED VIA SPACE-TRACK.ORG API,2025-12-26 22:06:23+00:00,18 SPCS,HST,1990-037B,EARTH,TEME,UTC,SGP4,2025-12-26 18:25:45.238080+00:00,15.28222523,0.00025000,28.4656,176.9921,38.5936,321.4837,0,U,20580,999,76214,0.00022008000000,0.00006454,0.0000000000000,6859.263,94.227,482.843,479.413,PAYLOAD,LARGE,US,1990-04-24,AFETR,,4938716,306731614,0 HST,1 20580U 90037B   25360.76788470  .00006454  00000-0  22008-3 0  9991,2 20580  28.4656 176.9921 0002500  38.5936 321.4837 15.28222523762144
3.0,GENERATED VIA SPACE-TRACK.ORG API,2025-12-26 22:56:33+00:00,18 SPCS,HST,1990-037B,EARTH,TEME,UTC,SGP4,2025-12-26 18:25:45.238080+00:00,15.28222522,0.00025000,28.4656,176.9921,38.5953,321.4821,0,U,20580,999,76214,0.00022008000000,0.00006454,0.0000000000000,6859.263,94.227,482.843,479.413,PAYLOAD,LARGE,US,1990-04-24,AFETR,,4939380,306748649,0 HST,1 20580U 90037B   25360.76788470  .00006454  00000-0  22008-3 0  9991,2 20580  28.4656 176.9921 0002500  38.5953 321.4821 15.28222522762145
3.0,GENERATED VIA SPACE-TRACK.ORG API,2025-12-27 03:23:11+00:00,18 SPCS,HST,1990-037B,EARTH,TEME,UTC,SGP4,2025-12-26 19:59:47.487264+00:00,15.28224765,0.00025020,28.4656,176.5474,39.2777,320.7999,0,U,20580,999,76215,0.00024593073000,0.00007187,0.0000000000000,6859.256,94.227,482.837,479.405,PAYLOAD,LARGE,US,1990-04-24,AFETR,,4939423,306753985,0 HST,1 20580U 90037B   25360.83318851  .00007187  00000-0  24593-3 0  9996,2 20580  28.4656 176.5474 0002502  39.2777 320.7999 15.28224765762158
3.0,GENERATED VIA SPACE-TRACK.ORG API,2025-12-27 06:36:39+00:00,18 SPCS,HST,1990-037B,EARTH,TEME,UTC,SGP4,2025-12-27 03:49:58.711584+00:00,15.28229286,0.00025230,28.4655,174.3242,42.5437,317.5354,0,U,20580,999,76220,0.00024604000000,0.00007191,0.0000000000000,6859.243,94.227,482.838,479.377,PAYLOAD,LARGE,US,1990-04-24,AFETR,,4939743,306789203,0 HST,1 20580U 90037B   25361.15970731  .00007191  00000-0  24604-3 0  9991,2 20580  28.4655 174.3242 0002523  42.5437 317.5354 15.28229286762207
3.0,GENERATED VIA SPACE-TRACK.ORG API,2025-12-27 10:34:44+00:00,18 SPCS,HST,1990-037B,EARTH,TEME,UTC,SGP4,2025-12-27 03:49:58.712448+00:00,15.28229286,0.00025229,28.4655,174.3242,42.5437,317.5354,0,U,20580,999,76220,0.00024604361000,0.00007191,0.0000000000000,6859.243,94.227,482.838,479.377,PAYLOAD,LARGE,US,1990-04-24,AFETR,,4940227,306804348,0 HST,1 20580U 90037B   25361.15970732  .00007191  00000-0  24604-3 0  9992,2 20580  28.4655 174.3242 0002523  42.5437 317.5354 15.28229286762207
3.0,GENERATED VIA SPACE-TRACK.ORG API,2025-12-27 22:36:30+00:00,18 SPCS,HST,1990-037B,EARTH,TEME,UTC,SGP4,2025-12-27 19:30:20.873376+00:00,15.28239064,0.00025670,28.4655,169.8780,48.3143,311.7671,0,U,20580,999,76230,0.00025781000000,0.00007527,0.0000000000000,6859.213,94.226,482.839,479.318,PAYLOAD,LARGE,US,1990-04-24,AFETR,,4941261,306856653,0 HST,1 20580U 90037B   25361.81274159  .00007527  00000-0  25781-3 0  9995,2 20580  28.4655 169.8780 0002567  48.3143 311.7671 15.28239064762303
3.0,GENERATED VIA SPACE-TRACK.ORG API,2025-12-28 07:36:55+00:00,18 SPCS,HST,1990-037B,EARTH,TEME,UTC,SGP4,2025-12-27 19:30:20.881152+00:00,15.28239180,0.00025670,28.4655,169.8779,48.3389,311.7425,0,U,20580,999,76230,0.00026317000000,0.00007679,0.0000000000000,6859.213,94.226,482.839,479.317,PAYLOAD,LARGE,US,1990-04-24,AFETR,,4941902,306904482,0 HST,1 20580U 90037B   25361.81274168  .00007679  00000-0  26317-3 0  9999,2 20580  28.4655 169.8779 0002567  48.3389 311.7425 15.28239180762309
3.0,GENERATED VIA SPACE-TRACK.ORG API,2025-12-28 17:52:40+00:00,18 SPCS,HST,1990-037B,EARTH,TEME,UTC,SGP4,2025-12-28 12:44:44.769408+00:00,15.28251328,0.00025664,28.4654,164.9864,55.2376,304.8460,0,U,20580,999,76241,0.00028420713000,0.00008279,0.0000000000000,6859.177,94.225,482.802,479.281,PAYLOAD,LARGE,US,1990-04-24,AFETR,,4943081,306969925,0 HST,1 20580U 90037B   25362.53107372  .00008279  00000-0  28421-3 0  9996,2 20580  28.4654 164.9864 0002566  55.2376 304.8460 15.28251328762413
3.0,GENERATED VIA SPACE-TRACK.ORG API,2025-12-28 22:46:23+00:00,18 SPCS,HST,1990-037B,EARTH,TEME,UTC,SGP4,2025-12-28 19:00:53.341056+00:00,15.28255486,0.00025730,28.4653,163.2078,57.7712,302.3132,0,U,20580,999,76245,0.00027993000000,0.00008159,0.0000000000000,6859.164,94.225,482.794,479.264,PAYLOAD,LARGE,US,1990-04-24,AFETR,,4943412,307005021,0 HST,1 20580U 90037B   25362.79228404  .00008159  00000-0  27993-3 0  9994,2 20580  28.4653 163.2078 0002573  57.7712 302.3132 15.28255486762452
3.0,GENERATED VIA SPACE-TRACK.ORG API,2025-12-29 12:04:26+00:00,18 SPCS,HST,1990-037B,EARTH,TEME,UTC,SGP4,2025-12-28 19:00:53.334144+00:00,15.28256861,0.00025700,28.4653,163.2077,57.8157,302.2687,0,U,20580,999,76245,0.00031077791000,0.00009035,0.0000000000000,6859.160,94.225,482.788,479.262,PAYLOAD,LARGE,US,1990-04-24,AFETR,,4943787,307050895,0 HST,1 20580U 90037B   25362.79228396  .00009035  00000-0  31078-3 0  9997,2 20580  28.4653 163.2077 0002570  57.8157 302.2687 15.28256861762454
3.0,GENERATED VIA SPACE-TRACK.ORG API,2025-12-29 22:26:18+00:00,18 SPCS,HST,1990-037B,EARTH,TEME,UTC,SGP4,2025-12-29 12:15:16.469856+00:00,15.28271296,0.00025770,28.4653,158.3162,64.1454,295.9407,0,U,20580,999,76256,0.00034412000000,0.00009987,0.0000000000000,6859.117,94.224,482.749,479.214,PAYLOAD,LARGE,US,1990-04-24,AFETR,,4944574,307130112,0 HST,1 20580U 90037B   25363.51060729  .00009987  00000-0  34412-3 0  9993,2 20580  28.4653 158.3162 0002577  64.1454 295.9407 15.28271296762561
3.0,GENERATED VIA SPACE-TRACK.ORG API,2025-12-30 07:26:32+00:00,18 SPCS,HST,1990-037B,EARTH,TEME,UTC,SGP4,2025-12-30 02:21:34.981056+00:00,15.28282797,0.00026170,28.4652,154.3142,68.5896,291.4978,0,U,20580,999,76265,0.00034807000000,0.00010102,0.0000000000000,6859.082,94.223,482.742,479.152,PAYLOAD,LARGE,US,1990-04-24,AFETR,,4945439,307148897,0 HST,1 20580U 90037B   25364.09832154  .00010102  00000-0  34807-3 0  9995,2 20580  28.4652 154.3142 0002617  68.5896 291.4978 15.28282797762659
3.0,GENERATED VIA SPACE-TRACK.ORG API,2025-12-30 10:50:37+00:00,18 SPCS,HST,1990-037B,EARTH,TEME,UTC,SGP4,2025-12-30 02:21:34.981920+00:00,15.28282797,0.00026165,28.4652,154.3142,68.5896,291.4978,0,U,20580,999,76265,0.00034806746000,0.00010102,0.0000000000000,6859.082,94.223,482.742,479.153,PAYLOAD,LARGE,US,1990-04-24,AFETR,,4945998,307165591,0 HST,1 20580U 90037B   25364.09832155  .00010102  00000-0  34807-3 0  9996,2 20580  28.4652 154.3142 0002617  68.5896 291.4978 15.28282797762659
3.0,GENERATED VIA SPACE-TRACK.ORG API,2025-12-30 18:16:58+00:00,18 SPCS,HST,1990-037B,EARTH,TEME,UTC,SGP4,2025-12-30 11:45:47.095488+00:00,15.28290723,0.00026073,28.4652,151.6460,72.4088,287.6792,0,U,20580,999,76271,0.00035204989000,0.00010218,0.0000000000000,6859.059,94.223,482.712,479.135,PAYLOAD,LARGE,US,1990-04-24,AFETR,,4946042,307197943,0 HST,1 20580U 90037B   25364.49012842  .00010218  00000-0  35205-3 0  9994,2 20580  28.4652 151.6460 0002607  72.4088 287.6792 15.28290723762714
3.0,GENERATED VIA SPACE-TRACK.ORG API,2025-12-30 23:36:37+00:00,18 SPCS,HST,1990-037B,EARTH,TEME,UTC,SGP4,2025-12-30 18:01:55.074432+00:00,15.28295938,0.00026190,28.4652,149.8672,74.6376,285.4508,0,U,20580,999,76275,0.00035028000000,0.00010169,0.0000000000000,6859.043,94.223,482.705,479.112,PAYLOAD,LARGE,US,1990-04-24,AFETR,,4946300,307232119,0 HST,1 20580U 90037B   25364.75133188  .00010169  00000-0  35028-3 0  9998,2 20580  28.4652 149.8672 0002619  74.6376 285.4508 15.28295938762753
3.0,GENERATED VIA SPACE-TRACK.ORG API,2025-12-31 07:56:32+00:00,18 SPCS,HST,1990-037B,EARTH,TEME,UTC,SGP4,2025-12-31 01:52:04.944864+00:00,15.28303086,0.00026130,28.4654,147.6437,77.2638,282.8249,0,U,20580,999,76280,0.00037137000000,0.00010772,0.0000000000000,6859.022,94.222,482.679,479.095,PAYLOAD,LARGE,US,1990-04-24,AFETR,,4947208,307283551,0 HST,1 20580U 90037B   25365.07783501  .00010772  00000-0  37137-3 0  9997,2 20580  28.4654 147.6437 0002613  77.2638 282.8249 15.28303086762807
3.0,GENERATED VIA SPACE-TRACK.ORG API,2025-12-31 10:22:26+00:00,18 SPCS,HST,1990-037B,EARTH,TEME,UTC,SGP4,2025-12-31 01:52:04.945728+00:00,15.28303086,0.00026135,28.4654,147.6437,77.2638,282.8249,0,U,20580,999,76280,0.00037137335000,0.00010772,0.0000000000000,6859.022,94.222,482.679,479.094,PAYLOAD,LARGE,US,1990-04-24,AFETR,,4947640,307298379,0 HST,1 20580U 90037B   25365.07783502  .00010772  00000-0  37137-3 0  9998,2 20580  28.4654 147.6437 0002613  77.2638 282.8249 15.28303086762807
3.0,GENERATED VIA SPACE-TRACK.ORG API,2025-12-31 14:46:28+00:00,18 SPCS,HST,1990-037B,EARTH,TEME,UTC,SGP4,2025-12-31 11:16:16.624704+00:00,15.28310197,0.00025880,28.4654,144.9753,81.6509,278.4380,0,U,20580,999,76286,0.00035945000000,0.00010435,0.0000000000000,6859.000,94.222,482.641,479.090,PAYLOAD,LARGE,US,1990-04-24,AFETR,,4948054,307335148,0 HST,1 20580U 90037B   25365.46963686  .00010435  00000-0  35945-3 0  9995,2 20580  28.4654 144.9753 0002588  81.6509 278.4380 15.28310197762869
3.0,GENERATED VIA SPACE-TRACK.ORG API,2025-12-31 17:24:40+00:00,18 SPCS,HST,1990-037B,EARTH,TEME,UTC,SGP4,2025-12-31 11:16:16.625568+00:00,15.28310198,0.00025881,28.4654,144.9753,81.6509,278.4380,0,U,20580,999,76286,0.00035944586000,0.00010435,0.0000000000000,6859.000,94.222,482.641,479.090,PAYLOAD,LARGE,US,1990-04-24,AFETR,,4948472,307350207,0 HST,1 20580U 90037B   25365.46963687  .00010435  00000-0  35945-3 0  9996,2 20580  28.4654 144.9753 0002588  81.6509 278.4380 15.28310198762860
