CCSDS_OMM_VERS,COMMENT,CREATION_DATE,ORIGINATOR,OBJECT_NAME,OBJECT_ID,CENTER_NAME,REF_FRAME,TIME_SYSTEM,MEAN_ELEMENT_THEORY,EPOCH,MEAN_MOTION,ECCENTRICITY,INCLINATION,RA_OF_ASC_NODE,ARG_OF_PERICENTER,MEAN_ANOMALY,EPHEMERIS_TYPE,CLASSIFICATION_TYPE,NORAD_CAT_ID,ELEMENT_SET_NO,REV_AT_EPOCH,BSTAR,MEAN_MOTION_DOT,MEAN_MOTION_DDOT,SEMIMAJOR_AXIS,PERIOD,APOAPSIS,PERIAPSIS,OBJECT_TYPE,RCS_SIZE,COUNTRY_CODE,LAUNCH_DATE,SITE,DECAY_DATE,FILE,GP_ID,TLE_LINE0,TLE_LINE1,TLE_LINE2
3.0,GENERATED VIA SPACE-TRACK.ORG API,2025-01-01 02:31:18+00:00,18 SPCS,NAVSTAR 43 (USA 132),1997-035A,EARTH,TEME,UTC,SGP4,2024-12-31 17:11:37.843008+00:00,2.00562161,0.00863210,55.7402,119.4069,54.7955,305.9855,0,U,24876,999,20127,0.00000000000000,0.00000019,0.0000000000000,26560.475,717.982,20411.613,19953.068,PAYLOAD,LARGE,US,1997-07-23,AFETR,,4597458,277001231,0 NAVSTAR 43 (USA 132),1 24876U 97035A   24366.71641022  .00000019  00000-0  00000-0 0  9995,2 24876  55.7402 119.4069 0086321  54.7955 305.9855  2.00562161201277
3.0,GENERATED VIA SPACE-TRACK.ORG API,2025-01-01 15:18:37+00:00,18 SPCS,NAVSTAR 43 (USA 132),1997-035A,EARTH,TEME,UTC,SGP4,2025-01-01 05:09:35.844480+00:00,2.00562123,0.00863260,55.7404,119.3874,54.7934,305.9901,0,U,24876,999,20108,0.00000000000000,0.00000022,0.0000000000000,26560.479,717.982,20411.630,19953.058,PAYLOAD,LARGE,US,1997-07-23,AFETR,,4597818,277033857,0 NAVSTAR 43 (USA 132),1 24876U 97035A   25001.21499820  .00000022  00000-0  00000+0 0  9997,2 24876  55.7404 119.3874 0086326  54.7934 305.9901  2.00562123201083
3.0,GENERATED VIA SPACE-TRACK.ORG API,2025-01-01 23:41:24+00:00,18 SPCS,NAVSTAR 43 (USA 132),1997-035A,EARTH,TEME,UTC,SGP4,2025-01-01 05:09:35.844480+00:00,2.00562123,0.00863260,55.7404,119.3874,54.7934,305.9901,0,U,24876,999,20128,0.00000000000000,0.00000022,0.0000000000000,26560.479,717.982,20411.630,19953.058,PAYLOAD,LARGE,US,1997-07-23,AFETR,,4598149,277047521,0 NAVSTAR 43 (USA 132),1 24876U 97035A   25001.21499820  .00000022  00000-0  00000-0 0  9998,2 24876  55.7404 119.3874 0086326  54.7934 305.9901  2.00562123201285
3.0,GENERATED VIA SPACE-TRACK.ORG API,2025-01-02 05:57:15+00:00,18 SPCS,NAVSTAR 43 (USA 132),1997-035A,EARTH,TEME,UTC,SGP4,2025-01-01 17:07:33.697344+00:00,2.00562150,0.00863330,55.7405,119.3679,54.7895,305.9968,0,U,24876,999,20129,0.00000000000000,0.00000026,0.0000000000000,26560.476,717.982,20411.646,19953.037,PAYLOAD,LARGE,US,1997-07-23,AFETR,,4598153,277077609,0 NAVSTAR 43 (USA 132),1 24876U 97035A   25001.71358446  .00000026  00000-0  00000-0 0  9995,2 24876  55.7405 119.3679 0086333  54.7895 305.9968  2.00562150201297
3.0,GENERATED VIA SPACE-TRACK.ORG API,2025-01-02 19:02:11+00:00,18 SPCS,NAVSTAR 43 (USA 132),1997-035A,EARTH,TEME,UTC,SGP4,2025-01-02 05:05:31.704864+00:00,2.00562123,0.00863380,55.7407,119.3484,54.7873,306.0017,0,U,24876,999,20130,0.00000000000000,0.00000029,0.0000000000000,26560.479,717.982,20411.661,19953.026,PAYLOAD,LARGE,US,1997-07-23,AFETR,,4598496,277115753,0 NAVSTAR 43 (USA 132),1 24876U 97035A   25002.21217251  .00000029  00000-0  00000-0 0  9992,2 24876  55.7407 119.3484 0086338  54.7873 306.0017  2.00562123201303
3.0,GENERATED VIA SPACE-TRACK.ORG API,2025-01-03 05:09:40+00:00,18 SPCS,NAVSTAR 43 (USA 132),1997-035A,EARTH,TEME,UTC,SGP4,2025-01-02 17:03:29.560320+00:00,2.00562142,0.00863430,55.7408,119.3289,54.7764,306.0153,0,U,24876,999,20131,0.00000000000000,0.00000032,0.0000000000000,26560.477,717.982,20411.673,19953.011,PAYLOAD,LARGE,US,1997-07-23,AFETR,,4598729,277150808,0 NAVSTAR 43 (USA 132),1 24876U 97035A   25002.71075880  .00000032  00000-0  00000-0 0  9991,2 24876  55.7408 119.3289 0086343  54.7764 306.0153  2.00562142201315
3.0,GENERATED VIA SPACE-TRACK.ORG API,2025-01-03 22:38:33+00:00,18 SPCS,NAVSTAR 43 (USA 132),1997-035A,EARTH,TEME,UTC,SGP4,2025-01-03 16:59:25.368864+00:00,2.00562136,0.00863510,55.7412,119.2898,54.7738,306.0227,0,U,24876,999,20113,0.00000000000000,0.00000035,0.0000000000000,26560.477,717.982,20411.695,19952.990,PAYLOAD,LARGE,US,1997-07-23,AFETR,,4599240,277215066,0 NAVSTAR 43 (USA 132),1 24876U 97035A   25003.70793251  .00000035  00000-0  00000+0 0  9992,2 24876  55.7412 119.2898 0086351  54.7738 306.0227  2.00562136201130
3.0,GENERATED VIA SPACE-TRACK.ORG API,2025-01-04 07:17:01+00:00,18 SPCS,NAVSTAR 43 (USA 132),1997-035A,EARTH,TEME,UTC,SGP4,2025-01-03 16:59:25.368864+00:00,2.00562128,0.00863520,55.7411,119.2898,54.7667,306.0298,0,U,24876,999,20133,0.00000000000000,0.00000035,0.0000000000000,26560.478,717.982,20411.698,19952.988,PAYLOAD,LARGE,US,1997-07-23,AFETR,,4599680,277231664,0 NAVSTAR 43 (USA 132),1 24876U 97035A   25003.70793251  .00000035  00000-0  00000-0 0  9993,2 24876  55.7411 119.2898 0086352  54.7667 306.0298  2.00562128201332
3.0,GENERATED VIA SPACE-TRACK.ORG API,2025-01-05 03:27:00+00:00,18 SPCS,NAVSTAR 43 (USA 132),1997-035A,EARTH,TEME,UTC,SGP4,2025-01-04 16:55:20.895744+00:00,2.00562144,0.00863640,55.7414,119.2508,54.7581,306.0414,0,U,24876,999,20135,0.00000000000000,0.00000034,0.0000000000000,26560.477,717.982,20411.729,19952.955,PAYLOAD,LARGE,US,1997-07-23,AFETR,,4600452,277309994,0 NAVSTAR 43 (USA 132),1 24876U 97035A   25004.70510296  .00000034  00000-0  00000-0 0  9999,2 24876  55.7414 119.2508 0086364  54.7581 306.0414  2.00562144201351
3.0,GENERATED VIA SPACE-TRACK.ORG API,2025-01-06 02:24:55+00:00,18 SPCS,NAVSTAR 43 (USA 132),1997-035A,EARTH,TEME,UTC,SGP4,2025-01-05 16:51:16.236000+00:00,2.00562128,0.00863710,55.7418,119.2118,54.7545,306.0456,0,U,24876,999,20137,0.00000000000000,0.00000028,0.0000000000000,26560.478,717.982,20411.749,19952.938,PAYLOAD,LARGE,US,1997-07-23,AFETR,,4601493,277394529,0 NAVSTAR 43 (USA 132),1 24876U 97035A   25005.70227125  .00000028  00000-0  00000-0 0  9999,2 24876  55.7418 119.2118 0086371  54.7545 306.0456  2.00562128201370
3.0,GENERATED VIA SPACE-TRACK.ORG API,2025-01-06 14:38:33+00:00,18 SPCS,NAVSTAR 43 (USA 132),1997-035A,EARTH,TEME,UTC,SGP4,2025-01-06 04:49:13.734624+00:00,2.00562141,0.00863780,55.7419,119.1923,54.7492,306.0502,0,U,24876,999,20118,0.00000000000000,0.00000023,0.0000000000000,26560.477,717.982,20411.766,19952.918,PAYLOAD,LARGE,US,1997-07-23,AFETR,,4602023,277430510,0 NAVSTAR 43 (USA 132),1 24876U 97035A   25006.20085341  .00000023  00000-0  00000+0 0  9991,2 24876  55.7419 119.1923 0086378  54.7492 306.0502  2.00562141201188
3.0,GENERATED VIA SPACE-TRACK.ORG API,2025-01-06 17:35:48+00:00,18 SPCS,NAVSTAR 43 (USA 132),1997-035A,EARTH,TEME,UTC,SGP4,2025-01-06 04:49:13.734624+00:00,2.00562141,0.00863780,55.7419,119.1923,54.7492,306.0502,0,U,24876,999,20138,0.00000000000000,0.00000023,0.0000000000000,26560.477,717.982,20411.766,19952.918,PAYLOAD,LARGE,US,1997-07-23,AFETR,,4602192,277441196,0 NAVSTAR 43 (USA 132),1 24876U 97035A   25006.20085341  .00000023  00000-0  00000-0 0  9992,2 24876  55.7419 119.1923 0086378  54.7492 306.0502  2.00562141201380
3.0,GENERATED VIA SPACE-TRACK.ORG API,2025-01-07 02:40:03+00:00,18 SPCS,NAVSTAR 43 (USA 132),1997-035A,EARTH,TEME,UTC,SGP4,2025-01-06 16:47:11.156352+00:00,2.00562148,0.00863840,55.7421,119.1728,54.7343,306.0639,0,U,24876,999,20139,0.00000000000000,0.00000017,0.0000000000000,26560.476,717.982,20411.781,19952.901,PAYLOAD,LARGE,US,1997-07-23,AFETR,,4602535,277477677,0 NAVSTAR 43 (USA 132),1 24876U 97035A   25006.69943468  .00000017  00000-0  00000-0 0  9991,2 24876  55.7421 119.1728 0086384  54.7343 306.0639  2.00562148201397
3.0,GENERATED VIA SPACE-TRACK.ORG API,2025-01-07 18:07:06+00:00,18 SPCS,NAVSTAR 43 (USA 132),1997-035A,EARTH,TEME,UTC,SGP4,2025-01-07 04:45:08.545248+00:00,2.00562156,0.00863900,55.7423,119.1532,54.7220,306.0745,0,U,24876,999,20140,0.00000000000000,0.00000010,0.0000000000000,26560.476,717.982,20411.797,19952.885,PAYLOAD,LARGE,US,1997-07-23,AFETR,,4603301,277525295,0 NAVSTAR 43 (USA 132),1 24876U 97035A   25007.19801557  .00000010  00000-0  00000-0 0  9992,2 24876  55.7423 119.1532 0086390  54.7220 306.0745  2.00562156201402
3.0,GENERATED VIA SPACE-TRACK.ORG API,2025-01-08 05:13:15+00:00,18 SPCS,NAVSTAR 43 (USA 132),1997-035A,EARTH,TEME,UTC,SGP4,2025-01-07 04:45:08.540064+00:00,2.00562158,0.00863890,55.7423,119.1532,54.7197,306.0767,0,U,24876,999,20140,0.00000000000000,0.00000010,0.0000000000000,26560.475,717.982,20411.794,19952.887,PAYLOAD,LARGE,US,1997-07-23,AFETR,,4603695,277562839,0 NAVSTAR 43 (USA 132),1 24876U 97035A   25007.19801551  .00000010  00000-0  00000-0 0  9996,2 24876  55.7423 119.1532 0086389  54.7197 306.0767  2.00562158201409
3.0,GENERATED VIA SPACE-TRACK.ORG API,2025-01-08 20:49:28+00:00,18 SPCS,NAVSTAR 43 (USA 132),1997-035A,EARTH,TEME,UTC,SGP4,2025-01-07 16:43:05.908224+00:00,2.00562156,0.00863960,55.7424,119.1337,54.7207,306.0738,0,U,24876,999,20141,0.00000000000000,0.00000002,0.0000000000000,26560.476,717.982,20411.813,19952.869,PAYLOAD,LARGE,US,1997-07-23,AFETR,,4604166,277603891,0 NAVSTAR 43 (USA 132),1 24876U 97035A   25007.69659616  .00000002  00000-0  00000-0 0  9995,2 24876  55.7424 119.1337 0086396  54.7207 306.0738  2.00562156201410
3.0,GENERATED VIA SPACE-TRACK.ORG API,2025-01-09 03:56:35+00:00,18 SPCS,NAVSTAR 43 (USA 132),1997-035A,EARTH,TEME,UTC,SGP4,2025-01-08 04:41:03.245280+00:00,2.00562163,0.00864010,55.7425,119.1142,54.7080,306.0843,0,U,24876,999,20142,0.00000000000000,-0.00000005,0.0000000000000,26560.475,717.982,20411.825,19952.855,PAYLOAD,LARGE,US,1997-07-23,AFETR,,4604399,277638691,0 NAVSTAR 43 (USA 132),1 24876U 97035A   25008.19517645 -.00000005  00000-0  00000-0 0  9990,2 24876  55.7425 119.1142 0086401  54.7080 306.0843  2.00562163201427
3.0,GENERATED VIA SPACE-TRACK.ORG API,2025-01-09 07:08:30+00:00,18 SPCS,NAVSTAR 43 (USA 132),1997-035A,EARTH,TEME,UTC,SGP4,2025-01-09 04:36:57.889152+00:00,2.00562197,0.00864110,55.7429,119.0751,54.7101,306.0780,0,U,24876,999,20124,0.00000000000000,-0.00000021,0.0000000000000,26560.472,717.982,20411.849,19952.825,PAYLOAD,LARGE,US,1997-07-23,AFETR,,4604519,277663522,0 NAVSTAR 43 (USA 132),1 24876U 97035A   25009.19233668 -.00000021  00000-0  00000+0 0  9998,2 24876  55.7429 119.0751 0086411  54.7101 306.0780  2.00562197201248
3.0,GENERATED VIA SPACE-TRACK.ORG API,2025-01-09 19:31:44+00:00,18 SPCS,NAVSTAR 43 (USA 132),1997-035A,EARTH,TEME,UTC,SGP4,2025-01-09 04:36:57.889152+00:00,2.00562197,0.00864110,55.7429,119.0751,54.7101,306.0780,0,U,24876,999,20144,0.00000000000000,-0.00000021,0.0000000000000,26560.472,717.982,20411.849,19952.825,PAYLOAD,LARGE,US,1997-07-23,AFETR,,4604593,277672694,0 NAVSTAR 43 (USA 132),1 24876U 97035A   25009.19233668 -.00000021  00000-0  00000-0 0  9999,2 24876  55.7429 119.0751 0086411  54.7101 306.0780  2.00562197201440
3.0,GENERATED VIA SPACE-TRACK.ORG API,2025-01-11 05:36:21+00:00,18 SPCS,NAVSTAR 43 (USA 132),1997-035A,EARTH,TEME,UTC,SGP4,2025-01-10 16:30:50.266656+00:00,2.00562207,0.00864330,55.7433,119.0166,54.6855,306.0988,0,U,24876,999,20147,0.00000000000000,-0.00000037,0.0000000000000,26560.471,717.982,20411.906,19952.766,PAYLOAD,LARGE,US,1997-07-23,AFETR,,4607388,277826797,0 NAVSTAR 43 (USA 132),1 24876U 97035A   25010.68808179 -.00000037  00000-0  00000-0 0  9997,2 24876  55.7433 119.0166 0086433  54.6855 306.0988  2.00562207201479
3.0,GENERATED VIA SPACE-TRACK.ORG API,2025-01-11 18:02:58+00:00,18 SPCS,NAVSTAR 43 (USA 132),1997-035A,EARTH,TEME,UTC,SGP4,2025-01-11 04:28:47.842176+00:00,2.00562225,0.00864390,55.7435,118.9971,54.6890,306.0953,0,U,24876,999,20148,0.00000000000000,-0.00000039,0.0000000000000,26560.470,717.982,20411.921,19952.749,PAYLOAD,LARGE,US,1997-07-23,AFETR,,4607957,277927793,0 NAVSTAR 43 (USA 132),1 24876U 97035A   25011.18666484 -.00000039  00000-0  00000-0 0  9996,2 24876  55.7435 118.9971 0086439  54.6890 306.0953  2.00562225201481
3.0,GENERATED VIA SPACE-TRACK.ORG API,2025-01-11 22:46:16+00:00,18 SPCS,NAVSTAR 43 (USA 132),1997-035A,EARTH,TEME,UTC,SGP4,2025-01-11 16:26:45.523104+00:00,2.00562227,0.00864450,55.7436,118.9776,54.6835,306.1014,0,U,24876,999,20129,0.00000000000000,-0.00000040,0.0000000000000,26560.469,717.982,20411.936,19952.732,PAYLOAD,LARGE,US,1997-07-23,AFETR,,4608111,277954608,0 NAVSTAR 43 (USA 132),1 24876U 97035A   25011.68524911 -.00000040  00000-0  00000+0 0  9990,2 24876  55.7436 118.9776 0086445  54.6835 306.1014  2.00562227201291
3.0,GENERATED VIA SPACE-TRACK.ORG API,2025-01-12 03:29:48+00:00,18 SPCS,NAVSTAR 43 (USA 132),1997-035A,EARTH,TEME,UTC,SGP4,2025-01-11 16:26:45.508416+00:00,2.00562232,0.00864490,55.7436,118.9776,54.6790,306.1059,0,U,24876,999,20149,0.00000000000000,-0.00000040,0.0000000000000,26560.469,717.982,20411.947,19952.721,PAYLOAD,LARGE,US,1997-07-23,AFETR,,4608269,277964431,0 NAVSTAR 43 (USA 132),1 24876U 97035A   25011.68524894 -.00000040  00000-0  00000-0 0  9991,2 24876  55.7436 118.9776 0086449  54.6790 306.1059  2.00562232201492
3.0,GENERATED VIA SPACE-TRACK.ORG API,2025-01-13 02:04:43+00:00,18 SPCS,NAVSTAR 43 (USA 132),1997-035A,EARTH,TEME,UTC,SGP4,2025-01-12 04:24:43.224768+00:00,2.00562256,0.00864490,55.7438,118.9581,54.6609,306.1250,0,U,24876,999,20150,0.00000000000000,-0.00000040,0.0000000000000,26560.467,717.982,20411.944,19952.719,PAYLOAD,LARGE,US,1997-07-23,AFETR,,4609167,278045367,0 NAVSTAR 43 (USA 132),1 24876U 97035A   25012.18383362 -.00000040  00000-0  00000-0 0  9990,2 24876  55.7438 118.9581 0086449  54.6609 306.1250  2.00562256201508
3.0,GENERATED VIA SPACE-TRACK.ORG API,2025-01-14 01:59:04+00:00,18 SPCS,NAVSTAR 43 (USA 132),1997-035A,EARTH,TEME,UTC,SGP4,2025-01-13 16:18:36.789408+00:00,2.00562290,0.00864650,55.7443,118.8995,54.6588,306.1339,0,U,24876,999,20153,0.00000000000000,-0.00000031,0.0000000000000,26560.464,717.981,20411.984,19952.674,PAYLOAD,LARGE,US,1997-07-23,AFETR,,4610108,278126564,0 NAVSTAR 43 (USA 132),1 24876U 97035A   25013.67959247 -.00000031  00000-0  00000-0 0  9996,2 24876  55.7443 118.8995 0086465  54.6588 306.1339  2.00562290201535
3.0,GENERATED VIA SPACE-TRACK.ORG API,2025-01-14 17:39:45+00:00,18 SPCS,NAVSTAR 43 (USA 132),1997-035A,EARTH,TEME,UTC,SGP4,2025-01-13 16:18:36.760896+00:00,2.00562310,0.00864650,55.7443,118.8995,54.6441,306.1484,0,U,24876,999,20153,0.00000000000000,-0.00000031,0.0000000000000,26560.462,717.981,20411.982,19952.672,PAYLOAD,LARGE,US,1997-07-23,AFETR,,4610679,278170134,0 NAVSTAR 43 (USA 132),1 24876U 97035A   25013.67959214 -.00000031  00000-0  00000-0 0  9990,2 24876  55.7443 118.8995 0086465  54.6441 306.1484  2.00562310201537
3.0,GENERATED VIA SPACE-TRACK.ORG API,2025-01-15 14:46:16+00:00,18 SPCS,NAVSTAR 43 (USA 132),1997-035A,EARTH,TEME,UTC,SGP4,2025-01-14 16:14:32.650656+00:00,2.00562330,0.00864730,55.7446,118.8605,54.6402,306.1585,0,U,24876,999,20135,0.00000000000000,-0.00000021,0.0000000000000,26560.460,717.981,20412.002,19952.649,PAYLOAD,LARGE,US,1997-07-23,AFETR,,4611406,278238293,0 NAVSTAR 43 (USA 132),1 24876U 97035A   25014.67676679 -.00000021  00000-0  00000+0 0  9990,2 24876  55.7446 118.8605 0086473  54.6402 306.1585  2.00562330201358
3.0,GENERATED VIA SPACE-TRACK.ORG API,2025-01-15 17:55:58+00:00,18 SPCS,NAVSTAR 43 (USA 132),1997-035A,EARTH,TEME,UTC,SGP4,2025-01-14 16:14:32.650656+00:00,2.00562330,0.00864730,55.7446,118.8605,54.6402,306.1585,0,U,24876,999,20155,0.00000000000000,-0.00000021,0.0000000000000,26560.460,717.981,20412.002,19952.649,PAYLOAD,LARGE,US,1997-07-23,AFETR,,4611564,278248703,0 NAVSTAR 43 (USA 132),1 24876U 97035A   25014.67676679 -.00000021  00000-0  00000-0 0  9991,2 24876  55.7446 118.8605 0086473  54.6402 306.1585  2.00562330201550
3.0,GENERATED VIA SPACE-TRACK.ORG API,2025-01-16 05:20:38+00:00,18 SPCS,NAVSTAR 43 (USA 132),1997-035A,EARTH,TEME,UTC,SGP4,2025-01-15 16:10:28.559424+00:00,2.00562361,0.00864840,55.7449,118.8215,54.6320,306.1731,0,U,24876,999,20157,0.00000000000000,-0.00000012,0.0000000000000,26560.458,717.981,20412.028,19952.617,PAYLOAD,LARGE,US,1997-07-23,AFETR,,4611874,278286183,0 NAVSTAR 43 (USA 132),1 24876U 97035A   25015.67394166 -.00000012  00000-0  00000-0 0  9990,2 24876  55.7449 118.8215 0086484  54.6320 306.1731  2.00562361201570
3.0,GENERATED VIA SPACE-TRACK.ORG API,2025-01-16 17:17:14+00:00,18 SPCS,NAVSTAR 43 (USA 132),1997-035A,EARTH,TEME,UTC,SGP4,2025-01-15 16:10:28.587072+00:00,2.00562359,0.00864820,55.7449,118.8215,54.6157,306.1893,0,U,24876,999,20157,0.00000000000000,-0.00000012,0.0000000000000,26560.458,717.981,20412.023,19952.623,PAYLOAD,LARGE,US,1997-07-23,AFETR,,4612163,278322548,0 NAVSTAR 43 (USA 132),1 24876U 97035A   25015.67394198 -.00000012  00000-0  00000-0 0  9995,2 24876  55.7449 118.8215 0086482  54.6157 306.1893  2.00562359201572
3.0,GENERATED VIA SPACE-TRACK.ORG API,2025-01-17 03:19:17+00:00,18 SPCS,NAVSTAR 43 (USA 132),1997-035A,EARTH,TEME,UTC,SGP4,2025-01-16 16:06:24.376608+00:00,2.00562394,0.00864940,55.7453,118.7825,54.6129,306.1980,0,U,24876,999,20159,0.00000000000000,-0.00000005,0.0000000000000,26560.455,717.981,20412.052,19952.588,PAYLOAD,LARGE,US,1997-07-23,AFETR,,4612708,278365323,0 NAVSTAR 43 (USA 132),1 24876U 97035A   25016.67111547 -.00000005  00000-0  00000-0 0  9993,2 24876  55.7453 118.7825 0086494  54.6129 306.1980  2.00562394201593
3.0,GENERATED VIA SPACE-TRACK.ORG API,2025-01-17 22:56:15+00:00,18 SPCS,NAVSTAR 43 (USA 132),1997-035A,EARTH,TEME,UTC,SGP4,2025-01-17 16:02:20.102208+00:00,2.00562402,0.00865080,55.7456,118.7435,54.6084,306.2071,0,U,24876,999,20141,0.00000000000000,-0.00000001,0.0000000000000,26560.454,717.981,20412.088,19952.550,PAYLOAD,LARGE,US,1997-07-23,AFETR,,4613532,278436293,0 NAVSTAR 43 (USA 132),1 24876U 97035A   25017.66828822 -.00000001  00000-0  00000+0 0  9999,2 24876  55.7456 118.7435 0086508  54.6084 306.2071  2.00562402201412
3.0,GENERATED VIA SPACE-TRACK.ORG API,2025-01-18 03:06:32+00:00,18 SPCS,NAVSTAR 43 (USA 132),1997-035A,EARTH,TEME,UTC,SGP4,2025-01-17 16:02:20.117760+00:00,2.00562395,0.00865080,55.7456,118.7435,54.6052,306.2103,0,U,24876,999,20161,0.00000000000000,-0.00000001,0.0000000000000,26560.455,717.981,20412.089,19952.550,PAYLOAD,LARGE,US,1997-07-23,AFETR,,4613724,278448023,0 NAVSTAR 43 (USA 132),1 24876U 97035A   25017.66828840 -.00000001  00000-0  00000-0 0  9990,2 24876  55.7456 118.7435 0086508  54.6052 306.2103  2.00562395201616
3.0,GENERATED VIA SPACE-TRACK.ORG API,2025-01-18 17:32:39+00:00,18 SPCS,NAVSTAR 43 (USA 132),1997-035A,EARTH,TEME,UTC,SGP4,2025-01-18 04:00:17.876448+00:00,2.00562411,0.00865130,55.7458,118.7240,54.6051,306.2121,0,U,24876,999,20162,0.00000000000000,-0.00000001,0.0000000000000,26560.453,717.981,20412.101,19952.536,PAYLOAD,LARGE,US,1997-07-23,AFETR,,4614329,278492398,0 NAVSTAR 43 (USA 132),1 24876U 97035A   25018.16687357 -.00000001  00000-0  00000-0 0  9992,2 24876  55.7458 118.7240 0086513  54.6051 306.2121  2.00562411201627
3.0,GENERATED VIA SPACE-TRACK.ORG API,2025-01-19 18:31:59+00:00,18 SPCS,NAVSTAR 43 (USA 132),1997-035A,EARTH,TEME,UTC,SGP4,2025-01-19 03:56:13.295328+00:00,2.00562420,0.00865240,55.7461,118.6849,54.5943,306.2252,0,U,24876,999,20164,0.00000000000000,-0.00000003,0.0000000000000,26560.452,717.981,20412.129,19952.506,PAYLOAD,LARGE,US,1997-07-23,AFETR,,4615456,278580032,0 NAVSTAR 43 (USA 132),1 24876U 97035A   25019.16404277 -.00000003  00000-0  00000-0 0  9993,2 24876  55.7461 118.6849 0086524  54.5943 306.2252  2.00562420201643
3.0,GENERATED VIA SPACE-TRACK.ORG API,2025-01-20 03:16:43+00:00,18 SPCS,NAVSTAR 43 (USA 132),1997-035A,EARTH,TEME,UTC,SGP4,2025-01-19 15:54:10.932192+00:00,2.00562423,0.00865300,55.7463,118.6654,54.5883,306.2318,0,U,24876,999,20165,0.00000000000000,-0.00000006,0.0000000000000,26560.452,717.981,20412.145,19952.489,PAYLOAD,LARGE,US,1997-07-23,AFETR,,4615796,278617240,0 NAVSTAR 43 (USA 132),1 24876U 97035A   25019.66262653 -.00000006  00000-0  00000-0 0  9991,2 24876  55.7463 118.6654 0086530  54.5883 306.2318  2.00562423201656
3.0,GENERATED VIA SPACE-TRACK.ORG API,2025-01-20 18:44:49+00:00,18 SPCS,NAVSTAR 43 (USA 132),1997-035A,EARTH,TEME,UTC,SGP4,2025-01-19 15:54:10.911456+00:00,2.00562426,0.00865290,55.7462,118.6654,54.5822,306.2378,0,U,24876,999,20165,0.00000000000000,-0.00000006,0.0000000000000,26560.452,717.981,20412.142,19952.492,PAYLOAD,LARGE,US,1997-07-23,AFETR,,4616438,278662812,0 NAVSTAR 43 (USA 132),1 24876U 97035A   25019.66262629 -.00000006  00000-0  00000-0 0  9994,2 24876  55.7462 118.6654 0086529  54.5822 306.2378  2.00562426201655
3.0,GENERATED VIA SPACE-TRACK.ORG API,2025-01-21 06:46:16+00:00,18 SPCS,NAVSTAR 43 (USA 132),1997-035A,EARTH,TEME,UTC,SGP4,2025-01-21 03:48:03.570624+00:00,2.00562443,0.00865430,55.7467,118.6069,54.5746,306.2453,0,U,24876,999,20148,0.00000000000000,-0.00000015,0.0000000000000,26560.450,717.981,20412.177,19952.453,PAYLOAD,LARGE,US,1997-07-23,AFETR,,4616906,278726603,0 NAVSTAR 43 (USA 132),1 24876U 97035A   25021.15837466 -.00000015  00000-0  00000+0 0  9997,2 24876  55.7467 118.6069 0086543  54.5746 306.2453  2.00562443201485
3.0,GENERATED VIA SPACE-TRACK.ORG API,2025-01-21 17:35:04+00:00,18 SPCS,NAVSTAR 43 (USA 132),1997-035A,EARTH,TEME,UTC,SGP4,2025-01-21 03:48:03.542976+00:00,2.00562449,0.00865420,55.7467,118.6069,54.5600,306.2598,0,U,24876,999,20168,0.00000000000000,-0.00000015,0.0000000000000,26560.450,717.981,20412.174,19952.455,PAYLOAD,LARGE,US,1997-07-23,AFETR,,4617403,278745754,0 NAVSTAR 43 (USA 132),1 24876U 97035A   25021.15837434 -.00000015  00000-0  00000-0 0  9993,2 24876  55.7467 118.6069 0086542  54.5600 306.2598  2.00562449201681
3.0,GENERATED VIA SPACE-TRACK.ORG API,2025-01-23 22:46:17+00:00,18 SPCS,NAVSTAR 43 (USA 132),1997-035A,EARTH,TEME,UTC,SGP4,2025-01-23 15:37:51.004992+00:00,2.00562451,0.00865550,55.7475,118.5093,54.5393,306.2778,0,U,24876,999,20153,0.00000000000000,-0.00000024,0.0000000000000,26560.450,717.981,20412.209,19952.421,PAYLOAD,LARGE,US,1997-07-23,AFETR,,4619288,278931298,0 NAVSTAR 43 (USA 132),1 24876U 97035A   25023.65128478 -.00000024  00000-0  00000+0 0  9990,2 24876  55.7475 118.5093 0086555  54.5393 306.2778  2.00562451201536
3.0,GENERATED VIA SPACE-TRACK.ORG API,2025-01-24 04:23:34+00:00,18 SPCS,NAVSTAR 43 (USA 132),1997-035A,EARTH,TEME,UTC,SGP4,2025-01-23 15:37:51.004992+00:00,2.00562451,0.00865550,55.7475,118.5093,54.5393,306.2778,0,U,24876,999,20173,0.00000000000000,-0.00000024,0.0000000000000,26560.450,717.981,20412.209,19952.421,PAYLOAD,LARGE,US,1997-07-23,AFETR,,4619469,278941395,0 NAVSTAR 43 (USA 132),1 24876U 97035A   25023.65128478 -.00000024  00000-0  00000-0 0  9991,2 24876  55.7475 118.5093 0086555  54.5393 306.2778  2.00562451201738
3.0,GENERATED VIA SPACE-TRACK.ORG API,2025-01-25 04:28:07+00:00,18 SPCS,NAVSTAR 43 (USA 132),1997-035A,EARTH,TEME,UTC,SGP4,2025-01-24 15:33:46.074816+00:00,2.00562453,0.00865620,55.7479,118.4703,54.5238,306.2932,0,U,24876,999,20175,0.00000000000000,-0.00000024,0.0000000000000,26560.449,717.981,20412.227,19952.402,PAYLOAD,LARGE,US,1997-07-23,AFETR,,4620436,279022935,0 NAVSTAR 43 (USA 132),1 24876U 97035A   25024.64844994 -.00000024  00000-0  00000-0 0  9999,2 24876  55.7479 118.4703 0086562  54.5238 306.2932  2.00562453201751
3.0,GENERATED VIA SPACE-TRACK.ORG API,2025-01-26 04:14:40+00:00,18 SPCS,NAVSTAR 43 (USA 132),1997-035A,EARTH,TEME,UTC,SGP4,2025-01-25 15:29:41.345952+00:00,2.00562445,0.00865700,55.7482,118.4313,54.5130,306.3051,0,U,24876,999,20177,0.00000000000000,-0.00000020,0.0000000000000,26560.450,717.981,20412.249,19952.381,PAYLOAD,LARGE,US,1997-07-23,AFETR,,4621357,279104226,0 NAVSTAR 43 (USA 132),1 24876U 97035A   25025.64561743 -.00000020  00000-0  00000-0 0  9994,2 24876  55.7482 118.4313 0086570  54.5130 306.3051  2.00562445201778
3.0,GENERATED VIA SPACE-TRACK.ORG API,2025-01-27 14:36:17+00:00,18 SPCS,NAVSTAR 43 (USA 132),1997-035A,EARTH,TEME,UTC,SGP4,2025-01-26 15:25:36.882336+00:00,2.00562403,0.00865830,55.7486,118.3922,54.4973,306.3237,0,U,24876,999,20159,0.00000000000000,-0.00000014,0.0000000000000,26560.454,717.981,20412.287,19952.350,PAYLOAD,LARGE,US,1997-07-23,AFETR,,4622735,279220477,0 NAVSTAR 43 (USA 132),1 24876U 97035A   25026.64278799 -.00000014  00000-0  00000+0 0  9993,2 24876  55.7486 118.3922 0086583  54.4973 306.3237  2.00562403201595
3.0,GENERATED VIA SPACE-TRACK.ORG API,2025-01-27 17:35:57+00:00,18 SPCS,NAVSTAR 43 (USA 132),1997-035A,EARTH,TEME,UTC,SGP4,2025-01-26 15:25:36.882336+00:00,2.00562403,0.00865830,55.7486,118.3922,54.4973,306.3237,0,U,24876,999,20179,0.00000000000000,-0.00000014,0.0000000000000,26560.454,717.981,20412.287,19952.350,PAYLOAD,LARGE,US,1997-07-23,AFETR,,4622945,279231219,0 NAVSTAR 43 (USA 132),1 24876U 97035A   25026.64278799 -.00000014  00000-0  00000-0 0  9994,2 24876  55.7486 118.3922 0086583  54.4973 306.3237  2.00562403201797
3.0,GENERATED VIA SPACE-TRACK.ORG API,2025-01-28 02:49:03+00:00,18 SPCS,NAVSTAR 43 (USA 132),1997-035A,EARTH,TEME,UTC,SGP4,2025-01-24 15:33:46.154304+00:00,2.00562427,0.00865650,55.7480,118.4703,54.5287,306.2883,0,U,24876,999,20175,0.00000000000000,-0.00000024,0.0000000000000,26560.452,717.981,20412.237,19952.396,PAYLOAD,LARGE,US,1997-07-23,AFETR,,4623601,279277234,0 NAVSTAR 43 (USA 132),1 24876U 97035A   25024.64845086 -.00000024  00000-0  00000-0 0  9992,2 24876  55.7480 118.4703 0086565  54.5287 306.2883  2.00562427201756
3.0,GENERATED VIA SPACE-TRACK.ORG API,2025-01-28 21:47:04+00:00,18 SPCS,NAVSTAR 43 (USA 132),1997-035A,EARTH,TEME,UTC,SGP4,2025-01-27 15:21:32.550912+00:00,2.00562398,0.00865960,55.7489,118.3532,54.4905,306.3351,0,U,24876,999,20181,0.00000000000000,-0.00000006,0.0000000000000,26560.454,717.981,20412.322,19952.316,PAYLOAD,LARGE,US,1997-07-23,AFETR,,4624325,279323657,0 NAVSTAR 43 (USA 132),1 24876U 97035A   25027.63996008 -.00000006  00000-0  00000-0 0  9995,2 24876  55.7489 118.3532 0086596  54.4905 306.3351  2.00562398201819
3.0,GENERATED VIA SPACE-TRACK.ORG API,2025-01-29 22:36:31+00:00,18 SPCS,NAVSTAR 43 (USA 132),1997-035A,EARTH,TEME,UTC,SGP4,2025-01-29 15:13:24.219840+00:00,2.00562388,0.00866260,55.7495,118.2751,54.4654,306.3725,0,U,24876,999,20165,0.00000000000000,0.00000011,0.0000000000000,26560.455,717.981,20412.403,19952.238,PAYLOAD,LARGE,US,1997-07-23,AFETR,,4625457,279432046,0 NAVSTAR 43 (USA 132),1 24876U 97035A   25029.63430810  .00000011  00000-0  00000+0 0  9995,2 24876  55.7495 118.2751 0086626  54.4654 306.3725  2.00562388201659
3.0,GENERATED VIA SPACE-TRACK.ORG API,2025-01-30 05:01:20+00:00,18 SPCS,NAVSTAR 43 (USA 132),1997-035A,EARTH,TEME,UTC,SGP4,2025-01-29 15:13:24.219840+00:00,2.00562388,0.00866260,55.7495,118.2751,54.4654,306.3725,0,U,24876,999,20185,0.00000000000000,0.00000011,0.0000000000000,26560.455,717.981,20412.403,19952.238,PAYLOAD,LARGE,US,1997-07-23,AFETR,,4625610,279441658,0 NAVSTAR 43 (USA 132),1 24876U 97035A   25029.63430810  .00000011  00000-0  00000-0 0  9996,2 24876  55.7495 118.2751 0086626  54.4654 306.3725  2.00562388201851
3.0,GENERATED VIA SPACE-TRACK.ORG API,2025-01-30 17:44:22+00:00,18 SPCS,NAVSTAR 43 (USA 132),1997-035A,EARTH,TEME,UTC,SGP4,2025-01-30 03:11:22.139232+00:00,2.00562392,0.00866310,55.7497,118.2556,54.4639,306.3772,0,U,24876,999,20186,0.00000000000000,0.00000015,0.0000000000000,26560.455,717.981,20412.416,19952.224,PAYLOAD,LARGE,US,1997-07-23,AFETR,,4625944,279479614,0 NAVSTAR 43 (USA 132),1 24876U 97035A   25030.13289513  .00000015  00000-0  00000-0 0  9999,2 24876  55.7497 118.2556 0086631  54.4639 306.3772  2.00562392201863
3.0,GENERATED VIA SPACE-TRACK.ORG API,2025-01-31 17:19:09+00:00,18 SPCS,NAVSTAR 43 (USA 132),1997-035A,EARTH,TEME,UTC,SGP4,2025-01-31 03:07:17.833728+00:00,2.00562410,0.00866440,55.7500,118.2165,54.4554,306.3910,0,U,24876,999,20188,0.00000000000000,0.00000019,0.0000000000000,26560.453,717.981,20412.449,19952.188,PAYLOAD,LARGE,US,1997-07-23,AFETR,,4627199,279567219,0 NAVSTAR 43 (USA 132),1 24876U 97035A   25031.13006752  .00000019  00000-0  00000-0 0  9996,2 24876  55.7500 118.2165 0086644  54.4554 306.3910  2.00562410201881
3.0,GENERATED VIA SPACE-TRACK.ORG API,2025-02-01 17:16:57+00:00,18 SPCS,NAVSTAR 43 (USA 132),1997-035A,EARTH,TEME,UTC,SGP4,2025-02-01 03:03:13.509216+00:00,2.00562334,0.00866580,55.7503,118.1774,54.4233,306.4264,0,U,24876,999,20190,0.00000000000000,0.00000019,0.0000000000000,26560.460,717.981,20412.493,19952.157,PAYLOAD,LARGE,US,1997-07-23,AFETR,,4628095,279678133,0 NAVSTAR 43 (USA 132),1 24876U 97035A   25032.12723969  .00000019  00000-0  00000-0 0  9992,2 24876  55.7503 118.1774 0086658  54.4233 306.4264  2.00562334201909
3.0,GENERATED VIA SPACE-TRACK.ORG API,2025-02-01 22:36:17+00:00,18 SPCS,NAVSTAR 43 (USA 132),1997-035A,EARTH,TEME,UTC,SGP4,2025-02-01 03:03:13.509216+00:00,2.00562334,0.00866580,55.7503,118.1774,54.4233,306.4264,0,U,24876,999,20170,0.00000000000000,0.00000019,0.0000000000000,26560.460,717.981,20412.493,19952.157,PAYLOAD,LARGE,US,1997-07-23,AFETR,,4628216,279703203,0 NAVSTAR 43 (USA 132),1 24876U 97035A   25032.12723969  .00000019  00000-0  00000+0 0  9991,2 24876  55.7503 118.1774 0086658  54.4233 306.4264  2.00562334201707
3.0,GENERATED VIA SPACE-TRACK.ORG API,2025-02-02 17:26:13+00:00,18 SPCS,NAVSTAR 43 (USA 132),1997-035A,EARTH,TEME,UTC,SGP4,2025-02-02 02:59:08.684448+00:00,2.00562348,0.00866700,55.7506,118.1383,54.4064,306.4442,0,U,24876,999,20192,0.00000000000000,0.00000014,0.0000000000000,26560.459,717.981,20412.523,19952.124,PAYLOAD,LARGE,US,1997-07-23,AFETR,,4629041,279759742,0 NAVSTAR 43 (USA 132),1 24876U 97035A   25033.12440607  .00000014  00000-0  00000-0 0  9993,2 24876  55.7506 118.1383 0086670  54.4064 306.4442  2.00562348201929
3.0,GENERATED VIA SPACE-TRACK.ORG API,2025-02-03 05:37:41+00:00,18 SPCS,NAVSTAR 43 (USA 132),1997-035A,EARTH,TEME,UTC,SGP4,2025-02-02 14:57:06.221088+00:00,2.00562343,0.00866730,55.7509,118.1188,54.4144,306.4358,0,U,24876,999,20193,0.00000000000000,0.00000009,0.0000000000000,26560.459,717.981,20412.532,19952.117,PAYLOAD,LARGE,US,1997-07-23,AFETR,,4629305,279794395,0 NAVSTAR 43 (USA 132),1 24876U 97035A   25033.62298867  .00000009  00000-0  00000-0 0  9991,2 24876  55.7509 118.1188 0086673  54.4144 306.4358  2.00562343201939
3.0,GENERATED VIA SPACE-TRACK.ORG API,2025-02-03 17:28:00+00:00,18 SPCS,NAVSTAR 43 (USA 132),1997-035A,EARTH,TEME,UTC,SGP4,2025-02-03 02:55:03.492480+00:00,2.00562394,0.00866820,55.7510,118.0992,54.3891,306.4599,0,U,24876,999,20194,0.00000000000000,0.00000004,0.0000000000000,26560.455,717.981,20412.551,19952.088,PAYLOAD,LARGE,US,1997-07-23,AFETR,,4629997,279840507,0 NAVSTAR 43 (USA 132),1 24876U 97035A   25034.12156820  .00000004  00000-0  00000-0 0  9994,2 24876  55.7510 118.0992 0086682  54.3891 306.4599  2.00562394201945
3.0,GENERATED VIA SPACE-TRACK.ORG API,2025-02-04 06:56:30+00:00,18 SPCS,NAVSTAR 43 (USA 132),1997-035A,EARTH,TEME,UTC,SGP4,2025-02-03 14:53:00.879648+00:00,2.00562389,0.00866890,55.7512,118.0797,54.3900,306.4575,0,U,24876,999,20175,0.00000000000000,-0.00000003,0.0000000000000,26560.455,717.981,20412.570,19952.070,PAYLOAD,LARGE,US,1997-07-23,AFETR,,4630461,279933557,0 NAVSTAR 43 (USA 132),1 24876U 97035A   25034.62014907 -.00000003  00000-0  00000+0 0  9997,2 24876  55.7512 118.0797 0086689  54.3900 306.4575  2.00562389201755
3.0,GENERATED VIA SPACE-TRACK.ORG API,2025-02-04 18:10:45+00:00,18 SPCS,NAVSTAR 43 (USA 132),1997-035A,EARTH,TEME,UTC,SGP4,2025-02-04 14:48:55.524384+00:00,2.00562403,0.00867020,55.7515,118.0406,54.3839,306.4599,0,U,24876,999,20197,0.00000000000000,-0.00000017,0.0000000000000,26560.454,717.981,20412.603,19952.034,PAYLOAD,LARGE,US,1997-07-23,AFETR,,4631053,279953962,0 NAVSTAR 43 (USA 132),1 24876U 97035A   25035.61730931 -.00000017  00000-0  00000-0 0  9995,2 24876  55.7515 118.0406 0086702  54.3839 306.4599  2.00562403201979
3.0,GENERATED VIA SPACE-TRACK.ORG API,2025-02-05 17:51:38+00:00,18 SPCS,NAVSTAR 43 (USA 132),1997-035A,EARTH,TEME,UTC,SGP4,2025-02-04 14:48:55.521792+00:00,2.00562396,0.00867050,55.7515,118.0406,54.3744,306.4693,0,U,24876,999,20197,0.00000000000000,-0.00000017,0.0000000000000,26560.454,717.981,20412.612,19952.027,PAYLOAD,LARGE,US,1997-07-23,AFETR,,4632154,280009082,0 NAVSTAR 43 (USA 132),1 24876U 97035A   25035.61730928 -.00000017  00000-0  00000-0 0  9991,2 24876  55.7515 118.0406 0086705  54.3744 306.4693  2.00562396201973
3.0,GENERATED VIA SPACE-TRACK.ORG API,2025-02-06 03:58:10+00:00,18 SPCS,NAVSTAR 43 (USA 132),1997-035A,EARTH,TEME,UTC,SGP4,2025-02-05 14:44:50.173440+00:00,2.00562406,0.00867230,55.7519,118.0016,54.3601,306.4798,0,U,24876,999,20199,0.00000000000000,-0.00000030,0.0000000000000,26560.454,717.981,20412.659,19951.978,PAYLOAD,LARGE,US,1997-07-23,AFETR,,4632462,280045677,0 NAVSTAR 43 (USA 132),1 24876U 97035A   25036.61446960 -.00000030  00000-0  00000-0 0  9997,2 24876  55.7519 118.0016 0086723  54.3601 306.4798  2.00562406201996
3.0,GENERATED VIA SPACE-TRACK.ORG API,2025-02-08 05:27:25+00:00,18 SPCS,NAVSTAR 43 (USA 132),1997-035A,EARTH,TEME,UTC,SGP4,2025-02-07 14:36:40.021056+00:00,2.00562452,0.00867580,55.7526,117.9235,54.3341,306.5031,0,U,24876,999,20203,0.00000000000000,-0.00000045,0.0000000000000,26560.450,717.981,20412.748,19951.881,PAYLOAD,LARGE,US,1997-07-23,AFETR,,4633897,280166593,0 NAVSTAR 43 (USA 132),1 24876U 97035A   25038.60879654 -.00000045  00000-0  00000-0 0  9994,2 24876  55.7526 117.9235 0086758  54.3341 306.5031  2.00562452202032
3.0,GENERATED VIA SPACE-TRACK.ORG API,2025-02-08 06:46:18+00:00,18 SPCS,NAVSTAR 43 (USA 132),1997-035A,EARTH,TEME,UTC,SGP4,2025-02-07 14:36:40.021056+00:00,2.00562452,0.00867580,55.7526,117.9235,54.3341,306.5031,0,U,24876,999,20183,0.00000000000000,-0.00000045,0.0000000000000,26560.450,717.981,20412.748,19951.881,PAYLOAD,LARGE,US,1997-07-23,AFETR,,4634019,280193270,0 NAVSTAR 43 (USA 132),1 24876U 97035A   25038.60879654 -.00000045  00000-0  00000+0 0  9993,2 24876  55.7526 117.9235 0086758  54.3341 306.5031  2.00562452201839
3.0,GENERATED VIA SPACE-TRACK.ORG API,2025-02-08 17:45:34+00:00,18 SPCS,NAVSTAR 43 (USA 132),1997-035A,EARTH,TEME,UTC,SGP4,2025-02-08 02:34:37.691616+00:00,2.00562461,0.00867670,55.7528,117.9040,54.3190,306.5189,0,U,24876,999,20204,0.00000000000000,-0.00000045,0.0000000000000,26560.449,717.981,20412.771,19951.857,PAYLOAD,LARGE,US,1997-07-23,AFETR,,4634601,280212665,0 NAVSTAR 43 (USA 132),1 24876U 97035A   25039.10738069 -.00000045  00000-0  00000-0 0  9994,2 24876  55.7528 117.9040 0086767  54.3190 306.5189  2.00562461202045
3.0,GENERATED VIA SPACE-TRACK.ORG API,2025-02-09 04:01:38+00:00,18 SPCS,NAVSTAR 43 (USA 132),1997-035A,EARTH,TEME,UTC,SGP4,2025-02-08 14:32:35.480544+00:00,2.00562439,0.00867780,55.7530,117.8844,54.3251,306.5143,0,U,24876,999,20205,0.00000000000000,-0.00000043,0.0000000000000,26560.451,717.981,20412.802,19951.829,PAYLOAD,LARGE,US,1997-07-23,AFETR,,4634925,280248901,0 NAVSTAR 43 (USA 132),1 24876U 97035A   25039.60596621 -.00000043  00000-0  00000-0 0  9993,2 24876  55.7530 117.8844 0086778  54.3251 306.5143  2.00562439202055
3.0,GENERATED VIA SPACE-TRACK.ORG API,2025-02-09 17:59:51+00:00,18 SPCS,NAVSTAR 43 (USA 132),1997-035A,EARTH,TEME,UTC,SGP4,2025-02-09 02:30:33.222816+00:00,2.00562475,0.00867870,55.7532,117.8649,54.3096,306.5317,0,U,24876,999,20206,0.00000000000000,-0.00000040,0.0000000000000,26560.447,717.981,20412.823,19951.802,PAYLOAD,LARGE,US,1997-07-23,AFETR,,4635571,280293967,0 NAVSTAR 43 (USA 132),1 24876U 97035A   25040.10455119 -.00000040  00000-0  00000-0 0  9993,2 24876  55.7532 117.8649 0086787  54.3096 306.5317  2.00562475202061
3.0,GENERATED VIA SPACE-TRACK.ORG API,2025-02-10 02:37:02+00:00,18 SPCS,NAVSTAR 43 (USA 132),1997-035A,EARTH,TEME,UTC,SGP4,2025-02-09 14:28:31.065312+00:00,2.00562478,0.00867950,55.7534,117.8454,54.3144,306.5294,0,U,24876,999,20207,0.00000000000000,-0.00000036,0.0000000000000,26560.447,717.981,20412.844,19951.781,PAYLOAD,LARGE,US,1997-07-23,AFETR,,4635883,280330659,0 NAVSTAR 43 (USA 132),1 24876U 97035A   25040.60313733 -.00000036  00000-0  00000-0 0  9998,2 24876  55.7534 117.8454 0086795  54.3144 306.5294  2.00562478202078
3.0,GENERATED VIA SPACE-TRACK.ORG API,2025-02-10 06:46:17+00:00,18 SPCS,NAVSTAR 43 (USA 132),1997-035A,EARTH,TEME,UTC,SGP4,2025-02-10 02:26:28.928544+00:00,2.00562496,0.00867980,55.7536,117.8259,54.3142,306.5324,0,U,24876,999,20188,0.00000000000000,-0.00000031,0.0000000000000,26560.446,717.981,20412.850,19951.771,PAYLOAD,LARGE,US,1997-07-23,AFETR,,4636038,280357327,0 NAVSTAR 43 (USA 132),1 24876U 97035A   25041.10172371 -.00000031  00000-0  00000+0 0  9999,2 24876  55.7536 117.8259 0086798  54.3142 306.5324  2.00562496201886
3.0,GENERATED VIA SPACE-TRACK.ORG API,2025-02-10 17:40:26+00:00,18 SPCS,NAVSTAR 43 (USA 132),1997-035A,EARTH,TEME,UTC,SGP4,2025-02-10 02:26:29.001120+00:00,2.00562475,0.00868010,55.7536,117.8259,54.2968,306.5498,0,U,24876,999,20208,0.00000000000000,-0.00000031,0.0000000000000,26560.447,717.981,20412.860,19951.765,PAYLOAD,LARGE,US,1997-07-23,AFETR,,4636616,280378147,0 NAVSTAR 43 (USA 132),1 24876U 97035A   25041.10172455 -.00000031  00000-0  00000-0 0  9993,2 24876  55.7536 117.8259 0086801  54.2968 306.5498  2.00562475202088
3.0,GENERATED VIA SPACE-TRACK.ORG API,2025-02-11 04:10:04+00:00,18 SPCS,NAVSTAR 43 (USA 132),1997-035A,EARTH,TEME,UTC,SGP4,2025-02-10 14:24:26.911008+00:00,2.00562479,0.00868070,55.7538,117.8064,54.2993,306.5504,0,U,24876,999,20209,0.00000000000000,-0.00000026,0.0000000000000,26560.447,717.981,20412.875,19951.749,PAYLOAD,LARGE,US,1997-07-23,AFETR,,4636950,280413917,0 NAVSTAR 43 (USA 132),1 24876U 97035A   25041.60031147 -.00000026  00000-0  00000-0 0  9994,2 24876  55.7538 117.8064 0086807  54.2993 306.5504  2.00562479202091
3.0,GENERATED VIA SPACE-TRACK.ORG API,2025-02-11 17:27:46+00:00,18 SPCS,NAVSTAR 43 (USA 132),1997-035A,EARTH,TEME,UTC,SGP4,2025-02-11 02:22:24.813984+00:00,2.00562499,0.00868110,55.7540,117.7868,54.2986,306.5542,0,U,24876,999,20210,0.00000000000000,-0.00000021,0.0000000000000,26560.445,717.981,20412.884,19951.736,PAYLOAD,LARGE,US,1997-07-23,AFETR,,4637679,280460360,0 NAVSTAR 43 (USA 132),1 24876U 97035A   25042.09889831 -.00000021  00000-0  00000-0 0  9994,2 24876  55.7540 117.7868 0086811  54.2986 306.5542  2.00562499202108
3.0,GENERATED VIA SPACE-TRACK.ORG API,2025-02-12 02:52:37+00:00,18 SPCS,NAVSTAR 43 (USA 132),1997-035A,EARTH,TEME,UTC,SGP4,2025-02-11 14:20:22.710912+00:00,2.00562517,0.00868200,55.7541,117.7673,54.2824,306.5735,0,U,24876,999,20211,0.00000000000000,-0.00000015,0.0000000000000,26560.444,717.981,20412.907,19951.711,PAYLOAD,LARGE,US,1997-07-23,AFETR,,4638044,280498325,0 NAVSTAR 43 (USA 132),1 24876U 97035A   25042.59748508 -.00000015  00000-0  00000-0 0  9997,2 24876  55.7541 117.7673 0086820  54.2824 306.5735  2.00562517202110
3.0,GENERATED VIA SPACE-TRACK.ORG API,2025-02-12 22:46:18+00:00,18 SPCS,NAVSTAR 43 (USA 132),1997-035A,EARTH,TEME,UTC,SGP4,2025-02-12 14:16:18.456384+00:00,2.00562553,0.00868330,55.7545,117.7282,54.2660,306.5957,0,U,24876,999,20193,0.00000000000000,-0.00000006,0.0000000000000,26560.441,717.980,20412.938,19951.673,PAYLOAD,LARGE,US,1997-07-23,AFETR,,4638932,280570574,0 NAVSTAR 43 (USA 132),1 24876U 97035A   25043.59465806 -.00000006  00000-0  00000+0 0  9994,2 24876  55.7545 117.7282 0086833  54.2660 306.5957  2.00562553201937
3.0,GENERATED VIA SPACE-TRACK.ORG API,2025-02-13 05:22:15+00:00,18 SPCS,NAVSTAR 43 (USA 132),1997-035A,EARTH,TEME,UTC,SGP4,2025-02-12 14:16:18.456384+00:00,2.00562553,0.00868330,55.7545,117.7282,54.2660,306.5957,0,U,24876,999,20213,0.00000000000000,-0.00000006,0.0000000000000,26560.441,717.980,20412.938,19951.673,PAYLOAD,LARGE,US,1997-07-23,AFETR,,4639109,280581172,0 NAVSTAR 43 (USA 132),1 24876U 97035A   25043.59465806 -.00000006  00000-0  00000-0 0  9995,2 24876  55.7545 117.7282 0086833  54.2660 306.5957  2.00562553202130
3.0,GENERATED VIA SPACE-TRACK.ORG API,2025-02-13 17:23:10+00:00,18 SPCS,NAVSTAR 43 (USA 132),1997-035A,EARTH,TEME,UTC,SGP4,2025-02-13 14:12:14.287392+00:00,2.00562506,0.00868450,55.7548,117.6892,54.2563,306.6102,0,U,24876,999,20215,0.00000000000000,0.00000000,0.0000000000000,26560.445,717.981,20412.974,19951.646,PAYLOAD,LARGE,US,1997-07-23,AFETR,,4639754,280626661,0 NAVSTAR 43 (USA 132),1 24876U 97035A   25044.59183203  .00000000  00000-0  00000-0 0  9997,2 24876  55.7548 117.6892 0086845  54.2563 306.6102  2.00562506202157
3.0,GENERATED VIA SPACE-TRACK.ORG API,2025-02-14 17:53:59+00:00,18 SPCS,NAVSTAR 43 (USA 132),1997-035A,EARTH,TEME,UTC,SGP4,2025-02-14 14:08:09.651840+00:00,2.00562558,0.00868610,55.7552,117.6502,54.2422,306.6276,0,U,24876,999,20217,0.00000000000000,0.00000002,0.0000000000000,26560.440,717.980,20413.012,19951.599,PAYLOAD,LARGE,US,1997-07-23,AFETR,,4640722,280709245,0 NAVSTAR 43 (USA 132),1 24876U 97035A   25045.58900060  .00000002  00000-0  00000-0 0  9997,2 24876  55.7552 117.6502 0086861  54.2422 306.6276  2.00562558202173
3.0,GENERATED VIA SPACE-TRACK.ORG API,2025-02-15 02:48:44+00:00,18 SPCS,NAVSTAR 43 (USA 132),1997-035A,EARTH,TEME,UTC,SGP4,2025-02-14 14:08:09.565440+00:00,2.00562586,0.00868620,55.7553,117.6502,54.2360,306.6337,0,U,24876,999,20217,0.00000000000000,0.00000002,0.0000000000000,26560.438,717.980,20413.012,19951.593,PAYLOAD,LARGE,US,1997-07-23,AFETR,,4641027,280745772,0 NAVSTAR 43 (USA 132),1 24876U 97035A   25045.58899960  .00000002  00000-0  00000-0 0  9993,2 24876  55.7553 117.6502 0086862  54.2360 306.6337  2.00562586202175
3.0,GENERATED VIA SPACE-TRACK.ORG API,2025-02-15 06:46:31+00:00,18 SPCS,NAVSTAR 43 (USA 132),1997-035A,EARTH,TEME,UTC,SGP4,2025-02-15 02:06:07.193664+00:00,2.00562605,0.00868680,55.7554,117.6306,54.2348,306.6359,0,U,24876,999,20198,0.00000000000000,0.00000002,0.0000000000000,26560.436,717.980,20413.026,19951.576,PAYLOAD,LARGE,US,1997-07-23,AFETR,,4641175,280772496,0 NAVSTAR 43 (USA 132),1 24876U 97035A   25046.08758326  .00000002  00000-0  00000+0 0  9998,2 24876  55.7554 117.6306 0086868  54.2348 306.6359  2.00562605201984
3.0,GENERATED VIA SPACE-TRACK.ORG API,2025-02-15 17:32:46+00:00,18 SPCS,NAVSTAR 43 (USA 132),1997-035A,EARTH,TEME,UTC,SGP4,2025-02-15 02:06:07.193664+00:00,2.00562605,0.00868680,55.7554,117.6306,54.2348,306.6359,0,U,24876,999,20218,0.00000000000000,0.00000002,0.0000000000000,26560.436,717.980,20413.026,19951.576,PAYLOAD,LARGE,US,1997-07-23,AFETR,,4641715,280791604,0 NAVSTAR 43 (USA 132),1 24876U 97035A   25046.08758326  .00000002  00000-0  00000-0 0  9999,2 24876  55.7554 117.6306 0086868  54.2348 306.6359  2.00562605202187
3.0,GENERATED VIA SPACE-TRACK.ORG API,2025-02-16 08:34:50+00:00,18 SPCS,NAVSTAR 43 (USA 132),1997-035A,EARTH,TEME,UTC,SGP4,2025-02-15 14:04:04.810656+00:00,2.00562604,0.00868780,55.7556,117.6111,54.2203,306.6510,0,U,24876,999,20219,0.00000000000000,0.00000000,0.0000000000000,26560.436,717.980,20413.053,19951.549,PAYLOAD,LARGE,US,1997-07-23,AFETR,,4642461,280839520,0 NAVSTAR 43 (USA 132),1 24876U 97035A   25046.58616679  .00000000  00000-0  00000-0 0  9996,2 24876  55.7556 117.6111 0086878  54.2203 306.6510  2.00562604202193
3.0,GENERATED VIA SPACE-TRACK.ORG API,2025-02-17 03:28:14+00:00,18 SPCS,NAVSTAR 43 (USA 132),1997-035A,EARTH,TEME,UTC,SGP4,2025-02-16 13:59:59.973792+00:00,2.00562580,0.00868970,55.7559,117.5721,54.2174,306.6540,0,U,24876,999,20221,0.00000000000000,-0.00000004,0.0000000000000,26560.438,717.980,20413.105,19951.501,PAYLOAD,LARGE,US,1997-07-23,AFETR,,4643135,280914634,0 NAVSTAR 43 (USA 132),1 24876U 97035A   25047.58333303 -.00000004  00000-0  00000-0 0  9992,2 24876  55.7559 117.5721 0086897  54.2174 306.6540  2.00562580202219
3.0,GENERATED VIA SPACE-TRACK.ORG API,2025-02-17 18:05:04+00:00,18 SPCS,NAVSTAR 43 (USA 132),1997-035A,EARTH,TEME,UTC,SGP4,2025-02-17 13:55:54.910560+00:00,2.00562590,0.00869120,55.7563,117.5331,54.2126,306.6578,0,U,24876,999,20223,0.00000000000000,-0.00000009,0.0000000000000,26560.437,717.980,20413.144,19951.460,PAYLOAD,LARGE,US,1997-07-23,AFETR,,4643813,280960806,0 NAVSTAR 43 (USA 132),1 24876U 97035A   25048.58049665 -.00000009  00000-0  00000-0 0  9993,2 24876  55.7563 117.5331 0086912  54.2126 306.6578  2.00562590202230
3.0,GENERATED VIA SPACE-TRACK.ORG API,2025-02-17 22:36:18+00:00,18 SPCS,NAVSTAR 43 (USA 132),1997-035A,EARTH,TEME,UTC,SGP4,2025-02-17 13:55:54.868224+00:00,2.00562604,0.00869130,55.7563,117.5331,54.2109,306.6595,0,U,24876,999,20203,0.00000000000000,-0.00000009,0.0000000000000,26560.436,717.980,20413.146,19951.456,PAYLOAD,LARGE,US,1997-07-23,AFETR,,4643898,280986953,0 NAVSTAR 43 (USA 132),1 24876U 97035A   25048.58049616 -.00000009  00000-0  00000+0 0  9998,2 24876  55.7563 117.5331 0086913  54.2109 306.6595  2.00562604202035
3.0,GENERATED VIA SPACE-TRACK.ORG API,2025-02-18 02:17:51+00:00,18 SPCS,NAVSTAR 43 (USA 132),1997-035A,EARTH,TEME,UTC,SGP4,2025-02-17 13:55:54.868224+00:00,2.00562604,0.00869130,55.7563,117.5331,54.2109,306.6595,0,U,24876,999,20223,0.00000000000000,-0.00000009,0.0000000000000,26560.436,717.980,20413.146,19951.456,PAYLOAD,LARGE,US,1997-07-23,AFETR,,4644095,280997283,0 NAVSTAR 43 (USA 132),1 24876U 97035A   25048.58049616 -.00000009  00000-0  00000-0 0  9999,2 24876  55.7563 117.5331 0086913  54.2109 306.6595  2.00562604202237
3.0,GENERATED VIA SPACE-TRACK.ORG API,2025-02-18 17:35:44+00:00,18 SPCS,NAVSTAR 43 (USA 132),1997-035A,EARTH,TEME,UTC,SGP4,2025-02-18 13:51:49.741056+00:00,2.00562601,0.00869250,55.7567,117.4940,54.2009,306.6678,0,U,24876,999,20225,0.00000000000000,-0.00000013,0.0000000000000,26560.436,717.980,20413.178,19951.425,PAYLOAD,LARGE,US,1997-07-23,AFETR,,4644723,281042378,0 NAVSTAR 43 (USA 132),1 24876U 97035A   25049.57765904 -.00000013  00000-0  00000-0 0  9999,2 24876  55.7567 117.4940 0086925  54.2009 306.6678  2.00562601202259
3.0,GENERATED VIA SPACE-TRACK.ORG API,2025-02-19 03:22:29+00:00,18 SPCS,NAVSTAR 43 (USA 132),1997-035A,EARTH,TEME,UTC,SGP4,2025-02-18 13:51:49.730688+00:00,2.00562599,0.00869240,55.7567,117.4940,54.1960,306.6727,0,U,24876,999,20225,0.00000000000000,-0.00000013,0.0000000000000,26560.437,717.980,20413.175,19951.428,PAYLOAD,LARGE,US,1997-07-23,AFETR,,4645147,281140670,0 NAVSTAR 43 (USA 132),1 24876U 97035A   25049.57765892 -.00000013  00000-0  00000-0 0  9995,2 24876  55.7567 117.4940 0086924  54.1960 306.6727  2.00562599202254
3.0,GENERATED VIA SPACE-TRACK.ORG API,2025-02-19 17:30:14+00:00,18 SPCS,NAVSTAR 43 (USA 132),1997-035A,EARTH,TEME,UTC,SGP4,2025-02-19 13:47:44.594880+00:00,2.00562599,0.00869360,55.7570,117.4550,54.1893,306.6778,0,U,24876,999,20227,0.00000000000000,-0.00000015,0.0000000000000,26560.437,717.980,20413.207,19951.396,PAYLOAD,LARGE,US,1997-07-23,AFETR,,4645907,281187674,0 NAVSTAR 43 (USA 132),1 24876U 97035A   25050.57482170 -.00000015  00000-0  00000-0 0  9994,2 24876  55.7570 117.4550 0086936  54.1893 306.6778  2.00562599202271
3.0,GENERATED VIA SPACE-TRACK.ORG API,2025-02-20 03:30:21+00:00,18 SPCS,NAVSTAR 43 (USA 132),1997-035A,EARTH,TEME,UTC,SGP4,2025-02-19 13:47:44.572416+00:00,2.00562602,0.00869370,55.7570,117.4550,54.1838,306.6831,0,U,24876,999,20227,0.00000000000000,-0.00000015,0.0000000000000,26560.436,717.980,20413.210,19951.393,PAYLOAD,LARGE,US,1997-07-23,AFETR,,4646218,281224366,0 NAVSTAR 43 (USA 132),1 24876U 97035A   25050.57482144 -.00000015  00000-0  00000-0 0  9995,2 24876  55.7570 117.4550 0086937  54.1838 306.6831  2.00562602202276
3.0,GENERATED VIA SPACE-TRACK.ORG API,2025-02-20 17:16:22+00:00,18 SPCS,NAVSTAR 43 (USA 132),1997-035A,EARTH,TEME,UTC,SGP4,2025-02-20 13:43:39.529056+00:00,2.00562592,0.00869510,55.7574,117.4159,54.1767,306.6893,0,U,24876,999,20229,0.00000000000000,-0.00000013,0.0000000000000,26560.437,717.980,20413.248,19951.357,PAYLOAD,LARGE,US,1997-07-23,AFETR,,4646637,281263826,0 NAVSTAR 43 (USA 132),1 24876U 97035A   25051.57198529 -.00000013  00000-0  00000-0 0  9995,2 24876  55.7574 117.4159 0086951  54.1767 306.6893  2.00562592202290
3.0,GENERATED VIA SPACE-TRACK.ORG API,2025-02-20 23:36:17+00:00,18 SPCS,NAVSTAR 43 (USA 132),1997-035A,EARTH,TEME,UTC,SGP4,2025-02-20 13:43:39.529056+00:00,2.00562592,0.00869510,55.7574,117.4159,54.1767,306.6893,0,U,24876,999,20209,0.00000000000000,-0.00000013,0.0000000000000,26560.437,717.980,20413.248,19951.357,PAYLOAD,LARGE,US,1997-07-23,AFETR,,4646938,281293777,0 NAVSTAR 43 (USA 132),1 24876U 97035A   25051.57198529 -.00000013  00000-0  00000+0 0  9994,2 24876  55.7574 117.4159 0086951  54.1767 306.6893  2.00562592202098
3.0,GENERATED VIA SPACE-TRACK.ORG API,2025-02-21 18:09:55+00:00,18 SPCS,NAVSTAR 43 (USA 132),1997-035A,EARTH,TEME,UTC,SGP4,2025-02-21 13:39:34.579872+00:00,2.00562589,0.00869650,55.7579,117.3769,54.1612,306.7048,0,U,24876,999,20231,0.00000000000000,-0.00000009,0.0000000000000,26560.437,717.980,20413.285,19951.320,PAYLOAD,LARGE,US,1997-07-23,AFETR,,4647856,281352038,0 NAVSTAR 43 (USA 132),1 24876U 97035A   25052.56915023 -.00000009  00000-0  00000-0 0  9996,2 24876  55.7579 117.3769 0086965  54.1612 306.7048  2.00562589202317
3.0,GENERATED VIA SPACE-TRACK.ORG API,2025-02-22 04:38:36+00:00,18 SPCS,NAVSTAR 43 (USA 132),1997-035A,EARTH,TEME,UTC,SGP4,2025-02-21 13:39:34.589376+00:00,2.00562583,0.00869650,55.7579,117.3769,54.1589,306.7071,0,U,24876,999,20231,0.00000000000000,-0.00000009,0.0000000000000,26560.438,717.980,20413.286,19951.320,PAYLOAD,LARGE,US,1997-07-23,AFETR,,4648157,281388877,0 NAVSTAR 43 (USA 132),1 24876U 97035A   25052.56915034 -.00000009  00000-0  00000-0 0  9998,2 24876  55.7579 117.3769 0086965  54.1589 306.7071  2.00562583202310
3.0,GENERATED VIA SPACE-TRACK.ORG API,2025-02-22 18:45:51+00:00,18 SPCS,NAVSTAR 43 (USA 132),1997-035A,EARTH,TEME,UTC,SGP4,2025-02-22 13:35:29.839776+00:00,2.00562575,0.00869820,55.7583,117.3379,54.1457,306.7219,0,U,24876,999,20233,0.00000000000000,-0.00000002,0.0000000000000,26560.439,717.980,20413.332,19951.276,PAYLOAD,LARGE,US,1997-07-23,AFETR,,4648906,281436263,0 NAVSTAR 43 (USA 132),1 24876U 97035A   25053.56631759 -.00000002  00000-0  00000-0 0  9991,2 24876  55.7583 117.3379 0086982  54.1457 306.7219  2.00562575202332
3.0,GENERATED VIA SPACE-TRACK.ORG API,2025-02-23 10:39:07+00:00,18 SPCS,NAVSTAR 43 (USA 132),1997-035A,EARTH,TEME,UTC,SGP4,2025-02-22 13:35:29.830272+00:00,2.00562570,0.00869800,55.7583,117.3378,54.1368,306.7307,0,U,24876,999,20233,0.00000000000000,-0.00000002,0.0000000000000,26560.439,717.980,20413.327,19951.281,PAYLOAD,LARGE,US,1997-07-23,AFETR,,4649559,281482115,0 NAVSTAR 43 (USA 132),1 24876U 97035A   25053.56631748 -.00000002  00000-0  00000-0 0  9999,2 24876  55.7583 117.3378 0086980  54.1368 306.7307  2.00562570202333
3.0,GENERATED VIA SPACE-TRACK.ORG API,2025-02-23 22:56:17+00:00,18 SPCS,NAVSTAR 43 (USA 132),1997-035A,EARTH,TEME,UTC,SGP4,2025-02-23 13:31:25.262976+00:00,2.00562566,0.00870010,55.7587,117.2988,54.1232,306.7475,0,U,24876,999,20215,0.00000000000000,0.00000007,0.0000000000000,26560.439,717.980,20413.383,19951.226,PAYLOAD,LARGE,US,1997-07-23,AFETR,,4650049,281517172,0 NAVSTAR 43 (USA 132),1 24876U 97035A   25054.56348684  .00000007  00000-0  00000+0 0  9997,2 24876  55.7587 117.2988 0087001  54.1232 306.7475  2.00562566202159
3.0,GENERATED VIA SPACE-TRACK.ORG API,2025-02-24 04:39:28+00:00,18 SPCS,NAVSTAR 43 (USA 132),1997-035A,EARTH,TEME,UTC,SGP4,2025-02-23 13:31:25.262976+00:00,2.00562566,0.00870010,55.7587,117.2988,54.1232,306.7475,0,U,24876,999,20235,0.00000000000000,0.00000007,0.0000000000000,26560.439,717.980,20413.383,19951.226,PAYLOAD,LARGE,US,1997-07-23,AFETR,,4650244,281528590,0 NAVSTAR 43 (USA 132),1 24876U 97035A   25054.56348684  .00000007  00000-0  00000-0 0  9998,2 24876  55.7587 117.2988 0087001  54.1232 306.7475  2.00562566202351
3.0,GENERATED VIA SPACE-TRACK.ORG API,2025-02-24 17:11:11+00:00,18 SPCS,NAVSTAR 43 (USA 132),1997-035A,EARTH,TEME,UTC,SGP4,2025-02-24 13:27:20.945376+00:00,2.00562536,0.00870200,55.7591,117.2598,54.1164,306.7589,0,U,24876,999,20237,0.00000000000000,0.00000017,0.0000000000000,26560.442,717.981,20413.436,19951.178,PAYLOAD,LARGE,US,1997-07-23,AFETR,,4650915,281574459,0 NAVSTAR 43 (USA 132),1 24876U 97035A   25055.56065909  .00000017  00000-0  00000-0 0  9996,2 24876  55.7591 117.2598 0087020  54.1164 306.7589  2.00562536202373
3.0,GENERATED VIA SPACE-TRACK.ORG API,2025-02-25 04:16:25+00:00,18 SPCS,NAVSTAR 43 (USA 132),1997-035A,EARTH,TEME,UTC,SGP4,2025-02-24 13:27:20.948832+00:00,2.00562528,0.00870210,55.7591,117.2598,54.1119,306.7634,0,U,24876,999,20237,0.00000000000000,0.00000017,0.0000000000000,26560.443,717.981,20413.439,19951.176,PAYLOAD,LARGE,US,1997-07-23,AFETR,,4651315,281611956,0 NAVSTAR 43 (USA 132),1 24876U 97035A   25055.56065913  .00000017  00000-0  00000-0 0  9991,2 24876  55.7591 117.2598 0087021  54.1119 306.7634  2.00562528202376
3.0,GENERATED VIA SPACE-TRACK.ORG API,2025-02-25 17:55:50+00:00,18 SPCS,NAVSTAR 43 (USA 132),1997-035A,EARTH,TEME,UTC,SGP4,2025-02-25 01:25:18.726528+00:00,2.00562558,0.00870310,55.7593,117.2402,54.1114,306.7666,0,U,24876,999,20238,0.00000000000000,0.00000022,0.0000000000000,26560.440,717.980,20413.463,19951.147,PAYLOAD,LARGE,US,1997-07-23,AFETR,,4652023,281658728,0 NAVSTAR 43 (USA 132),1 24876U 97035A   25056.05924452  .00000022  00000-0  00000-0 0  9994,2 24876  55.7593 117.2402 0087031  54.1114 306.7666  2.00562558202387
3.0,GENERATED VIA SPACE-TRACK.ORG API,2025-02-26 03:22:39+00:00,18 SPCS,NAVSTAR 43 (USA 132),1997-035A,EARTH,TEME,UTC,SGP4,2025-02-25 13:23:16.613088+00:00,2.00562538,0.00870420,55.7595,117.2207,54.1019,306.7788,0,U,24876,999,20239,0.00000000000000,0.00000027,0.0000000000000,26560.442,717.981,20413.494,19951.120,PAYLOAD,LARGE,US,1997-07-23,AFETR,,4652430,281697526,0 NAVSTAR 43 (USA 132),1 24876U 97035A   25056.55783117  .00000027  00000-0  00000-0 0  9995,2 24876  55.7595 117.2207 0087042  54.1019 306.7788  2.00562538202392
3.0,GENERATED VIA SPACE-TRACK.ORG API,2025-02-26 14:46:19+00:00,18 SPCS,NAVSTAR 43 (USA 132),1997-035A,EARTH,TEME,UTC,SGP4,2025-02-26 01:21:14.460768+00:00,2.00562532,0.00870570,55.7597,117.2011,54.0834,306.8000,0,U,24876,999,20220,0.00000000000000,0.00000031,0.0000000000000,26560.442,717.981,20413.535,19951.080,PAYLOAD,LARGE,US,1997-07-23,AFETR,,4652912,281731635,0 NAVSTAR 43 (USA 132),1 24876U 97035A   25057.05641737  .00000031  00000-0  00000+0 0  9996,2 24876  55.7597 117.2011 0087057  54.0834 306.8000  2.00562532202209
3.0,GENERATED VIA SPACE-TRACK.ORG API,2025-02-26 17:22:59+00:00,18 SPCS,NAVSTAR 43 (USA 132),1997-035A,EARTH,TEME,UTC,SGP4,2025-02-26 01:21:14.460768+00:00,2.00562532,0.00870570,55.7597,117.2011,54.0834,306.8000,0,U,24876,999,20240,0.00000000000000,0.00000031,0.0000000000000,26560.442,717.981,20413.535,19951.080,PAYLOAD,LARGE,US,1997-07-23,AFETR,,4653097,281742672,0 NAVSTAR 43 (USA 132),1 24876U 97035A   25057.05641737  .00000031  00000-0  00000-0 0  9997,2 24876  55.7597 117.2011 0087057  54.0834 306.8000  2.00562532202401
3.0,GENERATED VIA SPACE-TRACK.ORG API,2025-02-27 04:29:36+00:00,18 SPCS,NAVSTAR 43 (USA 132),1997-035A,EARTH,TEME,UTC,SGP4,2025-02-26 13:19:12.317952+00:00,2.00562521,0.00870640,55.7599,117.1816,54.0868,306.7991,0,U,24876,999,20241,0.00000000000000,0.00000035,0.0000000000000,26560.443,717.981,20413.554,19951.063,PAYLOAD,LARGE,US,1997-07-23,AFETR,,4653417,281779549,0 NAVSTAR 43 (USA 132),1 24876U 97035A   25057.55500368  .00000035  00000-0  00000-0 0  9990,2 24876  55.7599 117.1816 0087064  54.0868 306.7991  2.00562521202417
3.0,GENERATED VIA SPACE-TRACK.ORG API,2025-02-27 18:39:54+00:00,18 SPCS,NAVSTAR 43 (USA 132),1997-035A,EARTH,TEME,UTC,SGP4,2025-02-27 13:15:07.860384+00:00,2.00562521,0.00870820,55.7603,117.1425,54.0798,306.8101,0,U,24876,999,20243,0.00000000000000,0.00000040,0.0000000000000,26560.443,717.981,20413.602,19951.015,PAYLOAD,LARGE,US,1997-07-23,AFETR,,4654188,281827854,0 NAVSTAR 43 (USA 132),1 24876U 97035A   25058.55217431  .00000040  00000-0  00000-0 0  9993,2 24876  55.7603 117.1425 0087082  54.0798 306.8101  2.00562521202437
3.0,GENERATED VIA SPACE-TRACK.ORG API,2025-02-28 03:00:46+00:00,18 SPCS,NAVSTAR 43 (USA 132),1997-035A,EARTH,TEME,UTC,SGP4,2025-02-27 13:15:07.852608+00:00,2.00562516,0.00870840,55.7603,117.1425,54.0726,306.8174,0,U,24876,999,20243,0.00000000000000,0.00000040,0.0000000000000,26560.444,717.981,20413.608,19951.010,PAYLOAD,LARGE,US,1997-07-23,AFETR,,4654471,281863526,0 NAVSTAR 43 (USA 132),1 24876U 97035A   25058.55217422  .00000040  00000-0  00000-0 0  9993,2 24876  55.7603 117.1425 0087084  54.0726 306.8174  2.00562516202434
3.0,GENERATED VIA SPACE-TRACK.ORG API,2025-02-28 19:05:01+00:00,18 SPCS,NAVSTAR 43 (USA 132),1997-035A,EARTH,TEME,UTC,SGP4,2025-02-28 01:13:05.519712+00:00,2.00562528,0.00870920,55.7605,117.1229,54.0741,306.8171,0,U,24876,999,20244,0.00000000000000,0.00000041,0.0000000000000,26560.443,717.981,20413.628,19950.988,PAYLOAD,LARGE,US,1997-07-23,AFETR,,4655208,281911254,0 NAVSTAR 43 (USA 132),1 24876U 97035A   25059.05075833  .00000041  00000-0  00000-0 0  9998,2 24876  55.7605 117.1229 0087092  54.0741 306.8171  2.00562528202445
3.0,GENERATED VIA SPACE-TRACK.ORG API,2025-03-01 04:47:04+00:00,18 SPCS,NAVSTAR 43 (USA 132),1997-035A,EARTH,TEME,UTC,SGP4,2025-02-28 13:11:03.162624+00:00,2.00562504,0.00871060,55.7606,117.1034,54.0580,306.8338,0,U,24876,999,20245,0.00000000000000,0.00000041,0.0000000000000,26560.445,717.981,20413.667,19950.953,PAYLOAD,LARGE,US,1997-07-23,AFETR,,4655475,281946440,0 NAVSTAR 43 (USA 132),1 24876U 97035A   25059.54934216  .00000041  00000-0  00000-0 0  9991,2 24876  55.7606 117.1034 0087106  54.0580 306.8338  2.00562504202457
3.0,GENERATED VIA SPACE-TRACK.ORG API,2025-03-01 06:46:17+00:00,18 SPCS,NAVSTAR 43 (USA 132),1997-035A,EARTH,TEME,UTC,SGP4,2025-03-01 01:09:00.756288+00:00,2.00562483,0.00871120,55.7608,117.0838,54.0548,306.8370,0,U,24876,999,20226,0.00000000000000,0.00000039,0.0000000000000,26560.447,717.981,20413.685,19950.938,PAYLOAD,LARGE,US,1997-07-23,AFETR,,4655637,281973798,0 NAVSTAR 43 (USA 132),1 24876U 97035A   25060.04792542  .00000039  00000-0  00000+0 0  9998,2 24876  55.7608 117.0838 0087112  54.0548 306.8370  2.00562483202262
3.0,GENERATED VIA SPACE-TRACK.ORG API,2025-03-01 17:52:32+00:00,18 SPCS,NAVSTAR 43 (USA 132),1997-035A,EARTH,TEME,UTC,SGP4,2025-03-01 01:09:00.756288+00:00,2.00562483,0.00871120,55.7608,117.0838,54.0548,306.8370,0,U,24876,999,20246,0.00000000000000,0.00000039,0.0000000000000,26560.447,717.981,20413.685,19950.938,PAYLOAD,LARGE,US,1997-07-23,AFETR,,4656182,281993800,0 NAVSTAR 43 (USA 132),1 24876U 97035A   25060.04792542  .00000039  00000-0  00000-0 0  9999,2 24876  55.7608 117.0838 0087112  54.0548 306.8370  2.00562483202464
3.0,GENERATED VIA SPACE-TRACK.ORG API,2025-03-02 09:28:08+00:00,18 SPCS,NAVSTAR 43 (USA 132),1997-035A,EARTH,TEME,UTC,SGP4,2025-03-01 13:06:58.213440+00:00,2.00562479,0.00871230,55.7610,117.0643,54.0461,306.8451,0,U,24876,999,20247,0.00000000000000,0.00000036,0.0000000000000,26560.447,717.981,20413.715,19950.910,PAYLOAD,LARGE,US,1997-07-23,AFETR,,4656805,282038722,0 NAVSTAR 43 (USA 132),1 24876U 97035A   25060.54650710  .00000036  00000-0  00000-0 0  9991,2 24876  55.7610 117.0643 0087123  54.0461 306.8451  2.00562479202473
3.0,GENERATED VIA SPACE-TRACK.ORG API,2025-03-02 18:08:23+00:00,18 SPCS,NAVSTAR 43 (USA 132),1997-035A,EARTH,TEME,UTC,SGP4,2025-03-01 13:06:58.180608+00:00,2.00562487,0.00871260,55.7610,117.0643,54.0416,306.8496,0,U,24876,999,20247,0.00000000000000,0.00000036,0.0000000000000,26560.446,717.981,20413.722,19950.901,PAYLOAD,LARGE,US,1997-07-23,AFETR,,4657142,282076799,0 NAVSTAR 43 (USA 132),1 24876U 97035A   25060.54650672  .00000036  00000-0  00000-0 0  9998,2 24876  55.7610 117.0643 0087126  54.0416 306.8496  2.00562487202474
3.0,GENERATED VIA SPACE-TRACK.ORG API,2025-03-03 22:46:17+00:00,18 SPCS,NAVSTAR 43 (USA 132),1997-035A,EARTH,TEME,UTC,SGP4,2025-03-03 12:58:47.402688+00:00,2.00562470,0.00871710,55.7619,116.9861,54.0100,306.8731,0,U,24876,999,20231,0.00000000000000,0.00000015,0.0000000000000,26560.448,717.981,20413.843,19950.783,PAYLOAD,LARGE,US,1997-07-23,AFETR,,4658296,282186956,0 NAVSTAR 43 (USA 132),1 24876U 97035A   25062.54082642  .00000015  00000-0  00000+0 0  9992,2 24876  55.7619 116.9861 0087171  54.0100 306.8731  2.00562470202310
3.0,GENERATED VIA SPACE-TRACK.ORG API,2025-03-04 02:27:07+00:00,18 SPCS,NAVSTAR 43 (USA 132),1997-035A,EARTH,TEME,UTC,SGP4,2025-03-03 12:58:47.402688+00:00,2.00562470,0.00871710,55.7619,116.9861,54.0100,306.8731,0,U,24876,999,20251,0.00000000000000,0.00000015,0.0000000000000,26560.448,717.981,20413.843,19950.783,PAYLOAD,LARGE,US,1997-07-23,AFETR,,4658456,282197598,0 NAVSTAR 43 (USA 132),1 24876U 97035A   25062.54082642  .00000015  00000-0  00000-0 0  9993,2 24876  55.7619 116.9861 0087171  54.0100 306.8731  2.00562470202512
3.0,GENERATED VIA SPACE-TRACK.ORG API,2025-03-04 17:39:45+00:00,18 SPCS,NAVSTAR 43 (USA 132),1997-035A,EARTH,TEME,UTC,SGP4,2025-03-04 00:56:44.656800+00:00,2.00562466,0.00871790,55.7621,116.9665,54.0124,306.8681,0,U,24876,999,20252,0.00000000000000,0.00000008,0.0000000000000,26560.448,717.981,20413.865,19950.762,PAYLOAD,LARGE,US,1997-07-23,AFETR,,4659130,282243024,0 NAVSTAR 43 (USA 132),1 24876U 97035A   25063.03940575  .00000008  00000-0  00000-0 0  9998,2 24876  55.7621 116.9665 0087179  54.0124 306.8681  2.00562466202521
3.0,GENERATED VIA SPACE-TRACK.ORG API,2025-03-05 03:07:25+00:00,18 SPCS,NAVSTAR 43 (USA 132),1997-035A,EARTH,TEME,UTC,SGP4,2025-03-04 12:54:41.853024+00:00,2.00562468,0.00871970,55.7623,116.9470,53.9970,306.8808,0,U,24876,999,20253,0.00000000000000,0.00000002,0.0000000000000,26560.448,717.981,20413.912,19950.714,PAYLOAD,LARGE,US,1997-07-23,AFETR,,4659450,282280665,0 NAVSTAR 43 (USA 132),1 24876U 97035A   25063.53798441  .00000002  00000-0  00000-0 0  9990,2 24876  55.7623 116.9470 0087197  53.9970 306.8808  2.00562468202538
3.0,GENERATED VIA SPACE-TRACK.ORG API,2025-03-05 18:48:33+00:00,18 SPCS,NAVSTAR 43 (USA 132),1997-035A,EARTH,TEME,UTC,SGP4,2025-03-05 12:50:36.326688+00:00,2.00562504,0.00872190,55.7627,116.9079,53.9954,306.8780,0,U,24876,999,20255,0.00000000000000,-0.00000009,0.0000000000000,26560.445,717.981,20413.967,19950.652,PAYLOAD,LARGE,US,1997-07-23,AFETR,,4660136,282326121,0 NAVSTAR 43 (USA 132),1 24876U 97035A   25064.53514267 -.00000009  00000-0  00000-0 0  9991,2 24876  55.7627 116.9079 0087219  53.9954 306.8780  2.00562504202556
3.0,GENERATED VIA SPACE-TRACK.ORG API,2025-03-06 02:35:01+00:00,18 SPCS,NAVSTAR 43 (USA 132),1997-035A,EARTH,TEME,UTC,SGP4,2025-03-05 12:50:36.318912+00:00,2.00562501,0.00872250,55.7627,116.9079,53.9872,306.8862,0,U,24876,999,20255,0.00000000000000,-0.00000009,0.0000000000000,26560.445,717.981,20413.984,19950.637,PAYLOAD,LARGE,US,1997-07-23,AFETR,,4660438,282363167,0 NAVSTAR 43 (USA 132),1 24876U 97035A   25064.53514258 -.00000009  00000-0  00000-0 0  9991,2 24876  55.7627 116.9079 0087225  53.9872 306.8862  2.00562501202550
3.0,GENERATED VIA SPACE-TRACK.ORG API,2025-03-06 06:56:25+00:00,18 SPCS,NAVSTAR 43 (USA 132),1997-035A,EARTH,TEME,UTC,SGP4,2025-03-06 00:48:33.707808+00:00,2.00562496,0.00872320,55.7630,116.8884,53.9896,306.8822,0,U,24876,999,20236,0.00000000000000,-0.00000012,0.0000000000000,26560.446,717.981,20414.003,19950.619,PAYLOAD,LARGE,US,1997-07-23,AFETR,,4660576,282390141,0 NAVSTAR 43 (USA 132),1 24876U 97035A   25065.03372347 -.00000012  00000-0  00000+0 0  9991,2 24876  55.7630 116.8884 0087232  53.9896 306.8822  2.00562496202369
3.0,GENERATED VIA SPACE-TRACK.ORG API,2025-03-06 18:35:59+00:00,18 SPCS,NAVSTAR 43 (USA 132),1997-035A,EARTH,TEME,UTC,SGP4,2025-03-06 00:48:33.707808+00:00,2.00562496,0.00872320,55.7630,116.8884,53.9896,306.8822,0,U,24876,999,20256,0.00000000000000,-0.00000012,0.0000000000000,26560.446,717.981,20414.003,19950.619,PAYLOAD,LARGE,US,1997-07-23,AFETR,,4661120,282409217,0 NAVSTAR 43 (USA 132),1 24876U 97035A   25065.03372347 -.00000012  00000-0  00000-0 0  9992,2 24876  55.7630 116.8884 0087232  53.9896 306.8822  2.00562496202561
3.0,GENERATED VIA SPACE-TRACK.ORG API,2025-03-07 02:42:48+00:00,18 SPCS,NAVSTAR 43 (USA 132),1997-035A,EARTH,TEME,UTC,SGP4,2025-03-06 12:46:31.070784+00:00,2.00562517,0.00872510,55.7632,116.8689,53.9754,306.8953,0,U,24876,999,20257,0.00000000000000,-0.00000014,0.0000000000000,26560.444,717.981,20414.051,19950.566,PAYLOAD,LARGE,US,1997-07-23,AFETR,,4661439,282446277,0 NAVSTAR 43 (USA 132),1 24876U 97035A   25065.53230406 -.00000014  00000-0  00000-0 0  9998,2 24876  55.7632 116.8689 0087251  53.9754 306.8953  2.00562517202570
3.0,GENERATED VIA SPACE-TRACK.ORG API,2025-03-08 04:59:39+00:00,18 SPCS,NAVSTAR 43 (USA 132),1997-035A,EARTH,TEME,UTC,SGP4,2025-03-07 12:42:26.111232+00:00,2.00562537,0.00872770,55.7637,116.8298,53.9650,306.9056,0,U,24876,999,20259,0.00000000000000,-0.00000014,0.0000000000000,26560.442,717.981,20414.119,19950.495,PAYLOAD,LARGE,US,1997-07-23,AFETR,,4662408,282528093,0 NAVSTAR 43 (USA 132),1 24876U 97035A   25066.52946888 -.00000014  00000-0  00000-0 0  9996,2 24876  55.7637 116.8298 0087277  53.9650 306.9056  2.00562537202593
3.0,GENERATED VIA SPACE-TRACK.ORG API,2025-03-08 19:50:46+00:00,18 SPCS,NAVSTAR 43 (USA 132),1997-035A,EARTH,TEME,UTC,SGP4,2025-03-08 00:40:23.777472+00:00,2.00562536,0.00872840,55.7639,116.8103,53.9660,306.9054,0,U,24876,999,20260,0.00000000000000,-0.00000012,0.0000000000000,26560.442,717.981,20414.137,19950.477,PAYLOAD,LARGE,US,1997-07-23,AFETR,,4662992,282572451,0 NAVSTAR 43 (USA 132),1 24876U 97035A   25067.02805298 -.00000012  00000-0  00000-0 0  9999,2 24876  55.7639 116.8103 0087284  53.9660 306.9054  2.00562536202608
3.0,GENERATED VIA SPACE-TRACK.ORG API,2025-03-08 22:46:26+00:00,18 SPCS,NAVSTAR 43 (USA 132),1997-035A,EARTH,TEME,UTC,SGP4,2025-03-08 12:38:21.480864+00:00,2.00562543,0.00872990,55.7641,116.7908,53.9572,306.9155,0,U,24876,999,20241,0.00000000000000,-0.00000009,0.0000000000000,26560.441,717.981,20414.176,19950.436,PAYLOAD,LARGE,US,1997-07-23,AFETR,,4663164,282599912,0 NAVSTAR 43 (USA 132),1 24876U 97035A   25067.52663751 -.00000009  00000-0  00000+0 0  9995,2 24876  55.7641 116.7908 0087299  53.9572 306.9155  2.00562543202410
3.0,GENERATED VIA SPACE-TRACK.ORG API,2025-03-09 18:25:58+00:00,18 SPCS,NAVSTAR 43 (USA 132),1997-035A,EARTH,TEME,UTC,SGP4,2025-03-08 12:38:21.492960+00:00,2.00562536,0.00873020,55.7641,116.7908,53.9556,306.9171,0,U,24876,999,20261,0.00000000000000,-0.00000009,0.0000000000000,26560.442,717.981,20414.185,19950.429,PAYLOAD,LARGE,US,1997-07-23,AFETR,,4663925,282654633,0 NAVSTAR 43 (USA 132),1 24876U 97035A   25067.52663765 -.00000009  00000-0  00000-0 0  9991,2 24876  55.7641 116.7908 0087302  53.9556 306.9171  2.00562536202619
3.0,GENERATED VIA SPACE-TRACK.ORG API,2025-03-11 02:54:42+00:00,18 SPCS,NAVSTAR 43 (USA 132),1997-035A,EARTH,TEME,UTC,SGP4,2025-03-10 12:30:12.626208+00:00,2.00562585,0.00873490,55.7650,116.7127,53.9327,306.9485,0,U,24876,999,20265,0.00000000000000,0.00000013,0.0000000000000,26560.438,717.980,20414.306,19950.300,PAYLOAD,LARGE,US,1997-07-23,AFETR,,4665419,282779348,0 NAVSTAR 43 (USA 132),1 24876U 97035A   25069.52097947  .00000013  00000-0  00000-0 0  9990,2 24876  55.7650 116.7127 0087349  53.9327 306.9485  2.00562585202655
3.0,GENERATED VIA SPACE-TRACK.ORG API,2025-03-11 05:46:18+00:00,18 SPCS,NAVSTAR 43 (USA 132),1997-035A,EARTH,TEME,UTC,SGP4,2025-03-11 00:28:10.416000+00:00,2.00562602,0.00873560,55.7652,116.6932,53.9327,306.9508,0,U,24876,999,20246,0.00000000000000,0.00000018,0.0000000000000,26560.436,717.980,20414.323,19950.280,PAYLOAD,LARGE,US,1997-07-23,AFETR,,4665552,282805807,0 NAVSTAR 43 (USA 132),1 24876U 97035A   25070.01956500  .00000018  00000-0  00000+0 0  9999,2 24876  55.7652 116.6932 0087356  53.9327 306.9508  2.00562602202463
3.0,GENERATED VIA SPACE-TRACK.ORG API,2025-03-11 18:44:32+00:00,18 SPCS,NAVSTAR 43 (USA 132),1997-035A,EARTH,TEME,UTC,SGP4,2025-03-11 00:28:10.423776+00:00,2.00562607,0.00873630,55.7653,116.6932,53.9151,306.9683,0,U,24876,999,20266,0.00000000000000,0.00000018,0.0000000000000,26560.436,717.980,20414.341,19950.261,PAYLOAD,LARGE,US,1997-07-23,AFETR,,4666185,282827518,0 NAVSTAR 43 (USA 132),1 24876U 97035A   25070.01956509  .00000018  00000-0  00000-0 0  9999,2 24876  55.7653 116.6932 0087363  53.9151 306.9683  2.00562607202668
3.0,GENERATED VIA SPACE-TRACK.ORG API,2025-03-12 02:20:35+00:00,18 SPCS,NAVSTAR 43 (USA 132),1997-035A,EARTH,TEME,UTC,SGP4,2025-03-11 12:26:08.200608+00:00,2.00562609,0.00873720,55.7654,116.6736,53.9208,306.9648,0,U,24876,999,20267,0.00000000000000,0.00000023,0.0000000000000,26560.436,717.980,20414.365,19950.237,PAYLOAD,LARGE,US,1997-07-23,AFETR,,4666552,282866028,0 NAVSTAR 43 (USA 132),1 24876U 97035A   25070.51815047  .00000023  00000-0  00000-0 0  9991,2 24876  55.7654 116.6736 0087372  53.9208 306.9648  2.00562609202678
3.0,GENERATED VIA SPACE-TRACK.ORG API,2025-03-13 03:16:41+00:00,18 SPCS,NAVSTAR 43 (USA 132),1997-035A,EARTH,TEME,UTC,SGP4,2025-03-12 12:22:03.706752+00:00,2.00562616,0.00873950,55.7659,116.6346,53.9085,306.9806,0,U,24876,999,20269,0.00000000000000,0.00000031,0.0000000000000,26560.435,717.980,20414.425,19950.175,PAYLOAD,LARGE,US,1997-07-23,AFETR,,4667689,282952062,0 NAVSTAR 43 (USA 132),1 24876U 97035A   25071.51532068  .00000031  00000-0  00000-0 0  9990,2 24876  55.7659 116.6346 0087395  53.9085 306.9806  2.00562616202694
3.0,GENERATED VIA SPACE-TRACK.ORG API,2025-03-13 22:46:24+00:00,18 SPCS,NAVSTAR 43 (USA 132),1997-035A,EARTH,TEME,UTC,SGP4,2025-03-13 12:17:59.033184+00:00,2.00562620,0.00874190,55.7663,116.5956,53.8976,306.9935,0,U,24876,999,20251,0.00000000000000,0.00000035,0.0000000000000,26560.435,717.980,20414.488,19950.111,PAYLOAD,LARGE,US,1997-07-23,AFETR,,4668558,283026137,0 NAVSTAR 43 (USA 132),1 24876U 97035A   25072.51248881  .00000035  00000-0  00000+0 0  9991,2 24876  55.7663 116.5956 0087419  53.8976 306.9935  2.00562620202519
3.0,GENERATED VIA SPACE-TRACK.ORG API,2025-03-14 02:27:44+00:00,18 SPCS,NAVSTAR 43 (USA 132),1997-035A,EARTH,TEME,UTC,SGP4,2025-03-13 12:17:59.033184+00:00,2.00562620,0.00874190,55.7663,116.5956,53.8976,306.9935,0,U,24876,999,20271,0.00000000000000,0.00000035,0.0000000000000,26560.435,717.980,20414.488,19950.111,PAYLOAD,LARGE,US,1997-07-23,AFETR,,4668740,283036477,0 NAVSTAR 43 (USA 132),1 24876U 97035A   25072.51248881  .00000035  00000-0  00000-0 0  9992,2 24876  55.7663 116.5956 0087419  53.8976 306.9935  2.00562620202711
3.0,GENERATED VIA SPACE-TRACK.ORG API,2025-03-14 20:37:34+00:00,18 SPCS,NAVSTAR 43 (USA 132),1997-035A,EARTH,TEME,UTC,SGP4,2025-03-13 12:17:58.989120+00:00,2.00562644,0.00874240,55.7664,116.5956,53.8884,307.0026,0,U,24876,999,20271,0.00000000000000,0.00000035,0.0000000000000,26560.433,717.980,20414.499,19950.096,PAYLOAD,LARGE,US,1997-07-23,AFETR,,4669052,283073621,0 NAVSTAR 43 (USA 132),1 24876U 97035A   25072.51248830  .00000035  00000-0  00000-0 0  9996,2 24876  55.7664 116.5956 0087424  53.8884 307.0026  2.00562644202715
3.0,GENERATED VIA SPACE-TRACK.ORG API,2025-03-15 07:42:43+00:00,18 SPCS,NAVSTAR 43 (USA 132),1997-035A,EARTH,TEME,UTC,SGP4,2025-03-14 12:13:54.068448+00:00,2.00562655,0.00874450,55.7668,116.5566,53.8879,307.0035,0,U,24876,999,20273,0.00000000000000,0.00000034,0.0000000000000,26560.432,717.980,20414.554,19950.039,PAYLOAD,LARGE,US,1997-07-23,AFETR,,4669695,283119042,0 NAVSTAR 43 (USA 132),1 24876U 97035A   25073.50965357  .00000034  00000-0  00000-0 0  9995,2 24876  55.7668 116.5566 0087445  53.8879 307.0035  2.00562655202737
3.0,GENERATED VIA SPACE-TRACK.ORG API,2025-03-16 03:38:40+00:00,18 SPCS,NAVSTAR 43 (USA 132),1997-035A,EARTH,TEME,UTC,SGP4,2025-03-15 12:09:48.930048+00:00,2.00562680,0.00874710,55.7673,116.5176,53.8797,307.0104,0,U,24876,999,20275,0.00000000000000,0.00000031,0.0000000000000,26560.429,717.980,20414.621,19949.968,PAYLOAD,LARGE,US,1997-07-23,AFETR,,4670409,283195276,0 NAVSTAR 43 (USA 132),1 24876U 97035A   25074.50681632  .00000031  00000-0  00000-0 0  9994,2 24876  55.7673 116.5176 0087471  53.8797 307.0104  2.00562680202755
3.0,GENERATED VIA SPACE-TRACK.ORG API,2025-03-16 18:34:10+00:00,18 SPCS,NAVSTAR 43 (USA 132),1997-035A,EARTH,TEME,UTC,SGP4,2025-03-16 12:05:43.719936+00:00,2.00562673,0.00874950,55.7677,116.4786,53.8753,307.0123,0,U,24876,999,20277,0.00000000000000,0.00000026,0.0000000000000,26560.430,717.980,20414.685,19949.905,PAYLOAD,LARGE,US,1997-07-23,AFETR,,4671009,283240251,0 NAVSTAR 43 (USA 132),1 24876U 97035A   25075.50397824  .00000026  00000-0  00000-0 0  9996,2 24876  55.7677 116.4786 0087495  53.8753 307.0123  2.00562673202778
3.0,GENERATED VIA SPACE-TRACK.ORG API,2025-03-16 22:46:17+00:00,18 SPCS,NAVSTAR 43 (USA 132),1997-035A,EARTH,TEME,UTC,SGP4,2025-03-16 12:05:43.752768+00:00,2.00562658,0.00874960,55.7677,116.4786,53.8763,307.0114,0,U,24876,999,20257,0.00000000000000,0.00000026,0.0000000000000,26560.431,717.980,20414.689,19949.903,PAYLOAD,LARGE,US,1997-07-23,AFETR,,4671178,283267654,0 NAVSTAR 43 (USA 132),1 24876U 97035A   25075.50397862  .00000026  00000-0  00000+0 0  9997,2 24876  55.7677 116.4786 0087496  53.8763 307.0114  2.00562658202571
3.0,GENERATED VIA SPACE-TRACK.ORG API,2025-03-17 05:50:20+00:00,18 SPCS,NAVSTAR 43 (USA 132),1997-035A,EARTH,TEME,UTC,SGP4,2025-03-16 12:05:43.752768+00:00,2.00562658,0.00874960,55.7677,116.4786,53.8763,307.0114,0,U,24876,999,20277,0.00000000000000,0.00000026,0.0000000000000,26560.431,717.980,20414.689,19949.903,PAYLOAD,LARGE,US,1997-07-23,AFETR,,4671383,283278747,0 NAVSTAR 43 (USA 132),1 24876U 97035A   25075.50397862  .00000026  00000-0  00000-0 0  9998,2 24876  55.7677 116.4786 0087496  53.8763 307.0114  2.00562658202773
3.0,GENERATED VIA SPACE-TRACK.ORG API,2025-03-17 19:07:54+00:00,18 SPCS,NAVSTAR 43 (USA 132),1997-035A,EARTH,TEME,UTC,SGP4,2025-03-17 12:01:38.410464+00:00,2.00562662,0.00875170,55.7681,116.4396,53.8685,307.0158,0,U,24876,999,20279,0.00000000000000,0.00000022,0.0000000000000,26560.431,717.980,20414.745,19949.847,PAYLOAD,LARGE,US,1997-07-23,AFETR,,4672105,283325007,0 NAVSTAR 43 (USA 132),1 24876U 97035A   25076.50113901  .00000022  00000-0  00000-0 0  9995,2 24876  55.7681 116.4396 0087517  53.8685 307.0158  2.00562662202797
3.0,GENERATED VIA SPACE-TRACK.ORG API,2025-03-18 02:25:22+00:00,18 SPCS,NAVSTAR 43 (USA 132),1997-035A,EARTH,TEME,UTC,SGP4,2025-03-17 12:01:38.402688+00:00,2.00562662,0.00875170,55.7681,116.4396,53.8663,307.0179,0,U,24876,999,20279,0.00000000000000,0.00000022,0.0000000000000,26560.431,717.980,20414.745,19949.847,PAYLOAD,LARGE,US,1997-07-23,AFETR,,4672421,283362113,0 NAVSTAR 43 (USA 132),1 24876U 97035A   25076.50113892  .00000022  00000-0  00000-0 0  9994,2 24876  55.7681 116.4396 0087517  53.8663 307.0179  2.00562662202796
3.0,GENERATED VIA SPACE-TRACK.ORG API,2025-03-18 19:01:07+00:00,18 SPCS,NAVSTAR 43 (USA 132),1997-035A,EARTH,TEME,UTC,SGP4,2025-03-17 23:59:35.700864+00:00,2.00562669,0.00875320,55.7684,116.4201,53.8516,307.0308,0,U,24876,999,20280,0.00000000000000,0.00000020,0.0000000000000,26560.430,717.980,20414.784,19949.807,PAYLOAD,LARGE,US,1997-07-23,AFETR,,4673118,283407977,0 NAVSTAR 43 (USA 132),1 24876U 97035A   25076.99971876  .00000020  00000-0  00000-0 0  9999,2 24876  55.7684 116.4201 0087532  53.8516 307.0308  2.00562669202801
3.0,GENERATED VIA SPACE-TRACK.ORG API,2025-03-19 14:36:17+00:00,18 SPCS,NAVSTAR 43 (USA 132),1997-035A,EARTH,TEME,UTC,SGP4,2025-03-18 23:55:30.358560+00:00,2.00562658,0.00875530,55.7688,116.3810,53.8413,307.0378,0,U,24876,999,20262,0.00000000000000,0.00000019,0.0000000000000,26560.431,717.980,20414.841,19949.752,PAYLOAD,LARGE,US,1997-07-23,AFETR,,4673903,283479774,0 NAVSTAR 43 (USA 132),1 24876U 97035A   25077.99687915  .00000019  00000-0  00000+0 0  9995,2 24876  55.7688 116.3810 0087553  53.8413 307.0378  2.00562658202624
3.0,GENERATED VIA SPACE-TRACK.ORG API,2025-03-19 17:43:14+00:00,18 SPCS,NAVSTAR 43 (USA 132),1997-035A,EARTH,TEME,UTC,SGP4,2025-03-18 23:55:30.358560+00:00,2.00562658,0.00875530,55.7688,116.3810,53.8413,307.0378,0,U,24876,999,20282,0.00000000000000,0.00000019,0.0000000000000,26560.431,717.980,20414.841,19949.752,PAYLOAD,LARGE,US,1997-07-23,AFETR,,4674121,283490312,0 NAVSTAR 43 (USA 132),1 24876U 97035A   25077.99687915  .00000019  00000-0  00000-0 0  9996,2 24876  55.7688 116.3810 0087553  53.8413 307.0378  2.00562658202826
3.0,GENERATED VIA SPACE-TRACK.ORG API,2025-03-20 19:29:49+00:00,18 SPCS,NAVSTAR 43 (USA 132),1997-035A,EARTH,TEME,UTC,SGP4,2025-03-20 11:49:22.466496+00:00,2.00562662,0.00875820,55.7695,116.3225,53.8383,307.0373,0,U,24876,999,20285,0.00000000000000,0.00000023,0.0000000000000,26560.431,717.980,20414.918,19949.674,PAYLOAD,LARGE,US,1997-07-23,AFETR,,4675094,283572817,0 NAVSTAR 43 (USA 132),1 24876U 97035A   25079.49262114  .00000023  00000-0  00000-0 0  9998,2 24876  55.7695 116.3225 0087582  53.8383 307.0373  2.00562662202855
3.0,GENERATED VIA SPACE-TRACK.ORG API,2025-03-21 02:39:39+00:00,18 SPCS,NAVSTAR 43 (USA 132),1997-035A,EARTH,TEME,UTC,SGP4,2025-03-20 11:49:22.531296+00:00,2.00562634,0.00875870,55.7695,116.3225,53.8285,307.0470,0,U,24876,999,20285,0.00000000000000,0.00000023,0.0000000000000,26560.433,717.980,20414.933,19949.664,PAYLOAD,LARGE,US,1997-07-23,AFETR,,4675418,283610029,0 NAVSTAR 43 (USA 132),1 24876U 97035A   25079.49262189  .00000023  00000-0  00000-0 0  9990,2 24876  55.7695 116.3225 0087587  53.8285 307.0470  2.00562634202858
3.0,GENERATED VIA SPACE-TRACK.ORG API,2025-03-21 14:46:17+00:00,18 SPCS,NAVSTAR 43 (USA 132),1997-035A,EARTH,TEME,UTC,SGP4,2025-03-21 11:45:17.480160+00:00,2.00562637,0.00876070,55.7700,116.2835,53.8347,307.0402,0,U,24876,999,20267,0.00000000000000,0.00000030,0.0000000000000,26560.433,717.980,20414.986,19949.610,PAYLOAD,LARGE,US,1997-07-23,AFETR,,4676070,283648943,0 NAVSTAR 43 (USA 132),1 24876U 97035A   25080.48978565  .00000030  00000-0  00000+0 0  9990,2 24876  55.7700 116.2835 0087607  53.8347 307.0402  2.00562637202671
3.0,GENERATED VIA SPACE-TRACK.ORG API,2025-03-21 22:23:56+00:00,18 SPCS,NAVSTAR 43 (USA 132),1997-035A,EARTH,TEME,UTC,SGP4,2025-03-21 11:45:17.461152+00:00,2.00562641,0.00876090,55.7700,116.2835,53.8313,307.0436,0,U,24876,999,20287,0.00000000000000,0.00000030,0.0000000000000,26560.433,717.980,20414.991,19949.605,PAYLOAD,LARGE,US,1997-07-23,AFETR,,4676295,283659961,0 NAVSTAR 43 (USA 132),1 24876U 97035A   25080.48978543  .00000030  00000-0  00000-0 0  9997,2 24876  55.7700 116.2835 0087609  53.8313 307.0436  2.00562641202870
3.0,GENERATED VIA SPACE-TRACK.ORG API,2025-03-22 03:56:54+00:00,18 SPCS,NAVSTAR 43 (USA 132),1997-035A,EARTH,TEME,UTC,SGP4,2025-03-21 11:45:17.455968+00:00,2.00562639,0.00876100,55.7700,116.2835,53.8282,307.0467,0,U,24876,999,20287,0.00000000000000,0.00000030,0.0000000000000,26560.433,717.980,20414.994,19949.602,PAYLOAD,LARGE,US,1997-07-23,AFETR,,4676626,283697626,0 NAVSTAR 43 (USA 132),1 24876U 97035A   25080.48978537  .00000030  00000-0  00000-0 0  9990,2 24876  55.7700 116.2835 0087610  53.8282 307.0467  2.00562639202878
3.0,GENERATED VIA SPACE-TRACK.ORG API,2025-03-22 19:15:20+00:00,18 SPCS,NAVSTAR 43 (USA 132),1997-035A,EARTH,TEME,UTC,SGP4,2025-03-21 23:43:15.025440+00:00,2.00562634,0.00876230,55.7702,116.2640,53.8278,307.0474,0,U,24876,999,20288,0.00000000000000,0.00000034,0.0000000000000,26560.433,717.980,20415.029,19949.568,PAYLOAD,LARGE,US,1997-07-23,AFETR,,4677401,283745721,0 NAVSTAR 43 (USA 132),1 24876U 97035A   25080.98836835  .00000034  00000-0  00000-0 0  9993,2 24876  55.7702 116.2640 0087623  53.8278 307.0474  2.00562634202887
3.0,GENERATED VIA SPACE-TRACK.ORG API,2025-03-23 03:40:06+00:00,18 SPCS,NAVSTAR 43 (USA 132),1997-035A,EARTH,TEME,UTC,SGP4,2025-03-22 11:41:12.612192+00:00,2.00562631,0.00876400,55.7705,116.2445,53.8192,307.0566,0,U,24876,999,20289,0.00000000000000,0.00000039,0.0000000000000,26560.434,717.980,20415.074,19949.523,PAYLOAD,LARGE,US,1997-07-23,AFETR,,4677771,283784380,0 NAVSTAR 43 (USA 132),1 24876U 97035A   25081.48695153  .00000039  00000-0  00000-0 0  9990,2 24876  55.7705 116.2445 0087640  53.8192 307.0566  2.00562631202897
3.0,GENERATED VIA SPACE-TRACK.ORG API,2025-03-24 02:21:51+00:00,18 SPCS,NAVSTAR 43 (USA 132),1997-035A,EARTH,TEME,UTC,SGP4,2025-03-23 11:37:07.990464+00:00,2.00562606,0.00876710,55.7710,116.2055,53.8121,307.0662,0,U,24876,999,20291,0.00000000000000,0.00000049,0.0000000000000,26560.436,717.980,20415.159,19949.443,PAYLOAD,LARGE,US,1997-07-23,AFETR,,4678815,283869961,0 NAVSTAR 43 (USA 132),1 24876U 97035A   25082.48412026  .00000049  00000-0  00000-0 0  9998,2 24876  55.7710 116.2055 0087671  53.8121 307.0662  2.00562606202918
3.0,GENERATED VIA SPACE-TRACK.ORG API,2025-03-24 06:46:18+00:00,18 SPCS,NAVSTAR 43 (USA 132),1997-035A,EARTH,TEME,UTC,SGP4,2025-03-23 23:35:05.780256+00:00,2.00562580,0.00876860,55.7712,116.1859,53.8128,307.0672,0,U,24876,999,20272,0.00000000000000,0.00000054,0.0000000000000,26560.438,717.980,20415.201,19949.405,PAYLOAD,LARGE,US,1997-07-23,AFETR,,4678978,283896716,0 NAVSTAR 43 (USA 132),1 24876U 97035A   25082.98270579  .00000054  00000-0  00000+0 0  9993,2 24876  55.7712 116.1859 0087686  53.8128 307.0672  2.00562580202725
3.0,GENERATED VIA SPACE-TRACK.ORG API,2025-03-24 19:49:24+00:00,18 SPCS,NAVSTAR 43 (USA 132),1997-035A,EARTH,TEME,UTC,SGP4,2025-03-24 11:33:03.526848+00:00,2.00562572,0.00877010,55.7714,116.1664,53.8096,307.0721,0,U,24876,999,20293,0.00000000000000,0.00000060,0.0000000000000,26560.439,717.980,20415.242,19949.366,PAYLOAD,LARGE,US,1997-07-23,AFETR,,4679439,283914698,0 NAVSTAR 43 (USA 132),1 24876U 97035A   25083.48129082  .00000060  00000-0  00000-0 0  9999,2 24876  55.7714 116.1664 0087701  53.8096 307.0721  2.00562572202932
3.0,GENERATED VIA SPACE-TRACK.ORG API,2025-03-25 02:12:31+00:00,18 SPCS,NAVSTAR 43 (USA 132),1997-035A,EARTH,TEME,UTC,SGP4,2025-03-24 11:33:03.517344+00:00,2.00562571,0.00877030,55.7715,116.1664,53.8059,307.0759,0,U,24876,999,20293,0.00000000000000,0.00000060,0.0000000000000,26560.439,717.980,20415.247,19949.361,PAYLOAD,LARGE,US,1997-07-23,AFETR,,4679785,283952032,0 NAVSTAR 43 (USA 132),1 24876U 97035A   25083.48129071  .00000060  00000-0  00000-0 0  9997,2 24876  55.7715 116.1664 0087703  53.8059 307.0759  2.00562571202934
3.0,GENERATED VIA SPACE-TRACK.ORG API,2025-03-26 02:56:27+00:00,18 SPCS,NAVSTAR 43 (USA 132),1997-035A,EARTH,TEME,UTC,SGP4,2025-03-25 11:28:58.956960+00:00,2.00562577,0.00877370,55.7719,116.1274,53.8002,307.0852,0,U,24876,999,20295,0.00000000000000,0.00000069,0.0000000000000,26560.438,717.980,20415.337,19949.270,PAYLOAD,LARGE,US,1997-07-23,AFETR,,4680658,284031850,0 NAVSTAR 43 (USA 132),1 24876U 97035A   25084.47846015  .00000069  00000-0  00000-0 0  9990,2 24876  55.7719 116.1274 0087737  53.8002 307.0852  2.00562577202952
3.0,GENERATED VIA SPACE-TRACK.ORG API,2025-03-26 15:06:18+00:00,18 SPCS,NAVSTAR 43 (USA 132),1997-035A,EARTH,TEME,UTC,SGP4,2025-03-26 11:24:54.406944+00:00,2.00562552,0.00877640,55.7724,116.0883,53.8007,307.0875,0,U,24876,999,20277,0.00000000000000,0.00000075,0.0000000000000,26560.441,717.980,20415.411,19949.201,PAYLOAD,LARGE,US,1997-07-23,AFETR,,4681317,284072581,0 NAVSTAR 43 (USA 132),1 24876U 97035A   25085.47562971  .00000075  00000-0  00000+0 0  9993,2 24876  55.7724 116.0883 0087764  53.8007 307.0875  2.00562552202776
3.0,GENERATED VIA SPACE-TRACK.ORG API,2025-03-26 20:56:00+00:00,18 SPCS,NAVSTAR 43 (USA 132),1997-035A,EARTH,TEME,UTC,SGP4,2025-03-26 11:24:54.406944+00:00,2.00562552,0.00877640,55.7724,116.0883,53.8007,307.0875,0,U,24876,999,20297,0.00000000000000,0.00000075,0.0000000000000,26560.441,717.980,20415.411,19949.201,PAYLOAD,LARGE,US,1997-07-23,AFETR,,4681382,284079216,0 NAVSTAR 43 (USA 132),1 24876U 97035A   25085.47562971  .00000075  00000-0  00000-0 0  9994,2 24876  55.7724 116.0883 0087764  53.8007 307.0875  2.00562552202978
3.0,GENERATED VIA SPACE-TRACK.ORG API,2025-03-27 02:49:37+00:00,18 SPCS,NAVSTAR 43 (USA 132),1997-035A,EARTH,TEME,UTC,SGP4,2025-03-26 23:22:52.054176+00:00,2.00562539,0.00877800,55.7726,116.0688,53.7954,307.0936,0,U,24876,999,20298,0.00000000000000,0.00000077,0.0000000000000,26560.442,717.981,20415.454,19949.159,PAYLOAD,LARGE,US,1997-07-23,AFETR,,4681624,284114508,0 NAVSTAR 43 (USA 132),1 24876U 97035A   25085.97421359  .00000077  00000-0  00000-0 0  9995,2 24876  55.7726 116.0688 0087780  53.7954 307.0936  2.00562539202985
3.0,GENERATED VIA SPACE-TRACK.ORG API,2025-03-28 02:54:00+00:00,18 SPCS,NAVSTAR 43 (USA 132),1997-035A,EARTH,TEME,UTC,SGP4,2025-03-27 11:20:49.565760+00:00,2.00562542,0.00878000,55.7728,116.0493,53.7827,307.1065,0,U,24876,999,20299,0.00000000000000,0.00000078,0.0000000000000,26560.442,717.981,20415.507,19949.106,PAYLOAD,LARGE,US,1997-07-23,AFETR,,4682611,284197846,0 NAVSTAR 43 (USA 132),1 24876U 97035A   25086.47279590  .00000078  00000-0  00000-0 0  9990,2 24876  55.7728 116.0493 0087800  53.7827 307.1065  2.00562542202992
3.0,GENERATED VIA SPACE-TRACK.ORG API,2025-03-29 02:24:46+00:00,18 SPCS,NAVSTAR 43 (USA 132),1997-035A,EARTH,TEME,UTC,SGP4,2025-03-28 11:16:44.514624+00:00,2.00562512,0.00878320,55.7733,116.0102,53.7736,307.1142,0,U,24876,999,20301,0.00000000000000,0.00000075,0.0000000000000,26560.444,717.981,20415.595,19949.024,PAYLOAD,LARGE,US,1997-07-23,AFETR,,4683631,284281544,0 NAVSTAR 43 (USA 132),1 24876U 97035A   25087.46995966  .00000075  00000-0  00000-0 0  9999,2 24876  55.7733 116.0102 0087832  53.7736 307.1142  2.00562512203016
3.0,GENERATED VIA SPACE-TRACK.ORG API,2025-03-29 22:46:23+00:00,18 SPCS,NAVSTAR 43 (USA 132),1997-035A,EARTH,TEME,UTC,SGP4,2025-03-29 11:12:39.060864+00:00,2.00562519,0.00878640,55.7738,115.9711,53.7647,307.1190,0,U,24876,999,20283,0.00000000000000,0.00000067,0.0000000000000,26560.444,717.981,20415.679,19948.938,PAYLOAD,LARGE,US,1997-07-23,AFETR,,4684359,284352902,0 NAVSTAR 43 (USA 132),1 24876U 97035A   25088.46711876  .00000067  00000-0  00000+0 0  9996,2 24876  55.7738 115.9711 0087864  53.7647 307.1190  2.00562519202830
3.0,GENERATED VIA SPACE-TRACK.ORG API,2025-03-30 04:28:37+00:00,18 SPCS,NAVSTAR 43 (USA 132),1997-035A,EARTH,TEME,UTC,SGP4,2025-03-29 11:12:39.060864+00:00,2.00562519,0.00878640,55.7738,115.9711,53.7647,307.1190,0,U,24876,999,20303,0.00000000000000,0.00000067,0.0000000000000,26560.444,717.981,20415.679,19948.938,PAYLOAD,LARGE,US,1997-07-23,AFETR,,4684622,284365248,0 NAVSTAR 43 (USA 132),1 24876U 97035A   25088.46711876  .00000067  00000-0  00000-0 0  9997,2 24876  55.7738 115.9711 0087864  53.7647 307.1190  2.00562519203033
3.0,GENERATED VIA SPACE-TRACK.ORG API,2025-04-01 02:47:46+00:00,18 SPCS,NAVSTAR 43 (USA 132),1997-035A,EARTH,TEME,UTC,SGP4,2025-03-31 11:04:27.610752+00:00,2.00562522,0.00879330,55.7748,115.8931,53.7481,307.1225,0,U,24876,999,20307,0.00000000000000,0.00000043,0.0000000000000,26560.443,717.981,20415.862,19948.754,PAYLOAD,LARGE,US,1997-07-23,AFETR,,4686608,284531580,0 NAVSTAR 43 (USA 132),1 24876U 97035A   25090.46143068  .00000043  00000-0  00000-0 0  9996,2 24876  55.7748 115.8931 0087933  53.7481 307.1225  2.00562522203077
3.0,GENERATED VIA SPACE-TRACK.ORG API,2025-04-01 14:46:32+00:00,18 SPCS,NAVSTAR 43 (USA 132),1997-035A,EARTH,TEME,UTC,SGP4,2025-04-01 11:00:21.934080+00:00,2.00562511,0.00879650,55.7753,115.8540,53.7449,307.1190,0,U,24876,999,20289,0.00000000000000,0.00000031,0.0000000000000,26560.444,717.981,20415.948,19948.670,PAYLOAD,LARGE,US,1997-07-23,AFETR,,4687125,284567314,0 NAVSTAR 43 (USA 132),1 24876U 97035A   25091.45858720  .00000031  00000-0  00000+0 0  9990,2 24876  55.7753 115.8540 0087965  53.7449 307.1190  2.00562511202896
3.0,GENERATED VIA SPACE-TRACK.ORG API,2025-04-01 17:48:34+00:00,18 SPCS,NAVSTAR 43 (USA 132),1997-035A,EARTH,TEME,UTC,SGP4,2025-04-01 11:00:21.916800+00:00,2.00562516,0.00879670,55.7753,115.8540,53.7431,307.1208,0,U,24876,999,20309,0.00000000000000,0.00000031,0.0000000000000,26560.444,717.981,20415.953,19948.665,PAYLOAD,LARGE,US,1997-07-23,AFETR,,4687331,284578373,0 NAVSTAR 43 (USA 132),1 24876U 97035A   25091.45858700  .00000031  00000-0  00000-0 0  9999,2 24876  55.7753 115.8540 0087967  53.7431 307.1208  2.00562516203097
3.0,GENERATED VIA SPACE-TRACK.ORG API,2025-04-02 17:11:55+00:00,18 SPCS,NAVSTAR 43 (USA 132),1997-035A,EARTH,TEME,UTC,SGP4,2025-04-02 10:56:16.392192+00:00,2.00562521,0.00880030,55.7758,115.8150,53.7395,307.1194,0,U,24876,999,20311,0.00000000000000,0.00000023,0.0000000000000,26560.443,717.981,20416.048,19948.569,PAYLOAD,LARGE,US,1997-07-23,AFETR,,4688355,284662620,0 NAVSTAR 43 (USA 132),1 24876U 97035A   25092.45574528  .00000023  00000-0  00000-0 0  9994,2 24876  55.7758 115.8150 0088003  53.7395 307.1194  2.00562521203113
3.0,GENERATED VIA SPACE-TRACK.ORG API,2025-04-03 03:59:49+00:00,18 SPCS,NAVSTAR 43 (USA 132),1997-035A,EARTH,TEME,UTC,SGP4,2025-04-02 10:56:16.385280+00:00,2.00562522,0.00880080,55.7758,115.8150,53.7369,307.1219,0,U,24876,999,20311,0.00000000000000,0.00000023,0.0000000000000,26560.443,717.981,20416.061,19948.555,PAYLOAD,LARGE,US,1997-07-23,AFETR,,4688710,284700022,0 NAVSTAR 43 (USA 132),1 24876U 97035A   25092.45574520  .00000023  00000-0  00000-0 0  9996,2 24876  55.7758 115.8150 0088008  53.7369 307.1219  2.00562522203118
3.0,GENERATED VIA SPACE-TRACK.ORG API,2025-04-04 02:37:00+00:00,18 SPCS,NAVSTAR 43 (USA 132),1997-035A,EARTH,TEME,UTC,SGP4,2025-04-03 10:52:11.112096+00:00,2.00562540,0.00880450,55.7763,115.7760,53.7341,307.1221,0,U,24876,999,20313,0.00000000000000,0.00000021,0.0000000000000,26560.442,717.981,20416.158,19948.455,PAYLOAD,LARGE,US,1997-07-23,AFETR,,4689766,284783855,0 NAVSTAR 43 (USA 132),1 24876U 97035A   25093.45290639  .00000021  00000-0  00000-0 0  9991,2 24876  55.7763 115.7760 0088045  53.7341 307.1221  2.00562540203136
3.0,GENERATED VIA SPACE-TRACK.ORG API,2025-04-04 20:19:44+00:00,18 SPCS,NAVSTAR 43 (USA 132),1997-035A,EARTH,TEME,UTC,SGP4,2025-04-04 10:48:06.242400+00:00,2.00562524,0.00880790,55.7768,115.7370,53.7313,307.1245,0,U,24876,999,20315,0.00000000000000,0.00000024,0.0000000000000,26560.443,717.981,20416.250,19948.366,PAYLOAD,LARGE,US,1997-07-23,AFETR,,4690529,284831577,0 NAVSTAR 43 (USA 132),1 24876U 97035A   25094.45007225  .00000024  00000-0  00000-0 0  9992,2 24876  55.7768 115.7370 0088079  53.7313 307.1245  2.00562524203154
3.0,GENERATED VIA SPACE-TRACK.ORG API,2025-04-04 22:36:17+00:00,18 SPCS,NAVSTAR 43 (USA 132),1997-035A,EARTH,TEME,UTC,SGP4,2025-04-04 10:48:06.222528+00:00,2.00562530,0.00880820,55.7768,115.7370,53.7288,307.1270,0,U,24876,999,20295,0.00000000000000,0.00000024,0.0000000000000,26560.443,717.981,20416.257,19948.358,PAYLOAD,LARGE,US,1997-07-23,AFETR,,4690649,284857402,0 NAVSTAR 43 (USA 132),1 24876U 97035A   25094.45007202  .00000024  00000-0  00000+0 0  9996,2 24876  55.7768 115.7370 0088082  53.7288 307.1270  2.00562530202951
3.0,GENERATED VIA SPACE-TRACK.ORG API,2025-04-05 03:40:49+00:00,18 SPCS,NAVSTAR 43 (USA 132),1997-035A,EARTH,TEME,UTC,SGP4,2025-04-04 10:48:06.222528+00:00,2.00562530,0.00880820,55.7768,115.7370,53.7288,307.1270,0,U,24876,999,20315,0.00000000000000,0.00000024,0.0000000000000,26560.443,717.981,20416.257,19948.358,PAYLOAD,LARGE,US,1997-07-23,AFETR,,4690794,284867289,0 NAVSTAR 43 (USA 132),1 24876U 97035A   25094.45007202  .00000024  00000-0  00000-0 0  9997,2 24876  55.7768 115.7370 0088082  53.7288 307.1270  2.00562530203154
3.0,GENERATED VIA SPACE-TRACK.ORG API,2025-04-06 02:24:40+00:00,18 SPCS,NAVSTAR 43 (USA 132),1997-035A,EARTH,TEME,UTC,SGP4,2025-04-05 10:44:01.455648+00:00,2.00562567,0.00881160,55.7774,115.6980,53.7257,307.1318,0,U,24876,999,20317,0.00000000000000,0.00000032,0.0000000000000,26560.439,717.980,20416.344,19948.264,PAYLOAD,LARGE,US,1997-07-23,AFETR,,4691967,284924426,0 NAVSTAR 43 (USA 132),1 24876U 97035A   25095.44723907  .00000032  00000-0  00000-0 0  9993,2 24876  55.7774 115.6980 0088116  53.7257 307.1318  2.00562567203176
3.0,GENERATED VIA SPACE-TRACK.ORG API,2025-04-07 03:16:22+00:00,18 SPCS,NAVSTAR 43 (USA 132),1997-035A,EARTH,TEME,UTC,SGP4,2025-04-06 10:39:56.944512+00:00,2.00562562,0.00881520,55.7779,115.6590,53.7216,307.1388,0,U,24876,999,20319,0.00000000000000,0.00000042,0.0000000000000,26560.440,717.980,20416.440,19948.169,PAYLOAD,LARGE,US,1997-07-23,AFETR,,4693017,284979406,0 NAVSTAR 43 (USA 132),1 24876U 97035A   25096.44440908  .00000042  00000-0  00000-0 0  9992,2 24876  55.7779 115.6590 0088152  53.7216 307.1388  2.00562562203197
3.0,GENERATED VIA SPACE-TRACK.ORG API,2025-04-07 06:46:33+00:00,18 SPCS,NAVSTAR 43 (USA 132),1997-035A,EARTH,TEME,UTC,SGP4,2025-04-06 22:37:54.665184+00:00,2.00562573,0.00881690,55.7781,115.6395,53.7187,307.1433,0,U,24876,999,20300,0.00000000000000,0.00000047,0.0000000000000,26560.439,717.980,20416.485,19948.123,PAYLOAD,LARGE,US,1997-07-23,AFETR,,4693141,285006753,0 NAVSTAR 43 (USA 132),1 24876U 97035A   25096.94299381  .00000047  00000-0  00000+0 0  9998,2 24876  55.7781 115.6395 0088169  53.7187 307.1433  2.00562573203001
3.0,GENERATED VIA SPACE-TRACK.ORG API,2025-04-07 18:02:01+00:00,18 SPCS,NAVSTAR 43 (USA 132),1997-035A,EARTH,TEME,UTC,SGP4,2025-04-07 10:35:52.337472+00:00,2.00562599,0.00881820,55.7783,115.6200,53.7187,307.1447,0,U,24876,999,20321,0.00000000000000,0.00000052,0.0000000000000,26560.437,717.980,20416.517,19948.086,PAYLOAD,LARGE,US,1997-07-23,AFETR,,4693589,285023487,0 NAVSTAR 43 (USA 132),1 24876U 97035A   25097.44157798  .00000052  00000-0  00000-0 0  9996,2 24876  55.7783 115.6200 0088182  53.7187 307.1447  2.00562599203219
3.0,GENERATED VIA SPACE-TRACK.ORG API,2025-04-08 02:59:40+00:00,18 SPCS,NAVSTAR 43 (USA 132),1997-035A,EARTH,TEME,UTC,SGP4,2025-04-07 10:35:52.331424+00:00,2.00562601,0.00881850,55.7784,115.6200,53.7150,307.1483,0,U,24876,999,20321,0.00000000000000,0.00000052,0.0000000000000,26560.436,717.980,20416.525,19948.078,PAYLOAD,LARGE,US,1997-07-23,AFETR,,4693973,285061006,0 NAVSTAR 43 (USA 132),1 24876U 97035A   25097.44157791  .00000052  00000-0  00000-0 0  9999,2 24876  55.7784 115.6200 0088185  53.7150 307.1483  2.00562601203217
3.0,GENERATED VIA SPACE-TRACK.ORG API,2025-04-08 18:04:46+00:00,18 SPCS,NAVSTAR 43 (USA 132),1997-035A,EARTH,TEME,UTC,SGP4,2025-04-08 10:31:47.651808+00:00,2.00562627,0.00882140,55.7788,115.5810,53.7130,307.1527,0,U,24876,999,20323,0.00000000000000,0.00000060,0.0000000000000,26560.434,717.980,20416.599,19947.999,PAYLOAD,LARGE,US,1997-07-23,AFETR,,4694715,285108524,0 NAVSTAR 43 (USA 132),1 24876U 97035A   25098.43874597  .00000060  00000-0  00000-0 0  9998,2 24876  55.7788 115.5810 0088214  53.7130 307.1527  2.00562627203237
3.0,GENERATED VIA SPACE-TRACK.ORG API,2025-04-09 14:46:36+00:00,18 SPCS,NAVSTAR 43 (USA 132),1997-035A,EARTH,TEME,UTC,SGP4,2025-04-09 10:27:42.863328+00:00,2.00562634,0.00882500,55.7793,115.5419,53.7069,307.1598,0,U,24876,999,20305,0.00000000000000,0.00000064,0.0000000000000,26560.433,717.980,20416.694,19947.903,PAYLOAD,LARGE,US,1997-07-23,AFETR,,4695588,285180791,0 NAVSTAR 43 (USA 132),1 24876U 97035A   25099.43591277  .00000064  00000-0  00000+0 0  9993,2 24876  55.7793 115.5419 0088250  53.7069 307.1598  2.00562634203055
3.0,GENERATED VIA SPACE-TRACK.ORG API,2025-04-09 19:37:26+00:00,18 SPCS,NAVSTAR 43 (USA 132),1997-035A,EARTH,TEME,UTC,SGP4,2025-04-09 10:27:42.863328+00:00,2.00562634,0.00882500,55.7793,115.5419,53.7069,307.1598,0,U,24876,999,20325,0.00000000000000,0.00000064,0.0000000000000,26560.433,717.980,20416.694,19947.903,PAYLOAD,LARGE,US,1997-07-23,AFETR,,4696786,285217000,0 NAVSTAR 43 (USA 132),1 24876U 97035A   25099.43591277  .00000064  00000-0  00000-0 0  9994,2 24876  55.7793 115.5419 0088250  53.7069 307.1598  2.00562634203257
3.0,GENERATED VIA SPACE-TRACK.ORG API,2025-04-12 03:00:55+00:00,18 SPCS,NAVSTAR 43 (USA 132),1997-035A,EARTH,TEME,UTC,SGP4,2025-04-11 10:19:32.666880+00:00,2.00562649,0.00883260,55.7803,115.4640,53.7015,307.1624,0,U,24876,999,20329,0.00000000000000,0.00000061,0.0000000000000,26560.432,717.980,20416.895,19947.699,PAYLOAD,LARGE,US,1997-07-23,AFETR,,4699215,285389986,0 NAVSTAR 43 (USA 132),1 24876U 97035A   25101.43023920  .00000061  00000-0  00000-0 0  9990,2 24876  55.7803 115.4640 0088326  53.7015 307.1624  2.00562649203299
3.0,GENERATED VIA SPACE-TRACK.ORG API,2025-04-12 14:46:45+00:00,18 SPCS,NAVSTAR 43 (USA 132),1997-035A,EARTH,TEME,UTC,SGP4,2025-04-12 10:15:27.309024+00:00,2.00562657,0.00883600,55.7808,115.4250,53.7050,307.1554,0,U,24876,999,20311,0.00000000000000,0.00000055,0.0000000000000,26560.431,717.980,20416.984,19947.608,PAYLOAD,LARGE,US,1997-07-23,AFETR,,4699744,285426099,0 NAVSTAR 43 (USA 132),1 24876U 97035A   25102.42739941  .00000055  00000-0  00000+0 0  9999,2 24876  55.7808 115.4250 0088360  53.7050 307.1554  2.00562657203110
3.0,GENERATED VIA SPACE-TRACK.ORG API,2025-04-12 22:09:39+00:00,18 SPCS,NAVSTAR 43 (USA 132),1997-035A,EARTH,TEME,UTC,SGP4,2025-04-12 10:15:27.297792+00:00,2.00562659,0.00883630,55.7808,115.4250,53.7012,307.1592,0,U,24876,999,20331,0.00000000000000,0.00000055,0.0000000000000,26560.431,717.980,20416.992,19947.600,PAYLOAD,LARGE,US,1997-07-23,AFETR,,4699941,285437047,0 NAVSTAR 43 (USA 132),1 24876U 97035A   25102.42739928  .00000055  00000-0  00000-0 0  9995,2 24876  55.7808 115.4250 0088363  53.7012 307.1592  2.00562659203317
3.0,GENERATED VIA SPACE-TRACK.ORG API,2025-04-13 03:46:00+00:00,18 SPCS,NAVSTAR 43 (USA 132),1997-035A,EARTH,TEME,UTC,SGP4,2025-04-12 22:13:24.592512+00:00,2.00562655,0.00883740,55.7810,115.4056,53.7060,307.1523,0,U,24876,999,20332,0.00000000000000,0.00000052,0.0000000000000,26560.432,717.980,20417.022,19947.571,PAYLOAD,LARGE,US,1997-07-23,AFETR,,4700252,285474202,0 NAVSTAR 43 (USA 132),1 24876U 97035A   25102.92597908  .00000052  00000-0  00000-0 0  9997,2 24876  55.7810 115.4056 0088374  53.7060 307.1523  2.00562655203320
3.0,GENERATED VIA SPACE-TRACK.ORG API,2025-04-14 03:05:54+00:00,18 SPCS,NAVSTAR 43 (USA 132),1997-035A,EARTH,TEME,UTC,SGP4,2025-04-13 10:11:21.863904+00:00,2.00562651,0.00883950,55.7813,115.3861,53.7039,307.1521,0,U,24876,999,20333,0.00000000000000,0.00000050,0.0000000000000,26560.432,717.980,20417.078,19947.516,PAYLOAD,LARGE,US,1997-07-23,AFETR,,4701263,285528734,0 NAVSTAR 43 (USA 132),1 24876U 97035A   25103.42455861  .00000050  00000-0  00000-0 0  9992,2 24876  55.7813 115.3861 0088395  53.7039 307.1521  2.00562651203330
3.0,GENERATED VIA SPACE-TRACK.ORG API,2025-04-15 02:40:58+00:00,18 SPCS,NAVSTAR 43 (USA 132),1997-035A,EARTH,TEME,UTC,SGP4,2025-04-14 10:07:16.379904+00:00,2.00562644,0.00884270,55.7818,115.3471,53.7033,307.1480,0,U,24876,999,20335,0.00000000000000,0.00000045,0.0000000000000,26560.433,717.980,20417.164,19947.432,PAYLOAD,LARGE,US,1997-07-23,AFETR,,4702223,285581847,0 NAVSTAR 43 (USA 132),1 24876U 97035A   25104.42171736  .00000045  00000-0  00000-0 0  9993,2 24876  55.7818 115.3471 0088427  53.7033 307.1480  2.00562644203350
3.0,GENERATED VIA SPACE-TRACK.ORG API,2025-04-15 14:26:19+00:00,18 SPCS,NAVSTAR 43 (USA 132),1997-035A,EARTH,TEME,UTC,SGP4,2025-04-15 10:03:10.926144+00:00,2.00562638,0.00884560,55.7822,115.3082,53.7037,307.1431,0,U,24876,999,20317,0.00000000000000,0.00000044,0.0000000000000,26560.433,717.980,20417.241,19947.355,PAYLOAD,LARGE,US,1997-07-23,AFETR,,4702663,285614483,0 NAVSTAR 43 (USA 132),1 24876U 97035A   25105.41887646  .00000044  00000-0  00000+0 0  9995,2 24876  55.7822 115.3082 0088456  53.7037 307.1431  2.00562638203178
3.0,GENERATED VIA SPACE-TRACK.ORG API,2025-04-16 18:21:57+00:00,18 SPCS,NAVSTAR 43 (USA 132),1997-035A,EARTH,TEME,UTC,SGP4,2025-04-16 09:59:05.527680+00:00,2.00562640,0.00884790,55.7827,115.2692,53.6976,307.1455,0,U,24876,999,20339,0.00000000000000,0.00000045,0.0000000000000,26560.433,717.980,20417.302,19947.294,PAYLOAD,LARGE,US,1997-07-23,AFETR,,4703859,285708859,0 NAVSTAR 43 (USA 132),1 24876U 97035A   25106.41603620  .00000045  00000-0  00000-0 0  9996,2 24876  55.7827 115.2692 0088479  53.6976 307.1455  2.00562640203398
3.0,GENERATED VIA SPACE-TRACK.ORG API,2025-04-17 18:03:48+00:00,18 SPCS,NAVSTAR 43 (USA 132),1997-035A,EARTH,TEME,UTC,SGP4,2025-04-17 09:55:00.359040+00:00,2.00562611,0.00885030,55.7832,115.2303,53.6870,307.1537,0,U,24876,999,20341,0.00000000000000,0.00000050,0.0000000000000,26560.435,717.980,20417.368,19947.233,PAYLOAD,LARGE,US,1997-07-23,AFETR,,4704653,285785881,0 NAVSTAR 43 (USA 132),1 24876U 97035A   25107.41319860  .00000050  00000-0  00000-0 0  9993,2 24876  55.7832 115.2303 0088503  53.6870 307.1537  2.00562611203416
3.0,GENERATED VIA SPACE-TRACK.ORG API,2025-04-18 22:46:29+00:00,18 SPCS,NAVSTAR 43 (USA 132),1997-035A,EARTH,TEME,UTC,SGP4,2025-04-18 09:50:55.386528+00:00,2.00562590,0.00885500,55.7837,115.1913,53.6790,307.1612,0,U,24876,999,20323,0.00000000000000,0.00000058,0.0000000000000,26560.437,717.980,20417.495,19947.110,PAYLOAD,LARGE,US,1997-07-23,AFETR,,4706002,285870163,0 NAVSTAR 43 (USA 132),1 24876U 97035A   25108.41036327  .00000058  00000-0  00000+0 0  9995,2 24876  55.7837 115.1913 0088550  53.6790 307.1612  2.00562590203230
3.0,GENERATED VIA SPACE-TRACK.ORG API,2025-04-20 03:24:42+00:00,18 SPCS,NAVSTAR 43 (USA 132),1997-035A,EARTH,TEME,UTC,SGP4,2025-04-19 09:46:50.523744+00:00,2.00562603,0.00885880,55.7842,115.1523,53.6898,307.1516,0,U,24876,999,20345,0.00000000000000,0.00000067,0.0000000000000,26560.436,717.980,20417.595,19947.008,PAYLOAD,LARGE,US,1997-07-23,AFETR,,4707095,285902382,0 NAVSTAR 43 (USA 132),1 24876U 97035A   25109.40752921  .00000067  00000-0  00000-0 0  9991,2 24876  55.7842 115.1523 0088588  53.6898 307.1516  2.00562603203455
3.0,GENERATED VIA SPACE-TRACK.ORG API,2025-04-21 03:51:54+00:00,18 SPCS,NAVSTAR 43 (USA 132),1997-035A,EARTH,TEME,UTC,SGP4,2025-04-20 09:42:45.932256+00:00,2.00562576,0.00886350,55.7847,115.1133,53.6962,307.1476,0,U,24876,999,20347,0.00000000000000,0.00000076,0.0000000000000,26560.439,717.980,20417.722,19946.885,PAYLOAD,LARGE,US,1997-07-23,AFETR,,4707994,285953098,0 NAVSTAR 43 (USA 132),1 24876U 97035A   25110.40469829  .00000076  00000-0  00000-0 0  9995,2 24876  55.7847 115.1133 0088635  53.6962 307.1476  2.00562576203478
3.0,GENERATED VIA SPACE-TRACK.ORG API,2025-04-21 16:40:47+00:00,18 SPCS,NAVSTAR 43 (USA 132),1997-035A,EARTH,TEME,UTC,SGP4,2025-04-21 09:38:41.367552+00:00,2.00562556,0.00886770,55.7852,115.0744,53.6980,307.1487,0,U,24876,999,20329,0.00000000000000,0.00000085,0.0000000000000,26560.440,717.980,20417.835,19946.775,PAYLOAD,LARGE,US,1997-07-23,AFETR,,4708349,285985832,0 NAVSTAR 43 (USA 132),1 24876U 97035A   25111.40186768  .00000085  00000-0  00000+0 0  9993,2 24876  55.7852 115.0744 0088677  53.6980 307.1487  2.00562556203297
3.0,GENERATED VIA SPACE-TRACK.ORG API,2025-04-21 18:27:13+00:00,18 SPCS,NAVSTAR 43 (USA 132),1997-035A,EARTH,TEME,UTC,SGP4,2025-04-21 09:38:41.367552+00:00,2.00562556,0.00886770,55.7852,115.0744,53.6980,307.1487,0,U,24876,999,20349,0.00000000000000,0.00000085,0.0000000000000,26560.440,717.980,20417.835,19946.775,PAYLOAD,LARGE,US,1997-07-23,AFETR,,4708562,285997216,0 NAVSTAR 43 (USA 132),1 24876U 97035A   25111.40186768  .00000085  00000-0  00000-0 0  9994,2 24876  55.7852 115.0744 0088677  53.6980 307.1487  2.00562556203499
3.0,GENERATED VIA SPACE-TRACK.ORG API,2025-04-22 03:07:59+00:00,18 SPCS,NAVSTAR 43 (USA 132),1997-035A,EARTH,TEME,UTC,SGP4,2025-04-21 09:38:41.365824+00:00,2.00562552,0.00886810,55.7852,115.0744,53.6942,307.1524,0,U,24876,999,20349,0.00000000000000,0.00000085,0.0000000000000,26560.441,717.980,20417.846,19946.765,PAYLOAD,LARGE,US,1997-07-23,AFETR,,4708852,286033587,0 NAVSTAR 43 (USA 132),1 24876U 97035A   25111.40186766  .00000085  00000-0  00000-0 0  9992,2 24876  55.7852 115.0744 0088681  53.6942 307.1524  2.00562552203490
3.0,GENERATED VIA SPACE-TRACK.ORG API,2025-04-22 17:47:39+00:00,18 SPCS,NAVSTAR 43 (USA 132),1997-035A,EARTH,TEME,UTC,SGP4,2025-04-22 09:34:36.751008+00:00,2.00562539,0.00887180,55.7857,115.0354,53.6992,307.1498,0,U,24876,999,20351,0.00000000000000,0.00000092,0.0000000000000,26560.442,717.981,20417.946,19946.668,PAYLOAD,LARGE,US,1997-07-23,AFETR,,4709436,286076915,0 NAVSTAR 43 (USA 132),1 24876U 97035A   25112.39903647  .00000092  00000-0  00000-0 0  9994,2 24876  55.7857 115.0354 0088718  53.6992 307.1498  2.00562539203516
3.0,GENERATED VIA SPACE-TRACK.ORG API,2025-04-24 03:13:41+00:00,18 SPCS,NAVSTAR 43 (USA 132),1997-035A,EARTH,TEME,UTC,SGP4,2025-04-23 21:28:29.527680+00:00,2.00562498,0.00887710,55.7864,114.9769,53.7023,307.1475,0,U,24876,999,20354,0.00000000000000,0.00000095,0.0000000000000,26560.445,717.981,20418.090,19946.531,PAYLOAD,LARGE,US,1997-07-23,AFETR,,4710120,286151709,0 NAVSTAR 43 (USA 132),1 24876U 97035A   25113.89478620  .00000095  00000-0  00000-0 0  9991,2 24876  55.7864 114.9769 0088771  53.7023 307.1475  2.00562498203549
3.0,GENERATED VIA SPACE-TRACK.ORG API,2025-04-24 07:16:43+00:00,18 SPCS,NAVSTAR 43 (USA 132),1997-035A,EARTH,TEME,UTC,SGP4,2025-04-23 21:28:29.527680+00:00,2.00562498,0.00887710,55.7864,114.9769,53.7023,307.1475,0,U,24876,999,20334,0.00000000000000,0.00000095,0.0000000000000,26560.445,717.981,20418.090,19946.531,PAYLOAD,LARGE,US,1997-07-23,AFETR,,4710300,286179040,0 NAVSTAR 43 (USA 132),1 24876U 97035A   25113.89478620  .00000095  00000-0  00000+0 0  9990,2 24876  55.7864 114.9769 0088771  53.7023 307.1475  2.00562498203347
3.0,GENERATED VIA SPACE-TRACK.ORG API,2025-04-25 02:52:53+00:00,18 SPCS,NAVSTAR 43 (USA 132),1997-035A,EARTH,TEME,UTC,SGP4,2025-04-24 09:26:26.936448+00:00,2.00562499,0.00887970,55.7866,114.9574,53.6972,307.1517,0,U,24876,999,20355,0.00000000000000,0.00000094,0.0000000000000,26560.445,717.981,20418.159,19946.462,PAYLOAD,LARGE,US,1997-07-23,AFETR,,4711435,286212130,0 NAVSTAR 43 (USA 132),1 24876U 97035A   25114.39336732  .00000094  00000-0  00000-0 0  9993,2 24876  55.7866 114.9574 0088797  53.6972 307.1517  2.00562499203554
3.0,GENERATED VIA SPACE-TRACK.ORG API,2025-04-25 20:55:31+00:00,18 SPCS,NAVSTAR 43 (USA 132),1997-035A,EARTH,TEME,UTC,SGP4,2025-04-25 09:22:21.578592+00:00,2.00562492,0.00888390,55.7871,114.9184,53.6964,307.1488,0,U,24876,999,20357,0.00000000000000,0.00000087,0.0000000000000,26560.446,717.981,20418.271,19946.351,PAYLOAD,LARGE,US,1997-07-23,AFETR,,4712095,286257771,0 NAVSTAR 43 (USA 132),1 24876U 97035A   25115.39052753  .00000087  00000-0  00000-0 0  9994,2 24876  55.7871 114.9184 0088839  53.6964 307.1488  2.00562492203577
3.0,GENERATED VIA SPACE-TRACK.ORG API,2025-04-26 14:46:31+00:00,18 SPCS,NAVSTAR 43 (USA 132),1997-035A,EARTH,TEME,UTC,SGP4,2025-04-26 09:18:15.997824+00:00,2.00562472,0.00888780,55.7876,114.8793,53.6993,307.1400,0,U,24876,999,20339,0.00000000000000,0.00000076,0.0000000000000,26560.448,717.981,20418.377,19946.249,PAYLOAD,LARGE,US,1997-07-23,AFETR,,4712960,286390467,0 NAVSTAR 43 (USA 132),1 24876U 97035A   25116.38768516  .00000076  00000-0  00000+0 0  9992,2 24876  55.7876 114.8793 0088878  53.6993 307.1400  2.00562472203394
3.0,GENERATED VIA SPACE-TRACK.ORG API,2025-04-27 02:38:33+00:00,18 SPCS,NAVSTAR 43 (USA 132),1997-035A,EARTH,TEME,UTC,SGP4,2025-04-26 09:18:15.980544+00:00,2.00562476,0.00888910,55.7876,114.8793,53.6915,307.1477,0,U,24876,999,20359,0.00000000000000,0.00000076,0.0000000000000,26560.447,717.981,20418.411,19946.214,PAYLOAD,LARGE,US,1997-07-23,AFETR,,4713460,286408370,0 NAVSTAR 43 (USA 132),1 24876U 97035A   25116.38768496  .00000076  00000-0  00000-0 0  9990,2 24876  55.7876 114.8793 0088891  53.6915 307.1477  2.00562476203593
3.0,GENERATED VIA SPACE-TRACK.ORG API,2025-04-27 18:35:14+00:00,18 SPCS,NAVSTAR 43 (USA 132),1997-035A,EARTH,TEME,UTC,SGP4,2025-04-27 09:14:10.194144+00:00,2.00562478,0.00889210,55.7880,114.8403,53.6995,307.1324,0,U,24876,999,20361,0.00000000000000,0.00000062,0.0000000000000,26560.447,717.981,20418.490,19946.134,PAYLOAD,LARGE,US,1997-07-23,AFETR,,4714063,286451875,0 NAVSTAR 43 (USA 132),1 24876U 97035A   25117.38484021  .00000062  00000-0  00000-0 0  9995,2 24876  55.7880 114.8403 0088921  53.6995 307.1324  2.00562478203614
3.0,GENERATED VIA SPACE-TRACK.ORG API,2025-04-28 03:18:57+00:00,18 SPCS,NAVSTAR 43 (USA 132),1997-035A,EARTH,TEME,UTC,SGP4,2025-04-27 09:14:10.156992+00:00,2.00562491,0.00889350,55.7881,114.8403,53.6917,307.1402,0,U,24876,999,20361,0.00000000000000,0.00000062,0.0000000000000,26560.446,717.981,20418.526,19946.096,PAYLOAD,LARGE,US,1997-07-23,AFETR,,4714383,286489202,0 NAVSTAR 43 (USA 132),1 24876U 97035A   25117.38483978  .00000062  00000-0  00000-0 0  9995,2 24876  55.7881 114.8403 0088935  53.6917 307.1402  2.00562491203616
3.0,GENERATED VIA SPACE-TRACK.ORG API,2025-04-29 04:35:25+00:00,18 SPCS,NAVSTAR 43 (USA 132),1997-035A,EARTH,TEME,UTC,SGP4,2025-04-28 09:10:04.355904+00:00,2.00562498,0.00889800,55.7886,114.8013,53.6935,307.1310,0,U,24876,999,20363,0.00000000000000,0.00000048,0.0000000000000,26560.445,717.981,20418.645,19945.976,PAYLOAD,LARGE,US,1997-07-23,AFETR,,4715285,286540453,0 NAVSTAR 43 (USA 132),1 24876U 97035A   25118.38199486  .00000048  00000-0  00000-0 0  9998,2 24876  55.7886 114.8013 0088980  53.6935 307.1310  2.00562498203635
3.0,GENERATED VIA SPACE-TRACK.ORG API,2025-05-02 01:06:34+00:00,18 SPCS,NAVSTAR 43 (USA 132),1997-035A,EARTH,TEME,UTC,SGP4,2025-05-01 20:55:45.852672+00:00,2.00562522,0.00891240,55.7903,114.6648,53.7182,307.0950,0,U,24876,999,20350,0.00000000000000,0.00000033,0.0000000000000,26560.443,717.981,20419.026,19945.591,PAYLOAD,LARGE,US,1997-07-23,AFETR,,4716053,286580975,0 NAVSTAR 43 (USA 132),1 24876U 97035A   25121.87205848  .00000033  00000-0  00000+0 0  9999,2 24876  55.7903 114.6648 0089124  53.7182 307.0950  2.00562522203506
3.0,GENERATED VIA SPACE-TRACK.ORG API,2025-05-02 02:33:21+00:00,18 SPCS,NAVSTAR 43 (USA 132),1997-035A,EARTH,TEME,UTC,SGP4,2025-05-01 20:55:45.852672+00:00,2.00562522,0.00891240,55.7903,114.6648,53.7182,307.0950,0,U,24876,999,20370,0.00000000000000,0.00000033,0.0000000000000,26560.443,717.981,20419.026,19945.591,PAYLOAD,LARGE,US,1997-07-23,AFETR,,4716572,286601149,0 NAVSTAR 43 (USA 132),1 24876U 97035A   25121.87205848  .00000033  00000-0  00000-0 0  9990,2 24876  55.7903 114.6648 0089124  53.7182 307.0950  2.00562522203708
3.0,GENERATED VIA SPACE-TRACK.ORG API,2025-05-03 02:26:48+00:00,18 SPCS,NAVSTAR 43 (USA 132),1997-035A,EARTH,TEME,UTC,SGP4,2025-05-02 20:51:41.180832+00:00,2.00562533,0.00891690,55.7908,114.6258,53.7228,307.0921,0,U,24876,999,20372,0.00000000000000,0.00000040,0.0000000000000,26560.442,717.981,20419.144,19945.471,PAYLOAD,LARGE,US,1997-07-23,AFETR,,4717276,286706459,0 NAVSTAR 43 (USA 132),1 24876U 97035A   25122.86922663  .00000040  00000-0  00000-0 0  9999,2 24876  55.7908 114.6258 0089169  53.7228 307.0921  2.00562533203722
3.0,GENERATED VIA SPACE-TRACK.ORG API,2025-05-03 17:28:03+00:00,18 SPCS,NAVSTAR 43 (USA 132),1997-035A,EARTH,TEME,UTC,SGP4,2025-05-03 08:49:38.920512+00:00,2.00562537,0.00891990,55.7911,114.6063,53.7214,307.0949,0,U,24876,999,20373,0.00000000000000,0.00000045,0.0000000000000,26560.442,717.981,20419.224,19945.391,PAYLOAD,LARGE,US,1997-07-23,AFETR,,4717971,286752832,0 NAVSTAR 43 (USA 132),1 24876U 97035A   25123.36781158  .00000045  00000-0  00000-0 0  9992,2 24876  55.7911 114.6063 0089199  53.7214 307.0949  2.00562537203733
3.0,GENERATED VIA SPACE-TRACK.ORG API,2025-05-04 02:26:54+00:00,18 SPCS,NAVSTAR 43 (USA 132),1997-035A,EARTH,TEME,UTC,SGP4,2025-05-03 20:47:36.636000+00:00,2.00562548,0.00892120,55.7913,114.5868,53.7267,307.0911,0,U,24876,999,20374,0.00000000000000,0.00000049,0.0000000000000,26560.441,717.981,20419.257,19945.355,PAYLOAD,LARGE,US,1997-07-23,AFETR,,4718307,286789478,0 NAVSTAR 43 (USA 132),1 24876U 97035A   25123.86639625  .00000049  00000-0  00000-0 0  9992,2 24876  55.7913 114.5868 0089212  53.7267 307.0911  2.00562548203743
3.0,GENERATED VIA SPACE-TRACK.ORG API,2025-05-04 14:46:28+00:00,18 SPCS,NAVSTAR 43 (USA 132),1997-035A,EARTH,TEME,UTC,SGP4,2025-05-04 08:45:34.404192+00:00,2.00562550,0.00892420,55.7915,114.5673,53.7246,307.0947,0,U,24876,999,20355,0.00000000000000,0.00000054,0.0000000000000,26560.441,717.981,20419.337,19945.275,PAYLOAD,LARGE,US,1997-07-23,AFETR,,4718887,286826690,0 NAVSTAR 43 (USA 132),1 24876U 97035A   25124.36498153  .00000054  00000-0  00000+0 0  9992,2 24876  55.7915 114.5673 0089242  53.7246 307.0947  2.00562550203550
3.0,GENERATED VIA SPACE-TRACK.ORG API,2025-05-04 17:21:58+00:00,18 SPCS,NAVSTAR 43 (USA 132),1997-035A,EARTH,TEME,UTC,SGP4,2025-05-04 08:45:34.404192+00:00,2.00562550,0.00892420,55.7915,114.5673,53.7246,307.0947,0,U,24876,999,20375,0.00000000000000,0.00000054,0.0000000000000,26560.441,717.981,20419.337,19945.275,PAYLOAD,LARGE,US,1997-07-23,AFETR,,4719080,286838598,0 NAVSTAR 43 (USA 132),1 24876U 97035A   25124.36498153  .00000054  00000-0  00000-0 0  9993,2 24876  55.7915 114.5673 0089242  53.7246 307.0947  2.00562550203752
3.0,GENERATED VIA SPACE-TRACK.ORG API,2025-05-05 02:11:48+00:00,18 SPCS,NAVSTAR 43 (USA 132),1997-035A,EARTH,TEME,UTC,SGP4,2025-05-04 20:43:32.116224+00:00,2.00562559,0.00892560,55.7918,114.5478,53.7294,307.0913,0,U,24876,999,20376,0.00000000000000,0.00000058,0.0000000000000,26560.440,717.980,20419.373,19945.237,PAYLOAD,LARGE,US,1997-07-23,AFETR,,4719334,286873708,0 NAVSTAR 43 (USA 132),1 24876U 97035A   25124.86356616  .00000058  00000-0  00000-0 0  9999,2 24876  55.7918 114.5478 0089256  53.7294 307.0913  2.00562559203769
3.0,GENERATED VIA SPACE-TRACK.ORG API,2025-05-06 03:54:54+00:00,18 SPCS,NAVSTAR 43 (USA 132),1997-035A,EARTH,TEME,UTC,SGP4,2025-05-05 20:39:27.440064+00:00,2.00562588,0.00892990,55.7922,114.5088,53.7326,307.0902,0,U,24876,999,20378,0.00000000000000,0.00000064,0.0000000000000,26560.438,717.980,20419.485,19945.120,PAYLOAD,LARGE,US,1997-07-23,AFETR,,4720394,286926388,0 NAVSTAR 43 (USA 132),1 24876U 97035A   25125.86073426  .00000064  00000-0  00000-0 0  9992,2 24876  55.7922 114.5088 0089299  53.7326 307.0902  2.00562588203786
3.0,GENERATED VIA SPACE-TRACK.ORG API,2025-05-06 22:36:27+00:00,18 SPCS,NAVSTAR 43 (USA 132),1997-035A,EARTH,TEME,UTC,SGP4,2025-05-06 20:35:22.658496+00:00,2.00562592,0.00893430,55.7927,114.4699,53.7367,307.0869,0,U,24876,999,20360,0.00000000000000,0.00000066,0.0000000000000,26560.437,717.980,20419.601,19945.003,PAYLOAD,LARGE,US,1997-07-23,AFETR,,4721143,286967494,0 NAVSTAR 43 (USA 132),1 24876U 97035A   25126.85790114  .00000066  00000-0  00000+0 0  9993,2 24876  55.7927 114.4699 0089343  53.7367 307.0869  2.00562592203601
3.0,GENERATED VIA SPACE-TRACK.ORG API,2025-05-07 03:14:48+00:00,18 SPCS,NAVSTAR 43 (USA 132),1997-035A,EARTH,TEME,UTC,SGP4,2025-05-06 20:35:22.658496+00:00,2.00562592,0.00893430,55.7927,114.4699,53.7367,307.0869,0,U,24876,999,20380,0.00000000000000,0.00000066,0.0000000000000,26560.437,717.980,20419.601,19945.003,PAYLOAD,LARGE,US,1997-07-23,AFETR,,4721313,286977842,0 NAVSTAR 43 (USA 132),1 24876U 97035A   25126.85790114  .00000066  00000-0  00000-0 0  9994,2 24876  55.7927 114.4699 0089343  53.7367 307.0869  2.00562592203803
3.0,GENERATED VIA SPACE-TRACK.ORG API,2025-05-08 03:01:32+00:00,18 SPCS,NAVSTAR 43 (USA 132),1997-035A,EARTH,TEME,UTC,SGP4,2025-05-07 20:31:17.679936+00:00,2.00562595,0.00893890,55.7931,114.4309,53.7430,307.0799,0,U,24876,999,20382,0.00000000000000,0.00000063,0.0000000000000,26560.437,717.980,20419.723,19944.881,PAYLOAD,LARGE,US,1997-07-23,AFETR,,4722206,287028803,0 NAVSTAR 43 (USA 132),1 24876U 97035A   25127.85506574  .00000063  00000-0  00000-0 0  9997,2 24876  55.7931 114.4309 0089389  53.7430 307.0799  2.00562595203824
3.0,GENERATED VIA SPACE-TRACK.ORG API,2025-05-09 02:46:56+00:00,18 SPCS,NAVSTAR 43 (USA 132),1997-035A,EARTH,TEME,UTC,SGP4,2025-05-08 08:29:15.106848+00:00,2.00562600,0.00894170,55.7933,114.4114,53.7452,307.0768,0,U,24876,999,20383,0.00000000000000,0.00000061,0.0000000000000,26560.436,717.980,20419.797,19944.806,PAYLOAD,LARGE,US,1997-07-23,AFETR,,4723128,287080793,0 NAVSTAR 43 (USA 132),1 24876U 97035A   25128.35364707  .00000061  00000-0  00000-0 0  9991,2 24876  55.7933 114.4114 0089417  53.7452 307.0768  2.00562600203830
3.0,GENERATED VIA SPACE-TRACK.ORG API,2025-05-09 14:36:33+00:00,18 SPCS,NAVSTAR 43 (USA 132),1997-035A,EARTH,TEME,UTC,SGP4,2025-05-09 08:25:09.867360+00:00,2.00562601,0.00894610,55.7938,114.3724,53.7565,307.0626,0,U,24876,999,20365,0.00000000000000,0.00000054,0.0000000000000,26560.436,717.980,20419.914,19944.689,PAYLOAD,LARGE,US,1997-07-23,AFETR,,4723530,287114400,0 NAVSTAR 43 (USA 132),1 24876U 97035A   25129.35080865  .00000054  00000-0  00000+0 0  9993,2 24876  55.7938 114.3724 0089461  53.7565 307.0626  2.00562601203659
3.0,GENERATED VIA SPACE-TRACK.ORG API,2025-05-09 17:15:02+00:00,18 SPCS,NAVSTAR 43 (USA 132),1997-035A,EARTH,TEME,UTC,SGP4,2025-05-08 20:27:12.513024+00:00,2.00562597,0.00894430,55.7936,114.3919,53.7495,307.0712,0,U,24876,999,20384,0.00000000000000,0.00000058,0.0000000000000,26560.437,717.980,20419.866,19944.737,PAYLOAD,LARGE,US,1997-07-23,AFETR,,4723738,287124791,0 NAVSTAR 43 (USA 132),1 24876U 97035A   25128.85222816  .00000058  00000-0  00000-0 0  9996,2 24876  55.7936 114.3919 0089443  53.7495 307.0712  2.00562597203846
3.0,GENERATED VIA SPACE-TRACK.ORG API,2025-05-10 02:32:27+00:00,18 SPCS,NAVSTAR 43 (USA 132),1997-035A,EARTH,TEME,UTC,SGP4,2025-05-09 08:25:09.867360+00:00,2.00562601,0.00894610,55.7938,114.3724,53.7565,307.0626,0,U,24876,999,20385,0.00000000000000,0.00000054,0.0000000000000,26560.436,717.980,20419.914,19944.689,PAYLOAD,LARGE,US,1997-07-23,AFETR,,4723972,287159941,0 NAVSTAR 43 (USA 132),1 24876U 97035A   25129.35080865  .00000054  00000-0  00000-0 0  9994,2 24876  55.7938 114.3724 0089461  53.7565 307.0626  2.00562601203851
3.0,GENERATED VIA SPACE-TRACK.ORG API,2025-05-10 17:27:15+00:00,18 SPCS,NAVSTAR 43 (USA 132),1997-035A,EARTH,TEME,UTC,SGP4,2025-05-10 08:21:04.511232+00:00,2.00562596,0.00895040,55.7942,114.3335,53.7658,307.0495,0,U,24876,999,20387,0.00000000000000,0.00000047,0.0000000000000,26560.437,717.980,20420.028,19944.575,PAYLOAD,LARGE,US,1997-07-23,AFETR,,4724659,287206851,0 NAVSTAR 43 (USA 132),1 24876U 97035A   25130.34796888  .00000047  00000-0  00000-0 0  9996,2 24876  55.7942 114.3335 0089504  53.7658 307.0495  2.00562596203874
3.0,GENERATED VIA SPACE-TRACK.ORG API,2025-05-11 22:21:49+00:00,18 SPCS,NAVSTAR 43 (USA 132),1997-035A,EARTH,TEME,UTC,SGP4,2025-05-11 08:16:59.082528+00:00,2.00562601,0.00895470,55.7947,114.2946,53.7757,307.0354,0,U,24876,999,20389,0.00000000000000,0.00000041,0.0000000000000,26560.436,717.980,20420.142,19944.461,PAYLOAD,LARGE,US,1997-07-23,AFETR,,4725669,287290405,0 NAVSTAR 43 (USA 132),1 24876U 97035A   25131.34512827  .00000041  00000-0  00000-0 0  9990,2 24876  55.7947 114.2946 0089547  53.7757 307.0354  2.00562601203896
3.0,GENERATED VIA SPACE-TRACK.ORG API,2025-05-11 22:46:18+00:00,18 SPCS,NAVSTAR 43 (USA 132),1997-035A,EARTH,TEME,UTC,SGP4,2025-05-11 20:14:56.378112+00:00,2.00562600,0.00895610,55.7949,114.2751,53.7815,307.0274,0,U,24876,999,20370,0.00000000000000,0.00000038,0.0000000000000,26560.436,717.980,20420.179,19944.424,PAYLOAD,LARGE,US,1997-07-23,AFETR,,4725797,287316163,0 NAVSTAR 43 (USA 132),1 24876U 97035A   25131.84370808  .00000038  00000-0  00000+0 0  9991,2 24876  55.7949 114.2751 0089561  53.7815 307.0274  2.00562600203703
3.0,GENERATED VIA SPACE-TRACK.ORG API,2025-05-12 02:31:36+00:00,18 SPCS,NAVSTAR 43 (USA 132),1997-035A,EARTH,TEME,UTC,SGP4,2025-05-11 20:14:56.378112+00:00,2.00562600,0.00895610,55.7949,114.2751,53.7815,307.0274,0,U,24876,999,20390,0.00000000000000,0.00000038,0.0000000000000,26560.436,717.980,20420.179,19944.424,PAYLOAD,LARGE,US,1997-07-23,AFETR,,4725940,287326295,0 NAVSTAR 43 (USA 132),1 24876U 97035A   25131.84370808  .00000038  00000-0  00000-0 0  9992,2 24876  55.7949 114.2751 0089561  53.7815 307.0274  2.00562600203905
3.0,GENERATED VIA SPACE-TRACK.ORG API,2025-05-12 19:41:36+00:00,18 SPCS,NAVSTAR 43 (USA 132),1997-035A,EARTH,TEME,UTC,SGP4,2025-05-12 08:12:53.717760+00:00,2.00562586,0.00895830,55.7951,114.2556,53.7831,307.0239,0,U,24876,999,20391,0.00000000000000,0.00000037,0.0000000000000,26560.438,717.980,20420.239,19944.366,PAYLOAD,LARGE,US,1997-07-23,AFETR,,4726624,287372386,0 NAVSTAR 43 (USA 132),1 24876U 97035A   25132.34228840  .00000037  00000-0  00000-0 0  9995,2 24876  55.7951 114.2556 0089583  53.7831 307.0239  2.00562586203918
3.0,GENERATED VIA SPACE-TRACK.ORG API,2025-05-13 04:54:31+00:00,18 SPCS,NAVSTAR 43 (USA 132),1997-035A,EARTH,TEME,UTC,SGP4,2025-05-12 20:10:51.039264+00:00,2.00562590,0.00895990,55.7954,114.2361,53.7885,307.0167,0,U,24876,999,20392,0.00000000000000,0.00000036,0.0000000000000,26560.437,717.980,20420.281,19944.323,PAYLOAD,LARGE,US,1997-07-23,AFETR,,4726983,287409894,0 NAVSTAR 43 (USA 132),1 24876U 97035A   25132.84086851  .00000036  00000-0  00000-0 0  9993,2 24876  55.7954 114.2361 0089599  53.7885 307.0167  2.00562590203927
3.0,GENERATED VIA SPACE-TRACK.ORG API,2025-05-13 18:58:22+00:00,18 SPCS,NAVSTAR 43 (USA 132),1997-035A,EARTH,TEME,UTC,SGP4,2025-05-13 08:08:48.411744+00:00,2.00562585,0.00896210,55.7956,114.2167,53.7907,307.0129,0,U,24876,999,20393,0.00000000000000,0.00000036,0.0000000000000,26560.438,717.980,20420.340,19944.265,PAYLOAD,LARGE,US,1997-07-23,AFETR,,4727647,287455738,0 NAVSTAR 43 (USA 132),1 24876U 97035A   25133.33944921  .00000036  00000-0  00000-0 0  9999,2 24876  55.7956 114.2167 0089621  53.7907 307.0129  2.00562585203937
3.0,GENERATED VIA SPACE-TRACK.ORG API,2025-05-14 03:37:07+00:00,18 SPCS,NAVSTAR 43 (USA 132),1997-035A,EARTH,TEME,UTC,SGP4,2025-05-13 20:06:45.811008+00:00,2.00562583,0.00896380,55.7958,114.1972,53.7943,307.0082,0,U,24876,999,20394,0.00000000000000,0.00000037,0.0000000000000,26560.438,717.980,20420.385,19944.221,PAYLOAD,LARGE,US,1997-07-23,AFETR,,4727914,287491670,0 NAVSTAR 43 (USA 132),1 24876U 97035A   25133.83803022  .00000037  00000-0  00000-0 0  9991,2 24876  55.7958 114.1972 0089638  53.7943 307.0082  2.00562583203947
3.0,GENERATED VIA SPACE-TRACK.ORG API,2025-05-14 14:36:18+00:00,18 SPCS,NAVSTAR 43 (USA 132),1997-035A,EARTH,TEME,UTC,SGP4,2025-05-14 08:04:43.242240+00:00,2.00562584,0.00896650,55.7960,114.1777,53.7950,307.0066,0,U,24876,999,20375,0.00000000000000,0.00000039,0.0000000000000,26560.438,717.980,20420.457,19944.149,PAYLOAD,LARGE,US,1997-07-23,AFETR,,4728341,287525518,0 NAVSTAR 43 (USA 132),1 24876U 97035A   25134.33661160  .00000039  00000-0  00000+0 0  9993,2 24876  55.7960 114.1777 0089665  53.7950 307.0066  2.00562584203753
3.0,GENERATED VIA SPACE-TRACK.ORG API,2025-05-15 04:48:17+00:00,18 SPCS,NAVSTAR 43 (USA 132),1997-035A,EARTH,TEME,UTC,SGP4,2025-05-14 08:04:43.278528+00:00,2.00562572,0.00896760,55.7960,114.1777,53.7896,307.0120,0,U,24876,999,20395,0.00000000000000,0.00000039,0.0000000000000,26560.439,717.980,20420.487,19944.121,PAYLOAD,LARGE,US,1997-07-23,AFETR,,4728901,287603682,0 NAVSTAR 43 (USA 132),1 24876U 97035A   25134.33661202  .00000039  00000-0  00000-0 0  9991,2 24876  55.7960 114.1777 0089676  53.7896 307.0120  2.00562572203954
3.0,GENERATED VIA SPACE-TRACK.ORG API,2025-05-15 17:33:57+00:00,18 SPCS,NAVSTAR 43 (USA 132),1997-035A,EARTH,TEME,UTC,SGP4,2025-05-15 08:00:38.370816+00:00,2.00562545,0.00897090,55.7964,114.1388,53.8017,306.9996,0,U,24876,999,20397,0.00000000000000,0.00000044,0.0000000000000,26560.441,717.981,20420.577,19944.035,PAYLOAD,LARGE,US,1997-07-23,AFETR,,4729513,287647601,0 NAVSTAR 43 (USA 132),1 24876U 97035A   25135.33377744  .00000044  00000-0  00000-0 0  9993,2 24876  55.7964 114.1388 0089709  53.8017 306.9996  2.00562545203970
3.0,GENERATED VIA SPACE-TRACK.ORG API,2025-05-16 19:15:53+00:00,18 SPCS,NAVSTAR 43 (USA 132),1997-035A,EARTH,TEME,UTC,SGP4,2025-05-16 07:56:33.597024+00:00,2.00562547,0.00897520,55.7968,114.0998,53.8122,306.9905,0,U,24876,999,20399,0.00000000000000,0.00000052,0.0000000000000,26560.441,717.981,20420.691,19943.921,PAYLOAD,LARGE,US,1997-07-23,AFETR,,4730293,287695667,0 NAVSTAR 43 (USA 132),1 24876U 97035A   25136.33094441  .00000052  00000-0  00000-0 0  9993,2 24876  55.7968 114.0998 0089752  53.8122 306.9905  2.00562547203999
3.0,GENERATED VIA SPACE-TRACK.ORG API,2025-05-17 14:46:19+00:00,18 SPCS,NAVSTAR 43 (USA 132),1997-035A,EARTH,TEME,UTC,SGP4,2025-05-17 07:52:29.034912+00:00,2.00562531,0.00898030,55.7973,114.0608,53.8213,306.9842,0,U,24876,999,20381,0.00000000000000,0.00000061,0.0000000000000,26560.443,717.981,20420.828,19943.787,PAYLOAD,LARGE,US,1997-07-23,AFETR,,4731073,287767110,0 NAVSTAR 43 (USA 132),1 24876U 97035A   25137.32811383  .00000061  00000-0  00000+0 0  9994,2 24876  55.7973 114.0608 0089803  53.8213 306.9842  2.00562531203815
3.0,GENERATED VIA SPACE-TRACK.ORG API,2025-05-17 20:10:15+00:00,18 SPCS,NAVSTAR 43 (USA 132),1997-035A,EARTH,TEME,UTC,SGP4,2025-05-17 07:52:29.034912+00:00,2.00562531,0.00898030,55.7973,114.0608,53.8213,306.9842,0,U,24876,999,20401,0.00000000000000,0.00000061,0.0000000000000,26560.443,717.981,20420.828,19943.787,PAYLOAD,LARGE,US,1997-07-23,AFETR,,4731272,287778869,0 NAVSTAR 43 (USA 132),1 24876U 97035A   25137.32811383  .00000061  00000-0  00000-0 0  9995,2 24876  55.7973 114.0608 0089803  53.8213 306.9842  2.00562531204018
3.0,GENERATED VIA SPACE-TRACK.ORG API,2025-05-18 18:58:00+00:00,18 SPCS,NAVSTAR 43 (USA 132),1997-035A,EARTH,TEME,UTC,SGP4,2025-05-18 07:48:24.599808+00:00,2.00562507,0.00898510,55.7977,114.0219,53.8315,306.9776,0,U,24876,999,20403,0.00000000000000,0.00000069,0.0000000000000,26560.445,717.981,20420.958,19943.661,PAYLOAD,LARGE,US,1997-07-23,AFETR,,4732248,287862505,0 NAVSTAR 43 (USA 132),1 24876U 97035A   25138.32528472  .00000069  00000-0  00000-0 0  9998,2 24876  55.7977 114.0219 0089851  53.8315 306.9776  2.00562507204037
3.0,GENERATED VIA SPACE-TRACK.ORG API,2025-05-19 17:57:47+00:00,18 SPCS,NAVSTAR 43 (USA 132),1997-035A,EARTH,TEME,UTC,SGP4,2025-05-19 07:44:20.162976+00:00,2.00562488,0.00898970,55.7982,113.9829,53.8440,306.9688,0,U,24876,999,20405,0.00000000000000,0.00000076,0.0000000000000,26560.446,717.981,20421.082,19943.541,PAYLOAD,LARGE,US,1997-07-23,AFETR,,4733199,287944582,0 NAVSTAR 43 (USA 132),1 24876U 97035A   25139.32245559  .00000076  00000-0  00000-0 0  9999,2 24876  55.7982 113.9829 0089897  53.8440 306.9688  2.00562488204059
3.0,GENERATED VIA SPACE-TRACK.ORG API,2025-05-20 14:36:18+00:00,18 SPCS,NAVSTAR 43 (USA 132),1997-035A,EARTH,TEME,UTC,SGP4,2025-05-20 07:40:15.603456+00:00,2.00562467,0.00899470,55.7986,113.9439,53.8523,306.9632,0,U,24876,999,20387,0.00000000000000,0.00000079,0.0000000000000,26560.448,717.981,20421.216,19943.410,PAYLOAD,LARGE,US,1997-07-23,AFETR,,4734003,287987528,0 NAVSTAR 43 (USA 132),1 24876U 97035A   25140.31962504  .00000079  00000-0  00000+0 0  9998,2 24876  55.7986 113.9439 0089947  53.8523 306.9632  2.00562467203873
3.0,GENERATED VIA SPACE-TRACK.ORG API,2025-05-20 18:25:46+00:00,18 SPCS,NAVSTAR 43 (USA 132),1997-035A,EARTH,TEME,UTC,SGP4,2025-05-20 07:40:15.603456+00:00,2.00562467,0.00899470,55.7986,113.9439,53.8523,306.9632,0,U,24876,999,20407,0.00000000000000,0.00000079,0.0000000000000,26560.448,717.981,20421.216,19943.410,PAYLOAD,LARGE,US,1997-07-23,AFETR,,4734167,287997545,0 NAVSTAR 43 (USA 132),1 24876U 97035A   25140.31962504  .00000079  00000-0  00000-0 0  9999,2 24876  55.7986 113.9439 0089947  53.8523 306.9632  2.00562467204076
3.0,GENERATED VIA SPACE-TRACK.ORG API,2025-05-21 04:08:36+00:00,18 SPCS,NAVSTAR 43 (USA 132),1997-035A,EARTH,TEME,UTC,SGP4,2025-05-20 19:38:13.232544+00:00,2.00562465,0.00899630,55.7988,113.9244,53.8608,306.9553,0,U,24876,999,20408,0.00000000000000,0.00000080,0.0000000000000,26560.448,717.981,20421.259,19943.368,PAYLOAD,LARGE,US,1997-07-23,AFETR,,4734515,288035341,0 NAVSTAR 43 (USA 132),1 24876U 97035A   25140.81820871  .00000080  00000-0  00000-0 0  9996,2 24876  55.7988 113.9244 0089963  53.8608 306.9553  2.00562465204085
3.0,GENERATED VIA SPACE-TRACK.ORG API,2025-05-21 17:16:54+00:00,18 SPCS,NAVSTAR 43 (USA 132),1997-035A,EARTH,TEME,UTC,SGP4,2025-05-21 07:36:10.827072+00:00,2.00562447,0.00899960,55.7990,113.9049,53.8610,306.9552,0,U,24876,999,20409,0.00000000000000,0.00000079,0.0000000000000,26560.450,717.981,20421.348,19943.282,PAYLOAD,LARGE,US,1997-07-23,AFETR,,4735227,288082492,0 NAVSTAR 43 (USA 132),1 24876U 97035A   25141.31679198  .00000079  00000-0  00000-0 0  9994,2 24876  55.7990 113.9049 0089996  53.8610 306.9552  2.00562447204090
3.0,GENERATED VIA SPACE-TRACK.ORG API,2025-05-22 17:14:14+00:00,18 SPCS,NAVSTAR 43 (USA 132),1997-035A,EARTH,TEME,UTC,SGP4,2025-05-22 07:32:05.664480+00:00,2.00562461,0.00900370,55.7994,113.8659,53.8672,306.9473,0,U,24876,999,20411,0.00000000000000,0.00000073,0.0000000000000,26560.449,717.981,20421.456,19943.171,PAYLOAD,LARGE,US,1997-07-23,AFETR,,4736220,288135347,0 NAVSTAR 43 (USA 132),1 24876U 97035A   25142.31395445  .00000073  00000-0  00000-0 0  9999,2 24876  55.7994 113.8659 0090037  53.8672 306.9473  2.00562461204117
3.0,GENERATED VIA SPACE-TRACK.ORG API,2025-05-23 06:36:18+00:00,18 SPCS,NAVSTAR 43 (USA 132),1997-035A,EARTH,TEME,UTC,SGP4,2025-05-22 19:30:03.086208+00:00,2.00562434,0.00900640,55.7996,113.8464,53.8725,306.9403,0,U,24876,999,20392,0.00000000000000,0.00000068,0.0000000000000,26560.451,717.981,20421.530,19943.102,PAYLOAD,LARGE,US,1997-07-23,AFETR,,4736639,288168064,0 NAVSTAR 43 (USA 132),1 24876U 97035A   25142.81253572  .00000068  00000-0  00000+0 0  9991,2 24876  55.7996 113.8464 0090064  53.8725 306.9403  2.00562434203923
3.0,GENERATED VIA SPACE-TRACK.ORG API,2025-05-23 17:34:23+00:00,18 SPCS,NAVSTAR 43 (USA 132),1997-035A,EARTH,TEME,UTC,SGP4,2025-05-23 07:28:00.369696+00:00,2.00562432,0.00900890,55.7998,113.8269,53.8763,306.9342,0,U,24876,999,20413,0.00000000000000,0.00000062,0.0000000000000,26560.451,717.981,20421.597,19943.036,PAYLOAD,LARGE,US,1997-07-23,AFETR,,4737198,288186995,0 NAVSTAR 43 (USA 132),1 24876U 97035A   25143.31111539  .00000062  00000-0  00000-0 0  9998,2 24876  55.7998 113.8269 0090089  53.8763 306.9342  2.00562432204131
3.0,GENERATED VIA SPACE-TRACK.ORG API,2025-05-24 03:21:58+00:00,18 SPCS,NAVSTAR 43 (USA 132),1997-035A,EARTH,TEME,UTC,SGP4,2025-05-23 19:25:57.606528+00:00,2.00562432,0.00901040,55.8000,113.8074,53.8852,306.9226,0,U,24876,999,20414,0.00000000000000,0.00000056,0.0000000000000,26560.451,717.981,20421.637,19942.996,PAYLOAD,LARGE,US,1997-07-23,AFETR,,4737503,288223938,0 NAVSTAR 43 (USA 132),1 24876U 97035A   25143.80969452  .00000056  00000-0  00000-0 0  9990,2 24876  55.8000 113.8074 0090104  53.8852 306.9226  2.00562432204149
3.0,GENERATED VIA SPACE-TRACK.ORG API,2025-05-25 02:20:03+00:00,18 SPCS,NAVSTAR 43 (USA 132),1997-035A,EARTH,TEME,UTC,SGP4,2025-05-24 19:21:52.017984+00:00,2.00562423,0.00901590,55.8004,113.7684,53.8952,306.9064,0,U,24876,999,20416,0.00000000000000,0.00000041,0.0000000000000,26560.452,717.981,20421.783,19942.851,PAYLOAD,LARGE,US,1997-07-23,AFETR,,4738402,288305791,0 NAVSTAR 43 (USA 132),1 24876U 97035A   25144.80685206  .00000041  00000-0  00000-0 0  9997,2 24876  55.8004 113.7684 0090159  53.8952 306.9064  2.00562423204162
3.0,GENERATED VIA SPACE-TRACK.ORG API,2025-05-25 14:36:18+00:00,18 SPCS,NAVSTAR 43 (USA 132),1997-035A,EARTH,TEME,UTC,SGP4,2025-05-25 07:19:49.175328+00:00,2.00562433,0.00901960,55.8007,113.7489,53.8966,306.9020,0,U,24876,999,20397,0.00000000000000,0.00000034,0.0000000000000,26560.451,717.981,20421.881,19942.752,PAYLOAD,LARGE,US,1997-07-23,AFETR,,4738836,288340621,0 NAVSTAR 43 (USA 132),1 24876U 97035A   25145.30543027  .00000034  00000-0  00000+0 0  9998,2 24876  55.8007 113.7489 0090196  53.8966 306.9020  2.00562433203975
3.0,GENERATED VIA SPACE-TRACK.ORG API,2025-05-25 17:40:55+00:00,18 SPCS,NAVSTAR 43 (USA 132),1997-035A,EARTH,TEME,UTC,SGP4,2025-05-25 07:19:49.175328+00:00,2.00562433,0.00901960,55.8007,113.7489,53.8966,306.9020,0,U,24876,999,20417,0.00000000000000,0.00000034,0.0000000000000,26560.451,717.981,20421.881,19942.752,PAYLOAD,LARGE,US,1997-07-23,AFETR,,4739036,288351977,0 NAVSTAR 43 (USA 132),1 24876U 97035A   25145.30543027  .00000034  00000-0  00000-0 0  9999,2 24876  55.8007 113.7489 0090196  53.8966 306.9020  2.00562433204178
3.0,GENERATED VIA SPACE-TRACK.ORG API,2025-05-28 04:13:07+00:00,18 SPCS,NAVSTAR 43 (USA 132),1997-035A,EARTH,TEME,UTC,SGP4,2025-05-27 07:11:38.425920+00:00,2.00562416,0.00903000,55.8016,113.6710,53.9217,306.8679,0,U,24876,999,20421,0.00000000000000,0.00000012,0.0000000000000,26560.453,717.981,20422.159,19942.477,PAYLOAD,LARGE,US,1997-07-23,AFETR,,4740593,288537501,0 NAVSTAR 43 (USA 132),1 24876U 97035A   25147.29975030  .00000012  00000-0  00000-0 0  9998,2 24876  55.8016 113.6710 0090300  53.9217 306.8679  2.00562416204216
3.0,GENERATED VIA SPACE-TRACK.ORG API,2025-05-28 06:46:21+00:00,18 SPCS,NAVSTAR 43 (USA 132),1997-035A,EARTH,TEME,UTC,SGP4,2025-05-27 19:09:35.889120+00:00,2.00562423,0.00903260,55.8018,113.6515,53.9293,306.8595,0,U,24876,999,20402,0.00000000000000,0.00000010,0.0000000000000,26560.452,717.981,20422.227,19942.407,PAYLOAD,LARGE,US,1997-07-23,AFETR,,4740662,288563037,0 NAVSTAR 43 (USA 132),1 24876U 97035A   25147.79833205  .00000010  00000-0  00000+0 0  9997,2 24876  55.8018 113.6515 0090326  53.9293 306.8595  2.00562423204027
3.0,GENERATED VIA SPACE-TRACK.ORG API,2025-05-28 19:31:29+00:00,18 SPCS,NAVSTAR 43 (USA 132),1997-035A,EARTH,TEME,UTC,SGP4,2025-05-28 07:07:33.360960+00:00,2.00562458,0.00903580,55.8020,113.6320,53.9363,306.8524,0,U,24876,999,20423,0.00000000000000,0.00000009,0.0000000000000,26560.449,717.981,20422.309,19942.319,PAYLOAD,LARGE,US,1997-07-23,AFETR,,4741027,288578396,0 NAVSTAR 43 (USA 132),1 24876U 97035A   25148.29691390  .00000009  00000-0  00000-0 0  9999,2 24876  55.8020 113.6320 0090358  53.9363 306.8524  2.00562458204230
3.0,GENERATED VIA SPACE-TRACK.ORG API,2025-05-29 19:37:29+00:00,18 SPCS,NAVSTAR 43 (USA 132),1997-035A,EARTH,TEME,UTC,SGP4,2025-05-29 07:03:28.685664+00:00,2.00562464,0.00903980,55.8025,113.5930,53.9509,306.8393,0,U,24876,999,20425,0.00000000000000,0.00000011,0.0000000000000,26560.448,717.981,20422.415,19942.212,PAYLOAD,LARGE,US,1997-07-23,AFETR,,4741775,288657026,0 NAVSTAR 43 (USA 132),1 24876U 97035A   25149.29408201  .00000011  00000-0  00000-0 0  9990,2 24876  55.8025 113.5930 0090398  53.9509 306.8393  2.00562464204250
3.0,GENERATED VIA SPACE-TRACK.ORG API,2025-05-30 02:37:13+00:00,18 SPCS,NAVSTAR 43 (USA 132),1997-035A,EARTH,TEME,UTC,SGP4,2025-05-29 07:03:28.721088+00:00,2.00562463,0.00904150,55.8025,113.5930,53.9484,306.8419,0,U,24876,999,20425,0.00000000000000,0.00000011,0.0000000000000,26560.449,717.981,20422.460,19942.167,PAYLOAD,LARGE,US,1997-07-23,AFETR,,4742222,288695890,0 NAVSTAR 43 (USA 132),1 24876U 97035A   25149.29408242  .00000011  00000-0  00000-0 0  9995,2 24876  55.8025 113.5930 0090415  53.9484 306.8419  2.00562463204250
3.0,GENERATED VIA SPACE-TRACK.ORG API,2025-05-30 14:56:50+00:00,18 SPCS,NAVSTAR 43 (USA 132),1997-035A,EARTH,TEME,UTC,SGP4,2025-05-30 06:59:24.288576+00:00,2.00562462,0.00904560,55.8029,113.5540,53.9650,306.8287,0,U,24876,999,20407,0.00000000000000,0.00000017,0.0000000000000,26560.449,717.981,20422.569,19942.058,PAYLOAD,LARGE,US,1997-07-23,AFETR,,4742795,288733972,0 NAVSTAR 43 (USA 132),1 24876U 97035A   25150.29125334  .00000017  00000-0  00000+0 0  9990,2 24876  55.8029 113.5540 0090456  53.9650 306.8287  2.00562462204073
3.0,GENERATED VIA SPACE-TRACK.ORG API,2025-05-30 19:07:09+00:00,18 SPCS,NAVSTAR 43 (USA 132),1997-035A,EARTH,TEME,UTC,SGP4,2025-05-30 06:59:24.288576+00:00,2.00562462,0.00904560,55.8029,113.5540,53.9650,306.8287,0,U,24876,999,20427,0.00000000000000,0.00000017,0.0000000000000,26560.449,717.981,20422.569,19942.058,PAYLOAD,LARGE,US,1997-07-23,AFETR,,4743029,288745766,0 NAVSTAR 43 (USA 132),1 24876U 97035A   25150.29125334  .00000017  00000-0  00000-0 0  9991,2 24876  55.8029 113.5540 0090456  53.9650 306.8287  2.00562462204275
3.0,GENERATED VIA SPACE-TRACK.ORG API,2025-05-31 03:10:21+00:00,18 SPCS,NAVSTAR 43 (USA 132),1997-035A,EARTH,TEME,UTC,SGP4,2025-05-30 06:59:24.292896+00:00,2.00562471,0.00904650,55.8029,113.5540,53.9616,306.8322,0,U,24876,999,20427,0.00000000000000,0.00000017,0.0000000000000,26560.448,717.981,20422.592,19942.034,PAYLOAD,LARGE,US,1997-07-23,AFETR,,4743322,288781009,0 NAVSTAR 43 (USA 132),1 24876U 97035A   25150.29125339  .00000017  00000-0  00000-0 0  9996,2 24876  55.8029 113.5540 0090465  53.9616 306.8322  2.00562471204277
3.0,GENERATED VIA SPACE-TRACK.ORG API,2025-05-31 17:22:36+00:00,18 SPCS,NAVSTAR 43 (USA 132),1997-035A,EARTH,TEME,UTC,SGP4,2025-05-31 06:55:19.921728+00:00,2.00562490,0.00905030,55.8034,113.5151,53.9773,306.8208,0,U,24876,999,20429,0.00000000000000,0.00000025,0.0000000000000,26560.446,717.981,20422.691,19941.931,PAYLOAD,LARGE,US,1997-07-23,AFETR,,4743962,288826671,0 NAVSTAR 43 (USA 132),1 24876U 97035A   25151.28842502  .00000025  00000-0  00000-0 0  9993,2 24876  55.8034 113.5151 0090503  53.9773 306.8208  2.00562490204294
3.0,GENERATED VIA SPACE-TRACK.ORG API,2025-06-01 17:42:04+00:00,18 SPCS,NAVSTAR 43 (USA 132),1997-035A,EARTH,TEME,UTC,SGP4,2025-06-01 06:51:15.594624+00:00,2.00562501,0.00905490,55.8038,113.4761,53.9892,306.8132,0,U,24876,999,20431,0.00000000000000,0.00000032,0.0000000000000,26560.445,717.981,20422.812,19941.808,PAYLOAD,LARGE,US,1997-07-23,AFETR,,4744985,288912010,0 NAVSTAR 43 (USA 132),1 24876U 97035A   25152.28559716  .00000032  00000-0  00000-0 0  9994,2 24876  55.8038 113.4761 0090549  53.9892 306.8132  2.00562501204318
3.0,GENERATED VIA SPACE-TRACK.ORG API,2025-06-01 22:56:22+00:00,18 SPCS,NAVSTAR 43 (USA 132),1997-035A,EARTH,TEME,UTC,SGP4,2025-06-01 18:49:13.366272+00:00,2.00562511,0.00905640,55.8040,113.4566,53.9963,306.8080,0,U,24876,999,20412,0.00000000000000,0.00000035,0.0000000000000,26560.444,717.981,20422.851,19941.767,PAYLOAD,LARGE,US,1997-07-23,AFETR,,4745187,288939585,0 NAVSTAR 43 (USA 132),1 24876U 97035A   25152.78418248  .00000035  00000-0  00000+0 0  9995,2 24876  55.8040 113.4566 0090564  53.9963 306.8080  2.00562511204122
3.0,GENERATED VIA SPACE-TRACK.ORG API,2025-06-02 02:51:20+00:00,18 SPCS,NAVSTAR 43 (USA 132),1997-035A,EARTH,TEME,UTC,SGP4,2025-06-01 18:49:13.366272+00:00,2.00562511,0.00905640,55.8040,113.4566,53.9963,306.8080,0,U,24876,999,20432,0.00000000000000,0.00000035,0.0000000000000,26560.444,717.981,20422.851,19941.767,PAYLOAD,LARGE,US,1997-07-23,AFETR,,4745409,288952275,0 NAVSTAR 43 (USA 132),1 24876U 97035A   25152.78418248  .00000035  00000-0  00000-0 0  9996,2 24876  55.8040 113.4566 0090564  53.9963 306.8080  2.00562511204324
3.0,GENERATED VIA SPACE-TRACK.ORG API,2025-06-03 20:24:54+00:00,18 SPCS,NAVSTAR 43 (USA 132),1997-035A,EARTH,TEME,UTC,SGP4,2025-06-03 06:43:06.508416+00:00,2.00562540,0.00906500,55.8045,113.3981,54.0161,306.7921,0,U,24876,999,20435,0.00000000000000,0.00000037,0.0000000000000,26560.442,717.981,20423.077,19941.536,PAYLOAD,LARGE,US,1997-07-23,AFETR,,4747294,289025689,0 NAVSTAR 43 (USA 132),1 24876U 97035A   25154.27993644  .00000037  00000-0  00000-0 0  9992,2 24876  55.8045 113.3981 0090650  54.0161 306.7921  2.00562540204355
3.0,GENERATED VIA SPACE-TRACK.ORG API,2025-06-04 14:46:21+00:00,18 SPCS,NAVSTAR 43 (USA 132),1997-035A,EARTH,TEME,UTC,SGP4,2025-06-04 06:39:01.690560+00:00,2.00562550,0.00906990,55.8049,113.3592,54.0313,306.7774,0,U,24876,999,20417,0.00000000000000,0.00000033,0.0000000000000,26560.441,717.981,20423.206,19941.405,PAYLOAD,LARGE,US,1997-07-23,AFETR,,4748157,289071080,0 NAVSTAR 43 (USA 132),1 24876U 97035A   25155.27710290  .00000033  00000-0  00000+0 0  9992,2 24876  55.8049 113.3592 0090699  54.0313 306.7774  2.00562550204176
3.0,GENERATED VIA SPACE-TRACK.ORG API,2025-06-04 17:45:46+00:00,18 SPCS,NAVSTAR 43 (USA 132),1997-035A,EARTH,TEME,UTC,SGP4,2025-06-04 06:39:01.690560+00:00,2.00562550,0.00906990,55.8049,113.3592,54.0313,306.7774,0,U,24876,999,20437,0.00000000000000,0.00000033,0.0000000000000,26560.441,717.981,20423.206,19941.405,PAYLOAD,LARGE,US,1997-07-23,AFETR,,4748405,289083006,0 NAVSTAR 43 (USA 132),1 24876U 97035A   25155.27710290  .00000033  00000-0  00000-0 0  9993,2 24876  55.8049 113.3592 0090699  54.0313 306.7774  2.00562550204378
3.0,GENERATED VIA SPACE-TRACK.ORG API,2025-06-05 18:09:31+00:00,18 SPCS,NAVSTAR 43 (USA 132),1997-035A,EARTH,TEME,UTC,SGP4,2025-06-05 06:34:56.730144+00:00,2.00562548,0.00907490,55.8053,113.3202,54.0496,306.7583,0,U,24876,999,20439,0.00000000000000,0.00000026,0.0000000000000,26560.441,717.981,20423.339,19941.273,PAYLOAD,LARGE,US,1997-07-23,AFETR,,4749058,289188364,0 NAVSTAR 43 (USA 132),1 24876U 97035A   25156.27426771  .00000026  00000-0  00000-0 0  9994,2 24876  55.8053 113.3202 0090749  54.0496 306.7583  2.00562548204396
3.0,GENERATED VIA SPACE-TRACK.ORG API,2025-06-06 19:12:26+00:00,18 SPCS,NAVSTAR 43 (USA 132),1997-035A,EARTH,TEME,UTC,SGP4,2025-06-06 06:30:51.651360+00:00,2.00562539,0.00907980,55.8057,113.2812,54.0684,306.7376,0,U,24876,999,20441,0.00000000000000,0.00000018,0.0000000000000,26560.442,717.981,20423.470,19941.143,PAYLOAD,LARGE,US,1997-07-23,AFETR,,4750170,289274582,0 NAVSTAR 43 (USA 132),1 24876U 97035A   25157.27143115  .00000018  00000-0  00000-0 0  9994,2 24876  55.8057 113.2812 0090798  54.0684 306.7376  2.00562539204412
3.0,GENERATED VIA SPACE-TRACK.ORG API,2025-06-07 03:37:01+00:00,18 SPCS,NAVSTAR 43 (USA 132),1997-035A,EARTH,TEME,UTC,SGP4,2025-06-06 18:28:49.087776+00:00,2.00562531,0.00908210,55.8059,113.2617,54.0781,306.7267,0,U,24876,999,20442,0.00000000000000,0.00000014,0.0000000000000,26560.443,717.981,20423.532,19941.083,PAYLOAD,LARGE,US,1997-07-23,AFETR,,4750555,289313987,0 NAVSTAR 43 (USA 132),1 24876U 97035A   25157.77001259  .00000014  00000-0  00000-0 0  9997,2 24876  55.8059 113.2617 0090821  54.0781 306.7267  2.00562531204424
3.0,GENERATED VIA SPACE-TRACK.ORG API,2025-06-07 18:31:59+00:00,18 SPCS,NAVSTAR 43 (USA 132),1997-035A,EARTH,TEME,UTC,SGP4,2025-06-07 06:26:46.426560+00:00,2.00562558,0.00908440,55.8061,113.2423,54.0871,306.7165,0,U,24876,999,20443,0.00000000000000,0.00000010,0.0000000000000,26560.440,717.980,20423.591,19941.020,PAYLOAD,LARGE,US,1997-07-23,AFETR,,4751106,289357780,0 NAVSTAR 43 (USA 132),1 24876U 97035A   25158.26859290  .00000010  00000-0  00000-0 0  9994,2 24876  55.8061 113.2423 0090844  54.0871 306.7165  2.00562558204434
3.0,GENERATED VIA SPACE-TRACK.ORG API,2025-06-08 06:46:18+00:00,18 SPCS,NAVSTAR 43 (USA 132),1997-035A,EARTH,TEME,UTC,SGP4,2025-06-07 18:24:43.805088+00:00,2.00562568,0.00908680,55.8063,113.2228,54.0954,306.7070,0,U,24876,999,20424,0.00000000000000,0.00000007,0.0000000000000,26560.439,717.980,20423.654,19940.955,PAYLOAD,LARGE,US,1997-07-23,AFETR,,4751664,289454631,0 NAVSTAR 43 (USA 132),1 24876U 97035A   25158.76717367  .00000007  00000-0  00000+0 0  9992,2 24876  55.8063 113.2228 0090868  54.0954 306.7070  2.00562568204242
3.0,GENERATED VIA SPACE-TRACK.ORG API,2025-06-08 17:55:41+00:00,18 SPCS,NAVSTAR 43 (USA 132),1997-035A,EARTH,TEME,UTC,SGP4,2025-06-07 18:24:43.827552+00:00,2.00562564,0.00908760,55.8063,113.2228,54.0928,306.7096,0,U,24876,999,20444,0.00000000000000,0.00000007,0.0000000000000,26560.440,717.980,20423.675,19940.934,PAYLOAD,LARGE,US,1997-07-23,AFETR,,4752121,289472877,0 NAVSTAR 43 (USA 132),1 24876U 97035A   25158.76717393  .00000007  00000-0  00000-0 0  9992,2 24876  55.8063 113.2228 0090876  54.0928 306.7096  2.00562564204448
3.0,GENERATED VIA SPACE-TRACK.ORG API,2025-06-09 17:28:53+00:00,18 SPCS,NAVSTAR 43 (USA 132),1997-035A,EARTH,TEME,UTC,SGP4,2025-06-09 06:18:36.155808+00:00,2.00562554,0.00909320,55.8069,113.1644,54.1192,306.6803,0,U,24876,999,20447,0.00000000000000,0.00000002,0.0000000000000,26560.441,717.980,20423.825,19940.786,PAYLOAD,LARGE,US,1997-07-23,AFETR,,4752343,289537863,0 NAVSTAR 43 (USA 132),1 24876U 97035A   25160.26291847  .00000002  00000-0  00000-0 0  9996,2 24876  55.8069 113.1644 0090932  54.1192 306.6803  2.00562554204479
3.0,GENERATED VIA SPACE-TRACK.ORG API,2025-06-10 14:36:19+00:00,18 SPCS,NAVSTAR 43 (USA 132),1997-035A,EARTH,TEME,UTC,SGP4,2025-06-10 06:14:31.238592+00:00,2.00562534,0.00909740,55.8072,113.1254,54.1327,306.6662,0,U,24876,999,20429,0.00000000000000,0.00000003,0.0000000000000,26560.442,717.981,20423.938,19940.676,PAYLOAD,LARGE,US,1997-07-23,AFETR,,4752491,289595653,0 NAVSTAR 43 (USA 132),1 24876U 97035A   25161.26008378  .00000003  00000-0  00000+0 0  9992,2 24876  55.8072 113.1254 0090974  54.1327 306.6662  2.00562534204297
3.0,GENERATED VIA SPACE-TRACK.ORG API,2025-06-10 18:46:27+00:00,18 SPCS,NAVSTAR 43 (USA 132),1997-035A,EARTH,TEME,UTC,SGP4,2025-06-10 06:14:31.238592+00:00,2.00562534,0.00909740,55.8072,113.1254,54.1327,306.6662,0,U,24876,999,20449,0.00000000000000,0.00000003,0.0000000000000,26560.442,717.981,20423.938,19940.676,PAYLOAD,LARGE,US,1997-07-23,AFETR,,4752668,289605332,0 NAVSTAR 43 (USA 132),1 24876U 97035A   25161.26008378  .00000003  00000-0  00000-0 0  9993,2 24876  55.8072 113.1254 0090974  54.1327 306.6662  2.00562534204499
3.0,GENERATED VIA SPACE-TRACK.ORG API,2025-06-11 02:10:05+00:00,18 SPCS,NAVSTAR 43 (USA 132),1997-035A,EARTH,TEME,UTC,SGP4,2025-06-10 18:12:28.858176+00:00,2.00562520,0.00909970,55.8074,113.1060,54.1408,306.6585,0,U,24876,999,20450,0.00000000000000,0.00000005,0.0000000000000,26560.444,717.981,20424.001,19940.616,PAYLOAD,LARGE,US,1997-07-23,AFETR,,4752982,289642572,0 NAVSTAR 43 (USA 132),1 24876U 97035A   25161.75866734  .00000005  00000-0  00000-0 0  9997,2 24876  55.8074 113.1060 0090997  54.1408 306.6585  2.00562520204502
3.0,GENERATED VIA SPACE-TRACK.ORG API,2025-06-11 19:05:57+00:00,18 SPCS,NAVSTAR 43 (USA 132),1997-035A,EARTH,TEME,UTC,SGP4,2025-06-11 06:10:26.533920+00:00,2.00562505,0.00910230,55.8076,113.0865,54.1493,306.6508,0,U,24876,999,20451,0.00000000000000,0.00000007,0.0000000000000,26560.445,717.981,20424.071,19940.549,PAYLOAD,LARGE,US,1997-07-23,AFETR,,4753611,289687562,0 NAVSTAR 43 (USA 132),1 24876U 97035A   25162.25725155  .00000007  00000-0  00000-0 0  9996,2 24876  55.8076 113.0865 0091023  54.1493 306.6508  2.00562505204510
3.0,GENERATED VIA SPACE-TRACK.ORG API,2025-06-13 02:45:52+00:00,18 SPCS,NAVSTAR 43 (USA 132),1997-035A,EARTH,TEME,UTC,SGP4,2025-06-12 06:06:21.970944+00:00,2.00562497,0.00910690,55.8080,113.0475,54.1646,306.6381,0,U,24876,999,20453,0.00000000000000,0.00000014,0.0000000000000,26560.446,717.981,20424.194,19940.427,PAYLOAD,LARGE,US,1997-07-23,AFETR,,4754891,289778510,0 NAVSTAR 43 (USA 132),1 24876U 97035A   25163.25442096  .00000014  00000-0  00000-0 0  9995,2 24876  55.8080 113.0475 0091069  54.1646 306.6381  2.00562497204533
3.0,GENERATED VIA SPACE-TRACK.ORG API,2025-06-13 14:46:32+00:00,18 SPCS,NAVSTAR 43 (USA 132),1997-035A,EARTH,TEME,UTC,SGP4,2025-06-13 06:02:17.549664+00:00,2.00562502,0.00911200,55.8083,113.0085,54.1814,306.6257,0,U,24876,999,20435,0.00000000000000,0.00000023,0.0000000000000,26560.445,717.981,20424.329,19940.291,PAYLOAD,LARGE,US,1997-07-23,AFETR,,4755294,289812148,0 NAVSTAR 43 (USA 132),1 24876U 97035A   25164.25159201  .00000023  00000-0  00000+0 0  9998,2 24876  55.8083 113.0085 0091120  54.1814 306.6257  2.00562502204357
3.0,GENERATED VIA SPACE-TRACK.ORG API,2025-06-13 17:30:48+00:00,18 SPCS,NAVSTAR 43 (USA 132),1997-035A,EARTH,TEME,UTC,SGP4,2025-06-13 06:02:17.549664+00:00,2.00562502,0.00911200,55.8083,113.0085,54.1814,306.6257,0,U,24876,999,20455,0.00000000000000,0.00000023,0.0000000000000,26560.445,717.981,20424.329,19940.291,PAYLOAD,LARGE,US,1997-07-23,AFETR,,4755476,289822503,0 NAVSTAR 43 (USA 132),1 24876U 97035A   25164.25159201  .00000023  00000-0  00000-0 0  9999,2 24876  55.8083 113.0085 0091120  54.1814 306.6257  2.00562502204559
3.0,GENERATED VIA SPACE-TRACK.ORG API,2025-06-14 17:19:46+00:00,18 SPCS,NAVSTAR 43 (USA 132),1997-035A,EARTH,TEME,UTC,SGP4,2025-06-14 05:58:13.337472+00:00,2.00562477,0.00911710,55.8087,112.9695,54.2001,306.6124,0,U,24876,999,20457,0.00000000000000,0.00000031,0.0000000000000,26560.447,717.981,20424.467,19940.158,PAYLOAD,LARGE,US,1997-07-23,AFETR,,4756652,289911550,0 NAVSTAR 43 (USA 132),1 24876U 97035A   25165.24876548  .00000031  00000-0  00000-0 0  9998,2 24876  55.8087 112.9695 0091171  54.2001 306.6124  2.00562477204579
3.0,GENERATED VIA SPACE-TRACK.ORG API,2025-06-15 17:31:50+00:00,18 SPCS,NAVSTAR 43 (USA 132),1997-035A,EARTH,TEME,UTC,SGP4,2025-06-15 05:54:09.190080+00:00,2.00562446,0.00912210,55.8091,112.9306,54.2193,306.5989,0,U,24876,999,20459,0.00000000000000,0.00000038,0.0000000000000,26560.450,717.981,20424.602,19940.028,PAYLOAD,LARGE,US,1997-07-23,AFETR,,4757502,289991450,0 NAVSTAR 43 (USA 132),1 24876U 97035A   25166.24593970  .00000038  00000-0  00000-0 0  9991,2 24876  55.8091 112.9306 0091221  54.2193 306.5989  2.00562446204597
3.0,GENERATED VIA SPACE-TRACK.ORG API,2025-06-16 14:36:35+00:00,18 SPCS,NAVSTAR 43 (USA 132),1997-035A,EARTH,TEME,UTC,SGP4,2025-06-16 05:50:04.942464+00:00,2.00562423,0.00912720,55.8094,112.8916,54.2363,306.5869,0,U,24876,999,20441,0.00000000000000,0.00000043,0.0000000000000,26560.452,717.981,20424.740,19939.895,PAYLOAD,LARGE,US,1997-07-23,AFETR,,4758223,290062446,0 NAVSTAR 43 (USA 132),1 24876U 97035A   25167.24311276  .00000043  00000-0  00000+0 0  9994,2 24876  55.8094 112.8916 0091272  54.2363 306.5869  2.00562423204414
3.0,GENERATED VIA SPACE-TRACK.ORG API,2025-06-16 17:43:13+00:00,18 SPCS,NAVSTAR 43 (USA 132),1997-035A,EARTH,TEME,UTC,SGP4,2025-06-16 05:50:04.942464+00:00,2.00562423,0.00912720,55.8094,112.8916,54.2363,306.5869,0,U,24876,999,20461,0.00000000000000,0.00000043,0.0000000000000,26560.452,717.981,20424.740,19939.895,PAYLOAD,LARGE,US,1997-07-23,AFETR,,4758401,290073467,0 NAVSTAR 43 (USA 132),1 24876U 97035A   25167.24311276  .00000043  00000-0  00000-0 0  9995,2 24876  55.8094 112.8916 0091272  54.2363 306.5869  2.00562423204616
3.0,GENERATED VIA SPACE-TRACK.ORG API,2025-06-18 03:19:13+00:00,18 SPCS,NAVSTAR 43 (USA 132),1997-035A,EARTH,TEME,UTC,SGP4,2025-06-17 05:46:00.493536+00:00,2.00562407,0.00913210,55.8098,112.8526,54.2524,306.5744,0,U,24876,999,20463,0.00000000000000,0.00000044,0.0000000000000,26560.453,717.981,20424.871,19939.766,PAYLOAD,LARGE,US,1997-07-23,AFETR,,4759714,290164135,0 NAVSTAR 43 (USA 132),1 24876U 97035A   25168.24028349  .00000044  00000-0  00000-0 0  9993,2 24876  55.8098 112.8526 0091321  54.2524 306.5744  2.00562407204637
3.0,GENERATED VIA SPACE-TRACK.ORG API,2025-06-18 17:28:52+00:00,18 SPCS,NAVSTAR 43 (USA 132),1997-035A,EARTH,TEME,UTC,SGP4,2025-06-18 05:41:55.748256+00:00,2.00562405,0.00913640,55.8101,112.8136,54.2680,306.5599,0,U,24876,999,20465,0.00000000000000,0.00000040,0.0000000000000,26560.454,717.981,20424.986,19939.652,PAYLOAD,LARGE,US,1997-07-23,AFETR,,4760389,290210400,0 NAVSTAR 43 (USA 132),1 24876U 97035A   25169.23745079  .00000040  00000-0  00000-0 0  9995,2 24876  55.8101 112.8136 0091364  54.2680 306.5599  2.00562405204657
3.0,GENERATED VIA SPACE-TRACK.ORG API,2025-06-19 03:46:26+00:00,18 SPCS,NAVSTAR 43 (USA 132),1997-035A,EARTH,TEME,UTC,SGP4,2025-06-18 17:39:53.296128+00:00,2.00562390,0.00913950,55.8103,112.7941,54.2734,306.5542,0,U,24876,999,20466,0.00000000000000,0.00000036,0.0000000000000,26560.455,717.981,20425.069,19939.571,PAYLOAD,LARGE,US,1997-07-23,AFETR,,4760674,290247340,0 NAVSTAR 43 (USA 132),1 24876U 97035A   25169.73603352  .00000036  00000-0  00000-0 0  9992,2 24876  55.8103 112.7941 0091395  54.2734 306.5542  2.00562390204668
3.0,GENERATED VIA SPACE-TRACK.ORG API,2025-06-19 06:46:17+00:00,18 SPCS,NAVSTAR 43 (USA 132),1997-035A,EARTH,TEME,UTC,SGP4,2025-06-18 17:39:53.296128+00:00,2.00562390,0.00913950,55.8103,112.7941,54.2734,306.5542,0,U,24876,999,20446,0.00000000000000,0.00000036,0.0000000000000,26560.455,717.981,20425.069,19939.571,PAYLOAD,LARGE,US,1997-07-23,AFETR,,4760797,290273705,0 NAVSTAR 43 (USA 132),1 24876U 97035A   25169.73603352  .00000036  00000-0  00000+0 0  9991,2 24876  55.8103 112.7941 0091395  54.2734 306.5542  2.00562390204466
3.0,GENERATED VIA SPACE-TRACK.ORG API,2025-06-19 19:02:27+00:00,18 SPCS,NAVSTAR 43 (USA 132),1997-035A,EARTH,TEME,UTC,SGP4,2025-06-19 05:37:50.785248+00:00,2.00562377,0.00914140,55.8105,112.7745,54.2828,306.5438,0,U,24876,999,20467,0.00000000000000,0.00000031,0.0000000000000,26560.456,717.981,20425.121,19939.521,PAYLOAD,LARGE,US,1997-07-23,AFETR,,4761309,290293286,0 NAVSTAR 43 (USA 132),1 24876U 97035A   25170.23461557  .00000031  00000-0  00000-0 0  9993,2 24876  55.8105 112.7745 0091414  54.2828 306.5438  2.00562377204678
3.0,GENERATED VIA SPACE-TRACK.ORG API,2025-06-20 18:02:43+00:00,18 SPCS,NAVSTAR 43 (USA 132),1997-035A,EARTH,TEME,UTC,SGP4,2025-06-20 05:33:45.453312+00:00,2.00562402,0.00914760,55.8108,112.7355,54.2972,306.5263,0,U,24876,999,20469,0.00000000000000,0.00000019,0.0000000000000,26560.454,717.981,20425.283,19939.355,PAYLOAD,LARGE,US,1997-07-23,AFETR,,4762228,290375328,0 NAVSTAR 43 (USA 132),1 24876U 97035A   25171.23177608  .00000019  00000-0  00000-0 0  9991,2 24876  55.8108 112.7355 0091476  54.2972 306.5263  2.00562402204693
3.0,GENERATED VIA SPACE-TRACK.ORG API,2025-06-21 14:46:33+00:00,18 SPCS,NAVSTAR 43 (USA 132),1997-035A,EARTH,TEME,UTC,SGP4,2025-06-21 05:29:40.098048+00:00,2.00562395,0.00915300,55.8112,112.6965,54.3150,306.5044,0,U,24876,999,20451,0.00000000000000,0.00000004,0.0000000000000,26560.455,717.981,20425.427,19939.212,PAYLOAD,LARGE,US,1997-07-23,AFETR,,4762959,290446017,0 NAVSTAR 43 (USA 132),1 24876U 97035A   25172.22893632  .00000004  00000-0  00000+0 0  9996,2 24876  55.8112 112.6965 0091530  54.3150 306.5044  2.00562395204513
3.0,GENERATED VIA SPACE-TRACK.ORG API,2025-06-21 18:30:53+00:00,18 SPCS,NAVSTAR 43 (USA 132),1997-035A,EARTH,TEME,UTC,SGP4,2025-06-21 05:29:40.098048+00:00,2.00562395,0.00915300,55.8112,112.6965,54.3150,306.5044,0,U,24876,999,20471,0.00000000000000,0.00000004,0.0000000000000,26560.455,717.981,20425.427,19939.212,PAYLOAD,LARGE,US,1997-07-23,AFETR,,4763117,290457080,0 NAVSTAR 43 (USA 132),1 24876U 97035A   25172.22893632  .00000004  00000-0  00000-0 0  9997,2 24876  55.8112 112.6965 0091530  54.3150 306.5044  2.00562395204715
3.0,GENERATED VIA SPACE-TRACK.ORG API,2025-06-22 17:23:19+00:00,18 SPCS,NAVSTAR 43 (USA 132),1997-035A,EARTH,TEME,UTC,SGP4,2025-06-22 05:25:34.739328+00:00,2.00562406,0.00915830,55.8116,112.6575,54.3328,306.4826,0,U,24876,999,20473,0.00000000000000,-0.00000010,0.0000000000000,26560.454,717.981,20425.567,19939.070,PAYLOAD,LARGE,US,1997-07-23,AFETR,,4764029,290539037,0 NAVSTAR 43 (USA 132),1 24876U 97035A   25173.22609652 -.00000010  00000-0  00000-0 0  9993,2 24876  55.8116 112.6575 0091583  54.3328 306.4826  2.00562406204733
3.0,GENERATED VIA SPACE-TRACK.ORG API,2025-06-24 06:46:17+00:00,18 SPCS,NAVSTAR 43 (USA 132),1997-035A,EARTH,TEME,UTC,SGP4,2025-06-23 17:19:27.150528+00:00,2.00562405,0.00916680,55.8122,112.5990,54.3640,306.4487,0,U,24876,999,20456,0.00000000000000,-0.00000024,0.0000000000000,26560.454,717.981,20425.793,19938.844,PAYLOAD,LARGE,US,1997-07-23,AFETR,,4765244,290681612,0 NAVSTAR 43 (USA 132),1 24876U 97035A   25174.72184202 -.00000024  00000-0  00000+0 0  9992,2 24876  55.8122 112.5990 0091668  54.3640 306.4487  2.00562405204564
3.0,GENERATED VIA SPACE-TRACK.ORG API,2025-06-24 17:32:58+00:00,18 SPCS,NAVSTAR 43 (USA 132),1997-035A,EARTH,TEME,UTC,SGP4,2025-06-23 17:19:27.150528+00:00,2.00562405,0.00916680,55.8122,112.5990,54.3640,306.4487,0,U,24876,999,20476,0.00000000000000,-0.00000024,0.0000000000000,26560.454,717.981,20425.793,19938.844,PAYLOAD,LARGE,US,1997-07-23,AFETR,,4765702,290699690,0 NAVSTAR 43 (USA 132),1 24876U 97035A   25174.72184202 -.00000024  00000-0  00000-0 0  9993,2 24876  55.8122 112.5990 0091668  54.3640 306.4487  2.00562405204766
3.0,GENERATED VIA SPACE-TRACK.ORG API,2025-06-25 02:12:46+00:00,18 SPCS,NAVSTAR 43 (USA 132),1997-035A,EARTH,TEME,UTC,SGP4,2025-06-24 17:15:22.457952+00:00,2.00562405,0.00917050,55.8126,112.5600,54.3858,306.4281,0,U,24876,999,20478,0.00000000000000,-0.00000026,0.0000000000000,26560.454,717.981,20425.891,19938.746,PAYLOAD,LARGE,US,1997-07-23,AFETR,,4766019,290736440,0 NAVSTAR 43 (USA 132),1 24876U 97035A   25175.71900993 -.00000026  00000-0  00000-0 0  9998,2 24876  55.8126 112.5600 0091705  54.3858 306.4281  2.00562405204785
3.0,GENERATED VIA SPACE-TRACK.ORG API,2025-06-25 18:19:50+00:00,18 SPCS,NAVSTAR 43 (USA 132),1997-035A,EARTH,TEME,UTC,SGP4,2025-06-25 05:13:20.226144+00:00,2.00562415,0.00917420,55.8128,112.5405,54.3949,306.4207,0,U,24876,999,20479,0.00000000000000,-0.00000025,0.0000000000000,26560.453,717.981,20425.989,19938.647,PAYLOAD,LARGE,US,1997-07-23,AFETR,,4766636,290780929,0 NAVSTAR 43 (USA 132),1 24876U 97035A   25176.21759521 -.00000025  00000-0  00000-0 0  9992,2 24876  55.8128 112.5405 0091742  54.3949 306.4207  2.00562415204792
3.0,GENERATED VIA SPACE-TRACK.ORG API,2025-06-26 14:46:31+00:00,18 SPCS,NAVSTAR 43 (USA 132),1997-035A,EARTH,TEME,UTC,SGP4,2025-06-26 05:09:15.962976+00:00,2.00562421,0.00917920,55.8132,112.5015,54.4153,306.4051,0,U,24876,999,20461,0.00000000000000,-0.00000020,0.0000000000000,26560.452,717.981,20426.121,19938.514,PAYLOAD,LARGE,US,1997-07-23,AFETR,,4767292,290851799,0 NAVSTAR 43 (USA 132),1 24876U 97035A   25177.21476809 -.00000020  00000-0  00000+0 0  9992,2 24876  55.8132 112.5015 0091792  54.4153 306.4051  2.00562421204612
3.0,GENERATED VIA SPACE-TRACK.ORG API,2025-06-26 18:53:44+00:00,18 SPCS,NAVSTAR 43 (USA 132),1997-035A,EARTH,TEME,UTC,SGP4,2025-06-26 05:09:15.962976+00:00,2.00562421,0.00917920,55.8132,112.5015,54.4153,306.4051,0,U,24876,999,20481,0.00000000000000,-0.00000020,0.0000000000000,26560.452,717.981,20426.121,19938.514,PAYLOAD,LARGE,US,1997-07-23,AFETR,,4767540,290863298,0 NAVSTAR 43 (USA 132),1 24876U 97035A   25177.21476809 -.00000020  00000-0  00000-0 0  9993,2 24876  55.8132 112.5015 0091792  54.4153 306.4051  2.00562421204814
3.0,GENERATED VIA SPACE-TRACK.ORG API,2025-06-27 03:01:02+00:00,18 SPCS,NAVSTAR 43 (USA 132),1997-035A,EARTH,TEME,UTC,SGP4,2025-06-26 17:07:13.956672+00:00,2.00562402,0.00918140,55.8134,112.4820,54.4254,306.3979,0,U,24876,999,20482,0.00000000000000,-0.00000017,0.0000000000000,26560.454,717.981,20426.181,19938.457,PAYLOAD,LARGE,US,1997-07-23,AFETR,,4767969,290900586,0 NAVSTAR 43 (USA 132),1 24876U 97035A   25177.71335598 -.00000017  00000-0  00000-0 0  9993,2 24876  55.8134 112.4820 0091814  54.4254 306.3979  2.00562402204824
3.0,GENERATED VIA SPACE-TRACK.ORG API,2025-06-27 17:57:15+00:00,18 SPCS,NAVSTAR 43 (USA 132),1997-035A,EARTH,TEME,UTC,SGP4,2025-06-27 05:05:11.849280+00:00,2.00562435,0.00918450,55.8136,112.4625,54.4363,306.3901,0,U,24876,999,20483,0.00000000000000,-0.00000013,0.0000000000000,26560.451,717.981,20426.260,19938.372,PAYLOAD,LARGE,US,1997-07-23,AFETR,,4768597,290946420,0 NAVSTAR 43 (USA 132),1 24876U 97035A   25178.21194270 -.00000013  00000-0  00000-0 0  9995,2 24876  55.8136 112.4625 0091845  54.4363 306.3901  2.00562435204836
3.0,GENERATED VIA SPACE-TRACK.ORG API,2025-06-28 03:31:03+00:00,18 SPCS,NAVSTAR 43 (USA 132),1997-035A,EARTH,TEME,UTC,SGP4,2025-06-27 17:03:09.764352+00:00,2.00562452,0.00918610,55.8138,112.4430,54.4464,306.3832,0,U,24876,999,20484,0.00000000000000,-0.00000009,0.0000000000000,26560.450,717.981,20426.301,19938.328,PAYLOAD,LARGE,US,1997-07-23,AFETR,,4768957,290984701,0 NAVSTAR 43 (USA 132),1 24876U 97035A   25178.71052968 -.00000009  00000-0  00000-0 0  9992,2 24876  55.8138 112.4430 0091861  54.4464 306.3832  2.00562452204845
3.0,GENERATED VIA SPACE-TRACK.ORG API,2025-06-28 17:41:05+00:00,18 SPCS,NAVSTAR 43 (USA 132),1997-035A,EARTH,TEME,UTC,SGP4,2025-06-28 05:01:07.675968+00:00,2.00562484,0.00918970,55.8139,112.4235,54.4563,306.3766,0,U,24876,999,20485,0.00000000000000,-0.00000005,0.0000000000000,26560.447,717.981,20426.394,19938.229,PAYLOAD,LARGE,US,1997-07-23,AFETR,,4769613,291030336,0 NAVSTAR 43 (USA 132),1 24876U 97035A   25179.20911662 -.00000005  00000-0  00000-0 0  9998,2 24876  55.8139 112.4235 0091897  54.4563 306.3766  2.00562484204850
3.0,GENERATED VIA SPACE-TRACK.ORG API,2025-06-29 14:46:18+00:00,18 SPCS,NAVSTAR 43 (USA 132),1997-035A,EARTH,TEME,UTC,SGP4,2025-06-29 04:57:03.485376+00:00,2.00562507,0.00919470,55.8143,112.3845,54.4758,306.3628,0,U,24876,999,20467,0.00000000000000,0.00000000,0.0000000000000,26560.445,717.981,20426.525,19938.094,PAYLOAD,LARGE,US,1997-07-23,AFETR,,4770403,291104135,0 NAVSTAR 43 (USA 132),1 24876U 97035A   25180.20629034  .00000000  00000-0  00000+0 0  9992,2 24876  55.8143 112.3845 0091947  54.4758 306.3628  2.00562507204676
3.0,GENERATED VIA SPACE-TRACK.ORG API,2025-06-29 17:39:57+00:00,18 SPCS,NAVSTAR 43 (USA 132),1997-035A,EARTH,TEME,UTC,SGP4,2025-06-29 04:57:03.485376+00:00,2.00562507,0.00919470,55.8143,112.3845,54.4758,306.3628,0,U,24876,999,20487,0.00000000000000,0.00000000,0.0000000000000,26560.445,717.981,20426.525,19938.094,PAYLOAD,LARGE,US,1997-07-23,AFETR,,4770557,291114228,0 NAVSTAR 43 (USA 132),1 24876U 97035A   25180.20629034  .00000000  00000-0  00000-0 0  9993,2 24876  55.8143 112.3845 0091947  54.4758 306.3628  2.00562507204878
3.0,GENERATED VIA SPACE-TRACK.ORG API,2025-06-30 03:44:42+00:00,18 SPCS,NAVSTAR 43 (USA 132),1997-035A,EARTH,TEME,UTC,SGP4,2025-06-29 04:57:03.498336+00:00,2.00562502,0.00919480,55.8143,112.3845,54.4755,306.3631,0,U,24876,999,20487,0.00000000000000,0.00000000,0.0000000000000,26560.445,717.981,20426.528,19938.092,PAYLOAD,LARGE,US,1997-07-23,AFETR,,4770867,291152430,0 NAVSTAR 43 (USA 132),1 24876U 97035A   25180.20629049  .00000000  00000-0  00000-0 0  9999,2 24876  55.8143 112.3845 0091948  54.4755 306.3631  2.00562502204875
3.0,GENERATED VIA SPACE-TRACK.ORG API,2025-06-30 17:29:02+00:00,18 SPCS,NAVSTAR 43 (USA 132),1997-035A,EARTH,TEME,UTC,SGP4,2025-06-30 04:52:59.194560+00:00,2.00562506,0.00919980,55.8146,112.3456,54.4946,306.3485,0,U,24876,999,20489,0.00000000000000,0.00000002,0.0000000000000,26560.445,717.981,20426.661,19937.959,PAYLOAD,LARGE,US,1997-07-23,AFETR,,4771466,291197321,0 NAVSTAR 43 (USA 132),1 24876U 97035A   25181.20346290  .00000002  00000-0  00000-0 0  9996,2 24876  55.8146 112.3456 0091998  54.4946 306.3485  2.00562506204896
3.0,GENERATED VIA SPACE-TRACK.ORG API,2025-07-01 02:15:15+00:00,18 SPCS,NAVSTAR 43 (USA 132),1997-035A,EARTH,TEME,UTC,SGP4,2025-06-30 16:50:56.958432+00:00,2.00562504,0.00920130,55.8148,112.3261,54.5049,306.3397,0,U,24876,999,20490,0.00000000000000,0.00000001,0.0000000000000,26560.445,717.981,20426.701,19937.919,PAYLOAD,LARGE,US,1997-07-23,AFETR,,4771813,291235667,0 NAVSTAR 43 (USA 132),1 24876U 97035A   25181.70204813  .00000001  00000-0  00000-0 0  9994,2 24876  55.8148 112.3261 0092013  54.5049 306.3397  2.00562504204908
3.0,GENERATED VIA SPACE-TRACK.ORG API,2025-07-01 18:11:59+00:00,18 SPCS,NAVSTAR 43 (USA 132),1997-035A,EARTH,TEME,UTC,SGP4,2025-07-01 04:48:54.678240+00:00,2.00562515,0.00920480,55.8150,112.3066,54.5171,306.3288,0,U,24876,999,20491,0.00000000000000,-0.00000001,0.0000000000000,26560.444,717.981,20426.793,19937.825,PAYLOAD,LARGE,US,1997-07-23,AFETR,,4772413,291310251,0 NAVSTAR 43 (USA 132),1 24876U 97035A   25182.20063285 -.00000001  00000-0  00000-0 0  9997,2 24876  55.8150 112.3066 0092048  54.5171 306.3288  2.00562515204910
3.0,GENERATED VIA SPACE-TRACK.ORG API,2025-07-01 22:46:26+00:00,18 SPCS,NAVSTAR 43 (USA 132),1997-035A,EARTH,TEME,UTC,SGP4,2025-07-01 16:46:52.306464+00:00,2.00562527,0.00920650,55.8152,112.2871,54.5276,306.3190,0,U,24876,999,20472,0.00000000000000,-0.00000003,0.0000000000000,26560.443,717.981,20426.837,19937.779,PAYLOAD,LARGE,US,1997-07-23,AFETR,,4772658,291337826,0 NAVSTAR 43 (USA 132),1 24876U 97035A   25182.69921651 -.00000003  00000-0  00000+0 0  9991,2 24876  55.8152 112.2871 0092065  54.5276 306.3190  2.00562527204724
3.0,GENERATED VIA SPACE-TRACK.ORG API,2025-07-02 02:08:41+00:00,18 SPCS,NAVSTAR 43 (USA 132),1997-035A,EARTH,TEME,UTC,SGP4,2025-07-01 16:46:52.306464+00:00,2.00562527,0.00920650,55.8152,112.2871,54.5276,306.3190,0,U,24876,999,20492,0.00000000000000,-0.00000003,0.0000000000000,26560.443,717.981,20426.837,19937.779,PAYLOAD,LARGE,US,1997-07-23,AFETR,,4772819,291349393,0 NAVSTAR 43 (USA 132),1 24876U 97035A   25182.69921651 -.00000003  00000-0  00000-0 0  9992,2 24876  55.8152 112.2871 0092065  54.5276 306.3190  2.00562527204926
3.0,GENERATED VIA SPACE-TRACK.ORG API,2025-07-02 17:47:34+00:00,18 SPCS,NAVSTAR 43 (USA 132),1997-035A,EARTH,TEME,UTC,SGP4,2025-07-02 04:44:49.949376+00:00,2.00562530,0.00920980,55.8153,112.2676,54.5402,306.3071,0,U,24876,999,20493,0.00000000000000,-0.00000007,0.0000000000000,26560.443,717.981,20426.924,19937.691,PAYLOAD,LARGE,US,1997-07-23,AFETR,,4773459,291425883,0 NAVSTAR 43 (USA 132),1 24876U 97035A   25183.19780034 -.00000007  00000-0  00000-0 0  9990,2 24876  55.8153 112.2676 0092098  54.5402 306.3071  2.00562530204930
3.0,GENERATED VIA SPACE-TRACK.ORG API,2025-07-03 03:40:39+00:00,18 SPCS,NAVSTAR 43 (USA 132),1997-035A,EARTH,TEME,UTC,SGP4,2025-07-02 16:42:47.511072+00:00,2.00562536,0.00921150,55.8155,112.2481,54.5514,306.2960,0,U,24876,999,20494,0.00000000000000,-0.00000010,0.0000000000000,26560.442,717.981,20426.969,19937.646,PAYLOAD,LARGE,US,1997-07-23,AFETR,,4773777,291493541,0 NAVSTAR 43 (USA 132),1 24876U 97035A   25183.69638323 -.00000010  00000-0  00000-0 0  9992,2 24876  55.8155 112.2481 0092115  54.5514 306.2960  2.00562536204943
3.0,GENERATED VIA SPACE-TRACK.ORG API,2025-07-03 17:26:04+00:00,18 SPCS,NAVSTAR 43 (USA 132),1997-035A,EARTH,TEME,UTC,SGP4,2025-07-03 04:40:45.066720+00:00,2.00562544,0.00921470,55.8157,112.2286,54.5650,306.2824,0,U,24876,999,20495,0.00000000000000,-0.00000014,0.0000000000000,26560.441,717.981,20427.053,19937.560,PAYLOAD,LARGE,US,1997-07-23,AFETR,,4774471,291540370,0 NAVSTAR 43 (USA 132),1 24876U 97035A   25184.19496605 -.00000014  00000-0  00000-0 0  9997,2 24876  55.8157 112.2286 0092147  54.5650 306.2824  2.00562544204953
3.0,GENERATED VIA SPACE-TRACK.ORG API,2025-07-04 14:46:20+00:00,18 SPCS,NAVSTAR 43 (USA 132),1997-035A,EARTH,TEME,UTC,SGP4,2025-07-04 04:36:40.092480+00:00,2.00562555,0.00921940,55.8161,112.1896,54.5898,306.2571,0,U,24876,999,20477,0.00000000000000,-0.00000022,0.0000000000000,26560.440,717.980,20427.177,19937.434,PAYLOAD,LARGE,US,1997-07-23,AFETR,,4775246,291643001,0 NAVSTAR 43 (USA 132),1 24876U 97035A   25185.19213070 -.00000022  00000-0  00000+0 0  9999,2 24876  55.8161 112.1896 0092194  54.5898 306.2571  2.00562555204771
3.0,GENERATED VIA SPACE-TRACK.ORG API,2025-07-04 18:39:55+00:00,18 SPCS,NAVSTAR 43 (USA 132),1997-035A,EARTH,TEME,UTC,SGP4,2025-07-04 04:36:40.092480+00:00,2.00562555,0.00921940,55.8161,112.1896,54.5898,306.2571,0,U,24876,999,20497,0.00000000000000,-0.00000022,0.0000000000000,26560.440,717.980,20427.177,19937.434,PAYLOAD,LARGE,US,1997-07-23,AFETR,,4775522,291657878,0 NAVSTAR 43 (USA 132),1 24876U 97035A   25185.19213070 -.00000022  00000-0  00000-0 0  9990,2 24876  55.8161 112.1896 0092194  54.5898 306.2571  2.00562555204973
3.0,GENERATED VIA SPACE-TRACK.ORG API,2025-07-05 17:45:45+00:00,18 SPCS,NAVSTAR 43 (USA 132),1997-035A,EARTH,TEME,UTC,SGP4,2025-07-05 04:32:35.138976+00:00,2.00562547,0.00922390,55.8164,112.1506,54.6122,306.2339,0,U,24876,999,20499,0.00000000000000,-0.00000029,0.0000000000000,26560.441,717.981,20427.297,19937.315,PAYLOAD,LARGE,US,1997-07-23,AFETR,,4776382,291739201,0 NAVSTAR 43 (USA 132),1 24876U 97035A   25186.18929559 -.00000029  00000-0  00000-0 0  9993,2 24876  55.8164 112.1506 0092239  54.6122 306.2339  2.00562547204990
3.0,GENERATED VIA SPACE-TRACK.ORG API,2025-07-07 05:18:27+00:00,18 SPCS,NAVSTAR 43 (USA 132),1997-035A,EARTH,TEME,UTC,SGP4,2025-07-06 16:26:27.714336+00:00,2.00562580,0.00923030,55.8170,112.0921,54.6441,306.2019,0,U,24876,999,20502,0.00000000000000,-0.00000032,0.0000000000000,26560.438,717.980,20427.464,19937.142,PAYLOAD,LARGE,US,1997-07-23,AFETR,,4777611,291860046,0 NAVSTAR 43 (USA 132),1 24876U 97035A   25187.68504299 -.00000032  00000-0  00000-0 0  9993,2 24876  55.8170 112.0921 0092303  54.6441 306.2019  2.00562580205020
3.0,GENERATED VIA SPACE-TRACK.ORG API,2025-07-07 06:56:17+00:00,18 SPCS,NAVSTAR 43 (USA 132),1997-035A,EARTH,TEME,UTC,SGP4,2025-07-06 16:26:27.714336+00:00,2.00562580,0.00923030,55.8170,112.0921,54.6441,306.2019,0,U,24876,999,20482,0.00000000000000,-0.00000032,0.0000000000000,26560.438,717.980,20427.464,19937.142,PAYLOAD,LARGE,US,1997-07-23,AFETR,,4777828,291888349,0 NAVSTAR 43 (USA 132),1 24876U 97035A   25187.68504299 -.00000032  00000-0  00000+0 0  9992,2 24876  55.8170 112.0921 0092303  54.6441 306.2019  2.00562580204827
3.0,GENERATED VIA SPACE-TRACK.ORG API,2025-07-08 02:27:36+00:00,18 SPCS,NAVSTAR 43 (USA 132),1997-035A,EARTH,TEME,UTC,SGP4,2025-07-07 16:22:23.069280+00:00,2.00562548,0.00923490,55.8173,112.0531,54.6639,306.1836,0,U,24876,999,20504,0.00000000000000,-0.00000030,0.0000000000000,26560.441,717.981,20427.589,19937.023,PAYLOAD,LARGE,US,1997-07-23,AFETR,,4778497,291941807,0 NAVSTAR 43 (USA 132),1 24876U 97035A   25188.68221145 -.00000030  00000-0  00000-0 0  9998,2 24876  55.8173 112.0531 0092349  54.6639 306.1836  2.00562548205041
3.0,GENERATED VIA SPACE-TRACK.ORG API,2025-07-10 14:46:21+00:00,18 SPCS,NAVSTAR 43 (USA 132),1997-035A,EARTH,TEME,UTC,SGP4,2025-07-10 04:12:12.153024+00:00,2.00562509,0.00924630,55.8182,111.9556,54.7175,306.1405,0,U,24876,999,20489,0.00000000000000,-0.00000012,0.0000000000000,26560.444,717.981,20427.895,19936.724,PAYLOAD,LARGE,US,1997-07-23,AFETR,,4780922,292145138,0 NAVSTAR 43 (USA 132),1 24876U 97035A   25191.17514066 -.00000012  00000-0  00000+0 0  9992,2 24876  55.8182 111.9556 0092463  54.7175 306.1405  2.00562509204890
3.0,GENERATED VIA SPACE-TRACK.ORG API,2025-07-10 19:44:45+00:00,18 SPCS,NAVSTAR 43 (USA 132),1997-035A,EARTH,TEME,UTC,SGP4,2025-07-10 04:12:12.153024+00:00,2.00562509,0.00924630,55.8182,111.9556,54.7175,306.1405,0,U,24876,999,20509,0.00000000000000,-0.00000012,0.0000000000000,26560.444,717.981,20427.895,19936.724,PAYLOAD,LARGE,US,1997-07-23,AFETR,,4781076,292155295,0 NAVSTAR 43 (USA 132),1 24876U 97035A   25191.17514066 -.00000012  00000-0  00000-0 0  9993,2 24876  55.8182 111.9556 0092463  54.7175 306.1405  2.00562509205093
3.0,GENERATED VIA SPACE-TRACK.ORG API,2025-07-11 18:37:52+00:00,18 SPCS,NAVSTAR 43 (USA 132),1997-035A,EARTH,TEME,UTC,SGP4,2025-07-11 04:08:08.070432+00:00,2.00562495,0.00925150,55.8186,111.9166,54.7421,306.1227,0,U,24876,999,20511,0.00000000000000,-0.00000002,0.0000000000000,26560.446,717.981,20428.035,19936.587,PAYLOAD,LARGE,US,1997-07-23,AFETR,,4781982,292237201,0 NAVSTAR 43 (USA 132),1 24876U 97035A   25192.17231563 -.00000002  00000-0  00000-0 0  9991,2 24876  55.8186 111.9166 0092515  54.7421 306.1227  2.00562495205115
3.0,GENERATED VIA SPACE-TRACK.ORG API,2025-07-12 17:51:30+00:00,18 SPCS,NAVSTAR 43 (USA 132),1997-035A,EARTH,TEME,UTC,SGP4,2025-07-12 04:04:04.013760+00:00,2.00562494,0.00925650,55.8189,111.8776,54.7655,306.1064,0,U,24876,999,20513,0.00000000000000,0.00000007,0.0000000000000,26560.446,717.981,20428.168,19936.454,PAYLOAD,LARGE,US,1997-07-23,AFETR,,4782975,292321816,0 NAVSTAR 43 (USA 132),1 24876U 97035A   25193.16949090  .00000007  00000-0  00000-0 0  9996,2 24876  55.8189 111.8776 0092565  54.7655 306.1064  2.00562494205138
3.0,GENERATED VIA SPACE-TRACK.ORG API,2025-07-14 14:46:19+00:00,18 SPCS,NAVSTAR 43 (USA 132),1997-035A,EARTH,TEME,UTC,SGP4,2025-07-14 03:55:55.713792+00:00,2.00562471,0.00926590,55.8197,111.7995,54.8088,306.0755,0,U,24876,999,20497,0.00000000000000,0.00000017,0.0000000000000,26560.448,717.981,20428.419,19936.206,PAYLOAD,LARGE,US,1997-07-23,AFETR,,4784826,292541913,0 NAVSTAR 43 (USA 132),1 24876U 97035A   25195.16383928  .00000017  00000-0  00000+0 0  9990,2 24876  55.8197 111.7995 0092659  54.8088 306.0755  2.00562471204976
3.0,GENERATED VIA SPACE-TRACK.ORG API,2025-07-14 18:08:03+00:00,18 SPCS,NAVSTAR 43 (USA 132),1997-035A,EARTH,TEME,UTC,SGP4,2025-07-14 03:55:55.713792+00:00,2.00562471,0.00926590,55.8197,111.7995,54.8088,306.0755,0,U,24876,999,20517,0.00000000000000,0.00000017,0.0000000000000,26560.448,717.981,20428.419,19936.206,PAYLOAD,LARGE,US,1997-07-23,AFETR,,4784987,292552811,0 NAVSTAR 43 (USA 132),1 24876U 97035A   25195.16383928  .00000017  00000-0  00000-0 0  9991,2 24876  55.8197 111.7995 0092659  54.8088 306.0755  2.00562471205179
3.0,GENERATED VIA SPACE-TRACK.ORG API,2025-07-15 20:01:57+00:00,18 SPCS,NAVSTAR 43 (USA 132),1997-035A,EARTH,TEME,UTC,SGP4,2025-07-15 03:51:51.006528+00:00,2.00562551,0.00927140,55.8200,111.7605,54.8337,306.0542,0,U,24876,999,20519,0.00000000000000,0.00000015,0.0000000000000,26560.441,717.980,20428.558,19936.053,PAYLOAD,LARGE,US,1997-07-23,AFETR,,4785994,292637903,0 NAVSTAR 43 (USA 132),1 24876U 97035A   25196.16100702  .00000015  00000-0  00000-0 0  9997,2 24876  55.8200 111.7605 0092714  54.8337 306.0542  2.00562551205196
3.0,GENERATED VIA SPACE-TRACK.ORG API,2025-07-16 18:05:52+00:00,18 SPCS,NAVSTAR 43 (USA 132),1997-035A,EARTH,TEME,UTC,SGP4,2025-07-16 03:47:46.555872+00:00,2.00562420,0.00927540,55.8204,111.7215,54.8470,306.0418,0,U,24876,999,20521,0.00000000000000,0.00000009,0.0000000000000,26560.452,717.981,20428.676,19935.959,PAYLOAD,LARGE,US,1997-07-23,AFETR,,4786964,292721916,0 NAVSTAR 43 (USA 132),1 24876U 97035A   25197.15817773  .00000009  00000-0  00000-0 0  9993,2 24876  55.8204 111.7215 0092754  54.8470 306.0418  2.00562420205219
3.0,GENERATED VIA SPACE-TRACK.ORG API,2025-07-17 17:14:11+00:00,18 SPCS,NAVSTAR 43 (USA 132),1997-035A,EARTH,TEME,UTC,SGP4,2025-07-17 03:43:41.478816+00:00,2.00562431,0.00928070,55.8208,111.6824,54.8680,306.0195,0,U,24876,999,20523,0.00000000000000,-0.00000001,0.0000000000000,26560.451,717.981,20428.816,19935.817,PAYLOAD,LARGE,US,1997-07-23,AFETR,,4787632,292798846,0 NAVSTAR 43 (USA 132),1 24876U 97035A   25198.15534119 -.00000001  00000-0  00000-0 0  9997,2 24876  55.8208 111.6824 0092807  54.8680 306.0195  2.00562431205236
3.0,GENERATED VIA SPACE-TRACK.ORG API,2025-07-17 20:26:30+00:00,18 SPCS,NAVSTAR 43 (USA 132),1997-035A,EARTH,TEME,UTC,SGP4,2025-07-17 03:43:41.478816+00:00,2.00562431,0.00928070,55.8208,111.6824,54.8680,306.0195,0,U,24876,999,20503,0.00000000000000,-0.00000001,0.0000000000000,26560.451,717.981,20428.816,19935.817,PAYLOAD,LARGE,US,1997-07-23,AFETR,,4787813,292826297,0 NAVSTAR 43 (USA 132),1 24876U 97035A   25198.15534119 -.00000001  00000-0  00000+0 0  9996,2 24876  55.8208 111.6824 0092807  54.8680 306.0195  2.00562431205034
3.0,GENERATED VIA SPACE-TRACK.ORG API,2025-07-18 17:36:17+00:00,18 SPCS,NAVSTAR 43 (USA 132),1997-035A,EARTH,TEME,UTC,SGP4,2025-07-18 03:39:36.266976+00:00,2.00562429,0.00928550,55.8211,111.6434,54.8882,305.9965,0,U,24876,999,20525,0.00000000000000,-0.00000014,0.0000000000000,26560.452,717.981,20428.944,19935.689,PAYLOAD,LARGE,US,1997-07-23,AFETR,,4788870,292888488,0 NAVSTAR 43 (USA 132),1 24876U 97035A   25199.15250309 -.00000014  00000-0  00000-0 0  9998,2 24876  55.8211 111.6434 0092855  54.8882 305.9965  2.00562429205256
3.0,GENERATED VIA SPACE-TRACK.ORG API,2025-07-19 18:16:43+00:00,18 SPCS,NAVSTAR 43 (USA 132),1997-035A,EARTH,TEME,UTC,SGP4,2025-07-19 03:35:31.056864+00:00,2.00562419,0.00929070,55.8215,111.6043,54.9105,305.9712,0,U,24876,999,20527,0.00000000000000,-0.00000027,0.0000000000000,26560.452,717.981,20429.083,19935.552,PAYLOAD,LARGE,US,1997-07-23,AFETR,,4789892,292973600,0 NAVSTAR 43 (USA 132),1 24876U 97035A   25200.14966501 -.00000027  00000-0  00000-0 0  9992,2 24876  55.8215 111.6043 0092907  54.9105 305.9712  2.00562419205274
3.0,GENERATED VIA SPACE-TRACK.ORG API,2025-07-20 14:56:18+00:00,18 SPCS,NAVSTAR 43 (USA 132),1997-035A,EARTH,TEME,UTC,SGP4,2025-07-20 03:31:25.931424+00:00,2.00562427,0.00929600,55.8219,111.5653,54.9341,305.9456,0,U,24876,999,20509,0.00000000000000,-0.00000038,0.0000000000000,26560.452,717.981,20429.223,19935.411,PAYLOAD,LARGE,US,1997-07-23,AFETR,,4790588,293044497,0 NAVSTAR 43 (USA 132),1 24876U 97035A   25201.14682791 -.00000038  00000-0  00000+0 0  9990,2 24876  55.8219 111.5653 0092960  54.9341 305.9456  2.00562427205099
3.0,GENERATED VIA SPACE-TRACK.ORG API,2025-07-21 18:25:45+00:00,18 SPCS,NAVSTAR 43 (USA 132),1997-035A,EARTH,TEME,UTC,SGP4,2025-07-21 03:27:21.029760+00:00,2.00562448,0.00930100,55.8223,111.5263,54.9573,305.9224,0,U,24876,999,20531,0.00000000000000,-0.00000044,0.0000000000000,26560.450,717.981,20429.354,19935.276,PAYLOAD,LARGE,US,1997-07-23,AFETR,,4791724,293139832,0 NAVSTAR 43 (USA 132),1 24876U 97035A   25202.14399340 -.00000044  00000-0  00000-0 0  9994,2 24876  55.8223 111.5263 0093010  54.9573 305.9224  2.00562448205316
3.0,GENERATED VIA SPACE-TRACK.ORG API,2025-07-22 02:55:53+00:00,18 SPCS,NAVSTAR 43 (USA 132),1997-035A,EARTH,TEME,UTC,SGP4,2025-07-21 15:25:18.676992+00:00,2.00562464,0.00930340,55.8225,111.5068,54.9701,305.9107,0,U,24876,999,20532,0.00000000000000,-0.00000045,0.0000000000000,26560.448,717.981,20429.416,19935.211,PAYLOAD,LARGE,US,1997-07-23,AFETR,,4792098,293178980,0 NAVSTAR 43 (USA 132),1 24876U 97035A   25202.64257728 -.00000045  00000-0  00000-0 0  9993,2 24876  55.8225 111.5068 0093034  54.9701 305.9107  2.00562464205329
3.0,GENERATED VIA SPACE-TRACK.ORG API,2025-07-22 17:58:09+00:00,18 SPCS,NAVSTAR 43 (USA 132),1997-035A,EARTH,TEME,UTC,SGP4,2025-07-22 03:23:16.435680+00:00,2.00562469,0.00930580,55.8227,111.4873,54.9826,305.8998,0,U,24876,999,20533,0.00000000000000,-0.00000045,0.0000000000000,26560.448,717.981,20429.479,19935.147,PAYLOAD,LARGE,US,1997-07-23,AFETR,,4792757,293226142,0 NAVSTAR 43 (USA 132),1 24876U 97035A   25203.14116245 -.00000045  00000-0  00000-0 0  9997,2 24876  55.8227 111.4873 0093058  54.9826 305.8998  2.00562469205331
3.0,GENERATED VIA SPACE-TRACK.ORG API,2025-07-23 14:46:29+00:00,18 SPCS,NAVSTAR 43 (USA 132),1997-035A,EARTH,TEME,UTC,SGP4,2025-07-23 03:19:12.123264+00:00,2.00562484,0.00930950,55.8232,111.4483,55.0074,305.8798,0,U,24876,999,20515,0.00000000000000,-0.00000041,0.0000000000000,26560.447,717.981,20429.576,19935.047,PAYLOAD,LARGE,US,1997-07-23,AFETR,,4793518,293268569,0 NAVSTAR 43 (USA 132),1 24876U 97035A   25204.13833476 -.00000041  00000-0  00000+0 0  9994,2 24876  55.8232 111.4483 0093095  55.0074 305.8798  2.00562484205157
3.0,GENERATED VIA SPACE-TRACK.ORG API,2025-07-23 17:48:48+00:00,18 SPCS,NAVSTAR 43 (USA 132),1997-035A,EARTH,TEME,UTC,SGP4,2025-07-23 03:19:12.123264+00:00,2.00562484,0.00930950,55.8232,111.4483,55.0074,305.8798,0,U,24876,999,20535,0.00000000000000,-0.00000041,0.0000000000000,26560.447,717.981,20429.576,19935.047,PAYLOAD,LARGE,US,1997-07-23,AFETR,,4793777,293280137,0 NAVSTAR 43 (USA 132),1 24876U 97035A   25204.13833476 -.00000041  00000-0  00000-0 0  9995,2 24876  55.8232 111.4483 0093095  55.0074 305.8798  2.00562484205359
3.0,GENERATED VIA SPACE-TRACK.ORG API,2025-07-24 19:51:41+00:00,18 SPCS,NAVSTAR 43 (USA 132),1997-035A,EARTH,TEME,UTC,SGP4,2025-07-24 03:15:08.046720+00:00,2.00562499,0.00931490,55.8236,111.4092,55.0306,305.8632,0,U,24876,999,20537,0.00000000000000,-0.00000033,0.0000000000000,26560.445,717.981,20429.718,19934.902,PAYLOAD,LARGE,US,1997-07-23,AFETR,,4794401,293354672,0 NAVSTAR 43 (USA 132),1 24876U 97035A   25205.13550980 -.00000033  00000-0  00000-0 0  9993,2 24876  55.8236 111.4092 0093149  55.0306 305.8632  2.00562499205372
3.0,GENERATED VIA SPACE-TRACK.ORG API,2025-07-25 18:59:22+00:00,18 SPCS,NAVSTAR 43 (USA 132),1997-035A,EARTH,TEME,UTC,SGP4,2025-07-25 03:11:04.045344+00:00,2.00562506,0.00931940,55.8240,111.3702,55.0514,305.8495,0,U,24876,999,20539,0.00000000000000,-0.00000025,0.0000000000000,26560.445,717.981,20429.837,19934.782,PAYLOAD,LARGE,US,1997-07-23,AFETR,,4795625,293445425,0 NAVSTAR 43 (USA 132),1 24876U 97035A   25206.13268571 -.00000025  00000-0  00000-0 0  9997,2 24876  55.8240 111.3702 0093194  55.0514 305.8495  2.00562506205393
3.0,GENERATED VIA SPACE-TRACK.ORG API,2025-07-26 14:46:17+00:00,18 SPCS,NAVSTAR 43 (USA 132),1997-035A,EARTH,TEME,UTC,SGP4,2025-07-26 03:06:59.893632+00:00,2.00562552,0.00932380,55.8244,111.3312,55.0727,305.8349,0,U,24876,999,20521,0.00000000000000,-0.00000017,0.0000000000000,26560.441,717.980,20429.950,19934.661,PAYLOAD,LARGE,US,1997-07-23,AFETR,,4796385,293518691,0 NAVSTAR 43 (USA 132),1 24876U 97035A   25207.12985988 -.00000017  00000-0  00000+0 0  9995,2 24876  55.8244 111.3312 0093238  55.0727 305.8349  2.00562552205219
3.0,GENERATED VIA SPACE-TRACK.ORG API,2025-07-27 03:23:05+00:00,18 SPCS,NAVSTAR 43 (USA 132),1997-035A,EARTH,TEME,UTC,SGP4,2025-07-26 03:06:59.893632+00:00,2.00562552,0.00932380,55.8244,111.3312,55.0727,305.8349,0,U,24876,999,20541,0.00000000000000,-0.00000017,0.0000000000000,26560.441,717.980,20429.950,19934.661,PAYLOAD,LARGE,US,1997-07-23,AFETR,,4796941,293537594,0 NAVSTAR 43 (USA 132),1 24876U 97035A   25207.12985988 -.00000017  00000-0  00000-0 0  9996,2 24876  55.8244 111.3312 0093238  55.0727 305.8349  2.00562552205411
3.0,GENERATED VIA SPACE-TRACK.ORG API,2025-07-27 18:39:18+00:00,18 SPCS,NAVSTAR 43 (USA 132),1997-035A,EARTH,TEME,UTC,SGP4,2025-07-27 03:02:55.667616+00:00,2.00562570,0.00932830,55.8248,111.2922,55.0945,305.8186,0,U,24876,999,20543,0.00000000000000,-0.00000013,0.0000000000000,26560.439,717.980,20430.068,19934.540,PAYLOAD,LARGE,US,1997-07-23,AFETR,,4797645,293585448,0 NAVSTAR 43 (USA 132),1 24876U 97035A   25208.12703319 -.00000013  00000-0  00000-0 0  9999,2 24876  55.8248 111.2922 0093283  55.0945 305.8186  2.00562570205434
3.0,GENERATED VIA SPACE-TRACK.ORG API,2025-07-28 17:37:46+00:00,18 SPCS,NAVSTAR 43 (USA 132),1997-035A,EARTH,TEME,UTC,SGP4,2025-07-28 02:58:51.253248+00:00,2.00562583,0.00933270,55.8251,111.2532,55.1174,305.7996,0,U,24876,999,20545,0.00000000000000,-0.00000014,0.0000000000000,26560.438,717.980,20430.184,19934.422,PAYLOAD,LARGE,US,1997-07-23,AFETR,,4798610,293669285,0 NAVSTAR 43 (USA 132),1 24876U 97035A   25209.12420432 -.00000014  00000-0  00000-0 0  9993,2 24876  55.8251 111.2532 0093327  55.1174 305.7996  2.00562583205453
3.0,GENERATED VIA SPACE-TRACK.ORG API,2025-07-28 22:46:17+00:00,18 SPCS,NAVSTAR 43 (USA 132),1997-035A,EARTH,TEME,UTC,SGP4,2025-07-28 14:56:48.892704+00:00,2.00562618,0.00933500,55.8253,111.2337,55.1300,305.7884,0,U,24876,999,20526,0.00000000000000,-0.00000015,0.0000000000000,26560.435,717.980,20430.242,19934.358,PAYLOAD,LARGE,US,1997-07-23,AFETR,,4798770,293697630,0 NAVSTAR 43 (USA 132),1 24876U 97035A   25209.62278811 -.00000015  00000-0  00000+0 0  9990,2 24876  55.8253 111.2337 0093350  55.1300 305.7884  2.00562618205269
3.0,GENERATED VIA SPACE-TRACK.ORG API,2025-07-29 18:09:25+00:00,18 SPCS,NAVSTAR 43 (USA 132),1997-035A,EARTH,TEME,UTC,SGP4,2025-07-29 02:54:46.584000+00:00,2.00562616,0.00933740,55.8255,111.2141,55.1446,305.7748,0,U,24876,999,20547,0.00000000000000,-0.00000018,0.0000000000000,26560.435,717.980,20430.305,19934.295,PAYLOAD,LARGE,US,1997-07-23,AFETR,,4799578,293723238,0 NAVSTAR 43 (USA 132),1 24876U 97035A   25210.12137250 -.00000018  00000-0  00000-0 0  9992,2 24876  55.8255 111.2141 0093374  55.1446 305.7748  2.00562616205471
3.0,GENERATED VIA SPACE-TRACK.ORG API,2025-07-30 17:55:16+00:00,18 SPCS,NAVSTAR 43 (USA 132),1997-035A,EARTH,TEME,UTC,SGP4,2025-07-30 02:50:41.748000+00:00,2.00562641,0.00934200,55.8259,111.1751,55.1716,305.7487,0,U,24876,999,20549,0.00000000000000,-0.00000024,0.0000000000000,26560.433,717.980,20430.425,19934.170,PAYLOAD,LARGE,US,1997-07-23,AFETR,,4800666,293869749,0 NAVSTAR 43 (USA 132),1 24876U 97035A   25211.11853875 -.00000024  00000-0  00000-0 0  9997,2 24876  55.8259 111.1751 0093420  55.1716 305.7487  2.00562641205493
3.0,GENERATED VIA SPACE-TRACK.ORG API,2025-07-31 14:46:19+00:00,18 SPCS,NAVSTAR 43 (USA 132),1997-035A,EARTH,TEME,UTC,SGP4,2025-07-31 02:46:36.845472+00:00,2.00562643,0.00934620,55.8263,111.1361,55.1982,305.7220,0,U,24876,999,20531,0.00000000000000,-0.00000032,0.0000000000000,26560.433,717.980,20430.537,19934.059,PAYLOAD,LARGE,US,1997-07-23,AFETR,,4801494,293944308,0 NAVSTAR 43 (USA 132),1 24876U 97035A   25212.11570423 -.00000032  00000-0  00000+0 0  9991,2 24876  55.8263 111.1361 0093462  55.1982 305.7220  2.00562643205314
3.0,GENERATED VIA SPACE-TRACK.ORG API,2025-07-31 18:11:57+00:00,18 SPCS,NAVSTAR 43 (USA 132),1997-035A,EARTH,TEME,UTC,SGP4,2025-07-31 02:46:36.845472+00:00,2.00562643,0.00934620,55.8263,111.1361,55.1982,305.7220,0,U,24876,999,20551,0.00000000000000,-0.00000032,0.0000000000000,26560.433,717.980,20430.537,19934.059,PAYLOAD,LARGE,US,1997-07-23,AFETR,,4801664,293954643,0 NAVSTAR 43 (USA 132),1 24876U 97035A   25212.11570423 -.00000032  00000-0  00000-0 0  9992,2 24876  55.8263 111.1361 0093462  55.1982 305.7220  2.00562643205516
3.0,GENERATED VIA SPACE-TRACK.ORG API,2025-08-01 19:30:35+00:00,18 SPCS,NAVSTAR 43 (USA 132),1997-035A,EARTH,TEME,UTC,SGP4,2025-08-01 02:42:31.815072+00:00,2.00562670,0.00935020,55.8267,111.0971,55.2243,305.6955,0,U,24876,999,20553,0.00000000000000,-0.00000038,0.0000000000000,26560.430,717.980,20430.641,19933.950,PAYLOAD,LARGE,US,1997-07-23,AFETR,,4802629,294038292,0 NAVSTAR 43 (USA 132),1 24876U 97035A   25213.11286823 -.00000038  00000-0  00000-0 0  9997,2 24876  55.8267 111.0971 0093502  55.2243 305.6955  2.00562670205538
3.0,GENERATED VIA SPACE-TRACK.ORG API,2025-08-03 14:46:19+00:00,18 SPCS,NAVSTAR 43 (USA 132),1997-035A,EARTH,TEME,UTC,SGP4,2025-08-03 02:34:22.083456+00:00,2.00562655,0.00935830,55.8275,111.0190,55.2720,305.6484,0,U,24876,999,20537,0.00000000000000,-0.00000041,0.0000000000000,26560.432,717.980,20430.857,19933.736,PAYLOAD,LARGE,US,1997-07-23,AFETR,,4804327,294164123,0 NAVSTAR 43 (USA 132),1 24876U 97035A   25215.10720004 -.00000041  00000-0  00000+0 0  9995,2 24876  55.8275 111.0190 0093583  55.2720 305.6484  2.00562655205371
3.0,GENERATED VIA SPACE-TRACK.ORG API,2025-08-03 17:22:22+00:00,18 SPCS,NAVSTAR 43 (USA 132),1997-035A,EARTH,TEME,UTC,SGP4,2025-08-03 02:34:22.083456+00:00,2.00562655,0.00935830,55.8275,111.0190,55.2720,305.6484,0,U,24876,999,20557,0.00000000000000,-0.00000041,0.0000000000000,26560.432,717.980,20430.857,19933.736,PAYLOAD,LARGE,US,1997-07-23,AFETR,,4804517,294175595,0 NAVSTAR 43 (USA 132),1 24876U 97035A   25215.10720004 -.00000041  00000-0  00000-0 0  9996,2 24876  55.8275 111.0190 0093583  55.2720 305.6484  2.00562655205573
3.0,GENERATED VIA SPACE-TRACK.ORG API,2025-08-04 19:37:21+00:00,18 SPCS,NAVSTAR 43 (USA 132),1997-035A,EARTH,TEME,UTC,SGP4,2025-08-04 02:30:17.345952+00:00,2.00562666,0.00936210,55.8279,110.9800,55.2921,305.6302,0,U,24876,999,20559,0.00000000000000,-0.00000036,0.0000000000000,26560.431,717.980,20430.957,19933.634,PAYLOAD,LARGE,US,1997-07-23,AFETR,,4805517,294259896,0 NAVSTAR 43 (USA 132),1 24876U 97035A   25216.10436743 -.00000036  00000-0  00000-0 0  9995,2 24876  55.8279 110.9800 0093621  55.2921 305.6302  2.00562666205592
3.0,GENERATED VIA SPACE-TRACK.ORG API,2025-08-05 17:43:45+00:00,18 SPCS,NAVSTAR 43 (USA 132),1997-035A,EARTH,TEME,UTC,SGP4,2025-08-05 02:26:12.809760+00:00,2.00562669,0.00936610,55.8284,110.9410,55.3133,305.6124,0,U,24876,999,20561,0.00000000000000,-0.00000029,0.0000000000000,26560.430,717.980,20431.063,19933.528,PAYLOAD,LARGE,US,1997-07-23,AFETR,,4806564,294346103,0 NAVSTAR 43 (USA 132),1 24876U 97035A   25217.10153715 -.00000029  00000-0  00000-0 0  9993,2 24876  55.8284 110.9410 0093661  55.3133 305.6124  2.00562669205613
3.0,GENERATED VIA SPACE-TRACK.ORG API,2025-08-07 02:11:08+00:00,18 SPCS,NAVSTAR 43 (USA 132),1997-035A,EARTH,TEME,UTC,SGP4,2025-08-06 02:22:08.499072+00:00,2.00562650,0.00937011,55.8288,110.9020,55.3358,305.5949,0,U,24876,999,20563,0.00000000000000,-0.00000019,0.0000000000000,26560.432,717.980,20431.171,19933.423,PAYLOAD,LARGE,US,1997-07-23,AFETR,,4806584,294468586,0 NAVSTAR 43 (USA 132),1 24876U 97035A   25218.09870948 -.00000019  00000-0  00000-0 0  9995,2 24876  55.8288 110.9020 0093701  55.3358 305.5949  2.00562650205634
3.0,GENERATED VIA SPACE-TRACK.ORG API,2025-08-07 22:50:55+00:00,18 SPCS,NAVSTAR 43 (USA 132),1997-035A,EARTH,TEME,UTC,SGP4,2025-08-07 02:18:04.280832+00:00,2.00562653,0.00937441,55.8292,110.8629,55.3606,305.5764,0,U,24876,999,20565,0.00000000000000,-0.00000009,0.0000000000000,26560.432,717.980,20431.285,19933.308,PAYLOAD,LARGE,US,1997-07-23,AFETR,,4806590,294499375,0 NAVSTAR 43 (USA 132),1 24876U 97035A   25219.09588288 -.00000009  00000-0  00000-0 0  9998,2 24876  55.8292 110.8629 0093744  55.3606 305.5764  2.00562653205656
3.0,GENERATED VIA SPACE-TRACK.ORG API,2025-08-08 04:05:44+00:00,18 SPCS,NAVSTAR 43 (USA 132),1997-035A,EARTH,TEME,UTC,SGP4,2025-08-07 14:16:02.225280+00:00,2.00562649,0.00937640,55.8294,110.8434,55.3730,305.5674,0,U,24876,999,20566,0.00000000000000,-0.00000003,0.0000000000000,26560.432,717.980,20431.338,19933.256,PAYLOAD,LARGE,US,1997-07-23,AFETR,,4806722,294533093,0 NAVSTAR 43 (USA 132),1 24876U 97035A   25219.59447020 -.00000003  00000-0  00000-0 0  9995,2 24876  55.8294 110.8434 0093764  55.3730 305.5674  2.00562649205668
3.0,GENERATED VIA SPACE-TRACK.ORG API,2025-08-08 05:06:19+00:00,18 SPCS,NAVSTAR 43 (USA 132),1997-035A,EARTH,TEME,UTC,SGP4,2025-08-07 14:16:02.225280+00:00,2.00562649,0.00937640,55.8294,110.8434,55.3730,305.5674,0,U,24876,999,20546,0.00000000000000,-0.00000003,0.0000000000000,26560.432,717.980,20431.338,19933.256,PAYLOAD,LARGE,US,1997-07-23,AFETR,,4807095,294566713,0 NAVSTAR 43 (USA 132),1 24876U 97035A   25219.59447020 -.00000003  00000-0  00000+0 0  9994,2 24876  55.8294 110.8434 0093764  55.3730 305.5674  2.00562649205466
3.0,GENERATED VIA SPACE-TRACK.ORG API,2025-08-08 18:04:55+00:00,18 SPCS,NAVSTAR 43 (USA 132),1997-035A,EARTH,TEME,UTC,SGP4,2025-08-08 02:14:00.292416+00:00,2.00562601,0.00937920,55.8296,110.8239,55.3855,305.5586,0,U,24876,999,20567,0.00000000000000,0.00000002,0.0000000000000,26560.436,717.980,20431.417,19933.186,PAYLOAD,LARGE,US,1997-07-23,AFETR,,4807944,294593214,0 NAVSTAR 43 (USA 132),1 24876U 97035A   25220.09305894  .00000002  00000-0  00000-0 0  9992,2 24876  55.8296 110.8239 0093792  55.3855 305.5586  2.00562601205673
3.0,GENERATED VIA SPACE-TRACK.ORG API,2025-08-09 04:31:16+00:00,18 SPCS,NAVSTAR 43 (USA 132),1997-035A,EARTH,TEME,UTC,SGP4,2025-08-08 14:11:58.200576+00:00,2.00562614,0.00938130,55.8298,110.8044,55.3980,305.5496,0,U,24876,999,20568,0.00000000000000,0.00000007,0.0000000000000,26560.435,717.980,20431.472,19933.129,PAYLOAD,LARGE,US,1997-07-23,AFETR,,4808267,294630997,0 NAVSTAR 43 (USA 132),1 24876U 97035A   25220.59164584  .00000007  00000-0  00000-0 0  9991,2 24876  55.8298 110.8044 0093813  55.3980 305.5496  2.00562614205687
3.0,GENERATED VIA SPACE-TRACK.ORG API,2025-08-09 17:24:41+00:00,18 SPCS,NAVSTAR 43 (USA 132),1997-035A,EARTH,TEME,UTC,SGP4,2025-08-09 02:09:56.018016+00:00,2.00562653,0.00938350,55.8300,110.7848,55.4100,305.5410,0,U,24876,999,20569,0.00000000000000,0.00000011,0.0000000000000,26560.432,717.980,20431.527,19933.067,PAYLOAD,LARGE,US,1997-07-23,AFETR,,4808974,294678699,0 NAVSTAR 43 (USA 132),1 24876U 97035A   25221.09023169  .00000011  00000-0  00000-0 0  9995,2 24876  55.8300 110.7848 0093835  55.4100 305.5410  2.00562653205691
3.0,GENERATED VIA SPACE-TRACK.ORG API,2025-08-10 14:46:18+00:00,18 SPCS,NAVSTAR 43 (USA 132),1997-035A,EARTH,TEME,UTC,SGP4,2025-08-10 02:05:51.891360+00:00,2.00562599,0.00938760,55.8304,110.7458,55.4339,305.5230,0,U,24876,999,20551,0.00000000000000,0.00000017,0.0000000000000,26560.437,717.980,20431.640,19932.963,PAYLOAD,LARGE,US,1997-07-23,AFETR,,4809865,294724695,0 NAVSTAR 43 (USA 132),1 24876U 97035A   25222.08740615  .00000017  00000-0  00000+0 0  9992,2 24876  55.8304 110.7458 0093876  55.4339 305.5230  2.00562599205511
3.0,GENERATED VIA SPACE-TRACK.ORG API,2025-08-10 17:15:53+00:00,18 SPCS,NAVSTAR 43 (USA 132),1997-035A,EARTH,TEME,UTC,SGP4,2025-08-10 02:05:51.891360+00:00,2.00562599,0.00938760,55.8304,110.7458,55.4339,305.5230,0,U,24876,999,20571,0.00000000000000,0.00000017,0.0000000000000,26560.437,717.980,20431.640,19932.963,PAYLOAD,LARGE,US,1997-07-23,AFETR,,4810125,294737004,0 NAVSTAR 43 (USA 132),1 24876U 97035A   25222.08740615  .00000017  00000-0  00000-0 0  9993,2 24876  55.8304 110.7458 0093876  55.4339 305.5230  2.00562599205713
3.0,GENERATED VIA SPACE-TRACK.ORG API,2025-08-11 09:36:26+00:00,18 SPCS,NAVSTAR 43 (USA 132),1997-035A,EARTH,TEME,UTC,SGP4,2025-08-11 02:01:47.375040+00:00,2.00562608,0.00939190,55.8309,110.7067,55.4560,305.5049,0,U,24876,999,20573,0.00000000000000,0.00000019,0.0000000000000,26560.436,717.980,20431.754,19932.848,PAYLOAD,LARGE,US,1997-07-23,AFETR,,4810761,294782979,0 NAVSTAR 43 (USA 132),1 24876U 97035A   25223.08457610  .00000019  00000-0  00000-0 0  9996,2 24876  55.8309 110.7067 0093919  55.4560 305.5049  2.00562608205739
3.0,GENERATED VIA SPACE-TRACK.ORG API,2025-08-11 20:39:09+00:00,18 SPCS,NAVSTAR 43 (USA 132),1997-035A,EARTH,TEME,UTC,SGP4,2025-08-11 02:01:47.376768+00:00,2.00562607,0.00939210,55.8309,110.7068,55.4561,305.5049,0,U,24876,999,20573,0.00000000000000,0.00000019,0.0000000000000,26560.436,717.980,20431.759,19932.843,PAYLOAD,LARGE,US,1997-07-23,AFETR,,4811117,294821120,0 NAVSTAR 43 (USA 132),1 24876U 97035A   25223.08457612  .00000019  00000-0  00000-0 0  9998,2 24876  55.8309 110.7068 0093921  55.4561 305.5049  2.00562607205733
3.0,GENERATED VIA SPACE-TRACK.ORG API,2025-08-12 03:11:01+00:00,18 SPCS,NAVSTAR 43 (USA 132),1997-035A,EARTH,TEME,UTC,SGP4,2025-08-11 13:59:45.046464+00:00,2.00562599,0.00939420,55.8311,110.6872,55.4663,305.4958,0,U,24876,999,20574,0.00000000000000,0.00000018,0.0000000000000,26560.437,717.980,20431.816,19932.787,PAYLOAD,LARGE,US,1997-07-23,AFETR,,4811455,294859899,0 NAVSTAR 43 (USA 132),1 24876U 97035A   25223.58316026  .00000018  00000-0  00000-0 0  9995,2 24876  55.8311 110.6872 0093942  55.4663 305.4958  2.00562599205743
3.0,GENERATED VIA SPACE-TRACK.ORG API,2025-08-12 18:14:07+00:00,18 SPCS,NAVSTAR 43 (USA 132),1997-035A,EARTH,TEME,UTC,SGP4,2025-08-12 01:57:42.604704+00:00,2.00562604,0.00939630,55.8313,110.6677,55.4765,305.4860,0,U,24876,999,20575,0.00000000000000,0.00000016,0.0000000000000,26560.436,717.980,20431.871,19932.731,PAYLOAD,LARGE,US,1997-07-23,AFETR,,4812255,294909531,0 NAVSTAR 43 (USA 132),1 24876U 97035A   25224.08174311  .00000016  00000-0  00000-0 0  9998,2 24876  55.8313 110.6677 0093963  55.4765 305.4860  2.00562604205754
3.0,GENERATED VIA SPACE-TRACK.ORG API,2025-08-13 23:01:20+00:00,18 SPCS,NAVSTAR 43 (USA 132),1997-035A,EARTH,TEME,UTC,SGP4,2025-08-13 01:53:37.570848+00:00,2.00562590,0.00940050,55.8317,110.6286,55.4969,305.4647,0,U,24876,999,20577,0.00000000000000,0.00000009,0.0000000000000,26560.437,717.980,20431.984,19932.621,PAYLOAD,LARGE,US,1997-07-23,AFETR,,4812257,294971438,0 NAVSTAR 43 (USA 132),1 24876U 97035A   25225.07890707  .00000009  00000-0  00000-0 0  9994,2 24876  55.8317 110.6286 0094005  55.4969 305.4647  2.00562590205777
3.0,GENERATED VIA SPACE-TRACK.ORG API,2025-08-14 20:24:33+00:00,18 SPCS,NAVSTAR 43 (USA 132),1997-035A,EARTH,TEME,UTC,SGP4,2025-08-14 01:49:32.289024+00:00,2.00562589,0.00940480,55.8322,110.5896,55.5182,305.4407,0,U,24876,999,20579,0.00000000000000,-0.00000002,0.0000000000000,26560.437,717.980,20432.098,19932.507,PAYLOAD,LARGE,US,1997-07-23,AFETR,,4812261,295032875,0 NAVSTAR 43 (USA 132),1 24876U 97035A   25226.07606816 -.00000002  00000-0  00000-0 0  9995,2 24876  55.8322 110.5896 0094048  55.5182 305.4407  2.00562589205798
3.0,GENERATED VIA SPACE-TRACK.ORG API,2025-08-15 17:34:54+00:00,18 SPCS,NAVSTAR 43 (USA 132),1997-035A,EARTH,TEME,UTC,SGP4,2025-08-15 01:45:26.894880+00:00,2.00562597,0.00940960,55.8326,110.5505,55.5407,305.4145,0,U,24876,999,20581,0.00000000000000,-0.00000014,0.0000000000000,26560.437,717.980,20432.225,19932.379,PAYLOAD,LARGE,US,1997-07-23,AFETR,,4812268,295156067,0 NAVSTAR 43 (USA 132),1 24876U 97035A   25227.07322795 -.00000014  00000-0  00000-0 0  9990,2 24876  55.8326 110.5505 0094096  55.5407 305.4145  2.00562597205813
3.0,GENERATED VIA SPACE-TRACK.ORG API,2025-08-15 22:36:49+00:00,18 SPCS,NAVSTAR 43 (USA 132),1997-035A,EARTH,TEME,UTC,SGP4,2025-08-13 01:53:37.570848+00:00,2.00562590,0.00940050,55.8317,110.6286,55.4969,305.4647,0,U,24876,999,20557,0.00000000000000,0.00000009,0.0000000000000,26560.437,717.980,20431.984,19932.621,PAYLOAD,LARGE,US,1997-07-23,AFETR,,4814318,295199109,0 NAVSTAR 43 (USA 132),1 24876U 97035A   25225.07890707  .00000009  00000-0  00000+0 0  9993,2 24876  55.8317 110.6286 0094005  55.4969 305.4647  2.00562590205575
3.0,GENERATED VIA SPACE-TRACK.ORG API,2025-08-16 11:26:30+00:00,18 SPCS,NAVSTAR 43 (USA 132),1997-035A,EARTH,TEME,UTC,SGP4,2025-08-16 01:41:21.579360+00:00,2.00562600,0.00941390,55.8331,110.5115,55.5642,305.3879,0,U,24876,999,20563,0.00000000000000,-0.00000024,0.0000000000000,26560.436,717.980,20432.339,19932.264,PAYLOAD,LARGE,US,1997-07-23,AFETR,,4815545,295288007,0 NAVSTAR 43 (USA 132),1 24876U 97035A   25228.07038865 -.00000024  00000-0  00000+0 0  9993,2 24876  55.8331 110.5115 0094139  55.5642 305.3879  2.00562600205633
3.0,GENERATED VIA SPACE-TRACK.ORG API,2025-08-16 17:54:20+00:00,18 SPCS,NAVSTAR 43 (USA 132),1997-035A,EARTH,TEME,UTC,SGP4,2025-08-16 01:41:21.579360+00:00,2.00562600,0.00941390,55.8331,110.5115,55.5642,305.3879,0,U,24876,999,20583,0.00000000000000,-0.00000024,0.0000000000000,26560.436,717.980,20432.339,19932.264,PAYLOAD,LARGE,US,1997-07-23,AFETR,,4816161,295309708,0 NAVSTAR 43 (USA 132),1 24876U 97035A   25228.07038865 -.00000024  00000-0  00000-0 0  9994,2 24876  55.8331 110.5115 0094139  55.5642 305.3879  2.00562600205835
3.0,GENERATED VIA SPACE-TRACK.ORG API,2025-08-17 03:07:36+00:00,18 SPCS,NAVSTAR 43 (USA 132),1997-035A,EARTH,TEME,UTC,SGP4,2025-08-16 13:39:19.048608+00:00,2.00562581,0.00941680,55.8333,110.4920,55.5765,305.3747,0,U,24876,999,20584,0.00000000000000,-0.00000028,0.0000000000000,26560.438,717.980,20432.417,19932.189,PAYLOAD,LARGE,US,1997-07-23,AFETR,,4816343,295375536,0 NAVSTAR 43 (USA 132),1 24876U 97035A   25228.56897047 -.00000028  00000-0  00000-0 0  9997,2 24876  55.8333 110.4920 0094168  55.5765 305.3747  2.00562581205841
3.0,GENERATED VIA SPACE-TRACK.ORG API,2025-08-17 19:21:32+00:00,18 SPCS,NAVSTAR 43 (USA 132),1997-035A,EARTH,TEME,UTC,SGP4,2025-08-17 01:37:16.462560+00:00,2.00562609,0.00941870,55.8335,110.4725,55.5890,305.3617,0,U,24876,999,20585,0.00000000000000,-0.00000031,0.0000000000000,26560.436,717.980,20432.465,19932.136,PAYLOAD,LARGE,US,1997-07-23,AFETR,,4817045,295484084,0 NAVSTAR 43 (USA 132),1 24876U 97035A   25229.06755165 -.00000031  00000-0  00000-0 0  9991,2 24876  55.8335 110.4725 0094187  55.5890 305.3617  2.00562609205854
3.0,GENERATED VIA SPACE-TRACK.ORG API,2025-08-18 19:34:57+00:00,18 SPCS,NAVSTAR 43 (USA 132),1997-035A,EARTH,TEME,UTC,SGP4,2025-08-18 01:33:11.601504+00:00,2.00562630,0.00942300,55.8340,110.4334,55.6144,305.3372,0,U,24876,999,20587,0.00000000000000,-0.00000033,0.0000000000000,26560.434,717.980,20432.578,19932.020,PAYLOAD,LARGE,US,1997-07-23,AFETR,,4818027,295568836,0 NAVSTAR 43 (USA 132),1 24876U 97035A   25230.06471761 -.00000033  00000-0  00000-0 0  9992,2 24876  55.8340 110.4334 0094230  55.6144 305.3372  2.00562630205872
3.0,GENERATED VIA SPACE-TRACK.ORG API,2025-08-19 14:46:19+00:00,18 SPCS,NAVSTAR 43 (USA 132),1997-035A,EARTH,TEME,UTC,SGP4,2025-08-19 01:29:07.046304+00:00,2.00562645,0.00942730,55.8345,110.3944,55.6399,305.3151,0,U,24876,999,20569,0.00000000000000,-0.00000030,0.0000000000000,26560.432,717.980,20432.691,19931.904,PAYLOAD,LARGE,US,1997-07-23,AFETR,,4818844,295641667,0 NAVSTAR 43 (USA 132),1 24876U 97035A   25231.06188711 -.00000030  00000-0  00000+0 0  9999,2 24876  55.8345 110.3944 0094273  55.6399 305.3151  2.00562645205693
3.0,GENERATED VIA SPACE-TRACK.ORG API,2025-08-19 19:13:10+00:00,18 SPCS,NAVSTAR 43 (USA 132),1997-035A,EARTH,TEME,UTC,SGP4,2025-08-19 01:29:07.046304+00:00,2.00562645,0.00942730,55.8345,110.3944,55.6399,305.3151,0,U,24876,999,20589,0.00000000000000,-0.00000030,0.0000000000000,26560.432,717.980,20432.691,19931.904,PAYLOAD,LARGE,US,1997-07-23,AFETR,,4818969,295652168,0 NAVSTAR 43 (USA 132),1 24876U 97035A   25231.06188711 -.00000030  00000-0  00000-0 0  9990,2 24876  55.8345 110.3944 0094273  55.6399 305.3151  2.00562645205895
3.0,GENERATED VIA SPACE-TRACK.ORG API,2025-08-20 22:00:37+00:00,18 SPCS,NAVSTAR 43 (USA 132),1997-035A,EARTH,TEME,UTC,SGP4,2025-08-20 01:25:02.658720+00:00,2.00562682,0.00943150,55.8350,110.3553,55.6637,305.2965,0,U,24876,999,20591,0.00000000000000,-0.00000022,0.0000000000000,26560.429,717.980,20432.799,19931.790,PAYLOAD,LARGE,US,1997-07-23,AFETR,,4819966,295736073,0 NAVSTAR 43 (USA 132),1 24876U 97035A   25232.05905855 -.00000022  00000-0  00000-0 0  9997,2 24876  55.8350 110.3553 0094315  55.6637 305.2965  2.00562682205915
3.0,GENERATED VIA SPACE-TRACK.ORG API,2025-08-22 21:09:24+00:00,18 SPCS,NAVSTAR 43 (USA 132),1997-035A,EARTH,TEME,UTC,SGP4,2025-08-22 01:16:54.208416+00:00,2.00562712,0.00943902,55.8359,110.2773,55.7095,305.2626,0,U,24876,999,20595,0.00000000000000,-0.00000004,0.0000000000000,26560.427,717.980,20432.996,19931.587,PAYLOAD,LARGE,US,1997-07-23,AFETR,,4820143,295804259,0 NAVSTAR 43 (USA 132),1 24876U 97035A   25234.05340519 -.00000004  00000-0  00000-0 0  9999,2 24876  55.8359 110.2773 0094390  55.7095 305.2626  2.00562712205951
3.0,GENERATED VIA SPACE-TRACK.ORG API,2025-08-24 02:08:44+00:00,18 SPCS,NAVSTAR 43 (USA 132),1997-035A,EARTH,TEME,UTC,SGP4,2025-08-23 01:12:49.794048+00:00,2.00562747,0.00944284,55.8364,110.2382,55.7311,305.2459,0,U,24876,999,20597,0.00000000000000,0.00000002,0.0000000000000,26560.423,717.980,20433.094,19931.483,PAYLOAD,LARGE,US,1997-07-23,AFETR,,4820264,295854779,0 NAVSTAR 43 (USA 132),1 24876U 97035A   25235.05057632  .00000002  00000-0  00000-0 0  9998,2 24876  55.8364 110.2382 0094428  55.7311 305.2459  2.00562747205970
3.0,GENERATED VIA SPACE-TRACK.ORG API,2025-08-24 18:52:16+00:00,18 SPCS,NAVSTAR 43 (USA 132),1997-035A,EARTH,TEME,UTC,SGP4,2025-08-24 01:08:45.202560+00:00,2.00562777,0.00944673,55.8369,110.1992,55.7543,305.2261,0,U,24876,999,20599,0.00000000000000,0.00000004,0.0000000000000,26560.421,717.980,20433.195,19931.377,PAYLOAD,LARGE,US,1997-07-23,AFETR,,4820322,295885291,0 NAVSTAR 43 (USA 132),1 24876U 97035A   25236.04774540  .00000004  00000-0  00000-0 0  9994,2 24876  55.8369 110.1992 0094467  55.7543 305.2261  2.00562777205997
3.0,GENERATED VIA SPACE-TRACK.ORG API,2025-08-25 02:12:38+00:00,18 SPCS,NAVSTAR 43 (USA 132),1997-035A,EARTH,TEME,UTC,SGP4,2025-08-24 13:06:42.801408+00:00,2.00562800,0.00944865,55.8371,110.1797,55.7665,305.2149,0,U,24876,999,20600,0.00000000000000,0.00000004,0.0000000000000,26560.419,717.980,20433.244,19931.324,PAYLOAD,LARGE,US,1997-07-23,AFETR,,4820340,295916473,0 NAVSTAR 43 (USA 132),1 24876U 97035A   25236.54632872  .00000004  00000-0  00000-0 0  9990,2 24876  55.8371 110.1797 0094487  55.7665 305.2149  2.00562800206005
3.0,GENERATED VIA SPACE-TRACK.ORG API,2025-08-25 21:12:07+00:00,18 SPCS,NAVSTAR 43 (USA 132),1997-035A,EARTH,TEME,UTC,SGP4,2025-08-25 01:04:40.387296+00:00,2.00562808,0.00945060,55.8374,110.1602,55.7793,305.2026,0,U,24876,999,20601,0.00000000000000,0.00000002,0.0000000000000,26560.418,717.980,20433.295,19931.271,PAYLOAD,LARGE,US,1997-07-23,AFETR,,4820412,295947000,0 NAVSTAR 43 (USA 132),1 24876U 97035A   25237.04491189  .00000002  00000-0  00000-0 0  9998,2 24876  55.8374 110.1602 0094506  55.7793 305.2026  2.00562808206010
3.0,GENERATED VIA SPACE-TRACK.ORG API,2025-08-26 22:27:06+00:00,18 SPCS,NAVSTAR 43 (USA 132),1997-035A,EARTH,TEME,UTC,SGP4,2025-08-26 01:00:35.423424+00:00,2.00562821,0.00945452,55.8378,110.1212,55.8057,305.1763,0,U,24876,999,20603,0.00000000000000,-0.00000003,0.0000000000000,26560.417,717.980,20433.398,19931.166,PAYLOAD,LARGE,US,1997-07-23,AFETR,,4820578,296008754,0 NAVSTAR 43 (USA 132),1 24876U 97035A   25238.04207666 -.00000003  00000-0  00000-0 0  9996,2 24876  55.8378 110.1212 0094545  55.8057 305.1763  2.00562821206032
3.0,GENERATED VIA SPACE-TRACK.ORG API,2025-08-27 12:18:54+00:00,18 SPCS,NAVSTAR 43 (USA 132),1997-035A,EARTH,TEME,UTC,SGP4,2025-08-27 00:56:30.310944+00:00,2.00562832,0.00945809,55.8383,110.0822,55.8325,305.1484,0,U,24876,999,20605,0.00000000000000,-0.00000010,0.0000000000000,26560.416,717.979,20433.492,19931.070,PAYLOAD,LARGE,US,1997-07-23,AFETR,,4820647,296070581,0 NAVSTAR 43 (USA 132),1 24876U 97035A   25239.03923971 -.00000010  00000-0  00000-0 0  9998,2 24876  55.8383 110.0822 0094581  55.8325 305.1484  2.00562832206056
3.0,GENERATED VIA SPACE-TRACK.ORG API,2025-08-27 20:01:58+00:00,18 SPCS,NAVSTAR 43 (USA 132),1997-035A,EARTH,TEME,UTC,SGP4,2025-08-27 00:56:30.321312+00:00,2.00562828,0.00945819,55.8383,110.0822,55.8326,305.1483,0,U,24876,999,20605,0.00000000000000,-0.00000010,0.0000000000000,26560.416,717.980,20433.495,19931.068,PAYLOAD,LARGE,US,1997-07-23,AFETR,,4820732,296101699,0 NAVSTAR 43 (USA 132),1 24876U 97035A   25239.03923983 -.00000010  00000-0  00000-0 0  9991,2 24876  55.8383 110.0822 0094582  55.8326 305.1483  2.00562828206052
3.0,GENERATED VIA SPACE-TRACK.ORG API,2025-08-28 23:13:47+00:00,18 SPCS,NAVSTAR 43 (USA 132),1997-035A,EARTH,TEME,UTC,SGP4,2025-08-28 00:52:25.099968+00:00,2.00562849,0.00946154,55.8387,110.0431,55.8587,305.1205,0,U,24876,999,20607,0.00000000000000,-0.00000016,0.0000000000000,26560.414,717.979,20433.582,19930.977,PAYLOAD,LARGE,US,1997-07-23,AFETR,,4820893,296193684,0 NAVSTAR 43 (USA 132),1 24876U 97035A   25240.03640162 -.00000016  00000-0  00000-0 0  9994,2 24876  55.8387 110.0431 0094615  55.8587 305.1205  2.00562849206075
3.0,GENERATED VIA SPACE-TRACK.ORG API,2025-08-29 09:54:54+00:00,18 SPCS,NAVSTAR 43 (USA 132),1997-035A,EARTH,TEME,UTC,SGP4,2025-08-29 00:48:19.826784+00:00,2.00562881,0.00946435,55.8392,110.0041,55.8825,305.0950,0,U,24876,999,20609,0.00000000000000,-0.00000019,0.0000000000000,26560.412,717.979,20433.654,19930.900,PAYLOAD,LARGE,US,1997-07-23,AFETR,,4820981,296255953,0 NAVSTAR 43 (USA 132),1 24876U 97035A   25241.03356281 -.00000019  00000-0  00000-0 0  9994,2 24876  55.8392 110.0041 0094644  55.8825 305.0950  2.00562881206099
3.0,GENERATED VIA SPACE-TRACK.ORG API,2025-08-30 11:24:46+00:00,18 SPCS,NAVSTAR 43 (USA 132),1997-035A,EARTH,TEME,UTC,SGP4,2025-08-30 00:44:14.699616+00:00,2.00562884,0.00946740,55.8397,109.9651,55.9040,305.0725,0,U,24876,999,20611,0.00000000000000,-0.00000019,0.0000000000000,26560.411,717.979,20433.735,19930.818,PAYLOAD,LARGE,US,1997-07-23,AFETR,,4821106,296379121,0 NAVSTAR 43 (USA 132),1 24876U 97035A   25242.03072569 -.00000019  00000-0  00000-0 0  9999,2 24876  55.8397 109.9651 0094674  55.9040 305.0725  2.00562884206117
3.0,GENERATED VIA SPACE-TRACK.ORG API,2025-08-31 11:35:43+00:00,18 SPCS,NAVSTAR 43 (USA 132),1997-035A,EARTH,TEME,UTC,SGP4,2025-08-31 00:40:09.645888+00:00,2.00562905,0.00947061,55.8402,109.9260,55.9250,305.0515,0,U,24876,999,20613,0.00000000000000,-0.00000015,0.0000000000000,26560.409,717.979,20433.818,19930.731,PAYLOAD,LARGE,US,1997-07-23,AFETR,,4821198,296440934,0 NAVSTAR 43 (USA 132),1 24876U 97035A   25243.02788942 -.00000015  00000-0  00000-0 0  9994,2 24876  55.8402 109.9260 0094706  55.9250 305.0515  2.00562905206132
3.0,GENERATED VIA SPACE-TRACK.ORG API,2025-09-01 10:16:30+00:00,18 SPCS,NAVSTAR 43 (USA 132),1997-035A,EARTH,TEME,UTC,SGP4,2025-09-01 00:36:04.826304+00:00,2.00562899,0.00947401,55.8407,109.8870,55.9465,305.0316,0,U,24876,999,20615,0.00000000000000,-0.00000008,0.0000000000000,26560.410,717.979,20433.909,19930.641,PAYLOAD,LARGE,US,1997-07-23,AFETR,,4821324,296533421,0 NAVSTAR 43 (USA 132),1 24876U 97035A   25244.02505586 -.00000008  00000-0  00000-0 0  9998,2 24876  55.8407 109.8870 0094740  55.9465 305.0316  2.00562899206152
3.0,GENERATED VIA SPACE-TRACK.ORG API,2025-09-02 10:20:33+00:00,18 SPCS,NAVSTAR 43 (USA 132),1997-035A,EARTH,TEME,UTC,SGP4,2025-09-02 00:32:00.173472+00:00,2.00562895,0.00947763,55.8412,109.8480,55.9693,305.0119,0,U,24876,999,20617,0.00000000000000,0.00000002,0.0000000000000,26560.410,717.979,20434.005,19930.546,PAYLOAD,LARGE,US,1997-07-23,AFETR,,4821465,296625947,0 NAVSTAR 43 (USA 132),1 24876U 97035A   25245.02222423  .00000002  00000-0  00000-0 0  9998,2 24876  55.8412 109.8480 0094776  55.9693 305.0119  2.00562895206176
3.0,GENERATED VIA SPACE-TRACK.ORG API,2025-09-03 10:15:41+00:00,18 SPCS,NAVSTAR 43 (USA 132),1997-035A,EARTH,TEME,UTC,SGP4,2025-09-03 00:27:55.642464+00:00,2.00562900,0.00948137,55.8417,109.8089,55.9921,304.9935,0,U,24876,999,20619,0.00000000000000,0.00000014,0.0000000000000,26560.410,717.979,20434.104,19930.446,PAYLOAD,LARGE,US,1997-07-23,AFETR,,4821572,296718441,0 NAVSTAR 43 (USA 132),1 24876U 97035A   25246.01939401  .00000014  00000-0  00000-0 0  9992,2 24876  55.8417 109.8089 0094814  55.9921 304.9935  2.00562900206196
3.0,GENERATED VIA SPACE-TRACK.ORG API,2025-09-04 04:29:00+00:00,18 SPCS,NAVSTAR 43 (USA 132),1997-035A,EARTH,TEME,UTC,SGP4,2025-09-03 12:25:53.503968+00:00,2.00562873,0.00948323,55.8420,109.7894,56.0026,304.9856,0,U,24876,999,20620,0.00000000000000,0.00000020,0.0000000000000,26560.412,717.979,20434.156,19930.399,PAYLOAD,LARGE,US,1997-07-23,AFETR,,4821716,296749295,0 NAVSTAR 43 (USA 132),1 24876U 97035A   25246.51798037  .00000020  00000-0  00000-0 0  9992,2 24876  55.8420 109.7894 0094832  56.0026 304.9856  2.00562873206204
3.0,GENERATED VIA SPACE-TRACK.ORG API,2025-09-04 10:13:37+00:00,18 SPCS,NAVSTAR 43 (USA 132),1997-035A,EARTH,TEME,UTC,SGP4,2025-09-04 00:23:51.278208+00:00,2.00562882,0.00948512,55.8422,109.7699,56.0133,304.9775,0,U,24876,999,20621,0.00000000000000,0.00000026,0.0000000000000,26560.412,717.979,20434.205,19930.348,PAYLOAD,LARGE,US,1997-07-23,AFETR,,4821752,296779500,0 NAVSTAR 43 (USA 132),1 24876U 97035A   25247.01656572  .00000026  00000-0  00000-0 0  9991,2 24876  55.8422 109.7699 0094851  56.0133 304.9775  2.00562882206210
3.0,GENERATED VIA SPACE-TRACK.ORG API,2025-09-06 10:23:13+00:00,18 SPCS,NAVSTAR 43 (USA 132),1997-035A,EARTH,TEME,UTC,SGP4,2025-09-06 00:15:42.438240+00:00,2.00562856,0.00949231,55.8432,109.6918,56.0587,304.9423,0,U,24876,999,20625,0.00000000000000,0.00000044,0.0000000000000,26560.414,717.979,20434.399,19930.159,PAYLOAD,LARGE,US,1997-07-23,AFETR,,4822049,296933828,0 NAVSTAR 43 (USA 132),1 24876U 97035A   25249.01090785  .00000044  00000-0  00000-0 0  9991,2 24876  55.8432 109.6918 0094923  56.0587 304.9423  2.00562856206252
3.0,GENERATED VIA SPACE-TRACK.ORG API,2025-09-07 09:49:38+00:00,18 SPCS,NAVSTAR 43 (USA 132),1997-035A,EARTH,TEME,UTC,SGP4,2025-09-07 00:11:37.800960+00:00,2.00562832,0.00949577,55.8437,109.6527,56.0796,304.9244,0,U,24876,999,20627,0.00000000000000,0.00000049,0.0000000000000,26560.416,717.979,20434.492,19930.070,PAYLOAD,LARGE,US,1997-07-23,AFETR,,4822108,296996189,0 NAVSTAR 43 (USA 132),1 24876U 97035A   25250.00807640  .00000049  00000-0  00000-0 0  9993,2 24876  55.8437 109.6527 0094958  56.0796 304.9244  2.00562832206270
3.0,GENERATED VIA SPACE-TRACK.ORG API,2025-09-08 09:49:28+00:00,18 SPCS,NAVSTAR 43 (USA 132),1997-035A,EARTH,TEME,UTC,SGP4,2025-09-08 00:07:32.795616+00:00,2.00562843,0.00949919,55.8443,109.6137,56.0983,304.9064,0,U,24876,999,20629,0.00000000000000,0.00000048,0.0000000000000,26560.415,717.979,20434.583,19929.978,PAYLOAD,LARGE,US,1997-07-23,AFETR,,4822176,297058054,0 NAVSTAR 43 (USA 132),1 24876U 97035A   25251.00524069  .00000048  00000-0  00000-0 0  9994,2 24876  55.8443 109.6137 0094992  56.0983 304.9064  2.00562843206294
3.0,GENERATED VIA SPACE-TRACK.ORG API,2025-09-09 10:35:32+00:00,18 SPCS,NAVSTAR 43 (USA 132),1997-035A,EARTH,TEME,UTC,SGP4,2025-09-09 00:03:27.575136+00:00,2.00562823,0.00950290,55.8448,109.5746,56.1164,304.8865,0,U,24876,999,20631,0.00000000000000,0.00000044,0.0000000000000,26560.417,717.980,20434.683,19929.881,PAYLOAD,LARGE,US,1997-07-23,AFETR,,4822351,297150194,0 NAVSTAR 43 (USA 132),1 24876U 97035A   25252.00240249  .00000044  00000-0  00000-0 0  9996,2 24876  55.8448 109.5746 0095029  56.1164 304.8865  2.00562823206317
3.0,GENERATED VIA SPACE-TRACK.ORG API,2025-09-10 04:10:32+00:00,18 SPCS,NAVSTAR 43 (USA 132),1997-035A,EARTH,TEME,UTC,SGP4,2025-09-09 12:01:24.838752+00:00,2.00562822,0.00950484,55.8450,109.5551,56.1256,304.8755,0,U,24876,999,20632,0.00000000000000,0.00000040,0.0000000000000,26560.417,717.980,20434.734,19929.829,PAYLOAD,LARGE,US,1997-07-23,AFETR,,4822509,297181930,0 NAVSTAR 43 (USA 132),1 24876U 97035A   25252.50098193  .00000040  00000-0  00000-0 0  9996,2 24876  55.8450 109.5551 0095048  56.1256 304.8755  2.00562822206325
3.0,GENERATED VIA SPACE-TRACK.ORG API,2025-09-11 10:07:58+00:00,18 SPCS,NAVSTAR 43 (USA 132),1997-035A,EARTH,TEME,UTC,SGP4,2025-09-10 23:55:16.364352+00:00,2.00562827,0.00950994,55.8458,109.4965,56.1531,304.8405,0,U,24876,999,20635,0.00000000000000,0.00000024,0.0000000000000,26560.416,717.980,20434.869,19929.693,PAYLOAD,LARGE,US,1997-07-23,AFETR,,4822732,297304919,0 NAVSTAR 43 (USA 132),1 24876U 97035A   25253.99671718  .00000024  00000-0  00000-0 0  9992,2 24876  55.8458 109.4965 0095099  56.1531 304.8405  2.00562827206353
3.0,GENERATED VIA SPACE-TRACK.ORG API,2025-09-12 04:49:39+00:00,18 SPCS,NAVSTAR 43 (USA 132),1997-035A,EARTH,TEME,UTC,SGP4,2025-09-11 11:53:13.545024+00:00,2.00562817,0.00951190,55.8461,109.4770,56.1634,304.8275,0,U,24876,999,20636,0.00000000000000,0.00000019,0.0000000000000,26560.417,717.980,20434.922,19929.642,PAYLOAD,LARGE,US,1997-07-23,AFETR,,4822839,297336123,0 NAVSTAR 43 (USA 132),1 24876U 97035A   25254.49529566  .00000019  00000-0  00000-0 0  9995,2 24876  55.8461 109.4770 0095119  56.1634 304.8275  2.00562817206363
3.0,GENERATED VIA SPACE-TRACK.ORG API,2025-09-13 03:01:38+00:00,18 SPCS,NAVSTAR 43 (USA 132),1997-035A,EARTH,TEME,UTC,SGP4,2025-09-12 11:49:07.886496+00:00,2.00562838,0.00951565,55.8467,109.4380,56.1847,304.8013,0,U,24876,999,20638,0.00000000000000,0.00000009,0.0000000000000,26560.415,717.979,20435.020,19929.541,PAYLOAD,LARGE,US,1997-07-23,AFETR,,4822920,297397994,0 NAVSTAR 43 (USA 132),1 24876U 97035A   25255.49245239  .00000009  00000-0  00000-0 0  9997,2 24876  55.8467 109.4380 0095157  56.1847 304.8013  2.00562838206389
3.0,GENERATED VIA SPACE-TRACK.ORG API,2025-09-14 10:03:03+00:00,18 SPCS,NAVSTAR 43 (USA 132),1997-035A,EARTH,TEME,UTC,SGP4,2025-09-13 23:42:59.890752+00:00,2.00562847,0.00952107,55.8475,109.3794,56.2185,304.7638,0,U,24876,999,20641,0.00000000000000,0.00000002,0.0000000000000,26560.415,717.979,20435.163,19929.396,PAYLOAD,LARGE,US,1997-07-23,AFETR,,4823016,297491329,0 NAVSTAR 43 (USA 132),1 24876U 97035A   25256.98819318  .00000002  00000-0  00000-0 0  9990,2 24876  55.8475 109.3794 0095211  56.2185 304.7638  2.00562847206419
3.0,GENERATED VIA SPACE-TRACK.ORG API,2025-09-15 10:34:35+00:00,18 SPCS,NAVSTAR 43 (USA 132),1997-035A,EARTH,TEME,UTC,SGP4,2025-09-14 23:38:54.904416+00:00,2.00562864,0.00952433,55.8480,109.3404,56.2400,304.7427,0,U,24876,999,20643,0.00000000000000,0.00000004,0.0000000000000,26560.413,717.979,20435.248,19929.308,PAYLOAD,LARGE,US,1997-07-23,AFETR,,4823105,297552917,0 NAVSTAR 43 (USA 132),1 24876U 97035A   25257.98535769  .00000004  00000-0  00000-0 0  9998,2 24876  55.8480 109.3404 0095243  56.2400 304.7427  2.00562864206435
3.0,GENERATED VIA SPACE-TRACK.ORG API,2025-09-16 04:27:54+00:00,18 SPCS,NAVSTAR 43 (USA 132),1997-035A,EARTH,TEME,UTC,SGP4,2025-09-15 11:36:52.520544+00:00,2.00562869,0.00952604,55.8483,109.3209,56.2505,304.7334,0,U,24876,999,20644,0.00000000000000,0.00000007,0.0000000000000,26560.413,717.979,20435.293,19929.262,PAYLOAD,LARGE,US,1997-07-23,AFETR,,4823260,297646231,0 NAVSTAR 43 (USA 132),1 24876U 97035A   25258.48394121  .00000007  00000-0  00000-0 0  9992,2 24876  55.8483 109.3209 0095260  56.2505 304.7334  2.00562869206449
3.0,GENERATED VIA SPACE-TRACK.ORG API,2025-09-16 10:08:32+00:00,18 SPCS,NAVSTAR 43 (USA 132),1997-035A,EARTH,TEME,UTC,SGP4,2025-09-15 23:34:50.184192+00:00,2.00562876,0.00952750,55.8486,109.3014,56.2607,304.7247,0,U,24876,999,20645,0.00000000000000,0.00000011,0.0000000000000,26560.412,717.979,20435.331,19929.223,PAYLOAD,LARGE,US,1997-07-23,AFETR,,4823280,297677081,0 NAVSTAR 43 (USA 132),1 24876U 97035A   25258.98252528  .00000011  00000-0  00000-0 0  9996,2 24876  55.8486 109.3014 0095275  56.2607 304.7247  2.00562876206457
3.0,GENERATED VIA SPACE-TRACK.ORG API,2025-09-17 10:09:23+00:00,18 SPCS,NAVSTAR 43 (USA 132),1997-035A,EARTH,TEME,UTC,SGP4,2025-09-16 11:32:47.868576+00:00,2.00562893,0.00952924,55.8489,109.2819,56.2714,304.7157,0,U,24876,999,20646,0.00000000000000,0.00000015,0.0000000000000,26560.411,717.979,20435.376,19929.175,PAYLOAD,LARGE,US,1997-07-23,AFETR,,4823413,297739199,0 NAVSTAR 43 (USA 132),1 24876U 97035A   25259.48110959  .00000015  00000-0  00000-0 0  9997,2 24876  55.8489 109.2819 0095292  56.2714 304.7157  2.00562893206460
3.0,GENERATED VIA SPACE-TRACK.ORG API,2025-09-18 03:57:06+00:00,18 SPCS,NAVSTAR 43 (USA 132),1997-035A,EARTH,TEME,UTC,SGP4,2025-09-17 11:28:43.302144+00:00,2.00562918,0.00953237,55.8495,109.2429,56.2910,304.7002,0,U,24876,999,20648,0.00000000000000,0.00000025,0.0000000000000,26560.408,717.979,20435.457,19929.090,PAYLOAD,LARGE,US,1997-07-23,AFETR,,4823497,297770917,0 NAVSTAR 43 (USA 132),1 24876U 97035A   25260.47827896  .00000025  00000-0  00000-0 0  9994,2 24876  55.8495 109.2429 0095324  56.2910 304.7002  2.00562918206487
3.0,GENERATED VIA SPACE-TRACK.ORG API,2025-09-21 03:43:52+00:00,18 SPCS,NAVSTAR 43 (USA 132),1997-035A,EARTH,TEME,UTC,SGP4,2025-09-19 23:18:31.444128+00:00,2.00562995,0.00953960,55.8508,109.1453,56.3362,304.6620,0,U,24876,999,20653,0.00000000000000,0.00000040,0.0000000000000,26560.402,717.979,20435.642,19928.891,PAYLOAD,LARGE,US,1997-07-23,AFETR,,4824003,297988214,0 NAVSTAR 43 (USA 132),1 24876U 97035A   25262.97119727  .00000040  00000-0  00000-0 0  9995,2 24876  55.8508 109.1453 0095396  56.3362 304.6620  2.00562995206535
3.0,GENERATED VIA SPACE-TRACK.ORG API,2025-09-21 11:54:41+00:00,18 SPCS,NAVSTAR 43 (USA 132),1997-035A,EARTH,TEME,UTC,SGP4,2025-09-20 23:14:26.389536+00:00,2.00563014,0.00954252,55.8513,109.1063,56.3557,304.6426,0,U,24876,999,20655,0.00000000000000,0.00000039,0.0000000000000,26560.400,717.979,20435.718,19928.812,PAYLOAD,LARGE,US,1997-07-23,AFETR,,4824053,298018604,0 NAVSTAR 43 (USA 132),1 24876U 97035A   25263.96836099  .00000039  00000-0  00000-0 0  9991,2 24876  55.8513 109.1063 0095425  56.3557 304.6426  2.00563014206556
3.0,GENERATED VIA SPACE-TRACK.ORG API,2025-09-22 10:52:18+00:00,18 SPCS,NAVSTAR 43 (USA 132),1997-035A,EARTH,TEME,UTC,SGP4,2025-09-21 23:10:21.116352+00:00,2.00563036,0.00954522,55.8518,109.0673,56.3774,304.6192,0,U,24876,999,20657,0.00000000000000,0.00000035,0.0000000000000,26560.398,717.979,20435.788,19928.738,PAYLOAD,LARGE,US,1997-07-23,AFETR,,4824121,298143010,0 NAVSTAR 43 (USA 132),1 24876U 97035A   25264.96552218  .00000035  00000-0  00000-0 0  9996,2 24876  55.8518 109.0673 0095452  56.3774 304.6192  2.00563036206574
3.0,GENERATED VIA SPACE-TRACK.ORG API,2025-09-22 19:16:55+00:00,18 SPCS,NAVSTAR 43 (USA 132),1997-035A,EARTH,TEME,UTC,SGP4,2025-09-22 11:08:18.419712+00:00,2.00563039,0.00954615,55.8521,109.0478,56.3876,304.6077,0,U,24876,999,20658,0.00000000000000,0.00000032,0.0000000000000,26560.398,717.979,20435.812,19928.713,PAYLOAD,LARGE,US,1997-07-23,AFETR,,4824186,298174241,0 NAVSTAR 43 (USA 132),1 24876U 97035A   25265.46410208  .00000032  00000-0  00000-0 0  9991,2 24876  55.8521 109.0478 0095461  56.3876 304.6077  2.00563039206580
3.0,GENERATED VIA SPACE-TRACK.ORG API,2025-09-23 17:32:54+00:00,18 SPCS,NAVSTAR 43 (USA 132),1997-035A,EARTH,TEME,UTC,SGP4,2025-09-22 23:06:15.674688+00:00,2.00563060,0.00954798,55.8524,109.0283,56.4003,304.5935,0,U,24876,999,20659,0.00000000000000,0.00000028,0.0000000000000,26560.396,717.979,20435.859,19928.663,PAYLOAD,LARGE,US,1997-07-23,AFETR,,4824200,298237095,0 NAVSTAR 43 (USA 132),1 24876U 97035A   25265.96268142  .00000028  00000-0  00000-0 0  9999,2 24876  55.8524 109.0283 0095480  56.4003 304.5935  2.00563060206598
3.0,GENERATED VIA SPACE-TRACK.ORG API,2025-09-24 10:28:35+00:00,18 SPCS,NAVSTAR 43 (USA 132),1997-035A,EARTH,TEME,UTC,SGP4,2025-09-23 23:02:10.116384+00:00,2.00563093,0.00955069,55.8530,108.9894,56.4236,304.5665,0,U,24876,999,20661,0.00000000000000,0.00000022,0.0000000000000,26560.393,717.979,20435.928,19928.588,PAYLOAD,LARGE,US,1997-07-23,AFETR,,4824357,298329822,0 NAVSTAR 43 (USA 132),1 24876U 97035A   25266.95983931  .00000022  00000-0  00000-0 0  9993,2 24876  55.8530 108.9894 0095507  56.4236 304.5665  2.00563093206618
3.0,GENERATED VIA SPACE-TRACK.ORG API,2025-09-25 03:43:41+00:00,18 SPCS,NAVSTAR 43 (USA 132),1997-035A,EARTH,TEME,UTC,SGP4,2025-09-24 22:58:04.586592+00:00,2.00563093,0.00955244,55.8534,108.9504,56.4416,304.5446,0,U,24876,999,20663,0.00000000000000,0.00000017,0.0000000000000,26560.393,717.979,20435.975,19928.541,PAYLOAD,LARGE,US,1997-07-23,AFETR,,4824422,298361092,0 NAVSTAR 43 (USA 132),1 24876U 97035A   25267.95699753  .00000017  00000-0  00000-0 0  9994,2 24876  55.8534 108.9504 0095524  56.4416 304.5446  2.00563093206638
3.0,GENERATED VIA SPACE-TRACK.ORG API,2025-09-25 10:31:37+00:00,18 SPCS,NAVSTAR 43 (USA 132),1997-035A,EARTH,TEME,UTC,SGP4,2025-09-24 22:58:04.577088+00:00,2.00563103,0.00955281,55.8535,108.9504,56.4418,304.5444,0,U,24876,999,20663,0.00000000000000,0.00000017,0.0000000000000,26560.392,717.979,20435.984,19928.531,PAYLOAD,LARGE,US,1997-07-23,AFETR,,4824485,298392053,0 NAVSTAR 43 (USA 132),1 24876U 97035A   25267.95699742  .00000017  00000-0  00000-0 0  9992,2 24876  55.8535 108.9504 0095528  56.4418 304.5444  2.00563103206635
3.0,GENERATED VIA SPACE-TRACK.ORG API,2025-09-26 03:45:41+00:00,18 SPCS,NAVSTAR 43 (USA 132),1997-035A,EARTH,TEME,UTC,SGP4,2025-09-25 22:53:59.076672+00:00,2.00563111,0.00955471,55.8540,108.9114,56.4591,304.5238,0,U,24876,999,20665,0.00000000000000,0.00000015,0.0000000000000,26560.391,717.978,20436.033,19928.479,PAYLOAD,LARGE,US,1997-07-23,AFETR,,4824533,298422826,0 NAVSTAR 43 (USA 132),1 24876U 97035A   25268.95415598  .00000015  00000-0  00000-0 0  9996,2 24876  55.8540 108.9114 0095547  56.4591 304.5238  2.00563111206653
3.0,GENERATED VIA SPACE-TRACK.ORG API,2025-09-26 10:05:26+00:00,18 SPCS,NAVSTAR 43 (USA 132),1997-035A,EARTH,TEME,UTC,SGP4,2025-09-25 22:53:59.079264+00:00,2.00563114,0.00955490,55.8540,108.9114,56.4596,304.5233,0,U,24876,999,20665,0.00000000000000,0.00000015,0.0000000000000,26560.391,717.978,20436.038,19928.474,PAYLOAD,LARGE,US,1997-07-23,AFETR,,4824534,298453700,0 NAVSTAR 43 (USA 132),1 24876U 97035A   25268.95415601  .00000015  00000-0  00000-0 0  9991,2 24876  55.8540 108.9114 0095549  56.4596 304.5233  2.00563114206658
3.0,GENERATED VIA SPACE-TRACK.ORG API,2025-09-26 18:16:36+00:00,18 SPCS,NAVSTAR 43 (USA 132),1997-035A,EARTH,TEME,UTC,SGP4,2025-09-25 22:53:59.079264+00:00,2.00563114,0.00955490,55.8540,108.9113,56.4596,304.5233,0,U,24876,999,20665,0.00000000000000,0.00000015,0.0000000000000,26560.391,717.978,20436.038,19928.474,PAYLOAD,LARGE,US,1997-07-23,AFETR,,4824705,298482503,0 NAVSTAR 43 (USA 132),1 24876U 97035A   25268.95415601  .00000015  00000-0  00000+0 0  9990,2 24876  55.8540 108.9113 0095549  56.4596 304.5233  2.00563114206657
3.0,GENERATED VIA SPACE-TRACK.ORG API,2025-09-27 02:24:26+00:00,18 SPCS,NAVSTAR 43 (USA 132),1997-035A,EARTH,TEME,UTC,SGP4,2025-09-26 10:51:56.366208+00:00,2.00563119,0.00955593,55.8542,108.8918,56.4677,304.5139,0,U,24876,999,20666,0.00000000000000,0.00000016,0.0000000000000,26560.391,717.978,20436.065,19928.446,PAYLOAD,LARGE,US,1997-07-23,AFETR,,4824809,298491799,0 NAVSTAR 43 (USA 132),1 24876U 97035A   25269.45273572  .00000016  00000-0  00000-0 0  9997,2 24876  55.8542 108.8918 0095559  56.4677 304.5139  2.00563119206663
3.0,GENERATED VIA SPACE-TRACK.ORG API,2025-09-27 10:26:35+00:00,18 SPCS,NAVSTAR 43 (USA 132),1997-035A,EARTH,TEME,UTC,SGP4,2025-09-26 22:49:53.670432+00:00,2.00563130,0.00955696,55.8545,108.8723,56.4752,304.5054,0,U,24876,999,20667,0.00000000000000,0.00000018,0.0000000000000,26560.390,717.978,20436.091,19928.418,PAYLOAD,LARGE,US,1997-07-23,AFETR,,4824833,298522743,0 NAVSTAR 43 (USA 132),1 24876U 97035A   25269.95131563  .00000018  00000-0  00000-0 0  9997,2 24876  55.8545 108.8723 0095570  56.4752 304.5054  2.00563130206677
3.0,GENERATED VIA SPACE-TRACK.ORG API,2025-09-28 04:05:56+00:00,18 SPCS,NAVSTAR 43 (USA 132),1997-035A,EARTH,TEME,UTC,SGP4,2025-09-27 10:47:51.061920+00:00,2.00563122,0.00955811,55.8548,108.8528,56.4826,304.4973,0,U,24876,999,20668,0.00000000000000,0.00000020,0.0000000000000,26560.390,717.978,20436.122,19928.388,PAYLOAD,LARGE,US,1997-07-23,AFETR,,4824924,298585002,0 NAVSTAR 43 (USA 132),1 24876U 97035A   25270.44989655  .00000020  00000-0  00000-0 0  9999,2 24876  55.8548 108.8528 0095581  56.4826 304.4973  2.00563122206688
3.0,GENERATED VIA SPACE-TRACK.ORG API,2025-09-29 03:46:59+00:00,18 SPCS,NAVSTAR 43 (USA 132),1997-035A,EARTH,TEME,UTC,SGP4,2025-09-28 10:43:45.933888+00:00,2.00563122,0.00956055,55.8554,108.8138,56.4982,304.4815,0,U,24876,999,20670,0.00000000000000,0.00000028,0.0000000000000,26560.390,717.978,20436.187,19928.323,PAYLOAD,LARGE,US,1997-07-23,AFETR,,4825005,298647260,0 NAVSTAR 43 (USA 132),1 24876U 97035A   25271.44705942  .00000028  00000-0  00000-0 0  9993,2 24876  55.8554 108.8138 0095605  56.4982 304.4815  2.00563122206700
3.0,GENERATED VIA SPACE-TRACK.ORG API,2025-09-29 10:14:38+00:00,18 SPCS,NAVSTAR 43 (USA 132),1997-035A,EARTH,TEME,UTC,SGP4,2025-09-28 22:41:43.416096+00:00,2.00563129,0.00956184,55.8556,108.7943,56.5069,304.4733,0,U,24876,999,20671,0.00000000000000,0.00000033,0.0000000000000,26560.390,717.978,20436.221,19928.289,PAYLOAD,LARGE,US,1997-07-23,AFETR,,4825035,298677715,0 NAVSTAR 43 (USA 132),1 24876U 97035A   25271.94564139  .00000033  00000-0  00000-0 0  9995,2 24876  55.8556 108.7943 0095618  56.5069 304.4733  2.00563129206713
3.0,GENERATED VIA SPACE-TRACK.ORG API,2025-09-30 03:31:26+00:00,18 SPCS,NAVSTAR 43 (USA 132),1997-035A,EARTH,TEME,UTC,SGP4,2025-09-29 10:39:40.945824+00:00,2.00563132,0.00956298,55.8559,108.7748,56.5150,304.4661,0,U,24876,999,20672,0.00000000000000,0.00000039,0.0000000000000,26560.390,717.978,20436.251,19928.258,PAYLOAD,LARGE,US,1997-07-23,AFETR,,4825701,298722138,0 NAVSTAR 43 (USA 132),1 24876U 97035A   25272.44422391  .00000039  00000-0  00000-0 0  9990,2 24876  55.8559 108.7748 0095630  56.5150 304.4661  2.00563132206729
3.0,GENERATED VIA SPACE-TRACK.ORG API,2025-09-30 17:43:47+00:00,18 SPCS,NAVSTAR 43 (USA 132),1997-035A,EARTH,TEME,UTC,SGP4,2025-09-30 10:35:36.172032+00:00,2.00563119,0.00956593,55.8565,108.7358,56.5341,304.4496,0,U,24876,999,20674,0.00000000000000,0.00000050,0.0000000000000,26560.391,717.978,20436.330,19928.181,PAYLOAD,LARGE,US,1997-07-23,AFETR,,4827030,298814319,0 NAVSTAR 43 (USA 132),1 24876U 97035A   25273.44139088  .00000050  00000-0  00000-0 0  9992,2 24876  55.8565 108.7358 0095659  56.5341 304.4496  2.00563119206749
3.0,GENERATED VIA SPACE-TRACK.ORG API,2025-09-30 22:36:23+00:00,18 SPCS,NAVSTAR 43 (USA 132),1997-035A,EARTH,TEME,UTC,SGP4,2025-09-30 10:35:36.172032+00:00,2.00563119,0.00956590,55.8565,108.7358,56.5341,304.4496,0,U,24876,999,20674,0.00000000000000,0.00000050,0.0000000000000,26560.391,717.978,20436.330,19928.182,PAYLOAD,LARGE,US,1997-07-23,AFETR,,4827444,298848814,0 NAVSTAR 43 (USA 132),1 24876U 97035A   25273.44139088  .00000050  00000-0  00000+0 0  9991,2 24876  55.8565 108.7358 0095659  56.5341 304.4496  2.00563119206749
3.0,GENERATED VIA SPACE-TRACK.ORG API,2025-10-02 07:16:36+00:00,18 SPCS,NAVSTAR 43 (USA 132),1997-035A,EARTH,TEME,UTC,SGP4,2025-10-01 22:29:29.131008+00:00,2.00563100,0.00957000,55.8573,108.6773,56.5615,304.4274,0,U,24876,999,20677,0.00000000000000,0.00000067,0.0000000000000,26560.392,717.979,20436.440,19928.074,PAYLOAD,LARGE,US,1997-07-23,AFETR,,4830356,298976303,0 NAVSTAR 43 (USA 132),1 24876U 97035A   25274.93714272  .00000067  00000-0  00000+0 0  9998,2 24876  55.8573 108.6773 0095700  56.5615 304.4274  2.00563100206776
3.0,GENERATED VIA SPACE-TRACK.ORG API,2025-10-02 20:40:47+00:00,18 SPCS,NAVSTAR 43 (USA 132),1997-035A,EARTH,TEME,UTC,SGP4,2025-10-01 22:29:29.131872+00:00,2.00563100,0.00957001,55.8573,108.6773,56.5615,304.4274,0,U,24876,999,20677,0.00000000000000,0.00000067,0.0000000000000,26560.392,717.979,20436.441,19928.074,PAYLOAD,LARGE,US,1997-07-23,AFETR,,4830696,298990407,0 NAVSTAR 43 (USA 132),1 24876U 97035A   25274.93714273  .00000067  00000-0  00000-0 0  9990,2 24876  55.8573 108.6773 0095700  56.5615 304.4274  2.00563100206776
3.0,GENERATED VIA SPACE-TRACK.ORG API,2025-10-03 02:26:47+00:00,18 SPCS,NAVSTAR 43 (USA 132),1997-035A,EARTH,TEME,UTC,SGP4,2025-10-02 10:27:26.730720+00:00,2.00563106,0.00957173,55.8576,108.6577,56.5681,304.4224,0,U,24876,999,20678,0.00000000000000,0.00000072,0.0000000000000,26560.392,717.979,20436.486,19928.028,PAYLOAD,LARGE,US,1997-07-23,AFETR,,4831546,299041642,0 NAVSTAR 43 (USA 132),1 24876U 97035A   25275.43572605  .00000072  00000-0  00000-0 0  9993,2 24876  55.8576 108.6577 0095717  56.5681 304.4224  2.00563106206784
3.0,GENERATED VIA SPACE-TRACK.ORG API,2025-10-03 13:06:46+00:00,18 SPCS,NAVSTAR 43 (USA 132),1997-035A,EARTH,TEME,UTC,SGP4,2025-10-02 22:25:24.339072+00:00,2.00563102,0.00957258,55.8579,108.6382,56.5778,304.4141,0,U,24876,999,20679,0.00000000000000,0.00000076,0.0000000000000,26560.392,717.979,20436.509,19928.006,PAYLOAD,LARGE,US,1997-07-23,AFETR,,4831615,299072625,0 NAVSTAR 43 (USA 132),1 24876U 97035A   25275.93430948  .00000076  00000-0  00000-0 0  9995,2 24876  55.8579 108.6382 0095726  56.5778 304.4141  2.00563102206793
3.0,GENERATED VIA SPACE-TRACK.ORG API,2025-10-05 07:26:57+00:00,18 SPCS,NAVSTAR 43 (USA 132),1997-035A,EARTH,TEME,UTC,SGP4,2025-10-04 22:17:14.275680+00:00,2.00563078,0.00957750,55.8589,108.5602,56.6072,304.3862,0,U,24876,999,20683,0.00000000000000,0.00000083,0.0000000000000,26560.394,717.979,20436.641,19927.877,PAYLOAD,LARGE,US,1997-07-23,AFETR,,4833415,299164061,0 NAVSTAR 43 (USA 132),1 24876U 97035A   25277.92863745  .00000083  00000-0  00000+0 0  9998,2 24876  55.8589 108.5602 0095775  56.6072 304.3862  2.00563078206836
3.0,GENERATED VIA SPACE-TRACK.ORG API,2025-10-05 14:56:20+00:00,18 SPCS,NAVSTAR 43 (USA 132),1997-035A,EARTH,TEME,UTC,SGP4,2025-10-04 22:17:14.280000+00:00,2.00563074,0.00957800,55.8589,108.5601,56.6054,304.3880,0,U,24876,999,20683,0.00000000000000,0.00000083,0.0000000000000,26560.395,717.979,20436.655,19927.864,PAYLOAD,LARGE,US,1997-07-23,AFETR,,4834230,299183245,0 NAVSTAR 43 (USA 132),1 24876U 97035A   25277.92863750  .00000083  00000-0  00000+0 0  9994,2 24876  55.8589 108.5601 0095780  56.6054 304.3880  2.00563074206837
3.0,GENERATED VIA SPACE-TRACK.ORG API,2025-10-06 07:36:42+00:00,18 SPCS,NAVSTAR 43 (USA 132),1997-035A,EARTH,TEME,UTC,SGP4,2025-10-05 22:13:08.826240+00:00,2.00563067,0.00958000,55.8595,108.5211,56.6201,304.3706,0,U,24876,999,20685,0.00000000000000,0.00000080,0.0000000000000,26560.395,717.979,20436.709,19927.812,PAYLOAD,LARGE,US,1997-07-23,AFETR,,4835156,299200558,0 NAVSTAR 43 (USA 132),1 24876U 97035A   25278.92579660  .00000080  00000-0  00000+0 0  9996,2 24876  55.8595 108.5211 0095800  56.6201 304.3706  2.00563067206859
3.0,GENERATED VIA SPACE-TRACK.ORG API,2025-10-06 19:15:26+00:00,18 SPCS,NAVSTAR 43 (USA 132),1997-035A,EARTH,TEME,UTC,SGP4,2025-10-05 22:13:08.826240+00:00,2.00563067,0.00957999,55.8595,108.5211,56.6201,304.3706,0,U,24876,999,20685,0.00000000000000,0.00000080,0.0000000000000,26560.395,717.979,20436.709,19927.812,PAYLOAD,LARGE,US,1997-07-23,AFETR,,4836314,299232949,0 NAVSTAR 43 (USA 132),1 24876U 97035A   25278.92579660  .00000080  00000-0  00000-0 0  9997,2 24876  55.8595 108.5211 0095800  56.6201 304.3706  2.00563067206859
3.0,GENERATED VIA SPACE-TRACK.ORG API,2025-10-07 04:22:25+00:00,18 SPCS,NAVSTAR 43 (USA 132),1997-035A,EARTH,TEME,UTC,SGP4,2025-10-06 10:11:05.962848+00:00,2.00563071,0.00958162,55.8598,108.5016,56.6251,304.3633,0,U,24876,999,20686,0.00000000000000,0.00000076,0.0000000000000,26560.395,717.979,20436.752,19927.768,PAYLOAD,LARGE,US,1997-07-23,AFETR,,4836352,299264430,0 NAVSTAR 43 (USA 132),1 24876U 97035A   25279.42437457  .00000076  00000-0  00000-0 0  9995,2 24876  55.8598 108.5016 0095816  56.6251 304.3633  2.00563071206862
3.0,GENERATED VIA SPACE-TRACK.ORG API,2025-10-07 11:10:06+00:00,18 SPCS,NAVSTAR 43 (USA 132),1997-035A,EARTH,TEME,UTC,SGP4,2025-10-06 22:09:03.090816+00:00,2.00563060,0.00958247,55.8600,108.4821,56.6329,304.3527,0,U,24876,999,20687,0.00000000000000,0.00000072,0.0000000000000,26560.396,717.979,20436.775,19927.747,PAYLOAD,LARGE,US,1997-07-23,AFETR,,4836423,299295391,0 NAVSTAR 43 (USA 132),1 24876U 97035A   25279.92295244  .00000072  00000-0  00000-0 0  9992,2 24876  55.8600 108.4821 0095825  56.6329 304.3527  2.00563060206876
3.0,GENERATED VIA SPACE-TRACK.ORG API,2025-10-07 23:26:21+00:00,18 SPCS,NAVSTAR 43 (USA 132),1997-035A,EARTH,TEME,UTC,SGP4,2025-10-07 10:07:00.141888+00:00,2.00563057,0.00958400,55.8603,108.4626,56.6399,304.3425,0,U,24876,999,20688,0.00000000000000,0.00000067,0.0000000000000,26560.396,717.979,20436.816,19927.706,PAYLOAD,LARGE,US,1997-07-23,AFETR,,4836770,299357780,0 NAVSTAR 43 (USA 132),1 24876U 97035A   25280.42152942  .00000067  00000-0  00000+0 0  9999,2 24876  55.8603 108.4626 0095840  56.6399 304.3425  2.00563057206880
3.0,GENERATED VIA SPACE-TRACK.ORG API,2025-10-08 03:17:49+00:00,18 SPCS,NAVSTAR 43 (USA 132),1997-035A,EARTH,TEME,UTC,SGP4,2025-10-07 10:07:00.142752+00:00,2.00563057,0.00958398,55.8603,108.4626,56.6399,304.3425,0,U,24876,999,20688,0.00000000000000,0.00000067,0.0000000000000,26560.396,717.979,20436.816,19927.707,PAYLOAD,LARGE,US,1997-07-23,AFETR,,4836982,299368754,0 NAVSTAR 43 (USA 132),1 24876U 97035A   25280.42152943  .00000067  00000-0  00000-0 0  9991,2 24876  55.8603 108.4626 0095840  56.6399 304.3425  2.00563057206880
3.0,GENERATED VIA SPACE-TRACK.ORG API,2025-10-08 06:56:21+00:00,18 SPCS,NAVSTAR 43 (USA 132),1997-035A,EARTH,TEME,UTC,SGP4,2025-10-07 22:04:57.135072+00:00,2.00563066,0.00958510,55.8606,108.4430,56.6467,304.3322,0,U,24876,999,20689,0.00000000000000,0.00000061,0.0000000000000,26560.395,717.979,20436.844,19927.676,PAYLOAD,LARGE,US,1997-07-23,AFETR,,4837387,299403482,0 NAVSTAR 43 (USA 132),1 24876U 97035A   25280.92010573  .00000061  00000-0  00000+0 0  9991,2 24876  55.8606 108.4430 0095851  56.6467 304.3322  2.00563066206891
3.0,GENERATED VIA SPACE-TRACK.ORG API,2025-10-08 10:51:44+00:00,18 SPCS,NAVSTAR 43 (USA 132),1997-035A,EARTH,TEME,UTC,SGP4,2025-10-07 22:04:57.135936+00:00,2.00563066,0.00958512,55.8606,108.4430,56.6467,304.3322,0,U,24876,999,20689,0.00000000000000,0.00000061,0.0000000000000,26560.395,717.979,20436.845,19927.676,PAYLOAD,LARGE,US,1997-07-23,AFETR,,4837766,299417786,0 NAVSTAR 43 (USA 132),1 24876U 97035A   25280.92010574  .00000061  00000-0  00000-0 0  9993,2 24876  55.8606 108.4430 0095851  56.6467 304.3322  2.00563066206891
3.0,GENERATED VIA SPACE-TRACK.ORG API,2025-10-08 14:56:23+00:00,18 SPCS,NAVSTAR 43 (USA 132),1997-035A,EARTH,TEME,UTC,SGP4,2025-10-07 22:04:57.131616+00:00,2.00563065,0.00958550,55.8606,108.4430,56.6457,304.3332,0,U,24876,999,20689,0.00000000000000,0.00000061,0.0000000000000,26560.395,717.979,20436.855,19927.666,PAYLOAD,LARGE,US,1997-07-23,AFETR,,4838240,299454031,0 NAVSTAR 43 (USA 132),1 24876U 97035A   25280.92010569  .00000061  00000-0  00000+0 0  9996,2 24876  55.8606 108.4430 0095855  56.6457 304.3332  2.00563065206894
3.0,GENERATED VIA SPACE-TRACK.ORG API,2025-10-08 18:21:37+00:00,18 SPCS,NAVSTAR 43 (USA 132),1997-035A,EARTH,TEME,UTC,SGP4,2025-10-07 22:04:57.132480+00:00,2.00563065,0.00958552,55.8606,108.4430,56.6457,304.3332,0,U,24876,999,20689,0.00000000000000,0.00000061,0.0000000000000,26560.395,717.979,20436.856,19927.665,PAYLOAD,LARGE,US,1997-07-23,AFETR,,4838580,299469050,0 NAVSTAR 43 (USA 132),1 24876U 97035A   25280.92010570  .00000061  00000-0  00000-0 0  9999,2 24876  55.8606 108.4430 0095855  56.6457 304.3332  2.00563065206894
3.0,GENERATED VIA SPACE-TRACK.ORG API,2025-10-09 07:16:47+00:00,18 SPCS,NAVSTAR 43 (USA 132),1997-035A,EARTH,TEME,UTC,SGP4,2025-10-08 22:00:51.176736+00:00,2.00563055,0.00958780,55.8612,108.4040,56.6612,304.3105,0,U,24876,999,20691,0.00000000000000,0.00000050,0.0000000000000,26560.396,717.979,20436.917,19927.606,PAYLOAD,LARGE,US,1997-07-23,AFETR,,4839530,299547196,0 NAVSTAR 43 (USA 132),1 24876U 97035A   25281.91725899  .00000050  00000-0  00000+0 0  9993,2 24876  55.8612 108.4040 0095878  56.6612 304.3105  2.00563055206916
3.0,GENERATED VIA SPACE-TRACK.ORG API,2025-10-09 11:55:26+00:00,18 SPCS,NAVSTAR 43 (USA 132),1997-035A,EARTH,TEME,UTC,SGP4,2025-10-08 22:00:51.177600+00:00,2.00563055,0.00958785,55.8612,108.4040,56.6612,304.3105,0,U,24876,999,20691,0.00000000000000,0.00000050,0.0000000000000,26560.396,717.979,20436.918,19927.604,PAYLOAD,LARGE,US,1997-07-23,AFETR,,4839836,299560178,0 NAVSTAR 43 (USA 132),1 24876U 97035A   25281.91725900  .00000050  00000-0  00000-0 0  9997,2 24876  55.8612 108.4040 0095878  56.6612 304.3105  2.00563055206916
3.0,GENERATED VIA SPACE-TRACK.ORG API,2025-10-10 06:46:21+00:00,18 SPCS,NAVSTAR 43 (USA 132),1997-035A,EARTH,TEME,UTC,SGP4,2025-10-09 21:56:45.330720+00:00,2.00563042,0.00959070,55.8617,108.3650,56.6758,304.2896,0,U,24876,999,20693,0.00000000000000,0.00000041,0.0000000000000,26560.397,717.979,20436.995,19927.530,PAYLOAD,LARGE,US,1997-07-23,AFETR,,4841302,299682058,0 NAVSTAR 43 (USA 132),1 24876U 97035A   25282.91441355  .00000041  00000-0  00000+0 0  9996,2 24876  55.8617 108.3650 0095907  56.6758 304.2896  2.00563042206935
3.0,GENERATED VIA SPACE-TRACK.ORG API,2025-10-10 11:05:40+00:00,18 SPCS,NAVSTAR 43 (USA 132),1997-035A,EARTH,TEME,UTC,SGP4,2025-10-09 21:56:45.331584+00:00,2.00563042,0.00959069,55.8617,108.3650,56.6758,304.2896,0,U,24876,999,20693,0.00000000000000,0.00000041,0.0000000000000,26560.397,717.979,20436.995,19927.530,PAYLOAD,LARGE,US,1997-07-23,AFETR,,4841636,299695431,0 NAVSTAR 43 (USA 132),1 24876U 97035A   25282.91441356  .00000041  00000-0  00000-0 0  9998,2 24876  55.8617 108.3650 0095907  56.6758 304.2896  2.00563042206935
3.0,GENERATED VIA SPACE-TRACK.ORG API,2025-10-10 15:56:43+00:00,18 SPCS,NAVSTAR 43 (USA 132),1997-035A,EARTH,TEME,UTC,SGP4,2025-10-09 21:56:45.289248+00:00,2.00563057,0.00959080,55.8618,108.3650,56.6749,304.2904,0,U,24876,999,20693,0.00000000000000,0.00000041,0.0000000000000,26560.396,717.979,20436.997,19927.526,PAYLOAD,LARGE,US,1997-07-23,AFETR,,4842107,299731492,0 NAVSTAR 43 (USA 132),1 24876U 97035A   25282.91441307  .00000041  00000-0  00000+0 0  9993,2 24876  55.8618 108.3650 0095908  56.6749 304.2904  2.00563057206933
3.0,GENERATED VIA SPACE-TRACK.ORG API,2025-10-11 02:58:56+00:00,18 SPCS,NAVSTAR 43 (USA 132),1997-035A,EARTH,TEME,UTC,SGP4,2025-10-09 21:56:45.289248+00:00,2.00563057,0.00959081,55.8618,108.3650,56.6749,304.2905,0,U,24876,999,20693,0.00000000000000,0.00000041,0.0000000000000,26560.396,717.979,20436.997,19927.525,PAYLOAD,LARGE,US,1997-07-23,AFETR,,4843180,299760936,0 NAVSTAR 43 (USA 132),1 24876U 97035A   25282.91441307  .00000041  00000-0  00000-0 0  9994,2 24876  55.8618 108.3650 0095908  56.6749 304.2905  2.00563057206934
3.0,GENERATED VIA SPACE-TRACK.ORG API,2025-10-11 07:56:19+00:00,18 SPCS,NAVSTAR 43 (USA 132),1997-035A,EARTH,TEME,UTC,SGP4,2025-10-10 21:52:39.628128+00:00,2.00563063,0.00959310,55.8623,108.3260,56.6911,304.2697,0,U,24876,999,20695,0.00000000000000,0.00000035,0.0000000000000,26560.396,717.979,20437.057,19927.464,PAYLOAD,LARGE,US,1997-07-23,AFETR,,4843638,299796275,0 NAVSTAR 43 (USA 132),1 24876U 97035A   25283.91156977  .00000035  00000-0  00000+0 0  9993,2 24876  55.8623 108.3260 0095931  56.6911 304.2697  2.00563063206951
3.0,GENERATED VIA SPACE-TRACK.ORG API,2025-10-11 10:47:38+00:00,18 SPCS,NAVSTAR 43 (USA 132),1997-035A,EARTH,TEME,UTC,SGP4,2025-10-10 21:52:39.628992+00:00,2.00563063,0.00959312,55.8623,108.3260,56.6911,304.2697,0,U,24876,999,20695,0.00000000000000,0.00000035,0.0000000000000,26560.396,717.979,20437.058,19927.464,PAYLOAD,LARGE,US,1997-07-23,AFETR,,4843990,299811136,0 NAVSTAR 43 (USA 132),1 24876U 97035A   25283.91156978  .00000035  00000-0  00000-0 0  9995,2 24876  55.8623 108.3260 0095931  56.6911 304.2697  2.00563063206951
3.0,GENERATED VIA SPACE-TRACK.ORG API,2025-10-12 03:37:44+00:00,18 SPCS,NAVSTAR 43 (USA 132),1997-035A,EARTH,TEME,UTC,SGP4,2025-10-10 21:52:39.609984+00:00,2.00563071,0.00959332,55.8624,108.3260,56.6898,304.2710,0,U,24876,999,20695,0.00000000000000,0.00000035,0.0000000000000,26560.395,717.979,20437.062,19927.458,PAYLOAD,LARGE,US,1997-07-23,AFETR,,4844080,299842551,0 NAVSTAR 43 (USA 132),1 24876U 97035A   25283.91156956  .00000035  00000-0  00000-0 0  9991,2 24876  55.8624 108.3260 0095933  56.6898 304.2710  2.00563071206953
3.0,GENERATED VIA SPACE-TRACK.ORG API,2025-10-12 10:10:24+00:00,18 SPCS,NAVSTAR 43 (USA 132),1997-035A,EARTH,TEME,UTC,SGP4,2025-10-11 21:48:34.208064+00:00,2.00563091,0.00959560,55.8629,108.2870,56.7055,304.2533,0,U,24876,999,20697,0.00000000000000,0.00000034,0.0000000000000,26560.393,717.979,20437.121,19927.395,PAYLOAD,LARGE,US,1997-07-23,AFETR,,4844130,299873605,0 NAVSTAR 43 (USA 132),1 24876U 97035A   25284.90872926  .00000034  00000-0  00000-0 0  9992,2 24876  55.8629 108.2870 0095956  56.7055 304.2533  2.00563091206972
3.0,GENERATED VIA SPACE-TRACK.ORG API,2025-10-12 18:25:01+00:00,18 SPCS,NAVSTAR 43 (USA 132),1997-035A,EARTH,TEME,UTC,SGP4,2025-10-11 21:48:34.177824+00:00,2.00563106,0.00959576,55.8630,108.2870,56.7040,304.2547,0,U,24876,999,20697,0.00000000000000,0.00000034,0.0000000000000,26560.392,717.979,20437.124,19927.390,PAYLOAD,LARGE,US,1997-07-23,AFETR,,4844234,299904538,0 NAVSTAR 43 (USA 132),1 24876U 97035A   25284.90872891  .00000034  00000-0  00000-0 0  9993,2 24876  55.8630 108.2870 0095958  56.7040 304.2547  2.00563106206972
3.0,GENERATED VIA SPACE-TRACK.ORG API,2025-10-13 10:50:46+00:00,18 SPCS,NAVSTAR 43 (USA 132),1997-035A,EARTH,TEME,UTC,SGP4,2025-10-12 21:44:29.102496+00:00,2.00563107,0.00959778,55.8635,108.2480,56.7207,304.2382,0,U,24876,999,20699,0.00000000000000,0.00000038,0.0000000000000,26560.392,717.979,20437.177,19927.336,PAYLOAD,LARGE,US,1997-07-23,AFETR,,4844340,299967478,0 NAVSTAR 43 (USA 132),1 24876U 97035A   25285.90589239  .00000038  00000-0  00000-0 0  9999,2 24876  55.8635 108.2480 0095978  56.7207 304.2382  2.00563107206991
3.0,GENERATED VIA SPACE-TRACK.ORG API,2025-10-13 18:48:44+00:00,18 SPCS,NAVSTAR 43 (USA 132),1997-035A,EARTH,TEME,UTC,SGP4,2025-10-13 09:42:26.638272+00:00,2.00563110,0.00959839,55.8638,108.2284,56.7296,304.2301,0,U,24876,999,20700,0.00000000000000,0.00000042,0.0000000000000,26560.391,717.978,20437.194,19927.319,PAYLOAD,LARGE,US,1997-07-23,AFETR,,4844365,299998507,0 NAVSTAR 43 (USA 132),1 24876U 97035A   25286.40447498  .00000042  00000-0  00000-0 0  9990,2 24876  55.8638 108.2284 0095984  56.7296 304.2301  2.00563110207009
3.0,GENERATED VIA SPACE-TRACK.ORG API,2025-10-14 17:26:50+00:00,18 SPCS,NAVSTAR 43 (USA 132),1997-035A,EARTH,TEME,UTC,SGP4,2025-10-13 21:40:24.181824+00:00,2.00563125,0.00959924,55.8640,108.2089,56.7313,304.2294,0,U,24876,999,20701,0.00000000000000,0.00000046,0.0000000000000,26560.390,717.978,20437.215,19927.296,PAYLOAD,LARGE,US,1997-07-23,AFETR,,4844448,300060970,0 NAVSTAR 43 (USA 132),1 24876U 97035A   25286.90305766  .00000046  00000-0  00000-0 0  9990,2 24876  55.8640 108.2089 0095992  56.7313 304.2294  2.00563125207012
3.0,GENERATED VIA SPACE-TRACK.ORG API,2025-10-16 07:16:48+00:00,18 SPCS,NAVSTAR 43 (USA 132),1997-035A,EARTH,TEME,UTC,SGP4,2025-10-15 21:32:14.484768+00:00,2.00563158,0.00960330,55.8652,108.1309,56.7557,304.2095,0,U,24876,999,20705,0.00000000000000,0.00000061,0.0000000000000,26560.387,717.978,20437.320,19927.185,PAYLOAD,LARGE,US,1997-07-23,AFETR,,4845676,300206340,0 NAVSTAR 43 (USA 132),1 24876U 97035A   25288.89738987  .00000061  00000-0  00000+0 0  9991,2 24876  55.8652 108.1309 0096033  56.7557 304.2095  2.00563158207055
3.0,GENERATED VIA SPACE-TRACK.ORG API,2025-10-16 18:34:41+00:00,18 SPCS,NAVSTAR 43 (USA 132),1997-035A,EARTH,TEME,UTC,SGP4,2025-10-15 21:32:14.485632+00:00,2.00563158,0.00960329,55.8652,108.1309,56.7557,304.2096,0,U,24876,999,20705,0.00000000000000,0.00000061,0.0000000000000,26560.387,717.978,20437.319,19927.185,PAYLOAD,LARGE,US,1997-07-23,AFETR,,4846139,300223174,0 NAVSTAR 43 (USA 132),1 24876U 97035A   25288.89738988  .00000061  00000-0  00000-0 0  9993,2 24876  55.8652 108.1309 0096033  56.7557 304.2096  2.00563158207056
3.0,GENERATED VIA SPACE-TRACK.ORG API,2025-10-17 02:15:59+00:00,18 SPCS,NAVSTAR 43 (USA 132),1997-035A,EARTH,TEME,UTC,SGP4,2025-10-16 21:28:09.421536+00:00,2.00563185,0.00960496,55.8657,108.0919,56.7690,304.1971,0,U,24876,999,20707,0.00000000000000,0.00000065,0.0000000000000,26560.385,717.978,20437.361,19927.138,PAYLOAD,LARGE,US,1997-07-23,AFETR,,4846178,300254279,0 NAVSTAR 43 (USA 132),1 24876U 97035A   25289.89455349  .00000065  00000-0  00000-0 0  9995,2 24876  55.8657 108.0919 0096050  56.7690 304.1971  2.00563185207077
3.0,GENERATED VIA SPACE-TRACK.ORG API,2025-10-17 06:56:50+00:00,18 SPCS,NAVSTAR 43 (USA 132),1997-035A,EARTH,TEME,UTC,SGP4,2025-10-16 21:28:09.420672+00:00,2.00563185,0.00960500,55.8657,108.0919,56.7690,304.1971,0,U,24876,999,20707,0.00000000000000,0.00000065,0.0000000000000,26560.385,717.978,20437.362,19927.137,PAYLOAD,LARGE,US,1997-07-23,AFETR,,4846407,300284453,0 NAVSTAR 43 (USA 132),1 24876U 97035A   25289.89455348  .00000065  00000-0  00000+0 0  9993,2 24876  55.8657 108.0919 0096050  56.7690 304.1971  2.00563185207077
3.0,GENERATED VIA SPACE-TRACK.ORG API,2025-10-18 08:46:19+00:00,18 SPCS,NAVSTAR 43 (USA 132),1997-035A,EARTH,TEME,UTC,SGP4,2025-10-17 21:24:04.189824+00:00,2.00563204,0.00960730,55.8662,108.0529,56.7794,304.1859,0,U,24876,999,20709,0.00000000000000,0.00000064,0.0000000000000,26560.383,717.978,20437.422,19927.075,PAYLOAD,LARGE,US,1997-07-23,AFETR,,4848990,300409278,0 NAVSTAR 43 (USA 132),1 24876U 97035A   25290.89171516  .00000064  00000-0  00000+0 0  9996,2 24876  55.8662 108.0529 0096073  56.7794 304.1859  2.00563204207099
3.0,GENERATED VIA SPACE-TRACK.ORG API,2025-10-18 10:30:26+00:00,18 SPCS,NAVSTAR 43 (USA 132),1997-035A,EARTH,TEME,UTC,SGP4,2025-10-17 21:24:04.190688+00:00,2.00563204,0.00960728,55.8662,108.0529,56.7794,304.1859,0,U,24876,999,20709,0.00000000000000,0.00000064,0.0000000000000,26560.383,717.978,20437.421,19927.075,PAYLOAD,LARGE,US,1997-07-23,AFETR,,4849367,300424260,0 NAVSTAR 43 (USA 132),1 24876U 97035A   25290.89171517  .00000064  00000-0  00000-0 0  9998,2 24876  55.8662 108.0529 0096073  56.7794 304.1859  2.00563204207099
3.0,GENERATED VIA SPACE-TRACK.ORG API,2025-10-19 02:20:52+00:00,18 SPCS,NAVSTAR 43 (USA 132),1997-035A,EARTH,TEME,UTC,SGP4,2025-10-18 09:22:01.481952+00:00,2.00563217,0.00960834,55.8665,108.0334,56.7863,304.1780,0,U,24876,999,20710,0.00000000000000,0.00000062,0.0000000000000,26560.382,717.978,20437.448,19927.046,PAYLOAD,LARGE,US,1997-07-23,AFETR,,4849547,300455519,0 NAVSTAR 43 (USA 132),1 24876U 97035A   25291.39029493  .00000062  00000-0  00000-0 0  9997,2 24876  55.8665 108.0334 0096083  56.7863 304.1780  2.00563217207103
3.0,GENERATED VIA SPACE-TRACK.ORG API,2025-10-19 10:30:26+00:00,18 SPCS,NAVSTAR 43 (USA 132),1997-035A,EARTH,TEME,UTC,SGP4,2025-10-18 21:19:58.710144+00:00,2.00563235,0.00960931,55.8668,108.0139,56.7929,304.1699,0,U,24876,999,20711,0.00000000000000,0.00000060,0.0000000000000,26560.380,717.978,20437.472,19927.018,PAYLOAD,LARGE,US,1997-07-23,AFETR,,4849597,300487107,0 NAVSTAR 43 (USA 132),1 24876U 97035A   25291.88887396  .00000060  00000-0  00000-0 0  9993,2 24876  55.8668 108.0139 0096093  56.7929 304.1699  2.00563235207113
3.0,GENERATED VIA SPACE-TRACK.ORG API,2025-10-20 02:10:33+00:00,18 SPCS,NAVSTAR 43 (USA 132),1997-035A,EARTH,TEME,UTC,SGP4,2025-10-19 09:17:55.903776+00:00,2.00563257,0.00961042,55.8671,107.9944,56.7971,304.1638,0,U,24876,999,20712,0.00000000000000,0.00000056,0.0000000000000,26560.378,717.978,20437.500,19926.987,PAYLOAD,LARGE,US,1997-07-23,AFETR,,4849705,300518120,0 NAVSTAR 43 (USA 132),1 24876U 97035A   25292.38745259  .00000056  00000-0  00000-0 0  9995,2 24876  55.8671 107.9944 0096104  56.7971 304.1638  2.00563257207127
3.0,GENERATED VIA SPACE-TRACK.ORG API,2025-10-20 06:46:47+00:00,18 SPCS,NAVSTAR 43 (USA 132),1997-035A,EARTH,TEME,UTC,SGP4,2025-10-19 21:15:53.074080+00:00,2.00563260,0.00961120,55.8674,107.9749,56.8076,304.1513,0,U,24876,999,20713,0.00000000000000,0.00000052,0.0000000000000,26560.378,717.978,20437.520,19926.966,PAYLOAD,LARGE,US,1997-07-23,AFETR,,4850176,300554684,0 NAVSTAR 43 (USA 132),1 24876U 97035A   25292.88603095  .00000052  00000-0  00000+0 0  9996,2 24876  55.8674 107.9749 0096112  56.8076 304.1513  2.00563260207136
3.0,GENERATED VIA SPACE-TRACK.ORG API,2025-10-20 10:26:40+00:00,18 SPCS,NAVSTAR 43 (USA 132),1997-035A,EARTH,TEME,UTC,SGP4,2025-10-19 21:15:53.074944+00:00,2.00563260,0.00961124,55.8674,107.9749,56.8076,304.1513,0,U,24876,999,20713,0.00000000000000,0.00000052,0.0000000000000,26560.378,717.978,20437.521,19926.965,PAYLOAD,LARGE,US,1997-07-23,AFETR,,4850467,300567920,0 NAVSTAR 43 (USA 132),1 24876U 97035A   25292.88603096  .00000052  00000-0  00000-0 0  9998,2 24876  55.8674 107.9749 0096112  56.8076 304.1513  2.00563260207136
3.0,GENERATED VIA SPACE-TRACK.ORG API,2025-10-21 18:24:45+00:00,18 SPCS,NAVSTAR 43 (USA 132),1997-035A,EARTH,TEME,UTC,SGP4,2025-10-21 09:09:44.426016+00:00,2.00563302,0.00961388,55.8682,107.9165,56.8305,304.1211,0,U,24876,999,20716,0.00000000000000,0.00000040,0.0000000000000,26560.374,717.978,20437.588,19926.891,PAYLOAD,LARGE,US,1997-07-23,AFETR,,4850699,300661476,0 NAVSTAR 43 (USA 132),1 24876U 97035A   25294.38176419  .00000040  00000-0  00000-0 0  9996,2 24876  55.8682 107.9165 0096139  56.8305 304.1211  2.00563302207166
3.0,GENERATED VIA SPACE-TRACK.ORG API,2025-10-22 00:06:20+00:00,18 SPCS,NAVSTAR 43 (USA 132),1997-035A,EARTH,TEME,UTC,SGP4,2025-10-21 09:09:44.426016+00:00,2.00563302,0.00961390,55.8682,107.9165,56.8305,304.1211,0,U,24876,999,20716,0.00000000000000,0.00000040,0.0000000000000,26560.374,717.978,20437.588,19926.891,PAYLOAD,LARGE,US,1997-07-23,AFETR,,4851224,300698127,0 NAVSTAR 43 (USA 132),1 24876U 97035A   25294.38176419  .00000040  00000-0  00000+0 0  9995,2 24876  55.8682 107.9165 0096139  56.8305 304.1211  2.00563302207166
3.0,GENERATED VIA SPACE-TRACK.ORG API,2025-10-22 04:10:39+00:00,18 SPCS,NAVSTAR 43 (USA 132),1997-035A,EARTH,TEME,UTC,SGP4,2025-10-21 21:07:41.500416+00:00,2.00563322,0.00961446,55.8685,107.8971,56.8377,304.1115,0,U,24876,999,20717,0.00000000000000,0.00000037,0.0000000000000,26560.373,717.978,20437.601,19926.874,PAYLOAD,LARGE,US,1997-07-23,AFETR,,4851525,300710642,0 NAVSTAR 43 (USA 132),1 24876U 97035A   25294.88034144  .00000037  00000-0  00000-0 0  9995,2 24876  55.8685 107.8971 0096145  56.8377 304.1115  2.00563322207175
3.0,GENERATED VIA SPACE-TRACK.ORG API,2025-10-22 06:46:34+00:00,18 SPCS,NAVSTAR 43 (USA 132),1997-035A,EARTH,TEME,UTC,SGP4,2025-10-21 21:07:41.503872+00:00,2.00563325,0.00961460,55.8685,107.8971,56.8368,304.1123,0,U,24876,999,20717,0.00000000000000,0.00000037,0.0000000000000,26560.372,717.978,20437.605,19926.870,PAYLOAD,LARGE,US,1997-07-23,AFETR,,4852001,300747526,0 NAVSTAR 43 (USA 132),1 24876U 97035A   25294.88034148  .00000037  00000-0  00000+0 0  9998,2 24876  55.8685 107.8971 0096146  56.8368 304.1123  2.00563325207178
3.0,GENERATED VIA SPACE-TRACK.ORG API,2025-10-22 17:40:45+00:00,18 SPCS,NAVSTAR 43 (USA 132),1997-035A,EARTH,TEME,UTC,SGP4,2025-10-21 21:07:41.504736+00:00,2.00563325,0.00961456,55.8685,107.8971,56.8368,304.1123,0,U,24876,999,20717,0.00000000000000,0.00000037,0.0000000000000,26560.372,717.978,20437.604,19926.871,PAYLOAD,LARGE,US,1997-07-23,AFETR,,4853183,300780266,0 NAVSTAR 43 (USA 132),1 24876U 97035A   25294.88034149  .00000037  00000-0  00000-0 0  9990,2 24876  55.8685 107.8971 0096146  56.8368 304.1123  2.00563325207178
3.0,GENERATED VIA SPACE-TRACK.ORG API,2025-10-23 00:36:20+00:00,18 SPCS,NAVSTAR 43 (USA 132),1997-035A,EARTH,TEME,UTC,SGP4,2025-10-22 09:05:38.625792+00:00,2.00563333,0.00961510,55.8687,107.8776,56.8428,304.1040,0,U,24876,999,20718,0.00000000000000,0.00000035,0.0000000000000,26560.372,717.978,20437.617,19926.856,PAYLOAD,LARGE,US,1997-07-23,AFETR,,4853512,300810948,0 NAVSTAR 43 (USA 132),1 24876U 97035A   25295.37891928  .00000035  00000-0  00000+0 0  9998,2 24876  55.8687 107.8776 0096151  56.8428 304.1040  2.00563333207184
3.0,GENERATED VIA SPACE-TRACK.ORG API,2025-10-23 02:46:54+00:00,18 SPCS,NAVSTAR 43 (USA 132),1997-035A,EARTH,TEME,UTC,SGP4,2025-10-22 09:05:38.626656+00:00,2.00563333,0.00961514,55.8687,107.8776,56.8428,304.1040,0,U,24876,999,20718,0.00000000000000,0.00000035,0.0000000000000,26560.372,717.978,20437.618,19926.855,PAYLOAD,LARGE,US,1997-07-23,AFETR,,4853664,300820931,0 NAVSTAR 43 (USA 132),1 24876U 97035A   25295.37891929  .00000035  00000-0  00000-0 0  9990,2 24876  55.8687 107.8776 0096151  56.8428 304.1040  2.00563333207184
3.0,GENERATED VIA SPACE-TRACK.ORG API,2025-10-23 18:40:45+00:00,18 SPCS,NAVSTAR 43 (USA 132),1997-035A,EARTH,TEME,UTC,SGP4,2025-10-22 21:03:35.809920+00:00,2.00563324,0.00961563,55.8690,107.8581,56.8486,304.0958,0,U,24876,999,20719,0.00000000000000,0.00000033,0.0000000000000,26560.373,717.978,20437.632,19926.843,PAYLOAD,LARGE,US,1997-07-23,AFETR,,4854367,300868146,0 NAVSTAR 43 (USA 132),1 24876U 97035A   25295.87749780  .00000033  00000-0  00000-0 0  9990,2 24876  55.8690 107.8581 0096156  56.8486 304.0958  2.00563324207199
3.0,GENERATED VIA SPACE-TRACK.ORG API,2025-10-24 18:33:25+00:00,18 SPCS,NAVSTAR 43 (USA 132),1997-035A,EARTH,TEME,UTC,SGP4,2025-10-23 20:59:30.204096+00:00,2.00563327,0.00961677,55.8695,107.8191,56.8580,304.0827,0,U,24876,999,20721,0.00000000000000,0.00000033,0.0000000000000,26560.372,717.978,20437.662,19926.812,PAYLOAD,LARGE,US,1997-07-23,AFETR,,4855292,300952141,0 NAVSTAR 43 (USA 132),1 24876U 97035A   25296.87465514  .00000033  00000-0  00000-0 0  9991,2 24876  55.8695 107.8191 0096168  56.8580 304.0827  2.00563327207210
3.0,GENERATED VIA SPACE-TRACK.ORG API,2025-10-25 08:16:24+00:00,18 SPCS,NAVSTAR 43 (USA 132),1997-035A,EARTH,TEME,UTC,SGP4,2025-10-24 20:55:24.733920+00:00,2.00563332,0.00961790,55.8700,107.7801,56.8662,304.0722,0,U,24876,999,20723,0.00000000000000,0.00000037,0.0000000000000,26560.372,717.978,20437.692,19926.782,PAYLOAD,LARGE,US,1997-07-23,AFETR,,4857070,301052362,0 NAVSTAR 43 (USA 132),1 24876U 97035A   25297.87181405  .00000037  00000-0  00000+0 0  9999,2 24876  55.8700 107.7801 0096179  56.8662 304.0722  2.00563332207239
3.0,GENERATED VIA SPACE-TRACK.ORG API,2025-10-25 10:45:00+00:00,18 SPCS,NAVSTAR 43 (USA 132),1997-035A,EARTH,TEME,UTC,SGP4,2025-10-24 20:55:24.734784+00:00,2.00563332,0.00961792,55.8700,107.7801,56.8662,304.0722,0,U,24876,999,20723,0.00000000000000,0.00000037,0.0000000000000,26560.372,717.978,20437.692,19926.781,PAYLOAD,LARGE,US,1997-07-23,AFETR,,4857389,301066042,0 NAVSTAR 43 (USA 132),1 24876U 97035A   25297.87181406  .00000037  00000-0  00000-0 0  9991,2 24876  55.8700 107.7801 0096179  56.8662 304.0722  2.00563332207239
3.0,GENERATED VIA SPACE-TRACK.ORG API,2025-10-27 06:46:36+00:00,18 SPCS,NAVSTAR 43 (USA 132),1997-035A,EARTH,TEME,UTC,SGP4,2025-10-26 20:47:14.361216+00:00,2.00563327,0.00962110,55.8711,107.7022,56.8848,304.0536,0,U,24876,999,20727,0.00000000000000,0.00000054,0.0000000000000,26560.372,717.978,20437.777,19926.697,PAYLOAD,LARGE,US,1997-07-23,AFETR,,4862041,301295417,0 NAVSTAR 43 (USA 132),1 24876U 97035A   25299.86613844  .00000054  00000-0  00000+0 0  9996,2 24876  55.8711 107.7022 0096211  56.8848 304.0536  2.00563327207270
3.0,GENERATED VIA SPACE-TRACK.ORG API,2025-10-27 10:32:28+00:00,18 SPCS,NAVSTAR 43 (USA 132),1997-035A,EARTH,TEME,UTC,SGP4,2025-10-26 20:47:14.361216+00:00,2.00563327,0.00962114,55.8711,107.7022,56.8848,304.0536,0,U,24876,999,20727,0.00000000000000,0.00000054,0.0000000000000,26560.372,717.978,20437.778,19926.696,PAYLOAD,LARGE,US,1997-07-23,AFETR,,4862303,301307622,0 NAVSTAR 43 (USA 132),1 24876U 97035A   25299.86613844  .00000054  00000-0  00000-0 0  9997,2 24876  55.8711 107.7022 0096211  56.8848 304.0536  2.00563327207270
3.0,GENERATED VIA SPACE-TRACK.ORG API,2025-10-28 19:11:01+00:00,18 SPCS,NAVSTAR 43 (USA 132),1997-035A,EARTH,TEME,UTC,SGP4,2025-10-28 08:41:06.915840+00:00,2.00563335,0.00962375,55.8720,107.6437,56.9009,304.0409,0,U,24876,999,20730,0.00000000000000,0.00000070,0.0000000000000,26560.372,717.978,20437.847,19926.626,PAYLOAD,LARGE,US,1997-07-23,AFETR,,4863914,301403548,0 NAVSTAR 43 (USA 132),1 24876U 97035A   25301.36188560  .00000070  00000-0  00000-0 0  9996,2 24876  55.8720 107.6437 0096238  56.9009 304.0409  2.00563335207300
3.0,GENERATED VIA SPACE-TRACK.ORG API,2025-10-29 15:56:22+00:00,18 SPCS,NAVSTAR 43 (USA 132),1997-035A,EARTH,TEME,UTC,SGP4,2025-10-28 20:39:04.505184+00:00,2.00563323,0.00962510,55.8722,107.6242,56.9021,304.0411,0,U,24876,999,20731,0.00000000000000,0.00000075,0.0000000000000,26560.373,717.978,20437.884,19926.591,PAYLOAD,LARGE,US,1997-07-23,AFETR,,4864442,301440687,0 NAVSTAR 43 (USA 132),1 24876U 97035A   25301.86046881  .00000075  00000-0  00000+0 0  9994,2 24876  55.8722 107.6242 0096251  56.9021 304.0411  2.00563323207316
3.0,GENERATED VIA SPACE-TRACK.ORG API,2025-10-29 19:31:23+00:00,18 SPCS,NAVSTAR 43 (USA 132),1997-035A,EARTH,TEME,UTC,SGP4,2025-10-28 20:39:04.474944+00:00,2.00563335,0.00962465,55.8722,107.6242,56.9063,304.0369,0,U,24876,999,20731,0.00000000000000,0.00000075,0.0000000000000,26560.372,717.978,20437.871,19926.602,PAYLOAD,LARGE,US,1997-07-23,AFETR,,4864813,301453824,0 NAVSTAR 43 (USA 132),1 24876U 97035A   25301.86046846  .00000075  00000-0  00000-0 0  9996,2 24876  55.8722 107.6242 0096246  56.9063 304.0369  2.00563335207311
3.0,GENERATED VIA SPACE-TRACK.ORG API,2025-10-30 03:32:50+00:00,18 SPCS,NAVSTAR 43 (USA 132),1997-035A,EARTH,TEME,UTC,SGP4,2025-10-29 08:37:02.100576+00:00,2.00563307,0.00962618,55.8725,107.6047,56.9071,304.0375,0,U,24876,999,20732,0.00000000000000,0.00000080,0.0000000000000,26560.374,717.978,20437.914,19926.564,PAYLOAD,LARGE,US,1997-07-23,AFETR,,4864873,301484502,0 NAVSTAR 43 (USA 132),1 24876U 97035A   25302.35905209  .00000080  00000-0  00000-0 0  9994,2 24876  55.8725 107.6047 0096262  56.9071 304.0375  2.00563307207321
3.0,GENERATED VIA SPACE-TRACK.ORG API,2025-10-31 10:10:29+00:00,18 SPCS,NAVSTAR 43 (USA 132),1997-035A,EARTH,TEME,UTC,SGP4,2025-10-30 20:30:54.679392+00:00,2.00563287,0.00962831,55.8733,107.5462,56.9246,304.0231,0,U,24876,999,20735,0.00000000000000,0.00000089,0.0000000000000,26560.376,717.978,20437.972,19926.509,PAYLOAD,LARGE,US,1997-07-23,AFETR,,4865472,301587551,0 NAVSTAR 43 (USA 132),1 24876U 97035A   25303.85479953  .00000089  00000-0  00000-0 0  9991,2 24876  55.8733 107.5462 0096283  56.9246 304.0231  2.00563287207358
3.0,GENERATED VIA SPACE-TRACK.ORG API,2025-10-31 18:26:26+00:00,18 SPCS,NAVSTAR 43 (USA 132),1997-035A,EARTH,TEME,UTC,SGP4,2025-10-31 08:28:52.049280+00:00,2.00563304,0.00962960,55.8736,107.5267,56.9260,304.0220,0,U,24876,999,20736,0.00000000000000,0.00000091,0.0000000000000,26560.374,717.978,20438.005,19926.474,PAYLOAD,LARGE,US,1997-07-23,AFETR,,4866037,301625238,0 NAVSTAR 43 (USA 132),1 24876U 97035A   25304.35338020  .00000091  00000-0  00000+0 0  9998,2 24876  55.8736 107.5267 0096296  56.9260 304.0220  2.00563304207363
3.0,GENERATED VIA SPACE-TRACK.ORG API,2025-11-01 19:40:54+00:00,18 SPCS,NAVSTAR 43 (USA 132),1997-035A,EARTH,TEME,UTC,SGP4,2025-10-31 20:26:49.453728+00:00,2.00563282,0.00963077,55.8738,107.5072,56.9269,304.0208,0,U,24876,999,20737,0.00000000000000,0.00000091,0.0000000000000,26560.376,717.978,20438.038,19926.445,PAYLOAD,LARGE,US,1997-07-23,AFETR,,4867053,301655953,0 NAVSTAR 43 (USA 132),1 24876U 97035A   25304.85196127  .00000091  00000-0  00000-0 0  9994,2 24876  55.8738 107.5072 0096308  56.9269 304.0208  2.00563282207374
3.0,GENERATED VIA SPACE-TRACK.ORG API,2025-11-02 17:34:40+00:00,18 SPCS,NAVSTAR 43 (USA 132),1997-035A,EARTH,TEME,UTC,SGP4,2025-11-01 20:22:43.994784+00:00,2.00563267,0.00963191,55.8744,107.4682,56.9355,304.0099,0,U,24876,999,20739,0.00000000000000,0.00000088,0.0000000000000,26560.378,717.978,20438.070,19926.415,PAYLOAD,LARGE,US,1997-07-23,AFETR,,4867744,301703344,0 NAVSTAR 43 (USA 132),1 24876U 97035A   25305.84912031  .00000088  00000-0  00000-0 0  9990,2 24876  55.8744 107.4682 0096319  56.9355 304.0099  2.00563267207398
3.0,GENERATED VIA SPACE-TRACK.ORG API,2025-11-04 04:40:24+00:00,18 SPCS,NAVSTAR 43 (USA 132),1997-035A,EARTH,TEME,UTC,SGP4,2025-11-03 20:14:32.273376+00:00,2.00563257,0.00963514,55.8755,107.3901,56.9513,303.9832,0,U,24876,999,20743,0.00000000000000,0.00000071,0.0000000000000,26560.378,717.978,20438.157,19926.330,PAYLOAD,LARGE,US,1997-07-23,AFETR,,4868542,301750891,0 NAVSTAR 43 (USA 132),1 24876U 97035A   25307.84342909  .00000071  00000-0  00000-0 0  9995,2 24876  55.8755 107.3901 0096351  56.9513 303.9832  2.00563257207432
3.0,GENERATED VIA SPACE-TRACK.ORG API,2025-11-04 06:36:21+00:00,18 SPCS,NAVSTAR 43 (USA 132),1997-035A,EARTH,TEME,UTC,SGP4,2025-11-03 20:14:32.275104+00:00,2.00563248,0.00963530,55.8755,107.3901,56.9464,303.9879,0,U,24876,999,20743,0.00000000000000,0.00000071,0.0000000000000,26560.379,717.978,20438.161,19926.327,PAYLOAD,LARGE,US,1997-07-23,AFETR,,4868752,301780707,0 NAVSTAR 43 (USA 132),1 24876U 97035A   25307.84342911  .00000071  00000-0  00000+0 0  9997,2 24876  55.8755 107.3901 0096353  56.9464 303.9879  2.00563248207430
3.0,GENERATED VIA SPACE-TRACK.ORG API,2025-11-04 10:21:18+00:00,18 SPCS,NAVSTAR 43 (USA 132),1997-035A,EARTH,TEME,UTC,SGP4,2025-11-03 20:14:32.275104+00:00,2.00563248,0.00963531,55.8755,107.3901,56.9464,303.9879,0,U,24876,999,20743,0.00000000000000,0.00000071,0.0000000000000,26560.379,717.978,20438.162,19926.327,PAYLOAD,LARGE,US,1997-07-23,AFETR,,4869260,301798939,0 NAVSTAR 43 (USA 132),1 24876U 97035A   25307.84342911  .00000071  00000-0  00000-0 0  9998,2 24876  55.8755 107.3901 0096353  56.9464 303.9879  2.00563248207430
3.0,GENERATED VIA SPACE-TRACK.ORG API,2025-11-05 10:12:47+00:00,18 SPCS,NAVSTAR 43 (USA 132),1997-035A,EARTH,TEME,UTC,SGP4,2025-11-04 20:10:26.191488+00:00,2.00563246,0.00963720,55.8761,107.3511,56.9527,303.9743,0,U,24876,999,20745,0.00000000000000,0.00000059,0.0000000000000,26560.379,717.978,20438.212,19926.277,PAYLOAD,LARGE,US,1997-07-23,AFETR,,4870965,301927507,0 NAVSTAR 43 (USA 132),1 24876U 97035A   25308.84058092  .00000059  00000-0  00000-0 0  9999,2 24876  55.8761 107.3511 0096372  56.9527 303.9743  2.00563246207455
3.0,GENERATED VIA SPACE-TRACK.ORG API,2025-11-06 10:42:34+00:00,18 SPCS,NAVSTAR 43 (USA 132),1997-035A,EARTH,TEME,UTC,SGP4,2025-11-05 20:06:20.127744+00:00,2.00563257,0.00963922,55.8766,107.3121,56.9592,303.9609,0,U,24876,999,20747,0.00000000000000,0.00000047,0.0000000000000,26560.378,717.978,20438.265,19926.222,PAYLOAD,LARGE,US,1997-07-23,AFETR,,4871231,301990801,0 NAVSTAR 43 (USA 132),1 24876U 97035A   25309.83773296  .00000047  00000-0  00000-0 0  9996,2 24876  55.8766 107.3121 0096392  56.9592 303.9609  2.00563257207476
3.0,GENERATED VIA SPACE-TRACK.ORG API,2025-11-06 22:16:38+00:00,18 SPCS,NAVSTAR 43 (USA 132),1997-035A,EARTH,TEME,UTC,SGP4,2025-11-06 08:04:17.179680+00:00,2.00563261,0.00963970,55.8769,107.2926,56.9671,303.9500,0,U,24876,999,20748,0.00000000000000,0.00000042,0.0000000000000,26560.378,717.978,20438.277,19926.209,PAYLOAD,LARGE,US,1997-07-23,AFETR,,4871866,302029888,0 NAVSTAR 43 (USA 132),1 24876U 97035A   25310.33630995  .00000042  00000-0  00000+0 0  9995,2 24876  55.8769 107.2926 0096397  56.9671 303.9500  2.00563261207480
3.0,GENERATED VIA SPACE-TRACK.ORG API,2025-11-07 00:06:21+00:00,18 SPCS,NAVSTAR 43 (USA 132),1997-035A,EARTH,TEME,UTC,SGP4,2025-11-06 20:02:14.258400+00:00,2.00563273,0.00964050,55.8772,107.2731,56.9708,303.9439,0,U,24876,999,20749,0.00000000000000,0.00000038,0.0000000000000,26560.377,717.978,20438.297,19926.187,PAYLOAD,LARGE,US,1997-07-23,AFETR,,4873229,302059619,0 NAVSTAR 43 (USA 132),1 24876U 97035A   25310.83488725  .00000038  00000-0  00000+0 0  9997,2 24876  55.8772 107.2731 0096405  56.9708 303.9439  2.00563273207494
3.0,GENERATED VIA SPACE-TRACK.ORG API,2025-11-07 02:17:17+00:00,18 SPCS,NAVSTAR 43 (USA 132),1997-035A,EARTH,TEME,UTC,SGP4,2025-11-06 20:02:14.258400+00:00,2.00563273,0.00964051,55.8772,107.2731,56.9708,303.9439,0,U,24876,999,20749,0.00000000000000,0.00000038,0.0000000000000,26560.377,717.978,20438.298,19926.186,PAYLOAD,LARGE,US,1997-07-23,AFETR,,4873258,302069364,0 NAVSTAR 43 (USA 132),1 24876U 97035A   25310.83488725  .00000038  00000-0  00000-0 0  9998,2 24876  55.8772 107.2731 0096405  56.9708 303.9439  2.00563273207494
3.0,GENERATED VIA SPACE-TRACK.ORG API,2025-11-07 07:46:43+00:00,18 SPCS,NAVSTAR 43 (USA 132),1997-035A,EARTH,TEME,UTC,SGP4,2025-11-06 20:02:14.254080+00:00,2.00563270,0.00964100,55.8772,107.2731,56.9665,303.9482,0,U,24876,999,20749,0.00000000000000,0.00000038,0.0000000000000,26560.377,717.978,20438.311,19926.174,PAYLOAD,LARGE,US,1997-07-23,AFETR,,4873682,302103095,0 NAVSTAR 43 (USA 132),1 24876U 97035A   25310.83488720  .00000038  00000-0  00000+0 0  9992,2 24876  55.8772 107.2731 0096410  56.9665 303.9482  2.00563270207497
3.0,GENERATED VIA SPACE-TRACK.ORG API,2025-11-07 10:50:38+00:00,18 SPCS,NAVSTAR 43 (USA 132),1997-035A,EARTH,TEME,UTC,SGP4,2025-11-06 20:02:14.254080+00:00,2.00563270,0.00964096,55.8772,107.2731,56.9665,303.9482,0,U,24876,999,20749,0.00000000000000,0.00000038,0.0000000000000,26560.377,717.978,20438.310,19926.175,PAYLOAD,LARGE,US,1997-07-23,AFETR,,4873888,302114960,0 NAVSTAR 43 (USA 132),1 24876U 97035A   25310.83488720  .00000038  00000-0  00000-0 0  9993,2 24876  55.8772 107.2731 0096410  56.9665 303.9482  2.00563270207497
3.0,GENERATED VIA SPACE-TRACK.ORG API,2025-11-08 07:26:40+00:00,18 SPCS,NAVSTAR 43 (USA 132),1997-035A,EARTH,TEME,UTC,SGP4,2025-11-07 19:58:08.699232+00:00,2.00563273,0.00964270,55.8778,107.2341,56.9739,303.9378,0,U,24876,999,20751,0.00000000000000,0.00000035,0.0000000000000,26560.377,717.978,20438.356,19926.128,PAYLOAD,LARGE,US,1997-07-23,AFETR,,4875344,302175362,0 NAVSTAR 43 (USA 132),1 24876U 97035A   25311.83204513  .00000035  00000-0  00000+0 0  9996,2 24876  55.8778 107.2341 0096427  56.9739 303.9378  2.00563273207510
3.0,GENERATED VIA SPACE-TRACK.ORG API,2025-11-08 17:28:43+00:00,18 SPCS,NAVSTAR 43 (USA 132),1997-035A,EARTH,TEME,UTC,SGP4,2025-11-07 19:58:08.699232+00:00,2.00563273,0.00964269,55.8778,107.2341,56.9739,303.9378,0,U,24876,999,20751,0.00000000000000,0.00000035,0.0000000000000,26560.377,717.978,20438.356,19926.129,PAYLOAD,LARGE,US,1997-07-23,AFETR,,4876325,302205732,0 NAVSTAR 43 (USA 132),1 24876U 97035A   25311.83204513  .00000035  00000-0  00000-0 0  9997,2 24876  55.8778 107.2341 0096427  56.9739 303.9378  2.00563273207510
3.0,GENERATED VIA SPACE-TRACK.ORG API,2025-11-11 04:56:40+00:00,18 SPCS,NAVSTAR 43 (USA 132),1997-035A,EARTH,TEME,UTC,SGP4,2025-11-09 19:49:58.429344+00:00,2.00563293,0.00964564,55.8789,107.1561,56.9866,303.9260,0,U,24876,999,20755,0.00000000000000,0.00000040,0.0000000000000,26560.375,717.978,20438.432,19926.049,PAYLOAD,LARGE,US,1997-07-23,AFETR,,4877201,302253939,0 NAVSTAR 43 (USA 132),1 24876U 97035A   25313.82637071  .00000040  00000-0  00000-0 0  9993,2 24876  55.8789 107.1561 0096456  56.9866 303.9260  2.00563293207554
3.0,GENERATED VIA SPACE-TRACK.ORG API,2025-11-11 13:10:28+00:00,18 SPCS,NAVSTAR 43 (USA 132),1997-035A,EARTH,TEME,UTC,SGP4,2025-11-10 19:45:53.504352+00:00,2.00563322,0.00964697,55.8795,107.1171,56.9908,303.9244,0,U,24876,999,20757,0.00000000000000,0.00000047,0.0000000000000,26560.373,717.978,20438.465,19926.011,PAYLOAD,LARGE,US,1997-07-23,AFETR,,4877249,302285279,0 NAVSTAR 43 (USA 132),1 24876U 97035A   25314.82353593  .00000047  00000-0  00000-0 0  9995,2 24876  55.8795 107.1171 0096470  56.9908 303.9244  2.00563322207578
3.0,GENERATED VIA SPACE-TRACK.ORG API,2025-11-12 10:14:37+00:00,18 SPCS,NAVSTAR 43 (USA 132),1997-035A,EARTH,TEME,UTC,SGP4,2025-11-11 19:41:48.569856+00:00,2.00563352,0.00964800,55.8800,107.0781,56.9950,303.9226,0,U,24876,999,20759,0.00000000000000,0.00000053,0.0000000000000,26560.370,717.978,20438.490,19925.981,PAYLOAD,LARGE,US,1997-07-23,AFETR,,4877521,302317702,0 NAVSTAR 43 (USA 132),1 24876U 97035A   25315.82070104  .00000053  00000-0  00000-0 0  9997,2 24876  55.8800 107.0781 0096480  56.9950 303.9226  2.00563352207594
3.0,GENERATED VIA SPACE-TRACK.ORG API,2025-11-13 06:46:20+00:00,18 SPCS,NAVSTAR 43 (USA 132),1997-035A,EARTH,TEME,UTC,SGP4,2025-11-12 19:37:43.563648+00:00,2.00563366,0.00964910,55.8805,107.0391,56.9975,303.9217,0,U,24876,999,20761,0.00000000000000,0.00000057,0.0000000000000,26560.369,717.978,20438.517,19925.950,PAYLOAD,LARGE,US,1997-07-23,AFETR,,4878900,302397871,0 NAVSTAR 43 (USA 132),1 24876U 97035A   25316.81786532  .00000057  00000-0  00000+0 0  9999,2 24876  55.8805 107.0391 0096491  56.9975 303.9217  2.00563366207613
3.0,GENERATED VIA SPACE-TRACK.ORG API,2025-11-13 10:40:24+00:00,18 SPCS,NAVSTAR 43 (USA 132),1997-035A,EARTH,TEME,UTC,SGP4,2025-11-12 19:37:43.564512+00:00,2.00563366,0.00964914,55.8805,107.0391,56.9975,303.9217,0,U,24876,999,20761,0.00000000000000,0.00000057,0.0000000000000,26560.369,717.978,20438.519,19925.949,PAYLOAD,LARGE,US,1997-07-23,AFETR,,4879227,302412194,0 NAVSTAR 43 (USA 132),1 24876U 97035A   25316.81786533  .00000057  00000-0  00000-0 0  9991,2 24876  55.8805 107.0391 0096491  56.9975 303.9217  2.00563366207613
3.0,GENERATED VIA SPACE-TRACK.ORG API,2025-11-16 20:06:42+00:00,18 SPCS,NAVSTAR 43 (USA 132),1997-035A,EARTH,TEME,UTC,SGP4,2025-11-15 19:25:27.235200+00:00,2.00563467,0.00965250,55.8820,106.9221,57.0073,303.9072,0,U,24876,999,20767,0.00000000000000,0.00000043,0.0000000000000,26560.360,717.977,20438.599,19925.851,PAYLOAD,LARGE,US,1997-07-23,AFETR,,4883694,302635000,0 NAVSTAR 43 (USA 132),1 24876U 97035A   25319.80934300  .00000043  00000-0  00000+0 0  9994,2 24876  55.8820 106.9221 0096525  57.0073 303.9072  2.00563467207676
3.0,GENERATED VIA SPACE-TRACK.ORG API,2025-11-16 23:15:52+00:00,18 SPCS,NAVSTAR 43 (USA 132),1997-035A,EARTH,TEME,UTC,SGP4,2025-11-15 19:25:27.268896+00:00,2.00563450,0.00965279,55.8821,106.9221,57.0127,303.9019,0,U,24876,999,20767,0.00000000000000,0.00000043,0.0000000000000,26560.361,717.977,20438.608,19925.845,PAYLOAD,LARGE,US,1997-07-23,AFETR,,4883990,302648051,0 NAVSTAR 43 (USA 132),1 24876U 97035A   25319.80934339  .00000043  00000-0  00000-0 0  9997,2 24876  55.8821 106.9221 0096528  57.0127 303.9019  2.00563450207673
3.0,GENERATED VIA SPACE-TRACK.ORG API,2025-11-16 23:40:28+00:00,18 SPCS,NAVSTAR 43 (USA 132),1997-035A,EARTH,TEME,UTC,SGP4,2025-11-15 19:25:27.235200+00:00,2.00563467,0.00965252,55.8820,106.9221,57.0073,303.9072,0,U,24876,999,20767,0.00000000000000,0.00000043,0.0000000000000,26560.360,717.977,20438.599,19925.850,PAYLOAD,LARGE,US,1997-07-23,AFETR,,4884571,302693407,0 NAVSTAR 43 (USA 132),1 24876U 97035A   25319.80934300  .00000043  00000-0  00000-0 0  9995,2 24876  55.8820 106.9221 0096525  57.0073 303.9072  2.00563467207676
3.0,GENERATED VIA SPACE-TRACK.ORG API,2025-11-18 07:56:37+00:00,18 SPCS,NAVSTAR 43 (USA 132),1997-035A,EARTH,TEME,UTC,SGP4,2025-11-17 19:17:15.740160+00:00,2.00563495,0.00965410,55.8830,106.8442,57.0243,303.8819,0,U,24876,999,20771,0.00000000000000,0.00000024,0.0000000000000,26560.357,717.977,20438.639,19925.806,PAYLOAD,LARGE,US,1997-07-23,AFETR,,4886826,302860677,0 NAVSTAR 43 (USA 132),1 24876U 97035A   25321.80365440  .00000024  00000-0  00000+0 0  9999,2 24876  55.8830 106.8442 0096541  57.0243 303.8819  2.00563495207712
3.0,GENERATED VIA SPACE-TRACK.ORG API,2025-11-18 18:34:43+00:00,18 SPCS,NAVSTAR 43 (USA 132),1997-035A,EARTH,TEME,UTC,SGP4,2025-11-17 19:17:15.749664+00:00,2.00563491,0.00965420,55.8831,106.8442,57.0253,303.8809,0,U,24876,999,20771,0.00000000000000,0.00000024,0.0000000000000,26560.358,717.977,20438.642,19925.804,PAYLOAD,LARGE,US,1997-07-23,AFETR,,4887978,302885144,0 NAVSTAR 43 (USA 132),1 24876U 97035A   25321.80365451  .00000024  00000-0  00000-0 0  9992,2 24876  55.8831 106.8442 0096542  57.0253 303.8809  2.00563491207710
3.0,GENERATED VIA SPACE-TRACK.ORG API,2025-11-19 03:20:49+00:00,18 SPCS,NAVSTAR 43 (USA 132),1997-035A,EARTH,TEME,UTC,SGP4,2025-11-17 19:17:15.740160+00:00,2.00563495,0.00965409,55.8830,106.8442,57.0243,303.8819,0,U,24876,999,20771,0.00000000000000,0.00000024,0.0000000000000,26560.357,717.977,20438.638,19925.806,PAYLOAD,LARGE,US,1997-07-23,AFETR,,4888721,302933914,0 NAVSTAR 43 (USA 132),1 24876U 97035A   25321.80365440  .00000024  00000-0  00000-0 0  9990,2 24876  55.8830 106.8442 0096541  57.0243 303.8819  2.00563495207712
3.0,GENERATED VIA SPACE-TRACK.ORG API,2025-11-19 10:06:41+00:00,18 SPCS,NAVSTAR 43 (USA 132),1997-035A,EARTH,TEME,UTC,SGP4,2025-11-18 19:13:09.998688+00:00,2.00563507,0.00965457,55.8835,106.8052,57.0294,303.8727,0,U,24876,999,20773,0.00000000000000,0.00000018,0.0000000000000,26560.356,717.977,20438.650,19925.792,PAYLOAD,LARGE,US,1997-07-23,AFETR,,4888758,302965352,0 NAVSTAR 43 (USA 132),1 24876U 97035A   25322.80081017  .00000018  00000-0  00000-0 0  9999,2 24876  55.8835 106.8052 0096546  57.0294 303.8727  2.00563507207739
3.0,GENERATED VIA SPACE-TRACK.ORG API,2025-11-20 11:24:48+00:00,18 SPCS,NAVSTAR 43 (USA 132),1997-035A,EARTH,TEME,UTC,SGP4,2025-11-19 19:09:04.382496+00:00,2.00563509,0.00965496,55.8840,106.7663,57.0315,303.8674,0,U,24876,999,20775,0.00000000000000,0.00000015,0.0000000000000,26560.356,717.977,20438.660,19925.782,PAYLOAD,LARGE,US,1997-07-23,AFETR,,4889748,303076286,0 NAVSTAR 43 (USA 132),1 24876U 97035A   25323.79796739  .00000015  00000-0  00000-0 0  9999,2 24876  55.8840 106.7663 0096550  57.0315 303.8674  2.00563509207756
3.0,GENERATED VIA SPACE-TRACK.ORG API,2025-11-20 20:46:22+00:00,18 SPCS,NAVSTAR 43 (USA 132),1997-035A,EARTH,TEME,UTC,SGP4,2025-11-19 19:09:04.361760+00:00,2.00563518,0.00965470,55.8840,106.7663,57.0230,303.8757,0,U,24876,999,20775,0.00000000000000,0.00000015,0.0000000000000,26560.355,717.977,20438.653,19925.788,PAYLOAD,LARGE,US,1997-07-23,AFETR,,4890294,303113725,0 NAVSTAR 43 (USA 132),1 24876U 97035A   25323.79796715  .00000015  00000-0  00000+0 0  9992,2 24876  55.8840 106.7663 0096547  57.0230 303.8757  2.00563518207750
3.0,GENERATED VIA SPACE-TRACK.ORG API,2025-11-21 03:06:45+00:00,18 SPCS,NAVSTAR 43 (USA 132),1997-035A,EARTH,TEME,UTC,SGP4,2025-11-19 19:09:04.362624+00:00,2.00563518,0.00965467,55.8840,106.7663,57.0230,303.8757,0,U,24876,999,20775,0.00000000000000,0.00000015,0.0000000000000,26560.355,717.977,20438.652,19925.789,PAYLOAD,LARGE,US,1997-07-23,AFETR,,4890904,303133225,0 NAVSTAR 43 (USA 132),1 24876U 97035A   25323.79796716  .00000015  00000-0  00000-0 0  9994,2 24876  55.8840 106.7663 0096547  57.0230 303.8757  2.00563518207750
3.0,GENERATED VIA SPACE-TRACK.ORG API,2025-11-21 20:16:19+00:00,18 SPCS,NAVSTAR 43 (USA 132),1997-035A,EARTH,TEME,UTC,SGP4,2025-11-20 19:04:58.884672+00:00,2.00563519,0.00965520,55.8845,106.7273,57.0235,303.8733,0,U,24876,999,20777,0.00000000000000,0.00000016,0.0000000000000,26560.355,717.977,20438.666,19925.775,PAYLOAD,LARGE,US,1997-07-23,AFETR,,4892097,303186389,0 NAVSTAR 43 (USA 132),1 24876U 97035A   25324.79512598  .00000016  00000-0  00000+0 0  9999,2 24876  55.8845 106.7273 0096552  57.0235 303.8733  2.00563519207770
3.0,GENERATED VIA SPACE-TRACK.ORG API,2025-11-22 15:36:19+00:00,18 SPCS,NAVSTAR 43 (USA 132),1997-035A,EARTH,TEME,UTC,SGP4,2025-11-22 06:58:50.979648+00:00,2.00563530,0.00965670,55.8852,106.6688,57.0349,303.8622,0,U,24876,999,20780,0.00000000000000,0.00000025,0.0000000000000,26560.354,717.977,20438.705,19925.734,PAYLOAD,LARGE,US,1997-07-23,AFETR,,4893978,303231648,0 NAVSTAR 43 (USA 132),1 24876U 97035A   25326.29086782  .00000025  00000-0  00000+0 0  9997,2 24876  55.8852 106.6688 0096567  57.0349 303.8622  2.00563530207803
3.0,GENERATED VIA SPACE-TRACK.ORG API,2025-11-22 18:56:57+00:00,18 SPCS,NAVSTAR 43 (USA 132),1997-035A,EARTH,TEME,UTC,SGP4,2025-11-22 06:58:50.980512+00:00,2.00563530,0.00965668,55.8852,106.6688,57.0349,303.8622,0,U,24876,999,20780,0.00000000000000,0.00000025,0.0000000000000,26560.354,717.977,20438.704,19925.735,PAYLOAD,LARGE,US,1997-07-23,AFETR,,4894246,303244493,0 NAVSTAR 43 (USA 132),1 24876U 97035A   25326.29086783  .00000025  00000-0  00000-0 0  9999,2 24876  55.8852 106.6688 0096567  57.0349 303.8622  2.00563530207803
3.0,GENERATED VIA SPACE-TRACK.ORG API,2025-11-23 14:36:21+00:00,18 SPCS,NAVSTAR 43 (USA 132),1997-035A,EARTH,TEME,UTC,SGP4,2025-11-23 06:54:45.913824+00:00,2.00563540,0.00965730,55.8857,106.6298,57.0360,303.8632,0,U,24876,999,20782,0.00000000000000,0.00000034,0.0000000000000,26560.353,717.977,20438.720,19925.717,PAYLOAD,LARGE,US,1997-07-23,AFETR,,4895946,303310757,0 NAVSTAR 43 (USA 132),1 24876U 97035A   25327.28803141  .00000034  00000-0  00000+0 0  9993,2 24876  55.8857 106.6298 0096573  57.0360 303.8632  2.00563540207829
3.0,GENERATED VIA SPACE-TRACK.ORG API,2025-11-24 15:16:29+00:00,18 SPCS,NAVSTAR 43 (USA 132),1997-035A,EARTH,TEME,UTC,SGP4,2025-11-24 06:50:41.039808+00:00,2.00563532,0.00965890,55.8862,106.5908,57.0386,303.8639,0,U,24876,999,20784,0.00000000000000,0.00000044,0.0000000000000,26560.354,717.977,20438.763,19925.675,PAYLOAD,LARGE,US,1997-07-23,AFETR,,4897938,303390378,0 NAVSTAR 43 (USA 132),1 24876U 97035A   25328.28519722  .00000044  00000-0  00000+0 0  9994,2 24876  55.8862 106.5908 0096589  57.0386 303.8639  2.00563532207847
3.0,GENERATED VIA SPACE-TRACK.ORG API,2025-11-24 18:12:41+00:00,18 SPCS,NAVSTAR 43 (USA 132),1997-035A,EARTH,TEME,UTC,SGP4,2025-11-23 06:54:45.914688+00:00,2.00563540,0.00965727,55.8857,106.6298,57.0360,303.8632,0,U,24876,999,20782,0.00000000000000,0.00000034,0.0000000000000,26560.353,717.977,20438.719,19925.718,PAYLOAD,LARGE,US,1997-07-23,AFETR,,4898287,303403737,0 NAVSTAR 43 (USA 132),1 24876U 97035A   25327.28803142  .00000034  00000-0  00000-0 0  9995,2 24876  55.8857 106.6298 0096573  57.0360 303.8632  2.00563540207829
3.0,GENERATED VIA SPACE-TRACK.ORG API,2025-11-25 03:42:27+00:00,18 SPCS,NAVSTAR 43 (USA 132),1997-035A,EARTH,TEME,UTC,SGP4,2025-11-24 06:50:41.040672+00:00,2.00563532,0.00965889,55.8862,106.5908,57.0386,303.8639,0,U,24876,999,20784,0.00000000000000,0.00000044,0.0000000000000,26560.354,717.977,20438.763,19925.676,PAYLOAD,LARGE,US,1997-07-23,AFETR,,4899133,303454593,0 NAVSTAR 43 (USA 132),1 24876U 97035A   25328.28519723  .00000044  00000-0  00000-0 0  9996,2 24876  55.8862 106.5908 0096589  57.0386 303.8639  2.00563532207847
3.0,GENERATED VIA SPACE-TRACK.ORG API,2025-11-25 08:26:36+00:00,18 SPCS,NAVSTAR 43 (USA 132),1997-035A,EARTH,TEME,UTC,SGP4,2025-11-24 18:48:38.630880+00:00,2.00563524,0.00965920,55.8864,106.5713,57.0372,303.8672,0,U,24876,999,20785,0.00000000000000,0.00000049,0.0000000000000,26560.355,717.977,20438.772,19925.668,PAYLOAD,LARGE,US,1997-07-23,AFETR,,4899722,303493691,0 NAVSTAR 43 (USA 132),1 24876U 97035A   25328.78378045  .00000049  00000-0  00000+0 0  9995,2 24876  55.8864 106.5713 0096592  57.0372 303.8672  2.00563524207851
3.0,GENERATED VIA SPACE-TRACK.ORG API,2025-11-25 17:18:59+00:00,18 SPCS,NAVSTAR 43 (USA 132),1997-035A,EARTH,TEME,UTC,SGP4,2025-11-24 18:48:38.631744+00:00,2.00563524,0.00965922,55.8864,106.5713,57.0372,303.8672,0,U,24876,999,20785,0.00000000000000,0.00000049,0.0000000000000,26560.355,717.977,20438.772,19925.668,PAYLOAD,LARGE,US,1997-07-23,AFETR,,4900866,303526021,0 NAVSTAR 43 (USA 132),1 24876U 97035A   25328.78378046  .00000049  00000-0  00000-0 0  9997,2 24876  55.8864 106.5713 0096592  57.0372 303.8672  2.00563524207851
3.0,GENERATED VIA SPACE-TRACK.ORG API,2025-11-26 14:46:36+00:00,18 SPCS,NAVSTAR 43 (USA 132),1997-035A,EARTH,TEME,UTC,SGP4,2025-11-26 06:42:31.422240+00:00,2.00563504,0.00966110,55.8872,106.5129,57.0416,303.8686,0,U,24876,999,20788,0.00000000000000,0.00000060,0.0000000000000,26560.357,717.977,20438.824,19925.619,PAYLOAD,LARGE,US,1997-07-23,AFETR,,4903064,303633784,0 NAVSTAR 43 (USA 132),1 24876U 97035A   25330.27953035  .00000060  00000-0  00000+0 0  9993,2 24876  55.8872 106.5129 0096611  57.0416 303.8686  2.00563504207888
3.0,GENERATED VIA SPACE-TRACK.ORG API,2025-11-26 18:00:39+00:00,18 SPCS,NAVSTAR 43 (USA 132),1997-035A,EARTH,TEME,UTC,SGP4,2025-11-26 06:42:31.436928+00:00,2.00563501,0.00966090,55.8872,106.5129,57.0422,303.8680,0,U,24876,999,20788,0.00000000000000,0.00000060,0.0000000000000,26560.357,717.977,20438.819,19925.625,PAYLOAD,LARGE,US,1997-07-23,AFETR,,4903404,303648056,0 NAVSTAR 43 (USA 132),1 24876U 97035A   25330.27953052  .00000060  00000-0  00000-0 0  9993,2 24876  55.8872 106.5129 0096609  57.0422 303.8680  2.00563501207883
3.0,GENERATED VIA SPACE-TRACK.ORG API,2025-11-27 03:52:41+00:00,18 SPCS,NAVSTAR 43 (USA 132),1997-035A,EARTH,TEME,UTC,SGP4,2025-11-26 06:42:31.422240+00:00,2.00563504,0.00966106,55.8872,106.5129,57.0416,303.8686,0,U,24876,999,20788,0.00000000000000,0.00000060,0.0000000000000,26560.357,717.977,20438.823,19925.621,PAYLOAD,LARGE,US,1997-07-23,AFETR,,4904132,303696050,0 NAVSTAR 43 (USA 132),1 24876U 97035A   25330.27953035  .00000060  00000-0  00000-0 0  9994,2 24876  55.8872 106.5129 0096611  57.0416 303.8686  2.00563504207888
3.0,GENERATED VIA SPACE-TRACK.ORG API,2025-11-28 07:26:33+00:00,18 SPCS,NAVSTAR 43 (USA 132),1997-035A,EARTH,TEME,UTC,SGP4,2025-11-27 18:36:23.950080+00:00,2.00563474,0.00966280,55.8879,106.4543,57.0387,303.8750,0,U,24876,999,20791,0.00000000000000,0.00000065,0.0000000000000,26560.359,717.977,20438.872,19925.577,PAYLOAD,LARGE,US,1997-07-23,AFETR,,4905415,303813007,0 NAVSTAR 43 (USA 132),1 24876U 97035A   25331.77527720  .00000065  00000-0  00000+0 0  9992,2 24876  55.8879 106.4543 0096628  57.0387 303.8750  2.00563474207911
3.0,GENERATED VIA SPACE-TRACK.ORG API,2025-11-28 20:32:39+00:00,18 SPCS,NAVSTAR 43 (USA 132),1997-035A,EARTH,TEME,UTC,SGP4,2025-11-28 06:34:21.300096+00:00,2.00563488,0.00966263,55.8881,106.4348,57.0414,303.8726,0,U,24876,999,20792,0.00000000000000,0.00000065,0.0000000000000,26560.358,717.977,20438.866,19925.580,PAYLOAD,LARGE,US,1997-07-23,AFETR,,4905705,303826356,0 NAVSTAR 43 (USA 132),1 24876U 97035A   25332.27385764  .00000065  00000-0  00000-0 0  9999,2 24876  55.8881 106.4348 0096626  57.0414 303.8726  2.00563488207925
3.0,GENERATED VIA SPACE-TRACK.ORG API,2025-11-29 06:56:33+00:00,18 SPCS,NAVSTAR 43 (USA 132),1997-035A,EARTH,TEME,UTC,SGP4,2025-11-28 18:32:18.524832+00:00,2.00563505,0.00966270,55.8884,106.4153,57.0330,303.8805,0,U,24876,999,20793,0.00000000000000,0.00000063,0.0000000000000,26560.357,717.977,20438.866,19925.577,PAYLOAD,LARGE,US,1997-07-23,AFETR,,4906583,303873352,0 NAVSTAR 43 (USA 132),1 24876U 97035A   25332.77243663  .00000063  00000-0  00000+0 0  9992,2 24876  55.8884 106.4153 0096627  57.0330 303.8805  2.00563505207939
3.0,GENERATED VIA SPACE-TRACK.ORG API,2025-11-29 19:07:35+00:00,18 SPCS,NAVSTAR 43 (USA 132),1997-035A,EARTH,TEME,UTC,SGP4,2025-11-28 18:32:18.525696+00:00,2.00563505,0.00966266,55.8884,106.4153,57.0330,303.8805,0,U,24876,999,20793,0.00000000000000,0.00000063,0.0000000000000,26560.357,717.977,20438.865,19925.578,PAYLOAD,LARGE,US,1997-07-23,AFETR,,4906927,303887548,0 NAVSTAR 43 (USA 132),1 24876U 97035A   25332.77243664  .00000063  00000-0  00000-0 0  9994,2 24876  55.8884 106.4153 0096627  57.0330 303.8805  2.00563505207939
3.0,GENERATED VIA SPACE-TRACK.ORG API,2025-11-29 22:36:21+00:00,18 SPCS,NAVSTAR 43 (USA 132),1997-035A,EARTH,TEME,UTC,SGP4,2025-11-29 06:30:15.823008+00:00,2.00563476,0.00966190,55.8886,106.3958,57.0273,303.8851,0,U,24876,999,20794,0.00000000000000,0.00000061,0.0000000000000,26560.359,717.977,20438.848,19925.601,PAYLOAD,LARGE,US,1997-07-23,AFETR,,4907384,303923768,0 NAVSTAR 43 (USA 132),1 24876U 97035A   25333.27101647  .00000061  00000-0  00000+0 0  9991,2 24876  55.8886 106.3958 0096619  57.0273 303.8851  2.00563476207949
3.0,GENERATED VIA SPACE-TRACK.ORG API,2025-11-30 17:58:55+00:00,18 SPCS,NAVSTAR 43 (USA 132),1997-035A,EARTH,TEME,UTC,SGP4,2025-11-30 06:26:10.116096+00:00,2.00563468,0.00966273,55.8891,106.3568,57.0227,303.8862,0,U,24876,999,20796,0.00000000000000,0.00000053,0.0000000000000,26560.360,717.977,20438.870,19925.579,PAYLOAD,LARGE,US,1997-07-23,AFETR,,4909172,303974468,0 NAVSTAR 43 (USA 132),1 24876U 97035A   25334.26817264  .00000053  00000-0  00000-0 0  9992,2 24876  55.8891 106.3568 0096627  57.0227 303.8862  2.00563468207965
3.0,GENERATED VIA SPACE-TRACK.ORG API,2025-11-30 22:46:33+00:00,18 SPCS,NAVSTAR 43 (USA 132),1997-035A,EARTH,TEME,UTC,SGP4,2025-11-30 06:26:10.116096+00:00,2.00563468,0.00966270,55.8891,106.3568,57.0227,303.8862,0,U,24876,999,20796,0.00000000000000,0.00000053,0.0000000000000,26560.360,717.977,20438.870,19925.580,PAYLOAD,LARGE,US,1997-07-23,AFETR,,4909645,304011236,0 NAVSTAR 43 (USA 132),1 24876U 97035A   25334.26817264  .00000053  00000-0  00000+0 0  9991,2 24876  55.8891 106.3568 0096627  57.0227 303.8862  2.00563468207965
3.0,GENERATED VIA SPACE-TRACK.ORG API,2025-12-01 03:48:24+00:00,18 SPCS,NAVSTAR 43 (USA 132),1997-035A,EARTH,TEME,UTC,SGP4,2025-11-30 18:24:07.276032+00:00,2.00563436,0.00966443,55.8893,106.3373,57.0251,303.8816,0,U,24876,999,20797,0.00000000000000,0.00000047,0.0000000000000,26560.363,717.977,20438.919,19925.537,PAYLOAD,LARGE,US,1997-07-23,AFETR,,4909928,304024089,0 NAVSTAR 43 (USA 132),1 24876U 97035A   25334.76675088  .00000047  00000-0  00000-0 0  9996,2 24876  55.8893 106.3373 0096644  57.0251 303.8816  2.00563436207972
3.0,GENERATED VIA SPACE-TRACK.ORG API,2025-12-01 23:26:33+00:00,18 SPCS,NAVSTAR 43 (USA 132),1997-035A,EARTH,TEME,UTC,SGP4,2025-12-01 06:22:04.295136+00:00,2.00563437,0.00966530,55.8895,106.3177,57.0227,303.8812,0,U,24876,999,20798,0.00000000000000,0.00000041,0.0000000000000,26560.363,717.977,20438.941,19925.514,PAYLOAD,LARGE,US,1997-07-23,AFETR,,4911244,304110945,0 NAVSTAR 43 (USA 132),1 24876U 97035A   25335.26532749  .00000041  00000-0  00000+0 0  9991,2 24876  55.8895 106.3177 0096653  57.0227 303.8812  2.00563437207987
3.0,GENERATED VIA SPACE-TRACK.ORG API,2025-12-02 02:18:54+00:00,18 SPCS,NAVSTAR 43 (USA 132),1997-035A,EARTH,TEME,UTC,SGP4,2025-12-01 06:22:04.295136+00:00,2.00563437,0.00966527,55.8895,106.3177,57.0227,303.8812,0,U,24876,999,20798,0.00000000000000,0.00000041,0.0000000000000,26560.363,717.977,20438.941,19925.515,PAYLOAD,LARGE,US,1997-07-23,AFETR,,4911537,304124182,0 NAVSTAR 43 (USA 132),1 24876U 97035A   25335.26532749  .00000041  00000-0  00000-0 0  9992,2 24876  55.8895 106.3177 0096653  57.0227 303.8812  2.00563437207987
3.0,GENERATED VIA SPACE-TRACK.ORG API,2025-12-02 07:56:32+00:00,18 SPCS,NAVSTAR 43 (USA 132),1997-035A,EARTH,TEME,UTC,SGP4,2025-12-01 18:20:01.305600+00:00,2.00563436,0.00966580,55.8898,106.2982,57.0223,303.8787,0,U,24876,999,20799,0.00000000000000,0.00000035,0.0000000000000,26560.363,717.977,20438.955,19925.500,PAYLOAD,LARGE,US,1997-07-23,AFETR,,4911988,304160317,0 NAVSTAR 43 (USA 132),1 24876U 97035A   25335.76390400  .00000035  00000-0  00000+0 0  9995,2 24876  55.8898 106.2982 0096658  57.0223 303.8787  2.00563436207995
3.0,GENERATED VIA SPACE-TRACK.ORG API,2025-12-02 11:04:55+00:00,18 SPCS,NAVSTAR 43 (USA 132),1997-035A,EARTH,TEME,UTC,SGP4,2025-12-01 18:20:01.306464+00:00,2.00563436,0.00966584,55.8898,106.2982,57.0223,303.8787,0,U,24876,999,20799,0.00000000000000,0.00000035,0.0000000000000,26560.363,717.977,20438.956,19925.499,PAYLOAD,LARGE,US,1997-07-23,AFETR,,4912329,304174478,0 NAVSTAR 43 (USA 132),1 24876U 97035A   25335.76390401  .00000035  00000-0  00000-0 0  9997,2 24876  55.8898 106.2982 0096658  57.0223 303.8787  2.00563436207995
3.0,GENERATED VIA SPACE-TRACK.ORG API,2025-12-02 23:46:19+00:00,18 SPCS,NAVSTAR 43 (USA 132),1997-035A,EARTH,TEME,UTC,SGP4,2025-12-02 18:15:55.353312+00:00,2.00563438,0.00966680,55.8903,106.2592,57.0264,303.8690,0,U,24876,999,20801,0.00000000000000,0.00000022,0.0000000000000,26560.362,717.977,20438.981,19925.474,PAYLOAD,LARGE,US,1997-07-23,AFETR,,4913746,304233152,0 NAVSTAR 43 (USA 132),1 24876U 97035A   25336.76105733  .00000022  00000-0  00000+0 0  9995,2 24876  55.8903 106.2592 0096668  57.0264 303.8690  2.00563438208014
3.0,GENERATED VIA SPACE-TRACK.ORG API,2025-12-03 07:36:34+00:00,18 SPCS,NAVSTAR 43 (USA 132),1997-035A,EARTH,TEME,UTC,SGP4,2025-12-02 18:15:55.323936+00:00,2.00563441,0.00966740,55.8903,106.2592,57.0206,303.8747,0,U,24876,999,20801,0.00000000000000,0.00000022,0.0000000000000,26560.362,717.977,20438.997,19925.458,PAYLOAD,LARGE,US,1997-07-23,AFETR,,4914397,304279575,0 NAVSTAR 43 (USA 132),1 24876U 97035A   25336.76105699  .00000022  00000-0  00000+0 0  9996,2 24876  55.8903 106.2592 0096674  57.0206 303.8747  2.00563441208014
3.0,GENERATED VIA SPACE-TRACK.ORG API,2025-12-03 11:19:29+00:00,18 SPCS,NAVSTAR 43 (USA 132),1997-035A,EARTH,TEME,UTC,SGP4,2025-12-02 18:15:55.288512+00:00,2.00563455,0.00966749,55.8903,106.2592,57.0161,303.8791,0,U,24876,999,20801,0.00000000000000,0.00000022,0.0000000000000,26560.361,717.977,20438.998,19925.454,PAYLOAD,LARGE,US,1997-07-23,AFETR,,4914710,304292686,0 NAVSTAR 43 (USA 132),1 24876U 97035A   25336.76105658  .00000022  00000-0  00000-0 0  9992,2 24876  55.8903 106.2592 0096675  57.0161 303.8791  2.00563455208019
3.0,GENERATED VIA SPACE-TRACK.ORG API,2025-12-03 14:46:20+00:00,18 SPCS,NAVSTAR 43 (USA 132),1997-035A,EARTH,TEME,UTC,SGP4,2025-12-02 18:15:55.287648+00:00,2.00563455,0.00966750,55.8903,106.2592,57.0161,303.8791,0,U,24876,999,20801,0.00000000000000,0.00000022,0.0000000000000,26560.361,717.977,20438.998,19925.454,PAYLOAD,LARGE,US,1997-07-23,AFETR,,4915038,304325151,0 NAVSTAR 43 (USA 132),1 24876U 97035A   25336.76105657  .00000022  00000-0  00000+0 0  9990,2 24876  55.8903 106.2592 0096675  57.0161 303.8791  2.00563455208019
3.0,GENERATED VIA SPACE-TRACK.ORG API,2025-12-03 23:56:18+00:00,18 SPCS,NAVSTAR 43 (USA 132),1997-035A,EARTH,TEME,UTC,SGP4,2025-12-03 06:13:52.381056+00:00,2.00563443,0.00966800,55.8906,106.2397,57.0195,303.8734,0,U,24876,999,20802,0.00000000000000,0.00000017,0.0000000000000,26560.362,717.977,20439.013,19925.441,PAYLOAD,LARGE,US,1997-07-23,AFETR,,4915892,304346662,0 NAVSTAR 43 (USA 132),1 24876U 97035A   25337.25963404  .00000017  00000-0  00000+0 0  9991,2 24876  55.8906 106.2397 0096680  57.0195 303.8734  2.00563443208023
3.0,GENERATED VIA SPACE-TRACK.ORG API,2025-12-04 02:28:57+00:00,18 SPCS,NAVSTAR 43 (USA 132),1997-035A,EARTH,TEME,UTC,SGP4,2025-12-03 06:13:52.381920+00:00,2.00563443,0.00966798,55.8906,106.2397,57.0195,303.8734,0,U,24876,999,20802,0.00000000000000,0.00000017,0.0000000000000,26560.362,717.977,20439.012,19925.442,PAYLOAD,LARGE,US,1997-07-23,AFETR,,4915962,304354225,0 NAVSTAR 43 (USA 132),1 24876U 97035A   25337.25963405  .00000017  00000-0  00000-0 0  9993,2 24876  55.8906 106.2397 0096680  57.0195 303.8734  2.00563443208023
3.0,GENERATED VIA SPACE-TRACK.ORG API,2025-12-04 19:15:14+00:00,18 SPCS,NAVSTAR 43 (USA 132),1997-035A,EARTH,TEME,UTC,SGP4,2025-12-04 06:09:46.662912+00:00,2.00563453,0.00966933,55.8911,106.2007,57.0188,303.8705,0,U,24876,999,20804,0.00000000000000,0.00000008,0.0000000000000,26560.361,717.977,20439.047,19925.405,PAYLOAD,LARGE,US,1997-07-23,AFETR,,4916542,304428699,0 NAVSTAR 43 (USA 132),1 24876U 97035A   25338.25679008  .00000008  00000-0  00000-0 0  9997,2 24876  55.8911 106.2007 0096693  57.0188 303.8705  2.00563453208044
3.0,GENERATED VIA SPACE-TRACK.ORG API,2025-12-04 21:16:21+00:00,18 SPCS,NAVSTAR 43 (USA 132),1997-035A,EARTH,TEME,UTC,SGP4,2025-12-04 06:09:46.662048+00:00,2.00563453,0.00966930,55.8911,106.2007,57.0188,303.8705,0,U,24876,999,20804,0.00000000000000,0.00000008,0.0000000000000,26560.361,717.977,20439.046,19925.406,PAYLOAD,LARGE,US,1997-07-23,AFETR,,4916976,304464413,0 NAVSTAR 43 (USA 132),1 24876U 97035A   25338.25679007  .00000008  00000-0  00000+0 0  9995,2 24876  55.8911 106.2007 0096693  57.0188 303.8705  2.00563453208044
3.0,GENERATED VIA SPACE-TRACK.ORG API,2025-12-05 10:48:45+00:00,18 SPCS,NAVSTAR 43 (USA 132),1997-035A,EARTH,TEME,UTC,SGP4,2025-12-05 06:05:41.226432+00:00,2.00563469,0.00966975,55.8916,106.1617,57.0234,303.8648,0,U,24876,999,20806,0.00000000000000,0.00000004,0.0000000000000,26560.360,717.977,20439.057,19925.393,PAYLOAD,LARGE,US,1997-07-23,AFETR,,4918366,304534990,0 NAVSTAR 43 (USA 132),1 24876U 97035A   25339.25394938  .00000004  00000-0  00000-0 0  9990,2 24876  55.8916 106.1617 0096697  57.0234 303.8648  2.00563469208066
3.0,GENERATED VIA SPACE-TRACK.ORG API,2025-12-06 06:00:24+00:00,18 SPCS,NAVSTAR 43 (USA 132),1997-035A,EARTH,TEME,UTC,SGP4,2025-12-05 18:03:38.663712+00:00,2.00563458,0.00967066,55.8919,106.1422,57.0175,303.8711,0,U,24876,999,20807,0.00000000000000,0.00000004,0.0000000000000,26560.361,717.977,20439.082,19925.370,PAYLOAD,LARGE,US,1997-07-23,AFETR,,4918504,304567078,0 NAVSTAR 43 (USA 132),1 24876U 97035A   25339.75253083  .00000004  00000-0  00000-0 0  9990,2 24876  55.8919 106.1422 0096707  57.0175 303.8711  2.00563458208079
3.0,GENERATED VIA SPACE-TRACK.ORG API,2025-12-07 05:42:25+00:00,18 SPCS,NAVSTAR 43 (USA 132),1997-035A,EARTH,TEME,UTC,SGP4,2025-12-06 17:59:33.634176+00:00,2.00563487,0.00967167,55.8924,106.1032,57.0160,303.8750,0,U,24876,999,20809,0.00000000000000,0.00000007,0.0000000000000,26560.358,717.977,20439.106,19925.340,PAYLOAD,LARGE,US,1997-07-23,AFETR,,4918577,304662239,0 NAVSTAR 43 (USA 132),1 24876U 97035A   25340.74969484  .00000007  00000-0  00000-0 0  9993,2 24876  55.8924 106.1032 0096717  57.0160 303.8750  2.00563487208094
3.0,GENERATED VIA SPACE-TRACK.ORG API,2025-12-07 17:20:40+00:00,18 SPCS,NAVSTAR 43 (USA 132),1997-035A,EARTH,TEME,UTC,SGP4,2025-12-07 05:57:31.204512+00:00,2.00563500,0.00967197,55.8926,106.0837,57.0181,303.8748,0,U,24876,999,20810,0.00000000000000,0.00000009,0.0000000000000,26560.357,717.977,20439.113,19925.331,PAYLOAD,LARGE,US,1997-07-23,AFETR,,4918610,304694168,0 NAVSTAR 43 (USA 132),1 24876U 97035A   25341.24827783  .00000009  00000-0  00000-0 0  9996,2 24876  55.8926 106.0837 0096720  57.0181 303.8748  2.00563500208100
3.0,GENERATED VIA SPACE-TRACK.ORG API,2025-12-08 03:46:37+00:00,18 SPCS,NAVSTAR 43 (USA 132),1997-035A,EARTH,TEME,UTC,SGP4,2025-12-07 17:55:28.688448+00:00,2.00563551,0.00967233,55.8929,106.0642,57.0121,303.8828,0,U,24876,999,20811,0.00000000000000,0.00000012,0.0000000000000,26560.353,717.977,20439.118,19925.317,PAYLOAD,LARGE,US,1997-07-23,AFETR,,4918622,304725305,0 NAVSTAR 43 (USA 132),1 24876U 97035A   25341.74685982  .00000012  00000-0  00000-0 0  9998,2 24876  55.8929 106.0642 0096723  57.0121 303.8828  2.00563551208110
3.0,GENERATED VIA SPACE-TRACK.ORG API,2025-12-08 11:02:57+00:00,18 SPCS,NAVSTAR 43 (USA 132),1997-035A,EARTH,TEME,UTC,SGP4,2025-12-08 05:53:26.454912+00:00,2.00563507,0.00967273,55.8931,106.0447,57.0161,303.8810,0,U,24876,999,20812,0.00000000000000,0.00000015,0.0000000000000,26560.356,717.977,20439.133,19925.310,PAYLOAD,LARGE,US,1997-07-23,AFETR,,4918630,304756882,0 NAVSTAR 43 (USA 132),1 24876U 97035A   25342.24544508  .00000015  00000-0  00000-0 0  9995,2 24876  55.8931 106.0447 0096727  57.0161 303.8810  2.00563507208127
3.0,GENERATED VIA SPACE-TRACK.ORG API,2025-12-09 05:08:39+00:00,18 SPCS,NAVSTAR 43 (USA 132),1997-035A,EARTH,TEME,UTC,SGP4,2025-12-08 17:51:24.025248+00:00,2.00563531,0.00967341,55.8934,106.0252,57.0084,303.8909,0,U,24876,999,20813,0.00000000000000,0.00000018,0.0000000000000,26560.354,717.977,20439.148,19925.290,PAYLOAD,LARGE,US,1997-07-23,AFETR,,4919542,304840727,0 NAVSTAR 43 (USA 132),1 24876U 97035A   25342.74402807  .00000018  00000-0  00000-0 0  9998,2 24876  55.8934 106.0252 0096734  57.0084 303.8909  2.00563531208133
3.0,GENERATED VIA SPACE-TRACK.ORG API,2025-12-09 08:06:35+00:00,18 SPCS,NAVSTAR 43 (USA 132),1997-035A,EARTH,TEME,UTC,SGP4,2025-12-08 17:51:24.025248+00:00,2.00563531,0.00967340,55.8934,106.0252,57.0084,303.8909,0,U,24876,999,20813,0.00000000000000,0.00000018,0.0000000000000,26560.354,717.977,20439.148,19925.290,PAYLOAD,LARGE,US,1997-07-23,AFETR,,4920010,304877535,0 NAVSTAR 43 (USA 132),1 24876U 97035A   25342.74402807  .00000018  00000-0  00000+0 0  9997,2 24876  55.8934 106.0252 0096734  57.0084 303.8909  2.00563531208133
3.0,GENERATED VIA SPACE-TRACK.ORG API,2025-12-09 15:16:22+00:00,18 SPCS,NAVSTAR 43 (USA 132),1997-035A,EARTH,TEME,UTC,SGP4,2025-12-09 05:49:21.633600+00:00,2.00563541,0.00967450,55.8936,106.0057,57.0125,303.8888,0,U,24876,999,20814,0.00000000000000,0.00000020,0.0000000000000,26560.353,717.977,20439.177,19925.260,PAYLOAD,LARGE,US,1997-07-23,AFETR,,4920858,304929206,0 NAVSTAR 43 (USA 132),1 24876U 97035A   25343.24261150  .00000020  00000-0  00000+0 0  9990,2 24876  55.8936 106.0057 0096745  57.0125 303.8888  2.00563541208144
3.0,GENERATED VIA SPACE-TRACK.ORG API,2025-12-09 17:41:06+00:00,18 SPCS,NAVSTAR 43 (USA 132),1997-035A,EARTH,TEME,UTC,SGP4,2025-12-09 05:49:21.634464+00:00,2.00563541,0.00967453,55.8936,106.0057,57.0125,303.8888,0,U,24876,999,20814,0.00000000000000,0.00000020,0.0000000000000,26560.353,717.977,20439.177,19925.259,PAYLOAD,LARGE,US,1997-07-23,AFETR,,4921142,304942194,0 NAVSTAR 43 (USA 132),1 24876U 97035A   25343.24261151  .00000020  00000-0  00000-0 0  9992,2 24876  55.8936 106.0057 0096745  57.0125 303.8888  2.00563541208144
3.0,GENERATED VIA SPACE-TRACK.ORG API,2025-12-09 23:56:21+00:00,18 SPCS,NAVSTAR 43 (USA 132),1997-035A,EARTH,TEME,UTC,SGP4,2025-12-09 17:47:19.153824+00:00,2.00563565,0.00967480,55.8939,105.9862,57.0132,303.8899,0,U,24876,999,20815,0.00000000000000,0.00000022,0.0000000000000,26560.351,717.977,20439.182,19925.250,PAYLOAD,LARGE,US,1997-07-23,AFETR,,4921580,304977454,0 NAVSTAR 43 (USA 132),1 24876U 97035A   25343.74119391  .00000022  00000-0  00000+0 0  9996,2 24876  55.8939 105.9862 0096748  57.0132 303.8899  2.00563565208159
3.0,GENERATED VIA SPACE-TRACK.ORG API,2025-12-10 10:40:49+00:00,18 SPCS,NAVSTAR 43 (USA 132),1997-035A,EARTH,TEME,UTC,SGP4,2025-12-09 17:47:19.154688+00:00,2.00563565,0.00967483,55.8939,105.9862,57.0132,303.8899,0,U,24876,999,20815,0.00000000000000,0.00000022,0.0000000000000,26560.351,717.977,20439.183,19925.249,PAYLOAD,LARGE,US,1997-07-23,AFETR,,4922494,305005556,0 NAVSTAR 43 (USA 132),1 24876U 97035A   25343.74119392  .00000022  00000-0  00000-0 0  9998,2 24876  55.8939 105.9862 0096748  57.0132 303.8899  2.00563565208159
3.0,GENERATED VIA SPACE-TRACK.ORG API,2025-12-11 03:54:24+00:00,18 SPCS,NAVSTAR 43 (USA 132),1997-035A,EARTH,TEME,UTC,SGP4,2025-12-10 17:43:14.127744+00:00,2.00563589,0.00967572,55.8943,105.9472,57.0036,303.9018,0,U,24876,999,20817,0.00000000000000,0.00000022,0.0000000000000,26560.349,717.977,20439.205,19925.224,PAYLOAD,LARGE,US,1997-07-23,AFETR,,4924027,305104773,0 NAVSTAR 43 (USA 132),1 24876U 97035A   25344.73835796  .00000022  00000-0  00000-0 0  9991,2 24876  55.8943 105.9472 0096757  57.0036 303.9018  2.00563589208176
3.0,GENERATED VIA SPACE-TRACK.ORG API,2025-12-11 07:46:18+00:00,18 SPCS,NAVSTAR 43 (USA 132),1997-035A,EARTH,TEME,UTC,SGP4,2025-12-10 17:43:14.126880+00:00,2.00563589,0.00967570,55.8943,105.9471,57.0036,303.9018,0,U,24876,999,20817,0.00000000000000,0.00000022,0.0000000000000,26560.349,717.977,20439.204,19925.224,PAYLOAD,LARGE,US,1997-07-23,AFETR,,4924549,305142779,0 NAVSTAR 43 (USA 132),1 24876U 97035A   25344.73835795  .00000022  00000-0  00000+0 0  9999,2 24876  55.8943 105.9471 0096757  57.0036 303.9018  2.00563589208175
3.0,GENERATED VIA SPACE-TRACK.ORG API,2025-12-13 04:32:25+00:00,18 SPCS,NAVSTAR 43 (USA 132),1997-035A,EARTH,TEME,UTC,SGP4,2025-12-12 17:35:03.459552+00:00,2.00563636,0.00967745,55.8952,105.8691,56.9985,303.9066,0,U,24876,999,20821,0.00000000000000,0.00000010,0.0000000000000,26560.345,717.977,20439.247,19925.173,PAYLOAD,LARGE,US,1997-07-23,AFETR,,4925723,305301454,0 NAVSTAR 43 (USA 132),1 24876U 97035A   25346.73267893  .00000010  00000-0  00000-0 0  9997,2 24876  55.8952 105.8691 0096775  56.9985 303.9066  2.00563636208210
3.0,GENERATED VIA SPACE-TRACK.ORG API,2025-12-14 11:30:26+00:00,18 SPCS,NAVSTAR 43 (USA 132),1997-035A,EARTH,TEME,UTC,SGP4,2025-12-13 17:30:57.892608+00:00,2.00563655,0.00967837,55.8957,105.8301,56.9980,303.9052,0,U,24876,999,20823,0.00000000000000,0.00000000,0.0000000000000,26560.343,717.977,20439.269,19925.147,PAYLOAD,LARGE,US,1997-07-23,AFETR,,4925779,305397034,0 NAVSTAR 43 (USA 132),1 24876U 97035A   25347.72983672  .00000000  00000-0  00000-0 0  9996,2 24876  55.8957 105.8301 0096784  56.9980 303.9052  2.00563655208236
3.0,GENERATED VIA SPACE-TRACK.ORG API,2025-12-14 18:24:38+00:00,18 SPCS,NAVSTAR 43 (USA 132),1997-035A,EARTH,TEME,UTC,SGP4,2025-12-13 17:30:57.889152+00:00,2.00563654,0.00967760,55.8957,105.8301,56.9937,303.9094,0,U,24876,999,20823,0.00000000000000,0.00000000,0.0000000000000,26560.343,717.977,20439.249,19925.168,PAYLOAD,LARGE,US,1997-07-23,AFETR,,4925820,305429116,0 NAVSTAR 43 (USA 132),1 24876U 97035A   25347.72983668  .00000000  00000-0  00000-0 0  9991,2 24876  55.8957 105.8301 0096776  56.9937 303.9094  2.00563654208234
3.0,GENERATED VIA SPACE-TRACK.ORG API,2025-12-15 04:20:25+00:00,18 SPCS,NAVSTAR 43 (USA 132),1997-035A,EARTH,TEME,UTC,SGP4,2025-12-14 05:28:55.073280+00:00,2.00563668,0.00967780,55.8959,105.8106,56.9864,303.9153,0,U,24876,999,20824,0.00000000000000,-0.00000005,0.0000000000000,26560.342,717.976,20439.253,19925.161,PAYLOAD,LARGE,US,1997-07-23,AFETR,,4925847,305460407,0 NAVSTAR 43 (USA 132),1 24876U 97035A   25348.22841520 -.00000005  00000-0  00000-0 0  9993,2 24876  55.8959 105.8106 0096778  56.9864 303.9153  2.00563668208242
3.0,GENERATED VIA SPACE-TRACK.ORG API,2025-12-15 20:47:01+00:00,18 SPCS,NAVSTAR 43 (USA 132),1997-035A,EARTH,TEME,UTC,SGP4,2025-12-14 17:26:52.239264+00:00,2.00563675,0.00967790,55.8962,105.7911,56.9919,303.9085,0,U,24876,999,20825,0.00000000000000,-0.00000010,0.0000000000000,26560.342,717.976,20439.255,19925.158,PAYLOAD,LARGE,US,1997-07-23,AFETR,,4925932,305492534,0 NAVSTAR 43 (USA 132),1 24876U 97035A   25348.72699351 -.00000010  00000-0  00000-0 0  9997,2 24876  55.8962 105.7911 0096779  56.9919 303.9085  2.00563675208254
3.0,GENERATED VIA SPACE-TRACK.ORG API,2025-12-16 02:19:10+00:00,18 SPCS,NAVSTAR 43 (USA 132),1997-035A,EARTH,TEME,UTC,SGP4,2025-12-15 17:22:46.617024+00:00,2.00563689,0.00967819,55.8967,105.7521,56.9926,303.9054,0,U,24876,999,20827,0.00000000000000,-0.00000018,0.0000000000000,26560.340,717.976,20439.261,19925.149,PAYLOAD,LARGE,US,1997-07-23,AFETR,,4925951,305524319,0 NAVSTAR 43 (USA 132),1 24876U 97035A   25349.72415066 -.00000018  00000-0  00000-0 0  9995,2 24876  55.8967 105.7521 0096782  56.9926 303.9054  2.00563689208271
3.0,GENERATED VIA SPACE-TRACK.ORG API,2025-12-16 18:50:54+00:00,18 SPCS,NAVSTAR 43 (USA 132),1997-035A,EARTH,TEME,UTC,SGP4,2025-12-15 17:22:46.609248+00:00,2.00563690,0.00967808,55.8966,105.7521,56.9888,303.9092,0,U,24876,999,20827,0.00000000000000,-0.00000018,0.0000000000000,26560.340,717.976,20439.258,19925.152,PAYLOAD,LARGE,US,1997-07-23,AFETR,,4926060,305556464,0 NAVSTAR 43 (USA 132),1 24876U 97035A   25349.72415057 -.00000018  00000-0  00000-0 0  9995,2 24876  55.8966 105.7521 0096781  56.9888 303.9092  2.00563690208270
3.0,GENERATED VIA SPACE-TRACK.ORG API,2025-12-17 02:25:03+00:00,18 SPCS,NAVSTAR 43 (USA 132),1997-035A,EARTH,TEME,UTC,SGP4,2025-12-16 17:18:41.060448+00:00,2.00563709,0.00967839,55.8971,105.7131,56.9876,303.9087,0,U,24876,999,20829,0.00000000000000,-0.00000023,0.0000000000000,26560.339,717.976,20439.265,19925.142,PAYLOAD,LARGE,US,1997-07-23,AFETR,,4926108,305588768,0 NAVSTAR 43 (USA 132),1 24876U 97035A   25350.72130857 -.00000023  00000-0  00000-0 0  9995,2 24876  55.8971 105.7131 0096784  56.9876 303.9087  2.00563709208290
3.0,GENERATED VIA SPACE-TRACK.ORG API,2025-12-18 02:19:01+00:00,18 SPCS,NAVSTAR 43 (USA 132),1997-035A,EARTH,TEME,UTC,SGP4,2025-12-17 17:14:35.683584+00:00,2.00563712,0.00967872,55.8976,105.6742,56.9828,303.9131,0,U,24876,999,20831,0.00000000000000,-0.00000023,0.0000000000000,26560.338,717.976,20439.273,19925.133,PAYLOAD,LARGE,US,1997-07-23,AFETR,,4926279,305684521,0 NAVSTAR 43 (USA 132),1 24876U 97035A   25351.71846856 -.00000023  00000-0  00000-0 0  9998,2 24876  55.8976 105.6742 0096787  56.9828 303.9131  2.00563712208319
3.0,GENERATED VIA SPACE-TRACK.ORG API,2025-12-18 11:20:39+00:00,18 SPCS,NAVSTAR 43 (USA 132),1997-035A,EARTH,TEME,UTC,SGP4,2025-12-17 17:14:35.709504+00:00,2.00563699,0.00967771,55.8976,105.6742,56.9662,303.9295,0,U,24876,999,20831,0.00000000000000,-0.00000023,0.0000000000000,26560.339,717.976,20439.248,19925.161,PAYLOAD,LARGE,US,1997-07-23,AFETR,,4926320,305715864,0 NAVSTAR 43 (USA 132),1 24876U 97035A   25351.71846886 -.00000023  00000-0  00000-0 0  9991,2 24876  55.8976 105.6742 0096777  56.9662 303.9295  2.00563699208319
3.0,GENERATED VIA SPACE-TRACK.ORG API,2025-12-19 10:18:47+00:00,18 SPCS,NAVSTAR 43 (USA 132),1997-035A,EARTH,TEME,UTC,SGP4,2025-12-19 05:08:27.852000+00:00,2.00563748,0.00967886,55.8984,105.6157,56.9687,303.9293,0,U,24876,999,20834,0.00000000000000,-0.00000016,0.0000000000000,26560.335,717.976,20439.274,19925.126,PAYLOAD,LARGE,US,1997-07-23,AFETR,,4926531,305811973,0 NAVSTAR 43 (USA 132),1 24876U 97035A   25353.21421125 -.00000016  00000-0  00000-0 0  9995,2 24876  55.8984 105.6157 0096789  56.9687 303.9293  2.00563748208344
3.0,GENERATED VIA SPACE-TRACK.ORG API,2025-12-19 21:16:25+00:00,18 SPCS,NAVSTAR 43 (USA 132),1997-035A,EARTH,TEME,UTC,SGP4,2025-12-19 05:08:27.852000+00:00,2.00563748,0.00967890,55.8984,105.6157,56.9687,303.9293,0,U,24876,999,20834,0.00000000000000,-0.00000016,0.0000000000000,26560.335,717.976,20439.275,19925.125,PAYLOAD,LARGE,US,1997-07-23,AFETR,,4926977,305880489,0 NAVSTAR 43 (USA 132),1 24876U 97035A   25353.21421125 -.00000016  00000-0  00000+0 0  9994,2 24876  55.8984 105.6157 0096789  56.9687 303.9293  2.00563748208344
3.0,GENERATED VIA SPACE-TRACK.ORG API,2025-12-20 03:40:46+00:00,18 SPCS,NAVSTAR 43 (USA 132),1997-035A,EARTH,TEME,UTC,SGP4,2025-12-19 17:06:25.387776+00:00,2.00563740,0.00968037,55.8986,105.5962,56.9692,303.9306,0,U,24876,999,20835,0.00000000000000,-0.00000012,0.0000000000000,26560.336,717.976,20439.315,19925.087,PAYLOAD,LARGE,US,1997-07-23,AFETR,,4927604,305902223,0 NAVSTAR 43 (USA 132),1 24876U 97035A   25353.71279384 -.00000012  00000-0  00000-0 0  9994,2 24876  55.8986 105.5962 0096804  56.9692 303.9306  2.00563740208351
3.0,GENERATED VIA SPACE-TRACK.ORG API,2025-12-20 07:56:31+00:00,18 SPCS,NAVSTAR 43 (USA 132),1997-035A,EARTH,TEME,UTC,SGP4,2025-12-20 05:04:22.922688+00:00,2.00563750,0.00968120,55.8989,105.5767,56.9717,303.9301,0,U,24876,999,20836,0.00000000000000,-0.00000008,0.0000000000000,26560.335,717.976,20439.336,19925.064,PAYLOAD,LARGE,US,1997-07-23,AFETR,,4928039,305938003,0 NAVSTAR 43 (USA 132),1 24876U 97035A   25354.21137642 -.00000008  00000-0  00000+0 0  9994,2 24876  55.8989 105.5767 0096812  56.9717 303.9301  2.00563750208361
3.0,GENERATED VIA SPACE-TRACK.ORG API,2025-12-20 11:53:06+00:00,18 SPCS,NAVSTAR 43 (USA 132),1997-035A,EARTH,TEME,UTC,SGP4,2025-12-20 05:04:22.923552+00:00,2.00563750,0.00968119,55.8989,105.5767,56.9717,303.9301,0,U,24876,999,20836,0.00000000000000,-0.00000008,0.0000000000000,26560.335,717.976,20439.335,19925.064,PAYLOAD,LARGE,US,1997-07-23,AFETR,,4928347,305951928,0 NAVSTAR 43 (USA 132),1 24876U 97035A   25354.21137643 -.00000008  00000-0  00000-0 0  9996,2 24876  55.8989 105.5767 0096812  56.9717 303.9301  2.00563750208361
3.0,GENERATED VIA SPACE-TRACK.ORG API,2025-12-21 03:42:25+00:00,18 SPCS,NAVSTAR 43 (USA 132),1997-035A,EARTH,TEME,UTC,SGP4,2025-12-20 17:02:20.499072+00:00,2.00563751,0.00968143,55.8991,105.5572,56.9642,303.9398,0,U,24876,999,20837,0.00000000000000,-0.00000003,0.0000000000000,26560.335,717.976,20439.342,19925.058,PAYLOAD,LARGE,US,1997-07-23,AFETR,,4929614,306046601,0 NAVSTAR 43 (USA 132),1 24876U 97035A   25354.70995948 -.00000003  00000-0  00000-0 0  9995,2 24876  55.8991 105.5572 0096814  56.9642 303.9398  2.00563751208375
3.0,GENERATED VIA SPACE-TRACK.ORG API,2025-12-21 07:26:37+00:00,18 SPCS,NAVSTAR 43 (USA 132),1997-035A,EARTH,TEME,UTC,SGP4,2025-12-21 05:00:18.122112+00:00,2.00563754,0.00968200,55.8993,105.5377,56.9664,303.9402,0,U,24876,999,20838,0.00000000000000,0.00000002,0.0000000000000,26560.335,717.976,20439.357,19925.042,PAYLOAD,LARGE,US,1997-07-23,AFETR,,4930078,306083591,0 NAVSTAR 43 (USA 132),1 24876U 97035A   25355.20854308  .00000002  00000-0  00000+0 0  9992,2 24876  55.8993 105.5377 0096820  56.9664 303.9402  2.00563754208381
3.0,GENERATED VIA SPACE-TRACK.ORG API,2025-12-21 13:38:25+00:00,18 SPCS,NAVSTAR 43 (USA 132),1997-035A,EARTH,TEME,UTC,SGP4,2025-12-21 05:00:18.122112+00:00,2.00563754,0.00968202,55.8993,105.5377,56.9664,303.9402,0,U,24876,999,20838,0.00000000000000,0.00000002,0.0000000000000,26560.335,717.976,20439.357,19925.042,PAYLOAD,LARGE,US,1997-07-23,AFETR,,4930336,306095505,0 NAVSTAR 43 (USA 132),1 24876U 97035A   25355.20854308  .00000002  00000-0  00000-0 0  9993,2 24876  55.8993 105.5377 0096820  56.9664 303.9402  2.00563754208381
3.0,GENERATED VIA SPACE-TRACK.ORG API,2025-12-22 07:36:20+00:00,18 SPCS,NAVSTAR 43 (USA 132),1997-035A,EARTH,TEME,UTC,SGP4,2025-12-21 16:58:15.798720+00:00,2.00563737,0.00968280,55.8995,105.5182,56.9616,303.9479,0,U,24876,999,20839,0.00000000000000,0.00000007,0.0000000000000,26560.336,717.976,20439.379,19925.023,PAYLOAD,LARGE,US,1997-07-23,AFETR,,4932165,306197942,0 NAVSTAR 43 (USA 132),1 24876U 97035A   25355.70712730  .00000007  00000-0  00000+0 0  9994,2 24876  55.8995 105.5182 0096828  56.9616 303.9479  2.00563737208398
3.0,GENERATED VIA SPACE-TRACK.ORG API,2025-12-22 10:45:50+00:00,18 SPCS,NAVSTAR 43 (USA 132),1997-035A,EARTH,TEME,UTC,SGP4,2025-12-22 04:56:13.452864+00:00,2.00563743,0.00968355,55.8998,105.4987,56.9648,303.9476,0,U,24876,999,20840,0.00000000000000,0.00000012,0.0000000000000,26560.336,717.976,20439.399,19925.002,PAYLOAD,LARGE,US,1997-07-23,AFETR,,4932384,306209646,0 NAVSTAR 43 (USA 132),1 24876U 97035A   25356.20571126  .00000012  00000-0  00000-0 0  9999,2 24876  55.8998 105.4987 0096835  56.9648 303.9476  2.00563743208402
3.0,GENERATED VIA SPACE-TRACK.ORG API,2025-12-23 02:54:50+00:00,18 SPCS,NAVSTAR 43 (USA 132),1997-035A,EARTH,TEME,UTC,SGP4,2025-12-22 04:56:13.490880+00:00,2.00563727,0.00968316,55.8997,105.4987,56.9610,303.9513,0,U,24876,999,20840,0.00000000000000,0.00000012,0.0000000000000,26560.337,717.976,20439.390,19925.014,PAYLOAD,LARGE,US,1997-07-23,AFETR,,4932761,306282061,0 NAVSTAR 43 (USA 132),1 24876U 97035A   25356.20571170  .00000012  00000-0  00000-0 0  9998,2 24876  55.8997 105.4987 0096832  56.9610 303.9513  2.00563727208401
3.0,GENERATED VIA SPACE-TRACK.ORG API,2025-12-24 02:10:40+00:00,18 SPCS,NAVSTAR 43 (USA 132),1997-035A,EARTH,TEME,UTC,SGP4,2025-12-23 04:52:08.851872+00:00,2.00563705,0.00968440,55.9001,105.4597,56.9573,303.9609,0,U,24876,999,20842,0.00000000000000,0.00000020,0.0000000000000,26560.339,717.976,20439.425,19924.983,PAYLOAD,LARGE,US,1997-07-23,AFETR,,4934052,306375168,0 NAVSTAR 43 (USA 132),1 24876U 97035A   25357.20288023  .00000020  00000-0  00000-0 0  9990,2 24876  55.9001 105.4597 0096844  56.9573 303.9609  2.00563705208420
3.0,GENERATED VIA SPACE-TRACK.ORG API,2025-12-25 08:16:32+00:00,18 SPCS,NAVSTAR 43 (USA 132),1997-035A,EARTH,TEME,UTC,SGP4,2025-12-24 16:46:01.702848+00:00,2.00563657,0.00968520,55.9008,105.4012,56.9369,303.9882,0,U,24876,999,20845,0.00000000000000,0.00000027,0.0000000000000,26560.343,717.977,20439.450,19924.966,PAYLOAD,LARGE,US,1997-07-23,AFETR,,4936228,306513000,0 NAVSTAR 43 (USA 132),1 24876U 97035A   25358.69863082  .00000027  00000-0  00000+0 0  9994,2 24876  55.9008 105.4012 0096852  56.9369 303.9882  2.00563657208453
3.0,GENERATED VIA SPACE-TRACK.ORG API,2025-12-25 10:44:41+00:00,18 SPCS,NAVSTAR 43 (USA 132),1997-035A,EARTH,TEME,UTC,SGP4,2025-12-25 04:43:59.117664+00:00,2.00563692,0.00968489,55.9010,105.3817,56.9385,303.9881,0,U,24876,999,20846,0.00000000000000,0.00000028,0.0000000000000,26560.340,717.976,20439.439,19924.971,PAYLOAD,LARGE,US,1997-07-23,AFETR,,4936478,306525312,0 NAVSTAR 43 (USA 132),1 24876U 97035A   25359.19721201  .00000028  00000-0  00000-0 0  9998,2 24876  55.9010 105.3817 0096849  56.9385 303.9881  2.00563692208461
3.0,GENERATED VIA SPACE-TRACK.ORG API,2025-12-25 21:36:29+00:00,18 SPCS,NAVSTAR 43 (USA 132),1997-035A,EARTH,TEME,UTC,SGP4,2025-12-25 04:43:59.116800+00:00,2.00563692,0.00968490,55.9010,105.3817,56.9385,303.9881,0,U,24876,999,20846,0.00000000000000,0.00000028,0.0000000000000,26560.340,717.976,20439.439,19924.971,PAYLOAD,LARGE,US,1997-07-23,AFETR,,4937023,306596298,0 NAVSTAR 43 (USA 132),1 24876U 97035A   25359.19721200  .00000028  00000-0  00000+0 0  9996,2 24876  55.9010 105.3817 0096849  56.9385 303.9881  2.00563692208461
3.0,GENERATED VIA SPACE-TRACK.ORG API,2025-12-27 03:23:11+00:00,18 SPCS,NAVSTAR 43 (USA 132),1997-035A,EARTH,TEME,UTC,SGP4,2025-12-26 16:37:51.239424+00:00,2.00563658,0.00968610,55.9017,105.3232,56.9183,304.0095,0,U,24876,999,20849,0.00000000000000,0.00000023,0.0000000000000,26560.343,717.977,20439.474,19924.942,PAYLOAD,LARGE,US,1997-07-23,AFETR,,4939423,306755718,0 NAVSTAR 43 (USA 132),1 24876U 97035A   25360.69295416  .00000023  00000-0  00000-0 0  9994,2 24876  55.9017 105.3232 0096861  56.9183 304.0095  2.00563658208493
3.0,GENERATED VIA SPACE-TRACK.ORG API,2025-12-27 06:46:43+00:00,18 SPCS,NAVSTAR 43 (USA 132),1997-035A,EARTH,TEME,UTC,SGP4,2025-12-26 16:37:51.239424+00:00,2.00563658,0.00968610,55.9017,105.3231,56.9183,304.0095,0,U,24876,999,20849,0.00000000000000,0.00000023,0.0000000000000,26560.343,717.977,20439.474,19924.942,PAYLOAD,LARGE,US,1997-07-23,AFETR,,4939896,306793109,0 NAVSTAR 43 (USA 132),1 24876U 97035A   25360.69295416  .00000023  00000-0  00000+0 0  9993,2 24876  55.9017 105.3231 0096861  56.9183 304.0095  2.00563658208492
3.0,GENERATED VIA SPACE-TRACK.ORG API,2025-12-27 22:36:30+00:00,18 SPCS,NAVSTAR 43 (USA 132),1997-035A,EARTH,TEME,UTC,SGP4,2025-12-27 16:33:45.647424+00:00,2.00563660,0.00968720,55.9021,105.2841,56.9166,304.0093,0,U,24876,999,20851,0.00000000000000,0.00000015,0.0000000000000,26560.343,717.977,20439.503,19924.913,PAYLOAD,LARGE,US,1997-07-23,AFETR,,4941370,306859537,0 NAVSTAR 43 (USA 132),1 24876U 97035A   25361.69011166  .00000015  00000-0  00000+0 0  9993,2 24876  55.9021 105.2841 0096872  56.9166 304.0093  2.00563660208510
3.0,GENERATED VIA SPACE-TRACK.ORG API,2025-12-28 04:40:25+00:00,18 SPCS,NAVSTAR 43 (USA 132),1997-035A,EARTH,TEME,UTC,SGP4,2025-12-27 16:33:45.624960+00:00,2.00563656,0.00968723,55.9021,105.2841,56.9081,304.0177,0,U,24876,999,20851,0.00000000000000,0.00000015,0.0000000000000,26560.343,717.977,20439.504,19924.912,PAYLOAD,LARGE,US,1997-07-23,AFETR,,4941611,306872255,0 NAVSTAR 43 (USA 132),1 24876U 97035A   25361.69011140  .00000015  00000-0  00000-0 0  9996,2 24876  55.9021 105.2841 0096872  56.9081 304.0177  2.00563656208514
3.0,GENERATED VIA SPACE-TRACK.ORG API,2025-12-28 07:36:55+00:00,18 SPCS,NAVSTAR 43 (USA 132),1997-035A,EARTH,TEME,UTC,SGP4,2025-12-27 16:33:45.624096+00:00,2.00563656,0.00968720,55.9021,105.2841,56.9081,304.0177,0,U,24876,999,20851,0.00000000000000,0.00000015,0.0000000000000,26560.343,717.977,20439.504,19924.913,PAYLOAD,LARGE,US,1997-07-23,AFETR,,4941985,306907050,0 NAVSTAR 43 (USA 132),1 24876U 97035A   25361.69011139  .00000015  00000-0  00000+0 0  9993,2 24876  55.9021 105.2841 0096872  56.9081 304.0177  2.00563656208514
3.0,GENERATED VIA SPACE-TRACK.ORG API,2025-12-29 12:04:26+00:00,18 SPCS,NAVSTAR 43 (USA 132),1997-035A,EARTH,TEME,UTC,SGP4,2025-12-28 16:29:39.664896+00:00,2.00563713,0.00968837,55.9026,105.2450,56.8900,304.0323,0,U,24876,999,20853,0.00000000000000,0.00000004,0.0000000000000,26560.338,717.976,20439.529,19924.877,PAYLOAD,LARGE,US,1997-07-23,AFETR,,4943787,307052628,0 NAVSTAR 43 (USA 132),1 24876U 97035A   25362.68726464  .00000004  00000-0  00000-0 0  9996,2 24876  55.9026 105.2450 0096884  56.8900 304.0323  2.00563713208536
3.0,GENERATED VIA SPACE-TRACK.ORG API,2025-12-30 10:50:37+00:00,18 SPCS,NAVSTAR 43 (USA 132),1997-035A,EARTH,TEME,UTC,SGP4,2025-12-30 04:23:31.030656+00:00,2.00563673,0.00969023,55.9033,105.1865,56.8949,304.0218,0,U,24876,999,20856,0.00000000000000,-0.00000013,0.0000000000000,26560.342,717.976,20439.583,19924.831,PAYLOAD,LARGE,US,1997-07-23,AFETR,,4945998,307167324,0 NAVSTAR 43 (USA 132),1 24876U 97035A   25364.18299804 -.00000013  00000-0  00000-0 0  9997,2 24876  55.9033 105.1865 0096902  56.8949 304.0218  2.00563673208568
3.0,GENERATED VIA SPACE-TRACK.ORG API,2025-12-30 18:16:58+00:00,18 SPCS,NAVSTAR 43 (USA 132),1997-035A,EARTH,TEME,UTC,SGP4,2025-12-30 04:23:31.067808+00:00,2.00563654,0.00969017,55.9032,105.1865,56.8902,304.0264,0,U,24876,999,20856,0.00000000000000,-0.00000013,0.0000000000000,26560.343,717.977,20439.583,19924.834,PAYLOAD,LARGE,US,1997-07-23,AFETR,,4946042,307199676,0 NAVSTAR 43 (USA 132),1 24876U 97035A   25364.18299847 -.00000013  00000-0  00000-0 0  9994,2 24876  55.9032 105.1865 0096902  56.8902 304.0264  2.00563654208566
3.0,GENERATED VIA SPACE-TRACK.ORG API,2025-12-31 10:22:26+00:00,18 SPCS,NAVSTAR 43 (USA 132),1997-035A,EARTH,TEME,UTC,SGP4,2025-12-31 04:19:25.442976+00:00,2.00563640,0.00969142,55.9037,105.1474,56.8844,304.0297,0,U,24876,999,20858,0.00000000000000,-0.00000023,0.0000000000000,26560.345,717.977,20439.617,19924.802,PAYLOAD,LARGE,US,1997-07-23,AFETR,,4947640,307300112,0 NAVSTAR 43 (USA 132),1 24876U 97035A   25365.18015559 -.00000023  00000-0  00000-0 0  9992,2 24876  55.9037 105.1474 0096914  56.8844 304.0297  2.00563640208588
3.0,GENERATED VIA SPACE-TRACK.ORG API,2025-12-31 14:46:28+00:00,18 SPCS,NAVSTAR 43 (USA 132),1997-035A,EARTH,TEME,UTC,SGP4,2025-12-31 04:19:25.442112+00:00,2.00563640,0.00969140,55.9037,105.1474,56.8844,304.0297,0,U,24876,999,20858,0.00000000000000,-0.00000023,0.0000000000000,26560.345,717.977,20439.617,19924.803,PAYLOAD,LARGE,US,1997-07-23,AFETR,,4948167,307338087,0 NAVSTAR 43 (USA 132),1 24876U 97035A   25365.18015558 -.00000023  00000-0  00000+0 0  9990,2 24876  55.9037 105.1474 0096914  56.8844 304.0297  2.00563640208588
