CCSDS_OMM_VERS,COMMENT,CREATION_DATE,ORIGINATOR,OBJECT_NAME,OBJECT_ID,CENTER_NAME,REF_FRAME,TIME_SYSTEM,MEAN_ELEMENT_THEORY,EPOCH,MEAN_MOTION,ECCENTRICITY,INCLINATION,RA_OF_ASC_NODE,ARG_OF_PERICENTER,MEAN_ANOMALY,EPHEMERIS_TYPE,CLASSIFICATION_TYPE,NORAD_CAT_ID,ELEMENT_SET_NO,REV_AT_EPOCH,BSTAR,MEAN_MOTION_DOT,MEAN_MOTION_DDOT,SEMIMAJOR_AXIS,PERIOD,APOAPSIS,PERIAPSIS,OBJECT_TYPE,RCS_SIZE,COUNTRY_CODE,LAUNCH_DATE,SITE,DECAY_DATE,FILE,GP_ID,TLE_LINE0,TLE_LINE1,TLE_LINE2
3.0,GENERATED VIA SPACE-TRACK.ORG API,2025-01-01 02:31:18+00:00,18 SPCS,ISS (ZARYA),1998-067A,EARTH,TEME,UTC,SGP4,2024-12-31 19:30:49.950432+00:00,15.50544003,0.00060910,51.6382,56.2039,28.0496,332.0820,0,U,25544,999,48920,0.00048311000000,0.00027763,0.0000000000000,6793.274,92.871,419.276,411.001,PAYLOAD,LARGE,ISS,1998-11-20,TTMTR,,4597458,277001350,0 ISS (ZARYA),1 25544U 98067A   24366.81307813  .00027763  00000-0  48311-3 0  9997,2 25544  51.6382  56.2039 0006091  28.0496 332.0820 15.50544003489205
3.0,GENERATED VIA SPACE-TRACK.ORG API,2025-01-01 23:08:36+00:00,18 SPCS,ISS (ZARYA),1998-067A,EARTH,TEME,UTC,SGP4,2025-01-01 20:15:45.204480+00:00,15.50622792,0.00061240,51.6378,51.0900,32.3269,327.8094,0,U,25544,999,48936,0.00096818000000,0.00056466,0.0000000000000,6793.044,92.866,419.069,410.748,PAYLOAD,LARGE,ISS,1998-11-20,TTMTR,,4598091,277039648,0 ISS (ZARYA),1 25544U 98067A   25001.84427320  .00056466  00000-0  96818-3 0  9990,2 25544  51.6378  51.0900 0006124  32.3269 327.8094 15.50622792489367
3.0,GENERATED VIA SPACE-TRACK.ORG API,2025-01-01 23:41:24+00:00,18 SPCS,ISS (ZARYA),1998-067A,EARTH,TEME,UTC,SGP4,2025-01-01 12:31:43.277952+00:00,15.50588307,0.00061390,51.6380,52.6886,31.0154,329.1196,0,U,25544,999,48931,0.00054600000000,0.00031502,0.0000000000000,6793.144,92.868,419.180,410.839,PAYLOAD,LARGE,ISS,1998-11-20,TTMTR,,4598149,277047640,0 ISS (ZARYA),1 25544U 98067A   25001.52202868  .00031502  00000-0  54600-3 0  9990,2 25544  51.6380  52.6886 0006139  31.0154 329.1196 15.50588307489311
3.0,GENERATED VIA SPACE-TRACK.ORG API,2025-01-02 08:18:29+00:00,18 SPCS,ISS (ZARYA),1998-067A,EARTH,TEME,UTC,SGP4,2025-01-02 05:32:34.702080+00:00,15.50638329,0.00061180,51.6378,49.1720,33.9345,326.2034,0,U,25544,999,48942,0.00058981000000,0.00034139,0.0000000000000,6792.998,92.865,419.019,410.707,PAYLOAD,LARGE,ISS,1998-11-20,TTMTR,,4598389,277106879,0 ISS (ZARYA),1 25544U 98067A   25002.23095720  .00034139  00000-0  58981-3 0  9991,2 25544  51.6378  49.1720 0006118  33.9345 326.2034 15.50638329489427
3.0,GENERATED VIA SPACE-TRACK.ORG API,2025-01-02 19:02:11+00:00,18 SPCS,ISS (ZARYA),1998-067A,EARTH,TEME,UTC,SGP4,2025-01-02 11:43:47.555040+00:00,15.50646850,0.00061450,51.6377,47.8937,34.7819,325.3571,0,U,25544,999,48946,0.00043571000000,0.00025078,0.0000000000000,6792.973,92.864,419.013,410.664,PAYLOAD,LARGE,ISS,1998-11-20,TTMTR,,4598496,277115872,0 ISS (ZARYA),1 25544U 98067A   25002.48874485  .00025078  00000-0  43571-3 0  9992,2 25544  51.6377  47.8937 0006145  34.7819 325.3571 15.50646850489464
3.0,GENERATED VIA SPACE-TRACK.ORG API,2025-01-03 00:08:47+00:00,18 SPCS,ISS (ZARYA),1998-067A,EARTH,TEME,UTC,SGP4,2025-01-02 22:50:42.120960+00:00,15.50684949,0.00061460,51.6399,45.5951,39.1211,28.1218,0,U,25544,999,48953,0.00056875000000,0.00032954,0.0000000000000,6792.862,92.862,418.902,410.552,PAYLOAD,LARGE,ISS,1998-11-20,TTMTR,,4598687,277143665,0 ISS (ZARYA),1 25544U 98067A   25002.95187640  .00032954  00000-0  56875-3 0  9996,2 25544  51.6399  45.5951 0006146  39.1211  28.1218 15.50684949489530
3.0,GENERATED VIA SPACE-TRACK.ORG API,2025-01-03 09:28:32+00:00,18 SPCS,ISS (ZARYA),1998-067A,EARTH,TEME,UTC,SGP4,2025-01-03 08:37:32.999808+00:00,15.50692603,0.00062230,51.6394,43.5721,40.5974,143.1760,0,U,25544,999,48959,0.00040658000000,0.00023404,0.0000000000000,6792.840,92.862,418.932,410.477,PAYLOAD,LARGE,ISS,1998-11-20,TTMTR,,4598964,277179192,0 ISS (ZARYA),1 25544U 98067A   25003.35940972  .00023404  00000-0  40658-3 0  9998,2 25544  51.6394  43.5721 0006223  40.5974 143.1760 15.50692603489598
3.0,GENERATED VIA SPACE-TRACK.ORG API,2025-01-03 16:08:31+00:00,18 SPCS,ISS (ZARYA),1998-067A,EARTH,TEME,UTC,SGP4,2025-01-03 14:38:17.329920+00:00,15.50706416,0.00062050,51.6397,42.3302,41.0500,102.1437,0,U,25544,999,48963,0.00042185000000,0.00024315,0.0000000000000,6792.799,92.861,418.879,410.449,PAYLOAD,LARGE,ISS,1998-11-20,TTMTR,,4599085,277182119,0 ISS (ZARYA),1 25544U 98067A   25003.60992280  .00024315  00000-0  42185-3 0  9994,2 25544  51.6397  42.3302 0006205  41.0500 102.1437 15.50706416489633
3.0,GENERATED VIA SPACE-TRACK.ORG API,2025-01-03 17:58:37+00:00,18 SPCS,ISS (ZARYA),1998-067A,EARTH,TEME,UTC,SGP4,2025-01-03 17:35:04.256160+00:00,15.50729660,0.00060770,51.6396,41.7224,40.8630,68.1381,0,U,25544,999,48965,0.00077335000000,0.00045117,0.0000000000000,6792.731,92.860,418.724,410.469,PAYLOAD,LARGE,ISS,1998-11-20,TTMTR,,4599091,277212041,0 ISS (ZARYA),1 25544U 98067A   25003.73268815  .00045117  00000-0  77335-3 0  9996,2 25544  51.6396  41.7224 0006077  40.8630  68.1381 15.50729660489653
3.0,GENERATED VIA SPACE-TRACK.ORG API,2025-01-04 00:38:32+00:00,18 SPCS,ISS (ZARYA),1998-067A,EARTH,TEME,UTC,SGP4,2025-01-04 00:08:34.379808+00:00,15.50725948,0.00061880,51.6402,40.3677,42.3179,153.2056,0,U,25544,999,48969,0.00044575000000,0.00025742,0.0000000000000,6792.742,92.860,418.811,410.404,PAYLOAD,LARGE,ISS,1998-11-20,TTMTR,,4599355,277218079,0 ISS (ZARYA),1 25544U 98067A   25004.00595347  .00025742  00000-0  44575-3 0  9992,2 25544  51.6402  40.3677 0006188  42.3179 153.2056 15.50725948489690
3.0,GENERATED VIA SPACE-TRACK.ORG API,2025-01-04 07:17:01+00:00,18 SPCS,ISS (ZARYA),1998-067A,EARTH,TEME,UTC,SGP4,2025-01-03 18:39:48.822624+00:00,15.50709481,0.00061820,51.6380,41.5017,39.4225,320.7213,0,U,25544,999,48966,0.00032800000000,0.00018791,0.0000000000000,6792.790,92.861,418.855,410.456,PAYLOAD,LARGE,ISS,1998-11-20,TTMTR,,4599680,277231783,0 ISS (ZARYA),1 25544U 98067A   25003.77764841  .00018791  00000-0  32800-3 0  9996,2 25544  51.6380  41.5017 0006182  39.4225 320.7213 15.50709481489666
3.0,GENERATED VIA SPACE-TRACK.ORG API,2025-01-04 14:28:34+00:00,18 SPCS,ISS (ZARYA),1998-067A,EARTH,TEME,UTC,SGP4,2025-01-04 13:39:15.324768+00:00,15.50763037,0.00059410,51.6400,37.5704,43.6588,56.8472,0,U,25544,999,48978,0.00048923000000,0.00028343,0.0000000000000,6792.634,92.858,418.534,410.463,PAYLOAD,LARGE,ISS,1998-11-20,TTMTR,,4599829,277257990,0 ISS (ZARYA),1 25544U 98067A   25004.56892737  .00028343  00000-0  48923-3 0  9997,2 25544  51.6400  37.5704 0005941  43.6588  56.8472 15.50763037489782
3.0,GENERATED VIA SPACE-TRACK.ORG API,2025-01-04 15:08:32+00:00,18 SPCS,ISS (ZARYA),1998-067A,EARTH,TEME,UTC,SGP4,2025-01-04 13:13:23.612736+00:00,15.50742225,0.00062460,51.6382,37.6661,41.9371,318.2095,0,U,25544,999,48978,0.00029132000000,0.00016654,0.0000000000000,6792.695,92.859,418.802,410.317,PAYLOAD,LARGE,ISS,1998-11-20,TTMTR,,4600038,277264222,0 ISS (ZARYA),1 25544U 98067A   25004.55096774  .00016654  00000-0  29132-3 0  9996,2 25544  51.6382  37.6661 0006246  41.9371 318.2095 15.50742225489786
3.0,GENERATED VIA SPACE-TRACK.ORG API,2025-01-04 22:58:33+00:00,18 SPCS,ISS (ZARYA),1998-067A,EARTH,TEME,UTC,SGP4,2025-01-04 19:24:34.873344+00:00,15.50756894,0.00062260,51.6383,36.3872,43.2130,316.9347,0,U,25544,999,48982,0.00036400000000,0.00020946,0.0000000000000,6792.652,92.858,418.746,410.288,PAYLOAD,LARGE,ISS,1998-11-20,TTMTR,,4600377,277301776,0 ISS (ZARYA),1 25544U 98067A   25004.80873696  .00020946  00000-0  36400-3 0  9995,2 25544  51.6383  36.3872 0006226  43.2130 316.9347 15.50756894489820
3.0,GENERATED VIA SPACE-TRACK.ORG API,2025-01-05 06:58:44+00:00,18 SPCS,ISS (ZARYA),1998-067A,EARTH,TEME,UTC,SGP4,2025-01-05 05:11:53.947968+00:00,15.50776974,0.00062450,51.6390,34.3594,46.9928,71.6484,0,U,25544,999,48988,0.00039198000000,0.00022613,0.0000000000000,6792.593,92.857,418.700,410.216,PAYLOAD,LARGE,ISS,1998-11-20,TTMTR,,4600680,277337955,0 ISS (ZARYA),1 25544U 98067A   25005.21659662  .00022613  00000-0  39198-3 0  9996,2 25544  51.6390  34.3594 0006245  46.9928  71.6484 15.50776974489887
3.0,GENERATED VIA SPACE-TRACK.ORG API,2025-01-05 14:28:33+00:00,18 SPCS,ISS (ZARYA),1998-067A,EARTH,TEME,UTC,SGP4,2025-01-05 13:02:52.858176+00:00,15.50796866,0.00059930,51.6395,32.7386,48.6291,97.2059,0,U,25544,999,48993,0.00041824000000,0.00024180,0.0000000000000,6792.535,92.855,418.471,410.329,PAYLOAD,LARGE,ISS,1998-11-20,TTMTR,,4600925,277344206,0 ISS (ZARYA),1 25544U 98067A   25005.54366734  .00024180  00000-0  41824-3 0  9997,2 25544  51.6395  32.7386 0005993  48.6291  97.2059 15.50796866489934
3.0,GENERATED VIA SPACE-TRACK.ORG API,2025-01-05 18:18:42+00:00,18 SPCS,ISS (ZARYA),1998-067A,EARTH,TEME,UTC,SGP4,2025-01-05 14:35:18.723840+00:00,15.50800117,0.00060570,51.6393,32.4199,48.6326,95.7937,0,U,25544,999,48994,0.00041899000000,0.00024228,0.0000000000000,6792.526,92.855,418.505,410.276,PAYLOAD,LARGE,ISS,1998-11-20,TTMTR,,4601132,277348086,0 ISS (ZARYA),1 25544U 98067A   25005.60785560  .00024228  00000-0  41899-3 0  9991,2 25544  51.6393  32.4199 0006057  48.6326  95.7937 15.50800117489946
3.0,GENERATED VIA SPACE-TRACK.ORG API,2025-01-05 19:47:08+00:00,18 SPCS,ISS (ZARYA),1998-067A,EARTH,TEME,UTC,SGP4,2025-01-05 12:25:19.939296+00:00,15.50787583,0.00062910,51.6383,32.8713,45.5846,314.5657,0,U,25544,999,48993,0.00031600000000,0.00018137,0.0000000000000,6792.562,92.856,418.701,410.154,PAYLOAD,LARGE,ISS,1998-11-20,TTMTR,,4601203,277358160,0 ISS (ZARYA),1 25544U 98067A   25005.51759189  .00018137  00000-0  31600-3 0  9990,2 25544  51.6383  32.8713 0006291  45.5846 314.5657 15.50787583489935
3.0,GENERATED VIA SPACE-TRACK.ORG API,2025-01-05 22:18:30+00:00,18 SPCS,ISS (ZARYA),1998-067A,EARTH,TEME,UTC,SGP4,2025-01-05 20:07:23.999808+00:00,15.50807080,0.00064040,51.6395,31.2768,49.0588,303.7162,0,U,25544,999,48997,0.00039954000000,0.00023086,0.0000000000000,6792.505,92.855,418.720,410.020,PAYLOAD,LARGE,ISS,1998-11-20,TTMTR,,4601241,277381248,0 ISS (ZARYA),1 25544U 98067A   25005.83847222  .00023086  00000-0  39954-3 0  9990,2 25544  51.6395  31.2768 0006404  49.0588 303.7162 15.50807080489979
3.0,GENERATED VIA SPACE-TRACK.ORG API,2025-01-06 02:24:55+00:00,18 SPCS,ISS (ZARYA),1998-067A,EARTH,TEME,UTC,SGP4,2025-01-05 18:36:30.578688+00:00,15.50798288,0.00062870,51.6382,31.5925,46.8182,313.3331,0,U,25544,999,48997,0.00030988000000,0.00017783,0.0000000000000,6792.531,92.855,418.667,410.126,PAYLOAD,LARGE,ISS,1998-11-20,TTMTR,,4601493,277394648,0 ISS (ZARYA),1 25544U 98067A   25005.77535392  .00017783  00000-0  30988-3 0  9990,2 25544  51.6382  31.5925 0006287  46.8182 313.3331 15.50798288489971
3.0,GENERATED VIA SPACE-TRACK.ORG API,2025-01-06 06:28:31+00:00,18 SPCS,ISS (ZARYA),1998-067A,EARTH,TEME,UTC,SGP4,2025-01-06 05:45:50.668992+00:00,15.50821116,0.00064160,51.6396,29.2833,50.9148,25.9823,0,U,25544,999,49004,0.00037933000000,0.00021902,0.0000000000000,6792.464,92.854,418.687,409.971,PAYLOAD,LARGE,ISS,1998-11-20,TTMTR,,4601583,277418419,0 ISS (ZARYA),1 25544U 98067A   25006.24016978  .00021902  00000-0  37933-3 0  9992,2 25544  51.6396  29.2833 0006416  50.9148  25.9823 15.50821116490049
3.0,GENERATED VIA SPACE-TRACK.ORG API,2025-01-06 13:58:34+00:00,18 SPCS,ISS (ZARYA),1998-067A,EARTH,TEME,UTC,SGP4,2025-01-06 12:12:35.070336+00:00,15.50832392,0.00063930,51.6398,27.9505,51.7303,85.5734,0,U,25544,999,49008,0.00037660000000,0.00021750,0.0000000000000,6792.431,92.853,418.639,409.954,PAYLOAD,LARGE,ISS,1998-11-20,TTMTR,,4601900,277427167,0 ISS (ZARYA),1 25544U 98067A   25006.50873924  .00021750  00000-0  37660-3 0  9991,2 25544  51.6398  27.9505 0006393  51.7303  85.5734 15.50832392490083
3.0,GENERATED VIA SPACE-TRACK.ORG API,2025-01-06 14:38:33+00:00,18 SPCS,ISS (ZARYA),1998-067A,EARTH,TEME,UTC,SGP4,2025-01-06 13:47:09.405888+00:00,15.50836984,0.00063540,51.6399,27.6239,52.7305,91.4847,0,U,25544,999,49009,0.00038488000000,0.00022243,0.0000000000000,6792.418,92.853,418.599,409.967,PAYLOAD,LARGE,ISS,1998-11-20,TTMTR,,4602042,277430108,0 ISS (ZARYA),1 25544U 98067A   25006.57441442  .00022243  00000-0  38488-3 0  9991,2 25544  51.6399  27.6239 0006354  52.7305  91.4847 15.50836984490098
3.0,GENERATED VIA SPACE-TRACK.ORG API,2025-01-06 17:35:48+00:00,18 SPCS,ISS (ZARYA),1998-067A,EARTH,TEME,UTC,SGP4,2025-01-06 11:37:14.088576+00:00,15.50826465,0.00062840,51.6384,28.0760,49.4449,310.7087,0,U,25544,999,49008,0.00032361000000,0.00018612,0.0000000000000,6792.449,92.854,418.582,410.045,PAYLOAD,LARGE,ISS,1998-11-20,TTMTR,,4602192,277441315,0 ISS (ZARYA),1 25544U 98067A   25006.48419084  .00018612  00000-0  32361-3 0  9997,2 25544  51.6384  28.0760 0006284  49.4449 310.7087 15.50826465490085
3.0,GENERATED VIA SPACE-TRACK.ORG API,2025-01-06 23:08:33+00:00,18 SPCS,ISS (ZARYA),1998-067A,EARTH,TEME,UTC,SGP4,2025-01-06 21:10:02.970048+00:00,15.50850069,0.00063980,51.6399,26.0977,52.9743,9.5169,0,U,25544,999,49014,0.00038186000000,0.00022075,0.0000000000000,6792.380,92.852,418.591,409.899,PAYLOAD,LARGE,ISS,1998-11-20,TTMTR,,4602477,277470938,0 ISS (ZARYA),1 25544U 98067A   25006.88197882  .00022075  00000-0  38186-3 0  9999,2 25544  51.6399  26.0977 0006398  52.9743   9.5169 15.50850069490149
3.0,GENERATED VIA SPACE-TRACK.ORG API,2025-01-07 02:40:03+00:00,18 SPCS,ISS (ZARYA),1998-067A,EARTH,TEME,UTC,SGP4,2025-01-06 20:53:59.233344+00:00,15.50839269,0.00063080,51.6384,26.1582,50.8663,309.2886,0,U,25544,999,49014,0.00030532000000,0.00017540,0.0000000000000,6792.411,92.853,418.561,409.992,PAYLOAD,LARGE,ISS,1998-11-20,TTMTR,,4602535,277477796,0 ISS (ZARYA),1 25544U 98067A   25006.87082446  .00017540  00000-0  30532-3 0  9995,2 25544  51.6384  26.1582 0006308  50.8663 309.2886 15.50839269490140
3.0,GENERATED VIA SPACE-TRACK.ORG API,2025-01-07 03:08:30+00:00,18 SPCS,ISS (ZARYA),1998-067A,EARTH,TEME,UTC,SGP4,2025-01-07 01:57:42.272064+00:00,15.50857084,0.00064410,51.6397,25.1064,53.3913,45.1067,0,U,25544,999,49017,0.00037613000000,0.00021741,0.0000000000000,6792.359,92.852,418.599,409.849,PAYLOAD,LARGE,ISS,1998-11-20,TTMTR,,4602538,277501032,0 ISS (ZARYA),1 25544U 98067A   25007.08173926  .00021741  00000-0  37613-3 0  9998,2 25544  51.6397  25.1064 0006441  53.3913  45.1067 15.50857084490177
3.0,GENERATED VIA SPACE-TRACK.ORG API,2025-01-07 06:48:33+00:00,18 SPCS,ISS (ZARYA),1998-067A,EARTH,TEME,UTC,SGP4,2025-01-07 05:02:10.423104+00:00,15.50861227,0.00065360,51.6399,24.4706,53.8303,40.3485,0,U,25544,999,49019,0.00037141000000,0.00021466,0.0000000000000,6792.347,92.852,418.652,409.773,PAYLOAD,LARGE,ISS,1998-11-20,TTMTR,,4602750,277504515,0 ISS (ZARYA),1 25544U 98067A   25007.20984286  .00021466  00000-0  37141-3 0  9991,2 25544  51.6399  24.4706 0006536  53.8303  40.3485 15.50861227490194
3.0,GENERATED VIA SPACE-TRACK.ORG API,2025-01-07 14:58:35+00:00,18 SPCS,ISS (ZARYA),1998-067A,EARTH,TEME,UTC,SGP4,2025-01-07 09:16:18.964704+00:00,15.50856550,0.00063260,51.6385,23.6010,52.7040,307.4526,0,U,25544,999,49022,0.00028739000000,0.00016491,0.0000000000000,6792.361,92.852,418.523,409.929,PAYLOAD,LARGE,ISS,1998-11-20,TTMTR,,4603178,277516780,0 ISS (ZARYA),1 25544U 98067A   25007.38633061  .00016491  00000-0  28739-3 0  9997,2 25544  51.6385  23.6010 0006326  52.7040 307.4526 15.50856550490221
3.0,GENERATED VIA SPACE-TRACK.ORG API,2025-01-07 18:07:06+00:00,18 SPCS,ISS (ZARYA),1998-067A,EARTH,TEME,UTC,SGP4,2025-01-07 12:21:53.797536+00:00,15.50862370,0.00063200,51.6385,22.9616,53.1652,306.9916,0,U,25544,999,49024,0.00030031000000,0.00017258,0.0000000000000,6792.344,92.852,418.502,409.916,PAYLOAD,LARGE,ISS,1998-11-20,TTMTR,,4603301,277525414,0 ISS (ZARYA),1 25544U 98067A   25007.51520599  .00017258  00000-0  30031-3 0  9993,2 25544  51.6385  22.9616 0006320  53.1652 306.9916 15.50862370490249
3.0,GENERATED VIA SPACE-TRACK.ORG API,2025-01-07 22:28:31+00:00,18 SPCS,ISS (ZARYA),1998-067A,EARTH,TEME,UTC,SGP4,2025-01-07 20:21:08.894304+00:00,15.50883936,0.00065710,51.6399,21.3046,54.9316,4.6153,0,U,25544,999,49029,0.00035617000000,0.00020581,0.0000000000000,6792.281,92.850,418.609,409.683,PAYLOAD,LARGE,ISS,1998-11-20,TTMTR,,4603459,277550011,0 ISS (ZARYA),1 25544U 98067A   25007.84801961  .00020581  00000-0  35617-3 0  9992,2 25544  51.6399  21.3046 0006571  54.9316   4.6153 15.50883936490299
3.0,GENERATED VIA SPACE-TRACK.ORG API,2025-01-08 04:08:31+00:00,18 SPCS,ISS (ZARYA),1998-067A,EARTH,TEME,UTC,SGP4,2025-01-08 02:45:18.593856+00:00,15.50892438,0.00064540,51.6400,19.9812,55.6315,54.3692,0,U,25544,999,49033,0.00034865000000,0.00020141,0.0000000000000,6792.256,92.850,418.505,409.737,PAYLOAD,LARGE,ISS,1998-11-20,TTMTR,,4603692,277556162,0 ISS (ZARYA),1 25544U 98067A   25008.11479854  .00020141  00000-0  34865-3 0  9991,2 25544  51.6400  19.9812 0006454  55.6315  54.3692 15.50892438490335
3.0,GENERATED VIA SPACE-TRACK.ORG API,2025-01-08 05:13:15+00:00,18 SPCS,ISS (ZARYA),1998-067A,EARTH,TEME,UTC,SGP4,2025-01-07 20:05:50.730144+00:00,15.50875912,0.00063300,51.6385,21.3633,54.2695,305.8882,0,U,25544,999,49029,0.00032716000000,0.00018856,0.0000000000000,6792.304,92.851,418.469,409.870,PAYLOAD,LARGE,ISS,1998-11-20,TTMTR,,4603695,277562958,0 ISS (ZARYA),1 25544U 98067A   25007.83739271  .00018856  00000-0  32716-3 0  9994,2 25544  51.6385  21.3633 0006330  54.2695 305.8882 15.50875912490292
3.0,GENERATED VIA SPACE-TRACK.ORG API,2025-01-08 08:28:33+00:00,18 SPCS,ISS (ZARYA),1998-067A,EARTH,TEME,UTC,SGP4,2025-01-08 07:42:43.000128+00:00,15.50891590,0.00065250,51.6402,18.9578,56.8248,127.0309,0,U,25544,999,49036,0.00030706000000,0.00017677,0.0000000000000,6792.259,92.850,418.556,409.692,PAYLOAD,LARGE,ISS,1998-11-20,TTMTR,,4603964,277592280,0 ISS (ZARYA),1 25544U 98067A   25008.32133102  .00017677  00000-0  30706-3 0  9997,2 25544  51.6402  18.9578 0006525  56.8248 127.0309 15.50891590490366
3.0,GENERATED VIA SPACE-TRACK.ORG API,2025-01-08 20:49:28+00:00,18 SPCS,ISS (ZARYA),1998-067A,EARTH,TEME,UTC,SGP4,2025-01-08 11:33:44.139168+00:00,15.50893726,0.00063590,51.6386,18.1665,56.5677,303.5920,0,U,25544,999,49039,0.00026305000000,0.00015073,0.0000000000000,6792.252,92.850,418.437,409.798,PAYLOAD,LARGE,ISS,1998-11-20,TTMTR,,4604166,277604010,0 ISS (ZARYA),1 25544U 98067A   25008.48176087  .00015073  00000-0  26305-3 0  9991,2 25544  51.6386  18.1665 0006359  56.5677 303.5920 15.50893726490390
3.0,GENERATED VIA SPACE-TRACK.ORG API,2025-01-09 01:28:44+00:00,18 SPCS,ISS (ZARYA),1998-067A,EARTH,TEME,UTC,SGP4,2025-01-09 00:20:57.842304+00:00,15.50915754,0.00066410,51.6404,15.5184,57.1706,39.7027,0,U,25544,999,49047,0.00031633000000,0.00018242,0.0000000000000,6792.188,92.848,418.564,409.542,PAYLOAD,LARGE,ISS,1998-11-20,TTMTR,,4604394,277632012,0 ISS (ZARYA),1 25544U 98067A   25009.01455836  .00018242  00000-0  31633-3 0  9994,2 25544  51.6404  15.5184 0006641  57.1706  39.7027 15.50915754490473
3.0,GENERATED VIA SPACE-TRACK.ORG API,2025-01-09 03:56:35+00:00,18 SPCS,ISS (ZARYA),1998-067A,EARTH,TEME,UTC,SGP4,2025-01-08 20:50:27.806496+00:00,15.50905649,0.00063900,51.6386,16.2486,57.9869,302.1740,0,U,25544,999,49045,0.00025245000000,0.00014452,0.0000000000000,6792.218,92.849,418.423,409.742,PAYLOAD,LARGE,ISS,1998-11-20,TTMTR,,4604399,277638810,0 ISS (ZARYA),1 25544U 98067A   25008.86837739  .00014452  00000-0  25245-3 0  9993,2 25544  51.6386  16.2486 0006390  57.9869 302.1740 15.50905649490453
3.0,GENERATED VIA SPACE-TRACK.ORG API,2025-01-09 19:31:44+00:00,18 SPCS,ISS (ZARYA),1998-067A,EARTH,TEME,UTC,SGP4,2025-01-09 12:55:53.942592+00:00,15.50929871,0.00066160,51.6409,12.9201,61.2192,84.6955,0,U,25544,999,49055,0.00028553000000,0.00016426,0.0000000000000,6792.147,92.848,418.506,409.518,PAYLOAD,LARGE,ISS,1998-11-20,TTMTR,,4604593,277672813,0 ISS (ZARYA),1 25544U 98067A   25009.53881878  .00016426  00000-0  28553-3 0  9999,2 25544  51.6409  12.9201 0006616  61.2192  84.6955 15.50929871490559
3.0,GENERATED VIA SPACE-TRACK.ORG API,2025-01-10 01:08:32+00:00,18 SPCS,ISS (ZARYA),1998-067A,EARTH,TEME,UTC,SGP4,2025-01-10 00:03:35.631072+00:00,15.50945868,0.00065070,51.6406,10.6162,63.2019,153.3105,0,U,25544,999,49062,0.00028644000000,0.00016489,0.0000000000000,6792.100,92.847,418.385,409.546,PAYLOAD,LARGE,ISS,1998-11-20,TTMTR,,4605013,277706302,0 ISS (ZARYA),1 25544U 98067A   25010.00249573  .00016489  00000-0  28644-3 0  9993,2 25544  51.6406  10.6162 0006507  63.2019 153.3105 15.50945868490629
3.0,GENERATED VIA SPACE-TRACK.ORG API,2025-01-10 03:08:59+00:00,18 SPCS,ISS (ZARYA),1998-067A,EARTH,TEME,UTC,SGP4,2025-01-09 21:35:03.071040+00:00,15.50936610,0.00064100,51.6385,11.1339,61.7429,298.4206,0,U,25544,999,49061,0.00025874000000,0.00014841,0.0000000000000,6792.127,92.847,418.346,409.638,PAYLOAD,LARGE,ISS,1998-11-20,TTMTR,,4605019,277712601,0 ISS (ZARYA),1 25544U 98067A   25009.89934110  .00014841  00000-0  25874-3 0  9998,2 25544  51.6385  11.1339 0006410  61.7429 298.4206 15.50936610490615
3.0,GENERATED VIA SPACE-TRACK.ORG API,2025-01-10 06:38:33+00:00,18 SPCS,ISS (ZARYA),1998-067A,EARTH,TEME,UTC,SGP4,2025-01-10 06:02:56.000256+00:00,15.50953482,0.00065540,51.6405,9.3772,64.6300,106.0902,0,U,25544,999,49066,0.00028693000000,0.00016522,0.0000000000000,6792.078,92.846,418.394,409.491,PAYLOAD,LARGE,ISS,1998-11-20,TTMTR,,4605053,277735956,0 ISS (ZARYA),1 25544U 98067A   25010.25203704  .00016522  00000-0  28693-3 0  9998,2 25544  51.6405   9.3772 0006554  64.6300 106.0902 15.50953482490665
3.0,GENERATED VIA SPACE-TRACK.ORG API,2025-01-10 13:48:29+00:00,18 SPCS,ISS (ZARYA),1998-067A,EARTH,TEME,UTC,SGP4,2025-01-10 12:06:54.350208+00:00,15.50958763,0.00064750,51.6409,8.1238,65.9825,76.9258,0,U,25544,999,49070,0.00027470000000,0.00015800,0.0000000000000,6792.063,92.846,418.325,409.530,PAYLOAD,LARGE,ISS,1998-11-20,TTMTR,,4605364,277744359,0 ISS (ZARYA),1 25544U 98067A   25010.50479572  .00015800  00000-0  27470-3 0  9994,2 25544  51.6409   8.1238 0006475  65.9825  76.9258 15.50958763490702
3.0,GENERATED VIA SPACE-TRACK.ORG API,2025-01-10 17:41:51+00:00,18 SPCS,ISS (ZARYA),1998-067A,EARTH,TEME,UTC,SGP4,2025-01-10 11:30:07.104960+00:00,15.50955374,0.00064060,51.6384,8.2565,63.9912,296.1736,0,U,25544,999,49070,0.00027409000000,0.00015761,0.0000000000000,6792.072,92.846,418.288,409.586,PAYLOAD,LARGE,ISS,1998-11-20,TTMTR,,4605690,277758966,0 ISS (ZARYA),1 25544U 98067A   25010.47924890  .00015761  00000-0  27409-3 0  9996,2 25544  51.6384   8.2565 0006406  63.9912 296.1736 15.50955374490709
3.0,GENERATED VIA SPACE-TRACK.ORG API,2025-01-11 00:18:32+00:00,18 SPCS,ISS (ZARYA),1998-067A,EARTH,TEME,UTC,SGP4,2025-01-10 20:46:49.472832+00:00,15.50967442,0.00064240,51.6383,6.3383,65.4334,294.7324,0,U,25544,999,49076,0.00027760000000,0.00015977,0.0000000000000,6792.037,92.845,418.265,409.539,PAYLOAD,LARGE,ISS,1998-11-20,TTMTR,,4605902,277787249,0 ISS (ZARYA),1 25544U 98067A   25010.86585038  .00015977  00000-0  27760-3 0  9995,2 25544  51.6383   6.3383 0006424  65.4334 294.7324 15.50967442490762
3.0,GENERATED VIA SPACE-TRACK.ORG API,2025-01-11 01:28:36+00:00,18 SPCS,ISS (ZARYA),1998-067A,EARTH,TEME,UTC,SGP4,2025-01-11 00:17:30.205824+00:00,15.50974869,0.00065260,51.6403,5.6091,67.0997,30.5034,0,U,25544,999,49078,0.00030548000000,0.00017637,0.0000000000000,6792.015,92.845,418.313,409.448,PAYLOAD,LARGE,ISS,1998-11-20,TTMTR,,4606198,277795018,0 ISS (ZARYA),1 25544U 98067A   25011.01215516  .00017637  00000-0  30548-3 0  9997,2 25544  51.6403   5.6091 0006526  67.0997  30.5034 15.50974869490786
3.0,GENERATED VIA SPACE-TRACK.ORG API,2025-01-11 05:28:47+00:00,18 SPCS,ISS (ZARYA),1998-067A,EARTH,TEME,UTC,SGP4,2025-01-11 03:21:50.508288+00:00,15.50979226,0.00060380,51.6413,4.9784,71.0946,21.7537,0,U,25544,999,49080,0.00027345000000,0.00015736,0.0000000000000,6792.003,92.845,417.969,409.767,PAYLOAD,LARGE,ISS,1998-11-20,TTMTR,,4607346,277820564,0 ISS (ZARYA),1 25544U 98067A   25011.14016792  .00015736  00000-0  27345-3 0  9995,2 25544  51.6413   4.9784 0006038  71.0946  21.7537 15.50979226490800
3.0,GENERATED VIA SPACE-TRACK.ORG API,2025-01-11 05:36:21+00:00,18 SPCS,ISS (ZARYA),1998-067A,EARTH,TEME,UTC,SGP4,2025-01-10 22:19:36.535872+00:00,15.50968416,0.00064270,51.6383,6.0186,65.6416,294.5244,0,U,25544,999,49077,0.00026804000000,0.00015410,0.0000000000000,6792.034,92.845,418.265,409.534,PAYLOAD,LARGE,ISS,1998-11-20,TTMTR,,4607388,277826916,0 ISS (ZARYA),1 25544U 98067A   25010.93028398  .00015410  00000-0  26804-3 0  9994,2 25544  51.6383   6.0186 0006427  65.6416 294.5244 15.50968416490778
3.0,GENERATED VIA SPACE-TRACK.ORG API,2025-01-11 16:56:16+00:00,18 SPCS,ISS (ZARYA),1998-067A,EARTH,TEME,UTC,SGP4,2025-01-11 10:41:52.463040+00:00,15.50985885,0.00064140,51.6385,3.4609,67.6656,292.5013,0,U,25544,999,49085,0.00025900000000,0.00014883,0.0000000000000,6791.983,92.844,418.205,409.492,PAYLOAD,LARGE,ISS,1998-11-20,TTMTR,,4607844,277919336,0 ISS (ZARYA),1 25544U 98067A   25011.44574610  .00014883  00000-0  25900-3 0  9993,2 25544  51.6385   3.4609 0006414  67.6656 292.5013 15.50985885490855
3.0,GENERATED VIA SPACE-TRACK.ORG API,2025-01-11 17:06:14+00:00,18 SPCS,ISS (ZARYA),1998-067A,EARTH,TEME,UTC,SGP4,2025-01-11 11:08:33.314208+00:00,15.50986754,0.00065170,51.6402,3.3644,69.2784,34.4148,0,U,25544,999,49085,0.00026517000000,0.00015250,0.0000000000000,6791.981,92.844,418.272,409.419,PAYLOAD,LARGE,ISS,1998-11-20,TTMTR,,4607948,277921117,0 ISS (ZARYA),1 25544U 98067A   25011.46427447  .00015250  00000-0  26517-3 0  9994,2 25544  51.6402   3.3644 0006517  69.2784  34.4148 15.50986754490855
3.0,GENERATED VIA SPACE-TRACK.ORG API,2025-01-11 18:26:14+00:00,18 SPCS,ISS (ZARYA),1998-067A,EARTH,TEME,UTC,SGP4,2025-01-11 16:47:11.999616+00:00,15.50993677,0.00064740,51.6403,2.1971,69.9605,267.6871,0,U,25544,999,49088,0.00026345000000,0.00015152,0.0000000000000,6791.961,92.844,418.223,409.428,PAYLOAD,LARGE,ISS,1998-11-20,TTMTR,,4607959,277951071,0 ISS (ZARYA),1 25544U 98067A   25011.69944444  .00015152  00000-0  26345-3 0  9990,2 25544  51.6403   2.1971 0006474  69.9605 267.6871 15.50993677490885
3.0,GENERATED VIA SPACE-TRACK.ORG API,2025-01-11 22:36:17+00:00,18 SPCS,ISS (ZARYA),1998-067A,EARTH,TEME,UTC,SGP4,2025-01-11 18:40:54.440832+00:00,15.50995620,0.00064630,51.6405,1.8052,70.5355,348.3003,0,U,25544,999,49090,0.00026200000000,0.00015066,0.0000000000000,6791.955,92.844,418.210,409.430,PAYLOAD,LARGE,ISS,1998-11-20,TTMTR,,4608079,277952779,0 ISS (ZARYA),1 25544U 98067A   25011.77840788  .00015066  00000-0  26200-3 0  9999,2 25544  51.6405   1.8052 0006463  70.5355 348.3003 15.50995620490908
3.0,GENERATED VIA SPACE-TRACK.ORG API,2025-01-12 15:06:17+00:00,18 SPCS,ISS (ZARYA),1998-067A,EARTH,TEME,UTC,SGP4,2025-01-12 09:54:15.441408+00:00,15.49938170,0.00022080,51.6382,358.6669,81.1486,278.9753,0,U,25544,999,49100,0.00025526000000,0.00014107,0.0000000000000,6795.044,92.907,418.409,415.408,PAYLOAD,LARGE,ISS,1998-11-20,TTMTR,,4608823,278001569,0 ISS (ZARYA),1 25544U 98067A   25012.41267872  .00014107  00000-0  25526-3 0  9993,2 25544  51.6382 358.6669 0002208  81.1486 278.9753 15.49938170491002
3.0,GENERATED VIA SPACE-TRACK.ORG API,2025-01-12 20:06:14+00:00,18 SPCS,ISS (ZARYA),1998-067A,EARTH,TEME,UTC,SGP4,2025-01-12 11:50:16.229760+00:00,15.49969501,0.00020530,51.6397,358.2637,92.9306,357.0454,0,U,25544,999,49101,0.00091569000000,0.00052092,0.0000000000000,6794.952,92.905,418.212,415.422,PAYLOAD,LARGE,ISS,1998-11-20,TTMTR,,4608898,278032866,0 ISS (ZARYA),1 25544U 98067A   25012.49324340  .00052092  00000-0  91569-3 0  9990,2 25544  51.6397 358.2637 0002053  92.9306 357.0454 15.49969501491018
3.0,GENERATED VIA SPACE-TRACK.ORG API,2025-01-12 22:26:24+00:00,18 SPCS,ISS (ZARYA),1998-067A,EARTH,TEME,UTC,SGP4,2025-01-12 21:05:45.969792+00:00,15.49956587,0.00021670,51.6406,356.3504,91.9648,351.9019,0,U,25544,999,49107,0.00025765000000,0.00014253,0.0000000000000,6794.990,92.906,418.327,415.382,PAYLOAD,LARGE,ISS,1998-11-20,TTMTR,,4608954,278032907,0 ISS (ZARYA),1 25544U 98067A   25012.87900428  .00014253  00000-0  25765-3 0  9991,2 25544  51.6406 356.3504 0002167  91.9648 351.9019 15.49956587491071
3.0,GENERATED VIA SPACE-TRACK.ORG API,2025-01-13 01:46:15+00:00,18 SPCS,ISS (ZARYA),1998-067A,EARTH,TEME,UTC,SGP4,2025-01-13 00:17:09.309120+00:00,15.49950675,0.00023000,51.6406,355.6952,91.1745,14.7765,0,U,25544,999,49109,0.00016361000000,0.00008877,0.0000000000000,6795.007,92.906,418.435,415.309,PAYLOAD,LARGE,ISS,1998-11-20,TTMTR,,4609166,278039192,0 ISS (ZARYA),1 25544U 98067A   25013.01191330  .00008877  00000-0  16361-3 0  9999,2 25544  51.6406 355.6952 0002300  91.1745  14.7765 15.49950675491095
3.0,GENERATED VIA SPACE-TRACK.ORG API,2025-01-13 02:04:43+00:00,18 SPCS,ISS (ZARYA),1998-067A,EARTH,TEME,UTC,SGP4,2025-01-12 20:44:10.391424+00:00,15.49951079,0.00022110,51.6381,356.4313,84.1965,275.9276,0,U,25544,999,49107,0.00024227000000,0.00013371,0.0000000000000,6795.006,92.906,418.373,415.369,PAYLOAD,LARGE,ISS,1998-11-20,TTMTR,,4609167,278045486,0 ISS (ZARYA),1 25544U 98067A   25012.86400916  .00013371  00000-0  24227-3 0  9999,2 25544  51.6381 356.4313 0002211  84.1965 275.9276 15.49951079491079
3.0,GENERATED VIA SPACE-TRACK.ORG API,2025-01-13 07:06:16+00:00,18 SPCS,ISS (ZARYA),1998-067A,EARTH,TEME,UTC,SGP4,2025-01-13 04:28:23.733120+00:00,15.49960996,0.00022060,51.6382,354.8342,85.1369,274.9872,0,U,25544,999,49112,0.00024777000000,0.00013690,0.0000000000000,6794.977,92.906,418.341,415.343,PAYLOAD,LARGE,ISS,1998-11-20,TTMTR,,4609397,278074535,0 ISS (ZARYA),1 25544U 98067A   25013.18638580  .00013690  00000-0  24777-3 0  9999,2 25544  51.6382 354.8342 0002206  85.1369 274.9872 15.49960996491122
3.0,GENERATED VIA SPACE-TRACK.ORG API,2025-01-13 15:06:18+00:00,18 SPCS,ISS (ZARYA),1998-067A,EARTH,TEME,UTC,SGP4,2025-01-13 09:06:55.653984+00:00,15.49967158,0.00022120,51.6381,353.8757,86.2456,273.8786,0,U,25544,999,49115,0.00025675000000,0.00014207,0.0000000000000,6794.959,92.905,418.327,415.321,PAYLOAD,LARGE,ISS,1998-11-20,TTMTR,,4609719,278082337,0 ISS (ZARYA),1 25544U 98067A   25013.37981081  .00014207  00000-0  25675-3 0  9990,2 25544  51.6381 353.8757 0002212  86.2456 273.8786 15.49967158491158
3.0,GENERATED VIA SPACE-TRACK.ORG API,2025-01-13 18:44:43+00:00,18 SPCS,ISS (ZARYA),1998-067A,EARTH,TEME,UTC,SGP4,2025-01-13 09:06:55.651392+00:00,15.49966045,0.00022060,51.6381,353.8757,86.1902,273.9339,0,U,25544,999,49115,0.00023902000000,0.00013192,0.0000000000000,6794.962,92.905,418.326,415.328,PAYLOAD,LARGE,ISS,1998-11-20,TTMTR,,4609796,278089848,0 ISS (ZARYA),1 25544U 98067A   25013.37981078  .00013192  00000-0  23902-3 0  9999,2 25544  51.6381 353.8757 0002206  86.1902 273.9339 15.49966045491155
3.0,GENERATED VIA SPACE-TRACK.ORG API,2025-01-13 22:36:24+00:00,18 SPCS,ISS (ZARYA),1998-067A,EARTH,TEME,UTC,SGP4,2025-01-13 21:39:55.123776+00:00,15.49986865,0.00023480,51.6409,351.2824,91.1592,308.6958,0,U,25544,999,49123,0.00028768000000,0.00015988,0.0000000000000,6794.901,92.904,418.362,415.171,PAYLOAD,LARGE,ISS,1998-11-20,TTMTR,,4609901,278114355,0 ISS (ZARYA),1 25544U 98067A   25013.90272134  .00015988  00000-0  28768-3 0  9994,2 25544  51.6409 351.2824 0002348  91.1592 308.6958 15.49986865491235
3.0,GENERATED VIA SPACE-TRACK.ORG API,2025-01-14 01:59:04+00:00,18 SPCS,ISS (ZARYA),1998-067A,EARTH,TEME,UTC,SGP4,2025-01-13 21:29:40.483680+00:00,15.49981616,0.00022240,51.6380,351.3203,88.4275,271.6968,0,U,25544,999,49123,0.00025028000000,0.00013844,0.0000000000000,6794.917,92.904,418.293,415.271,PAYLOAD,LARGE,ISS,1998-11-20,TTMTR,,4610108,278126683,0 ISS (ZARYA),1 25544U 98067A   25013.89560745  .00013844  00000-0  25028-3 0  9995,2 25544  51.6380 351.3203 0002224  88.4275 271.6968 15.49981616491234
3.0,GENERATED VIA SPACE-TRACK.ORG API,2025-01-14 04:16:15+00:00,18 SPCS,ISS (ZARYA),1998-067A,EARTH,TEME,UTC,SGP4,2025-01-14 02:33:10.787904+00:00,15.49989112,0.00023170,51.6406,350.2732,91.5602,5.4150,0,U,25544,999,49126,0.00026127000000,0.00014477,0.0000000000000,6794.895,92.904,418.334,415.186,PAYLOAD,LARGE,ISS,1998-11-20,TTMTR,,4610109,278149479,0 ISS (ZARYA),1 25544U 98067A   25014.10637486  .00014477  00000-0  26127-3 0  9991,2 25544  51.6406 350.2732 0002317  91.5602   5.4150 15.49989112491268
3.0,GENERATED VIA SPACE-TRACK.ORG API,2025-01-14 06:36:16+00:00,18 SPCS,ISS (ZARYA),1998-067A,EARTH,TEME,UTC,SGP4,2025-01-14 05:50:34.683936+00:00,15.49993491,0.00023330,51.6406,349.5938,92.9849,49.4106,0,U,25544,999,49128,0.00026306000000,0.00014582,0.0000000000000,6794.882,92.904,418.332,415.162,PAYLOAD,LARGE,ISS,1998-11-20,TTMTR,,4610119,278149533,0 ISS (ZARYA),1 25544U 98067A   25014.24345699  .00014582  00000-0  26306-3 0  9994,2 25544  51.6406 349.5938 0002333  92.9849  49.4106 15.49993491491289
3.0,GENERATED VIA SPACE-TRACK.ORG API,2025-01-14 15:06:17+00:00,18 SPCS,ISS (ZARYA),1998-067A,EARTH,TEME,UTC,SGP4,2025-01-14 09:52:24.789792+00:00,15.50000417,0.00022200,51.6380,348.7647,90.5106,269.6137,0,U,25544,999,49131,0.00028328000000,0.00015744,0.0000000000000,6794.862,92.903,418.235,415.218,PAYLOAD,LARGE,ISS,1998-11-20,TTMTR,,4610624,278162187,0 ISS (ZARYA),1 25544U 98067A   25014.41139803  .00015744  00000-0  28328-3 0  9998,2 25544  51.6380 348.7647 0002220  90.5106 269.6137 15.50000417491316
3.0,GENERATED VIA SPACE-TRACK.ORG API,2025-01-14 17:39:45+00:00,18 SPCS,ISS (ZARYA),1998-067A,EARTH,TEME,UTC,SGP4,2025-01-14 09:52:24.783744+00:00,15.50000632,0.00022190,51.6380,348.7647,90.6201,269.5042,0,U,25544,999,49131,0.00028486000000,0.00015835,0.0000000000000,6794.861,92.903,418.234,415.218,PAYLOAD,LARGE,ISS,1998-11-20,TTMTR,,4610679,278170253,0 ISS (ZARYA),1 25544U 98067A   25014.41139796  .00015835  00000-0  28486-3 0  9995,2 25544  51.6380 348.7647 0002219  90.6201 269.5042 15.50000632491314
3.0,GENERATED VIA SPACE-TRACK.ORG API,2025-01-14 17:56:15+00:00,18 SPCS,ISS (ZARYA),1998-067A,EARTH,TEME,UTC,SGP4,2025-01-14 10:20:22.581888+00:00,15.50037370,0.00024200,51.6372,348.6673,106.2034,2.3724,0,U,25544,999,49131,0.00122460000000,0.00070153,0.0000000000000,6794.754,92.901,418.263,414.975,PAYLOAD,LARGE,ISS,1998-11-20,TTMTR,,4610685,278193052,0 ISS (ZARYA),1 25544U 98067A   25014.43081692  .00070153  00000-0  12246-2 0  9998,2 25544  51.6372 348.6673 0002420 106.2034   2.3724 15.50037370491314
3.0,GENERATED VIA SPACE-TRACK.ORG API,2025-01-14 21:46:15+00:00,18 SPCS,ISS (ZARYA),1998-067A,EARTH,TEME,UTC,SGP4,2025-01-14 19:28:45.865344+00:00,15.50029220,0.00025510,51.6376,346.7800,109.7026,325.2907,0,U,25544,999,49137,0.00050543000000,0.00028524,0.0000000000000,6794.778,92.901,418.376,414.909,PAYLOAD,LARGE,ISS,1998-11-20,TTMTR,,4610738,278193175,0 ISS (ZARYA),1 25544U 98067A   25014.81164196  .00028524  00000-0  50543-3 0  9999,2 25544  51.6376 346.7800 0002551 109.7026 325.2907 15.50029220491374
3.0,GENERATED VIA SPACE-TRACK.ORG API,2025-01-14 22:46:16+00:00,18 SPCS,ISS (ZARYA),1998-067A,EARTH,TEME,UTC,SGP4,2025-01-14 20:52:51.327264+00:00,15.50014520,0.00023530,51.6392,346.4896,97.8694,303.1747,0,U,25544,999,49138,0.00027350000000,0.00015191,0.0000000000000,6794.821,92.902,418.284,415.087,PAYLOAD,LARGE,ISS,1998-11-20,TTMTR,,4610857,278195364,0 ISS (ZARYA),1 25544U 98067A   25014.87003851  .00015191  00000-0  27350-3 0  9991,2 25544  51.6392 346.4896 0002353  97.8694 303.1747 15.50014520491387
3.0,GENERATED VIA SPACE-TRACK.ORG API,2025-01-15 04:09:50+00:00,18 SPCS,ISS (ZARYA),1998-067A,EARTH,TEME,UTC,SGP4,2025-01-14 20:42:18.171648+00:00,15.50015612,0.00022250,51.6381,346.5288,92.5832,267.5412,0,U,25544,999,49138,0.00029328000000,0.00016326,0.0000000000000,6794.817,92.902,418.194,415.171,PAYLOAD,LARGE,ISS,1998-11-20,TTMTR,,4610967,278205398,0 ISS (ZARYA),1 25544U 98067A   25014.86271032  .00016326  00000-0  29328-3 0  9996,2 25544  51.6381 346.5288 0002225  92.5832 267.5412 15.50015612491380
3.0,GENERATED VIA SPACE-TRACK.ORG API,2025-01-15 04:16:15+00:00,18 SPCS,ISS (ZARYA),1998-067A,EARTH,TEME,UTC,SGP4,2025-01-15 03:17:05.810784+00:00,15.50022714,0.00023380,51.6394,345.1673,98.9982,351.9829,0,U,25544,999,49142,0.00027291000000,0.00015162,0.0000000000000,6794.797,92.902,418.250,415.073,PAYLOAD,LARGE,ISS,1998-11-20,TTMTR,,4610968,278228225,0 ISS (ZARYA),1 25544U 98067A   25015.13687281  .00015162  00000-0  27291-3 0  9998,2 25544  51.6394 345.1673 0002338  98.9982 351.9829 15.50022714491424
3.0,GENERATED VIA SPACE-TRACK.ORG API,2025-01-15 14:36:16+00:00,18 SPCS,ISS (ZARYA),1998-067A,EARTH,TEME,UTC,SGP4,2025-01-15 09:31:38.660736+00:00,15.50054085,0.00019340,51.6408,343.8792,100.3261,3.0329,0,U,25544,999,49146,0.00043163000000,0.00024300,0.0000000000000,6794.705,92.900,417.884,415.256,PAYLOAD,LARGE,ISS,1998-11-20,TTMTR,,4611375,278236980,0 ISS (ZARYA),1 25544U 98067A   25015.39697524  .00024300  00000-0  43163-3 0  9997,2 25544  51.6408 343.8792 0001934 100.3261   3.0329 15.50054085491466
3.0,GENERATED VIA SPACE-TRACK.ORG API,2025-01-15 17:36:14+00:00,18 SPCS,ISS (ZARYA),1998-067A,EARTH,TEME,UTC,SGP4,2025-01-15 17:03:34.506720+00:00,15.50030601,0.00019680,51.6408,342.3236,98.6252,317.1620,0,U,25544,999,49151,-0.00034300000000,-0.00019999,0.0000000000000,6794.774,92.901,417.976,415.301,PAYLOAD,LARGE,ISS,1998-11-20,TTMTR,,4611563,278242527,0 ISS (ZARYA),1 25544U 98067A   25015.71081605 -.00019999  00000-0 -34300-3 0  9993,2 25544  51.6408 342.3236 0001968  98.6252 317.1620 15.50030601491516
3.0,GENERATED VIA SPACE-TRACK.ORG API,2025-01-16 01:16:22+00:00,18 SPCS,ISS (ZARYA),1998-067A,EARTH,TEME,UTC,SGP4,2025-01-15 23:28:36.460128+00:00,15.50025978,0.00026100,51.6379,341.0008,99.4605,9.3584,0,U,25544,999,49155,-0.00048019000000,-0.00027787,0.0000000000000,6794.787,92.902,418.426,414.879,PAYLOAD,LARGE,ISS,1998-11-20,TTMTR,,4611867,278279502,0 ISS (ZARYA),1 25544U 98067A   25015.97819977 -.00027787  00000-0 -48019-3 0  9998,2 25544  51.6379 341.0008 0002610  99.4605   9.3584 15.50025978491556
3.0,GENERATED VIA SPACE-TRACK.ORG API,2025-01-16 04:16:15+00:00,18 SPCS,ISS (ZARYA),1998-067A,EARTH,TEME,UTC,SGP4,2025-01-16 02:32:35.083968+00:00,15.50058499,0.00023260,51.6395,340.3636,102.0881,0.1418,0,U,25544,999,49157,0.00028952000000,0.00016135,0.0000000000000,6794.692,92.900,418.138,414.977,PAYLOAD,LARGE,ISS,1998-11-20,TTMTR,,4611871,278279506,0 ISS (ZARYA),1 25544U 98067A   25016.10596162  .00016135  00000-0  28952-3 0  9999,2 25544  51.6395 340.3636 0002326 102.0881   0.1418 15.50058499491575
3.0,GENERATED VIA SPACE-TRACK.ORG API,2025-01-16 05:20:38+00:00,18 SPCS,ISS (ZARYA),1998-067A,EARTH,TEME,UTC,SGP4,2025-01-15 21:27:44.249760+00:00,15.50054439,0.00022430,51.6384,341.4180,96.4197,263.7047,0,U,25544,999,49154,0.00030211000000,0.00016856,0.0000000000000,6794.704,92.900,418.093,415.045,PAYLOAD,LARGE,ISS,1998-11-20,TTMTR,,4611874,278286302,0 ISS (ZARYA),1 25544U 98067A   25015.89426215  .00016856  00000-0  30211-3 0  9996,2 25544  51.6384 341.4180 0002243  96.4197 263.7047 15.50054439491545
3.0,GENERATED VIA SPACE-TRACK.ORG API,2025-01-16 17:17:14+00:00,18 SPCS,ISS (ZARYA),1998-067A,EARTH,TEME,UTC,SGP4,2025-01-16 08:43:03.287136+00:00,15.50084641,0.00020100,51.6417,339.0880,95.6624,3.1702,0,U,25544,999,49161,-0.00009696900000,-0.00006001,0.0000000000000,6794.616,92.898,417.846,415.115,PAYLOAD,LARGE,ISS,1998-11-20,TTMTR,,4612163,278322667,0 ISS (ZARYA),1 25544U 98067A   25016.36323249 -.00006001  00000-0 -96969-4 0  9998,2 25544  51.6417 339.0880 0002010  95.6624   3.1702 15.50084641491610
3.0,GENERATED VIA SPACE-TRACK.ORG API,2025-01-16 23:36:16+00:00,18 SPCS,ISS (ZARYA),1998-067A,EARTH,TEME,UTC,SGP4,2025-01-16 20:40:17.720544+00:00,15.50098268,0.00022500,51.6385,336.6265,99.6404,260.4839,0,U,25544,999,49169,0.00036270000000,0.00020369,0.0000000000000,6794.576,92.897,417.970,414.912,PAYLOAD,LARGE,ISS,1998-11-20,TTMTR,,4612595,278356029,0 ISS (ZARYA),1 25544U 98067A   25016.86131621  .00020369  00000-0  36270-3 0  9993,2 25544  51.6385 336.6265 0002250  99.6404 260.4839 15.50098268491697
3.0,GENERATED VIA SPACE-TRACK.ORG API,2025-01-17 06:56:24+00:00,18 SPCS,ISS (ZARYA),1998-067A,EARTH,TEME,UTC,SGP4,2025-01-17 02:51:38.223360+00:00,15.50111421,0.00022490,51.6385,335.3495,100.1860,259.9383,0,U,25544,999,49173,0.00037818000000,0.00021270,0.0000000000000,6794.537,92.897,417.931,414.874,PAYLOAD,LARGE,ISS,1998-11-20,TTMTR,,4612977,278394659,0 ISS (ZARYA),1 25544U 98067A   25017.11919240  .00021270  00000-0  37818-3 0  9994,2 25544  51.6385 335.3495 0002249 100.1860 259.9383 15.50111421491739
3.0,GENERATED VIA SPACE-TRACK.ORG API,2025-01-17 08:56:15+00:00,18 SPCS,ISS (ZARYA),1998-067A,EARTH,TEME,UTC,SGP4,2025-01-17 06:34:14.815776+00:00,15.50109575,0.00022840,51.6397,334.5763,104.5784,38.7897,0,U,25544,999,49175,0.00032380000000,0.00018138,0.0000000000000,6794.543,92.897,417.960,414.856,PAYLOAD,LARGE,ISS,1998-11-20,TTMTR,,4613029,278396046,0 ISS (ZARYA),1 25544U 98067A   25017.27378259  .00018138  00000-0  32380-3 0  9998,2 25544  51.6397 334.5763 0002284 104.5784  38.7897 15.50109575491755
3.0,GENERATED VIA SPACE-TRACK.ORG API,2025-01-17 14:56:16+00:00,18 SPCS,ISS (ZARYA),1998-067A,EARTH,TEME,UTC,SGP4,2025-01-17 07:30:08.494848+00:00,15.50122563,0.00022330,51.6384,334.3913,100.5850,259.5391,0,U,25544,999,49176,0.00042327000000,0.00023878,0.0000000000000,6794.505,92.896,417.887,414.853,PAYLOAD,LARGE,ISS,1998-11-20,TTMTR,,4613263,278401388,0 ISS (ZARYA),1 25544U 98067A   25017.31259832  .00023878  00000-0  42327-3 0  9997,2 25544  51.6384 334.3913 0002233 100.5850 259.5391 15.50122563491765
3.0,GENERATED VIA SPACE-TRACK.ORG API,2025-01-17 18:06:29+00:00,18 SPCS,ISS (ZARYA),1998-067A,EARTH,TEME,UTC,SGP4,2025-01-17 17:03:32.590368+00:00,15.50122423,0.00023020,51.6397,332.4142,88.3442,335.3609,0,U,25544,999,49182,-0.00012232000000,-0.00007459,0.0000000000000,6794.505,92.896,417.934,414.806,PAYLOAD,LARGE,ISS,1998-11-20,TTMTR,,4613307,278402512,0 ISS (ZARYA),1 25544U 98067A   25017.71079387 -.00007459  00000-0 -12232-3 0  9997,2 25544  51.6397 332.4142 0002302  88.3442 335.3609 15.50122423491826
3.0,GENERATED VIA SPACE-TRACK.ORG API,2025-01-17 23:26:15+00:00,18 SPCS,ISS (ZARYA),1998-067A,EARTH,TEME,UTC,SGP4,2025-01-17 21:25:38.756352+00:00,15.50148712,0.00022580,51.6381,331.5161,105.8195,254.3043,0,U,25544,999,49185,0.00042746000000,0.00024143,0.0000000000000,6794.428,92.894,417.828,414.759,PAYLOAD,LARGE,ISS,1998-11-20,TTMTR,,4613643,278439282,0 ISS (ZARYA),1 25544U 98067A   25017.89280968  .00024143  00000-0  42746-3 0  9995,2 25544  51.6381 331.5161 0002258 105.8195 254.3043 15.50148712491854
3.0,GENERATED VIA SPACE-TRACK.ORG API,2025-01-18 03:06:30+00:00,18 SPCS,ISS (ZARYA),1998-067A,EARTH,TEME,UTC,SGP4,2025-01-18 00:55:31.204704+00:00,15.50146491,0.00022130,51.6388,330.7874,115.8195,338.1782,0,U,25544,999,49187,0.00035169000000,0.00019770,0.0000000000000,6794.435,92.894,417.804,414.796,PAYLOAD,LARGE,ISS,1998-11-20,TTMTR,,4613723,278441349,0 ISS (ZARYA),1 25544U 98067A   25018.03855561  .00019770  00000-0  35169-3 0  9990,2 25544  51.6388 330.7874 0002213 115.8195 338.1782 15.50146491491870
3.0,GENERATED VIA SPACE-TRACK.ORG API,2025-01-18 15:06:23+00:00,18 SPCS,ISS (ZARYA),1998-067A,EARTH,TEME,UTC,SGP4,2025-01-18 08:15:28.358208+00:00,15.50168932,0.00022030,51.6380,329.2804,105.2981,254.8252,0,U,25544,999,49192,0.00041633000000,0.00023517,0.0000000000000,6794.369,92.893,417.731,414.738,PAYLOAD,LARGE,ISS,1998-11-20,TTMTR,,4614235,278484426,0 ISS (ZARYA),1 25544U 98067A   25018.34407822  .00023517  00000-0  41633-3 0  9994,2 25544  51.6380 329.2804 0002203 105.2981 254.8252 15.50168932491929
3.0,GENERATED VIA SPACE-TRACK.ORG API,2025-01-18 17:32:39+00:00,18 SPCS,ISS (ZARYA),1998-067A,EARTH,TEME,UTC,SGP4,2025-01-18 08:15:28.355616+00:00,15.50168631,0.00022020,51.6380,329.2803,105.2364,254.8869,0,U,25544,999,49192,0.00040726000000,0.00022993,0.0000000000000,6794.370,92.893,417.731,414.739,PAYLOAD,LARGE,ISS,1998-11-20,TTMTR,,4614329,278492517,0 ISS (ZARYA),1 25544U 98067A   25018.34407819  .00022993  00000-0  40726-3 0  9999,2 25544  51.6380 329.2803 0002202 105.2364 254.8869 15.50168631491922
3.0,GENERATED VIA SPACE-TRACK.ORG API,2025-01-18 22:26:15+00:00,18 SPCS,ISS (ZARYA),1998-067A,EARTH,TEME,UTC,SGP4,2025-01-18 21:02:59.779392+00:00,15.50189457,0.00023460,51.6389,326.6314,113.4289,343.1654,0,U,25544,999,49200,0.00037714000000,0.00021270,0.0000000000000,6794.309,92.892,417.768,414.580,PAYLOAD,LARGE,ISS,1998-11-20,TTMTR,,4614637,278522928,0 ISS (ZARYA),1 25544U 98067A   25018.87708078  .00021270  00000-0  37714-3 0  9998,2 25544  51.6389 326.6314 0002346 113.4289 343.1654 15.50189457492008
3.0,GENERATED VIA SPACE-TRACK.ORG API,2025-01-19 01:36:14+00:00,18 SPCS,ISS (ZARYA),1998-067A,EARTH,TEME,UTC,SGP4,2025-01-19 00:07:19.934976+00:00,15.50196476,0.00022320,51.6394,325.9961,105.0408,346.4154,0,U,25544,999,49202,0.00038386000000,0.00021664,0.0000000000000,6794.289,92.891,417.670,414.637,PAYLOAD,LARGE,ISS,1998-11-20,TTMTR,,4614652,278523630,0 ISS (ZARYA),1 25544U 98067A   25019.00509184  .00021664  00000-0  38386-3 0  9994,2 25544  51.6394 325.9961 0002232 105.0408 346.4154 15.50196476492020
3.0,GENERATED VIA SPACE-TRACK.ORG API,2025-01-19 02:21:50+00:00,18 SPCS,ISS (ZARYA),1998-067A,EARTH,TEME,UTC,SGP4,2025-01-18 20:38:07.242720+00:00,15.50193579,0.00022270,51.6381,326.7242,108.8196,251.3034,0,U,25544,999,49200,0.00041060000000,0.00023207,0.0000000000000,6794.297,92.892,417.675,414.649,PAYLOAD,LARGE,ISS,1998-11-20,TTMTR,,4614653,278530423,0 ISS (ZARYA),1 25544U 98067A   25018.85980605  .00023207  00000-0  41060-3 0  9995,2 25544  51.6381 326.7242 0002227 108.8196 251.3034 15.50193579492006
3.0,GENERATED VIA SPACE-TRACK.ORG API,2025-01-19 06:46:16+00:00,18 SPCS,ISS (ZARYA),1998-067A,EARTH,TEME,UTC,SGP4,2025-01-19 06:36:19.711296+00:00,15.50212339,0.00023960,51.6395,324.6608,105.4986,54.5179,0,U,25544,999,49206,0.00040265000000,0.00022763,0.0000000000000,6794.243,92.891,417.735,414.480,PAYLOAD,LARGE,ISS,1998-11-20,TTMTR,,4614785,278555888,0 ISS (ZARYA),1 25544U 98067A   25019.27522814  .00022763  00000-0  40265-3 0  9998,2 25544  51.6395 324.6608 0002396 105.4986  54.5179 15.50212339492066
3.0,GENERATED VIA SPACE-TRACK.ORG API,2025-01-19 11:46:15+00:00,18 SPCS,ISS (ZARYA),1998-067A,EARTH,TEME,UTC,SGP4,2025-01-19 08:03:10.370016+00:00,15.50215631,0.00024130,51.6396,324.3620,105.9549,30.8533,0,U,25544,999,49207,0.00040538000000,0.00022923,0.0000000000000,6794.233,92.890,417.737,414.459,PAYLOAD,LARGE,ISS,1998-11-20,TTMTR,,4615014,278562150,0 ISS (ZARYA),1 25544U 98067A   25019.33553669  .00022923  00000-0  40538-3 0  9998,2 25544  51.6396 324.3620 0002413 105.9549  30.8533 15.50215631492078
3.0,GENERATED VIA SPACE-TRACK.ORG API,2025-01-19 18:26:14+00:00,18 SPCS,ISS (ZARYA),1998-067A,EARTH,TEME,UTC,SGP4,2025-01-19 17:02:43.156608+00:00,15.50257742,0.00026950,51.6387,322.5115,117.4593,311.7956,0,U,25544,999,49213,0.00079808000000,0.00045775,0.0000000000000,6794.110,92.888,417.806,414.144,PAYLOAD,LARGE,ISS,1998-11-20,TTMTR,,4615454,278572991,0 ISS (ZARYA),1 25544U 98067A   25019.71022172  .00045775  00000-0  79808-3 0  9992,2 25544  51.6387 322.5115 0002695 117.4593 311.7956 15.50257742492132
3.0,GENERATED VIA SPACE-TRACK.ORG API,2025-01-19 18:31:59+00:00,18 SPCS,ISS (ZARYA),1998-067A,EARTH,TEME,UTC,SGP4,2025-01-19 07:27:55.681632+00:00,15.50216276,0.00021970,51.6381,324.4878,109.0566,251.0661,0,U,25544,999,49207,0.00044485000000,0.00025208,0.0000000000000,6794.231,92.890,417.589,414.603,PAYLOAD,LARGE,ISS,1998-11-20,TTMTR,,4615456,278580151,0 ISS (ZARYA),1 25544U 98067A   25019.31106113  .00025208  00000-0  44485-3 0  9998,2 25544  51.6381 324.4878 0002197 109.0566 251.0661 15.50216276492076
3.0,GENERATED VIA SPACE-TRACK.ORG API,2025-01-19 21:46:15+00:00,18 SPCS,ISS (ZARYA),1998-067A,EARTH,TEME,UTC,SGP4,2025-01-19 20:16:01.002720+00:00,15.50252769,0.00025270,51.6387,321.8439,114.4172,344.4657,0,U,25544,999,49215,0.00059998000000,0.00034242,0.0000000000000,6794.124,92.888,417.706,414.273,PAYLOAD,LARGE,ISS,1998-11-20,TTMTR,,4615469,278603081,0 ISS (ZARYA),1 25544U 98067A   25019.84445605  .00034242  00000-0  59998-3 0  9991,2 25544  51.6387 321.8439 0002527 114.4172 344.4657 15.50252769492154
3.0,GENERATED VIA SPACE-TRACK.ORG API,2025-01-20 02:06:14+00:00,18 SPCS,ISS (ZARYA),1998-067A,EARTH,TEME,UTC,SGP4,2025-01-20 00:55:09.877728+00:00,15.50248456,0.00023100,51.6397,320.8763,111.3034,350.1573,0,U,25544,999,49218,0.00040357000000,0.00022846,0.0000000000000,6794.137,92.888,417.571,414.433,PAYLOAD,LARGE,ISS,1998-11-20,TTMTR,,4615794,278611065,0 ISS (ZARYA),1 25544U 98067A   25020.03830877  .00022846  00000-0  40357-3 0  9999,2 25544  51.6397 320.8763 0002310 111.3034 350.1573 15.50248456492189
3.0,GENERATED VIA SPACE-TRACK.ORG API,2025-01-20 03:16:43+00:00,18 SPCS,ISS (ZARYA),1998-067A,EARTH,TEME,UTC,SGP4,2025-01-19 19:50:33.186336+00:00,15.50242156,0.00022400,51.6381,321.9316,112.3066,247.8161,0,U,25544,999,49215,0.00044294000000,0.00025121,0.0000000000000,6794.155,92.889,417.542,414.499,PAYLOAD,LARGE,ISS,1998-11-20,TTMTR,,4615796,278617359,0 ISS (ZARYA),1 25544U 98067A   25019.82677299  .00025121  00000-0  44294-3 0  9994,2 25544  51.6381 321.9316 0002240 112.3066 247.8161 15.50242156492159
3.0,GENERATED VIA SPACE-TRACK.ORG API,2025-01-20 06:46:15+00:00,18 SPCS,ISS (ZARYA),1998-067A,EARTH,TEME,UTC,SGP4,2025-01-20 05:49:23.906784+00:00,15.50262599,0.00023510,51.6398,319.8668,109.3968,53.1683,0,U,25544,999,49221,0.00042696000000,0.00024213,0.0000000000000,6794.096,92.887,417.558,414.363,PAYLOAD,LARGE,ISS,1998-11-20,TTMTR,,4615933,278643479,0 ISS (ZARYA),1 25544U 98067A   25020.24263781  .00024213  00000-0  42696-3 0  9994,2 25544  51.6398 319.8668 0002351 109.3968  53.1683 15.50262599492210
3.0,GENERATED VIA SPACE-TRACK.ORG API,2025-01-20 09:36:15+00:00,18 SPCS,ISS (ZARYA),1998-067A,EARTH,TEME,UTC,SGP4,2025-01-20 08:50:18.221280+00:00,15.50269473,0.00023820,51.6400,319.2443,109.8230,34.3352,0,U,25544,999,49223,0.00043042000000,0.00024420,0.0000000000000,6794.076,92.887,417.559,414.322,PAYLOAD,LARGE,ISS,1998-11-20,TTMTR,,4616085,278647632,0 ISS (ZARYA),1 25544U 98067A   25020.36826645  .00024420  00000-0  43042-3 0  9997,2 25544  51.6400 319.2443 0002382 109.8230  34.3352 15.50269473492234
3.0,GENERATED VIA SPACE-TRACK.ORG API,2025-01-20 18:44:49+00:00,18 SPCS,ISS (ZARYA),1998-067A,EARTH,TEME,UTC,SGP4,2025-01-20 08:13:09.790752+00:00,15.50272979,0.00022110,51.6379,319.3761,113.0842,247.0380,0,U,25544,999,49223,0.00046330000000,0.00026329,0.0000000000000,6794.065,92.887,417.433,414.428,PAYLOAD,LARGE,ISS,1998-11-20,TTMTR,,4616438,278662931,0 ISS (ZARYA),1 25544U 98067A   25020.34247443  .00026329  00000-0  46330-3 0  9991,2 25544  51.6379 319.3761 0002211 113.0842 247.0380 15.50272979492239
3.0,GENERATED VIA SPACE-TRACK.ORG API,2025-01-20 19:06:16+00:00,18 SPCS,ISS (ZARYA),1998-067A,EARTH,TEME,UTC,SGP4,2025-01-20 17:51:25.772256+00:00,15.50311107,0.00026800,51.6406,317.3852,125.1572,317.6588,0,U,25544,999,49229,0.00069807000000,0.00040029,0.0000000000000,6793.954,92.885,417.640,413.998,PAYLOAD,LARGE,ISS,1998-11-20,TTMTR,,4616440,278686286,0 ISS (ZARYA),1 25544U 98067A   25020.74404829  .00040029  00000-0  69807-3 0  9995,2 25544  51.6406 317.3852 0002680 125.1572 317.6588 15.50311107492290
3.0,GENERATED VIA SPACE-TRACK.ORG API,2025-01-20 22:26:16+00:00,18 SPCS,ISS (ZARYA),1998-067A,EARTH,TEME,UTC,SGP4,2025-01-20 21:02:47.768928+00:00,15.50294077,0.00024420,51.6401,316.7194,116.4942,348.4746,0,U,25544,999,49231,0.00042211000000,0.00023959,0.0000000000000,6794.004,92.886,417.528,414.210,PAYLOAD,LARGE,ISS,1998-11-20,TTMTR,,4616524,278687841,0 ISS (ZARYA),1 25544U 98067A   25020.87694177  .00023959  00000-0  42211-3 0  9999,2 25544  51.6401 316.7194 0002442 116.4942 348.4746 15.50294077492314
3.0,GENERATED VIA SPACE-TRACK.ORG API,2025-01-21 01:46:15+00:00,18 SPCS,ISS (ZARYA),1998-067A,EARTH,TEME,UTC,SGP4,2025-01-21 01:18:20.806272+00:00,15.50304586,0.00023330,51.6395,315.8397,116.8456,259.2342,0,U,25544,999,49234,0.00042855000000,0.00024342,0.0000000000000,6793.973,92.885,417.423,414.253,PAYLOAD,LARGE,ISS,1998-11-20,TTMTR,,4616734,278693242,0 ISS (ZARYA),1 25544U 98067A   25021.05440748  .00024342  00000-0  42855-3 0  9994,2 25544  51.6395 315.8397 0002333 116.8456 259.2342 15.50304586492345
3.0,GENERATED VIA SPACE-TRACK.ORG API,2025-01-21 02:12:35+00:00,18 SPCS,ISS (ZARYA),1998-067A,EARTH,TEME,UTC,SGP4,2025-01-20 20:35:45.573504+00:00,15.50303123,0.00022500,51.6378,316.8197,117.4861,242.6357,0,U,25544,999,49231,0.00048039000000,0.00027351,0.0000000000000,6793.977,92.885,417.371,414.314,PAYLOAD,LARGE,ISS,1998-11-20,TTMTR,,4616743,278699540,0 ISS (ZARYA),1 25544U 98067A   25020.85816636  .00027351  00000-0  48039-3 0  9997,2 25544  51.6378 316.8197 0002250 117.4861 242.6357 15.50303123492315
3.0,GENERATED VIA SPACE-TRACK.ORG API,2025-01-21 06:46:16+00:00,18 SPCS,ISS (ZARYA),1998-067A,EARTH,TEME,UTC,SGP4,2025-01-21 04:56:27.448800+00:00,15.50323716,0.00025550,51.6398,315.0945,116.8191,25.1832,0,U,25544,999,49236,0.00049798000000,0.00028394,0.0000000000000,6793.917,92.884,417.518,414.046,PAYLOAD,LARGE,ISS,1998-11-20,TTMTR,,4616907,278726183,0 ISS (ZARYA),1 25544U 98067A   25021.20587325  .00028394  00000-0  49798-3 0  9998,2 25544  51.6398 315.0945 0002555 116.8191  25.1832 15.50323716492363
3.0,GENERATED VIA SPACE-TRACK.ORG API,2025-01-21 14:56:17+00:00,18 SPCS,ISS (ZARYA),1998-067A,EARTH,TEME,UTC,SGP4,2025-01-21 08:02:45.644064+00:00,15.50331286,0.00025770,51.6398,314.4532,117.7690,26.7886,0,U,25544,999,49238,0.00049851000000,0.00028433,0.0000000000000,6793.895,92.883,417.511,414.009,PAYLOAD,LARGE,ISS,1998-11-20,TTMTR,,4617314,278736673,0 ISS (ZARYA),1 25544U 98067A   25021.33525051  .00028433  00000-0  49851-3 0  9994,2 25544  51.6398 314.4532 0002577 117.7690  26.7886 15.50331286492385
3.0,GENERATED VIA SPACE-TRACK.ORG API,2025-01-21 15:06:17+00:00,18 SPCS,ISS (ZARYA),1998-067A,EARTH,TEME,UTC,SGP4,2025-01-21 07:25:31.162944+00:00,15.50330144,0.00022040,51.6377,314.5834,117.3273,242.7941,0,U,25544,999,49238,0.00048902000000,0.00027879,0.0000000000000,6793.898,92.883,417.261,414.266,PAYLOAD,LARGE,ISS,1998-11-20,TTMTR,,4617346,278737309,0 ISS (ZARYA),1 25544U 98067A   25021.30938846  .00027879  00000-0  48902-3 0  9990,2 25544  51.6377 314.5834 0002204 117.3273 242.7941 15.50330144492382
3.0,GENERATED VIA SPACE-TRACK.ORG API,2025-01-21 17:35:04+00:00,18 SPCS,ISS (ZARYA),1998-067A,EARTH,TEME,UTC,SGP4,2025-01-21 07:25:31.162080+00:00,15.50330081,0.00022020,51.6377,314.5834,117.2945,242.8268,0,U,25544,999,49238,0.00048683000000,0.00027752,0.0000000000000,6793.899,92.883,417.260,414.268,PAYLOAD,LARGE,ISS,1998-11-20,TTMTR,,4617403,278745873,0 ISS (ZARYA),1 25544U 98067A   25021.30938845  .00027752  00000-0  48683-3 0  9995,2 25544  51.6377 314.5834 0002202 117.2945 242.8268 15.50330081492388
3.0,GENERATED VIA SPACE-TRACK.ORG API,2025-01-21 17:36:19+00:00,18 SPCS,ISS (ZARYA),1998-067A,EARTH,TEME,UTC,SGP4,2025-01-21 15:25:54.043968+00:00,15.50350408,0.00022440,51.6409,312.9268,106.4400,316.7944,0,U,25544,999,49243,0.00051543000000,0.00029436,0.0000000000000,6793.839,92.882,417.229,414.180,PAYLOAD,LARGE,ISS,1998-11-20,TTMTR,,4617405,278750841,0 ISS (ZARYA),1 25544U 98067A   25021.64298662  .00029436  00000-0  51543-3 0  9998,2 25544  51.6409 312.9268 0002244 106.4400 316.7944 15.50350408492432
3.0,GENERATED VIA SPACE-TRACK.ORG API,2025-01-21 23:06:17+00:00,18 SPCS,ISS (ZARYA),1998-067A,EARTH,TEME,UTC,SGP4,2025-01-21 21:20:54.636000+00:00,15.50360155,0.00022100,51.6377,311.7074,120.3655,239.7552,0,U,25544,999,49247,0.00047087000000,0.00026853,0.0000000000000,6793.811,92.882,417.177,414.174,PAYLOAD,LARGE,ISS,1998-11-20,TTMTR,,4617708,278775078,0 ISS (ZARYA),1 25544U 98067A   25021.88952125  .00026853  00000-0  47087-3 0  9993,2 25544  51.6377 311.7074 0002210 120.3655 239.7552 15.50360155492471
3.0,GENERATED VIA SPACE-TRACK.ORG API,2025-01-22 00:36:15+00:00,18 SPCS,ISS (ZARYA),1998-067A,EARTH,TEME,UTC,SGP4,2025-01-21 23:06:27.013824+00:00,15.50366398,0.00024680,51.6399,311.3409,106.5083,302.9460,0,U,25544,999,49248,0.00047842000000,0.00027299,0.0000000000000,6793.792,92.881,417.334,413.981,PAYLOAD,LARGE,ISS,1998-11-20,TTMTR,,4617765,278776665,0 ISS (ZARYA),1 25544U 98067A   25021.96281266  .00027299  00000-0  47842-3 0  9997,2 25544  51.6399 311.3409 0002468 106.5083 302.9460 15.50366398492486
3.0,GENERATED VIA SPACE-TRACK.ORG API,2025-01-22 05:36:16+00:00,18 SPCS,ISS (ZARYA),1998-067A,EARTH,TEME,UTC,SGP4,2025-01-22 04:10:35.850720+00:00,15.50371870,0.00020410,51.6398,310.2904,105.9721,43.1000,0,U,25544,999,49251,0.00046192000000,0.00026343,0.0000000000000,6793.776,92.881,417.028,414.255,PAYLOAD,LARGE,ISS,1998-11-20,TTMTR,,4617771,278806316,0 ISS (ZARYA),1 25544U 98067A   25022.17402605  .00026343  00000-0  46192-3 0  9999,2 25544  51.6398 310.2904 0002041 105.9721  43.1000 15.50371870492511
3.0,GENERATED VIA SPACE-TRACK.ORG API,2025-01-22 08:06:17+00:00,18 SPCS,ISS (ZARYA),1998-067A,EARTH,TEME,UTC,SGP4,2025-01-22 05:05:00.547296+00:00,15.50378816,0.00021830,51.6377,310.1099,121.1655,238.9549,0,U,25544,999,49252,0.00050717000000,0.00028985,0.0000000000000,6793.756,92.881,417.104,414.138,PAYLOAD,LARGE,ISS,1998-11-20,TTMTR,,4618121,278814760,0 ISS (ZARYA),1 25544U 98067A   25022.21181189  .00028985  00000-0  50717-3 0  9997,2 25544  51.6377 310.1099 0002183 121.1655 238.9549 15.50378816492525
3.0,GENERATED VIA SPACE-TRACK.ORG API,2025-01-22 14:46:19+00:00,18 SPCS,ISS (ZARYA),1998-067A,EARTH,TEME,UTC,SGP4,2025-01-22 06:37:49.682208+00:00,15.50382919,0.00021620,51.6377,309.7903,121.1772,238.9429,0,U,25544,999,49253,0.00050613000000,0.00028929,0.0000000000000,6793.744,92.880,417.078,414.140,PAYLOAD,LARGE,ISS,1998-11-20,TTMTR,,4618335,278820480,0 ISS (ZARYA),1 25544U 98067A   25022.27626947  .00028929  00000-0  50613-3 0  9992,2 25544  51.6377 309.7903 0002162 121.1772 238.9429 15.50382919492537
3.0,GENERATED VIA SPACE-TRACK.ORG API,2025-01-22 15:16:16+00:00,18 SPCS,ISS (ZARYA),1998-067A,EARTH,TEME,UTC,SGP4,2025-01-22 07:14:46.159296+00:00,15.50384033,0.00023980,51.6397,309.6603,116.3861,27.0151,0,U,25544,999,49253,0.00047021000000,0.00026838,0.0000000000000,6793.741,92.880,417.235,413.977,PAYLOAD,LARGE,ISS,1998-11-20,TTMTR,,4618399,278821726,0 ISS (ZARYA),1 25544U 98067A   25022.30192314  .00026838  00000-0  47021-3 0  9998,2 25544  51.6397 309.6603 0002398 116.3861  27.0151 15.50384033492539
3.0,GENERATED VIA SPACE-TRACK.ORG API,2025-01-22 18:06:16+00:00,18 SPCS,ISS (ZARYA),1998-067A,EARTH,TEME,UTC,SGP4,2025-01-22 16:13:15.667392+00:00,15.50409253,0.00020430,51.6397,307.8067,117.0444,314.9243,0,U,25544,999,49259,0.00054482000000,0.00031214,0.0000000000000,6793.667,92.879,416.920,414.144,PAYLOAD,LARGE,ISS,1998-11-20,TTMTR,,4618414,278851677,0 ISS (ZARYA),1 25544U 98067A   25022.67587578  .00031214  00000-0  54482-3 0  9991,2 25544  51.6397 307.8067 0002043 117.0444 314.9243 15.50409253492593
3.0,GENERATED VIA SPACE-TRACK.ORG API,2025-01-22 21:16:16+00:00,18 SPCS,ISS (ZARYA),1998-067A,EARTH,TEME,UTC,SGP4,2025-01-22 19:25:04.138752+00:00,15.50411369,0.00022390,51.6395,307.1435,116.3272,339.5792,0,U,25544,999,49261,0.00047853000000,0.00027349,0.0000000000000,6793.661,92.879,417.047,414.005,PAYLOAD,LARGE,ISS,1998-11-20,TTMTR,,4618441,278851734,0 ISS (ZARYA),1 25544U 98067A   25022.80907568  .00027349  00000-0  47853-3 0  9999,2 25544  51.6395 307.1435 0002239 116.3272 339.5792 15.50411369492617
3.0,GENERATED VIA SPACE-TRACK.ORG API,2025-01-23 02:06:16+00:00,18 SPCS,ISS (ZARYA),1998-067A,EARTH,TEME,UTC,SGP4,2025-01-23 00:05:59.151840+00:00,15.50422521,0.00021920,51.6395,306.1761,119.2189,346.2530,0,U,25544,999,49264,0.00048094000000,0.00027500,0.0000000000000,6793.629,92.878,416.983,414.004,PAYLOAD,LARGE,ISS,1998-11-20,TTMTR,,4618476,278852470,0 ISS (ZARYA),1 25544U 98067A   25023.00415685  .00027500  00000-0  48094-3 0  9993,2 25544  51.6395 306.1761 0002192 119.2189 346.2530 15.50422521492645
3.0,GENERATED VIA SPACE-TRACK.ORG API,2025-01-23 06:36:17+00:00,18 SPCS,ISS (ZARYA),1998-067A,EARTH,TEME,UTC,SGP4,2025-01-23 04:59:39.730272+00:00,15.50431525,0.00023910,51.6402,305.1669,119.8435,44.6892,0,U,25544,999,49267,0.00046090000000,0.00026340,0.0000000000000,6793.602,92.877,417.092,413.843,PAYLOAD,LARGE,ISS,1998-11-20,TTMTR,,4618592,278884244,0 ISS (ZARYA),1 25544U 98067A   25023.20809873  .00026340  00000-0  46090-3 0  9996,2 25544  51.6402 305.1669 0002391 119.8435  44.6892 15.50431525492678
3.0,GENERATED VIA SPACE-TRACK.ORG API,2025-01-23 11:16:16+00:00,18 SPCS,ISS (ZARYA),1998-067A,EARTH,TEME,UTC,SGP4,2025-01-23 06:25:12.424224+00:00,15.50434803,0.00023980,51.6402,304.8727,120.2571,16.0740,0,U,25544,999,49268,0.00046157000000,0.00026383,0.0000000000000,6793.593,92.877,417.087,413.829,PAYLOAD,LARGE,ISS,1998-11-20,TTMTR,,4618713,278887676,0 ISS (ZARYA),1 25544U 98067A   25023.26750491  .00026383  00000-0  46157-3 0  9994,2 25544  51.6402 304.8727 0002398 120.2571  16.0740 15.50434803492681
3.0,GENERATED VIA SPACE-TRACK.ORG API,2025-01-23 15:16:24+00:00,18 SPCS,ISS (ZARYA),1998-067A,EARTH,TEME,UTC,SGP4,2025-01-23 13:34:09.861888+00:00,15.50451306,0.00021660,51.6381,303.3993,127.5461,232.5725,0,U,25544,999,49273,0.00042402000000,0.00024206,0.0000000000000,6793.544,92.876,416.881,413.938,PAYLOAD,LARGE,ISS,1998-11-20,TTMTR,,4619017,278895859,0 ISS (ZARYA),1 25544U 98067A   25023.56539192  .00024206  00000-0  42402-3 0  9991,2 25544  51.6381 303.3993 0002166 127.5461 232.5725 15.50451306492738
3.0,GENERATED VIA SPACE-TRACK.ORG API,2025-01-23 15:26:19+00:00,18 SPCS,ISS (ZARYA),1998-067A,EARTH,TEME,UTC,SGP4,2025-01-23 13:49:08.986080+00:00,15.50466390,0.00025030,51.6407,303.3475,122.6386,295.6102,0,U,25544,999,49273,0.00070627000000,0.00040733,0.0000000000000,6793.500,92.875,417.066,413.665,PAYLOAD,LARGE,ISS,1998-11-20,TTMTR,,4619079,278896729,0 ISS (ZARYA),1 25544U 98067A   25023.57579845  .00040733  00000-0  70627-3 0  9994,2 25544  51.6407 303.3475 0002503 122.6386 295.6102 15.50466390492737
3.0,GENERATED VIA SPACE-TRACK.ORG API,2025-01-23 23:16:16+00:00,18 SPCS,ISS (ZARYA),1998-067A,EARTH,TEME,UTC,SGP4,2025-01-23 21:49:02.579232+00:00,15.50473050,0.00022570,51.6402,301.6901,124.3159,355.3002,0,U,25544,999,49278,0.00048107000000,0.00027558,0.0000000000000,6793.481,92.875,416.879,413.813,PAYLOAD,LARGE,ISS,1998-11-20,TTMTR,,4619454,278935212,0 ISS (ZARYA),1 25544U 98067A   25023.90905763  .00027558  00000-0  48107-3 0  9991,2 25544  51.6402 301.6901 0002257 124.3159 355.3002 15.50473050492789
3.0,GENERATED VIA SPACE-TRACK.ORG API,2025-01-24 01:36:29+00:00,18 SPCS,ISS (ZARYA),1998-067A,EARTH,TEME,UTC,SGP4,2025-01-24 00:57:43.784640+00:00,15.50479504,0.00022640,51.6400,301.0406,124.6453,6.8359,0,U,25544,999,49280,0.00047873000000,0.00027428,0.0000000000000,6793.462,92.874,416.865,413.789,PAYLOAD,LARGE,ISS,1998-11-20,TTMTR,,4619463,278935217,0 ISS (ZARYA),1 25544U 98067A   25024.04009010  .00027428  00000-0  47873-3 0  9992,2 25544  51.6400 301.0406 0002264 124.6453   6.8359 15.50479504492805
3.0,GENERATED VIA SPACE-TRACK.ORG API,2025-01-24 06:26:18+00:00,18 SPCS,ISS (ZARYA),1998-067A,EARTH,TEME,UTC,SGP4,2025-01-24 05:36:08.320032+00:00,15.50487044,0.00023250,51.6402,300.0846,127.9711,3.3871,0,U,25544,999,49283,0.00046444000000,0.00026600,0.0000000000000,6793.440,92.874,416.885,413.726,PAYLOAD,LARGE,ISS,1998-11-20,TTMTR,,4619536,278965754,0 ISS (ZARYA),1 25544U 98067A   25024.23342963  .00026600  00000-0  46444-3 0  9994,2 25544  51.6402 300.0846 0002325 127.9711   3.3871 15.50487044492837
3.0,GENERATED VIA SPACE-TRACK.ORG API,2025-01-24 09:56:19+00:00,18 SPCS,ISS (ZARYA),1998-067A,EARTH,TEME,UTC,SGP4,2025-01-24 07:12:41.549760+00:00,15.50490580,0.00022570,51.6402,299.7517,126.4199,19.4494,0,U,25544,999,49284,0.00046335000000,0.00026540,0.0000000000000,6793.430,92.874,416.828,413.761,PAYLOAD,LARGE,ISS,1998-11-20,TTMTR,,4619734,278971173,0 ISS (ZARYA),1 25544U 98067A   25024.30048090  .00026540  00000-0  46335-3 0  9998,2 25544  51.6402 299.7517 0002257 126.4199  19.4494 15.50490580492843
3.0,GENERATED VIA SPACE-TRACK.ORG API,2025-01-24 14:36:18+00:00,18 SPCS,ISS (ZARYA),1998-067A,EARTH,TEME,UTC,SGP4,2025-01-24 07:12:41.549760+00:00,15.50524018,0.00018920,51.6382,299.7536,130.6589,15.2251,0,U,25544,999,49284,0.00124200000000,0.00072414,0.0000000000000,6793.332,92.872,416.482,413.912,PAYLOAD,LARGE,ISS,1998-11-20,TTMTR,,4619847,278972847,0 ISS (ZARYA),1 25544U 98067A   25024.30048090  .00072414  00000-0  12420-2 0  9996,2 25544  51.6382 299.7536 0001892 130.6589  15.2251 15.50524018492844
3.0,GENERATED VIA SPACE-TRACK.ORG API,2025-01-24 17:46:49+00:00,18 SPCS,ISS (ZARYA),1998-067A,EARTH,TEME,UTC,SGP4,2025-01-24 06:35:06.981504+00:00,15.50486583,0.00022050,51.6379,299.8839,131.6195,228.4983,0,U,25544,999,49284,0.00041746000000,0.00023854,0.0000000000000,6793.441,92.874,416.804,413.808,PAYLOAD,LARGE,ISS,1998-11-20,TTMTR,,4620053,278985568,0 ISS (ZARYA),1 25544U 98067A   25024.27438636  .00023854  00000-0  41746-3 0  9999,2 25544  51.6379 299.8839 0002205 131.6195 228.4983 15.50486583492844
3.0,GENERATED VIA SPACE-TRACK.ORG API,2025-01-24 17:56:24+00:00,18 SPCS,ISS (ZARYA),1998-067A,EARTH,TEME,UTC,SGP4,2025-01-24 16:12:09.034848+00:00,15.50509808,0.00020890,51.6377,297.8978,131.4270,306.8981,0,U,25544,999,49290,0.00045306000000,0.00025956,0.0000000000000,6793.374,92.873,416.658,413.819,PAYLOAD,LARGE,ISS,1998-11-20,TTMTR,,4620055,279008843,0 ISS (ZARYA),1 25544U 98067A   25024.67510457  .00025956  00000-0  45306-3 0  9996,2 25544  51.6377 297.8978 0002089 131.4270 306.8981 15.50509808492908
3.0,GENERATED VIA SPACE-TRACK.ORG API,2025-01-25 00:26:15+00:00,18 SPCS,ISS (ZARYA),1998-067A,EARTH,TEME,UTC,SGP4,2025-01-25 00:00:42.214176+00:00,15.50506992,0.00031040,51.6377,296.2827,141.8447,313.9175,0,U,25544,999,49295,0.00057704000000,0.00033214,0.0000000000000,6793.382,92.873,417.355,413.138,PAYLOAD,LARGE,ISS,1998-11-20,TTMTR,,4620433,279016261,0 ISS (ZARYA),1 25544U 98067A   25025.00048859  .00033214  00000-0  57704-3 0  9997,2 25544  51.6377 296.2827 0003104 141.8447 313.9175 15.50506992492954
3.0,GENERATED VIA SPACE-TRACK.ORG API,2025-01-25 04:28:07+00:00,18 SPCS,ISS (ZARYA),1998-067A,EARTH,TEME,UTC,SGP4,2025-01-24 22:03:14.107392+00:00,15.50514350,0.00021820,51.6375,296.6888,133.5188,226.5982,0,U,25544,999,49294,0.00037446000000,0.00021364,0.0000000000000,6793.360,92.872,416.708,413.743,PAYLOAD,LARGE,ISS,1998-11-20,TTMTR,,4620436,279023054,0 ISS (ZARYA),1 25544U 98067A   25024.91891328  .00021364  00000-0  37446-3 0  9997,2 25544  51.6375 296.6888 0002182 133.5188 226.5982 15.50514350492949
3.0,GENERATED VIA SPACE-TRACK.ORG API,2025-01-25 17:51:01+00:00,18 SPCS,ISS (ZARYA),1998-067A,EARTH,TEME,UTC,SGP4,2025-01-25 05:47:17.253024+00:00,15.50529497,0.00021130,51.6378,295.0907,134.5877,225.5284,0,U,25544,999,49299,0.00037398000000,0.00021348,0.0000000000000,6793.316,92.871,416.616,413.746,PAYLOAD,LARGE,ISS,1998-11-20,TTMTR,,4620440,279052540,0 ISS (ZARYA),1 25544U 98067A   25025.24117191  .00021348  00000-0  37398-3 0  9991,2 25544  51.6378 295.0907 0002113 134.5877 225.5284 15.50529497492994
3.0,GENERATED VIA SPACE-TRACK.ORG API,2025-01-25 19:06:24+00:00,18 SPCS,ISS (ZARYA),1998-067A,EARTH,TEME,UTC,SGP4,2025-01-25 04:55:56.509824+00:00,15.50546469,0.00019050,51.6393,295.2658,138.4724,22.4896,0,U,25544,999,49298,0.00041468000000,0.00023743,0.0000000000000,6793.266,92.870,416.426,413.837,PAYLOAD,LARGE,ISS,1998-11-20,TTMTR,,4620924,279083315,0 ISS (ZARYA),1 25544U 98067A   25025.20551516  .00023743  00000-0  41468-3 0  9994,2 25544  51.6393 295.2658 0001905 138.4724  22.4896 15.50546469492988
3.0,GENERATED VIA SPACE-TRACK.ORG API,2025-01-25 19:06:24+00:00,18 SPCS,ISS (ZARYA),1998-067A,EARTH,TEME,UTC,SGP4,2025-01-25 04:55:56.509824+00:00,15.50535879,0.00023540,51.6393,295.2626,129.3728,31.5895,0,U,25544,999,49298,0.00045435000000,0.00026056,0.0000000000000,6793.297,92.871,416.762,413.563,PAYLOAD,LARGE,ISS,1998-11-20,TTMTR,,4620923,279075856,0 ISS (ZARYA),1 25544U 98067A   25025.20551516  .00026056  00000-0  45435-3 0  9992,2 25544  51.6393 295.2626 0002354 129.3728  31.5895 15.50535879492988
3.0,GENERATED VIA SPACE-TRACK.ORG API,2025-01-25 19:06:24+00:00,18 SPCS,ISS (ZARYA),1998-067A,EARTH,TEME,UTC,SGP4,2025-01-25 16:47:59.586144+00:00,15.50534834,0.00019270,51.6393,292.8125,137.1610,265.7760,0,U,25544,999,49306,-0.00003315600000,-0.00002385,0.0000000000000,6793.300,92.871,416.475,413.856,PAYLOAD,LARGE,ISS,1998-11-20,TTMTR,,4620925,279091198,0 ISS (ZARYA),1 25544U 98067A   25025.69999521 -.00002385  00000-0 -33156-4 0  9996,2 25544  51.6393 292.8125 0001927 137.1610 265.7760 15.50534834493069
3.0,GENERATED VIA SPACE-TRACK.ORG API,2025-01-25 22:56:18+00:00,18 SPCS,ISS (ZARYA),1998-067A,EARTH,TEME,UTC,SGP4,2025-01-25 21:15:22.910976+00:00,15.50554430,0.00021490,51.6376,291.8951,137.6206,222.4950,0,U,25544,999,49309,0.00035095000000,0.00020020,0.0000000000000,6793.243,92.870,416.568,413.648,PAYLOAD,LARGE,ISS,1998-11-20,TTMTR,,4621281,279096570,0 ISS (ZARYA),1 25544U 98067A   25025.88568184  .00020020  00000-0  35095-3 0  9991,2 25544  51.6376 291.8951 0002149 137.6206 222.4950 15.50554430493097
3.0,GENERATED VIA SPACE-TRACK.ORG API,2025-01-26 06:36:32+00:00,18 SPCS,ISS (ZARYA),1998-067A,EARTH,TEME,UTC,SGP4,2025-01-26 05:36:41.341248+00:00,15.50580823,0.00021590,51.6395,290.1622,133.7357,10.9595,0,U,25544,999,49314,0.00042619000000,0.00024447,0.0000000000000,6793.166,92.868,416.498,413.564,PAYLOAD,LARGE,ISS,1998-11-20,TTMTR,,4621454,279129660,0 ISS (ZARYA),1 25544U 98067A   25026.23381182  .00024447  00000-0  42619-3 0  9999,2 25544  51.6395 290.1622 0002159 133.7357  10.9595 15.50580823493146
3.0,GENERATED VIA SPACE-TRACK.ORG API,2025-01-26 14:16:17+00:00,18 SPCS,ISS (ZARYA),1998-067A,EARTH,TEME,UTC,SGP4,2025-01-26 05:36:41.341248+00:00,15.50579325,0.00023530,51.6394,290.1657,148.0201,356.6586,0,U,25544,999,49314,0.00048961000000,0.00028165,0.0000000000000,6793.171,92.869,416.634,413.437,PAYLOAD,LARGE,ISS,1998-11-20,TTMTR,,4621759,279136906,0 ISS (ZARYA),1 25544U 98067A   25026.23381182  .00028165  00000-0  48961-3 0  9996,2 25544  51.6394 290.1657 0002353 148.0201 356.6586 15.50579325493141
3.0,GENERATED VIA SPACE-TRACK.ORG API,2025-01-26 17:18:53+00:00,18 SPCS,ISS (ZARYA),1998-067A,EARTH,TEME,UTC,SGP4,2025-01-26 04:59:25.405152+00:00,15.50566805,0.00020670,51.6380,290.2973,137.2094,222.9057,0,U,25544,999,49314,0.00034077000000,0.00019433,0.0000000000000,6793.207,92.869,416.476,413.668,PAYLOAD,LARGE,ISS,1998-11-20,TTMTR,,4622044,279150832,0 ISS (ZARYA),1 25544U 98067A   25026.20793293  .00019433  00000-0  34077-3 0  9994,2 25544  51.6380 290.2973 0002067 137.2094 222.9057 15.50566805493147
3.0,GENERATED VIA SPACE-TRACK.ORG API,2025-01-27 00:26:17+00:00,18 SPCS,ISS (ZARYA),1998-067A,EARTH,TEME,UTC,SGP4,2025-01-26 23:59:53.359296+00:00,15.50588757,0.00023970,51.6397,286.3654,148.7816,315.2171,0,U,25544,999,49326,0.00022449000000,0.00012645,0.0000000000000,6793.143,92.868,416.636,413.380,PAYLOAD,LARGE,ISS,1998-11-20,TTMTR,,4622303,279180222,0 ISS (ZARYA),1 25544U 98067A   25026.99992314  .00012645  00000-0  22449-3 0  9993,2 25544  51.6397 286.3654 0002397 148.7816 315.2171 15.50588757493268
3.0,GENERATED VIA SPACE-TRACK.ORG API,2025-01-27 04:20:40+00:00,18 SPCS,ISS (ZARYA),1998-067A,EARTH,TEME,UTC,SGP4,2025-01-26 20:27:29.818944+00:00,15.50586871,0.00020710,51.6380,287.1006,138.9058,221.2088,0,U,25544,999,49324,0.00029255000000,0.00016624,0.0000000000000,6793.148,92.868,416.420,413.607,PAYLOAD,LARGE,ISS,1998-11-20,TTMTR,,4622311,279186520,0 ISS (ZARYA),1 25544U 98067A   25026.85242846  .00016624  00000-0  29255-3 0  9999,2 25544  51.6380 287.1006 0002071 138.9058 221.2088 15.50586871493244
3.0,GENERATED VIA SPACE-TRACK.ORG API,2025-01-27 06:46:17+00:00,18 SPCS,ISS (ZARYA),1998-067A,EARTH,TEME,UTC,SGP4,2025-01-27 04:46:25.576896+00:00,15.50607173,0.00023070,51.6414,285.3793,145.9619,349.5412,0,U,25544,999,49329,0.00035189000000,0.00020113,0.0000000000000,6793.089,92.867,416.521,413.387,PAYLOAD,LARGE,ISS,1998-11-20,TTMTR,,4622503,279214608,0 ISS (ZARYA),1 25544U 98067A   25027.19890714  .00020113  00000-0  35189-3 0  9991,2 25544  51.6414 285.3793 0002307 145.9619 349.5412 15.50607173493297
3.0,GENERATED VIA SPACE-TRACK.ORG API,2025-01-27 14:56:21+00:00,18 SPCS,ISS (ZARYA),1998-067A,EARTH,TEME,UTC,SGP4,2025-01-27 10:22:44.910336+00:00,15.50609411,0.00020980,51.6377,284.2243,141.4879,218.6260,0,U,25544,999,49333,0.00029086000000,0.00016539,0.0000000000000,6793.083,92.867,416.373,413.522,PAYLOAD,LARGE,ISS,1998-11-20,TTMTR,,4622877,279223521,0 ISS (ZARYA),1 25544U 98067A   25027.43246424  .00016539  00000-0  29086-3 0  9997,2 25544  51.6377 284.2243 0002098 141.4879 218.6260 15.50609411493338
3.0,GENERATED VIA SPACE-TRACK.ORG API,2025-01-27 15:06:17+00:00,18 SPCS,ISS (ZARYA),1998-067A,EARTH,TEME,UTC,SGP4,2025-01-27 13:45:53.102592+00:00,15.50618964,0.00024630,51.6418,283.5231,149.4657,278.6443,0,U,25544,999,49335,0.00032895000000,0.00018777,0.0000000000000,6793.055,92.866,416.593,413.247,PAYLOAD,LARGE,ISS,1998-11-20,TTMTR,,4622911,279224250,0 ISS (ZARYA),1 25544U 98067A   25027.57353128  .00018777  00000-0  32895-3 0  9990,2 25544  51.6418 283.5231 0002463 149.4657 278.6443 15.50618964493355
3.0,GENERATED VIA SPACE-TRACK.ORG API,2025-01-27 23:16:17+00:00,18 SPCS,ISS (ZARYA),1998-067A,EARTH,TEME,UTC,SGP4,2025-01-27 21:39:01.096992+00:00,15.50613590,0.00023750,51.6403,281.8976,150.6350,312.7990,0,U,25544,999,49340,0.00009119300000,0.00004864,0.0000000000000,6793.070,92.866,416.549,413.322,PAYLOAD,LARGE,ISS,1998-11-20,TTMTR,,4623246,279261855,0 ISS (ZARYA),1 25544U 98067A   25027.90209603  .00004864  00000-0  91193-4 0  9994,2 25544  51.6403 281.8976 0002375 150.6350 312.7990 15.50613590493405
3.0,GENERATED VIA SPACE-TRACK.ORG API,2025-01-28 00:06:17+00:00,18 SPCS,ISS (ZARYA),1998-067A,EARTH,TEME,UTC,SGP4,2025-01-27 21:12:22.919904+00:00,15.50625589,0.00021230,51.6371,281.9875,144.3604,215.7527,0,U,25544,999,49340,0.00029102000000,0.00016558,0.0000000000000,6793.035,92.866,416.343,413.458,PAYLOAD,LARGE,ISS,1998-11-20,TTMTR,,4623503,279267781,0 ISS (ZARYA),1 25544U 98067A   25027.88359861  .00016558  00000-0  29102-3 0  9996,2 25544  51.6371 281.9875 0002123 144.3604 215.7527 15.50625589493400
3.0,GENERATED VIA SPACE-TRACK.ORG API,2025-01-28 02:16:15+00:00,18 SPCS,ISS (ZARYA),1998-067A,EARTH,TEME,UTC,SGP4,2025-01-28 00:52:26.961024+00:00,15.50622455,0.00025300,51.6404,281.2312,148.7900,344.9896,0,U,25544,999,49342,0.00018296000000,0.00010230,0.0000000000000,6793.045,92.866,416.628,413.191,PAYLOAD,LARGE,ISS,1998-11-20,TTMTR,,4623598,279270560,0 ISS (ZARYA),1 25544U 98067A   25028.03642316  .00010230  00000-0  18296-3 0  9997,2 25544  51.6404 281.2312 0002530 148.7900 344.9896 15.50622455493420
3.0,GENERATED VIA SPACE-TRACK.ORG API,2025-01-28 14:16:18+00:00,18 SPCS,ISS (ZARYA),1998-067A,EARTH,TEME,UTC,SGP4,2025-01-28 04:56:24.149184+00:00,15.50635262,0.00020700,51.6374,280.3891,144.9728,215.1398,0,U,25544,999,49345,0.00027486000000,0.00015617,0.0000000000000,6793.007,92.865,416.278,413.466,PAYLOAD,LARGE,ISS,1998-11-20,TTMTR,,4624014,279310071,0 ISS (ZARYA),1 25544U 98067A   25028.20583506  .00015617  00000-0  27486-3 0  9996,2 25544  51.6374 280.3891 0002070 144.9728 215.1398 15.50635262493452
3.0,GENERATED VIA SPACE-TRACK.ORG API,2025-01-28 14:26:19+00:00,18 SPCS,ISS (ZARYA),1998-067A,EARTH,TEME,UTC,SGP4,2025-01-28 05:34:04.553760+00:00,15.50645366,0.00021780,51.6391,280.2536,147.0163,359.2526,0,U,25544,999,49345,0.00034239000000,0.00019583,0.0000000000000,6792.978,92.865,416.322,413.363,PAYLOAD,LARGE,ISS,1998-11-20,TTMTR,,4624103,279312202,0 ISS (ZARYA),1 25544U 98067A   25028.23199715  .00019583  00000-0  34239-3 0  9994,2 25544  51.6391 280.2536 0002178 147.0163 359.2526 15.50645366493451
3.0,GENERATED VIA SPACE-TRACK.ORG API,2025-01-28 14:56:17+00:00,18 SPCS,ISS (ZARYA),1998-067A,EARTH,TEME,UTC,SGP4,2025-01-28 09:34:48.765792+00:00,15.50641392,0.00020750,51.6373,279.4304,147.0180,213.0939,0,U,25544,999,49348,0.00027089000000,0.00015387,0.0000000000000,6792.989,92.865,416.264,413.445,PAYLOAD,LARGE,ISS,1998-11-20,TTMTR,,4624255,279315612,0 ISS (ZARYA),1 25544U 98067A   25028.39917553  .00015387  00000-0  27089-3 0  9992,2 25544  51.6373 279.4304 0002075 147.0180 213.0939 15.50641392493482
3.0,GENERATED VIA SPACE-TRACK.ORG API,2025-01-28 22:36:17+00:00,18 SPCS,ISS (ZARYA),1998-067A,EARTH,TEME,UTC,SGP4,2025-01-28 20:37:29.314848+00:00,15.50657701,0.00026160,51.6401,277.1490,147.0841,263.6732,0,U,25544,999,49355,0.00028578000000,0.00016270,0.0000000000000,6792.942,92.864,416.584,413.030,PAYLOAD,LARGE,ISS,1998-11-20,TTMTR,,4624442,279349490,0 ISS (ZARYA),1 25544U 98067A   25028.85936707  .00016270  00000-0  28578-3 0  9991,2 25544  51.6401 277.1490 0002616 147.0841 263.6732 15.50657701493551
3.0,GENERATED VIA SPACE-TRACK.ORG API,2025-01-29 01:36:26+00:00,18 SPCS,ISS (ZARYA),1998-067A,EARTH,TEME,UTC,SGP4,2025-01-28 23:57:35.653248+00:00,15.50663298,0.00023760,51.6389,276.4604,143.0529,323.9553,0,U,25544,999,49357,0.00029308000000,0.00016702,0.0000000000000,6792.925,92.863,416.404,413.176,PAYLOAD,LARGE,ISS,1998-11-20,TTMTR,,4624556,279351677,0 ISS (ZARYA),1 25544U 98067A   25028.99832932  .00016702  00000-0  29308-3 0  9993,2 25544  51.6389 276.4604 0002376 143.0529 323.9553 15.50663298493578
3.0,GENERATED VIA SPACE-TRACK.ORG API,2025-01-29 02:06:45+00:00,18 SPCS,ISS (ZARYA),1998-067A,EARTH,TEME,UTC,SGP4,2025-01-28 20:24:26.015040+00:00,15.50656712,0.00020780,51.6367,277.1940,149.0276,211.0836,0,U,25544,999,49355,0.00027970000000,0.00015913,0.0000000000000,6792.944,92.864,416.221,413.398,PAYLOAD,LARGE,ISS,1998-11-20,TTMTR,,4624558,279358469,0 ISS (ZARYA),1 25544U 98067A   25028.85030110  .00015913  00000-0  27970-3 0  9992,2 25544  51.6367 277.1940 0002078 149.0276 211.0836 15.50656712493551
3.0,GENERATED VIA SPACE-TRACK.ORG API,2025-01-29 07:06:18+00:00,18 SPCS,ISS (ZARYA),1998-067A,EARTH,TEME,UTC,SGP4,2025-01-29 04:08:26.546208+00:00,15.50672532,0.00020900,51.6366,275.5953,149.6450,210.4660,0,U,25544,999,49360,0.00032727000000,0.00018714,0.0000000000000,6792.898,92.863,416.183,413.344,PAYLOAD,LARGE,ISS,1998-11-20,TTMTR,,4624822,279388107,0 ISS (ZARYA),1 25544U 98067A   25029.17252947  .00018714  00000-0  32727-3 0  9990,2 25544  51.6366 275.5953 0002090 149.6450 210.4660 15.50672532493602
3.0,GENERATED VIA SPACE-TRACK.ORG API,2025-01-29 09:36:17+00:00,18 SPCS,ISS (ZARYA),1998-067A,EARTH,TEME,UTC,SGP4,2025-01-29 04:45:20.826144+00:00,15.50674311,0.00022970,51.6395,275.4621,144.0764,359.2036,0,U,25544,999,49360,0.00031389000000,0.00017930,0.0000000000000,6792.893,92.863,416.318,413.198,PAYLOAD,LARGE,ISS,1998-11-20,TTMTR,,4624913,279389783,0 ISS (ZARYA),1 25544U 98067A   25029.19815771  .00017930  00000-0  31389-3 0  9994,2 25544  51.6395 275.4621 0002297 144.0764 359.2036 15.50674311493607
3.0,GENERATED VIA SPACE-TRACK.ORG API,2025-01-29 14:26:18+00:00,18 SPCS,ISS (ZARYA),1998-067A,EARTH,TEME,UTC,SGP4,2025-01-29 13:44:47.684832+00:00,15.50696851,0.00022120,51.6385,273.6102,140.8903,295.0501,0,U,25544,999,49366,0.00044844000000,0.00025859,0.0000000000000,6792.827,92.861,416.195,413.190,PAYLOAD,LARGE,ISS,1998-11-20,TTMTR,,4624994,279391492,0 ISS (ZARYA),1 25544U 98067A   25029.57277413  .00025859  00000-0  44844-3 0  9990,2 25544  51.6385 273.6102 0002212 140.8903 295.0501 15.50696851493669
3.0,GENERATED VIA SPACE-TRACK.ORG API,2025-01-29 17:56:16+00:00,18 SPCS,ISS (ZARYA),1998-067A,EARTH,TEME,UTC,SGP4,2025-01-29 16:56:06.246240+00:00,15.50695229,0.00021260,51.6387,272.9482,142.5311,315.5480,0,U,25544,999,49368,0.00035850000000,0.00020566,0.0000000000000,6792.832,92.862,416.141,413.253,PAYLOAD,LARGE,ISS,1998-11-20,TTMTR,,4625346,279400154,0 ISS (ZARYA),1 25544U 98067A   25029.70562785  .00020566  00000-0  35850-3 0  9991,2 25544  51.6387 272.9482 0002126 142.5311 315.5480 15.50695229493684
3.0,GENERATED VIA SPACE-TRACK.ORG API,2025-01-29 19:56:19+00:00,18 SPCS,ISS (ZARYA),1998-067A,EARTH,TEME,UTC,SGP4,2025-01-29 13:25:14.937888+00:00,15.50686041,0.00020640,51.6369,273.6772,151.2340,208.8763,0,U,25544,999,49366,0.00031375000000,0.00017929,0.0000000000000,6792.859,92.862,416.126,413.322,PAYLOAD,LARGE,ISS,1998-11-20,TTMTR,,4625365,279407357,0 ISS (ZARYA),1 25544U 98067A   25029.55920067  .00017929  00000-0  31375-3 0  9992,2 25544  51.6369 273.6772 0002064 151.2340 208.8763 15.50686041493662
3.0,GENERATED VIA SPACE-TRACK.ORG API,2025-01-29 23:46:29+00:00,18 SPCS,ISS (ZARYA),1998-067A,EARTH,TEME,UTC,SGP4,2025-01-29 23:30:10.000224+00:00,15.50702605,0.00020540,51.6386,271.5905,143.9990,42.7673,0,U,25544,999,49372,0.00031876000000,0.00018235,0.0000000000000,6792.810,92.861,416.071,413.280,PAYLOAD,LARGE,ISS,1998-11-20,TTMTR,,4625606,279435483,0 ISS (ZARYA),1 25544U 98067A   25029.97928241  .00018235  00000-0  31876-3 0  9997,2 25544  51.6386 271.5905 0002054 143.9990  42.7673 15.50702605493721
3.0,GENERATED VIA SPACE-TRACK.ORG API,2025-01-30 06:46:19+00:00,18 SPCS,ISS (ZARYA),1998-067A,EARTH,TEME,UTC,SGP4,2025-01-30 03:56:01.923360+00:00,15.50707405,0.00021910,51.6394,270.6721,146.9248,351.2202,0,U,25544,999,49375,0.00030652000000,0.00017518,0.0000000000000,6792.796,92.861,416.150,413.173,PAYLOAD,LARGE,ISS,1998-11-20,TTMTR,,4625733,279467386,0 ISS (ZARYA),1 25544U 98067A   25030.16391115  .00017518  00000-0  30652-3 0  9998,2 25544  51.6394 270.6721 0002191 146.9248 351.2202 15.50707405493759
3.0,GENERATED VIA SPACE-TRACK.ORG API,2025-01-30 09:36:16+00:00,18 SPCS,ISS (ZARYA),1998-067A,EARTH,TEME,UTC,SGP4,2025-01-30 06:54:02.079648+00:00,15.50711335,0.00022370,51.6396,270.0592,149.8639,318.8131,0,U,25544,999,49377,0.00030397000000,0.00017371,0.0000000000000,6792.785,92.861,416.170,413.130,PAYLOAD,LARGE,ISS,1998-11-20,TTMTR,,4625917,279472643,0 ISS (ZARYA),1 25544U 98067A   25030.28752407  .00017371  00000-0  30397-3 0  9999,2 25544  51.6396 270.0592 0002237 149.8639 318.8131 15.50711335493777
3.0,GENERATED VIA SPACE-TRACK.ORG API,2025-01-30 17:44:22+00:00,18 SPCS,ISS (ZARYA),1998-067A,EARTH,TEME,UTC,SGP4,2025-01-30 14:10:02.712288+00:00,15.50717505,0.00022150,51.6361,268.5635,158.9742,201.1339,0,U,25544,999,49382,0.00026369000000,0.00015007,0.0000000000000,6792.767,92.860,416.137,413.127,PAYLOAD,LARGE,ISS,1998-11-20,TTMTR,,4625944,279479733,0 ISS (ZARYA),1 25544U 98067A   25030.59030917  .00015007  00000-0  26369-3 0  9996,2 25544  51.6361 268.5635 0002215 158.9742 201.1339 15.50717505493826
3.0,GENERATED VIA SPACE-TRACK.ORG API,2025-01-30 23:26:17+00:00,18 SPCS,ISS (ZARYA),1998-067A,EARTH,TEME,UTC,SGP4,2025-01-30 17:44:01.829184+00:00,15.50727320,0.00021730,51.6388,267.8225,148.7302,321.5116,0,U,25544,999,49384,0.00030520000000,0.00017453,0.0000000000000,6792.738,92.860,416.079,413.127,PAYLOAD,LARGE,ISS,1998-11-20,TTMTR,,4626408,279513524,0 ISS (ZARYA),1 25544U 98067A   25030.73891006  .00017453  00000-0  30520-3 0  9997,2 25544  51.6388 267.8225 0002173 148.7302 321.5116 15.50727320493842
3.0,GENERATED VIA SPACE-TRACK.ORG API,2025-01-30 23:36:18+00:00,18 SPCS,ISS (ZARYA),1998-067A,EARTH,TEME,UTC,SGP4,2025-01-30 22:42:28.999872+00:00,15.50733764,0.00021970,51.6392,266.7922,150.6796,37.3757,0,U,25544,999,49387,0.00030159000000,0.00017245,0.0000000000000,6792.719,92.859,416.077,413.092,PAYLOAD,LARGE,ISS,1998-11-20,TTMTR,,4626462,279515061,0 ISS (ZARYA),1 25544U 98067A   25030.94616898  .00017245  00000-0  30159-3 0  9991,2 25544  51.6392 266.7922 0002197 150.6796  37.3757 15.50733764493879
3.0,GENERATED VIA SPACE-TRACK.ORG API,2025-01-31 15:16:17+00:00,18 SPCS,ISS (ZARYA),1998-067A,EARTH,TEME,UTC,SGP4,2025-01-31 13:43:43.841280+00:00,15.50763271,0.00025880,51.6396,263.7001,148.6072,295.7663,0,U,25544,999,49397,0.00043715000000,0.00025256,0.0000000000000,6792.633,92.857,416.256,412.740,PAYLOAD,LARGE,ISS,1998-11-20,TTMTR,,4626978,279555403,0 ISS (ZARYA),1 25544U 98067A   25031.57203520  .00025256  00000-0  43715-3 0  9998,2 25544  51.6396 263.7001 0002588 148.6072 295.7663 15.50763271493979
3.0,GENERATED VIA SPACE-TRACK.ORG API,2025-01-31 16:06:16+00:00,18 SPCS,ISS (ZARYA),1998-067A,EARTH,TEME,UTC,SGP4,2025-01-31 14:54:48.474432+00:00,15.50752821,0.00021570,51.6355,263.4489,160.4506,199.6566,0,U,25544,999,49398,0.00026611000000,0.00015169,0.0000000000000,6792.664,92.858,415.994,413.064,PAYLOAD,LARGE,ISS,1998-11-20,TTMTR,,4627112,279559007,0 ISS (ZARYA),1 25544U 98067A   25031.62139438  .00015169  00000-0  26611-3 0  9998,2 25544  51.6355 263.4489 0002157 160.4506 199.6566 15.50752821493981
3.0,GENERATED VIA SPACE-TRACK.ORG API,2025-01-31 19:56:16+00:00,18 SPCS,ISS (ZARYA),1998-067A,EARTH,TEME,UTC,SGP4,2025-01-31 18:30:54.168192+00:00,15.50758119,0.00020420,51.6378,262.7016,152.0942,326.3404,0,U,25544,999,49400,0.00028061000000,0.00016025,0.0000000000000,6792.648,92.858,415.900,413.126,PAYLOAD,LARGE,ISS,1998-11-20,TTMTR,,4627210,279620609,0 ISS (ZARYA),1 25544U 98067A   25031.77146028  .00016025  00000-0  28061-3 0  9990,2 25544  51.6378 262.7016 0002042 152.0942 326.3404 15.50758119494008
3.0,GENERATED VIA SPACE-TRACK.ORG API,2025-01-31 21:56:16+00:00,18 SPCS,ISS (ZARYA),1998-067A,EARTH,TEME,UTC,SGP4,2025-01-31 19:47:40.497792+00:00,15.50759568,0.00020470,51.6382,262.4357,152.0147,264.2547,0,U,25544,999,49401,0.00027837000000,0.00015894,0.0000000000000,6792.644,92.858,415.900,413.119,PAYLOAD,LARGE,ISS,1998-11-20,TTMTR,,4627218,279620634,0 ISS (ZARYA),1 25544U 98067A   25031.82477428  .00015894  00000-0  27837-3 0  9990,2 25544  51.6382 262.4357 0002047 152.0147 264.2547 15.50759568494018
3.0,GENERATED VIA SPACE-TRACK.ORG API,2025-01-31 23:16:16+00:00,18 SPCS,ISS (ZARYA),1998-067A,EARTH,TEME,UTC,SGP4,2025-01-31 21:51:18.999648+00:00,15.50752901,0.00017790,51.6369,262.0126,154.9367,20.9868,0,U,25544,999,49402,0.00016397000000,0.00009163,0.0000000000000,6792.664,92.858,415.737,413.320,PAYLOAD,LARGE,ISS,1998-11-20,TTMTR,,4627460,279626591,0 ISS (ZARYA),1 25544U 98067A   25031.91063657  .00009163  00000-0  16397-3 0  9996,2 25544  51.6369 262.0126 0001779 154.9367  20.9868 15.50752901494027
3.0,GENERATED VIA SPACE-TRACK.ORG API,2025-02-01 00:46:16+00:00,18 SPCS,ISS (ZARYA),1998-067A,EARTH,TEME,UTC,SGP4,2025-01-31 23:12:53.378208+00:00,15.50772786,0.00017320,51.6355,261.7300,150.8105,341.5805,0,U,25544,999,49403,0.00068732000000,0.00040060,0.0000000000000,6792.606,92.857,415.647,413.294,PAYLOAD,LARGE,ISS,1998-11-20,TTMTR,,4627463,279626594,0 ISS (ZARYA),1 25544U 98067A   25031.96728447  .00040060  00000-0  68732-3 0  9997,2 25544  51.6355 261.7300 0001732 150.8105 341.5805 15.50772786494033
3.0,GENERATED VIA SPACE-TRACK.ORG API,2025-02-01 05:36:20+00:00,18 SPCS,ISS (ZARYA),1998-067A,EARTH,TEME,UTC,SGP4,2025-02-01 03:54:47.791296+00:00,15.50771351,0.00020690,51.6379,260.7592,153.7231,352.3252,0,U,25544,999,49406,0.00028210000000,0.00016120,0.0000000000000,6792.610,92.857,415.880,413.069,PAYLOAD,LARGE,ISS,1998-11-20,TTMTR,,4627476,279656198,0 ISS (ZARYA),1 25544U 98067A   25032.16305314  .00016120  00000-0  28210-3 0  9991,2 25544  51.6379 260.7592 0002069 153.7231 352.3252 15.50771351494063
3.0,GENERATED VIA SPACE-TRACK.ORG API,2025-02-01 17:16:57+00:00,18 SPCS,ISS (ZARYA),1998-067A,EARTH,TEME,UTC,SGP4,2025-02-01 03:17:10.773600+00:00,15.50766700,0.00020630,51.6349,260.8920,160.5751,199.5317,0,U,25544,999,49406,0.00025233000000,0.00014365,0.0000000000000,6792.623,92.857,415.890,413.087,PAYLOAD,LARGE,ISS,1998-11-20,TTMTR,,4628095,279678252,0 ISS (ZARYA),1 25544U 98067A   25032.13693025  .00014365  00000-0  25233-3 0  9998,2 25544  51.6349 260.8920 0002063 160.5751 199.5317 15.50766700494068
3.0,GENERATED VIA SPACE-TRACK.ORG API,2025-02-01 19:06:15+00:00,18 SPCS,ISS (ZARYA),1998-067A,EARTH,TEME,UTC,SGP4,2025-02-01 17:34:44.359104+00:00,15.49668340,0.00033960,51.6350,257.9368,260.4392,185.1884,0,U,25544,999,49415,0.00025233000000,0.00013805,0.0000000000000,6795.833,92.923,420.005,415.390,PAYLOAD,LARGE,ISS,1998-11-20,TTMTR,,4628101,279701050,0 ISS (ZARYA),1 25544U 98067A   25032.73245786  .00013805  00000-0  25233-3 0  9999,2 25544  51.6350 257.9368 0003396 260.4392 185.1884 15.49668340494153
3.0,GENERATED VIA SPACE-TRACK.ORG API,2025-02-02 15:26:16+00:00,18 SPCS,ISS (ZARYA),1998-067A,EARTH,TEME,UTC,SGP4,2025-02-02 15:01:35.324256+00:00,15.49738287,0.00032570,51.6370,253.5110,264.3851,130.1713,0,U,25544,999,49429,0.00044753000000,0.00024933,0.0000000000000,6795.628,92.919,419.706,415.280,PAYLOAD,LARGE,ISS,1998-11-20,TTMTR,,4629034,279752698,0 ISS (ZARYA),1 25544U 98067A   25033.62610329  .00024933  00000-0  44753-3 0  9999,2 25544  51.6370 253.5110 0003257 264.3851 130.1713 15.49738287494295
3.0,GENERATED VIA SPACE-TRACK.ORG API,2025-02-02 22:56:17+00:00,18 SPCS,ISS (ZARYA),1998-067A,EARTH,TEME,UTC,SGP4,2025-02-02 19:31:15.917952+00:00,15.49734752,0.00038020,51.6359,252.5860,264.0532,96.0023,0,U,25544,999,49432,0.00030449000000,0.00016800,0.0000000000000,6795.638,92.919,420.087,414.920,PAYLOAD,LARGE,ISS,1998-11-20,TTMTR,,4629254,279787434,0 ISS (ZARYA),1 25544U 98067A   25033.81337868  .00016800  00000-0  30449-3 0  9995,2 25544  51.6359 252.5860 0003802 264.0532  96.0023 15.49734752494323
3.0,GENERATED VIA SPACE-TRACK.ORG API,2025-02-03 00:36:17+00:00,18 SPCS,ISS (ZARYA),1998-067A,EARTH,TEME,UTC,SGP4,2025-02-02 23:13:23.890368+00:00,15.49742755,0.00033960,51.6374,251.8191,268.5169,232.7283,0,U,25544,999,49434,0.00032891000000,0.00018191,0.0000000000000,6795.615,92.919,419.788,415.172,PAYLOAD,LARGE,ISS,1998-11-20,TTMTR,,4629284,279788203,0 ISS (ZARYA),1 25544U 98067A   25033.96763762  .00018191  00000-0  32891-3 0  9995,2 25544  51.6374 251.8191 0003396 268.5169 232.7283 15.49742755494343
3.0,GENERATED VIA SPACE-TRACK.ORG API,2025-02-03 05:37:41+00:00,18 SPCS,ISS (ZARYA),1998-067A,EARTH,TEME,UTC,SGP4,2025-02-02 21:04:07.307040+00:00,15.49740836,0.00039380,51.6360,252.2666,261.9287,98.1255,0,U,25544,999,49433,0.00038513000000,0.00021387,0.0000000000000,6795.621,92.919,420.162,414.809,PAYLOAD,LARGE,ISS,1998-11-20,TTMTR,,4629305,279794514,0 ISS (ZARYA),1 25544U 98067A   25033.87786235  .00021387  00000-0  38513-3 0  9993,2 25544  51.6360 252.2666 0003938 261.9287  98.1255 15.49740836494330
3.0,GENERATED VIA SPACE-TRACK.ORG API,2025-02-03 07:06:16+00:00,18 SPCS,ISS (ZARYA),1998-067A,EARTH,TEME,UTC,SGP4,2025-02-03 01:42:41.656608+00:00,15.49744873,0.00038220,51.6354,251.3091,264.9942,95.0610,0,U,25544,999,49436,0.00029531000000,0.00016284,0.0000000000000,6795.609,92.919,420.071,414.877,PAYLOAD,LARGE,ISS,1998-11-20,TTMTR,,4629562,279823798,0 ISS (ZARYA),1 25544U 98067A   25034.07131547  .00016284  00000-0  29531-3 0  9996,2 25544  51.6354 251.3091 0003822 264.9942  95.0610 15.49744873494367
3.0,GENERATED VIA SPACE-TRACK.ORG API,2025-02-03 14:36:25+00:00,18 SPCS,ISS (ZARYA),1998-067A,EARTH,TEME,UTC,SGP4,2025-02-03 12:54:41.395104+00:00,15.49759918,0.00036910,51.6351,248.9920,273.4182,171.9296,0,U,25544,999,49443,0.00029553000000,0.00016306,0.0000000000000,6795.565,92.918,419.938,414.922,PAYLOAD,LARGE,ISS,1998-11-20,TTMTR,,4629759,279827370,0 ISS (ZARYA),1 25544U 98067A   25034.53797911  .00016306  00000-0  29553-3 0  9999,2 25544  51.6351 248.9920 0003691 273.4182 171.9296 15.49759918494430
3.0,GENERATED VIA SPACE-TRACK.ORG API,2025-02-03 17:28:00+00:00,18 SPCS,ISS (ZARYA),1998-067A,EARTH,TEME,UTC,SGP4,2025-02-03 14:05:32.843616+00:00,15.49760848,0.00038080,51.6353,248.7534,267.0523,93.0030,0,U,25544,999,49444,0.00027743000000,0.00015278,0.0000000000000,6795.562,92.918,420.015,414.839,PAYLOAD,LARGE,ISS,1998-11-20,TTMTR,,4629997,279840626,0 ISS (ZARYA),1 25544U 98067A   25034.58718569  .00015278  00000-0  27743-3 0  9992,2 25544  51.6353 248.7534 0003808 267.0523  93.0030 15.49760848494444
3.0,GENERATED VIA SPACE-TRACK.ORG API,2025-02-04 00:06:20+00:00,18 SPCS,ISS (ZARYA),1998-067A,EARTH,TEME,UTC,SGP4,2025-02-03 22:25:58.804032+00:00,15.49775170,0.00036320,51.6393,247.0317,271.8724,228.3522,0,U,25544,999,49449,0.00029774000000,0.00016440,0.0000000000000,6795.520,92.917,419.853,414.917,PAYLOAD,LARGE,ISS,1998-11-20,TTMTR,,4630262,279870022,0 ISS (ZARYA),1 25544U 98067A   25034.93470838  .00016440  00000-0  29774-3 0  9993,2 25544  51.6393 247.0317 0003632 271.8724 228.3522 15.49775170494498
3.0,GENERATED VIA SPACE-TRACK.ORG API,2025-02-04 02:47:05+00:00,18 SPCS,ISS (ZARYA),1998-067A,EARTH,TEME,UTC,SGP4,2025-02-03 21:49:49.510848+00:00,15.49771115,0.00038390,51.6358,247.1556,265.7964,94.2586,0,U,25544,999,49449,0.00025841000000,0.00014202,0.0000000000000,6795.532,92.917,420.006,414.788,PAYLOAD,LARGE,ISS,1998-11-20,TTMTR,,4630266,279876316,0 ISS (ZARYA),1 25544U 98067A   25034.90960082  .00014202  00000-0  25841-3 0  9990,2 25544  51.6358 247.1556 0003839 265.7964  94.2586 15.49771115494497
3.0,GENERATED VIA SPACE-TRACK.ORG API,2025-02-04 03:16:15+00:00,18 SPCS,ISS (ZARYA),1998-067A,EARTH,TEME,UTC,SGP4,2025-02-04 01:34:12.304416+00:00,15.49782580,0.00035950,51.6385,246.3830,271.3736,238.6066,0,U,25544,999,49451,0.00032270000000,0.00017864,0.0000000000000,6795.499,92.916,419.807,414.921,PAYLOAD,LARGE,ISS,1998-11-20,TTMTR,,4630268,279929177,0 ISS (ZARYA),1 25544U 98067A   25035.06542019  .00017864  00000-0  32270-3 0  9995,2 25544  51.6385 246.3830 0003595 271.3736 238.6066 15.49782580494510
3.0,GENERATED VIA SPACE-TRACK.ORG API,2025-02-04 14:46:16+00:00,18 SPCS,ISS (ZARYA),1998-067A,EARTH,TEME,UTC,SGP4,2025-02-04 10:12:39.845952+00:00,15.49791460,0.00036880,51.6357,244.6003,269.9226,90.1340,0,U,25544,999,49457,0.00028795000000,0.00015893,0.0000000000000,6795.473,92.916,419.844,414.831,PAYLOAD,LARGE,ISS,1998-11-20,TTMTR,,4630989,279946950,0 ISS (ZARYA),1 25544U 98067A   25035.42546118  .00015893  00000-0  28795-3 0  9996,2 25544  51.6357 244.6003 0003688 269.9226  90.1340 15.49791460494571
3.0,GENERATED VIA SPACE-TRACK.ORG API,2025-02-04 15:36:16+00:00,18 SPCS,ISS (ZARYA),1998-067A,EARTH,TEME,UTC,SGP4,2025-02-04 15:01:42.849696+00:00,15.49797991,0.00035130,51.6374,243.6061,275.7741,124.9443,0,U,25544,999,49460,0.00026709000000,0.00014709,0.0000000000000,6795.454,92.915,419.706,414.931,PAYLOAD,LARGE,ISS,1998-11-20,TTMTR,,4631030,279947403,0 ISS (ZARYA),1 25544U 98067A   25035.62619039  .00014709  00000-0  26709-3 0  9999,2 25544  51.6374 243.6061 0003513 275.7741 124.9443 15.49797991494606
3.0,GENERATED VIA SPACE-TRACK.ORG API,2025-02-05 07:06:34+00:00,18 SPCS,ISS (ZARYA),1998-067A,EARTH,TEME,UTC,SGP4,2025-02-05 00:08:20.962752+00:00,15.49808811,0.00037070,51.6356,241.7262,273.1226,86.9339,0,U,25544,999,49466,0.00027371000000,0.00015092,0.0000000000000,6795.422,92.915,419.806,414.768,PAYLOAD,LARGE,ISS,1998-11-20,TTMTR,,4631677,279992231,0 ISS (ZARYA),1 25544U 98067A   25036.00579818  .00015092  00000-0  27371-3 0  9994,2 25544  51.6356 241.7262 0003707 273.1226  86.9339 15.49808811494664
3.0,GENERATED VIA SPACE-TRACK.ORG API,2025-02-05 07:06:34+00:00,18 SPCS,ISS (ZARYA),1998-067A,EARTH,TEME,UTC,SGP4,2025-02-05 00:49:44.637888+00:00,15.49813608,0.00034770,51.6377,241.5810,275.1739,245.3794,0,U,25544,999,49466,0.00030705000000,0.00016993,0.0000000000000,6795.408,92.914,419.636,414.910,PAYLOAD,LARGE,ISS,1998-11-20,TTMTR,,4631697,279991299,0 ISS (ZARYA),1 25544U 98067A   25036.03454442  .00016993  00000-0  30705-3 0  9998,2 25544  51.6377 241.5810 0003477 275.1739 245.3794 15.49813608494665
3.0,GENERATED VIA SPACE-TRACK.ORG API,2025-02-05 15:06:17+00:00,18 SPCS,ISS (ZARYA),1998-067A,EARTH,TEME,UTC,SGP4,2025-02-05 14:04:01.485120+00:00,15.49827587,0.00036890,51.6348,238.8519,276.1135,83.9433,0,U,25544,999,49475,0.00029029000000,0.00016047,0.0000000000000,6795.367,92.914,419.739,414.725,PAYLOAD,LARGE,ISS,1998-11-20,TTMTR,,4632076,280001516,0 ISS (ZARYA),1 25544U 98067A   25036.58612830  .00016047  00000-0  29029-3 0  9992,2 25544  51.6348 238.8519 0003689 276.1135  83.9433 15.49827587494751
3.0,GENERATED VIA SPACE-TRACK.ORG API,2025-02-05 15:46:26+00:00,18 SPCS,ISS (ZARYA),1998-067A,EARTH,TEME,UTC,SGP4,2025-02-05 14:30:37.610208+00:00,15.49826106,0.00034040,51.6368,238.7600,279.0733,184.1225,0,U,25544,999,49475,0.00026279000000,0.00014479,0.0000000000000,6795.371,92.914,419.549,414.923,PAYLOAD,LARGE,ISS,1998-11-20,TTMTR,,4632147,280002539,0 ISS (ZARYA),1 25544U 98067A   25036.60460197  .00014479  00000-0  26279-3 0  9993,2 25544  51.6368 238.7600 0003404 279.0733 184.1225 15.49826106494753
3.0,GENERATED VIA SPACE-TRACK.ORG API,2025-02-05 17:46:16+00:00,18 SPCS,ISS (ZARYA),1998-067A,EARTH,TEME,UTC,SGP4,2025-02-05 17:22:58.173888+00:00,15.49828959,0.00034470,51.6370,238.1660,278.7318,132.6589,0,U,25544,999,49477,0.00025794000000,0.00014205,0.0000000000000,6795.363,92.913,419.570,414.886,PAYLOAD,LARGE,ISS,1998-11-20,TTMTR,,4632152,280002544,0 ISS (ZARYA),1 25544U 98067A   25036.72428442  .00014205  00000-0  25794-3 0  9991,2 25544  51.6370 238.1660 0003447 278.7318 132.6589 15.49828959494779
3.0,GENERATED VIA SPACE-TRACK.ORG API,2025-02-05 21:36:15+00:00,18 SPCS,ISS (ZARYA),1998-067A,EARTH,TEME,UTC,SGP4,2025-02-05 20:19:15.610944+00:00,15.49835475,0.00035050,51.6378,237.5586,278.8954,96.0035,0,U,25544,999,49479,0.00027920000000,0.00015419,0.0000000000000,6795.344,92.913,419.591,414.827,PAYLOAD,LARGE,ISS,1998-11-20,TTMTR,,4632177,280032535,0 ISS (ZARYA),1 25544U 98067A   25036.84670846  .00015419  00000-0  27920-3 0  9992,2 25544  51.6378 237.5586 0003505 278.8954  96.0035 15.49835475494791
3.0,GENERATED VIA SPACE-TRACK.ORG API,2025-02-06 03:58:10+00:00,18 SPCS,ISS (ZARYA),1998-067A,EARTH,TEME,UTC,SGP4,2025-02-05 21:48:17.074944+00:00,15.49838227,0.00037390,51.6352,237.2553,277.2779,82.7785,0,U,25544,999,49480,0.00030505000000,0.00016894,0.0000000000000,6795.336,92.913,419.742,414.660,PAYLOAD,LARGE,ISS,1998-11-20,TTMTR,,4632462,280045796,0 ISS (ZARYA),1 25544U 98067A   25036.90853096  .00016894  00000-0  30505-3 0  9990,2 25544  51.6352 237.2553 0003739 277.2779  82.7785 15.49838227494805
3.0,GENERATED VIA SPACE-TRACK.ORG API,2025-02-06 17:29:47+00:00,18 SPCS,ISS (ZARYA),1998-067A,EARTH,TEME,UTC,SGP4,2025-02-06 13:16:47.692128+00:00,15.49858655,0.00036920,51.6346,234.0609,280.5478,79.5094,0,U,25544,999,49490,0.00030186000000,0.00016725,0.0000000000000,6795.276,92.912,419.650,414.632,PAYLOAD,LARGE,ISS,1998-11-20,TTMTR,,4632636,280079312,0 ISS (ZARYA),1 25544U 98067A   25037.55332977  .00016725  00000-0  30186-3 0  9990,2 25544  51.6346 234.0609 0003692 280.5478  79.5094 15.49858655494901
3.0,GENERATED VIA SPACE-TRACK.ORG API,2025-02-06 21:56:19+00:00,18 SPCS,ISS (ZARYA),1998-067A,EARTH,TEME,UTC,SGP4,2025-02-06 14:49:38.689824+00:00,15.49862329,0.00037460,51.6348,233.7417,280.6848,79.3719,0,U,25544,999,49491,0.00032069000000,0.00017801,0.0000000000000,6795.265,92.911,419.676,414.585,PAYLOAD,LARGE,ISS,1998-11-20,TTMTR,,4633058,280113086,0 ISS (ZARYA),1 25544U 98067A   25037.61780891  .00017801  00000-0  32069-3 0  9997,2 25544  51.6348 233.7417 0003746 280.6848  79.3719 15.49862329494914
3.0,GENERATED VIA SPACE-TRACK.ORG API,2025-02-06 23:46:28+00:00,18 SPCS,ISS (ZARYA),1998-067A,EARTH,TEME,UTC,SGP4,2025-02-06 23:03:46.626048+00:00,15.49869763,0.00034740,51.6373,232.0378,282.9273,192.9924,0,U,25544,999,49496,0.00027395000000,0.00015139,0.0000000000000,6795.244,92.911,419.469,414.748,PAYLOAD,LARGE,ISS,1998-11-20,TTMTR,,4633209,280116392,0 ISS (ZARYA),1 25544U 98067A   25037.96095632  .00015139  00000-0  27395-3 0  9995,2 25544  51.6373 232.0378 0003474 282.9273 192.9924 15.49869763494969
3.0,GENERATED VIA SPACE-TRACK.ORG API,2025-02-07 14:36:16+00:00,18 SPCS,ISS (ZARYA),1998-067A,EARTH,TEME,UTC,SGP4,2025-02-07 12:54:13.399776+00:00,15.49894124,0.00037640,51.6377,229.1795,286.0749,169.7148,0,U,25544,999,49505,0.00030695000000,0.00017037,0.0000000000000,6795.173,92.910,419.595,414.480,PAYLOAD,LARGE,ISS,1998-11-20,TTMTR,,4633228,280146039,0 ISS (ZARYA),1 25544U 98067A   25038.53765509  .00017037  00000-0  30695-3 0  9992,2 25544  51.6377 229.1795 0003764 286.0749 169.7148 15.49894124495058
3.0,GENERATED VIA SPACE-TRACK.ORG API,2025-02-07 20:56:16+00:00,18 SPCS,ISS (ZARYA),1998-067A,EARTH,TEME,UTC,SGP4,2025-02-07 19:05:15.572832+00:00,15.49898550,0.00039590,51.6383,227.9039,289.4821,164.9185,0,U,25544,999,49509,0.00026690000000,0.00014753,0.0000000000000,6795.160,92.909,419.715,414.334,PAYLOAD,LARGE,ISS,1998-11-20,TTMTR,,4633543,280153313,0 ISS (ZARYA),1 25544U 98067A   25038.79531913  .00014753  00000-0  26690-3 0  9992,2 25544  51.6383 227.9039 0003959 289.4821 164.9185 15.49898550495095
3.0,GENERATED VIA SPACE-TRACK.ORG API,2025-02-08 00:46:16+00:00,18 SPCS,ISS (ZARYA),1998-067A,EARTH,TEME,UTC,SGP4,2025-02-07 23:54:49.703904+00:00,15.49905550,0.00035070,51.6375,226.9065,286.8821,210.2731,0,U,25544,999,49512,0.00028399000000,0.00015732,0.0000000000000,6795.139,92.909,419.387,414.621,PAYLOAD,LARGE,ISS,1998-11-20,TTMTR,,4633850,280159876,0 ISS (ZARYA),1 25544U 98067A   25038.99640861  .00015732  00000-0  28399-3 0  9993,2 25544  51.6375 226.9065 0003507 286.8821 210.2731 15.49905550495129
3.0,GENERATED VIA SPACE-TRACK.ORG API,2025-02-08 05:27:25+00:00,18 SPCS,ISS (ZARYA),1998-067A,EARTH,TEME,UTC,SGP4,2025-02-07 20:13:46.471872+00:00,15.49901135,0.00038800,51.6357,227.6737,285.3543,74.7017,0,U,25544,999,49510,0.00027596000000,0.00015271,0.0000000000000,6795.152,92.909,419.654,414.381,PAYLOAD,LARGE,ISS,1998-11-20,TTMTR,,4633897,280166712,0 ISS (ZARYA),1 25544U 98067A   25038.84289898  .00015271  00000-0  27596-3 0  9992,2 25544  51.6357 227.6737 0003880 285.3543  74.7017 15.49901135495105
3.0,GENERATED VIA SPACE-TRACK.ORG API,2025-02-08 14:26:18+00:00,18 SPCS,ISS (ZARYA),1998-067A,EARTH,TEME,UTC,SGP4,2025-02-08 13:39:45.734112+00:00,15.49924538,0.00035130,51.6376,224.0685,288.1615,167.5515,0,U,25544,999,49521,0.00028541000000,0.00015824,0.0000000000000,6795.084,92.908,419.336,414.562,PAYLOAD,LARGE,ISS,1998-11-20,TTMTR,,4634365,280199726,0 ISS (ZARYA),1 25544U 98067A   25039.56927933  .00015824  00000-0  28541-3 0  9996,2 25544  51.6376 224.0685 0003513 288.1615 167.5515 15.49924538495211
3.0,GENERATED VIA SPACE-TRACK.ORG API,2025-02-08 17:45:34+00:00,18 SPCS,ISS (ZARYA),1998-067A,EARTH,TEME,UTC,SGP4,2025-02-08 13:15:05.505984+00:00,15.49925351,0.00038410,51.6345,224.1588,288.2192,71.8378,0,U,25544,999,49521,0.00029050000000,0.00016116,0.0000000000000,6795.081,92.908,419.556,414.336,PAYLOAD,LARGE,ISS,1998-11-20,TTMTR,,4634601,280212784,0 ISS (ZARYA),1 25544U 98067A   25039.55214706  .00016116  00000-0  29050-3 0  9993,2 25544  51.6345 224.1588 0003841 288.2192  71.8378 15.49925351495213
3.0,GENERATED VIA SPACE-TRACK.ORG API,2025-02-08 17:46:38+00:00,18 SPCS,ISS (ZARYA),1998-067A,EARTH,TEME,UTC,SGP4,2025-02-08 16:46:51.967776+00:00,15.49927739,0.00037820,51.6384,223.4294,289.7310,171.4499,0,U,25544,999,49523,0.00027293000000,0.00015113,0.0000000000000,6795.074,92.908,419.509,414.369,PAYLOAD,LARGE,ISS,1998-11-20,TTMTR,,4634603,280216670,0 ISS (ZARYA),1 25544U 98067A   25039.69921259  .00015113  00000-0  27293-3 0  9999,2 25544  51.6384 223.4294 0003782 289.7310 171.4499 15.49927739495239
3.0,GENERATED VIA SPACE-TRACK.ORG API,2025-02-09 00:46:16+00:00,18 SPCS,ISS (ZARYA),1998-067A,EARTH,TEME,UTC,SGP4,2025-02-08 23:04:44.819904+00:00,15.49938732,0.00035460,51.6374,222.1245,290.1977,196.1848,0,U,25544,999,49527,0.00029064000000,0.00016131,0.0000000000000,6795.042,92.907,419.317,414.498,PAYLOAD,LARGE,ISS,1998-11-20,TTMTR,,4634902,280242707,0 ISS (ZARYA),1 25544U 98067A   25039.96162986  .00016131  00000-0  29064-3 0  9992,2 25544  51.6374 222.1245 0003546 290.1977 196.1848 15.49938732495274
3.0,GENERATED VIA SPACE-TRACK.ORG API,2025-02-09 04:01:38+00:00,18 SPCS,ISS (ZARYA),1998-067A,EARTH,TEME,UTC,SGP4,2025-02-08 20:59:19.389408+00:00,15.49933351,0.00039510,51.6353,222.5630,290.9145,69.1421,0,U,25544,999,49526,0.00026708000000,0.00014782,0.0000000000000,6795.058,92.907,419.608,414.238,PAYLOAD,LARGE,ISS,1998-11-20,TTMTR,,4634925,280249020,0 ISS (ZARYA),1 25544U 98067A   25039.87452997  .00014782  00000-0  26708-3 0  9998,2 25544  51.6353 222.5630 0003951 290.9145  69.1421 15.49933351495265
3.0,GENERATED VIA SPACE-TRACK.ORG API,2025-02-09 14:16:25+00:00,18 SPCS,ISS (ZARYA),1998-067A,EARTH,TEME,UTC,SGP4,2025-02-09 12:37:30.656928+00:00,15.49956910,0.00035090,51.6375,219.3277,293.1053,104.7111,0,U,25544,999,49536,0.00028908000000,0.00016052,0.0000000000000,6794.989,92.906,419.238,414.470,PAYLOAD,LARGE,ISS,1998-11-20,TTMTR,,4635289,280280707,0 ISS (ZARYA),1 25544U 98067A   25040.52604927  .00016052  00000-0  28908-3 0  9990,2 25544  51.6375 219.3277 0003509 293.1053 104.7111 15.49956910495361
3.0,GENERATED VIA SPACE-TRACK.ORG API,2025-02-09 17:46:23+00:00,18 SPCS,ISS (ZARYA),1998-067A,EARTH,TEME,UTC,SGP4,2025-02-09 17:30:13.337856+00:00,15.49953368,0.00035600,51.6371,218.3265,293.5013,159.2721,0,U,25544,999,49539,0.00019674000000,0.00010771,0.0000000000000,6794.999,92.906,419.283,414.445,PAYLOAD,LARGE,ISS,1998-11-20,TTMTR,,4635567,280287428,0 ISS (ZARYA),1 25544U 98067A   25040.72932104  .00010771  00000-0  19674-3 0  9995,2 25544  51.6371 218.3265 0003560 293.5013 159.2721 15.49953368495399
3.0,GENERATED VIA SPACE-TRACK.ORG API,2025-02-09 17:59:51+00:00,18 SPCS,ISS (ZARYA),1998-067A,EARTH,TEME,UTC,SGP4,2025-02-09 14:00:37.263168+00:00,15.49954314,0.00038590,51.6348,219.0487,293.0239,67.0343,0,U,25544,999,49537,0.00026824000000,0.00014859,0.0000000000000,6794.997,92.906,419.484,414.239,PAYLOAD,LARGE,ISS,1998-11-20,TTMTR,,4635571,280294086,0 ISS (ZARYA),1 25544U 98067A   25040.58376462  .00014859  00000-0  26824-3 0  9994,2 25544  51.6348 219.0487 0003859 293.0239  67.0343 15.49954314495379
3.0,GENERATED VIA SPACE-TRACK.ORG API,2025-02-10 00:56:16+00:00,18 SPCS,ISS (ZARYA),1998-067A,EARTH,TEME,UTC,SGP4,2025-02-09 23:54:31.305888+00:00,15.49970842,0.00035340,51.6376,216.9984,296.8239,206.0724,0,U,25544,999,49543,0.00028582000000,0.00015874,0.0000000000000,6794.948,92.905,419.215,414.412,PAYLOAD,LARGE,ISS,1998-11-20,TTMTR,,4635879,280324485,0 ISS (ZARYA),1 25544U 98067A   25040.99619567  .00015874  00000-0  28582-3 0  9996,2 25544  51.6376 216.9984 0003534 296.8239 206.0724 15.49970842495438
3.0,GENERATED VIA SPACE-TRACK.ORG API,2025-02-10 02:37:02+00:00,18 SPCS,ISS (ZARYA),1998-067A,EARTH,TEME,UTC,SGP4,2025-02-09 21:44:50.555616+00:00,15.49967053,0.00039560,51.6352,217.4522,295.4304,64.6275,0,U,25544,999,49542,0.00031330000000,0.00017446,0.0000000000000,6794.959,92.905,419.512,414.136,PAYLOAD,LARGE,ISS,1998-11-20,TTMTR,,4635883,280330778,0 ISS (ZARYA),1 25544U 98067A   25040.90614069  .00017446  00000-0  31330-3 0  9991,2 25544  51.6352 217.4522 0003956 295.4304  64.6275 15.49967053495420
3.0,GENERATED VIA SPACE-TRACK.ORG API,2025-02-10 15:06:18+00:00,18 SPCS,ISS (ZARYA),1998-067A,EARTH,TEME,UTC,SGP4,2025-02-10 13:13:16.432896+00:00,15.49990225,0.00039130,51.6349,214.2572,297.3767,62.6824,0,U,25544,999,49552,0.00032056000000,0.00017876,0.0000000000000,6794.892,92.904,419.415,414.098,PAYLOAD,LARGE,ISS,1998-11-20,TTMTR,,4636518,280370060,0 ISS (ZARYA),1 25544U 98067A   25041.55088464  .00017876  00000-0  32056-3 0  9990,2 25544  51.6349 214.2572 0003913 297.3767  62.6824 15.49990225495529
3.0,GENERATED VIA SPACE-TRACK.ORG API,2025-02-10 16:56:22+00:00,18 SPCS,ISS (ZARYA),1998-067A,EARTH,TEME,UTC,SGP4,2025-02-10 15:09:41.304384+00:00,15.49990038,0.00037570,51.6375,213.8505,296.8382,154.6248,0,U,25544,999,49553,0.00028014000000,0.00015560,0.0000000000000,6794.892,92.904,419.310,414.204,PAYLOAD,LARGE,ISS,1998-11-20,TTMTR,,4636606,280371471,0 ISS (ZARYA),1 25544U 98067A   25041.63172806  .00015560  00000-0  28014-3 0  9990,2 25544  51.6375 213.8505 0003757 296.8382 154.6248 15.49990038495537
3.0,GENERATED VIA SPACE-TRACK.ORG API,2025-02-11 00:36:16+00:00,18 SPCS,ISS (ZARYA),1998-067A,EARTH,TEME,UTC,SGP4,2025-02-10 23:05:35.730240+00:00,15.50007876,0.00038380,51.6366,212.2174,295.6595,201.1667,0,U,25544,999,49558,0.00033460000000,0.00018693,0.0000000000000,6794.840,92.903,419.313,414.097,PAYLOAD,LARGE,ISS,1998-11-20,TTMTR,,4636944,280407741,0 ISS (ZARYA),1 25544U 98067A   25041.96221910  .00018693  00000-0  33460-3 0  9998,2 25544  51.6366 212.2174 0003838 295.6595 201.1667 15.50007876495584
3.0,GENERATED VIA SPACE-TRACK.ORG API,2025-02-11 04:10:04+00:00,18 SPCS,ISS (ZARYA),1998-067A,EARTH,TEME,UTC,SGP4,2025-02-10 20:57:29.087712+00:00,15.50001122,0.00040310,51.6353,212.6607,299.9305,60.1283,0,U,25544,999,49557,0.00030798000000,0.00017162,0.0000000000000,6794.860,92.903,419.464,413.986,PAYLOAD,LARGE,ISS,1998-11-20,TTMTR,,4636950,280414036,0 ISS (ZARYA),1 25544U 98067A   25041.87325333  .00017162  00000-0  30798-3 0  9993,2 25544  51.6353 212.6607 0004031 299.9305  60.1283 15.50001122495571
3.0,GENERATED VIA SPACE-TRACK.ORG API,2025-02-11 15:16:23+00:00,18 SPCS,ISS (ZARYA),1998-067A,EARTH,TEME,UTC,SGP4,2025-02-11 10:53:03.282144+00:00,15.50021783,0.00039260,51.6349,209.7839,301.0810,58.9793,0,U,25544,999,49566,0.00030484000000,0.00016995,0.0000000000000,6794.799,92.902,419.332,413.997,PAYLOAD,LARGE,ISS,1998-11-20,TTMTR,,4637598,280452704,0 ISS (ZARYA),1 25544U 98067A   25042.45351021  .00016995  00000-0  30484-3 0  9996,2 25544  51.6349 209.7839 0003926 301.0810  58.9793 15.50021783495664
3.0,GENERATED VIA SPACE-TRACK.ORG API,2025-02-11 17:27:46+00:00,18 SPCS,ISS (ZARYA),1998-067A,EARTH,TEME,UTC,SGP4,2025-02-11 12:25:53.738112+00:00,15.50022971,0.00039680,51.6349,209.4648,302.4562,57.6043,0,U,25544,999,49567,0.00028803000000,0.00016031,0.0000000000000,6794.796,92.902,419.357,413.965,PAYLOAD,LARGE,ISS,1998-11-20,TTMTR,,4637679,280460479,0 ISS (ZARYA),1 25544U 98067A   25042.51798308  .00016031  00000-0  28803-3 0  9999,2 25544  51.6349 209.4648 0003968 302.4562  57.6043 15.50022971495679
3.0,GENERATED VIA SPACE-TRACK.ORG API,2025-02-12 00:56:28+00:00,18 SPCS,ISS (ZARYA),1998-067A,EARTH,TEME,UTC,SGP4,2025-02-11 23:53:00.138336+00:00,15.50042887,0.00039520,51.6367,207.1010,301.5424,202.8744,0,U,25544,999,49574,0.00032867000000,0.00018376,0.0000000000000,6794.738,92.901,419.288,413.917,PAYLOAD,LARGE,ISS,1998-11-20,TTMTR,,4638040,280492151,0 ISS (ZARYA),1 25544U 98067A   25042.99514049  .00018376  00000-0  32867-3 0  9998,2 25544  51.6367 207.1010 0003952 301.5424 202.8744 15.50042887495745
3.0,GENERATED VIA SPACE-TRACK.ORG API,2025-02-12 02:52:37+00:00,18 SPCS,ISS (ZARYA),1998-067A,EARTH,TEME,UTC,SGP4,2025-02-11 20:10:05.834784+00:00,15.50031779,0.00040150,51.6354,207.8685,304.2020,55.8588,0,U,25544,999,49572,0.00026480000000,0.00014704,0.0000000000000,6794.770,92.901,419.363,413.907,PAYLOAD,LARGE,ISS,1998-11-20,TTMTR,,4638044,280498444,0 ISS (ZARYA),1 25544U 98067A   25042.84034531  .00014704  00000-0  26480-3 0  9990,2 25544  51.6354 207.8685 0004015 304.2020  55.8588 15.50031779495727
3.0,GENERATED VIA SPACE-TRACK.ORG API,2025-02-12 15:16:16+00:00,18 SPCS,ISS (ZARYA),1998-067A,EARTH,TEME,UTC,SGP4,2025-02-12 10:05:39.124608+00:00,15.50049129,0.00041170,51.6354,204.9930,308.1655,51.8962,0,U,25544,999,49581,0.00025203000000,0.00013980,0.0000000000000,6794.719,92.900,419.382,413.787,PAYLOAD,LARGE,ISS,1998-11-20,TTMTR,,4638673,280536503,0 ISS (ZARYA),1 25544U 98067A   25043.42059172  .00013980  00000-0  25203-3 0  9990,2 25544  51.6354 204.9930 0004117 308.1655  51.8962 15.50049129495818
3.0,GENERATED VIA SPACE-TRACK.ORG API,2025-02-12 17:46:15+00:00,18 SPCS,ISS (ZARYA),1998-067A,EARTH,TEME,UTC,SGP4,2025-02-12 16:45:46.363392+00:00,15.50055084,0.00039810,51.6369,203.6141,311.4187,160.1871,0,U,25544,999,49585,0.00022163000000,0.00012239,0.0000000000000,6794.702,92.900,419.272,413.862,PAYLOAD,LARGE,ISS,1998-11-20,TTMTR,,4638712,280537121,0 ISS (ZARYA),1 25544U 98067A   25043.69845328  .00012239  00000-0  22163-3 0  9993,2 25544  51.6369 203.6141 0003981 311.4187 160.1871 15.50055084495853
3.0,GENERATED VIA SPACE-TRACK.ORG API,2025-02-12 17:50:04+00:00,18 SPCS,ISS (ZARYA),1998-067A,EARTH,TEME,UTC,SGP4,2025-02-12 13:11:19.778208+00:00,15.50052355,0.00040930,51.6352,204.3540,308.2098,51.8521,0,U,25544,999,49583,0.00024141000000,0.00013372,0.0000000000000,6794.710,92.900,419.356,413.794,PAYLOAD,LARGE,ISS,1998-11-20,TTMTR,,4638714,280544278,0 ISS (ZARYA),1 25544U 98067A   25043.54953447  .00013372  00000-0  24141-3 0  9996,2 25544  51.6352 204.3540 0004093 308.2098  51.8521 15.50052355495830
3.0,GENERATED VIA SPACE-TRACK.ORG API,2025-02-12 22:56:17+00:00,18 SPCS,ISS (ZARYA),1998-067A,EARTH,TEME,UTC,SGP4,2025-02-12 17:49:50.727936+00:00,15.50058010,0.00041680,51.6357,203.3961,309.2567,50.8052,0,U,25544,999,49586,0.00024715000000,0.00013705,0.0000000000000,6794.694,92.900,419.391,413.727,PAYLOAD,LARGE,ISS,1998-11-20,TTMTR,,4639007,280573438,0 ISS (ZARYA),1 25544U 98067A   25043.74294824  .00013705  00000-0  24715-3 0  9992,2 25544  51.6357 203.3961 0004168 309.2567  50.8052 15.50058010495861
3.0,GENERATED VIA SPACE-TRACK.ORG API,2025-02-12 23:16:17+00:00,18 SPCS,ISS (ZARYA),1998-067A,EARTH,TEME,UTC,SGP4,2025-02-12 21:27:56.632608+00:00,15.50064055,0.00040770,51.6367,202.6428,314.7899,170.9962,0,U,25544,999,49588,0.00025892000000,0.00014384,0.0000000000000,6794.676,92.899,419.311,413.771,PAYLOAD,LARGE,ISS,1998-11-20,TTMTR,,4639090,280574794,0 ISS (ZARYA),1 25544U 98067A   25043.89440547  .00014384  00000-0  25892-3 0  9994,2 25544  51.6367 202.6428 0004077 314.7899 170.9962 15.50064055495882
3.0,GENERATED VIA SPACE-TRACK.ORG API,2025-02-13 07:06:30+00:00,18 SPCS,ISS (ZARYA),1998-067A,EARTH,TEME,UTC,SGP4,2025-02-12 22:28:21.600768+00:00,15.50064283,0.00040940,51.6357,202.4377,309.5615,50.5012,0,U,25544,999,49589,0.00025278000000,0.00014031,0.0000000000000,6794.675,92.899,419.322,413.758,PAYLOAD,LARGE,ISS,1998-11-20,TTMTR,,4639381,280611469,0 ISS (ZARYA),1 25544U 98067A   25043.93636112  .00014031  00000-0  25278-3 0  9991,2 25544  51.6357 202.4377 0004094 309.5615  50.5012 15.50064283495892
3.0,GENERATED VIA SPACE-TRACK.ORG API,2025-02-13 07:26:15+00:00,18 SPCS,ISS (ZARYA),1998-067A,EARTH,TEME,UTC,SGP4,2025-02-13 06:28:50.331072+00:00,15.50081024,0.00038650,51.6370,200.7778,311.5968,111.6540,0,U,25544,999,49594,0.00029443000000,0.00016432,0.0000000000000,6794.626,92.898,419.117,413.865,PAYLOAD,LARGE,ISS,1998-11-20,TTMTR,,4639438,280612857,0 ISS (ZARYA),1 25544U 98067A   25044.27002698  .00016432  00000-0  29443-3 0  9990,2 25544  51.6370 200.7778 0003865 311.5968 111.6540 15.50081024495945
3.0,GENERATED VIA SPACE-TRACK.ORG API,2025-02-13 15:06:18+00:00,18 SPCS,ISS (ZARYA),1998-067A,EARTH,TEME,UTC,SGP4,2025-02-13 10:51:03.764160+00:00,15.50075783,0.00041560,51.6358,199.8817,311.4985,48.5647,0,U,25544,999,49597,0.00023678000000,0.00013118,0.0000000000000,6794.642,92.899,419.330,413.683,PAYLOAD,LARGE,ISS,1998-11-20,TTMTR,,4639692,280619255,0 ISS (ZARYA),1 25544U 98067A   25044.45212690  .00013118  00000-0  23678-3 0  9997,2 25544  51.6358 199.8817 0004156 311.4985  48.5647 15.50075783495979
3.0,GENERATED VIA SPACE-TRACK.ORG API,2025-02-13 17:23:10+00:00,18 SPCS,ISS (ZARYA),1998-067A,EARTH,TEME,UTC,SGP4,2025-02-13 13:56:44.215584+00:00,15.50080818,0.00040860,51.6360,199.2431,311.6218,48.4420,0,U,25544,999,49599,0.00025813000000,0.00014347,0.0000000000000,6794.627,92.898,419.268,413.716,PAYLOAD,LARGE,ISS,1998-11-20,TTMTR,,4639754,280626780,0 ISS (ZARYA),1 25544U 98067A   25044.58106731  .00014347  00000-0  25813-3 0  9997,2 25544  51.6360 199.2431 0004086 311.6218  48.4420 15.50080818495996
3.0,GENERATED VIA SPACE-TRACK.ORG API,2025-02-14 05:06:17+00:00,18 SPCS,ISS (ZARYA),1998-067A,EARTH,TEME,UTC,SGP4,2025-02-13 22:17:54.457728+00:00,15.50090175,0.00040140,51.6374,197.5145,316.7506,186.7432,0,U,25544,999,49604,0.00023995000000,0.00013306,0.0000000000000,6794.600,92.898,419.192,413.737,PAYLOAD,LARGE,ISS,1998-11-20,TTMTR,,4640006,280655790,0 ISS (ZARYA),1 25544U 98067A   25044.92910252  .00013306  00000-0  23995-3 0  9999,2 25544  51.6374 197.5145 0004014 316.7506 186.7432 15.50090175496044
3.0,GENERATED VIA SPACE-TRACK.ORG API,2025-02-14 05:48:53+00:00,18 SPCS,ISS (ZARYA),1998-067A,EARTH,TEME,UTC,SGP4,2025-02-13 20:08:05.075232+00:00,15.50088164,0.00041110,51.6359,197.9650,312.7783,47.2860,0,U,25544,999,49603,0.00026605000000,0.00014806,0.0000000000000,6794.605,92.898,419.264,413.677,PAYLOAD,LARGE,ISS,1998-11-20,TTMTR,,4640012,280662585,0 ISS (ZARYA),1 25544U 98067A   25044.83894763  .00014806  00000-0  26605-3 0  9994,2 25544  51.6359 197.9650 0004111 312.7783  47.2860 15.50088164496033
3.0,GENERATED VIA SPACE-TRACK.ORG API,2025-02-14 14:26:17+00:00,18 SPCS,ISS (ZARYA),1998-067A,EARTH,TEME,UTC,SGP4,2025-02-14 13:32:39.998976+00:00,15.50110999,0.00039070,51.6380,194.3637,315.1150,135.6488,0,U,25544,999,49614,0.00025816000000,0.00014364,0.0000000000000,6794.539,92.897,419.058,413.749,PAYLOAD,LARGE,ISS,1998-11-20,TTMTR,,4640419,280695079,0 ISS (ZARYA),1 25544U 98067A   25045.56435184  .00014364  00000-0  25816-3 0  9995,2 25544  51.6380 194.3637 0003907 315.1150 135.6488 15.50110999496142
3.0,GENERATED VIA SPACE-TRACK.ORG API,2025-02-14 17:46:15+00:00,18 SPCS,ISS (ZARYA),1998-067A,EARTH,TEME,UTC,SGP4,2025-02-14 16:47:07.383264+00:00,15.50106485,0.00038650,51.6371,193.6981,315.5499,169.2707,0,U,25544,999,49616,0.00017352000000,0.00009497,0.0000000000000,6794.552,92.897,419.043,413.791,PAYLOAD,LARGE,ISS,1998-11-20,TTMTR,,4640720,280702206,0 ISS (ZARYA),1 25544U 98067A   25045.69939101  .00009497  00000-0  17352-3 0  9994,2 25544  51.6371 193.6981 0003865 315.5499 169.2707 15.50106485496163
3.0,GENERATED VIA SPACE-TRACK.ORG API,2025-02-14 17:53:59+00:00,18 SPCS,ISS (ZARYA),1998-067A,EARTH,TEME,UTC,SGP4,2025-02-14 13:09:16.837920+00:00,15.50109975,0.00041500,51.6362,194.4509,315.8353,44.2304,0,U,25544,999,49614,0.00027865000000,0.00015542,0.0000000000000,6794.542,92.897,419.226,413.587,PAYLOAD,LARGE,ISS,1998-11-20,TTMTR,,4640722,280709364,0 ISS (ZARYA),1 25544U 98067A   25045.54811155  .00015542  00000-0  27865-3 0  9994,2 25544  51.6362 194.4509 0004150 315.8353  44.2304 15.50109975496148
3.0,GENERATED VIA SPACE-TRACK.ORG API,2025-02-15 00:36:15+00:00,18 SPCS,ISS (ZARYA),1998-067A,EARTH,TEME,UTC,SGP4,2025-02-14 21:28:36.482880+00:00,15.50122294,0.00039140,51.6379,192.7304,317.8087,178.5772,0,U,25544,999,49619,0.00028923000000,0.00016158,0.0000000000000,6794.506,92.896,419.030,413.711,PAYLOAD,LARGE,ISS,1998-11-20,TTMTR,,4641020,280739095,0 ISS (ZARYA),1 25544U 98067A   25045.89486670  .00016158  00000-0  28923-3 0  9992,2 25544  51.6379 192.7304 0003914 317.8087 178.5772 15.50122294496197
3.0,GENERATED VIA SPACE-TRACK.ORG API,2025-02-15 02:48:44+00:00,18 SPCS,ISS (ZARYA),1998-067A,EARTH,TEME,UTC,SGP4,2025-02-14 20:53:27.355200+00:00,15.50119299,0.00041670,51.6363,192.8536,317.1951,42.8713,0,U,25544,999,49619,0.00026810000000,0.00014940,0.0000000000000,6794.514,92.896,419.211,413.548,PAYLOAD,LARGE,ISS,1998-11-20,TTMTR,,4641027,280745891,0 ISS (ZARYA),1 25544U 98067A   25045.87045550  .00014940  00000-0  26810-3 0  9998,2 25544  51.6363 192.8536 0004167 317.1951  42.8713 15.50119299496191
3.0,GENERATED VIA SPACE-TRACK.ORG API,2025-02-15 12:26:16+00:00,18 SPCS,ISS (ZARYA),1998-067A,EARTH,TEME,UTC,SGP4,2025-02-15 11:16:56.567424+00:00,15.50141998,0.00043290,51.6392,189.8797,323.4983,145.0745,0,U,25544,999,49628,0.00029734000000,0.00016637,0.0000000000000,6794.448,92.895,419.254,413.372,PAYLOAD,LARGE,ISS,1998-11-20,TTMTR,,4641361,280776661,0 ISS (ZARYA),1 25544U 98067A   25046.47009916  .00016637  00000-0  29734-3 0  9994,2 25544  51.6392 189.8797 0004329 323.4983 145.0745 15.50141998496285
3.0,GENERATED VIA SPACE-TRACK.ORG API,2025-02-15 14:16:16+00:00,18 SPCS,ISS (ZARYA),1998-067A,EARTH,TEME,UTC,SGP4,2025-02-15 12:52:32.428416+00:00,15.50141306,0.00041280,51.6383,189.5503,320.8241,158.4684,0,U,25544,999,49629,0.00027223000000,0.00015190,0.0000000000000,6794.450,92.895,419.120,413.510,PAYLOAD,LARGE,ISS,1998-11-20,TTMTR,,4641382,280777014,0 ISS (ZARYA),1 25544U 98067A   25046.53648644  .00015190  00000-0  27223-3 0  9992,2 25544  51.6383 189.5503 0004128 320.8241 158.4684 15.50141306496296
3.0,GENERATED VIA SPACE-TRACK.ORG API,2025-02-15 17:32:46+00:00,18 SPCS,ISS (ZARYA),1998-067A,EARTH,TEME,UTC,SGP4,2025-02-15 13:54:37.776960+00:00,15.50142416,0.00041860,51.6365,189.3396,320.4503,39.6180,0,U,25544,999,49630,0.00026380000000,0.00014705,0.0000000000000,6794.447,92.895,419.156,413.468,PAYLOAD,LARGE,ISS,1998-11-20,TTMTR,,4641715,280791723,0 ISS (ZARYA),1 25544U 98067A   25046.57960390  .00014705  00000-0  26380-3 0  9995,2 25544  51.6365 189.3396 0004186 320.4503  39.6180 15.50142416496301
3.0,GENERATED VIA SPACE-TRACK.ORG API,2025-02-15 17:46:23+00:00,18 SPCS,ISS (ZARYA),1998-067A,EARTH,TEME,UTC,SGP4,2025-02-15 15:58:16.545792+00:00,15.50144684,0.00044180,51.6396,188.9093,323.8501,155.7067,0,U,25544,999,49631,0.00025559000000,0.00014234,0.0000000000000,6794.440,92.895,419.307,413.303,PAYLOAD,LARGE,ISS,1998-11-20,TTMTR,,4641718,280815130,0 ISS (ZARYA),1 25544U 98067A   25046.66546928  .00014234  00000-0  25559-3 0  9996,2 25544  51.6396 188.9093 0004418 323.8501 155.7067 15.50144684496311
3.0,GENERATED VIA SPACE-TRACK.ORG API,2025-02-16 00:46:15+00:00,18 SPCS,ISS (ZARYA),1998-067A,EARTH,TEME,UTC,SGP4,2025-02-15 22:16:29.098848+00:00,15.50154024,0.00041480,51.6387,187.6089,321.8517,184.3797,0,U,25544,999,49635,0.00027452000000,0.00015329,0.0000000000000,6794.413,92.894,419.096,413.460,PAYLOAD,LARGE,ISS,1998-11-20,TTMTR,,4642148,280825393,0 ISS (ZARYA),1 25544U 98067A   25046.92811457  .00015329  00000-0  27452-3 0  9997,2 25544  51.6387 187.6089 0004148 321.8517 184.3797 15.50154024496358
3.0,GENERATED VIA SPACE-TRACK.ORG API,2025-02-16 08:34:50+00:00,18 SPCS,ISS (ZARYA),1998-067A,EARTH,TEME,UTC,SGP4,2025-02-15 20:05:57.706944+00:00,15.50151670,0.00041970,51.6366,188.0620,321.8423,38.2268,0,U,25544,999,49634,0.00027487000000,0.00015348,0.0000000000000,6794.420,92.894,419.136,413.433,PAYLOAD,LARGE,ISS,1998-11-20,TTMTR,,4642461,280839639,0 ISS (ZARYA),1 25544U 98067A   25046.83747346  .00015348  00000-0  27487-3 0  9991,2 25544  51.6366 188.0620 0004197 321.8423  38.2268 15.50151670496344
3.0,GENERATED VIA SPACE-TRACK.ORG API,2025-02-16 10:46:15+00:00,18 SPCS,ISS (ZARYA),1998-067A,EARTH,TEME,UTC,SGP4,2025-02-16 08:39:48.087072+00:00,15.50169220,0.00041560,51.6389,185.4638,323.0814,80.3534,0,U,25544,999,49642,0.00028112000000,0.00015718,0.0000000000000,6794.369,92.893,419.057,413.410,PAYLOAD,LARGE,ISS,1998-11-20,TTMTR,,4642462,280862544,0 ISS (ZARYA),1 25544U 98067A   25047.36097323  .00015718  00000-0  28112-3 0  9990,2 25544  51.6389 185.4638 0004156 323.0814  80.3534 15.50169220496425
3.0,GENERATED VIA SPACE-TRACK.ORG API,2025-02-16 14:36:20+00:00,18 SPCS,ISS (ZARYA),1998-067A,EARTH,TEME,UTC,SGP4,2025-02-16 13:32:50.375616+00:00,15.50172273,0.00041020,51.6381,184.4533,324.4956,135.3336,0,U,25544,999,49645,0.00026438000000,0.00014754,0.0000000000000,6794.360,92.893,419.012,413.438,PAYLOAD,LARGE,ISS,1998-11-20,TTMTR,,4642600,280865073,0 ISS (ZARYA),1 25544U 98067A   25047.56447194  .00014754  00000-0  26438-3 0  9995,2 25544  51.6381 184.4533 0004102 324.4956 135.3336 15.50172273496459
3.0,GENERATED VIA SPACE-TRACK.ORG API,2025-02-16 17:14:46+00:00,18 SPCS,ISS (ZARYA),1998-067A,EARTH,TEME,UTC,SGP4,2025-02-16 14:39:56.687328+00:00,15.50178145,0.00042430,51.6365,184.2280,324.7592,35.3116,0,U,25544,999,49646,0.00027901000000,0.00015602,0.0000000000000,6794.342,92.893,419.090,413.325,PAYLOAD,LARGE,ISS,1998-11-20,TTMTR,,4642779,280877121,0 ISS (ZARYA),1 25544U 98067A   25047.61107277  .00015602  00000-0  27901-3 0  9995,2 25544  51.6365 184.2280 0004243 324.7592  35.3116 15.50178145496463
3.0,GENERATED VIA SPACE-TRACK.ORG API,2025-02-17 00:46:15+00:00,18 SPCS,ISS (ZARYA),1998-067A,EARTH,TEME,UTC,SGP4,2025-02-16 21:28:25.165344+00:00,15.50187830,0.00041290,51.6393,182.8186,325.6987,178.4461,0,U,25544,999,49650,0.00028602000000,0.00016011,0.0000000000000,6794.314,92.892,418.985,413.374,PAYLOAD,LARGE,ISS,1998-11-20,TTMTR,,4643133,280908462,0 ISS (ZARYA),1 25544U 98067A   25047.89473571  .00016011  00000-0  28602-3 0  9992,2 25544  51.6393 182.8186 0004129 325.6987 178.4461 15.50187830496502
3.0,GENERATED VIA SPACE-TRACK.ORG API,2025-02-17 03:28:14+00:00,18 SPCS,ISS (ZARYA),1998-067A,EARTH,TEME,UTC,SGP4,2025-02-16 20:51:16.095456+00:00,15.50187922,0.00042370,51.6365,182.9500,325.5285,34.5428,0,U,25544,999,49650,0.00029245000000,0.00016383,0.0000000000000,6794.314,92.892,419.058,413.300,PAYLOAD,LARGE,ISS,1998-11-20,TTMTR,,4643135,280914753,0 ISS (ZARYA),1 25544U 98067A   25047.86893629  .00016383  00000-0  29245-3 0  9995,2 25544  51.6365 182.9500 0004237 325.5285  34.5428 15.50187922496509
3.0,GENERATED VIA SPACE-TRACK.ORG API,2025-02-17 05:56:18+00:00,18 SPCS,ISS (ZARYA),1998-067A,EARTH,TEME,UTC,SGP4,2025-02-17 04:54:22.620672+00:00,15.50196308,0.00041290,51.6384,181.2817,327.6583,105.9267,0,U,25544,999,49655,0.00027864000000,0.00015590,0.0000000000000,6794.289,92.891,418.960,413.349,PAYLOAD,LARGE,ISS,1998-11-20,TTMTR,,4643139,280938159,0 ISS (ZARYA),1 25544U 98067A   25048.20442848  .00015590  00000-0  27864-3 0  9991,2 25544  51.6384 181.2817 0004129 327.6583 105.9267 15.50196308496554
3.0,GENERATED VIA SPACE-TRACK.ORG API,2025-02-17 13:46:17+00:00,18 SPCS,ISS (ZARYA),1998-067A,EARTH,TEME,UTC,SGP4,2025-02-17 12:44:01.071744+00:00,15.50208832,0.00042060,51.6387,179.6660,328.3586,126.5332,0,U,25544,999,49660,0.00028447000000,0.00015934,0.0000000000000,6794.253,92.891,418.975,413.260,PAYLOAD,LARGE,ISS,1998-11-20,TTMTR,,4643462,280946060,0 ISS (ZARYA),1 25544U 98067A   25048.53056796  .00015934  00000-0  28447-3 0  9990,2 25544  51.6387 179.6660 0004206 328.3586 126.5332 15.50208832496605
3.0,GENERATED VIA SPACE-TRACK.ORG API,2025-02-17 15:06:33+00:00,18 SPCS,ISS (ZARYA),1998-067A,EARTH,TEME,UTC,SGP4,2025-02-17 13:52:23.758464+00:00,15.50214946,0.00042890,51.6364,179.4358,328.5100,31.5632,0,U,25544,999,49661,0.00031843000000,0.00017900,0.0000000000000,6794.235,92.890,419.014,413.186,PAYLOAD,LARGE,ISS,1998-11-20,TTMTR,,4643750,280952807,0 ISS (ZARYA),1 25544U 98067A   25048.57805276  .00017900  00000-0  31843-3 0  9998,2 25544  51.6364 179.4358 0004289 328.5100  31.5632 15.50214946496619
3.0,GENERATED VIA SPACE-TRACK.ORG API,2025-02-17 16:16:15+00:00,18 SPCS,ISS (ZARYA),1998-067A,EARTH,TEME,UTC,SGP4,2025-02-17 15:28:30.332928+00:00,15.50216756,0.00041770,51.6389,179.1027,328.5908,44.2051,0,U,25544,999,49662,0.00030784000000,0.00017288,0.0000000000000,6794.230,92.890,418.933,413.257,PAYLOAD,LARGE,ISS,1998-11-20,TTMTR,,4643810,280954633,0 ISS (ZARYA),1 25544U 98067A   25048.64479552  .00017288  00000-0  30784-3 0  9992,2 25544  51.6389 179.1027 0004177 328.5908  44.2051 15.50216756496626
3.0,GENERATED VIA SPACE-TRACK.ORG API,2025-02-17 22:46:16+00:00,18 SPCS,ISS (ZARYA),1998-067A,EARTH,TEME,UTC,SGP4,2025-02-17 20:40:33.746880+00:00,15.50222990,0.00041050,51.6391,178.0267,330.1473,172.8419,0,U,25544,999,49665,0.00029603000000,0.00016610,0.0000000000000,6794.211,92.890,418.865,413.287,PAYLOAD,LARGE,ISS,1998-11-20,TTMTR,,4643981,280987714,0 ISS (ZARYA),1 25544U 98067A   25048.86150170  .00016610  00000-0  29603-3 0  9994,2 25544  51.6391 178.0267 0004105 330.1473 172.8419 15.50222990496656
3.0,GENERATED VIA SPACE-TRACK.ORG API,2025-02-18 02:17:51+00:00,18 SPCS,ISS (ZARYA),1998-067A,EARTH,TEME,UTC,SGP4,2025-02-17 20:03:42.631776+00:00,15.50226385,0.00042710,51.6363,178.1577,329.2687,30.8052,0,U,25544,999,49665,0.00034274000000,0.00019313,0.0000000000000,6794.202,92.890,418.968,413.165,PAYLOAD,LARGE,ISS,1998-11-20,TTMTR,,4644095,280997402,0 ISS (ZARYA),1 25544U 98067A   25048.83591009  .00019313  00000-0  34274-3 0  9994,2 25544  51.6363 178.1577 0004271 329.2687  30.8052 15.50226385496658
3.0,GENERATED VIA SPACE-TRACK.ORG API,2025-02-18 07:06:39+00:00,18 SPCS,ISS (ZARYA),1998-067A,EARTH,TEME,UTC,SGP4,2025-02-18 05:20:40.645824+00:00,15.50243123,0.00042890,51.6364,176.2407,330.6557,29.4191,0,U,25544,999,49671,0.00036583000000,0.00020661,0.0000000000000,6794.153,92.889,418.932,413.104,PAYLOAD,LARGE,ISS,1998-11-20,TTMTR,,4644354,281027641,0 ISS (ZARYA),1 25544U 98067A   25049.22269266  .00020661  00000-0  36583-3 0  9998,2 25544  51.6364 176.2407 0004289 330.6557  29.4191 15.50243123496715
3.0,GENERATED VIA SPACE-TRACK.ORG API,2025-02-18 10:36:15+00:00,18 SPCS,ISS (ZARYA),1998-067A,EARTH,TEME,UTC,SGP4,2025-02-18 08:50:51.404064+00:00,15.50242656,0.00040600,51.6389,175.5124,333.0365,122.1476,0,U,25544,999,49673,0.00030289000000,0.00017018,0.0000000000000,6794.154,92.889,418.777,413.261,PAYLOAD,LARGE,ISS,1998-11-20,TTMTR,,4644472,281029890,0 ISS (ZARYA),1 25544U 98067A   25049.36865051  .00017018  00000-0  30289-3 0  9996,2 25544  51.6389 175.5124 0004060 333.0365 122.1476 15.50242656496730
3.0,GENERATED VIA SPACE-TRACK.ORG API,2025-02-18 17:35:44+00:00,18 SPCS,ISS (ZARYA),1998-067A,EARTH,TEME,UTC,SGP4,2025-02-18 13:04:48.719712+00:00,15.50255355,0.00043490,51.6363,174.6431,332.4152,27.6605,0,U,25544,999,49676,0.00034150000000,0.00019261,0.0000000000000,6794.117,92.888,418.937,413.027,PAYLOAD,LARGE,ISS,1998-11-20,TTMTR,,4644723,281042497,0 ISS (ZARYA),1 25544U 98067A   25049.54500833  .00019261  00000-0  34150-3 0  9993,2 25544  51.6363 174.6431 0004349 332.4152  27.6605 15.50255355496766
3.0,GENERATED VIA SPACE-TRACK.ORG API,2025-02-19 03:22:29+00:00,18 SPCS,ISS (ZARYA),1998-067A,EARTH,TEME,UTC,SGP4,2025-02-18 16:10:27.894144+00:00,15.50261374,0.00043700,51.6362,174.0050,333.8498,26.2270,0,U,25544,999,49678,0.00033537000000,0.00018910,0.0000000000000,6794.099,92.888,418.933,412.995,PAYLOAD,LARGE,ISS,1998-11-20,TTMTR,,4645147,281140789,0 ISS (ZARYA),1 25544U 98067A   25049.67393396  .00018910  00000-0  33537-3 0  9999,2 25544  51.6362 174.0050 0004370 333.8498  26.2270 15.50261374496781
3.0,GENERATED VIA SPACE-TRACK.ORG API,2025-02-19 07:06:18+00:00,18 SPCS,ISS (ZARYA),1998-067A,EARTH,TEME,UTC,SGP4,2025-02-19 04:33:04.103712+00:00,15.50287953,0.00043750,51.6362,171.4481,335.7698,24.3085,0,U,25544,999,49686,0.00041201000000,0.00023372,0.0000000000000,6794.022,92.886,418.859,412.914,PAYLOAD,LARGE,ISS,1998-11-20,TTMTR,,4645353,281168598,0 ISS (ZARYA),1 25544U 98067A   25050.18963083  .00023372  00000-0  41201-3 0  9998,2 25544  51.6362 171.4481 0004375 335.7698  24.3085 15.50287953496861
3.0,GENERATED VIA SPACE-TRACK.ORG API,2025-02-19 11:56:16+00:00,18 SPCS,ISS (ZARYA),1998-067A,EARTH,TEME,UTC,SGP4,2025-02-19 11:06:46.550592+00:00,15.50288610,0.00041140,51.6392,170.0868,338.4416,108.5343,0,U,25544,999,49690,0.00032497000000,0.00018326,0.0000000000000,6794.020,92.886,418.680,413.090,PAYLOAD,LARGE,ISS,1998-11-20,TTMTR,,4645502,281171955,0 ISS (ZARYA),1 25544U 98067A   25050.46303878  .00018326  00000-0  32497-3 0  9999,2 25544  51.6392 170.0868 0004114 338.4416 108.5343 15.50288610496905
3.0,GENERATED VIA SPACE-TRACK.ORG API,2025-02-19 14:16:27+00:00,18 SPCS,ISS (ZARYA),1998-067A,EARTH,TEME,UTC,SGP4,2025-02-19 12:43:57.741888+00:00,15.50292719,0.00041570,51.6389,169.7524,338.1740,125.7262,0,U,25544,999,49691,0.00032962000000,0.00018598,0.0000000000000,6794.008,92.886,418.697,413.048,PAYLOAD,LARGE,ISS,1998-11-20,TTMTR,,4645524,281172290,0 ISS (ZARYA),1 25544U 98067A   25050.53052942  .00018598  00000-0  32962-3 0  9998,2 25544  51.6389 169.7524 0004157 338.1740 125.7262 15.50292719496916
3.0,GENERATED VIA SPACE-TRACK.ORG API,2025-02-19 15:06:19+00:00,18 SPCS,ISS (ZARYA),1998-067A,EARTH,TEME,UTC,SGP4,2025-02-19 13:50:00.827808+00:00,15.50303137,0.00044290,51.6360,169.5318,337.8645,22.2152,0,U,25544,999,49692,0.00037343000000,0.00021147,0.0000000000000,6793.977,92.885,418.851,412.833,PAYLOAD,LARGE,ISS,1998-11-20,TTMTR,,4645789,281179058,0 ISS (ZARYA),1 25544U 98067A   25050.57639847  .00021147  00000-0  37343-3 0  9999,2 25544  51.6360 169.5318 0004429 337.8645  22.2152 15.50303137496923
3.0,GENERATED VIA SPACE-TRACK.ORG API,2025-02-19 17:46:28+00:00,18 SPCS,ISS (ZARYA),1998-067A,EARTH,TEME,UTC,SGP4,2025-02-19 15:47:15.856224+00:00,15.50311442,0.00044560,51.6376,169.1218,337.4043,117.4137,0,U,25544,999,49693,0.00043947000000,0.00024987,0.0000000000000,6793.953,92.885,418.845,412.791,PAYLOAD,LARGE,ISS,1998-11-20,TTMTR,,4645908,281211235,0 ISS (ZARYA),1 25544U 98067A   25050.65782241  .00024987  00000-0  43947-3 0  9997,2 25544  51.6376 169.1218 0004456 337.4043 117.4137 15.50311442496932
3.0,GENERATED VIA SPACE-TRACK.ORG API,2025-02-19 22:56:18+00:00,18 SPCS,ISS (ZARYA),1998-067A,EARTH,TEME,UTC,SGP4,2025-02-19 20:01:18.463008+00:00,15.50312718,0.00044830,51.6359,168.2538,338.7930,21.2872,0,U,25544,999,49696,0.00032986000000,0.00018626,0.0000000000000,6793.949,92.884,418.860,412.769,PAYLOAD,LARGE,ISS,1998-11-20,TTMTR,,4646142,281216701,0 ISS (ZARYA),1 25544U 98067A   25050.83424147  .00018626  00000-0  32986-3 0  9999,2 25544  51.6359 168.2538 0004483 338.7930  21.2872 15.50312718496965
3.0,GENERATED VIA SPACE-TRACK.ORG API,2025-02-20 17:16:22+00:00,18 SPCS,ISS (ZARYA),1998-067A,EARTH,TEME,UTC,SGP4,2025-02-20 13:21:18.618336+00:00,15.49202960,0.00066220,51.6445,164.6816,293.0064,138.5680,0,U,25544,999,49707,0.00077086000000,0.00042581,0.0000000000000,6797.193,92.951,423.560,414.557,PAYLOAD,LARGE,ISS,1998-11-20,TTMTR,,4646637,281264040,0 ISS (ZARYA),1 25544U 98067A   25051.55646549  .00042581  00000-0  77086-3 0  9998,2 25544  51.6445 164.6816 0006622 293.0064 138.5680 15.49202960497075
3.0,GENERATED VIA SPACE-TRACK.ORG API,2025-02-21 00:16:17+00:00,18 SPCS,ISS (ZARYA),1998-067A,EARTH,TEME,UTC,SGP4,2025-02-20 19:14:24.556704+00:00,15.49199095,0.00060330,51.6345,163.4629,293.2866,66.7487,0,U,25544,999,49711,0.00041512000000,0.00022657,0.0000000000000,6797.205,92.951,423.170,414.969,PAYLOAD,LARGE,ISS,1998-11-20,TTMTR,,4647110,281298191,0 ISS (ZARYA),1 25544U 98067A   25051.80167311  .00022657  00000-0  41512-3 0  9998,2 25544  51.6345 163.4629 0006033 293.2866  66.7487 15.49199095497117
3.0,GENERATED VIA SPACE-TRACK.ORG API,2025-02-21 07:06:22+00:00,18 SPCS,ISS (ZARYA),1998-067A,EARTH,TEME,UTC,SGP4,2025-02-21 02:58:51.415680+00:00,15.49213871,0.00059950,51.6346,161.8664,294.3311,65.7052,0,U,25544,999,49716,0.00041424000000,0.00022619,0.0000000000000,6797.162,92.950,423.101,414.952,PAYLOAD,LARGE,ISS,1998-11-20,TTMTR,,4647435,281336470,0 ISS (ZARYA),1 25544U 98067A   25052.12420620  .00022619  00000-0  41424-3 0  9999,2 25544  51.6346 161.8664 0005995 294.3311  65.7052 15.49213871497163
3.0,GENERATED VIA SPACE-TRACK.ORG API,2025-02-21 12:26:16+00:00,18 SPCS,ISS (ZARYA),1998-067A,EARTH,TEME,UTC,SGP4,2025-02-21 11:07:39.024768+00:00,15.49223717,0.00055320,51.6385,160.1843,294.2004,160.2032,0,U,25544,999,49721,0.00035802000000,0.00019485,0.0000000000000,6797.133,92.950,422.758,415.238,PAYLOAD,LARGE,ISS,1998-11-20,TTMTR,,4647492,281337093,0 ISS (ZARYA),1 25544U 98067A   25052.46364612  .00019485  00000-0  35802-3 0  9994,2 25544  51.6385 160.1843 0005532 294.2004 160.2032 15.49223717497217
3.0,GENERATED VIA SPACE-TRACK.ORG API,2025-02-21 14:06:16+00:00,18 SPCS,ISS (ZARYA),1998-067A,EARTH,TEME,UTC,SGP4,2025-02-21 12:44:19.746240+00:00,15.49226014,0.00055550,51.6384,159.8518,294.3395,174.7536,0,U,25544,999,49722,0.00035451000000,0.00019291,0.0000000000000,6797.126,92.950,422.767,415.215,PAYLOAD,LARGE,ISS,1998-11-20,TTMTR,,4647496,281337097,0 ISS (ZARYA),1 25544U 98067A   25052.53078410  .00019291  00000-0  35451-3 0  9995,2 25544  51.6384 159.8518 0005555 294.3395 174.7536 15.49226014497222
3.0,GENERATED VIA SPACE-TRACK.ORG API,2025-02-21 17:36:22+00:00,18 SPCS,ISS (ZARYA),1998-067A,EARTH,TEME,UTC,SGP4,2025-02-21 15:58:56.059104+00:00,15.49230282,0.00058120,51.6386,159.1815,297.1686,206.1405,0,U,25544,999,49724,0.00033491000000,0.00018200,0.0000000000000,6797.114,92.949,422.929,415.028,PAYLOAD,LARGE,ISS,1998-11-20,TTMTR,,4647852,281345498,0 ISS (ZARYA),1 25544U 98067A   25052.66592661  .00018200  00000-0  33491-3 0  9999,2 25544  51.6386 159.1815 0005812 297.1686 206.1405 15.49230282497246
3.0,GENERATED VIA SPACE-TRACK.ORG API,2025-02-21 18:09:55+00:00,18 SPCS,ISS (ZARYA),1998-067A,EARTH,TEME,UTC,SGP4,2025-02-21 12:16:11.440992+00:00,15.49226828,0.00059400,51.6353,159.9524,295.6473,64.3901,0,U,25544,999,49722,0.00037858000000,0.00020637,0.0000000000000,6797.124,92.950,423.026,414.951,PAYLOAD,LARGE,ISS,1998-11-20,TTMTR,,4647856,281352157,0 ISS (ZARYA),1 25544U 98067A   25052.51124353  .00020637  00000-0  37858-3 0  9990,2 25544  51.6353 159.9524 0005940 295.6473  64.3901 15.49226828497228
3.0,GENERATED VIA SPACE-TRACK.ORG API,2025-02-22 04:38:36+00:00,18 SPCS,ISS (ZARYA),1998-067A,EARTH,TEME,UTC,SGP4,2025-02-21 18:27:44.534016+00:00,15.49238473,0.00059700,51.6353,158.6755,296.9031,63.1347,0,U,25544,999,49726,0.00038326000000,0.00020907,0.0000000000000,6797.090,92.949,423.012,414.897,PAYLOAD,LARGE,ISS,1998-11-20,TTMTR,,4648157,281388996,0 ISS (ZARYA),1 25544U 98067A   25052.76926544  .00020907  00000-0  38326-3 0  9990,2 25544  51.6353 158.6755 0005970 296.9031  63.1347 15.49238473497261
3.0,GENERATED VIA SPACE-TRACK.ORG API,2025-02-22 14:16:16+00:00,18 SPCS,ISS (ZARYA),1998-067A,EARTH,TEME,UTC,SGP4,2025-02-22 13:37:22.075968+00:00,15.49275673,0.00056610,51.6387,154.7187,299.5437,196.1084,0,U,25544,999,49738,0.00039770000000,0.00021742,0.0000000000000,6796.981,92.947,422.694,414.998,PAYLOAD,LARGE,ISS,1998-11-20,TTMTR,,4648528,281420707,0 ISS (ZARYA),1 25544U 98067A   25053.56761662  .00021742  00000-0  39770-3 0  9999,2 25544  51.6387 154.7187 0005661 299.5437 196.1084 15.49275673497381
3.0,GENERATED VIA SPACE-TRACK.ORG API,2025-02-22 18:36:18+00:00,18 SPCS,ISS (ZARYA),1998-067A,EARTH,TEME,UTC,SGP4,2025-02-22 16:46:38.093664+00:00,15.49282428,0.00058320,51.6387,154.0683,301.6447,207.5607,0,U,25544,999,49740,0.00040182000000,0.00021979,0.0000000000000,6796.961,92.946,422.790,414.862,PAYLOAD,LARGE,ISS,1998-11-20,TTMTR,,4648904,281429727,0 ISS (ZARYA),1 25544U 98067A   25053.69905201  .00021979  00000-0  40182-3 0  9993,2 25544  51.6387 154.0683 0005832 301.6447 207.5607 15.49282428497408
3.0,GENERATED VIA SPACE-TRACK.ORG API,2025-02-22 18:45:51+00:00,18 SPCS,ISS (ZARYA),1998-067A,EARTH,TEME,UTC,SGP4,2025-02-22 13:02:22.700256+00:00,15.49275891,0.00059900,51.6355,154.8442,300.6742,59.3656,0,U,25544,999,49738,0.00039076000000,0.00021355,0.0000000000000,6796.980,92.947,422.917,414.774,PAYLOAD,LARGE,ISS,1998-11-20,TTMTR,,4648906,281436382,0 ISS (ZARYA),1 25544U 98067A   25053.54331829  .00021355  00000-0  39076-3 0  9994,2 25544  51.6355 154.8442 0005990 300.6742  59.3656 15.49275891497386
3.0,GENERATED VIA SPACE-TRACK.ORG API,2025-02-23 07:06:33+00:00,18 SPCS,ISS (ZARYA),1998-067A,EARTH,TEME,UTC,SGP4,2025-02-22 17:41:01.973760+00:00,15.49287303,0.00060320,51.6354,153.8867,301.7330,58.3070,0,U,25544,999,49741,0.00041694000000,0.00022830,0.0000000000000,6796.947,92.946,422.912,414.712,PAYLOAD,LARGE,ISS,1998-11-20,TTMTR,,4649447,281473642,0 ISS (ZARYA),1 25544U 98067A   25053.73682840  .00022830  00000-0  41694-3 0  9995,2 25544  51.6354 153.8867 0006032 301.7330  58.3070 15.49287303497412
3.0,GENERATED VIA SPACE-TRACK.ORG API,2025-02-23 14:56:19+00:00,18 SPCS,ISS (ZARYA),1998-067A,EARTH,TEME,UTC,SGP4,2025-02-23 10:42:45.049536+00:00,15.49325184,0.00059910,51.6356,150.3745,304.7544,55.2880,0,U,25544,999,49752,0.00044723000000,0.00024560,0.0000000000000,6796.836,92.944,422.773,414.629,PAYLOAD,LARGE,ISS,1998-11-20,TTMTR,,4649803,281511293,0 ISS (ZARYA),1 25544U 98067A   25054.44635474  .00024560  00000-0  44723-3 0  9993,2 25544  51.6356 150.3745 0005991 304.7544  55.2880 15.49325184497521
3.0,GENERATED VIA SPACE-TRACK.ORG API,2025-02-23 23:16:18+00:00,18 SPCS,ISS (ZARYA),1998-067A,EARTH,TEME,UTC,SGP4,2025-02-23 12:15:37.992960+00:00,15.49327467,0.00060250,51.6356,150.0555,305.2382,54.8042,0,U,25544,999,49753,0.00042741000000,0.00023450,0.0000000000000,6796.829,92.944,422.789,414.599,PAYLOAD,LARGE,ISS,1998-11-20,TTMTR,,4650167,281520425,0 ISS (ZARYA),1 25544U 98067A   25054.51085640  .00023450  00000-0  42741-3 0  9990,2 25544  51.6356 150.0555 0006025 305.2382  54.8042 15.49327467497534
3.0,GENERATED VIA SPACE-TRACK.ORG API,2025-02-24 04:39:28+00:00,18 SPCS,ISS (ZARYA),1998-067A,EARTH,TEME,UTC,SGP4,2025-02-23 18:27:09.593856+00:00,15.49341925,0.00060560,51.6355,148.7782,306.3836,53.6593,0,U,25544,999,49757,0.00042969000000,0.00023591,0.0000000000000,6796.787,92.943,422.768,414.536,PAYLOAD,LARGE,ISS,1998-11-20,TTMTR,,4650244,281528709,0 ISS (ZARYA),1 25544U 98067A   25054.76886104  .00023591  00000-0  42969-3 0  9999,2 25544  51.6355 148.7782 0006056 306.3836  53.6593 15.49341925497576
3.0,GENERATED VIA SPACE-TRACK.ORG API,2025-02-24 07:16:17+00:00,18 SPCS,ISS (ZARYA),1998-067A,EARTH,TEME,UTC,SGP4,2025-02-24 05:17:19.485024+00:00,15.49366463,0.00060450,51.6356,146.5432,308.3295,51.7150,0,U,25544,999,49764,0.00047180000000,0.00025978,0.0000000000000,6796.715,92.941,422.689,414.472,PAYLOAD,LARGE,ISS,1998-11-20,TTMTR,,4650517,281558081,0 ISS (ZARYA),1 25544U 98067A   25055.22036441  .00025978  00000-0  47180-3 0  9993,2 25544  51.6356 146.5432 0006045 308.3295  51.7150 15.49366463497644
3.0,GENERATED VIA SPACE-TRACK.ORG API,2025-02-24 14:26:16+00:00,18 SPCS,ISS (ZARYA),1998-067A,EARTH,TEME,UTC,SGP4,2025-02-24 13:35:14.923680+00:00,15.49380005,0.00058630,51.6384,144.8251,307.8953,182.1010,0,U,25544,999,49769,0.00044086000000,0.00024250,0.0000000000000,6796.676,92.940,422.526,414.556,PAYLOAD,LARGE,ISS,1998-11-20,TTMTR,,4650638,281559599,0 ISS (ZARYA),1 25544U 98067A   25055.56614495  .00024250  00000-0  44086-3 0  9995,2 25544  51.6384 144.8251 0005863 307.8953 182.1010 15.49380005497694
3.0,GENERATED VIA SPACE-TRACK.ORG API,2025-02-24 17:11:11+00:00,18 SPCS,ISS (ZARYA),1998-067A,EARTH,TEME,UTC,SGP4,2025-02-24 13:01:43.310496+00:00,15.49382570,0.00060910,51.6357,144.9477,309.9487,50.0966,0,U,25544,999,49769,0.00046537000000,0.00025631,0.0000000000000,6796.668,92.940,422.673,414.393,PAYLOAD,LARGE,ISS,1998-11-20,TTMTR,,4650915,281574578,0 ISS (ZARYA),1 25544U 98067A   25055.54286239  .00025631  00000-0  46537-3 0  9991,2 25544  51.6357 144.9477 0006091 309.9487  50.0966 15.49382570497696
3.0,GENERATED VIA SPACE-TRACK.ORG API,2025-02-24 18:06:31+00:00,18 SPCS,ISS (ZARYA),1998-067A,EARTH,TEME,UTC,SGP4,2025-02-24 16:43:22.192896+00:00,15.49392588,0.00058620,51.6376,144.1824,311.2672,187.8960,0,U,25544,999,49771,0.00048336000000,0.00026651,0.0000000000000,6796.639,92.940,422.488,414.520,PAYLOAD,LARGE,ISS,1998-11-20,TTMTR,,4650929,281597524,0 ISS (ZARYA),1 25544U 98067A   25055.69678464  .00026651  00000-0  48336-3 0  9994,2 25544  51.6376 144.1824 0005862 311.2672 187.8960 15.49392588497718
3.0,GENERATED VIA SPACE-TRACK.ORG API,2025-02-24 23:06:25+00:00,18 SPCS,ISS (ZARYA),1998-067A,EARTH,TEME,UTC,SGP4,2025-02-24 17:40:21.449568+00:00,15.49395806,0.00061120,51.6356,143.9899,310.6589,49.3868,0,U,25544,999,49772,0.00052662000000,0.00029091,0.0000000000000,6796.629,92.939,422.649,414.340,PAYLOAD,LARGE,ISS,1998-11-20,TTMTR,,4651241,281604115,0 ISS (ZARYA),1 25544U 98067A   25055.73635937  .00029091  00000-0  52662-3 0  9995,2 25544  51.6356 143.9899 0006112 310.6589  49.3868 15.49395806497720
3.0,GENERATED VIA SPACE-TRACK.ORG API,2025-02-25 06:56:17+00:00,18 SPCS,ISS (ZARYA),1998-067A,EARTH,TEME,UTC,SGP4,2025-02-25 06:12:37.855872+00:00,15.49423282,0.00058740,51.6375,141.3993,313.9109,82.0123,0,U,25544,999,49780,0.00048511000000,0.00026779,0.0000000000000,6796.549,92.938,422.406,414.422,PAYLOAD,LARGE,ISS,1998-11-20,TTMTR,,4651524,281640357,0 ISS (ZARYA),1 25544U 98067A   25056.25877148  .00026779  00000-0  48511-3 0  9993,2 25544  51.6375 141.3993 0005874 313.9109  82.0123 15.49423282497803
3.0,GENERATED VIA SPACE-TRACK.ORG API,2025-02-25 07:07:01+00:00,18 SPCS,ISS (ZARYA),1998-067A,EARTH,TEME,UTC,SGP4,2025-02-25 06:03:22.636512+00:00,15.49421573,0.00060600,51.6358,141.4354,312.3136,47.7339,0,U,25544,999,49780,0.00048937000000,0.00027019,0.0000000000000,6796.554,92.938,422.538,414.300,PAYLOAD,LARGE,ISS,1998-11-20,TTMTR,,4651575,281642043,0 ISS (ZARYA),1 25544U 98067A   25056.25234533  .00027019  00000-0  48937-3 0  9998,2 25544  51.6358 141.4354 0006060 312.3136  47.7339 15.49421573497805
3.0,GENERATED VIA SPACE-TRACK.ORG API,2025-02-25 11:06:16+00:00,18 SPCS,ISS (ZARYA),1998-067A,EARTH,TEME,UTC,SGP4,2025-02-25 09:32:58.578144+00:00,15.49428638,0.00058960,51.6375,140.7106,314.3477,138.1347,0,U,25544,999,49782,0.00047123000000,0.00026003,0.0000000000000,6796.533,92.937,422.406,414.391,PAYLOAD,LARGE,ISS,1998-11-20,TTMTR,,4651646,281643405,0 ISS (ZARYA),1 25544U 98067A   25056.39790021  .00026003  00000-0  47123-3 0  9990,2 25544  51.6375 140.7106 0005896 314.3477 138.1347 15.49428638497822
3.0,GENERATED VIA SPACE-TRACK.ORG API,2025-02-25 14:16:16+00:00,18 SPCS,ISS (ZARYA),1998-067A,EARTH,TEME,UTC,SGP4,2025-02-25 12:47:27.890880+00:00,15.49435515,0.00058960,51.6375,140.0419,314.7988,171.5478,0,U,25544,999,49784,0.00046973000000,0.00025924,0.0000000000000,6796.513,92.937,422.386,414.371,PAYLOAD,LARGE,ISS,1998-11-20,TTMTR,,4651654,281643410,0 ISS (ZARYA),1 25544U 98067A   25056.53296170  .00025924  00000-0  46973-3 0  9995,2 25544  51.6375 140.0419 0005896 314.7988 171.5478 15.49435515497843
3.0,GENERATED VIA SPACE-TRACK.ORG API,2025-02-25 17:36:22+00:00,18 SPCS,ISS (ZARYA),1998-067A,EARTH,TEME,UTC,SGP4,2025-02-25 15:44:28.754304+00:00,15.49442314,0.00059180,51.6373,139.4338,315.3306,137.1516,0,U,25544,999,49786,0.00047195000000,0.00026056,0.0000000000000,6796.493,92.937,422.381,414.336,PAYLOAD,LARGE,ISS,1998-11-20,TTMTR,,4652020,281652189,0 ISS (ZARYA),1 25544U 98067A   25056.65588836  .00026056  00000-0  47195-3 0  9995,2 25544  51.6373 139.4338 0005918 315.3306 137.1516 15.49442314497867
3.0,GENERATED VIA SPACE-TRACK.ORG API,2025-02-25 17:55:50+00:00,18 SPCS,ISS (ZARYA),1998-067A,EARTH,TEME,UTC,SGP4,2025-02-25 12:14:52.891296+00:00,15.49435478,0.00060820,51.6359,140.1589,313.5519,46.4964,0,U,25544,999,49784,0.00048205000000,0.00026620,0.0000000000000,6796.513,92.937,422.512,414.245,PAYLOAD,LARGE,ISS,1998-11-20,TTMTR,,4652023,281658847,0 ISS (ZARYA),1 25544U 98067A   25056.51033439  .00026620  00000-0  48205-3 0  9994,2 25544  51.6359 140.1589 0006082 313.5519  46.4964 15.49435478497847
3.0,GENERATED VIA SPACE-TRACK.ORG API,2025-02-25 23:06:18+00:00,18 SPCS,ISS (ZARYA),1998-067A,EARTH,TEME,UTC,SGP4,2025-02-25 16:53:30.477408+00:00,15.49445513,0.00061150,51.6359,139.2011,314.3531,45.6956,0,U,25544,999,49787,0.00046566000000,0.00025705,0.0000000000000,6796.484,92.936,422.505,414.193,PAYLOAD,LARGE,ISS,1998-11-20,TTMTR,,4652338,281688829,0 ISS (ZARYA),1 25544U 98067A   25056.70382497  .00025705  00000-0  46566-3 0  9997,2 25544  51.6359 139.2011 0006115 314.3531  45.6956 15.49445513497872
3.0,GENERATED VIA SPACE-TRACK.ORG API,2025-02-26 06:56:20+00:00,18 SPCS,ISS (ZARYA),1998-067A,EARTH,TEME,UTC,SGP4,2025-02-26 05:40:59.940768+00:00,15.49475785,0.00060090,51.6375,136.5555,318.1256,136.8866,0,U,25544,999,49795,0.00048254000000,0.00026685,0.0000000000000,6796.396,92.935,422.344,414.177,PAYLOAD,LARGE,ISS,1998-11-20,TTMTR,,4652629,281725038,0 ISS (ZARYA),1 25544U 98067A   25057.23680487  .00026685  00000-0  48254-3 0  9990,2 25544  51.6375 136.5555 0006009 318.1256 136.8866 15.49475785497957
3.0,GENERATED VIA SPACE-TRACK.ORG API,2025-02-26 14:16:18+00:00,18 SPCS,ISS (ZARYA),1998-067A,EARTH,TEME,UTC,SGP4,2025-02-26 13:38:33.592704+00:00,15.49491937,0.00058970,51.6377,134.9123,317.6063,188.5602,0,U,25544,999,49800,0.00047421000000,0.00026230,0.0000000000000,6796.348,92.934,422.221,414.205,PAYLOAD,LARGE,ISS,1998-11-20,TTMTR,,4652762,281728075,0 ISS (ZARYA),1 25544U 98067A   25057.56844436  .00026230  00000-0  47421-3 0  9993,2 25544  51.6377 134.9123 0005897 317.6063 188.5602 15.49491937498002
3.0,GENERATED VIA SPACE-TRACK.ORG API,2025-02-26 17:22:59+00:00,18 SPCS,ISS (ZARYA),1998-067A,EARTH,TEME,UTC,SGP4,2025-02-26 13:00:51.969888+00:00,15.49492665,0.00060380,51.6362,135.0503,317.7353,42.3170,0,U,25544,999,49800,0.00049034000000,0.00027142,0.0000000000000,6796.346,92.934,422.315,414.108,PAYLOAD,LARGE,ISS,1998-11-20,TTMTR,,4653097,281742791,0 ISS (ZARYA),1 25544U 98067A   25057.54226817  .00027142  00000-0  49034-3 0  9993,2 25544  51.6362 135.0503 0006038 317.7353  42.3170 15.49492665498007
3.0,GENERATED VIA SPACE-TRACK.ORG API,2025-02-26 17:56:31+00:00,18 SPCS,ISS (ZARYA),1998-067A,EARTH,TEME,UTC,SGP4,2025-02-26 16:41:32.889984+00:00,15.49515680,0.00058310,51.6387,134.2889,315.8203,179.6729,0,U,25544,999,49802,0.00091556000000,0.00051272,0.0000000000000,6796.279,92.932,422.107,414.181,PAYLOAD,LARGE,ISS,1998-11-20,TTMTR,,4653100,281766219,0 ISS (ZARYA),1 25544U 98067A   25057.69551956  .00051272  00000-0  91556-3 0  9991,2 25544  51.6387 134.2889 0005831 315.8203 179.6729 15.49515680498024
3.0,GENERATED VIA SPACE-TRACK.ORG API,2025-02-27 15:56:18+00:00,18 SPCS,ISS (ZARYA),1998-067A,EARTH,TEME,UTC,SGP4,2025-02-27 12:13:55.411104+00:00,15.49551992,0.00061240,51.6359,130.2610,322.7999,37.2565,0,U,25544,999,49815,0.00051274000000,0.00028468,0.0000000000000,6796.173,92.930,422.200,413.876,PAYLOAD,LARGE,ISS,1998-11-20,TTMTR,,4654108,281819655,0 ISS (ZARYA),1 25544U 98067A   25058.50966911  .00028468  00000-0  51274-3 0  9997,2 25544  51.6359 130.2610 0006124 322.7999  37.2565 15.49551992498153
3.0,GENERATED VIA SPACE-TRACK.ORG API,2025-02-27 17:36:23+00:00,18 SPCS,ISS (ZARYA),1998-067A,EARTH,TEME,UTC,SGP4,2025-02-27 15:50:35.270880+00:00,15.49585351,0.00059760,51.6385,129.5122,320.1405,159.8209,0,U,25544,999,49817,0.00109080000000,0.00061406,0.0000000000000,6796.075,92.928,422.001,413.879,PAYLOAD,LARGE,ISS,1998-11-20,TTMTR,,4654183,281821314,0 ISS (ZARYA),1 25544U 98067A   25058.66013045  .00061406  00000-0  10908-2 0  9992,2 25544  51.6385 129.5122 0005976 320.1405 159.8209 15.49585351498173
3.0,GENERATED VIA SPACE-TRACK.ORG API,2025-02-28 03:00:46+00:00,18 SPCS,ISS (ZARYA),1998-067A,EARTH,TEME,UTC,SGP4,2025-02-27 16:52:31.766016+00:00,15.49561991,0.00061980,51.6356,129.3030,323.7914,36.2655,0,U,25544,999,49818,0.00049658000000,0.00027564,0.0000000000000,6796.143,92.929,422.221,413.796,PAYLOAD,LARGE,ISS,1998-11-20,TTMTR,,4654471,281863645,0 ISS (ZARYA),1 25544U 98067A   25058.70314544  .00027564  00000-0  49658-3 0  9997,2 25544  51.6356 129.3030 0006198 323.7914  36.2655 15.49561991498186
3.0,GENERATED VIA SPACE-TRACK.ORG API,2025-02-28 15:06:17+00:00,18 SPCS,ISS (ZARYA),1998-067A,EARTH,TEME,UTC,SGP4,2025-02-28 12:59:48.172128+00:00,15.49597200,0.00061350,51.6353,125.1519,326.8326,33.2278,0,U,25544,999,49831,0.00040176000000,0.00022226,0.0000000000000,6796.041,92.927,422.075,413.736,PAYLOAD,LARGE,ISS,1998-11-20,TTMTR,,4655115,281902579,0 ISS (ZARYA),1 25544U 98067A   25059.54152977  .00022226  00000-0  40176-3 0  9996,2 25544  51.6353 125.1519 0006135 326.8326  33.2278 15.49597200498316
3.0,GENERATED VIA SPACE-TRACK.ORG API,2025-03-01 04:47:04+00:00,18 SPCS,ISS (ZARYA),1998-067A,EARTH,TEME,UTC,SGP4,2025-02-28 16:05:32.077824+00:00,15.49603721,0.00061790,51.6351,124.5129,327.2629,32.7976,0,U,25544,999,49833,0.00041057000000,0.00022730,0.0000000000000,6796.021,92.927,422.086,413.687,PAYLOAD,LARGE,ISS,1998-11-20,TTMTR,,4655475,281946559,0 ISS (ZARYA),1 25544U 98067A   25059.67051016  .00022730  00000-0  41057-3 0  9991,2 25544  51.6351 124.5129 0006179 327.2629  32.7976 15.49603721498330
3.0,GENERATED VIA SPACE-TRACK.ORG API,2025-03-01 15:06:26+00:00,18 SPCS,ISS (ZARYA),1998-067A,EARTH,TEME,UTC,SGP4,2025-03-01 12:12:46.566720+00:00,15.49637873,0.00061860,51.6351,120.3615,330.6145,29.4495,0,U,25544,999,49846,0.00038530000000,0.00021325,0.0000000000000,6795.922,92.925,421.991,413.583,PAYLOAD,LARGE,ISS,1998-11-20,TTMTR,,4656124,281986286,0 ISS (ZARYA),1 25544U 98067A   25060.50887230  .00021325  00000-0  38530-3 0  9991,2 25544  51.6351 120.3615 0006186 330.6145  29.4495 15.49637873498461
3.0,GENERATED VIA SPACE-TRACK.ORG API,2025-03-01 17:52:32+00:00,18 SPCS,ISS (ZARYA),1998-067A,EARTH,TEME,UTC,SGP4,2025-03-01 13:45:38.370528+00:00,15.49641142,0.00062010,51.6350,120.0421,330.9003,29.1639,0,U,25544,999,49847,0.00038907000000,0.00021542,0.0000000000000,6795.912,92.925,421.991,413.563,PAYLOAD,LARGE,ISS,1998-11-20,TTMTR,,4656182,281993919,0 ISS (ZARYA),1 25544U 98067A   25060.57336077  .00021542  00000-0  38907-3 0  9995,2 25544  51.6350 120.0421 0006201 330.9003  29.1639 15.49641142498478
3.0,GENERATED VIA SPACE-TRACK.ORG API,2025-03-02 07:06:35+00:00,18 SPCS,ISS (ZARYA),1998-067A,EARTH,TEME,UTC,SGP4,2025-03-01 21:29:57.301440+00:00,15.49652386,0.00062050,51.6349,118.4445,332.0211,28.0444,0,U,25544,999,49852,0.00033664000000,0.00018578,0.0000000000000,6795.879,92.924,421.961,413.527,PAYLOAD,LARGE,ISS,1998-11-20,TTMTR,,4656763,282031030,0 ISS (ZARYA),1 25544U 98067A   25060.89580210  .00018578  00000-0  33664-3 0  9990,2 25544  51.6349 118.4445 0006205 332.0211  28.0444 15.49652386498521
3.0,GENERATED VIA SPACE-TRACK.ORG API,2025-03-02 10:16:15+00:00,18 SPCS,ISS (ZARYA),1998-067A,EARTH,TEME,UTC,SGP4,2025-03-02 08:46:02.783136+00:00,15.49660855,0.00061530,51.6361,116.1146,335.3707,125.6952,0,U,25544,999,49859,0.00024568000000,0.00013429,0.0000000000000,6795.854,92.924,421.901,413.538,PAYLOAD,LARGE,ISS,1998-11-20,TTMTR,,4656806,282062324,0 ISS (ZARYA),1 25544U 98067A   25061.36530999  .00013429  00000-0  24568-3 0  9995,2 25544  51.6361 116.1146 0006153 335.3707 125.6952 15.49660855498591
3.0,GENERATED VIA SPACE-TRACK.ORG API,2025-03-02 14:06:16+00:00,18 SPCS,ISS (ZARYA),1998-067A,EARTH,TEME,UTC,SGP4,2025-03-02 13:40:53.439744+00:00,15.49668581,0.00060870,51.6363,115.1019,335.9132,188.1830,0,U,25544,999,49862,0.00026707000000,0.00014645,0.0000000000000,6795.832,92.923,421.833,413.560,PAYLOAD,LARGE,ISS,1998-11-20,TTMTR,,4656817,282062335,0 ISS (ZARYA),1 25544U 98067A   25061.57006296  .00014645  00000-0  26707-3 0  9994,2 25544  51.6363 115.1019 0006087 335.9132 188.1830 15.49668581498622
3.0,GENERATED VIA SPACE-TRACK.ORG API,2025-03-02 18:08:23+00:00,18 SPCS,ISS (ZARYA),1998-067A,EARTH,TEME,UTC,SGP4,2025-03-02 12:58:34.814208+00:00,15.49663878,0.00061140,51.6348,115.2505,334.2084,25.8599,0,U,25544,999,49862,0.00021355000000,0.00011612,0.0000000000000,6795.846,92.923,421.866,413.556,PAYLOAD,LARGE,ISS,1998-11-20,TTMTR,,4657142,282076918,0 ISS (ZARYA),1 25544U 98067A   25061.54068072  .00011612  00000-0  21355-3 0  9996,2 25544  51.6348 115.2505 0006114 334.2084  25.8599 15.49663878498628
3.0,GENERATED VIA SPACE-TRACK.ORG API,2025-03-03 06:56:17+00:00,18 SPCS,ISS (ZARYA),1998-067A,EARTH,TEME,UTC,SGP4,2025-03-02 20:42:53.364096+00:00,15.49669627,0.00061130,51.6349,113.6536,335.5315,24.5382,0,U,25544,999,49867,0.00017731000000,0.00009563,0.0000000000000,6795.829,92.923,421.848,413.539,PAYLOAD,LARGE,ISS,1998-11-20,TTMTR,,4657677,282113166,0 ISS (ZARYA),1 25544U 98067A   25061.86311764  .00009563  00000-0  17731-3 0  9995,2 25544  51.6349 113.6536 0006113 335.5315  24.5382 15.49669627498674
3.0,GENERATED VIA SPACE-TRACK.ORG API,2025-03-03 09:26:16+00:00,18 SPCS,ISS (ZARYA),1998-067A,EARTH,TEME,UTC,SGP4,2025-03-03 07:59:04.423776+00:00,15.49700560,0.00058050,51.6363,111.3248,336.6569,124.8426,0,U,25544,999,49874,0.00033382000000,0.00018448,0.0000000000000,6795.738,92.921,421.548,413.658,PAYLOAD,LARGE,ISS,1998-11-20,TTMTR,,4657769,282145176,0 ISS (ZARYA),1 25544U 98067A   25062.33269009  .00018448  00000-0  33382-3 0  9994,2 25544  51.6363 111.3248 0005805 336.6569 124.8426 15.49700560498748
3.0,GENERATED VIA SPACE-TRACK.ORG API,2025-03-03 14:16:16+00:00,18 SPCS,ISS (ZARYA),1998-067A,EARTH,TEME,UTC,SGP4,2025-03-03 12:48:40.055616+00:00,15.49693736,0.00060160,51.6368,110.3294,339.0326,165.1428,0,U,25544,999,49877,0.00024636000000,0.00013484,0.0000000000000,6795.758,92.922,421.712,413.535,PAYLOAD,LARGE,ISS,1998-11-20,TTMTR,,4657794,282145189,0 ISS (ZARYA),1 25544U 98067A   25062.53379694  .00013484  00000-0  24636-3 0  9995,2 25544  51.6368 110.3294 0006016 339.0326 165.1428 15.49693736498775
3.0,GENERATED VIA SPACE-TRACK.ORG API,2025-03-03 17:23:59+00:00,18 SPCS,ISS (ZARYA),1998-067A,EARTH,TEME,UTC,SGP4,2025-03-03 12:11:29.872032+00:00,15.49692043,0.00061980,51.6349,110.4601,338.6679,21.4051,0,U,25544,999,49877,0.00023979000000,0.00013111,0.0000000000000,6795.763,92.922,421.840,413.416,PAYLOAD,LARGE,ISS,1998-11-20,TTMTR,,4658111,282160157,0 ISS (ZARYA),1 25544U 98067A   25062.50798463  .00013111  00000-0  23979-3 0  9997,2 25544  51.6349 110.4601 0006198 338.6679  21.4051 15.49692043498770
3.0,GENERATED VIA SPACE-TRACK.ORG API,2025-03-03 17:46:16+00:00,18 SPCS,ISS (ZARYA),1998-067A,EARTH,TEME,UTC,SGP4,2025-03-03 15:54:55.060128+00:00,15.49702064,0.00059020,51.6371,109.6890,339.6584,166.5761,0,U,25544,999,49879,0.00029551000000,0.00016275,0.0000000000000,6795.734,92.921,421.610,413.588,PAYLOAD,LARGE,ISS,1998-11-20,TTMTR,,4658118,282183147,0 ISS (ZARYA),1 25544U 98067A   25062.66313727  .00016275  00000-0  29551-3 0  9996,2 25544  51.6371 109.6890 0005902 339.6584 166.5761 15.49702064498799
3.0,GENERATED VIA SPACE-TRACK.ORG API,2025-03-04 02:27:07+00:00,18 SPCS,ISS (ZARYA),1998-067A,EARTH,TEME,UTC,SGP4,2025-03-03 19:55:47.889696+00:00,15.49701096,0.00062050,51.6348,108.8630,339.9642,20.1102,0,U,25544,999,49882,0.00023990000000,0.00013122,0.0000000000000,6795.737,92.921,421.819,413.385,PAYLOAD,LARGE,ISS,1998-11-20,TTMTR,,4658456,282197717,0 ISS (ZARYA),1 25544U 98067A   25062.83041539  .00013122  00000-0  23990-3 0  9993,2 25544  51.6348 108.8630 0006205 339.9642  20.1102 15.49701096498823
3.0,GENERATED VIA SPACE-TRACK.ORG API,2025-03-04 07:06:21+00:00,18 SPCS,ISS (ZARYA),1998-067A,EARTH,TEME,UTC,SGP4,2025-03-04 03:40:05.825280+00:00,15.49707780,0.00062500,51.6347,107.2665,341.2331,18.8427,0,U,25544,999,49887,0.00021808000000,0.00011888,0.0000000000000,6795.717,92.921,421.830,413.335,PAYLOAD,LARGE,ISS,1998-11-20,TTMTR,,4658722,282227019,0 ISS (ZARYA),1 25544U 98067A   25063.15284520  .00011888  00000-0  21808-3 0  9991,2 25544  51.6347 107.2665 0006250 341.2331  18.8427 15.49707780498879
3.0,GENERATED VIA SPACE-TRACK.ORG API,2025-03-04 07:46:16+00:00,18 SPCS,ISS (ZARYA),1998-067A,EARTH,TEME,UTC,SGP4,2025-03-04 07:05:31.504992+00:00,15.49713456,0.00059790,51.6364,106.5568,342.0075,94.4843,0,U,25544,999,49889,0.00023962000000,0.00013111,0.0000000000000,6795.701,92.920,421.629,413.502,PAYLOAD,LARGE,ISS,1998-11-20,TTMTR,,4658766,282228345,0 ISS (ZARYA),1 25544U 98067A   25063.29550353  .00013111  00000-0  23962-3 0  9990,2 25544  51.6364 106.5568 0005979 342.0075  94.4843 15.49713456498894
3.0,GENERATED VIA SPACE-TRACK.ORG API,2025-03-04 13:56:16+00:00,18 SPCS,ISS (ZARYA),1998-067A,EARTH,TEME,UTC,SGP4,2025-03-04 12:00:49.320576+00:00,15.49717966,0.00059830,51.6364,105.5411,342.8432,158.4682,0,U,25544,999,49892,0.00023378000000,0.00012782,0.0000000000000,6795.687,92.920,421.618,413.487,PAYLOAD,LARGE,ISS,1998-11-20,TTMTR,,4658783,282228363,0 ISS (ZARYA),1 25544U 98067A   25063.50057084  .00012782  00000-0  23378-3 0  9991,2 25544  51.6364 105.5411 0005983 342.8432 158.4682 15.49717966498926
3.0,GENERATED VIA SPACE-TRACK.ORG API,2025-03-04 14:16:17+00:00,18 SPCS,ISS (ZARYA),1998-067A,EARTH,TEME,UTC,SGP4,2025-03-04 13:21:56.928096+00:00,15.49718586,0.00059210,51.6371,105.2620,343.8665,111.9615,0,U,25544,999,49893,0.00022255000000,0.00012145,0.0000000000000,6795.686,92.920,421.574,413.527,PAYLOAD,LARGE,ISS,1998-11-20,TTMTR,,4658787,282228364,0 ISS (ZARYA),1 25544U 98067A   25063.55690889  .00012145  00000-0  22255-3 0  9998,2 25544  51.6371 105.2620 0005921 343.8665 111.9615 15.49718586498934
3.0,GENERATED VIA SPACE-TRACK.ORG API,2025-03-05 03:07:25+00:00,18 SPCS,ISS (ZARYA),1998-067A,EARTH,TEME,UTC,SGP4,2025-03-04 20:41:32.744256+00:00,15.49724724,0.00062590,51.6348,103.7531,343.7461,16.3326,0,U,25544,999,49898,0.00022495000000,0.00012285,0.0000000000000,6795.668,92.920,421.786,413.279,PAYLOAD,LARGE,ISS,1998-11-20,TTMTR,,4659450,282280784,0 ISS (ZARYA),1 25544U 98067A   25063.86218454  .00012285  00000-0  22495-3 0  9997,2 25544  51.6348 103.7531 0006259 343.7461  16.3326 15.49724724498983
3.0,GENERATED VIA SPACE-TRACK.ORG API,2025-03-05 07:16:34+00:00,18 SPCS,ISS (ZARYA),1998-067A,EARTH,TEME,UTC,SGP4,2025-03-05 04:53:53.810592+00:00,15.49734770,0.00059760,51.6363,102.0557,345.4695,123.4046,0,U,25544,999,49903,0.00022590000000,0.00012342,0.0000000000000,6795.638,92.919,421.564,413.442,PAYLOAD,LARGE,ISS,1998-11-20,TTMTR,,4659704,282310200,0 ISS (ZARYA),1 25544U 98067A   25064.20409503  .00012342  00000-0  22590-3 0  9993,2 25544  51.6363 102.0557 0005976 345.4695 123.4046 15.49734770499031
3.0,GENERATED VIA SPACE-TRACK.ORG API,2025-03-05 14:16:16+00:00,18 SPCS,ISS (ZARYA),1998-067A,EARTH,TEME,UTC,SGP4,2025-03-05 12:49:31.700352+00:00,15.49745413,0.00058960,51.6356,100.4205,347.9032,164.9499,0,U,25544,999,49908,0.00026484000000,0.00014558,0.0000000000000,6795.607,92.918,421.479,413.466,PAYLOAD,LARGE,ISS,1998-11-20,TTMTR,,4659764,282311111,0 ISS (ZARYA),1 25544U 98067A   25064.53439468  .00014558  00000-0  26484-3 0  9999,2 25544  51.6356 100.4205 0005896 347.9032 164.9499 15.49745413499081
3.0,GENERATED VIA SPACE-TRACK.ORG API,2025-03-05 18:48:33+00:00,18 SPCS,ISS (ZARYA),1998-067A,EARTH,TEME,UTC,SGP4,2025-03-05 12:10:07.508640+00:00,15.49743013,0.00062480,51.6350,100.5595,346.3581,13.7238,0,U,25544,999,49908,0.00025424000000,0.00013956,0.0000000000000,6795.614,92.919,421.725,413.233,PAYLOAD,LARGE,ISS,1998-11-20,TTMTR,,4660136,282326240,0 ISS (ZARYA),1 25544U 98067A   25064.50703135  .00013956  00000-0  25424-3 0  9995,2 25544  51.6350 100.5595 0006248 346.3581  13.7238 15.49743013499088
3.0,GENERATED VIA SPACE-TRACK.ORG API,2025-03-05 18:56:15+00:00,18 SPCS,ISS (ZARYA),1998-067A,EARTH,TEME,UTC,SGP4,2025-03-05 14:09:47.486016+00:00,15.49745537,0.00060560,51.6357,100.1447,347.3954,116.6280,0,U,25544,999,49909,0.00024764000000,0.00013582,0.0000000000000,6795.607,92.918,421.587,413.356,PAYLOAD,LARGE,ISS,1998-11-20,TTMTR,,4660137,282349727,0 ISS (ZARYA),1 25544U 98067A   25064.59013294  .00013582  00000-0  24764-3 0  9995,2 25544  51.6357 100.1447 0006056 347.3954 116.6280 15.49745537499093
3.0,GENERATED VIA SPACE-TRACK.ORG API,2025-03-06 02:35:01+00:00,18 SPCS,ISS (ZARYA),1998-067A,EARTH,TEME,UTC,SGP4,2025-03-05 21:27:16.117920+00:00,15.49750542,0.00062780,51.6352,98.6431,347.8812,12.2025,0,U,25544,999,49914,0.00022683000000,0.00012403,0.0000000000000,6795.592,92.918,421.723,413.191,PAYLOAD,LARGE,ISS,1998-11-20,TTMTR,,4660438,282363286,0 ISS (ZARYA),1 25544U 98067A   25064.89393655  .00012403  00000-0  22683-3 0  9999,2 25544  51.6352  98.6431 0006278 347.8812  12.2025 15.49750542499142
3.0,GENERATED VIA SPACE-TRACK.ORG API,2025-03-06 07:16:17+00:00,18 SPCS,ISS (ZARYA),1998-067A,EARTH,TEME,UTC,SGP4,2025-03-06 05:42:40.673664+00:00,15.49758272,0.00060120,51.6366,96.9338,349.7760,130.9890,0,U,25544,999,49919,0.00021325000000,0.00011634,0.0000000000000,6795.570,92.918,421.520,413.349,PAYLOAD,LARGE,ISS,1998-11-20,TTMTR,,4660724,282394058,0 ISS (ZARYA),1 25544U 98067A   25065.23797076  .00011634  00000-0  21325-3 0  9990,2 25544  51.6366  96.9338 0006012 349.7760 130.9890 15.49758272499194
3.0,GENERATED VIA SPACE-TRACK.ORG API,2025-03-06 13:56:16+00:00,18 SPCS,ISS (ZARYA),1998-067A,EARTH,TEME,UTC,SGP4,2025-03-06 12:01:10.351200+00:00,15.49766733,0.00060270,51.6362,95.6311,350.1855,157.9950,0,U,25544,999,49923,0.00022335000000,0.00012212,0.0000000000000,6795.545,92.917,421.506,413.314,PAYLOAD,LARGE,ISS,1998-11-20,TTMTR,,4660777,282394174,0 ISS (ZARYA),1 25544U 98067A   25065.50081425  .00012212  00000-0  22335-3 0  9999,2 25544  51.6362  95.6311 0006027 350.1855 157.9950 15.49766733499236
3.0,GENERATED VIA SPACE-TRACK.ORG API,2025-03-06 18:35:59+00:00,18 SPCS,ISS (ZARYA),1998-067A,EARTH,TEME,UTC,SGP4,2025-03-06 12:55:49.914624+00:00,15.49766881,0.00062980,51.6353,95.4492,350.3740,9.7127,0,U,25544,999,49924,0.00021024000000,0.00011468,0.0000000000000,6795.544,92.917,421.689,413.130,PAYLOAD,LARGE,ISS,1998-11-20,TTMTR,,4661120,282409336,0 ISS (ZARYA),1 25544U 98067A   25065.53877216  .00011468  00000-0  21024-3 0  9999,2 25544  51.6353  95.4492 0006298 350.3740   9.7127 15.49766881499244
3.0,GENERATED VIA SPACE-TRACK.ORG API,2025-03-06 19:26:16+00:00,18 SPCS,ISS (ZARYA),1998-067A,EARTH,TEME,UTC,SGP4,2025-03-06 19:01:22.999584+00:00,15.49773953,0.00062720,51.6359,94.1869,350.9448,346.3820,0,U,25544,999,49927,0.00022778000000,0.00012468,0.0000000000000,6795.524,92.917,421.651,413.127,PAYLOAD,LARGE,ISS,1998-11-20,TTMTR,,4661125,282432384,0 ISS (ZARYA),1 25544U 98067A   25065.79262731  .00012468  00000-0  22778-3 0  9995,2 25544  51.6359  94.1869 0006272 350.9448 346.3820 15.49773953499278
3.0,GENERATED VIA SPACE-TRACK.ORG API,2025-03-07 07:16:31+00:00,18 SPCS,ISS (ZARYA),1998-067A,EARTH,TEME,UTC,SGP4,2025-03-07 06:22:43.748832+00:00,15.49780711,0.00062160,51.6364,91.8418,352.6793,106.2280,0,U,25544,999,49935,0.00016748000000,0.00009044,0.0000000000000,6795.504,92.916,421.593,413.145,PAYLOAD,LARGE,ISS,1998-11-20,TTMTR,,4661589,282473009,0 ISS (ZARYA),1 25544U 98067A   25066.26578413  .00009044  00000-0  16748-3 0  9991,2 25544  51.6364  91.8418 0006216 352.6793 106.2280 15.49780711499350
3.0,GENERATED VIA SPACE-TRACK.ORG API,2025-03-07 23:26:17+00:00,18 SPCS,ISS (ZARYA),1998-067A,EARTH,TEME,UTC,SGP4,2025-03-07 21:25:47.224416+00:00,15.49796787,0.00063750,51.6354,88.7424,355.6958,4.3975,0,U,25544,999,49945,0.00019475000000,0.00010600,0.0000000000000,6795.457,92.915,421.654,412.990,PAYLOAD,LARGE,ISS,1998-11-20,TTMTR,,4662329,282520274,0 ISS (ZARYA),1 25544U 98067A   25066.89290769  .00010600  00000-0  19475-3 0  9995,2 25544  51.6354  88.7424 0006375 355.6958   4.3975 15.49796787499453
3.0,GENERATED VIA SPACE-TRACK.ORG API,2025-03-08 02:46:15+00:00,18 SPCS,ISS (ZARYA),1998-067A,EARTH,TEME,UTC,SGP4,2025-03-08 02:14:28.522752+00:00,15.49801156,0.00063360,51.6364,87.7462,357.5897,41.7656,0,U,25544,999,49948,0.00019262000000,0.00010480,0.0000000000000,6795.444,92.915,421.615,413.004,PAYLOAD,LARGE,ISS,1998-11-20,TTMTR,,4662400,282521917,0 ISS (ZARYA),1 25544U 98067A   25067.09338568  .00010480  00000-0  19262-3 0  9998,2 25544  51.6364  87.7462 0006336 357.5897  41.7656 15.49801156499486
3.0,GENERATED VIA SPACE-TRACK.ORG API,2025-03-08 10:16:15+00:00,18 SPCS,ISS (ZARYA),1998-067A,EARTH,TEME,UTC,SGP4,2025-03-08 09:05:51+00:00,15.49806834,0.00062640,51.6364,86.3312,358.6322,195.6506,0,U,25544,999,49952,0.00019002000000,0.00010334,0.0000000000000,6795.428,92.915,421.549,413.036,PAYLOAD,LARGE,ISS,1998-11-20,TTMTR,,4662672,282558189,0 ISS (ZARYA),1 25544U 98067A   25067.37906250  .00010334  00000-0  19002-3 0  9998,2 25544  51.6364  86.3312 0006264 358.6322 195.6506 15.49806834499526
3.0,GENERATED VIA SPACE-TRACK.ORG API,2025-03-08 14:56:30+00:00,18 SPCS,ISS (ZARYA),1998-067A,EARTH,TEME,UTC,SGP4,2025-03-08 09:48:37.052352+00:00,15.49807364,0.00063880,51.6354,86.1874,357.4479,2.6476,0,U,25544,999,49953,0.00018900000000,0.00010277,0.0000000000000,6795.426,92.915,421.632,412.950,PAYLOAD,LARGE,ISS,1998-11-20,TTMTR,,4662925,282564666,0 ISS (ZARYA),1 25544U 98067A   25067.40876218  .00010277  00000-0  18900-3 0  9994,2 25544  51.6354  86.1874 0006388 357.4479   2.6476 15.49807364499536
3.0,GENERATED VIA SPACE-TRACK.ORG API,2025-03-08 19:50:46+00:00,18 SPCS,ISS (ZARYA),1998-067A,EARTH,TEME,UTC,SGP4,2025-03-08 05:10:03.392256+00:00,15.49803376,0.00063850,51.6353,87.1454,356.7284,3.3662,0,U,25544,999,49950,0.00018490000000,0.00010042,0.0000000000000,6795.438,92.915,421.642,412.964,PAYLOAD,LARGE,ISS,1998-11-20,TTMTR,,4662992,282572570,0 ISS (ZARYA),1 25544U 98067A   25067.21531704  .00010042  00000-0  18490-3 0  9995,2 25544  51.6353  87.1454 0006385 356.7284   3.3662 15.49803376499504
3.0,GENERATED VIA SPACE-TRACK.ORG API,2025-03-08 23:06:17+00:00,18 SPCS,ISS (ZARYA),1998-067A,EARTH,TEME,UTC,SGP4,2025-03-08 12:54:19.433088+00:00,15.49812693,0.00063800,51.6354,85.5486,357.9845,2.1117,0,U,25544,999,49955,0.00021936000000,0.00012006,0.0000000000000,6795.411,92.914,421.611,412.940,PAYLOAD,LARGE,ISS,1998-11-20,TTMTR,,4663262,282602987,0 ISS (ZARYA),1 25544U 98067A   25067.53772492  .00012006  00000-0  21936-3 0  9992,2 25544  51.6354  85.5486 0006380 357.9845   2.1117 15.49812693499552
3.0,GENERATED VIA SPACE-TRACK.ORG API,2025-03-09 04:56:15+00:00,18 SPCS,ISS (ZARYA),1998-067A,EARTH,TEME,UTC,SGP4,2025-03-09 03:17:59.047872+00:00,15.49828927,0.00062080,51.6367,82.5748,1.8942,106.7135,0,U,25544,999,49964,0.00022560000000,0.00012368,0.0000000000000,6795.363,92.913,421.447,413.010,PAYLOAD,LARGE,ISS,1998-11-20,TTMTR,,4663309,282633315,0 ISS (ZARYA),1 25544U 98067A   25068.13748898  .00012368  00000-0  22560-3 0  9997,2 25544  51.6367  82.5748 0006208   1.8942 106.7135 15.49828927499644
3.0,GENERATED VIA SPACE-TRACK.ORG API,2025-03-09 10:06:27+00:00,18 SPCS,ISS (ZARYA),1998-067A,EARTH,TEME,UTC,SGP4,2025-03-09 09:21:09.148608+00:00,15.49832014,0.00063440,51.6366,81.3254,1.9459,74.7103,0,U,25544,999,49968,0.00019558000000,0.00010660,0.0000000000000,6795.354,92.913,421.530,412.908,PAYLOAD,LARGE,ISS,1998-11-20,TTMTR,,4663635,282641185,0 ISS (ZARYA),1 25544U 98067A   25068.38968922  .00010660  00000-0  19558-3 0  9992,2 25544  51.6366  81.3254 0006344   1.9459  74.7103 15.49832014499682
3.0,GENERATED VIA SPACE-TRACK.ORG API,2025-03-09 18:25:58+00:00,18 SPCS,ISS (ZARYA),1998-067A,EARTH,TEME,UTC,SGP4,2025-03-09 12:07:06.575808+00:00,15.49841516,0.00063890,51.6353,80.7573,1.6996,358.4013,0,U,25544,999,49970,0.00027652000000,0.00015276,0.0000000000000,6795.326,92.913,421.533,412.850,PAYLOAD,LARGE,ISS,1998-11-20,TTMTR,,4663925,282654752,0 ISS (ZARYA),1 25544U 98067A   25068.50493722  .00015276  00000-0  27652-3 0  9999,2 25544  51.6353  80.7573 0006389   1.6996 358.4013 15.49841516499709
3.0,GENERATED VIA SPACE-TRACK.ORG API,2025-03-09 22:36:25+00:00,18 SPCS,ISS (ZARYA),1998-067A,EARTH,TEME,UTC,SGP4,2025-03-09 21:24:12.975840+00:00,15.49852573,0.00064010,51.6353,78.8409,3.2120,356.8909,0,U,25544,999,49976,0.00026852000000,0.00014826,0.0000000000000,6795.294,92.912,421.509,412.809,PAYLOAD,LARGE,ISS,1998-11-20,TTMTR,,4664300,282688369,0 ISS (ZARYA),1 25544U 98067A   25068.89181685  .00014826  00000-0  26852-3 0  9994,2 25544  51.6353  78.8409 0006401   3.2120 356.8909 15.49852573499764
3.0,GENERATED VIA SPACE-TRACK.ORG API,2025-03-10 06:56:21+00:00,18 SPCS,ISS (ZARYA),1998-067A,EARTH,TEME,UTC,SGP4,2025-03-10 05:08:28.114656+00:00,15.49861289,0.00064280,51.6353,77.2439,4.6864,355.4183,0,U,25544,999,49981,0.00024350000000,0.00013404,0.0000000000000,6795.268,92.912,421.501,412.765,PAYLOAD,LARGE,ISS,1998-11-20,TTMTR,,4664604,282724744,0 ISS (ZARYA),1 25544U 98067A   25069.21421429  .00013404  00000-0  24350-3 0  9996,2 25544  51.6353  77.2439 0006428   4.6864 355.4183 15.49861289499818
3.0,GENERATED VIA SPACE-TRACK.ORG API,2025-03-10 09:36:21+00:00,18 SPCS,ISS (ZARYA),1998-067A,EARTH,TEME,UTC,SGP4,2025-03-10 08:50:20.523840+00:00,15.49866033,0.00067190,51.6377,76.4770,6.4623,133.8926,0,U,25544,999,49983,0.00025135000000,0.00013854,0.0000000000000,6795.255,92.911,421.685,412.554,PAYLOAD,LARGE,ISS,1998-11-20,TTMTR,,4664680,282726498,0 ISS (ZARYA),1 25544U 98067A   25069.36829310  .00013854  00000-0  25135-3 0  9994,2 25544  51.6377  76.4770 0006719   6.4623 133.8926 15.49866033499836
3.0,GENERATED VIA SPACE-TRACK.ORG API,2025-03-10 13:06:16+00:00,18 SPCS,ISS (ZARYA),1998-067A,EARTH,TEME,UTC,SGP4,2025-03-10 11:45:28.855584+00:00,15.49864464,0.00062640,51.6366,75.8722,7.6024,91.8047,0,U,25544,999,49985,0.00022315000000,0.00012244,0.0000000000000,6795.259,92.911,421.381,412.868,PAYLOAD,LARGE,ISS,1998-11-20,TTMTR,,4664689,282726507,0 ISS (ZARYA),1 25544U 98067A   25069.48991731  .00012244  00000-0  22315-3 0  9993,2 25544  51.6366  75.8722 0006264   7.6024  91.8047 15.49864464499852
3.0,GENERATED VIA SPACE-TRACK.ORG API,2025-03-10 17:12:15+00:00,18 SPCS,ISS (ZARYA),1998-067A,EARTH,TEME,UTC,SGP4,2025-03-10 11:19:52.115808+00:00,15.49867219,0.00063830,51.6354,75.9661,5.5135,354.5923,0,U,25544,999,49985,0.00022026000000,0.00012081,0.0000000000000,6795.251,92.911,421.454,412.779,PAYLOAD,LARGE,ISS,1998-11-20,TTMTR,,4665056,282741665,0 ISS (ZARYA),1 25544U 98067A   25069.47213097  .00012081  00000-0  22026-3 0  9992,2 25544  51.6354  75.9661 0006383   5.5135 354.5923 15.49867219499857
3.0,GENERATED VIA SPACE-TRACK.ORG API,2025-03-10 17:56:16+00:00,18 SPCS,ISS (ZARYA),1998-067A,EARTH,TEME,UTC,SGP4,2025-03-10 17:28:12.999936+00:00,15.49875231,0.00067070,51.6376,74.6940,7.6530,340.6253,0,U,25544,999,49988,0.00024166000000,0.00013306,0.0000000000000,6795.228,92.911,421.650,412.535,PAYLOAD,LARGE,ISS,1998-11-20,TTMTR,,4665069,282765210,0 ISS (ZARYA),1 25544U 98067A   25069.72792824  .00013306  00000-0  24166-3 0  9998,2 25544  51.6376  74.6940 0006707   7.6530 340.6253 15.49875231499887
3.0,GENERATED VIA SPACE-TRACK.ORG API,2025-03-10 22:56:29+00:00,18 SPCS,ISS (ZARYA),1998-067A,EARTH,TEME,UTC,SGP4,2025-03-10 20:36:57.919680+00:00,15.49878056,0.00064000,51.6353,74.0496,7.1788,352.9291,0,U,25544,999,49991,0.00021929000000,0.00012030,0.0000000000000,6795.219,92.911,421.433,412.736,PAYLOAD,LARGE,ISS,1998-11-20,TTMTR,,4665305,282771438,0 ISS (ZARYA),1 25544U 98067A   25069.85900370  .00012030  00000-0  21929-3 0  9996,2 25544  51.6353  74.0496 0006400   7.1788 352.9291 15.49878056499912
3.0,GENERATED VIA SPACE-TRACK.ORG API,2025-03-11 05:46:18+00:00,18 SPCS,ISS (ZARYA),1998-067A,EARTH,TEME,UTC,SGP4,2025-03-11 04:46:00.340320+00:00,15.49889236,0.00064810,51.6366,72.3628,9.3228,86.9266,0,U,25544,999,49996,0.00025100000000,0.00013846,0.0000000000000,6795.187,92.910,421.456,412.648,PAYLOAD,LARGE,ISS,1998-11-20,TTMTR,,4665578,282806165,0 ISS (ZARYA),1 25544U 98067A   25070.19861505  .00013846  00000-0  25100-3 0  9992,2 25544  51.6366  72.3628 0006481   9.3228  86.9266 15.49889236499969
3.0,GENERATED VIA SPACE-TRACK.ORG API,2025-03-11 09:46:15+00:00,18 SPCS,ISS (ZARYA),1998-067A,EARTH,TEME,UTC,SGP4,2025-03-11 08:01:21.938880+00:00,15.49894071,0.00063900,51.6365,71.6941,9.7460,123.9698,0,U,25544,999,49998,0.00026777000000,0.00014805,0.0000000000000,6795.173,92.910,421.380,412.696,PAYLOAD,LARGE,ISS,1998-11-20,TTMTR,,4665832,282813010,0 ISS (ZARYA),1 25544U 98067A   25070.33428170  .00014805  00000-0  26777-3 0  9992,2 25544  51.6365  71.6941 0006390   9.7460 123.9698 15.49894071499985
3.0,GENERATED VIA SPACE-TRACK.ORG API,2025-03-11 13:26:17+00:00,18 SPCS,ISS (ZARYA),1998-067A,EARTH,TEME,UTC,SGP4,2025-03-11 10:57:43.125696+00:00,15.49898291,0.00064030,51.6365,71.0872,10.0539,87.4368,0,U,25544,999,50000,0.00027212000000,0.00015056,0.0000000000000,6795.160,92.909,421.376,412.674,PAYLOAD,LARGE,ISS,1998-11-20,TTMTR,,4665839,282813017,0 ISS (ZARYA),1 25544U 98067A   25070.45674914  .00015056  00000-0  27212-3 0  9998,2 25544  51.6365  71.0872 0006403  10.0539  87.4368 15.49898291500001
3.0,GENERATED VIA SPACE-TRACK.ORG API,2025-03-11 14:56:33+00:00,18 SPCS,ISS (ZARYA),1998-067A,EARTH,TEME,UTC,SGP4,2025-03-11 10:57:43.125696+00:00,15.49895111,0.00063380,51.6369,71.0836,10.6648,86.8244,0,U,25544,999,50000,0.00024313000000,0.00013398,0.0000000000000,6795.170,92.910,421.341,412.728,PAYLOAD,LARGE,ISS,1998-11-20,TTMTR,,4666103,282819059,0 ISS (ZARYA),1 25544U 98067A   25070.45674914  .00013398  00000-0  24313-3 0  9994,2 25544  51.6369  71.0836 0006338  10.6648  86.8244 15.49895111500003
3.0,GENERATED VIA SPACE-TRACK.ORG API,2025-03-11 19:06:16+00:00,18 SPCS,ISS (ZARYA),1998-067A,EARTH,TEME,UTC,SGP4,2025-03-11 18:12:13.999968+00:00,15.49903475,0.00065010,51.6364,69.5920,10.8183,331.4150,0,U,25544,999,50004,0.00024202000000,0.00013340,0.0000000000000,6795.145,92.909,421.428,412.593,PAYLOAD,LARGE,ISS,1998-11-20,TTMTR,,4666190,282851077,0 ISS (ZARYA),1 25544U 98067A   25070.75849537  .00013340  00000-0  24202-3 0  9996,2 25544  51.6364  69.5920 0006501  10.8183 331.4150 15.49903475500044
3.0,GENERATED VIA SPACE-TRACK.ORG API,2025-03-11 23:06:18+00:00,18 SPCS,ISS (ZARYA),1998-067A,EARTH,TEME,UTC,SGP4,2025-03-11 19:49:41.589120+00:00,15.49902436,0.00063910,51.6353,69.2581,10.5433,349.5688,0,U,25544,999,50006,0.00022911000000,0.00012602,0.0000000000000,6795.148,92.909,421.356,412.670,PAYLOAD,LARGE,ISS,1998-11-20,TTMTR,,4666493,282857843,0 ISS (ZARYA),1 25544U 98067A   25070.82617580  .00012602  00000-0  22911-3 0  9990,2 25544  51.6353  69.2581 0006391  10.5433 349.5688 15.49902436500068
3.0,GENERATED VIA SPACE-TRACK.ORG API,2025-03-12 05:56:16+00:00,18 SPCS,ISS (ZARYA),1998-067A,EARTH,TEME,UTC,SGP4,2025-03-12 05:31:31.877184+00:00,15.49915510,0.00063870,51.6371,67.2508,13.3406,82.7568,0,U,25544,999,50012,0.00024077000000,0.00013274,0.0000000000000,6795.110,92.908,421.315,412.635,PAYLOAD,LARGE,ISS,1998-11-20,TTMTR,,4666565,282889094,0 ISS (ZARYA),1 25544U 98067A   25071.23023006  .00013274  00000-0  24077-3 0  9991,2 25544  51.6371  67.2508 0006387  13.3406  82.7568 15.49915510500128
3.0,GENERATED VIA SPACE-TRACK.ORG API,2025-03-12 12:46:18+00:00,18 SPCS,ISS (ZARYA),1998-067A,EARTH,TEME,UTC,SGP4,2025-03-12 08:12:28.315296+00:00,15.49917383,0.00064230,51.6352,66.7028,12.5650,347.5498,0,U,25544,999,50014,0.00025129000000,0.00013876,0.0000000000000,6795.105,92.908,421.334,412.605,PAYLOAD,LARGE,ISS,1998-11-20,TTMTR,,4667128,282902744,0 ISS (ZARYA),1 25544U 98067A   25071.34199439  .00013876  00000-0  25129-3 0  9994,2 25544  51.6352  66.7028 0006423  12.5650 347.5498 15.49917383500147
3.0,GENERATED VIA SPACE-TRACK.ORG API,2025-03-12 14:36:26+00:00,18 SPCS,ISS (ZARYA),1998-067A,EARTH,TEME,UTC,SGP4,2025-03-12 11:18:09.916704+00:00,15.49921961,0.00064190,51.6351,66.0638,13.0256,347.0898,0,U,25544,999,50016,0.00026208000000,0.00014495,0.0000000000000,6795.091,92.908,421.318,412.594,PAYLOAD,LARGE,ISS,1998-11-20,TTMTR,,4667256,282906051,0 ISS (ZARYA),1 25544U 98067A   25071.47094811  .00014495  00000-0  26208-3 0  9993,2 25544  51.6351  66.0638 0006419  13.0256 347.0898 15.49921961500167
3.0,GENERATED VIA SPACE-TRACK.ORG API,2025-03-12 20:56:16+00:00,18 SPCS,ISS (ZARYA),1998-067A,EARTH,TEME,UTC,SGP4,2025-03-12 19:18:11.835360+00:00,15.49931341,0.00064100,51.6370,64.4073,15.4720,45.9140,0,U,25544,999,50021,0.00024104000000,0.00013297,0.0000000000000,6795.064,92.907,421.284,412.573,PAYLOAD,LARGE,ISS,1998-11-20,TTMTR,,4667324,282937261,0 ISS (ZARYA),1 25544U 98067A   25071.80430365  .00013297  00000-0  24104-3 0  9990,2 25544  51.6370  64.4073 0006410  15.4720  45.9140 15.49931341500219
3.0,GENERATED VIA SPACE-TRACK.ORG API,2025-03-12 23:06:17+00:00,18 SPCS,ISS (ZARYA),1998-067A,EARTH,TEME,UTC,SGP4,2025-03-12 20:35:14.546400+00:00,15.49936208,0.00064230,51.6352,64.1471,14.4841,345.6331,0,U,25544,999,50022,0.00030385000000,0.00016892,0.0000000000000,6795.050,92.907,421.279,412.550,PAYLOAD,LARGE,ISS,1998-11-20,TTMTR,,4667627,282944090,0 ISS (ZARYA),1 25544U 98067A   25071.85780725  .00016892  00000-0  30385-3 0  9995,2 25544  51.6352  64.1471 0006423  14.4841 345.6331 15.49936208500225
3.0,GENERATED VIA SPACE-TRACK.ORG API,2025-03-13 01:36:16+00:00,18 SPCS,ISS (ZARYA),1998-067A,EARTH,TEME,UTC,SGP4,2025-03-13 00:06:00.764928+00:00,15.49939018,0.00065680,51.6356,63.4195,15.5590,81.8021,0,U,25544,999,50024,0.00026081000000,0.00014432,0.0000000000000,6795.041,92.907,421.369,412.443,PAYLOAD,LARGE,ISS,1998-11-20,TTMTR,,4667688,282945895,0 ISS (ZARYA),1 25544U 98067A   25072.00417552  .00014432  00000-0  26081-3 0  9994,2 25544  51.6356  63.4195 0006568  15.5590  81.8021 15.49939018500246
3.0,GENERATED VIA SPACE-TRACK.ORG API,2025-03-13 07:06:33+00:00,18 SPCS,ISS (ZARYA),1998-067A,EARTH,TEME,UTC,SGP4,2025-03-13 04:19:28.146432+00:00,15.49949950,0.00064220,51.6353,62.5500,15.6574,344.4612,0,U,25544,999,50027,0.00034009000000,0.00018976,0.0000000000000,6795.009,92.906,421.238,412.511,PAYLOAD,LARGE,ISS,1998-11-20,TTMTR,,4667970,282982780,0 ISS (ZARYA),1 25544U 98067A   25072.18018688  .00018976  00000-0  34009-3 0  9996,2 25544  51.6353  62.5500 0006422  15.6574 344.4612 15.49949950500278
3.0,GENERATED VIA SPACE-TRACK.ORG API,2025-03-13 15:16:17+00:00,18 SPCS,ISS (ZARYA),1998-067A,EARTH,TEME,UTC,SGP4,2025-03-13 10:30:50.867136+00:00,15.49959635,0.00064200,51.6354,61.2721,16.6184,343.5014,0,U,25544,999,50031,0.00033994000000,0.00018974,0.0000000000000,6794.981,92.906,421.208,412.484,PAYLOAD,LARGE,ISS,1998-11-20,TTMTR,,4668371,282991939,0 ISS (ZARYA),1 25544U 98067A   25072.43808874  .00018974  00000-0  33994-3 0  9998,2 25544  51.6354  61.2721 0006420  16.6184 343.5014 15.49959635500318
3.0,GENERATED VIA SPACE-TRACK.ORG API,2025-03-13 21:16:17+00:00,18 SPCS,ISS (ZARYA),1998-067A,EARTH,TEME,UTC,SGP4,2025-03-13 20:05:55.324896+00:00,15.49975822,0.00066890,51.6375,59.2900,17.4082,52.5523,0,U,25544,999,50037,0.00034210000000,0.00019110,0.0000000000000,6794.934,92.905,421.344,412.254,PAYLOAD,LARGE,ISS,1998-11-20,TTMTR,,4668400,283022278,0 ISS (ZARYA),1 25544U 98067A   25072.83744589  .00019110  00000-0  34210-3 0  9999,2 25544  51.6375  59.2900 0006689  17.4082  52.5523 15.49975822500374
3.0,GENERATED VIA SPACE-TRACK.ORG API,2025-03-14 01:56:16+00:00,18 SPCS,ISS (ZARYA),1998-067A,EARTH,TEME,UTC,SGP4,2025-03-14 00:55:08.662080+00:00,15.49978000,0.00066790,51.6372,58.2958,17.3049,94.1100,0,U,25544,999,50040,0.00028182000000,0.00015656,0.0000000000000,6794.927,92.905,421.331,412.254,PAYLOAD,LARGE,ISS,1998-11-20,TTMTR,,4668738,283030310,0 ISS (ZARYA),1 25544U 98067A   25073.03829470  .00015656  00000-0  28182-3 0  9997,2 25544  51.6372  58.2958 0006679  17.3049  94.1100 15.49978000500402
3.0,GENERATED VIA SPACE-TRACK.ORG API,2025-03-14 02:27:44+00:00,18 SPCS,ISS (ZARYA),1998-067A,EARTH,TEME,UTC,SGP4,2025-03-13 19:47:54.712320+00:00,15.49971522,0.00064310,51.6355,59.3554,18.1042,342.0174,0,U,25544,999,50037,0.00030552000000,0.00017009,0.0000000000000,6794.946,92.905,421.181,412.441,PAYLOAD,LARGE,ISS,1998-11-20,TTMTR,,4668740,283036596,0 ISS (ZARYA),1 25544U 98067A   25072.82493880  .00017009  00000-0  30552-3 0  9993,2 25544  51.6355  59.3554 0006431  18.1042 342.0174 15.49971522500379
3.0,GENERATED VIA SPACE-TRACK.ORG API,2025-03-14 07:16:51+00:00,18 SPCS,ISS (ZARYA),1998-067A,EARTH,TEME,UTC,SGP4,2025-03-14 03:32:07.654848+00:00,15.49984547,0.00064710,51.6356,57.7581,19.1433,340.9798,0,U,25544,999,50042,0.00031200000000,0.00017389,0.0000000000000,6794.908,92.904,421.170,412.376,PAYLOAD,LARGE,ISS,1998-11-20,TTMTR,,4669038,283066864,0 ISS (ZARYA),1 25544U 98067A   25073.14731082  .00017389  00000-0  31200-3 0  9990,2 25544  51.6356  57.7581 0006471  19.1433 340.9798 15.49984547500427
3.0,GENERATED VIA SPACE-TRACK.ORG API,2025-03-14 20:37:34+00:00,18 SPCS,ISS (ZARYA),1998-067A,EARTH,TEME,UTC,SGP4,2025-03-14 10:19:25.092192+00:00,15.49985662,0.00063960,51.6380,56.3526,22.4095,116.9845,0,U,25544,999,50046,0.00026698000000,0.00014809,0.0000000000000,6794.905,92.904,421.116,412.424,PAYLOAD,LARGE,ISS,1998-11-20,TTMTR,,4669052,283073740,0 ISS (ZARYA),1 25544U 98067A   25073.43015153  .00014809  00000-0  26698-3 0  9995,2 25544  51.6380  56.3526 0006396  22.4095 116.9845 15.49985662500462
3.0,GENERATED VIA SPACE-TRACK.ORG API,2025-03-14 23:06:33+00:00,18 SPCS,ISS (ZARYA),1998-067A,EARTH,TEME,UTC,SGP4,2025-03-14 20:33:23.372064+00:00,15.50010161,0.00064070,51.6358,54.2440,21.9595,338.1668,0,U,25544,999,50053,0.00030216000000,0.00016840,0.0000000000000,6794.833,92.903,421.052,412.345,PAYLOAD,LARGE,ISS,1998-11-20,TTMTR,,4669312,283103293,0 ISS (ZARYA),1 25544U 98067A   25073.85652051  .00016840  00000-0  30216-3 0  9993,2 25544  51.6358  54.2440 0006407  21.9595 338.1668 15.50010161500535
3.0,GENERATED VIA SPACE-TRACK.ORG API,2025-03-15 07:06:54+00:00,18 SPCS,ISS (ZARYA),1998-067A,EARTH,TEME,UTC,SGP4,2025-03-15 04:17:35.657952+00:00,15.50021799,0.00064420,51.6358,52.6470,23.0781,337.0496,0,U,25544,999,50058,0.00030206000000,0.00016842,0.0000000000000,6794.799,92.902,421.042,412.287,PAYLOAD,LARGE,ISS,1998-11-20,TTMTR,,4669652,283111561,0 ISS (ZARYA),1 25544U 98067A   25074.17888493  .00016842  00000-0  30206-3 0  9991,2 25544  51.6358  52.6470 0006442  23.0781 337.0496 15.50021799500580
3.0,GENERATED VIA SPACE-TRACK.ORG API,2025-03-15 13:26:16+00:00,18 SPCS,ISS (ZARYA),1998-067A,EARTH,TEME,UTC,SGP4,2025-03-15 11:06:20.879424+00:00,15.50030245,0.00066680,51.6370,51.2355,24.3905,120.7284,0,U,25544,999,50062,0.00030625000000,0.00017089,0.0000000000000,6794.775,92.901,421.170,412.109,PAYLOAD,LARGE,ISS,1998-11-20,TTMTR,,4669705,283142091,0 ISS (ZARYA),1 25544U 98067A   25074.46274166  .00017089  00000-0  30625-3 0  9998,2 25544  51.6370  51.2355 0006668  24.3905 120.7284 15.50030245500626
3.0,GENERATED VIA SPACE-TRACK.ORG API,2025-03-15 17:32:46+00:00,18 SPCS,ISS (ZARYA),1998-067A,EARTH,TEME,UTC,SGP4,2025-03-15 10:28:57.331488+00:00,15.50030647,0.00064200,51.6359,51.3690,24.1429,335.9860,0,U,25544,999,50062,0.00029511000000,0.00016448,0.0000000000000,6794.774,92.901,421.001,412.276,PAYLOAD,LARGE,ISS,1998-11-20,TTMTR,,4670048,283157196,0 ISS (ZARYA),1 25544U 98067A   25074.43677467  .00016448  00000-0  29511-3 0  9996,2 25544  51.6359  51.3690 0006420  24.1429 335.9860 15.50030647500627
3.0,GENERATED VIA SPACE-TRACK.ORG API,2025-03-15 17:46:23+00:00,18 SPCS,ISS (ZARYA),1998-067A,EARTH,TEME,UTC,SGP4,2025-03-15 16:38:37.999968+00:00,15.50039700,0.00066800,51.6374,50.0930,25.6143,327.9954,0,U,25544,999,50065,0.00031010000000,0.00017315,0.0000000000000,6794.747,92.901,421.151,412.073,PAYLOAD,LARGE,ISS,1998-11-20,TTMTR,,4670050,283180618,0 ISS (ZARYA),1 25544U 98067A   25074.69349537  .00017315  00000-0  31010-3 0  9999,2 25544  51.6374  50.0930 0006680  25.6143 327.9954 15.50039700500651
3.0,GENERATED VIA SPACE-TRACK.ORG API,2025-03-15 23:26:18+00:00,18 SPCS,ISS (ZARYA),1998-067A,EARTH,TEME,UTC,SGP4,2025-03-15 21:18:49.942656+00:00,15.50047759,0.00063990,51.6359,49.1331,25.9029,334.2279,0,U,25544,999,50069,0.00031586000000,0.00017650,0.0000000000000,6794.723,92.900,420.936,412.241,PAYLOAD,LARGE,ISS,1998-11-20,TTMTR,,4670330,283187257,0 ISS (ZARYA),1 25544U 98067A   25074.88807804  .00017650  00000-0  31586-3 0  9996,2 25544  51.6359  49.1331 0006399  25.9029 334.2279 15.50047759500699
3.0,GENERATED VIA SPACE-TRACK.ORG API,2025-03-16 07:06:44+00:00,18 SPCS,ISS (ZARYA),1998-067A,EARTH,TEME,UTC,SGP4,2025-03-16 03:30:11.223072+00:00,15.50058216,0.00063860,51.6361,47.8550,26.8520,333.2799,0,U,25544,999,50073,0.00032641000000,0.00018263,0.0000000000000,6794.693,92.900,420.897,412.219,PAYLOAD,LARGE,ISS,1998-11-20,TTMTR,,4670668,283224823,0 ISS (ZARYA),1 25544U 98067A   25075.14596323  .00018263  00000-0  32641-3 0  9991,2 25544  51.6361  47.8550 0006386  26.8520 333.2799 15.50058216500733
3.0,GENERATED VIA SPACE-TRACK.ORG API,2025-03-16 12:46:16+00:00,18 SPCS,ISS (ZARYA),1998-067A,EARTH,TEME,UTC,SGP4,2025-03-16 10:18:09.285696+00:00,15.50067173,0.00066870,51.6369,46.4497,30.3362,111.7801,0,U,25544,999,50077,0.00030403000000,0.00016983,0.0000000000000,6794.667,92.899,421.075,411.988,PAYLOAD,LARGE,ISS,1998-11-20,TTMTR,,4670705,283225905,0 ISS (ZARYA),1 25544U 98067A   25075.42927414  .00016983  00000-0  30403-3 0  9992,2 25544  51.6369  46.4497 0006687  30.3362 111.7801 15.50067173500773
3.0,GENERATED VIA SPACE-TRACK.ORG API,2025-03-16 18:34:10+00:00,18 SPCS,ISS (ZARYA),1998-067A,EARTH,TEME,UTC,SGP4,2025-03-16 09:41:32.271072+00:00,15.50074457,0.00064260,51.6361,46.5776,27.7688,332.3643,0,U,25544,999,50077,0.00040162000000,0.00022603,0.0000000000000,6794.645,92.899,420.877,412.144,PAYLOAD,LARGE,ISS,1998-11-20,TTMTR,,4671009,283240370,0 ISS (ZARYA),1 25544U 98067A   25075.40384573  .00022603  00000-0  40162-3 0  9992,2 25544  51.6361  46.5776 0006426  27.7688 332.3643 15.50074457500776
3.0,GENERATED VIA SPACE-TRACK.ORG API,2025-03-16 18:36:19+00:00,18 SPCS,ISS (ZARYA),1998-067A,EARTH,TEME,UTC,SGP4,2025-03-16 17:41:33.192672+00:00,15.50081075,0.00065080,51.6377,44.9216,30.1803,31.3292,0,U,25544,999,50082,0.00032423000000,0.00018154,0.0000000000000,6794.626,92.898,420.913,412.069,PAYLOAD,LARGE,ISS,1998-11-20,TTMTR,,4671011,283257421,0 ISS (ZARYA),1 25544U 98067A   25075.73718973  .00018154  00000-0  32423-3 0  9990,2 25544  51.6377  44.9216 0006508  30.1803  31.3292 15.50081075500828
3.0,GENERATED VIA SPACE-TRACK.ORG API,2025-03-16 23:06:18+00:00,18 SPCS,ISS (ZARYA),1998-067A,EARTH,TEME,UTC,SGP4,2025-03-16 20:31:23.658816+00:00,15.50098504,0.00063530,51.6363,44.3412,29.6937,330.4411,0,U,25544,999,50084,0.00041535000000,0.00023414,0.0000000000000,6794.575,92.897,420.757,412.124,PAYLOAD,LARGE,ISS,1998-11-20,TTMTR,,4671310,283270834,0 ISS (ZARYA),1 25544U 98067A   25075.85513494  .00023414  00000-0  41535-3 0  9993,2 25544  51.6363  44.3412 0006353  29.6937 330.4411 15.50098504500847
3.0,GENERATED VIA SPACE-TRACK.ORG API,2025-03-17 00:56:16+00:00,18 SPCS,ISS (ZARYA),1998-067A,EARTH,TEME,UTC,SGP4,2025-03-17 00:04:48.781632+00:00,15.50092071,0.00064490,51.6371,43.6019,30.6766,77.0356,0,U,25544,999,50086,0.00032690000000,0.00018314,0.0000000000000,6794.594,92.898,420.841,412.077,PAYLOAD,LARGE,ISS,1998-11-20,TTMTR,,4671371,283272070,0 ISS (ZARYA),1 25544U 98067A   25076.00334238  .00018314  00000-0  32690-3 0  9993,2 25544  51.6371  43.6019 0006449  30.6766  77.0356 15.50092071500866
3.0,GENERATED VIA SPACE-TRACK.ORG API,2025-03-17 07:06:35+00:00,18 SPCS,ISS (ZARYA),1998-067A,EARTH,TEME,UTC,SGP4,2025-03-17 04:15:34.357536+00:00,15.50114121,0.00064130,51.6367,42.7442,30.4936,329.6424,0,U,25544,999,50089,0.00043866000000,0.00024772,0.0000000000000,6794.530,92.896,420.752,412.037,PAYLOAD,LARGE,ISS,1998-11-20,TTMTR,,4671681,283309290,0 ISS (ZARYA),1 25544U 98067A   25076.17748099  .00024772  00000-0  43866-3 0  9997,2 25544  51.6367  42.7442 0006413  30.4936 329.6424 15.50114121500895
3.0,GENERATED VIA SPACE-TRACK.ORG API,2025-03-17 14:56:18+00:00,18 SPCS,ISS (ZARYA),1998-067A,EARTH,TEME,UTC,SGP4,2025-03-17 08:54:04.647168+00:00,15.50122778,0.00064680,51.6367,41.7858,30.7796,329.3571,0,U,25544,999,50092,0.00042500000000,0.00023992,0.0000000000000,6794.504,92.896,420.764,411.975,PAYLOAD,LARGE,ISS,1998-11-20,TTMTR,,4672004,283317142,0 ISS (ZARYA),1 25544U 98067A   25076.37088712  .00023992  00000-0  42500-3 0  9995,2 25544  51.6367  41.7858 0006468  30.7796 329.3571 15.50122778500923
3.0,GENERATED VIA SPACE-TRACK.ORG API,2025-03-17 23:36:26+00:00,18 SPCS,ISS (ZARYA),1998-067A,EARTH,TEME,UTC,SGP4,2025-03-17 21:24:12.531744+00:00,15.49509203,0.00040860,51.6544,39.2330,45.4539,343.1317,0,U,25544,999,50100,-0.00224800000000,-0.00124587,0.0000000000000,6796.298,92.933,420.940,415.386,PAYLOAD,LARGE,ISS,1998-11-20,TTMTR,,4672410,283355437,0 ISS (ZARYA),1 25544U 98067A   25076.89181171 -.00124587  00000-0 -22480-2 0  9993,2 25544  51.6544  39.2330 0004086  45.4539 343.1317 15.49509203501001
3.0,GENERATED VIA SPACE-TRACK.ORG API,2025-03-18 21:06:16+00:00,18 SPCS,ISS (ZARYA),1998-067A,EARTH,TEME,UTC,SGP4,2025-03-18 20:50:43.355040+00:00,15.49618050,0.00042960,51.6402,34.3664,19.8911,61.0593,0,U,25544,999,50115,0.00066721000000,0.00037299,0.0000000000000,6795.980,92.926,420.764,414.925,PAYLOAD,LARGE,ISS,1998-11-20,TTMTR,,4673132,283431569,0 ISS (ZARYA),1 25544U 98067A   25077.86855735  .00037299  00000-0  66721-3 0  9993,2 25544  51.6402  34.3664 0004296  19.8911  61.0593 15.49618050501151
3.0,GENERATED VIA SPACE-TRACK.ORG API,2025-03-19 02:06:17+00:00,18 SPCS,ISS (ZARYA),1998-067A,EARTH,TEME,UTC,SGP4,2025-03-19 01:28:23.971584+00:00,15.49612217,0.00044840,51.6361,33.4101,20.2343,57.1407,0,U,25544,999,50118,0.00043484000000,0.00024105,0.0000000000000,6795.997,92.926,420.909,414.814,PAYLOAD,LARGE,ISS,1998-11-20,TTMTR,,4673447,283438759,0 ISS (ZARYA),1 25544U 98067A   25078.06138856  .00024105  00000-0  43484-3 0  9997,2 25544  51.6361  33.4101 0004484  20.2343  57.1407 15.49612217501187
3.0,GENERATED VIA SPACE-TRACK.ORG API,2025-03-19 02:27:03+00:00,18 SPCS,ISS (ZARYA),1998-067A,EARTH,TEME,UTC,SGP4,2025-03-18 20:29:52.345248+00:00,15.49604504,0.00037730,51.6366,34.4410,26.8820,333.2363,0,U,25544,999,50115,0.00047659000000,0.00026461,0.0000000000000,6796.019,92.927,420.448,415.320,PAYLOAD,LARGE,ISS,1998-11-20,TTMTR,,4673449,283445044,0 ISS (ZARYA),1 25544U 98067A   25077.85407807  .00026461  00000-0  47659-3 0  9993,2 25544  51.6366  34.4410 0003773  26.8820 333.2363 15.49604504501154
3.0,GENERATED VIA SPACE-TRACK.ORG API,2025-03-19 06:56:33+00:00,18 SPCS,ISS (ZARYA),1998-067A,EARTH,TEME,UTC,SGP4,2025-03-19 04:14:11.926752+00:00,15.49618887,0.00039040,51.6367,32.8449,27.4067,332.7127,0,U,25544,999,50120,0.00042871000000,0.00023762,0.0000000000000,6795.977,92.926,420.495,415.189,PAYLOAD,LARGE,ISS,1998-11-20,TTMTR,,4673702,283474607,0 ISS (ZARYA),1 25544U 98067A   25078.17652693  .00023762  00000-0  42871-3 0  9996,2 25544  51.6367  32.8449 0003904  27.4067 332.7127 15.49618887501202
3.0,GENERATED VIA SPACE-TRACK.ORG API,2025-03-19 14:56:26+00:00,18 SPCS,ISS (ZARYA),1998-067A,EARTH,TEME,UTC,SGP4,2025-03-19 08:52:47.531712+00:00,15.49628144,0.00038920,51.6365,31.8868,28.0409,332.0788,0,U,25544,999,50123,0.00041584000000,0.00023040,0.0000000000000,6795.950,92.926,420.460,415.170,PAYLOAD,LARGE,ISS,1998-11-20,TTMTR,,4674031,283482180,0 ISS (ZARYA),1 25544U 98067A   25078.36999458  .00023040  00000-0  41584-3 0  9999,2 25544  51.6365  31.8868 0003892  28.0409 332.0788 15.49628144501233
3.0,GENERATED VIA SPACE-TRACK.ORG API,2025-03-19 21:16:16+00:00,18 SPCS,ISS (ZARYA),1998-067A,EARTH,TEME,UTC,SGP4,2025-03-19 20:06:19.672416+00:00,15.49655987,0.00042910,51.6371,29.5667,26.3916,64.8029,0,U,25544,999,50130,0.00046888000000,0.00026074,0.0000000000000,6795.869,92.924,420.650,414.818,PAYLOAD,LARGE,ISS,1998-11-20,TTMTR,,4674129,283513918,0 ISS (ZARYA),1 25544U 98067A   25078.83772769  .00026074  00000-0  46888-3 0  9997,2 25544  51.6371  29.5667 0004291  26.3916  64.8029 15.49655987501300
3.0,GENERATED VIA SPACE-TRACK.ORG API,2025-03-20 01:46:16+00:00,18 SPCS,ISS (ZARYA),1998-067A,EARTH,TEME,UTC,SGP4,2025-03-20 00:46:11.242848+00:00,15.49663618,0.00038660,51.6372,28.6058,33.6212,62.5054,0,U,25544,999,50133,0.00046493000000,0.00025856,0.0000000000000,6795.846,92.923,420.339,415.084,PAYLOAD,LARGE,ISS,1998-11-20,TTMTR,,4674428,283520665,0 ISS (ZARYA),1 25544U 98067A   25079.03207457  .00025856  00000-0  46493-3 0  9996,2 25544  51.6372  28.6058 0003866  33.6212  62.5054 15.49663618501338
3.0,GENERATED VIA SPACE-TRACK.ORG API,2025-03-20 03:31:02+00:00,18 SPCS,ISS (ZARYA),1998-067A,EARTH,TEME,UTC,SGP4,2025-03-19 19:42:50.158368+00:00,15.49653565,0.00038720,51.6365,29.6514,30.0919,330.0292,0,U,25544,999,50130,0.00046039000000,0.00025589,0.0000000000000,6795.876,92.924,420.372,415.109,PAYLOAD,LARGE,ISS,1998-11-20,TTMTR,,4674434,283526954,0 ISS (ZARYA),1 25544U 98067A   25078.82141387  .00025589  00000-0  46039-3 0  9990,2 25544  51.6365  29.6514 0003872  30.0919 330.0292 15.49653565501304
3.0,GENERATED VIA SPACE-TRACK.ORG API,2025-03-20 07:06:25+00:00,18 SPCS,ISS (ZARYA),1998-067A,EARTH,TEME,UTC,SGP4,2025-03-20 05:00:00.477504+00:00,15.49675134,0.00039200,51.6367,27.7354,31.1185,329.0036,0,U,25544,999,50136,0.00048293000000,0.00026889,0.0000000000000,6795.813,92.923,420.342,415.014,PAYLOAD,LARGE,ISS,1998-11-20,TTMTR,,4674726,283557497,0 ISS (ZARYA),1 25544U 98067A   25079.20833886  .00026889  00000-0  48293-3 0  9993,2 25544  51.6367  27.7354 0003920  31.1185 329.0036 15.49675134501364
3.0,GENERATED VIA SPACE-TRACK.ORG API,2025-03-20 15:06:20+00:00,18 SPCS,ISS (ZARYA),1998-067A,EARTH,TEME,UTC,SGP4,2025-03-20 08:05:43.829376+00:00,15.49681491,0.00039350,51.6366,27.0966,31.4862,328.6361,0,U,25544,999,50138,0.00046536000000,0.00025897,0.0000000000000,6795.794,92.922,420.333,414.985,PAYLOAD,LARGE,ISS,1998-11-20,TTMTR,,4675044,283565495,0 ISS (ZARYA),1 25544U 98067A   25079.33731284  .00025897  00000-0  46536-3 0  9992,2 25544  51.6366  27.0966 0003935  31.4862 328.6361 15.49681491501387
3.0,GENERATED VIA SPACE-TRACK.ORG API,2025-03-20 21:06:18+00:00,18 SPCS,ISS (ZARYA),1998-067A,EARTH,TEME,UTC,SGP4,2025-03-20 20:46:10.828704+00:00,15.49708605,0.00040800,51.6377,24.4770,32.4046,35.8293,0,U,25544,999,50146,0.00046271000000,0.00025772,0.0000000000000,6795.715,92.921,420.352,414.807,PAYLOAD,LARGE,ISS,1998-11-20,TTMTR,,4675098,283596418,0 ISS (ZARYA),1 25544U 98067A   25079.86540311  .00025772  00000-0  46271-3 0  9997,2 25544  51.6377  24.4770 0004080  32.4046  35.8293 15.49708605501467
3.0,GENERATED VIA SPACE-TRACK.ORG API,2025-03-20 22:46:18+00:00,18 SPCS,ISS (ZARYA),1998-067A,EARTH,TEME,UTC,SGP4,2025-03-20 20:53:22.014816+00:00,15.49709175,0.00040960,51.6376,24.4522,32.2846,63.8107,0,U,25544,999,50146,0.00046420000000,0.00025857,0.0000000000000,6795.713,92.921,420.362,414.795,PAYLOAD,LARGE,ISS,1998-11-20,TTMTR,,4675269,283600155,0 ISS (ZARYA),1 25544U 98067A   25079.87039369  .00025857  00000-0  46420-3 0  9994,2 25544  51.6376  24.4522 0004096  32.2846  63.8107 15.49709175501462
3.0,GENERATED VIA SPACE-TRACK.ORG API,2025-03-21 01:46:31+00:00,18 SPCS,ISS (ZARYA),1998-067A,EARTH,TEME,UTC,SGP4,2025-03-21 01:30:08.481024+00:00,15.49722310,0.00035690,51.6381,23.5012,37.3801,51.7363,0,U,25544,999,50149,0.00048893000000,0.00027275,0.0000000000000,6795.675,92.920,419.965,415.114,PAYLOAD,LARGE,ISS,1998-11-20,TTMTR,,4675416,283603863,0 ISS (ZARYA),1 25544U 98067A   25080.06259816  .00027275  00000-0  48893-3 0  9990,2 25544  51.6381  23.5012 0003569  37.3801  51.7363 15.49722310501492
3.0,GENERATED VIA SPACE-TRACK.ORG API,2025-03-21 07:06:35+00:00,18 SPCS,ISS (ZARYA),1998-067A,EARTH,TEME,UTC,SGP4,2025-03-21 04:12:54.277344+00:00,15.49726030,0.00038150,51.6371,22.9449,34.4533,325.6702,0,U,25544,999,50151,0.00045251000000,0.00025207,0.0000000000000,6795.664,92.920,420.121,414.936,PAYLOAD,LARGE,ISS,1998-11-20,TTMTR,,4675684,283640185,0 ISS (ZARYA),1 25544U 98067A   25080.17562821  .00025207  00000-0  45251-3 0  9993,2 25544  51.6371  22.9449 0003815  34.4533 325.6702 15.49726030501518
3.0,GENERATED VIA SPACE-TRACK.ORG API,2025-03-21 13:36:17+00:00,18 SPCS,ISS (ZARYA),1998-067A,EARTH,TEME,UTC,SGP4,2025-03-21 07:53:51.267840+00:00,15.49734820,0.00040210,51.6378,22.1799,34.4555,102.2664,0,U,25544,999,50153,0.00047027000000,0.00026226,0.0000000000000,6795.638,92.919,420.236,414.771,PAYLOAD,LARGE,ISS,1998-11-20,TTMTR,,4675776,283642126,0 ISS (ZARYA),1 25544U 98067A   25080.32906560  .00026226  00000-0  47027-3 0  9997,2 25544  51.6378  22.1799 0004021  34.4555 102.2664 15.49734820501533
3.0,GENERATED VIA SPACE-TRACK.ORG API,2025-03-21 17:46:17+00:00,18 SPCS,ISS (ZARYA),1998-067A,EARTH,TEME,UTC,SGP4,2025-03-21 13:22:42.000384+00:00,15.49747147,0.00040530,51.6381,21.0488,35.5022,296.1249,0,U,25544,999,50156,0.00047116000000,0.00026289,0.0000000000000,6795.602,92.918,420.221,414.713,PAYLOAD,LARGE,ISS,1998-11-20,TTMTR,,4676234,283652876,0 ISS (ZARYA),1 25544U 98067A   25080.55743056  .00026289  00000-0  47116-3 0  9999,2 25544  51.6381  21.0488 0004053  35.5022 296.1249 15.49747147501567
3.0,GENERATED VIA SPACE-TRACK.ORG API,2025-03-21 22:23:56+00:00,18 SPCS,ISS (ZARYA),1998-067A,EARTH,TEME,UTC,SGP4,2025-03-21 07:18:37.235232+00:00,15.49732980,0.00038450,51.6369,22.3064,34.2074,325.9162,0,U,25544,999,50153,0.00044098000000,0.00024557,0.0000000000000,6795.644,92.919,420.121,414.896,PAYLOAD,LARGE,ISS,1998-11-20,TTMTR,,4676295,283660080,0 ISS (ZARYA),1 25544U 98067A   25080.30459763  .00024557  00000-0  44098-3 0  9993,2 25544  51.6369  22.3064 0003845  34.2074 325.9162 15.49732980501539
3.0,GENERATED VIA SPACE-TRACK.ORG API,2025-03-21 23:06:33+00:00,18 SPCS,ISS (ZARYA),1998-067A,EARTH,TEME,UTC,SGP4,2025-03-21 19:41:28.605408+00:00,15.49763053,0.00038320,51.6368,19.7510,36.6241,323.5009,0,U,25544,999,50161,0.00048689000000,0.00027199,0.0000000000000,6795.556,92.917,420.025,414.817,PAYLOAD,LARGE,ISS,1998-11-20,TTMTR,,4676566,283689782,0 ISS (ZARYA),1 25544U 98067A   25080.82046997  .00027199  00000-0  48689-3 0  9996,2 25544  51.6368  19.7510 0003832  36.6241 323.5009 15.49763053501610
3.0,GENERATED VIA SPACE-TRACK.ORG API,2025-03-22 00:46:16+00:00,18 SPCS,ISS (ZARYA),1998-067A,EARTH,TEME,UTC,SGP4,2025-03-21 23:18:00.715104+00:00,15.49769747,0.00040650,51.6380,19.0005,36.6891,82.9385,0,U,25544,999,50163,0.00047296000000,0.00026412,0.0000000000000,6795.536,92.917,420.163,414.639,PAYLOAD,LARGE,ISS,1998-11-20,TTMTR,,4676619,283690955,0 ISS (ZARYA),1 25544U 98067A   25080.97084161  .00026412  00000-0  47296-3 0  9997,2 25544  51.6380  19.0005 0004065  36.6891  82.9385 15.49769747501637
3.0,GENERATED VIA SPACE-TRACK.ORG API,2025-03-22 07:06:36+00:00,18 SPCS,ISS (ZARYA),1998-067A,EARTH,TEME,UTC,SGP4,2025-03-22 04:58:36.470784+00:00,15.49793542,0.00038280,51.6371,17.8349,38.0515,322.0743,0,U,25544,999,50167,0.00064714000000,0.00036384,0.0000000000000,6795.467,92.916,419.933,414.730,PAYLOAD,LARGE,ISS,1998-11-20,TTMTR,,4676907,283728452,0 ISS (ZARYA),1 25544U 98067A   25081.20736656  .00036384  00000-0  64714-3 0  9990,2 25544  51.6371  17.8349 0003828  38.0515 322.0743 15.49793542501679
3.0,GENERATED VIA SPACE-TRACK.ORG API,2025-03-22 13:26:17+00:00,18 SPCS,ISS (ZARYA),1998-067A,EARTH,TEME,UTC,SGP4,2025-03-22 08:41:32.575776+00:00,15.49791868,0.00040660,51.6384,17.0621,39.0839,105.3642,0,U,25544,999,50169,0.00047663000000,0.00026643,0.0000000000000,6795.471,92.916,420.099,414.573,PAYLOAD,LARGE,ISS,1998-11-20,TTMTR,,4677014,283729857,0 ISS (ZARYA),1 25544U 98067A   25081.36218259  .00026643  00000-0  47663-3 0  9992,2 25544  51.6384  17.0621 0004066  39.0839 105.3642 15.49791868501694
3.0,GENERATED VIA SPACE-TRACK.ORG API,2025-03-22 18:36:18+00:00,18 SPCS,ISS (ZARYA),1998-067A,EARTH,TEME,UTC,SGP4,2025-03-22 17:42:45.857664+00:00,15.49813463,0.00040810,51.6387,15.1986,40.3004,42.5048,0,U,25544,999,50175,0.00048044000000,0.00026881,0.0000000000000,6795.408,92.914,420.046,414.500,PAYLOAD,LARGE,ISS,1998-11-20,TTMTR,,4677397,283739147,0 ISS (ZARYA),1 25544U 98067A   25081.73803076  .00026881  00000-0  48044-3 0  9998,2 25544  51.6387  15.1986 0004081  40.3004  42.5048 15.49813463501751
3.0,GENERATED VIA SPACE-TRACK.ORG API,2025-03-22 19:15:20+00:00,18 SPCS,ISS (ZARYA),1998-067A,EARTH,TEME,UTC,SGP4,2025-03-22 08:04:18.962976+00:00,15.49799351,0.00038820,51.6371,17.1961,38.2112,321.9151,0,U,25544,999,50169,0.00055511000000,0.00031130,0.0000000000000,6795.450,92.915,419.953,414.677,PAYLOAD,LARGE,ISS,1998-11-20,TTMTR,,4677401,283745840,0 ISS (ZARYA),1 25544U 98067A   25081.33633059  .00031130  00000-0  55511-3 0  9996,2 25544  51.6371  17.1961 0003882  38.2112 321.9151 15.49799351501694
3.0,GENERATED VIA SPACE-TRACK.ORG API,2025-03-22 23:06:26+00:00,18 SPCS,ISS (ZARYA),1998-067A,EARTH,TEME,UTC,SGP4,2025-03-22 20:27:08.164512+00:00,15.49840730,0.00038370,51.6369,14.6407,40.9391,319.1885,0,U,25544,999,50177,0.00060358000000,0.00033950,0.0000000000000,6795.329,92.913,419.801,414.586,PAYLOAD,LARGE,ISS,1998-11-20,TTMTR,,4677693,283776799,0 ISS (ZARYA),1 25544U 98067A   25081.85217783  .00033950  00000-0  60358-3 0  9992,2 25544  51.6369  14.6407 0003837  40.9391 319.1885 15.49840730501777
3.0,GENERATED VIA SPACE-TRACK.ORG API,2025-03-23 01:06:17+00:00,18 SPCS,ISS (ZARYA),1998-067A,EARTH,TEME,UTC,SGP4,2025-03-22 23:58:44.793984+00:00,15.49832932,0.00041140,51.6383,13.9042,40.4814,60.0749,0,U,25544,999,50179,0.00049521000000,0.00027744,0.0000000000000,6795.351,92.913,420.012,414.421,PAYLOAD,LARGE,ISS,1998-11-20,TTMTR,,4677763,283778204,0 ISS (ZARYA),1 25544U 98067A   25081.99912956  .00027744  00000-0  49521-3 0  9994,2 25544  51.6383  13.9042 0004114  40.4814  60.0749 15.49832932501792
3.0,GENERATED VIA SPACE-TRACK.ORG API,2025-03-23 07:16:28+00:00,18 SPCS,ISS (ZARYA),1998-067A,EARTH,TEME,UTC,SGP4,2025-03-23 04:11:23.312832+00:00,15.49868499,0.00038240,51.6369,13.0434,42.3986,317.7298,0,U,25544,999,50182,0.00067743000000,0.00038219,0.0000000000000,6795.247,92.911,419.711,414.514,PAYLOAD,LARGE,ISS,1998-11-20,TTMTR,,4678066,283815297,0 ISS (ZARYA),1 25544U 98067A   25082.17457538  .00038219  00000-0  67743-3 0  9990,2 25544  51.6369  13.0434 0003824  42.3986 317.7298 15.49868499501822
3.0,GENERATED VIA SPACE-TRACK.ORG API,2025-03-23 13:26:18+00:00,18 SPCS,ISS (ZARYA),1998-067A,EARTH,TEME,UTC,SGP4,2025-03-23 12:40:13.431072+00:00,15.49872229,0.00037960,51.6385,11.2848,49.8441,123.1434,0,U,25544,999,50187,0.00052456000000,0.00029462,0.0000000000000,6795.237,92.911,419.681,414.522,PAYLOAD,LARGE,ISS,1998-11-20,TTMTR,,4678134,283816821,0 ISS (ZARYA),1 25544U 98067A   25082.52793323  .00029462  00000-0  52456-3 0  9999,2 25544  51.6385  11.2848 0003796  49.8441 123.1434 15.49872229501877
3.0,GENERATED VIA SPACE-TRACK.ORG API,2025-03-23 14:46:33+00:00,18 SPCS,ISS (ZARYA),1998-067A,EARTH,TEME,UTC,SGP4,2025-03-23 11:55:38.086176+00:00,15.49887043,0.00038390,51.6369,11.4465,43.4705,316.6585,0,U,25544,999,50187,0.00054934000000,0.00030897,0.0000000000000,6795.193,92.910,419.667,414.450,PAYLOAD,LARGE,ISS,1998-11-20,TTMTR,,4678324,283822071,0 ISS (ZARYA),1 25544U 98067A   25082.49696859  .00030897  00000-0  54934-3 0  9998,2 25544  51.6369  11.4465 0003839  43.4705 316.6585 15.49887043501873
3.0,GENERATED VIA SPACE-TRACK.ORG API,2025-03-23 18:16:20+00:00,18 SPCS,ISS (ZARYA),1998-067A,EARTH,TEME,UTC,SGP4,2025-03-23 16:54:06.780096+00:00,15.49910528,0.00041930,51.6391,10.4174,43.1493,34.2760,0,U,25544,999,50190,0.00068881000000,0.00038932,0.0000000000000,6795.125,92.909,419.839,414.140,PAYLOAD,LARGE,ISS,1998-11-20,TTMTR,,4678396,283837113,0 ISS (ZARYA),1 25544U 98067A   25082.70424514  .00038932  00000-0  68881-3 0  9993,2 25544  51.6391  10.4174 0004193  43.1493  34.2760 15.49910528501906
3.0,GENERATED VIA SPACE-TRACK.ORG API,2025-03-23 23:16:19+00:00,18 SPCS,ISS (ZARYA),1998-067A,EARTH,TEME,UTC,SGP4,2025-03-23 19:39:52.470720+00:00,15.49908264,0.00037780,51.6367,9.8496,44.5756,315.5536,0,U,25544,999,50192,0.00054208000000,0.00030504,0.0000000000000,6795.131,92.909,419.563,414.429,PAYLOAD,LARGE,ISS,1998-11-20,TTMTR,,4678746,283861508,0 ISS (ZARYA),1 25544U 98067A   25082.81935730  .00030504  00000-0  54208-3 0  9997,2 25544  51.6367   9.8496 0003778  44.5756 315.5536 15.49908264501925
3.0,GENERATED VIA SPACE-TRACK.ORG API,2025-03-24 00:46:17+00:00,18 SPCS,ISS (ZARYA),1998-067A,EARTH,TEME,UTC,SGP4,2025-03-23 23:10:22.822752+00:00,15.49921332,0.00040010,51.6390,9.1204,46.9459,49.3885,0,U,25544,999,50194,0.00062786000000,0.00035444,0.0000000000000,6795.093,92.908,419.677,414.239,PAYLOAD,LARGE,ISS,1998-11-20,TTMTR,,4678812,283863294,0 ISS (ZARYA),1 25544U 98067A   25082.96554193  .00035444  00000-0  62786-3 0  9991,2 25544  51.6390   9.1204 0004001  46.9459  49.3885 15.49921332501949
3.0,GENERATED VIA SPACE-TRACK.ORG API,2025-03-24 14:56:18+00:00,18 SPCS,ISS (ZARYA),1998-067A,EARTH,TEME,UTC,SGP4,2025-03-24 11:08:20.177088+00:00,15.49949526,0.00037510,51.6369,6.6558,45.6743,314.4553,0,U,25544,999,50202,0.00056894000000,0.00032092,0.0000000000000,6795.011,92.906,419.424,414.327,PAYLOAD,LARGE,ISS,1998-11-20,TTMTR,,4679381,283906650,0 ISS (ZARYA),1 25544U 98067A   25083.46412242  .00032092  00000-0  56894-3 0  9994,2 25544  51.6369   6.6558 0003751  45.6743 314.4553 15.49949526502025
3.0,GENERATED VIA SPACE-TRACK.ORG API,2025-03-25 02:06:16+00:00,18 SPCS,ISS (ZARYA),1998-067A,EARTH,TEME,UTC,SGP4,2025-03-25 01:54:42.000192+00:00,15.49994558,0.00035290,51.6396,3.6030,50.4782,146.5284,0,U,25544,999,50211,0.00059879000000,0.00033861,0.0000000000000,6794.879,92.904,419.142,414.346,PAYLOAD,LARGE,ISS,1998-11-20,TTMTR,,4679783,283945366,0 ISS (ZARYA),1 25544U 98067A   25084.07965278  .00033861  00000-0  59879-3 0  9995,2 25544  51.6396   3.6030 0003529  50.4782 146.5284 15.49994558502117
3.0,GENERATED VIA SPACE-TRACK.ORG API,2025-03-25 02:12:31+00:00,18 SPCS,ISS (ZARYA),1998-067A,EARTH,TEME,UTC,SGP4,2025-03-24 20:25:23.965248+00:00,15.49980954,0.00037190,51.6372,4.7391,46.8620,313.2680,0,U,25544,999,50208,0.00064615000000,0.00036571,0.0000000000000,6794.919,92.904,419.311,414.257,PAYLOAD,LARGE,ISS,1998-11-20,TTMTR,,4679785,283952151,0 ISS (ZARYA),1 25544U 98067A   25083.85097182  .00036571  00000-0  64615-3 0  9995,2 25544  51.6372   4.7391 0003719  46.8620 313.2680 15.49980954502088
3.0,GENERATED VIA SPACE-TRACK.ORG API,2025-03-26 02:56:27+00:00,18 SPCS,ISS (ZARYA),1998-067A,EARTH,TEME,UTC,SGP4,2025-03-25 19:38:00.587904+00:00,15.50052106,0.00036830,51.6371,359.9472,51.0241,309.1076,0,U,25544,999,50223,0.00057583000000,0.00032608,0.0000000000000,6794.711,92.900,419.078,414.073,PAYLOAD,LARGE,ISS,1998-11-20,TTMTR,,4680658,284031969,0 ISS (ZARYA),1 25544U 98067A   25084.81806236  .00032608  00000-0  57583-3 0  9993,2 25544  51.6371 359.9472 0003683  51.0241 309.1076 15.50052106502230
3.0,GENERATED VIA SPACE-TRACK.ORG API,2025-03-26 03:06:16+00:00,18 SPCS,ISS (ZARYA),1998-067A,EARTH,TEME,UTC,SGP4,2025-03-26 01:02:30.000192+00:00,15.50066780,0.00037890,51.6405,358.8290,51.1799,127.2299,0,U,25544,999,50226,0.00057651000000,0.00032664,0.0000000000000,6794.668,92.899,419.107,413.958,PAYLOAD,LARGE,ISS,1998-11-20,TTMTR,,4680659,284055427,0 ISS (ZARYA),1 25544U 98067A   25085.04340278  .00032664  00000-0  57651-3 0  9996,2 25544  51.6405 358.8290 0003789  51.1799 127.2299 15.50066780502262
3.0,GENERATED VIA SPACE-TRACK.ORG API,2025-03-26 07:26:18+00:00,18 SPCS,ISS (ZARYA),1998-067A,EARTH,TEME,UTC,SGP4,2025-03-26 03:22:12.028800+00:00,15.50074167,0.00036840,51.6371,358.3501,51.9083,308.2238,0,U,25544,999,50228,0.00060364000000,0.00034238,0.0000000000000,6794.646,92.899,419.014,414.008,PAYLOAD,LARGE,ISS,1998-11-20,TTMTR,,4681003,284063320,0 ISS (ZARYA),1 25544U 98067A   25085.14041700  .00034238  00000-0  60364-3 0  9999,2 25544  51.6371 358.3501 0003684  51.9083 308.2238 15.50074167502286
3.0,GENERATED VIA SPACE-TRACK.ORG API,2025-03-26 15:06:18+00:00,18 SPCS,ISS (ZARYA),1998-067A,EARTH,TEME,UTC,SGP4,2025-03-26 11:06:23.071392+00:00,15.50092829,0.00036510,51.6371,356.7528,53.2985,306.8339,0,U,25544,999,50233,0.00052819000000,0.00029905,0.0000000000000,6794.592,92.898,418.937,413.976,PAYLOAD,LARGE,ISS,1998-11-20,TTMTR,,4681315,284071602,0 ISS (ZARYA),1 25544U 98067A   25085.46276703  .00029905  00000-0  52819-3 0  9998,2 25544  51.6371 356.7528 0003651  53.2985 306.8339 15.50092829502334
3.0,GENERATED VIA SPACE-TRACK.ORG API,2025-03-26 21:36:16+00:00,18 SPCS,ISS (ZARYA),1998-067A,EARTH,TEME,UTC,SGP4,2025-03-26 20:53:25.742112+00:00,15.50119906,0.00037950,51.6398,354.7310,53.7712,62.8191,0,U,25544,999,50239,0.00055896000000,0.00031712,0.0000000000000,6794.513,92.896,418.956,413.799,PAYLOAD,LARGE,ISS,1998-11-20,TTMTR,,4681384,284102808,0 ISS (ZARYA),1 25544U 98067A   25085.87043683  .00031712  00000-0  55896-3 0  9999,2 25544  51.6398 354.7310 0003795  53.7712  62.8191 15.50119906502399
3.0,GENERATED VIA SPACE-TRACK.ORG API,2025-03-27 01:46:18+00:00,18 SPCS,ISS (ZARYA),1998-067A,EARTH,TEME,UTC,SGP4,2025-03-27 01:29:34.912032+00:00,15.50137426,0.00039160,51.6387,353.7826,56.2018,51.2789,0,U,25544,999,50242,0.00061533000000,0.00034994,0.0000000000000,6794.461,92.895,418.987,413.666,PAYLOAD,LARGE,ISS,1998-11-20,TTMTR,,4681617,284108342,0 ISS (ZARYA),1 25544U 98067A   25086.06220963  .00034994  00000-0  61533-3 0  9999,2 25544  51.6387 353.7826 0003916  56.2018  51.2789 15.50137426502426
3.0,GENERATED VIA SPACE-TRACK.ORG API,2025-03-27 02:49:37+00:00,18 SPCS,ISS (ZARYA),1998-067A,EARTH,TEME,UTC,SGP4,2025-03-26 20:23:23.800992+00:00,15.50123203,0.00036380,51.6370,354.8360,54.8357,305.2972,0,U,25544,999,50239,0.00062456000000,0.00035509,0.0000000000000,6794.503,92.896,418.840,413.896,PAYLOAD,LARGE,ISS,1998-11-20,TTMTR,,4681624,284114627,0 ISS (ZARYA),1 25544U 98067A   25085.84958103  .00035509  00000-0  62456-3 0  9996,2 25544  51.6370 354.8360 0003638  54.8357 305.2972 15.50123203502394
3.0,GENERATED VIA SPACE-TRACK.ORG API,2025-03-27 07:16:48+00:00,18 SPCS,ISS (ZARYA),1998-067A,EARTH,TEME,UTC,SGP4,2025-03-27 04:07:34.005504+00:00,15.50144996,0.00036990,51.6371,353.2392,54.8873,305.2462,0,U,25544,999,50244,0.00062421000000,0.00035516,0.0000000000000,6794.439,92.895,418.818,413.791,PAYLOAD,LARGE,ISS,1998-11-20,TTMTR,,4681931,284145438,0 ISS (ZARYA),1 25544U 98067A   25086.17192136  .00035516  00000-0  62421-3 0  9999,2 25544  51.6371 353.2392 0003699  54.8873 305.2462 15.50144996502445
3.0,GENERATED VIA SPACE-TRACK.ORG API,2025-03-27 20:14:59+00:00,18 SPCS,ISS (ZARYA),1998-067A,EARTH,TEME,UTC,SGP4,2025-03-27 05:40:23.985408+00:00,15.50147793,0.00036900,51.6369,352.9197,55.1133,305.0202,0,U,25544,999,50245,0.00057454000000,0.00032645,0.0000000000000,6794.431,92.894,418.803,413.789,PAYLOAD,LARGE,ISS,1998-11-20,TTMTR,,4682083,284155908,0 ISS (ZARYA),1 25544U 98067A   25086.23638872  .00032645  00000-0  57454-3 0  9998,2 25544  51.6369 352.9197 0003690  55.1133 305.0202 15.50147793502454
3.0,GENERATED VIA SPACE-TRACK.ORG API,2025-03-27 21:06:18+00:00,18 SPCS,ISS (ZARYA),1998-067A,EARTH,TEME,UTC,SGP4,2025-03-27 20:05:10.296672+00:00,15.50186669,0.00040210,51.6384,349.9405,57.1217,56.5760,0,U,25544,999,50254,0.00057813000000,0.00032900,0.0000000000000,6794.318,92.892,418.915,413.451,PAYLOAD,LARGE,ISS,1998-11-20,TTMTR,,4682430,284188330,0 ISS (ZARYA),1 25544U 98067A   25086.83692473  .00032900  00000-0  57813-3 0  9994,2 25544  51.6384 349.9405 0004021  57.1217  56.5760 15.50186669502545
3.0,GENERATED VIA SPACE-TRACK.ORG API,2025-03-28 02:26:16+00:00,18 SPCS,ISS (ZARYA),1998-067A,EARTH,TEME,UTC,SGP4,2025-03-28 01:37:23.410848+00:00,15.50193565,0.00039880,51.6380,348.7972,59.4610,262.5871,0,U,25544,999,50257,0.00048782000000,0.00027677,0.0000000000000,6794.297,92.892,418.872,413.453,PAYLOAD,LARGE,ISS,1998-11-20,TTMTR,,4682610,284191182,0 ISS (ZARYA),1 25544U 98067A   25087.06763207  .00027677  00000-0  48782-3 0  9994,2 25544  51.6380 348.7972 0003988  59.4610 262.5871 15.50193565502578
3.0,GENERATED VIA SPACE-TRACK.ORG API,2025-03-28 02:54:00+00:00,18 SPCS,ISS (ZARYA),1998-067A,EARTH,TEME,UTC,SGP4,2025-03-27 19:35:53.265408+00:00,15.50184010,0.00036380,51.6369,350.0445,57.1481,302.9858,0,U,25544,999,50254,0.00055611000000,0.00031620,0.0000000000000,6794.325,92.892,418.662,413.719,PAYLOAD,LARGE,ISS,1998-11-20,TTMTR,,4682611,284197965,0 ISS (ZARYA),1 25544U 98067A   25086.81658872  .00031620  00000-0  55611-3 0  9999,2 25544  51.6369 350.0445 0003638  57.1481 302.9858 15.50184010502545
3.0,GENERATED VIA SPACE-TRACK.ORG API,2025-03-28 07:16:20+00:00,18 SPCS,ISS (ZARYA),1998-067A,EARTH,TEME,UTC,SGP4,2025-03-28 03:20:02.447808+00:00,15.50197518,0.00036310,51.6369,348.4472,58.3052,301.8291,0,U,25544,999,50259,0.00046979000000,0.00026637,0.0000000000000,6794.286,92.891,418.618,413.684,PAYLOAD,LARGE,ISS,1998-11-20,TTMTR,,4682887,284227095,0 ISS (ZARYA),1 25544U 98067A   25087.13891722  .00026637  00000-0  46979-3 0  9997,2 25544  51.6369 348.4472 0003631  58.3052 301.8291 15.50197518502597
3.0,GENERATED VIA SPACE-TRACK.ORG API,2025-03-28 13:46:17+00:00,18 SPCS,ISS (ZARYA),1998-067A,EARTH,TEME,UTC,SGP4,2025-03-28 12:52:30.146592+00:00,15.50238608,0.00037480,51.6398,346.4693,60.2555,359.9742,0,U,25544,999,50265,0.00060427000000,0.00034478,0.0000000000000,6794.166,92.889,418.577,413.484,PAYLOAD,LARGE,ISS,1998-11-20,TTMTR,,4682935,284228648,0 ISS (ZARYA),1 25544U 98067A   25087.53646003  .00034478  00000-0  60427-3 0  9997,2 25544  51.6398 346.4693 0003748  60.2555 359.9742 15.50238608502659
3.0,GENERATED VIA SPACE-TRACK.ORG API,2025-03-28 18:06:16+00:00,18 SPCS,ISS (ZARYA),1998-067A,EARTH,TEME,UTC,SGP4,2025-03-28 17:23:45.697344+00:00,15.50242233,0.00040290,51.6386,345.5386,59.5799,332.6073,0,U,25544,999,50268,0.00056484000000,0.00032194,0.0000000000000,6794.155,92.889,418.758,413.283,PAYLOAD,LARGE,ISS,1998-11-20,TTMTR,,4683250,284236263,0 ISS (ZARYA),1 25544U 98067A   25087.72483446  .00032194  00000-0  56484-3 0  9999,2 25544  51.6386 345.5386 0004029  59.5799 332.6073 15.50242233502686
3.0,GENERATED VIA SPACE-TRACK.ORG API,2025-03-28 20:36:09+00:00,18 SPCS,ISS (ZARYA),1998-067A,EARTH,TEME,UTC,SGP4,2025-03-28 09:31:21.507744+00:00,15.50211974,0.00035980,51.6370,347.1695,58.4440,301.6900,0,U,25544,999,50263,0.00044025000000,0.00024940,0.0000000000000,6794.244,92.891,418.553,413.664,PAYLOAD,LARGE,ISS,1998-11-20,TTMTR,,4683285,284243533,0 ISS (ZARYA),1 25544U 98067A   25087.39677671  .00024940  00000-0  44025-3 0  9995,2 25544  51.6370 347.1695 0003598  58.4440 301.6900 15.50211974502639
3.0,GENERATED VIA SPACE-TRACK.ORG API,2025-03-28 23:06:19+00:00,18 SPCS,ISS (ZARYA),1998-067A,EARTH,TEME,UTC,SGP4,2025-03-28 20:21:09.221760+00:00,15.50246788,0.00035870,51.6366,344.9329,59.4238,300.7105,0,U,25544,999,50270,0.00056453000000,0.00032180,0.0000000000000,6794.142,92.888,418.444,413.570,PAYLOAD,LARGE,ISS,1998-11-20,TTMTR,,4683570,284273573,0 ISS (ZARYA),1 25544U 98067A   25087.84802340  .00032180  00000-0  56453-3 0  9991,2 25544  51.6366 344.9329 0003587  59.4238 300.7105 15.50246788502703
3.0,GENERATED VIA SPACE-TRACK.ORG API,2025-03-29 01:16:16+00:00,18 SPCS,ISS (ZARYA),1998-067A,EARTH,TEME,UTC,SGP4,2025-03-29 00:50:07.440576+00:00,15.50259644,0.00039880,51.6387,344.0021,61.2662,261.9904,0,U,25544,999,50272,0.00055444000000,0.00031610,0.0000000000000,6794.104,92.888,418.679,413.260,PAYLOAD,LARGE,ISS,1998-11-20,TTMTR,,4683628,284274878,0 ISS (ZARYA),1 25544U 98067A   25088.03480834  .00031610  00000-0  55444-3 0  9999,2 25544  51.6387 344.0021 0003988  61.2662 261.9904 15.50259644502725
3.0,GENERATED VIA SPACE-TRACK.ORG API,2025-03-29 07:06:37+00:00,18 SPCS,ISS (ZARYA),1998-067A,EARTH,TEME,UTC,SGP4,2025-03-29 04:05:17.306016+00:00,15.50261465,0.00035800,51.6368,343.3364,59.4106,300.7235,0,U,25544,999,50275,0.00050574000000,0.00028783,0.0000000000000,6794.099,92.888,418.396,413.532,PAYLOAD,LARGE,ISS,1998-11-20,TTMTR,,4683910,284311509,0 ISS (ZARYA),1 25544U 98067A   25088.17033919  .00028783  00000-0  50574-3 0  9998,2 25544  51.6368 343.3364 0003580  59.4106 300.7235 15.50261465502752
3.0,GENERATED VIA SPACE-TRACK.ORG API,2025-03-29 13:26:16+00:00,18 SPCS,ISS (ZARYA),1998-067A,EARTH,TEME,UTC,SGP4,2025-03-29 12:04:21.220032+00:00,15.50282348,0.00038820,51.6393,341.6821,62.7826,355.2851,0,U,25544,999,50280,0.00051845000000,0.00029544,0.0000000000000,6794.038,92.886,418.540,413.266,PAYLOAD,LARGE,ISS,1998-11-20,TTMTR,,4684015,284313871,0 ISS (ZARYA),1 25544U 98067A   25088.50302338  .00029544  00000-0  51845-3 0  9997,2 25544  51.6393 341.6821 0003882  62.7826 355.2851 15.50282348502808
3.0,GENERATED VIA SPACE-TRACK.ORG API,2025-03-29 17:28:10+00:00,18 SPCS,ISS (ZARYA),1998-067A,EARTH,TEME,UTC,SGP4,2025-03-29 04:05:17.306016+00:00,15.50261469,0.00035810,51.6368,343.3364,59.4823,300.6519,0,U,25544,999,50275,0.00050463000000,0.00028719,0.0000000000000,6794.099,92.888,418.397,413.531,PAYLOAD,LARGE,ISS,1998-11-20,TTMTR,,4684192,284325290,0 ISS (ZARYA),1 25544U 98067A   25088.17033919  .00028719  00000-0  50463-3 0  9994,2 25544  51.6368 343.3364 0003581  59.4823 300.6519 15.50261469502757
3.0,GENERATED VIA SPACE-TRACK.ORG API,2025-03-29 17:46:16+00:00,18 SPCS,ISS (ZARYA),1998-067A,EARTH,TEME,UTC,SGP4,2025-03-29 16:52:02.772768+00:00,15.50287806,0.00038640,51.6397,340.6900,59.9131,33.8975,0,U,25544,999,50283,0.00046986000000,0.00026728,0.0000000000000,6794.022,92.886,418.512,413.262,PAYLOAD,LARGE,ISS,1998-11-20,TTMTR,,4684193,284348319,0 ISS (ZARYA),1 25544U 98067A   25088.70280987  .00026728  00000-0  46986-3 0  9995,2 25544  51.6397 340.6900 0003864  59.9131  33.8975 15.50287806502839
3.0,GENERATED VIA SPACE-TRACK.ORG API,2025-03-29 23:16:20+00:00,18 SPCS,ISS (ZARYA),1998-067A,EARTH,TEME,UTC,SGP4,2025-03-29 21:06:22.133376+00:00,15.50286274,0.00035580,51.6366,339.8217,62.8525,297.2826,0,U,25544,999,50286,0.00032716000000,0.00018450,0.0000000000000,6794.027,92.886,418.309,413.474,PAYLOAD,LARGE,ISS,1998-11-20,TTMTR,,4684516,284356866,0 ISS (ZARYA),1 25544U 98067A   25088.87942284  .00018450  00000-0  32716-3 0  9997,2 25544  51.6366 339.8217 0003558  62.8525 297.2826 15.50286274502868
3.0,GENERATED VIA SPACE-TRACK.ORG API,2025-03-30 01:06:37+00:00,18 SPCS,ISS (ZARYA),1998-067A,EARTH,TEME,UTC,SGP4,2025-03-30 00:01:31.627200+00:00,15.50298004,0.00037560,51.6393,339.2115,62.3230,257.1309,0,U,25544,999,50287,0.00043682000000,0.00024819,0.0000000000000,6793.992,92.885,418.409,413.305,PAYLOAD,LARGE,ISS,1998-11-20,TTMTR,,4684618,284358581,0 ISS (ZARYA),1 25544U 98067A   25089.00106050  .00024819  00000-0  43682-3 0  9996,2 25544  51.6393 339.2115 0003756  62.3230 257.1309 15.50298004502873
3.0,GENERATED VIA SPACE-TRACK.ORG API,2025-03-30 04:28:37+00:00,18 SPCS,ISS (ZARYA),1998-067A,EARTH,TEME,UTC,SGP4,2025-03-29 21:06:22.129920+00:00,15.50286295,0.00035600,51.6365,339.8217,63.1826,296.9527,0,U,25544,999,50286,0.00032577000000,0.00018369,0.0000000000000,6794.026,92.886,418.310,413.473,PAYLOAD,LARGE,ISS,1998-11-20,TTMTR,,4684622,284365367,0 ISS (ZARYA),1 25544U 98067A   25088.87942280  .00018369  00000-0  32577-3 0  9997,2 25544  51.6365 339.8217 0003560  63.1826 296.9527 15.50286295502865
3.0,GENERATED VIA SPACE-TRACK.ORG API,2025-03-30 07:16:17+00:00,18 SPCS,ISS (ZARYA),1998-067A,EARTH,TEME,UTC,SGP4,2025-03-30 04:50:29.421888+00:00,15.50299454,0.00035720,51.6366,338.2240,62.6445,297.4908,0,U,25544,999,50291,0.00032408000000,0.00018280,0.0000000000000,6793.988,92.885,418.280,413.426,PAYLOAD,LARGE,ISS,1998-11-20,TTMTR,,4684945,284396357,0 ISS (ZARYA),1 25544U 98067A   25089.20172942  .00018280  00000-0  32408-3 0  9990,2 25544  51.6366 338.2240 0003572  62.6445 297.4908 15.50299454502915
3.0,GENERATED VIA SPACE-TRACK.ORG API,2025-03-30 13:36:16+00:00,18 SPCS,ISS (ZARYA),1998-067A,EARTH,TEME,UTC,SGP4,2025-03-30 12:52:03.893952+00:00,15.50323563,0.00038170,51.6394,336.5591,63.6491,4.2080,0,U,25544,999,50296,0.00043012000000,0.00024453,0.0000000000000,6793.918,92.884,418.376,413.189,PAYLOAD,LARGE,ISS,1998-11-20,TTMTR,,4684979,284397020,0 ISS (ZARYA),1 25544U 98067A   25089.53615618  .00024453  00000-0  43012-3 0  9990,2 25544  51.6394 336.5591 0003817  63.6491   4.2080 15.50323563502969
3.0,GENERATED VIA SPACE-TRACK.ORG API,2025-03-30 17:21:43+00:00,18 SPCS,ISS (ZARYA),1998-067A,EARTH,TEME,UTC,SGP4,2025-03-30 12:34:36.539328+00:00,15.50309788,0.00035600,51.6362,336.6259,65.3421,294.7938,0,U,25544,999,50296,0.00032061000000,0.00018086,0.0000000000000,6793.958,92.885,418.242,413.404,PAYLOAD,LARGE,ISS,1998-11-20,TTMTR,,4685273,284411306,0 ISS (ZARYA),1 25544U 98067A   25089.52403402  .00018086  00000-0  32061-3 0  9992,2 25544  51.6362 336.6259 0003560  65.3421 294.7938 15.50309788502964
3.0,GENERATED VIA SPACE-TRACK.ORG API,2025-03-30 17:46:17+00:00,18 SPCS,ISS (ZARYA),1998-067A,EARTH,TEME,UTC,SGP4,2025-03-30 16:00:57.021696+00:00,15.50319906,0.00038110,51.6390,335.9127,63.1728,17.2317,0,U,25544,999,50298,0.00036046000000,0.00020405,0.0000000000000,6793.928,92.884,418.382,413.204,PAYLOAD,LARGE,ISS,1998-11-20,TTMTR,,4685274,284434331,0 ISS (ZARYA),1 25544U 98067A   25089.66732664  .00020405  00000-0  36046-3 0  9997,2 25544  51.6390 335.9127 0003811  63.1728  17.2317 15.50319906502980
3.0,GENERATED VIA SPACE-TRACK.ORG API,2025-03-31 00:46:17+00:00,18 SPCS,ISS (ZARYA),1998-067A,EARTH,TEME,UTC,SGP4,2025-03-31 00:00:48.637152+00:00,15.50327493,0.00037130,51.6391,334.2594,67.1199,74.3511,0,U,25544,999,50303,0.00032665000000,0.00018448,0.0000000000000,6793.906,92.884,418.294,413.249,PAYLOAD,LARGE,ISS,1998-11-20,TTMTR,,4685496,284439751,0 ISS (ZARYA),1 25544U 98067A   25090.00056293  .00018448  00000-0  32665-3 0  9991,2 25544  51.6391 334.2594 0003713  67.1199  74.3511 15.50327493503035
3.0,GENERATED VIA SPACE-TRACK.ORG API,2025-03-31 02:53:27+00:00,18 SPCS,ISS (ZARYA),1998-067A,EARTH,TEME,UTC,SGP4,2025-03-30 20:18:43.447680+00:00,15.50320566,0.00035090,51.6359,335.0286,66.0340,294.1016,0,U,25544,999,50301,0.00030872000000,0.00017403,0.0000000000000,6793.926,92.884,418.175,413.407,PAYLOAD,LARGE,ISS,1998-11-20,TTMTR,,4685503,284446540,0 ISS (ZARYA),1 25544U 98067A   25089.84633620  .00017403  00000-0  30872-3 0  9994,2 25544  51.6359 335.0286 0003509  66.0340 294.1016 15.50320566503019
3.0,GENERATED VIA SPACE-TRACK.ORG API,2025-03-31 12:56:17+00:00,18 SPCS,ISS (ZARYA),1998-067A,EARTH,TEME,UTC,SGP4,2025-03-31 12:03:00.493056+00:00,15.50341422,0.00036540,51.6395,331.7733,68.9145,353.5231,0,U,25544,999,50311,0.00028736000000,0.00016177,0.0000000000000,6793.865,92.883,418.213,413.248,PAYLOAD,LARGE,ISS,1998-11-20,TTMTR,,4685862,284478349,0 ISS (ZARYA),1 25544U 98067A   25090.50208904  .00016177  00000-0  28736-3 0  9995,2 25544  51.6395 331.7733 0003654  68.9145 353.5231 15.50341422503118
3.0,GENERATED VIA SPACE-TRACK.ORG API,2025-03-31 18:51:21+00:00,18 SPCS,ISS (ZARYA),1998-067A,EARTH,TEME,UTC,SGP4,2025-03-31 11:46:56.779680+00:00,15.50339980,0.00035440,51.6354,331.8334,67.5632,292.5732,0,U,25544,999,50311,0.00029345000000,0.00016530,0.0000000000000,6793.870,92.883,418.142,413.327,PAYLOAD,LARGE,ISS,1998-11-20,TTMTR,,4686407,284497890,0 ISS (ZARYA),1 25544U 98067A   25090.49093495  .00016530  00000-0  29345-3 0  9990,2 25544  51.6354 331.8334 0003544  67.5632 292.5732 15.50339980503119
3.0,GENERATED VIA SPACE-TRACK.ORG API,2025-03-31 21:06:17+00:00,18 SPCS,ISS (ZARYA),1998-067A,EARTH,TEME,UTC,SGP4,2025-03-31 19:43:30.503712+00:00,15.50354966,0.00037170,51.6398,330.1864,69.7512,338.7075,0,U,25544,999,50316,0.00031101000000,0.00017558,0.0000000000000,6793.826,92.882,418.216,413.166,PAYLOAD,LARGE,ISS,1998-11-20,TTMTR,,4686416,284521457,0 ISS (ZARYA),1 25544U 98067A   25090.82188083  .00017558  00000-0  31101-3 0  9999,2 25544  51.6398 330.1864 0003717  69.7512 338.7075 15.50354966503169
3.0,GENERATED VIA SPACE-TRACK.ORG API,2025-03-31 22:36:17+00:00,18 SPCS,ISS (ZARYA),1998-067A,EARTH,TEME,UTC,SGP4,2025-03-31 21:03:52.365888+00:00,15.50352746,0.00035210,51.6354,329.9157,68.3163,291.8201,0,U,25544,999,50317,0.00028892000000,0.00016274,0.0000000000000,6793.832,92.882,418.089,413.305,PAYLOAD,LARGE,ISS,1998-11-20,TTMTR,,4686511,284524443,0 ISS (ZARYA),1 25544U 98067A   25090.87768942  .00016274  00000-0  28892-3 0  9999,2 25544  51.6354 329.9157 0003521  68.3163 291.8201 15.50352746503177
3.0,GENERATED VIA SPACE-TRACK.ORG API,2025-04-01 02:47:46+00:00,18 SPCS,ISS (ZARYA),1998-067A,EARTH,TEME,UTC,SGP4,2025-03-31 21:03:52.364160+00:00,15.50352617,0.00035150,51.6355,329.9155,68.4434,291.6930,0,U,25544,999,50317,0.00028718000000,0.00016173,0.0000000000000,6793.833,92.882,418.086,413.310,PAYLOAD,LARGE,ISS,1998-11-20,TTMTR,,4686608,284531699,0 ISS (ZARYA),1 25544U 98067A   25090.87768940  .00016173  00000-0  28718-3 0  9992,2 25544  51.6355 329.9155 0003515  68.4434 291.6930 15.50352617503175
3.0,GENERATED VIA SPACE-TRACK.ORG API,2025-04-01 07:06:38+00:00,18 SPCS,ISS (ZARYA),1998-067A,EARTH,TEME,UTC,SGP4,2025-04-01 03:15:09.239904+00:00,15.50361619,0.00034950,51.6363,328.6366,70.2380,289.8986,0,U,25544,999,50321,0.00028592000000,0.00016105,0.0000000000000,6793.806,92.882,418.046,413.297,PAYLOAD,LARGE,ISS,1998-11-20,TTMTR,,4686868,284561644,0 ISS (ZARYA),1 25544U 98067A   25091.13552361  .00016105  00000-0  28592-3 0  9995,2 25544  51.6363 328.6366 0003495  70.2380 289.8986 15.50361619503219
3.0,GENERATED VIA SPACE-TRACK.ORG API,2025-04-01 14:26:19+00:00,18 SPCS,ISS (ZARYA),1998-067A,EARTH,TEME,UTC,SGP4,2025-04-01 12:50:22.115616+00:00,15.50375737,0.00036780,51.6391,326.6521,72.1912,358.9118,0,U,25544,999,50327,0.00028797000000,0.00016233,0.0000000000000,6793.765,92.881,418.129,413.131,PAYLOAD,LARGE,ISS,1998-11-20,TTMTR,,4687048,284565374,0 ISS (ZARYA),1 25544U 98067A   25091.53497819  .00016233  00000-0  28797-3 0  9994,2 25544  51.6391 326.6521 0003678  72.1912 358.9118 15.50375737503273
3.0,GENERATED VIA SPACE-TRACK.ORG API,2025-04-01 21:06:16+00:00,18 SPCS,ISS (ZARYA),1998-067A,EARTH,TEME,UTC,SGP4,2025-04-01 20:38:52.319328+00:00,15.50385809,0.00035850,51.6384,325.0390,75.1458,13.0510,0,U,25544,999,50332,0.00028638000000,0.00016146,0.0000000000000,6793.736,92.880,418.036,413.165,PAYLOAD,LARGE,ISS,1998-11-20,TTMTR,,4687337,284602053,0 ISS (ZARYA),1 25544U 98067A   25091.86032777  .00016146  00000-0  28638-3 0  9995,2 25544  51.6384 325.0390 0003585  75.1458  13.0510 15.50385809503329
3.0,GENERATED VIA SPACE-TRACK.ORG API,2025-04-02 02:26:20+00:00,18 SPCS,ISS (ZARYA),1998-067A,EARTH,TEME,UTC,SGP4,2025-04-01 21:48:59.227776+00:00,15.50386165,0.00034560,51.6353,324.8026,72.2038,287.9328,0,U,25544,999,50333,0.00027137000000,0.00015274,0.0000000000000,6793.735,92.880,417.948,413.252,PAYLOAD,LARGE,ISS,1998-11-20,TTMTR,,4687669,284615785,0 ISS (ZARYA),1 25544U 98067A   25091.90901884  .00015274  00000-0  27137-3 0  9998,2 25544  51.6353 324.8026 0003456  72.2038 287.9328 15.50386165503333
3.0,GENERATED VIA SPACE-TRACK.ORG API,2025-04-02 06:56:19+00:00,18 SPCS,ISS (ZARYA),1998-067A,EARTH,TEME,UTC,SGP4,2025-04-02 02:27:26.554752+00:00,15.50393872,0.00034420,51.6353,323.8439,72.6732,287.4633,0,U,25544,999,50336,0.00028998000000,0.00016360,0.0000000000000,6793.712,92.880,417.916,413.239,PAYLOAD,LARGE,ISS,1998-11-20,TTMTR,,4687888,284645595,0 ISS (ZARYA),1 25544U 98067A   25092.10239068  .00016360  00000-0  28998-3 0  9992,2 25544  51.6353 323.8439 0003442  72.6732 287.4633 15.50393872503360
3.0,GENERATED VIA SPACE-TRACK.ORG API,2025-04-02 13:46:32+00:00,18 SPCS,ISS (ZARYA),1998-067A,EARTH,TEME,UTC,SGP4,2025-04-02 09:22:15.587616+00:00,15.50403238,0.00035940,51.6385,322.4104,76.6489,92.3843,0,U,25544,999,50340,0.00028578000000,0.00016122,0.0000000000000,6793.685,92.879,417.992,413.108,PAYLOAD,LARGE,ISS,1998-11-20,TTMTR,,4687994,284647168,0 ISS (ZARYA),1 25544U 98067A   25092.39045819  .00016122  00000-0  28578-3 0  9992,2 25544  51.6385 322.4104 0003594  76.6489  92.3843 15.50403238503409
3.0,GENERATED VIA SPACE-TRACK.ORG API,2025-04-02 20:06:16+00:00,18 SPCS,ISS (ZARYA),1998-067A,EARTH,TEME,UTC,SGP4,2025-04-02 19:42:55.751040+00:00,15.49173214,0.00038480,51.6359,320.2804,8.6235,45.9350,0,U,25544,999,50347,0.00056040000000,0.00030737,0.0000000000000,6797.280,92.953,421.761,416.530,PAYLOAD,LARGE,ISS,1998-11-20,TTMTR,,4688382,284685812,0 ISS (ZARYA),1 25544U 98067A   25092.82147860  .00030737  00000-0  56040-3 0  9992,2 25544  51.6359 320.2804 0003848   8.6235  45.9350 15.49173214503479
3.0,GENERATED VIA SPACE-TRACK.ORG API,2025-04-03 07:06:36+00:00,18 SPCS,ISS (ZARYA),1998-067A,EARTH,TEME,UTC,SGP4,2025-04-03 03:13:20.023392+00:00,15.49192057,0.00048480,51.6367,318.7328,3.8316,356.2709,0,U,25544,999,50352,0.00037635000000,0.00020483,0.0000000000000,6797.225,92.952,422.386,415.795,PAYLOAD,LARGE,ISS,1998-11-20,TTMTR,,4688970,284729843,0 ISS (ZARYA),1 25544U 98067A   25093.13425953  .00020483  00000-0  37635-3 0  9995,2 25544  51.6367 318.7328 0004848   3.8316 356.2709 15.49192057503527
3.0,GENERATED VIA SPACE-TRACK.ORG API,2025-04-03 13:36:17+00:00,18 SPCS,ISS (ZARYA),1998-067A,EARTH,TEME,UTC,SGP4,2025-04-03 11:17:44.850336+00:00,15.49205989,0.00056950,51.6369,317.0691,8.6766,68.7910,0,U,25544,999,50357,0.00037481000000,0.00020410,0.0000000000000,6797.185,92.951,422.921,415.179,PAYLOAD,LARGE,ISS,1998-11-20,TTMTR,,4689091,284731832,0 ISS (ZARYA),1 25544U 98067A   25093.47065799  .00020410  00000-0  37481-3 0  9999,2 25544  51.6369 317.0691 0005695   8.6766  68.7910 15.49205989503570
3.0,GENERATED VIA SPACE-TRACK.ORG API,2025-04-03 14:56:27+00:00,18 SPCS,ISS (ZARYA),1998-067A,EARTH,TEME,UTC,SGP4,2025-04-03 12:30:40.515264+00:00,15.49201821,0.00049070,51.6367,316.8168,6.0147,354.0899,0,U,25544,999,50358,0.00030022000000,0.00016245,0.0000000000000,6797.197,92.951,422.397,415.726,PAYLOAD,LARGE,ISS,1998-11-20,TTMTR,,4689322,284738674,0 ISS (ZARYA),1 25544U 98067A   25093.52130226  .00016245  00000-0  30022-3 0  9998,2 25544  51.6367 316.8168 0004907   6.0147 354.0899 15.49201821503583
3.0,GENERATED VIA SPACE-TRACK.ORG API,2025-04-03 22:56:25+00:00,18 SPCS,ISS (ZARYA),1998-067A,EARTH,TEME,UTC,SGP4,2025-04-03 20:15:07.389792+00:00,15.49208916,0.00048180,51.6367,315.2211,6.2247,353.8801,0,U,25544,999,50363,0.00025624000000,0.00013798,0.0000000000000,6797.176,92.951,422.316,415.766,PAYLOAD,LARGE,ISS,1998-11-20,TTMTR,,4689695,284776239,0 ISS (ZARYA),1 25544U 98067A   25093.84383553  .00013798  00000-0  25624-3 0  9998,2 25544  51.6367 315.2211 0004818   6.2247 353.8801 15.49208916503637
3.0,GENERATED VIA SPACE-TRACK.ORG API,2025-04-04 05:56:17+00:00,18 SPCS,ISS (ZARYA),1998-067A,EARTH,TEME,UTC,SGP4,2025-04-04 03:03:38.821824+00:00,15.49220555,0.00050510,51.6389,313.8160,10.2348,133.1450,0,U,25544,999,50367,0.00028339000000,0.00015317,0.0000000000000,6797.142,92.950,422.440,415.574,PAYLOAD,LARGE,ISS,1998-11-20,TTMTR,,4689782,284807526,0 ISS (ZARYA),1 25544U 98067A   25094.12753266  .00015317  00000-0  28339-3 0  9997,2 25544  51.6389 313.8160 0005051  10.2348 133.1450 15.49220555503671
3.0,GENERATED VIA SPACE-TRACK.ORG API,2025-04-04 15:06:26+00:00,18 SPCS,ISS (ZARYA),1998-067A,EARTH,TEME,UTC,SGP4,2025-04-04 13:16:53.957856+00:00,15.49231064,0.00048410,51.6361,311.7102,9.2083,350.8993,0,U,25544,999,50374,0.00028095000000,0.00015187,0.0000000000000,6797.111,92.949,422.267,415.686,PAYLOAD,LARGE,ISS,1998-11-20,TTMTR,,4690447,284823104,0 ISS (ZARYA),1 25544U 98067A   25094.55340229  .00015187  00000-0  28095-3 0  9999,2 25544  51.6361 311.7102 0004841   9.2083 350.8993 15.49231064503749
3.0,GENERATED VIA SPACE-TRACK.ORG API,2025-04-04 16:46:31+00:00,18 SPCS,ISS (ZARYA),1998-067A,EARTH,TEME,UTC,SGP4,2025-04-04 15:15:13.013856+00:00,15.49235073,0.00049350,51.6388,311.3007,11.9729,86.6967,0,U,25544,999,50375,0.00027729000000,0.00014985,0.0000000000000,6797.100,92.949,422.319,415.610,PAYLOAD,LARGE,ISS,1998-11-20,TTMTR,,4690509,284824494,0 ISS (ZARYA),1 25544U 98067A   25094.63556729  .00014985  00000-0  27729-3 0  9990,2 25544  51.6388 311.3007 0004935  11.9729  86.6967 15.49235073503759
3.0,GENERATED VIA SPACE-TRACK.ORG API,2025-04-04 22:56:17+00:00,18 SPCS,ISS (ZARYA),1998-067A,EARTH,TEME,UTC,SGP4,2025-04-04 19:28:27.022368+00:00,15.49239827,0.00048520,51.6366,310.4337,9.4198,350.6880,0,U,25544,999,50378,0.00029223000000,0.00015821,0.0000000000000,6797.086,92.949,422.249,415.653,PAYLOAD,LARGE,ISS,1998-11-20,TTMTR,,4690746,284859725,0 ISS (ZARYA),1 25544U 98067A   25094.81142387  .00015821  00000-0  29223-3 0  9992,2 25544  51.6366 310.4337 0004852   9.4198 350.6880 15.49239827503783
3.0,GENERATED VIA SPACE-TRACK.ORG API,2025-04-05 07:16:34+00:00,18 SPCS,ISS (ZARYA),1998-067A,EARTH,TEME,UTC,SGP4,2025-04-05 01:39:59.954688+00:00,15.49250234,0.00048490,51.6361,309.1566,10.5473,349.5617,0,U,25544,999,50382,0.00032243000000,0.00017513,0.0000000000000,6797.055,92.948,422.216,415.624,PAYLOAD,LARGE,ISS,1998-11-20,TTMTR,,4691146,284898612,0 ISS (ZARYA),1 25544U 98067A   25095.06944392  .00017513  00000-0  32243-3 0  9992,2 25544  51.6361 309.1566 0004849  10.5473 349.5617 15.49250234503827
3.0,GENERATED VIA SPACE-TRACK.ORG API,2025-04-05 13:36:17+00:00,18 SPCS,ISS (ZARYA),1998-067A,EARTH,TEME,UTC,SGP4,2025-04-05 12:52:26.205888+00:00,15.49262290,0.00050240,51.6391,306.8403,14.3448,71.9326,0,U,25544,999,50389,0.00027508000000,0.00014876,0.0000000000000,6797.020,92.947,422.300,415.470,PAYLOAD,LARGE,ISS,1998-11-20,TTMTR,,4691240,284900905,0 ISS (ZARYA),1 25544U 98067A   25095.53641442  .00014876  00000-0  27508-3 0  9991,2 25544  51.6391 306.8403 0005024  14.3448  71.9326 15.49262290503899
3.0,GENERATED VIA SPACE-TRACK.ORG API,2025-04-05 14:06:31+00:00,18 SPCS,ISS (ZARYA),1998-067A,EARTH,TEME,UTC,SGP4,2025-04-05 12:52:26.205888+00:00,15.49262349,0.00050260,51.6390,306.8407,14.4205,71.8569,0,U,25544,999,50389,0.00027553000000,0.00014901,0.0000000000000,6797.020,92.947,422.301,415.469,PAYLOAD,LARGE,ISS,1998-11-20,TTMTR,,4691241,284900907,0 ISS (ZARYA),1 25544U 98067A   25095.53641442  .00014901  00000-0  27553-3 0  9990,2 25544  51.6390 306.8407 0005026  14.4205  71.8569 15.49262349503899
3.0,GENERATED VIA SPACE-TRACK.ORG API,2025-04-05 18:36:17+00:00,18 SPCS,ISS (ZARYA),1998-067A,EARTH,TEME,UTC,SGP4,2025-04-05 17:31:43.492800+00:00,15.49268171,0.00050190,51.6389,305.8804,15.1234,73.5972,0,U,25544,999,50392,0.00027428000000,0.00014835,0.0000000000000,6797.003,92.947,422.279,415.456,PAYLOAD,LARGE,ISS,1998-11-20,TTMTR,,4691624,284910186,0 ISS (ZARYA),1 25544U 98067A   25095.73036450  .00014835  00000-0  27428-3 0  9996,2 25544  51.6389 305.8804 0005019  15.1234  73.5972 15.49268171503929
3.0,GENERATED VIA SPACE-TRACK.ORG API,2025-04-05 23:06:18+00:00,18 SPCS,ISS (ZARYA),1998-067A,EARTH,TEME,UTC,SGP4,2025-04-05 20:14:37.978368+00:00,15.49274177,0.00049310,51.6370,305.3260,12.6252,347.4859,0,U,25544,999,50394,0.00028134000000,0.00015232,0.0000000000000,6796.985,92.947,422.202,415.499,PAYLOAD,LARGE,ISS,1998-11-20,TTMTR,,4691915,284917082,0 ISS (ZARYA),1 25544U 98067A   25095.84349512  .00015232  00000-0  28134-3 0  9991,2 25544  51.6370 305.3260 0004931  12.6252 347.4859 15.49274177503946
3.0,GENERATED VIA SPACE-TRACK.ORG API,2025-04-06 06:56:31+00:00,18 SPCS,ISS (ZARYA),1998-067A,EARTH,TEME,UTC,SGP4,2025-04-06 00:53:17.313216+00:00,15.49280872,0.00049220,51.6369,304.3678,13.5339,346.5781,0,U,25544,999,50397,0.00028194000000,0.00015269,0.0000000000000,6796.966,92.946,422.176,415.485,PAYLOAD,LARGE,ISS,1998-11-20,TTMTR,,4692194,284953672,0 ISS (ZARYA),1 25544U 98067A   25096.03700594  .00015269  00000-0  28194-3 0  9990,2 25544  51.6369 304.3678 0004922  13.5339 346.5781 15.49280872503978
3.0,GENERATED VIA SPACE-TRACK.ORG API,2025-04-06 14:06:16+00:00,18 SPCS,ISS (ZARYA),1998-067A,EARTH,TEME,UTC,SGP4,2025-04-06 13:23:09.517056+00:00,15.49296097,0.00049680,51.6392,301.7845,18.4193,8.0252,0,U,25544,999,50405,0.00028321000000,0.00015349,0.0000000000000,6796.921,92.945,422.163,415.409,PAYLOAD,LARGE,ISS,1998-11-20,TTMTR,,4692266,284955281,0 ISS (ZARYA),1 25544U 98067A   25096.55774904  .00015349  00000-0  28321-3 0  9994,2 25544  51.6392 301.7845 0004968  18.4193   8.0252 15.49296097504052
3.0,GENERATED VIA SPACE-TRACK.ORG API,2025-04-06 21:56:16+00:00,18 SPCS,ISS (ZARYA),1998-067A,EARTH,TEME,UTC,SGP4,2025-04-06 21:05:16.497024+00:00,15.49306890,0.00049320,51.6390,300.1961,19.0955,358.4279,0,U,25544,999,50410,0.00028528000000,0.00015471,0.0000000000000,6796.889,92.945,422.107,415.402,PAYLOAD,LARGE,ISS,1998-11-20,TTMTR,,4692655,284964831,0 ISS (ZARYA),1 25544U 98067A   25096.87866316  .00015471  00000-0  28528-3 0  9993,2 25544  51.6390 300.1961 0004932  19.0955 358.4279 15.49306890504106
3.0,GENERATED VIA SPACE-TRACK.ORG API,2025-04-07 03:16:22+00:00,18 SPCS,ISS (ZARYA),1998-067A,EARTH,TEME,UTC,SGP4,2025-04-06 21:00:47.018016+00:00,15.49305110,0.00049770,51.6370,300.2178,16.3382,343.7766,0,U,25544,999,50410,0.00024491000000,0.00013212,0.0000000000000,6796.895,92.945,422.142,415.377,PAYLOAD,LARGE,ISS,1998-11-20,TTMTR,,4693017,284979525,0 ISS (ZARYA),1 25544U 98067A   25096.87554419  .00013212  00000-0  24491-3 0  9997,2 25544  51.6370 300.2178 0004977  16.3382 343.7766 15.49305110504100
3.0,GENERATED VIA SPACE-TRACK.ORG API,2025-04-07 07:06:18+00:00,18 SPCS,ISS (ZARYA),1998-067A,EARTH,TEME,UTC,SGP4,2025-04-07 01:39:26.030592+00:00,15.49310379,0.00050050,51.6365,299.2598,16.5600,343.5551,0,U,25544,999,50413,0.00023764000000,0.00012809,0.0000000000000,6796.879,92.945,422.146,415.342,PAYLOAD,LARGE,ISS,1998-11-20,TTMTR,,4693287,285009696,0 ISS (ZARYA),1 25544U 98067A   25097.06905128  .00012809  00000-0  23764-3 0  9999,2 25544  51.6365 299.2598 0005005  16.5600 343.5551 15.49310379504131
3.0,GENERATED VIA SPACE-TRACK.ORG API,2025-04-07 13:26:26+00:00,18 SPCS,ISS (ZARYA),1998-067A,EARTH,TEME,UTC,SGP4,2025-04-07 07:48:49.000032+00:00,15.49320196,0.00050730,51.6392,297.9887,19.0830,332.7048,0,U,25544,999,50416,0.00026910000000,0.00014573,0.0000000000000,6796.851,92.944,422.164,415.267,PAYLOAD,LARGE,ISS,1998-11-20,TTMTR,,4693347,285010743,0 ISS (ZARYA),1 25544U 98067A   25097.32556713  .00014573  00000-0  26910-3 0  9996,2 25544  51.6392 297.9887 0005073  19.0830 332.7048 15.49320196504167
3.0,GENERATED VIA SPACE-TRACK.ORG API,2025-04-07 14:46:30+00:00,18 SPCS,ISS (ZARYA),1998-067A,EARTH,TEME,UTC,SGP4,2025-04-07 12:29:36.890304+00:00,15.49320680,0.00049790,51.6365,297.0255,19.0825,341.0349,0,U,25544,999,50420,0.00021806000000,0.00011719,0.0000000000000,6796.849,92.944,422.098,415.330,PAYLOAD,LARGE,ISS,1998-11-20,TTMTR,,4693495,285015312,0 ISS (ZARYA),1 25544U 98067A   25097.52056586  .00011719  00000-0  21806-3 0  9999,2 25544  51.6365 297.0255 0004979  19.0825 341.0349 15.49320680504205
3.0,GENERATED VIA SPACE-TRACK.ORG API,2025-04-07 20:56:25+00:00,18 SPCS,ISS (ZARYA),1998-067A,EARTH,TEME,UTC,SGP4,2025-04-07 17:28:03.878688+00:00,15.49327165,0.00049210,51.6387,295.9972,21.4700,55.3997,0,U,25544,999,50423,0.00023883000000,0.00012883,0.0000000000000,6796.830,92.944,422.040,415.350,PAYLOAD,LARGE,ISS,1998-11-20,TTMTR,,4693600,285046688,0 ISS (ZARYA),1 25544U 98067A   25097.72782267  .00012883  00000-0  23883-3 0  9993,2 25544  51.6387 295.9972 0004921  21.4700  55.3997 15.49327165504230
3.0,GENERATED VIA SPACE-TRACK.ORG API,2025-04-07 23:46:34+00:00,18 SPCS,ISS (ZARYA),1998-067A,EARTH,TEME,UTC,SGP4,2025-04-07 20:14:01.591872+00:00,15.49328433,0.00049410,51.6372,295.4298,19.7677,340.3503,0,U,25544,999,50425,0.00021353000000,0.00011468,0.0000000000000,6796.826,92.943,422.050,415.333,PAYLOAD,LARGE,ISS,1998-11-20,TTMTR,,4693911,285053931,0 ISS (ZARYA),1 25544U 98067A   25097.84307398  .00011468  00000-0  21353-3 0  9992,2 25544  51.6372 295.4298 0004941  19.7677 340.3503 15.49328433504256
3.0,GENERATED VIA SPACE-TRACK.ORG API,2025-04-08 05:16:21+00:00,18 SPCS,ISS (ZARYA),1998-067A,EARTH,TEME,UTC,SGP4,2025-04-08 01:30:13.875840+00:00,15.49335436,0.00048540,51.6388,294.3397,22.7369,122.9591,0,U,25544,999,50428,0.00022264000000,0.00011981,0.0000000000000,6796.806,92.943,421.970,415.372,PAYLOAD,LARGE,ISS,1998-11-20,TTMTR,,4693976,285084632,0 ISS (ZARYA),1 25544U 98067A   25098.06266060  .00011981  00000-0  22264-3 0  9999,2 25544  51.6388 294.3397 0004854  22.7369 122.9591 15.49335436504281
3.0,GENERATED VIA SPACE-TRACK.ORG API,2025-04-08 13:26:31+00:00,18 SPCS,ISS (ZARYA),1998-067A,EARTH,TEME,UTC,SGP4,2025-04-08 06:14:53.181600+00:00,15.49348388,0.00049810,51.6394,293.3575,22.9004,146.1043,0,U,25544,999,50431,0.00027904000000,0.00015144,0.0000000000000,6796.768,92.942,422.019,415.248,PAYLOAD,LARGE,ISS,1998-11-20,TTMTR,,4694380,285093873,0 ISS (ZARYA),1 25544U 98067A   25098.26033775  .00015144  00000-0  27904-3 0  9997,2 25544  51.6394 293.3575 0004981  22.9004 146.1043 15.49348388504318
3.0,GENERATED VIA SPACE-TRACK.ORG API,2025-04-08 14:56:26+00:00,18 SPCS,ISS (ZARYA),1998-067A,EARTH,TEME,UTC,SGP4,2025-04-08 11:42:50.455008+00:00,15.49351421,0.00049810,51.6369,292.2364,21.7216,338.3983,0,U,25544,999,50435,0.00029071000000,0.00015800,0.0000000000000,6796.759,92.942,422.010,415.239,PAYLOAD,LARGE,ISS,1998-11-20,TTMTR,,4694610,285100515,0 ISS (ZARYA),1 25544U 98067A   25098.48808397  .00015800  00000-0  29071-3 0  9997,2 25544  51.6369 292.2364 0004981  21.7216 338.3983 15.49351421504350
3.0,GENERATED VIA SPACE-TRACK.ORG API,2025-04-08 19:06:16+00:00,18 SPCS,ISS (ZARYA),1998-067A,EARTH,TEME,UTC,SGP4,2025-04-08 18:39:57.000384+00:00,15.49360759,0.00048980,51.6395,290.7974,24.6849,152.1373,0,U,25544,999,50439,0.00026359000000,0.00014285,0.0000000000000,6796.732,92.942,421.926,415.268,PAYLOAD,LARGE,ISS,1998-11-20,TTMTR,,4694719,285131653,0 ISS (ZARYA),1 25544U 98067A   25098.77774306  .00014285  00000-0  26359-3 0  9993,2 25544  51.6395 290.7974 0004898  24.6849 152.1373 15.49360759504393
3.0,GENERATED VIA SPACE-TRACK.ORG API,2025-04-08 22:56:24+00:00,18 SPCS,ISS (ZARYA),1998-067A,EARTH,TEME,UTC,SGP4,2025-04-08 19:27:14.572512+00:00,15.49363734,0.00049840,51.6370,290.6401,22.5410,337.5797,0,U,25544,999,50440,0.00031609000000,0.00017229,0.0000000000000,6796.723,92.941,421.976,415.201,PAYLOAD,LARGE,ISS,1998-11-20,TTMTR,,4694980,285137135,0 ISS (ZARYA),1 25544U 98067A   25098.81058533  .00017229  00000-0  31609-3 0  9990,2 25544  51.6370 290.6401 0004984  22.5410 337.5797 15.49363734504404
3.0,GENERATED VIA SPACE-TRACK.ORG API,2025-04-09 05:06:17+00:00,18 SPCS,ISS (ZARYA),1998-067A,EARTH,TEME,UTC,SGP4,2025-04-09 00:41:31.484832+00:00,15.49367294,0.00051350,51.6387,289.5561,20.7798,117.4947,0,U,25544,999,50443,0.00023524000000,0.00012701,0.0000000000000,6796.713,92.941,422.068,415.088,PAYLOAD,LARGE,ISS,1998-11-20,TTMTR,,4695037,285168043,0 ISS (ZARYA),1 25544U 98067A   25099.02883663  .00012701  00000-0  23524-3 0  9991,2 25544  51.6387 289.5561 0005135  20.7798 117.4947 15.49367294504434
3.0,GENERATED VIA SPACE-TRACK.ORG API,2025-04-09 19:37:26+00:00,18 SPCS,ISS (ZARYA),1998-067A,EARTH,TEME,UTC,SGP4,2025-04-09 12:28:54.842016+00:00,15.49391952,0.00049900,51.6361,287.1280,24.5294,335.5932,0,U,25544,999,50451,0.00034773000000,0.00019023,0.0000000000000,6796.641,92.940,421.897,415.114,PAYLOAD,LARGE,ISS,1998-11-20,TTMTR,,4696786,285217119,0 ISS (ZARYA),1 25544U 98067A   25099.52007919  .00019023  00000-0  34773-3 0  9990,2 25544  51.6361 287.1280 0004990  24.5294 335.5932 15.49391952504513
3.0,GENERATED VIA SPACE-TRACK.ORG API,2025-04-10 00:56:18+00:00,18 SPCS,ISS (ZARYA),1998-067A,EARTH,TEME,UTC,SGP4,2025-04-09 20:13:18.283008+00:00,15.49402735,0.00050400,51.6369,285.5316,25.8719,334.2521,0,U,25544,999,50456,0.00032820000000,0.00017934,0.0000000000000,6796.609,92.939,421.900,415.049,PAYLOAD,LARGE,ISS,1998-11-20,TTMTR,,4697228,285250466,0 ISS (ZARYA),1 25544U 98067A   25099.84257272  .00017934  00000-0  32820-3 0  9994,2 25544  51.6369 285.5316 0005040  25.8719 334.2521 15.49402735504563
3.0,GENERATED VIA SPACE-TRACK.ORG API,2025-04-10 05:06:16+00:00,18 SPCS,ISS (ZARYA),1998-067A,EARTH,TEME,UTC,SGP4,2025-04-09 23:57:45.673920+00:00,15.49407769,0.00050560,51.6387,284.7563,27.7614,122.3760,0,U,25544,999,50458,0.00031869000000,0.00017403,0.0000000000000,6796.594,92.939,421.896,415.023,PAYLOAD,LARGE,ISS,1998-11-20,TTMTR,,4697279,285280798,0 ISS (ZARYA),1 25544U 98067A   25099.99844530  .00017403  00000-0  31869-3 0  9992,2 25544  51.6387 284.7563 0005056  27.7614 122.3760 15.49407769504585
3.0,GENERATED VIA SPACE-TRACK.ORG API,2025-04-10 07:06:33+00:00,18 SPCS,ISS (ZARYA),1998-067A,EARTH,TEME,UTC,SGP4,2025-04-10 03:57:41.539968+00:00,15.49411715,0.00050010,51.6354,283.9348,26.2629,333.8612,0,U,25544,999,50461,0.00030151000000,0.00016440,0.0000000000000,6796.583,92.938,421.847,415.049,PAYLOAD,LARGE,ISS,1998-11-20,TTMTR,,4697543,285287451,0 ISS (ZARYA),1 25544U 98067A   25100.16506412  .00016440  00000-0  30151-3 0  9991,2 25544  51.6354 283.9348 0005001  26.2629 333.8612 15.49411715504616
3.0,GENERATED VIA SPACE-TRACK.ORG API,2025-04-10 13:26:32+00:00,18 SPCS,ISS (ZARYA),1998-067A,EARTH,TEME,UTC,SGP4,2025-04-10 11:52:46.166592+00:00,15.49422889,0.00052380,51.6388,282.2982,28.4654,13.1067,0,U,25544,999,50466,0.00030643000000,0.00016724,0.0000000000000,6796.550,92.938,421.975,414.855,PAYLOAD,LARGE,ISS,1998-11-20,TTMTR,,4697619,285288302,0 ISS (ZARYA),1 25544U 98067A   25100.49497878  .00016724  00000-0  30643-3 0  9993,2 25544  51.6388 282.2982 0005238  28.4654  13.1067 15.49422889504664
3.0,GENERATED VIA SPACE-TRACK.ORG API,2025-04-10 23:30:38+00:00,18 SPCS,ISS (ZARYA),1998-067A,EARTH,TEME,UTC,SGP4,2025-04-10 13:14:57.244416+00:00,15.49422611,0.00049980,51.6357,282.0196,27.8484,332.2772,0,U,25544,999,50467,0.00027791000000,0.00015121,0.0000000000000,6796.551,92.938,421.813,415.019,PAYLOAD,LARGE,ISS,1998-11-20,TTMTR,,4698059,285305350,0 ISS (ZARYA),1 25544U 98067A   25100.55205144  .00015121  00000-0  27791-3 0  9993,2 25544  51.6357 282.0196 0004998  27.8484 332.2772 15.49422611504673
3.0,GENERATED VIA SPACE-TRACK.ORG API,2025-04-10 23:36:20+00:00,18 SPCS,ISS (ZARYA),1998-067A,EARTH,TEME,UTC,SGP4,2025-04-10 19:26:27.571776+00:00,15.49429297,0.00050210,51.6356,280.7424,29.0491,331.0776,0,U,25544,999,50471,0.00026434000000,0.00014363,0.0000000000000,6796.531,92.937,421.809,414.984,PAYLOAD,LARGE,ISS,1998-11-20,TTMTR,,4698066,285329264,0 ISS (ZARYA),1 25544U 98067A   25100.81004134  .00014363  00000-0  26434-3 0  9998,2 25544  51.6356 280.7424 0005021  29.0491 331.0776 15.49429297504714
3.0,GENERATED VIA SPACE-TRACK.ORG API,2025-04-11 05:06:17+00:00,18 SPCS,ISS (ZARYA),1998-067A,EARTH,TEME,UTC,SGP4,2025-04-11 00:42:43.763616+00:00,15.49440859,0.00053480,51.6379,279.6534,32.4221,113.6148,0,U,25544,999,50474,0.00031794000000,0.00017382,0.0000000000000,6796.498,92.937,421.997,414.728,PAYLOAD,LARGE,ISS,1998-11-20,TTMTR,,4698157,285360550,0 ISS (ZARYA),1 25544U 98067A   25101.02967319  .00017382  00000-0  31794-3 0  9994,2 25544  51.6379 279.6534 0005348  32.4221 113.6148 15.49440859504746
3.0,GENERATED VIA SPACE-TRACK.ORG API,2025-04-11 13:56:28+00:00,18 SPCS,ISS (ZARYA),1998-067A,EARTH,TEME,UTC,SGP4,2025-04-11 12:54:42.810336+00:00,15.49454298,0.00051730,51.6384,277.1333,35.3086,68.0244,0,U,25544,999,50482,0.00029199000000,0.00015931,0.0000000000000,6796.458,92.936,421.839,414.808,PAYLOAD,LARGE,ISS,1998-11-20,TTMTR,,4698531,285368660,0 ISS (ZARYA),1 25544U 98067A   25101.53799549  .00015931  00000-0  29199-3 0  9992,2 25544  51.6384 277.1333 0005173  35.3086  68.0244 15.49454298504820
3.0,GENERATED VIA SPACE-TRACK.ORG API,2025-04-12 00:16:20+00:00,18 SPCS,ISS (ZARYA),1998-067A,EARTH,TEME,UTC,SGP4,2025-04-11 20:12:27.936000+00:00,15.49456260,0.00051140,51.6356,275.6334,31.4423,328.6870,0,U,25544,999,50487,0.00024688000000,0.00013396,0.0000000000000,6796.453,92.936,421.793,414.842,PAYLOAD,LARGE,ISS,1998-11-20,TTMTR,,4699146,285382810,0 ISS (ZARYA),1 25544U 98067A   25101.84199000  .00013396  00000-0  24688-3 0  9993,2 25544  51.6356 275.6334 0005114  31.4423 328.6870 15.49456260504876
3.0,GENERATED VIA SPACE-TRACK.ORG API,2025-04-12 07:06:46+00:00,18 SPCS,ISS (ZARYA),1998-067A,EARTH,TEME,UTC,SGP4,2025-04-12 03:56:50.230464+00:00,15.49465106,0.00051000,51.6359,274.0371,32.6107,327.5195,0,U,25544,999,50492,0.00025849000000,0.00014053,0.0000000000000,6796.427,92.935,421.758,414.826,PAYLOAD,LARGE,ISS,1998-11-20,TTMTR,,4699501,285420667,0 ISS (ZARYA),1 25544U 98067A   25102.16447026  .00014053  00000-0  25849-3 0  9994,2 25544  51.6359 274.0371 0005100  32.6107 327.5195 15.49465106504923
3.0,GENERATED VIA SPACE-TRACK.ORG API,2025-04-12 14:06:17+00:00,18 SPCS,ISS (ZARYA),1998-067A,EARTH,TEME,UTC,SGP4,2025-04-12 12:06:26.639136+00:00,15.49480190,0.00054810,51.6375,272.3480,36.8305,61.1451,0,U,25544,999,50497,0.00027610000000,0.00015052,0.0000000000000,6796.383,92.934,421.973,414.523,PAYLOAD,LARGE,ISS,1998-11-20,TTMTR,,4699566,285421871,0 ISS (ZARYA),1 25544U 98067A   25102.50447499  .00015052  00000-0  27610-3 0  9994,2 25544  51.6375 272.3480 0005481  36.8305  61.1451 15.49480190504972
3.0,GENERATED VIA SPACE-TRACK.ORG API,2025-04-12 18:26:16+00:00,18 SPCS,ISS (ZARYA),1998-067A,EARTH,TEME,UTC,SGP4,2025-04-12 18:18:28.651104+00:00,15.49486476,0.00054310,51.6377,271.0683,37.9073,62.1636,0,U,25544,999,50501,0.00027102000000,0.00014769,0.0000000000000,6796.364,92.934,421.920,414.538,PAYLOAD,LARGE,ISS,1998-11-20,TTMTR,,4699921,285430492,0 ISS (ZARYA),1 25544U 98067A   25102.76283161  .00014769  00000-0  27102-3 0  9996,2 25544  51.6377 271.0683 0005431  37.9073  62.1636 15.49486476505019
3.0,GENERATED VIA SPACE-TRACK.ORG API,2025-04-12 23:06:19+00:00,18 SPCS,ISS (ZARYA),1998-067A,EARTH,TEME,UTC,SGP4,2025-04-12 20:58:26.573088+00:00,15.49489682,0.00050710,51.6360,270.5243,34.6515,325.4803,0,U,25544,999,50503,0.00030832000000,0.00016870,0.0000000000000,6796.355,92.934,421.666,414.773,PAYLOAD,LARGE,ISS,1998-11-20,TTMTR,,4700156,285466832,0 ISS (ZARYA),1 25544U 98067A   25102.87391867  .00016870  00000-0  30832-3 0  9990,2 25544  51.6360 270.5243 0005071  34.6515 325.4803 15.49489682505037
3.0,GENERATED VIA SPACE-TRACK.ORG API,2025-04-13 00:36:16+00:00,18 SPCS,ISS (ZARYA),1998-067A,EARTH,TEME,UTC,SGP4,2025-04-12 23:06:54.971136+00:00,15.49490188,0.00052890,51.6376,270.0808,36.9832,101.1485,0,U,25544,999,50504,0.00026474000000,0.00014417,0.0000000000000,6796.353,92.934,421.813,414.624,PAYLOAD,LARGE,ISS,1998-11-20,TTMTR,,4700244,285468035,0 ISS (ZARYA),1 25544U 98067A   25102.96313624  .00014417  00000-0  26474-3 0  9997,2 25544  51.6376 270.0808 0005289  36.9832 101.1485 15.49490188505043
3.0,GENERATED VIA SPACE-TRACK.ORG API,2025-04-13 07:06:34+00:00,18 SPCS,ISS (ZARYA),1998-067A,EARTH,TEME,UTC,SGP4,2025-04-13 03:09:55.926720+00:00,15.49497756,0.00050740,51.6361,269.2466,35.3494,324.7831,0,U,25544,999,50507,0.00030834000000,0.00016876,0.0000000000000,6796.331,92.933,421.645,414.748,PAYLOAD,LARGE,ISS,1998-11-20,TTMTR,,4700537,285504902,0 ISS (ZARYA),1 25544U 98067A   25103.13189730  .00016876  00000-0  30834-3 0  9992,2 25544  51.6361 269.2466 0005074  35.3494 324.7831 15.49497756505075
3.0,GENERATED VIA SPACE-TRACK.ORG API,2025-04-13 14:56:20+00:00,18 SPCS,ISS (ZARYA),1998-067A,EARTH,TEME,UTC,SGP4,2025-04-13 12:27:09.736416+00:00,15.49508064,0.00050060,51.6358,267.3304,37.5020,322.6317,0,U,25544,999,50513,0.00027110000000,0.00014784,0.0000000000000,6796.301,92.933,421.568,414.764,PAYLOAD,LARGE,ISS,1998-11-20,TTMTR,,4700880,285513127,0 ISS (ZARYA),1 25544U 98067A   25103.51886269  .00014784  00000-0  27110-3 0  9994,2 25544  51.6358 267.3304 0005006  37.5020 322.6317 15.49508064505133
3.0,GENERATED VIA SPACE-TRACK.ORG API,2025-04-14 03:05:54+00:00,18 SPCS,ISS (ZARYA),1998-067A,EARTH,TEME,UTC,SGP4,2025-04-12 12:06:26.639136+00:00,15.49480190,0.00054810,51.6375,272.3480,36.8305,61.1451,0,U,25544,999,66,0.00027610000000,0.00015052,0.0000000000000,6796.383,92.934,421.973,414.523,PAYLOAD,LARGE,ISS,1998-11-20,TTMTR,,4701263,285528853,0 ISS (ZARYA),1 25544U 98067A   25102.50447499  .00015052  00000-0  27610-3 0  9994,2 25544  51.6375 272.3480 0005481  36.8305  61.1451 15.49480190   669
3.0,GENERATED VIA SPACE-TRACK.ORG API,2025-04-14 07:06:50+00:00,18 SPCS,ISS (ZARYA),1998-067A,EARTH,TEME,UTC,SGP4,2025-04-13 21:44:23.315424+00:00,15.49519521,0.00051220,51.6361,265.4147,37.8814,322.2534,0,U,25544,999,50519,0.00025545000000,0.00013909,0.0000000000000,6796.268,92.932,421.614,414.652,PAYLOAD,LARGE,ISS,1998-11-20,TTMTR,,4701534,285558695,0 ISS (ZARYA),1 25544U 98067A   25103.90582541  .00013909  00000-0  25545-3 0  9991,2 25544  51.6361 265.4147 0005122  37.8814 322.2534 15.49519521505197
3.0,GENERATED VIA SPACE-TRACK.ORG API,2025-04-14 13:36:18+00:00,18 SPCS,ISS (ZARYA),1998-067A,EARTH,TEME,UTC,SGP4,2025-04-14 12:07:39.143424+00:00,15.49539249,0.00052600,51.6376,262.4432,42.5292,63.9496,0,U,25544,999,50528,0.00027701000000,0.00015135,0.0000000000000,6796.210,92.931,421.650,414.500,PAYLOAD,LARGE,ISS,1998-11-20,TTMTR,,4701600,285560432,0 ISS (ZARYA),1 25544U 98067A   25104.50531416  .00015135  00000-0  27701-3 0  9992,2 25544  51.6376 262.4432 0005260  42.5292  63.9496 15.49539249505288
3.0,GENERATED VIA SPACE-TRACK.ORG API,2025-04-14 14:56:19+00:00,18 SPCS,ISS (ZARYA),1998-067A,EARTH,TEME,UTC,SGP4,2025-04-14 13:13:05.362464+00:00,15.49540419,0.00052130,51.6359,262.2216,40.0167,320.1205,0,U,25544,999,50529,0.00026941000000,0.00014707,0.0000000000000,6796.207,92.931,421.614,414.529,PAYLOAD,LARGE,ISS,1998-11-20,TTMTR,,4701858,285567145,0 ISS (ZARYA),1 25544U 98067A   25104.55075651  .00014707  00000-0  26941-3 0  9990,2 25544  51.6359 262.2216 0005213  40.0167 320.1205 15.49540419505297
3.0,GENERATED VIA SPACE-TRACK.ORG API,2025-04-14 21:46:19+00:00,18 SPCS,ISS (ZARYA),1998-067A,EARTH,TEME,UTC,SGP4,2025-04-14 20:01:37.456320+00:00,15.49547162,0.00053710,51.6374,260.8115,44.0755,99.7129,0,U,25544,999,50533,0.00026611000000,0.00014525,0.0000000000000,6796.187,92.930,421.702,414.402,PAYLOAD,LARGE,ISS,1998-11-20,TTMTR,,4701942,285568565,0 ISS (ZARYA),1 25544U 98067A   25104.83446130  .00014525  00000-0  26611-3 0  9997,2 25544  51.6374 260.8115 0005371  44.0755  99.7129 15.49547162505339
3.0,GENERATED VIA SPACE-TRACK.ORG API,2025-04-14 23:06:32+00:00,18 SPCS,ISS (ZARYA),1998-067A,EARTH,TEME,UTC,SGP4,2025-04-14 20:57:26.169120+00:00,15.49547970,0.00052300,51.6362,260.6254,40.7594,319.3785,0,U,25544,999,50534,0.00024923000000,0.00013573,0.0000000000000,6796.184,92.930,421.604,414.495,PAYLOAD,LARGE,ISS,1998-11-20,TTMTR,,4702187,285574614,0 ISS (ZARYA),1 25544U 98067A   25104.87321955  .00013573  00000-0  24923-3 0  9994,2 25544  51.6362 260.6254 0005230  40.7594 319.3785 15.49547970505343
3.0,GENERATED VIA SPACE-TRACK.ORG API,2025-04-15 06:56:18+00:00,18 SPCS,ISS (ZARYA),1998-067A,EARTH,TEME,UTC,SGP4,2025-04-14 22:30:18.296928+00:00,15.49550269,0.00052310,51.6362,260.3059,40.9775,319.1606,0,U,25544,999,50535,0.00025327000000,0.00013802,0.0000000000000,6796.178,92.930,421.598,414.488,PAYLOAD,LARGE,ISS,1998-11-20,TTMTR,,4702410,285610429,0 ISS (ZARYA),1 25544U 98067A   25104.93771177  .00013802  00000-0  25327-3 0  9990,2 25544  51.6362 260.3059 0005231  40.9775 319.1606 15.49550269505353
3.0,GENERATED VIA SPACE-TRACK.ORG API,2025-04-15 13:36:17+00:00,18 SPCS,ISS (ZARYA),1998-067A,EARTH,TEME,UTC,SGP4,2025-04-15 12:46:36.897600+00:00,15.49569282,0.00052760,51.6375,257.3560,47.8113,31.7820,0,U,25544,999,50544,0.00027047000000,0.00014782,0.0000000000000,6796.122,92.929,421.573,414.402,PAYLOAD,LARGE,ISS,1998-11-20,TTMTR,,4702580,285612935,0 ISS (ZARYA),1 25544U 98067A   25105.53237150  .00014782  00000-0  27047-3 0  9994,2 25544  51.6375 257.3560 0005276  47.8113  31.7820 15.49569282505441
3.0,GENERATED VIA SPACE-TRACK.ORG API,2025-04-15 18:47:20+00:00,18 SPCS,ISS (ZARYA),1998-067A,EARTH,TEME,UTC,SGP4,2025-04-15 12:26:07.250208+00:00,15.49565477,0.00052450,51.6362,257.4322,43.0548,317.0850,0,U,25544,999,50544,0.00023896000000,0.00013002,0.0000000000000,6796.133,92.929,421.563,414.434,PAYLOAD,LARGE,ISS,1998-11-20,TTMTR,,4702934,285627921,0 ISS (ZARYA),1 25544U 98067A   25105.51813947  .00013002  00000-0  23896-3 0  9998,2 25544  51.6362 257.4322 0005245  43.0548 317.0850 15.49565477505445
3.0,GENERATED VIA SPACE-TRACK.ORG API,2025-04-15 23:06:20+00:00,18 SPCS,ISS (ZARYA),1998-067A,EARTH,TEME,UTC,SGP4,2025-04-15 20:10:27.541056+00:00,15.49576817,0.00052320,51.6364,255.8359,44.1584,315.9822,0,U,25544,999,50549,0.00027824000000,0.00015225,0.0000000000000,6796.100,92.929,421.521,414.409,PAYLOAD,LARGE,ISS,1998-11-20,TTMTR,,4703239,285658518,0 ISS (ZARYA),1 25544U 98067A   25105.84059654  .00015225  00000-0  27824-3 0  9995,2 25544  51.6364 255.8359 0005232  44.1584 315.9822 15.49576817505498
3.0,GENERATED VIA SPACE-TRACK.ORG API,2025-04-16 06:56:31+00:00,18 SPCS,ISS (ZARYA),1998-067A,EARTH,TEME,UTC,SGP4,2025-04-15 21:43:19.579008+00:00,15.49579705,0.00052350,51.6364,255.5165,44.4016,315.7392,0,U,25544,999,50550,0.00029378000000,0.00016104,0.0000000000000,6796.092,92.928,421.514,414.399,PAYLOAD,LARGE,ISS,1998-11-20,TTMTR,,4703511,285695095,0 ISS (ZARYA),1 25544U 98067A   25105.90508772  .00016104  00000-0  29378-3 0  9995,2 25544  51.6364 255.5165 0005235  44.4016 315.7392 15.49579705505507
3.0,GENERATED VIA SPACE-TRACK.ORG API,2025-04-16 13:26:17+00:00,18 SPCS,ISS (ZARYA),1998-067A,EARTH,TEME,UTC,SGP4,2025-04-16 12:07:07.564224+00:00,15.49597932,0.00052670,51.6379,252.5402,50.0113,58.6845,0,U,25544,999,50559,0.00026779000000,0.00014646,0.0000000000000,6796.038,92.927,421.483,414.324,PAYLOAD,LARGE,ISS,1998-11-20,TTMTR,,4703613,285696367,0 ISS (ZARYA),1 25544U 98067A   25106.50494866  .00014646  00000-0  26779-3 0  9991,2 25544  51.6379 252.5402 0005267  50.0113  58.6845 15.49597932505597
3.0,GENERATED VIA SPACE-TRACK.ORG API,2025-04-16 18:21:57+00:00,18 SPCS,ISS (ZARYA),1998-067A,EARTH,TEME,UTC,SGP4,2025-04-16 13:11:59.490240+00:00,15.49601503,0.00052590,51.6363,252.3232,46.4736,313.6689,0,U,25544,999,50560,0.00031883000000,0.00017533,0.0000000000000,6796.028,92.927,421.467,414.319,PAYLOAD,LARGE,ISS,1998-11-20,TTMTR,,4703859,285708478,0 ISS (ZARYA),1 25544U 98067A   25106.54999410  .00017533  00000-0  31883-3 0  9990,2 25544  51.6363 252.3232 0005259  46.4736 313.6689 15.49601503505602
3.0,GENERATED VIA SPACE-TRACK.ORG API,2025-04-16 20:46:46+00:00,18 SPCS,ISS (ZARYA),1998-067A,EARTH,TEME,UTC,SGP4,2025-04-16 20:02:44.447424+00:00,15.49607314,0.00052920,51.6382,250.9052,50.7669,101.6783,0,U,25544,999,50564,0.00026545000000,0.00014519,0.0000000000000,6796.011,92.927,421.472,414.279,PAYLOAD,LARGE,ISS,1998-11-20,TTMTR,,4703865,285731823,0 ISS (ZARYA),1 25544U 98067A   25106.83523666  .00014519  00000-0  26545-3 0  9998,2 25544  51.6382 250.9052 0005292  50.7669 101.6783 15.49607314505647
3.0,GENERATED VIA SPACE-TRACK.ORG API,2025-04-16 22:36:34+00:00,18 SPCS,ISS (ZARYA),1998-067A,EARTH,TEME,UTC,SGP4,2025-04-16 21:31:53.176800+00:00,15.49609610,0.00052860,51.6389,250.5995,50.9367,87.0880,0,U,25544,999,50565,0.00026738000000,0.00014629,0.0000000000000,6796.004,92.927,421.462,414.277,PAYLOAD,LARGE,ISS,1998-11-20,TTMTR,,4704000,285734944,0 ISS (ZARYA),1 25544U 98067A   25106.89714325  .00014629  00000-0  26738-3 0  9994,2 25544  51.6389 250.5995 0005286  50.9367  87.0880 15.49609610505653
3.0,GENERATED VIA SPACE-TRACK.ORG API,2025-04-17 05:06:17+00:00,18 SPCS,ISS (ZARYA),1998-067A,EARTH,TEME,UTC,SGP4,2025-04-17 03:08:55.999680+00:00,15.49616282,0.00053080,51.6383,249.4392,51.9135,312.7057,0,U,25544,999,50569,0.00026577000000,0.00014542,0.0000000000000,6795.985,92.926,421.457,414.242,PAYLOAD,LARGE,ISS,1998-11-20,TTMTR,,4704301,285771782,0 ISS (ZARYA),1 25544U 98067A   25107.13120370  .00014542  00000-0  26577-3 0  9998,2 25544  51.6383 249.4392 0005308  51.9135 312.7057 15.49616282505695
3.0,GENERATED VIA SPACE-TRACK.ORG API,2025-04-17 06:56:20+00:00,18 SPCS,ISS (ZARYA),1998-067A,EARTH,TEME,UTC,SGP4,2025-04-17 04:40:38.429472+00:00,15.49628767,0.00052310,51.6366,249.1302,48.5635,311.5802,0,U,25544,999,50570,0.00035760000000,0.00019745,0.0000000000000,6795.948,92.925,421.368,414.258,PAYLOAD,LARGE,ISS,1998-11-20,TTMTR,,4704565,285777538,0 ISS (ZARYA),1 25544U 98067A   25107.19488923  .00019745  00000-0  35760-3 0  9999,2 25544  51.6366 249.1302 0005231  48.5635 311.5802 15.49628767505704
3.0,GENERATED VIA SPACE-TRACK.ORG API,2025-04-17 13:36:18+00:00,18 SPCS,ISS (ZARYA),1998-067A,EARTH,TEME,UTC,SGP4,2025-04-17 12:47:41.184384+00:00,15.49642307,0.00053050,51.6380,247.4521,52.7467,35.5063,0,U,25544,999,50575,0.00034856000000,0.00019243,0.0000000000000,6795.909,92.925,421.379,414.168,PAYLOAD,LARGE,ISS,1998-11-20,TTMTR,,4704648,285779388,0 ISS (ZARYA),1 25544U 98067A   25107.53311556  .00019243  00000-0  34856-3 0  9992,2 25544  51.6380 247.4521 0005305  52.7467  35.5063 15.49642307505759
3.0,GENERATED VIA SPACE-TRACK.ORG API,2025-04-17 18:03:48+00:00,18 SPCS,ISS (ZARYA),1998-067A,EARTH,TEME,UTC,SGP4,2025-04-17 12:24:57.565152+00:00,15.49638930,0.00052420,51.6366,247.5335,49.3181,310.8262,0,U,25544,999,50575,0.00031026000000,0.00017071,0.0000000000000,6795.919,92.925,421.346,414.221,PAYLOAD,LARGE,ISS,1998-11-20,TTMTR,,4704653,285786500,0 ISS (ZARYA),1 25544U 98067A   25107.51733293  .00017071  00000-0  31026-3 0  9999,2 25544  51.6366 247.5335 0005242  49.3181 310.8262 15.49638930505759
3.0,GENERATED VIA SPACE-TRACK.ORG API,2025-04-17 18:56:17+00:00,18 SPCS,ISS (ZARYA),1998-067A,EARTH,TEME,UTC,SGP4,2025-04-17 17:28:44.421888+00:00,15.49650485,0.00052940,51.6379,246.4848,53.1270,44.6824,0,U,25544,999,50578,0.00035161000000,0.00019421,0.0000000000000,6795.885,92.924,421.347,414.152,PAYLOAD,LARGE,ISS,1998-11-20,TTMTR,,4704655,285809337,0 ISS (ZARYA),1 25544U 98067A   25107.72829192  .00019421  00000-0  35161-3 0  9991,2 25544  51.6379 246.4848 0005294  53.1270  44.6824 15.49650485505787
3.0,GENERATED VIA SPACE-TRACK.ORG API,2025-04-17 23:36:33+00:00,18 SPCS,ISS (ZARYA),1998-067A,EARTH,TEME,UTC,SGP4,2025-04-17 20:09:16.464960+00:00,15.49652010,0.00052660,51.6366,245.9368,50.2056,309.9395,0,U,25544,999,50580,0.00031102000000,0.00017122,0.0000000000000,6795.880,92.924,421.324,414.167,PAYLOAD,LARGE,ISS,1998-11-20,TTMTR,,4705133,285821439,0 ISS (ZARYA),1 25544U 98067A   25107.83977390  .00017122  00000-0  31102-3 0  9994,2 25544  51.6366 245.9368 0005266  50.2056 309.9395 15.49652010505802
3.0,GENERATED VIA SPACE-TRACK.ORG API,2025-04-18 05:26:17+00:00,18 SPCS,ISS (ZARYA),1998-067A,EARTH,TEME,UTC,SGP4,2025-04-18 03:53:13.999776+00:00,15.49672979,0.00053750,51.6381,244.3378,52.1060,306.6862,0,U,25544,999,50584,0.00039076000000,0.00021659,0.0000000000000,6795.819,92.923,421.337,414.031,PAYLOAD,LARGE,ISS,1998-11-20,TTMTR,,4705246,285853175,0 ISS (ZARYA),1 25544U 98067A   25108.16196759  .00021659  00000-0  39076-3 0  9991,2 25544  51.6381 244.3378 0005375  52.1060 306.6862 15.49672979505843
3.0,GENERATED VIA SPACE-TRACK.ORG API,2025-04-18 19:16:31+00:00,18 SPCS,ISS (ZARYA),1998-067A,EARTH,TEME,UTC,SGP4,2025-04-18 13:30:44.191008+00:00,15.49674323,0.00053140,51.6381,242.3482,57.9322,19.6725,0,U,25544,999,50591,0.00030413000000,0.00016745,0.0000000000000,6795.815,92.923,421.291,414.069,PAYLOAD,LARGE,ISS,1998-11-20,TTMTR,,4705584,285861155,0 ISS (ZARYA),1 25544U 98067A   25108.56301147  .00016745  00000-0  30413-3 0  9990,2 25544  51.6381 242.3482 0005314  57.9322  19.6725 15.49674323505916
3.0,GENERATED VIA SPACE-TRACK.ORG API,2025-04-18 20:46:31+00:00,18 SPCS,ISS (ZARYA),1998-067A,EARTH,TEME,UTC,SGP4,2025-04-18 13:10:45.386688+00:00,15.49676260,0.00053200,51.6363,242.4239,52.2488,307.8982,0,U,25544,999,50591,0.00029166000000,0.00016040,0.0000000000000,6795.809,92.923,421.290,414.059,PAYLOAD,LARGE,ISS,1998-11-20,TTMTR,,4705788,285864934,0 ISS (ZARYA),1 25544U 98067A   25108.54913642  .00016040  00000-0  29166-3 0  9998,2 25544  51.6363 242.4239 0005320  52.2488 307.8982 15.49676260505914
3.0,GENERATED VIA SPACE-TRACK.ORG API,2025-04-18 22:56:19+00:00,18 SPCS,ISS (ZARYA),1998-067A,EARTH,TEME,UTC,SGP4,2025-04-18 19:22:12.041184+00:00,15.49683987,0.00053170,51.6364,241.1465,53.0043,307.1431,0,U,25544,999,50595,0.00027994000000,0.00015380,0.0000000000000,6795.787,92.922,421.265,414.038,PAYLOAD,LARGE,ISS,1998-11-20,TTMTR,,4706082,285872315,0 ISS (ZARYA),1 25544U 98067A   25108.80708381  .00015380  00000-0  27994-3 0  9992,2 25544  51.6364 241.1465 0005317  53.0043 307.1431 15.49683987505954
3.0,GENERATED VIA SPACE-TRACK.ORG API,2025-04-19 07:06:48+00:00,18 SPCS,ISS (ZARYA),1998-067A,EARTH,TEME,UTC,SGP4,2025-04-19 04:39:21.804768+00:00,15.49697821,0.00053850,51.6363,239.2305,54.5570,305.5921,0,U,25544,999,50601,0.00029822000000,0.00016425,0.0000000000000,6795.746,92.921,421.271,413.952,PAYLOAD,LARGE,ISS,1998-11-20,TTMTR,,4706462,285880769,0 ISS (ZARYA),1 25544U 98067A   25109.19400237  .00016425  00000-0  29822-3 0  9997,2 25544  51.6363 239.2305 0005385  54.5570 305.5921 15.49697821506016
3.0,GENERATED VIA SPACE-TRACK.ORG API,2025-04-19 14:56:19+00:00,18 SPCS,ISS (ZARYA),1998-067A,EARTH,TEME,UTC,SGP4,2025-04-19 12:23:39.715296+00:00,15.49708747,0.00053580,51.6360,237.6338,55.3016,304.8477,0,U,25544,999,50606,0.00030074000000,0.00016574,0.0000000000000,6795.714,92.921,421.221,413.938,PAYLOAD,LARGE,ISS,1998-11-20,TTMTR,,4706820,285889337,0 ISS (ZARYA),1 25544U 98067A   25109.51643189  .00016574  00000-0  30074-3 0  9994,2 25544  51.6360 237.6338 0005358  55.3016 304.8477 15.49708747506068
3.0,GENERATED VIA SPACE-TRACK.ORG API,2025-04-19 22:46:17+00:00,18 SPCS,ISS (ZARYA),1998-067A,EARTH,TEME,UTC,SGP4,2025-04-19 20:07:57.386496+00:00,15.49720884,0.00053560,51.6357,236.0368,56.6188,303.5313,0,U,25544,999,50611,0.00031101000000,0.00017165,0.0000000000000,6795.679,92.920,421.184,413.904,PAYLOAD,LARGE,ISS,1998-11-20,TTMTR,,4706980,285893178,0 ISS (ZARYA),1 25544U 98067A   25109.83885864  .00017165  00000-0  31101-3 0  9996,2 25544  51.6357 236.0368 0005356  56.6188 303.5313 15.49720884506119
3.0,GENERATED VIA SPACE-TRACK.ORG API,2025-04-20 06:56:36+00:00,18 SPCS,ISS (ZARYA),1998-067A,EARTH,TEME,UTC,SGP4,2025-04-20 03:52:14.808000+00:00,15.49736990,0.00053440,51.6357,234.4401,57.5764,302.5741,0,U,25544,999,50616,0.00037255000000,0.00020673,0.0000000000000,6795.632,92.919,421.128,413.865,PAYLOAD,LARGE,ISS,1998-11-20,TTMTR,,4707344,285931755,0 ISS (ZARYA),1 25544U 98067A   25110.16128250  .00020673  00000-0  37255-3 0  9997,2 25544  51.6357 234.4401 0005344  57.5764 302.5741 15.49736990506160
3.0,GENERATED VIA SPACE-TRACK.ORG API,2025-04-20 13:26:17+00:00,18 SPCS,ISS (ZARYA),1998-067A,EARTH,TEME,UTC,SGP4,2025-04-20 12:00:24.275808+00:00,15.49747823,0.00054930,51.6382,232.7555,61.8645,30.8411,0,U,25544,999,50621,0.00032069000000,0.00017732,0.0000000000000,6795.600,92.918,421.198,413.732,PAYLOAD,LARGE,ISS,1998-11-20,TTMTR,,4707406,285932909,0 ISS (ZARYA),1 25544U 98067A   25110.50028097  .00017732  00000-0  32069-3 0  9993,2 25544  51.6382 232.7555 0005493  61.8645  30.8411 15.49747823506218
3.0,GENERATED VIA SPACE-TRACK.ORG API,2025-04-20 22:56:18+00:00,18 SPCS,ISS (ZARYA),1998-067A,EARTH,TEME,UTC,SGP4,2025-04-20 19:20:48.813792+00:00,15.49764499,0.00054040,51.6357,231.2470,58.1998,301.9517,0,U,25544,999,50626,0.00033215000000,0.00018394,0.0000000000000,6795.551,92.917,421.089,413.744,PAYLOAD,LARGE,ISS,1998-11-20,TTMTR,,4707901,285945260,0 ISS (ZARYA),1 25544U 98067A   25110.80612053  .00018394  00000-0  33215-3 0  9996,2 25544  51.6357 231.2470 0005404  58.1998 301.9517 15.49764499506264
3.0,GENERATED VIA SPACE-TRACK.ORG API,2025-04-21 06:56:35+00:00,18 SPCS,ISS (ZARYA),1998-067A,EARTH,TEME,UTC,SGP4,2025-04-21 04:37:56.762976+00:00,15.49781560,0.00053760,51.6358,229.3307,59.9494,300.2027,0,U,25544,999,50632,0.00035505000000,0.00019709,0.0000000000000,6795.502,92.916,421.020,413.713,PAYLOAD,LARGE,ISS,1998-11-20,TTMTR,,4708206,285982224,0 ISS (ZARYA),1 25544U 98067A   25111.19301809  .00019709  00000-0  35505-3 0  9998,2 25544  51.6358 229.3307 0005376  59.9494 300.2027 15.49781560506323
3.0,GENERATED VIA SPACE-TRACK.ORG API,2025-04-21 16:40:47+00:00,18 SPCS,ISS (ZARYA),1998-067A,EARTH,TEME,UTC,SGP4,2025-04-21 12:48:43.187616+00:00,15.49796126,0.00054600,51.6376,227.6374,64.1634,38.7400,0,U,25544,999,50637,0.00036624000000,0.00020357,0.0000000000000,6795.459,92.915,421.034,413.614,PAYLOAD,LARGE,ISS,1998-11-20,TTMTR,,4708492,285983421,0 ISS (ZARYA),1 25544U 98067A   25111.53383319  .00020357  00000-0  36624-3 0  9996,2 25544  51.6376 227.6374 0005460  64.1634  38.7400 15.49796126506373
3.0,GENERATED VIA SPACE-TRACK.ORG API,2025-04-21 18:27:13+00:00,18 SPCS,ISS (ZARYA),1998-067A,EARTH,TEME,UTC,SGP4,2025-04-21 12:22:13.088928+00:00,15.49797395,0.00054200,51.6360,227.7345,60.8060,299.3471,0,U,25544,999,50637,0.00038704000000,0.00021544,0.0000000000000,6795.455,92.915,421.003,413.637,PAYLOAD,LARGE,ISS,1998-11-20,TTMTR,,4708562,285996834,0 ISS (ZARYA),1 25544U 98067A   25111.51542927  .00021544  00000-0  38704-3 0  9996,2 25544  51.6360 227.7345 0005420  60.8060 299.3471 15.49797395506379
3.0,GENERATED VIA SPACE-TRACK.ORG API,2025-04-21 18:27:31+00:00,18 SPCS,ISS (ZARYA),1998-067A,EARTH,TEME,UTC,SGP4,2025-04-21 17:38:45.454848+00:00,15.49805249,0.00054860,51.6377,226.6398,64.4816,82.9180,0,U,25544,999,50640,0.00036916000000,0.00020530,0.0000000000000,6795.432,92.915,421.025,413.569,PAYLOAD,LARGE,ISS,1998-11-20,TTMTR,,4708564,285991910,0 ISS (ZARYA),1 25544U 98067A   25111.73524832  .00020530  00000-0  36916-3 0  9992,2 25544  51.6377 226.6398 0005486  64.4816  82.9180 15.49805249506409
3.0,GENERATED VIA SPACE-TRACK.ORG API,2025-04-21 22:46:18+00:00,18 SPCS,ISS (ZARYA),1998-067A,EARTH,TEME,UTC,SGP4,2025-04-21 19:08:59.964864+00:00,15.49815111,0.00054000,51.6374,226.3300,61.4459,75.8354,0,U,25544,999,50641,0.00043295000000,0.00024177,0.0000000000000,6795.403,92.914,420.938,413.599,PAYLOAD,LARGE,ISS,1998-11-20,TTMTR,,4708754,286024057,0 ISS (ZARYA),1 25544U 98067A   25111.79791626  .00024177  00000-0  43295-3 0  9994,2 25544  51.6374 226.3300 0005400  61.4459  75.8354 15.49815111506416
3.0,GENERATED VIA SPACE-TRACK.ORG API,2025-04-21 22:56:18+00:00,18 SPCS,ISS (ZARYA),1998-067A,EARTH,TEME,UTC,SGP4,2025-04-21 18:33:37.909152+00:00,15.49812729,0.00054270,51.6358,226.4565,61.5176,298.6359,0,U,25544,999,50641,0.00043383000000,0.00024225,0.0000000000000,6795.410,92.914,420.963,413.588,PAYLOAD,LARGE,ISS,1998-11-20,TTMTR,,4708801,286025758,0 ISS (ZARYA),1 25544U 98067A   25111.77335543  .00024225  00000-0  43383-3 0  9996,2 25544  51.6358 226.4565 0005427  61.5176 298.6359 15.49812729506410
3.0,GENERATED VIA SPACE-TRACK.ORG API,2025-04-22 05:06:16+00:00,18 SPCS,ISS (ZARYA),1998-067A,EARTH,TEME,UTC,SGP4,2025-04-22 04:05:57.405120+00:00,15.49829303,0.00056690,51.6375,224.4804,64.4286,354.6967,0,U,25544,999,50647,0.00039790000000,0.00022189,0.0000000000000,6795.362,92.913,421.079,413.375,PAYLOAD,LARGE,ISS,1998-11-20,TTMTR,,4708861,286056549,0 ISS (ZARYA),1 25544U 98067A   25112.17080330  .00022189  00000-0  39790-3 0  9996,2 25544  51.6375 224.4804 0005669  64.4286 354.6967 15.49829303506475
3.0,GENERATED VIA SPACE-TRACK.ORG API,2025-04-22 14:46:22+00:00,18 SPCS,ISS (ZARYA),1998-067A,EARTH,TEME,UTC,SGP4,2025-04-22 11:35:00.336192+00:00,15.49844087,0.00054860,51.6358,222.9432,63.8015,296.3537,0,U,25544,999,50652,0.00037148000000,0.00020692,0.0000000000000,6795.319,92.913,420.912,413.456,PAYLOAD,LARGE,ISS,1998-11-20,TTMTR,,4709354,286069082,0 ISS (ZARYA),1 25544U 98067A   25112.48264278  .00020692  00000-0  37148-3 0  9997,2 25544  51.6358 222.9432 0005486  63.8015 296.3537 15.49844087506523
3.0,GENERATED VIA SPACE-TRACK.ORG API,2025-04-22 15:36:30+00:00,18 SPCS,ISS (ZARYA),1998-067A,EARTH,TEME,UTC,SGP4,2025-04-22 15:14:46.237632+00:00,15.49851001,0.00055200,51.6371,222.1801,66.0598,66.1683,0,U,25544,999,50654,0.00040015000000,0.00022335,0.0000000000000,6795.299,92.912,420.915,413.413,PAYLOAD,LARGE,ISS,1998-11-20,TTMTR,,4709427,286069918,0 ISS (ZARYA),1 25544U 98067A   25112.63525738  .00022335  00000-0  40015-3 0  9998,2 25544  51.6371 222.1801 0005520  66.0598  66.1683 15.49851001506541
3.0,GENERATED VIA SPACE-TRACK.ORG API,2025-04-22 18:26:17+00:00,18 SPCS,ISS (ZARYA),1998-067A,EARTH,TEME,UTC,SGP4,2025-04-22 16:54:30.265344+00:00,15.49857286,0.00055460,51.6376,221.8417,65.1402,93.7757,0,U,25544,999,50655,0.00042131000000,0.00023549,0.0000000000000,6795.280,92.912,420.914,413.377,PAYLOAD,LARGE,ISS,1998-11-20,TTMTR,,4709439,286099863,0 ISS (ZARYA),1 25544U 98067A   25112.70451696  .00023549  00000-0  42131-3 0  9996,2 25544  51.6376 221.8417 0005546  65.1402  93.7757 15.49857286506557
3.0,GENERATED VIA SPACE-TRACK.ORG API,2025-04-22 21:26:36+00:00,18 SPCS,ISS (ZARYA),1998-067A,EARTH,TEME,UTC,SGP4,2025-04-22 19:56:42.021888+00:00,15.49861426,0.00056980,51.6380,221.2117,66.6769,78.6517,0,U,25544,999,50657,0.00040580000000,0.00022666,0.0000000000000,6795.268,92.912,421.005,413.261,PAYLOAD,LARGE,ISS,1998-11-20,TTMTR,,4709460,286099923,0 ISS (ZARYA),1 25544U 98067A   25112.83104192  .00022666  00000-0  40580-3 0  9991,2 25544  51.6380 221.2117 0005698  66.6769  78.6517 15.49861426506572
3.0,GENERATED VIA SPACE-TRACK.ORG API,2025-04-23 03:17:08+00:00,18 SPCS,ISS (ZARYA),1998-067A,EARTH,TEME,UTC,SGP4,2025-04-22 19:19:15.453408+00:00,15.49864052,0.00055030,51.6356,221.3461,64.4752,295.6805,0,U,25544,999,50657,0.00042423000000,0.00023721,0.0000000000000,6795.260,92.911,420.865,413.386,PAYLOAD,LARGE,ISS,1998-11-20,TTMTR,,4709740,286113360,0 ISS (ZARYA),1 25544U 98067A   25112.80503997  .00023721  00000-0  42423-3 0  9995,2 25544  51.6356 221.3461 0005503  64.4752 295.6805 15.49864052506570
3.0,GENERATED VIA SPACE-TRACK.ORG API,2025-04-24 03:13:41+00:00,18 SPCS,ISS (ZARYA),1998-067A,EARTH,TEME,UTC,SGP4,2025-04-23 18:31:59.225664+00:00,15.49908296,0.00055130,51.6359,216.5553,67.1671,292.9899,0,U,25544,999,50672,0.00039391000000,0.00022023,0.0000000000000,6795.131,92.909,420.742,413.250,PAYLOAD,LARGE,ISS,1998-11-20,TTMTR,,4710120,286151827,0 ISS (ZARYA),1 25544U 98067A   25113.77221326  .00022023  00000-0  39391-3 0  9999,2 25544  51.6359 216.5553 0005513  67.1671 292.9899 15.49908296506721
3.0,GENERATED VIA SPACE-TRACK.ORG API,2025-04-24 12:16:17+00:00,18 SPCS,ISS (ZARYA),1998-067A,EARTH,TEME,UTC,SGP4,2025-04-24 05:47:21.940224+00:00,15.49158740,0.00025660,51.6351,214.2454,101.5255,356.7242,0,U,25544,999,50679,-0.00653840000000,-0.00347094,0.0000000000000,6797.323,92.954,420.932,417.444,PAYLOAD,LARGE,ISS,1998-11-20,TTMTR,,4710308,286179052,0 ISS (ZARYA),1 25544U 98067A   25114.24122616 -.00347094  00000-0 -65384-2 0  9994,2 25544  51.6351 214.2454 0002566 101.5255 356.7242 15.49158740506793
3.0,GENERATED VIA SPACE-TRACK.ORG API,2025-04-25 01:26:20+00:00,18 SPCS,ISS (ZARYA),1998-067A,EARTH,TEME,UTC,SGP4,2025-04-24 18:24:14.158656+00:00,15.49241152,0.00027810,51.6389,211.6357,63.7618,87.7915,0,U,25544,999,50687,0.00090944000000,0.00050405,0.0000000000000,6797.082,92.949,420.837,417.056,PAYLOAD,LARGE,ISS,1998-11-20,TTMTR,,4710808,286190495,0 ISS (ZARYA),1 25544U 98067A   25114.76683054  .00050405  00000-0  90944-3 0  9995,2 25544  51.6389 211.6357 0002781  63.7618  87.7915 15.49241152506875
3.0,GENERATED VIA SPACE-TRACK.ORG API,2025-04-25 02:06:20+00:00,18 SPCS,ISS (ZARYA),1998-067A,EARTH,TEME,UTC,SGP4,2025-04-23 13:57:18.385056+00:00,15.49897877,0.00053660,51.6373,217.4935,69.8378,305.2927,0,U,25544,999,50669,0.00040925000000,0.00022892,0.0000000000000,6795.162,92.909,420.673,413.380,PAYLOAD,LARGE,ISS,1998-11-20,TTMTR,,4711337,286200150,0 ISS (ZARYA),1 25544U 98067A   25113.58146279  .00022892  00000-0  40925-3 0  9990,2 25544  51.6373 217.4935 0005366  69.8378 305.2927 15.49897877506698
3.0,GENERATED VIA SPACE-TRACK.ORG API,2025-04-25 02:06:20+00:00,18 SPCS,ISS (ZARYA),1998-067A,EARTH,TEME,UTC,SGP4,2025-04-23 18:59:57.283008+00:00,15.49913314,0.00055980,51.6377,216.4558,69.9348,38.6687,0,U,25544,999,50672,0.00043539000000,0.00024403,0.0000000000000,6795.116,92.908,420.785,413.178,PAYLOAD,LARGE,ISS,1998-11-20,TTMTR,,4711338,286199668,0 ISS (ZARYA),1 25544U 98067A   25113.79163522  .00024403  00000-0  43539-3 0  9997,2 25544  51.6377 216.4558 0005598  69.9348  38.6687 15.49913314506726
3.0,GENERATED VIA SPACE-TRACK.ORG API,2025-04-25 02:06:20+00:00,18 SPCS,ISS (ZARYA),1998-067A,EARTH,TEME,UTC,SGP4,2025-04-23 03:19:59.437632+00:00,15.49875984,0.00057000,51.6379,219.6861,67.6593,356.4098,0,U,25544,999,50662,0.00040710000000,0.00022752,0.0000000000000,6795.226,92.911,420.964,413.217,PAYLOAD,LARGE,ISS,1998-11-20,TTMTR,,4711336,286197655,0 ISS (ZARYA),1 25544U 98067A   25113.13888238  .00022752  00000-0  40710-3 0  9996,2 25544  51.6379 219.6861 0005700  67.6593 356.4098 15.49875984506628
3.0,GENERATED VIA SPACE-TRACK.ORG API,2025-04-25 02:06:20+00:00,18 SPCS,ISS (ZARYA),1998-067A,EARTH,TEME,UTC,SGP4,2025-04-23 09:35:13.576416+00:00,15.49889763,0.00056540,51.6377,218.3950,68.1854,10.7790,0,U,25544,999,50666,0.00041274000000,0.00023086,0.0000000000000,6795.185,92.910,420.892,413.208,PAYLOAD,LARGE,ISS,1998-11-20,TTMTR,,4711335,286199593,0 ISS (ZARYA),1 25544U 98067A   25113.39946269  .00023086  00000-0  41274-3 0  9990,2 25544  51.6377 218.3950 0005654  68.1854  10.7790 15.49889763506668
3.0,GENERATED VIA SPACE-TRACK.ORG API,2025-04-25 04:56:18+00:00,18 SPCS,ISS (ZARYA),1998-067A,EARTH,TEME,UTC,SGP4,2025-04-25 03:20:29.768352+00:00,15.49255808,0.00028900,51.6397,209.7916,67.9004,2.0158,0,U,25544,999,50693,0.00061110000000,0.00033667,0.0000000000000,6797.039,92.948,420.868,416.940,PAYLOAD,LARGE,ISS,1998-11-20,TTMTR,,4711439,286235086,0 ISS (ZARYA),1 25544U 98067A   25115.13923343  .00033667  00000-0  61110-3 0  9999,2 25544  51.6397 209.7916 0002890  67.9004   2.0158 15.49255808506938
3.0,GENERATED VIA SPACE-TRACK.ORG API,2025-04-25 07:06:41+00:00,18 SPCS,ISS (ZARYA),1998-067A,EARTH,TEME,UTC,SGP4,2025-04-25 04:35:22.532064+00:00,15.49244896,0.00023360,51.6367,209.5298,82.7408,277.3846,0,U,25544,999,50694,0.00036627000000,0.00019954,0.0000000000000,6797.071,92.949,420.524,417.348,PAYLOAD,LARGE,ISS,1998-11-20,TTMTR,,4711685,286241293,0 ISS (ZARYA),1 25544U 98067A   25115.19123301  .00019954  00000-0  36627-3 0  9999,2 25544  51.6367 209.5298 0002336  82.7408 277.3846 15.49244896506941
3.0,GENERATED VIA SPACE-TRACK.ORG API,2025-04-25 17:46:18+00:00,18 SPCS,ISS (ZARYA),1998-067A,EARTH,TEME,UTC,SGP4,2025-04-25 12:19:48.647136+00:00,15.49258063,0.00025040,51.6363,207.9346,71.8326,288.2935,0,U,25544,999,50699,0.00034524000000,0.00018788,0.0000000000000,6797.032,92.948,420.599,417.195,PAYLOAD,LARGE,ISS,1998-11-20,TTMTR,,4712024,286249293,0 ISS (ZARYA),1 25544U 98067A   25115.51375749  .00018788  00000-0  34524-3 0  9998,2 25544  51.6363 207.9346 0002504  71.8326 288.2935 15.49258063506994
3.0,GENERATED VIA SPACE-TRACK.ORG API,2025-04-25 23:06:17+00:00,18 SPCS,ISS (ZARYA),1998-067A,EARTH,TEME,UTC,SGP4,2025-04-25 16:58:28.160832+00:00,15.49265374,0.00024980,51.6362,206.9769,72.1617,287.9644,0,U,25544,999,50702,0.00033883000000,0.00018435,0.0000000000000,6797.011,92.947,420.574,417.178,PAYLOAD,LARGE,ISS,1998-11-20,TTMTR,,4712367,286347474,0 ISS (ZARYA),1 25544U 98067A   25115.70727038  .00018435  00000-0  33883-3 0  9997,2 25544  51.6362 206.9769 0002498  72.1617 287.9644 15.49265374507021
3.0,GENERATED VIA SPACE-TRACK.ORG API,2025-04-26 05:16:30+00:00,18 SPCS,ISS (ZARYA),1998-067A,EARTH,TEME,UTC,SGP4,2025-04-26 04:10:14.113344+00:00,15.49294231,0.00023970,51.6374,204.6652,79.3170,4.4179,0,U,25544,999,50709,0.00048575000000,0.00026680,0.0000000000000,6796.926,92.946,420.421,417.162,PAYLOAD,LARGE,ISS,1998-11-20,TTMTR,,4712424,286377540,0 ISS (ZARYA),1 25544U 98067A   25116.17377446  .00026680  00000-0  48575-3 0  9998,2 25544  51.6374 204.6652 0002397  79.3170   4.4179 15.49294231507097
3.0,GENERATED VIA SPACE-TRACK.ORG API,2025-04-26 14:26:18+00:00,18 SPCS,ISS (ZARYA),1998-067A,EARTH,TEME,UTC,SGP4,2025-04-26 12:19:30.999936+00:00,15.49298567,0.00025930,51.6379,202.9823,76.6949,103.3761,0,U,25544,999,50714,0.00037312000000,0.00020375,0.0000000000000,6796.914,92.945,420.541,417.016,PAYLOAD,LARGE,ISS,1998-11-20,TTMTR,,4712844,286387108,0 ISS (ZARYA),1 25544U 98067A   25116.51355324  .00020375  00000-0  37312-3 0  9999,2 25544  51.6379 202.9823 0002593  76.6949 103.3761 15.49298567507143
3.0,GENERATED VIA SPACE-TRACK.ORG API,2025-04-26 15:06:48+00:00,18 SPCS,ISS (ZARYA),1998-067A,EARTH,TEME,UTC,SGP4,2025-04-26 13:05:58.400448+00:00,15.49295384,0.00024820,51.6362,202.8258,75.3938,284.7326,0,U,25544,999,50715,0.00030629000000,0.00016635,0.0000000000000,6796.923,92.945,420.475,417.101,PAYLOAD,LARGE,ISS,1998-11-20,TTMTR,,4713079,286393116,0 ISS (ZARYA),1 25544U 98067A   25116.54581482  .00016635  00000-0  30629-3 0  9996,2 25544  51.6362 202.8258 0002482  75.3938 284.7326 15.49295384507153
3.0,GENERATED VIA SPACE-TRACK.ORG API,2025-04-26 22:56:29+00:00,18 SPCS,ISS (ZARYA),1998-067A,EARTH,TEME,UTC,SGP4,2025-04-26 17:44:37.494240+00:00,15.49303626,0.00024840,51.6361,201.8681,75.9252,284.2013,0,U,25544,999,50718,0.00032329000000,0.00017591,0.0000000000000,6796.899,92.945,420.452,417.076,PAYLOAD,LARGE,ISS,1998-11-20,TTMTR,,4713380,286401024,0 ISS (ZARYA),1 25544U 98067A   25116.73932285  .00017591  00000-0  32329-3 0  9999,2 25544  51.6361 201.8681 0002484  75.9252 284.2013 15.49303626507188
3.0,GENERATED VIA SPACE-TRACK.ORG API,2025-04-27 01:06:17+00:00,18 SPCS,ISS (ZARYA),1998-067A,EARTH,TEME,UTC,SGP4,2025-04-26 23:51:04.000320+00:00,15.49317666,0.00025930,51.6379,200.6044,73.9833,266.4146,0,U,25544,999,50721,0.00036836000000,0.00020123,0.0000000000000,6796.858,92.944,420.485,416.961,PAYLOAD,LARGE,ISS,1998-11-20,TTMTR,,4713455,286402207,0 ISS (ZARYA),1 25544U 98067A   25116.99379630  .00020123  00000-0  36836-3 0  9998,2 25544  51.6379 200.6044 0002593  73.9833 266.4146 15.49317666507213
3.0,GENERATED VIA SPACE-TRACK.ORG API,2025-04-27 05:56:23+00:00,18 SPCS,ISS (ZARYA),1998-067A,EARTH,TEME,UTC,SGP4,2025-04-27 05:33:16.827264+00:00,15.49327109,0.00025820,51.6379,199.4277,74.2182,152.5532,0,U,25544,999,50725,0.00036688000000,0.00020047,0.0000000000000,6796.830,92.944,420.450,416.940,PAYLOAD,LARGE,ISS,1998-11-20,TTMTR,,4713485,286431830,0 ISS (ZARYA),1 25544U 98067A   25117.23144476  .00020047  00000-0  36688-3 0  9994,2 25544  51.6379 199.4277 0002582  74.2182 152.5532 15.49327109507256
3.0,GENERATED VIA SPACE-TRACK.ORG API,2025-04-27 09:46:31+00:00,18 SPCS,ISS (ZARYA),1998-067A,EARTH,TEME,UTC,SGP4,2025-04-27 08:10:09.429888+00:00,15.49325008,0.00025110,51.6377,198.8886,80.4095,34.3873,0,U,25544,999,50727,0.00032239000000,0.00017554,0.0000000000000,6796.836,92.944,420.408,416.995,PAYLOAD,LARGE,ISS,1998-11-20,TTMTR,,4713757,286438424,0 ISS (ZARYA),1 25544U 98067A   25117.34038692  .00017554  00000-0  32239-3 0  9995,2 25544  51.6377 198.8886 0002511  80.4095  34.3873 15.49325008507270
3.0,GENERATED VIA SPACE-TRACK.ORG API,2025-04-27 14:56:18+00:00,18 SPCS,ISS (ZARYA),1998-067A,EARTH,TEME,UTC,SGP4,2025-04-27 12:19:13.141056+00:00,15.49330853,0.00024550,51.6359,198.0379,78.1687,281.9577,0,U,25544,999,50730,0.00032706000000,0.00017819,0.0000000000000,6796.819,92.943,420.353,417.016,PAYLOAD,LARGE,ISS,1998-11-20,TTMTR,,4713996,286444365,0 ISS (ZARYA),1 25544U 98067A   25117.51334654  .00017819  00000-0  32706-3 0  9994,2 25544  51.6359 198.0379 0002455  78.1687 281.9577 15.49330853507306
3.0,GENERATED VIA SPACE-TRACK.ORG API,2025-04-27 22:56:35+00:00,18 SPCS,ISS (ZARYA),1998-067A,EARTH,TEME,UTC,SGP4,2025-04-27 16:57:51.886656+00:00,15.49337401,0.00024560,51.6358,197.0801,78.7156,281.4109,0,U,25544,999,50733,0.00032494000000,0.00017705,0.0000000000000,6796.800,92.943,420.335,416.996,PAYLOAD,LARGE,ISS,1998-11-20,TTMTR,,4714310,286480676,0 ISS (ZARYA),1 25544U 98067A   25117.70685054  .00017705  00000-0  32494-3 0  9996,2 25544  51.6358 197.0801 0002456  78.7156 281.4109 15.49337401507337
3.0,GENERATED VIA SPACE-TRACK.ORG API,2025-04-28 01:16:16+00:00,18 SPCS,ISS (ZARYA),1998-067A,EARTH,TEME,UTC,SGP4,2025-04-27 23:03:39.000384+00:00,15.49351187,0.00026280,51.6382,195.8166,79.2763,258.6132,0,U,25544,999,50736,0.00034712000000,0.00018957,0.0000000000000,6796.760,92.942,420.411,416.839,PAYLOAD,LARGE,ISS,1998-11-20,TTMTR,,4714366,286482527,0 ISS (ZARYA),1 25544U 98067A   25117.96086806  .00018957  00000-0  34712-3 0  9999,2 25544  51.6382 195.8166 0002628  79.2763 258.6132 15.49351187507367
3.0,GENERATED VIA SPACE-TRACK.ORG API,2025-04-28 06:56:34+00:00,18 SPCS,ISS (ZARYA),1998-067A,EARTH,TEME,UTC,SGP4,2025-04-28 03:48:01.973952+00:00,15.49353104,0.00024870,51.6355,194.8450,79.1319,280.9949,0,U,25544,999,50740,0.00032398000000,0.00017661,0.0000000000000,6796.754,92.942,420.310,416.929,PAYLOAD,LARGE,ISS,1998-11-20,TTMTR,,4714637,286518329,0 ISS (ZARYA),1 25544U 98067A   25118.15835618  .00017661  00000-0  32398-3 0  9993,2 25544  51.6355 194.8450 0002487  79.1319 280.9949 15.49353104507401
3.0,GENERATED VIA SPACE-TRACK.ORG API,2025-04-28 14:56:19+00:00,18 SPCS,ISS (ZARYA),1998-067A,EARTH,TEME,UTC,SGP4,2025-04-28 11:32:26.082816+00:00,15.49362517,0.00024750,51.6356,193.2488,79.9548,280.1720,0,U,25544,999,50745,0.00029381000000,0.00015976,0.0000000000000,6796.727,92.941,420.274,416.910,PAYLOAD,LARGE,ISS,1998-11-20,TTMTR,,4714964,286526254,0 ISS (ZARYA),1 25544U 98067A   25118.48085744  .00015976  00000-0  29381-3 0  9991,2 25544  51.6356 193.2488 0002475  79.9548 280.1720 15.49362517507457
3.0,GENERATED VIA SPACE-TRACK.ORG API,2025-04-28 22:16:18+00:00,18 SPCS,ISS (ZARYA),1998-067A,EARTH,TEME,UTC,SGP4,2025-04-28 16:46:37.575264+00:00,15.49375691,0.00026720,51.6381,192.1629,81.2921,56.6448,0,U,25544,999,50748,0.00033462000000,0.00018272,0.0000000000000,6796.688,92.941,420.369,416.737,PAYLOAD,LARGE,ISS,1998-11-20,TTMTR,,4715043,286527581,0 ISS (ZARYA),1 25544U 98067A   25118.69904601  .00018272  00000-0  33462-3 0  9993,2 25544  51.6381 192.1629 0002672  81.2921  56.6448 15.49375691507483
3.0,GENERATED VIA SPACE-TRACK.ORG API,2025-04-29 06:46:23+00:00,18 SPCS,ISS (ZARYA),1998-067A,EARTH,TEME,UTC,SGP4,2025-04-29 04:34:06.494016+00:00,15.49383308,0.00024910,51.6352,189.7367,81.0639,279.0631,0,U,25544,999,50756,0.00025440000000,0.00013779,0.0000000000000,6796.666,92.940,420.224,416.838,PAYLOAD,LARGE,ISS,1998-11-20,TTMTR,,4715461,286567720,0 ISS (ZARYA),1 25544U 98067A   25119.19035294  .00013779  00000-0  25440-3 0  9996,2 25544  51.6352 189.7367 0002491  81.0639 279.0631 15.49383308507563
3.0,GENERATED VIA SPACE-TRACK.ORG API,2025-05-02 00:06:18+00:00,18 SPCS,ISS (ZARYA),1998-067A,EARTH,TEME,UTC,SGP4,2025-05-01 16:00:15.771744+00:00,15.49299518,0.00019360,51.6362,177.4781,78.0739,64.3500,0,U,25544,999,50794,0.00098058000000,0.00054521,0.0000000000000,6796.911,92.945,420.092,417.460,PAYLOAD,LARGE,ISS,1998-11-20,TTMTR,,4715730,286573155,0 ISS (ZARYA),1 25544U 98067A   25121.66684921  .00054521  00000-0  98058-3 0  9993,2 25544  51.6362 177.4781 0001936  78.0739  64.3500 15.49299518507949
3.0,GENERATED VIA SPACE-TRACK.ORG API,2025-05-02 02:33:21+00:00,18 SPCS,ISS (ZARYA),1998-067A,EARTH,TEME,UTC,SGP4,2025-05-01 15:23:33.031392+00:00,15.49269618,0.00021780,51.6343,177.6045,72.0034,288.1192,0,U,25544,999,50794,0.00026842000000,0.00014505,0.0000000000000,6796.998,92.947,420.344,417.383,PAYLOAD,LARGE,ISS,1998-11-20,TTMTR,,4716572,286601267,0 ISS (ZARYA),1 25544U 98067A   25121.64135453  .00014505  00000-0  26842-3 0  9992,2 25544  51.6343 177.6045 0002178  72.0034 288.1192 15.49269618507945
3.0,GENERATED VIA SPACE-TRACK.ORG API,2025-05-02 04:26:33+00:00,18 SPCS,ISS (ZARYA),1998-067A,EARTH,TEME,UTC,SGP4,2025-05-02 03:54:52.444800+00:00,15.49285613,0.00020900,51.6358,175.0201,83.0482,309.0274,0,U,25544,999,50802,0.00022114000000,0.00011873,0.0000000000000,6796.952,92.946,420.237,417.396,PAYLOAD,LARGE,ISS,1998-11-20,TTMTR,,4716576,286653353,0 ISS (ZARYA),1 25544U 98067A   25122.16310700  .00011873  00000-0  22114-3 0  9993,2 25544  51.6358 175.0201 0002090  83.0482 309.0274 15.49285613508026
3.0,GENERATED VIA SPACE-TRACK.ORG API,2025-05-02 15:26:36+00:00,18 SPCS,ISS (ZARYA),1998-067A,EARTH,TEME,UTC,SGP4,2025-05-02 13:03:56.266272+00:00,15.49297959,0.00021870,51.6345,173.1350,74.2134,285.9096,0,U,25544,999,50808,0.00027814000000,0.00015063,0.0000000000000,6796.916,92.945,420.267,417.294,PAYLOAD,LARGE,ISS,1998-11-20,TTMTR,,4716945,286662654,0 ISS (ZARYA),1 25544U 98067A   25122.54440123  .00015063  00000-0  27814-3 0  9995,2 25544  51.6345 173.1350 0002187  74.2134 285.9096 15.49297959508085
3.0,GENERATED VIA SPACE-TRACK.ORG API,2025-05-02 23:06:21+00:00,18 SPCS,ISS (ZARYA),1998-067A,EARTH,TEME,UTC,SGP4,2025-05-02 19:15:28.388160+00:00,15.49304274,0.00021860,51.6344,171.8584,73.9391,286.1838,0,U,25544,999,50812,0.00025885000000,0.00013988,0.0000000000000,6796.897,92.945,420.248,417.276,PAYLOAD,LARGE,ISS,1998-11-20,TTMTR,,4717213,286698767,0 ISS (ZARYA),1 25544U 98067A   25122.80241190  .00013988  00000-0  25885-3 0  9997,2 25544  51.6344 171.8584 0002186  73.9391 286.1838 15.49304274508129
3.0,GENERATED VIA SPACE-TRACK.ORG API,2025-05-03 05:26:16+00:00,18 SPCS,ISS (ZARYA),1998-067A,EARTH,TEME,UTC,SGP4,2025-05-03 03:24:27.403776+00:00,15.49314959,0.00022460,51.6361,170.1723,79.5037,15.8442,0,U,25544,999,50817,0.00026003000000,0.00014059,0.0000000000000,6796.866,92.944,420.257,417.204,PAYLOAD,LARGE,ISS,1998-11-20,TTMTR,,4717290,286729397,0 ISS (ZARYA),1 25544U 98067A   25123.14198384  .00014059  00000-0  26003-3 0  9994,2 25544  51.6361 170.1723 0002246  79.5037  15.8442 15.49314959508175
3.0,GENERATED VIA SPACE-TRACK.ORG API,2025-05-03 07:26:19+00:00,18 SPCS,ISS (ZARYA),1998-067A,EARTH,TEME,UTC,SGP4,2025-05-03 04:32:46.434048+00:00,15.49313333,0.00022720,51.6343,169.9427,74.0207,286.1031,0,U,25544,999,50818,0.00023669000000,0.00012754,0.0000000000000,6796.871,92.944,420.280,417.191,PAYLOAD,LARGE,ISS,1998-11-20,TTMTR,,4717625,286737301,0 ISS (ZARYA),1 25544U 98067A   25123.18942632  .00012754  00000-0  23669-3 0  9996,2 25544  51.6343 169.9427 0002272  74.0207 286.1031 15.49313333508183
3.0,GENERATED VIA SPACE-TRACK.ORG API,2025-05-03 09:16:21+00:00,18 SPCS,ISS (ZARYA),1998-067A,EARTH,TEME,UTC,SGP4,2025-05-03 08:04:51.853728+00:00,15.49317047,0.00021550,51.6364,169.2082,81.4616,20.6978,0,U,25544,999,50820,0.00023728000000,0.00012789,0.0000000000000,6796.860,92.944,420.189,417.260,PAYLOAD,LARGE,ISS,1998-11-20,TTMTR,,4717712,286739610,0 ISS (ZARYA),1 25544U 98067A   25123.33671127  .00012789  00000-0  23728-3 0  9995,2 25544  51.6364 169.2082 0002155  81.4616  20.6978 15.49317047508202
3.0,GENERATED VIA SPACE-TRACK.ORG API,2025-05-03 09:56:19+00:00,18 SPCS,ISS (ZARYA),1998-067A,EARTH,TEME,UTC,SGP4,2025-05-03 09:35:39.504192+00:00,15.49318505,0.00021560,51.6365,168.8960,81.8387,12.2253,0,U,25544,999,50821,0.00023598000000,0.00012717,0.0000000000000,6796.855,92.944,420.186,417.255,PAYLOAD,LARGE,ISS,1998-11-20,TTMTR,,4717714,286739612,0 ISS (ZARYA),1 25544U 98067A   25123.39976278  .00012717  00000-0  23598-3 0  9992,2 25544  51.6365 168.8960 0002156  81.8387  12.2253 15.49318505508217
3.0,GENERATED VIA SPACE-TRACK.ORG API,2025-05-03 14:56:19+00:00,18 SPCS,ISS (ZARYA),1998-067A,EARTH,TEME,UTC,SGP4,2025-05-03 12:17:11.307552+00:00,15.49319115,0.00022760,51.6346,168.3464,75.0993,285.0248,0,U,25544,999,50823,0.00020368000000,0.00010912,0.0000000000000,6796.854,92.944,420.266,417.172,PAYLOAD,LARGE,ISS,1998-11-20,TTMTR,,4717903,286744768,0 ISS (ZARYA),1 25544U 98067A   25123.51193643  .00010912  00000-0  20368-3 0  9990,2 25544  51.6346 168.3464 0002276  75.0993 285.0248 15.49319115508235
3.0,GENERATED VIA SPACE-TRACK.ORG API,2025-05-03 23:06:31+00:00,18 SPCS,ISS (ZARYA),1998-067A,EARTH,TEME,UTC,SGP4,2025-05-03 18:28:43.106304+00:00,15.49323238,0.00022840,51.6346,167.0693,76.2260,283.8983,0,U,25544,999,50827,0.00017067000000,0.00009070,0.0000000000000,6796.842,92.944,420.259,417.154,PAYLOAD,LARGE,ISS,1998-11-20,TTMTR,,4718259,286781854,0 ISS (ZARYA),1 25544U 98067A   25123.76994336  .00009070  00000-0  17067-3 0  9990,2 25544  51.6346 167.0693 0002284  76.2260 283.8983 15.49323238508271
3.0,GENERATED VIA SPACE-TRACK.ORG API,2025-05-04 05:16:17+00:00,18 SPCS,ISS (ZARYA),1998-067A,EARTH,TEME,UTC,SGP4,2025-05-04 04:13:12.082656+00:00,15.49334428,0.00023470,51.6364,165.0572,78.0135,27.5001,0,U,25544,999,50833,0.00020479000000,0.00010980,0.0000000000000,6796.809,92.943,420.269,417.079,PAYLOAD,LARGE,ISS,1998-11-20,TTMTR,,4718315,286812906,0 ISS (ZARYA),1 25544U 98067A   25124.17583429  .00010980  00000-0  20479-3 0  9996,2 25544  51.6364 165.0572 0002347  78.0135  27.5001 15.49334428508330
3.0,GENERATED VIA SPACE-TRACK.ORG API,2025-05-04 15:06:20+00:00,18 SPCS,ISS (ZARYA),1998-067A,EARTH,TEME,UTC,SGP4,2025-05-04 11:30:25.230816+00:00,15.49336034,0.00022920,51.6347,163.5573,78.0470,282.0775,0,U,25544,999,50838,0.00014843000000,0.00007832,0.0000000000000,6796.804,92.943,420.227,417.111,PAYLOAD,LARGE,ISS,1998-11-20,TTMTR,,4719021,286830564,0 ISS (ZARYA),1 25544U 98067A   25124.47945869  .00007832  00000-0  14843-3 0  9999,2 25544  51.6347 163.5573 0002292  78.0470 282.0775 15.49336034508382
3.0,GENERATED VIA SPACE-TRACK.ORG API,2025-05-04 22:56:35+00:00,18 SPCS,ISS (ZARYA),1998-067A,EARTH,TEME,UTC,SGP4,2025-05-04 14:36:11.038176+00:00,15.49338487,0.00022870,51.6347,162.9188,78.7401,281.3844,0,U,25544,999,50840,0.00015860000000,0.00008400,0.0000000000000,6796.797,92.943,420.216,417.108,PAYLOAD,LARGE,ISS,1998-11-20,TTMTR,,4719283,286866233,0 ISS (ZARYA),1 25544U 98067A   25124.60846109  .00008400  00000-0  15860-3 0  9993,2 25544  51.6347 162.9188 0002287  78.7401 281.3844 15.49338487508408
3.0,GENERATED VIA SPACE-TRACK.ORG API,2025-05-05 00:06:18+00:00,18 SPCS,ISS (ZARYA),1998-067A,EARTH,TEME,UTC,SGP4,2025-05-04 22:37:01.111872+00:00,15.49353212,0.00022850,51.6370,161.2620,86.8828,336.9349,0,U,25544,999,50845,0.00021695000000,0.00011668,0.0000000000000,6796.754,92.942,420.172,417.066,PAYLOAD,LARGE,ISS,1998-11-20,TTMTR,,4719329,286867545,0 ISS (ZARYA),1 25544U 98067A   25124.94237398  .00011668  00000-0  21695-3 0  9997,2 25544  51.6370 161.2620 0002285  86.8828 336.9349 15.49353212508453
3.0,GENERATED VIA SPACE-TRACK.ORG API,2025-05-05 06:56:18+00:00,18 SPCS,ISS (ZARYA),1998-067A,EARTH,TEME,UTC,SGP4,2025-05-05 04:32:06.893088+00:00,15.49349232,0.00022880,51.6348,160.0455,80.6014,279.5233,0,U,25544,999,50849,0.00016281000000,0.00008639,0.0000000000000,6796.766,92.942,420.186,417.076,PAYLOAD,LARGE,ISS,1998-11-20,TTMTR,,4719560,286902661,0 ISS (ZARYA),1 25544U 98067A   25125.18896867  .00008639  00000-0  16281-3 0  9995,2 25544  51.6348 160.0455 0002288  80.6014 279.5233 15.49349232508498
3.0,GENERATED VIA SPACE-TRACK.ORG API,2025-05-05 14:06:17+00:00,18 SPCS,ISS (ZARYA),1998-067A,EARTH,TEME,UTC,SGP4,2025-05-05 12:56:17.949696+00:00,15.49360431,0.00022910,51.6369,158.3075,89.9733,64.3522,0,U,25544,999,50854,0.00019398000000,0.00010386,0.0000000000000,6796.733,92.942,420.155,417.041,PAYLOAD,LARGE,ISS,1998-11-20,TTMTR,,4719638,286904073,0 ISS (ZARYA),1 25544U 98067A   25125.53909664  .00010386  00000-0  19398-3 0  9998,2 25544  51.6369 158.3075 0002291  89.9733  64.3522 15.49360431508544
3.0,GENERATED VIA SPACE-TRACK.ORG API,2025-05-05 21:36:16+00:00,18 SPCS,ISS (ZARYA),1998-067A,EARTH,TEME,UTC,SGP4,2025-05-05 14:26:01.425696+00:00,15.49361694,0.00022700,51.6369,157.9991,89.3670,52.7270,0,U,25544,999,50855,0.00019370000000,0.00010371,0.0000000000000,6796.729,92.942,420.137,417.051,PAYLOAD,LARGE,ISS,1998-11-20,TTMTR,,4720053,286912477,0 ISS (ZARYA),1 25544U 98067A   25125.60140539  .00010371  00000-0  19370-3 0  9998,2 25544  51.6369 157.9991 0002270  89.3670  52.7270 15.49361694508551
3.0,GENERATED VIA SPACE-TRACK.ORG API,2025-05-06 03:54:54+00:00,18 SPCS,ISS (ZARYA),1998-067A,EARTH,TEME,UTC,SGP4,2025-05-05 13:49:23.947104+00:00,15.49356886,0.00023190,51.6347,158.1300,81.1500,278.9752,0,U,25544,999,50855,0.00017348000000,0.00009238,0.0000000000000,6796.743,92.942,420.184,417.032,PAYLOAD,LARGE,ISS,1998-11-20,TTMTR,,4720394,286926506,0 ISS (ZARYA),1 25544U 98067A   25125.57597161  .00009238  00000-0  17348-3 0  9994,2 25544  51.6347 158.1300 0002319  81.1500 278.9752 15.49356886508554
3.0,GENERATED VIA SPACE-TRACK.ORG API,2025-05-06 05:16:16+00:00,18 SPCS,ISS (ZARYA),1998-067A,EARTH,TEME,UTC,SGP4,2025-05-06 04:13:14.901024+00:00,15.49368941,0.00024380,51.6365,155.1559,84.5145,23.8654,0,U,25544,999,50864,0.00017165000000,0.00009140,0.0000000000000,6796.708,92.941,420.230,416.916,PAYLOAD,LARGE,ISS,1998-11-20,TTMTR,,4720397,286949460,0 ISS (ZARYA),1 25544U 98067A   25126.17586691  .00009140  00000-0  17165-3 0  9996,2 25544  51.6365 155.1559 0002438  84.5145  23.8654 15.49368941508644
3.0,GENERATED VIA SPACE-TRACK.ORG API,2025-05-06 15:06:18+00:00,18 SPCS,ISS (ZARYA),1998-067A,EARTH,TEME,UTC,SGP4,2025-05-06 11:29:43.064160+00:00,15.49374094,0.00023300,51.6347,153.6603,83.4740,276.6514,0,U,25544,999,50869,0.00017350000000,0.00009245,0.0000000000000,6796.693,92.941,420.142,416.974,PAYLOAD,LARGE,ISS,1998-11-20,TTMTR,,4720995,286963921,0 ISS (ZARYA),1 25544U 98067A   25126.47897065  .00009245  00000-0  17350-3 0  9991,2 25544  51.6347 153.6603 0002330  83.4740 276.6514 15.49374094508691
3.0,GENERATED VIA SPACE-TRACK.ORG API,2025-05-06 21:36:17+00:00,18 SPCS,ISS (ZARYA),1998-067A,EARTH,TEME,UTC,SGP4,2025-05-06 21:02:30.732576+00:00,15.49382277,0.00024350,51.6368,151.6854,87.2154,333.0693,0,U,25544,999,50875,0.00017136000000,0.00009128,0.0000000000000,6796.669,92.940,420.189,416.879,PAYLOAD,LARGE,ISS,1998-11-20,TTMTR,,4721046,286965214,0 ISS (ZARYA),1 25544U 98067A   25126.87674459  .00009128  00000-0  17136-3 0  9997,2 25544  51.6368 151.6854 0002435  87.2154 333.0693 15.49382277508752
3.0,GENERATED VIA SPACE-TRACK.ORG API,2025-05-07 03:14:48+00:00,18 SPCS,ISS (ZARYA),1998-067A,EARTH,TEME,UTC,SGP4,2025-05-06 20:46:59.544480+00:00,15.49381533,0.00023300,51.6347,151.7448,84.3305,275.7949,0,U,25544,999,50875,0.00016748000000,0.00008911,0.0000000000000,6796.671,92.940,420.120,416.953,PAYLOAD,LARGE,ISS,1998-11-20,TTMTR,,4721313,286977960,0 ISS (ZARYA),1 25544U 98067A   25126.86596695  .00008911  00000-0  16748-3 0  9998,2 25544  51.6347 151.7448 0002330  84.3305 275.7949 15.49381533508759
3.0,GENERATED VIA SPACE-TRACK.ORG API,2025-05-07 04:06:30+00:00,18 SPCS,ISS (ZARYA),1998-067A,EARTH,TEME,UTC,SGP4,2025-05-07 03:16:39.031104+00:00,15.49387604,0.00024140,51.6366,150.3990,87.9328,342.5225,0,U,25544,999,50879,0.00017186000000,0.00009158,0.0000000000000,6796.653,92.940,420.159,416.878,PAYLOAD,LARGE,ISS,1998-11-20,TTMTR,,4721315,287001396,0 ISS (ZARYA),1 25544U 98067A   25127.13656286  .00009158  00000-0  17186-3 0  9993,2 25544  51.6366 150.3990 0002414  87.9328 342.5225 15.49387604508793
3.0,GENERATED VIA SPACE-TRACK.ORG API,2025-05-07 07:06:32+00:00,18 SPCS,ISS (ZARYA),1998-067A,EARTH,TEME,UTC,SGP4,2025-05-07 04:31:23.105568+00:00,15.49388906,0.00023260,51.6346,150.1483,85.5682,274.5572,0,U,25544,999,50880,0.00017086000000,0.00009102,0.0000000000000,6796.650,92.940,420.095,416.934,PAYLOAD,LARGE,ISS,1998-11-20,TTMTR,,4721576,287007962,0 ISS (ZARYA),1 25544U 98067A   25127.18846187  .00009102  00000-0  17086-3 0  9997,2 25544  51.6346 150.1483 0002326  85.5682 274.5572 15.49388906508802
3.0,GENERATED VIA SPACE-TRACK.ORG API,2025-05-07 14:47:40+00:00,18 SPCS,ISS (ZARYA),1998-067A,EARTH,TEME,UTC,SGP4,2025-05-07 12:15:46.609632+00:00,15.49394070,0.00023140,51.6346,148.5520,86.7393,273.3860,0,U,25544,999,50885,0.00015823000000,0.00008397,0.0000000000000,6796.634,92.940,420.072,416.927,PAYLOAD,LARGE,ISS,1998-11-20,TTMTR,,4721848,287014195,0 ISS (ZARYA),1 25544U 98067A   25127.51095613  .00008397  00000-0  15823-3 0  9996,2 25544  51.6346 148.5520 0002314  86.7393 273.3860 15.49394070508855
3.0,GENERATED VIA SPACE-TRACK.ORG API,2025-05-07 21:26:29+00:00,18 SPCS,ISS (ZARYA),1998-067A,EARTH,TEME,UTC,SGP4,2025-05-07 12:54:08.695296+00:00,15.49396065,0.00024810,51.6373,148.4145,89.3508,59.4969,0,U,25544,999,50885,0.00017412000000,0.00009287,0.0000000000000,6796.629,92.939,420.180,416.807,PAYLOAD,LARGE,ISS,1998-11-20,TTMTR,,4721955,287016242,0 ISS (ZARYA),1 25544U 98067A   25127.53760064  .00009287  00000-0  17412-3 0  9992,2 25544  51.6373 148.4145 0002481  89.3508  59.4969 15.49396065508858
3.0,GENERATED VIA SPACE-TRACK.ORG API,2025-05-08 03:01:32+00:00,18 SPCS,ISS (ZARYA),1998-067A,EARTH,TEME,UTC,SGP4,2025-05-07 12:15:46.608768+00:00,15.49392895,0.00023150,51.6346,148.5519,86.8352,273.2901,0,U,25544,999,50885,0.00014445000000,0.00007625,0.0000000000000,6796.638,92.940,420.076,416.930,PAYLOAD,LARGE,ISS,1998-11-20,TTMTR,,4722206,287028921,0 ISS (ZARYA),1 25544U 98067A   25127.51095612  .00007625  00000-0  14445-3 0  9997,2 25544  51.6346 148.5519 0002315  86.8352 273.2901 15.49392895508858
3.0,GENERATED VIA SPACE-TRACK.ORG API,2025-05-08 07:06:34+00:00,18 SPCS,ISS (ZARYA),1998-067A,EARTH,TEME,UTC,SGP4,2025-05-08 05:17:25.939104+00:00,15.49406013,0.00022870,51.6344,145.0396,89.4742,270.6509,0,U,25544,999,50896,0.00014644000000,0.00007740,0.0000000000000,6796.600,92.939,420.019,416.910,PAYLOAD,LARGE,ISS,1998-11-20,TTMTR,,4722461,287058764,0 ISS (ZARYA),1 25544U 98067A   25128.22043911  .00007740  00000-0  14644-3 0  9990,2 25544  51.6344 145.0396 0002287  89.4742 270.6509 15.49406013508966
3.0,GENERATED VIA SPACE-TRACK.ORG API,2025-05-08 14:56:19+00:00,18 SPCS,ISS (ZARYA),1998-067A,EARTH,TEME,UTC,SGP4,2025-05-08 11:28:56.492832+00:00,15.49411867,0.00023060,51.6344,143.7626,89.9507,270.1746,0,U,25544,999,50900,0.00016314000000,0.00008677,0.0000000000000,6796.582,92.938,420.015,416.880,PAYLOAD,LARGE,ISS,1998-11-20,TTMTR,,4722793,287065843,0 ISS (ZARYA),1 25544U 98067A   25128.47843163  .00008677  00000-0  16314-3 0  9990,2 25544  51.6344 143.7626 0002306  89.9507 270.1746 15.49411867509000
3.0,GENERATED VIA SPACE-TRACK.ORG API,2025-05-08 21:36:17+00:00,18 SPCS,ISS (ZARYA),1998-067A,EARTH,TEME,UTC,SGP4,2025-05-08 13:39:10.058688+00:00,15.49415554,0.00025260,51.6371,143.3092,92.2284,52.6728,0,U,25544,999,50901,0.00017328000000,0.00009246,0.0000000000000,6796.572,92.938,420.153,416.720,PAYLOAD,LARGE,ISS,1998-11-20,TTMTR,,4722849,287067249,0 ISS (ZARYA),1 25544U 98067A   25128.56886642  .00009246  00000-0  17328-3 0  9998,2 25544  51.6371 143.3092 0002526  92.2284  52.6728 15.49415554509017
3.0,GENERATED VIA SPACE-TRACK.ORG API,2025-05-09 02:46:56+00:00,18 SPCS,ISS (ZARYA),1998-067A,EARTH,TEME,UTC,SGP4,2025-05-08 13:01:49.120032+00:00,15.49412850,0.00023080,51.6344,143.4433,90.1375,269.9878,0,U,25544,999,50901,0.00016025000000,0.00008516,0.0000000000000,6796.580,92.938,420.013,416.876,PAYLOAD,LARGE,ISS,1998-11-20,TTMTR,,4723128,287080911,0 ISS (ZARYA),1 25544U 98067A   25128.54292963  .00008516  00000-0  16025-3 0  9995,2 25544  51.6344 143.4433 0002308  90.1375 269.9878 15.49412850509018
3.0,GENERATED VIA SPACE-TRACK.ORG API,2025-05-09 02:56:17+00:00,18 SPCS,ISS (ZARYA),1998-067A,EARTH,TEME,UTC,SGP4,2025-05-09 01:34:34.611168+00:00,15.49424856,0.00025180,51.6370,140.8488,94.1078,303.7971,0,U,25544,999,50909,0.00017240000000,0.00009201,0.0000000000000,6796.544,92.938,420.121,416.698,PAYLOAD,LARGE,ISS,1998-11-20,TTMTR,,4723129,287103830,0 ISS (ZARYA),1 25544U 98067A   25129.06567837  .00009201  00000-0  17240-3 0  9990,2 25544  51.6370 140.8488 0002518  94.1078 303.7971 15.49424856509093
3.0,GENERATED VIA SPACE-TRACK.ORG API,2025-05-09 06:56:19+00:00,18 SPCS,ISS (ZARYA),1998-067A,EARTH,TEME,UTC,SGP4,2025-05-09 04:30:35.152704+00:00,15.49425405,0.00023020,51.6342,140.2502,92.7015,267.4237,0,U,25544,999,50911,0.00017663000000,0.00009438,0.0000000000000,6796.543,92.938,419.972,416.843,PAYLOAD,LARGE,ISS,1998-11-20,TTMTR,,4723352,287109652,0 ISS (ZARYA),1 25544U 98067A   25129.18790686  .00009438  00000-0  17663-3 0  9994,2 25544  51.6342 140.2502 0002302  92.7015 267.4237 15.49425405509114
3.0,GENERATED VIA SPACE-TRACK.ORG API,2025-05-09 13:36:17+00:00,18 SPCS,ISS (ZARYA),1998-067A,EARTH,TEME,UTC,SGP4,2025-05-09 12:43:01.624224+00:00,15.49431663,0.00025790,51.6373,138.5518,96.2220,12.6743,0,U,25544,999,50916,0.00016579000000,0.00008832,0.0000000000000,6796.525,92.937,420.142,416.637,PAYLOAD,LARGE,ISS,1998-11-20,TTMTR,,4723423,287110946,0 ISS (ZARYA),1 25544U 98067A   25129.52987991  .00008832  00000-0  16579-3 0  9991,2 25544  51.6373 138.5518 0002579  96.2220  12.6743 15.49431663509168
3.0,GENERATED VIA SPACE-TRACK.ORG API,2025-05-10 02:32:27+00:00,18 SPCS,ISS (ZARYA),1998-067A,EARTH,TEME,UTC,SGP4,2025-05-09 12:14:58.017408+00:00,15.49431255,0.00023320,51.6342,138.6538,93.5214,266.6041,0,U,25544,999,50916,0.00017880000000,0.00009561,0.0000000000000,6796.526,92.937,419.976,416.806,PAYLOAD,LARGE,ISS,1998-11-20,TTMTR,,4723972,287160059,0 ISS (ZARYA),1 25544U 98067A   25129.51039372  .00009561  00000-0  17880-3 0  9997,2 25544  51.6342 138.6538 0002332  93.5214 266.6041 15.49431255509166
3.0,GENERATED VIA SPACE-TRACK.ORG API,2025-05-10 15:16:20+00:00,18 SPCS,ISS (ZARYA),1998-067A,EARTH,TEME,UTC,SGP4,2025-05-10 11:28:05.862432+00:00,15.49451152,0.00023170,51.6338,133.8645,95.1602,264.9651,0,U,25544,999,50931,0.00018811000000,0.00010091,0.0000000000000,6796.468,92.936,419.907,416.758,PAYLOAD,LARGE,ISS,1998-11-20,TTMTR,,4724620,287198422,0 ISS (ZARYA),1 25544U 98067A   25130.47784563  .00010091  00000-0  18811-3 0  9998,2 25544  51.6338 133.8645 0002317  95.1602 264.9651 15.49451152509312
3.0,GENERATED VIA SPACE-TRACK.ORG API,2025-05-11 02:40:14+00:00,18 SPCS,ISS (ZARYA),1998-067A,EARTH,TEME,UTC,SGP4,2025-05-10 11:28:05.856384+00:00,15.49450939,0.00023160,51.6338,133.8645,95.1583,264.9670,0,U,25544,999,50931,0.00018458000000,0.00009893,0.0000000000000,6796.468,92.936,419.907,416.759,PAYLOAD,LARGE,ISS,1998-11-20,TTMTR,,4724992,287244027,0 ISS (ZARYA),1 25544U 98067A   25130.47784556  .00009893  00000-0  18458-3 0  9995,2 25544  51.6338 133.8645 0002316  95.1583 264.9670 15.49450939509312
3.0,GENERATED VIA SPACE-TRACK.ORG API,2025-05-11 06:56:19+00:00,18 SPCS,ISS (ZARYA),1998-067A,EARTH,TEME,UTC,SGP4,2025-05-11 06:27:10.310112+00:00,15.49463011,0.00025950,51.6378,129.9421,102.1368,353.2687,0,U,25544,999,50943,0.00016238000000,0.00008651,0.0000000000000,6796.433,92.935,420.062,416.534,PAYLOAD,LARGE,ISS,1998-11-20,TTMTR,,4725194,287272340,0 ISS (ZARYA),1 25544U 98067A   25131.26886933  .00008651  00000-0  16238-3 0  9990,2 25544  51.6378 129.9421 0002595 102.1368 353.2687 15.49463011509431
3.0,GENERATED VIA SPACE-TRACK.ORG API,2025-05-11 07:16:18+00:00,18 SPCS,ISS (ZARYA),1998-067A,EARTH,TEME,UTC,SGP4,2025-05-11 04:29:42.865152+00:00,15.49464589,0.00022960,51.6340,130.3516,98.7485,261.3763,0,U,25544,999,50942,0.00016631000000,0.00008872,0.0000000000000,6796.428,92.935,419.854,416.733,PAYLOAD,LARGE,ISS,1998-11-20,TTMTR,,4725274,287274747,0 ISS (ZARYA),1 25544U 98067A   25131.18730168  .00008872  00000-0  16631-3 0  9991,2 25544  51.6340 130.3516 0002296  98.7485 261.3763 15.49464589509423
3.0,GENERATED VIA SPACE-TRACK.ORG API,2025-05-11 08:16:32+00:00,18 SPCS,ISS (ZARYA),1998-067A,EARTH,TEME,UTC,SGP4,2025-05-11 07:42:00.778176+00:00,15.49465690,0.00025680,51.6374,129.6845,102.5783,282.9354,0,U,25544,999,50944,0.00016809000000,0.00008972,0.0000000000000,6796.425,92.935,420.035,416.545,PAYLOAD,LARGE,ISS,1998-11-20,TTMTR,,4725336,287275780,0 ISS (ZARYA),1 25544U 98067A   25131.32084234  .00008972  00000-0  16809-3 0  9991,2 25544  51.6374 129.6845 0002568 102.5783 282.9354 15.49465690509444
3.0,GENERATED VIA SPACE-TRACK.ORG API,2025-05-11 14:56:18+00:00,18 SPCS,ISS (ZARYA),1998-067A,EARTH,TEME,UTC,SGP4,2025-05-11 10:41:12.566976+00:00,15.49470087,0.00023580,51.6341,129.0745,99.2688,260.8568,0,U,25544,999,50946,0.00016723000000,0.00008925,0.0000000000000,6796.412,92.935,419.880,416.675,PAYLOAD,LARGE,ISS,1998-11-20,TTMTR,,4725586,287282053,0 ISS (ZARYA),1 25544U 98067A   25131.44528434  .00008925  00000-0  16723-3 0  9992,2 25544  51.6341 129.0745 0002358  99.2688 260.8568 15.49470087509464
3.0,GENERATED VIA SPACE-TRACK.ORG API,2025-05-12 05:16:28+00:00,18 SPCS,ISS (ZARYA),1998-067A,EARTH,TEME,UTC,SGP4,2025-05-12 04:09:14.774688+00:00,15.49484849,0.00025650,51.6373,125.4662,109.5780,353.0059,0,U,25544,999,50957,0.00017728000000,0.00009494,0.0000000000000,6796.369,92.934,419.977,416.491,PAYLOAD,LARGE,ISS,1998-11-20,TTMTR,,4725954,287349835,0 ISS (ZARYA),1 25544U 98067A   25132.17308767  .00009494  00000-0  17728-3 0  9996,2 25544  51.6373 125.4662 0002565 109.5780 353.0059 15.49484849509578
3.0,GENERATED VIA SPACE-TRACK.ORG API,2025-05-12 07:07:05+00:00,18 SPCS,ISS (ZARYA),1998-067A,EARTH,TEME,UTC,SGP4,2025-05-12 05:15:41.211072+00:00,15.49485789,0.00023210,51.6342,125.2428,101.4840,258.6409,0,U,25544,999,50958,0.00017208000000,0.00009203,0.0000000000000,6796.366,92.934,419.809,416.654,PAYLOAD,LARGE,ISS,1998-11-20,TTMTR,,4726185,287356159,0 ISS (ZARYA),1 25544U 98067A   25132.21922698  .00009203  00000-0  17208-3 0  9997,2 25544  51.6342 125.2428 0002321 101.4840 258.6409 15.49485789509584
3.0,GENERATED VIA SPACE-TRACK.ORG API,2025-05-12 10:06:15+00:00,18 SPCS,ISS (ZARYA),1998-067A,EARTH,TEME,UTC,SGP4,2025-05-12 08:58:07.146048+00:00,15.49490177,0.00025240,51.6373,124.4732,108.2420,34.0962,0,U,25544,999,50960,0.00018229000000,0.00009778,0.0000000000000,6796.353,92.934,419.934,416.503,PAYLOAD,LARGE,ISS,1998-11-20,TTMTR,,4726264,287357444,0 ISS (ZARYA),1 25544U 98067A   25132.37369382  .00009778  00000-0  18229-3 0  9990,2 25544  51.6373 124.4732 0002524 108.2420  34.0962 15.49490177509601
3.0,GENERATED VIA SPACE-TRACK.ORG API,2025-05-12 15:06:33+00:00,18 SPCS,ISS (ZARYA),1998-067A,EARTH,TEME,UTC,SGP4,2025-05-12 11:27:10.627776+00:00,15.49490271,0.00023440,51.6342,123.9657,103.1911,256.9339,0,U,25544,999,50962,0.00016875000000,0.00009017,0.0000000000000,6796.353,92.934,419.811,416.625,PAYLOAD,LARGE,ISS,1998-11-20,TTMTR,,4726540,287364382,0 ISS (ZARYA),1 25544U 98067A   25132.47720634  .00009017  00000-0  16875-3 0  9993,2 25544  51.6342 123.9657 0002344 103.1911 256.9339 15.49490271509626
3.0,GENERATED VIA SPACE-TRACK.ORG API,2025-05-12 21:26:16+00:00,18 SPCS,ISS (ZARYA),1998-067A,EARTH,TEME,UTC,SGP4,2025-05-12 12:04:29.659584+00:00,15.49493405,0.00025470,51.6369,123.8322,103.4148,41.3705,0,U,25544,999,50962,0.00018368000000,0.00009857,0.0000000000000,6796.344,92.934,419.940,416.478,PAYLOAD,LARGE,ISS,1998-11-20,TTMTR,,4726655,287395446,0 ISS (ZARYA),1 25544U 98067A   25132.50312106  .00009857  00000-0  18368-3 0  9999,2 25544  51.6369 123.8322 0002547 103.4148  41.3705 15.49493405509628
3.0,GENERATED VIA SPACE-TRACK.ORG API,2025-05-13 07:06:34+00:00,18 SPCS,ISS (ZARYA),1998-067A,EARTH,TEME,UTC,SGP4,2025-05-13 04:28:46.214400+00:00,15.49501655,0.00023350,51.6343,120.4533,105.7353,254.3893,0,U,25544,999,50973,0.00015740000000,0.00008383,0.0000000000000,6796.320,92.933,419.772,416.598,PAYLOAD,LARGE,ISS,1998-11-20,TTMTR,,4727227,287439705,0 ISS (ZARYA),1 25544U 98067A   25133.18664600  .00008383  00000-0  15740-3 0  9997,2 25544  51.6343 120.4533 0002335 105.7353 254.3893 15.49501655509738
3.0,GENERATED VIA SPACE-TRACK.ORG API,2025-05-13 15:06:32+00:00,18 SPCS,ISS (ZARYA),1998-067A,EARTH,TEME,UTC,SGP4,2025-05-13 10:40:15.402144+00:00,15.49506546,0.00023070,51.6344,119.1760,106.2285,253.8958,0,U,25544,999,50977,0.00016281000000,0.00008689,0.0000000000000,6796.306,92.933,419.738,416.603,PAYLOAD,LARGE,ISS,1998-11-20,TTMTR,,4727603,287448349,0 ISS (ZARYA),1 25544U 98067A   25133.44462271  .00008689  00000-0  16281-3 0  9996,2 25544  51.6344 119.1760 0002307 106.2285 253.8958 15.49506546509779
3.0,GENERATED VIA SPACE-TRACK.ORG API,2025-05-13 21:26:30+00:00,18 SPCS,ISS (ZARYA),1998-067A,EARTH,TEME,UTC,SGP4,2025-05-13 20:16:09.062112+00:00,15.49515413,0.00025410,51.6365,117.1903,106.6326,325.8583,0,U,25544,999,50983,0.00016787000000,0.00008976,0.0000000000000,6796.280,92.932,419.872,416.418,PAYLOAD,LARGE,ISS,1998-11-20,TTMTR,,4727654,287478824,0 ISS (ZARYA),1 25544U 98067A   25133.84454933  .00008976  00000-0  16787-3 0  9996,2 25544  51.6365 117.1903 0002541 106.6326 325.8583 15.49515413509833
3.0,GENERATED VIA SPACE-TRACK.ORG API,2025-05-14 03:36:32+00:00,18 SPCS,ISS (ZARYA),1998-067A,EARTH,TEME,UTC,SGP4,2025-05-14 02:32:29.363424+00:00,15.49518762,0.00025350,51.6366,115.8963,108.5400,342.7651,0,U,25544,999,50987,0.00016310000000,0.00008709,0.0000000000000,6796.270,92.932,419.858,416.412,PAYLOAD,LARGE,ISS,1998-11-20,TTMTR,,4727913,287485012,0 ISS (ZARYA),1 25544U 98067A   25134.10589541  .00008709  00000-0  16310-3 0  9996,2 25544  51.6366 115.8963 0002535 108.5400 342.7651 15.49518762509870
3.0,GENERATED VIA SPACE-TRACK.ORG API,2025-05-14 03:37:07+00:00,18 SPCS,ISS (ZARYA),1998-067A,EARTH,TEME,UTC,SGP4,2025-05-13 19:57:29.070144+00:00,15.49513072,0.00022980,51.6345,117.2602,107.5156,252.6084,0,U,25544,999,50983,0.00016292000000,0.00008697,0.0000000000000,6796.286,92.932,419.713,416.590,PAYLOAD,LARGE,ISS,1998-11-20,TTMTR,,4727914,287491788,0 ISS (ZARYA),1 25544U 98067A   25133.83158646  .00008697  00000-0  16292-3 0  9998,2 25544  51.6345 117.2602 0002298 107.5156 252.6084 15.49513072509830
3.0,GENERATED VIA SPACE-TRACK.ORG API,2025-05-14 07:06:32+00:00,18 SPCS,ISS (ZARYA),1998-067A,EARTH,TEME,UTC,SGP4,2025-05-14 03:41:50.357184+00:00,15.49518201,0.00022910,51.6345,115.6637,108.2504,251.8734,0,U,25544,999,50988,0.00016106000000,0.00008594,0.0000000000000,6796.272,92.932,419.694,416.579,PAYLOAD,LARGE,ISS,1998-11-20,TTMTR,,4728164,287521148,0 ISS (ZARYA),1 25544U 98067A   25134.15405506  .00008594  00000-0  16106-3 0  9994,2 25544  51.6345 115.6637 0002291 108.2504 251.8734 15.49518201509885
3.0,GENERATED VIA SPACE-TRACK.ORG API,2025-05-14 14:56:34+00:00,18 SPCS,ISS (ZARYA),1998-067A,EARTH,TEME,UTC,SGP4,2025-05-14 09:53:19.313376+00:00,15.49522137,0.00022990,51.6346,114.3865,108.9329,251.1909,0,U,25544,999,50992,0.00015542000000,0.00008278,0.0000000000000,6796.260,92.932,419.687,416.563,PAYLOAD,LARGE,ISS,1998-11-20,TTMTR,,4728452,287528308,0 ISS (ZARYA),1 25544U 98067A   25134.41202909  .00008278  00000-0  15542-3 0  9997,2 25544  51.6346 114.3865 0002299 108.9329 251.1909 15.49522137509920
3.0,GENERATED VIA SPACE-TRACK.ORG API,2025-05-14 22:46:18+00:00,18 SPCS,ISS (ZARYA),1998-067A,EARTH,TEME,UTC,SGP4,2025-05-14 20:43:24.793824+00:00,15.49530830,0.00022840,51.6348,112.1514,110.5047,249.6187,0,U,25544,999,50999,0.00015985000000,0.00008530,0.0000000000000,6796.235,92.931,419.652,416.547,PAYLOAD,LARGE,ISS,1998-11-20,TTMTR,,4728872,287596659,0 ISS (ZARYA),1 25544U 98067A   25134.86348141  .00008530  00000-0  15985-3 0  9997,2 25544  51.6348 112.1514 0002284 110.5047 249.6187 15.49530830509995
3.0,GENERATED VIA SPACE-TRACK.ORG API,2025-05-15 05:26:32+00:00,18 SPCS,ISS (ZARYA),1998-067A,EARTH,TEME,UTC,SGP4,2025-05-15 04:51:52.084224+00:00,15.49536284,0.00025370,51.6358,110.4658,109.7012,343.8665,0,U,25544,999,51004,0.00015505000000,0.00008262,0.0000000000000,6796.219,92.931,419.808,416.359,PAYLOAD,LARGE,ISS,1998-11-20,TTMTR,,4728902,287627234,0 ISS (ZARYA),1 25544U 98067A   25135.20268616  .00008262  00000-0  15505-3 0  9994,2 25544  51.6358 110.4658 0002537 109.7012 343.8665 15.49536284510044
3.0,GENERATED VIA SPACE-TRACK.ORG API,2025-05-15 10:26:32+00:00,18 SPCS,ISS (ZARYA),1998-067A,EARTH,TEME,UTC,SGP4,2025-05-15 08:12:20.966976+00:00,15.49538266,0.00025570,51.6360,109.7771,112.3430,38.3717,0,U,25544,999,51006,0.00015227000000,0.00008105,0.0000000000000,6796.213,92.931,419.816,416.340,PAYLOAD,LARGE,ISS,1998-11-20,TTMTR,,4729203,287634637,0 ISS (ZARYA),1 25544U 98067A   25135.34190934  .00008105  00000-0  15227-3 0  9993,2 25544  51.6360 109.7771 0002557 112.3430  38.3717 15.49538266510068
3.0,GENERATED VIA SPACE-TRACK.ORG API,2025-05-15 14:56:43+00:00,18 SPCS,ISS (ZARYA),1998-067A,EARTH,TEME,UTC,SGP4,2025-05-15 10:39:14.412384+00:00,15.49540871,0.00022700,51.6349,109.2774,112.2312,247.8918,0,U,25544,999,51008,0.00015412000000,0.00008211,0.0000000000000,6796.205,92.931,419.613,416.527,PAYLOAD,LARGE,ISS,1998-11-20,TTMTR,,4729425,287639339,0 ISS (ZARYA),1 25544U 98067A   25135.44391681  .00008211  00000-0  15412-3 0  9990,2 25544  51.6349 109.2774 0002270 112.2312 247.8918 15.49540871510080
3.0,GENERATED VIA SPACE-TRACK.ORG API,2025-05-15 22:46:25+00:00,18 SPCS,ISS (ZARYA),1998-067A,EARTH,TEME,UTC,SGP4,2025-05-15 21:29:19.481568+00:00,15.49547162,0.00022670,51.6351,107.0422,113.8653,246.2573,0,U,25544,999,51015,0.00013847000000,0.00007332,0.0000000000000,6796.187,92.930,419.593,416.511,PAYLOAD,LARGE,ISS,1998-11-20,TTMTR,,4729667,287674312,0 ISS (ZARYA),1 25544U 98067A   25135.89536437  .00007332  00000-0  13847-3 0  9992,2 25544  51.6351 107.0422 0002267 113.8653 246.2573 15.49547162510158
3.0,GENERATED VIA SPACE-TRACK.ORG API,2025-05-16 06:16:24+00:00,18 SPCS,ISS (ZARYA),1998-067A,EARTH,TEME,UTC,SGP4,2025-05-16 05:48:20.256768+00:00,15.49554076,0.00025640,51.6356,105.3207,115.4932,19.0237,0,U,25544,999,51020,0.00015372000000,0.00008192,0.0000000000000,6796.167,92.930,419.774,416.289,PAYLOAD,LARGE,ISS,1998-11-20,TTMTR,,4729723,287675604,0 ISS (ZARYA),1 25544U 98067A   25136.24190112  .00008192  00000-0  15372-3 0  9998,2 25544  51.6356 105.3207 0002564 115.4932  19.0237 15.49554076510204
3.0,GENERATED VIA SPACE-TRACK.ORG API,2025-05-16 11:06:30+00:00,18 SPCS,ISS (ZARYA),1998-067A,EARTH,TEME,UTC,SGP4,2025-05-16 08:53:36.199104+00:00,15.49556806,0.00025660,51.6360,104.6843,114.2967,18.3939,0,U,25544,999,51022,0.00015529000000,0.00008281,0.0000000000000,6796.159,92.930,419.768,416.280,PAYLOAD,LARGE,ISS,1998-11-20,TTMTR,,4730025,287683112,0 ISS (ZARYA),1 25544U 98067A   25136.37055786  .00008281  00000-0  15529-3 0  9992,2 25544  51.6360 104.6843 0002566 114.2967  18.3939 15.49556806510220
3.0,GENERATED VIA SPACE-TRACK.ORG API,2025-05-16 16:36:16+00:00,18 SPCS,ISS (ZARYA),1998-067A,EARTH,TEME,UTC,SGP4,2025-05-16 10:29:33.691200+00:00,15.49558014,0.00025680,51.6361,104.3544,114.4950,30.1730,0,U,25544,999,51023,0.00015546000000,0.00008291,0.0000000000000,6796.155,92.930,419.765,416.275,PAYLOAD,LARGE,ISS,1998-11-20,TTMTR,,4730074,287684265,0 ISS (ZARYA),1 25544U 98067A   25136.43719550  .00008291  00000-0  15546-3 0  9995,2 25544  51.6361 104.3544 0002568 114.4950  30.1730 15.49558014510237
3.0,GENERATED VIA SPACE-TRACK.ORG API,2025-05-16 17:36:18+00:00,18 SPCS,ISS (ZARYA),1998-067A,EARTH,TEME,UTC,SGP4,2025-05-16 09:52:16.492800+00:00,15.49555621,0.00022950,51.6351,104.4875,116.0232,244.0993,0,U,25544,999,51023,0.00014367000000,0.00007627,0.0000000000000,6796.162,92.930,419.587,416.467,PAYLOAD,LARGE,ISS,1998-11-20,TTMTR,,4730242,287688537,0 ISS (ZARYA),1 25544U 98067A   25136.41130200  .00007627  00000-0  14367-3 0  9994,2 25544  51.6351 104.4875 0002295 116.0232 244.0993 15.49555621510230
3.0,GENERATED VIA SPACE-TRACK.ORG API,2025-05-16 22:56:21+00:00,18 SPCS,ISS (ZARYA),1998-067A,EARTH,TEME,UTC,SGP4,2025-05-16 20:42:21.199968+00:00,15.49562124,0.00022890,51.6352,102.2524,117.8022,242.3199,0,U,25544,999,51030,0.00013996000000,0.00007420,0.0000000000000,6796.143,92.929,419.564,416.452,PAYLOAD,LARGE,ISS,1998-11-20,TTMTR,,4730544,287724390,0 ISS (ZARYA),1 25544U 98067A   25136.86274537  .00007420  00000-0  13996-3 0  9993,2 25544  51.6352 102.2524 0002289 117.8022 242.3199 15.49562124510300
3.0,GENERATED VIA SPACE-TRACK.ORG API,2025-05-17 07:16:30+00:00,18 SPCS,ISS (ZARYA),1998-067A,EARTH,TEME,UTC,SGP4,2025-05-17 04:26:41.605728+00:00,15.49569303,0.00022900,51.6353,100.6559,118.5372,241.5847,0,U,25544,999,51035,0.00017217000000,0.00009236,0.0000000000000,6796.122,92.929,419.543,416.431,PAYLOAD,LARGE,ISS,1998-11-20,TTMTR,,4730872,287763112,0 ISS (ZARYA),1 25544U 98067A   25137.18520377  .00009236  00000-0  17217-3 0  9992,2 25544  51.6353 100.6559 0002290 118.5372 241.5847 15.49569303510351
3.0,GENERATED VIA SPACE-TRACK.ORG API,2025-05-17 14:56:18+00:00,18 SPCS,ISS (ZARYA),1998-067A,EARTH,TEME,UTC,SGP4,2025-05-17 09:05:17.774880+00:00,15.49573655,0.00022890,51.6353,99.6980,118.7619,241.3599,0,U,25544,999,51038,0.00018315000000,0.00009856,0.0000000000000,6796.109,92.929,419.530,416.419,PAYLOAD,LARGE,ISS,1998-11-20,TTMTR,,4731121,287769979,0 ISS (ZARYA),1 25544U 98067A   25137.37867795  .00009856  00000-0  18315-3 0  9999,2 25544  51.6353  99.6980 0002289 118.7619 241.3599 15.49573655510380
3.0,GENERATED VIA SPACE-TRACK.ORG API,2025-05-17 22:56:18+00:00,18 SPCS,ISS (ZARYA),1998-067A,EARTH,TEME,UTC,SGP4,2025-05-17 21:28:14.035296+00:00,15.49583270,0.00022800,51.6353,97.1434,120.7001,239.4212,0,U,25544,999,51046,0.00018692000000,0.00010072,0.0000000000000,6796.081,92.928,419.496,416.397,PAYLOAD,LARGE,ISS,1998-11-20,TTMTR,,4731490,287807439,0 ISS (ZARYA),1 25544U 98067A   25137.89460689  .00010072  00000-0  18692-3 0  9997,2 25544  51.6353  97.1434 0002280 120.7001 239.4212 15.49583270510469
3.0,GENERATED VIA SPACE-TRACK.ORG API,2025-05-18 07:06:31+00:00,18 SPCS,ISS (ZARYA),1998-067A,EARTH,TEME,UTC,SGP4,2025-05-18 03:39:42.076512+00:00,15.49586893,0.00022300,51.6355,95.8664,121.5652,238.5554,0,U,25544,999,51050,0.00017829000000,0.00009587,0.0000000000000,6796.071,92.928,419.451,416.420,PAYLOAD,LARGE,ISS,1998-11-20,TTMTR,,4731786,287844819,0 ISS (ZARYA),1 25544U 98067A   25138.15257033  .00009587  00000-0  17829-3 0  9994,2 25544  51.6355  95.8664 0002230 121.5652 238.5554 15.49586893510505
3.0,GENERATED VIA SPACE-TRACK.ORG API,2025-05-18 15:06:25+00:00,18 SPCS,ISS (ZARYA),1998-067A,EARTH,TEME,UTC,SGP4,2025-05-18 08:18:18.054720+00:00,15.49590399,0.00022320,51.6355,94.9083,122.0923,238.0282,0,U,25544,999,51053,0.00017529000000,0.00009419,0.0000000000000,6796.060,92.928,419.442,416.409,PAYLOAD,LARGE,ISS,1998-11-20,TTMTR,,4732148,287854223,0 ISS (ZARYA),1 25544U 98067A   25138.34604230  .00009419  00000-0  17529-3 0  9991,2 25544  51.6355  94.9083 0002232 122.0923 238.0282 15.49590399510531
3.0,GENERATED VIA SPACE-TRACK.ORG API,2025-05-18 16:36:22+00:00,18 SPCS,ISS (ZARYA),1998-067A,EARTH,TEME,UTC,SGP4,2025-05-18 08:53:29.535936+00:00,15.49587957,0.00025580,51.6369,94.7823,120.7586,15.7840,0,U,25544,999,51053,0.00014567000000,0.00007749,0.0000000000000,6796.068,92.928,419.671,416.194,PAYLOAD,LARGE,ISS,1998-11-20,TTMTR,,4732237,287855469,0 ISS (ZARYA),1 25544U 98067A   25138.37048074  .00007749  00000-0  14567-3 0  9995,2 25544  51.6369  94.7823 0002558 120.7586  15.7840 15.49587957510533
3.0,GENERATED VIA SPACE-TRACK.ORG API,2025-05-18 23:06:19+00:00,18 SPCS,ISS (ZARYA),1998-067A,EARTH,TEME,UTC,SGP4,2025-05-18 20:41:13.776864+00:00,15.49599819,0.00022110,51.6355,92.3536,123.9616,236.1583,0,U,25544,999,51061,0.00016460000000,0.00008819,0.0000000000000,6796.033,92.927,419.400,416.395,PAYLOAD,LARGE,ISS,1998-11-20,TTMTR,,4732509,287891704,0 ISS (ZARYA),1 25544U 98067A   25138.86196501  .00008819  00000-0  16460-3 0  9991,2 25544  51.6355  92.3536 0002211 123.9616 236.1583 15.49599819510610
3.0,GENERATED VIA SPACE-TRACK.ORG API,2025-05-19 06:56:18+00:00,18 SPCS,ISS (ZARYA),1998-067A,EARTH,TEME,UTC,SGP4,2025-05-19 04:25:33.491424+00:00,15.49604105,0.00021930,51.6355,90.7571,124.9576,235.1619,0,U,25544,999,51066,0.00014879000000,0.00007929,0.0000000000000,6796.020,92.927,419.376,416.395,PAYLOAD,LARGE,ISS,1998-11-20,TTMTR,,4732790,287929202,0 ISS (ZARYA),1 25544U 98067A   25139.18441541  .00007929  00000-0  14879-3 0  9997,2 25544  51.6355  90.7571 0002193 124.9576 235.1619 15.49604105510665
3.0,GENERATED VIA SPACE-TRACK.ORG API,2025-05-19 14:46:35+00:00,18 SPCS,ISS (ZARYA),1998-067A,EARTH,TEME,UTC,SGP4,2025-05-19 09:04:09.272640+00:00,15.49606624,0.00021930,51.6355,89.7991,125.4953,234.6241,0,U,25544,999,51069,0.00013575000000,0.00007195,0.0000000000000,6796.013,92.927,419.368,416.388,PAYLOAD,LARGE,ISS,1998-11-20,TTMTR,,4733050,287935072,0 ISS (ZARYA),1 25544U 98067A   25139.37788510  .00007195  00000-0  13575-3 0  9995,2 25544  51.6355  89.7991 0002193 125.4953 234.6241 15.49606624510690
3.0,GENERATED VIA SPACE-TRACK.ORG API,2025-05-19 23:16:17+00:00,18 SPCS,ISS (ZARYA),1998-067A,EARTH,TEME,UTC,SGP4,2025-05-19 21:27:04.542912+00:00,15.49614502,0.00021820,51.6355,87.2443,127.4208,232.6980,0,U,25544,999,51077,0.00012865000000,0.00006796,0.0000000000000,6795.990,92.926,419.338,416.372,PAYLOAD,LARGE,ISS,1998-11-20,TTMTR,,4733521,287975914,0 ISS (ZARYA),1 25544U 98067A   25139.89380258  .00006796  00000-0  12865-3 0  9996,2 25544  51.6355  87.2443 0002182 127.4208 232.6980 15.49614502510779
3.0,GENERATED VIA SPACE-TRACK.ORG API,2025-05-20 05:36:24+00:00,18 SPCS,ISS (ZARYA),1998-067A,EARTH,TEME,UTC,SGP4,2025-05-20 05:03:03.085632+00:00,15.49623238,0.00025470,51.6372,85.6698,123.7739,203.9910,0,U,25544,999,51081,0.00015962000000,0.00008546,0.0000000000000,6795.964,92.926,419.560,416.098,PAYLOAD,LARGE,ISS,1998-11-20,TTMTR,,4733532,287976075,0 ISS (ZARYA),1 25544U 98067A   25140.21045238  .00008546  00000-0  15962-3 0  9996,2 25544  51.6372  85.6698 0002547 123.7739 203.9910 15.49623238510810
3.0,GENERATED VIA SPACE-TRACK.ORG API,2025-05-20 11:26:18+00:00,18 SPCS,ISS (ZARYA),1998-067A,EARTH,TEME,UTC,SGP4,2025-05-20 08:54:19.971072+00:00,15.49625973,0.00025740,51.6374,84.8752,126.1548,18.1995,0,U,25544,999,51084,0.00015947000000,0.00008538,0.0000000000000,6795.956,92.926,419.571,416.072,PAYLOAD,LARGE,ISS,1998-11-20,TTMTR,,4733872,287984356,0 ISS (ZARYA),1 25544U 98067A   25140.37106448  .00008538  00000-0  15947-3 0  9998,2 25544  51.6374  84.8752 0002574 126.1548  18.1995 15.49625973510849
3.0,GENERATED VIA SPACE-TRACK.ORG API,2025-05-20 13:36:29+00:00,18 SPCS,ISS (ZARYA),1998-067A,EARTH,TEME,UTC,SGP4,2025-05-20 08:54:19.971072+00:00,15.49625942,0.00025670,51.6374,84.8753,126.2244,18.1297,0,U,25544,999,51084,0.00015939000000,0.00008533,0.0000000000000,6795.956,92.926,419.566,416.077,PAYLOAD,LARGE,ISS,1998-11-20,TTMTR,,4733875,287984360,0 ISS (ZARYA),1 25544U 98067A   25140.37106448  .00008533  00000-0  15939-3 0  9994,2 25544  51.6374  84.8753 0002567 126.2244  18.1297 15.49625942510847
3.0,GENERATED VIA SPACE-TRACK.ORG API,2025-05-21 00:26:20+00:00,18 SPCS,ISS (ZARYA),1998-067A,EARTH,TEME,UTC,SGP4,2025-05-20 22:12:54.374112+00:00,15.49633061,0.00022270,51.6354,82.1346,131.2287,228.8894,0,U,25544,999,51093,0.00015743000000,0.00008425,0.0000000000000,6795.936,92.925,419.314,416.287,PAYLOAD,LARGE,ISS,1998-11-20,TTMTR,,4734446,288027806,0 ISS (ZARYA),1 25544U 98067A   25140.92562933  .00008425  00000-0  15743-3 0  9993,2 25544  51.6354  82.1346 0002227 131.2287 228.8894 15.49633061510934
3.0,GENERATED VIA SPACE-TRACK.ORG API,2025-05-21 05:26:19+00:00,18 SPCS,ISS (ZARYA),1998-067A,EARTH,TEME,UTC,SGP4,2025-05-21 05:02:50.699328+00:00,15.49639159,0.00025720,51.6381,80.7174,126.8244,22.4909,0,U,25544,999,51097,0.00015448000000,0.00008261,0.0000000000000,6795.918,92.925,419.531,416.035,PAYLOAD,LARGE,ISS,1998-11-20,TTMTR,,4734516,288058978,0 ISS (ZARYA),1 25544U 98067A   25141.21030902  .00008261  00000-0  15448-3 0  9992,2 25544  51.6381  80.7174 0002572 126.8244  22.4909 15.49639159510976
3.0,GENERATED VIA SPACE-TRACK.ORG API,2025-05-21 10:16:16+00:00,18 SPCS,ISS (ZARYA),1998-067A,EARTH,TEME,UTC,SGP4,2025-05-21 08:07:00.797952+00:00,15.49641181,0.00025440,51.6382,80.0845,127.0828,16.1893,0,U,25544,999,51099,0.00015360000000,0.00008211,0.0000000000000,6795.912,92.925,419.506,416.048,PAYLOAD,LARGE,ISS,1998-11-20,TTMTR,,4734846,288067116,0 ISS (ZARYA),1 25544U 98067A   25141.33820368  .00008211  00000-0  15360-3 0  9996,2 25544  51.6382  80.0845 0002544 127.0828  16.1893 15.49641181510997
3.0,GENERATED VIA SPACE-TRACK.ORG API,2025-05-21 17:16:54+00:00,18 SPCS,ISS (ZARYA),1998-067A,EARTH,TEME,UTC,SGP4,2025-05-21 07:30:05.297184+00:00,15.49640199,0.00022090,51.6356,80.2186,132.2472,227.8704,0,U,25544,999,51099,0.00016709000000,0.00008973,0.0000000000000,6795.915,92.925,419.281,416.279,PAYLOAD,LARGE,ISS,1998-11-20,TTMTR,,4735227,288082610,0 ISS (ZARYA),1 25544U 98067A   25141.31256131  .00008973  00000-0  16709-3 0  9998,2 25544  51.6356  80.2186 0002209 132.2472 227.8704 15.49640199510999
3.0,GENERATED VIA SPACE-TRACK.ORG API,2025-05-21 22:56:20+00:00,18 SPCS,ISS (ZARYA),1998-067A,EARTH,TEME,UTC,SGP4,2025-05-21 19:52:59.558304+00:00,15.49649749,0.00021780,51.6356,77.6637,134.0504,226.0664,0,U,25544,999,51107,0.00016172000000,0.00008673,0.0000000000000,6795.887,92.924,419.232,416.272,PAYLOAD,LARGE,ISS,1998-11-20,TTMTR,,4735514,288111919,0 ISS (ZARYA),1 25544U 98067A   25141.82846711  .00008673  00000-0  16172-3 0  9994,2 25544  51.6356  77.6637 0002178 134.0504 226.0664 15.49649749511077
3.0,GENERATED VIA SPACE-TRACK.ORG API,2025-05-22 05:36:23+00:00,18 SPCS,ISS (ZARYA),1998-067A,EARTH,TEME,UTC,SGP4,2025-05-22 04:13:49.199232+00:00,15.49654472,0.00024370,51.6387,75.9349,130.6256,11.0458,0,U,25544,999,51112,0.00014902000000,0.00007957,0.0000000000000,6795.873,92.924,419.394,416.082,PAYLOAD,LARGE,ISS,1998-11-20,TTMTR,,4735571,288112876,0 ISS (ZARYA),1 25544U 98067A   25142.17626388  .00007957  00000-0  14902-3 0  9992,2 25544  51.6387  75.9349 0002437 130.6256  11.0458 15.49654472511124
3.0,GENERATED VIA SPACE-TRACK.ORG API,2025-05-22 10:16:22+00:00,18 SPCS,ISS (ZARYA),1998-067A,EARTH,TEME,UTC,SGP4,2025-05-22 05:48:50.867424+00:00,15.49655797,0.00024530,51.6388,75.6081,130.9690,19.0975,0,U,25544,999,51113,0.00014965000000,0.00007993,0.0000000000000,6795.869,92.924,419.401,416.067,PAYLOAD,LARGE,ISS,1998-11-20,TTMTR,,4735903,288121058,0 ISS (ZARYA),1 25544U 98067A   25142.24225541  .00007993  00000-0  14965-3 0  9995,2 25544  51.6388  75.6081 0002453 130.9690  19.0975 15.49655797511132
3.0,GENERATED VIA SPACE-TRACK.ORG API,2025-05-22 14:56:49+00:00,18 SPCS,ISS (ZARYA),1998-067A,EARTH,TEME,UTC,SGP4,2025-05-22 06:43:01.801344+00:00,15.49660308,0.00021610,51.6357,75.4283,135.6229,224.4933,0,U,25544,999,51114,0.00018159000000,0.00009799,0.0000000000000,6795.856,92.924,419.190,416.252,PAYLOAD,LARGE,ISS,1998-11-20,TTMTR,,4736162,288126636,0 ISS (ZARYA),1 25544U 98067A   25142.27988196  .00009799  00000-0  18159-3 0  9995,2 25544  51.6357  75.4283 0002161 135.6229 224.4933 15.49660308511147
3.0,GENERATED VIA SPACE-TRACK.ORG API,2025-05-22 21:26:17+00:00,18 SPCS,ISS (ZARYA),1998-067A,EARTH,TEME,UTC,SGP4,2025-05-22 19:30:13.009248+00:00,15.49669442,0.00024950,51.6382,72.7830,132.9213,321.3721,0,U,25544,999,51122,0.00016405000000,0.00008811,0.0000000000000,6795.829,92.923,419.390,415.999,PAYLOAD,LARGE,ISS,1998-11-20,TTMTR,,4736234,288158526,0 ISS (ZARYA),1 25544U 98067A   25142.81265057  .00008811  00000-0  16405-3 0  9995,2 25544  51.6382  72.7830 0002495 132.9213 321.3721 15.49669442511225
3.0,GENERATED VIA SPACE-TRACK.ORG API,2025-05-22 22:56:18+00:00,18 SPCS,ISS (ZARYA),1998-067A,EARTH,TEME,UTC,SGP4,2025-05-22 20:38:47.163840+00:00,15.49671395,0.00021510,51.6359,72.5540,137.7508,222.3646,0,U,25544,999,51123,0.00016292000000,0.00008748,0.0000000000000,6795.824,92.923,419.150,416.227,PAYLOAD,LARGE,ISS,1998-11-20,TTMTR,,4736456,288163791,0 ISS (ZARYA),1 25544U 98067A   25142.86026810  .00008748  00000-0  16292-3 0  9995,2 25544  51.6359  72.5540 0002151 137.7508 222.3646 15.49671395511231
3.0,GENERATED VIA SPACE-TRACK.ORG API,2025-05-23 05:26:23+00:00,18 SPCS,ISS (ZARYA),1998-067A,EARTH,TEME,UTC,SGP4,2025-05-23 05:00:36.520992+00:00,15.49676890,0.00024880,51.6382,70.8210,135.0606,10.4960,0,U,25544,999,51128,0.00016445000000,0.00008836,0.0000000000000,6795.808,92.923,419.363,415.982,PAYLOAD,LARGE,ISS,1998-11-20,TTMTR,,4736561,288165073,0 ISS (ZARYA),1 25544U 98067A   25143.20875603  .00008836  00000-0  16445-3 0  9994,2 25544  51.6382  70.8210 0002488 135.0606  10.4960 15.49676890511280
3.0,GENERATED VIA SPACE-TRACK.ORG API,2025-05-23 12:16:16+00:00,18 SPCS,ISS (ZARYA),1998-067A,EARTH,TEME,UTC,SGP4,2025-05-23 08:06:26.528256+00:00,15.49679665,0.00025070,51.6384,70.1821,135.2816,10.7078,0,U,25544,999,51130,0.00016527000000,0.00008883,0.0000000000000,6795.799,92.922,419.368,415.961,PAYLOAD,LARGE,ISS,1998-11-20,TTMTR,,4736837,288171761,0 ISS (ZARYA),1 25544U 98067A   25143.33780704  .00008883  00000-0  16527-3 0  9998,2 25544  51.6384  70.1821 0002507 135.2816  10.7078 15.49679665511309
3.0,GENERATED VIA SPACE-TRACK.ORG API,2025-05-23 14:26:18+00:00,18 SPCS,ISS (ZARYA),1998-067A,EARTH,TEME,UTC,SGP4,2025-05-23 08:06:26.528256+00:00,15.49679665,0.00025070,51.6384,70.1821,135.2815,10.7079,0,U,25544,999,51130,0.00016527000000,0.00008883,0.0000000000000,6795.799,92.922,419.368,415.961,PAYLOAD,LARGE,ISS,1998-11-20,TTMTR,,4736917,288172365,0 ISS (ZARYA),1 25544U 98067A   25143.33780704  .00008883  00000-0  16527-3 0  9998,2 25544  51.6384  70.1821 0002507 135.2815  10.7079 15.49679665511309
3.0,GENERATED VIA SPACE-TRACK.ORG API,2025-05-23 22:16:18+00:00,18 SPCS,ISS (ZARYA),1998-067A,EARTH,TEME,UTC,SGP4,2025-05-23 20:21:24.326208+00:00,15.49690273,0.00021280,51.6371,67.6555,141.7190,333.5589,0,U,25544,999,51138,0.00016876000000,0.00009084,0.0000000000000,6795.768,92.922,419.080,416.187,PAYLOAD,LARGE,ISS,1998-11-20,TTMTR,,4737223,288210727,0 ISS (ZARYA),1 25544U 98067A   25143.84819822  .00009084  00000-0  16876-3 0  9999,2 25544  51.6371  67.6555 0002128 141.7190 333.5589 15.49690273511385
3.0,GENERATED VIA SPACE-TRACK.ORG API,2025-05-23 23:06:36+00:00,18 SPCS,ISS (ZARYA),1998-067A,EARTH,TEME,UTC,SGP4,2025-05-23 21:24:33.570144+00:00,15.49693127,0.00021470,51.6362,67.4443,142.5190,217.5949,0,U,25544,999,51139,0.00017526000000,0.00009453,0.0000000000000,6795.760,92.922,419.084,416.166,PAYLOAD,LARGE,ISS,1998-11-20,TTMTR,,4737462,288216990,0 ISS (ZARYA),1 25544U 98067A   25143.89205521  .00009453  00000-0  17526-3 0  9992,2 25544  51.6362  67.4443 0002147 142.5190 217.5949 15.49693127511392
3.0,GENERATED VIA SPACE-TRACK.ORG API,2025-05-24 01:16:29+00:00,18 SPCS,ISS (ZARYA),1998-067A,EARTH,TEME,UTC,SGP4,2025-05-23 23:17:49.754400+00:00,15.49721022,0.00021470,51.6362,67.0546,142.8405,296.3932,0,U,25544,999,51140,0.00326520000000,0.00188562,0.0000000000000,6795.679,92.920,419.003,416.084,PAYLOAD,LARGE,ISS,1998-11-20,TTMTR,,4737498,288217777,0 ISS (ZARYA),1 25544U 98067A   25143.97071475  .00188562  00000-0  32652-2 0  9995,2 25544  51.6362  67.0546 0002147 142.8405 296.3932 15.49721022511409
3.0,GENERATED VIA SPACE-TRACK.ORG API,2025-05-24 07:06:49+00:00,18 SPCS,ISS (ZARYA),1998-067A,EARTH,TEME,UTC,SGP4,2025-05-24 05:08:51.524736+00:00,15.49703446,0.00021410,51.6361,65.8478,142.2972,217.8167,0,U,25544,999,51144,0.00021445000000,0.00011675,0.0000000000000,6795.730,92.921,419.050,416.140,PAYLOAD,LARGE,ISS,1998-11-20,TTMTR,,4737761,288253762,0 ISS (ZARYA),1 25544U 98067A   25144.21448524  .00011675  00000-0  21445-3 0  9995,2 25544  51.6361  65.8478 0002141 142.2972 217.8167 15.49703446511447
3.0,GENERATED VIA SPACE-TRACK.ORG API,2025-05-24 14:56:18+00:00,18 SPCS,ISS (ZARYA),1998-067A,EARTH,TEME,UTC,SGP4,2025-05-24 11:20:17.820672+00:00,15.49707838,0.00021340,51.6361,64.5701,143.7222,216.3911,0,U,25544,999,51148,0.00019799000000,0.00010745,0.0000000000000,6795.717,92.921,419.032,416.132,PAYLOAD,LARGE,ISS,1998-11-20,TTMTR,,4738002,288261247,0 ISS (ZARYA),1 25544U 98067A   25144.47242848  .00010745  00000-0  19799-3 0  9990,2 25544  51.6361  64.5701 0002134 143.7222 216.3911 15.49707838511482
3.0,GENERATED VIA SPACE-TRACK.ORG API,2025-05-24 18:46:15+00:00,18 SPCS,ISS (ZARYA),1998-067A,EARTH,TEME,UTC,SGP4,2025-05-24 16:15:56.387808+00:00,15.49710938,0.00024060,51.6379,63.5474,138.3852,287.8895,0,U,25544,999,51151,0.00018358000000,0.00009930,0.0000000000000,6795.708,92.921,419.208,415.938,PAYLOAD,LARGE,ISS,1998-11-20,TTMTR,,4738094,288262242,0 ISS (ZARYA),1 25544U 98067A   25144.67773597  .00009930  00000-0  18358-3 0  9996,2 25544  51.6379  63.5474 0002406 138.3852 287.8895 15.49710938511511
3.0,GENERATED VIA SPACE-TRACK.ORG API,2025-05-24 23:06:17+00:00,18 SPCS,ISS (ZARYA),1998-067A,EARTH,TEME,UTC,SGP4,2025-05-24 20:37:27.097824+00:00,15.49717269,0.00021220,51.6360,62.6541,144.9421,215.1708,0,U,25544,999,51154,0.00020518000000,0.00011156,0.0000000000000,6795.689,92.920,418.997,416.112,PAYLOAD,LARGE,ISS,1998-11-20,TTMTR,,4738370,288298758,0 ISS (ZARYA),1 25544U 98067A   25144.85934141  .00011156  00000-0  20518-3 0  9994,2 25544  51.6360  62.6541 0002122 144.9421 215.1708 15.49717269511540
3.0,GENERATED VIA SPACE-TRACK.ORG API,2025-05-25 07:06:48+00:00,18 SPCS,ISS (ZARYA),1998-067A,EARTH,TEME,UTC,SGP4,2025-05-25 04:21:44.712864+00:00,15.49722006,0.00021060,51.6367,61.0572,146.1635,213.9488,0,U,25544,999,51159,0.00017689000000,0.00009555,0.0000000000000,6795.676,92.920,418.972,416.109,PAYLOAD,LARGE,ISS,1998-11-20,TTMTR,,4738675,288335975,0 ISS (ZARYA),1 25544U 98067A   25145.18176751  .00009555  00000-0  17689-3 0  9991,2 25544  51.6367  61.0572 0002106 146.1635 213.9488 15.49722006511598
3.0,GENERATED VIA SPACE-TRACK.ORG API,2025-05-25 14:56:34+00:00,18 SPCS,ISS (ZARYA),1998-067A,EARTH,TEME,UTC,SGP4,2025-05-25 06:31:36.796224+00:00,15.49724625,0.00024080,51.6378,60.6053,142.7188,0.8794,0,U,25544,999,51160,0.00018875000000,0.00010228,0.0000000000000,6795.668,92.920,419.169,415.897,PAYLOAD,LARGE,ISS,1998-11-20,TTMTR,,4738965,288343611,0 ISS (ZARYA),1 25544U 98067A   25145.27195366  .00010228  00000-0  18875-3 0  9991,2 25544  51.6378  60.6053 0002408 142.7188   0.8794 15.49724625511603
3.0,GENERATED VIA SPACE-TRACK.ORG API,2025-05-25 23:06:22+00:00,18 SPCS,ISS (ZARYA),1998-067A,EARTH,TEME,UTC,SGP4,2025-05-25 19:50:19.522176+00:00,15.49737512,0.00020820,51.6367,57.8636,149.0639,211.0473,0,U,25544,999,51169,0.00020097000000,0.00010926,0.0000000000000,6795.630,92.919,418.910,416.080,PAYLOAD,LARGE,ISS,1998-11-20,TTMTR,,4739330,288382116,0 ISS (ZARYA),1 25544U 98067A   25145.82661484  .00010926  00000-0  20097-3 0  9995,2 25544  51.6367  57.8636 0002082 149.0639 211.0473 15.49737512511693
3.0,GENERATED VIA SPACE-TRACK.ORG API,2025-05-26 13:56:19+00:00,18 SPCS,ISS (ZARYA),1998-067A,EARTH,TEME,UTC,SGP4,2025-05-26 13:06:57.824640+00:00,15.49752720,0.00022410,51.6382,54.2937,147.4648,271.6158,0,U,25544,999,51180,0.00019155000000,0.00010397,0.0000000000000,6795.586,92.918,418.974,415.928,PAYLOAD,LARGE,ISS,1998-11-20,TTMTR,,4739475,288415123,0 ISS (ZARYA),1 25544U 98067A   25146.54650260  .00010397  00000-0  19155-3 0  9990,2 25544  51.6382  54.2937 0002241 147.4648 271.6158 15.49752720511807
3.0,GENERATED VIA SPACE-TRACK.ORG API,2025-05-27 05:46:32+00:00,18 SPCS,ISS (ZARYA),1998-067A,EARTH,TEME,UTC,SGP4,2025-05-27 04:54:29.441952+00:00,15.49769564,0.00022060,51.6384,51.0343,149.5344,343.0812,0,U,25544,999,51190,0.00020003000000,0.00010885,0.0000000000000,6795.537,92.917,418.901,415.903,PAYLOAD,LARGE,ISS,1998-11-20,TTMTR,,4739564,288476718,0 ISS (ZARYA),1 25544U 98067A   25147.20450743  .00010885  00000-0  20003-3 0  9994,2 25544  51.6384  51.0343 0002206 149.5344 343.0812 15.49769564511908
3.0,GENERATED VIA SPACE-TRACK.ORG API,2025-05-27 16:56:30+00:00,18 SPCS,ISS (ZARYA),1998-067A,EARTH,TEME,UTC,SGP4,2025-05-27 15:31:26.182848+00:00,15.49791166,0.00024220,51.6401,48.8530,149.7068,292.3515,0,U,25544,999,51197,0.00037297000000,0.00020730,0.0000000000000,6795.473,92.916,418.984,415.693,PAYLOAD,LARGE,ISS,1998-11-20,TTMTR,,4739649,288478266,0 ISS (ZARYA),1 25544U 98067A   25147.64683082  .00020730  00000-0  37297-3 0  9999,2 25544  51.6401  48.8530 0002422 149.7068 292.3515 15.49791166511971
3.0,GENERATED VIA SPACE-TRACK.ORG API,2025-05-28 00:36:20+00:00,18 SPCS,ISS (ZARYA),1998-067A,EARTH,TEME,UTC,SGP4,2025-05-27 21:21:43.295616+00:00,15.49784619,0.00019980,51.6370,47.6442,157.3736,202.7341,0,U,25544,999,51201,0.00019474000000,0.00010590,0.0000000000000,6795.493,92.916,418.715,416.000,PAYLOAD,LARGE,ISS,1998-11-20,TTMTR,,4740394,288528014,0 ISS (ZARYA),1 25544U 98067A   25147.89008444  .00010590  00000-0  19474-3 0  9999,2 25544  51.6370  47.6442 0001998 157.3736 202.7341 15.49784619512012
3.0,GENERATED VIA SPACE-TRACK.ORG API,2025-05-28 07:06:37+00:00,18 SPCS,ISS (ZARYA),1998-067A,EARTH,TEME,UTC,SGP4,2025-05-28 03:33:08.373312+00:00,15.49793342,0.00019460,51.6371,46.3676,159.0849,201.0220,0,U,25544,999,51205,0.00023593000000,0.00012934,0.0000000000000,6795.467,92.916,418.654,416.010,PAYLOAD,LARGE,ISS,1998-11-20,TTMTR,,4740745,288565111,0 ISS (ZARYA),1 25544U 98067A   25148.14801358  .00012934  00000-0  23593-3 0  9994,2 25544  51.6371  46.3676 0001946 159.0849 201.0220 15.49793342512050
3.0,GENERATED VIA SPACE-TRACK.ORG API,2025-05-28 07:06:37+00:00,18 SPCS,ISS (ZARYA),1998-067A,EARTH,TEME,UTC,SGP4,2025-05-28 04:06:52.473888+00:00,15.49791589,0.00021890,51.6387,46.2443,151.9621,338.9406,0,U,25544,999,51205,0.00020102000000,0.00010950,0.0000000000000,6795.472,92.916,418.825,415.850,PAYLOAD,LARGE,ISS,1998-11-20,TTMTR,,4740746,288565161,0 ISS (ZARYA),1 25544U 98067A   25148.17144067  .00010950  00000-0  20102-3 0  9993,2 25544  51.6387  46.2443 0002189 151.9621 338.9406 15.49791589512054
3.0,GENERATED VIA SPACE-TRACK.ORG API,2025-05-28 14:56:21+00:00,18 SPCS,ISS (ZARYA),1998-067A,EARTH,TEME,UTC,SGP4,2025-05-28 09:44:33.336960+00:00,15.49800549,0.00019440,51.6372,45.0899,160.2922,199.8142,0,U,25544,999,51209,0.00024815000000,0.00013633,0.0000000000000,6795.446,92.915,418.632,415.990,PAYLOAD,LARGE,ISS,1998-11-20,TTMTR,,4740951,288570532,0 ISS (ZARYA),1 25544U 98067A   25148.40594140  .00013633  00000-0  24815-3 0  9996,2 25544  51.6372  45.0899 0001944 160.2922 199.8142 15.49800549512097
3.0,GENERATED VIA SPACE-TRACK.ORG API,2025-05-28 22:56:31+00:00,18 SPCS,ISS (ZARYA),1998-067A,EARTH,TEME,UTC,SGP4,2025-05-28 19:01:40.631232+00:00,15.49810081,0.00019540,51.6372,43.1739,161.3640,198.7420,0,U,25544,999,51215,0.00023839000000,0.00013082,0.0000000000000,6795.418,92.915,418.611,415.955,PAYLOAD,LARGE,ISS,1998-11-20,TTMTR,,4741245,288606620,0 ISS (ZARYA),1 25544U 98067A   25148.79283138  .00013082  00000-0  23839-3 0  9993,2 25544  51.6372  43.1739 0001954 161.3640 198.7420 15.49810081512155
3.0,GENERATED VIA SPACE-TRACK.ORG API,2025-05-29 05:36:16+00:00,18 SPCS,ISS (ZARYA),1998-067A,EARTH,TEME,UTC,SGP4,2025-05-29 04:46:03.314208+00:00,15.49816822,0.00021090,51.6390,41.1568,154.3270,311.4671,0,U,25544,999,51221,0.00020642000000,0.00011267,0.0000000000000,6795.398,92.914,418.697,415.830,PAYLOAD,LARGE,ISS,1998-11-20,TTMTR,,4741294,288637179,0 ISS (ZARYA),1 25544U 98067A   25149.19864947  .00011267  00000-0  20642-3 0  9993,2 25544  51.6390  41.1568 0002109 154.3270 311.4671 15.49816822512215
3.0,GENERATED VIA SPACE-TRACK.ORG API,2025-05-29 10:26:24+00:00,18 SPCS,ISS (ZARYA),1998-067A,EARTH,TEME,UTC,SGP4,2025-05-29 04:46:03.314208+00:00,15.49816822,0.00021090,51.6390,41.1568,154.3269,311.4671,0,U,25544,999,51221,0.00020642000000,0.00011267,0.0000000000000,6795.398,92.914,418.697,415.830,PAYLOAD,LARGE,ISS,1998-11-20,TTMTR,,4741686,288646866,0 ISS (ZARYA),1 25544U 98067A   25149.19864947  .00011267  00000-0  20642-3 0  9993,2 25544  51.6390  41.1568 0002109 154.3269 311.4671 15.49816822512213
3.0,GENERATED VIA SPACE-TRACK.ORG API,2025-05-30 05:26:17+00:00,18 SPCS,ISS (ZARYA),1998-067A,EARTH,TEME,UTC,SGP4,2025-05-30 03:57:15.830784+00:00,15.49851239,0.00021320,51.6393,36.3733,161.0569,298.6799,0,U,25544,999,51236,0.00025036000000,0.00013783,0.0000000000000,6795.298,92.912,418.612,415.714,PAYLOAD,LARGE,ISS,1998-11-20,TTMTR,,4742227,288719915,0 ISS (ZARYA),1 25544U 98067A   25150.16476656  .00013783  00000-0  25036-3 0  9995,2 25544  51.6393  36.3733 0002132 161.0569 298.6799 15.49851239512364
3.0,GENERATED VIA SPACE-TRACK.ORG API,2025-05-30 12:36:18+00:00,18 SPCS,ISS (ZARYA),1998-067A,EARTH,TEME,UTC,SGP4,2025-05-30 11:30:48.500064+00:00,15.49865741,0.00020300,51.6388,34.8123,163.3808,254.8486,0,U,25544,999,51241,0.00028192000000,0.00015590,0.0000000000000,6795.255,92.911,418.500,415.741,PAYLOAD,LARGE,ISS,1998-11-20,TTMTR,,4742631,288729821,0 ISS (ZARYA),1 25544U 98067A   25150.47972801  .00015590  00000-0  28192-3 0  9996,2 25544  51.6388  34.8123 0002030 163.3808 254.8486 15.49865741512418
3.0,GENERATED VIA SPACE-TRACK.ORG API,2025-05-30 13:56:26+00:00,18 SPCS,ISS (ZARYA),1998-067A,EARTH,TEME,UTC,SGP4,2025-05-30 13:06:17.426592+00:00,15.49859072,0.00021970,51.6399,34.4830,166.0379,262.3840,0,U,25544,999,51242,0.00023439000000,0.00012878,0.0000000000000,6795.275,92.912,418.633,415.647,PAYLOAD,LARGE,ISS,1998-11-20,TTMTR,,4742633,288729824,0 ISS (ZARYA),1 25544U 98067A   25150.54603503  .00012878  00000-0  23439-3 0  9999,2 25544  51.6399  34.4830 0002197 166.0379 262.3840 15.49859072512427
3.0,GENERATED VIA SPACE-TRACK.ORG API,2025-05-30 22:56:29+00:00,18 SPCS,ISS (ZARYA),1998-067A,EARTH,TEME,UTC,SGP4,2025-05-30 20:32:54.925728+00:00,15.49873260,0.00019040,51.6367,32.9530,169.4288,190.6741,0,U,25544,999,51247,0.00022679000000,0.00012451,0.0000000000000,6795.233,92.911,418.392,415.805,PAYLOAD,LARGE,ISS,1998-11-20,TTMTR,,4743274,288774312,0 ISS (ZARYA),1 25544U 98067A   25150.85619127  .00012451  00000-0  22679-3 0  9994,2 25544  51.6367  32.9530 0001904 169.4288 190.6741 15.49873260512476
3.0,GENERATED VIA SPACE-TRACK.ORG API,2025-05-31 06:56:18+00:00,18 SPCS,ISS (ZARYA),1998-067A,EARTH,TEME,UTC,SGP4,2025-05-31 02:44:18.742848+00:00,15.49878952,0.00018860,51.6367,31.6753,170.5276,189.5748,0,U,25544,999,51251,0.00020806000000,0.00011386,0.0000000000000,6795.217,92.910,418.363,415.800,PAYLOAD,LARGE,ISS,1998-11-20,TTMTR,,4743554,288810451,0 ISS (ZARYA),1 25544U 98067A   25151.11410582  .00011386  00000-0  20806-3 0  9994,2 25544  51.6367  31.6753 0001886 170.5276 189.5748 15.49878952512510
3.0,GENERATED VIA SPACE-TRACK.ORG API,2025-05-31 13:56:18+00:00,18 SPCS,ISS (ZARYA),1998-067A,EARTH,TEME,UTC,SGP4,2025-05-31 12:18:41.692320+00:00,15.49894567,0.00018220,51.6396,29.6934,169.4666,257.6826,0,U,25544,999,51257,0.00026353000000,0.00014556,0.0000000000000,6795.171,92.910,418.274,415.798,PAYLOAD,LARGE,ISS,1998-11-20,TTMTR,,4743632,288812194,0 ISS (ZARYA),1 25544U 98067A   25151.51298255  .00014556  00000-0  26353-3 0  9994,2 25544  51.6396  29.6934 0001822 169.4666 257.6826 15.49894567512570
3.0,GENERATED VIA SPACE-TRACK.ORG API,2025-05-31 17:22:36+00:00,18 SPCS,ISS (ZARYA),1998-067A,EARTH,TEME,UTC,SGP4,2025-05-31 12:01:24.299616+00:00,15.49887681,0.00018840,51.6366,29.7588,172.0301,188.0718,0,U,25544,999,51257,0.00019530000000,0.00010662,0.0000000000000,6795.191,92.910,418.337,415.776,PAYLOAD,LARGE,ISS,1998-11-20,TTMTR,,4743962,288826789,0 ISS (ZARYA),1 25544U 98067A   25151.50097569  .00010662  00000-0  19530-3 0  9991,2 25544  51.6366  29.7588 0001884 172.0301 188.0718 15.49887681512573
3.0,GENERATED VIA SPACE-TRACK.ORG API,2025-05-31 22:56:21+00:00,18 SPCS,ISS (ZARYA),1998-067A,EARTH,TEME,UTC,SGP4,2025-05-31 21:18:29.657664+00:00,15.49897373,0.00018670,51.6366,27.8423,174.0070,186.0942,0,U,25544,999,51263,0.00019918000000,0.00010887,0.0000000000000,6795.163,92.909,418.297,415.759,PAYLOAD,LARGE,ISS,1998-11-20,TTMTR,,4744180,288856055,0 ISS (ZARYA),1 25544U 98067A   25151.88784326  .00010887  00000-0  19918-3 0  9995,2 25544  51.6366  27.8423 0001867 174.0070 186.0942 15.49897373512639
3.0,GENERATED VIA SPACE-TRACK.ORG API,2025-06-01 07:06:51+00:00,18 SPCS,ISS (ZARYA),1998-067A,EARTH,TEME,UTC,SGP4,2025-06-01 01:57:02.274912+00:00,15.49902677,0.00018400,51.6366,26.8839,175.8771,184.2233,0,U,25544,999,51266,0.00021544000000,0.00011817,0.0000000000000,6795.148,92.909,418.263,415.762,PAYLOAD,LARGE,ISS,1998-11-20,TTMTR,,4744522,288894323,0 ISS (ZARYA),1 25544U 98067A   25152.08127633  .00011817  00000-0  21544-3 0  9992,2 25544  51.6366  26.8839 0001840 175.8771 184.2233 15.49902677512667
3.0,GENERATED VIA SPACE-TRACK.ORG API,2025-06-01 15:06:27+00:00,18 SPCS,ISS (ZARYA),1998-067A,EARTH,TEME,UTC,SGP4,2025-06-01 12:46:58.083744+00:00,15.49931466,0.00018520,51.6369,24.6475,178.7838,181.3155,0,U,25544,999,51273,0.00047919000000,0.00026919,0.0000000000000,6795.063,92.907,418.187,415.670,PAYLOAD,LARGE,ISS,1998-11-20,TTMTR,,4744933,288903816,0 ISS (ZARYA),1 25544U 98067A   25152.53261671  .00026919  00000-0  47919-3 0  9996,2 25544  51.6369  24.6475 0001852 178.7838 181.3155 15.49931466512738
3.0,GENERATED VIA SPACE-TRACK.ORG API,2025-06-01 15:26:33+00:00,18 SPCS,ISS (ZARYA),1998-067A,EARTH,TEME,UTC,SGP4,2025-06-01 14:30:24.974208+00:00,15.49922847,0.00017630,51.6383,24.2863,176.4440,224.7735,0,U,25544,999,51274,0.00025334000000,0.00013989,0.0000000000000,6795.089,92.908,418.152,415.756,PAYLOAD,LARGE,ISS,1998-11-20,TTMTR,,4744980,288905024,0 ISS (ZARYA),1 25544U 98067A   25152.60445572  .00013989  00000-0  25334-3 0  9998,2 25544  51.6383  24.2863 0001763 176.4440 224.7735 15.49922847512746
3.0,GENERATED VIA SPACE-TRACK.ORG API,2025-06-01 23:16:37+00:00,18 SPCS,ISS (ZARYA),1998-067A,EARTH,TEME,UTC,SGP4,2025-06-01 20:31:12.038016+00:00,15.49928440,0.00018350,51.6369,23.0509,179.7810,180.3180,0,U,25544,999,51278,0.00028262000000,0.00015665,0.0000000000000,6795.072,92.908,418.184,415.690,PAYLOAD,LARGE,ISS,1998-11-20,TTMTR,,4745338,288944156,0 ISS (ZARYA),1 25544U 98067A   25152.85500044  .00015665  00000-0  28262-3 0  9997,2 25544  51.6369  23.0509 0001835 179.7810 180.3180 15.49928440512781
3.0,GENERATED VIA SPACE-TRACK.ORG API,2025-06-02 07:16:20+00:00,18 SPCS,ISS (ZARYA),1998-067A,EARTH,TEME,UTC,SGP4,2025-06-02 01:09:44.302752+00:00,15.49934407,0.00018180,51.6368,22.0925,180.6477,179.4510,0,U,25544,999,51281,0.00027928000000,0.00015478,0.0000000000000,6795.055,92.907,418.155,415.684,PAYLOAD,LARGE,ISS,1998-11-20,TTMTR,,4745740,288984033,0 ISS (ZARYA),1 25544U 98067A   25153.04842943  .00015478  00000-0  27928-3 0  9996,2 25544  51.6368  22.0925 0001818 180.6477 179.4510 15.49934407512812
3.0,GENERATED VIA SPACE-TRACK.ORG API,2025-06-02 14:56:29+00:00,18 SPCS,ISS (ZARYA),1998-067A,EARTH,TEME,UTC,SGP4,2025-06-02 11:59:39.276960+00:00,15.49951630,0.00018280,51.6371,19.8563,183.4750,176.6227,0,U,25544,999,51288,0.00030194000000,0.00016784,0.0000000000000,6795.004,92.906,418.112,415.627,PAYLOAD,LARGE,ISS,1998-11-20,TTMTR,,4746056,288992347,0 ISS (ZARYA),1 25544U 98067A   25153.49976015  .00016784  00000-0  30194-3 0  9993,2 25544  51.6371  19.8563 0001828 183.4750 176.6227 15.49951630512882
3.0,GENERATED VIA SPACE-TRACK.ORG API,2025-06-02 17:36:18+00:00,18 SPCS,ISS (ZARYA),1998-067A,EARTH,TEME,UTC,SGP4,2025-06-02 16:56:49.716672+00:00,15.49951104,0.00018110,51.6376,18.8292,178.5445,253.8235,0,U,25544,999,51291,0.00024247000000,0.00013382,0.0000000000000,6795.006,92.906,418.102,415.640,PAYLOAD,LARGE,ISS,1998-11-20,TTMTR,,4746147,288993275,0 ISS (ZARYA),1 25544U 98067A   25153.70613098  .00013382  00000-0  24247-3 0  9999,2 25544  51.6376  18.8292 0001811 178.5445 253.8235 15.49951104512910
3.0,GENERATED VIA SPACE-TRACK.ORG API,2025-06-02 23:06:18+00:00,18 SPCS,ISS (ZARYA),1998-067A,EARTH,TEME,UTC,SGP4,2025-06-02 21:16:43.300128+00:00,15.49962182,0.00017560,51.6369,17.9401,184.0795,176.0179,0,U,25544,999,51294,0.00026661000000,0.00014768,0.0000000000000,6794.974,92.905,418.032,415.645,PAYLOAD,LARGE,ISS,1998-11-20,TTMTR,,4746453,288999683,0 ISS (ZARYA),1 25544U 98067A   25153.88661227  .00014768  00000-0  26661-3 0  9996,2 25544  51.6369  17.9401 0001756 184.0795 176.0179 15.49962182512946
3.0,GENERATED VIA SPACE-TRACK.ORG API,2025-06-03 07:26:40+00:00,18 SPCS,ISS (ZARYA),1998-067A,EARTH,TEME,UTC,SGP4,2025-06-03 01:55:15.233952+00:00,15.49968371,0.00017450,51.6368,16.9818,185.0633,175.0339,0,U,25544,999,51297,0.00027564000000,0.00015288,0.0000000000000,6794.956,92.905,418.006,415.635,PAYLOAD,LARGE,ISS,1998-11-20,TTMTR,,4746816,289008929,0 ISS (ZARYA),1 25544U 98067A   25154.08003743  .00015288  00000-0  27564-3 0  9993,2 25544  51.6368  16.9818 0001745 185.0633 175.0339 15.49968371512972
3.0,GENERATED VIA SPACE-TRACK.ORG API,2025-06-03 08:56:16+00:00,18 SPCS,ISS (ZARYA),1998-067A,EARTH,TEME,UTC,SGP4,2025-06-03 07:12:06.060960+00:00,15.49969804,0.00020110,51.6379,15.8862,180.3674,328.2970,0,U,25544,999,51300,0.00024935000000,0.00013785,0.0000000000000,6794.951,92.905,418.183,415.450,PAYLOAD,LARGE,ISS,1998-11-20,TTMTR,,4746878,289009971,0 ISS (ZARYA),1 25544U 98067A   25154.30007015  .00013785  00000-0  24935-3 0  9993,2 25544  51.6379  15.8862 0002011 180.3674 328.2970 15.49969804513001
3.0,GENERATED VIA SPACE-TRACK.ORG API,2025-06-03 12:26:17+00:00,18 SPCS,ISS (ZARYA),1998-067A,EARTH,TEME,UTC,SGP4,2025-06-03 11:30:04.634784+00:00,15.49979623,0.00019160,51.6376,14.9986,179.3188,249.6581,0,U,25544,999,51303,0.00027017000000,0.00014981,0.0000000000000,6794.923,92.904,418.090,415.486,PAYLOAD,LARGE,ISS,1998-11-20,TTMTR,,4746884,289009977,0 ISS (ZARYA),1 25544U 98067A   25154.47922031  .00014981  00000-0  27017-3 0  9998,2 25544  51.6376  14.9986 0001916 179.3188 249.6581 15.49979623513033
3.0,GENERATED VIA SPACE-TRACK.ORG API,2025-06-03 15:06:33+00:00,18 SPCS,ISS (ZARYA),1998-067A,EARTH,TEME,UTC,SGP4,2025-06-03 12:45:09.429696+00:00,15.49984677,0.00017460,51.6369,14.7455,186.8140,173.2825,0,U,25544,999,51304,0.00031807000000,0.00017728,0.0000000000000,6794.908,92.904,417.959,415.586,PAYLOAD,LARGE,ISS,1998-11-20,TTMTR,,4747179,289017617,0 ISS (ZARYA),1 25544U 98067A   25154.53135914  .00017728  00000-0  31807-3 0  9995,2 25544  51.6369  14.7455 0001746 186.8140 173.2825 15.49984677513045
3.0,GENERATED VIA SPACE-TRACK.ORG API,2025-06-03 20:24:54+00:00,18 SPCS,ISS (ZARYA),1998-067A,EARTH,TEME,UTC,SGP4,2025-06-03 14:42:00.069984+00:00,15.49987607,0.00018460,51.6377,14.3421,185.3688,267.8011,0,U,25544,999,51305,0.00030274000000,0.00016851,0.0000000000000,6794.899,92.904,418.019,415.510,PAYLOAD,LARGE,ISS,1998-11-20,TTMTR,,4747294,289025807,0 ISS (ZARYA),1 25544U 98067A   25154.61250081  .00016851  00000-0  30274-3 0  9990,2 25544  51.6377  14.3421 0001846 185.3688 267.8011 15.49987607513059
3.0,GENERATED VIA SPACE-TRACK.ORG API,2025-06-03 20:26:34+00:00,18 SPCS,ISS (ZARYA),1998-067A,EARTH,TEME,UTC,SGP4,2025-06-03 19:23:07.141920+00:00,15.49984183,0.00019120,51.6383,13.3726,187.0423,276.1596,0,U,25544,999,51308,0.00021076000000,0.00011584,0.0000000000000,6794.909,92.904,418.073,415.475,PAYLOAD,LARGE,ISS,1998-11-20,TTMTR,,4747295,289033789,0 ISS (ZARYA),1 25544U 98067A   25154.80772155  .00011584  00000-0  21076-3 0  9990,2 25544  51.6383  13.3726 0001912 187.0423 276.1596 15.49984183513083
3.0,GENERATED VIA SPACE-TRACK.ORG API,2025-06-03 23:06:24+00:00,18 SPCS,ISS (ZARYA),1998-067A,EARTH,TEME,UTC,SGP4,2025-06-03 20:29:22.272000+00:00,15.49988984,0.00017250,51.6371,13.1486,186.6562,173.4404,0,U,25544,999,51309,0.00024009000000,0.00013264,0.0000000000000,6794.895,92.904,417.932,415.588,PAYLOAD,LARGE,ISS,1998-11-20,TTMTR,,4747583,289056434,0 ISS (ZARYA),1 25544U 98067A   25154.85373000  .00013264  00000-0  24009-3 0  9997,2 25544  51.6371  13.1486 0001725 186.6562 173.4404 15.49988984513093
3.0,GENERATED VIA SPACE-TRACK.ORG API,2025-06-04 05:36:21+00:00,18 SPCS,ISS (ZARYA),1998-067A,EARTH,TEME,UTC,SGP4,2025-06-04 03:18:23.944032+00:00,15.49999521,0.00019380,51.6376,11.7370,182.3055,323.8206,0,U,25544,999,51313,0.00026896000000,0.00014923,0.0000000000000,6794.864,92.903,418.046,415.413,PAYLOAD,LARGE,ISS,1998-11-20,TTMTR,,4747641,289057375,0 ISS (ZARYA),1 25544U 98067A   25155.13777713  .00014923  00000-0  26896-3 0  9997,2 25544  51.6376  11.7370 0001938 182.3055 323.8206 15.49999521513135
3.0,GENERATED VIA SPACE-TRACK.ORG API,2025-06-04 11:26:31+00:00,18 SPCS,ISS (ZARYA),1998-067A,EARTH,TEME,UTC,SGP4,2025-06-04 03:18:23.944032+00:00,15.50001302,0.00018970,51.6375,11.7378,183.5792,322.5485,0,U,25544,999,51313,0.00027871000000,0.00015482,0.0000000000000,6794.859,92.903,418.013,415.435,PAYLOAD,LARGE,ISS,1998-11-20,TTMTR,,4748028,289066977,0 ISS (ZARYA),1 25544U 98067A   25155.13777713  .00015482  00000-0  27871-3 0  9992,2 25544  51.6375  11.7378 0001897 183.5792 322.5485 15.50001302513135
3.0,GENERATED VIA SPACE-TRACK.ORG API,2025-06-04 15:16:26+00:00,18 SPCS,ISS (ZARYA),1998-067A,EARTH,TEME,UTC,SGP4,2025-06-04 13:30:38.143008+00:00,15.49999487,0.00017620,51.6369,9.6345,190.4046,169.6907,0,U,25544,999,51320,0.00015971000000,0.00008670,0.0000000000000,6794.865,92.903,417.927,415.532,PAYLOAD,LARGE,ISS,1998-11-20,TTMTR,,4748320,289074624,0 ISS (ZARYA),1 25544U 98067A   25155.56294147  .00008670  00000-0  15971-3 0  9993,2 25544  51.6369   9.6345 0001762 190.4046 169.6907 15.49999487513203
3.0,GENERATED VIA SPACE-TRACK.ORG API,2025-06-04 18:26:19+00:00,18 SPCS,ISS (ZARYA),1998-067A,EARTH,TEME,UTC,SGP4,2025-06-04 17:06:07.482240+00:00,15.50012663,0.00022010,51.6379,8.8895,182.7400,292.9435,0,U,25544,999,51322,0.00025503000000,0.00014132,0.0000000000000,6794.826,92.902,418.187,415.196,PAYLOAD,LARGE,ISS,1998-11-20,TTMTR,,4748409,289136527,0 ISS (ZARYA),1 25544U 98067A   25155.71258660  .00014132  00000-0  25503-3 0  9992,2 25544  51.6379   8.8895 0002201 182.7400 292.9435 15.50012663513224
3.0,GENERATED VIA SPACE-TRACK.ORG API,2025-06-04 21:46:19+00:00,18 SPCS,ISS (ZARYA),1998-067A,EARTH,TEME,UTC,SGP4,2025-06-04 19:42:00.112032+00:00,15.50006623,0.00017530,51.6371,8.3569,191.8173,168.2775,0,U,25544,999,51324,0.00018362000000,0.00010040,0.0000000000000,6794.844,92.903,417.900,415.518,PAYLOAD,LARGE,ISS,1998-11-20,TTMTR,,4748414,289136571,0 ISS (ZARYA),1 25544U 98067A   25155.82083463  .00010040  00000-0  18362-3 0  9990,2 25544  51.6371   8.3569 0001753 191.8173 168.2775 15.50006623513241
3.0,GENERATED VIA SPACE-TRACK.ORG API,2025-06-04 21:56:50+00:00,18 SPCS,ISS (ZARYA),1998-067A,EARTH,TEME,UTC,SGP4,2025-06-04 20:10:36.299424+00:00,15.50007040,0.00017540,51.6371,8.2584,191.9244,279.0812,0,U,25544,999,51324,0.00018362000000,0.00010040,0.0000000000000,6794.842,92.903,417.899,415.516,PAYLOAD,LARGE,ISS,1998-11-20,TTMTR,,4748417,289136574,0 ISS (ZARYA),1 25544U 98067A   25155.84069791  .00010040  00000-0  18362-3 0  9990,2 25544  51.6371   8.2584 0001754 191.9244 279.0812 15.50007040513245
3.0,GENERATED VIA SPACE-TRACK.ORG API,2025-06-05 07:06:51+00:00,18 SPCS,ISS (ZARYA),1998-067A,EARTH,TEME,UTC,SGP4,2025-06-05 01:53:22.050816+00:00,15.50010118,0.00017370,51.6371,7.0793,193.6171,166.4771,0,U,25544,999,51328,0.00016461000000,0.00008953,0.0000000000000,6794.833,92.903,417.879,415.518,PAYLOAD,LARGE,ISS,1998-11-20,TTMTR,,4748958,289179728,0 ISS (ZARYA),1 25544U 98067A   25156.07872744  .00008953  00000-0  16461-3 0  9994,2 25544  51.6371   7.0793 0001737 193.6171 166.4771 15.50010118513280
3.0,GENERATED VIA SPACE-TRACK.ORG API,2025-06-05 11:46:17+00:00,18 SPCS,ISS (ZARYA),1998-067A,EARTH,TEME,UTC,SGP4,2025-06-05 09:53:32.903232+00:00,15.50021068,0.00019100,51.6392,5.4243,184.4067,237.6437,0,U,25544,999,51333,0.00019949000000,0.00010954,0.0000000000000,6794.801,92.902,417.964,415.369,PAYLOAD,LARGE,ISS,1998-11-20,TTMTR,,4749039,289181364,0 ISS (ZARYA),1 25544U 98067A   25156.41218638  .00010954  00000-0  19949-3 0  9996,2 25544  51.6392   5.4243 0001910 184.4067 237.6437 15.50021068513332
3.0,GENERATED VIA SPACE-TRACK.ORG API,2025-06-05 18:09:31+00:00,18 SPCS,ISS (ZARYA),1998-067A,EARTH,TEME,UTC,SGP4,2025-06-05 13:06:24.348960+00:00,15.50031860,0.00020070,51.6382,4.7586,188.4542,261.4429,0,U,25544,999,51335,0.00023997000000,0.00013278,0.0000000000000,6794.770,92.901,417.999,415.271,PAYLOAD,LARGE,ISS,1998-11-20,TTMTR,,4749058,289188482,0 ISS (ZARYA),1 25544U 98067A   25156.54611515  .00013278  00000-0  23997-3 0  9991,2 25544  51.6382   4.7586 0002007 188.4542 261.4429 15.50031860513352
3.0,GENERATED VIA SPACE-TRACK.ORG API,2025-06-05 18:26:29+00:00,18 SPCS,ISS (ZARYA),1998-067A,EARTH,TEME,UTC,SGP4,2025-06-05 16:16:59.262816+00:00,15.50025662,0.00019530,51.6396,4.1055,181.8572,287.0217,0,U,25544,999,51337,0.00019232000000,0.00010545,0.0000000000000,6794.788,92.902,417.980,415.326,PAYLOAD,LARGE,ISS,1998-11-20,TTMTR,,4749059,289211632,0 ISS (ZARYA),1 25544U 98067A   25156.67846369  .00010545  00000-0  19232-3 0  9993,2 25544  51.6396   4.1055 0001953 181.8572 287.0217 15.50025662513375
3.0,GENERATED VIA SPACE-TRACK.ORG API,2025-06-05 22:26:18+00:00,18 SPCS,ISS (ZARYA),1998-067A,EARTH,TEME,UTC,SGP4,2025-06-05 20:27:27.454176+00:00,15.50024388,0.00017200,51.6371,3.2462,198.1831,161.9097,0,U,25544,999,51340,0.00016944000000,0.00009235,0.0000000000000,6794.792,92.902,417.825,415.488,PAYLOAD,LARGE,ISS,1998-11-20,TTMTR,,4749545,289223657,0 ISS (ZARYA),1 25544U 98067A   25156.85240109  .00009235  00000-0  16944-3 0  9994,2 25544  51.6371   3.2462 0001720 198.1831 161.9097 15.50024388513405
3.0,GENERATED VIA SPACE-TRACK.ORG API,2025-06-06 06:36:20+00:00,18 SPCS,ISS (ZARYA),1998-067A,EARTH,TEME,UTC,SGP4,2025-06-06 01:05:58.733952+00:00,15.50025823,0.00016950,51.6368,2.2877,198.1463,161.9466,0,U,25544,999,51343,0.00014563000000,0.00007872,0.0000000000000,6794.788,92.902,417.804,415.501,PAYLOAD,LARGE,ISS,1998-11-20,TTMTR,,4749782,289259197,0 ISS (ZARYA),1 25544U 98067A   25157.04581868  .00007872  00000-0  14563-3 0  9996,2 25544  51.6368   2.2877 0001695 198.1463 161.9466 15.50025823513430
3.0,GENERATED VIA SPACE-TRACK.ORG API,2025-06-06 12:46:18+00:00,18 SPCS,ISS (ZARYA),1998-067A,EARTH,TEME,UTC,SGP4,2025-06-06 10:23:01.144032+00:00,15.50032533,0.00016850,51.6369,0.3711,200.3764,159.7158,0,U,25544,999,51349,0.00014379000000,0.00007769,0.0000000000000,6794.768,92.901,417.778,415.488,PAYLOAD,LARGE,ISS,1998-11-20,TTMTR,,4749983,289263931,0 ISS (ZARYA),1 25544U 98067A   25157.43265213  .00007769  00000-0  14379-3 0  9992,2 25544  51.6369   0.3711 0001685 200.3764 159.7158 15.50032533513491
3.0,GENERATED VIA SPACE-TRACK.ORG API,2025-06-06 14:06:42+00:00,18 SPCS,ISS (ZARYA),1998-067A,EARTH,TEME,UTC,SGP4,2025-06-06 13:45:53.379072+00:00,15.50039426,0.00018920,51.6393,359.6689,186.5475,240.2202,0,U,25544,999,51351,0.00016869000000,0.00009197,0.0000000000000,6794.748,92.901,417.898,415.327,PAYLOAD,LARGE,ISS,1998-11-20,TTMTR,,4750031,289265191,0 ISS (ZARYA),1 25544U 98067A   25157.57353448  .00009197  00000-0  16869-3 0  9998,2 25544  51.6393 359.6689 0001892 186.5475 240.2202 15.50039426513513
3.0,GENERATED VIA SPACE-TRACK.ORG API,2025-06-06 19:16:38+00:00,18 SPCS,ISS (ZARYA),1998-067A,EARTH,TEME,UTC,SGP4,2025-06-06 18:33:53.520768+00:00,15.50043661,0.00017400,51.6397,358.6788,189.1062,274.4316,0,U,25544,999,51354,0.00017477000000,0.00009546,0.0000000000000,6794.735,92.901,417.783,415.418,PAYLOAD,LARGE,ISS,1998-11-20,TTMTR,,4750172,289298375,0 ISS (ZARYA),1 25544U 98067A   25157.77353612  .00009546  00000-0  17477-3 0  9997,2 25544  51.6397 358.6788 0001740 189.1062 274.4316 15.50043661513543
3.0,GENERATED VIA SPACE-TRACK.ORG API,2025-06-06 23:16:18+00:00,18 SPCS,ISS (ZARYA),1998-067A,EARTH,TEME,UTC,SGP4,2025-06-06 19:40:03.345024+00:00,15.50040415,0.00017300,51.6369,358.4544,203.1482,156.9429,0,U,25544,999,51355,0.00014966000000,0.00008107,0.0000000000000,6794.745,92.901,417.785,415.434,PAYLOAD,LARGE,ISS,1998-11-20,TTMTR,,4750500,289305894,0 ISS (ZARYA),1 25544U 98067A   25157.81948316  .00008107  00000-0  14966-3 0  9995,2 25544  51.6369 358.4544 0001730 203.1482 156.9429 15.50040415513556
3.0,GENERATED VIA SPACE-TRACK.ORG API,2025-06-07 07:06:39+00:00,18 SPCS,ISS (ZARYA),1998-067A,EARTH,TEME,UTC,SGP4,2025-06-06 22:45:44.094528+00:00,15.50042058,0.00016410,51.6366,357.8157,203.6246,156.4667,0,U,25544,999,51357,0.00014396000000,0.00007781,0.0000000000000,6794.740,92.901,417.720,415.490,PAYLOAD,LARGE,ISS,1998-11-20,TTMTR,,4750786,289343089,0 ISS (ZARYA),1 25544U 98067A   25157.94842702  .00007781  00000-0  14396-3 0  9995,2 25544  51.6366 357.8157 0001641 203.6246 156.4667 15.50042058513576
3.0,GENERATED VIA SPACE-TRACK.ORG API,2025-06-07 14:56:18+00:00,18 SPCS,ISS (ZARYA),1998-067A,EARTH,TEME,UTC,SGP4,2025-06-07 12:41:17.125152+00:00,15.50052846,0.00015920,51.6365,354.9409,207.0808,153.0098,0,U,25544,999,51366,0.00014657000000,0.00007934,0.0000000000000,6794.709,92.900,417.655,415.492,PAYLOAD,LARGE,ISS,1998-11-20,TTMTR,,4751055,289349686,0 ISS (ZARYA),1 25544U 98067A   25158.52867043  .00007934  00000-0  14657-3 0  9995,2 25544  51.6365 354.9409 0001592 207.0808 153.0098 15.50052846513667
3.0,GENERATED VIA SPACE-TRACK.ORG API,2025-06-07 23:16:24+00:00,18 SPCS,ISS (ZARYA),1998-067A,EARTH,TEME,UTC,SGP4,2025-06-07 20:25:28.669728+00:00,15.50057765,0.00016360,51.6367,353.3435,208.8299,151.2600,0,U,25544,999,51371,0.00014194000000,0.00007670,0.0000000000000,6794.694,92.900,417.671,415.448,PAYLOAD,LARGE,ISS,1998-11-20,TTMTR,,4751471,289419816,0 ISS (ZARYA),1 25544U 98067A   25158.85102627  .00007670  00000-0  14194-3 0  9994,2 25544  51.6367 353.3435 0001636 208.8299 151.2600 15.50057765513713
3.0,GENERATED VIA SPACE-TRACK.ORG API,2025-06-08 07:16:17+00:00,18 SPCS,ISS (ZARYA),1998-067A,EARTH,TEME,UTC,SGP4,2025-06-08 01:03:59.525280+00:00,15.50063335,0.00016390,51.6366,352.3853,209.1439,150.9459,0,U,25544,999,51374,0.00016332000000,0.00008897,0.0000000000000,6794.678,92.899,417.657,415.429,PAYLOAD,LARGE,ISS,1998-11-20,TTMTR,,4751819,289459017,0 ISS (ZARYA),1 25544U 98067A   25159.04443895  .00008897  00000-0  16332-3 0  9999,2 25544  51.6366 352.3853 0001639 209.1439 150.9459 15.50063335513749
3.0,GENERATED VIA SPACE-TRACK.ORG API,2025-06-08 09:06:23+00:00,18 SPCS,ISS (ZARYA),1998-067A,EARTH,TEME,UTC,SGP4,2025-06-08 01:41:33.544896+00:00,15.50064259,0.00016320,51.6400,352.2516,195.4618,310.3088,0,U,25544,999,51374,0.00015816000000,0.00008601,0.0000000000000,6794.675,92.899,417.649,415.431,PAYLOAD,LARGE,ISS,1998-11-20,TTMTR,,4751857,289459504,0 ISS (ZARYA),1 25544U 98067A   25159.07052714  .00008601  00000-0  15816-3 0  9997,2 25544  51.6400 352.2516 0001632 195.4618 310.3088 15.50064259513748
3.0,GENERATED VIA SPACE-TRACK.ORG API,2025-06-08 10:16:17+00:00,18 SPCS,ISS (ZARYA),1998-067A,EARTH,TEME,UTC,SGP4,2025-06-08 09:04:46.928352+00:00,15.50069816,0.00016400,51.6400,350.7259,196.3412,228.1285,0,U,25544,999,51379,0.00015811000000,0.00008600,0.0000000000000,6794.659,92.899,417.638,415.410,PAYLOAD,LARGE,ISS,1998-11-20,TTMTR,,4751859,289459507,0 ISS (ZARYA),1 25544U 98067A   25159.37832093  .00008600  00000-0  15811-3 0  9990,2 25544  51.6400 350.7259 0001640 196.3412 228.1285 15.50069816513790
3.0,GENERATED VIA SPACE-TRACK.ORG API,2025-06-08 14:46:19+00:00,18 SPCS,ISS (ZARYA),1998-067A,EARTH,TEME,UTC,SGP4,2025-06-08 10:21:01.185408+00:00,15.50068090,0.00016500,51.6366,350.4684,211.2454,148.8437,0,U,25544,999,51380,0.00014443000000,0.00007816,0.0000000000000,6794.664,92.899,417.650,415.408,PAYLOAD,LARGE,ISS,1998-11-20,TTMTR,,4752057,289464932,0 ISS (ZARYA),1 25544U 98067A   25159.43126372  .00007816  00000-0  14443-3 0  9991,2 25544  51.6366 350.4684 0001650 211.2454 148.8437 15.50068090513806
3.0,GENERATED VIA SPACE-TRACK.ORG API,2025-06-09 11:26:16+00:00,18 SPCS,ISS (ZARYA),1998-067A,EARTH,TEME,UTC,SGP4,2025-06-09 08:16:35.871168+00:00,15.50083985,0.00014550,51.6394,345.9369,202.1962,219.3799,0,U,25544,999,51394,0.00014866000000,0.00008063,0.0000000000000,6794.618,92.898,417.471,415.494,PAYLOAD,LARGE,ISS,1998-11-20,TTMTR,,4752316,289530673,0 ISS (ZARYA),1 25544U 98067A   25160.34485962  .00008063  00000-0  14866-3 0  9990,2 25544  51.6394 345.9369 0001455 202.1962 219.3799 15.50083985513942
3.0,GENERATED VIA SPACE-TRACK.ORG API,2025-06-09 11:26:16+00:00,18 SPCS,ISS (ZARYA),1998-067A,EARTH,TEME,UTC,SGP4,2025-06-09 05:34:57.421056+00:00,15.50082183,0.00014330,51.6393,346.4930,202.2600,312.5105,0,U,25544,999,51392,0.00014898000000,0.00008081,0.0000000000000,6794.623,92.898,417.462,415.514,PAYLOAD,LARGE,ISS,1998-11-20,TTMTR,,4752315,289530674,0 ISS (ZARYA),1 25544U 98067A   25160.23260904  .00008081  00000-0  14898-3 0  9990,2 25544  51.6393 346.4930 0001433 202.2600 312.5105 15.50082183513921
3.0,GENERATED VIA SPACE-TRACK.ORG API,2025-06-09 16:56:18+00:00,18 SPCS,ISS (ZARYA),1998-067A,EARTH,TEME,UTC,SGP4,2025-06-09 13:04:23.032992+00:00,15.50087913,0.00014270,51.6392,344.9462,203.2336,254.3147,0,U,25544,999,51397,0.00014994000000,0.00008138,0.0000000000000,6794.606,92.898,417.441,415.502,PAYLOAD,LARGE,ISS,1998-11-20,TTMTR,,4752325,289530771,0 ISS (ZARYA),1 25544U 98067A   25160.54471103  .00008138  00000-0  14994-3 0  9999,2 25544  51.6392 344.9462 0001427 203.2336 254.3147 15.50087913513973
3.0,GENERATED VIA SPACE-TRACK.ORG API,2025-06-10 03:42:05+00:00,18 SPCS,ISS (ZARYA),1998-067A,EARTH,TEME,UTC,SGP4,2025-06-09 20:48:45.157248+00:00,15.50093635,0.00013300,51.6386,343.3494,203.6332,254.6361,0,U,25544,999,51402,0.00015172000000,0.00008241,0.0000000000000,6794.589,92.898,417.358,415.551,PAYLOAD,LARGE,ISS,1998-11-20,TTMTR,,4752400,289569140,0 ISS (ZARYA),1 25544U 98067A   25160.86718932  .00008241  00000-0  15172-3 0  9992,2 25544  51.6386 343.3494 0001330 203.6332 254.6361 15.50093635514023
3.0,GENERATED VIA SPACE-TRACK.ORG API,2025-06-10 14:56:36+00:00,18 SPCS,ISS (ZARYA),1998-067A,EARTH,TEME,UTC,SGP4,2025-06-10 11:51:47.525184+00:00,15.50103618,0.00015890,51.6366,340.2453,221.4843,138.6025,0,U,25544,999,51412,0.00013319000000,0.00007181,0.0000000000000,6794.560,92.897,417.505,415.346,PAYLOAD,LARGE,ISS,1998-11-20,TTMTR,,4752623,289598074,0 ISS (ZARYA),1 25544U 98067A   25161.49430006  .00007181  00000-0  13319-3 0  9998,2 25544  51.6366 340.2453 0001589 221.4843 138.6025 15.50103618514125
3.0,GENERATED VIA SPACE-TRACK.ORG API,2025-06-10 22:56:29+00:00,18 SPCS,ISS (ZARYA),1998-067A,EARTH,TEME,UTC,SGP4,2025-06-10 21:08:48.242688+00:00,15.50110004,0.00016220,51.6366,338.3284,223.8953,136.1907,0,U,25544,999,51418,0.00013198000000,0.00007113,0.0000000000000,6794.542,92.897,417.509,415.305,PAYLOAD,LARGE,ISS,1998-11-20,TTMTR,,4752890,289635427,0 ISS (ZARYA),1 25544U 98067A   25161.88111392  .00007113  00000-0  13198-3 0  9995,2 25544  51.6366 338.3284 0001622 223.8953 136.1907 15.50110004514186
3.0,GENERATED VIA SPACE-TRACK.ORG API,2025-06-11 06:56:26+00:00,18 SPCS,ISS (ZARYA),1998-067A,EARTH,TEME,UTC,SGP4,2025-06-10 22:41:38.326272+00:00,15.50112662,0.00016160,51.6366,338.0088,224.5670,135.5189,0,U,25544,999,51419,0.00014587000000,0.00007911,0.0000000000000,6794.534,92.896,417.497,415.301,PAYLOAD,LARGE,ISS,1998-11-20,TTMTR,,4753135,289670973,0 ISS (ZARYA),1 25544U 98067A   25161.94558248  .00007911  00000-0  14587-3 0  9996,2 25544  51.6366 338.0088 0001616 224.5670 135.5189 15.50112662514190
3.0,GENERATED VIA SPACE-TRACK.ORG API,2025-06-11 15:06:20+00:00,18 SPCS,ISS (ZARYA),1998-067A,EARTH,TEME,UTC,SGP4,2025-06-11 12:37:09.119136+00:00,15.50120977,0.00015920,51.6368,335.1336,227.4804,132.6051,0,U,25544,999,51428,0.00012551000000,0.00006745,0.0000000000000,6794.510,92.896,417.456,415.293,PAYLOAD,LARGE,ISS,1998-11-20,TTMTR,,4753522,289679677,0 ISS (ZARYA),1 25544U 98067A   25162.52579999  .00006745  00000-0  12551-3 0  9990,2 25544  51.6368 335.1336 0001592 227.4804 132.6051 15.50120977514284
3.0,GENERATED VIA SPACE-TRACK.ORG API,2025-06-11 22:16:17+00:00,18 SPCS,ISS (ZARYA),1998-067A,EARTH,TEME,UTC,SGP4,2025-06-11 20:58:15.096576+00:00,15.50130147,0.00013990,51.6380,333.4042,212.1497,291.1430,0,U,25544,999,51433,0.00015622000000,0.00008511,0.0000000000000,6794.483,92.895,417.298,415.397,PAYLOAD,LARGE,ISS,1998-11-20,TTMTR,,4753640,289711776,0 ISS (ZARYA),1 25544U 98067A   25162.87378584  .00008511  00000-0  15622-3 0  9990,2 25544  51.6380 333.4042 0001399 212.1497 291.1430 15.50130147514335
3.0,GENERATED VIA SPACE-TRACK.ORG API,2025-06-12 05:26:31+00:00,18 SPCS,ISS (ZARYA),1998-067A,EARTH,TEME,UTC,SGP4,2025-06-12 00:04:26.376384+00:00,15.50132562,0.00013980,51.6380,332.7633,213.2097,292.0996,0,U,25544,999,51435,0.00015666000000,0.00008537,0.0000000000000,6794.476,92.895,417.291,415.391,PAYLOAD,LARGE,ISS,1998-11-20,TTMTR,,4753911,289748352,0 ISS (ZARYA),1 25544U 98067A   25163.00308306  .00008537  00000-0  15666-3 0  9997,2 25544  51.6380 332.7633 0001398 213.2097 292.0996 15.50132562514352
3.0,GENERATED VIA SPACE-TRACK.ORG API,2025-06-12 11:36:17+00:00,18 SPCS,ISS (ZARYA),1998-067A,EARTH,TEME,UTC,SGP4,2025-06-12 10:40:36.948576+00:00,15.50140431,0.00014040,51.6380,330.5735,214.7053,237.6340,0,U,25544,999,51442,0.00015631000000,0.00008519,0.0000000000000,6794.453,92.895,417.272,415.364,PAYLOAD,LARGE,ISS,1998-11-20,TTMTR,,4754130,289753718,0 ISS (ZARYA),1 25544U 98067A   25163.44487209  .00008519  00000-0  15631-3 0  9997,2 25544  51.6380 330.5735 0001404 214.7053 237.6340 15.50140431514427
3.0,GENERATED VIA SPACE-TRACK.ORG API,2025-06-12 14:26:43+00:00,18 SPCS,ISS (ZARYA),1998-067A,EARTH,TEME,UTC,SGP4,2025-06-12 13:42:55.863360+00:00,15.50142004,0.00013750,51.6380,329.9459,214.4784,224.8613,0,U,25544,999,51444,0.00015402000000,0.00008388,0.0000000000000,6794.448,92.895,417.247,415.379,PAYLOAD,LARGE,ISS,1998-11-20,TTMTR,,4754218,289754520,0 ISS (ZARYA),1 25544U 98067A   25163.57147990  .00008388  00000-0  15402-3 0  9991,2 25544  51.6380 329.9459 0001375 214.4784 224.8613 15.50142004514448
3.0,GENERATED VIA SPACE-TRACK.ORG API,2025-06-12 18:56:15+00:00,18 SPCS,ISS (ZARYA),1998-067A,EARTH,TEME,UTC,SGP4,2025-06-12 16:56:24.256320+00:00,15.50143823,0.00013850,51.6379,329.2800,214.7224,254.8883,0,U,25544,999,51446,0.00015260000000,0.00008307,0.0000000000000,6794.443,92.895,417.249,415.367,PAYLOAD,LARGE,ISS,1998-11-20,TTMTR,,4754564,289764124,0 ISS (ZARYA),1 25544U 98067A   25163.70583630  .00008307  00000-0  15260-3 0  9994,2 25544  51.6379 329.2800 0001385 214.7224 254.8883 15.50143823514466
3.0,GENERATED VIA SPACE-TRACK.ORG API,2025-06-12 22:56:19+00:00,18 SPCS,ISS (ZARYA),1998-067A,EARTH,TEME,UTC,SGP4,2025-06-12 19:33:49.711680+00:00,15.50147017,0.00015510,51.6370,328.7441,235.2651,124.8192,0,U,25544,999,51448,0.00017480000000,0.00009584,0.0000000000000,6794.433,92.894,417.352,415.245,PAYLOAD,LARGE,ISS,1998-11-20,TTMTR,,4754818,289770616,0 ISS (ZARYA),1 25544U 98067A   25163.81515870  .00009584  00000-0  17480-3 0  9991,2 25544  51.6370 328.7441 0001551 235.2651 124.8192 15.50147017514489
3.0,GENERATED VIA SPACE-TRACK.ORG API,2025-06-12 23:46:16+00:00,18 SPCS,ISS (ZARYA),1998-067A,EARTH,TEME,UTC,SGP4,2025-06-12 21:46:28.236864+00:00,15.50147603,0.00013360,51.6380,328.2813,220.2009,294.2654,0,U,25544,999,51449,0.00015384000000,0.00008380,0.0000000000000,6794.432,92.894,417.204,415.389,PAYLOAD,LARGE,ISS,1998-11-20,TTMTR,,4754884,289771851,0 ISS (ZARYA),1 25544U 98067A   25163.90727126  .00008380  00000-0  15384-3 0  9994,2 25544  51.6380 328.2813 0001336 220.2009 294.2654 15.50147603514497
3.0,GENERATED VIA SPACE-TRACK.ORG API,2025-06-13 06:56:18+00:00,18 SPCS,ISS (ZARYA),1998-067A,EARTH,TEME,UTC,SGP4,2025-06-12 22:39:29.661984+00:00,15.50158723,0.00015500,51.6370,328.1052,236.0752,124.0090,0,U,25544,999,51450,0.00028160000000,0.00015737,0.0000000000000,6794.399,92.894,417.317,415.211,PAYLOAD,LARGE,ISS,1998-11-20,TTMTR,,4755104,289807589,0 ISS (ZARYA),1 25544U 98067A   25163.94409331  .00015737  00000-0  28160-3 0  9993,2 25544  51.6370 328.1052 0001550 236.0752 124.0090 15.50158723514509
3.0,GENERATED VIA SPACE-TRACK.ORG API,2025-06-13 15:06:34+00:00,18 SPCS,ISS (ZARYA),1998-067A,EARTH,TEME,UTC,SGP4,2025-06-13 12:34:59.122560+00:00,15.50171114,0.00015010,51.6367,325.2298,238.5481,121.5362,0,U,25544,999,51459,0.00029099000000,0.00016286,0.0000000000000,6794.363,92.893,417.248,415.208,PAYLOAD,LARGE,ISS,1998-11-20,TTMTR,,4755429,289814687,0 ISS (ZARYA),1 25544U 98067A   25164.52429540  .00016286  00000-0  29099-3 0  9994,2 25544  51.6367 325.2298 0001501 238.5481 121.5362 15.50171114514599
3.0,GENERATED VIA SPACE-TRACK.ORG API,2025-06-13 17:46:17+00:00,18 SPCS,ISS (ZARYA),1998-067A,EARTH,TEME,UTC,SGP4,2025-06-13 16:08:10.167360+00:00,15.50169565,0.00012390,51.6385,324.4912,240.0929,226.7139,0,U,25544,999,51461,0.00022303000000,0.00012369,0.0000000000000,6794.368,92.893,417.074,415.391,PAYLOAD,LARGE,ISS,1998-11-20,TTMTR,,4755478,289846335,0 ISS (ZARYA),1 25544U 98067A   25164.67233990  .00012369  00000-0  22303-3 0  9991,2 25544  51.6385 324.4912 0001239 240.0929 226.7139 15.50169565514616
3.0,GENERATED VIA SPACE-TRACK.ORG API,2025-06-13 23:16:24+00:00,18 SPCS,ISS (ZARYA),1998-067A,EARTH,TEME,UTC,SGP4,2025-06-13 20:19:08.561568+00:00,15.50180386,0.00015220,51.6370,323.6326,240.1030,119.9808,0,U,25544,999,51464,0.00029311000000,0.00016414,0.0000000000000,6794.336,92.892,417.235,415.167,PAYLOAD,LARGE,ISS,1998-11-20,TTMTR,,4755814,289854706,0 ISS (ZARYA),1 25544U 98067A   25164.84662687  .00016414  00000-0  29311-3 0  9990,2 25544  51.6370 323.6326 0001522 240.1030 119.9808 15.50180386514642
3.0,GENERATED VIA SPACE-TRACK.ORG API,2025-06-14 07:16:46+00:00,18 SPCS,ISS (ZARYA),1998-067A,EARTH,TEME,UTC,SGP4,2025-06-14 04:03:17.863200+00:00,15.50184758,0.00015270,51.6370,322.0350,241.5702,118.5133,0,U,25544,999,51469,0.00022275000000,0.00012360,0.0000000000000,6794.323,92.892,417.226,415.151,PAYLOAD,LARGE,ISS,1998-11-20,TTMTR,,4756189,289893773,0 ISS (ZARYA),1 25544U 98067A   25165.16895675  .00012360  00000-0  22275-3 0  9999,2 25544  51.6370 322.0350 0001527 241.5702 118.5133 15.50184758514696
3.0,GENERATED VIA SPACE-TRACK.ORG API,2025-06-14 15:16:32+00:00,18 SPCS,ISS (ZARYA),1998-067A,EARTH,TEME,UTC,SGP4,2025-06-14 11:47:26.983392+00:00,15.50192868,0.00015060,51.6369,320.4376,243.8803,116.2031,0,U,25544,999,51474,0.00019812000000,0.00010944,0.0000000000000,6794.299,92.892,417.188,415.141,PAYLOAD,LARGE,ISS,1998-11-20,TTMTR,,4756599,289903409,0 ISS (ZARYA),1 25544U 98067A   25165.49128453  .00010944  00000-0  19812-3 0  9997,2 25544  51.6369 320.4376 0001506 243.8803 116.2031 15.50192868514747
3.0,GENERATED VIA SPACE-TRACK.ORG API,2025-06-14 23:06:28+00:00,18 SPCS,ISS (ZARYA),1998-067A,EARTH,TEME,UTC,SGP4,2025-06-14 19:31:35.967072+00:00,15.50200772,0.00015010,51.6371,318.8403,246.5954,113.4877,0,U,25544,999,51479,0.00018747000000,0.00010333,0.0000000000000,6794.276,92.891,417.161,415.122,PAYLOAD,LARGE,ISS,1998-11-20,TTMTR,,4756916,289941688,0 ISS (ZARYA),1 25544U 98067A   25165.81361073  .00010333  00000-0  18747-3 0  9998,2 25544  51.6371 318.8403 0001501 246.5954 113.4877 15.50200772514790
3.0,GENERATED VIA SPACE-TRACK.ORG API,2025-06-15 06:36:18+00:00,18 SPCS,ISS (ZARYA),1998-067A,EARTH,TEME,UTC,SGP4,2025-06-14 21:39:26.317152+00:00,15.50204707,0.00012360,51.6387,318.3957,240.3131,255.5410,0,U,25544,999,51480,0.00022830000000,0.00012689,0.0000000000000,6794.265,92.891,416.970,415.290,PAYLOAD,LARGE,ISS,1998-11-20,TTMTR,,4757093,289975073,0 ISS (ZARYA),1 25544U 98067A   25165.90238793  .00012689  00000-0  22830-3 0  9994,2 25544  51.6387 318.3957 0001236 240.3131 255.5410 15.50204707514805
3.0,GENERATED VIA SPACE-TRACK.ORG API,2025-06-15 15:06:21+00:00,18 SPCS,ISS (ZARYA),1998-067A,EARTH,TEME,UTC,SGP4,2025-06-15 12:32:43.306944+00:00,15.50213727,0.00015220,51.6369,315.3258,249.8868,110.1957,0,U,25544,999,51490,0.00013753000000,0.00007460,0.0000000000000,6794.239,92.890,417.138,415.069,PAYLOAD,LARGE,ISS,1998-11-20,TTMTR,,4757433,289983370,0 ISS (ZARYA),1 25544U 98067A   25166.52272346  .00007460  00000-0  13753-3 0  9990,2 25544  51.6369 315.3258 0001522 249.8868 110.1957 15.50213727514900
3.0,GENERATED VIA SPACE-TRACK.ORG API,2025-06-15 22:56:18+00:00,18 SPCS,ISS (ZARYA),1998-067A,EARTH,TEME,UTC,SGP4,2025-06-15 20:16:51.932064+00:00,15.50221580,0.00015240,51.6369,313.7285,252.0477,108.0346,0,U,25544,999,51495,0.00016413000000,0.00008996,0.0000000000000,6794.216,92.890,417.116,415.045,PAYLOAD,LARGE,ISS,1998-11-20,TTMTR,,4757737,290020607,0 ISS (ZARYA),1 25544U 98067A   25166.84504551  .00008996  00000-0  16413-3 0  9992,2 25544  51.6369 313.7285 0001524 252.0477 108.0346 15.50221580514955
3.0,GENERATED VIA SPACE-TRACK.ORG API,2025-06-16 06:56:28+00:00,18 SPCS,ISS (ZARYA),1998-067A,EARTH,TEME,UTC,SGP4,2025-06-15 21:49:41.634624+00:00,15.50222697,0.00015130,51.6368,313.4089,253.5073,106.5750,0,U,25544,999,51496,0.00015677000000,0.00008572,0.0000000000000,6794.212,92.890,417.105,415.049,PAYLOAD,LARGE,ISS,1998-11-20,TTMTR,,4758006,290057837,0 ISS (ZARYA),1 25544U 98067A   25166.90950966  .00008572  00000-0  15677-3 0  9995,2 25544  51.6368 313.4089 0001513 253.5073 106.5750 15.50222697514962
3.0,GENERATED VIA SPACE-TRACK.ORG API,2025-06-16 12:16:17+00:00,18 SPCS,ISS (ZARYA),1998-067A,EARTH,TEME,UTC,SGP4,2025-06-16 10:38:04.941600+00:00,15.50236701,0.00010810,51.6384,310.7633,247.7236,212.2756,0,U,25544,999,51504,0.00019030000000,0.00010511,0.0000000000000,6794.171,92.889,416.771,415.302,PAYLOAD,LARGE,ISS,1998-11-20,TTMTR,,4758073,290059118,0 ISS (ZARYA),1 25544U 98067A   25167.44311275  .00010511  00000-0  19030-3 0  9992,2 25544  51.6384 310.7633 0001081 247.7236 212.2756 15.50236701515043
3.0,GENERATED VIA SPACE-TRACK.ORG API,2025-06-16 14:56:19+00:00,18 SPCS,ISS (ZARYA),1998-067A,EARTH,TEME,UTC,SGP4,2025-06-16 11:45:08.906688+00:00,15.50233124,0.00015020,51.6368,310.5336,255.9620,104.1202,0,U,25544,999,51505,0.00016429000000,0.00009009,0.0000000000000,6794.182,92.889,417.067,415.026,PAYLOAD,LARGE,ISS,1998-11-20,TTMTR,,4758336,290065571,0 ISS (ZARYA),1 25544U 98067A   25167.48968642  .00009009  00000-0  16429-3 0  9991,2 25544  51.6368 310.5336 0001502 255.9620 104.1202 15.50233124515051
3.0,GENERATED VIA SPACE-TRACK.ORG API,2025-06-16 17:06:16+00:00,18 SPCS,ISS (ZARYA),1998-067A,EARTH,TEME,UTC,SGP4,2025-06-16 15:15:27.721728+00:00,15.50244021,0.00009500,51.6388,309.8053,248.3368,207.3878,0,U,25544,999,51507,0.00021179000000,0.00011754,0.0000000000000,6794.150,92.889,416.660,415.370,PAYLOAD,LARGE,ISS,1998-11-20,TTMTR,,4758395,290066982,0 ISS (ZARYA),1 25544U 98067A   25167.63573752  .00011754  00000-0  21179-3 0  9990,2 25544  51.6388 309.8053 0000950 248.3368 207.3878 15.50244021515076
3.0,GENERATED VIA SPACE-TRACK.ORG API,2025-06-16 17:46:41+00:00,18 SPCS,ISS (ZARYA),1998-067A,EARTH,TEME,UTC,SGP4,2025-06-16 16:45:05.994720+00:00,15.50245644,0.00009740,51.6388,309.4965,248.0077,195.3491,0,U,25544,999,51508,0.00021209000000,0.00011772,0.0000000000000,6794.145,92.889,416.672,415.349,PAYLOAD,LARGE,ISS,1998-11-20,TTMTR,,4758402,290097285,0 ISS (ZARYA),1 25544U 98067A   25167.69798605  .00011772  00000-0  21209-3 0  9996,2 25544  51.6388 309.4965 0000974 248.0077 195.3491 15.50245644515084
3.0,GENERATED VIA SPACE-TRACK.ORG API,2025-06-16 22:56:18+00:00,18 SPCS,ISS (ZARYA),1998-067A,EARTH,TEME,UTC,SGP4,2025-06-16 19:29:17.237184+00:00,15.50239644,0.00015130,51.6369,308.9364,257.3580,102.7240,0,U,25544,999,51510,0.00017597000000,0.00009685,0.0000000000000,6794.163,92.889,417.056,415.000,PAYLOAD,LARGE,ISS,1998-11-20,TTMTR,,4758614,290102893,0 ISS (ZARYA),1 25544U 98067A   25167.81200506  .00009685  00000-0  17597-3 0  9993,2 25544  51.6369 308.9364 0001513 257.3580 102.7240 15.50239644515102
3.0,GENERATED VIA SPACE-TRACK.ORG API,2025-06-17 07:06:32+00:00,18 SPCS,ISS (ZARYA),1998-067A,EARTH,TEME,UTC,SGP4,2025-06-16 21:02:06.871488+00:00,15.50241474,0.00014890,51.6368,308.6166,259.0716,101.0105,0,U,25544,999,51511,0.00017921000000,0.00009872,0.0000000000000,6794.157,92.889,417.034,415.011,PAYLOAD,LARGE,ISS,1998-11-20,TTMTR,,4759002,290141758,0 ISS (ZARYA),1 25544U 98067A   25167.87646842  .00009872  00000-0  17921-3 0  9995,2 25544  51.6368 308.6166 0001489 259.0716 101.0105 15.50241474515117
3.0,GENERATED VIA SPACE-TRACK.ORG API,2025-06-17 12:16:16+00:00,18 SPCS,ISS (ZARYA),1998-067A,EARTH,TEME,UTC,SGP4,2025-06-17 11:16:37.968960+00:00,15.50259131,0.00010840,51.6391,305.6704,257.2134,176.8669,0,U,25544,999,51520,0.00019508000000,0.00010795,0.0000000000000,6794.106,92.888,416.707,415.234,PAYLOAD,LARGE,ISS,1998-11-20,TTMTR,,4759064,290143099,0 ISS (ZARYA),1 25544U 98067A   25168.46988390  .00010795  00000-0  19508-3 0  9997,2 25544  51.6391 305.6704 0001084 257.2134 176.8669 15.50259131515207
3.0,GENERATED VIA SPACE-TRACK.ORG API,2025-06-17 13:56:15+00:00,18 SPCS,ISS (ZARYA),1998-067A,EARTH,TEME,UTC,SGP4,2025-06-17 11:16:37.968960+00:00,15.50259131,0.00010850,51.6391,305.6704,257.2132,176.8670,0,U,25544,999,51520,0.00019508000000,0.00010795,0.0000000000000,6794.106,92.888,416.708,415.234,PAYLOAD,LARGE,ISS,1998-11-20,TTMTR,,4759067,290143102,0 ISS (ZARYA),1 25544U 98067A   25168.46988390  .00010795  00000-0  19508-3 0  9997,2 25544  51.6391 305.6704 0001085 257.2132 176.8670 15.50259131515208
3.0,GENERATED VIA SPACE-TRACK.ORG API,2025-06-17 21:46:29+00:00,18 SPCS,ISS (ZARYA),1998-067A,EARTH,TEME,UTC,SGP4,2025-06-17 20:49:43.345920+00:00,15.50263475,0.00010800,51.6388,303.6986,252.5767,244.0542,0,U,25544,999,51526,0.00017949000000,0.00009896,0.0000000000000,6794.093,92.887,416.692,415.224,PAYLOAD,LARGE,ISS,1998-11-20,TTMTR,,4759449,290151238,0 ISS (ZARYA),1 25544U 98067A   25168.86786280  .00009896  00000-0  17949-3 0  9992,2 25544  51.6388 303.6986 0001080 252.5767 244.0542 15.50263475515269
3.0,GENERATED VIA SPACE-TRACK.ORG API,2025-06-18 03:19:13+00:00,18 SPCS,ISS (ZARYA),1998-067A,EARTH,TEME,UTC,SGP4,2025-06-17 20:14:30.954048+00:00,15.50262834,0.00015240,51.6365,303.8243,263.0049,97.0767,0,U,25544,999,51526,0.00019471000000,0.00010775,0.0000000000000,6794.095,92.887,416.995,414.925,PAYLOAD,LARGE,ISS,1998-11-20,TTMTR,,4759714,290164253,0 ISS (ZARYA),1 25544U 98067A   25168.84341382  .00010775  00000-0  19471-3 0  9990,2 25544  51.6365 303.8243 0001524 263.0049  97.0767 15.50262834515268
3.0,GENERATED VIA SPACE-TRACK.ORG API,2025-06-18 04:16:16+00:00,18 SPCS,ISS (ZARYA),1998-067A,EARTH,TEME,UTC,SGP4,2025-06-17 20:49:43.345920+00:00,15.50262850,0.00010740,51.6389,303.6989,250.3570,246.2714,0,U,25544,999,51526,0.00017713000000,0.00009760,0.0000000000000,6794.095,92.887,416.690,415.230,PAYLOAD,LARGE,ISS,1998-11-20,TTMTR,,4759715,290187511,0 ISS (ZARYA),1 25544U 98067A   25168.86786280  .00009760  00000-0  17713-3 0  9991,2 25544  51.6389 303.6989 0001074 250.3570 246.2714 15.50262850515265
3.0,GENERATED VIA SPACE-TRACK.ORG API,2025-06-18 07:06:42+00:00,18 SPCS,ISS (ZARYA),1998-067A,EARTH,TEME,UTC,SGP4,2025-06-18 03:58:38.729856+00:00,15.50269265,0.00015150,51.6365,302.2267,265.0971,94.9845,0,U,25544,999,51531,0.00018742000000,0.00010356,0.0000000000000,6794.076,92.887,416.971,414.912,PAYLOAD,LARGE,ISS,1998-11-20,TTMTR,,4759980,290193993,0 ISS (ZARYA),1 25544U 98067A   25169.16572604  .00010356  00000-0  18742-3 0  9994,2 25544  51.6365 302.2267 0001515 265.0971  94.9845 15.50269265515317
3.0,GENERATED VIA SPACE-TRACK.ORG API,2025-06-18 09:36:31+00:00,18 SPCS,ISS (ZARYA),1998-067A,EARTH,TEME,UTC,SGP4,2025-06-18 08:49:41.001888+00:00,15.50272883,0.00010900,51.6385,301.2195,254.1051,154.7008,0,U,25544,999,51534,0.00017562000000,0.00009676,0.0000000000000,6794.066,92.887,416.671,415.190,PAYLOAD,LARGE,ISS,1998-11-20,TTMTR,,4760041,290195563,0 ISS (ZARYA),1 25544U 98067A   25169.36783567  .00009676  00000-0  17562-3 0  9990,2 25544  51.6385 301.2195 0001090 254.1051 154.7008 15.50272883515343
3.0,GENERATED VIA SPACE-TRACK.ORG API,2025-06-18 14:26:29+00:00,18 SPCS,ISS (ZARYA),1998-067A,EARTH,TEME,UTC,SGP4,2025-06-18 13:41:41.229312+00:00,15.50276247,0.00010830,51.6382,300.2142,253.2806,207.9870,0,U,25544,999,51537,0.00017275000000,0.00009512,0.0000000000000,6794.056,92.887,416.657,415.185,PAYLOAD,LARGE,ISS,1998-11-20,TTMTR,,4760119,290196889,0 ISS (ZARYA),1 25544U 98067A   25169.57061608  .00009512  00000-0  17275-3 0  9998,2 25544  51.6382 300.2142 0001083 253.2806 207.9870 15.50276247515370
3.0,GENERATED VIA SPACE-TRACK.ORG API,2025-06-18 17:36:34+00:00,18 SPCS,ISS (ZARYA),1998-067A,EARTH,TEME,UTC,SGP4,2025-06-18 16:56:06.190944+00:00,15.50279138,0.00010650,51.6380,299.5445,255.7952,239.4684,0,U,25544,999,51539,0.00017338000000,0.00009549,0.0000000000000,6794.047,92.886,416.636,415.189,PAYLOAD,LARGE,ISS,1998-11-20,TTMTR,,4760391,290234274,0 ISS (ZARYA),1 25544U 98067A   25169.70562721  .00009549  00000-0  17338-3 0  9995,2 25544  51.6380 299.5445 0001065 255.7952 239.4684 15.50279138515390
3.0,GENERATED VIA SPACE-TRACK.ORG API,2025-06-18 19:46:28+00:00,18 SPCS,ISS (ZARYA),1998-067A,EARTH,TEME,UTC,SGP4,2025-06-18 18:22:35.737824+00:00,15.50280508,0.00010610,51.6382,299.2472,254.6499,216.0548,0,U,25544,999,51540,0.00017386000000,0.00009577,0.0000000000000,6794.043,92.886,416.629,415.188,PAYLOAD,LARGE,ISS,1998-11-20,TTMTR,,4760403,290234324,0 ISS (ZARYA),1 25544U 98067A   25169.76569141  .00009577  00000-0  17386-3 0  9998,2 25544  51.6382 299.2472 0001061 254.6499 216.0548 15.50280508515404
3.0,GENERATED VIA SPACE-TRACK.ORG API,2025-06-18 21:26:17+00:00,18 SPCS,ISS (ZARYA),1998-067A,EARTH,TEME,UTC,SGP4,2025-06-18 20:01:16.129344+00:00,15.50282280,0.00010270,51.6383,298.9072,253.9760,239.4110,0,U,25544,999,51541,0.00017509000000,0.00009649,0.0000000000000,6794.038,92.886,416.601,415.205,PAYLOAD,LARGE,ISS,1998-11-20,TTMTR,,4760404,290234325,0 ISS (ZARYA),1 25544U 98067A   25169.83421446  .00009649  00000-0  17509-3 0  9998,2 25544  51.6383 298.9072 0001027 253.9760 239.4110 15.50282280515416
3.0,GENERATED VIA SPACE-TRACK.ORG API,2025-06-19 03:46:26+00:00,18 SPCS,ISS (ZARYA),1998-067A,EARTH,TEME,UTC,SGP4,2025-06-18 19:26:53.832192+00:00,15.50284718,0.00015240,51.6364,299.0314,268.7384,91.3431,0,U,25544,999,51541,0.00019047000000,0.00010539,0.0000000000000,6794.031,92.886,416.932,414.861,PAYLOAD,LARGE,ISS,1998-11-20,TTMTR,,4760674,290247458,0 ISS (ZARYA),1 25544U 98067A   25169.81034528  .00010539  00000-0  19047-3 0  9996,2 25544  51.6364 299.0314 0001524 268.7384  91.3431 15.50284718515413
3.0,GENERATED VIA SPACE-TRACK.ORG API,2025-06-19 05:26:17+00:00,18 SPCS,ISS (ZARYA),1998-067A,EARTH,TEME,UTC,SGP4,2025-06-18 20:01:16.129344+00:00,15.50303655,0.00016630,51.6381,298.9095,263.2903,230.1081,0,U,25544,999,51541,0.00036836000000,0.00020848,0.0000000000000,6793.976,92.885,416.971,414.711,PAYLOAD,LARGE,ISS,1998-11-20,TTMTR,,4760675,290270713,0 ISS (ZARYA),1 25544U 98067A   25169.83421446  .00020848  00000-0  36836-3 0  9996,2 25544  51.6381 298.9095 0001663 263.2903 230.1081 15.50303655515413
3.0,GENERATED VIA SPACE-TRACK.ORG API,2025-06-19 13:46:27+00:00,18 SPCS,ISS (ZARYA),1998-067A,EARTH,TEME,UTC,SGP4,2025-06-19 12:56:05.597088+00:00,15.50118804,0.00018430,51.6363,295.4178,248.2712,220.6226,0,U,25544,999,51552,0.00081960000000,0.00046794,0.0000000000000,6794.516,92.896,417.633,415.129,PAYLOAD,LARGE,ISS,1998-11-20,TTMTR,,4760993,290278480,0 ISS (ZARYA),1 25544U 98067A   25170.53895367  .00046794  00000-0  81960-3 0  9998,2 25544  51.6363 295.4178 0001843 248.2712 220.6226 15.50118804515525
3.0,GENERATED VIA SPACE-TRACK.ORG API,2025-06-19 22:46:18+00:00,18 SPCS,ISS (ZARYA),1998-067A,EARTH,TEME,UTC,SGP4,2025-06-19 20:12:12.187872+00:00,15.50128573,0.00020990,51.6360,293.9192,260.7274,99.3478,0,U,25544,999,51557,0.00019968000000,0.00011008,0.0000000000000,6794.487,92.896,417.779,414.926,PAYLOAD,LARGE,ISS,1998-11-20,TTMTR,,4761477,290320430,0 ISS (ZARYA),1 25544U 98067A   25170.84180773  .00011008  00000-0  19968-3 0  9999,2 25544  51.6360 293.9192 0002099 260.7274  99.3478 15.50128573515576
3.0,GENERATED VIA SPACE-TRACK.ORG API,2025-06-20 07:06:41+00:00,18 SPCS,ISS (ZARYA),1998-067A,EARTH,TEME,UTC,SGP4,2025-06-20 03:56:22.350048+00:00,15.50136952,0.00021010,51.6359,292.3218,262.4081,97.6669,0,U,25544,999,51562,0.00021409000000,0.00011840,0.0000000000000,6794.463,92.895,417.755,414.900,PAYLOAD,LARGE,ISS,1998-11-20,TTMTR,,4761802,290358155,0 ISS (ZARYA),1 25544U 98067A   25171.16414757  .00011840  00000-0  21409-3 0  9994,2 25544  51.6359 292.3218 0002101 262.4081  97.6669 15.50136952515624
3.0,GENERATED VIA SPACE-TRACK.ORG API,2025-06-20 13:56:17+00:00,18 SPCS,ISS (ZARYA),1998-067A,EARTH,TEME,UTC,SGP4,2025-06-20 13:37:33.416832+00:00,15.50135141,0.00019610,51.6378,290.3198,257.4405,196.4094,0,U,25544,999,51568,0.00007887900000,0.00004070,0.0000000000000,6794.468,92.895,417.666,415.001,PAYLOAD,LARGE,ISS,1998-11-20,TTMTR,,4761858,290359598,0 ISS (ZARYA),1 25544U 98067A   25171.56774788  .00004070  00000-0  78879-4 0  9992,2 25544  51.6378 290.3198 0001961 257.4405 196.4094 15.50135141515682
3.0,GENERATED VIA SPACE-TRACK.ORG API,2025-06-20 22:46:18+00:00,18 SPCS,ISS (ZARYA),1998-067A,EARTH,TEME,UTC,SGP4,2025-06-20 19:24:42.400512+00:00,15.50148846,0.00021140,51.6358,289.1269,264.7605,95.3143,0,U,25544,999,51572,0.00019478000000,0.00010734,0.0000000000000,6794.428,92.894,417.729,414.857,PAYLOAD,LARGE,ISS,1998-11-20,TTMTR,,4762423,290403296,0 ISS (ZARYA),1 25544U 98067A   25171.80882408  .00010734  00000-0  19478-3 0  9991,2 25544  51.6358 289.1269 0002114 264.7605  95.3143 15.50148846515722
3.0,GENERATED VIA SPACE-TRACK.ORG API,2025-06-21 06:56:17+00:00,18 SPCS,ISS (ZARYA),1998-067A,EARTH,TEME,UTC,SGP4,2025-06-21 03:08:52.221408+00:00,15.50155124,0.00021150,51.6359,287.5294,266.5688,93.5059,0,U,25544,999,51577,0.00018912000000,0.00010411,0.0000000000000,6794.410,92.894,417.712,414.838,PAYLOAD,LARGE,ISS,1998-11-20,TTMTR,,4762671,290440762,0 ISS (ZARYA),1 25544U 98067A   25172.13115997  .00010411  00000-0  18912-3 0  9994,2 25544  51.6359 287.5294 0002115 266.5688  93.5059 15.50155124515773
3.0,GENERATED VIA SPACE-TRACK.ORG API,2025-06-21 07:06:46+00:00,18 SPCS,ISS (ZARYA),1998-067A,EARTH,TEME,UTC,SGP4,2025-06-21 05:00:14.181408+00:00,15.50159842,0.00018720,51.6382,287.1438,268.9112,163.0409,0,U,25544,999,51578,0.00020415000000,0.00011278,0.0000000000000,6794.396,92.894,417.533,414.989,PAYLOAD,LARGE,ISS,1998-11-20,TTMTR,,4762747,290441921,0 ISS (ZARYA),1 25544U 98067A   25172.20849747  .00011278  00000-0  20415-3 0  9992,2 25544  51.6382 287.1438 0001872 268.9112 163.0409 15.50159842515786
3.0,GENERATED VIA SPACE-TRACK.ORG API,2025-06-21 13:56:16+00:00,18 SPCS,ISS (ZARYA),1998-067A,EARTH,TEME,UTC,SGP4,2025-06-21 12:53:00.388320+00:00,15.50154433,0.00019250,51.6353,285.5099,267.2574,198.0766,0,U,25544,999,51583,0.00016774000000,0.00009181,0.0000000000000,6794.412,92.894,417.585,414.969,PAYLOAD,LARGE,ISS,1998-11-20,TTMTR,,4762781,290441933,0 ISS (ZARYA),1 25544U 98067A   25172.53681005  .00009181  00000-0  16774-3 0  9992,2 25544  51.6353 285.5099 0001925 267.2574 198.0766 15.50154433515833
3.0,GENERATED VIA SPACE-TRACK.ORG API,2025-06-21 18:36:19+00:00,18 SPCS,ISS (ZARYA),1998-067A,EARTH,TEME,UTC,SGP4,2025-06-21 17:42:59.243616+00:00,15.50169563,0.00019090,51.6385,284.5184,270.0726,239.8029,0,U,25544,999,51586,0.00019045000000,0.00010493,0.0000000000000,6794.368,92.893,417.530,414.936,PAYLOAD,LARGE,ISS,1998-11-20,TTMTR,,4763119,290480452,0 ISS (ZARYA),1 25544U 98067A   25172.73818569  .00010493  00000-0  19045-3 0  9993,2 25544  51.6385 284.5184 0001909 270.0726 239.8029 15.50169563515864
3.0,GENERATED VIA SPACE-TRACK.ORG API,2025-06-21 22:56:18+00:00,18 SPCS,ISS (ZARYA),1998-067A,EARTH,TEME,UTC,SGP4,2025-06-21 18:37:11.449344+00:00,15.50170919,0.00021440,51.6361,284.3345,270.0300,90.0443,0,U,25544,999,51587,0.00020093000000,0.00011097,0.0000000000000,6794.364,92.893,417.685,414.772,PAYLOAD,LARGE,ISS,1998-11-20,TTMTR,,4763355,290486236,0 ISS (ZARYA),1 25544U 98067A   25172.77582696  .00011097  00000-0  20093-3 0  9992,2 25544  51.6361 284.3345 0002144 270.0300  90.0443 15.50170919515870
3.0,GENERATED VIA SPACE-TRACK.ORG API,2025-06-22 05:46:44+00:00,18 SPCS,ISS (ZARYA),1998-067A,EARTH,TEME,UTC,SGP4,2025-06-22 04:11:52.211040+00:00,15.50179970,0.00018860,51.6385,282.3529,270.6693,158.0157,0,U,25544,999,51593,0.00019418000000,0.00010712,0.0000000000000,6794.337,92.892,417.484,414.921,PAYLOAD,LARGE,ISS,1998-11-20,TTMTR,,4763420,290487603,0 ISS (ZARYA),1 25544U 98067A   25173.17490985  .00010712  00000-0  19418-3 0  9998,2 25544  51.6385 282.3529 0001886 270.6693 158.0157 15.50179970515931
3.0,GENERATED VIA SPACE-TRACK.ORG API,2025-06-22 13:46:16+00:00,18 SPCS,ISS (ZARYA),1998-067A,EARTH,TEME,UTC,SGP4,2025-06-22 12:05:13.941312+00:00,15.50184626,0.00019870,51.6384,280.7257,268.9425,195.4462,0,U,25544,999,51598,0.00016909000000,0.00009269,0.0000000000000,6794.324,92.892,417.539,414.839,PAYLOAD,LARGE,ISS,1998-11-20,TTMTR,,4763706,290524610,0 ISS (ZARYA),1 25544U 98067A   25173.50363358  .00009269  00000-0  16909-3 0  9995,2 25544  51.6384 280.7257 0001987 268.9425 195.4462 15.50184626515988
3.0,GENERATED VIA SPACE-TRACK.ORG API,2025-06-22 17:16:16+00:00,18 SPCS,ISS (ZARYA),1998-067A,EARTH,TEME,UTC,SGP4,2025-06-22 16:54:15.954912+00:00,15.50190580,0.00020260,51.6391,279.7295,272.7719,232.5001,0,U,25544,999,51601,0.00018707000000,0.00010306,0.0000000000000,6794.306,92.892,417.548,414.795,PAYLOAD,LARGE,ISS,1998-11-20,TTMTR,,4764028,290532556,0 ISS (ZARYA),1 25544U 98067A   25173.70435133  .00010306  00000-0  18707-3 0  9990,2 25544  51.6391 279.7295 0002026 272.7719 232.5001 15.50190580516013
3.0,GENERATED VIA SPACE-TRACK.ORG API,2025-06-23 08:16:18+00:00,18 SPCS,ISS (ZARYA),1998-067A,EARTH,TEME,UTC,SGP4,2025-06-23 03:06:38.297088+00:00,15.50196020,0.00021530,51.6363,277.6254,276.8659,83.2085,0,U,25544,999,51608,0.00015892000000,0.00008687,0.0000000000000,6794.290,92.891,417.618,414.692,PAYLOAD,LARGE,ISS,1998-11-20,TTMTR,,4764291,290598971,0 ISS (ZARYA),1 25544U 98067A   25174.12960992  .00008687  00000-0  15892-3 0  9994,2 25544  51.6363 277.6254 0002153 276.8659  83.2085 15.50196020516088
3.0,GENERATED VIA SPACE-TRACK.ORG API,2025-06-23 14:06:17+00:00,18 SPCS,ISS (ZARYA),1998-067A,EARTH,TEME,UTC,SGP4,2025-06-23 12:52:37.714368+00:00,15.50206624,0.00018610,51.6388,275.6025,276.5590,196.0283,0,U,25544,999,51614,0.00018249000000,0.00010049,0.0000000000000,6794.259,92.891,417.389,414.860,PAYLOAD,LARGE,ISS,1998-11-20,TTMTR,,4764304,290599159,0 ISS (ZARYA),1 25544U 98067A   25174.53654762  .00010049  00000-0  18249-3 0  9998,2 25544  51.6388 275.6025 0001861 276.5590 196.0283 15.50206624516147
3.0,GENERATED VIA SPACE-TRACK.ORG API,2025-06-23 17:56:24+00:00,18 SPCS,ISS (ZARYA),1998-067A,EARTH,TEME,UTC,SGP4,2025-06-23 15:56:50.469792+00:00,15.50209307,0.00018810,51.6389,274.9684,278.4652,188.5132,0,U,25544,999,51616,0.00018248000000,0.00010049,0.0000000000000,6794.251,92.891,417.394,414.838,PAYLOAD,LARGE,ISS,1998-11-20,TTMTR,,4764761,290610377,0 ISS (ZARYA),1 25544U 98067A   25174.66447303  .00010049  00000-0  18248-3 0  9992,2 25544  51.6389 274.9684 0001881 278.4652 188.5132 15.50209307516165
3.0,GENERATED VIA SPACE-TRACK.ORG API,2025-06-23 18:58:09+00:00,18 SPCS,ISS (ZARYA),1998-067A,EARTH,TEME,UTC,SGP4,2025-06-23 12:23:37.061088+00:00,15.50202630,0.00021380,51.6364,275.7085,278.9722,81.1025,0,U,25544,999,51614,0.00015092000000,0.00008228,0.0000000000000,6794.271,92.891,417.589,414.683,PAYLOAD,LARGE,ISS,1998-11-20,TTMTR,,4764764,290616976,0 ISS (ZARYA),1 25544U 98067A   25174.51640117  .00008228  00000-0  15092-3 0  9994,2 25544  51.6364 275.7085 0002138 278.9722  81.1025 15.50202630516140
3.0,GENERATED VIA SPACE-TRACK.ORG API,2025-06-23 23:06:32+00:00,18 SPCS,ISS (ZARYA),1998-067A,EARTH,TEME,UTC,SGP4,2025-06-23 18:34:56.160768+00:00,15.50207468,0.00021390,51.6364,274.4306,280.3833,79.6915,0,U,25544,999,51618,0.00015356000000,0.00008382,0.0000000000000,6794.257,92.891,417.575,414.669,PAYLOAD,LARGE,ISS,1998-11-20,TTMTR,,4765042,290647599,0 ISS (ZARYA),1 25544U 98067A   25174.77426112  .00008382  00000-0  15356-3 0  9993,2 25544  51.6364 274.4306 0002139 280.3833  79.6915 15.50207468516181
3.0,GENERATED VIA SPACE-TRACK.ORG API,2025-06-24 01:36:31+00:00,18 SPCS,ISS (ZARYA),1998-067A,EARTH,TEME,UTC,SGP4,2025-06-24 00:40:12.999936+00:00,15.50217141,0.00018810,51.6389,273.1667,280.5936,56.0851,0,U,25544,999,51621,0.00018307000000,0.00010086,0.0000000000000,6794.229,92.890,417.372,414.816,PAYLOAD,LARGE,ISS,1998-11-20,TTMTR,,4765110,290648679,0 ISS (ZARYA),1 25544U 98067A   25175.02792824  .00010086  00000-0  18307-3 0  9991,2 25544  51.6389 273.1667 0001881 280.5936  56.0851 15.50217141516214
3.0,GENERATED VIA SPACE-TRACK.ORG API,2025-06-24 04:36:44+00:00,18 SPCS,ISS (ZARYA),1998-067A,EARTH,TEME,UTC,SGP4,2025-06-24 02:35:11.616576+00:00,15.50218662,0.00018570,51.6390,272.7709,279.4573,143.1141,0,U,25544,999,51623,0.00018259000000,0.00010059,0.0000000000000,6794.224,92.890,417.351,414.827,PAYLOAD,LARGE,ISS,1998-11-20,TTMTR,,4765113,290678700,0 ISS (ZARYA),1 25544U 98067A   25175.10777334  .00010059  00000-0  18259-3 0  9995,2 25544  51.6390 272.7709 0001857 279.4573 143.1141 15.50218662516236
3.0,GENERATED VIA SPACE-TRACK.ORG API,2025-06-24 06:56:20+00:00,18 SPCS,ISS (ZARYA),1998-067A,EARTH,TEME,UTC,SGP4,2025-06-24 03:51:54.713088+00:00,15.50212564,0.00021570,51.6364,272.5136,282.3316,77.7431,0,U,25544,999,51624,0.00014032000000,0.00007620,0.0000000000000,6794.242,92.890,417.572,414.641,PAYLOAD,LARGE,ISS,1998-11-20,TTMTR,,4765318,290684132,0 ISS (ZARYA),1 25544U 98067A   25175.16104992  .00007620  00000-0  14032-3 0  9990,2 25544  51.6364 272.5136 0002157 282.3316  77.7431 15.50212564516241
3.0,GENERATED VIA SPACE-TRACK.ORG API,2025-06-24 16:06:18+00:00,18 SPCS,ISS (ZARYA),1998-067A,EARTH,TEME,UTC,SGP4,2025-06-24 13:08:53.145312+00:00,15.50219065,0.00021580,51.6362,270.5968,283.7617,76.3131,0,U,25544,999,51630,0.00014659000000,0.00007984,0.0000000000000,6794.223,92.890,417.554,414.622,PAYLOAD,LARGE,ISS,1998-11-20,TTMTR,,4765648,290692239,0 ISS (ZARYA),1 25544U 98067A   25175.54783733  .00007984  00000-0  14659-3 0  9996,2 25544  51.6362 270.5968 0002158 283.7617  76.3131 15.50219065516302
3.0,GENERATED VIA SPACE-TRACK.ORG API,2025-06-24 21:26:16+00:00,18 SPCS,ISS (ZARYA),1998-067A,EARTH,TEME,UTC,SGP4,2025-06-24 18:24:40.706784+00:00,15.50227804,0.00019270,51.6388,269.5022,277.8753,226.8979,0,U,25544,999,51633,0.00016877000000,0.00009265,0.0000000000000,6794.197,92.890,417.372,414.753,PAYLOAD,LARGE,ISS,1998-11-20,TTMTR,,4765725,290723606,0 ISS (ZARYA),1 25544U 98067A   25175.76713781  .00009265  00000-0  16877-3 0  9994,2 25544  51.6388 269.5022 0001927 277.8753 226.8979 15.50227804516332
3.0,GENERATED VIA SPACE-TRACK.ORG API,2025-06-25 02:12:46+00:00,18 SPCS,ISS (ZARYA),1998-067A,EARTH,TEME,UTC,SGP4,2025-06-24 17:47:22.291872+00:00,15.50223683,0.00021520,51.6362,269.6385,285.3996,74.6755,0,U,25544,999,51633,0.00016158000000,0.00008849,0.0000000000000,6794.209,92.890,417.537,414.612,PAYLOAD,LARGE,ISS,1998-11-20,TTMTR,,4766019,290736558,0 ISS (ZARYA),1 25544U 98067A   25175.74123023  .00008849  00000-0  16158-3 0  9995,2 25544  51.6362 269.6385 0002152 285.3996  74.6755 15.50223683516333
3.0,GENERATED VIA SPACE-TRACK.ORG API,2025-06-25 07:06:32+00:00,18 SPCS,ISS (ZARYA),1998-067A,EARTH,TEME,UTC,SGP4,2025-06-25 03:04:20.461440+00:00,15.50230128,0.00021690,51.6361,267.7216,287.1941,72.8811,0,U,25544,999,51639,0.00015782000000,0.00008634,0.0000000000000,6794.191,92.889,417.529,414.582,PAYLOAD,LARGE,ISS,1998-11-20,TTMTR,,4766300,290767031,0 ISS (ZARYA),1 25544U 98067A   25176.12801460  .00008634  00000-0  15782-3 0  9990,2 25544  51.6361 267.7216 0002169 287.1941  72.8811 15.50230128516393
3.0,GENERATED VIA SPACE-TRACK.ORG API,2025-06-25 14:56:17+00:00,18 SPCS,ISS (ZARYA),1998-067A,EARTH,TEME,UTC,SGP4,2025-06-25 12:21:18.561888+00:00,15.50234801,0.00021560,51.6360,265.8046,289.4560,70.6196,0,U,25544,999,51645,0.00014340000000,0.00007804,0.0000000000000,6794.177,92.889,417.507,414.577,PAYLOAD,LARGE,ISS,1998-11-20,TTMTR,,4766564,290773007,0 ISS (ZARYA),1 25544U 98067A   25176.51479817  .00007804  00000-0  14340-3 0  9997,2 25544  51.6360 265.8046 0002156 289.4560  70.6196 15.50234801516451
3.0,GENERATED VIA SPACE-TRACK.ORG API,2025-06-25 17:36:33+00:00,18 SPCS,ISS (ZARYA),1998-067A,EARTH,TEME,UTC,SGP4,2025-06-25 15:56:17.132352+00:00,15.50239840,0.00019500,51.6390,265.0566,279.7547,194.0443,0,U,25544,999,51647,0.00015277000000,0.00008346,0.0000000000000,6794.162,92.889,417.352,414.702,PAYLOAD,LARGE,ISS,1998-11-20,TTMTR,,4766630,290774444,0 ISS (ZARYA),1 25544U 98067A   25176.66408718  .00008346  00000-0  15277-3 0  9997,2 25544  51.6390 265.0566 0001950 279.7547 194.0443 15.50239840516477
3.0,GENERATED VIA SPACE-TRACK.ORG API,2025-06-25 18:19:50+00:00,18 SPCS,ISS (ZARYA),1998-067A,EARTH,TEME,UTC,SGP4,2025-06-25 13:54:08.223840+00:00,15.50236134,0.00021510,51.6360,265.4849,289.8739,70.2018,0,U,25544,999,51646,0.00014574000000,0.00007940,0.0000000000000,6794.173,92.889,417.499,414.577,PAYLOAD,LARGE,ISS,1998-11-20,TTMTR,,4766636,290781047,0 ISS (ZARYA),1 25544U 98067A   25176.57926185  .00007940  00000-0  14574-3 0  9998,2 25544  51.6360 265.4849 0002151 289.8739  70.2018 15.50236134516466
3.0,GENERATED VIA SPACE-TRACK.ORG API,2025-06-25 22:06:16+00:00,18 SPCS,ISS (ZARYA),1998-067A,EARTH,TEME,UTC,SGP4,2025-06-25 17:34:44.245920+00:00,15.50240116,0.00019900,51.6390,264.7180,278.3788,217.2311,0,U,25544,999,51648,0.00014854000000,0.00008102,0.0000000000000,6794.161,92.889,417.378,414.674,PAYLOAD,LARGE,ISS,1998-11-20,TTMTR,,4766641,290804856,0 ISS (ZARYA),1 25544U 98067A   25176.73245655  .00008102  00000-0  14854-3 0  9994,2 25544  51.6390 264.7180 0001990 278.3788 217.2311 15.50240116516482
3.0,GENERATED VIA SPACE-TRACK.ORG API,2025-06-26 04:56:16+00:00,18 SPCS,ISS (ZARYA),1998-067A,EARTH,TEME,UTC,SGP4,2025-06-26 04:11:31.839648+00:00,15.50247695,0.00019890,51.6390,262.5254,280.0025,165.2013,0,U,25544,999,51655,0.00014854000000,0.00008105,0.0000000000000,6794.139,92.888,417.356,414.653,PAYLOAD,LARGE,ISS,1998-11-20,TTMTR,,4767015,290844115,0 ISS (ZARYA),1 25544U 98067A   25177.17467407  .00008105  00000-0  14854-3 0  9997,2 25544  51.6390 262.5254 0001989 280.0025 165.2013 15.50247695516550
3.0,GENERATED VIA SPACE-TRACK.ORG API,2025-06-26 06:36:17+00:00,18 SPCS,ISS (ZARYA),1998-067A,EARTH,TEME,UTC,SGP4,2025-06-26 05:22:24.632544+00:00,15.50247662,0.00021770,51.6358,262.2903,292.8641,67.2118,0,U,25544,999,51656,0.00014796000000,0.00008071,0.0000000000000,6794.139,92.888,417.483,414.525,PAYLOAD,LARGE,ISS,1998-11-20,TTMTR,,4767097,290846609,0 ISS (ZARYA),1 25544U 98067A   25177.22389621  .00008071  00000-0  14796-3 0  9991,2 25544  51.6358 262.2903 0002177 292.8641  67.2118 15.50247662516569
3.0,GENERATED VIA SPACE-TRACK.ORG API,2025-06-26 13:46:15+00:00,18 SPCS,ISS (ZARYA),1998-067A,EARTH,TEME,UTC,SGP4,2025-06-26 12:04:20.536608+00:00,15.50252396,0.00019730,51.6389,260.8982,282.9469,195.9050,0,U,25544,999,51660,0.00014553000000,0.00007932,0.0000000000000,6794.126,92.888,417.331,414.650,PAYLOAD,LARGE,ISS,1998-11-20,TTMTR,,4767144,290847176,0 ISS (ZARYA),1 25544U 98067A   25177.50301547  .00007932  00000-0  14553-3 0  9999,2 25544  51.6389 260.8982 0001973 282.9469 195.9050 15.50252396516604
3.0,GENERATED VIA SPACE-TRACK.ORG API,2025-06-26 18:53:44+00:00,18 SPCS,ISS (ZARYA),1998-067A,EARTH,TEME,UTC,SGP4,2025-06-26 11:33:43.082496+00:00,15.50251987,0.00021660,51.6356,261.0122,294.7319,65.3444,0,U,25544,999,51660,0.00014708000000,0.00008021,0.0000000000000,6794.127,92.888,417.463,414.520,PAYLOAD,LARGE,ISS,1998-11-20,TTMTR,,4767540,290863416,0 ISS (ZARYA),1 25544U 98067A   25177.48174864  .00008021  00000-0  14708-3 0  9998,2 25544  51.6356 261.0122 0002166 294.7319  65.3444 15.50251987516609
3.0,GENERATED VIA SPACE-TRACK.ORG API,2025-06-26 21:36:23+00:00,18 SPCS,ISS (ZARYA),1998-067A,EARTH,TEME,UTC,SGP4,2025-06-26 18:22:42.655008+00:00,15.50259526,0.00020040,51.6384,259.5976,283.7673,222.4775,0,U,25544,999,51664,0.00016169000000,0.00008867,0.0000000000000,6794.105,92.888,417.331,414.608,PAYLOAD,LARGE,ISS,1998-11-20,TTMTR,,4767626,290887319,0 ISS (ZARYA),1 25544U 98067A   25177.76577147  .00008867  00000-0  16169-3 0  9991,2 25544  51.6384 259.5976 0002004 283.7673 222.4775 15.50259526516645
3.0,GENERATED VIA SPACE-TRACK.ORG API,2025-06-27 03:01:02+00:00,18 SPCS,ISS (ZARYA),1998-067A,EARTH,TEME,UTC,SGP4,2025-06-26 17:45:01.409760+00:00,15.50260382,0.00022150,51.6354,259.7345,296.9362,63.1401,0,U,25544,999,51664,0.00018464000000,0.00010192,0.0000000000000,6794.102,92.888,417.472,414.462,PAYLOAD,LARGE,ISS,1998-11-20,TTMTR,,4767969,290900704,0 ISS (ZARYA),1 25544U 98067A   25177.73959965  .00010192  00000-0  18464-3 0  9994,2 25544  51.6354 259.7345 0002215 296.9362  63.1401 15.50260382516647
3.0,GENERATED VIA SPACE-TRACK.ORG API,2025-06-27 06:56:22+00:00,18 SPCS,ISS (ZARYA),1998-067A,EARTH,TEME,UTC,SGP4,2025-06-27 04:34:48.337536+00:00,15.50270582,0.00022290,51.6352,257.4981,299.2930,60.7836,0,U,25544,999,51671,0.00019492000000,0.00010790,0.0000000000000,6794.072,92.887,417.452,414.423,PAYLOAD,LARGE,ISS,1998-11-20,TTMTR,,4768206,290930392,0 ISS (ZARYA),1 25544U 98067A   25178.19083724  .00010790  00000-0  19492-3 0  9992,2 25544  51.6352 257.4981 0002229 299.2930  60.7836 15.50270582516714
3.0,GENERATED VIA SPACE-TRACK.ORG API,2025-06-27 13:46:30+00:00,18 SPCS,ISS (ZARYA),1998-067A,EARTH,TEME,UTC,SGP4,2025-06-27 12:46:30.226656+00:00,15.50274756,0.00018780,51.6375,255.8040,293.4217,173.5801,0,U,25544,999,51676,0.00017020000000,0.00009364,0.0000000000000,6794.060,92.887,417.201,414.649,PAYLOAD,LARGE,ISS,1998-11-20,TTMTR,,4768275,290931513,0 ISS (ZARYA),1 25544U 98067A   25178.53229429  .00009364  00000-0  17020-3 0  9994,2 25544  51.6375 255.8040 0001878 293.4217 173.5801 15.50274756516767
3.0,GENERATED VIA SPACE-TRACK.ORG API,2025-06-27 23:16:17+00:00,18 SPCS,ISS (ZARYA),1998-067A,EARTH,TEME,UTC,SGP4,2025-06-27 16:57:24.644736+00:00,15.50274787,0.00022200,51.6350,254.9416,300.1430,59.9339,0,U,25544,999,51679,0.00013451000000,0.00007302,0.0000000000000,6794.060,92.887,417.433,414.417,PAYLOAD,LARGE,ISS,1998-11-20,TTMTR,,4768907,290977279,0 ISS (ZARYA),1 25544U 98067A   25178.70653524  .00007302  00000-0  13451-3 0  9994,2 25544  51.6350 254.9416 0002220 300.1430  59.9339 15.50274787516792
3.0,GENERATED VIA SPACE-TRACK.ORG API,2025-06-28 07:26:18+00:00,18 SPCS,ISS (ZARYA),1998-067A,EARTH,TEME,UTC,SGP4,2025-06-28 03:47:11.251968+00:00,15.50279857,0.00022630,51.6349,252.7052,302.4301,57.6469,0,U,25544,999,51686,0.00011381000000,0.00006109,0.0000000000000,6794.045,92.886,417.448,414.373,PAYLOAD,LARGE,ISS,1998-11-20,TTMTR,,4769263,291015813,0 ISS (ZARYA),1 25544U 98067A   25179.15776912  .00006109  00000-0  11381-3 0  9995,2 25544  51.6349 252.7052 0002263 302.4301  57.6469 15.50279857516861
3.0,GENERATED VIA SPACE-TRACK.ORG API,2025-06-28 15:06:23+00:00,18 SPCS,ISS (ZARYA),1998-067A,EARTH,TEME,UTC,SGP4,2025-06-28 11:31:18.747840+00:00,15.50283888,0.00022500,51.6347,251.1075,303.7025,56.3750,0,U,25544,999,51691,0.00011394000000,0.00006117,0.0000000000000,6794.034,92.886,417.427,414.370,PAYLOAD,LARGE,ISS,1998-11-20,TTMTR,,4769575,291023428,0 ISS (ZARYA),1 25544U 98067A   25179.48007810  .00006117  00000-0  11394-3 0  9998,2 25544  51.6347 251.1075 0002250 303.7025  56.3750 15.50283888516914
3.0,GENERATED VIA SPACE-TRACK.ORG API,2025-06-28 15:36:25+00:00,18 SPCS,ISS (ZARYA),1998-067A,EARTH,TEME,UTC,SGP4,2025-06-28 15:16:24.946176+00:00,15.50311632,0.00022730,51.6357,250.3344,307.2380,205.8554,0,U,25544,999,51693,0.00101650000000,0.00058636,0.0000000000000,6793.952,92.885,417.362,414.273,PAYLOAD,LARGE,ISS,1998-11-20,TTMTR,,4769610,291024184,0 ISS (ZARYA),1 25544U 98067A   25179.63639984  .00058636  00000-0  10165-2 0  9995,2 25544  51.6357 250.3344 0002273 307.2380 205.8554 15.50311632516937
3.0,GENERATED VIA SPACE-TRACK.ORG API,2025-06-28 23:06:36+00:00,18 SPCS,ISS (ZARYA),1998-067A,EARTH,TEME,UTC,SGP4,2025-06-28 16:09:47.210976+00:00,15.50286067,0.00022670,51.6347,250.1490,304.7962,55.2814,0,U,25544,999,51694,0.00010869000000,0.00005814,0.0000000000000,6794.027,92.886,417.432,414.352,PAYLOAD,LARGE,ISS,1998-11-20,TTMTR,,4769879,291060763,0 ISS (ZARYA),1 25544U 98067A   25179.67346309  .00005814  00000-0  10869-3 0  9997,2 25544  51.6347 250.1490 0002267 304.7962  55.2814 15.50286067516947
3.0,GENERATED VIA SPACE-TRACK.ORG API,2025-06-29 07:16:18+00:00,18 SPCS,ISS (ZARYA),1998-067A,EARTH,TEME,UTC,SGP4,2025-06-29 04:32:22.971264+00:00,15.50291699,0.00022720,51.6346,247.5926,307.1528,52.9253,0,U,25544,999,51702,0.00010021000000,0.00005326,0.0000000000000,6794.011,92.886,417.419,414.332,PAYLOAD,LARGE,ISS,1998-11-20,TTMTR,,4770210,291099210,0 ISS (ZARYA),1 25544U 98067A   25180.18915476  .00005326  00000-0  10021-3 0  9990,2 25544  51.6346 247.5926 0002272 307.1528  52.9253 15.50291699517029
3.0,GENERATED VIA SPACE-TRACK.ORG API,2025-06-29 10:26:15+00:00,18 SPCS,ISS (ZARYA),1998-067A,EARTH,TEME,UTC,SGP4,2025-06-29 09:37:36.480288+00:00,15.50296331,0.00021050,51.6371,246.5382,307.6057,156.2290,0,U,25544,999,51705,0.00011529000000,0.00006198,0.0000000000000,6793.997,92.885,417.292,414.432,PAYLOAD,LARGE,ISS,1998-11-20,TTMTR,,4770262,291100533,0 ISS (ZARYA),1 25544U 98067A   25180.40111667  .00006198  00000-0  11529-3 0  9997,2 25544  51.6371 246.5382 0002105 307.6057 156.2290 15.50296331517059
3.0,GENERATED VIA SPACE-TRACK.ORG API,2025-06-29 14:56:19+00:00,18 SPCS,ISS (ZARYA),1998-067A,EARTH,TEME,UTC,SGP4,2025-06-29 12:16:30.247680+00:00,15.50294614,0.00022940,51.6346,245.9949,308.4973,51.5810,0,U,25544,999,51707,0.00009067900000,0.00004776,0.0000000000000,6794.002,92.886,417.426,414.309,PAYLOAD,LARGE,ISS,1998-11-20,TTMTR,,4770462,291106225,0 ISS (ZARYA),1 25544U 98067A   25180.51146120  .00004776  00000-0  90679-4 0  9995,2 25544  51.6346 245.9949 0002294 308.4973  51.5810 15.50294614517077
3.0,GENERATED VIA SPACE-TRACK.ORG API,2025-06-29 17:46:15+00:00,18 SPCS,ISS (ZARYA),1998-067A,EARTH,TEME,UTC,SGP4,2025-06-29 16:00:38.308320+00:00,15.50303257,0.00021420,51.6378,245.2193,307.1771,202.1734,0,U,25544,999,51709,0.00013370000000,0.00007263,0.0000000000000,6793.977,92.885,417.297,414.387,PAYLOAD,LARGE,ISS,1998-11-20,TTMTR,,4770558,291138261,0 ISS (ZARYA),1 25544U 98067A   25180.66711005  .00007263  00000-0  13370-3 0  9997,2 25544  51.6378 245.2193 0002142 307.1771 202.1734 15.50303257517095
3.0,GENERATED VIA SPACE-TRACK.ORG API,2025-06-30 03:44:42+00:00,18 SPCS,ISS (ZARYA),1998-067A,EARTH,TEME,UTC,SGP4,2025-06-29 15:22:09.134400+00:00,15.50296518,0.00022930,51.6344,245.3558,308.8392,51.2392,0,U,25544,999,51709,0.00009256600000,0.00004885,0.0000000000000,6793.997,92.885,417.419,414.304,PAYLOAD,LARGE,ISS,1998-11-20,TTMTR,,4770867,291152548,0 ISS (ZARYA),1 25544U 98067A   25180.64038350  .00004885  00000-0  92566-4 0  9992,2 25544  51.6344 245.3558 0002293 308.8392  51.2392 15.50296518517092
3.0,GENERATED VIA SPACE-TRACK.ORG API,2025-06-30 06:56:28+00:00,18 SPCS,ISS (ZARYA),1998-067A,EARTH,TEME,UTC,SGP4,2025-06-30 03:44:44.606976+00:00,15.50302098,0.00022950,51.6344,242.7996,311.2029,48.8762,0,U,25544,999,51717,0.00008990700000,0.00004733,0.0000000000000,6793.980,92.885,417.405,414.286,PAYLOAD,LARGE,ISS,1998-11-20,TTMTR,,4771063,291180994,0 ISS (ZARYA),1 25544U 98067A   25181.15607184  .00004733  00000-0  89907-4 0  9993,2 25544  51.6344 242.7996 0002295 311.2029  48.8762 15.50302098517179
3.0,GENERATED VIA SPACE-TRACK.ORG API,2025-06-30 13:36:17+00:00,18 SPCS,ISS (ZARYA),1998-067A,EARTH,TEME,UTC,SGP4,2025-06-30 12:03:12.496608+00:00,15.50310306,0.00020250,51.6368,241.0803,315.1407,178.1533,0,U,25544,999,51722,0.00011614000000,0.00006250,0.0000000000000,6793.956,92.885,417.197,414.446,PAYLOAD,LARGE,ISS,1998-11-20,TTMTR,,4771126,291182229,0 ISS (ZARYA),1 25544U 98067A   25181.50222797  .00006250  00000-0  11614-3 0  9990,2 25544  51.6368 241.0803 0002025 315.1407 178.1533 15.50310306517228
3.0,GENERATED VIA SPACE-TRACK.ORG API,2025-06-30 15:06:17+00:00,18 SPCS,ISS (ZARYA),1998-067A,EARTH,TEME,UTC,SGP4,2025-06-30 13:01:41.093472+00:00,15.50306257,0.00023160,51.6345,240.8823,311.9733,48.1059,0,U,25544,999,51723,0.00008822700000,0.00004637,0.0000000000000,6793.968,92.885,417.407,414.260,PAYLOAD,LARGE,ISS,1998-11-20,TTMTR,,4771372,291188606,0 ISS (ZARYA),1 25544U 98067A   25181.54283673  .00004637  00000-0  88227-4 0  9996,2 25544  51.6345 240.8823 0002316 311.9733  48.1059 15.50306257517231
3.0,GENERATED VIA SPACE-TRACK.ORG API,2025-06-30 17:36:16+00:00,18 SPCS,ISS (ZARYA),1998-067A,EARTH,TEME,UTC,SGP4,2025-06-30 14:59:32.292384+00:00,15.50310910,0.00020740,51.6367,240.4728,316.5314,140.6278,0,U,25544,999,51724,0.00011156000000,0.00005986,0.0000000000000,6793.955,92.885,417.229,414.411,PAYLOAD,LARGE,ISS,1998-11-20,TTMTR,,4771467,291220853,0 ISS (ZARYA),1 25544U 98067A   25181.62467931  .00005986  00000-0  11156-3 0  9990,2 25544  51.6367 240.4728 0002074 316.5314 140.6278 15.50310910517245
3.0,GENERATED VIA SPACE-TRACK.ORG API,2025-06-30 21:16:43+00:00,18 SPCS,ISS (ZARYA),1998-067A,EARTH,TEME,UTC,SGP4,2025-06-30 20:38:53.999808+00:00,15.50312841,0.00020950,51.6365,239.3035,317.1043,16.2145,0,U,25544,999,51727,0.00010713000000,0.00005730,0.0000000000000,6793.949,92.884,417.237,414.391,PAYLOAD,LARGE,ISS,1998-11-20,TTMTR,,4771473,291220898,0 ISS (ZARYA),1 25544U 98067A   25181.86034722  .00005730  00000-0  10713-3 0  9999,2 25544  51.6365 239.3035 0002095 317.1043  16.2145 15.50312841517279
3.0,GENERATED VIA SPACE-TRACK.ORG API,2025-07-01 02:15:15+00:00,18 SPCS,ISS (ZARYA),1998-067A,EARTH,TEME,UTC,SGP4,2025-06-30 19:12:58.700160+00:00,15.50309575,0.00023170,51.6345,239.6041,313.2634,46.8161,0,U,25544,999,51727,0.00009213600000,0.00004863,0.0000000000000,6793.958,92.885,417.398,414.249,PAYLOAD,LARGE,ISS,1998-11-20,TTMTR,,4771813,291235785,0 ISS (ZARYA),1 25544U 98067A   25181.80067940  .00004863  00000-0  92136-4 0  9997,2 25544  51.6345 239.6041 0002317 313.2634  46.8161 15.50309575517274
3.0,GENERATED VIA SPACE-TRACK.ORG API,2025-07-01 07:06:50+00:00,18 SPCS,ISS (ZARYA),1998-067A,EARTH,TEME,UTC,SGP4,2025-07-01 04:29:55.076064+00:00,15.50314091,0.00023310,51.6345,237.6869,315.1210,44.9590,0,U,25544,999,51733,0.00009753700000,0.00005176,0.0000000000000,6793.945,92.884,417.394,414.227,PAYLOAD,LARGE,ISS,1998-11-20,TTMTR,,4772067,291295497,0 ISS (ZARYA),1 25544U 98067A   25182.18744301  .00005176  00000-0  97537-4 0  9990,2 25544  51.6345 237.6869 0002331 315.1210  44.9590 15.50314091517338
3.0,GENERATED VIA SPACE-TRACK.ORG API,2025-07-01 14:46:55+00:00,18 SPCS,ISS (ZARYA),1998-067A,EARTH,TEME,UTC,SGP4,2025-07-01 14:27:46.735200+00:00,15.50319249,0.00020780,51.6362,235.6237,320.5297,198.2707,0,U,25544,999,51739,0.00009879500000,0.00005250,0.0000000000000,6793.930,92.884,417.207,414.383,PAYLOAD,LARGE,ISS,1998-11-20,TTMTR,,4772292,291300731,0 ISS (ZARYA),1 25544U 98067A   25182.60262425  .00005250  00000-0  98795-4 0  9999,2 25544  51.6362 235.6237 0002078 320.5297 198.2707 15.50319249517396
3.0,GENERATED VIA SPACE-TRACK.ORG API,2025-07-01 21:16:31+00:00,18 SPCS,ISS (ZARYA),1998-067A,EARTH,TEME,UTC,SGP4,2025-07-01 15:47:34.318176+00:00,15.50319280,0.00021620,51.6360,235.3486,320.4564,147.8083,0,U,25544,999,51740,0.00009641800000,0.00005112,0.0000000000000,6793.930,92.884,417.264,414.326,PAYLOAD,LARGE,ISS,1998-11-20,TTMTR,,4772472,291334374,0 ISS (ZARYA),1 25544U 98067A   25182.65803609  .00005112  00000-0  96418-4 0  9996,2 25544  51.6360 235.3486 0002162 320.4564 147.8083 15.50319280517401
3.0,GENERATED VIA SPACE-TRACK.ORG API,2025-07-01 23:06:21+00:00,18 SPCS,ISS (ZARYA),1998-067A,EARTH,TEME,UTC,SGP4,2025-07-01 19:58:08.780448+00:00,15.50322094,0.00023520,51.6347,234.4916,318.4634,41.6176,0,U,25544,999,51743,0.00010743000000,0.00005749,0.0000000000000,6793.922,92.884,417.385,414.189,PAYLOAD,LARGE,ISS,1998-11-20,TTMTR,,4772772,291341150,0 ISS (ZARYA),1 25544U 98067A   25182.83204607  .00005749  00000-0  10743-3 0  9991,2 25544  51.6347 234.4916 0002352 318.4634  41.6176 15.50322094517434
3.0,GENERATED VIA SPACE-TRACK.ORG API,2025-07-02 06:06:22+00:00,18 SPCS,ISS (ZARYA),1998-067A,EARTH,TEME,UTC,SGP4,2025-07-02 04:07:00.053760+00:00,15.50326686,0.00021620,51.6357,232.8024,321.8485,134.2034,0,U,25544,999,51748,0.00010070000000,0.00005361,0.0000000000000,6793.908,92.884,417.242,414.305,PAYLOAD,LARGE,ISS,1998-11-20,TTMTR,,4772821,291403201,0 ISS (ZARYA),1 25544U 98067A   25183.17152840  .00005361  00000-0  10070-3 0  9993,2 25544  51.6357 232.8024 0002162 321.8485 134.2034 15.50326686517486
3.0,GENERATED VIA SPACE-TRACK.ORG API,2025-07-02 15:06:20+00:00,18 SPCS,ISS (ZARYA),1998-067A,EARTH,TEME,UTC,SGP4,2025-07-02 11:26:21.627744+00:00,15.50345296,0.00023690,51.6344,231.2960,323.3310,36.7517,0,U,25544,999,51753,0.00012554000000,0.00006802,0.0000000000000,6793.854,92.883,417.329,414.110,PAYLOAD,LARGE,ISS,1998-11-20,TTMTR,,4773405,291417448,0 ISS (ZARYA),1 25544U 98067A   25183.47663921  .00006802  00000-0  12554-3 0  9993,2 25544  51.6344 231.2960 0002369 323.3310  36.7517 15.50345296517533
3.0,GENERATED VIA SPACE-TRACK.ORG API,2025-07-02 20:56:29+00:00,18 SPCS,ISS (ZARYA),1998-067A,EARTH,TEME,UTC,SGP4,2025-07-02 20:36:11.000160+00:00,15.50337006,0.00025050,51.6357,229.3983,324.9211,7.6111,0,U,25544,999,51758,-0.00028156000000,-0.00016683,0.0000000000000,6793.878,92.883,417.445,414.041,PAYLOAD,LARGE,ISS,1998-11-20,TTMTR,,4773468,291480064,0 ISS (ZARYA),1 25544U 98067A   25183.85846065 -.00016683  00000-0 -28156-3 0  9992,2 25544  51.6357 229.3983 0002505 324.9211   7.6111 15.50337006517581
3.0,GENERATED VIA SPACE-TRACK.ORG API,2025-07-03 03:40:39+00:00,18 SPCS,ISS (ZARYA),1998-067A,EARTH,TEME,UTC,SGP4,2025-07-02 19:10:27.939936+00:00,15.50349436,0.00023840,51.6345,229.6983,324.3477,35.7352,0,U,25544,999,51758,0.00011479000000,0.00006181,0.0000000000000,6793.842,92.882,417.327,414.087,PAYLOAD,LARGE,ISS,1998-11-20,TTMTR,,4773777,291493659,0 ISS (ZARYA),1 25544U 98067A   25183.79893449  .00006181  00000-0  11479-3 0  9993,2 25544  51.6345 229.6983 0002384 324.3477  35.7352 15.50349436517583
3.0,GENERATED VIA SPACE-TRACK.ORG API,2025-07-03 07:16:31+00:00,18 SPCS,ISS (ZARYA),1998-067A,EARTH,TEME,UTC,SGP4,2025-07-03 04:27:23.440608+00:00,15.50353239,0.00023920,51.6344,227.7809,326.5974,33.4863,0,U,25544,999,51764,0.00010343000000,0.00005524,0.0000000000000,6793.831,92.882,417.321,414.071,PAYLOAD,LARGE,ISS,1998-11-20,TTMTR,,4774078,291524667,0 ISS (ZARYA),1 25544U 98067A   25184.18568797  .00005524  00000-0  10343-3 0  9991,2 25544  51.6344 227.7809 0002392 326.5974  33.4863 15.50353239517648
3.0,GENERATED VIA SPACE-TRACK.ORG API,2025-07-03 12:56:17+00:00,18 SPCS,ISS (ZARYA),1998-067A,EARTH,TEME,UTC,SGP4,2025-07-03 10:38:40.393248+00:00,15.50355829,0.00024040,51.6345,226.5029,327.7147,32.3695,0,U,25544,999,51768,0.00009886600000,0.00005261,0.0000000000000,6793.823,92.882,417.322,414.055,PAYLOAD,LARGE,ISS,1998-11-20,TTMTR,,4774128,291526291,0 ISS (ZARYA),1 25544U 98067A   25184.44352307  .00005261  00000-0  98866-4 0  9993,2 25544  51.6345 226.5029 0002404 327.7147  32.3695 15.50355829517681
3.0,GENERATED VIA SPACE-TRACK.ORG API,2025-07-03 13:56:18+00:00,18 SPCS,ISS (ZARYA),1998-067A,EARTH,TEME,UTC,SGP4,2025-07-03 12:49:30.188352+00:00,15.50360675,0.00021530,51.6361,226.0493,329.4547,178.0509,0,U,25544,999,51769,0.00014126000000,0.00007716,0.0000000000000,6793.809,92.882,417.137,414.211,PAYLOAD,LARGE,ISS,1998-11-20,TTMTR,,4774129,291526292,0 ISS (ZARYA),1 25544U 98067A   25184.53437718  .00007716  00000-0  14126-3 0  9996,2 25544  51.6361 226.0493 0002153 329.4547 178.0509 15.50360675517691
3.0,GENERATED VIA SPACE-TRACK.ORG API,2025-07-03 21:36:27+00:00,18 SPCS,ISS (ZARYA),1998-067A,EARTH,TEME,UTC,SGP4,2025-07-03 17:17:19.078944+00:00,15.50362223,0.00020910,51.6362,225.1235,328.2731,137.9413,0,U,25544,999,51772,0.00014724000000,0.00008064,0.0000000000000,6793.805,92.882,417.090,414.249,PAYLOAD,LARGE,ISS,1998-11-20,TTMTR,,4774481,291595046,0 ISS (ZARYA),1 25544U 98067A   25184.72035971  .00008064  00000-0  14724-3 0  9993,2 25544  51.6362 225.1235 0002091 328.2731 137.9413 15.50362223517722
3.0,GENERATED VIA SPACE-TRACK.ORG API,2025-07-04 03:20:15+00:00,18 SPCS,ISS (ZARYA),1998-067A,EARTH,TEME,UTC,SGP4,2025-07-03 13:44:18.835872+00:00,15.50358139,0.00024040,51.6344,225.8637,328.2751,31.8093,0,U,25544,999,51770,0.00010472000000,0.00005600,0.0000000000000,6793.817,92.882,417.315,414.048,PAYLOAD,LARGE,ISS,1998-11-20,TTMTR,,4774767,291608245,0 ISS (ZARYA),1 25544U 98067A   25184.57244023  .00005600  00000-0  10472-3 0  9995,2 25544  51.6344 225.8637 0002404 328.2751  31.8093 15.50358139517700
3.0,GENERATED VIA SPACE-TRACK.ORG API,2025-07-04 06:06:17+00:00,18 SPCS,ISS (ZARYA),1998-067A,EARTH,TEME,UTC,SGP4,2025-07-04 03:39:41.749920+00:00,15.50365120,0.00024270,51.6344,222.9877,330.6237,29.4615,0,U,25544,999,51779,0.00010394000000,0.00005556,0.0000000000000,6793.796,92.881,417.310,414.012,PAYLOAD,LARGE,ISS,1998-11-20,TTMTR,,4774769,291632231,0 ISS (ZARYA),1 25544U 98067A   25185.15256655  .00005556  00000-0  10394-3 0  9997,2 25544  51.6344 222.9877 0002427 330.6237  29.4615 15.50365120517795
3.0,GENERATED VIA SPACE-TRACK.ORG API,2025-07-04 14:56:26+00:00,18 SPCS,ISS (ZARYA),1998-067A,EARTH,TEME,UTC,SGP4,2025-07-04 11:23:47.709600+00:00,15.50368910,0.00024500,51.6344,221.3901,331.8120,28.2736,0,U,25544,999,51784,0.00010282000000,0.00005492,0.0000000000000,6793.785,92.881,417.315,413.986,PAYLOAD,LARGE,ISS,1998-11-20,TTMTR,,4775299,291645926,0 ISS (ZARYA),1 25544U 98067A   25185.47485775  .00005492  00000-0  10282-3 0  9994,2 25544  51.6344 221.3901 0002450 331.8120  28.2736 15.50368910517843
3.0,GENERATED VIA SPACE-TRACK.ORG API,2025-07-04 22:46:17+00:00,18 SPCS,ISS (ZARYA),1998-067A,EARTH,TEME,UTC,SGP4,2025-07-04 19:07:53.593248+00:00,15.50372911,0.00024510,51.6344,219.7923,333.2220,26.8642,0,U,25544,999,51789,0.00010287000000,0.00005496,0.0000000000000,6793.773,92.881,417.304,413.973,PAYLOAD,LARGE,ISS,1998-11-20,TTMTR,,4775683,291685545,0 ISS (ZARYA),1 25544U 98067A   25185.79714807  .00005496  00000-0  10287-3 0  9999,2 25544  51.6344 219.7923 0002451 333.2220  26.8642 15.50372911517897
3.0,GENERATED VIA SPACE-TRACK.ORG API,2025-07-05 07:06:39+00:00,18 SPCS,ISS (ZARYA),1998-067A,EARTH,TEME,UTC,SGP4,2025-07-05 04:24:48.525408+00:00,15.50380546,0.00024900,51.6345,217.8755,335.5645,24.5226,0,U,25544,999,51795,0.00012417000000,0.00006732,0.0000000000000,6793.751,92.880,417.308,413.924,PAYLOAD,LARGE,ISS,1998-11-20,TTMTR,,4775975,291723614,0 ISS (ZARYA),1 25544U 98067A   25186.18389497  .00006732  00000-0  12417-3 0  9997,2 25544  51.6345 217.8755 0002490 335.5645  24.5226 15.50380546517952
3.0,GENERATED VIA SPACE-TRACK.ORG API,2025-07-05 14:56:19+00:00,18 SPCS,ISS (ZARYA),1998-067A,EARTH,TEME,UTC,SGP4,2025-07-05 12:08:54.250080+00:00,15.50384048,0.00024920,51.6343,216.2777,336.9059,23.1817,0,U,25544,999,51800,0.00012412000000,0.00006730,0.0000000000000,6793.741,92.880,417.299,413.913,PAYLOAD,LARGE,ISS,1998-11-20,TTMTR,,4776289,291731393,0 ISS (ZARYA),1 25544U 98067A   25186.50618345  .00006730  00000-0  12412-3 0  9993,2 25544  51.6343 216.2777 0002492 336.9059  23.1817 15.50384048518002
3.0,GENERATED VIA SPACE-TRACK.ORG API,2025-07-05 23:06:17+00:00,18 SPCS,ISS (ZARYA),1998-067A,EARTH,TEME,UTC,SGP4,2025-07-05 19:52:59.834784+00:00,15.50389624,0.00025070,51.6342,214.6801,338.0294,22.0587,0,U,25544,999,51805,0.00013106000000,0.00007133,0.0000000000000,6793.725,92.880,417.293,413.886,PAYLOAD,LARGE,ISS,1998-11-20,TTMTR,,4776644,291769872,0 ISS (ZARYA),1 25544U 98067A   25186.82847031  .00007133  00000-0  13106-3 0  9993,2 25544  51.6342 214.6801 0002507 338.0294  22.0587 15.50389624518054
3.0,GENERATED VIA SPACE-TRACK.ORG API,2025-07-06 04:16:29+00:00,18 SPCS,ISS (ZARYA),1998-067A,EARTH,TEME,UTC,SGP4,2025-07-06 02:12:59.620608+00:00,15.50394399,0.00021140,51.6367,213.3667,338.6457,55.2833,0,U,25544,999,51809,0.00012518000000,0.00006794,0.0000000000000,6793.711,92.880,417.012,414.139,PAYLOAD,LARGE,ISS,1998-11-20,TTMTR,,4776706,291801207,0 ISS (ZARYA),1 25544U 98067A   25187.09235672  .00006794  00000-0  12518-3 0  9993,2 25544  51.6367 213.3667 0002114 338.6457  55.2833 15.50394399518099
3.0,GENERATED VIA SPACE-TRACK.ORG API,2025-07-06 07:16:24+00:00,18 SPCS,ISS (ZARYA),1998-067A,EARTH,TEME,UTC,SGP4,2025-07-06 05:09:54.448128+00:00,15.50395869,0.00025170,51.6341,212.7627,339.7243,20.3646,0,U,25544,999,51811,0.00013705000000,0.00007482,0.0000000000000,6793.706,92.880,417.281,413.861,PAYLOAD,LARGE,ISS,1998-11-20,TTMTR,,4777002,291808604,0 ISS (ZARYA),1 25544U 98067A   25187.21521352  .00007482  00000-0  13705-3 0  9994,2 25544  51.6341 212.7627 0002517 339.7243  20.3646 15.50395869518113
3.0,GENERATED VIA SPACE-TRACK.ORG API,2025-07-06 14:56:17+00:00,18 SPCS,ISS (ZARYA),1998-067A,EARTH,TEME,UTC,SGP4,2025-07-06 12:53:59.854848+00:00,15.50400814,0.00025310,51.6339,211.1650,341.3331,18.7565,0,U,25544,999,51816,0.00013634000000,0.00007443,0.0000000000000,6793.692,92.879,417.276,413.837,PAYLOAD,LARGE,ISS,1998-11-20,TTMTR,,4777232,291814528,0 ISS (ZARYA),1 25544U 98067A   25187.53749832  .00007443  00000-0  13634-3 0  9992,2 25544  51.6339 211.1650 0002531 341.3331  18.7565 15.50400814518165
3.0,GENERATED VIA SPACE-TRACK.ORG API,2025-07-07 06:26:18+00:00,18 SPCS,ISS (ZARYA),1998-067A,EARTH,TEME,UTC,SGP4,2025-07-07 06:17:07.143072+00:00,15.50411937,0.00021680,51.6365,207.5680,344.4653,101.4649,0,U,25544,999,51827,0.00012695000000,0.00006901,0.0000000000000,6793.659,92.879,416.997,414.052,PAYLOAD,LARGE,ISS,1998-11-20,TTMTR,,4777667,291885427,0 ISS (ZARYA),1 25544U 98067A   25188.26188823  .00006901  00000-0  12695-3 0  9994,2 25544  51.6365 207.5680 0002168 344.4653 101.4649 15.50411937518276
3.0,GENERATED VIA SPACE-TRACK.ORG API,2025-07-07 10:56:31+00:00,18 SPCS,ISS (ZARYA),1998-067A,EARTH,TEME,UTC,SGP4,2025-07-07 09:24:14.393664+00:00,15.50414693,0.00021920,51.6363,206.9237,345.2586,106.4404,0,U,25544,999,51829,0.00013010000000,0.00007084,0.0000000000000,6793.651,92.878,417.006,414.027,PAYLOAD,LARGE,ISS,1998-11-20,TTMTR,,4777897,291890894,0 ISS (ZARYA),1 25544U 98067A   25188.39183326  .00007084  00000-0  13010-3 0  9996,2 25544  51.6363 206.9237 0002192 345.2586 106.4404 15.50414693518294
3.0,GENERATED VIA SPACE-TRACK.ORG API,2025-07-07 14:46:18+00:00,18 SPCS,ISS (ZARYA),1998-067A,EARTH,TEME,UTC,SGP4,2025-07-07 12:06:15.305184+00:00,15.50419404,0.00025510,51.6337,206.3714,344.5753,15.5158,0,U,25544,999,51831,0.00014575000000,0.00007994,0.0000000000000,6793.638,92.878,417.236,413.770,PAYLOAD,LARGE,ISS,1998-11-20,TTMTR,,4778051,291894870,0 ISS (ZARYA),1 25544U 98067A   25188.50434381  .00007994  00000-0  14575-3 0  9996,2 25544  51.6337 206.3714 0002551 344.5753  15.5158 15.50419404518310
3.0,GENERATED VIA SPACE-TRACK.ORG API,2025-07-07 19:56:30+00:00,18 SPCS,ISS (ZARYA),1998-067A,EARTH,TEME,UTC,SGP4,2025-07-07 18:12:48.999744+00:00,15.50423828,0.00020900,51.6365,205.1058,346.9572,354.8920,0,U,25544,999,51834,0.00014526000000,0.00007967,0.0000000000000,6793.625,92.878,416.910,414.070,PAYLOAD,LARGE,ISS,1998-11-20,TTMTR,,4778101,291926023,0 ISS (ZARYA),1 25544U 98067A   25188.75890046  .00007967  00000-0  14526-3 0  9993,2 25544  51.6365 205.1058 0002090 346.9572 354.8920 15.50423828518346
3.0,GENERATED VIA SPACE-TRACK.ORG API,2025-07-07 21:16:44+00:00,18 SPCS,ISS (ZARYA),1998-067A,EARTH,TEME,UTC,SGP4,2025-07-07 19:49:11.000064+00:00,15.50422679,0.00021410,51.6366,204.7716,348.1048,7.5113,0,U,25544,999,51835,0.00013458000000,0.00007346,0.0000000000000,6793.628,92.878,416.948,414.039,PAYLOAD,LARGE,ISS,1998-11-20,TTMTR,,4778104,291926026,0 ISS (ZARYA),1 25544U 98067A   25188.82582176  .00007346  00000-0  13458-3 0  9997,2 25544  51.6366 204.7716 0002141 348.1048   7.5113 15.50422679518352
3.0,GENERATED VIA SPACE-TRACK.ORG API,2025-07-08 01:46:45+00:00,18 SPCS,ISS (ZARYA),1998-067A,EARTH,TEME,UTC,SGP4,2025-07-08 00:35:01.368960+00:00,15.50426481,0.00021620,51.6367,203.7870,349.2763,35.0069,0,U,25544,999,51839,0.00013652000000,0.00007460,0.0000000000000,6793.617,92.878,416.951,414.013,PAYLOAD,LARGE,ISS,1998-11-20,TTMTR,,4778496,291935657,0 ISS (ZARYA),1 25544U 98067A   25189.02432140  .00007460  00000-0  13652-3 0  9998,2 25544  51.6367 203.7870 0002162 349.2763  35.0069 15.50426481518397
3.0,GENERATED VIA SPACE-TRACK.ORG API,2025-07-08 02:27:36+00:00,18 SPCS,ISS (ZARYA),1998-067A,EARTH,TEME,UTC,SGP4,2025-07-07 18:17:31.253856+00:00,15.50423801,0.00025590,51.6337,205.0932,345.2175,14.8739,0,U,25544,999,51835,0.00013691000000,0.00007482,0.0000000000000,6793.625,92.878,417.228,413.751,PAYLOAD,LARGE,ISS,1998-11-20,TTMTR,,4778497,291941925,0 ISS (ZARYA),1 25544U 98067A   25188.76216729  .00007482  00000-0  13691-3 0  9998,2 25544  51.6337 205.0932 0002559 345.2175  14.8739 15.50423801518359
3.0,GENERATED VIA SPACE-TRACK.ORG API,2025-07-08 05:16:15+00:00,18 SPCS,ISS (ZARYA),1998-067A,EARTH,TEME,UTC,SGP4,2025-07-08 04:04:36.426720+00:00,15.50429366,0.00021510,51.6362,203.0667,350.1358,127.0487,0,U,25544,999,51841,0.00013870000000,0.00007588,0.0000000000000,6793.609,92.877,416.935,414.012,PAYLOAD,LARGE,ISS,1998-11-20,TTMTR,,4778506,291965916,0 ISS (ZARYA),1 25544U 98067A   25189.16986605  .00007588  00000-0  13870-3 0  9996,2 25544  51.6362 203.0667 0002151 350.1358 127.0487 15.50429366518412
3.0,GENERATED VIA SPACE-TRACK.ORG API,2025-07-08 07:07:00+00:00,18 SPCS,ISS (ZARYA),1998-067A,EARTH,TEME,UTC,SGP4,2025-07-08 05:07:14.033568+00:00,15.50431524,0.00024990,51.6336,202.8559,346.6817,13.4106,0,U,25544,999,51842,0.00013303000000,0.00007259,0.0000000000000,6793.602,92.877,417.165,413.770,PAYLOAD,LARGE,ISS,1998-11-20,TTMTR,,4778823,291973498,0 ISS (ZARYA),1 25544U 98067A   25189.21335687  .00007259  00000-0  13303-3 0  9996,2 25544  51.6336 202.8559 0002499 346.6817  13.4106 15.50431524518421
3.0,GENERATED VIA SPACE-TRACK.ORG API,2025-07-08 14:56:18+00:00,18 SPCS,ISS (ZARYA),1998-067A,EARTH,TEME,UTC,SGP4,2025-07-08 11:18:29.845728+00:00,15.50436111,0.00025560,51.6335,201.5778,347.9995,12.0932,0,U,25544,999,51846,0.00013689000000,0.00007484,0.0000000000000,6793.589,92.877,417.190,413.717,PAYLOAD,LARGE,ISS,1998-11-20,TTMTR,,4779134,291980753,0 ISS (ZARYA),1 25544U 98067A   25189.47117877  .00007484  00000-0  13689-3 0  9990,2 25544  51.6335 201.5778 0002556 347.9995  12.0932 15.50436111518467
3.0,GENERATED VIA SPACE-TRACK.ORG API,2025-07-08 15:36:28+00:00,18 SPCS,ISS (ZARYA),1998-067A,EARTH,TEME,UTC,SGP4,2025-07-08 13:28:36.763104+00:00,15.50438911,0.00020570,51.6359,201.1248,352.4632,152.3101,0,U,25544,999,51847,0.00015022000000,0.00008259,0.0000000000000,6793.581,92.877,416.843,414.048,PAYLOAD,LARGE,ISS,1998-11-20,TTMTR,,4779175,291982064,0 ISS (ZARYA),1 25544U 98067A   25189.56153661  .00008259  00000-0  15022-3 0  9995,2 25544  51.6359 201.1248 0002057 352.4632 152.3101 15.50438911518473
3.0,GENERATED VIA SPACE-TRACK.ORG API,2025-07-08 17:26:03+00:00,18 SPCS,ISS (ZARYA),1998-067A,EARTH,TEME,UTC,SGP4,2025-07-08 12:51:18.785376+00:00,15.50437182,0.00025570,51.6334,201.2582,348.2513,11.8416,0,U,25544,999,51847,0.00013560000000,0.00007410,0.0000000000000,6793.586,92.877,417.188,413.714,PAYLOAD,LARGE,ISS,1998-11-20,TTMTR,,4779207,291988861,0 ISS (ZARYA),1 25544U 98067A   25189.53563409  .00007410  00000-0  13560-3 0  9990,2 25544  51.6334 201.2582 0002557 348.2513  11.8416 15.50437182518471
3.0,GENERATED VIA SPACE-TRACK.ORG API,2025-07-08 17:56:16+00:00,18 SPCS,ISS (ZARYA),1998-067A,EARTH,TEME,UTC,SGP4,2025-07-08 13:28:36.763104+00:00,15.50439726,0.00021080,51.6361,201.1254,351.9340,152.8396,0,U,25544,999,51847,0.00015444000000,0.00008505,0.0000000000000,6793.578,92.877,416.875,414.011,PAYLOAD,LARGE,ISS,1998-11-20,TTMTR,,4779211,292012669,0 ISS (ZARYA),1 25544U 98067A   25189.56153661  .00008505  00000-0  15444-3 0  9997,2 25544  51.6361 201.1254 0002108 351.9340 152.8396 15.50439726518476
3.0,GENERATED VIA SPACE-TRACK.ORG API,2025-07-08 21:16:28+00:00,18 SPCS,ISS (ZARYA),1998-067A,EARTH,TEME,UTC,SGP4,2025-07-08 13:28:36.763104+00:00,15.50439163,0.00019290,51.6358,201.1248,350.4791,154.2966,0,U,25544,999,51847,0.00015099000000,0.00008304,0.0000000000000,6793.580,92.877,416.755,414.134,PAYLOAD,LARGE,ISS,1998-11-20,TTMTR,,4779218,292012715,0 ISS (ZARYA),1 25544U 98067A   25189.56153661  .00008304  00000-0  15099-3 0  9990,2 25544  51.6358 201.1248 0001929 350.4791 154.2966 15.50439163518473
3.0,GENERATED VIA SPACE-TRACK.ORG API,2025-07-08 22:56:42+00:00,18 SPCS,ISS (ZARYA),1998-067A,EARTH,TEME,UTC,SGP4,2025-07-08 20:35:23.436096+00:00,15.50441982,0.00025690,51.6334,199.6604,349.2805,10.8129,0,U,25544,999,51852,0.00013082000000,0.00007133,0.0000000000000,6793.572,92.877,417.182,413.691,PAYLOAD,LARGE,ISS,1998-11-20,TTMTR,,4779440,292018744,0 ISS (ZARYA),1 25544U 98067A   25189.85791014  .00007133  00000-0  13082-3 0  9991,2 25544  51.6334 199.6604 0002569 349.2805  10.8129 15.50441982518523
3.0,GENERATED VIA SPACE-TRACK.ORG API,2025-07-09 02:06:46+00:00,18 SPCS,ISS (ZARYA),1998-067A,EARTH,TEME,UTC,SGP4,2025-07-09 00:35:34.360800+00:00,15.50447055,0.00021180,51.6358,198.8275,354.0350,217.6565,0,U,25544,999,51854,0.00015053000000,0.00008280,0.0000000000000,6793.557,92.876,416.861,413.983,PAYLOAD,LARGE,ISS,1998-11-20,TTMTR,,4779529,292020190,0 ISS (ZARYA),1 25544U 98067A   25190.02470325  .00008280  00000-0  15053-3 0  9995,2 25544  51.6358 198.8275 0002118 354.0350 217.6565 15.50447055518543
3.0,GENERATED VIA SPACE-TRACK.ORG API,2025-07-09 15:16:31+00:00,18 SPCS,ISS (ZARYA),1998-067A,EARTH,TEME,UTC,SGP4,2025-07-09 12:30:53.002656+00:00,15.50452632,0.00025390,51.6352,196.3664,358.9095,107.2378,0,U,25544,999,51862,0.00013435000000,0.00007341,0.0000000000000,6793.541,92.876,417.130,413.681,PAYLOAD,LARGE,ISS,1998-11-20,TTMTR,,4780034,292062628,0 ISS (ZARYA),1 25544U 98067A   25190.52144679  .00007341  00000-0  13435-3 0  9999,2 25544  51.6352 196.3664 0002539 358.9095 107.2378 15.50452632518620
3.0,GENERATED VIA SPACE-TRACK.ORG API,2025-07-09 21:06:29+00:00,18 SPCS,ISS (ZARYA),1998-067A,EARTH,TEME,UTC,SGP4,2025-07-09 20:03:13.146048+00:00,15.50459844,0.00022400,51.6355,194.8070,357.9627,62.6688,0,U,25544,999,51867,0.00014719000000,0.00008089,0.0000000000000,6793.519,92.876,416.906,413.863,PAYLOAD,LARGE,ISS,1998-11-20,TTMTR,,4780051,292093287,0 ISS (ZARYA),1 25544U 98067A   25190.83556882  .00008089  00000-0  14719-3 0  9992,2 25544  51.6355 194.8070 0002240 357.9627  62.6688 15.50459844518671
3.0,GENERATED VIA SPACE-TRACK.ORG API,2025-07-10 03:09:22+00:00,18 SPCS,ISS (ZARYA),1998-067A,EARTH,TEME,UTC,SGP4,2025-07-09 19:47:36.861216+00:00,15.50457452,0.00026240,51.6333,194.8671,353.3499,6.7454,0,U,25544,999,51867,0.00013511000000,0.00007387,0.0000000000000,6793.526,92.876,417.174,413.609,PAYLOAD,LARGE,ISS,1998-11-20,TTMTR,,4780393,292107936,0 ISS (ZARYA),1 25544U 98067A   25190.82473219  .00007387  00000-0  13511-3 0  9992,2 25544  51.6333 194.8671 0002624 353.3499   6.7454 15.50457452518670
3.0,GENERATED VIA SPACE-TRACK.ORG API,2025-07-10 05:36:16+00:00,18 SPCS,ISS (ZARYA),1998-067A,EARTH,TEME,UTC,SGP4,2025-07-10 05:27:30.808224+00:00,15.50465878,0.00025090,51.6351,192.8633,1.3942,87.9726,0,U,25544,999,51873,0.00014530000000,0.00007981,0.0000000000000,6793.502,92.875,417.071,413.662,PAYLOAD,LARGE,ISS,1998-11-20,TTMTR,,4780399,292131945,0 ISS (ZARYA),1 25544U 98067A   25191.22743991  .00007981  00000-0  14530-3 0  9996,2 25544  51.6351 192.8633 0002509   1.3942  87.9726 15.50465878518732
3.0,GENERATED VIA SPACE-TRACK.ORG API,2025-07-10 14:26:19+00:00,18 SPCS,ISS (ZARYA),1998-067A,EARTH,TEME,UTC,SGP4,2025-07-10 11:50:54.471264+00:00,15.50469967,0.00021610,51.6350,191.5447,1.4001,135.0516,0,U,25544,999,51877,0.00014455000000,0.00007939,0.0000000000000,6793.490,92.875,416.823,413.887,PAYLOAD,LARGE,ISS,1998-11-20,TTMTR,,4780854,292142706,0 ISS (ZARYA),1 25544U 98067A   25191.49368601  .00007939  00000-0  14455-3 0  9995,2 25544  51.6350 191.5447 0002161   1.4001 135.0516 15.50469967518770
3.0,GENERATED VIA SPACE-TRACK.ORG API,2025-07-10 21:36:16+00:00,18 SPCS,ISS (ZARYA),1998-067A,EARTH,TEME,UTC,SGP4,2025-07-10 19:14:45.765312+00:00,15.50474527,0.00021630,51.6351,190.0161,2.7467,55.3035,0,U,25544,999,51882,0.00014191000000,0.00007787,0.0000000000000,6793.477,92.875,416.811,413.872,PAYLOAD,LARGE,ISS,1998-11-20,TTMTR,,4781078,292178915,0 ISS (ZARYA),1 25544U 98067A   25191.80191858  .00007787  00000-0  14191-3 0  9996,2 25544  51.6351 190.0161 0002163   2.7467  55.3035 15.50474527518824
3.0,GENERATED VIA SPACE-TRACK.ORG API,2025-07-11 03:26:26+00:00,18 SPCS,ISS (ZARYA),1998-067A,EARTH,TEME,UTC,SGP4,2025-07-11 01:38:53.979648+00:00,15.50478674,0.00025420,51.6350,188.6924,3.1279,104.8925,0,U,25544,999,51886,0.00014043000000,0.00007702,0.0000000000000,6793.464,92.875,417.056,413.603,PAYLOAD,LARGE,ISS,1998-11-20,TTMTR,,4781300,292214562,0 ISS (ZARYA),1 25544U 98067A   25192.06868032  .00007702  00000-0  14043-3 0  9993,2 25544  51.6350 188.6924 0002542   3.1279 104.8925 15.50478674518869
3.0,GENERATED VIA SPACE-TRACK.ORG API,2025-07-11 07:06:32+00:00,18 SPCS,ISS (ZARYA),1998-067A,EARTH,TEME,UTC,SGP4,2025-07-11 04:16:42.249792+00:00,15.50477807,0.00028070,51.6335,188.1561,356.4989,3.5980,0,U,25544,999,51888,0.00011964000000,0.00006493,0.0000000000000,6793.467,92.875,417.239,413.425,PAYLOAD,LARGE,ISS,1998-11-20,TTMTR,,4781549,292220609,0 ISS (ZARYA),1 25544U 98067A   25192.17826678  .00006493  00000-0  11964-3 0  9990,2 25544  51.6335 188.1561 0002807 356.4989   3.5980 15.50477807518885
3.0,GENERATED VIA SPACE-TRACK.ORG API,2025-07-11 15:07:23+00:00,18 SPCS,ISS (ZARYA),1998-067A,EARTH,TEME,UTC,SGP4,2025-07-11 10:27:57.371616+00:00,15.50482195,0.00026610,51.6334,186.8773,359.1474,0.9510,0,U,25544,999,51892,0.00012510000000,0.00006811,0.0000000000000,6793.454,92.874,417.127,413.511,PAYLOAD,LARGE,ISS,1998-11-20,TTMTR,,4781896,292229446,0 ISS (ZARYA),1 25544U 98067A   25192.43608069  .00006811  00000-0  12510-3 0  9993,2 25544  51.6334 186.8773 0002661 359.1474   0.9510 15.50482195518922
3.0,GENERATED VIA SPACE-TRACK.ORG API,2025-07-11 22:56:32+00:00,18 SPCS,ISS (ZARYA),1998-067A,EARTH,TEME,UTC,SGP4,2025-07-11 19:44:49.945056+00:00,15.50489224,0.00026510,51.6336,184.9598,0.6164,359.4828,0,U,25544,999,51898,0.00013514000000,0.00007397,0.0000000000000,6793.434,92.874,417.100,413.498,PAYLOAD,LARGE,ISS,1998-11-20,TTMTR,,4782228,292266976,0 ISS (ZARYA),1 25544U 98067A   25192.82280029  .00007397  00000-0  13514-3 0  9993,2 25544  51.6336 184.9598 0002651   0.6164 359.4828 15.50489224518981
3.0,GENERATED VIA SPACE-TRACK.ORG API,2025-07-12 04:46:16+00:00,18 SPCS,ISS (ZARYA),1998-067A,EARTH,TEME,UTC,SGP4,2025-07-12 03:54:48.420288+00:00,15.50494620,0.00025680,51.6351,183.2663,7.8923,92.7205,0,U,25544,999,51903,0.00013481000000,0.00007379,0.0000000000000,6793.418,92.874,417.027,413.538,PAYLOAD,LARGE,ISS,1998-11-20,TTMTR,,4782272,292298016,0 ISS (ZARYA),1 25544U 98067A   25193.16306042  .00007379  00000-0  13481-3 0  9998,2 25544  51.6351 183.2663 0002568   7.8923  92.7205 15.50494620519031
3.0,GENERATED VIA SPACE-TRACK.ORG API,2025-07-12 15:16:23+00:00,18 SPCS,ISS (ZARYA),1998-067A,EARTH,TEME,UTC,SGP4,2025-07-12 11:12:57.325824+00:00,15.50499706,0.00026470,51.6338,181.7640,3.5819,356.5188,0,U,25544,999,51908,0.00014419000000,0.00007927,0.0000000000000,6793.403,92.873,417.066,413.470,PAYLOAD,LARGE,ISS,1998-11-20,TTMTR,,4782970,292315280,0 ISS (ZARYA),1 25544U 98067A   25193.46733016  .00007927  00000-0  14419-3 0  9997,2 25544  51.6338 181.7640 0002647   3.5819 356.5188 15.50499706519085
3.0,GENERATED VIA SPACE-TRACK.ORG API,2025-07-12 22:56:33+00:00,18 SPCS,ISS (ZARYA),1998-067A,EARTH,TEME,UTC,SGP4,2025-07-12 20:29:49.525152+00:00,15.50507838,0.00026580,51.6339,179.8465,4.5975,355.5038,0,U,25544,999,51914,0.00016104000000,0.00008910,0.0000000000000,6793.379,92.873,417.050,413.439,PAYLOAD,LARGE,ISS,1998-11-20,TTMTR,,4783201,292383124,0 ISS (ZARYA),1 25544U 98067A   25193.85404543  .00008910  00000-0  16104-3 0  9996,2 25544  51.6339 179.8465 0002658   4.5975 355.5038 15.50507838519141
3.0,GENERATED VIA SPACE-TRACK.ORG API,2025-07-13 07:06:30+00:00,18 SPCS,ISS (ZARYA),1998-067A,EARTH,TEME,UTC,SGP4,2025-07-13 04:13:52.915296+00:00,15.50514308,0.00026560,51.6340,178.2487,5.9347,354.1673,0,U,25544,999,51919,0.00017059000000,0.00009469,0.0000000000000,6793.360,92.872,417.030,413.421,PAYLOAD,LARGE,ISS,1998-11-20,TTMTR,,4783581,292421439,0 ISS (ZARYA),1 25544U 98067A   25194.17630689  .00009469  00000-0  17059-3 0  9994,2 25544  51.6340 178.2487 0002656   5.9347 354.1673 15.50514308519191
3.0,GENERATED VIA SPACE-TRACK.ORG API,2025-07-13 14:56:32+00:00,18 SPCS,ISS (ZARYA),1998-067A,EARTH,TEME,UTC,SGP4,2025-07-13 10:25:07.524768+00:00,15.50520436,0.00026750,51.6340,176.9702,6.8375,353.2650,0,U,25544,999,51923,0.00018227000000,0.00010152,0.0000000000000,6793.343,92.872,417.025,413.390,PAYLOAD,LARGE,ISS,1998-11-20,TTMTR,,4783873,292429257,0 ISS (ZARYA),1 25544U 98067A   25194.43411487  .00010152  00000-0  18227-3 0  9995,2 25544  51.6340 176.9702 0002675   6.8375 353.2650 15.50520436519237
3.0,GENERATED VIA SPACE-TRACK.ORG API,2025-07-13 22:56:27+00:00,18 SPCS,ISS (ZARYA),1998-067A,EARTH,TEME,UTC,SGP4,2025-07-13 19:41:59.297280+00:00,15.50527943,0.00026880,51.6341,175.0526,7.9305,352.1726,0,U,25544,999,51929,0.00017963000000,0.00010000,0.0000000000000,6793.321,92.872,417.012,413.360,PAYLOAD,LARGE,ISS,1998-11-20,TTMTR,,4784228,292498346,0 ISS (ZARYA),1 25544U 98067A   25194.82082520  .00010000  00000-0  17963-3 0  9998,2 25544  51.6341 175.0526 0002688   7.9305 352.1726 15.50527943519299
3.0,GENERATED VIA SPACE-TRACK.ORG API,2025-07-14 07:06:41+00:00,18 SPCS,ISS (ZARYA),1998-067A,EARTH,TEME,UTC,SGP4,2025-07-14 04:58:50.914272+00:00,15.50534533,0.00026880,51.6342,173.1351,9.5212,350.5828,0,U,25544,999,51935,0.00016557000000,0.00009183,0.0000000000000,6793.301,92.871,416.992,413.340,PAYLOAD,LARGE,ISS,1998-11-20,TTMTR,,4784550,292536208,0 ISS (ZARYA),1 25544U 98067A   25195.20753373  .00009183  00000-0  16557-3 0  9990,2 25544  51.6342 173.1351 0002688   9.5212 350.5828 15.50534533519355
3.0,GENERATED VIA SPACE-TRACK.ORG API,2025-07-14 15:06:19+00:00,18 SPCS,ISS (ZARYA),1998-067A,EARTH,TEME,UTC,SGP4,2025-07-14 09:37:16.660992+00:00,15.50538108,0.00026980,51.6342,172.1763,10.2035,349.9008,0,U,25544,999,51938,0.00016098000000,0.00008917,0.0000000000000,6793.291,92.871,416.989,413.323,PAYLOAD,LARGE,ISS,1998-11-20,TTMTR,,4784920,292545567,0 ISS (ZARYA),1 25544U 98067A   25195.40088728  .00008917  00000-0  16098-3 0  9991,2 25544  51.6342 172.1763 0002698  10.2035 349.9008 15.50538108519381
3.0,GENERATED VIA SPACE-TRACK.ORG API,2025-07-14 21:36:17+00:00,18 SPCS,ISS (ZARYA),1998-067A,EARTH,TEME,UTC,SGP4,2025-07-14 20:48:53.252064+00:00,15.50544586,0.00027610,51.6357,169.8553,17.1347,68.0876,0,U,25544,999,51945,0.00015331000000,0.00008471,0.0000000000000,6793.272,92.871,417.013,413.261,PAYLOAD,LARGE,ISS,1998-11-20,TTMTR,,4784993,292577281,0 ISS (ZARYA),1 25544U 98067A   25195.86728301  .00008471  00000-0  15331-3 0  9993,2 25544  51.6357 169.8553 0002761  17.1347  68.0876 15.50544586519457
3.0,GENERATED VIA SPACE-TRACK.ORG API,2025-07-15 03:13:35+00:00,18 SPCS,ISS (ZARYA),1998-067A,EARTH,TEME,UTC,SGP4,2025-07-14 17:21:19.451520+00:00,15.50545164,0.00026910,51.6344,170.5783,11.6689,348.4362,0,U,25544,999,51943,0.00016298000000,0.00009036,0.0000000000000,6793.270,92.871,416.963,413.307,PAYLOAD,LARGE,ISS,1998-11-20,TTMTR,,4785252,292590308,0 ISS (ZARYA),1 25544U 98067A   25195.72314180  .00009036  00000-0  16298-3 0  9995,2 25544  51.6344 170.5783 0002691  11.6689 348.4362 15.50545164519433
3.0,GENERATED VIA SPACE-TRACK.ORG API,2025-07-15 07:16:33+00:00,18 SPCS,ISS (ZARYA),1998-067A,EARTH,TEME,UTC,SGP4,2025-07-15 04:10:59.191680+00:00,15.50554616,0.00027000,51.6344,168.3411,13.1182,346.9877,0,U,25544,999,51950,0.00016747000000,0.00009301,0.0000000000000,6793.243,92.870,416.942,413.273,PAYLOAD,LARGE,ISS,1998-11-20,TTMTR,,4785595,292621963,0 ISS (ZARYA),1 25544U 98067A   25196.17429620  .00009301  00000-0  16747-3 0  9995,2 25544  51.6344 168.3411 0002700  13.1182 346.9877 15.50554616519506
3.0,GENERATED VIA SPACE-TRACK.ORG API,2025-07-15 14:56:18+00:00,18 SPCS,ISS (ZARYA),1998-067A,EARTH,TEME,UTC,SGP4,2025-07-15 10:22:13.260288+00:00,15.50558636,0.00026870,51.6344,167.0626,14.3724,345.7341,0,U,25544,999,51954,0.00015878000000,0.00008795,0.0000000000000,6793.231,92.870,416.921,413.271,PAYLOAD,LARGE,ISS,1998-11-20,TTMTR,,4785907,292630447,0 ISS (ZARYA),1 25544U 98067A   25196.43209792  .00008795  00000-0  15878-3 0  9990,2 25544  51.6344 167.0626 0002687  14.3724 345.7341 15.50558636519542
3.0,GENERATED VIA SPACE-TRACK.ORG API,2025-07-15 16:36:16+00:00,18 SPCS,ISS (ZARYA),1998-067A,EARTH,TEME,UTC,SGP4,2025-07-15 10:59:57.661728+00:00,15.50560360,0.00027630,51.6363,166.9265,20.6191,125.8861,0,U,25544,999,51954,0.00016948000000,0.00009420,0.0000000000000,6793.226,92.870,416.968,413.214,PAYLOAD,LARGE,ISS,1998-11-20,TTMTR,,4785982,292631373,0 ISS (ZARYA),1 25544U 98067A   25196.45830627  .00009420  00000-0  16948-3 0  9994,2 25544  51.6363 166.9265 0002763  20.6191 125.8861 15.50560360519544
3.0,GENERATED VIA SPACE-TRACK.ORG API,2025-07-15 21:16:29+00:00,18 SPCS,ISS (ZARYA),1998-067A,EARTH,TEME,UTC,SGP4,2025-07-15 18:23:33.013248+00:00,15.50566867,0.00026900,51.6362,165.3983,21.2845,45.8925,0,U,25544,999,51959,0.00017122000000,0.00009524,0.0000000000000,6793.207,92.869,416.899,413.245,PAYLOAD,LARGE,ISS,1998-11-20,TTMTR,,4785999,292662042,0 ISS (ZARYA),1 25544U 98067A   25196.76635432  .00009524  00000-0  17122-3 0  9995,2 25544  51.6362 165.3983 0002690  21.2845  45.8925 15.50566867519590
3.0,GENERATED VIA SPACE-TRACK.ORG API,2025-07-15 22:56:21+00:00,18 SPCS,ISS (ZARYA),1998-067A,EARTH,TEME,UTC,SGP4,2025-07-15 19:39:04.274208+00:00,15.50562767,0.00026860,51.6345,165.1449,15.6719,344.4352,0,U,25544,999,51960,0.00013514000000,0.00007417,0.0000000000000,6793.219,92.870,416.909,413.259,PAYLOAD,LARGE,ISS,1998-11-20,TTMTR,,4786243,292668021,0 ISS (ZARYA),1 25544U 98067A   25196.81879947  .00007417  00000-0  13514-3 0  9992,2 25544  51.6345 165.1449 0002686  15.6719 344.4352 15.50562767519607
3.0,GENERATED VIA SPACE-TRACK.ORG API,2025-07-16 02:26:16+00:00,18 SPCS,ISS (ZARYA),1998-067A,EARTH,TEME,UTC,SGP4,2025-07-16 02:10:06.277152+00:00,15.50571559,0.00027160,51.6361,163.7917,24.2790,52.6490,0,U,25544,999,51964,0.00016634000000,0.00009240,0.0000000000000,6793.193,92.869,416.903,413.213,PAYLOAD,LARGE,ISS,1998-11-20,TTMTR,,4786311,292669689,0 ISS (ZARYA),1 25544U 98067A   25197.09035043  .00009240  00000-0  16634-3 0  9996,2 25544  51.6361 163.7917 0002716  24.2790  52.6490 15.50571559519642
3.0,GENERATED VIA SPACE-TRACK.ORG API,2025-07-16 05:06:16+00:00,18 SPCS,ISS (ZARYA),1998-067A,EARTH,TEME,UTC,SGP4,2025-07-16 04:09:47.999808+00:00,15.50572213,0.00027200,51.6359,163.3798,24.4643,156.7567,0,U,25544,999,51965,0.00016381000000,0.00009093,0.0000000000000,6793.191,92.869,416.904,413.209,PAYLOAD,LARGE,ISS,1998-11-20,TTMTR,,4786316,292699976,0 ISS (ZARYA),1 25544U 98067A   25197.17347222  .00009093  00000-0  16381-3 0  9995,2 25544  51.6359 163.3798 0002720  24.4643 156.7567 15.50572213519656
3.0,GENERATED VIA SPACE-TRACK.ORG API,2025-07-16 07:07:00+00:00,18 SPCS,ISS (ZARYA),1998-067A,EARTH,TEME,UTC,SGP4,2025-07-16 04:55:55.186176+00:00,15.50566696,0.00026910,51.6345,163.2275,16.9970,343.1109,0,U,25544,999,51966,0.00011690000000,0.00006354,0.0000000000000,6793.207,92.869,416.900,413.244,PAYLOAD,LARGE,ISS,1998-11-20,TTMTR,,4786565,292705720,0 ISS (ZARYA),1 25544U 98067A   25197.20549984  .00006354  00000-0  11690-3 0  9993,2 25544  51.6345 163.2275 0002691  16.9970 343.1109 15.50566696519669
3.0,GENERATED VIA SPACE-TRACK.ORG API,2025-07-16 14:16:17+00:00,18 SPCS,ISS (ZARYA),1998-067A,EARTH,TEME,UTC,SGP4,2025-07-16 10:11:19.243392+00:00,15.50569998,0.00028250,51.6363,162.1382,24.9428,118.6020,0,U,25544,999,51969,0.00012064000000,0.00006573,0.0000000000000,6793.198,92.869,416.982,413.144,PAYLOAD,LARGE,ISS,1998-11-20,TTMTR,,4786624,292706788,0 ISS (ZARYA),1 25544U 98067A   25197.42452828  .00006573  00000-0  12064-3 0  9996,2 25544  51.6363 162.1382 0002825  24.9428 118.6020 15.50569998519690
3.0,GENERATED VIA SPACE-TRACK.ORG API,2025-07-16 18:36:18+00:00,18 SPCS,ISS (ZARYA),1998-067A,EARTH,TEME,UTC,SGP4,2025-07-16 17:34:25.453920+00:00,15.50574159,0.00028440,51.6367,160.6113,25.5140,36.8267,0,U,25544,999,51974,0.00011952000000,0.00006509,0.0000000000000,6793.186,92.869,416.983,413.119,PAYLOAD,LARGE,ISS,1998-11-20,TTMTR,,4786967,292746053,0 ISS (ZARYA),1 25544U 98067A   25197.73223905  .00006509  00000-0  11952-3 0  9996,2 25544  51.6367 160.6113 0002844  25.5140  36.8267 15.50574159519743
3.0,GENERATED VIA SPACE-TRACK.ORG API,2025-07-17 07:06:41+00:00,18 SPCS,ISS (ZARYA),1998-067A,EARTH,TEME,UTC,SGP4,2025-07-17 05:41:13.396704+00:00,15.49919983,0.00022740,51.6342,158.1162,87.0874,273.0375,0,U,25544,999,51982,0.00011182000000,0.00005914,0.0000000000000,6795.097,92.908,418.507,415.417,PAYLOAD,LARGE,ISS,1998-11-20,TTMTR,,4787573,292790435,0 ISS (ZARYA),1 25544U 98067A   25198.23696061  .00005914  00000-0  11182-3 0  9993,2 25544  51.6342 158.1162 0002274  87.0874 273.0375 15.49919983519826
3.0,GENERATED VIA SPACE-TRACK.ORG API,2025-07-17 16:16:19+00:00,18 SPCS,ISS (ZARYA),1998-067A,EARTH,TEME,UTC,SGP4,2025-07-17 10:42:19.107936+00:00,15.49949622,0.00023780,51.6343,157.0763,91.0646,356.5322,0,U,25544,999,51985,0.00071211000000,0.00040320,0.0000000000000,6795.010,92.906,418.491,415.259,PAYLOAD,LARGE,ISS,1998-11-20,TTMTR,,4787628,292791865,0 ISS (ZARYA),1 25544U 98067A   25198.44605449  .00040320  00000-0  71211-3 0  9995,2 25544  51.6343 157.0763 0002378  91.0646 356.5322 15.49949622519854
3.0,GENERATED VIA SPACE-TRACK.ORG API,2025-07-17 17:14:11+00:00,18 SPCS,ISS (ZARYA),1998-067A,EARTH,TEME,UTC,SGP4,2025-07-17 10:19:45.767712+00:00,15.49923845,0.00022730,51.6338,157.1576,88.8960,271.2290,0,U,25544,999,51985,0.00014395000000,0.00007747,0.0000000000000,6795.086,92.908,418.495,415.406,PAYLOAD,LARGE,ISS,1998-11-20,TTMTR,,4787632,292798964,0 ISS (ZARYA),1 25544U 98067A   25198.43039083  .00007747  00000-0  14395-3 0  9995,2 25544  51.6338 157.1576 0002273  88.8960 271.2290 15.49923845519854
3.0,GENERATED VIA SPACE-TRACK.ORG API,2025-07-17 20:46:31+00:00,18 SPCS,ISS (ZARYA),1998-067A,EARTH,TEME,UTC,SGP4,2025-07-17 18:03:59.633856+00:00,15.49927767,0.00021620,51.6335,155.5605,93.1138,267.0098,0,U,25544,999,51990,0.00012824000000,0.00006852,0.0000000000000,6795.074,92.908,418.408,415.470,PAYLOAD,LARGE,ISS,1998-11-20,TTMTR,,4787923,292830237,0 ISS (ZARYA),1 25544U 98067A   25198.75277354  .00006852  00000-0  12824-3 0  9996,2 25544  51.6335 155.5605 0002162  93.1138 267.0098 15.49927767519901
3.0,GENERATED VIA SPACE-TRACK.ORG API,2025-07-17 21:46:44+00:00,18 SPCS,ISS (ZARYA),1998-067A,EARTH,TEME,UTC,SGP4,2025-07-17 21:17:44.257056+00:00,15.49933775,0.00022690,51.6349,154.8881,90.8972,300.4545,0,U,25544,999,51992,0.00014626000000,0.00007881,0.0000000000000,6795.057,92.907,418.463,415.380,PAYLOAD,LARGE,ISS,1998-11-20,TTMTR,,4788001,292831649,0 ISS (ZARYA),1 25544U 98067A   25198.88731779  .00007881  00000-0  14626-3 0  9991,2 25544  51.6349 154.8881 0002269  90.8972 300.4545 15.49933775519929
3.0,GENERATED VIA SPACE-TRACK.ORG API,2025-07-18 07:16:31+00:00,18 SPCS,ISS (ZARYA),1998-067A,EARTH,TEME,UTC,SGP4,2025-07-18 04:53:54.935520+00:00,15.49935069,0.00022390,51.6336,153.3248,91.7860,268.3385,0,U,25544,999,51997,0.00013123000000,0.00007024,0.0000000000000,6795.053,92.907,418.439,415.396,PAYLOAD,LARGE,ISS,1998-11-20,TTMTR,,4788424,292872176,0 ISS (ZARYA),1 25544U 98067A   25199.20410805  .00007024  00000-0  13123-3 0  9992,2 25544  51.6336 153.3248 0002239  91.7860 268.3385 15.49935069519976
3.0,GENERATED VIA SPACE-TRACK.ORG API,2025-07-18 15:06:18+00:00,18 SPCS,ISS (ZARYA),1998-067A,EARTH,TEME,UTC,SGP4,2025-07-18 07:59:36.428064+00:00,15.49936261,0.00022450,51.6335,152.6859,92.2580,267.8666,0,U,25544,999,51999,0.00012289000000,0.00006549,0.0000000000000,6795.049,92.907,418.440,415.389,PAYLOAD,LARGE,ISS,1998-11-20,TTMTR,,4788785,292880636,0 ISS (ZARYA),1 25544U 98067A   25199.33306051  .00006549  00000-0  12289-3 0  9996,2 25544  51.6335 152.6859 0002245  92.2580 267.8666 15.49936261519990
3.0,GENERATED VIA SPACE-TRACK.ORG API,2025-07-18 22:56:26+00:00,18 SPCS,ISS (ZARYA),1998-067A,EARTH,TEME,UTC,SGP4,2025-07-18 20:22:22.154592+00:00,15.49945849,0.00022280,51.6335,150.1303,93.4332,266.6912,0,U,25544,999,52007,0.00013184000000,0.00007062,0.0000000000000,6795.021,92.906,418.400,415.372,PAYLOAD,LARGE,ISS,1998-11-20,TTMTR,,4789106,292917885,0 ISS (ZARYA),1 25544U 98067A   25199.84886753  .00007062  00000-0  13184-3 0  9990,2 25544  51.6335 150.1303 0002228  93.4332 266.6912 15.49945849520070
3.0,GENERATED VIA SPACE-TRACK.ORG API,2025-07-19 07:06:41+00:00,18 SPCS,ISS (ZARYA),1998-067A,EARTH,TEME,UTC,SGP4,2025-07-19 04:06:35.633664+00:00,15.49949392,0.00022040,51.6335,148.5331,94.5231,265.6010,0,U,25544,999,52012,0.00011590000000,0.00006153,0.0000000000000,6795.011,92.906,418.374,415.378,PAYLOAD,LARGE,ISS,1998-11-20,TTMTR,,4789435,292956102,0 ISS (ZARYA),1 25544U 98067A   25200.17124576  .00006153  00000-0  11590-3 0  9996,2 25544  51.6335 148.5331 0002204  94.5231 265.6010 15.49949392520127
3.0,GENERATED VIA SPACE-TRACK.ORG API,2025-07-19 15:06:41+00:00,18 SPCS,ISS (ZARYA),1998-067A,EARTH,TEME,UTC,SGP4,2025-07-19 08:45:07.704864+00:00,15.49951966,0.00022100,51.6335,147.5750,94.1080,266.0162,0,U,25544,999,52015,0.00011241000000,0.00005955,0.0000000000000,6795.003,92.906,418.370,415.367,PAYLOAD,LARGE,ISS,1998-11-20,TTMTR,,4789816,292964951,0 ISS (ZARYA),1 25544U 98067A   25200.36467251  .00005955  00000-0  11241-3 0  9999,2 25544  51.6335 147.5750 0002210  94.1080 266.0162 15.49951966520152
3.0,GENERATED VIA SPACE-TRACK.ORG API,2025-07-19 22:56:16+00:00,18 SPCS,ISS (ZARYA),1998-067A,EARTH,TEME,UTC,SGP4,2025-07-19 21:07:52.982976+00:00,15.49961694,0.00022010,51.6336,145.0193,95.9395,264.1844,0,U,25544,999,52023,0.00013148000000,0.00007045,0.0000000000000,6794.975,92.906,418.336,415.344,PAYLOAD,LARGE,ISS,1998-11-20,TTMTR,,4790111,293002731,0 ISS (ZARYA),1 25544U 98067A   25200.88047434  .00007045  00000-0  13148-3 0  9993,2 25544  51.6336 145.0193 0002201  95.9395 264.1844 15.49961694520239
3.0,GENERATED VIA SPACE-TRACK.ORG API,2025-07-20 06:46:17+00:00,18 SPCS,ISS (ZARYA),1998-067A,EARTH,TEME,UTC,SGP4,2025-07-20 04:52:06.181248+00:00,15.49966786,0.00021990,51.6337,143.4222,96.8401,263.2838,0,U,25544,999,52028,0.00013625000000,0.00007319,0.0000000000000,6794.960,92.905,418.319,415.331,PAYLOAD,LARGE,ISS,1998-11-20,TTMTR,,4790336,293038209,0 ISS (ZARYA),1 25544U 98067A   25201.20284932  .00007319  00000-0  13625-3 0  9990,2 25544  51.6337 143.4222 0002199  96.8401 263.2838 15.49966786520284
3.0,GENERATED VIA SPACE-TRACK.ORG API,2025-07-20 15:16:17+00:00,18 SPCS,ISS (ZARYA),1998-067A,EARTH,TEME,UTC,SGP4,2025-07-20 06:24:56.812608+00:00,15.49967702,0.00021980,51.6337,143.1027,97.0892,263.0347,0,U,25544,999,52029,0.00013592000000,0.00007301,0.0000000000000,6794.957,92.905,418.316,415.329,PAYLOAD,LARGE,ISS,1998-11-20,TTMTR,,4790718,293047605,0 ISS (ZARYA),1 25544U 98067A   25201.26732422  .00007301  00000-0  13592-3 0  9992,2 25544  51.6337 143.1027 0002198  97.0892 263.0347 15.49967702520293
3.0,GENERATED VIA SPACE-TRACK.ORG API,2025-07-20 23:06:22+00:00,18 SPCS,ISS (ZARYA),1998-067A,EARTH,TEME,UTC,SGP4,2025-07-20 20:20:32.290080+00:00,15.49977817,0.00021870,51.6338,140.2277,99.1799,260.9438,0,U,25544,999,52038,0.00014663000000,0.00007915,0.0000000000000,6794.928,92.905,418.279,415.307,PAYLOAD,LARGE,ISS,1998-11-20,TTMTR,,4791079,293086699,0 ISS (ZARYA),1 25544U 98067A   25201.84759595  .00007915  00000-0  14663-3 0  9997,2 25544  51.6338 140.2277 0002187  99.1799 260.9438 15.49977817520381
3.0,GENERATED VIA SPACE-TRACK.ORG API,2025-07-21 07:06:49+00:00,18 SPCS,ISS (ZARYA),1998-067A,EARTH,TEME,UTC,SGP4,2025-07-21 04:04:45.197184+00:00,15.49983035,0.00021980,51.6337,138.6304,100.2424,259.8813,0,U,25544,999,52043,0.00014772000000,0.00007979,0.0000000000000,6794.913,92.904,418.271,415.284,PAYLOAD,LARGE,ISS,1998-11-20,TTMTR,,4791396,293125229,0 ISS (ZARYA),1 25544U 98067A   25202.16996756  .00007979  00000-0  14772-3 0  9996,2 25544  51.6337 138.6304 0002198 100.2424 259.8813 15.49983035520432
3.0,GENERATED VIA SPACE-TRACK.ORG API,2025-07-21 13:46:20+00:00,18 SPCS,ISS (ZARYA),1998-067A,EARTH,TEME,UTC,SGP4,2025-07-21 07:37:13.444608+00:00,15.49987077,0.00025350,51.6344,137.8967,105.6905,358.2995,0,U,25544,999,52045,0.00015302000000,0.00008283,0.0000000000000,6794.901,92.904,418.488,415.043,PAYLOAD,LARGE,ISS,1998-11-20,TTMTR,,4791450,293126580,0 ISS (ZARYA),1 25544U 98067A   25202.31751672  .00008283  00000-0  15302-3 0  9998,2 25544  51.6344 137.8967 0002535 105.6905 358.2995 15.49987077520451
3.0,GENERATED VIA SPACE-TRACK.ORG API,2025-07-21 18:25:45+00:00,18 SPCS,ISS (ZARYA),1998-067A,EARTH,TEME,UTC,SGP4,2025-07-21 07:10:26.331168+00:00,15.49985468,0.00022080,51.6336,137.9914,100.8201,259.3037,0,U,25544,999,52045,0.00015029000000,0.00008127,0.0000000000000,6794.906,92.904,418.271,415.270,PAYLOAD,LARGE,ISS,1998-11-20,TTMTR,,4791724,293139449,0 ISS (ZARYA),1 25544U 98067A   25202.29891587  .00008127  00000-0  15029-3 0  9998,2 25544  51.6336 137.9914 0002208 100.8201 259.3037 15.49985468520458
3.0,GENERATED VIA SPACE-TRACK.ORG API,2025-07-21 18:46:16+00:00,18 SPCS,ISS (ZARYA),1998-067A,EARTH,TEME,UTC,SGP4,2025-07-21 15:09:55.214784+00:00,15.49989292,0.00023630,51.6344,136.3369,106.2254,313.1028,0,U,25544,999,52050,0.00013628000000,0.00007327,0.0000000000000,6794.894,92.904,418.365,415.154,PAYLOAD,LARGE,ISS,1998-11-20,TTMTR,,4791727,293163843,0 ISS (ZARYA),1 25544U 98067A   25202.63188906  .00007327  00000-0  13628-3 0  9994,2 25544  51.6344 136.3369 0002363 106.2254 313.1028 15.49989292520508
3.0,GENERATED VIA SPACE-TRACK.ORG API,2025-07-21 21:16:27+00:00,18 SPCS,ISS (ZARYA),1998-067A,EARTH,TEME,UTC,SGP4,2025-07-21 19:56:30.831360+00:00,15.49992771,0.00023530,51.6344,135.3507,107.1014,343.5068,0,U,25544,999,52053,0.00013725000000,0.00007383,0.0000000000000,6794.884,92.904,418.348,415.150,PAYLOAD,LARGE,ISS,1998-11-20,TTMTR,,4791736,293163889,0 ISS (ZARYA),1 25544U 98067A   25202.83091240  .00007383  00000-0  13725-3 0  9990,2 25544  51.6344 135.3507 0002353 107.1014 343.5068 15.49992771520534
3.0,GENERATED VIA SPACE-TRACK.ORG API,2025-07-22 02:55:53+00:00,18 SPCS,ISS (ZARYA),1998-067A,EARTH,TEME,UTC,SGP4,2025-07-21 19:33:10.634688+00:00,15.49996086,0.00021950,51.6337,135.4359,102.5323,257.5912,0,U,25544,999,52053,0.00015957000000,0.00008660,0.0000000000000,6794.875,92.903,418.231,415.248,PAYLOAD,LARGE,ISS,1998-11-20,TTMTR,,4792098,293179597,0 ISS (ZARYA),1 25544U 98067A   25202.81470642  .00008660  00000-0  15957-3 0  9993,2 25544  51.6337 135.4359 0002195 102.5323 257.5912 15.49996086520533
3.0,GENERATED VIA SPACE-TRACK.ORG API,2025-07-22 07:06:47+00:00,18 SPCS,ISS (ZARYA),1998-067A,EARTH,TEME,UTC,SGP4,2025-07-22 03:17:23.197056+00:00,15.50001978,0.00021840,51.6338,133.8388,103.1633,256.9600,0,U,25544,999,52058,0.00015929000000,0.00008646,0.0000000000000,6794.857,92.903,418.206,415.238,PAYLOAD,LARGE,ISS,1998-11-20,TTMTR,,4792365,293209625,0 ISS (ZARYA),1 25544U 98067A   25203.13707404  .00008646  00000-0  15929-3 0  9991,2 25544  51.6338 133.8388 0002184 103.1633 256.9600 15.50001978520588
3.0,GENERATED VIA SPACE-TRACK.ORG API,2025-07-22 12:56:16+00:00,18 SPCS,ISS (ZARYA),1998-067A,EARTH,TEME,UTC,SGP4,2025-07-22 06:23:04.197120+00:00,15.50004268,0.00021920,51.6339,133.2000,103.7528,256.3705,0,U,25544,999,52060,0.00015783000000,0.00008563,0.0000000000000,6794.851,92.903,418.205,415.226,PAYLOAD,LARGE,ISS,1998-11-20,TTMTR,,4792425,293211184,0 ISS (ZARYA),1 25544U 98067A   25203.26602080  .00008563  00000-0  15783-3 0  9995,2 25544  51.6339 133.2000 0002192 103.7528 256.3705 15.50004268520600
3.0,GENERATED VIA SPACE-TRACK.ORG API,2025-07-22 13:26:16+00:00,18 SPCS,ISS (ZARYA),1998-067A,EARTH,TEME,UTC,SGP4,2025-07-22 06:49:03.601344+00:00,15.50001703,0.00026400,51.6349,133.1037,116.9619,343.9417,0,U,25544,999,52060,0.00014281000000,0.00007704,0.0000000000000,6794.858,92.903,418.517,414.929,PAYLOAD,LARGE,ISS,1998-11-20,TTMTR,,4792427,293211187,0 ISS (ZARYA),1 25544U 98067A   25203.28406946  .00007704  00000-0  14281-3 0  9998,2 25544  51.6349 133.1037 0002640 116.9619 343.9417 15.50001703520609
3.0,GENERATED VIA SPACE-TRACK.ORG API,2025-07-22 17:58:09+00:00,18 SPCS,ISS (ZARYA),1998-067A,EARTH,TEME,UTC,SGP4,2025-07-22 06:23:04.197984+00:00,15.50004651,0.00021730,51.6339,133.1999,103.8590,256.2641,0,U,25544,999,52060,0.00016288000000,0.00008853,0.0000000000000,6794.849,92.903,418.191,415.238,PAYLOAD,LARGE,ISS,1998-11-20,TTMTR,,4792757,293225760,0 ISS (ZARYA),1 25544U 98067A   25203.26602081  .00008853  00000-0  16288-3 0  9999,2 25544  51.6339 133.1999 0002173 103.8590 256.2641 15.50004651520609
3.0,GENERATED VIA SPACE-TRACK.ORG API,2025-07-22 18:16:33+00:00,18 SPCS,ISS (ZARYA),1998-067A,EARTH,TEME,UTC,SGP4,2025-07-22 17:34:40.084896+00:00,15.50017352,0.00020810,51.6353,130.8857,97.6914,346.6167,0,U,25544,999,52067,0.00019082000000,0.00010456,0.0000000000000,6794.812,92.902,418.091,415.263,PAYLOAD,LARGE,ISS,1998-11-20,TTMTR,,4792758,293249819,0 ISS (ZARYA),1 25544U 98067A   25203.73240839  .00010456  00000-0  19082-3 0  9997,2 25544  51.6353 130.8857 0002081  97.6914 346.6167 15.50017352520676
3.0,GENERATED VIA SPACE-TRACK.ORG API,2025-07-22 21:06:28+00:00,18 SPCS,ISS (ZARYA),1998-067A,EARTH,TEME,UTC,SGP4,2025-07-22 20:37:34.924800+00:00,15.50013182,0.00023790,51.6350,130.2539,110.1784,323.3914,0,U,25544,999,52069,0.00014768000000,0.00007986,0.0000000000000,6794.825,92.902,418.306,415.073,PAYLOAD,LARGE,ISS,1998-11-20,TTMTR,,4792761,293249860,0 ISS (ZARYA),1 25544U 98067A   25203.85943200  .00007986  00000-0  14768-3 0  9992,2 25544  51.6350 130.2539 0002379 110.1784 323.3914 15.50013182520691
3.0,GENERATED VIA SPACE-TRACK.ORG API,2025-07-23 07:06:31+00:00,18 SPCS,ISS (ZARYA),1998-067A,EARTH,TEME,UTC,SGP4,2025-07-23 04:02:50.578944+00:00,15.50025731,0.00021150,51.6344,128.7280,106.2807,253.8414,0,U,25544,999,52074,0.00019544000000,0.00010724,0.0000000000000,6794.788,92.902,418.090,415.216,PAYLOAD,LARGE,ISS,1998-11-20,TTMTR,,4793301,293262994,0 ISS (ZARYA),1 25544U 98067A   25204.16864096  .00010724  00000-0  19544-3 0  9993,2 25544  51.6344 128.7280 0002115 106.2807 253.8414 15.50025731520740
3.0,GENERATED VIA SPACE-TRACK.ORG API,2025-07-23 13:36:29+00:00,18 SPCS,ISS (ZARYA),1998-067A,EARTH,TEME,UTC,SGP4,2025-07-23 06:00:41.129856+00:00,15.50024026,0.00023450,51.6351,128.3174,109.2368,347.8357,0,U,25544,999,52075,0.00016419000000,0.00008934,0.0000000000000,6794.793,92.902,418.251,415.064,PAYLOAD,LARGE,ISS,1998-11-20,TTMTR,,4793355,293264230,0 ISS (ZARYA),1 25544U 98067A   25204.25047604  .00008934  00000-0  16419-3 0  9999,2 25544  51.6351 128.3174 0002345 109.2368 347.8357 15.50024026520753
3.0,GENERATED VIA SPACE-TRACK.ORG API,2025-07-23 21:16:36+00:00,18 SPCS,ISS (ZARYA),1998-067A,EARTH,TEME,UTC,SGP4,2025-07-23 19:45:44.447904+00:00,15.50035709,0.00023590,51.6344,125.4774,111.9505,304.3927,0,U,25544,999,52084,0.00016581000000,0.00009030,0.0000000000000,6794.759,92.901,418.227,415.021,PAYLOAD,LARGE,ISS,1998-11-20,TTMTR,,4793797,293304420,0 ISS (ZARYA),1 25544U 98067A   25204.82343111  .00009030  00000-0  16581-3 0  9992,2 25544  51.6344 125.4774 0002359 111.9505 304.3927 15.50035709520848
3.0,GENERATED VIA SPACE-TRACK.ORG API,2025-07-24 19:51:41+00:00,18 SPCS,ISS (ZARYA),1998-067A,EARTH,TEME,UTC,SGP4,2025-07-24 06:49:01.436160+00:00,15.50057991,0.00024510,51.6343,123.2017,114.2122,354.1397,0,U,25544,999,52091,0.00027083000000,0.00015062,0.0000000000000,6794.694,92.900,418.224,414.893,PAYLOAD,LARGE,ISS,1998-11-20,TTMTR,,4794401,293355290,0 ISS (ZARYA),1 25544U 98067A   25205.28404440  .00015062  00000-0  27083-3 0  9997,2 25544  51.6343 123.2017 0002451 114.2122 354.1397 15.50057991520916
3.0,GENERATED VIA SPACE-TRACK.ORG API,2025-07-24 21:36:29+00:00,18 SPCS,ISS (ZARYA),1998-067A,EARTH,TEME,UTC,SGP4,2025-07-24 20:44:35.754144+00:00,15.50076300,0.00023840,51.6365,120.3226,116.0513,352.4252,0,U,25544,999,52100,0.00027019000000,0.00015035,0.0000000000000,6794.640,92.899,418.125,414.885,PAYLOAD,LARGE,ISS,1998-11-20,TTMTR,,4794705,293385831,0 ISS (ZARYA),1 25544U 98067A   25205.86430271  .00015035  00000-0  27019-3 0  9991,2 25544  51.6365 120.3226 0002384 116.0513 352.4252 15.50076300521006
3.0,GENERATED VIA SPACE-TRACK.ORG API,2025-07-25 02:04:33+00:00,18 SPCS,ISS (ZARYA),1998-067A,EARTH,TEME,UTC,SGP4,2025-07-24 20:16:39.270144+00:00,15.50072701,0.00020640,51.6347,120.4226,112.9750,247.1457,0,U,25544,999,52100,0.00024538000000,0.00013608,0.0000000000000,6794.651,92.899,417.918,415.113,PAYLOAD,LARGE,ISS,1998-11-20,TTMTR,,4794954,293399094,0 ISS (ZARYA),1 25544U 98067A   25205.84489896  .00013608  00000-0  24538-3 0  9993,2 25544  51.6347 120.4226 0002064 112.9750 247.1457 15.50072701521008
3.0,GENERATED VIA SPACE-TRACK.ORG API,2025-07-25 02:16:16+00:00,18 SPCS,ISS (ZARYA),1998-067A,EARTH,TEME,UTC,SGP4,2025-07-25 01:46:04.999872+00:00,15.50066657,0.00023140,51.6359,119.2865,115.2752,82.2821,0,U,25544,999,52103,0.00005842100000,0.00002888,0.0000000000000,6794.668,92.899,418.106,414.961,PAYLOAD,LARGE,ISS,1998-11-20,TTMTR,,4794955,293422732,0 ISS (ZARYA),1 25544U 98067A   25206.07366898  .00002888  00000-0  58421-4 0  9992,2 25544  51.6359 119.2865 0002314 115.2752  82.2821 15.50066657521031
3.0,GENERATED VIA SPACE-TRACK.ORG API,2025-07-25 02:46:15+00:00,18 SPCS,ISS (ZARYA),1998-067A,EARTH,TEME,UTC,SGP4,2025-07-25 01:46:04.999872+00:00,15.50075105,0.00021080,51.6365,119.2875,110.3669,87.1931,0,U,25544,999,52103,0.00018772000000,0.00010300,0.0000000000000,6794.644,92.899,417.941,415.076,PAYLOAD,LARGE,ISS,1998-11-20,TTMTR,,4794956,293422733,0 ISS (ZARYA),1 25544U 98067A   25206.07366898  .00010300  00000-0  18772-3 0  9994,2 25544  51.6365 119.2875 0002108 110.3669  87.1931 15.50075105521037
3.0,GENERATED VIA SPACE-TRACK.ORG API,2025-07-25 07:06:45+00:00,18 SPCS,ISS (ZARYA),1998-067A,EARTH,TEME,UTC,SGP4,2025-07-25 04:00:50.445792+00:00,15.50079803,0.00020560,51.6348,118.8254,114.0852,246.0352,0,U,25544,999,52105,0.00021923000000,0.00012111,0.0000000000000,6794.630,92.898,417.892,415.098,PAYLOAD,LARGE,ISS,1998-11-20,TTMTR,,4795256,293430348,0 ISS (ZARYA),1 25544U 98067A   25206.16725053  .00012111  00000-0  21923-3 0  9990,2 25544  51.6348 118.8254 0002056 114.0852 246.0352 15.50079803521055
3.0,GENERATED VIA SPACE-TRACK.ORG API,2025-07-25 14:56:21+00:00,18 SPCS,ISS (ZARYA),1998-067A,EARTH,TEME,UTC,SGP4,2025-07-25 10:12:11.271744+00:00,15.50086892,0.00020530,51.6348,117.5476,115.0064,245.1138,0,U,25544,999,52109,0.00022104000000,0.00012218,0.0000000000000,6794.609,92.898,417.869,415.079,PAYLOAD,LARGE,ISS,1998-11-20,TTMTR,,4795546,293437373,0 ISS (ZARYA),1 25544U 98067A   25206.42513046  .00012218  00000-0  22104-3 0  9996,2 25544  51.6348 117.5476 0002053 115.0064 245.1138 15.50086892521092
3.0,GENERATED VIA SPACE-TRACK.ORG API,2025-07-25 22:46:29+00:00,18 SPCS,ISS (ZARYA),1998-067A,EARTH,TEME,UTC,SGP4,2025-07-25 19:29:12.295968+00:00,15.50098341,0.00020390,51.6349,115.6307,116.0310,244.0889,0,U,25544,999,52115,0.00022419000000,0.00012404,0.0000000000000,6794.576,92.897,417.826,415.055,PAYLOAD,LARGE,ISS,1998-11-20,TTMTR,,4795791,293472780,0 ISS (ZARYA),1 25544U 98067A   25206.81194787  .00012404  00000-0  22419-3 0  9992,2 25544  51.6349 115.6307 0002039 116.0310 244.0889 15.50098341521154
3.0,GENERATED VIA SPACE-TRACK.ORG API,2025-07-26 07:16:30+00:00,18 SPCS,ISS (ZARYA),1998-067A,EARTH,TEME,UTC,SGP4,2025-07-26 03:13:22.989504+00:00,15.50106102,0.00020140,51.6350,114.0333,117.9284,242.1909,0,U,25544,999,52120,0.00021275000000,0.00011750,0.0000000000000,6794.553,92.897,417.786,415.050,PAYLOAD,LARGE,ISS,1998-11-20,TTMTR,,4796155,293512642,0 ISS (ZARYA),1 25544U 98067A   25207.13429386  .00011750  00000-0  21275-3 0  9996,2 25544  51.6350 114.0333 0002014 117.9284 242.1909 15.50106102521204
3.0,GENERATED VIA SPACE-TRACK.ORG API,2025-07-26 15:16:17+00:00,18 SPCS,ISS (ZARYA),1998-067A,EARTH,TEME,UTC,SGP4,2025-07-26 10:57:33.525792+00:00,15.50115304,0.00020010,51.6349,112.4361,117.5296,242.5896,0,U,25544,999,52125,0.00021808000000,0.00012060,0.0000000000000,6794.526,92.896,417.751,415.032,PAYLOAD,LARGE,ISS,1998-11-20,TTMTR,,4796568,293522591,0 ISS (ZARYA),1 25544U 98067A   25207.45663803  .00012060  00000-0  21808-3 0  9992,2 25544  51.6349 112.4361 0002001 117.5296 242.5896 15.50115304521258
3.0,GENERATED VIA SPACE-TRACK.ORG API,2025-07-26 22:56:16+00:00,18 SPCS,ISS (ZARYA),1998-067A,EARTH,TEME,UTC,SGP4,2025-07-26 20:14:33.902016+00:00,15.50128866,0.00019980,51.6348,110.5189,119.2234,240.8955,0,U,25544,999,52131,0.00024705000000,0.00013732,0.0000000000000,6794.486,92.896,417.709,414.994,PAYLOAD,LARGE,ISS,1998-11-20,TTMTR,,4796867,293530107,0 ISS (ZARYA),1 25544U 98067A   25207.84344794  .00013732  00000-0  24705-3 0  9996,2 25544  51.6348 110.5189 0001998 119.2234 240.8955 15.50128866521310
3.0,GENERATED VIA SPACE-TRACK.ORG API,2025-07-27 07:06:30+00:00,18 SPCS,ISS (ZARYA),1998-067A,EARTH,TEME,UTC,SGP4,2025-07-27 03:58:44.083200+00:00,15.50135736,0.00019850,51.6347,108.9215,120.4338,239.6847,0,U,25544,999,52136,0.00022132000000,0.00012255,0.0000000000000,6794.466,92.895,417.680,414.983,PAYLOAD,LARGE,ISS,1998-11-20,TTMTR,,4797211,293567975,0 ISS (ZARYA),1 25544U 98067A   25208.16578800  .00012255  00000-0  22132-3 0  9990,2 25544  51.6347 108.9215 0001985 120.4338 239.6847 15.50135736521360
3.0,GENERATED VIA SPACE-TRACK.ORG API,2025-07-27 15:16:17+00:00,18 SPCS,ISS (ZARYA),1998-067A,EARTH,TEME,UTC,SGP4,2025-07-27 10:10:04.110816+00:00,15.50142938,0.00019820,51.6346,107.6436,121.6825,238.4357,0,U,25544,999,52140,0.00022826000000,0.00012658,0.0000000000000,6794.445,92.895,417.657,414.964,PAYLOAD,LARGE,ISS,1998-11-20,TTMTR,,4797581,293576842,0 ISS (ZARYA),1 25544U 98067A   25208.42365869  .00012658  00000-0  22826-3 0  9995,2 25544  51.6346 107.6436 0001982 121.6825 238.4357 15.50142938521401
3.0,GENERATED VIA SPACE-TRACK.ORG API,2025-07-27 23:06:19+00:00,18 SPCS,ISS (ZARYA),1998-067A,EARTH,TEME,UTC,SGP4,2025-07-27 19:27:03.955680+00:00,15.50154127,0.00019920,51.6345,105.7265,123.7631,236.3548,0,U,25544,999,52146,0.00023629000000,0.00013125,0.0000000000000,6794.413,92.894,417.631,414.924,PAYLOAD,LARGE,ISS,1998-11-20,TTMTR,,4797928,293616317,0 ISS (ZARYA),1 25544U 98067A   25208.81046245  .00013125  00000-0  23629-3 0  9994,2 25544  51.6345 105.7265 0001992 123.7631 236.3548 15.50154127521466
3.0,GENERATED VIA SPACE-TRACK.ORG API,2025-07-28 07:06:32+00:00,18 SPCS,ISS (ZARYA),1998-067A,EARTH,TEME,UTC,SGP4,2025-07-28 03:11:13.682400+00:00,15.50161265,0.00019920,51.6347,104.1294,125.2997,234.8178,0,U,25544,999,52151,0.00022036000000,0.00012211,0.0000000000000,6794.392,92.894,417.610,414.903,PAYLOAD,LARGE,ISS,1998-11-20,TTMTR,,4798246,293653956,0 ISS (ZARYA),1 25544U 98067A   25209.13279725  .00012211  00000-0  22036-3 0  9997,2 25544  51.6347 104.1294 0001992 125.2997 234.8178 15.50161265521514
3.0,GENERATED VIA SPACE-TRACK.ORG API,2025-07-28 14:16:17+00:00,18 SPCS,ISS (ZARYA),1998-067A,EARTH,TEME,UTC,SGP4,2025-07-28 12:43:57.745344+00:00,15.50167078,0.00022960,51.6365,102.1566,124.9672,296.1947,0,U,25544,999,52157,0.00018456000000,0.00010153,0.0000000000000,6794.375,92.893,417.800,414.680,PAYLOAD,LARGE,ISS,1998-11-20,TTMTR,,4798307,293655142,0 ISS (ZARYA),1 25544U 98067A   25209.53052946  .00010153  00000-0  18456-3 0  9999,2 25544  51.6365 102.1566 0002296 124.9672 296.1947 15.50167078521577
3.0,GENERATED VIA SPACE-TRACK.ORG API,2025-07-28 17:46:16+00:00,18 SPCS,ISS (ZARYA),1998-067A,EARTH,TEME,UTC,SGP4,2025-07-28 16:00:21.422304+00:00,15.50175539,0.00022510,51.6363,101.4799,122.9566,339.8304,0,U,25544,999,52159,0.00022393000000,0.00012424,0.0000000000000,6794.350,92.893,417.745,414.686,PAYLOAD,LARGE,ISS,1998-11-20,TTMTR,,4798611,293693544,0 ISS (ZARYA),1 25544U 98067A   25209.66691461  .00012424  00000-0  22393-3 0  9992,2 25544  51.6363 101.4799 0002251 122.9566 339.8304 15.50175539521591
3.0,GENERATED VIA SPACE-TRACK.ORG API,2025-07-28 22:56:17+00:00,18 SPCS,ISS (ZARYA),1998-067A,EARTH,TEME,UTC,SGP4,2025-07-28 20:12:22.570560+00:00,15.50179196,0.00019540,51.6345,100.6151,128.2115,231.9050,0,U,25544,999,52162,0.00022329000000,0.00012388,0.0000000000000,6794.339,92.892,417.532,414.877,PAYLOAD,LARGE,ISS,1998-11-20,TTMTR,,4798858,293699612,0 ISS (ZARYA),1 25544U 98067A   25209.84192790  .00012388  00000-0  22329-3 0  9991,2 25544  51.6345 100.6151 0001954 128.2115 231.9050 15.50179196521629
3.0,GENERATED VIA SPACE-TRACK.ORG API,2025-07-29 07:16:38+00:00,18 SPCS,ISS (ZARYA),1998-067A,EARTH,TEME,UTC,SGP4,2025-07-29 03:56:31.819488+00:00,15.50188201,0.00019210,51.6345,99.0171,128.7802,231.3359,0,U,25544,999,52167,0.00023438000000,0.00013032,0.0000000000000,6794.313,92.892,417.483,414.873,PAYLOAD,LARGE,ISS,1998-11-20,TTMTR,,4799233,293708649,0 ISS (ZARYA),1 25544U 98067A   25210.16425717  .00013032  00000-0  23438-3 0  9995,2 25544  51.6345  99.0171 0001921 128.7802 231.3359 15.50188201521672
3.0,GENERATED VIA SPACE-TRACK.ORG API,2025-07-29 14:56:31+00:00,18 SPCS,ISS (ZARYA),1998-067A,EARTH,TEME,UTC,SGP4,2025-07-29 11:40:40.918080+00:00,15.50196064,0.00019450,51.6344,97.4197,130.2872,229.8287,0,U,25544,999,52172,0.00023083000000,0.00012831,0.0000000000000,6794.290,92.891,417.477,414.834,PAYLOAD,LARGE,ISS,1998-11-20,TTMTR,,4799475,293715550,0 ISS (ZARYA),1 25544U 98067A   25210.48658470  .00012831  00000-0  23083-3 0  9996,2 25544  51.6344  97.4197 0001945 130.2872 229.8287 15.50196064521726
3.0,GENERATED VIA SPACE-TRACK.ORG API,2025-07-29 21:36:30+00:00,18 SPCS,ISS (ZARYA),1998-067A,EARTH,TEME,UTC,SGP4,2025-07-29 21:20:29.542848+00:00,15.50207453,0.00021670,51.6360,95.4190,129.1276,319.5356,0,U,25544,999,52178,0.00022837000000,0.00012694,0.0000000000000,6794.257,92.891,417.594,414.650,PAYLOAD,LARGE,ISS,1998-11-20,TTMTR,,4799590,293778279,0 ISS (ZARYA),1 25544U 98067A   25210.88923082  .00012694  00000-0  22837-3 0  9997,2 25544  51.6360  95.4190 0002167 129.1276 319.5356 15.50207453521782
3.0,GENERATED VIA SPACE-TRACK.ORG API,2025-07-29 23:46:27+00:00,18 SPCS,ISS (ZARYA),1998-067A,EARTH,TEME,UTC,SGP4,2025-07-29 22:54:54.563616+00:00,15.50209150,0.00021630,51.6359,95.0939,129.4454,325.3746,0,U,25544,999,52179,0.00022842000000,0.00012698,0.0000000000000,6794.252,92.891,417.586,414.647,PAYLOAD,LARGE,ISS,1998-11-20,TTMTR,,4799944,293785951,0 ISS (ZARYA),1 25544U 98067A   25210.95479819  .00012698  00000-0  22842-3 0  9999,2 25544  51.6359  95.0939 0002163 129.4454 325.3746 15.50209150521799
3.0,GENERATED VIA SPACE-TRACK.ORG API,2025-07-30 06:26:18+00:00,18 SPCS,ISS (ZARYA),1998-067A,EARTH,TEME,UTC,SGP4,2025-07-30 03:44:03.247296+00:00,15.50214428,0.00021300,51.6363,94.0992,129.4737,6.6755,0,U,25544,999,52182,0.00022820000000,0.00012687,0.0000000000000,6794.236,92.890,417.549,414.654,PAYLOAD,LARGE,ISS,1998-11-20,TTMTR,,4800033,293848527,0 ISS (ZARYA),1 25544U 98067A   25211.15559314  .00012687  00000-0  22820-3 0  9995,2 25544  51.6363  94.0992 0002130 129.4737   6.6755 15.50214428521827
3.0,GENERATED VIA SPACE-TRACK.ORG API,2025-07-30 11:36:16+00:00,18 SPCS,ISS (ZARYA),1998-067A,EARTH,TEME,UTC,SGP4,2025-07-30 10:50:42.999648+00:00,15.50222022,0.00021210,51.6362,92.6301,130.3479,220.4446,0,U,25544,999,52186,0.00022742000000,0.00012646,0.0000000000000,6794.214,92.890,417.520,414.638,PAYLOAD,LARGE,ISS,1998-11-20,TTMTR,,4800297,293854937,0 ISS (ZARYA),1 25544U 98067A   25211.45188657  .00012646  00000-0  22742-3 0  9994,2 25544  51.6362  92.6301 0002121 130.3479 220.4446 15.50222022521864
3.0,GENERATED VIA SPACE-TRACK.ORG API,2025-07-30 13:56:33+00:00,18 SPCS,ISS (ZARYA),1998-067A,EARTH,TEME,UTC,SGP4,2025-07-30 12:44:35.261952+00:00,15.50224259,0.00021120,51.6363,92.2381,131.2659,301.1327,0,U,25544,999,52188,0.00022808000000,0.00012685,0.0000000000000,6794.208,92.890,417.508,414.638,PAYLOAD,LARGE,ISS,1998-11-20,TTMTR,,4800299,293854939,0 ISS (ZARYA),1 25544U 98067A   25211.53096368  .00012685  00000-0  22808-3 0  9996,2 25544  51.6363  92.2381 0002112 131.2659 301.1327 15.50224259521880
3.0,GENERATED VIA SPACE-TRACK.ORG API,2025-07-30 14:36:18+00:00,18 SPCS,ISS (ZARYA),1998-067A,EARTH,TEME,UTC,SGP4,2025-07-30 12:44:35.261952+00:00,15.50224255,0.00021110,51.6363,92.2380,131.2249,301.1737,0,U,25544,999,52188,0.00022802000000,0.00012682,0.0000000000000,6794.208,92.890,417.507,414.639,PAYLOAD,LARGE,ISS,1998-11-20,TTMTR,,4800421,293856902,0 ISS (ZARYA),1 25544U 98067A   25211.53096368  .00012682  00000-0  22802-3 0  9997,2 25544  51.6363  92.2380 0002111 131.2249 301.1737 15.50224255521884
3.0,GENERATED VIA SPACE-TRACK.ORG API,2025-07-30 17:55:16+00:00,18 SPCS,ISS (ZARYA),1998-067A,EARTH,TEME,UTC,SGP4,2025-07-30 13:58:46.728192+00:00,15.50223599,0.00018950,51.6343,91.9877,133.1979,226.9168,0,U,25544,999,52189,0.00021285000000,0.00011806,0.0000000000000,6794.210,92.890,417.362,414.787,PAYLOAD,LARGE,ISS,1998-11-20,TTMTR,,4800666,293870366,0 ISS (ZARYA),1 25544U 98067A   25211.58248528  .00011806  00000-0  21285-3 0  9990,2 25544  51.6343  91.9877 0001895 133.1979 226.9168 15.50223599521891
3.0,GENERATED VIA SPACE-TRACK.ORG API,2025-07-30 21:36:16+00:00,18 SPCS,ISS (ZARYA),1998-067A,EARTH,TEME,UTC,SGP4,2025-07-30 20:36:14.506272+00:00,15.50231197,0.00021690,51.6360,90.6142,132.0041,329.5260,0,U,25544,999,52193,0.00022265000000,0.00012375,0.0000000000000,6794.187,92.889,417.526,414.579,PAYLOAD,LARGE,ISS,1998-11-20,TTMTR,,4800695,293894129,0 ISS (ZARYA),1 25544U 98067A   25211.85850123  .00012375  00000-0  22265-3 0  9991,2 25544  51.6360  90.6142 0002169 132.0041 329.5260 15.50231197521935
3.0,GENERATED VIA SPACE-TRACK.ORG API,2025-07-31 02:43:33+00:00,18 SPCS,ISS (ZARYA),1998-067A,EARTH,TEME,UTC,SGP4,2025-07-30 20:10:05.496096+00:00,15.50230234,0.00018720,51.6343,90.7097,133.9753,226.1391,0,U,25544,999,52193,0.00021201000000,0.00011760,0.0000000000000,6794.190,92.889,417.327,414.783,PAYLOAD,LARGE,ISS,1998-11-20,TTMTR,,4800988,293907501,0 ISS (ZARYA),1 25544U 98067A   25211.84034139  .00011760  00000-0  21201-3 0  9997,2 25544  51.6343  90.7097 0001872 133.9753 226.1391 15.50230234521934
3.0,GENERATED VIA SPACE-TRACK.ORG API,2025-07-31 07:06:40+00:00,18 SPCS,ISS (ZARYA),1998-067A,EARTH,TEME,UTC,SGP4,2025-07-31 03:54:13.846464+00:00,15.50237195,0.00018730,51.6344,89.1118,135.4820,224.6320,0,U,25544,999,52198,0.00020032000000,0.00011089,0.0000000000000,6794.170,92.889,417.307,414.762,PAYLOAD,LARGE,ISS,1998-11-20,TTMTR,,4801272,293939151,0 ISS (ZARYA),1 25544U 98067A   25212.16266026  .00011089  00000-0  20032-3 0  9990,2 25544  51.6344  89.1118 0001873 135.4820 224.6320 15.50237195521987
3.0,GENERATED VIA SPACE-TRACK.ORG API,2025-07-31 14:06:27+00:00,18 SPCS,ISS (ZARYA),1998-067A,EARTH,TEME,UTC,SGP4,2025-07-31 11:54:43.298208+00:00,15.50253490,0.00022440,51.6360,87.4558,133.0817,290.4711,0,U,25544,999,52203,0.00026505000000,0.00014835,0.0000000000000,6794.122,92.888,417.512,414.463,PAYLOAD,LARGE,ISS,1998-11-20,TTMTR,,4801345,293940320,0 ISS (ZARYA),1 25544U 98067A   25212.49633447  .00014835  00000-0  26505-3 0  9994,2 25544  51.6360  87.4558 0002244 133.0817 290.4711 15.50253490522035
3.0,GENERATED VIA SPACE-TRACK.ORG API,2025-07-31 21:16:28+00:00,18 SPCS,ISS (ZARYA),1998-067A,EARTH,TEME,UTC,SGP4,2025-07-31 19:47:26.062080+00:00,15.50255384,0.00023050,51.6363,85.8257,134.3936,322.4201,0,U,25544,999,52208,0.00021984000000,0.00012223,0.0000000000000,6794.117,92.888,417.548,414.416,PAYLOAD,LARGE,ISS,1998-11-20,TTMTR,,4801698,293979048,0 ISS (ZARYA),1 25544U 98067A   25212.82460720  .00012223  00000-0  21984-3 0  9998,2 25544  51.6363  85.8257 0002305 134.3936 322.4201 15.50255384522089
3.0,GENERATED VIA SPACE-TRACK.ORG API,2025-07-31 23:06:18+00:00,18 SPCS,ISS (ZARYA),1998-067A,EARTH,TEME,UTC,SGP4,2025-07-31 20:55:19.727904+00:00,15.50255049,0.00018540,51.6340,85.5975,137.6737,222.4395,0,U,25544,999,52209,0.00021728000000,0.00012075,0.0000000000000,6794.118,92.888,417.242,414.723,PAYLOAD,LARGE,ISS,1998-11-20,TTMTR,,4801919,293984791,0 ISS (ZARYA),1 25544U 98067A   25212.87175611  .00012075  00000-0  21728-3 0  9996,2 25544  51.6340  85.5975 0001854 137.6737 222.4395 15.50255049522093
3.0,GENERATED VIA SPACE-TRACK.ORG API,2025-08-01 00:26:16+00:00,18 SPCS,ISS (ZARYA),1998-067A,EARTH,TEME,UTC,SGP4,2025-07-31 23:54:21.680064+00:00,15.50259437,0.00022870,51.6364,84.9763,136.8880,197.5582,0,U,25544,999,52210,0.00021918000000,0.00012187,0.0000000000000,6794.105,92.888,417.524,414.416,PAYLOAD,LARGE,ISS,1998-11-20,TTMTR,,4801971,293985795,0 ISS (ZARYA),1 25544U 98067A   25212.99608426  .00012187  00000-0  21918-3 0  9999,2 25544  51.6364  84.9763 0002287 136.8880 197.5582 15.50259437522105
3.0,GENERATED VIA SPACE-TRACK.ORG API,2025-08-01 02:30:00+00:00,18 SPCS,ISS (ZARYA),1998-067A,EARTH,TEME,UTC,SGP4,2025-07-31 20:55:19.728768+00:00,15.50254761,0.00018520,51.6344,85.5975,138.4382,221.6748,0,U,25544,999,52209,0.00021446000000,0.00011912,0.0000000000000,6794.119,92.888,417.242,414.725,PAYLOAD,LARGE,ISS,1998-11-20,TTMTR,,4801972,293992060,0 ISS (ZARYA),1 25544U 98067A   25212.87175612  .00011912  00000-0  21446-3 0  9993,2 25544  51.6344  85.5975 0001852 138.4382 221.6748 15.50254761522093
3.0,GENERATED VIA SPACE-TRACK.ORG API,2025-08-01 07:06:47+00:00,18 SPCS,ISS (ZARYA),1998-067A,EARTH,TEME,UTC,SGP4,2025-08-01 03:06:38.057760+00:00,15.50261247,0.00018280,51.6345,84.3189,139.3559,220.7567,0,U,25544,999,52213,0.00021736000000,0.00012083,0.0000000000000,6794.100,92.888,417.207,414.723,PAYLOAD,LARGE,ISS,1998-11-20,TTMTR,,4802244,294022936,0 ISS (ZARYA),1 25544U 98067A   25213.12960715  .00012083  00000-0  21736-3 0  9990,2 25544  51.6345  84.3189 0001828 139.3559 220.7567 15.50261247522138
3.0,GENERATED VIA SPACE-TRACK.ORG API,2025-08-01 13:16:15+00:00,18 SPCS,ISS (ZARYA),1998-067A,EARTH,TEME,UTC,SGP4,2025-08-01 11:06:33.816096+00:00,15.50270546,0.00021960,51.6366,82.6625,138.8484,282.5467,0,U,25544,999,52218,0.00021698000000,0.00012065,0.0000000000000,6794.073,92.887,417.429,414.446,PAYLOAD,LARGE,ISS,1998-11-20,TTMTR,,4802332,294024589,0 ISS (ZARYA),1 25544U 98067A   25213.46289139  .00012065  00000-0  21698-3 0  9998,2 25544  51.6366  82.6625 0002196 138.8484 282.5467 15.50270546522189
3.0,GENERATED VIA SPACE-TRACK.ORG API,2025-08-01 14:56:38+00:00,18 SPCS,ISS (ZARYA),1998-067A,EARTH,TEME,UTC,SGP4,2025-08-01 12:23:35.376288+00:00,15.50271103,0.00018090,51.6345,82.4019,140.7580,219.3540,0,U,25544,999,52219,0.00022505000000,0.00012531,0.0000000000000,6794.071,92.887,417.165,414.707,PAYLOAD,LARGE,ISS,1998-11-20,TTMTR,,4802571,294030221,0 ISS (ZARYA),1 25544U 98067A   25213.51638167  .00012531  00000-0  22505-3 0  9999,2 25544  51.6345  82.4019 0001809 140.7580 219.3540 15.50271103522191
3.0,GENERATED VIA SPACE-TRACK.ORG API,2025-08-01 17:46:18+00:00,18 SPCS,ISS (ZARYA),1998-067A,EARTH,TEME,UTC,SGP4,2025-08-01 17:23:47.853024+00:00,15.50276953,0.00021730,51.6365,81.3637,140.2948,304.1066,0,U,25544,999,52222,0.00021629000000,0.00012028,0.0000000000000,6794.054,92.887,417.395,414.442,PAYLOAD,LARGE,ISS,1998-11-20,TTMTR,,4802624,294031274,0 ISS (ZARYA),1 25544U 98067A   25213.72485941  .00012028  00000-0  21629-3 0  9999,2 25544  51.6365  81.3637 0002173 140.2948 304.1066 15.50276953522223
3.0,GENERATED VIA SPACE-TRACK.ORG API,2025-08-01 22:46:17+00:00,18 SPCS,ISS (ZARYA),1998-067A,EARTH,TEME,UTC,SGP4,2025-08-01 20:07:43.028544+00:00,15.50276709,0.00017920,51.6345,80.8045,141.9722,218.1394,0,U,25544,999,52224,0.00019438000000,0.00010761,0.0000000000000,6794.055,92.887,417.137,414.702,PAYLOAD,LARGE,ISS,1998-11-20,TTMTR,,4802820,294066929,0 ISS (ZARYA),1 25544U 98067A   25213.83869246  .00010761  00000-0  19438-3 0  9992,2 25544  51.6345  80.8045 0001792 141.9722 218.1394 15.50276709522241
3.0,GENERATED VIA SPACE-TRACK.ORG API,2025-08-02 00:46:17+00:00,18 SPCS,ISS (ZARYA),1998-067A,EARTH,TEME,UTC,SGP4,2025-08-01 22:27:15.000192+00:00,15.50281737,0.00021410,51.6361,80.3198,140.9695,40.2969,0,U,25544,999,52225,0.00021529000000,0.00011972,0.0000000000000,6794.040,92.886,417.359,414.450,PAYLOAD,LARGE,ISS,1998-11-20,TTMTR,,4802871,294068047,0 ISS (ZARYA),1 25544U 98067A   25213.93559028  .00011972  00000-0  21529-3 0  9996,2 25544  51.6361  80.3198 0002141 140.9695  40.2969 15.50281737522250
3.0,GENERATED VIA SPACE-TRACK.ORG API,2025-08-02 04:51:03+00:00,18 SPCS,ISS (ZARYA),1998-067A,EARTH,TEME,UTC,SGP4,2025-08-01 21:40:32.536704+00:00,15.50278326,0.00017460,51.6346,80.4852,142.2728,217.8383,0,U,25544,999,52225,0.00019642000000,0.00010880,0.0000000000000,6794.050,92.887,417.101,414.729,PAYLOAD,LARGE,ISS,1998-11-20,TTMTR,,4802874,294074312,0 ISS (ZARYA),1 25544U 98067A   25213.90315436  .00010880  00000-0  19642-3 0  9996,2 25544  51.6346  80.4852 0001746 142.2728 217.8383 15.50278326522255
3.0,GENERATED VIA SPACE-TRACK.ORG API,2025-08-02 07:06:33+00:00,18 SPCS,ISS (ZARYA),1998-067A,EARTH,TEME,UTC,SGP4,2025-08-02 02:19:01.039584+00:00,15.50282964,0.00017360,51.6345,79.5266,142.9190,217.1919,0,U,25544,999,52228,0.00019653000000,0.00010888,0.0000000000000,6794.036,92.886,417.081,414.722,PAYLOAD,LARGE,ISS,1998-11-20,TTMTR,,4803160,294106090,0 ISS (ZARYA),1 25544U 98067A   25214.09653981  .00010888  00000-0  19653-3 0  9997,2 25544  51.6345  79.5266 0001736 142.9190 217.1919 15.50282964522285
3.0,GENERATED VIA SPACE-TRACK.ORG API,2025-08-02 13:06:19+00:00,18 SPCS,ISS (ZARYA),1998-067A,EARTH,TEME,UTC,SGP4,2025-08-02 11:53:45.437856+00:00,15.50294044,0.00020340,51.6359,77.5427,138.8478,290.2759,0,U,25544,999,52234,0.00020985000000,0.00011663,0.0000000000000,6794.004,92.886,417.251,414.487,PAYLOAD,LARGE,ISS,1998-11-20,TTMTR,,4803242,294107336,0 ISS (ZARYA),1 25544U 98067A   25214.49566479  .00011663  00000-0  20985-3 0  9998,2 25544  51.6359  77.5427 0002034 138.8478 290.2759 15.50294044522345
3.0,GENERATED VIA SPACE-TRACK.ORG API,2025-08-02 17:53:37+00:00,18 SPCS,ISS (ZARYA),1998-067A,EARTH,TEME,UTC,SGP4,2025-08-02 11:35:57.899328+00:00,15.50290623,0.00017290,51.6346,77.6095,143.7235,216.3872,0,U,25544,999,52234,0.00018089000000,0.00009987,0.0000000000000,6794.014,92.886,417.054,414.704,PAYLOAD,LARGE,ISS,1998-11-20,TTMTR,,4803602,294122972,0 ISS (ZARYA),1 25544U 98067A   25214.48330902  .00009987  00000-0  18089-3 0  9995,2 25544  51.6346  77.6095 0001729 143.7235 216.3872 15.50290623522343
3.0,GENERATED VIA SPACE-TRACK.ORG API,2025-08-02 17:56:21+00:00,18 SPCS,ISS (ZARYA),1998-067A,EARTH,TEME,UTC,SGP4,2025-08-02 16:42:17.480160+00:00,15.50306825,0.00015350,51.6355,76.5504,135.1338,333.0152,0,U,25544,999,52237,0.00030763000000,0.00017330,0.0000000000000,6793.967,92.885,416.874,414.789,PAYLOAD,LARGE,ISS,1998-11-20,TTMTR,,4803603,294146673,0 ISS (ZARYA),1 25544U 98067A   25214.69603565  .00017330  00000-0  30763-3 0  9990,2 25544  51.6355  76.5504 0001535 135.1338 333.0152 15.50306825522373
3.0,GENERATED VIA SPACE-TRACK.ORG API,2025-08-03 00:26:15+00:00,18 SPCS,ISS (ZARYA),1998-067A,EARTH,TEME,UTC,SGP4,2025-08-02 23:52:38.879616+00:00,15.50307000,0.00020520,51.6358,75.0680,141.2455,195.9660,0,U,25544,999,52241,0.00021211000000,0.00011799,0.0000000000000,6793.966,92.885,417.225,414.437,PAYLOAD,LARGE,ISS,1998-11-20,TTMTR,,4803832,294152240,0 ISS (ZARYA),1 25544U 98067A   25214.99489444  .00011799  00000-0  21211-3 0  9992,2 25544  51.6358  75.0680 0002052 141.2455 195.9660 15.50307000522418
3.0,GENERATED VIA SPACE-TRACK.ORG API,2025-08-03 10:16:20+00:00,18 SPCS,ISS (ZARYA),1998-067A,EARTH,TEME,UTC,SGP4,2025-08-03 01:31:22.559520+00:00,15.50307050,0.00017300,51.6348,74.7337,146.4187,213.6912,0,U,25544,999,52243,0.00013861000000,0.00007548,0.0000000000000,6793.966,92.885,417.006,414.656,PAYLOAD,LARGE,ISS,1998-11-20,TTMTR,,4803934,294159248,0 ISS (ZARYA),1 25544U 98067A   25215.06345555  .00007548  00000-0  13861-3 0  9994,2 25544  51.6348  74.7337 0001730 146.4187 213.6912 15.50307050522438
3.0,GENERATED VIA SPACE-TRACK.ORG API,2025-08-03 12:56:16+00:00,18 SPCS,ISS (ZARYA),1998-067A,EARTH,TEME,UTC,SGP4,2025-08-03 11:06:19.190304+00:00,15.50326680,0.00017900,51.6349,72.7526,135.4885,294.4671,0,U,25544,999,52249,0.00026065000000,0.00014619,0.0000000000000,6793.909,92.884,416.990,414.557,PAYLOAD,LARGE,ISS,1998-11-20,TTMTR,,4804165,294160353,0 ISS (ZARYA),1 25544U 98067A   25215.46272211  .00014619  00000-0  26065-3 0  9993,2 25544  51.6349  72.7526 0001790 135.4885 294.4671 15.50326680522491
3.0,GENERATED VIA SPACE-TRACK.ORG API,2025-08-03 17:56:16+00:00,18 SPCS,ISS (ZARYA),1998-067A,EARTH,TEME,UTC,SGP4,2025-08-03 17:09:05.010912+00:00,15.50324816,0.00020630,51.6362,71.4998,141.3386,255.5383,0,U,25544,999,52253,0.00021137000000,0.00011764,0.0000000000000,6793.914,92.884,417.181,414.377,PAYLOAD,LARGE,ISS,1998-11-20,TTMTR,,4804520,294199415,0 ISS (ZARYA),1 25544U 98067A   25215.71464133  .00011764  00000-0  21137-3 0  9990,2 25544  51.6362  71.4998 0002063 141.3386 255.5383 15.50324816522533
3.0,GENERATED VIA SPACE-TRACK.ORG API,2025-08-03 23:06:18+00:00,18 SPCS,ISS (ZARYA),1998-067A,EARTH,TEME,UTC,SGP4,2025-08-03 20:05:15.086688+00:00,15.50320041,0.00017050,51.6350,70.8995,149.7874,210.3214,0,U,25544,999,52255,0.00013480000000,0.00007332,0.0000000000000,6793.928,92.884,416.951,414.635,PAYLOAD,LARGE,ISS,1998-11-20,TTMTR,,4804803,294206595,0 ISS (ZARYA),1 25544U 98067A   25215.83698017  .00007332  00000-0  13480-3 0  9991,2 25544  51.6350  70.8995 0001705 149.7874 210.3214 15.50320041522556
3.0,GENERATED VIA SPACE-TRACK.ORG API,2025-08-04 00:36:16+00:00,18 SPCS,ISS (ZARYA),1998-067A,EARTH,TEME,UTC,SGP4,2025-08-03 23:47:25.130976+00:00,15.50330642,0.00020370,51.6357,70.1289,142.2414,359.5265,0,U,25544,999,52257,0.00020962000000,0.00011665,0.0000000000000,6793.897,92.883,417.146,414.378,PAYLOAD,LARGE,ISS,1998-11-20,TTMTR,,4804871,294207954,0 ISS (ZARYA),1 25544U 98067A   25215.99126309  .00011665  00000-0  20962-3 0  9995,2 25544  51.6357  70.1289 0002037 142.2414 359.5265 15.50330642522571
3.0,GENERATED VIA SPACE-TRACK.ORG API,2025-08-04 07:06:47+00:00,18 SPCS,ISS (ZARYA),1998-067A,EARTH,TEME,UTC,SGP4,2025-08-04 02:16:32.472192+00:00,15.50325727,0.00016820,51.6350,69.6212,150.1438,209.9647,0,U,25544,999,52259,0.00014851000000,0.00008126,0.0000000000000,6793.911,92.884,416.919,414.634,PAYLOAD,LARGE,ISS,1998-11-20,TTMTR,,4805153,294244669,0 ISS (ZARYA),1 25544U 98067A   25216.09482028  .00008126  00000-0  14851-3 0  9998,2 25544  51.6350  69.6212 0001682 150.1438 209.9647 15.50325727522594
3.0,GENERATED VIA SPACE-TRACK.ORG API,2025-08-04 14:56:19+00:00,18 SPCS,ISS (ZARYA),1998-067A,EARTH,TEME,UTC,SGP4,2025-08-04 11:33:28.450656+00:00,15.50332336,0.00016520,51.6351,67.7039,151.7603,208.3476,0,U,25544,999,52265,0.00015271000000,0.00008371,0.0000000000000,6793.892,92.883,416.879,414.635,PAYLOAD,LARGE,ISS,1998-11-20,TTMTR,,4805413,294252399,0 ISS (ZARYA),1 25544U 98067A   25216.48157929  .00008371  00000-0  15271-3 0  9999,2 25544  51.6351  67.7039 0001652 151.7603 208.3476 15.50332336522653
3.0,GENERATED VIA SPACE-TRACK.ORG API,2025-08-04 21:56:16+00:00,18 SPCS,ISS (ZARYA),1998-067A,EARTH,TEME,UTC,SGP4,2025-08-04 21:11:37.428576+00:00,15.50331059,0.00018180,51.6362,65.7123,143.6625,298.7323,0,U,25544,999,52271,0.00006768800000,0.00003454,0.0000000000000,6793.896,92.883,416.996,414.526,PAYLOAD,LARGE,ISS,1998-11-20,TTMTR,,4805529,294284264,0 ISS (ZARYA),1 25544U 98067A   25216.88307209  .00003454  00000-0  67688-4 0  9998,2 25544  51.6362  65.7123 0001818 143.6625 298.7323 15.50331059522717
3.0,GENERATED VIA SPACE-TRACK.ORG API,2025-08-05 13:18:59+00:00,18 SPCS,ISS (ZARYA),1998-067A,EARTH,TEME,UTC,SGP4,2025-08-05 02:04:07.413888+00:00,15.50348227,0.00020040,51.6365,64.7008,145.1675,351.6814,0,U,25544,999,52274,0.00018611000000,0.00010310,0.0000000000000,6793.846,92.882,417.072,414.349,PAYLOAD,LARGE,ISS,1998-11-20,TTMTR,,4806007,294329727,0 ISS (ZARYA),1 25544U 98067A   25217.08619692  .00010310  00000-0  18611-3 0  9993,2 25544  51.6365  64.7008 0002004 145.1675 351.6814 15.50348227522743
3.0,GENERATED VIA SPACE-TRACK.ORG API,2025-08-05 15:06:17+00:00,18 SPCS,ISS (ZARYA),1998-067A,EARTH,TEME,UTC,SGP4,2025-08-05 12:18:37.094112+00:00,15.50348220,0.00016000,51.6349,62.5912,155.8148,204.2916,0,U,25544,999,52281,0.00014867000000,0.00008142,0.0000000000000,6793.846,92.882,416.798,414.624,PAYLOAD,LARGE,ISS,1998-11-20,TTMTR,,4806494,294338210,0 ISS (ZARYA),1 25544U 98067A   25217.51292933  .00008142  00000-0  14867-3 0  9995,2 25544  51.6349  62.5912 0001600 155.8148 204.2916 15.50348220522816
3.0,GENERATED VIA SPACE-TRACK.ORG API,2025-08-05 17:43:45+00:00,18 SPCS,ISS (ZARYA),1998-067A,EARTH,TEME,UTC,SGP4,2025-08-05 13:51:26.351712+00:00,15.50349286,0.00015950,51.6349,62.2717,155.7040,204.4024,0,U,25544,999,52282,0.00014750000000,0.00008075,0.0000000000000,6793.842,92.882,416.791,414.624,PAYLOAD,LARGE,ISS,1998-11-20,TTMTR,,4806564,294346720,0 ISS (ZARYA),1 25544U 98067A   25217.57738833  .00008075  00000-0  14750-3 0  9991,2 25544  51.6349  62.2717 0001595 155.7040 204.4024 15.50349286522825
3.0,GENERATED VIA SPACE-TRACK.ORG API,2025-08-07 02:11:08+00:00,18 SPCS,ISS (ZARYA),1998-067A,EARTH,TEME,UTC,SGP4,2025-08-06 22:20:39.854112+00:00,15.50370089,0.00014716,51.6349,55.5614,160.5833,199.5213,0,U,25544,999,52303,0.00012861896000,0.00006987,0.0000000000000,6793.782,92.881,416.646,414.647,PAYLOAD,LARGE,ISS,1998-11-20,TTMTR,,4806584,294469203,0 ISS (ZARYA),1 25544U 98067A   25218.93101683  .00006987  00000-0  12862-3 0  9991,2 25544  51.6349  55.5614 0001472 160.5833 199.5213 15.50370089523037
3.0,GENERATED VIA SPACE-TRACK.ORG API,2025-08-07 22:50:55+00:00,18 SPCS,ISS (ZARYA),1998-067A,EARTH,TEME,UTC,SGP4,2025-08-07 12:16:02.324928+00:00,15.50378521,0.00014205,51.6349,52.6854,162.5532,197.5506,0,U,25544,999,52312,0.00012460840000,0.00006757,0.0000000000000,6793.757,92.881,416.587,414.657,PAYLOAD,LARGE,ISS,1998-11-20,TTMTR,,4806590,294499992,0 ISS (ZARYA),1 25544U 98067A   25219.51113802  .00006757  00000-0  12461-3 0  9992,2 25544  51.6349  52.6854 0001421 162.5532 197.5506 15.50378521523125
3.0,GENERATED VIA SPACE-TRACK.ORG API,2025-08-08 04:05:44+00:00,18 SPCS,ISS (ZARYA),1998-067A,EARTH,TEME,UTC,SGP4,2025-08-07 18:27:18.882720+00:00,15.50382039,0.00015100,51.6348,51.4068,165.7095,194.3936,0,U,25544,999,52316,0.00012591000000,0.00006833,0.0000000000000,6793.747,92.880,416.638,414.586,PAYLOAD,LARGE,ISS,1998-11-20,TTMTR,,4806722,294533711,0 ISS (ZARYA),1 25544U 98067A   25219.76896855  .00006833  00000-0  12591-3 0  9994,2 25544  51.6348  51.4068 0001510 165.7095 194.3936 15.50382039523161
3.0,GENERATED VIA SPACE-TRACK.ORG API,2025-08-08 06:36:24+00:00,18 SPCS,ISS (ZARYA),1998-067A,EARTH,TEME,UTC,SGP4,2025-08-07 23:05:46.311648+00:00,15.50382932,0.00014960,51.6348,50.4484,166.7359,193.3669,0,U,25544,999,52319,0.00011133000000,0.00005989,0.0000000000000,6793.744,92.880,416.626,414.593,PAYLOAD,LARGE,ISS,1998-11-20,TTMTR,,4807626,294580326,0 ISS (ZARYA),1 25544U 98067A   25219.96234157  .00005989  00000-0  11133-3 0  9999,2 25544  51.6348  50.4484 0001496 166.7359 193.3669 15.50382932523196
3.0,GENERATED VIA SPACE-TRACK.ORG API,2025-08-08 13:46:18+00:00,18 SPCS,ISS (ZARYA),1998-067A,EARTH,TEME,UTC,SGP4,2025-08-08 11:38:08.957760+00:00,15.50392540,0.00016810,51.6365,47.8562,159.7011,238.5282,0,U,25544,999,52327,0.00012442000000,0.00006749,0.0000000000000,6793.716,92.880,416.723,414.439,PAYLOAD,LARGE,ISS,1998-11-20,TTMTR,,4807688,294581238,0 ISS (ZARYA),1 25544U 98067A   25220.48482590  .00006749  00000-0  12442-3 0  9993,2 25544  51.6365  47.8562 0001681 159.7011 238.5282 15.50392540523273
3.0,GENERATED VIA SPACE-TRACK.ORG API,2025-08-08 14:46:19+00:00,18 SPCS,ISS (ZARYA),1998-067A,EARTH,TEME,UTC,SGP4,2025-08-08 13:01:08.362560+00:00,15.50392869,0.00014580,51.6352,47.5724,168.6743,191.4279,0,U,25544,999,52328,0.00013092000000,0.00007126,0.0000000000000,6793.715,92.880,416.571,414.590,PAYLOAD,LARGE,ISS,1998-11-20,TTMTR,,4807868,294585874,0 ISS (ZARYA),1 25544U 98067A   25220.54245790  .00007126  00000-0  13092-3 0  9991,2 25544  51.6352  47.5724 0001458 168.6743 191.4279 15.50392869523287
3.0,GENERATED VIA SPACE-TRACK.ORG API,2025-08-08 17:46:16+00:00,18 SPCS,ISS (ZARYA),1998-067A,EARTH,TEME,UTC,SGP4,2025-08-08 16:31:04.141632+00:00,15.50397343,0.00018240,51.6367,46.8440,161.3947,292.9442,0,U,25544,999,52330,0.00013347000000,0.00007275,0.0000000000000,6793.702,92.879,416.806,414.328,PAYLOAD,LARGE,ISS,1998-11-20,TTMTR,,4807940,294587064,0 ISS (ZARYA),1 25544U 98067A   25220.68824238  .00007275  00000-0  13347-3 0  9994,2 25544  51.6367  46.8440 0001824 161.3947 292.9442 15.50397343523307
3.0,GENERATED VIA SPACE-TRACK.ORG API,2025-08-08 22:56:30+00:00,18 SPCS,ISS (ZARYA),1998-067A,EARTH,TEME,UTC,SGP4,2025-08-08 20:45:13.822848+00:00,15.50398744,0.00014620,51.6350,45.9743,170.5230,189.5787,0,U,25544,999,52333,0.00015581000000,0.00008572,0.0000000000000,6793.698,92.879,416.556,414.570,PAYLOAD,LARGE,ISS,1998-11-20,TTMTR,,4808189,294623573,0 ISS (ZARYA),1 25544U 98067A   25220.86474332  .00008572  00000-0  15581-3 0  9993,2 25544  51.6350  45.9743 0001462 170.5230 189.5787 15.50398744523332
3.0,GENERATED VIA SPACE-TRACK.ORG API,2025-08-09 00:36:16+00:00,18 SPCS,ISS (ZARYA),1998-067A,EARTH,TEME,UTC,SGP4,2025-08-08 23:04:02.660160+00:00,15.50396309,0.00017350,51.6367,45.4946,164.2823,14.2163,0,U,25544,999,52334,0.00011302000000,0.00006089,0.0000000000000,6793.705,92.879,416.749,414.391,PAYLOAD,LARGE,ISS,1998-11-20,TTMTR,,4808252,294624836,0 ISS (ZARYA),1 25544U 98067A   25220.96114190  .00006089  00000-0  11302-3 0  9995,2 25544  51.6367  45.4946 0001735 164.2823  14.2163 15.50396309523349
3.0,GENERATED VIA SPACE-TRACK.ORG API,2025-08-09 07:06:47+00:00,18 SPCS,ISS (ZARYA),1998-067A,EARTH,TEME,UTC,SGP4,2025-08-09 06:02:08.192544+00:00,15.50405280,0.00014760,51.6349,44.0567,172.8642,187.2368,0,U,25544,999,52339,0.00015525000000,0.00008541,0.0000000000000,6793.679,92.879,416.547,414.541,PAYLOAD,LARGE,ISS,1998-11-20,TTMTR,,4808592,294663041,0 ISS (ZARYA),1 25544U 98067A   25221.25148371  .00008541  00000-0  15525-3 0  9992,2 25544  51.6349  44.0567 0001476 172.8642 187.2368 15.50405280523391
3.0,GENERATED VIA SPACE-TRACK.ORG API,2025-08-09 11:16:30+00:00,18 SPCS,ISS (ZARYA),1998-067A,EARTH,TEME,UTC,SGP4,2025-08-09 06:02:29.999904+00:00,15.50401967,0.00018050,51.6366,44.0509,168.6393,192.8720,0,U,25544,999,52339,0.00012095000000,0.00006550,0.0000000000000,6793.689,92.879,416.780,414.327,PAYLOAD,LARGE,ISS,1998-11-20,TTMTR,,4808640,294664339,0 ISS (ZARYA),1 25544U 98067A   25221.25173611  .00006550  00000-0  12095-3 0  9994,2 25544  51.6366  44.0509 0001805 168.6393 192.8720 15.50401967523390
3.0,GENERATED VIA SPACE-TRACK.ORG API,2025-08-09 14:56:34+00:00,18 SPCS,ISS (ZARYA),1998-067A,EARTH,TEME,UTC,SGP4,2025-08-09 12:13:24.179232+00:00,15.50419347,0.00013980,51.6345,42.7784,174.2494,185.8512,0,U,25544,999,52343,0.00024819000000,0.00013944,0.0000000000000,6793.638,92.878,416.453,414.553,PAYLOAD,LARGE,ISS,1998-11-20,TTMTR,,4808870,294670632,0 ISS (ZARYA),1 25544U 98067A   25221.50930763  .00013944  00000-0  24819-3 0  9993,2 25544  51.6345  42.7784 0001398 174.2494 185.8512 15.50419347523436
3.0,GENERATED VIA SPACE-TRACK.ORG API,2025-08-09 19:16:16+00:00,18 SPCS,ISS (ZARYA),1998-067A,EARTH,TEME,UTC,SGP4,2025-08-09 18:58:00.715584+00:00,15.50422887,0.00016940,51.6364,41.3882,185.0093,304.4149,0,U,25544,999,52347,0.00018103000000,0.00010044,0.0000000000000,6793.627,92.878,416.643,414.342,PAYLOAD,LARGE,ISS,1998-11-20,TTMTR,,4808983,294703114,0 ISS (ZARYA),1 25544U 98067A   25221.79028606  .00010044  00000-0  18103-3 0  9995,2 25544  51.6364  41.3882 0001694 185.0093 304.4149 15.50422887523477
3.0,GENERATED VIA SPACE-TRACK.ORG API,2025-08-09 20:36:29+00:00,18 SPCS,ISS (ZARYA),1998-067A,EARTH,TEME,UTC,SGP4,2025-08-09 19:12:02.000160+00:00,15.50423293,0.00016200,51.6364,41.3404,184.4873,359.3198,0,U,25544,999,52347,0.00018356000000,0.00010191,0.0000000000000,6793.626,92.878,416.592,414.391,PAYLOAD,LARGE,ISS,1998-11-20,TTMTR,,4808990,294703120,0 ISS (ZARYA),1 25544U 98067A   25221.80002315  .00010191  00000-0  18356-3 0  9999,2 25544  51.6364  41.3404 0001620 184.4873 359.3198 15.50423293523470
3.0,GENERATED VIA SPACE-TRACK.ORG API,2025-08-09 22:56:18+00:00,18 SPCS,ISS (ZARYA),1998-067A,EARTH,TEME,UTC,SGP4,2025-08-09 19:57:29.121120+00:00,15.50428739,0.00013640,51.6349,41.1807,173.8936,186.2070,0,U,25544,999,52348,0.00025255000000,0.00014202,0.0000000000000,6793.610,92.878,416.402,414.549,PAYLOAD,LARGE,ISS,1998-11-20,TTMTR,,4809248,294709618,0 ISS (ZARYA),1 25544U 98067A   25221.83158705  .00014202  00000-0  25255-3 0  9990,2 25544  51.6349  41.1807 0001364 173.8936 186.2070 15.50428739523482
3.0,GENERATED VIA SPACE-TRACK.ORG API,2025-08-10 00:46:16+00:00,18 SPCS,ISS (ZARYA),1998-067A,EARTH,TEME,UTC,SGP4,2025-08-09 23:28:51.599136+00:00,15.50418192,0.00017150,51.6370,40.4501,168.6519,291.2807,0,U,25544,999,52350,0.00013681000000,0.00007475,0.0000000000000,6793.641,92.878,416.671,414.341,PAYLOAD,LARGE,ISS,1998-11-20,TTMTR,,4809297,294710528,0 ISS (ZARYA),1 25544U 98067A   25221.97837499  .00007475  00000-0  13681-3 0  9993,2 25544  51.6370  40.4501 0001715 168.6519 291.2807 15.50418192523508
3.0,GENERATED VIA SPACE-TRACK.ORG API,2025-08-10 06:36:19+00:00,18 SPCS,ISS (ZARYA),1998-067A,EARTH,TEME,UTC,SGP4,2025-08-10 03:41:33.902304+00:00,15.50434578,0.00013290,51.6345,39.5822,176.6217,183.4781,0,U,25544,999,52353,0.00020663000000,0.00011536,0.0000000000000,6793.593,92.877,416.361,414.555,PAYLOAD,LARGE,ISS,1998-11-20,TTMTR,,4809426,294713265,0 ISS (ZARYA),1 25544U 98067A   25222.15386461  .00011536  00000-0  20663-3 0  9993,2 25544  51.6345  39.5822 0001329 176.6217 183.4781 15.50434578523532
3.0,GENERATED VIA SPACE-TRACK.ORG API,2025-08-10 12:56:16+00:00,18 SPCS,ISS (ZARYA),1998-067A,EARTH,TEME,UTC,SGP4,2025-08-10 11:37:22.291392+00:00,15.50428464,0.00018530,51.6367,37.9417,175.3844,230.1801,0,U,25544,999,52358,0.00014282000000,0.00007827,0.0000000000000,6793.611,92.878,416.735,414.217,PAYLOAD,LARGE,ISS,1998-11-20,TTMTR,,4809702,294720213,0 ISS (ZARYA),1 25544U 98067A   25222.48428578  .00007827  00000-0  14282-3 0  9993,2 25544  51.6367  37.9417 0001853 175.3844 230.1801 15.50428464523587
3.0,GENERATED VIA SPACE-TRACK.ORG API,2025-08-10 17:15:53+00:00,18 SPCS,ISS (ZARYA),1998-067A,EARTH,TEME,UTC,SGP4,2025-08-10 11:25:38.674848+00:00,15.50438697,0.00012770,51.6345,37.9846,177.5655,182.5340,0,U,25544,999,52358,0.00017061000000,0.00009444,0.0000000000000,6793.581,92.877,416.314,414.579,PAYLOAD,LARGE,ISS,1998-11-20,TTMTR,,4810125,294736621,0 ISS (ZARYA),1 25544U 98067A   25222.47614207  .00009444  00000-0  17061-3 0  9993,2 25544  51.6345  37.9846 0001277 177.5655 182.5340 15.50438697523580
3.0,GENERATED VIA SPACE-TRACK.ORG API,2025-08-10 17:36:21+00:00,18 SPCS,ISS (ZARYA),1998-067A,EARTH,TEME,UTC,SGP4,2025-08-10 16:31:21.166752+00:00,15.50445096,0.00014430,51.6368,36.9306,190.4218,275.4191,0,U,25544,999,52361,0.00020020000000,0.00011166,0.0000000000000,6793.563,92.877,416.408,414.447,PAYLOAD,LARGE,ISS,1998-11-20,TTMTR,,4810127,294761202,0 ISS (ZARYA),1 25544U 98067A   25222.68843943  .00011166  00000-0  20020-3 0  9990,2 25544  51.6368  36.9306 0001443 190.4218 275.4191 15.50445096523610
3.0,GENERATED VIA SPACE-TRACK.ORG API,2025-08-10 22:56:26+00:00,18 SPCS,ISS (ZARYA),1998-067A,EARTH,TEME,UTC,SGP4,2025-08-10 19:09:43.246944+00:00,15.50445660,0.00012950,51.6346,36.3869,176.8868,183.2129,0,U,25544,999,52363,0.00016861000000,0.00009330,0.0000000000000,6793.561,92.877,416.306,414.546,PAYLOAD,LARGE,ISS,1998-11-20,TTMTR,,4810391,294767865,0 ISS (ZARYA),1 25544U 98067A   25222.79841721  .00009330  00000-0  16861-3 0  9992,2 25544  51.6346  36.3869 0001295 176.8868 183.2129 15.50445660523634
3.0,GENERATED VIA SPACE-TRACK.ORG API,2025-08-11 06:56:20+00:00,18 SPCS,ISS (ZARYA),1998-067A,EARTH,TEME,UTC,SGP4,2025-08-10 22:15:21.068352+00:00,15.50446935,0.00013070,51.6346,35.7476,177.0594,183.0403,0,U,25544,999,52365,0.00015293000000,0.00008419,0.0000000000000,6793.557,92.876,416.310,414.534,PAYLOAD,LARGE,ISS,1998-11-20,TTMTR,,4810673,294775125,0 ISS (ZARYA),1 25544U 98067A   25222.92732718  .00008419  00000-0  15293-3 0  9997,2 25544  51.6346  35.7476 0001307 177.0594 183.0403 15.50446935523655
3.0,GENERATED VIA SPACE-TRACK.ORG API,2025-08-11 15:06:33+00:00,18 SPCS,ISS (ZARYA),1998-067A,EARTH,TEME,UTC,SGP4,2025-08-11 12:10:41.103552+00:00,15.50455021,0.00013060,51.6349,32.8716,179.0387,181.0604,0,U,25544,999,52374,0.00013813000000,0.00007562,0.0000000000000,6793.534,92.876,416.286,414.511,PAYLOAD,LARGE,ISS,1998-11-20,TTMTR,,4811040,294813140,0 ISS (ZARYA),1 25544U 98067A   25223.50742018  .00007562  00000-0  13813-3 0  9990,2 25544  51.6349  32.8716 0001306 179.0387 181.0604 15.50455021523741
3.0,GENERATED VIA SPACE-TRACK.ORG API,2025-08-11 23:06:18+00:00,18 SPCS,ISS (ZARYA),1998-067A,EARTH,TEME,UTC,SGP4,2025-08-11 19:54:45.382752+00:00,15.50462832,0.00012210,51.6349,31.2739,180.1031,179.9958,0,U,25544,999,52379,0.00016234000000,0.00008972,0.0000000000000,6793.511,92.875,416.205,414.546,PAYLOAD,LARGE,ISS,1998-11-20,TTMTR,,4811400,294852342,0 ISS (ZARYA),1 25544U 98067A   25223.82969193  .00008972  00000-0  16234-3 0  9996,2 25544  51.6349  31.2739 0001221 180.1031 179.9958 15.50462832523795
3.0,GENERATED VIA SPACE-TRACK.ORG API,2025-08-12 06:46:19+00:00,18 SPCS,ISS (ZARYA),1998-067A,EARTH,TEME,UTC,SGP4,2025-08-12 03:38:49.555680+00:00,15.50469254,0.00011480,51.6349,29.6760,180.0973,180.0016,0,U,25544,999,52384,0.00016708000000,0.00009249,0.0000000000000,6793.492,92.875,416.137,414.577,PAYLOAD,LARGE,ISS,1998-11-20,TTMTR,,4811542,294886825,0 ISS (ZARYA),1 25544U 98067A   25224.15196245  .00009249  00000-0  16708-3 0  9997,2 25544  51.6349  29.6760 0001148 180.0973 180.0016 15.50469254523841
3.0,GENERATED VIA SPACE-TRACK.ORG API,2025-08-12 14:46:34+00:00,18 SPCS,ISS (ZARYA),1998-067A,EARTH,TEME,UTC,SGP4,2025-08-12 11:22:53.588640+00:00,15.50477111,0.00011720,51.6349,28.0780,181.8871,178.2114,0,U,25544,999,52389,0.00018430000000,0.00010254,0.0000000000000,6793.469,92.875,416.130,414.538,PAYLOAD,LARGE,ISS,1998-11-20,TTMTR,,4812195,294901793,0 ISS (ZARYA),1 25544U 98067A   25224.47423135  .00010254  00000-0  18430-3 0  9995,2 25544  51.6349  28.0780 0001172 181.8871 178.2114 15.50477111523893
3.0,GENERATED VIA SPACE-TRACK.ORG API,2025-08-13 23:01:20+00:00,18 SPCS,ISS (ZARYA),1998-067A,EARTH,TEME,UTC,SGP4,2025-08-13 12:07:53.714784+00:00,15.50495894,0.00012650,51.6354,22.9643,189.2848,170.8118,0,U,25544,999,52405,0.00016120000000,0.00008916,0.0000000000000,6793.414,92.874,416.139,414.420,PAYLOAD,LARGE,ISS,1998-11-20,TTMTR,,4812257,294971055,0 ISS (ZARYA),1 25544U 98067A   25225.50548281  .00008916  00000-0  16120-3 0  9996,2 25544  51.6354  22.9643 0001265 189.2848 170.8118 15.50495894524058
3.0,GENERATED VIA SPACE-TRACK.ORG API,2025-08-14 02:27:49+00:00,18 SPCS,ISS (ZARYA),1998-067A,EARTH,TEME,UTC,SGP4,2025-08-13 19:51:57.273408+00:00,15.50502248,0.00012670,51.6356,21.3666,190.3224,169.7740,0,U,25544,999,52410,0.00016040000000,0.00008872,0.0000000000000,6793.396,92.873,416.121,414.400,PAYLOAD,LARGE,ISS,1998-11-20,TTMTR,,4812259,295002109,0 ISS (ZARYA),1 25544U 98067A   25225.82774622  .00008872  00000-0  16040-3 0  9993,2 25544  51.6356  21.3666 0001267 190.3224 169.7740 15.50502248524107
3.0,GENERATED VIA SPACE-TRACK.ORG API,2025-08-15 02:38:02+00:00,18 SPCS,ISS (ZARYA),1998-067A,EARTH,TEME,UTC,SGP4,2025-08-14 19:04:27.007392+00:00,15.49926541,0.00033370,51.6352,16.5741,217.6067,142.4689,0,U,25544,999,52425,0.00017771000000,0.00009674,0.0000000000000,6795.078,92.908,419.210,414.675,PAYLOAD,LARGE,ISS,1998-11-20,TTMTR,,4812266,295125313,0 ISS (ZARYA),1 25544U 98067A   25226.79475703  .00009674  00000-0  17771-3 0  9991,2 25544  51.6352  16.5741 0003337 217.6067 142.4689 15.49926541524251
3.0,GENERATED VIA SPACE-TRACK.ORG API,2025-08-15 17:34:54+00:00,18 SPCS,ISS (ZARYA),1998-067A,EARTH,TEME,UTC,SGP4,2025-08-15 12:05:45.096288+00:00,15.49942616,0.00035570,51.6349,13.0597,220.9474,139.1248,0,U,25544,999,52436,0.00019089000000,0.00010432,0.0000000000000,6795.031,92.907,419.313,414.479,PAYLOAD,LARGE,ISS,1998-11-20,TTMTR,,4812268,295155684,0 ISS (ZARYA),1 25544U 98067A   25227.50399417  .00010432  00000-0  19089-3 0  9996,2 25544  51.6349  13.0597 0003557 220.9474 139.1248 15.49942616524368
3.0,GENERATED VIA SPACE-TRACK.ORG API,2025-08-15 22:36:49+00:00,18 SPCS,ISS (ZARYA),1998-067A,EARTH,TEME,UTC,SGP4,2025-08-15 12:35:35.229984+00:00,15.49934408,0.00037010,51.6366,12.9547,223.1127,252.6386,0,U,25544,999,52436,0.00007228200000,0.00003662,0.0000000000000,6795.055,92.907,419.435,414.405,PAYLOAD,LARGE,ISS,1998-11-20,TTMTR,,4814521,295242820,0 ISS (ZARYA),1 25544U 98067A   25227.52471331  .00003662  00000-0  72282-4 0  9996,2 25544  51.6366  12.9547 0003701 223.1127 252.6386 15.49934408524365
3.0,GENERATED VIA SPACE-TRACK.ORG API,2025-08-15 22:36:49+00:00,18 SPCS,ISS (ZARYA),1998-067A,EARTH,TEME,UTC,SGP4,2025-08-14 20:37:17.775264+00:00,15.49926755,0.00033280,51.6350,16.2546,217.7911,142.2844,0,U,25544,999,52426,0.00014441000000,0.00007774,0.0000000000000,6795.077,92.908,419.204,414.681,PAYLOAD,LARGE,ISS,1998-11-20,TTMTR,,4814520,295241107,0 ISS (ZARYA),1 25544U 98067A   25226.85923351  .00007774  00000-0  14441-3 0  9995,2 25544  51.6350  16.2546 0003328 217.7911 142.2844 15.49926755524267
3.0,GENERATED VIA SPACE-TRACK.ORG API,2025-08-15 22:36:49+00:00,18 SPCS,ISS (ZARYA),1998-067A,EARTH,TEME,UTC,SGP4,2025-08-13 02:51:01.315008+00:00,15.50490099,0.00012140,51.6354,24.8822,188.5500,171.5469,0,U,25544,999,52399,0.00019551000000,0.00010911,0.0000000000000,6793.431,92.874,416.121,414.471,PAYLOAD,LARGE,ISS,1998-11-20,TTMTR,,4814518,295194122,0 ISS (ZARYA),1 25544U 98067A   25225.11876522  .00010911  00000-0  19551-3 0  9994,2 25544  51.6354  24.8822 0001214 188.5500 171.5469 15.50490099523990
3.0,GENERATED VIA SPACE-TRACK.ORG API,2025-08-15 22:36:49+00:00,18 SPCS,ISS (ZARYA),1998-067A,EARTH,TEME,UTC,SGP4,2025-08-15 17:06:08.050752+00:00,15.49941620,0.00035600,51.6366,12.0241,223.0324,221.7434,0,U,25544,999,52439,0.00013539000000,0.00007263,0.0000000000000,6795.034,92.907,419.318,414.480,PAYLOAD,LARGE,ISS,1998-11-20,TTMTR,,4814522,295251033,0 ISS (ZARYA),1 25544U 98067A   25227.71259318  .00007263  00000-0  13539-3 0  9996,2 25544  51.6366  12.0241 0003560 223.0324 221.7434 15.49941620524396
3.0,GENERATED VIA SPACE-TRACK.ORG API,2025-08-15 22:36:49+00:00,18 SPCS,ISS (ZARYA),1998-067A,EARTH,TEME,UTC,SGP4,2025-08-12 19:06:57.470400+00:00,15.50483866,0.00012420,51.6353,26.4800,185.6155,174.4821,0,U,25544,999,52394,0.00018424000000,0.00010253,0.0000000000000,6793.449,92.874,416.158,414.471,PAYLOAD,LARGE,ISS,1998-11-20,TTMTR,,4814517,295186531,0 ISS (ZARYA),1 25544U 98067A   25224.79649850  .00010253  00000-0  18424-3 0  9996,2 25544  51.6353  26.4800 0001242 185.6155 174.4821 15.50483866523941
3.0,GENERATED VIA SPACE-TRACK.ORG API,2025-08-16 00:36:16+00:00,18 SPCS,ISS (ZARYA),1998-067A,EARTH,TEME,UTC,SGP4,2025-08-15 21:59:37.978656+00:00,15.49953337,0.00034400,51.6370,11.0151,221.9962,280.8086,0,U,25544,999,52442,0.00021345000000,0.00011725,0.0000000000000,6794.999,92.906,419.202,414.527,PAYLOAD,LARGE,ISS,1998-11-20,TTMTR,,4815263,295251064,0 ISS (ZARYA),1 25544U 98067A   25227.91641179  .00011725  00000-0  21345-3 0  9990,2 25544  51.6370  11.0151 0003440 221.9962 280.8086 15.49953337524423
3.0,GENERATED VIA SPACE-TRACK.ORG API,2025-08-16 03:51:34+00:00,18 SPCS,ISS (ZARYA),1998-067A,EARTH,TEME,UTC,SGP4,2025-08-15 19:49:58.647936+00:00,15.49947995,0.00035470,51.6353,11.4633,222.8166,137.2547,0,U,25544,999,52441,0.00017350000000,0.00009441,0.0000000000000,6795.015,92.906,419.290,414.470,PAYLOAD,LARGE,ISS,1998-11-20,TTMTR,,4815276,295257340,0 ISS (ZARYA),1 25544U 98067A   25227.82637324  .00009441  00000-0  17350-3 0  9990,2 25544  51.6353  11.4633 0003547 222.8166 137.2547 15.49947995524416
3.0,GENERATED VIA SPACE-TRACK.ORG API,2025-08-16 13:16:16+00:00,18 SPCS,ISS (ZARYA),1998-067A,EARTH,TEME,UTC,SGP4,2025-08-16 11:46:28.926912+00:00,15.49964662,0.00034540,51.6369,8.1691,223.9415,244.9345,0,U,25544,999,52451,0.00019653000000,0.00010763,0.0000000000000,6794.966,92.905,419.178,414.484,PAYLOAD,LARGE,ISS,1998-11-20,TTMTR,,4815911,295297395,0 ISS (ZARYA),1 25544U 98067A   25228.49061258  .00010763  00000-0  19653-3 0  9998,2 25544  51.6369   8.1691 0003454 223.9415 244.9345 15.49964662524519
3.0,GENERATED VIA SPACE-TRACK.ORG API,2025-08-16 17:36:29+00:00,18 SPCS,ISS (ZARYA),1998-067A,EARTH,TEME,UTC,SGP4,2025-08-16 16:17:29.355072+00:00,15.49966618,0.00034870,51.6367,7.2361,224.1012,215.5944,0,U,25544,999,52454,0.00018187000000,0.00009925,0.0000000000000,6794.961,92.905,419.195,414.456,PAYLOAD,LARGE,ISS,1998-11-20,TTMTR,,4816140,295302813,0 ISS (ZARYA),1 25544U 98067A   25228.67881198  .00009925  00000-0  18187-3 0  9990,2 25544  51.6367   7.2361 0003487 224.1012 215.5944 15.49966618524548
3.0,GENERATED VIA SPACE-TRACK.ORG API,2025-08-16 17:54:20+00:00,18 SPCS,ISS (ZARYA),1998-067A,EARTH,TEME,UTC,SGP4,2025-08-16 11:18:25.363296+00:00,15.49961564,0.00035280,51.6352,8.2689,225.8196,134.2503,0,U,25544,999,52451,0.00018168000000,0.00009913,0.0000000000000,6794.975,92.906,419.238,414.443,PAYLOAD,LARGE,ISS,1998-11-20,TTMTR,,4816161,295310325,0 ISS (ZARYA),1 25544U 98067A   25228.47112689  .00009913  00000-0  18168-3 0  9996,2 25544  51.6352   8.2689 0003528 225.8196 134.2503 15.49961564524513
3.0,GENERATED VIA SPACE-TRACK.ORG API,2025-08-16 22:46:19+00:00,18 SPCS,ISS (ZARYA),1998-067A,EARTH,TEME,UTC,SGP4,2025-08-16 17:29:47.910336+00:00,15.49966651,0.00035520,51.6356,6.9915,226.9639,133.1053,0,U,25544,999,52455,0.00018030000000,0.00009836,0.0000000000000,6794.961,92.905,419.239,414.412,PAYLOAD,LARGE,ISS,1998-11-20,TTMTR,,4816302,295368410,0 ISS (ZARYA),1 25544U 98067A   25228.72902674  .00009836  00000-0  18030-3 0  9997,2 25544  51.6356   6.9915 0003552 226.9639 133.1053 15.49966651524559
3.0,GENERATED VIA SPACE-TRACK.ORG API,2025-08-17 00:16:29+00:00,18 SPCS,ISS (ZARYA),1998-067A,EARTH,TEME,UTC,SGP4,2025-08-16 21:10:58.571904+00:00,15.49971360,0.00034680,51.6371,6.2262,225.3680,272.3192,0,U,25544,999,52457,0.00018493000000,0.00010102,0.0000000000000,6794.947,92.905,419.168,414.455,PAYLOAD,LARGE,ISS,1998-11-20,TTMTR,,4816330,295368875,0 ISS (ZARYA),1 25544U 98067A   25228.88262236  .00010102  00000-0  18493-3 0  9998,2 25544  51.6371   6.2262 0003468 225.3680 272.3192 15.49971360524574
3.0,GENERATED VIA SPACE-TRACK.ORG API,2025-08-17 06:46:17+00:00,18 SPCS,ISS (ZARYA),1998-067A,EARTH,TEME,UTC,SGP4,2025-08-17 04:19:42.193344+00:00,15.49975761,0.00034990,51.6356,4.7550,229.5075,130.5609,0,U,25544,999,52462,0.00017645000000,0.00009619,0.0000000000000,6794.934,92.905,419.176,414.421,PAYLOAD,LARGE,ISS,1998-11-20,TTMTR,,4816516,295464027,0 ISS (ZARYA),1 25544U 98067A   25229.18034946  .00009619  00000-0  17645-3 0  9996,2 25544  51.6356   4.7550 0003499 229.5075 130.5609 15.49975761524621
3.0,GENERATED VIA SPACE-TRACK.ORG API,2025-08-17 13:36:18+00:00,18 SPCS,ISS (ZARYA),1998-067A,EARTH,TEME,UTC,SGP4,2025-08-17 12:34:58.808064+00:00,15.49984077,0.00034190,51.6371,3.0453,228.0938,252.4230,0,U,25544,999,52467,0.00018080000000,0.00009871,0.0000000000000,6794.910,92.904,419.098,414.451,PAYLOAD,LARGE,ISS,1998-11-20,TTMTR,,4816641,295467749,0 ISS (ZARYA),1 25544U 98067A   25229.52429176  .00009871  00000-0  18080-3 0  9991,2 25544  51.6371   3.0453 0003419 228.0938 252.4230 15.49984077524675
3.0,GENERATED VIA SPACE-TRACK.ORG API,2025-08-17 17:36:17+00:00,18 SPCS,ISS (ZARYA),1998-067A,EARTH,TEME,UTC,SGP4,2025-08-17 15:40:49.245600+00:00,15.49986215,0.00034370,51.6370,2.4058,229.1600,251.9567,0,U,25544,999,52469,0.00017903000000,0.00009770,0.0000000000000,6794.903,92.904,419.104,414.433,PAYLOAD,LARGE,ISS,1998-11-20,TTMTR,,4817031,295477097,0 ISS (ZARYA),1 25544U 98067A   25229.65334775  .00009770  00000-0  17903-3 0  9996,2 25544  51.6370   2.4058 0003437 229.1600 251.9567 15.49986215524691
3.0,GENERATED VIA SPACE-TRACK.ORG API,2025-08-17 23:06:17+00:00,18 SPCS,ISS (ZARYA),1998-067A,EARTH,TEME,UTC,SGP4,2025-08-17 19:48:07.884000+00:00,15.49989447,0.00034620,51.6354,1.5604,232.3943,127.6732,0,U,25544,999,52472,0.00017767000000,0.00009694,0.0000000000000,6794.894,92.904,419.111,414.407,PAYLOAD,LARGE,ISS,1998-11-20,TTMTR,,4817324,295515321,0 ISS (ZARYA),1 25544U 98067A   25229.82509125  .00009694  00000-0  17767-3 0  9991,2 25544  51.6354   1.5604 0003462 232.3943 127.6732 15.49989447524721
3.0,GENERATED VIA SPACE-TRACK.ORG API,2025-08-18 00:36:16+00:00,18 SPCS,ISS (ZARYA),1998-067A,EARTH,TEME,UTC,SGP4,2025-08-17 20:23:14.825760+00:00,15.49991102,0.00034330,51.6374,1.4347,229.7703,266.4657,0,U,25544,999,52472,0.00018281000000,0.00009988,0.0000000000000,6794.889,92.904,419.087,414.421,PAYLOAD,LARGE,ISS,1998-11-20,TTMTR,,4817416,295516971,0 ISS (ZARYA),1 25544U 98067A   25229.84947715  .00009988  00000-0  18281-3 0  9992,2 25544  51.6374   1.4347 0003433 229.7703 266.4657 15.49991102524727
3.0,GENERATED VIA SPACE-TRACK.ORG API,2025-08-18 14:56:36+00:00,18 SPCS,ISS (ZARYA),1998-067A,EARTH,TEME,UTC,SGP4,2025-08-18 12:49:23.599488+00:00,15.50003495,0.00034350,51.6354,358.0463,236.3636,123.7025,0,U,25544,999,52483,0.00016949000000,0.00009231,0.0000000000000,6794.853,92.903,419.052,414.384,PAYLOAD,LARGE,ISS,1998-11-20,TTMTR,,4817915,295560636,0 ISS (ZARYA),1 25544U 98067A   25230.53430092  .00009231  00000-0  16949-3 0  9995,2 25544  51.6354 358.0463 0003435 236.3636 123.7025 15.50003495524833
3.0,GENERATED VIA SPACE-TRACK.ORG API,2025-08-18 23:06:34+00:00,18 SPCS,ISS (ZARYA),1998-067A,EARTH,TEME,UTC,SGP4,2025-08-18 19:00:45.538272+00:00,15.50010279,0.00034050,51.6354,356.7686,237.4664,122.5996,0,U,25544,999,52487,0.00018695000000,0.00010232,0.0000000000000,6794.833,92.903,419.012,414.384,PAYLOAD,LARGE,ISS,1998-11-20,TTMTR,,4818314,295598796,0 ISS (ZARYA),1 25544U 98067A   25230.79219373  .00010232  00000-0  18695-3 0  9993,2 25544  51.6354 356.7686 0003405 237.4664 122.5996 15.50010279524871
3.0,GENERATED VIA SPACE-TRACK.ORG API,2025-08-19 06:46:20+00:00,18 SPCS,ISS (ZARYA),1998-067A,EARTH,TEME,UTC,SGP4,2025-08-19 04:17:48.270624+00:00,15.50017901,0.00034120,51.6353,354.8517,238.8506,121.2148,0,U,25544,999,52493,0.00018429000000,0.00010083,0.0000000000000,6794.811,92.902,418.994,414.357,PAYLOAD,LARGE,ISS,1998-11-20,TTMTR,,4818510,295633940,0 ISS (ZARYA),1 25544U 98067A   25231.17903091  .00010083  00000-0  18429-3 0  9992,2 25544  51.6353 354.8517 0003412 238.8506 121.2148 15.50017901524931
3.0,GENERATED VIA SPACE-TRACK.ORG API,2025-08-19 15:06:43+00:00,18 SPCS,ISS (ZARYA),1998-067A,EARTH,TEME,UTC,SGP4,2025-08-19 12:02:00.441600+00:00,15.50025213,0.00033870,51.6353,353.2545,240.3817,119.6835,0,U,25544,999,52498,0.00019190000000,0.00010521,0.0000000000000,6794.789,92.902,418.956,414.353,PAYLOAD,LARGE,ISS,1998-11-20,TTMTR,,4818930,295644716,0 ISS (ZARYA),1 25544U 98067A   25231.50139400  .00010521  00000-0  19190-3 0  9997,2 25544  51.6353 353.2545 0003387 240.3817 119.6835 15.50025213524983
3.0,GENERATED VIA SPACE-TRACK.ORG API,2025-08-19 22:56:22+00:00,18 SPCS,ISS (ZARYA),1998-067A,EARTH,TEME,UTC,SGP4,2025-08-19 19:46:12.440640+00:00,15.50035894,0.00033970,51.6354,351.6574,242.2486,117.8158,0,U,25544,999,52503,0.00023998000000,0.00013282,0.0000000000000,6794.758,92.901,418.931,414.315,PAYLOAD,LARGE,ISS,1998-11-20,TTMTR,,4819186,295681930,0 ISS (ZARYA),1 25544U 98067A   25231.82375510  .00013282  00000-0  23998-3 0  9994,2 25544  51.6354 351.6574 0003397 242.2486 117.8158 15.50035894525033
3.0,GENERATED VIA SPACE-TRACK.ORG API,2025-08-20 09:26:29+00:00,18 SPCS,ISS (ZARYA),1998-067A,EARTH,TEME,UTC,SGP4,2025-08-20 03:30:24.304896+00:00,15.50043772,0.00033800,51.6354,350.0598,243.5823,116.4819,0,U,25544,999,52508,0.00024658000000,0.00013664,0.0000000000000,6794.735,92.901,418.897,414.304,PAYLOAD,LARGE,ISS,1998-11-20,TTMTR,,4819565,295720987,0 ISS (ZARYA),1 25544U 98067A   25232.14611464  .00013664  00000-0  24658-3 0  9999,2 25544  51.6354 350.0598 0003380 243.5823 116.4819 15.50043772525081
3.0,GENERATED VIA SPACE-TRACK.ORG API,2025-08-20 14:36:18+00:00,18 SPCS,ISS (ZARYA),1998-067A,EARTH,TEME,UTC,SGP4,2025-08-20 11:14:35.983392+00:00,15.50052228,0.00033870,51.6355,348.4629,244.7503,115.3135,0,U,25544,999,52513,0.00023692000000,0.00013114,0.0000000000000,6794.710,92.900,418.877,414.274,PAYLOAD,LARGE,ISS,1998-11-20,TTMTR,,4819744,295726105,0 ISS (ZARYA),1 25544U 98067A   25232.46847203  .00013114  00000-0  23692-3 0  9993,2 25544  51.6355 348.4629 0003387 244.7503 115.3135 15.50052228525134
3.0,GENERATED VIA SPACE-TRACK.ORG API,2025-08-21 02:23:54+00:00,18 SPCS,ISS (ZARYA),1998-067A,EARTH,TEME,UTC,SGP4,2025-08-20 18:58:47.517600+00:00,15.50060649,0.00033810,51.6357,346.8656,246.2794,113.7840,0,U,25544,999,52518,0.00022974000000,0.00012706,0.0000000000000,6794.686,92.900,418.848,414.254,PAYLOAD,LARGE,ISS,1998-11-20,TTMTR,,4820012,295767289,0 ISS (ZARYA),1 25544U 98067A   25232.79082775  .00012706  00000-0  22974-3 0  9992,2 25544  51.6357 346.8656 0003381 246.2794 113.7840 15.50060649525187
3.0,GENERATED VIA SPACE-TRACK.ORG API,2025-08-23 17:13:00+00:00,18 SPCS,ISS (ZARYA),1998-067A,EARTH,TEME,UTC,SGP4,2025-08-23 04:13:44.435136+00:00,15.50118269,0.00032872,51.6356,335.0454,257.9291,102.1330,0,U,25544,999,52555,0.00021810696000,0.00012063,0.0000000000000,6794.517,92.896,418.616,414.149,PAYLOAD,LARGE,ISS,1998-11-20,TTMTR,,4820249,295828046,0 ISS (ZARYA),1 25544U 98067A   25235.17620874  .00012063  00000-0  21811-3 0  9990,2 25544  51.6356 335.0454 0003287 257.9291 102.1330 15.50118269525557
3.0,GENERATED VIA SPACE-TRACK.ORG API,2025-08-24 02:08:44+00:00,18 SPCS,ISS (ZARYA),1998-067A,EARTH,TEME,UTC,SGP4,2025-08-23 18:09:15.081984+00:00,15.50129787,0.00033076,51.6355,332.1708,260.2831,99.7785,0,U,25544,999,52564,0.00020339428000,0.00011222,0.0000000000000,6794.484,92.895,418.596,414.101,PAYLOAD,LARGE,ISS,1998-11-20,TTMTR,,4820264,295854397,0 ISS (ZARYA),1 25544U 98067A   25235.75642456  .00011222  00000-0  20339-3 0  9994,2 25544  51.6355 332.1708 0003308 260.2831  99.7785 15.50129787525649
3.0,GENERATED VIA SPACE-TRACK.ORG API,2025-08-24 18:52:16+00:00,18 SPCS,ISS (ZARYA),1998-067A,EARTH,TEME,UTC,SGP4,2025-08-24 14:16:05.225088+00:00,15.50148668,0.00033101,51.6356,328.0179,265.0130,95.0481,0,U,25544,999,52577,0.00020218110000,0.00011160,0.0000000000000,6794.429,92.894,418.543,414.045,PAYLOAD,LARGE,ISS,1998-11-20,TTMTR,,4820322,295885909,0 ISS (ZARYA),1 25544U 98067A   25236.59450492  .00011160  00000-0  20218-3 0  9991,2 25544  51.6356 328.0179 0003310 265.0130  95.0481 15.50148668525779
3.0,GENERATED VIA SPACE-TRACK.ORG API,2025-08-25 02:12:38+00:00,18 SPCS,ISS (ZARYA),1998-067A,EARTH,TEME,UTC,SGP4,2025-08-24 17:21:45.157248+00:00,15.50151873,0.00033176,51.6355,327.3786,265.7190,94.3420,0,U,25544,999,52579,0.00019996206000,0.00011034,0.0000000000000,6794.419,92.894,418.538,414.030,PAYLOAD,LARGE,ISS,1998-11-20,TTMTR,,4820340,295916091,0 ISS (ZARYA),1 25544U 98067A   25236.72343932  .00011034  00000-0  19996-3 0  9997,2 25544  51.6355 327.3786 0003318 265.7190  94.3420 15.50151873525794
3.0,GENERATED VIA SPACE-TRACK.ORG API,2025-08-25 21:12:07+00:00,18 SPCS,ISS (ZARYA),1998-067A,EARTH,TEME,UTC,SGP4,2025-08-25 11:55:44.305248+00:00,15.50171099,0.00032839,51.6352,323.5450,269.6475,90.4138,0,U,25544,999,52591,0.00021102933000,0.00011679,0.0000000000000,6794.363,92.893,418.459,413.997,PAYLOAD,LARGE,ISS,1998-11-20,TTMTR,,4820412,295947618,0 ISS (ZARYA),1 25544U 98067A   25237.49704057  .00011679  00000-0  21103-3 0  9999,2 25544  51.6352 323.5450 0003284 269.6475  90.4138 15.50171099525917
3.0,GENERATED VIA SPACE-TRACK.ORG API,2025-08-26 22:27:06+00:00,18 SPCS,ISS (ZARYA),1998-067A,EARTH,TEME,UTC,SGP4,2025-08-26 12:41:01.435776+00:00,15.50204319,0.00032918,51.6348,318.4329,275.1400,84.9213,0,U,25544,999,52607,0.00021312280000,0.00011814,0.0000000000000,6794.266,92.891,418.368,413.894,PAYLOAD,LARGE,ISS,1998-11-20,TTMTR,,4820578,296009371,0 ISS (ZARYA),1 25544U 98067A   25238.52848884  .00011814  00000-0  21312-3 0  9994,2 25544  51.6348 318.4329 0003292 275.1400  84.9213 15.50204319526071
3.0,GENERATED VIA SPACE-TRACK.ORG API,2025-08-27 02:14:13+00:00,18 SPCS,ISS (ZARYA),1998-067A,EARTH,TEME,UTC,SGP4,2025-08-26 21:58:00.011424+00:00,15.50213063,0.00032909,51.6345,316.5155,276.7570,83.3045,0,U,25544,999,52613,0.00021012159000,0.00011645,0.0000000000000,6794.240,92.890,418.341,413.870,PAYLOAD,LARGE,ISS,1998-11-20,TTMTR,,4820598,296040018,0 ISS (ZARYA),1 25544U 98067A   25238.91527791  .00011645  00000-0  21012-3 0  9997,2 25544  51.6345 316.5155 0003291 276.7570  83.3045 15.50213063526137
3.0,GENERATED VIA SPACE-TRACK.ORG API,2025-08-27 12:18:54+00:00,18 SPCS,ISS (ZARYA),1998-067A,EARTH,TEME,UTC,SGP4,2025-08-27 05:42:08.686656+00:00,15.50220949,0.00032767,51.6344,314.9180,277.8648,82.1969,0,U,25544,999,52618,0.00021699496000,0.00012044,0.0000000000000,6794.217,92.890,418.309,413.856,PAYLOAD,LARGE,ISS,1998-11-20,TTMTR,,4820647,296070199,0 ISS (ZARYA),1 25544U 98067A   25239.23760054  .00012044  00000-0  21699-3 0  9999,2 25544  51.6344 314.9180 0003277 277.8648  82.1969 15.50220949526186
3.0,GENERATED VIA SPACE-TRACK.ORG API,2025-08-27 20:01:58+00:00,18 SPCS,ISS (ZARYA),1998-067A,EARTH,TEME,UTC,SGP4,2025-08-27 11:53:27.510720+00:00,15.50227452,0.00032759,51.6346,313.6404,278.7031,81.3587,0,U,25544,999,52622,0.00022352752000,0.00012424,0.0000000000000,6794.198,92.890,418.289,413.838,PAYLOAD,LARGE,ISS,1998-11-20,TTMTR,,4820732,296101317,0 ISS (ZARYA),1 25544U 98067A   25239.49545730  .00012424  00000-0  22353-3 0  9999,2 25544  51.6346 313.6404 0003276 278.7031  81.3587 15.50227452526226
3.0,GENERATED VIA SPACE-TRACK.ORG API,2025-08-28 02:53:28+00:00,18 SPCS,ISS (ZARYA),1998-067A,EARTH,TEME,UTC,SGP4,2025-08-27 16:31:56.588160+00:00,15.50231798,0.00032839,51.6343,312.6816,279.7275,80.3343,0,U,25544,999,52625,0.00022077112000,0.00012267,0.0000000000000,6794.186,92.889,418.282,413.820,PAYLOAD,LARGE,ISS,1998-11-20,TTMTR,,4820797,296163528,0 ISS (ZARYA),1 25544U 98067A   25239.68884940  .00012267  00000-0  22077-3 0  9997,2 25544  51.6343 312.6816 0003284 279.7275  80.3343 15.50231798526259
3.0,GENERATED VIA SPACE-TRACK.ORG API,2025-08-28 23:13:47+00:00,18 SPCS,ISS (ZARYA),1998-067A,EARTH,TEME,UTC,SGP4,2025-08-28 11:05:52.272384+00:00,15.50252420,0.00032971,51.6343,308.8470,283.7432,76.3190,0,U,25544,999,52637,0.00023388345000,0.00013034,0.0000000000000,6794.125,92.888,418.231,413.750,PAYLOAD,LARGE,ISS,1998-11-20,TTMTR,,4820893,296194302,0 ISS (ZARYA),1 25544U 98067A   25240.46241056  .00013034  00000-0  23388-3 0  9999,2 25544  51.6343 308.8470 0003297 283.7432  76.3190 15.50252420526379
3.0,GENERATED VIA SPACE-TRACK.ORG API,2025-08-29 02:15:49+00:00,18 SPCS,ISS (ZARYA),1998-067A,EARTH,TEME,UTC,SGP4,2025-08-28 15:44:21.068160+00:00,15.50257052,0.00033035,51.6343,307.8885,284.6420,75.4202,0,U,25544,999,52640,0.00022593736000,0.00012577,0.0000000000000,6794.112,92.888,418.221,413.732,PAYLOAD,LARGE,ISS,1998-11-20,TTMTR,,4820901,296225311,0 ISS (ZARYA),1 25544U 98067A   25240.65579940  .00012577  00000-0  22594-3 0  9995,2 25544  51.6343 307.8885 0003304 284.6420  75.4202 15.50257052526408
3.0,GENERATED VIA SPACE-TRACK.ORG API,2025-08-29 09:54:54+00:00,18 SPCS,ISS (ZARYA),1998-067A,EARTH,TEME,UTC,SGP4,2025-08-29 04:06:57.554208+00:00,15.50271250,0.00032941,51.6343,305.3322,287.4359,72.6270,0,U,25544,999,52648,0.00023062638000,0.00012855,0.0000000000000,6794.070,92.887,418.174,413.697,PAYLOAD,LARGE,ISS,1998-11-20,TTMTR,,4820981,296255571,0 ISS (ZARYA),1 25544U 98067A   25241.17149947  .00012855  00000-0  23063-3 0  9994,2 25544  51.6343 305.3322 0003294 287.4359  72.6270 15.50271250526485
3.0,GENERATED VIA SPACE-TRACK.ORG API,2025-08-30 03:38:48+00:00,18 SPCS,ISS (ZARYA),1998-067A,EARTH,TEME,UTC,SGP4,2025-08-29 19:35:12.665184+00:00,15.50285113,0.00032676,51.6343,302.1368,289.8070,70.2567,0,U,25544,999,52658,0.00019611516000,0.00010865,0.0000000000000,6794.030,92.886,418.115,413.675,PAYLOAD,LARGE,ISS,1998-11-20,TTMTR,,4821102,296348056,0 ISS (ZARYA),1 25544U 98067A   25241.81611881  .00010865  00000-0  19612-3 0  9990,2 25544  51.6343 302.1368 0003268 289.8070  70.2567 15.50285113526584
3.0,GENERATED VIA SPACE-TRACK.ORG API,2025-08-30 11:24:46+00:00,18 SPCS,ISS (ZARYA),1998-067A,EARTH,TEME,UTC,SGP4,2025-08-30 03:19:20.025408+00:00,15.50293422,0.00032814,51.6342,300.5391,291.2034,68.8604,0,U,25544,999,52663,0.00020752787000,0.00011529,0.0000000000000,6794.006,92.886,418.100,413.641,PAYLOAD,LARGE,ISS,1998-11-20,TTMTR,,4821106,296378739,0 ISS (ZARYA),1 25544U 98067A   25242.13842622  .00011529  00000-0  20753-3 0  9991,2 25544  51.6342 300.5391 0003281 291.2034  68.8604 15.50293422526636
3.0,GENERATED VIA SPACE-TRACK.ORG API,2025-08-31 02:26:50+00:00,18 SPCS,ISS (ZARYA),1998-067A,EARTH,TEME,UTC,SGP4,2025-08-30 20:20:23.754624+00:00,15.50309434,0.00032971,51.6341,297.0246,294.4566,65.6079,0,U,25544,999,52674,0.00020639349000,0.00011470,0.0000000000000,6793.959,92.885,418.064,413.584,PAYLOAD,LARGE,ISS,1998-11-20,TTMTR,,4821165,296410340,0 ISS (ZARYA),1 25544U 98067A   25242.84749716  .00011470  00000-0  20639-3 0  9997,2 25544  51.6341 297.0246 0003297 294.4566  65.6079 15.50309434526740
3.0,GENERATED VIA SPACE-TRACK.ORG API,2025-08-31 11:35:43+00:00,18 SPCS,ISS (ZARYA),1998-067A,EARTH,TEME,UTC,SGP4,2025-08-31 02:31:41.312928+00:00,15.50315732,0.00033207,51.6340,295.7461,296.2458,63.8190,0,U,25544,999,52678,0.00021123833000,0.00011753,0.0000000000000,6793.940,92.884,418.062,413.549,PAYLOAD,LARGE,ISS,1998-11-20,TTMTR,,4821198,296440551,0 ISS (ZARYA),1 25544U 98067A   25243.10533927  .00011753  00000-0  21124-3 0  9996,2 25544  51.6340 295.7461 0003321 296.2458  63.8190 15.50315732526787
3.0,GENERATED VIA SPACE-TRACK.ORG API,2025-08-31 17:37:22+00:00,18 SPCS,ISS (ZARYA),1998-067A,EARTH,TEME,UTC,SGP4,2025-08-31 11:48:37.504800+00:00,15.50324166,0.00033347,51.6342,293.8293,297.3470,62.7180,0,U,25544,999,52684,0.00020896942000,0.00011625,0.0000000000000,6793.916,92.884,418.046,413.515,PAYLOAD,LARGE,ISS,1998-11-20,TTMTR,,4821225,296471583,0 ISS (ZARYA),1 25544U 98067A   25243.49210075  .00011625  00000-0  20897-3 0  9998,2 25544  51.6342 293.8293 0003335 297.3470  62.7180 15.50324166526847
3.0,GENERATED VIA SPACE-TRACK.ORG API,2025-09-01 02:20:03+00:00,18 SPCS,ISS (ZARYA),1998-067A,EARTH,TEME,UTC,SGP4,2025-08-31 19:32:44.164320+00:00,15.50332660,0.00033487,51.6340,292.2314,298.9459,61.1194,0,U,25544,999,52689,0.00022696160000,0.00012671,0.0000000000000,6793.891,92.883,418.031,413.481,PAYLOAD,LARGE,ISS,1998-11-20,TTMTR,,4821248,296502782,0 ISS (ZARYA),1 25544U 98067A   25243.81440005  .00012671  00000-0  22696-3 0  9993,2 25544  51.6340 292.2314 0003349 298.9459  61.1194 15.50332660526892
3.0,GENERATED VIA SPACE-TRACK.ORG API,2025-09-01 10:16:30+00:00,18 SPCS,ISS (ZARYA),1998-067A,EARTH,TEME,UTC,SGP4,2025-09-01 04:49:39.999360+00:00,15.50340466,0.00033592,51.6340,290.3139,300.8027,59.2631,0,U,25544,999,52695,0.00020478129000,0.00011389,0.0000000000000,6793.868,92.883,418.015,413.451,PAYLOAD,LARGE,ISS,1998-11-20,TTMTR,,4821324,296533039,0 ISS (ZARYA),1 25544U 98067A   25244.20115740  .00011389  00000-0  20478-3 0  9993,2 25544  51.6340 290.3139 0003359 300.8027  59.2631 15.50340466526955
3.0,GENERATED VIA SPACE-TRACK.ORG API,2025-09-01 19:24:48+00:00,18 SPCS,ISS (ZARYA),1998-067A,EARTH,TEME,UTC,SGP4,2025-09-01 11:00:57.108384+00:00,15.50346319,0.00033695,51.6342,289.0356,301.9320,58.1341,0,U,25544,999,52699,0.00020409423000,0.00011352,0.0000000000000,6793.851,92.882,418.005,413.427,PAYLOAD,LARGE,ISS,1998-11-20,TTMTR,,4821362,296564113,0 ISS (ZARYA),1 25544U 98067A   25244.45899431  .00011352  00000-0  20409-3 0  9990,2 25544  51.6342 289.0356 0003370 301.9320  58.1341 15.50346319526997
3.0,GENERATED VIA SPACE-TRACK.ORG API,2025-09-02 03:25:31+00:00,18 SPCS,ISS (ZARYA),1998-067A,EARTH,TEME,UTC,SGP4,2025-09-01 18:45:03.375648+00:00,15.50354282,0.00033710,51.6341,287.4383,303.3668,56.6999,0,U,25544,999,52704,0.00021046802000,0.00011725,0.0000000000000,6793.828,92.882,417.983,413.403,PAYLOAD,LARGE,ISS,1998-11-20,TTMTR,,4821406,296595333,0 ISS (ZARYA),1 25544U 98067A   25244.78128907  .00011725  00000-0  21047-3 0  9992,2 25544  51.6341 287.4383 0003371 303.3668  56.6999 15.50354282527047
3.0,GENERATED VIA SPACE-TRACK.ORG API,2025-09-02 10:20:33+00:00,18 SPCS,ISS (ZARYA),1998-067A,EARTH,TEME,UTC,SGP4,2025-09-02 04:01:58.707840+00:00,15.50365526,0.00033729,51.6340,285.5207,305.3341,54.7332,0,U,25544,999,52710,0.00023758644000,0.00013303,0.0000000000000,6793.795,92.881,417.951,413.369,PAYLOAD,LARGE,ISS,1998-11-20,TTMTR,,4821465,296625565,0 ISS (ZARYA),1 25544U 98067A   25245.16804060  .00013303  00000-0  23759-3 0  9992,2 25544  51.6340 285.5207 0003373 305.3341  54.7332 15.50365526527102
3.0,GENERATED VIA SPACE-TRACK.ORG API,2025-09-02 23:42:54+00:00,18 SPCS,ISS (ZARYA),1998-067A,EARTH,TEME,UTC,SGP4,2025-09-02 11:46:04.666656+00:00,15.50372366,0.00033645,51.6340,283.9232,306.6950,53.3730,0,U,25544,999,52715,0.00022778920000,0.00012737,0.0000000000000,6793.775,92.881,417.926,413.354,PAYLOAD,LARGE,ISS,1998-11-20,TTMTR,,4821541,296657183,0 ISS (ZARYA),1 25544U 98067A   25245.49033179  .00012737  00000-0  22779-3 0  9994,2 25544  51.6340 283.9232 0003364 306.6950  53.3730 15.50372366527154
3.0,GENERATED VIA SPACE-TRACK.ORG API,2025-09-03 02:21:29+00:00,18 SPCS,ISS (ZARYA),1998-067A,EARTH,TEME,UTC,SGP4,2025-09-02 19:30:10.462176+00:00,15.50380551,0.00033734,51.6339,282.3256,308.0400,52.0284,0,U,25544,999,52720,0.00023090716000,0.00012922,0.0000000000000,6793.751,92.880,417.908,413.324,PAYLOAD,LARGE,ISS,1998-11-20,TTMTR,,4821549,296687863,0 ISS (ZARYA),1 25544U 98067A   25245.81262109  .00012922  00000-0  23091-3 0  9991,2 25544  51.6339 282.3256 0003373 308.0400  52.0284 15.50380551527208
3.0,GENERATED VIA SPACE-TRACK.ORG API,2025-09-03 10:15:41+00:00,18 SPCS,ISS (ZARYA),1998-067A,EARTH,TEME,UTC,SGP4,2025-09-03 04:47:05.186976+00:00,15.50393129,0.00033420,51.6337,280.4082,309.8573,50.2122,0,U,25544,999,52726,0.00025395912000,0.00014267,0.0000000000000,6793.714,92.880,417.850,413.309,PAYLOAD,LARGE,ISS,1998-11-20,TTMTR,,4821572,296718059,0 ISS (ZARYA),1 25544U 98067A   25246.19936559  .00014267  00000-0  25396-3 0  9994,2 25544  51.6337 280.4082 0003342 309.8573  50.2122 15.50393129527260
3.0,GENERATED VIA SPACE-TRACK.ORG API,2025-09-04 03:06:16+00:00,18 SPCS,ISS (ZARYA),1998-067A,EARTH,TEME,UTC,SGP4,2025-09-04 02:26:37.946976+00:00,15.50088696,0.00041790,51.6327,275.9345,299.5263,60.5309,0,U,25544,999,52740,0.00021333000000,0.00011777,0.0000000000000,6794.604,92.898,419.308,413.629,PAYLOAD,LARGE,ISS,1998-11-20,TTMTR,,4821705,296742638,0 ISS (ZARYA),1 25544U 98067A   25247.10182809  .00011777  00000-0  21333-3 0  9997,2 25544  51.6327 275.9345 0004179 299.5263  60.5309 15.50088696527407
3.0,GENERATED VIA SPACE-TRACK.ORG API,2025-09-04 04:29:00+00:00,18 SPCS,ISS (ZARYA),1998-067A,EARTH,TEME,UTC,SGP4,2025-09-03 12:31:10.592832+00:00,15.50402037,0.00033350,51.6337,278.8107,311.1628,48.9073,0,U,25544,999,52731,0.00024652417000,0.00013839,0.0000000000000,6793.688,92.879,417.819,413.288,PAYLOAD,LARGE,ISS,1998-11-20,TTMTR,,4821716,296748912,0 ISS (ZARYA),1 25544U 98067A   25246.52165038  .00013839  00000-0  24652-3 0  9995,2 25544  51.6337 278.8107 0003335 311.1628  48.9073 15.50402037527312
3.0,GENERATED VIA SPACE-TRACK.ORG API,2025-09-04 10:13:37+00:00,18 SPCS,ISS (ZARYA),1998-067A,EARTH,TEME,UTC,SGP4,2025-09-04 02:26:37.946976+00:00,15.50088696,0.00041795,51.6327,275.9345,299.5263,60.5309,0,U,25544,999,52830,0.00021333301000,0.00011777,0.0000000000000,6794.604,92.898,419.309,413.629,PAYLOAD,LARGE,ISS,1998-11-20,TTMTR,,4821752,296780118,0 ISS (ZARYA),1 25544U 98067A   25247.10182809  .00011777  00000-0  21333-3 0  9997,2 25544  51.6327 275.9345 0004179 299.5263  60.5309 15.50088696528307
3.0,GENERATED VIA SPACE-TRACK.ORG API,2025-09-05 04:46:27+00:00,18 SPCS,ISS (ZARYA),1998-067A,EARTH,TEME,UTC,SGP4,2025-09-04 21:00:39.807072+00:00,15.50106511,0.00042026,51.6333,272.1007,300.0196,60.0376,0,U,25544,999,52752,0.00018689979000,0.00010266,0.0000000000000,6794.552,92.897,419.272,413.561,PAYLOAD,LARGE,ISS,1998-11-20,TTMTR,,4821832,296810692,0 ISS (ZARYA),1 25544U 98067A   25247.87546073  .00010266  00000-0  18690-3 0  9992,2 25544  51.6333 272.1007 0004203 300.0196  60.0376 15.50106511527528
3.0,GENERATED VIA SPACE-TRACK.ORG API,2025-09-05 10:27:06+00:00,18 SPCS,ISS (ZARYA),1998-067A,EARTH,TEME,UTC,SGP4,2025-09-05 03:12:00.271008+00:00,15.50112942,0.00042131,51.6332,270.8228,301.3502,58.7074,0,U,25544,999,52756,0.00019750250000,0.00010878,0.0000000000000,6794.533,92.896,419.261,413.535,PAYLOAD,LARGE,ISS,1998-11-20,TTMTR,,4821894,296841418,0 ISS (ZARYA),1 25544U 98067A   25248.13333647  .00010878  00000-0  19750-3 0  9990,2 25544  51.6332 270.8228 0004213 301.3502  58.7074 15.50112942527561
3.0,GENERATED VIA SPACE-TRACK.ORG API,2025-09-05 19:38:10+00:00,18 SPCS,ISS (ZARYA),1998-067A,EARTH,TEME,UTC,SGP4,2025-09-05 12:29:00.831264+00:00,15.50121174,0.00042312,51.6330,268.9059,303.8442,56.2144,0,U,25544,999,52762,0.00018902115000,0.00010393,0.0000000000000,6794.509,92.896,419.249,413.499,PAYLOAD,LARGE,ISS,1998-11-20,TTMTR,,4821945,296872462,0 ISS (ZARYA),1 25544U 98067A   25248.52014851  .00010393  00000-0  18902-3 0  9996,2 25544  51.6330 268.9059 0004231 303.8442  56.2144 15.50121174527624
3.0,GENERATED VIA SPACE-TRACK.ORG API,2025-09-06 02:09:56+00:00,18 SPCS,ISS (ZARYA),1998-067A,EARTH,TEME,UTC,SGP4,2025-09-05 18:40:21.059328+00:00,15.50127728,0.00042062,51.6330,267.6279,304.7943,55.2649,0,U,25544,999,52766,0.00019472154000,0.00010724,0.0000000000000,6794.490,92.896,419.213,413.497,PAYLOAD,LARGE,ISS,1998-11-20,TTMTR,,4822005,296903683,0 ISS (ZARYA),1 25544U 98067A   25248.77802152  .00010724  00000-0  19472-3 0  9993,2 25544  51.6330 267.6279 0004206 304.7943  55.2649 15.50127728527666
3.0,GENERATED VIA SPACE-TRACK.ORG API,2025-09-06 04:36:32+00:00,18 SPCS,ISS (ZARYA),1998-067A,EARTH,TEME,UTC,SGP4,2025-09-06 02:24:31.242240+00:00,15.50135950,0.00042060,51.6328,266.0304,306.2907,53.7693,0,U,25544,999,52771,0.00019959000000,0.00011007,0.0000000000000,6794.466,92.895,419.189,413.473,PAYLOAD,LARGE,ISS,1998-11-20,TTMTR,,4822010,296927646,0 ISS (ZARYA),1 25544U 98067A   25249.10036160  .00011007  00000-0  19959-3 0  9994,2 25544  51.6328 266.0304 0004206 306.2907  53.7693 15.50135950527716
3.0,GENERATED VIA SPACE-TRACK.ORG API,2025-09-06 10:23:13+00:00,18 SPCS,ISS (ZARYA),1998-067A,EARTH,TEME,UTC,SGP4,2025-09-06 03:57:21.255840+00:00,15.50137885,0.00042050,51.6328,265.7109,306.5919,53.4683,0,U,25544,999,52772,0.00020385178000,0.00011253,0.0000000000000,6794.460,92.895,419.182,413.468,PAYLOAD,LARGE,ISS,1998-11-20,TTMTR,,4822049,296934445,0 ISS (ZARYA),1 25544U 98067A   25249.16482935  .00011253  00000-0  20385-3 0  9993,2 25544  51.6328 265.7109 0004205 306.5919  53.4683 15.50137885527726
3.0,GENERATED VIA SPACE-TRACK.ORG API,2025-09-07 03:09:44+00:00,18 SPCS,ISS (ZARYA),1998-067A,EARTH,TEME,UTC,SGP4,2025-09-06 20:58:31.096128+00:00,15.50156361,0.00042129,51.6325,262.1963,309.4705,50.5911,0,U,25544,999,52783,0.00023296294000,0.00012937,0.0000000000000,6794.406,92.894,419.134,413.409,PAYLOAD,LARGE,ISS,1998-11-20,TTMTR,,4822078,296965558,0 ISS (ZARYA),1 25544U 98067A   25249.87397102  .00012937  00000-0  23296-3 0  9996,2 25544  51.6325 262.1963 0004213 309.4705  50.5911 15.50156361527830
3.0,GENERATED VIA SPACE-TRACK.ORG API,2025-09-07 09:49:38+00:00,18 SPCS,ISS (ZARYA),1998-067A,EARTH,TEME,UTC,SGP4,2025-09-07 03:09:50.872320+00:00,15.50160381,0.00042115,51.6324,260.9183,310.5120,49.5502,0,U,25544,999,52787,0.00019518004000,0.00010763,0.0000000000000,6794.394,92.894,419.121,413.398,PAYLOAD,LARGE,ISS,1998-11-20,TTMTR,,4822108,296995806,0 ISS (ZARYA),1 25544U 98067A   25250.13183880  .00010763  00000-0  19518-3 0  9990,2 25544  51.6324 260.9183 0004211 310.5120  49.5502 15.50160381527876
3.0,GENERATED VIA SPACE-TRACK.ORG API,2025-09-08 03:16:33+00:00,18 SPCS,ISS (ZARYA),1998-067A,EARTH,TEME,UTC,SGP4,2025-09-07 20:10:59.867616+00:00,15.50174695,0.00042285,51.6324,257.4034,312.8609,47.2025,0,U,25544,999,52798,0.00017869416000,0.00009819,0.0000000000000,6794.353,92.893,419.091,413.345,PAYLOAD,LARGE,ISS,1998-11-20,TTMTR,,4822130,297027411,0 ISS (ZARYA),1 25544U 98067A   25250.84097069  .00009819  00000-0  17869-3 0  9998,2 25544  51.6324 257.4034 0004228 312.8609  47.2025 15.50174695527987
3.0,GENERATED VIA SPACE-TRACK.ORG API,2025-09-08 09:49:28+00:00,18 SPCS,ISS (ZARYA),1998-067A,EARTH,TEME,UTC,SGP4,2025-09-08 03:55:09.205536+00:00,15.50181910,0.00042358,51.6324,255.8058,313.9942,46.0697,0,U,25544,999,52803,0.00017816893000,0.00009791,0.0000000000000,6794.331,92.892,419.074,413.319,PAYLOAD,LARGE,ISS,1998-11-20,TTMTR,,4822176,297057671,0 ISS (ZARYA),1 25544U 98067A   25251.16330099  .00009791  00000-0  17817-3 0  9999,2 25544  51.6324 255.8058 0004236 313.9942  46.0697 15.50181910528033
3.0,GENERATED VIA SPACE-TRACK.ORG API,2025-09-08 18:18:34+00:00,18 SPCS,ISS (ZARYA),1998-067A,EARTH,TEME,UTC,SGP4,2025-09-08 11:39:18.447552+00:00,15.50188612,0.00042522,51.6324,254.2080,315.3210,44.7436,0,U,25544,999,52808,0.00018275562000,0.00010058,0.0000000000000,6794.312,92.892,419.066,413.288,PAYLOAD,LARGE,ISS,1998-11-20,TTMTR,,4822267,297088476,0 ISS (ZARYA),1 25544U 98067A   25251.48563018  .00010058  00000-0  18276-3 0  9991,2 25544  51.6324 254.2080 0004252 315.3210  44.7436 15.50188612528080
3.0,GENERATED VIA SPACE-TRACK.ORG API,2025-09-09 04:47:03+00:00,18 SPCS,ISS (ZARYA),1998-067A,EARTH,TEME,UTC,SGP4,2025-09-08 20:56:17.372256+00:00,15.50195397,0.00042593,51.6326,252.2908,317.0333,43.0323,0,U,25544,999,52814,0.00016919827000,0.00009279,0.0000000000000,6794.292,92.892,419.051,413.263,PAYLOAD,LARGE,ISS,1998-11-20,TTMTR,,4822307,297119555,0 ISS (ZARYA),1 25544U 98067A   25251.87242329  .00009279  00000-0  16920-3 0  9990,2 25544  51.6326 252.2908 0004259 317.0333  43.0323 15.50195397528143
3.0,GENERATED VIA SPACE-TRACK.ORG API,2025-09-09 10:35:32+00:00,18 SPCS,ISS (ZARYA),1998-067A,EARTH,TEME,UTC,SGP4,2025-09-09 04:40:26.355936+00:00,15.50201228,0.00042805,51.6325,250.6930,318.3144,41.7518,0,U,25544,999,52819,0.00016199219000,0.00008866,0.0000000000000,6794.275,92.891,419.048,413.232,PAYLOAD,LARGE,ISS,1998-11-20,TTMTR,,4822351,297150811,0 ISS (ZARYA),1 25544U 98067A   25252.19474949  .00008866  00000-0  16199-3 0  9990,2 25544  51.6325 250.6930 0004281 318.3144  41.7518 15.50201228528195
3.0,GENERATED VIA SPACE-TRACK.ORG API,2025-09-10 04:10:32+00:00,18 SPCS,ISS (ZARYA),1998-067A,EARTH,TEME,UTC,SGP4,2025-09-09 17:03:04.517280+00:00,15.50209805,0.00042554,51.6327,248.1369,320.3174,39.7503,0,U,25544,999,52827,0.00014484898000,0.00007881,0.0000000000000,6794.250,92.891,419.006,413.224,PAYLOAD,LARGE,ISS,1998-11-20,TTMTR,,4822509,297181547,0 ISS (ZARYA),1 25544U 98067A   25252.71046895  .00007881  00000-0  14485-3 0  9995,2 25544  51.6327 248.1369 0004255 320.3174  39.7503 15.50209805528271
3.0,GENERATED VIA SPACE-TRACK.ORG API,2025-09-10 10:13:59+00:00,18 SPCS,ISS (ZARYA),1998-067A,EARTH,TEME,UTC,SGP4,2025-09-10 03:52:52.726368+00:00,15.50218242,0.00042231,51.6328,245.9000,321.9734,38.0956,0,U,25544,999,52834,0.00015060878000,0.00008215,0.0000000000000,6794.225,92.890,418.960,413.221,PAYLOAD,LARGE,ISS,1998-11-20,TTMTR,,4822583,297212358,0 ISS (ZARYA),1 25544U 98067A   25253.16172137  .00008215  00000-0  15061-3 0  9997,2 25544  51.6328 245.9000 0004223 321.9734  38.0956 15.50218242528340
3.0,GENERATED VIA SPACE-TRACK.ORG API,2025-09-10 17:35:26+00:00,18 SPCS,ISS (ZARYA),1998-067A,EARTH,TEME,UTC,SGP4,2025-09-10 10:04:11.623872+00:00,15.50221013,0.00042037,51.6328,244.6218,323.0394,37.0305,0,U,25544,999,52838,0.00013349331000,0.00007229,0.0000000000000,6794.217,92.890,418.938,413.226,PAYLOAD,LARGE,ISS,1998-11-20,TTMTR,,4822640,297243978,0 ISS (ZARYA),1 25544U 98067A   25253.41957898  .00007229  00000-0  13349-3 0  9991,2 25544  51.6328 244.6218 0004204 323.0394  37.0305 15.50221013528382
3.0,GENERATED VIA SPACE-TRACK.ORG API,2025-09-11 03:57:20+00:00,18 SPCS,ISS (ZARYA),1998-067A,EARTH,TEME,UTC,SGP4,2025-09-10 16:15:30.464352+00:00,15.50225055,0.00041956,51.6330,243.3438,324.1055,35.9652,0,U,25544,999,52842,0.00013205309000,0.00007147,0.0000000000000,6794.205,92.890,418.921,413.220,PAYLOAD,LARGE,ISS,1998-11-20,TTMTR,,4822716,297274787,0 ISS (ZARYA),1 25544U 98067A   25253.67743593  .00007147  00000-0  13205-3 0  9994,2 25544  51.6330 243.3438 0004196 324.1055  35.9652 15.50225055528428
3.0,GENERATED VIA SPACE-TRACK.ORG API,2025-09-11 10:07:58+00:00,18 SPCS,ISS (ZARYA),1998-067A,EARTH,TEME,UTC,SGP4,2025-09-11 03:05:18.291552+00:00,15.50232562,0.00041947,51.6330,241.1070,325.8939,34.1779,0,U,25544,999,52849,0.00013706760000,0.00007439,0.0000000000000,6794.183,92.889,418.898,413.199,PAYLOAD,LARGE,ISS,1998-11-20,TTMTR,,4822732,297305536,0 ISS (ZARYA),1 25544U 98067A   25254.12868393  .00007439  00000-0  13707-3 0  9992,2 25544  51.6330 241.1070 0004195 325.8939  34.1779 15.50232562528493
3.0,GENERATED VIA SPACE-TRACK.ORG API,2025-09-12 04:49:39+00:00,18 SPCS,ISS (ZARYA),1998-067A,EARTH,TEME,UTC,SGP4,2025-09-11 20:06:24.501312+00:00,15.50244386,0.00042352,51.6331,237.5922,328.5405,31.5330,0,U,25544,999,52860,0.00014413825000,0.00007850,0.0000000000000,6794.149,92.889,418.891,413.136,PAYLOAD,LARGE,ISS,1998-11-20,TTMTR,,4822839,297336740,0 ISS (ZARYA),1 25544U 98067A   25254.83778358  .00007850  00000-0  14414-3 0  9994,2 25544  51.6331 237.5922 0004235 328.5405  31.5330 15.50244386528606
3.0,GENERATED VIA SPACE-TRACK.ORG API,2025-09-12 19:51:46+00:00,18 SPCS,ISS (ZARYA),1998-067A,EARTH,TEME,UTC,SGP4,2025-09-12 10:01:51.092544+00:00,15.50252392,0.00042726,51.6331,234.7166,330.8995,29.1755,0,U,25544,999,52869,0.00013147140000,0.00007121,0.0000000000000,6794.126,92.888,418.893,413.088,PAYLOAD,LARGE,ISS,1998-11-20,TTMTR,,4822914,297367374,0 ISS (ZARYA),1 25544U 98067A   25255.41795246  .00007121  00000-0  13147-3 0  9997,2 25544  51.6331 234.7166 0004273 330.8995  29.1755 15.50252392528696
3.0,GENERATED VIA SPACE-TRACK.ORG API,2025-09-13 03:01:38+00:00,18 SPCS,ISS (ZARYA),1998-067A,EARTH,TEME,UTC,SGP4,2025-09-12 19:18:48.607200+00:00,15.50259265,0.00043005,51.6331,232.7995,332.1645,27.9114,0,U,25544,999,52875,0.00013327270000,0.00007227,0.0000000000000,6794.105,92.888,418.892,413.049,PAYLOAD,LARGE,ISS,1998-11-20,TTMTR,,4822920,297398612,0 ISS (ZARYA),1 25544U 98067A   25255.80472925  .00007227  00000-0  13327-3 0  9993,2 25544  51.6331 232.7995 0004300 332.1645  27.9114 15.50259265528750
3.0,GENERATED VIA SPACE-TRACK.ORG API,2025-09-13 10:35:15+00:00,18 SPCS,ISS (ZARYA),1998-067A,EARTH,TEME,UTC,SGP4,2025-09-13 01:30:06.870528+00:00,15.50263553,0.00042900,51.6331,231.5214,333.0266,27.0500,0,U,25544,999,52879,0.00013046298000,0.00007066,0.0000000000000,6794.093,92.887,418.873,413.043,PAYLOAD,LARGE,ISS,1998-11-20,TTMTR,,4822946,297429390,0 ISS (ZARYA),1 25544U 98067A   25256.06257952  .00007066  00000-0  13046-3 0  9992,2 25544  51.6331 231.5214 0004290 333.0266  27.0500 15.50263553528797
3.0,GENERATED VIA SPACE-TRACK.ORG API,2025-09-14 03:50:53+00:00,18 SPCS,ISS (ZARYA),1998-067A,EARTH,TEME,UTC,SGP4,2025-09-13 20:04:01.307136+00:00,15.50277328,0.00042958,51.6330,227.6870,335.7006,24.3780,0,U,25544,999,52891,0.00013782908000,0.00007495,0.0000000000000,6794.053,92.887,418.836,412.999,PAYLOAD,LARGE,ISS,1998-11-20,TTMTR,,4822980,297460074,0 ISS (ZARYA),1 25544U 98067A   25256.83612624  .00007495  00000-0  13783-3 0  9992,2 25544  51.6330 227.6870 0004296 335.7006  24.3780 15.50277328528916
3.0,GENERATED VIA SPACE-TRACK.ORG API,2025-09-14 10:03:03+00:00,18 SPCS,ISS (ZARYA),1998-067A,EARTH,TEME,UTC,SGP4,2025-09-14 03:48:08.789184+00:00,15.50283896,0.00043028,51.6331,226.0896,337.3187,22.7612,0,U,25544,999,52896,0.00014416293000,0.00007863,0.0000000000000,6794.034,92.886,418.822,412.975,PAYLOAD,LARGE,ISS,1998-11-20,TTMTR,,4823016,297490946,0 ISS (ZARYA),1 25544U 98067A   25257.15843506  .00007863  00000-0  14416-3 0  9996,2 25544  51.6331 226.0896 0004303 337.3187  22.7612 15.50283896528963
3.0,GENERATED VIA SPACE-TRACK.ORG API,2025-09-15 00:30:53+00:00,18 SPCS,ISS (ZARYA),1998-067A,EARTH,TEME,UTC,SGP4,2025-09-14 09:59:26.716416+00:00,15.50289219,0.00043153,51.6329,224.8114,338.5377,21.5430,0,U,25544,999,52900,0.00015113069000,0.00008267,0.0000000000000,6794.018,92.886,418.815,412.951,PAYLOAD,LARGE,ISS,1998-11-20,TTMTR,,4823067,297522159,0 ISS (ZARYA),1 25544U 98067A   25257.41628144  .00008267  00000-0  15113-3 0  9998,2 25544  51.6329 224.8114 0004315 338.5377  21.5430 15.50289219529002
3.0,GENERATED VIA SPACE-TRACK.ORG API,2025-09-15 10:34:35+00:00,18 SPCS,ISS (ZARYA),1998-067A,EARTH,TEME,UTC,SGP4,2025-09-15 03:00:30.587328+00:00,15.50311716,0.00043119,51.6329,221.2965,341.0386,19.0441,0,U,25544,999,52911,0.00025657649000,0.00014378,0.0000000000000,6793.952,92.885,418.747,412.888,PAYLOAD,LARGE,ISS,1998-11-20,TTMTR,,4823105,297553534,0 ISS (ZARYA),1 25544U 98067A   25258.12535402  .00014378  00000-0  25658-3 0  9996,2 25544  51.6329 221.2965 0004312 341.0386  19.0441 15.50311716529117
3.0,GENERATED VIA SPACE-TRACK.ORG API,2025-09-15 19:50:20+00:00,18 SPCS,ISS (ZARYA),1998-067A,EARTH,TEME,UTC,SGP4,2025-09-15 09:11:48.299424+00:00,15.50310585,0.00043317,51.6329,220.0184,341.8913,18.1921,0,U,25544,999,52915,0.00019591888000,0.00010865,0.0000000000000,6793.956,92.885,418.763,412.878,PAYLOAD,LARGE,ISS,1998-11-20,TTMTR,,4823181,297584775,0 ISS (ZARYA),1 25544U 98067A   25258.38319791  .00010865  00000-0  19592-3 0  9992,2 25544  51.6329 220.0184 0004332 341.8913  18.1921 15.50310585529153
3.0,GENERATED VIA SPACE-TRACK.ORG API,2025-09-16 04:27:54+00:00,18 SPCS,ISS (ZARYA),1998-067A,EARTH,TEME,UTC,SGP4,2025-09-15 20:01:34.006368+00:00,15.50319572,0.00043355,51.6328,217.7815,343.7086,16.3763,0,U,25544,999,52922,0.00019668642000,0.00010913,0.0000000000000,6793.929,92.884,418.740,412.849,PAYLOAD,LARGE,ISS,1998-11-20,TTMTR,,4823260,297646849,0 ISS (ZARYA),1 25544U 98067A   25258.83442137  .00010913  00000-0  19669-3 0  9992,2 25544  51.6328 217.7815 0004335 343.7086  16.3763 15.50319572529228
3.0,GENERATED VIA SPACE-TRACK.ORG API,2025-09-16 10:08:32+00:00,18 SPCS,ISS (ZARYA),1998-067A,EARTH,TEME,UTC,SGP4,2025-09-16 03:45:40.795488+00:00,15.50326031,0.00043469,51.6329,216.1838,344.8645,15.2213,0,U,25544,999,52927,0.00019686250000,0.00010925,0.0000000000000,6793.910,92.884,418.729,412.822,PAYLOAD,LARGE,ISS,1998-11-20,TTMTR,,4823280,297677699,0 ISS (ZARYA),1 25544U 98067A   25259.15672217  .00010925  00000-0  19686-3 0  9994,2 25544  51.6329 216.1838 0004347 344.8645  15.2213 15.50326031529274
3.0,GENERATED VIA SPACE-TRACK.ORG API,2025-09-16 15:16:18+00:00,18 SPCS,ISS (ZARYA),1998-067A,EARTH,TEME,UTC,SGP4,2025-09-16 11:29:47.429952+00:00,15.50332788,0.00043540,51.6328,214.5860,346.2034,13.8835,0,U,25544,999,52932,0.00018877000000,0.00010460,0.0000000000000,6793.891,92.883,418.714,412.798,PAYLOAD,LARGE,ISS,1998-11-20,TTMTR,,4823293,297701777,0 ISS (ZARYA),1 25544U 98067A   25259.47902118  .00010460  00000-0  18877-3 0  9990,2 25544  51.6328 214.5860 0004354 346.2034  13.8835 15.50332788529322
3.0,GENERATED VIA SPACE-TRACK.ORG API,2025-09-16 19:42:00+00:00,18 SPCS,ISS (ZARYA),1998-067A,EARTH,TEME,UTC,SGP4,2025-09-16 11:29:47.429952+00:00,15.50332788,0.00043545,51.6328,214.5860,346.2034,13.8835,0,U,25544,999,52952,0.00018877425000,0.00010460,0.0000000000000,6793.891,92.883,418.714,412.797,PAYLOAD,LARGE,ISS,1998-11-20,TTMTR,,4823320,297708393,0 ISS (ZARYA),1 25544U 98067A   25259.47902118  .00010460  00000-0  18877-3 0  9990,2 25544  51.6328 214.5860 0004354 346.2034  13.8835 15.50332788529524
3.0,GENERATED VIA SPACE-TRACK.ORG API,2025-09-17 10:09:23+00:00,18 SPCS,ISS (ZARYA),1998-067A,EARTH,TEME,UTC,SGP4,2025-09-17 02:58:00.316128+00:00,15.50345634,0.00043529,51.6329,211.3907,348.5756,11.5133,0,U,25544,999,52942,0.00015572168000,0.00008550,0.0000000000000,6793.853,92.883,418.675,412.761,PAYLOAD,LARGE,ISS,1998-11-20,TTMTR,,4823413,297739816,0 ISS (ZARYA),1 25544U 98067A   25260.12361477  .00008550  00000-0  15572-3 0  9997,2 25544  51.6329 211.3907 0004353 348.5756  11.5133 15.50345634529426
3.0,GENERATED VIA SPACE-TRACK.ORG API,2025-09-18 03:57:06+00:00,18 SPCS,ISS (ZARYA),1998-067A,EARTH,TEME,UTC,SGP4,2025-09-17 19:59:01.945824+00:00,15.50360820,0.00043771,51.6329,207.8756,351.2823,8.8089,0,U,25544,999,52953,0.00016283980000,0.00008967,0.0000000000000,6793.809,92.882,418.648,412.700,PAYLOAD,LARGE,ISS,1998-11-20,TTMTR,,4823497,297770536,0 ISS (ZARYA),1 25544U 98067A   25260.83266141  .00008967  00000-0  16284-3 0  9990,2 25544  51.6329 207.8756 0004377 351.2823   8.8089 15.50360820529535
3.0,GENERATED VIA SPACE-TRACK.ORG API,2025-09-18 10:10:42+00:00,18 SPCS,ISS (ZARYA),1998-067A,EARTH,TEME,UTC,SGP4,2025-09-18 03:43:07.940928+00:00,15.50367586,0.00043409,51.6329,206.2777,352.6018,7.4906,0,U,25544,999,52958,0.00016508373000,0.00009099,0.0000000000000,6793.789,92.881,418.603,412.705,PAYLOAD,LARGE,ISS,1998-11-20,TTMTR,,4823606,297801478,0 ISS (ZARYA),1 25544U 98067A   25261.15495302  .00009099  00000-0  16508-3 0  9995,2 25544  51.6329 206.2777 0004341 352.6018   7.4906 15.50367586529587
3.0,GENERATED VIA SPACE-TRACK.ORG API,2025-09-19 04:20:49+00:00,18 SPCS,ISS (ZARYA),1998-067A,EARTH,TEME,UTC,SGP4,2025-09-18 22:16:57.686880+00:00,15.50392021,0.00041983,51.6324,202.4432,355.4694,4.6256,0,U,25544,999,53025,0.00026250559000,0.00014764,0.0000000000000,6793.718,92.880,418.435,412.730,PAYLOAD,LARGE,ISS,1998-11-20,TTMTR,,4823679,297832714,0 ISS (ZARYA),1 25544U 98067A   25261.92844545  .00014764  00000-0  26251-3 0  9998,2 25544  51.6324 202.4432 0004198 355.4694   4.6256 15.50392021530254
3.0,GENERATED VIA SPACE-TRACK.ORG API,2025-09-19 10:06:18+00:00,18 SPCS,ISS (ZARYA),1998-067A,EARTH,TEME,UTC,SGP4,2025-09-19 02:55:24.832416+00:00,15.50399466,0.00043939,51.6335,201.4846,354.7362,5.3580,0,U,25544,999,52973,0.00025067456000,0.00014081,0.0000000000000,6793.696,92.879,418.546,412.576,PAYLOAD,LARGE,ISS,1998-11-20,TTMTR,,4823771,297864126,0 ISS (ZARYA),1 25544U 98067A   25262.12181519  .00014081  00000-0  25067-3 0  9992,2 25544  51.6335 201.4846 0004394 354.7362   5.3580 15.50399466529735
3.0,GENERATED VIA SPACE-TRACK.ORG API,2025-09-19 19:31:04+00:00,18 SPCS,ISS (ZARYA),1998-067A,EARTH,TEME,UTC,SGP4,2025-09-19 12:12:19.146816+00:00,15.50411591,0.00043946,51.6334,199.5670,356.4976,3.5981,0,U,25544,999,52979,0.00025471812000,0.00014322,0.0000000000000,6793.660,92.879,418.511,412.540,PAYLOAD,LARGE,ISS,1998-11-20,TTMTR,,4823778,297895278,0 ISS (ZARYA),1 25544U 98067A   25262.50855494  .00014322  00000-0  25472-3 0  9992,2 25544  51.6334 199.5670 0004395 356.4976   3.5981 15.50411591529792
3.0,GENERATED VIA SPACE-TRACK.ORG API,2025-09-20 08:33:10+00:00,18 SPCS,ISS (ZARYA),1998-067A,EARTH,TEME,UTC,SGP4,2025-09-19 19:56:24.239904+00:00,15.50421368,0.00043534,51.6335,197.9688,357.3570,2.7396,0,U,25544,999,52984,0.00026021888000,0.00014647,0.0000000000000,6793.632,92.878,418.454,412.539,PAYLOAD,LARGE,ISS,1998-11-20,TTMTR,,4823855,297925674,0 ISS (ZARYA),1 25544U 98067A   25262.83083611  .00014647  00000-0  26022-3 0  9994,2 25544  51.6335 197.9688 0004353 357.3570   2.7396 15.50421368529848
3.0,GENERATED VIA SPACE-TRACK.ORG API,2025-09-20 09:57:53+00:00,18 SPCS,ISS (ZARYA),1998-067A,EARTH,TEME,UTC,SGP4,2025-09-20 03:40:29.131680+00:00,15.50431661,0.00043710,51.6337,196.3707,358.2759,1.8214,0,U,25544,999,52989,0.00027067057000,0.00015260,0.0000000000000,6793.602,92.877,418.436,412.497,PAYLOAD,LARGE,ISS,1998-11-20,TTMTR,,4823862,297957023,0 ISS (ZARYA),1 25544U 98067A   25263.15311495  .00015260  00000-0  27067-3 0  9996,2 25544  51.6337 196.3707 0004371 358.2759   1.8214 15.50431661529895
3.0,GENERATED VIA SPACE-TRACK.ORG API,2025-09-21 03:43:52+00:00,18 SPCS,ISS (ZARYA),1998-067A,EARTH,TEME,UTC,SGP4,2025-09-20 20:41:27.259584+00:00,15.50454610,0.00043793,51.6338,192.8556,1.5470,358.5532,0,U,25544,999,53000,0.00027570645000,0.00015566,0.0000000000000,6793.535,92.876,418.375,412.425,PAYLOAD,LARGE,ISS,1998-11-20,TTMTR,,4824003,297987832,0 ISS (ZARYA),1 25544U 98067A   25263.86212106  .00015566  00000-0  27571-3 0  9992,2 25544  51.6338 192.8556 0004379   1.5470 358.5532 15.50454610530004
3.0,GENERATED VIA SPACE-TRACK.ORG API,2025-09-21 11:54:41+00:00,18 SPCS,ISS (ZARYA),1998-067A,EARTH,TEME,UTC,SGP4,2025-09-21 02:52:42.681216+00:00,15.50464492,0.00043746,51.6341,191.5777,2.4569,357.6441,0,U,25544,999,53004,0.00029014806000,0.00016413,0.0000000000000,6793.506,92.875,418.343,412.399,PAYLOAD,LARGE,ISS,1998-11-20,TTMTR,,4824053,298019222,0 ISS (ZARYA),1 25544U 98067A   25264.11993844  .00016413  00000-0  29015-3 0  9993,2 25544  51.6341 191.5777 0004375   2.4569 357.6441 15.50464492530046
3.0,GENERATED VIA SPACE-TRACK.ORG API,2025-09-21 17:56:39+00:00,18 SPCS,ISS (ZARYA),1998-067A,EARTH,TEME,UTC,SGP4,2025-09-21 12:09:35.587296+00:00,15.50479098,0.00043581,51.6340,189.6600,3.8529,356.2493,0,U,25544,999,53010,0.00031404856000,0.00017816,0.0000000000000,6793.463,92.875,418.289,412.368,PAYLOAD,LARGE,ISS,1998-11-20,TTMTR,,4824059,298050395,0 ISS (ZARYA),1 25544U 98067A   25264.50666189  .00017816  00000-0  31405-3 0  9999,2 25544  51.6340 189.6600 0004358   3.8529 356.2493 15.50479098530107
3.0,GENERATED VIA SPACE-TRACK.ORG API,2025-09-22 10:52:18+00:00,18 SPCS,ISS (ZARYA),1998-067A,EARTH,TEME,UTC,SGP4,2025-09-22 03:37:43.058784+00:00,15.50504496,0.00042855,51.6340,186.4647,5.9314,354.1726,0,U,25544,999,53020,0.00034339150000,0.00019546,0.0000000000000,6793.389,92.873,418.165,412.343,PAYLOAD,LARGE,ISS,1998-11-20,TTMTR,,4824121,298143628,0 ISS (ZARYA),1 25544U 98067A   25265.15119281  .00019546  00000-0  34339-3 0  9998,2 25544  51.6340 186.4647 0004285   5.9314 354.1726 15.50504496530205
3.0,GENERATED VIA SPACE-TRACK.ORG API,2025-09-22 19:16:55+00:00,18 SPCS,ISS (ZARYA),1998-067A,EARTH,TEME,UTC,SGP4,2025-09-22 11:21:46.466208+00:00,15.50517623,0.00042750,51.6340,184.8663,7.3393,352.7658,0,U,25544,999,53025,0.00036284484000,0.00020692,0.0000000000000,6793.351,92.872,418.120,412.312,PAYLOAD,LARGE,ISS,1998-11-20,TTMTR,,4824186,298174859,0 ISS (ZARYA),1 25544U 98067A   25265.47345447  .00020692  00000-0  36284-3 0  9993,2 25544  51.6340 184.8663 0004275   7.3393 352.7658 15.50517623530256
3.0,GENERATED VIA SPACE-TRACK.ORG API,2025-09-23 17:32:54+00:00,18 SPCS,ISS (ZARYA),1998-067A,EARTH,TEME,UTC,SGP4,2025-09-23 02:49:52.386816+00:00,15.50552357,0.00042809,51.6338,181.6713,9.4131,350.6937,0,U,25544,999,53035,0.00047967325000,0.00027561,0.0000000000000,6793.249,92.870,418.022,412.206,PAYLOAD,LARGE,ISS,1998-11-20,TTMTR,,4824200,298236712,0 ISS (ZARYA),1 25544U 98067A   25266.11796744  .00027561  00000-0  47967-3 0  9997,2 25544  51.6338 181.6713 0004281   9.4131 350.6937 15.50552357530355
3.0,GENERATED VIA SPACE-TRACK.ORG API,2025-09-23 18:06:17+00:00,18 SPCS,ISS (ZARYA),1998-067A,EARTH,TEME,UTC,SGP4,2025-09-23 05:55:29.379648+00:00,15.50560509,0.00042690,51.6338,181.0318,9.4814,350.6255,0,U,25544,999,53037,0.00048333000000,0.00027783,0.0000000000000,6793.225,92.870,417.990,412.190,PAYLOAD,LARGE,ISS,1998-11-20,TTMTR,,4824204,298292146,0 ISS (ZARYA),1 25544U 98067A   25266.24686782  .00027783  00000-0  48333-3 0  9995,2 25544  51.6338 181.0318 0004269   9.4814 350.6255 15.50560509530377
3.0,GENERATED VIA SPACE-TRACK.ORG API,2025-09-24 02:44:45+00:00,18 SPCS,ISS (ZARYA),1998-067A,EARTH,TEME,UTC,SGP4,2025-09-23 05:55:29.380512+00:00,15.50560509,0.00042693,51.6338,181.0318,9.4814,350.6255,0,U,25544,999,53037,0.00048333214000,0.00027783,0.0000000000000,6793.225,92.870,417.991,412.190,PAYLOAD,LARGE,ISS,1998-11-20,TTMTR,,4824270,298298473,0 ISS (ZARYA),1 25544U 98067A   25266.24686783  .00027783  00000-0  48333-3 0  9996,2 25544  51.6338 181.0318 0004269   9.4814 350.6255 15.50560509530377
3.0,GENERATED VIA SPACE-TRACK.ORG API,2025-09-25 03:43:41+00:00,18 SPCS,ISS (ZARYA),1998-067A,EARTH,TEME,UTC,SGP4,2025-09-24 22:08:26.185920+00:00,15.50645587,0.00041599,51.6334,172.7209,17.4034,342.7097,0,U,25544,999,53063,0.00039582684000,0.00022724,0.0000000000000,6792.977,92.865,417.668,412.016,PAYLOAD,LARGE,ISS,1998-11-20,TTMTR,,4824422,298360710,0 ISS (ZARYA),1 25544U 98067A   25267.92252530  .00022724  00000-0  39583-3 0  9998,2 25544  51.6334 172.7209 0004160  17.4034 342.7097 15.50645587530637
3.0,GENERATED VIA SPACE-TRACK.ORG API,2025-09-25 10:31:37+00:00,18 SPCS,ISS (ZARYA),1998-067A,EARTH,TEME,UTC,SGP4,2025-09-25 04:19:38.877312+00:00,15.50657957,0.00042615,51.6335,171.4428,17.1558,342.9575,0,U,25544,999,53067,0.00040290543000,0.00023151,0.0000000000000,6792.941,92.864,417.701,411.911,PAYLOAD,LARGE,ISS,1998-11-20,TTMTR,,4824485,298391671,0 ISS (ZARYA),1 25544U 98067A   25268.18031108  .00023151  00000-0  40291-3 0  9996,2 25544  51.6335 171.4428 0004262  17.1558 342.9575 15.50657957530679
3.0,GENERATED VIA SPACE-TRACK.ORG API,2025-09-26 03:45:41+00:00,18 SPCS,ISS (ZARYA),1998-067A,EARTH,TEME,UTC,SGP4,2025-09-25 21:20:30.539040+00:00,15.50358116,0.00033109,51.6319,167.9312,8.6325,351.4720,0,U,25544,999,53078,0.00042184592000,0.00024001,0.0000000000000,6793.817,92.882,417.931,413.432,PAYLOAD,LARGE,ISS,1998-11-20,TTMTR,,4824533,298423443,0 ISS (ZARYA),1 25544U 98067A   25268.88924235  .00024001  00000-0  42185-3 0  9994,2 25544  51.6319 167.9312 0003311   8.6325 351.4720 15.50358116530788
3.0,GENERATED VIA SPACE-TRACK.ORG API,2025-09-26 18:16:36+00:00,18 SPCS,ISS (ZARYA),1998-067A,EARTH,TEME,UTC,SGP4,2025-09-26 05:04:36.180768+00:00,15.50384251,0.00029950,51.6332,166.3292,10.9396,349.1657,0,U,25544,999,53083,0.00026152000000,0.00014701,0.0000000000000,6793.740,92.880,417.640,413.571,PAYLOAD,LARGE,ISS,1998-11-20,TTMTR,,4824719,298483194,0 ISS (ZARYA),1 25544U 98067A   25269.21152987  .00014701  00000-0  26152-3 0  9991,2 25544  51.6332 166.3292 0002995  10.9396 349.1657 15.50384251530832
3.0,GENERATED VIA SPACE-TRACK.ORG API,2025-09-27 02:24:26+00:00,18 SPCS,ISS (ZARYA),1998-067A,EARTH,TEME,UTC,SGP4,2025-09-26 05:04:36.181632+00:00,15.50384251,0.00029945,51.6332,166.3292,10.9396,349.1657,0,U,25544,999,53083,0.00026151534000,0.00014701,0.0000000000000,6793.740,92.880,417.640,413.571,PAYLOAD,LARGE,ISS,1998-11-20,TTMTR,,4824809,298491416,0 ISS (ZARYA),1 25544U 98067A   25269.21152988  .00014701  00000-0  26152-3 0  9992,2 25544  51.6332 166.3292 0002995  10.9396 349.1657 15.50384251530832
3.0,GENERATED VIA SPACE-TRACK.ORG API,2025-09-27 10:26:35+00:00,18 SPCS,ISS (ZARYA),1998-067A,EARTH,TEME,UTC,SGP4,2025-09-26 22:05:44.941056+00:00,15.49415038,0.00010487,51.6332,162.8128,155.2675,204.8364,0,U,25544,999,53094,0.00030110785000,0.00016416,0.0000000000000,6796.573,92.938,419.151,417.725,PAYLOAD,LARGE,ISS,1998-11-20,TTMTR,,4824833,298522360,0 ISS (ZARYA),1 25544U 98067A   25269.92065904  .00016416  00000-0  30111-3 0  9996,2 25544  51.6332 162.8128 0001049 155.2675 204.8364 15.49415038530943
3.0,GENERATED VIA SPACE-TRACK.ORG API,2025-09-28 04:05:56+00:00,18 SPCS,ISS (ZARYA),1998-067A,EARTH,TEME,UTC,SGP4,2025-09-27 19:46:00.526944+00:00,15.49453245,0.00013735,51.6325,158.3441,173.4686,186.6321,0,U,25544,999,53108,0.00039357478000,0.00021639,0.0000000000000,6796.461,92.936,419.260,417.393,PAYLOAD,LARGE,ISS,1998-11-20,TTMTR,,4824924,298584619,0 ISS (ZARYA),1 25544U 98067A   25270.82361721  .00021639  00000-0  39357-3 0  9997,2 25544  51.6325 158.3441 0001373 173.4686 186.6321 15.49453245531085
3.0,GENERATED VIA SPACE-TRACK.ORG API,2025-09-28 10:36:39+00:00,18 SPCS,ISS (ZARYA),1998-067A,EARTH,TEME,UTC,SGP4,2025-09-28 03:30:22.879296+00:00,15.49463105,0.00013958,51.6325,156.7474,176.1819,183.9180,0,U,25544,999,53113,0.00035289084000,0.00019357,0.0000000000000,6796.433,92.935,419.246,417.349,PAYLOAD,LARGE,ISS,1998-11-20,TTMTR,,4824963,298616084,0 ISS (ZARYA),1 25544U 98067A   25271.14609814  .00019357  00000-0  35289-3 0  9995,2 25544  51.6325 156.7474 0001396 176.1819 183.9180 15.49463105531131
3.0,GENERATED VIA SPACE-TRACK.ORG API,2025-09-29 03:46:59+00:00,18 SPCS,ISS (ZARYA),1998-067A,EARTH,TEME,UTC,SGP4,2025-09-28 20:31:59.411136+00:00,15.49485331,0.00011677,51.6321,153.2360,172.7417,187.3589,0,U,25544,999,53124,0.00030712974000,0.00016796,0.0000000000000,6796.368,92.934,419.026,417.439,PAYLOAD,LARGE,ISS,1998-11-20,TTMTR,,4825005,298646877,0 ISS (ZARYA),1 25544U 98067A   25271.85554874  .00016796  00000-0  30713-3 0  9999,2 25544  51.6321 153.2360 0001168 172.7417 187.3589 15.49485331531244
3.0,GENERATED VIA SPACE-TRACK.ORG API,2025-09-29 10:14:38+00:00,18 SPCS,ISS (ZARYA),1998-067A,EARTH,TEME,UTC,SGP4,2025-09-29 02:43:28.798464+00:00,15.49493379,0.00011596,51.6321,151.9589,174.5879,185.5122,0,U,25544,999,53128,0.00029563322000,0.00016154,0.0000000000000,6796.344,92.934,418.997,417.421,PAYLOAD,LARGE,ISS,1998-11-20,TTMTR,,4825035,298678332,0 ISS (ZARYA),1 25544U 98067A   25272.11352776  .00016154  00000-0  29563-3 0  9995,2 25544  51.6321 151.9589 0001160 174.5879 185.5122 15.49493379531284
3.0,GENERATED VIA SPACE-TRACK.ORG API,2025-09-29 23:16:17+00:00,18 SPCS,ISS (ZARYA),1998-067A,EARTH,TEME,UTC,SGP4,2025-09-29 19:45:03.888288+00:00,15.49520728,0.00010200,51.6320,148.4464,175.1481,184.9518,0,U,25544,999,53139,0.00031852000000,0.00017460,0.0000000000000,6796.264,92.932,418.822,417.436,PAYLOAD,LARGE,ISS,1998-11-20,TTMTR,,4825243,298705349,0 ISS (ZARYA),1 25544U 98067A   25272.82296167  .00017460  00000-0  31852-3 0  9999,2 25544  51.6320 148.4464 0001020 175.1481 184.9518 15.49520728531390
3.0,GENERATED VIA SPACE-TRACK.ORG API,2025-09-30 07:46:20+00:00,18 SPCS,ISS (ZARYA),1998-067A,EARTH,TEME,UTC,SGP4,2025-09-30 03:29:24.910080+00:00,15.49533591,0.00010950,51.6321,146.8490,177.0023,183.0973,0,U,25544,999,53144,0.00032912000000,0.00018065,0.0000000000000,6796.227,92.931,418.836,417.347,PAYLOAD,LARGE,ISS,1998-11-20,TTMTR,,4826094,298756434,0 ISS (ZARYA),1 25544U 98067A   25273.14542720  .00018065  00000-0  32912-3 0  9994,2 25544  51.6321 146.8490 0001095 177.0023 183.0973 15.49533591531440
3.0,GENERATED VIA SPACE-TRACK.ORG API,2025-09-30 10:14:30+00:00,18 SPCS,ISS (ZARYA),1998-067A,EARTH,TEME,UTC,SGP4,2025-09-30 03:29:24.910944+00:00,15.49533591,0.00010951,51.6321,146.8490,177.0023,183.0973,0,U,25544,999,53144,0.00032911683000,0.00018065,0.0000000000000,6796.227,92.931,418.836,417.347,PAYLOAD,LARGE,ISS,1998-11-20,TTMTR,,4826338,298767391,0 ISS (ZARYA),1 25544U 98067A   25273.14542721  .00018065  00000-0  32912-3 0  9995,2 25544  51.6321 146.8490 0001095 177.0023 183.0973 15.49533591531440
3.0,GENERATED VIA SPACE-TRACK.ORG API,2025-09-30 14:56:22+00:00,18 SPCS,ISS (ZARYA),1998-067A,EARTH,TEME,UTC,SGP4,2025-09-30 11:13:45.662304+00:00,15.49549771,0.00010790,51.6322,145.2523,178.6313,181.4679,0,U,25544,999,53149,0.00037370000000,0.00020592,0.0000000000000,6796.179,92.930,418.777,417.311,PAYLOAD,LARGE,ISS,1998-11-20,TTMTR,,4826765,298801568,0 ISS (ZARYA),1 25544U 98067A   25273.46788961  .00020592  00000-0  37370-3 0  9999,2 25544  51.6322 145.2523 0001079 178.6313 181.4679 15.49549771531499
3.0,GENERATED VIA SPACE-TRACK.ORG API,2025-10-01 07:56:25+00:00,18 SPCS,ISS (ZARYA),1998-067A,EARTH,TEME,UTC,SGP4,2025-10-01 02:42:26.525664+00:00,15.49574764,0.00010380,51.6324,142.0598,182.7689,177.3294,0,U,25544,999,53159,0.00033478000000,0.00018412,0.0000000000000,6796.106,92.929,418.677,417.266,PAYLOAD,LARGE,ISS,1998-11-20,TTMTR,,4828254,298864915,0 ISS (ZARYA),1 25544U 98067A   25274.11280701  .00018412  00000-0  33478-3 0  9994,2 25544  51.6324 142.0598 0001038 182.7689 177.3294 15.49574764531593
3.0,GENERATED VIA SPACE-TRACK.ORG API,2025-10-01 10:13:26+00:00,18 SPCS,ISS (ZARYA),1998-067A,EARTH,TEME,UTC,SGP4,2025-10-01 02:42:26.526528+00:00,15.49574764,0.00010384,51.6324,142.0598,182.7689,177.3294,0,U,25544,999,53159,0.00033478391000,0.00018412,0.0000000000000,6796.106,92.929,418.677,417.265,PAYLOAD,LARGE,ISS,1998-11-20,TTMTR,,4828516,298877497,0 ISS (ZARYA),1 25544U 98067A   25274.11280702  .00018412  00000-0  33478-3 0  9995,2 25544  51.6324 142.0598 0001038 182.7689 177.3294 15.49574764531593
3.0,GENERATED VIA SPACE-TRACK.ORG API,2025-10-01 14:56:22+00:00,18 SPCS,ISS (ZARYA),1998-067A,EARTH,TEME,UTC,SGP4,2025-10-01 11:59:38.579712+00:00,15.49589290,0.00010550,51.6325,140.1428,183.8834,176.2147,0,U,25544,999,53165,0.00033242000000,0.00018288,0.0000000000000,6796.064,92.928,418.646,417.212,PAYLOAD,LARGE,ISS,1998-11-20,TTMTR,,4828953,298912193,0 ISS (ZARYA),1 25544U 98067A   25274.49975208  .00018288  00000-0  33242-3 0  9998,2 25544  51.6325 140.1428 0001055 183.8834 176.2147 15.49589290531650
3.0,GENERATED VIA SPACE-TRACK.ORG API,2025-10-01 22:36:21+00:00,18 SPCS,ISS (ZARYA),1998-067A,EARTH,TEME,UTC,SGP4,2025-10-01 19:43:58.423872+00:00,15.49599116,0.00010450,51.6327,138.5459,186.4676,173.6300,0,U,25544,999,53170,0.00029639000000,0.00016258,0.0000000000000,6796.035,92.927,418.610,417.190,PAYLOAD,LARGE,ISS,1998-11-20,TTMTR,,4829566,298926555,0 ISS (ZARYA),1 25544U 98067A   25274.82220398  .00016258  00000-0  29639-3 0  9998,2 25544  51.6327 138.5459 0001045 186.4676 173.6300 15.49599116531705
3.0,GENERATED VIA SPACE-TRACK.ORG API,2025-10-02 03:26:56+00:00,18 SPCS,ISS (ZARYA),1998-067A,EARTH,TEME,UTC,SGP4,2025-10-01 19:43:58.424736+00:00,15.49599116,0.00010454,51.6327,138.5459,186.4676,173.6300,0,U,25544,999,53170,0.00029639150000,0.00016258,0.0000000000000,6796.035,92.927,418.610,417.189,PAYLOAD,LARGE,ISS,1998-11-20,TTMTR,,4829844,298939575,0 ISS (ZARYA),1 25544U 98067A   25274.82220399  .00016258  00000-0  29639-3 0  9999,2 25544  51.6327 138.5459 0001045 186.4676 173.6300 15.49599116531705
3.0,GENERATED VIA SPACE-TRACK.ORG API,2025-10-02 07:16:36+00:00,18 SPCS,ISS (ZARYA),1998-067A,EARTH,TEME,UTC,SGP4,2025-10-02 01:55:26.164416+00:00,15.49606939,0.00010660,51.6326,137.2684,187.1210,172.9763,0,U,25544,999,53174,0.00027786000000,0.00015216,0.0000000000000,6796.012,92.927,418.601,417.153,PAYLOAD,LARGE,ISS,1998-11-20,TTMTR,,4830382,298976628,0 ISS (ZARYA),1 25544U 98067A   25275.08016394  .00015216  00000-0  27786-3 0  9990,2 25544  51.6326 137.2684 0001066 187.1210 172.9763 15.49606939531746
3.0,GENERATED VIA SPACE-TRACK.ORG API,2025-10-02 20:40:47+00:00,18 SPCS,ISS (ZARYA),1998-067A,EARTH,TEME,UTC,SGP4,2025-10-02 11:12:37.521216+00:00,15.49620641,0.00010430,51.6327,135.3522,189.2069,170.8900,0,U,25544,999,53180,0.00028741333000,0.00015763,0.0000000000000,6795.972,92.926,418.546,417.128,PAYLOAD,LARGE,ISS,1998-11-20,TTMTR,,4830696,298990025,0 ISS (ZARYA),1 25544U 98067A   25275.46710094  .00015763  00000-0  28741-3 0  9999,2 25544  51.6327 135.3522 0001043 189.2069 170.8900 15.49620641531800
3.0,GENERATED VIA SPACE-TRACK.ORG API,2025-10-02 21:16:34+00:00,18 SPCS,ISS (ZARYA),1998-067A,EARTH,TEME,UTC,SGP4,2025-10-02 11:12:37.521216+00:00,15.49620641,0.00010430,51.6327,135.3521,189.2069,170.8900,0,U,25544,999,53180,0.00028741000000,0.00015763,0.0000000000000,6795.972,92.926,418.546,417.128,PAYLOAD,LARGE,ISS,1998-11-20,TTMTR,,4831227,299027629,0 ISS (ZARYA),1 25544U 98067A   25275.46710094  .00015763  00000-0  28741-3 0  9999,2 25544  51.6327 135.3521 0001043 189.2069 170.8900 15.49620641531809
3.0,GENERATED VIA SPACE-TRACK.ORG API,2025-10-03 02:26:47+00:00,18 SPCS,ISS (ZARYA),1998-067A,EARTH,TEME,UTC,SGP4,2025-10-02 20:29:48.646464+00:00,15.49630613,0.00010360,51.6327,133.4364,189.8771,170.2197,0,U,25544,999,53186,0.00024800221000,0.00013541,0.0000000000000,6795.943,92.925,418.512,417.104,PAYLOAD,LARGE,ISS,1998-11-20,TTMTR,,4831546,299041260,0 ISS (ZARYA),1 25544U 98067A   25275.85403526  .00013541  00000-0  24800-3 0  9995,2 25544  51.6327 133.4364 0001036 189.8771 170.2197 15.49630613531869
3.0,GENERATED VIA SPACE-TRACK.ORG API,2025-10-03 13:06:46+00:00,18 SPCS,ISS (ZARYA),1998-067A,EARTH,TEME,UTC,SGP4,2025-10-03 01:08:24.120960+00:00,15.49638709,0.00010270,51.6327,132.4783,191.3758,168.7208,0,U,25544,999,53189,0.00028185016000,0.00015459,0.0000000000000,6795.919,92.925,418.482,417.086,PAYLOAD,LARGE,ISS,1998-11-20,TTMTR,,4831615,299072243,0 ISS (ZARYA),1 25544U 98067A   25276.04750140  .00015459  00000-0  28185-3 0  9994,2 25544  51.6327 132.4783 0001027 191.3758 168.7208 15.49638709531898
3.0,GENERATED VIA SPACE-TRACK.ORG API,2025-10-03 17:46:16+00:00,18 SPCS,ISS (ZARYA),1998-067A,EARTH,TEME,UTC,SGP4,2025-10-03 11:58:26.713920+00:00,15.49648180,0.00010070,51.6325,130.2428,193.4972,166.5990,0,U,25544,999,53196,0.00023997000000,0.00013095,0.0000000000000,6795.891,92.924,418.441,417.072,PAYLOAD,LARGE,ISS,1998-11-20,TTMTR,,4831626,299096908,0 ISS (ZARYA),1 25544U 98067A   25276.49892030  .00013095  00000-0  23997-3 0  9998,2 25544  51.6325 130.2428 0001007 193.4972 166.5990 15.49648180531963
3.0,GENERATED VIA SPACE-TRACK.ORG API,2025-10-03 18:13:58+00:00,18 SPCS,ISS (ZARYA),1998-067A,EARTH,TEME,UTC,SGP4,2025-10-03 11:58:26.714784+00:00,15.49648180,0.00010070,51.6325,130.2428,193.4972,166.5990,0,U,25544,999,53196,0.00023996803000,0.00013095,0.0000000000000,6795.891,92.924,418.441,417.072,PAYLOAD,LARGE,ISS,1998-11-20,TTMTR,,4831630,299103498,0 ISS (ZARYA),1 25544U 98067A   25276.49892031  .00013095  00000-0  23997-3 0  9999,2 25544  51.6325 130.2428 0001007 193.4972 166.5990 15.49648180531963
3.0,GENERATED VIA SPACE-TRACK.ORG API,2025-10-04 07:36:18+00:00,18 SPCS,ISS (ZARYA),1998-067A,EARTH,TEME,UTC,SGP4,2025-10-04 00:21:20.752128+00:00,15.49660865,0.00009660,51.6322,127.6882,195.4447,164.6512,0,U,25544,999,53204,0.00022893000000,0.00012477,0.0000000000000,6795.854,92.924,418.376,417.063,PAYLOAD,LARGE,ISS,1998-11-20,TTMTR,,4831752,299128342,0 ISS (ZARYA),1 25544U 98067A   25277.01482352  .00012477  00000-0  22893-3 0  9996,2 25544  51.6322 127.6882 0000966 195.4447 164.6512 15.49660865532049
3.0,GENERATED VIA SPACE-TRACK.ORG API,2025-10-04 14:36:22+00:00,18 SPCS,ISS (ZARYA),1998-067A,EARTH,TEME,UTC,SGP4,2025-10-04 12:44:14.404128+00:00,15.49674063,0.00009800,51.6320,125.1332,198.3499,161.7454,0,U,25544,999,53212,0.00023354000000,0.00012744,0.0000000000000,6795.816,92.923,418.347,417.015,PAYLOAD,LARGE,ISS,1998-11-20,TTMTR,,4832170,299132417,0 ISS (ZARYA),1 25544U 98067A   25277.53072227  .00012744  00000-0  23354-3 0  9999,2 25544  51.6320 125.1332 0000980 198.3499 161.7454 15.49674063532122
3.0,GENERATED VIA SPACE-TRACK.ORG API,2025-10-04 23:36:31+00:00,18 SPCS,ISS (ZARYA),1998-067A,EARTH,TEME,UTC,SGP4,2025-10-04 20:28:32.738016+00:00,15.49682341,0.00009330,51.6326,123.5365,203.2133,156.8813,0,U,25544,999,53217,0.00023245000000,0.00012686,0.0000000000000,6795.792,92.922,418.291,417.023,PAYLOAD,LARGE,ISS,1998-11-20,TTMTR,,4832725,299148566,0 ISS (ZARYA),1 25544U 98067A   25277.85315669  .00012686  00000-0  23245-3 0  9998,2 25544  51.6326 123.5365 0000933 203.2133 156.8813 15.49682341532172
3.0,GENERATED VIA SPACE-TRACK.ORG API,2025-10-05 07:26:57+00:00,18 SPCS,ISS (ZARYA),1998-067A,EARTH,TEME,UTC,SGP4,2025-10-05 01:07:07.650048+00:00,15.49686836,0.00009160,51.6326,122.5779,205.0277,155.0667,0,U,25544,999,53220,0.00021713000000,0.00011820,0.0000000000000,6795.778,92.922,418.266,417.021,PAYLOAD,LARGE,ISS,1998-11-20,TTMTR,,4833433,299164288,0 ISS (ZARYA),1 25544U 98067A   25278.04661632  .00011820  00000-0  21713-3 0  9991,2 25544  51.6326 122.5779 0000916 205.0277 155.0667 15.49686836532205
3.0,GENERATED VIA SPACE-TRACK.ORG API,2025-10-05 14:56:20+00:00,18 SPCS,ISS (ZARYA),1998-067A,EARTH,TEME,UTC,SGP4,2025-10-05 11:57:08.971200+00:00,15.49697304,0.00008840,51.6327,120.3420,206.2421,153.8523,0,U,25544,999,53227,0.00020935000000,0.00011384,0.0000000000000,6795.748,92.921,418.214,417.012,PAYLOAD,LARGE,ISS,1998-11-20,TTMTR,,4834250,299183997,0 ISS (ZARYA),1 25544U 98067A   25278.49802050  .00011384  00000-0  20935-3 0  9991,2 25544  51.6327 120.3420 0000884 206.2421 153.8523 15.49697304532279
3.0,GENERATED VIA SPACE-TRACK.ORG API,2025-10-06 07:46:39+00:00,18 SPCS,ISS (ZARYA),1998-067A,EARTH,TEME,UTC,SGP4,2025-10-06 00:20:01.491360+00:00,15.49710326,0.00009170,51.6321,117.7867,206.8847,153.2094,0,U,25544,999,53235,0.00019350000000,0.00010492,0.0000000000000,6795.710,92.921,418.198,416.952,PAYLOAD,LARGE,ISS,1998-11-20,TTMTR,,4835365,299205700,0 ISS (ZARYA),1 25544U 98067A   25279.01390615  .00010492  00000-0  19350-3 0  9997,2 25544  51.6321 117.7867 0000917 206.8847 153.2094 15.49710326532359
3.0,GENERATED VIA SPACE-TRACK.ORG API,2025-10-06 15:16:25+00:00,18 SPCS,ISS (ZARYA),1998-067A,EARTH,TEME,UTC,SGP4,2025-10-06 12:42:53.736768+00:00,15.49721699,0.00008980,51.6318,115.2314,206.6768,153.4174,0,U,25544,999,53243,0.00018789000000,0.00010178,0.0000000000000,6795.677,92.920,418.152,416.931,PAYLOAD,LARGE,ISS,1998-11-20,TTMTR,,4836029,299221014,0 ISS (ZARYA),1 25544U 98067A   25279.52978862  .00010178  00000-0  18789-3 0  9995,2 25544  51.6318 115.2314 0000898 206.6768 153.4174 15.49721699532438
3.0,GENERATED VIA SPACE-TRACK.ORG API,2025-10-06 19:15:26+00:00,18 SPCS,ISS (ZARYA),1998-067A,EARTH,TEME,UTC,SGP4,2025-10-06 12:42:53.737632+00:00,15.49721699,0.00008980,51.6318,115.2314,206.6768,153.4175,0,U,25544,999,53243,0.00018788539000,0.00010178,0.0000000000000,6795.677,92.920,418.152,416.931,PAYLOAD,LARGE,ISS,1998-11-20,TTMTR,,4836314,299233567,0 ISS (ZARYA),1 25544U 98067A   25279.52978863  .00010178  00000-0  18789-3 0  9996,2 25544  51.6318 115.2314 0000898 206.6768 153.4175 15.49721699532439
3.0,GENERATED VIA SPACE-TRACK.ORG API,2025-10-07 04:22:25+00:00,18 SPCS,ISS (ZARYA),1998-067A,EARTH,TEME,UTC,SGP4,2025-10-06 18:54:19.720800+00:00,15.49728350,0.00008656,51.6311,113.9541,207.5777,152.5166,0,U,25544,999,53247,0.00019842038000,0.00010778,0.0000000000000,6795.657,92.920,418.110,416.934,PAYLOAD,LARGE,ISS,1998-11-20,TTMTR,,4836352,299264048,0 ISS (ZARYA),1 25544U 98067A   25279.78772825  .00010778  00000-0  19842-3 0  9991,2 25544  51.6311 113.9541 0000866 207.5777 152.5166 15.49728350532479
3.0,GENERATED VIA SPACE-TRACK.ORG API,2025-10-07 11:10:06+00:00,18 SPCS,ISS (ZARYA),1998-067A,EARTH,TEME,UTC,SGP4,2025-10-06 23:32:54.224160+00:00,15.49730279,0.00008433,51.6310,112.9960,209.1938,150.9004,0,U,25544,999,53250,0.00017803945000,0.00009624,0.0000000000000,6795.651,92.919,418.090,416.943,PAYLOAD,LARGE,ISS,1998-11-20,TTMTR,,4836423,299295009,0 ISS (ZARYA),1 25544U 98067A   25279.98118315  .00009624  00000-0  17804-3 0  9995,2 25544  51.6310 112.9960 0000843 209.1938 150.9004 15.49730279532504
3.0,GENERATED VIA SPACE-TRACK.ORG API,2025-10-07 17:38:49+00:00,18 SPCS,ISS (ZARYA),1998-067A,EARTH,TEME,UTC,SGP4,2025-10-07 13:28:37.273728+00:00,15.49745292,0.00008243,51.6306,110.1213,212.9644,147.1294,0,U,25544,999,53259,0.00021214912000,0.00011563,0.0000000000000,6795.608,92.918,418.033,416.912,PAYLOAD,LARGE,ISS,1998-11-20,TTMTR,,4836461,299326763,0 ISS (ZARYA),1 25544U 98067A   25280.56154252  .00011563  00000-0  21215-3 0  9997,2 25544  51.6306 110.1213 0000824 212.9644 147.1294 15.49745292532594
3.0,GENERATED VIA SPACE-TRACK.ORG API,2025-10-07 23:36:17+00:00,18 SPCS,ISS (ZARYA),1998-067A,EARTH,TEME,UTC,SGP4,2025-10-07 19:40:02.911296+00:00,15.49752917,0.00008660,51.6310,108.8436,215.7114,144.3817,0,U,25544,999,53263,0.00023928000000,0.00013106,0.0000000000000,6795.585,92.918,418.039,416.862,PAYLOAD,LARGE,ISS,1998-11-20,TTMTR,,4836888,299361270,0 ISS (ZARYA),1 25544U 98067A   25280.81947814  .00013106  00000-0  23928-3 0  9997,2 25544  51.6310 108.8436 0000866 215.7114 144.3817 15.49752917532636
3.0,GENERATED VIA SPACE-TRACK.ORG API,2025-10-08 06:56:21+00:00,18 SPCS,ISS (ZARYA),1998-067A,EARTH,TEME,UTC,SGP4,2025-10-08 00:18:37.057824+00:00,15.49758628,0.00008790,51.6310,107.8852,217.5357,142.5570,0,U,25544,999,53266,0.00024501000000,0.00013434,0.0000000000000,6795.569,92.918,418.031,416.836,PAYLOAD,LARGE,ISS,1998-11-20,TTMTR,,4837407,299404234,0 ISS (ZARYA),1 25544U 98067A   25281.01292891  .00013434  00000-0  24501-3 0  9990,2 25544  51.6310 107.8852 0000879 217.5357 142.5570 15.49758628532664
3.0,GENERATED VIA SPACE-TRACK.ORG API,2025-10-08 10:51:44+00:00,18 SPCS,ISS (ZARYA),1998-067A,EARTH,TEME,UTC,SGP4,2025-10-08 00:18:37.058688+00:00,15.49758628,0.00008787,51.6310,107.8852,217.5357,142.5570,0,U,25544,999,53266,0.00024500577000,0.00013434,0.0000000000000,6795.569,92.918,418.031,416.836,PAYLOAD,LARGE,ISS,1998-11-20,TTMTR,,4837766,299418404,0 ISS (ZARYA),1 25544U 98067A   25281.01292892  .00013434  00000-0  24501-3 0  9991,2 25544  51.6310 107.8852 0000879 217.5357 142.5570 15.49758628532664
3.0,GENERATED VIA SPACE-TRACK.ORG API,2025-10-08 14:56:23+00:00,18 SPCS,ISS (ZARYA),1998-067A,EARTH,TEME,UTC,SGP4,2025-10-08 12:41:27.900960+00:00,15.49772654,0.00008240,51.6312,105.3299,223.8777,136.2147,0,U,25544,999,53274,0.00024910000000,0.00013673,0.0000000000000,6795.528,92.917,417.953,416.833,PAYLOAD,LARGE,ISS,1998-11-20,TTMTR,,4838264,299454843,0 ISS (ZARYA),1 25544U 98067A   25281.52879515  .00013673  00000-0  24910-3 0  9999,2 25544  51.6312 105.3299 0000824 223.8777 136.2147 15.49772654532744
3.0,GENERATED VIA SPACE-TRACK.ORG API,2025-10-08 18:21:37+00:00,18 SPCS,ISS (ZARYA),1998-067A,EARTH,TEME,UTC,SGP4,2025-10-08 12:41:27.901824+00:00,15.49772654,0.00008236,51.6312,105.3299,223.8777,136.2147,0,U,25544,999,53274,0.00024910318000,0.00013673,0.0000000000000,6795.528,92.917,417.952,416.833,PAYLOAD,LARGE,ISS,1998-11-20,TTMTR,,4838580,299468667,0 ISS (ZARYA),1 25544U 98067A   25281.52879516  .00013673  00000-0  24910-3 0  9990,2 25544  51.6312 105.3299 0000824 223.8777 136.2147 15.49772654532744
3.0,GENERATED VIA SPACE-TRACK.ORG API,2025-10-09 02:29:47+00:00,18 SPCS,ISS (ZARYA),1998-067A,EARTH,TEME,UTC,SGP4,2025-10-08 20:25:44.437728+00:00,15.49782022,0.00007829,51.6311,103.7327,224.8658,135.2268,0,U,25544,999,53279,0.00024720503000,0.00013570,0.0000000000000,6795.500,92.916,417.897,416.833,PAYLOAD,LARGE,ISS,1998-11-20,TTMTR,,4839045,299510389,0 ISS (ZARYA),1 25544U 98067A   25281.85120877  .00013570  00000-0  24721-3 0  9991,2 25544  51.6311 103.7327 0000783 224.8658 135.2268 15.49782022532798
3.0,GENERATED VIA SPACE-TRACK.ORG API,2025-10-09 07:16:47+00:00,18 SPCS,ISS (ZARYA),1998-067A,EARTH,TEME,UTC,SGP4,2025-10-08 23:31:26.990400+00:00,15.49784909,0.00008330,51.6314,103.0937,227.8204,132.2714,0,U,25544,999,53281,0.00022891000000,0.00012532,0.0000000000000,6795.492,92.916,417.923,416.791,PAYLOAD,LARGE,ISS,1998-11-20,TTMTR,,4839543,299546860,0 ISS (ZARYA),1 25544U 98067A   25281.98017350  .00012532  00000-0  22891-3 0  9999,2 25544  51.6314 103.0937 0000833 227.8204 132.2714 15.49784909532819
3.0,GENERATED VIA SPACE-TRACK.ORG API,2025-10-09 17:43:15+00:00,18 SPCS,ISS (ZARYA),1998-067A,EARTH,TEME,UTC,SGP4,2025-10-09 11:54:17.026560+00:00,15.49798647,0.00008191,51.6317,100.5385,229.5955,130.4962,0,U,25544,999,53289,0.00021963388000,0.00012011,0.0000000000000,6795.452,92.915,417.873,416.760,PAYLOAD,LARGE,ISS,1998-11-20,TTMTR,,4839856,299591657,0 ISS (ZARYA),1 25544U 98067A   25282.49603040  .00012011  00000-0  21963-3 0  9994,2 25544  51.6317 100.5385 0000819 229.5955 130.4962 15.49798647532894
3.0,GENERATED VIA SPACE-TRACK.ORG API,2025-10-09 21:36:21+00:00,18 SPCS,ISS (ZARYA),1998-067A,EARTH,TEME,UTC,SGP4,2025-10-09 11:54:17.025696+00:00,15.49798647,0.00008190,51.6317,100.5385,229.5955,130.4962,0,U,25544,999,53289,0.00021963000000,0.00012011,0.0000000000000,6795.452,92.915,417.873,416.760,PAYLOAD,LARGE,ISS,1998-11-20,TTMTR,,4840419,299630311,0 ISS (ZARYA),1 25544U 98067A   25282.49603039  .00012011  00000-0  21963-3 0  9992,2 25544  51.6317 100.5385 0000819 229.5955 130.4962 15.49798647532894
3.0,GENERATED VIA SPACE-TRACK.ORG API,2025-10-09 22:46:20+00:00,18 SPCS,ISS (ZARYA),1998-067A,EARTH,TEME,UTC,SGP4,2025-10-09 19:38:33.082080+00:00,15.49805738,0.00009370,51.6321,98.9411,229.8853,130.2053,0,U,25544,999,53294,0.00020052000000,0.00010927,0.0000000000000,6795.431,92.915,417.933,416.659,PAYLOAD,LARGE,ISS,1998-11-20,TTMTR,,4840870,299639040,0 ISS (ZARYA),1 25544U 98067A   25282.81843845  .00010927  00000-0  20052-3 0  9991,2 25544  51.6321  98.9411 0000937 229.8853 130.2053 15.49805738532945
3.0,GENERATED VIA SPACE-TRACK.ORG API,2025-10-10 04:19:40+00:00,18 SPCS,ISS (ZARYA),1998-067A,EARTH,TEME,UTC,SGP4,2025-10-09 19:38:33.082944+00:00,15.49805738,0.00009372,51.6321,98.9411,229.8854,130.2053,0,U,25544,999,53294,0.00020051532000,0.00010927,0.0000000000000,6795.431,92.915,417.933,416.659,PAYLOAD,LARGE,ISS,1998-11-20,TTMTR,,4840951,299649270,0 ISS (ZARYA),1 25544U 98067A   25282.81843846  .00010927  00000-0  20052-3 0  9992,2 25544  51.6321  98.9411 0000937 229.8854 130.2053 15.49805738532946
3.0,GENERATED VIA SPACE-TRACK.ORG API,2025-10-10 06:46:21+00:00,18 SPCS,ISS (ZARYA),1998-067A,EARTH,TEME,UTC,SGP4,2025-10-09 22:44:15.487008+00:00,15.49808863,0.00009660,51.6320,98.3019,226.7270,133.3638,0,U,25544,999,53296,0.00020092000000,0.00010951,0.0000000000000,6795.422,92.915,417.943,416.630,PAYLOAD,LARGE,ISS,1998-11-20,TTMTR,,4841318,299682264,0 ISS (ZARYA),1 25544U 98067A   25282.94740147  .00010951  00000-0  20092-3 0  9997,2 25544  51.6320  98.3019 0000966 226.7270 133.3638 15.49808863532960
3.0,GENERATED VIA SPACE-TRACK.ORG API,2025-10-10 11:05:40+00:00,18 SPCS,ISS (ZARYA),1998-067A,EARTH,TEME,UTC,SGP4,2025-10-09 22:44:15.487872+00:00,15.49808863,0.00009659,51.6320,98.3019,226.7270,133.3638,0,U,25544,999,53296,0.00020091851000,0.00010951,0.0000000000000,6795.422,92.915,417.943,416.630,PAYLOAD,LARGE,ISS,1998-11-20,TTMTR,,4841636,299696044,0 ISS (ZARYA),1 25544U 98067A   25282.94740148  .00010951  00000-0  20092-3 0  9998,2 25544  51.6320  98.3019 0000966 226.7270 133.3638 15.49808863532960
3.0,GENERATED VIA SPACE-TRACK.ORG API,2025-10-10 15:56:43+00:00,18 SPCS,ISS (ZARYA),1998-067A,EARTH,TEME,UTC,SGP4,2025-10-10 12:39:56.049120+00:00,15.49821992,0.00008150,51.6321,95.4278,234.6609,125.4303,0,U,25544,999,53305,0.00018654000000,0.00010139,0.0000000000000,6795.383,92.914,417.802,416.695,PAYLOAD,LARGE,ISS,1998-11-20,TTMTR,,4842129,299732273,0 ISS (ZARYA),1 25544U 98067A   25283.52773205  .00010139  00000-0  18654-3 0  9992,2 25544  51.6321  95.4278 0000815 234.6609 125.4303 15.49821992533053
3.0,GENERATED VIA SPACE-TRACK.ORG API,2025-10-10 23:46:21+00:00,18 SPCS,ISS (ZARYA),1998-067A,EARTH,TEME,UTC,SGP4,2025-10-10 20:24:11.674368+00:00,15.49830164,0.00008660,51.6324,93.8306,236.6205,123.4701,0,U,25544,999,53310,0.00019435000000,0.00010586,0.0000000000000,6795.359,92.913,417.813,416.636,PAYLOAD,LARGE,ISS,1998-11-20,TTMTR,,4842928,299749086,0 ISS (ZARYA),1 25544U 98067A   25283.85013512  .00010586  00000-0  19435-3 0  9990,2 25544  51.6324  93.8306 0000866 236.6205 123.4701 15.49830164533107
3.0,GENERATED VIA SPACE-TRACK.ORG API,2025-10-11 07:56:19+00:00,18 SPCS,ISS (ZARYA),1998-067A,EARTH,TEME,UTC,SGP4,2025-10-11 04:08:27.219264+00:00,15.49837675,0.00008130,51.6323,92.2337,239.6320,120.4589,0,U,25544,999,53315,0.00019735000000,0.00010760,0.0000000000000,6795.338,92.913,417.755,416.650,PAYLOAD,LARGE,ISS,1998-11-20,TTMTR,,4843663,299796585,0 ISS (ZARYA),1 25544U 98067A   25284.17253726  .00010760  00000-0  19735-3 0  9996,2 25544  51.6323  92.2337 0000813 239.6320 120.4589 15.49837675533156
3.0,GENERATED VIA SPACE-TRACK.ORG API,2025-10-12 03:37:44+00:00,18 SPCS,ISS (ZARYA),1998-067A,EARTH,TEME,UTC,SGP4,2025-10-11 19:36:57.870144+00:00,15.49854968,0.00007987,51.6329,89.0398,246.3389,113.7516,0,U,25544,999,53325,0.00023300301000,0.00012797,0.0000000000000,6795.287,92.912,417.695,416.609,PAYLOAD,LARGE,ISS,1998-11-20,TTMTR,,4844080,299842169,0 ISS (ZARYA),1 25544U 98067A   25284.81733646  .00012797  00000-0  23300-3 0  9996,2 25544  51.6329  89.0398 0000799 246.3389 113.7516 15.49854968533256
3.0,GENERATED VIA SPACE-TRACK.ORG API,2025-10-12 10:10:24+00:00,18 SPCS,ISS (ZARYA),1998-067A,EARTH,TEME,UTC,SGP4,2025-10-11 22:42:39.908736+00:00,15.49860174,0.00007995,51.6327,88.4008,248.3312,111.7592,0,U,25544,999,53327,0.00025739145000,0.00014189,0.0000000000000,6795.272,92.912,417.680,416.593,PAYLOAD,LARGE,ISS,1998-11-20,TTMTR,,4844130,299873223,0 ISS (ZARYA),1 25544U 98067A   25284.94629524  .00014189  00000-0  25739-3 0  9994,2 25544  51.6327  88.4008 0000800 248.3312 111.7592 15.49860174533276
3.0,GENERATED VIA SPACE-TRACK.ORG API,2025-10-12 18:25:01+00:00,18 SPCS,ISS (ZARYA),1998-067A,EARTH,TEME,UTC,SGP4,2025-10-12 12:38:18.818016+00:00,15.49875855,0.00007788,51.6323,85.5258,253.5772,106.5131,0,U,25544,999,53336,0.00025905273000,0.00014292,0.0000000000000,6795.226,92.911,417.620,416.562,PAYLOAD,LARGE,ISS,1998-11-20,TTMTR,,4844234,299905156,0 ISS (ZARYA),1 25544U 98067A   25285.52660669  .00014292  00000-0  25905-3 0  9994,2 25544  51.6323  85.5258 0000779 253.5772 106.5131 15.49875855533363
3.0,GENERATED VIA SPACE-TRACK.ORG API,2025-10-13 02:18:25+00:00,18 SPCS,ISS (ZARYA),1998-067A,EARTH,TEME,UTC,SGP4,2025-10-12 20:22:33.491136+00:00,15.49886569,0.00008042,51.6332,83.9290,256.3096,103.7803,0,U,25544,999,53341,0.00027240829000,0.00015059,0.0000000000000,6795.195,92.910,417.606,416.513,PAYLOAD,LARGE,ISS,1998-11-20,TTMTR,,4844295,299936221,0 ISS (ZARYA),1 25544U 98067A   25285.84899874  .00015059  00000-0  27241-3 0  9998,2 25544  51.6332  83.9290 0000804 256.3096 103.7803 15.49886569533415
3.0,GENERATED VIA SPACE-TRACK.ORG API,2025-10-13 18:48:44+00:00,18 SPCS,ISS (ZARYA),1998-067A,EARTH,TEME,UTC,SGP4,2025-10-13 11:51:02.344032+00:00,15.49903869,0.00007900,51.6333,80.7348,262.0329,98.0571,0,U,25544,999,53351,0.00023568938000,0.00012973,0.0000000000000,6795.144,92.909,417.546,416.472,PAYLOAD,LARGE,ISS,1998-11-20,TTMTR,,4844365,299998125,0 ISS (ZARYA),1 25544U 98067A   25286.49377713  .00012973  00000-0  23569-3 0  9994,2 25544  51.6333  80.7348 0000790 262.0329  98.0571 15.49903869533514
3.0,GENERATED VIA SPACE-TRACK.ORG API,2025-10-14 02:50:48+00:00,18 SPCS,ISS (ZARYA),1998-067A,EARTH,TEME,UTC,SGP4,2025-10-13 19:35:16.525536+00:00,15.49912173,0.00007987,51.6332,79.1379,266.7872,93.3025,0,U,25544,999,53356,0.00021953053000,0.00012055,0.0000000000000,6795.120,92.908,417.527,416.442,PAYLOAD,LARGE,ISS,1998-11-20,TTMTR,,4844410,300029718,0 ISS (ZARYA),1 25544U 98067A   25286.81616349  .00012055  00000-0  21953-3 0  9997,2 25544  51.6332  79.1379 0000799 266.7872  93.3025 15.49912173533567
3.0,GENERATED VIA SPACE-TRACK.ORG API,2025-10-14 17:26:50+00:00,18 SPCS,ISS (ZARYA),1998-067A,EARTH,TEME,UTC,SGP4,2025-10-14 03:19:30.523872+00:00,15.49921516,0.00007783,51.6332,77.5406,266.1047,93.9852,0,U,25544,999,53361,0.00021940203000,0.00012051,0.0000000000000,6795.092,92.908,417.486,416.429,PAYLOAD,LARGE,ISS,1998-11-20,TTMTR,,4844448,300060588,0 ISS (ZARYA),1 25544U 98067A   25287.13854773  .00012051  00000-0  21940-3 0  9990,2 25544  51.6332  77.5406 0000778 266.1047  93.9852 15.49921516533616
3.0,GENERATED VIA SPACE-TRACK.ORG API,2025-10-15 02:21:28+00:00,18 SPCS,ISS (ZARYA),1998-067A,EARTH,TEME,UTC,SGP4,2025-10-14 17:15:07.407936+00:00,15.49935357,0.00007507,51.6332,74.6655,267.3431,92.7472,0,U,25544,999,53370,0.00020018551000,0.00010960,0.0000000000000,6795.052,92.907,417.427,416.407,PAYLOAD,LARGE,ISS,1998-11-20,TTMTR,,4844485,300092171,0 ISS (ZARYA),1 25544U 98067A   25287.71883574  .00010960  00000-0  20019-3 0  9998,2 25544  51.6332  74.6655 0000751 267.3431  92.7472 15.49935357533704
3.0,GENERATED VIA SPACE-TRACK.ORG API,2025-10-15 09:26:16+00:00,18 SPCS,ISS (ZARYA),1998-067A,EARTH,TEME,UTC,SGP4,2025-10-15 07:11:07.537920+00:00,15.49128438,0.00041320,51.6325,71.7910,294.0373,66.0183,0,U,25544,999,53379,0.00020343000000,0.00010825,0.0000000000000,6797.411,92.955,422.085,416.468,PAYLOAD,LARGE,ISS,1998-11-20,TTMTR,,4844504,300116438,0 ISS (ZARYA),1 25544U 98067A   25288.29939280  .00010825  00000-0  20343-3 0  9998,2 25544  51.6325  71.7910 0004132 294.0373  66.0183 15.49128438533793
3.0,GENERATED VIA SPACE-TRACK.ORG API,2025-10-15 18:23:35+00:00,18 SPCS,ISS (ZARYA),1998-067A,EARTH,TEME,UTC,SGP4,2025-10-15 07:11:07.537920+00:00,15.49128438,0.00041318,51.6325,71.7910,294.0373,66.0183,0,U,25544,999,52290,0.00020343340000,0.00010825,0.0000000000000,6797.411,92.955,422.085,416.468,PAYLOAD,LARGE,ISS,1998-11-20,TTMTR,,4844545,300123064,0 ISS (ZARYA),1 25544U 98067A   25288.29939280  .00010825  00000-0  20343-3 0  9998,2 25544  51.6325  71.7910 0004132 294.0373  66.0183 15.49128438522904
3.0,GENERATED VIA SPACE-TRACK.ORG API,2025-10-16 00:06:21+00:00,18 SPCS,ISS (ZARYA),1998-067A,EARTH,TEME,UTC,SGP4,2025-10-15 19:34:16.563936+00:00,15.49140674,0.00041860,51.6330,69.2378,294.4755,65.5797,0,U,25544,999,53387,0.00023086000000,0.00012353,0.0000000000000,6797.376,92.955,422.086,416.395,PAYLOAD,LARGE,ISS,1998-11-20,TTMTR,,4845069,300160403,0 ISS (ZARYA),1 25544U 98067A   25288.81546949  .00012353  00000-0  23086-3 0  9997,2 25544  51.6330  69.2378 0004186 294.4755  65.5797 15.49140674533876
3.0,GENERATED VIA SPACE-TRACK.ORG API,2025-10-16 02:37:25+00:00,18 SPCS,ISS (ZARYA),1998-067A,EARTH,TEME,UTC,SGP4,2025-10-15 19:34:16.564800+00:00,15.49140674,0.00041861,51.6330,69.2378,294.4755,65.5797,0,U,25544,999,53387,0.00023086409000,0.00012353,0.0000000000000,6797.376,92.955,422.086,416.395,PAYLOAD,LARGE,ISS,1998-11-20,TTMTR,,4845336,300173296,0 ISS (ZARYA),1 25544U 98067A   25288.81546950  .00012353  00000-0  23086-3 0  9999,2 25544  51.6330  69.2378 0004186 294.4755  65.5797 15.49140674533876
3.0,GENERATED VIA SPACE-TRACK.ORG API,2025-10-16 07:36:46+00:00,18 SPCS,ISS (ZARYA),1998-067A,EARTH,TEME,UTC,SGP4,2025-10-16 04:51:38.108160+00:00,15.49149277,0.00042120,51.6331,67.3223,296.3293,63.7263,0,U,25544,999,53393,0.00022595000000,0.00012084,0.0000000000000,6797.350,92.954,422.079,416.352,PAYLOAD,LARGE,ISS,1998-11-20,TTMTR,,4845968,300212843,0 ISS (ZARYA),1 25544U 98067A   25289.20252440  .00012084  00000-0  22595-3 0  9996,2 25544  51.6331  67.3223 0004212 296.3293  63.7263 15.49149277533936
3.0,GENERATED VIA SPACE-TRACK.ORG API,2025-10-16 18:34:41+00:00,18 SPCS,ISS (ZARYA),1998-067A,EARTH,TEME,UTC,SGP4,2025-10-16 12:36:05.938272+00:00,15.49156388,0.00042165,51.6331,65.7261,297.7924,62.2637,0,U,25544,999,53398,0.00021823799000,0.00011658,0.0000000000000,6797.330,92.954,422.061,416.329,PAYLOAD,LARGE,ISS,1998-11-20,TTMTR,,4846139,300223792,0 ISS (ZARYA),1 25544U 98067A   25289.52506873  .00011658  00000-0  21824-3 0  9993,2 25544  51.6331  65.7261 0004216 297.7924  62.2637 15.49156388533985
3.0,GENERATED VIA SPACE-TRACK.ORG API,2025-10-17 02:15:59+00:00,18 SPCS,ISS (ZARYA),1998-067A,EARTH,TEME,UTC,SGP4,2025-10-16 18:47:40.095744+00:00,15.49164717,0.00042203,51.6332,64.4492,298.8409,61.2156,0,U,25544,999,53402,0.00025891805000,0.00013924,0.0000000000000,6797.305,92.953,422.039,416.302,PAYLOAD,LARGE,CIS,1998-11-20,TTMTR,,4846178,300254897,0 ISS (ZARYA),1 25544U 98067A   25289.78310296  .00013924  00000-0  25892-3 0  9990,2 25544  51.6332  64.4492 0004220 298.8409  61.2156 15.49164717534029
3.0,GENERATED VIA SPACE-TRACK.ORG API,2025-10-17 06:56:50+00:00,18 SPCS,ISS (ZARYA),1998-067A,EARTH,TEME,UTC,SGP4,2025-10-17 04:05:01.118112+00:00,15.49173581,0.00042600,51.6334,62.5333,300.9101,59.1468,0,U,25544,999,53408,0.00024376000000,0.00013085,0.0000000000000,6797.279,92.953,422.040,416.249,PAYLOAD,LARGE,CIS,1998-11-20,TTMTR,,4846413,300284521,0 ISS (ZARYA),1 25544U 98067A   25290.17015183  .00013085  00000-0  24376-3 0  9996,2 25544  51.6334  62.5333 0004260 300.9101  59.1468 15.49173581534089
3.0,GENERATED VIA SPACE-TRACK.ORG API,2025-10-17 20:06:22+00:00,18 SPCS,ISS (ZARYA),1998-067A,EARTH,TEME,UTC,SGP4,2025-10-17 11:49:28.405632+00:00,15.49185729,0.00042810,51.6334,60.9370,302.7992,57.2584,0,U,25544,999,53413,0.00027953000000,0.00015082,0.0000000000000,6797.244,92.952,422.019,416.199,PAYLOAD,LARGE,CIS,1998-11-20,TTMTR,,4847682,300347564,0 ISS (ZARYA),1 25544U 98067A   25290.49268988  .00015082  00000-0  27953-3 0  9997,2 25544  51.6334  60.9370 0004281 302.7992  57.2584 15.49185729534134
3.0,GENERATED VIA SPACE-TRACK.ORG API,2025-10-17 23:06:30+00:00,18 SPCS,ISS (ZARYA),1998-067A,EARTH,TEME,UTC,SGP4,2025-10-17 19:33:55.583424+00:00,15.49195004,0.00043220,51.6335,59.3412,304.2349,55.8229,0,U,25544,999,53418,0.00028896000000,0.00015612,0.0000000000000,6797.217,92.952,422.019,416.144,PAYLOAD,LARGE,CIS,1998-11-20,TTMTR,,4848019,300354628,0 ISS (ZARYA),1 25544U 98067A   25290.81522666  .00015612  00000-0  28896-3 0  9995,2 25544  51.6335  59.3412 0004322 304.2349  55.8229 15.49195004534185
3.0,GENERATED VIA SPACE-TRACK.ORG API,2025-10-18 08:56:22+00:00,18 SPCS,ISS (ZARYA),1998-067A,EARTH,TEME,UTC,SGP4,2025-10-18 01:45:29.200032+00:00,15.49199814,0.00042540,51.6337,58.0643,304.7888,55.2700,0,U,25544,999,53422,0.00025328000000,0.00013628,0.0000000000000,6797.203,92.951,421.959,416.176,PAYLOAD,LARGE,CIS,1998-11-20,TTMTR,,4849065,300410740,0 ISS (ZARYA),1 25544U 98067A   25291.07325463  .00013628  00000-0  25328-3 0  9992,2 25544  51.6337  58.0643 0004254 304.7888  55.2700 15.49199814534222
3.0,GENERATED VIA SPACE-TRACK.ORG API,2025-10-18 10:30:26+00:00,18 SPCS,ISS (ZARYA),1998-067A,EARTH,TEME,UTC,SGP4,2025-10-18 01:45:29.200896+00:00,15.49199814,0.00042541,51.6337,58.0643,304.7888,55.2700,0,U,25544,999,53422,0.00025328188000,0.00013628,0.0000000000000,6797.203,92.951,421.959,416.176,PAYLOAD,LARGE,CIS,1998-11-20,TTMTR,,4849367,300424878,0 ISS (ZARYA),1 25544U 98067A   25291.07325464  .00013628  00000-0  25328-3 0  9993,2 25544  51.6337  58.0643 0004254 304.7888  55.2700 15.49199814534222
3.0,GENERATED VIA SPACE-TRACK.ORG API,2025-10-19 02:20:52+00:00,18 SPCS,ISS (ZARYA),1998-067A,EARTH,TEME,UTC,SGP4,2025-10-18 17:14:22.848000+00:00,15.49218134,0.00043849,51.6337,54.8721,308.4952,51.5642,0,U,25544,999,53432,0.00026911428000,0.00014519,0.0000000000000,6797.149,92.950,421.995,416.034,PAYLOAD,LARGE,CIS,1998-11-20,TTMTR,,4849547,300456137,0 ISS (ZARYA),1 25544U 98067A   25291.71832000  .00014519  00000-0  26911-3 0  9992,2 25544  51.6337  54.8721 0004385 308.4952  51.5642 15.49218134534323
3.0,GENERATED VIA SPACE-TRACK.ORG API,2025-10-19 10:30:26+00:00,18 SPCS,ISS (ZARYA),1998-067A,EARTH,TEME,UTC,SGP4,2025-10-19 04:04:35.873760+00:00,15.49237190,0.00042933,51.6340,52.6382,309.5467,50.5142,0,U,25544,999,53439,0.00033901399000,0.00018430,0.0000000000000,6797.093,92.949,421.877,416.040,PAYLOAD,LARGE,CIS,1998-11-20,TTMTR,,4849597,300486725,0 ISS (ZARYA),1 25544U 98067A   25292.16985965  .00018430  00000-0  33901-3 0  9994,2 25544  51.6340  52.6382 0004293 309.5467  50.5142 15.49237190534391
3.0,GENERATED VIA SPACE-TRACK.ORG API,2025-10-19 14:06:28+00:00,18 SPCS,ISS (ZARYA),1998-067A,EARTH,TEME,UTC,SGP4,2025-10-19 11:49:02.087328+00:00,15.49246617,0.00042900,51.6341,51.0415,310.7772,49.2843,0,U,25544,999,53444,0.00030915000000,0.00016769,0.0000000000000,6797.066,92.948,421.847,416.015,PAYLOAD,LARGE,CIS,1998-11-20,TTMTR,,4849624,300511530,0 ISS (ZARYA),1 25544U 98067A   25292.49238527  .00016769  00000-0  30915-3 0  9990,2 25544  51.6341  51.0415 0004290 310.7772  49.2843 15.49246617534445
3.0,GENERATED VIA SPACE-TRACK.ORG API,2025-10-20 02:10:33+00:00,18 SPCS,ISS (ZARYA),1998-067A,EARTH,TEME,UTC,SGP4,2025-10-19 19:33:28.094400+00:00,15.49258289,0.00042940,51.6338,49.4446,312.8317,47.2310,0,U,25544,999,53449,0.00031237826000,0.00016956,0.0000000000000,6797.032,92.948,421.815,415.978,PAYLOAD,LARGE,CIS,1998-11-20,TTMTR,,4849705,300518738,0 ISS (ZARYA),1 25544U 98067A   25292.81490850  .00016956  00000-0  31238-3 0  9992,2 25544  51.6338  49.4446 0004294 312.8317  47.2310 15.49258289534498
3.0,GENERATED VIA SPACE-TRACK.ORG API,2025-10-20 06:46:47+00:00,18 SPCS,ISS (ZARYA),1998-067A,EARTH,TEME,UTC,SGP4,2025-10-19 19:33:28.084896+00:00,15.49258736,0.00042940,51.6337,49.4445,312.8540,47.2087,0,U,25544,999,53449,0.00031772000000,0.00017254,0.0000000000000,6797.030,92.948,421.814,415.977,PAYLOAD,LARGE,CIS,1998-11-20,TTMTR,,4850198,300554461,0 ISS (ZARYA),1 25544U 98067A   25292.81490839  .00017254  00000-0  31772-3 0  9994,2 25544  51.6337  49.4445 0004294 312.8540  47.2087 15.49258736534492
3.0,GENERATED VIA SPACE-TRACK.ORG API,2025-10-20 10:26:40+00:00,18 SPCS,ISS (ZARYA),1998-067A,EARTH,TEME,UTC,SGP4,2025-10-19 19:33:28.085760+00:00,15.49258736,0.00042944,51.6337,49.4445,312.8540,47.2087,0,U,25544,999,53449,0.00031771888000,0.00017254,0.0000000000000,6797.030,92.948,421.814,415.976,PAYLOAD,LARGE,CIS,1998-11-20,TTMTR,,4850467,300567538,0 ISS (ZARYA),1 25544U 98067A   25292.81490840  .00017254  00000-0  31772-3 0  9996,2 25544  51.6337  49.4445 0004294 312.8540  47.2087 15.49258736534492
3.0,GENERATED VIA SPACE-TRACK.ORG API,2025-10-20 18:08:45+00:00,18 SPCS,ISS (ZARYA),1998-067A,EARTH,TEME,UTC,SGP4,2025-10-20 12:35:12.537888+00:00,15.49283951,0.00043533,51.6345,45.9331,315.4174,44.6464,0,U,25544,999,53460,0.00030885796000,0.00016775,0.0000000000000,6796.957,92.946,421.780,415.863,PAYLOAD,LARGE,CIS,1998-11-20,TTMTR,,4850513,300598946,0 ISS (ZARYA),1 25544U 98067A   25293.52445067  .00016775  00000-0  30886-3 0  9998,2 25544  51.6345  45.9331 0004353 315.4174  44.6464 15.49283951534604
3.0,GENERATED VIA SPACE-TRACK.ORG API,2025-10-21 03:26:54+00:00,18 SPCS,ISS (ZARYA),1998-067A,EARTH,TEME,UTC,SGP4,2025-10-20 18:46:44.835168+00:00,15.49292312,0.00043652,51.6343,44.6559,316.7773,43.2873,0,U,25544,999,53464,0.00029626087000,0.00016075,0.0000000000000,6796.932,92.946,421.764,415.830,PAYLOAD,LARGE,CIS,1998-11-20,TTMTR,,4850597,300630104,0 ISS (ZARYA),1 25544U 98067A   25293.78246337  .00016075  00000-0  29626-3 0  9998,2 25544  51.6343  44.6559 0004365 316.7773  43.2873 15.49292312534646
3.0,GENERATED VIA SPACE-TRACK.ORG API,2025-10-21 18:24:45+00:00,18 SPCS,ISS (ZARYA),1998-067A,EARTH,TEME,UTC,SGP4,2025-10-21 11:48:27.925632+00:00,15.49317579,0.00043968,51.6347,41.1444,319.8989,40.1675,0,U,25544,999,53475,0.00029233297000,0.00015870,0.0000000000000,6796.858,92.944,421.712,415.735,PAYLOAD,LARGE,CIS,1998-11-20,TTMTR,,4850699,300662094,0 ISS (ZARYA),1 25544U 98067A   25294.49198988  .00015870  00000-0  29233-3 0  9991,2 25544  51.6347  41.1444 0004397 319.8989  40.1675 15.49317579534754
3.0,GENERATED VIA SPACE-TRACK.ORG API,2025-10-22 00:06:20+00:00,18 SPCS,ISS (ZARYA),1998-067A,EARTH,TEME,UTC,SGP4,2025-10-21 19:32:52.647072+00:00,15.49328243,0.00043990,51.6345,39.5481,321.1043,38.9628,0,U,25544,999,53480,0.00028257000000,0.00015330,0.0000000000000,6796.827,92.944,421.682,415.702,PAYLOAD,LARGE,CIS,1998-11-20,TTMTR,,4851245,300698388,0 ISS (ZARYA),1 25544U 98067A   25294.81449823  .00015330  00000-0  28257-3 0  9990,2 25544  51.6345  39.5481 0004399 321.1043  38.9628 15.49328243534802
3.0,GENERATED VIA SPACE-TRACK.ORG API,2025-10-22 04:10:39+00:00,18 SPCS,ISS (ZARYA),1998-067A,EARTH,TEME,UTC,SGP4,2025-10-21 19:32:52.647072+00:00,15.49328243,0.00043986,51.6345,39.5481,321.1044,38.9628,0,U,25544,999,53480,0.00028256542000,0.00015330,0.0000000000000,6796.827,92.944,421.682,415.702,PAYLOAD,LARGE,CIS,1998-11-20,TTMTR,,4851525,300711260,0 ISS (ZARYA),1 25544U 98067A   25294.81449823  .00015330  00000-0  28257-3 0  9990,2 25544  51.6345  39.5481 0004399 321.1044  38.9628 15.49328243534803
3.0,GENERATED VIA SPACE-TRACK.ORG API,2025-10-22 06:46:34+00:00,18 SPCS,ISS (ZARYA),1998-067A,EARTH,TEME,UTC,SGP4,2025-10-22 00:11:31.403904+00:00,15.49333878,0.00044140,51.6346,38.5904,322.0877,37.9800,0,U,25544,999,53483,0.00027406000000,0.00014857,0.0000000000000,6796.811,92.943,421.676,415.675,PAYLOAD,LARGE,CIS,1998-11-20,TTMTR,,4852023,300747302,0 ISS (ZARYA),1 25544U 98067A   25295.00800236  .00014857  00000-0  27406-3 0  9999,2 25544  51.6346  38.5904 0004414 322.0877  37.9800 15.49333878534839
3.0,GENERATED VIA SPACE-TRACK.ORG API,2025-10-22 16:36:28+00:00,18 SPCS,ISS (ZARYA),1998-067A,EARTH,TEME,UTC,SGP4,2025-10-22 12:34:34.430304+00:00,15.49349875,0.00044420,51.6347,36.0364,324.2290,35.8401,0,U,25544,999,53491,0.00026248000000,0.00014217,0.0000000000000,6796.764,92.942,421.648,415.610,PAYLOAD,LARGE,CIS,1998-11-20,TTMTR,,4852841,300765779,0 ISS (ZARYA),1 25544U 98067A   25295.52400961  .00014217  00000-0  26248-3 0  9990,2 25544  51.6347  36.0364 0004442 324.2290  35.8401 15.49349875534914
3.0,GENERATED VIA SPACE-TRACK.ORG API,2025-10-22 17:40:45+00:00,18 SPCS,ISS (ZARYA),1998-067A,EARTH,TEME,UTC,SGP4,2025-10-22 00:11:31.404768+00:00,15.49333878,0.00044138,51.6346,38.5904,322.0877,37.9800,0,U,25544,999,53483,0.00027406059000,0.00014857,0.0000000000000,6796.811,92.943,421.676,415.676,PAYLOAD,LARGE,CIS,1998-11-20,TTMTR,,4853183,300779884,0 ISS (ZARYA),1 25544U 98067A   25295.00800237  .00014857  00000-0  27406-3 0  9990,2 25544  51.6346  38.5904 0004414 322.0877  37.9800 15.49333878534839
3.0,GENERATED VIA SPACE-TRACK.ORG API,2025-10-23 00:36:20+00:00,18 SPCS,ISS (ZARYA),1998-067A,EARTH,TEME,UTC,SGP4,2025-10-22 18:46:05.764224+00:00,15.49358610,0.00044500,51.6347,34.7593,325.2388,34.8309,0,U,25544,999,53495,0.00027011000000,0.00014649,0.0000000000000,6796.738,92.942,421.628,415.579,PAYLOAD,LARGE,CIS,1998-11-20,TTMTR,,4853529,300811159,0 ISS (ZARYA),1 25544U 98067A   25295.78201116  .00014649  00000-0  27011-3 0  9997,2 25544  51.6347  34.7593 0004450 325.2388  34.8309 15.49358610534958
3.0,GENERATED VIA SPACE-TRACK.ORG API,2025-10-23 18:40:45+00:00,18 SPCS,ISS (ZARYA),1998-067A,EARTH,TEME,UTC,SGP4,2025-10-23 14:53:31.770240+00:00,15.49387532,0.00045175,51.6347,30.6088,329.1103,30.9619,0,U,25544,999,53508,0.00030416656000,0.00016574,0.0000000000000,6796.654,92.940,421.589,415.448,PAYLOAD,LARGE,CIS,1998-11-20,TTMTR,,4854367,300868764,0 ISS (ZARYA),1 25544U 98067A   25296.62050660  .00016574  00000-0  30417-3 0  9990,2 25544  51.6347  30.6088 0004517 329.1103  30.9619 15.49387532535085
3.0,GENERATED VIA SPACE-TRACK.ORG API,2025-10-24 02:48:45+00:00,18 SPCS,ISS (ZARYA),1998-067A,EARTH,TEME,UTC,SGP4,2025-10-23 16:26:24.478656+00:00,15.49389998,0.00045125,51.6348,30.2896,329.2720,30.8004,0,U,25544,999,53509,0.00030599525000,0.00016678,0.0000000000000,6796.646,92.940,421.578,415.444,PAYLOAD,LARGE,CIS,1998-11-20,TTMTR,,4855258,300921300,0 ISS (ZARYA),1 25544U 98067A   25296.68500554  .00016678  00000-0  30600-3 0  9997,2 25544  51.6348  30.2896 0004513 329.2720  30.8004 15.49389998535097
3.0,GENERATED VIA SPACE-TRACK.ORG API,2025-10-24 18:33:25+00:00,18 SPCS,ISS (ZARYA),1998-067A,EARTH,TEME,UTC,SGP4,2025-10-24 06:22:18.513120+00:00,15.49412039,0.00045413,51.6348,27.4162,331.6155,28.4586,0,U,25544,999,53518,0.00033434755000,0.00018284,0.0000000000000,6796.582,92.938,421.533,415.360,PAYLOAD,LARGE,CIS,1998-11-20,TTMTR,,4855292,300952758,0 ISS (ZARYA),1 25544U 98067A   25297.26549205  .00018284  00000-0  33435-3 0  9992,2 25544  51.6348  27.4162 0004541 331.6155  28.4586 15.49412039535182
3.0,GENERATED VIA SPACE-TRACK.ORG API,2025-10-24 21:16:35+00:00,18 SPCS,ISS (ZARYA),1998-067A,EARTH,TEME,UTC,SGP4,2025-10-24 11:00:56.385216+00:00,15.49417354,0.00045440,51.6348,26.4584,332.5263,27.5485,0,U,25544,999,53521,0.00031090000000,0.00016970,0.0000000000000,6796.566,92.938,421.520,415.343,PAYLOAD,LARGE,CIS,1998-11-20,TTMTR,,4855528,300982725,0 ISS (ZARYA),1 25544U 98067A   25297.45898594  .00016970  00000-0  31090-3 0  9996,2 25544  51.6348  26.4584 0004544 332.5263  27.5485 15.49417354535219
3.0,GENERATED VIA SPACE-TRACK.ORG API,2025-10-24 23:16:39+00:00,18 SPCS,ISS (ZARYA),1998-067A,EARTH,TEME,UTC,SGP4,2025-10-24 17:12:26.742816+00:00,15.49427280,0.00045660,51.6348,25.1812,333.5945,26.4810,0,U,25544,999,53525,0.00031673000000,0.00017304,0.0000000000000,6796.537,92.938,421.506,415.299,PAYLOAD,LARGE,CIS,1998-11-20,TTMTR,,4856550,301003828,0 ISS (ZARYA),1 25544U 98067A   25297.71697619  .00017304  00000-0  31673-3 0  9999,2 25544  51.6348  25.1812 0004566 333.5945  26.4810 15.49427280535254
3.0,GENERATED VIA SPACE-TRACK.ORG API,2025-10-25 03:11:13+00:00,18 SPCS,ISS (ZARYA),1998-067A,EARTH,TEME,UTC,SGP4,2025-10-24 17:12:26.744544+00:00,15.49427285,0.00045620,51.6348,25.1812,333.6083,26.4673,0,U,25544,999,53525,0.00031673321000,0.00017304,0.0000000000000,6796.537,92.938,421.503,415.302,PAYLOAD,LARGE,CIS,1998-11-20,TTMTR,,4856585,301015487,0 ISS (ZARYA),1 25544U 98067A   25297.71697621  .00017304  00000-0  31673-3 0  9992,2 25544  51.6348  25.1812 0004562 333.6083  26.4673 15.49427285535256
3.0,GENERATED VIA SPACE-TRACK.ORG API,2025-10-25 04:46:27+00:00,18 SPCS,ISS (ZARYA),1998-067A,EARTH,TEME,UTC,SGP4,2025-10-24 17:12:26.743680+00:00,15.49427285,0.00045620,51.6348,25.1812,333.6083,26.4673,0,U,25544,999,53525,0.00031673000000,0.00017304,0.0000000000000,6796.537,92.938,421.503,415.302,PAYLOAD,LARGE,CIS,1998-11-20,TTMTR,,4856593,301039837,0 ISS (ZARYA),1 25544U 98067A   25297.71697620  .00017304  00000-0  31673-3 0  9991,2 25544  51.6348  25.1812 0004562 333.6083  26.4673 15.49427285535256
3.0,GENERATED VIA SPACE-TRACK.ORG API,2025-10-25 08:16:24+00:00,18 SPCS,ISS (ZARYA),1998-067A,EARTH,TEME,UTC,SGP4,2025-10-25 04:02:34.513728+00:00,15.49445289,0.00045870,51.6349,22.9463,335.6556,24.4216,0,U,25544,999,53532,0.00033268000000,0.00018212,0.0000000000000,6796.485,92.936,421.467,415.232,PAYLOAD,LARGE,CIS,1998-11-20,TTMTR,,4857096,301052688,0 ISS (ZARYA),1 25544U 98067A   25298.16845502  .00018212  00000-0  33268-3 0  9996,2 25544  51.6349  22.9463 0004587 335.6556  24.4216 15.49445289535321
3.0,GENERATED VIA SPACE-TRACK.ORG API,2025-10-25 10:45:00+00:00,18 SPCS,ISS (ZARYA),1998-067A,EARTH,TEME,UTC,SGP4,2025-10-25 04:02:34.514592+00:00,15.49445289,0.00045873,51.6349,22.9463,335.6556,24.4216,0,U,25544,999,53532,0.00033267653000,0.00018212,0.0000000000000,6796.485,92.936,421.467,415.232,PAYLOAD,LARGE,CIS,1998-11-20,TTMTR,,4857389,301065659,0 ISS (ZARYA),1 25544U 98067A   25298.16845503  .00018212  00000-0  33268-3 0  9997,2 25544  51.6349  22.9463 0004587 335.6556  24.4216 15.49445289535321
3.0,GENERATED VIA SPACE-TRACK.ORG API,2025-10-25 14:46:40+00:00,18 SPCS,ISS (ZARYA),1998-067A,EARTH,TEME,UTC,SGP4,2025-10-25 11:46:56.928288+00:00,15.49457187,0.00045240,51.6347,21.3497,336.3747,23.7033,0,U,25544,999,53537,0.00032735000000,0.00017920,0.0000000000000,6796.450,92.936,421.390,415.240,PAYLOAD,LARGE,CIS,1998-11-20,TTMTR,,4857911,301103347,0 ISS (ZARYA),1 25544U 98067A   25298.49093667  .00017920  00000-0  32735-3 0  9992,2 25544  51.6347  21.3497 0004524 336.3747  23.7033 15.49457187535374
3.0,GENERATED VIA SPACE-TRACK.ORG API,2025-10-26 00:26:27+00:00,18 SPCS,ISS (ZARYA),1998-067A,EARTH,TEME,UTC,SGP4,2025-10-25 16:25:34.301856+00:00,15.49463260,0.00045900,51.6347,20.3918,337.4786,22.6000,0,U,25544,999,53540,0.00030693000000,0.00016775,0.0000000000000,6796.432,92.935,421.417,415.178,PAYLOAD,LARGE,CIS,1998-11-20,TTMTR,,4858735,301123078,0 ISS (ZARYA),1 25544U 98067A   25298.68442479  .00016775  00000-0  30693-3 0  9990,2 25544  51.6347  20.3918 0004590 337.4786  22.6000 15.49463260535404
3.0,GENERATED VIA SPACE-TRACK.ORG API,2025-10-26 02:54:42+00:00,18 SPCS,ISS (ZARYA),1998-067A,EARTH,TEME,UTC,SGP4,2025-10-25 16:25:34.302720+00:00,15.49463260,0.00045904,51.6347,20.3918,337.4786,22.6000,0,U,25544,999,53540,0.00030692683000,0.00016775,0.0000000000000,6796.432,92.935,421.417,415.177,PAYLOAD,LARGE,CIS,1998-11-20,TTMTR,,4859004,301136103,0 ISS (ZARYA),1 25544U 98067A   25298.68442480  .00016775  00000-0  30693-3 0  9992,2 25544  51.6347  20.3918 0004590 337.4786  22.6000 15.49463260535404
3.0,GENERATED VIA SPACE-TRACK.ORG API,2025-10-26 07:07:11+00:00,18 SPCS,ISS (ZARYA),1998-067A,EARTH,TEME,UTC,SGP4,2025-10-26 04:48:33.607008+00:00,15.49479143,0.00046260,51.6346,17.8374,339.6878,20.3926,0,U,25544,999,53548,0.00027153000000,0.00014793,0.0000000000000,6796.386,92.934,421.395,415.107,PAYLOAD,LARGE,CIS,1998-11-20,TTMTR,,4859565,301174028,0 ISS (ZARYA),1 25544U 98067A   25299.20038897  .00014793  00000-0  27153-3 0  9999,2 25544  51.6346  17.8374 0004626 339.6878  20.3926 15.49479143535483
3.0,GENERATED VIA SPACE-TRACK.ORG API,2025-10-26 10:54:48+00:00,18 SPCS,ISS (ZARYA),1998-067A,EARTH,TEME,UTC,SGP4,2025-10-26 04:48:33.605280+00:00,15.49479093,0.00046358,51.6346,17.8374,339.5768,20.5035,0,U,25544,999,53548,0.00027050386000,0.00014735,0.0000000000000,6796.386,92.934,421.402,415.100,PAYLOAD,LARGE,CIS,1998-11-20,TTMTR,,4859882,301187611,0 ISS (ZARYA),1 25544U 98067A   25299.20038895  .00014735  00000-0  27050-3 0  9999,2 25544  51.6346  17.8374 0004636 339.5768  20.5035 15.49479093535488
3.0,GENERATED VIA SPACE-TRACK.ORG API,2025-10-26 14:36:40+00:00,18 SPCS,ISS (ZARYA),1998-067A,EARTH,TEME,UTC,SGP4,2025-10-26 12:32:55.377024+00:00,15.49491948,0.00046110,51.6346,16.2410,340.9128,19.1687,0,U,25544,999,53553,0.00029221000000,0.00015963,0.0000000000000,6796.348,92.934,421.347,415.079,PAYLOAD,LARGE,CIS,1998-11-20,TTMTR,,4860389,301224936,0 ISS (ZARYA),1 25544U 98067A   25299.52286316  .00015963  00000-0  29221-3 0  9993,2 25544  51.6346  16.2410 0004611 340.9128  19.1687 15.49491948535537
3.0,GENERATED VIA SPACE-TRACK.ORG API,2025-10-26 22:46:38+00:00,18 SPCS,ISS (ZARYA),1998-067A,EARTH,TEME,UTC,SGP4,2025-10-26 17:11:32.379072+00:00,15.49497961,0.00046060,51.6344,15.2829,341.7148,18.3675,0,U,25544,999,53556,0.00028569000000,0.00015600,0.0000000000000,6796.331,92.933,421.326,415.065,PAYLOAD,LARGE,CIS,1998-11-20,TTMTR,,4861174,301244087,0 ISS (ZARYA),1 25544U 98067A   25299.71634698  .00015600  00000-0  28569-3 0  9996,2 25544  51.6344  15.2829 0004606 341.7148  18.3675 15.49497961535565
3.0,GENERATED VIA SPACE-TRACK.ORG API,2025-10-27 06:36:29+00:00,18 SPCS,ISS (ZARYA),1998-067A,EARTH,TEME,UTC,SGP4,2025-10-27 04:01:38.498016+00:00,15.49510295,0.00046760,51.6344,13.0478,344.0897,15.9944,0,U,25544,999,53563,0.00026500000000,0.00014442,0.0000000000000,6796.295,92.933,421.338,414.982,PAYLOAD,LARGE,CIS,1998-11-20,TTMTR,,4861937,301293155,0 ISS (ZARYA),1 25544U 98067A   25300.16780669  .00014442  00000-0  26500-3 0  9994,2 25544  51.6344  13.0478 0004676 344.0897  15.9944 15.49510295535631
3.0,GENERATED VIA SPACE-TRACK.ORG API,2025-10-27 10:32:28+00:00,18 SPCS,ISS (ZARYA),1998-067A,EARTH,TEME,UTC,SGP4,2025-10-27 04:01:38.498016+00:00,15.49510292,0.00046759,51.6344,13.0478,344.0892,15.9949,0,U,25544,999,53563,0.00026496221000,0.00014439,0.0000000000000,6796.295,92.933,421.338,414.982,PAYLOAD,LARGE,CIS,1998-11-20,TTMTR,,4862303,301308239,0 ISS (ZARYA),1 25544U 98067A   25300.16780669  .00014439  00000-0  26496-3 0  9994,2 25544  51.6344  13.0478 0004676 344.0892  15.9949 15.49510292535638
3.0,GENERATED VIA SPACE-TRACK.ORG API,2025-10-27 14:46:51+00:00,18 SPCS,ISS (ZARYA),1998-067A,EARTH,TEME,UTC,SGP4,2025-10-27 11:45:59.790240+00:00,15.49520571,0.00046960,51.6345,11.4513,345.5380,14.5474,0,U,25544,999,53568,0.00027461000000,0.00014988,0.0000000000000,6796.265,92.932,421.321,414.938,PAYLOAD,LARGE,CIS,1998-11-20,TTMTR,,4862807,301344525,0 ISS (ZARYA),1 25544U 98067A   25300.49027535  .00014988  00000-0  27461-3 0  9998,2 25544  51.6345  11.4513 0004696 345.5380  14.5474 15.49520571535685
3.0,GENERATED VIA SPACE-TRACK.ORG API,2025-10-27 23:46:29+00:00,18 SPCS,ISS (ZARYA),1998-067A,EARTH,TEME,UTC,SGP4,2025-10-27 16:24:36.477792+00:00,15.49527127,0.00047050,51.6344,10.4932,346.2107,13.8753,0,U,25544,999,53571,0.00028487000000,0.00015570,0.0000000000000,6796.245,92.932,421.308,414.913,PAYLOAD,LARGE,CIS,1998-11-20,TTMTR,,4863545,301360736,0 ISS (ZARYA),1 25544U 98067A   25300.68375553  .00015570  00000-0  28487-3 0  9992,2 25544  51.6344  10.4932 0004705 346.2107  13.8753 15.49527127535714
3.0,GENERATED VIA SPACE-TRACK.ORG API,2025-10-28 02:18:45+00:00,18 SPCS,ISS (ZARYA),1998-067A,EARTH,TEME,UTC,SGP4,2025-10-27 16:24:36.478656+00:00,15.49527127,0.00047051,51.6344,10.4932,346.2107,13.8753,0,U,25544,999,53571,0.00028486893000,0.00015570,0.0000000000000,6796.245,92.932,421.308,414.913,PAYLOAD,LARGE,CIS,1998-11-20,TTMTR,,4863735,301372561,0 ISS (ZARYA),1 25544U 98067A   25300.68375554  .00015570  00000-0  28487-3 0  9993,2 25544  51.6344  10.4932 0004705 346.2107  13.8753 15.49527127535714
3.0,GENERATED VIA SPACE-TRACK.ORG API,2025-10-28 19:11:01+00:00,18 SPCS,ISS (ZARYA),1998-067A,EARTH,TEME,UTC,SGP4,2025-10-28 12:31:54.718176+00:00,15.49553329,0.00047397,51.6346,6.3420,349.4592,10.6297,0,U,25544,999,53584,0.00029595356000,0.00016210,0.0000000000000,6796.169,92.930,421.255,414.813,PAYLOAD,LARGE,CIS,1998-11-20,TTMTR,,4863914,301404165,0 ISS (ZARYA),1 25544U 98067A   25301.52216109  .00016210  00000-0  29595-3 0  9990,2 25544  51.6346   6.3420 0004740 349.4592  10.6297 15.49553329535849
3.0,GENERATED VIA SPACE-TRACK.ORG API,2025-10-29 15:56:22+00:00,18 SPCS,ISS (ZARYA),1998-067A,EARTH,TEME,UTC,SGP4,2025-10-29 11:44:55.862016+00:00,15.49579513,0.00048080,51.6347,1.5519,353.3325,6.7599,0,U,25544,999,53599,0.00024977000000,0.00013618,0.0000000000000,6796.092,92.928,421.225,414.690,PAYLOAD,LARGE,CIS,1998-11-20,TTMTR,,4864463,301440446,0 ISS (ZARYA),1 25544U 98067A   25302.48953544  .00013618  00000-0  24977-3 0  9995,2 25544  51.6347   1.5519 0004808 353.3325   6.7599 15.49579513535999
3.0,GENERATED VIA SPACE-TRACK.ORG API,2025-10-29 19:31:23+00:00,18 SPCS,ISS (ZARYA),1998-067A,EARTH,TEME,UTC,SGP4,2025-10-29 04:00:35.664480+00:00,15.49570566,0.00047939,51.6346,3.1486,352.0349,8.0563,0,U,25544,999,53594,0.00026191412000,0.00014299,0.0000000000000,6796.118,92.929,421.241,414.725,PAYLOAD,LARGE,CIS,1998-11-20,TTMTR,,4864813,301453441,0 ISS (ZARYA),1 25544U 98067A   25302.16707945  .00014299  00000-0  26191-3 0  9998,2 25544  51.6346   3.1486 0004794 352.0349   8.0563 15.49570566535945
3.0,GENERATED VIA SPACE-TRACK.ORG API,2025-10-30 03:32:50+00:00,18 SPCS,ISS (ZARYA),1998-067A,EARTH,TEME,UTC,SGP4,2025-10-29 14:50:39.872256+00:00,15.49585556,0.00048115,51.6346,0.9133,353.9136,6.1794,0,U,25544,999,53601,0.00027420557000,0.00015001,0.0000000000000,6796.075,92.928,421.209,414.670,PAYLOAD,LARGE,CIS,1998-11-20,TTMTR,,4864873,301485119,0 ISS (ZARYA),1 25544U 98067A   25302.61851704  .00015001  00000-0  27421-3 0  9990,2 25544  51.6346   0.9133 0004812 353.9136   6.1794 15.49585556536013
3.0,GENERATED VIA SPACE-TRACK.ORG API,2025-10-30 10:34:55+00:00,18 SPCS,ISS (ZARYA),1998-067A,EARTH,TEME,UTC,SGP4,2025-10-30 04:46:27.396480+00:00,15.49612377,0.00048762,51.6344,358.0397,356.3572,3.7380,0,U,25544,999,53610,0.00034377426000,0.00018950,0.0000000000000,6795.996,92.926,421.175,414.547,PAYLOAD,LARGE,CIS,1998-11-20,TTMTR,,4864899,301516255,0 ISS (ZARYA),1 25544U 98067A   25303.19892820  .00018950  00000-0  34377-3 0  9992,2 25544  51.6344 358.0397 0004876 356.3572   3.7380 15.49612377536107
3.0,GENERATED VIA SPACE-TRACK.ORG API,2025-10-30 22:26:44+00:00,18 SPCS,ISS (ZARYA),1998-067A,EARTH,TEME,UTC,SGP4,2025-10-30 14:03:38.730816+00:00,15.49627707,0.00049060,51.6344,356.1236,357.8004,2.2962,0,U,25544,999,53616,0.00035695000000,0.00019707,0.0000000000000,6795.951,92.926,421.150,414.482,PAYLOAD,LARGE,CIS,1998-11-20,TTMTR,,4865273,301545318,0 ISS (ZARYA),1 25544U 98067A   25303.58586494  .00019707  00000-0  35695-3 0  9997,2 25544  51.6344 356.1236 0004906 357.8004   2.2962 15.49627707536167
3.0,GENERATED VIA SPACE-TRACK.ORG API,2025-10-31 03:00:52+00:00,18 SPCS,ISS (ZARYA),1998-067A,EARTH,TEME,UTC,SGP4,2025-10-30 14:03:38.731680+00:00,15.49627707,0.00049060,51.6344,356.1236,357.8004,2.2962,0,U,25544,999,53616,0.00035694553000,0.00019707,0.0000000000000,6795.951,92.926,421.150,414.482,PAYLOAD,LARGE,CIS,1998-11-20,TTMTR,,4865436,301556989,0 ISS (ZARYA),1 25544U 98067A   25303.58586495  .00019707  00000-0  35695-3 0  9998,2 25544  51.6344 356.1236 0004906 357.8004   2.2962 15.49627707536167
3.0,GENERATED VIA SPACE-TRACK.ORG API,2025-10-31 10:10:29+00:00,18 SPCS,ISS (ZARYA),1998-067A,EARTH,TEME,UTC,SGP4,2025-10-31 03:59:25.206144+00:00,15.49645314,0.00049108,51.6343,353.2496,359.9780,0.1208,0,U,25544,999,53625,0.00031236461000,0.00017194,0.0000000000000,6795.900,92.924,421.102,414.427,PAYLOAD,LARGE,CIS,1998-11-20,TTMTR,,4865472,301588168,0 ISS (ZARYA),1 25544U 98067A   25304.16626396  .00017194  00000-0  31236-3 0  9993,2 25544  51.6343 353.2496 0004911 359.9780   0.1208 15.49645314536256
3.0,GENERATED VIA SPACE-TRACK.ORG API,2025-10-31 18:26:26+00:00,18 SPCS,ISS (ZARYA),1998-067A,EARTH,TEME,UTC,SGP4,2025-10-31 11:43:44.129280+00:00,15.49652539,0.00048950,51.6345,351.6522,1.4290,358.6712,0,U,25544,999,53630,0.00027326000000,0.00014984,0.0000000000000,6795.879,92.924,421.070,414.417,PAYLOAD,LARGE,CIS,1998-11-20,TTMTR,,4866058,301626308,0 ISS (ZARYA),1 25544U 98067A   25304.48870520  .00014984  00000-0  27326-3 0  9997,2 25544  51.6345 351.6522 0004895   1.4290 358.6712 15.49652539536300
3.0,GENERATED VIA SPACE-TRACK.ORG API,2025-10-31 23:16:32+00:00,18 SPCS,ISS (ZARYA),1998-067A,EARTH,TEME,UTC,SGP4,2025-10-31 14:49:27.628032+00:00,15.49657005,0.00048970,51.6344,351.0134,1.8672,358.2334,0,U,25544,999,53632,0.00027275000000,0.00014957,0.0000000000000,6795.866,92.924,421.059,414.403,PAYLOAD,LARGE,CIS,1998-11-20,TTMTR,,4866793,301644460,0 ISS (ZARYA),1 25544U 98067A   25304.61768088  .00014957  00000-0  27275-3 0  9990,2 25544  51.6344 351.0134 0004897   1.8672 358.2334 15.49657005536323
3.0,GENERATED VIA SPACE-TRACK.ORG API,2025-11-01 19:40:54+00:00,18 SPCS,ISS (ZARYA),1998-067A,EARTH,TEME,UTC,SGP4,2025-11-01 12:29:31.512768+00:00,15.49679820,0.00049334,51.6344,346.5423,5.4437,354.6605,0,U,25544,999,53646,0.00021987154000,0.00011974,0.0000000000000,6795.799,92.922,421.017,414.311,PAYLOAD,LARGE,CIS,1998-11-20,TTMTR,,4867053,301655570,0 ISS (ZARYA),1 25544U 98067A   25305.52050362  .00011974  00000-0  21987-3 0  9990,2 25544  51.6344 346.5423 0004933   5.4437 354.6605 15.49679820536468
3.0,GENERATED VIA SPACE-TRACK.ORG API,2025-11-02 16:36:25+00:00,18 SPCS,ISS (ZARYA),1998-067A,EARTH,TEME,UTC,SGP4,2025-11-02 10:09:34.282944+00:00,15.49700017,0.00049690,51.6344,342.0717,8.9436,351.1640,0,U,25544,999,53660,0.00018610000000,0.00010070,0.0000000000000,6795.740,92.921,420.982,414.228,PAYLOAD,LARGE,CIS,1998-11-20,TTMTR,,4867608,301693013,0 ISS (ZARYA),1 25544U 98067A   25306.42331346  .00010070  00000-0  18610-3 0  9999,2 25544  51.6344 342.0717 0004969   8.9436 351.1640 15.49700017536601
3.0,GENERATED VIA SPACE-TRACK.ORG API,2025-11-02 17:34:40+00:00,18 SPCS,ISS (ZARYA),1998-067A,EARTH,TEME,UTC,SGP4,2025-11-02 03:58:07.869504+00:00,15.49695226,0.00049491,51.6344,343.3491,8.0304,352.0763,0,U,25544,999,53656,0.00019820560000,0.00010754,0.0000000000000,6795.754,92.921,420.982,414.256,PAYLOAD,LARGE,CIS,1998-11-20,TTMTR,,4867744,301702961,0 ISS (ZARYA),1 25544U 98067A   25306.16536886  .00010754  00000-0  19821-3 0  9990,2 25544  51.6344 343.3491 0004949   8.0304 352.0763 15.49695226536563
3.0,GENERATED VIA SPACE-TRACK.ORG API,2025-11-03 23:26:42+00:00,18 SPCS,ISS (ZARYA),1998-067A,EARTH,TEME,UTC,SGP4,2025-11-03 12:28:10.587072+00:00,15.49724627,0.00049960,51.6338,336.6423,12.8919,347.2196,0,U,25544,999,53677,0.00019118000000,0.00010367,0.0000000000000,6795.668,92.920,420.928,414.138,PAYLOAD,LARGE,CIS,1998-11-20,TTMTR,,4868334,301739721,0 ISS (ZARYA),1 25544U 98067A   25307.51956698  .00010367  00000-0  19118-3 0  9996,2 25544  51.6338 336.6423 0004996  12.8919 347.2196 15.49724627536770
3.0,GENERATED VIA SPACE-TRACK.ORG API,2025-11-04 04:40:24+00:00,18 SPCS,ISS (ZARYA),1998-067A,EARTH,TEME,UTC,SGP4,2025-11-03 18:39:36.577152+00:00,15.49729876,0.00049997,51.6338,335.3649,13.8862,346.2263,0,U,25544,999,53681,0.00019171699000,0.00010400,0.0000000000000,6795.653,92.919,420.915,414.120,PAYLOAD,LARGE,CIS,1998-11-20,TTMTR,,4868542,301750508,0 ISS (ZARYA),1 25544U 98067A   25307.77750668  .00010400  00000-0  19172-3 0  9991,2 25544  51.6338 335.3649 0005000  13.8862 346.2263 15.49729876536811
3.0,GENERATED VIA SPACE-TRACK.ORG API,2025-11-04 10:21:18+00:00,18 SPCS,ISS (ZARYA),1998-067A,EARTH,TEME,UTC,SGP4,2025-11-04 03:56:45.386016+00:00,15.49739341,0.00050356,51.6336,333.4485,15.3367,344.7773,0,U,25544,999,53687,0.00019921566000,0.00010829,0.0000000000000,6795.625,92.919,420.912,414.068,PAYLOAD,LARGE,CIS,1998-11-20,TTMTR,,4869260,301799556,0 ISS (ZARYA),1 25544U 98067A   25308.16441419  .00010829  00000-0  19922-3 0  9994,2 25544  51.6336 333.4485 0005036  15.3367 344.7773 15.49739341536875
3.0,GENERATED VIA SPACE-TRACK.ORG API,2025-11-04 14:36:27+00:00,18 SPCS,ISS (ZARYA),1998-067A,EARTH,TEME,UTC,SGP4,2025-11-04 08:35:19.720032+00:00,15.49743270,0.00050310,51.6336,332.4903,16.0382,344.0765,0,U,25544,999,53690,0.00019707000000,0.00010709,0.0000000000000,6795.613,92.919,420.897,414.060,PAYLOAD,LARGE,CIS,1998-11-20,TTMTR,,4869715,301835425,0 ISS (ZARYA),1 25544U 98067A   25308.35786713  .00010709  00000-0  19707-3 0  9992,2 25544  51.6336 332.4903 0005031  16.0382 344.0765 15.49743270536903
3.0,GENERATED VIA SPACE-TRACK.ORG API,2025-11-04 17:59:26+00:00,18 SPCS,ISS (ZARYA),1998-067A,EARTH,TEME,UTC,SGP4,2025-11-04 13:13:54.016032+00:00,15.49747070,0.00050287,51.6336,331.5320,16.6774,343.4380,0,U,25544,999,53693,0.00018874239000,0.00010237,0.0000000000000,6795.602,92.918,420.885,414.050,PAYLOAD,LARGE,CIS,1998-11-20,TTMTR,,4870015,301847364,0 ISS (ZARYA),1 25544U 98067A   25308.55131963  .00010237  00000-0  18874-3 0  9995,2 25544  51.6336 331.5320 0005029  16.6774 343.4380 15.49747070536935
3.0,GENERATED VIA SPACE-TRACK.ORG API,2025-11-05 05:50:25+00:00,18 SPCS,ISS (ZARYA),1998-067A,EARTH,TEME,UTC,SGP4,2025-11-04 20:58:11.069472+00:00,15.49753834,0.00050432,51.6335,329.9349,17.8705,342.2460,0,U,25544,999,53698,0.00018804931000,0.00010201,0.0000000000000,6795.583,92.918,420.875,414.020,PAYLOAD,LARGE,CIS,1998-11-20,TTMTR,,4870920,301896863,0 ISS (ZARYA),1 25544U 98067A   25308.87373923  .00010201  00000-0  18805-3 0  9999,2 25544  51.6335 329.9349 0005043  17.8705 342.2460 15.49753834536985
3.0,GENERATED VIA SPACE-TRACK.ORG API,2025-11-05 10:12:47+00:00,18 SPCS,ISS (ZARYA),1998-067A,EARTH,TEME,UTC,SGP4,2025-11-04 22:31:02.465472+00:00,15.49755997,0.00050460,51.6335,329.6155,18.0946,342.0222,0,U,25544,999,53699,0.00019940879000,0.00010846,0.0000000000000,6795.576,92.918,420.870,414.012,PAYLOAD,LARGE,CIS,1998-11-20,TTMTR,,4870965,301928124,0 ISS (ZARYA),1 25544U 98067A   25308.93822298  .00010846  00000-0  19941-3 0  9997,2 25544  51.6335 329.6155 0005046  18.0946 342.0222 15.49755997536997
3.0,GENERATED VIA SPACE-TRACK.ORG API,2025-11-06 03:23:02+00:00,18 SPCS,ISS (ZARYA),1998-067A,EARTH,TEME,UTC,SGP4,2025-11-05 21:43:52.717728+00:00,15.49778705,0.00051051,51.6335,324.8242,21.4827,338.6376,0,U,25544,999,53714,0.00020455211000,0.00011147,0.0000000000000,6795.510,92.916,420.844,413.906,PAYLOAD,LARGE,CIS,1998-11-20,TTMTR,,4871155,301959071,0 ISS (ZARYA),1 25544U 98067A   25309.90547127  .00011147  00000-0  20455-3 0  9997,2 25544  51.6335 324.8242 0005105  21.4827 338.6376 15.49778705537144
3.0,GENERATED VIA SPACE-TRACK.ORG API,2025-11-06 10:42:34+00:00,18 SPCS,ISS (ZARYA),1998-067A,EARTH,TEME,UTC,SGP4,2025-11-06 07:01:00.427584+00:00,15.49789706,0.00051238,51.6335,322.9076,22.8618,337.2598,0,U,25544,999,53720,0.00021866297000,0.00011954,0.0000000000000,6795.478,92.916,420.825,413.861,PAYLOAD,LARGE,CIS,1998-11-20,TTMTR,,4871231,301990418,0 ISS (ZARYA),1 25544U 98067A   25310.29236606  .00011954  00000-0  21866-3 0  9991,2 25544  51.6335 322.9076 0005124  22.8618 337.2598 15.49789706537203
3.0,GENERATED VIA SPACE-TRACK.ORG API,2025-11-06 22:16:38+00:00,18 SPCS,ISS (ZARYA),1998-067A,EARTH,TEME,UTC,SGP4,2025-11-06 10:06:42.943104+00:00,15.49793555,0.00051320,51.6334,322.2688,23.2406,336.8814,0,U,25544,999,53722,0.00022509000000,0.00012321,0.0000000000000,6795.466,92.916,420.819,413.844,PAYLOAD,LARGE,CIS,1998-11-20,TTMTR,,4871894,302030240,0 ISS (ZARYA),1 25544U 98067A   25310.42133036  .00012321  00000-0  22509-3 0  9993,2 25544  51.6334 322.2688 0005132  23.2406 336.8814 15.49793555537228
3.0,GENERATED VIA SPACE-TRACK.ORG API,2025-11-07 02:17:17+00:00,18 SPCS,ISS (ZARYA),1998-067A,EARTH,TEME,UTC,SGP4,2025-11-06 22:29:32.805600+00:00,15.49804267,0.00051565,51.6334,319.7134,25.1218,335.0021,0,U,25544,999,53730,0.00018425914000,0.00010004,0.0000000000000,6795.435,92.915,420.804,413.796,PAYLOAD,LARGE,CIS,1998-11-20,TTMTR,,4873258,302069981,0 ISS (ZARYA),1 25544U 98067A   25310.93718525  .00010004  00000-0  18426-3 0  9990,2 25544  51.6334 319.7134 0005156  25.1218 335.0021 15.49804267537306
3.0,GENERATED VIA SPACE-TRACK.ORG API,2025-11-07 07:46:43+00:00,18 SPCS,ISS (ZARYA),1998-067A,EARTH,TEME,UTC,SGP4,2025-11-06 22:29:32.804736+00:00,15.49804267,0.00051560,51.6334,319.7134,25.1218,335.0021,0,U,25544,999,53730,0.00018426000000,0.00010004,0.0000000000000,6795.435,92.915,420.804,413.796,PAYLOAD,LARGE,CIS,1998-11-20,TTMTR,,4873695,302104256,0 ISS (ZARYA),1 25544U 98067A   25310.93718524  .00010004  00000-0  18426-3 0  9999,2 25544  51.6334 319.7134 0005156  25.1218 335.0021 15.49804267537306
3.0,GENERATED VIA SPACE-TRACK.ORG API,2025-11-07 10:50:38+00:00,18 SPCS,ISS (ZARYA),1998-067A,EARTH,TEME,UTC,SGP4,2025-11-07 04:40:57.562752+00:00,15.49813276,0.00051549,51.6334,318.4356,25.9626,334.1621,0,U,25544,999,53734,0.00021019107000,0.00011482,0.0000000000000,6795.409,92.914,420.777,413.771,PAYLOAD,LARGE,CIS,1998-11-20,TTMTR,,4873888,302114577,0 ISS (ZARYA),1 25544U 98067A   25311.19511068  .00011482  00000-0  21019-3 0  9995,2 25544  51.6334 318.4356 0005155  25.9626 334.1621 15.49813276537348
3.0,GENERATED VIA SPACE-TRACK.ORG API,2025-11-07 22:36:21+00:00,18 SPCS,ISS (ZARYA),1998-067A,EARTH,TEME,UTC,SGP4,2025-11-07 10:52:22.194624+00:00,15.49822938,0.00051470,51.6332,317.1578,27.3119,332.8140,0,U,25544,999,53738,0.00024333000000,0.00013372,0.0000000000000,6795.381,92.914,420.743,413.748,PAYLOAD,LARGE,CIS,1998-11-20,TTMTR,,4874485,302154548,0 ISS (ZARYA),1 25544U 98067A   25311.45303466  .00013372  00000-0  24333-3 0  9997,2 25544  51.6332 317.1578 0005147  27.3119 332.8140 15.49822938537382
3.0,GENERATED VIA SPACE-TRACK.ORG API,2025-11-08 15:36:44+00:00,18 SPCS,ISS (ZARYA),1998-067A,EARTH,TEME,UTC,SGP4,2025-11-08 10:05:23.857728+00:00,15.49452868,0.00040930,51.6332,312.3676,47.8963,312.2373,0,U,25544,999,53753,0.00024734000000,0.00013418,0.0000000000000,6796.463,92.936,421.109,415.546,PAYLOAD,LARGE,CIS,1998-11-20,TTMTR,,4876311,302198865,0 ISS (ZARYA),1 25544U 98067A   25312.42041502  .00013418  00000-0  24734-3 0  9991,2 25544  51.6332 312.3676 0004093  47.8963 312.2373 15.49452868537539
3.0,GENERATED VIA SPACE-TRACK.ORG API,2025-11-08 17:28:43+00:00,18 SPCS,ISS (ZARYA),1998-067A,EARTH,TEME,UTC,SGP4,2025-11-08 05:26:46.468608+00:00,15.49446508,0.00042981,51.6343,313.3275,41.9624,318.1693,0,U,25544,999,53750,0.00027271765000,0.00014841,0.0000000000000,6796.481,92.936,421.267,415.425,PAYLOAD,LARGE,CIS,1998-11-20,TTMTR,,4876325,302206349,0 ISS (ZARYA),1 25544U 98067A   25312.22692672  .00014841  00000-0  27272-3 0  9990,2 25544  51.6343 313.3275 0004298  41.9624 318.1693 15.49446508537504
3.0,GENERATED VIA SPACE-TRACK.ORG API,2025-11-10 02:26:28+00:00,18 SPCS,ISS (ZARYA),1998-067A,EARTH,TEME,UTC,SGP4,2025-11-09 23:14:21.578784+00:00,15.49490024,0.00040750,51.6342,304.7042,52.7615,307.3745,0,U,25544,999,53777,0.00016179000000,0.00008626,0.0000000000000,6796.354,92.934,420.988,415.449,PAYLOAD,LARGE,CIS,1998-11-20,TTMTR,,4877040,302247598,0 ISS (ZARYA),1 25544U 98067A   25313.96830531  .00008626  00000-0  16179-3 0  9998,2 25544  51.6342 304.7042 0004075  52.7615 307.3745 15.49490024537771
3.0,GENERATED VIA SPACE-TRACK.ORG API,2025-11-11 04:56:40+00:00,18 SPCS,ISS (ZARYA),1998-067A,EARTH,TEME,UTC,SGP4,2025-11-10 19:21:41.474592+00:00,15.49512626,0.00041371,51.6337,300.5531,56.1394,303.9988,0,U,25544,999,53790,0.00020668468000,0.00011159,0.0000000000000,6796.288,92.932,420.965,415.341,PAYLOAD,LARGE,CIS,1998-11-20,TTMTR,,4877201,302254556,0 ISS (ZARYA),1 25544U 98067A   25314.80673003  .00011159  00000-0  20668-3 0  9994,2 25544  51.6337 300.5531 0004137  56.1394 303.9988 15.49512626537902
3.0,GENERATED VIA SPACE-TRACK.ORG API,2025-11-11 13:10:28+00:00,18 SPCS,ISS (ZARYA),1998-067A,EARTH,TEME,UTC,SGP4,2025-11-11 06:11:47.166720+00:00,15.49525392,0.00041335,51.6338,298.3179,57.8977,302.2413,0,U,25544,999,53797,0.00022984290000,0.00012468,0.0000000000000,6796.250,92.932,420.925,415.306,PAYLOAD,LARGE,CIS,1998-11-20,TTMTR,,4877249,302285896,0 ISS (ZARYA),1 25544U 98067A   25315.25818480  .00012468  00000-0  22984-3 0  9991,2 25544  51.6338 298.3179 0004133  57.8977 302.2413 15.49525392537972
3.0,GENERATED VIA SPACE-TRACK.ORG API,2025-11-12 10:14:37+00:00,18 SPCS,ISS (ZARYA),1998-067A,EARTH,TEME,UTC,SGP4,2025-11-12 05:24:49.657536+00:00,15.49560899,0.00041322,51.6334,293.5281,61.4658,298.6746,0,U,25544,999,53812,0.00036008987000,0.00019835,0.0000000000000,6796.147,92.930,420.820,415.203,PAYLOAD,LARGE,CIS,1998-11-20,TTMTR,,4877521,302317319,0 ISS (ZARYA),1 25544U 98067A   25316.22557474  .00019835  00000-0  36009-3 0  9990,2 25544  51.6334 293.5281 0004132  61.4658 298.6746 15.49560899538121
3.0,GENERATED VIA SPACE-TRACK.ORG API,2025-11-13 02:12:46+00:00,18 SPCS,ISS (ZARYA),1998-067A,EARTH,TEME,UTC,SGP4,2025-11-12 22:26:21.947136+00:00,15.49593679,0.00041155,51.6332,290.0154,64.1640,295.9773,0,U,25544,999,53823,0.00034559918000,0.00019039,0.0000000000000,6796.051,92.928,420.713,415.119,PAYLOAD,LARGE,CIS,1998-11-20,TTMTR,,4878500,302363210,0 ISS (ZARYA),1 25544U 98067A   25316.93497624  .00019039  00000-0  34560-3 0  9994,2 25544  51.6332 290.0154 0004116  64.1640 295.9773 15.49593679538237
3.0,GENERATED VIA SPACE-TRACK.ORG API,2025-11-13 06:46:20+00:00,18 SPCS,ISS (ZARYA),1998-067A,EARTH,TEME,UTC,SGP4,2025-11-12 22:26:21.947136+00:00,15.49593679,0.00041160,51.6332,290.0154,64.1640,295.9772,0,U,25544,999,53823,0.00034560000000,0.00019039,0.0000000000000,6796.051,92.928,420.713,415.119,PAYLOAD,LARGE,CIS,1998-11-20,TTMTR,,4878917,302398585,0 ISS (ZARYA),1 25544U 98067A   25316.93497624  .00019039  00000-0  34560-3 0  9994,2 25544  51.6332 290.0154 0004116  64.1640 295.9772 15.49593679538236
3.0,GENERATED VIA SPACE-TRACK.ORG API,2025-11-13 10:40:24+00:00,18 SPCS,ISS (ZARYA),1998-067A,EARTH,TEME,UTC,SGP4,2025-11-13 04:37:49.663488+00:00,15.49608679,0.00041633,51.6333,288.7385,64.5254,295.6165,0,U,25544,999,53827,0.00035825426000,0.00019765,0.0000000000000,6796.007,92.927,420.701,415.043,PAYLOAD,LARGE,CIS,1998-11-20,TTMTR,,4879227,302411811,0 ISS (ZARYA),1 25544U 98067A   25317.19293592  .00019765  00000-0  35825-3 0  9992,2 25544  51.6333 288.7385 0004163  64.5254 295.6165 15.49608679538278
3.0,GENERATED VIA SPACE-TRACK.ORG API,2025-11-13 17:29:16+00:00,18 SPCS,ISS (ZARYA),1998-067A,EARTH,TEME,UTC,SGP4,2025-11-13 09:16:25.350528+00:00,15.49618030,0.00041651,51.6331,287.7803,65.1573,294.9849,0,U,25544,999,53830,0.00034613939000,0.00019086,0.0000000000000,6795.980,92.926,420.675,415.014,PAYLOAD,LARGE,CIS,1998-11-20,TTMTR,,4879347,302443556,0 ISS (ZARYA),1 25544U 98067A   25317.38640452  .00019086  00000-0  34614-3 0  9995,2 25544  51.6331 287.7803 0004165  65.1573 294.9849 15.49618030538300
3.0,GENERATED VIA SPACE-TRACK.ORG API,2025-11-13 21:06:41+00:00,18 SPCS,ISS (ZARYA),1998-067A,EARTH,TEME,UTC,SGP4,2025-11-13 09:16:25.349664+00:00,15.49618030,0.00041650,51.6331,287.7803,65.1573,294.9849,0,U,25544,999,53830,0.00034614000000,0.00019086,0.0000000000000,6795.980,92.926,420.675,415.014,PAYLOAD,LARGE,CIS,1998-11-20,TTMTR,,4879832,302479951,0 ISS (ZARYA),1 25544U 98067A   25317.38640451  .00019086  00000-0  34614-3 0  9994,2 25544  51.6331 287.7803 0004165  65.1573 294.9849 15.49618030538300
3.0,GENERATED VIA SPACE-TRACK.ORG API,2025-11-14 05:14:30+00:00,18 SPCS,ISS (ZARYA),1998-067A,EARTH,TEME,UTC,SGP4,2025-11-13 21:39:20.016864+00:00,15.49643762,0.00041629,51.6330,285.2246,68.1997,291.9434,0,U,25544,999,53838,0.00037295233000,0.00020623,0.0000000000000,6795.904,92.925,420.598,414.940,PAYLOAD,LARGE,CIS,1998-11-20,TTMTR,,4880457,302501444,0 ISS (ZARYA),1 25544U 98067A   25317.90231501  .00020623  00000-0  37295-3 0  9991,2 25544  51.6330 285.2246 0004163  68.1997 291.9434 15.49643762538389
3.0,GENERATED VIA SPACE-TRACK.ORG API,2025-11-14 10:08:26+00:00,18 SPCS,ISS (ZARYA),1998-067A,EARTH,TEME,UTC,SGP4,2025-11-14 05:23:38.944320+00:00,15.49650045,0.00041947,51.6329,283.6283,68.4296,291.7139,0,U,25544,999,53843,0.00024659261000,0.00013472,0.0000000000000,6795.886,92.924,420.602,414.900,PAYLOAD,LARGE,CIS,1998-11-20,TTMTR,,4880535,302534079,0 ISS (ZARYA),1 25544U 98067A   25318.22475630  .00013472  00000-0  24659-3 0  9994,2 25544  51.6329 283.6283 0004195  68.4296 291.7139 15.49650045538438
3.0,GENERATED VIA SPACE-TRACK.ORG API,2025-11-14 21:06:21+00:00,18 SPCS,ISS (ZARYA),1998-067A,EARTH,TEME,UTC,SGP4,2025-11-14 13:07:57.700704+00:00,15.49658592,0.00041690,51.6328,282.0308,69.9599,290.1838,0,U,25544,999,53848,0.00024309000000,0.00013278,0.0000000000000,6795.861,92.924,420.559,414.893,PAYLOAD,LARGE,CIS,1998-11-20,TTMTR,,4880870,302566102,0 ISS (ZARYA),1 25544U 98067A   25318.54719561  .00013278  00000-0  24309-3 0  9999,2 25544  51.6328 282.0308 0004169  69.9599 290.1838 15.49658592538480
3.0,GENERATED VIA SPACE-TRACK.ORG API,2025-11-15 15:36:35+00:00,18 SPCS,ISS (ZARYA),1998-067A,EARTH,TEME,UTC,SGP4,2025-11-15 09:15:09.665856+00:00,15.49683527,0.00041610,51.6327,277.8788,73.2410,286.9034,0,U,25544,999,53861,0.00024188000000,0.00013221,0.0000000000000,6795.788,92.922,420.481,414.825,PAYLOAD,LARGE,CIS,1998-11-20,TTMTR,,4882422,302603367,0 ISS (ZARYA),1 25544U 98067A   25319.38552854  .00013221  00000-0  24188-3 0  9995,2 25544  51.6327 277.8788 0004161  73.2410 286.9034 15.49683527538617
3.0,GENERATED VIA SPACE-TRACK.ORG API,2025-11-16 20:06:42+00:00,18 SPCS,ISS (ZARYA),1998-067A,EARTH,TEME,UTC,SGP4,2025-11-16 08:28:03.500256+00:00,15.49717811,0.00041590,51.6328,273.0879,76.5981,283.5471,0,U,25544,999,53876,0.00031117000000,0.00017169,0.0000000000000,6795.688,92.920,420.379,414.727,PAYLOAD,LARGE,CIS,1998-11-20,TTMTR,,4883712,302635718,0 ISS (ZARYA),1 25544U 98067A   25320.35281829  .00017169  00000-0  31117-3 0  9990,2 25544  51.6328 273.0879 0004159  76.5981 283.5471 15.49717811538761
3.0,GENERATED VIA SPACE-TRACK.ORG API,2025-11-16 23:15:52+00:00,18 SPCS,ISS (ZARYA),1998-067A,EARTH,TEME,UTC,SGP4,2025-11-16 03:49:28.876800+00:00,15.49711614,0.00041700,51.6329,274.0463,75.9612,284.1840,0,U,25544,999,53873,0.00031563885000,0.00017419,0.0000000000000,6795.706,92.921,420.405,414.737,PAYLOAD,LARGE,CIS,1998-11-20,TTMTR,,4883990,302647668,0 ISS (ZARYA),1 25544U 98067A   25320.15936200  .00017419  00000-0  31564-3 0  9992,2 25544  51.6329 274.0463 0004170  75.9612 284.1840 15.49711614538738
3.0,GENERATED VIA SPACE-TRACK.ORG API,2025-11-17 15:26:19+00:00,18 SPCS,ISS (ZARYA),1998-067A,EARTH,TEME,UTC,SGP4,2025-11-17 07:40:55.420032+00:00,15.49753355,0.00041760,51.6331,268.2969,80.2379,279.9081,0,U,25544,999,53891,0.00031567000000,0.00017447,0.0000000000000,6795.584,92.918,420.287,414.611,PAYLOAD,LARGE,CIS,1998-11-20,TTMTR,,4884910,302725816,0 ISS (ZARYA),1 25544U 98067A   25321.32008588  .00017447  00000-0  31567-3 0  9995,2 25544  51.6331 268.2969 0004176  80.2379 279.9081 15.49753355538919
3.0,GENERATED VIA SPACE-TRACK.ORG API,2025-11-17 17:28:55+00:00,18 SPCS,ISS (ZARYA),1998-067A,EARTH,TEME,UTC,SGP4,2025-11-17 04:35:12.613344+00:00,15.49748902,0.00041761,51.6331,268.9357,79.7820,280.3640,0,U,25544,999,53889,0.00032501715000,0.00017975,0.0000000000000,6795.597,92.918,420.300,414.624,PAYLOAD,LARGE,CIS,1998-11-20,TTMTR,,4885416,302742747,0 ISS (ZARYA),1 25544U 98067A   25321.19111821  .00017975  00000-0  32502-3 0  9991,2 25544  51.6331 268.9357 0004176  79.7820 280.3640 15.49748902538897
3.0,GENERATED VIA SPACE-TRACK.ORG API,2025-11-17 23:06:39+00:00,18 SPCS,ISS (ZARYA),1998-067A,EARTH,TEME,UTC,SGP4,2025-11-17 13:52:20.934048+00:00,15.49761331,0.00041820,51.6331,267.0194,81.0565,279.0897,0,U,25544,999,53895,0.00029087000000,0.00016042,0.0000000000000,6795.561,92.918,420.268,414.584,PAYLOAD,LARGE,CIS,1998-11-20,TTMTR,,4886061,302780761,0 ISS (ZARYA),1 25544U 98067A   25321.57802007  .00016042  00000-0  29087-3 0  9994,2 25544  51.6331 267.0194 0004182  81.0565 279.0897 15.49761331538952
3.0,GENERATED VIA SPACE-TRACK.ORG API,2025-11-18 03:17:42+00:00,18 SPCS,ISS (ZARYA),1998-067A,EARTH,TEME,UTC,SGP4,2025-11-17 13:52:20.934912+00:00,15.49761331,0.00041819,51.6331,267.0194,81.0565,279.0897,0,U,25544,999,53895,0.00029086660000,0.00016042,0.0000000000000,6795.561,92.918,420.267,414.584,PAYLOAD,LARGE,CIS,1998-11-20,TTMTR,,4886369,302792831,0 ISS (ZARYA),1 25544U 98067A   25321.57802008  .00016042  00000-0  29087-3 0  9995,2 25544  51.6331 267.0194 0004182  81.0565 279.0897 15.49761331538952
3.0,GENERATED VIA SPACE-TRACK.ORG API,2025-11-18 07:26:18+00:00,18 SPCS,ISS (ZARYA),1998-067A,EARTH,TEME,UTC,SGP4,2025-11-17 21:36:37.628928+00:00,15.49772275,0.00041800,51.6331,265.4223,82.0364,278.1099,0,U,25544,999,53900,0.00026899000000,0.00014804,0.0000000000000,6795.529,92.917,420.234,414.553,PAYLOAD,LARGE,CIS,1998-11-20,TTMTR,,4886690,302856736,0 ISS (ZARYA),1 25544U 98067A   25321.90043552  .00014804  00000-0  26899-3 0  9995,2 25544  51.6331 265.4223 0004180  82.0364 278.1099 15.49772275539003
3.0,GENERATED VIA SPACE-TRACK.ORG API,2025-11-18 15:06:18+00:00,18 SPCS,ISS (ZARYA),1998-067A,EARTH,TEME,UTC,SGP4,2025-11-18 08:26:36.689856+00:00,15.49788164,0.00041770,51.6332,263.1865,83.8870,276.2595,0,U,25544,999,53907,0.00027011000000,0.00014877,0.0000000000000,6795.482,92.916,420.186,414.509,PAYLOAD,LARGE,CIS,1998-11-20,TTMTR,,4887834,302876340,0 ISS (ZARYA),1 25544U 98067A   25322.35181354  .00014877  00000-0  27011-3 0  9995,2 25544  51.6332 263.1865 0004177  83.8870 276.2595 15.49788164539079
3.0,GENERATED VIA SPACE-TRACK.ORG API,2025-11-18 18:34:43+00:00,18 SPCS,ISS (ZARYA),1998-067A,EARTH,TEME,UTC,SGP4,2025-11-17 21:36:37.629792+00:00,15.49772275,0.00041800,51.6331,265.4223,82.0364,278.1099,0,U,25544,999,53900,0.00026898773000,0.00014804,0.0000000000000,6795.529,92.917,420.234,414.553,PAYLOAD,LARGE,CIS,1998-11-20,TTMTR,,4887978,302884761,0 ISS (ZARYA),1 25544U 98067A   25321.90043553  .00014804  00000-0  26899-3 0  9996,2 25544  51.6331 265.4223 0004180  82.0364 278.1099 15.49772275539003
3.0,GENERATED VIA SPACE-TRACK.ORG API,2025-11-19 03:20:49+00:00,18 SPCS,ISS (ZARYA),1998-067A,EARTH,TEME,UTC,SGP4,2025-11-18 20:49:26.647392+00:00,15.49802634,0.00041801,51.6332,260.6313,85.6954,274.4512,0,U,25544,999,53915,0.00024513891000,0.00013464,0.0000000000000,6795.440,92.915,420.146,414.464,PAYLOAD,LARGE,CIS,1998-11-20,TTMTR,,4888721,302933532,0 ISS (ZARYA),1 25544U 98067A   25322.86766953  .00013464  00000-0  24514-3 0  9991,2 25544  51.6332 260.6313 0004180  85.6954 274.4512 15.49802634539153
3.0,GENERATED VIA SPACE-TRACK.ORG API,2025-11-19 10:06:41+00:00,18 SPCS,ISS (ZARYA),1998-067A,EARTH,TEME,UTC,SGP4,2025-11-19 04:33:42.650208+00:00,15.49812972,0.00041545,51.6333,259.0348,86.2580,273.8884,0,U,25544,999,53920,0.00025811767000,0.00014207,0.0000000000000,6795.410,92.914,420.098,414.452,PAYLOAD,LARGE,CIS,1998-11-20,TTMTR,,4888758,302964970,0 ISS (ZARYA),1 25544U 98067A   25323.19007697  .00014207  00000-0  25812-3 0  9999,2 25544  51.6333 259.0348 0004155  86.2580 273.8884 15.49812972539205
3.0,GENERATED VIA SPACE-TRACK.ORG API,2025-11-19 17:40:52+00:00,18 SPCS,ISS (ZARYA),1998-067A,EARTH,TEME,UTC,SGP4,2025-11-19 07:39:24.985152+00:00,15.49817487,0.00041444,51.6333,258.3957,86.8503,273.2960,0,U,25544,999,53922,0.00026247255000,0.00014458,0.0000000000000,6795.397,92.914,420.078,414.445,PAYLOAD,LARGE,CIS,1998-11-20,TTMTR,,4888916,302997353,0 ISS (ZARYA),1 25544U 98067A   25323.31903918  .00014458  00000-0  26247-3 0  9995,2 25544  51.6333 258.3957 0004144  86.8503 273.2960 15.49817487539229
3.0,GENERATED VIA SPACE-TRACK.ORG API,2025-11-20 11:24:48+00:00,18 SPCS,ISS (ZARYA),1998-067A,EARTH,TEME,UTC,SGP4,2025-11-20 05:19:55.100064+00:00,15.48916399,0.00040002,51.6325,253.9268,147.6792,212.4442,0,U,25544,999,53936,0.00028011440000,0.00014969,0.0000000000000,6798.032,92.968,422.616,417.177,PAYLOAD,LARGE,CIS,1998-11-20,TTMTR,,4889748,303076904,0 ISS (ZARYA),1 25544U 98067A   25324.22216551  .00014969  00000-0  28011-3 0  9994,2 25544  51.6325 253.9268 0004000 147.6792 212.4442 15.48916399539369
3.0,GENERATED VIA SPACE-TRACK.ORG API,2025-11-20 20:56:19+00:00,18 SPCS,ISS (ZARYA),1998-067A,EARTH,TEME,UTC,SGP4,2025-11-20 13:04:27.083424+00:00,15.48924225,0.00039880,51.6324,252.3307,148.8281,211.2944,0,U,25544,999,53941,0.00025630000000,0.00013659,0.0000000000000,6798.009,92.968,422.585,417.163,PAYLOAD,LARGE,CIS,1998-11-20,TTMTR,,4890422,303117116,0 ISS (ZARYA),1 25544U 98067A   25324.54475791  .00013659  00000-0  25630-3 0  9991,2 25544  51.6324 252.3307 0003988 148.8281 211.2944 15.48924225539412
3.0,GENERATED VIA SPACE-TRACK.ORG API,2025-11-21 03:06:45+00:00,18 SPCS,ISS (ZARYA),1998-067A,EARTH,TEME,UTC,SGP4,2025-11-20 20:48:58.837824+00:00,15.48935269,0.00039608,51.6324,250.7347,150.1460,209.9755,0,U,25544,999,53946,0.00026736525000,0.00014275,0.0000000000000,6797.977,92.967,422.534,417.149,PAYLOAD,LARGE,CIS,1998-11-20,TTMTR,,4890904,303133842,0 ISS (ZARYA),1 25544U 98067A   25324.86734766  .00014275  00000-0  26737-3 0  9990,2 25544  51.6324 250.7347 0003961 150.1460 209.9755 15.48935269539463
3.0,GENERATED VIA SPACE-TRACK.ORG API,2025-11-21 07:16:35+00:00,18 SPCS,ISS (ZARYA),1998-067A,EARTH,TEME,UTC,SGP4,2025-11-20 20:48:58.836960+00:00,15.48935269,0.00039610,51.6324,250.7347,150.1460,209.9755,0,U,25544,999,53946,0.00026737000000,0.00014275,0.0000000000000,6797.977,92.967,422.534,417.149,PAYLOAD,LARGE,CIS,1998-11-20,TTMTR,,4891306,303168961,0 ISS (ZARYA),1 25544U 98067A   25324.86734765  .00014275  00000-0  26737-3 0  9999,2 25544  51.6324 250.7347 0003961 150.1460 209.9755 15.48935269539463
3.0,GENERATED VIA SPACE-TRACK.ORG API,2025-11-21 20:06:31+00:00,18 SPCS,ISS (ZARYA),1998-067A,EARTH,TEME,UTC,SGP4,2025-11-21 15:23:50.203392+00:00,15.48962915,0.00040030,51.6325,246.9042,153.4663,206.6531,0,U,25544,999,53958,0.00028690000000,0.00015369,0.0000000000000,6797.896,92.965,422.482,417.039,PAYLOAD,LARGE,CIS,1998-11-20,TTMTR,,4892006,303184713,0 ISS (ZARYA),1 25544U 98067A   25325.64155328  .00015369  00000-0  28690-3 0  9993,2 25544  51.6325 246.9042 0004003 153.4663 206.6531 15.48962915539589
3.0,GENERATED VIA SPACE-TRACK.ORG API,2025-11-22 00:56:20+00:00,18 SPCS,ISS (ZARYA),1998-067A,EARTH,TEME,UTC,SGP4,2025-11-21 20:02:32.875872+00:00,15.48969112,0.00039940,51.6324,245.9468,153.9795,206.1394,0,U,25544,999,53961,0.00027370000000,0.00014642,0.0000000000000,6797.878,92.965,422.458,417.027,PAYLOAD,LARGE,CIS,1998-11-20,TTMTR,,4892780,303202958,0 ISS (ZARYA),1 25544U 98067A   25325.83510273  .00014642  00000-0  27370-3 0  9995,2 25544  51.6324 245.9468 0003994 153.9795 206.1394 15.48969112539610
3.0,GENERATED VIA SPACE-TRACK.ORG API,2025-11-22 15:36:19+00:00,18 SPCS,ISS (ZARYA),1998-067A,EARTH,TEME,UTC,SGP4,2025-11-22 06:52:52.156128+00:00,15.48986583,0.00039280,51.6321,243.7129,154.7163,205.4018,0,U,25544,999,53968,0.00029634000000,0.00015903,0.0000000000000,6797.826,92.964,422.362,417.021,PAYLOAD,LARGE,CIS,1998-11-20,TTMTR,,4893994,303231354,0 ISS (ZARYA),1 25544U 98067A   25326.28671477  .00015903  00000-0  29634-3 0  9995,2 25544  51.6321 243.7129 0003928 154.7163 205.4018 15.48986583539685
3.0,GENERATED VIA SPACE-TRACK.ORG API,2025-11-22 18:56:57+00:00,18 SPCS,ISS (ZARYA),1998-067A,EARTH,TEME,UTC,SGP4,2025-11-22 06:52:52.156128+00:00,15.48986583,0.00039276,51.6321,243.7129,154.7163,205.4019,0,U,25544,999,53968,0.00029633503000,0.00015903,0.0000000000000,6797.826,92.964,422.361,417.022,PAYLOAD,LARGE,CIS,1998-11-20,TTMTR,,4894246,303244110,0 ISS (ZARYA),1 25544U 98067A   25326.28671477  .00015903  00000-0  29634-3 0  9995,2 25544  51.6321 243.7129 0003928 154.7163 205.4019 15.48986583539686
3.0,GENERATED VIA SPACE-TRACK.ORG API,2025-11-23 06:47:11+00:00,18 SPCS,ISS (ZARYA),1998-067A,EARTH,TEME,UTC,SGP4,2025-11-22 20:48:59.357088+00:00,15.49000625,0.00039360,51.6318,240.8401,156.7913,203.3253,0,U,25544,999,53977,0.00024319000000,0.00012972,0.0000000000000,6797.785,92.963,422.326,416.975,PAYLOAD,LARGE,CIS,1998-11-20,TTMTR,,4895408,303297672,0 ISS (ZARYA),1 25544U 98067A   25326.86735367  .00012972  00000-0  24319-3 0  9996,2 25544  51.6318 240.8401 0003936 156.7913 203.3253 15.49000625539779
3.0,GENERATED VIA SPACE-TRACK.ORG API,2025-11-23 14:36:21+00:00,18 SPCS,ISS (ZARYA),1998-067A,EARTH,TEME,UTC,SGP4,2025-11-23 06:06:23.877792+00:00,15.49011795,0.00039070,51.6318,238.9250,158.5410,201.5743,0,U,25544,999,53983,0.00025410000000,0.00013581,0.0000000000000,6797.753,92.962,422.274,416.962,PAYLOAD,LARGE,CIS,1998-11-20,TTMTR,,4895968,303311033,0 ISS (ZARYA),1 25544U 98067A   25327.25444303  .00013581  00000-0  25410-3 0  9997,2 25544  51.6318 238.9250 0003907 158.5410 201.5743 15.49011795539830
3.0,GENERATED VIA SPACE-TRACK.ORG API,2025-11-23 21:08:43+00:00,18 SPCS,ISS (ZARYA),1998-067A,EARTH,TEME,UTC,SGP4,2025-11-23 04:33:29.811168+00:00,15.49010020,0.00039038,51.6318,239.2442,158.2569,201.8586,0,U,25544,999,53982,0.00025569930000,0.00013668,0.0000000000000,6797.758,92.963,422.277,416.969,PAYLOAD,LARGE,CIS,1998-11-20,TTMTR,,4896238,303324199,0 ISS (ZARYA),1 25544U 98067A   25327.18992837  .00013668  00000-0  25570-3 0  9992,2 25544  51.6318 239.2442 0003904 158.2569 201.8586 15.49010020539823
3.0,GENERATED VIA SPACE-TRACK.ORG API,2025-11-24 07:36:20+00:00,18 SPCS,ISS (ZARYA),1998-067A,EARTH,TEME,UTC,SGP4,2025-11-24 02:14:06.273888+00:00,15.49034016,0.00039320,51.6317,234.7759,161.8932,198.2197,0,U,25544,999,53996,0.00026540000000,0.00014217,0.0000000000000,6797.688,92.961,422.225,416.880,PAYLOAD,LARGE,CIS,1998-11-20,TTMTR,,4897261,303373983,0 ISS (ZARYA),1 25544U 98067A   25328.09312817  .00014217  00000-0  26540-3 0  9996,2 25544  51.6317 234.7759 0003932 161.8932 198.2197 15.49034016539961
3.0,GENERATED VIA SPACE-TRACK.ORG API,2025-11-24 15:16:29+00:00,18 SPCS,ISS (ZARYA),1998-067A,EARTH,TEME,UTC,SGP4,2025-11-24 05:19:54.222240+00:00,15.49037704,0.00039080,51.6316,234.1374,162.5046,197.6078,0,U,25544,999,53998,0.00026056000000,0.00013951,0.0000000000000,6797.677,92.961,422.198,416.885,PAYLOAD,LARGE,CIS,1998-11-20,TTMTR,,4897963,303390688,0 ISS (ZARYA),1 25544U 98067A   25328.22215535  .00013951  00000-0  26056-3 0  9996,2 25544  51.6316 234.1374 0003908 162.5046 197.6078 15.49037704539984
3.0,GENERATED VIA SPACE-TRACK.ORG API,2025-11-24 18:12:41+00:00,18 SPCS,ISS (ZARYA),1998-067A,EARTH,TEME,UTC,SGP4,2025-11-24 03:47:00.254976+00:00,15.49035693,0.00039160,51.6317,234.4566,162.1487,197.9639,0,U,25544,999,53997,0.00026124382000,0.00013988,0.0000000000000,6797.683,92.961,422.210,416.886,PAYLOAD,LARGE,CIS,1998-11-20,TTMTR,,4898287,303404354,0 ISS (ZARYA),1 25544U 98067A   25328.15764184  .00013988  00000-0  26124-3 0  9993,2 25544  51.6317 234.4566 0003916 162.1487 197.9639 15.49035693539975
3.0,GENERATED VIA SPACE-TRACK.ORG API,2025-11-24 23:46:19+00:00,18 SPCS,ISS (ZARYA),1998-067A,EARTH,TEME,UTC,SGP4,2025-11-24 13:04:24.007584+00:00,15.49046550,0.00038950,51.6316,232.5414,163.7073,196.4042,0,U,25544,999,54003,0.00026353000000,0.00014120,0.0000000000000,6797.651,92.960,422.164,416.868,PAYLOAD,LARGE,CIS,1998-11-20,TTMTR,,4898813,303440505,0 ISS (ZARYA),1 25544U 98067A   25328.54472231  .00014120  00000-0  26353-3 0  9998,2 25544  51.6316 232.5414 0003895 163.7073 196.4042 15.49046550540034
3.0,GENERATED VIA SPACE-TRACK.ORG API,2025-11-25 03:42:27+00:00,18 SPCS,ISS (ZARYA),1998-067A,EARTH,TEME,UTC,SGP4,2025-11-24 20:48:53.618400+00:00,15.49056620,0.00038955,51.6314,230.9455,164.8499,195.2607,0,U,25544,999,54008,0.00027142085000,0.00014562,0.0000000000000,6797.622,92.960,422.135,416.838,PAYLOAD,LARGE,CIS,1998-11-20,TTMTR,,4899133,303454210,0 ISS (ZARYA),1 25544U 98067A   25328.86728725  .00014562  00000-0  27142-3 0  9992,2 25544  51.6314 230.9455 0003896 164.8499 195.2607 15.49056620540082
3.0,GENERATED VIA SPACE-TRACK.ORG API,2025-11-25 14:56:32+00:00,18 SPCS,ISS (ZARYA),1998-067A,EARTH,TEME,UTC,SGP4,2025-11-25 10:44:58.483104+00:00,15.49072731,0.00038510,51.6313,228.0726,166.4062,193.7031,0,U,25544,999,54017,0.00025508000000,0.00013664,0.0000000000000,6797.574,92.959,422.057,416.822,PAYLOAD,LARGE,CIS,1998-11-20,TTMTR,,4900678,303515638,0 ISS (ZARYA),1 25544U 98067A   25329.44789911  .00013664  00000-0  25508-3 0  9997,2 25544  51.6313 228.0726 0003851 166.4062 193.7031 15.49072731540170
3.0,GENERATED VIA SPACE-TRACK.ORG API,2025-11-25 17:18:59+00:00,18 SPCS,ISS (ZARYA),1998-067A,EARTH,TEME,UTC,SGP4,2025-11-25 04:33:23.066784+00:00,15.49065492,0.00038559,51.6313,229.3494,165.5942,194.5157,0,U,25544,999,54013,0.00026139988000,0.00014011,0.0000000000000,6797.596,92.959,422.082,416.839,PAYLOAD,LARGE,CIS,1998-11-20,TTMTR,,4900866,303526638,0 ISS (ZARYA),1 25544U 98067A   25329.18985031  .00014011  00000-0  26140-3 0  9999,2 25544  51.6313 229.3494 0003856 165.5942 194.5157 15.49065492540138
3.0,GENERATED VIA SPACE-TRACK.ORG API,2025-11-26 08:26:31+00:00,18 SPCS,ISS (ZARYA),1998-067A,EARTH,TEME,UTC,SGP4,2025-11-25 21:35:15.220608+00:00,15.49084902,0.00038340,51.6312,225.8381,168.1565,191.9514,0,U,25544,999,54024,0.00023568000000,0.00012595,0.0000000000000,6797.539,92.958,422.010,416.798,PAYLOAD,LARGE,CIS,1998-11-20,TTMTR,,4902293,303584146,0 ISS (ZARYA),1 25544U 98067A   25329.89948172  .00012595  00000-0  23568-3 0  9998,2 25544  51.6312 225.8381 0003834 168.1565 191.9514 15.49084902540246
3.0,GENERATED VIA SPACE-TRACK.ORG API,2025-11-26 11:31:21+00:00,18 SPCS,ISS (ZARYA),1998-067A,EARTH,TEME,UTC,SGP4,2025-11-25 21:35:15.221472+00:00,15.49084902,0.00038342,51.6312,225.8381,168.1565,191.9514,0,U,25544,999,54024,0.00023568474000,0.00012595,0.0000000000000,6797.539,92.958,422.010,416.797,PAYLOAD,LARGE,CIS,1998-11-20,TTMTR,,4902534,303596761,0 ISS (ZARYA),1 25544U 98067A   25329.89948173  .00012595  00000-0  23568-3 0  9999,2 25544  51.6312 225.8381 0003834 168.1565 191.9514 15.49084902540246
3.0,GENERATED VIA SPACE-TRACK.ORG API,2025-11-26 14:46:36+00:00,18 SPCS,ISS (ZARYA),1998-067A,EARTH,TEME,UTC,SGP4,2025-11-26 09:58:25.455360+00:00,15.49096240,0.00038170,51.6311,223.2842,170.1107,189.9957,0,U,25544,999,54032,0.00020595000000,0.00010951,0.0000000000000,6797.506,92.957,421.965,416.776,PAYLOAD,LARGE,CIS,1998-11-20,TTMTR,,4903087,303635072,0 ISS (ZARYA),1 25544U 98067A   25330.41557240  .00010951  00000-0  20595-3 0  9991,2 25544  51.6311 223.2842 0003817 170.1107 189.9957 15.49096240540320
3.0,GENERATED VIA SPACE-TRACK.ORG API,2025-11-26 18:00:39+00:00,18 SPCS,ISS (ZARYA),1998-067A,EARTH,TEME,UTC,SGP4,2025-11-26 05:19:44.164416+00:00,15.49091452,0.00038201,51.6311,224.2419,169.3460,190.7610,0,U,25544,999,54029,0.00020377242000,0.00010829,0.0000000000000,6797.520,92.958,421.981,416.788,PAYLOAD,LARGE,CIS,1998-11-20,TTMTR,,4903404,303648673,0 ISS (ZARYA),1 25544U 98067A   25330.22203894  .00010829  00000-0  20377-3 0  9995,2 25544  51.6311 224.2419 0003820 169.3460 190.7610 15.49091452540299
3.0,GENERATED VIA SPACE-TRACK.ORG API,2025-11-26 23:36:18+00:00,18 SPCS,ISS (ZARYA),1998-067A,EARTH,TEME,UTC,SGP4,2025-11-26 17:42:54.183168+00:00,15.49104478,0.00038150,51.6309,221.6882,171.0984,189.0072,0,U,25544,999,54037,0.00021242000000,0.00011313,0.0000000000000,6797.482,92.957,421.940,416.753,PAYLOAD,LARGE,CIS,1998-11-20,TTMTR,,4903893,303684232,0 ISS (ZARYA),1 25544U 98067A   25330.73812712  .00011313  00000-0  21242-3 0  9997,2 25544  51.6309 221.6882 0003815 171.0984 189.0072 15.49104478540371
3.0,GENERATED VIA SPACE-TRACK.ORG API,2025-11-27 03:52:41+00:00,18 SPCS,ISS (ZARYA),1998-067A,EARTH,TEME,UTC,SGP4,2025-11-26 22:21:35.365248+00:00,15.49107800,0.00038121,51.6311,220.7305,172.0243,188.0807,0,U,25544,999,54040,0.00019921871000,0.00010582,0.0000000000000,6797.472,92.957,421.928,416.746,PAYLOAD,LARGE,CIS,1998-11-20,TTMTR,,4904132,303696667,0 ISS (ZARYA),1 25544U 98067A   25330.93165932  .00010582  00000-0  19922-3 0  9993,2 25544  51.6311 220.7305 0003812 172.0243 188.0807 15.49107800540401
3.0,GENERATED VIA SPACE-TRACK.ORG API,2025-11-27 13:14:25+00:00,18 SPCS,ISS (ZARYA),1998-067A,EARTH,TEME,UTC,SGP4,2025-11-27 04:33:10.200096+00:00,15.49112807,0.00038133,51.6312,219.4533,172.8713,187.2330,0,U,25544,999,54044,0.00018731196000,0.00009924,0.0000000000000,6797.457,92.956,421.914,416.730,PAYLOAD,LARGE,CIS,1998-11-20,TTMTR,,4904843,303744256,0 ISS (ZARYA),1 25544U 98067A   25331.18970139  .00009924  00000-0  18731-3 0  9999,2 25544  51.6312 219.4533 0003813 172.8713 187.2330 15.49112807540440
3.0,GENERATED VIA SPACE-TRACK.ORG API,2025-11-28 05:28:23+00:00,18 SPCS,ISS (ZARYA),1998-067A,EARTH,TEME,UTC,SGP4,2025-11-27 21:34:59.940768+00:00,15.49155559,0.00038682,51.6314,215.9428,177.5993,182.5015,0,U,25544,999,54055,0.00008075252700,0.00004025,0.0000000000000,6797.332,92.954,421.826,416.568,PAYLOAD,LARGE,CIS,1998-11-20,TTMTR,,4904942,303776741,0 ISS (ZARYA),1 25544U 98067A   25331.89930487  .00004025  00000-0  80753-4 0  9990,2 25544  51.6314 215.9428 0003868 177.5993 182.5015 15.49155559540559
3.0,GENERATED VIA SPACE-TRACK.ORG API,2025-11-28 07:26:33+00:00,18 SPCS,ISS (ZARYA),1998-067A,EARTH,TEME,UTC,SGP4,2025-11-27 21:34:59.939904+00:00,15.49155559,0.00038680,51.6314,215.9428,177.5993,182.5015,0,U,25544,999,54055,0.00008075300000,0.00004025,0.0000000000000,6797.332,92.954,421.826,416.568,PAYLOAD,LARGE,CIS,1998-11-20,TTMTR,,4905434,303813742,0 ISS (ZARYA),1 25544U 98067A   25331.89930486  .00004025  00000-0  80753-4 0  9999,2 25544  51.6314 215.9428 0003868 177.5993 182.5015 15.49155559540559
3.0,GENERATED VIA SPACE-TRACK.ORG API,2025-11-28 20:32:39+00:00,18 SPCS,ISS (ZARYA),1998-067A,EARTH,TEME,UTC,SGP4,2025-11-28 13:03:55.135296+00:00,15.49168962,0.00037452,51.6312,212.7497,179.2752,180.8242,0,U,25544,999,54065,0.00017015416000,0.00008991,0.0000000000000,6797.293,92.953,421.704,416.612,PAYLOAD,LARGE,CIS,1998-11-20,TTMTR,,4905705,303826973,0 ISS (ZARYA),1 25544U 98067A   25332.54438814  .00008991  00000-0  17015-3 0  9996,2 25544  51.6312 212.7497 0003745 179.2752 180.8242 15.49168962540650
3.0,GENERATED VIA SPACE-TRACK.ORG API,2025-11-29 06:56:33+00:00,18 SPCS,ISS (ZARYA),1998-067A,EARTH,TEME,UTC,SGP4,2025-11-28 22:21:16.003872+00:00,15.49177370,0.00037380,51.6312,210.8341,180.7008,179.3975,0,U,25544,999,54071,0.00017759000000,0.00009407,0.0000000000000,6797.268,92.953,421.674,416.592,PAYLOAD,LARGE,CIS,1998-11-20,TTMTR,,4906607,303873657,0 ISS (ZARYA),1 25544U 98067A   25332.93143523  .00009407  00000-0  17759-3 0  9997,2 25544  51.6312 210.8341 0003738 180.7008 179.3975 15.49177370540716
3.0,GENERATED VIA SPACE-TRACK.ORG API,2025-11-29 19:07:35+00:00,18 SPCS,ISS (ZARYA),1998-067A,EARTH,TEME,UTC,SGP4,2025-11-29 02:59:56.376384+00:00,15.49180644,0.00037368,51.6312,209.8765,181.3383,178.7596,0,U,25544,999,54074,0.00016795190000,0.00008872,0.0000000000000,6797.259,92.952,421.664,416.584,PAYLOAD,LARGE,CIS,1998-11-20,TTMTR,,4906927,303887165,0 ISS (ZARYA),1 25544U 98067A   25333.12495806  .00008872  00000-0  16795-3 0  9997,2 25544  51.6312 209.8765 0003737 181.3383 178.7596 15.49180644540749
3.0,GENERATED VIA SPACE-TRACK.ORG API,2025-11-29 22:06:16+00:00,18 SPCS,ISS (ZARYA),1998-067A,EARTH,TEME,UTC,SGP4,2025-11-29 09:11:30.133824+00:00,15.49185591,0.00037280,51.6313,208.5995,182.4168,177.6803,0,U,25544,999,54078,0.00016119000000,0.00008498,0.0000000000000,6797.244,92.952,421.643,416.575,PAYLOAD,LARGE,CIS,1998-11-20,TTMTR,,4906929,303912475,0 ISS (ZARYA),1 25544U 98067A   25333.38298766  .00008498  00000-0  16119-3 0  9995,2 25544  51.6313 208.5995 0003728 182.4168 177.6803 15.49185591540783
3.0,GENERATED VIA SPACE-TRACK.ORG API,2025-11-29 22:36:21+00:00,18 SPCS,ISS (ZARYA),1998-067A,EARTH,TEME,UTC,SGP4,2025-11-29 20:01:44.058144+00:00,15.49193835,0.00037230,51.6312,206.3646,184.1118,175.9840,0,U,25544,999,54085,0.00015237000000,0.00008010,0.0000000000000,6797.220,92.952,421.616,416.555,PAYLOAD,LARGE,CIS,1998-11-20,TTMTR,,4907399,303924457,0 ISS (ZARYA),1 25544U 98067A   25333.83453771  .00008010  00000-0  15237-3 0  9994,2 25544  51.6312 206.3646 0003723 184.1118 175.9840 15.49193835540850
3.0,GENERATED VIA SPACE-TRACK.ORG API,2025-11-30 07:16:32+00:00,18 SPCS,ISS (ZARYA),1998-067A,EARTH,TEME,UTC,SGP4,2025-11-29 21:34:37.466400+00:00,15.49196254,0.00037270,51.6312,206.0453,184.4038,175.6918,0,U,25544,999,54086,0.00016851000000,0.00008908,0.0000000000000,6797.213,92.951,421.611,416.545,PAYLOAD,LARGE,CIS,1998-11-20,TTMTR,,4908052,303940316,0 ISS (ZARYA),1 25544U 98067A   25333.89904475  .00008908  00000-0  16851-3 0  9991,2 25544  51.6312 206.0453 0003727 184.4038 175.6918 15.49196254540863
3.0,GENERATED VIA SPACE-TRACK.ORG API,2025-11-30 16:16:37+00:00,18 SPCS,ISS (ZARYA),1998-067A,EARTH,TEME,UTC,SGP4,2025-11-30 09:57:44.551008+00:00,15.49203939,0.00037030,51.6312,203.4912,186.5330,173.5610,0,U,25544,999,54094,0.00014718000000,0.00007725,0.0000000000000,6797.191,92.951,421.573,416.539,PAYLOAD,LARGE,CIS,1998-11-20,TTMTR,,4908895,303960930,0 ISS (ZARYA),1 25544U 98067A   25334.41509897  .00007725  00000-0  14718-3 0  9995,2 25544  51.6312 203.4912 0003703 186.5330 173.5610 15.49203939540940
3.0,GENERATED VIA SPACE-TRACK.ORG API,2025-11-30 17:58:55+00:00,18 SPCS,ISS (ZARYA),1998-067A,EARTH,TEME,UTC,SGP4,2025-11-30 13:03:31.260384+00:00,15.49206888,0.00036901,51.6312,202.8529,187.0517,173.0420,0,U,25544,999,54096,0.00015180088000,0.00007982,0.0000000000000,6797.182,92.951,421.555,416.539,PAYLOAD,LARGE,CIS,1998-11-20,TTMTR,,4909172,303974085,0 ISS (ZARYA),1 25544U 98067A   25334.54411181  .00007982  00000-0  15180-3 0  9996,2 25544  51.6312 202.8529 0003690 187.0517 173.0420 15.49206888540967
3.0,GENERATED VIA SPACE-TRACK.ORG API,2025-11-30 22:56:32+00:00,18 SPCS,ISS (ZARYA),1998-067A,EARTH,TEME,UTC,SGP4,2025-11-30 13:03:31.260384+00:00,15.49206887,0.00036900,51.6312,202.8529,187.0517,173.0420,0,U,25544,999,54096,0.00015180000000,0.00007982,0.0000000000000,6797.182,92.951,421.555,416.539,PAYLOAD,LARGE,CIS,1998-11-20,TTMTR,,4909718,304012954,0 ISS (ZARYA),1 25544U 98067A   25334.54411181  .00007982  00000-0  15180-3 0  9996,2 25544  51.6312 202.8529 0003690 187.0517 173.0420 15.49206887540966
3.0,GENERATED VIA SPACE-TRACK.ORG API,2025-12-01 03:48:24+00:00,18 SPCS,ISS (ZARYA),1998-067A,EARTH,TEME,UTC,SGP4,2025-11-30 20:47:58.000128+00:00,15.49213294,0.00036702,51.6312,201.2569,188.2523,171.8406,0,U,25544,999,54101,0.00016017013000,0.00008450,0.0000000000000,6797.163,92.950,421.523,416.534,PAYLOAD,LARGE,CIS,1998-11-20,TTMTR,,4909928,304023706,0 ISS (ZARYA),1 25544U 98067A   25334.86664352  .00008450  00000-0  16017-3 0  9992,2 25544  51.6312 201.2569 0003670 188.2523 171.8406 15.49213294541018
3.0,GENERATED VIA SPACE-TRACK.ORG API,2025-12-01 10:16:41+00:00,18 SPCS,ISS (ZARYA),1998-067A,EARTH,TEME,UTC,SGP4,2025-12-01 01:26:38.001984+00:00,15.49217814,0.00036382,51.6309,200.2993,188.9407,171.1518,0,U,25544,999,54104,0.00017339321000,0.00009187,0.0000000000000,6797.150,92.950,421.488,416.542,PAYLOAD,LARGE,CIS,1998-11-20,TTMTR,,4909947,304055262,0 ISS (ZARYA),1 25544U 98067A   25335.06016206  .00009187  00000-0  17339-3 0  9990,2 25544  51.6309 200.2993 0003638 188.9407 171.1518 15.49217814541048
3.0,GENERATED VIA SPACE-TRACK.ORG API,2025-12-01 15:56:20+00:00,18 SPCS,ISS (ZARYA),1998-067A,EARTH,TEME,UTC,SGP4,2025-12-01 09:11:04.540416+00:00,15.49224672,0.00036460,51.6310,198.7026,190.2550,169.8364,0,U,25544,999,54109,0.00018108000000,0.00009617,0.0000000000000,6797.130,92.950,421.473,416.517,PAYLOAD,LARGE,CIS,1998-11-20,TTMTR,,4910487,304093671,0 ISS (ZARYA),1 25544U 98067A   25335.38269144  .00009617  00000-0  18108-3 0  9999,2 25544  51.6310 198.7026 0003646 190.2550 169.8364 15.49224672541090
3.0,GENERATED VIA SPACE-TRACK.ORG API,2025-12-01 23:26:33+00:00,18 SPCS,ISS (ZARYA),1998-067A,EARTH,TEME,UTC,SGP4,2025-12-01 13:49:44.444640+00:00,15.49226524,0.00036470,51.6309,197.7449,190.9481,169.1428,0,U,25544,999,54112,0.00016366000000,0.00008648,0.0000000000000,6797.125,92.950,421.468,416.511,PAYLOAD,LARGE,CIS,1998-11-20,TTMTR,,4911256,304110580,0 ISS (ZARYA),1 25544U 98067A   25335.57620885  .00008648  00000-0  16366-3 0  9990,2 25544  51.6309 197.7449 0003647 190.9481 169.1428 15.49226524541123
3.0,GENERATED VIA SPACE-TRACK.ORG API,2025-12-02 02:18:54+00:00,18 SPCS,ISS (ZARYA),1998-067A,EARTH,TEME,UTC,SGP4,2025-12-01 13:49:44.445504+00:00,15.49226524,0.00036473,51.6309,197.7449,190.9481,169.1428,0,U,25544,999,54112,0.00016365535000,0.00008648,0.0000000000000,6797.125,92.950,421.469,416.510,PAYLOAD,LARGE,CIS,1998-11-20,TTMTR,,4911537,304123799,0 ISS (ZARYA),1 25544U 98067A   25335.57620886  .00008648  00000-0  16366-3 0  9991,2 25544  51.6309 197.7449 0003647 190.9481 169.1428 15.49226524541123
3.0,GENERATED VIA SPACE-TRACK.ORG API,2025-12-02 07:56:32+00:00,18 SPCS,ISS (ZARYA),1998-067A,EARTH,TEME,UTC,SGP4,2025-12-01 21:34:10.812000+00:00,15.49234272,0.00036280,51.6307,196.1486,192.4733,167.6166,0,U,25544,999,54117,0.00018290000000,0.00009722,0.0000000000000,6797.102,92.949,421.433,416.501,PAYLOAD,LARGE,CIS,1998-11-20,TTMTR,,4912007,304160553,0 ISS (ZARYA),1 25544U 98067A   25335.89873625  .00009722  00000-0  18290-3 0  9999,2 25544  51.6307 196.1486 0003628 192.4733 167.6166 15.49234272541177
3.0,GENERATED VIA SPACE-TRACK.ORG API,2025-12-02 11:04:55+00:00,18 SPCS,ISS (ZARYA),1998-067A,EARTH,TEME,UTC,SGP4,2025-12-02 02:12:50.598720+00:00,15.49237019,0.00036389,51.6314,195.1903,193.8265,166.2625,0,U,25544,999,54120,0.00017380747000,0.00009217,0.0000000000000,6797.094,92.949,421.432,416.485,PAYLOAD,LARGE,CIS,1998-11-20,TTMTR,,4912329,304174095,0 ISS (ZARYA),1 25544U 98067A   25336.09225230  .00009217  00000-0  17381-3 0  9994,2 25544  51.6314 195.1903 0003639 193.8265 166.2625 15.49237019541206
3.0,GENERATED VIA SPACE-TRACK.ORG API,2025-12-02 14:46:18+00:00,18 SPCS,ISS (ZARYA),1998-067A,EARTH,TEME,UTC,SGP4,2025-12-02 02:12:50.597856+00:00,15.49237019,0.00036390,51.6314,195.1903,193.8265,166.2625,0,U,25544,999,54120,0.00017381000000,0.00009217,0.0000000000000,6797.094,92.949,421.432,416.485,PAYLOAD,LARGE,CIS,1998-11-20,TTMTR,,4912935,304214200,0 ISS (ZARYA),1 25544U 98067A   25336.09225229  .00009217  00000-0  17381-3 0  9992,2 25544  51.6314 195.1903 0003639 193.8265 166.2625 15.49237019541206
3.0,GENERATED VIA SPACE-TRACK.ORG API,2025-12-03 07:26:33+00:00,18 SPCS,ISS (ZARYA),1998-067A,EARTH,TEME,UTC,SGP4,2025-12-02 22:20:22.303680+00:00,15.49259436,0.00036270,51.6310,191.0402,198.2346,161.8513,0,U,25544,999,54133,0.00022507000000,0.00012082,0.0000000000000,6797.028,92.948,421.359,416.428,PAYLOAD,LARGE,CIS,1998-11-20,TTMTR,,4914248,304275743,0 ISS (ZARYA),1 25544U 98067A   25336.93081370  .00012082  00000-0  22507-3 0  9992,2 25544  51.6310 191.0402 0003627 198.2346 161.8513 15.49259436541335
3.0,GENERATED VIA SPACE-TRACK.ORG API,2025-12-03 11:19:29+00:00,18 SPCS,ISS (ZARYA),1998-067A,EARTH,TEME,UTC,SGP4,2025-12-03 01:26:08.635488+00:00,15.49262423,0.00036204,51.6309,190.4017,198.7080,161.3776,0,U,25544,999,54135,0.00021764811000,0.00011670,0.0000000000000,6797.020,92.947,421.345,416.424,PAYLOAD,LARGE,CIS,1998-11-20,TTMTR,,4914710,304292304,0 ISS (ZARYA),1 25544U 98067A   25337.05982217  .00011670  00000-0  21765-3 0  9993,2 25544  51.6309 190.4017 0003620 198.7080 161.3776 15.49262423541359
3.0,GENERATED VIA SPACE-TRACK.ORG API,2025-12-03 15:06:46+00:00,18 SPCS,ISS (ZARYA),1998-067A,EARTH,TEME,UTC,SGP4,2025-12-03 10:43:27.497856+00:00,15.49271748,0.00036330,51.6306,188.4862,200.0092,160.0755,0,U,25544,999,54141,0.00021633000000,0.00011600,0.0000000000000,6796.992,92.947,421.327,416.388,PAYLOAD,LARGE,CIS,1998-11-20,TTMTR,,4915332,304332802,0 ISS (ZARYA),1 25544U 98067A   25337.44684604  .00011600  00000-0  21633-3 0  9992,2 25544  51.6306 188.4862 0003633 200.0092 160.0755 15.49271748541415
3.0,GENERATED VIA SPACE-TRACK.ORG API,2025-12-04 02:28:57+00:00,18 SPCS,ISS (ZARYA),1998-067A,EARTH,TEME,UTC,SGP4,2025-12-03 21:33:39.277728+00:00,15.49284650,0.00035922,51.6303,186.2514,201.3576,158.7263,0,U,25544,999,54148,0.00025253496000,0.00013627,0.0000000000000,6796.954,92.946,421.261,416.378,PAYLOAD,LARGE,CIS,1998-11-20,TTMTR,,4915962,304353843,0 ISS (ZARYA),1 25544U 98067A   25337.89837127  .00013627  00000-0  25253-3 0  9994,2 25544  51.6303 186.2514 0003592 201.3576 158.7263 15.49284650541488
3.0,GENERATED VIA SPACE-TRACK.ORG API,2025-12-04 08:06:42+00:00,18 SPCS,ISS (ZARYA),1998-067A,EARTH,TEME,UTC,SGP4,2025-12-03 21:33:39.276864+00:00,15.49284650,0.00035920,51.6303,186.2514,201.3576,158.7263,0,U,25544,999,54148,0.00025253000000,0.00013627,0.0000000000000,6796.954,92.946,421.261,416.378,PAYLOAD,LARGE,CIS,1998-11-20,TTMTR,,4916235,304384653,0 ISS (ZARYA),1 25544U 98067A   25337.89837126  .00013627  00000-0  25253-3 0  9993,2 25544  51.6303 186.2514 0003592 201.3576 158.7263 15.49284650541488
3.0,GENERATED VIA SPACE-TRACK.ORG API,2025-12-04 10:52:37+00:00,18 SPCS,ISS (ZARYA),1998-067A,EARTH,TEME,UTC,SGP4,2025-12-04 02:12:18.455328+00:00,15.49293095,0.00036281,51.6302,185.2932,200.9086,159.1754,0,U,25544,999,54151,0.00029177423000,0.00015824,0.0000000000000,6796.930,92.946,421.261,416.329,PAYLOAD,LARGE,CIS,1998-11-20,TTMTR,,4916482,304396366,0 ISS (ZARYA),1 25544U 98067A   25338.09188027  .00015824  00000-0  29177-3 0  9995,2 25544  51.6302 185.2932 0003628 200.9086 159.1754 15.49293095541518
3.0,GENERATED VIA SPACE-TRACK.ORG API,2025-12-04 19:15:14+00:00,18 SPCS,ISS (ZARYA),1998-067A,EARTH,TEME,UTC,SGP4,2025-12-04 13:02:29.700384+00:00,15.49306035,0.00035956,51.6299,183.0583,202.7086,157.3744,0,U,25544,999,54158,0.00029317999000,0.00015910,0.0000000000000,6796.892,92.945,421.201,416.313,PAYLOAD,LARGE,CIS,1998-11-20,TTMTR,,4916542,304428317,0 ISS (ZARYA),1 25544U 98067A   25338.54339931  .00015910  00000-0  29318-3 0  9990,2 25544  51.6299 183.0583 0003596 202.7086 157.3744 15.49306035541580
3.0,GENERATED VIA SPACE-TRACK.ORG API,2025-12-05 03:56:49+00:00,18 SPCS,ISS (ZARYA),1998-067A,EARTH,TEME,UTC,SGP4,2025-12-04 20:46:54.569568+00:00,15.49318089,0.00035769,51.6298,181.4624,204.5962,155.4856,0,U,25544,999,54163,0.00030561746000,0.00016613,0.0000000000000,6796.857,92.944,421.153,416.291,PAYLOAD,LARGE,CIS,1998-11-20,TTMTR,,4917780,304489570,0 ISS (ZARYA),1 25544U 98067A   25338.86590937  .00016613  00000-0  30562-3 0  9994,2 25544  51.6298 181.4624 0003577 204.5962 155.4856 15.49318089541630
3.0,GENERATED VIA SPACE-TRACK.ORG API,2025-12-05 06:36:21+00:00,18 SPCS,ISS (ZARYA),1998-067A,EARTH,TEME,UTC,SGP4,2025-12-04 20:46:54.568704+00:00,15.49318089,0.00035770,51.6298,181.4624,204.5962,155.4856,0,U,25544,999,54163,0.00030562000000,0.00016613,0.0000000000000,6796.857,92.944,421.153,416.290,PAYLOAD,LARGE,CIS,1998-11-20,TTMTR,,4918157,304523701,0 ISS (ZARYA),1 25544U 98067A   25338.86590936  .00016613  00000-0  30562-3 0  9993,2 25544  51.6298 181.4624 0003577 204.5962 155.4856 15.49318089541630
3.0,GENERATED VIA SPACE-TRACK.ORG API,2025-12-05 10:48:45+00:00,18 SPCS,ISS (ZARYA),1998-067A,EARTH,TEME,UTC,SGP4,2025-12-05 06:04:12.236160+00:00,15.49328184,0.00035858,51.6297,179.5463,206.2517,153.8291,0,U,25544,999,54169,0.00027197450000,0.00014736,0.0000000000000,6796.827,92.944,421.129,416.255,PAYLOAD,LARGE,CIS,1998-11-20,TTMTR,,4918366,304534608,0 ISS (ZARYA),1 25544U 98067A   25339.25291940  .00014736  00000-0  27197-3 0  9994,2 25544  51.6297 179.5463 0003586 206.2517 153.8291 15.49328184541691
3.0,GENERATED VIA SPACE-TRACK.ORG API,2025-12-06 06:00:24+00:00,18 SPCS,ISS (ZARYA),1998-067A,EARTH,TEME,UTC,SGP4,2025-12-05 21:33:01.156320+00:00,15.49346308,0.00035522,51.6298,176.3533,209.1564,150.9226,0,U,25544,999,54179,0.00025488290000,0.00013789,0.0000000000000,6796.774,92.942,421.053,416.225,PAYLOAD,LARGE,CIS,1998-11-20,TTMTR,,4918504,304566696,0 ISS (ZARYA),1 25544U 98067A   25339.89793005  .00013789  00000-0  25488-3 0  9991,2 25544  51.6298 176.3533 0003552 209.1564 150.9226 15.49346308541797
3.0,GENERATED VIA SPACE-TRACK.ORG API,2025-12-06 12:48:24+00:00,18 SPCS,ISS (ZARYA),1998-067A,EARTH,TEME,UTC,SGP4,2025-12-06 00:38:46.837536+00:00,15.49350538,0.00036145,51.6296,175.7148,210.2448,149.8333,0,U,25544,999,54181,0.00025885847000,0.00014013,0.0000000000000,6796.762,92.942,421.084,416.170,PAYLOAD,LARGE,CIS,1998-11-20,TTMTR,,4918520,304598280,0 ISS (ZARYA),1 25544U 98067A   25340.02693099  .00014013  00000-0  25886-3 0  9993,2 25544  51.6296 175.7148 0003615 210.2448 149.8333 15.49350538541813
3.0,GENERATED VIA SPACE-TRACK.ORG API,2025-12-06 17:59:03+00:00,18 SPCS,ISS (ZARYA),1998-067A,EARTH,TEME,UTC,SGP4,2025-12-06 13:01:49.374912+00:00,15.49366390,0.00035502,51.6299,173.1600,211.9909,148.0864,0,U,25544,999,54189,0.00027332684000,0.00014832,0.0000000000000,6796.715,92.941,420.993,416.167,PAYLOAD,LARGE,CIS,1998-11-20,TTMTR,,4918544,304630196,0 ISS (ZARYA),1 25544U 98067A   25340.54293258  .00014832  00000-0  27333-3 0  9991,2 25544  51.6299 173.1600 0003550 211.9909 148.0864 15.49366390541890
3.0,GENERATED VIA SPACE-TRACK.ORG API,2025-12-07 05:42:25+00:00,18 SPCS,ISS (ZARYA),1998-067A,EARTH,TEME,UTC,SGP4,2025-12-06 20:46:13.238400+00:00,15.49374779,0.00034973,51.6304,171.5636,213.1314,146.9456,0,U,25544,999,54194,0.00025393652000,0.00013750,0.0000000000000,6796.691,92.941,420.933,416.179,PAYLOAD,LARGE,CIS,1998-11-20,TTMTR,,4918577,304661857,0 ISS (ZARYA),1 25544U 98067A   25340.86543100  .00013750  00000-0  25394-3 0  9993,2 25544  51.6304 171.5636 0003497 213.1314 146.9456 15.49374779541942
3.0,GENERATED VIA SPACE-TRACK.ORG API,2025-12-07 17:20:40+00:00,18 SPCS,ISS (ZARYA),1998-067A,EARTH,TEME,UTC,SGP4,2025-12-07 04:30:36.916128+00:00,15.49384117,0.00034959,51.6302,169.9669,214.2568,145.8196,0,U,25544,999,54199,0.00024795554000,0.00013419,0.0000000000000,6796.664,92.940,420.905,416.153,PAYLOAD,LARGE,CIS,1998-11-20,TTMTR,,4918610,304693786,0 ISS (ZARYA),1 25544U 98067A   25341.18792727  .00013419  00000-0  24796-3 0  9997,2 25544  51.6302 169.9669 0003496 214.2568 145.8196 15.49384117541990
3.0,GENERATED VIA SPACE-TRACK.ORG API,2025-12-08 03:46:37+00:00,18 SPCS,ISS (ZARYA),1998-067A,EARTH,TEME,UTC,SGP4,2025-12-07 21:32:16.385568+00:00,15.49404055,0.00034250,51.6302,166.4547,217.7386,142.3363,0,U,25544,999,54210,0.00022339025000,0.00012051,0.0000000000000,6796.605,92.939,420.798,416.142,PAYLOAD,LARGE,CIS,1998-11-20,TTMTR,,4918622,304725923,0 ISS (ZARYA),1 25544U 98067A   25341.89741187  .00012051  00000-0  22339-3 0  9991,2 25544  51.6302 166.4547 0003425 217.7386 142.3363 15.49404055542101
3.0,GENERATED VIA SPACE-TRACK.ORG API,2025-12-08 11:02:57+00:00,18 SPCS,ISS (ZARYA),1998-067A,EARTH,TEME,UTC,SGP4,2025-12-08 05:16:39.559584+00:00,15.49412336,0.00034318,51.6305,164.8582,219.3069,140.7671,0,U,25544,999,54215,0.00022082399000,0.00011911,0.0000000000000,6796.581,92.938,420.778,416.114,PAYLOAD,LARGE,CIS,1998-11-20,TTMTR,,4918630,304757500,0 ISS (ZARYA),1 25544U 98067A   25342.21990231  .00011911  00000-0  22082-3 0  9993,2 25544  51.6305 164.8582 0003432 219.3069 140.7671 15.49412336542159
3.0,GENERATED VIA SPACE-TRACK.ORG API,2025-12-08 18:20:44+00:00,18 SPCS,ISS (ZARYA),1998-067A,EARTH,TEME,UTC,SGP4,2025-12-08 13:01:02.621280+00:00,15.49420853,0.00033936,51.6307,163.2617,220.7658,139.3077,0,U,25544,999,54220,0.00023027995000,0.00012445,0.0000000000000,6796.556,92.938,420.728,416.115,PAYLOAD,LARGE,CIS,1998-11-20,TTMTR,,4918649,304789412,0 ISS (ZARYA),1 25544U 98067A   25342.54239145  .00012445  00000-0  23028-3 0  9993,2 25544  51.6307 163.2617 0003394 220.7658 139.3077 15.49420853542203
3.0,GENERATED VIA SPACE-TRACK.ORG API,2025-12-09 05:08:39+00:00,18 SPCS,ISS (ZARYA),1998-067A,EARTH,TEME,UTC,SGP4,2025-12-08 20:45:25.501536+00:00,15.49428834,0.00033811,51.6308,161.6653,221.9847,138.0883,0,U,25544,999,54225,0.00022803662000,0.00012323,0.0000000000000,6796.533,92.937,420.696,416.100,PAYLOAD,LARGE,CIS,1998-11-20,TTMTR,,4919542,304840844,0 ISS (ZARYA),1 25544U 98067A   25342.86487849  .00012323  00000-0  22804-3 0  9990,2 25544  51.6308 161.6653 0003381 221.9847 138.0883 15.49428834542258
3.0,GENERATED VIA SPACE-TRACK.ORG API,2025-12-09 08:06:35+00:00,18 SPCS,ISS (ZARYA),1998-067A,EARTH,TEME,UTC,SGP4,2025-12-08 20:45:25.500672+00:00,15.49428834,0.00033810,51.6308,161.6653,221.9847,138.0883,0,U,25544,999,54225,0.00022804000000,0.00012323,0.0000000000000,6796.533,92.937,420.696,416.100,PAYLOAD,LARGE,CIS,1998-11-20,TTMTR,,4920031,304877801,0 ISS (ZARYA),1 25544U 98067A   25342.86487848  .00012323  00000-0  22804-3 0  9999,2 25544  51.6308 161.6653 0003381 221.9847 138.0883 15.49428834542258
3.0,GENERATED VIA SPACE-TRACK.ORG API,2025-12-09 13:02:25+00:00,18 SPCS,ISS (ZARYA),1998-067A,EARTH,TEME,UTC,SGP4,2025-12-09 04:29:48.234912+00:00,15.49438460,0.00033664,51.6308,160.0685,223.6321,136.4401,0,U,25544,999,54230,0.00025260910000,0.00013707,0.0000000000000,6796.505,92.937,420.658,416.082,PAYLOAD,LARGE,CIS,1998-11-20,TTMTR,,4920375,304892005,0 ISS (ZARYA),1 25544U 98067A   25343.18736383  .00013707  00000-0  25261-3 0  9993,2 25544  51.6308 160.0685 0003366 223.6321 136.4401 15.49438460542305
3.0,GENERATED VIA SPACE-TRACK.ORG API,2025-12-09 15:16:22+00:00,18 SPCS,ISS (ZARYA),1998-067A,EARTH,TEME,UTC,SGP4,2025-12-09 10:41:18.358368+00:00,15.49444513,0.00033520,51.6308,158.7912,224.7147,135.3571,0,U,25544,999,54234,0.00025353000000,0.00013761,0.0000000000000,6796.487,92.937,420.630,416.074,PAYLOAD,LARGE,CIS,1998-11-20,TTMTR,,4920878,304929456,0 ISS (ZARYA),1 25544U 98067A   25343.44535137  .00013761  00000-0  25353-3 0  9998,2 25544  51.6308 158.7912 0003352 224.7147 135.3571 15.49444513542341
3.0,GENERATED VIA SPACE-TRACK.ORG API,2025-12-09 17:41:06+00:00,18 SPCS,ISS (ZARYA),1998-067A,EARTH,TEME,UTC,SGP4,2025-12-09 12:14:10.839552+00:00,15.49447168,0.00034000,51.6310,158.4724,223.8185,136.2534,0,U,25544,999,54235,0.00026025969000,0.00014141,0.0000000000000,6796.479,92.936,420.655,416.033,PAYLOAD,LARGE,CIS,1998-11-20,TTMTR,,4921142,304942311,0 ISS (ZARYA),1 25544U 98067A   25343.50984768  .00014141  00000-0  26026-3 0  9994,2 25544  51.6310 158.4724 0003400 223.8185 136.2534 15.49447168542357
3.0,GENERATED VIA SPACE-TRACK.ORG API,2025-12-09 23:56:21+00:00,18 SPCS,ISS (ZARYA),1998-067A,EARTH,TEME,UTC,SGP4,2025-12-09 12:14:10.838688+00:00,15.49447168,0.00034000,51.6310,158.4724,223.8185,136.2534,0,U,25544,999,54235,0.00026026000000,0.00014141,0.0000000000000,6796.479,92.936,420.655,416.033,PAYLOAD,LARGE,CIS,1998-11-20,TTMTR,,4921599,304977690,0 ISS (ZARYA),1 25544U 98067A   25343.50984767  .00014141  00000-0  26026-3 0  9993,2 25544  51.6310 158.4724 0003400 223.8185 136.2534 15.49447168542357
3.0,GENERATED VIA SPACE-TRACK.ORG API,2025-12-10 07:36:37+00:00,18 SPCS,ISS (ZARYA),1998-067A,EARTH,TEME,UTC,SGP4,2025-12-09 21:31:25.697280+00:00,15.49459040,0.00033470,51.6313,156.5563,226.2924,133.7787,0,U,25544,999,54241,0.00027325000000,0.00014877,0.0000000000000,6796.444,92.936,420.584,416.035,PAYLOAD,LARGE,CIS,1998-11-20,TTMTR,,4922165,304991621,0 ISS (ZARYA),1 25544U 98067A   25343.89682520  .00014877  00000-0  27325-3 0  9996,2 25544  51.6313 156.5563 0003347 226.2924 133.7787 15.49459040542419
3.0,GENERATED VIA SPACE-TRACK.ORG API,2025-12-10 10:40:49+00:00,18 SPCS,ISS (ZARYA),1998-067A,EARTH,TEME,UTC,SGP4,2025-12-10 03:42:55.481184+00:00,15.49465664,0.00033950,51.6306,155.2782,228.7876,131.2820,0,U,25544,999,54245,0.00027248017000,0.00014837,0.0000000000000,6796.425,92.935,420.598,415.983,PAYLOAD,LARGE,CIS,1998-11-20,TTMTR,,4922494,305005673,0 ISS (ZARYA),1 25544U 98067A   25344.15480881  .00014837  00000-0  27248-3 0  9992,2 25544  51.6306 155.2782 0003395 228.7876 131.2820 15.49465664542450
3.0,GENERATED VIA SPACE-TRACK.ORG API,2025-12-10 15:16:32+00:00,18 SPCS,ISS (ZARYA),1998-067A,EARTH,TEME,UTC,SGP4,2025-12-10 03:42:55.481184+00:00,15.49465630,0.00033950,51.6306,155.2782,228.7831,131.2865,0,U,25544,999,54245,0.00027210000000,0.00014816,0.0000000000000,6796.425,92.935,420.598,415.983,PAYLOAD,LARGE,CIS,1998-11-20,TTMTR,,4923012,305043570,0 ISS (ZARYA),1 25544U 98067A   25344.15480881  .00014816  00000-0  27210-3 0  9998,2 25544  51.6306 155.2782 0003395 228.7831 131.2865 15.49465630542453
3.0,GENERATED VIA SPACE-TRACK.ORG API,2025-12-10 19:58:43+00:00,18 SPCS,ISS (ZARYA),1998-067A,EARTH,TEME,UTC,SGP4,2025-12-10 13:00:09.919872+00:00,15.49478601,0.00033601,51.6308,153.3620,230.7092,129.3599,0,U,25544,999,54251,0.00028443480000,0.00015517,0.0000000000000,6796.387,92.934,420.536,415.969,PAYLOAD,LARGE,CIS,1998-11-20,TTMTR,,4923342,305057226,0 ISS (ZARYA),1 25544U 98067A   25344.54178148  .00015517  00000-0  28443-3 0  9999,2 25544  51.6308 153.3620 0003360 230.7092 129.3599 15.49478601542510
3.0,GENERATED VIA SPACE-TRACK.ORG API,2025-12-10 22:46:34+00:00,18 SPCS,ISS (ZARYA),1998-067A,EARTH,TEME,UTC,SGP4,2025-12-10 13:00:09.919008+00:00,15.49478601,0.00033600,51.6308,153.3620,230.7092,129.3599,0,U,25544,999,54251,0.00028443000000,0.00015517,0.0000000000000,6796.387,92.934,420.536,415.969,PAYLOAD,LARGE,CIS,1998-11-20,TTMTR,,4923790,305092605,0 ISS (ZARYA),1 25544U 98067A   25344.54178147  .00015517  00000-0  28443-3 0  9998,2 25544  51.6308 153.3620 0003360 230.7092 129.3599 15.49478601542510
3.0,GENERATED VIA SPACE-TRACK.ORG API,2025-12-11 03:54:24+00:00,18 SPCS,ISS (ZARYA),1998-067A,EARTH,TEME,UTC,SGP4,2025-12-10 22:17:24.112320+00:00,15.49489378,0.00033509,51.6309,151.4463,232.8214,127.2469,0,U,25544,999,54257,0.00026508679000,0.00014434,0.0000000000000,6796.356,92.934,420.498,415.943,PAYLOAD,LARGE,CIS,1998-11-20,TTMTR,,4924027,305104890,0 ISS (ZARYA),1 25544U 98067A   25344.92875130  .00014434  00000-0  26509-3 0  9994,2 25544  51.6309 151.4463 0003351 232.8214 127.2469 15.49489378542576
3.0,GENERATED VIA SPACE-TRACK.ORG API,2025-12-11 10:54:47+00:00,18 SPCS,ISS (ZARYA),1998-067A,EARTH,TEME,UTC,SGP4,2025-12-11 04:28:53.401152+00:00,15.49499993,0.00033343,51.6309,150.1691,234.1557,125.9122,0,U,25544,999,54261,0.00030173842000,0.00016503,0.0000000000000,6796.325,92.933,420.456,415.924,PAYLOAD,LARGE,CIS,1998-11-20,TTMTR,,4924811,305155785,0 ISS (ZARYA),1 25544U 98067A   25345.18672918  .00016503  00000-0  30174-3 0  9994,2 25544  51.6309 150.1691 0003334 234.1557 125.9122 15.49499993542611
3.0,GENERATED VIA SPACE-TRACK.ORG API,2025-12-11 19:14:58+00:00,18 SPCS,ISS (ZARYA),1998-067A,EARTH,TEME,UTC,SGP4,2025-12-11 12:13:14.837664+00:00,15.49508857,0.00033166,51.6308,148.5724,235.7177,124.3498,0,U,25544,999,54266,0.00026544961000,0.00014464,0.0000000000000,6796.299,92.933,420.418,415.910,PAYLOAD,LARGE,CIS,1998-11-20,TTMTR,,4924847,305187339,0 ISS (ZARYA),1 25544U 98067A   25345.50919951  .00014464  00000-0  26545-3 0  9992,2 25544  51.6308 148.5724 0003317 235.7177 124.3498 15.49508857542668
3.0,GENERATED VIA SPACE-TRACK.ORG API,2025-12-12 03:16:50+00:00,18 SPCS,ISS (ZARYA),1998-067A,EARTH,TEME,UTC,SGP4,2025-12-11 21:30:28.324224+00:00,15.49521399,0.00032978,51.6307,146.6565,237.1442,122.9229,0,U,25544,999,54272,0.00026380738000,0.00014378,0.0000000000000,6796.262,92.932,420.368,415.886,PAYLOAD,LARGE,CIS,1998-11-20,TTMTR,,4924904,305219092,0 ISS (ZARYA),1 25544U 98067A   25345.89616116  .00014378  00000-0  26381-3 0  9993,2 25544  51.6307 146.6565 0003298 237.1442 122.9229 15.49521399542727
3.0,GENERATED VIA SPACE-TRACK.ORG API,2025-12-12 10:14:36+00:00,18 SPCS,ISS (ZARYA),1998-067A,EARTH,TEME,UTC,SGP4,2025-12-12 03:41:57.165504+00:00,15.49529746,0.00032837,51.6307,145.3792,237.6977,122.3694,0,U,25544,999,54276,0.00026408062000,0.00014398,0.0000000000000,6796.238,92.931,420.334,415.871,PAYLOAD,LARGE,CIS,1998-11-20,TTMTR,,4925670,305269471,0 ISS (ZARYA),1 25544U 98067A   25346.15413386  .00014398  00000-0  26408-3 0  9999,2 25544  51.6307 145.3792 0003284 237.6977 122.3694 15.49529746542766
3.0,GENERATED VIA SPACE-TRACK.ORG API,2025-12-13 04:32:25+00:00,18 SPCS,ISS (ZARYA),1998-067A,EARTH,TEME,UTC,SGP4,2025-12-12 20:43:30.984384+00:00,15.49550036,0.00032451,51.6304,141.8664,240.6311,119.4354,0,U,25544,999,54287,0.00025741225000,0.00014033,0.0000000000000,6796.178,92.930,420.249,415.838,PAYLOAD,LARGE,CIS,1998-11-20,TTMTR,,4925723,305301571,0 ISS (ZARYA),1 25544U 98067A   25346.86355306  .00014033  00000-0  25741-3 0  9999,2 25544  51.6304 141.8664 0003245 240.6311 119.4354 15.49550036542873
3.0,GENERATED VIA SPACE-TRACK.ORG API,2025-12-13 17:47:00+00:00,18 SPCS,ISS (ZARYA),1998-067A,EARTH,TEME,UTC,SGP4,2025-12-13 02:54:59.414400+00:00,15.49559837,0.00032382,51.6303,140.5889,241.9684,118.0978,0,U,25544,999,54291,0.00029450217000,0.00016130,0.0000000000000,6796.150,92.930,420.215,415.814,PAYLOAD,LARGE,CIS,1998-11-20,TTMTR,,4925758,305333149,0 ISS (ZARYA),1 25544U 98067A   25347.12152100  .00016130  00000-0  29450-3 0  9997,2 25544  51.6303 140.5889 0003238 241.9684 118.0978 15.49559837542916
3.0,GENERATED VIA SPACE-TRACK.ORG API,2025-12-14 03:07:11+00:00,18 SPCS,ISS (ZARYA),1998-067A,EARTH,TEME,UTC,SGP4,2025-12-13 13:45:03.960000+00:00,15.49569091,0.00032302,51.6303,138.3533,244.1175,115.9481,0,U,25544,999,54298,0.00023044054000,0.00012521,0.0000000000000,6796.123,92.929,420.183,415.792,PAYLOAD,LARGE,CIS,1998-11-20,TTMTR,,4925770,305365425,0 ISS (ZARYA),1 25544U 98067A   25347.57296250  .00012521  00000-0  23044-3 0  9994,2 25544  51.6303 138.3533 0003230 244.1175 115.9481 15.49569091542984
3.0,GENERATED VIA SPACE-TRACK.ORG API,2025-12-14 11:30:26+00:00,18 SPCS,ISS (ZARYA),1998-067A,EARTH,TEME,UTC,SGP4,2025-12-13 21:29:24.134208+00:00,15.49578000,0.00032568,51.6304,136.7564,246.2023,113.8624,0,U,25544,999,54303,0.00022109287000,0.00011998,0.0000000000000,6796.097,92.929,420.175,415.748,PAYLOAD,LARGE,CIS,1998-11-20,TTMTR,,4925779,305397151,0 ISS (ZARYA),1 25544U 98067A   25347.89541822  .00011998  00000-0  22109-3 0  9995,2 25544  51.6304 136.7564 0003257 246.2023 113.8624 15.49578000543038
3.0,GENERATED VIA SPACE-TRACK.ORG API,2025-12-14 18:24:38+00:00,18 SPCS,ISS (ZARYA),1998-067A,EARTH,TEME,UTC,SGP4,2025-12-14 05:13:44.174496+00:00,15.49586484,0.00032642,51.6305,135.1599,246.9077,113.1568,0,U,25544,999,54308,0.00022198491000,0.00012052,0.0000000000000,6796.072,92.928,420.155,415.718,PAYLOAD,LARGE,CIS,1998-11-20,TTMTR,,4925820,305429233,0 ISS (ZARYA),1 25544U 98067A   25348.21787239  .00012052  00000-0  22198-3 0  9996,2 25544  51.6305 135.1599 0003264 246.9077 113.1568 15.49586484543084
3.0,GENERATED VIA SPACE-TRACK.ORG API,2025-12-15 04:20:25+00:00,18 SPCS,ISS (ZARYA),1998-067A,EARTH,TEME,UTC,SGP4,2025-12-14 20:42:23.988960+00:00,15.49595360,0.00032074,51.6306,131.9662,249.8734,110.1909,0,U,25544,999,54318,0.00013765617000,0.00007299,0.0000000000000,6796.046,92.927,420.091,415.731,PAYLOAD,LARGE,CIS,1998-11-20,TTMTR,,4925847,305460524,0 ISS (ZARYA),1 25544U 98067A   25348.86277765  .00007299  00000-0  13766-3 0  9993,2 25544  51.6306 131.9662 0003207 249.8734 110.1909 15.49595360543189
3.0,GENERATED VIA SPACE-TRACK.ORG API,2025-12-15 20:47:01+00:00,18 SPCS,ISS (ZARYA),1998-067A,EARTH,TEME,UTC,SGP4,2025-12-15 05:59:35.690496+00:00,15.49601155,0.00031934,51.6306,130.0501,251.9008,108.1633,0,U,25544,999,54324,0.00013467464000,0.00007132,0.0000000000000,6796.029,92.927,420.064,415.724,PAYLOAD,LARGE,CIS,1998-11-20,TTMTR,,4925932,305492651,0 ISS (ZARYA),1 25544U 98067A   25349.24971864  .00007132  00000-0  13467-3 0  9991,2 25544  51.6306 130.0501 0003193 251.9008 108.1633 15.49601155543241
3.0,GENERATED VIA SPACE-TRACK.ORG API,2025-12-16 02:19:10+00:00,18 SPCS,ISS (ZARYA),1998-067A,EARTH,TEME,UTC,SGP4,2025-12-15 21:28:14.919168+00:00,15.49611341,0.00031690,51.6305,126.8563,254.4589,105.6050,0,U,25544,999,54334,0.00012896231000,0.00006813,0.0000000000000,6795.999,92.927,420.018,415.710,PAYLOAD,LARGE,CIS,1998-11-20,TTMTR,,4925951,305524436,0 ISS (ZARYA),1 25544U 98067A   25349.89461712  .00006813  00000-0  12896-3 0  9998,2 25544  51.6305 126.8563 0003169 254.4589 105.6050 15.49611341543340
3.0,GENERATED VIA SPACE-TRACK.ORG API,2025-12-16 18:50:54+00:00,18 SPCS,ISS (ZARYA),1998-067A,EARTH,TEME,UTC,SGP4,2025-12-16 02:06:50.626944+00:00,15.49613604,0.00031739,51.6306,125.8981,255.6781,104.3856,0,U,25544,999,54337,0.00012170727000,0.00006404,0.0000000000000,6795.993,92.926,420.015,415.701,PAYLOAD,LARGE,CIS,1998-11-20,TTMTR,,4926060,305556581,0 ISS (ZARYA),1 25544U 98067A   25350.08808596  .00006404  00000-0  12171-3 0  9998,2 25544  51.6306 125.8981 0003174 255.6781 104.3856 15.49613604543374
3.0,GENERATED VIA SPACE-TRACK.ORG API,2025-12-17 02:25:03+00:00,18 SPCS,ISS (ZARYA),1998-067A,EARTH,TEME,UTC,SGP4,2025-12-16 20:41:13.172928+00:00,15.49626059,0.00031782,51.6308,122.0659,259.3256,100.7375,0,U,25544,999,54349,0.00014251236000,0.00007581,0.0000000000000,6795.956,92.926,419.981,415.661,PAYLOAD,LARGE,CIS,1998-11-20,TTMTR,,4926108,305588885,0 ISS (ZARYA),1 25544U 98067A   25350.86195802  .00007581  00000-0  14251-3 0  9991,2 25544  51.6308 122.0659 0003178 259.3256 100.7375 15.49626059543496
3.0,GENERATED VIA SPACE-TRACK.ORG API,2025-12-17 11:34:26+00:00,18 SPCS,ISS (ZARYA),1998-067A,EARTH,TEME,UTC,SGP4,2025-12-17 01:19:48.717408+00:00,15.49629327,0.00031735,51.6309,121.1077,260.4156,99.6474,0,U,25544,999,54352,0.00014583435000,0.00007770,0.0000000000000,6795.947,92.925,419.968,415.655,PAYLOAD,LARGE,CIS,1998-11-20,TTMTR,,4926125,305620641,0 ISS (ZARYA),1 25544U 98067A   25351.05542497  .00007770  00000-0  14583-3 0  9997,2 25544  51.6309 121.1077 0003173 260.4156  99.6474 15.49629327543529
3.0,GENERATED VIA SPACE-TRACK.ORG API,2025-12-17 19:48:56+00:00,18 SPCS,ISS (ZARYA),1998-067A,EARTH,TEME,UTC,SGP4,2025-12-17 13:42:43.375968+00:00,15.49636687,0.00031828,51.6310,118.5527,262.6214,97.4413,0,U,25544,999,54360,0.00014273627000,0.00007597,0.0000000000000,6795.925,92.925,419.953,415.627,PAYLOAD,LARGE,CIS,1998-11-20,TTMTR,,4926206,305652284,0 ISS (ZARYA),1 25544U 98067A   25351.57133537  .00007597  00000-0  14274-3 0  9999,2 25544  51.6310 118.5527 0003183 262.6214  97.4413 15.49636687543606
3.0,GENERATED VIA SPACE-TRACK.ORG API,2025-12-18 02:19:01+00:00,18 SPCS,ISS (ZARYA),1998-067A,EARTH,TEME,UTC,SGP4,2025-12-17 19:54:10.621440+00:00,15.49640803,0.00031686,51.6309,117.2752,263.8701,96.1927,0,U,25544,999,54364,0.00014328078000,0.00007629,0.0000000000000,6795.913,92.925,419.931,415.625,PAYLOAD,LARGE,CIS,1998-11-20,TTMTR,,4926279,305684638,0 ISS (ZARYA),1 25544U 98067A   25351.82928960  .00007629  00000-0  14328-3 0  9995,2 25544  51.6309 117.2752 0003169 263.8701  96.1927 15.49640803543643
3.0,GENERATED VIA SPACE-TRACK.ORG API,2025-12-18 11:20:39+00:00,18 SPCS,ISS (ZARYA),1998-067A,EARTH,TEME,UTC,SGP4,2025-12-18 05:11:21.338880+00:00,15.49648163,0.00031704,51.6313,115.3593,265.6107,94.4519,0,U,25544,999,54370,0.00015154287000,0.00008098,0.0000000000000,6795.892,92.924,419.911,415.602,PAYLOAD,LARGE,CIS,1998-11-20,TTMTR,,4926320,305715981,0 ISS (ZARYA),1 25544U 98067A   25352.21621920  .00008098  00000-0  15154-3 0  9994,2 25544  51.6313 115.3593 0003170 265.6107  94.4519 15.49648163543704
3.0,GENERATED VIA SPACE-TRACK.ORG API,2025-12-18 20:02:43+00:00,18 SPCS,ISS (ZARYA),1998-067A,EARTH,TEME,UTC,SGP4,2025-12-18 12:55:40.164384+00:00,15.49652631,0.00031724,51.6314,113.7624,267.0099,93.0526,0,U,25544,999,54375,0.00013939492000,0.00007413,0.0000000000000,6795.878,92.924,419.899,415.587,PAYLOAD,LARGE,CIS,1998-11-20,TTMTR,,4926399,305748690,0 ISS (ZARYA),1 25544U 98067A   25352.53865931  .00007413  00000-0  13939-3 0  9990,2 25544  51.6314 113.7624 0003172 267.0099  93.0526 15.49652631543753
3.0,GENERATED VIA SPACE-TRACK.ORG API,2025-12-19 02:08:39+00:00,18 SPCS,ISS (ZARYA),1998-067A,EARTH,TEME,UTC,SGP4,2025-12-18 16:01:23.678688+00:00,15.49654558,0.00031819,51.6314,113.1238,267.6136,92.4488,0,U,25544,999,54377,0.00013842400000,0.00007358,0.0000000000000,6795.873,92.924,419.900,415.575,PAYLOAD,LARGE,CIS,1998-11-20,TTMTR,,4926467,305780105,0 ISS (ZARYA),1 25544U 98067A   25352.66763517  .00007358  00000-0  13842-3 0  9992,2 25544  51.6314 113.1238 0003182 267.6136  92.4488 15.49654558543779
3.0,GENERATED VIA SPACE-TRACK.ORG API,2025-12-19 10:18:47+00:00,18 SPCS,ISS (ZARYA),1998-067A,EARTH,TEME,UTC,SGP4,2025-12-19 01:18:34.104096+00:00,15.49660414,0.00031768,51.6316,111.2076,269.7772,90.2853,0,U,25544,999,54383,0.00012867135000,0.00006809,0.0000000000000,6795.856,92.924,419.880,415.562,PAYLOAD,LARGE,CIS,1998-11-20,TTMTR,,4926531,305812090,0 ISS (ZARYA),1 25544U 98067A   25353.05456139  .00006809  00000-0  12867-3 0  9991,2 25544  51.6316 111.2076 0003177 269.7772  90.2853 15.49660414543830
3.0,GENERATED VIA SPACE-TRACK.ORG API,2025-12-19 20:07:10+00:00,18 SPCS,ISS (ZARYA),1998-067A,EARTH,TEME,UTC,SGP4,2025-12-19 10:35:44.375712+00:00,15.49667075,0.00031732,51.6317,109.2912,271.3280,88.7345,0,U,25544,999,54389,0.00012809493000,0.00006778,0.0000000000000,6795.836,92.923,419.858,415.545,PAYLOAD,LARGE,CIS,1998-11-20,TTMTR,,4926555,305844399,0 ISS (ZARYA),1 25544U 98067A   25353.44148583  .00006778  00000-0  12809-3 0  9996,2 25544  51.6317 109.2912 0003173 271.3280  88.7345 15.49667075543890
3.0,GENERATED VIA SPACE-TRACK.ORG API,2025-12-19 21:26:20+00:00,18 SPCS,ISS (ZARYA),1998-067A,EARTH,TEME,UTC,SGP4,2025-12-19 10:35:44.374848+00:00,15.49667075,0.00031730,51.6317,109.2912,271.3280,88.7345,0,U,25544,999,54389,0.00012809000000,0.00006778,0.0000000000000,6795.836,92.923,419.858,415.545,PAYLOAD,LARGE,CIS,1998-11-20,TTMTR,,4927090,305882898,0 ISS (ZARYA),1 25544U 98067A   25353.44148582  .00006778  00000-0  12809-3 0  9995,2 25544  51.6317 109.2912 0003173 271.3280  88.7345 15.49667075543890
3.0,GENERATED VIA SPACE-TRACK.ORG API,2025-12-20 03:40:46+00:00,18 SPCS,ISS (ZARYA),1998-067A,EARTH,TEME,UTC,SGP4,2025-12-19 18:20:02.855616+00:00,15.49672026,0.00031868,51.6318,107.6945,273.0117,87.0507,0,U,25544,999,54394,0.00012625850000,0.00006675,0.0000000000000,6795.822,92.923,419.852,415.521,PAYLOAD,LARGE,CIS,1998-11-20,TTMTR,,4927604,305902340,0 ISS (ZARYA),1 25544U 98067A   25353.76392194  .00006675  00000-0  12626-3 0  9993,2 25544  51.6318 107.6945 0003187 273.0117  87.0507 15.49672026543942
3.0,GENERATED VIA SPACE-TRACK.ORG API,2025-12-20 07:56:31+00:00,18 SPCS,ISS (ZARYA),1998-067A,EARTH,TEME,UTC,SGP4,2025-12-19 18:20:02.854752+00:00,15.49672026,0.00031870,51.6318,107.6945,273.0117,87.0507,0,U,25544,999,54394,0.00012626000000,0.00006675,0.0000000000000,6795.822,92.923,419.853,415.521,PAYLOAD,LARGE,CIS,1998-11-20,TTMTR,,4928047,305938109,0 ISS (ZARYA),1 25544U 98067A   25353.76392193  .00006675  00000-0  12626-3 0  9992,2 25544  51.6318 107.6945 0003187 273.0117  87.0507 15.49672026543942
3.0,GENERATED VIA SPACE-TRACK.ORG API,2025-12-20 11:53:06+00:00,18 SPCS,ISS (ZARYA),1998-067A,EARTH,TEME,UTC,SGP4,2025-12-20 05:10:04.568160+00:00,15.49679666,0.00031985,51.6321,105.4589,275.1086,84.9538,0,U,25544,999,54401,0.00013176766000,0.00006989,0.0000000000000,6795.799,92.922,419.838,415.491,PAYLOAD,LARGE,CIS,1998-11-20,TTMTR,,4928347,305952045,0 ISS (ZARYA),1 25544U 98067A   25354.21533065  .00006989  00000-0  13177-3 0  9998,2 25544  51.6321 105.4589 0003199 275.1086  84.9538 15.49679666544013
3.0,GENERATED VIA SPACE-TRACK.ORG API,2025-12-20 14:36:39+00:00,18 SPCS,ISS (ZARYA),1998-067A,EARTH,TEME,UTC,SGP4,2025-12-20 06:42:56.229408+00:00,15.49680920,0.00031930,51.6320,105.1395,275.4219,84.6406,0,U,25544,999,54402,0.00013442000000,0.00007139,0.0000000000000,6795.796,92.922,419.831,415.491,PAYLOAD,LARGE,CIS,1998-11-20,TTMTR,,4928712,305986537,0 ISS (ZARYA),1 25544U 98067A   25354.27981747  .00007139  00000-0  13442-3 0  9991,2 25544  51.6320 105.1395 0003193 275.4219  84.6406 15.49680920544026
3.0,GENERATED VIA SPACE-TRACK.ORG API,2025-12-20 17:42:43+00:00,18 SPCS,ISS (ZARYA),1998-067A,EARTH,TEME,UTC,SGP4,2025-12-20 14:27:14.498496+00:00,15.49685042,0.00031934,51.6321,103.5427,277.2005,82.8620,0,U,25544,999,54407,0.00012983891000,0.00006881,0.0000000000000,6795.784,92.922,419.819,415.479,PAYLOAD,LARGE,CIS,1998-11-20,TTMTR,,4928986,305999123,0 ISS (ZARYA),1 25544U 98067A   25354.60225114  .00006881  00000-0  12984-3 0  9990,2 25544  51.6321 103.5427 0003193 277.2005  82.8620 15.49685042544071
3.0,GENERATED VIA SPACE-TRACK.ORG API,2025-12-21 00:06:37+00:00,18 SPCS,ISS (ZARYA),1998-067A,EARTH,TEME,UTC,SGP4,2025-12-20 14:27:14.497632+00:00,15.49685042,0.00031930,51.6321,103.5427,277.2005,82.8620,0,U,25544,999,54407,0.00012984000000,0.00006881,0.0000000000000,6795.784,92.922,419.819,415.479,PAYLOAD,LARGE,CIS,1998-11-20,TTMTR,,4929453,306036579,0 ISS (ZARYA),1 25544U 98067A   25354.60225113  .00006881  00000-0  12984-3 0  9999,2 25544  51.6321 103.5427 0003193 277.2005  82.8620 15.49685042544071
3.0,GENERATED VIA SPACE-TRACK.ORG API,2025-12-21 03:42:25+00:00,18 SPCS,ISS (ZARYA),1998-067A,EARTH,TEME,UTC,SGP4,2025-12-20 16:00:06.135552+00:00,15.49686708,0.00031636,51.6321,103.2234,277.4707,82.5922,0,U,25544,999,54408,0.00013711052000,0.00007293,0.0000000000000,6795.779,92.922,419.794,415.494,PAYLOAD,LARGE,CIS,1998-11-20,TTMTR,,4929614,306046718,0 ISS (ZARYA),1 25544U 98067A   25354.66673768  .00007293  00000-0  13711-3 0  9995,2 25544  51.6321 103.2234 0003164 277.4707  82.5922 15.49686708544086
3.0,GENERATED VIA SPACE-TRACK.ORG API,2025-12-21 07:26:37+00:00,18 SPCS,ISS (ZARYA),1998-067A,EARTH,TEME,UTC,SGP4,2025-12-20 16:00:06.134688+00:00,15.49686708,0.00031640,51.6321,103.2234,277.4707,82.5922,0,U,25544,999,54408,0.00013711000000,0.00007293,0.0000000000000,6795.779,92.922,419.794,415.494,PAYLOAD,LARGE,CIS,1998-11-20,TTMTR,,4930100,306083865,0 ISS (ZARYA),1 25544U 98067A   25354.66673767  .00007293  00000-0  13711-3 0  9994,2 25544  51.6321 103.2234 0003164 277.4707  82.5922 15.49686708544086
3.0,GENERATED VIA SPACE-TRACK.ORG API,2025-12-21 13:38:25+00:00,18 SPCS,ISS (ZARYA),1998-067A,EARTH,TEME,UTC,SGP4,2025-12-21 04:22:59.119680+00:00,15.49696285,0.00031756,51.6324,100.6685,279.9061,80.1569,0,U,25544,999,54416,0.00015703459000,0.00008423,0.0000000000000,6795.751,92.921,419.774,415.458,PAYLOAD,LARGE,CIS,1998-11-20,TTMTR,,4930336,306095622,0 ISS (ZARYA),1 25544U 98067A   25355.18262870  .00008423  00000-0  15703-3 0  9990,2 25544  51.6324 100.6685 0003176 279.9061  80.1569 15.49696285544164
3.0,GENERATED VIA SPACE-TRACK.ORG API,2025-12-21 14:36:43+00:00,18 SPCS,ISS (ZARYA),1998-067A,EARTH,TEME,UTC,SGP4,2025-12-21 10:34:25.499424+00:00,15.49701473,0.00031570,51.6323,99.3910,280.7962,79.2671,0,U,25544,999,54420,0.00016671000000,0.00008972,0.0000000000000,6795.736,92.921,419.746,415.455,PAYLOAD,LARGE,CIS,1998-11-20,TTMTR,,4930752,306131995,0 ISS (ZARYA),1 25544U 98067A   25355.44057291  .00008972  00000-0  16671-3 0  9992,2 25544  51.6323  99.3910 0003157 280.7962  79.2671 15.49701473544201
3.0,GENERATED VIA SPACE-TRACK.ORG API,2025-12-21 17:17:06+00:00,18 SPCS,ISS (ZARYA),1998-067A,EARTH,TEME,UTC,SGP4,2025-12-21 13:40:08.668128+00:00,15.49703708,0.00031656,51.6324,98.7522,281.5679,78.4955,0,U,25544,999,54422,0.00016836560000,0.00009066,0.0000000000000,6795.729,92.921,419.745,415.443,PAYLOAD,LARGE,CIS,1998-11-20,TTMTR,,4931043,306145102,0 ISS (ZARYA),1 25544U 98067A   25355.56954477  .00009066  00000-0  16837-3 0  9996,2 25544  51.6324  98.7522 0003166 281.5679  78.4955 15.49703708544229
3.0,GENERATED VIA SPACE-TRACK.ORG API,2025-12-22 07:36:20+00:00,18 SPCS,ISS (ZARYA),1998-067A,EARTH,TEME,UTC,SGP4,2025-12-21 16:45:51.816096+00:00,15.49707977,0.00031600,51.6324,98.1136,282.2378,77.8256,0,U,25544,999,54424,0.00019136000000,0.00010370,0.0000000000000,6795.717,92.921,419.729,415.434,PAYLOAD,LARGE,CIS,1998-11-20,TTMTR,,4932181,306198644,0 ISS (ZARYA),1 25544U 98067A   25355.69851639  .00010370  00000-0  19136-3 0  9991,2 25544  51.6324  98.1136 0003160 282.2378  77.8256 15.49707977544243
3.0,GENERATED VIA SPACE-TRACK.ORG API,2025-12-22 10:45:50+00:00,18 SPCS,ISS (ZARYA),1998-067A,EARTH,TEME,UTC,SGP4,2025-12-21 22:57:18.016992+00:00,15.49714244,0.00031643,51.6324,96.8363,283.4657,76.5979,0,U,25544,999,54428,0.00020227117000,0.00010990,0.0000000000000,6795.698,92.920,419.714,415.413,PAYLOAD,LARGE,CIS,1998-11-20,TTMTR,,4932384,306209763,0 ISS (ZARYA),1 25544U 98067A   25355.95645853  .00010990  00000-0  20227-3 0  9990,2 25544  51.6324  96.8363 0003164 283.4657  76.5979 15.49714244544284
3.0,GENERATED VIA SPACE-TRACK.ORG API,2025-12-22 18:34:21+00:00,18 SPCS,ISS (ZARYA),1998-067A,EARTH,TEME,UTC,SGP4,2025-12-22 12:53:01.598784+00:00,15.49728746,0.00031539,51.6324,93.9618,285.9755,74.0886,0,U,25544,999,54437,0.00021249665000,0.00011576,0.0000000000000,6795.656,92.919,419.664,415.378,PAYLOAD,LARGE,CIS,1998-11-20,TTMTR,,4932419,306241602,0 ISS (ZARYA),1 25544U 98067A   25356.53682406  .00011576  00000-0  21250-3 0  9998,2 25544  51.6324  93.9618 0003154 285.9755  74.0886 15.49728746544372
3.0,GENERATED VIA SPACE-TRACK.ORG API,2025-12-23 02:54:50+00:00,18 SPCS,ISS (ZARYA),1998-067A,EARTH,TEME,UTC,SGP4,2025-12-22 15:58:44.561856+00:00,15.49732869,0.00031542,51.6326,93.3232,286.8846,73.1797,0,U,25544,999,54439,0.00022188304000,0.00012110,0.0000000000000,6795.644,92.919,419.652,415.365,PAYLOAD,LARGE,CIS,1998-11-20,TTMTR,,4932761,306282178,0 ISS (ZARYA),1 25544U 98067A   25356.66579354  .00012110  00000-0  22188-3 0  9995,2 25544  51.6326  93.3232 0003154 286.8846  73.1797 15.49732869544395
3.0,GENERATED VIA SPACE-TRACK.ORG API,2025-12-23 09:56:20+00:00,18 SPCS,ISS (ZARYA),1998-067A,EARTH,TEME,UTC,SGP4,2025-12-22 15:58:44.560992+00:00,15.49732869,0.00031540,51.6326,93.3232,286.8846,73.1797,0,U,25544,999,54439,0.00022188000000,0.00012110,0.0000000000000,6795.644,92.919,419.652,415.366,PAYLOAD,LARGE,CIS,1998-11-20,TTMTR,,4933187,306317615,0 ISS (ZARYA),1 25544U 98067A   25356.66579353  .00012110  00000-0  22188-3 0  9994,2 25544  51.6326  93.3232 0003154 286.8846  73.1797 15.49732869544395
3.0,GENERATED VIA SPACE-TRACK.ORG API,2025-12-23 10:48:59+00:00,18 SPCS,ISS (ZARYA),1998-067A,EARTH,TEME,UTC,SGP4,2025-12-23 04:21:36.091008+00:00,15.49746572,0.00031904,51.6323,90.7678,289.6661,70.3984,0,U,25544,999,54447,0.00021350548000,0.00011641,0.0000000000000,6795.604,92.918,419.637,415.301,PAYLOAD,LARGE,CIS,1998-11-20,TTMTR,,4933425,306329509,0 ISS (ZARYA),1 25544U 98067A   25357.18166772  .00011641  00000-0  21351-3 0  9998,2 25544  51.6323  90.7678 0003190 289.6661  70.3984 15.49746572544475
3.0,GENERATED VIA SPACE-TRACK.ORG API,2025-12-23 22:36:22+00:00,18 SPCS,ISS (ZARYA),1998-067A,EARTH,TEME,UTC,SGP4,2025-12-23 12:05:53.115072+00:00,15.49754932,0.00031690,51.6323,89.1709,291.0240,69.0409,0,U,25544,999,54452,0.00021071000000,0.00011486,0.0000000000000,6795.579,92.918,419.598,415.291,PAYLOAD,LARGE,CIS,1998-11-20,TTMTR,,4933824,306363852,0 ISS (ZARYA),1 25544U 98067A   25357.50408698  .00011486  00000-0  21071-3 0  9996,2 25544  51.6323  89.1709 0003169 291.0240  69.0409 15.49754932544520
3.0,GENERATED VIA SPACE-TRACK.ORG API,2025-12-24 02:10:40+00:00,18 SPCS,ISS (ZARYA),1998-067A,EARTH,TEME,UTC,SGP4,2025-12-23 18:17:18.636000+00:00,15.49761422,0.00031718,51.6321,87.8933,292.1344,67.9308,0,U,25544,999,54456,0.00020966669000,0.00011429,0.0000000000000,6795.560,92.918,419.581,415.270,PAYLOAD,LARGE,CIS,1998-11-20,TTMTR,,4934052,306375285,0 ISS (ZARYA),1 25544U 98067A   25357.76202125  .00011429  00000-0  20967-3 0  9991,2 25544  51.6321  87.8933 0003172 292.1344  67.9308 15.49761422544564
3.0,GENERATED VIA SPACE-TRACK.ORG API,2025-12-24 10:32:40+00:00,18 SPCS,ISS (ZARYA),1998-067A,EARTH,TEME,UTC,SGP4,2025-12-24 05:07:18.077088+00:00,15.49773492,0.00031703,51.6319,85.6574,294.2840,65.7818,0,U,25544,999,54463,0.00022737508000,0.00012440,0.0000000000000,6795.525,92.917,419.545,415.236,PAYLOAD,LARGE,CIS,1998-11-20,TTMTR,,4934857,306425654,0 ISS (ZARYA),1 25544U 98067A   25358.21340367  .00012440  00000-0  22738-3 0  9995,2 25544  51.6319  85.6574 0003170 294.2840  65.7818 15.49773492544630
3.0,GENERATED VIA SPACE-TRACK.ORG API,2025-12-25 00:06:23+00:00,18 SPCS,ISS (ZARYA),1998-067A,EARTH,TEME,UTC,SGP4,2025-12-24 12:51:34.606944+00:00,15.49782856,0.00031830,51.6318,84.0604,295.6588,64.4071,0,U,25544,999,54468,0.00023993000000,0.00013157,0.0000000000000,6795.498,92.916,419.526,415.200,PAYLOAD,LARGE,CIS,1998-11-20,TTMTR,,4935386,306463275,0 ISS (ZARYA),1 25544U 98067A   25358.53581721  .00013157  00000-0  23993-3 0  9991,2 25544  51.6318  84.0604 0003183 295.6588  64.4071 15.49782856544680
3.0,GENERATED VIA SPACE-TRACK.ORG API,2025-12-25 02:37:33+00:00,18 SPCS,ISS (ZARYA),1998-067A,EARTH,TEME,UTC,SGP4,2025-12-24 17:30:08.449344+00:00,15.49788781,0.00031932,51.6317,83.1022,296.2044,63.8616,0,U,25544,999,54471,0.00024880559000,0.00013665,0.0000000000000,6795.480,92.916,419.515,415.176,PAYLOAD,LARGE,CIS,1998-11-20,TTMTR,,4935668,306475876,0 ISS (ZARYA),1 25544U 98067A   25358.72926446  .00013665  00000-0  24881-3 0  9990,2 25544  51.6317  83.1022 0003193 296.2044  63.8616 15.49788781544713
3.0,GENERATED VIA SPACE-TRACK.ORG API,2025-12-25 08:16:32+00:00,18 SPCS,ISS (ZARYA),1998-067A,EARTH,TEME,UTC,SGP4,2025-12-24 17:30:08.449344+00:00,15.49788781,0.00031930,51.6316,83.1022,296.2044,63.8616,0,U,25544,999,54471,0.00024881000000,0.00013665,0.0000000000000,6795.480,92.916,419.515,415.176,PAYLOAD,LARGE,CIS,1998-11-20,TTMTR,,4936242,306513669,0 ISS (ZARYA),1 25544U 98067A   25358.72926446  .00013665  00000-0  24881-3 0  9990,2 25544  51.6316  83.1022 0003193 296.2044  63.8616 15.49788781544712
3.0,GENERATED VIA SPACE-TRACK.ORG API,2025-12-25 10:44:41+00:00,18 SPCS,ISS (ZARYA),1998-067A,EARTH,TEME,UTC,SGP4,2025-12-25 05:52:58.411200+00:00,15.49803499,0.00032029,51.6316,80.5467,298.8467,61.2200,0,U,25544,999,54479,0.00025322562000,0.00013923,0.0000000000000,6795.437,92.915,419.479,415.126,PAYLOAD,LARGE,CIS,1998-11-20,TTMTR,,4936478,306525429,0 ISS (ZARYA),1 25544U 98067A   25359.24512050  .00013923  00000-0  25323-3 0  9999,2 25544  51.6316  80.5467 0003203 298.8467  61.2200 15.49803499544798
3.0,GENERATED VIA SPACE-TRACK.ORG API,2025-12-25 20:18:59+00:00,18 SPCS,ISS (ZARYA),1998-067A,EARTH,TEME,UTC,SGP4,2025-12-25 13:37:14.375136+00:00,15.49813539,0.00032241,51.6318,78.9495,299.9641,60.1027,0,U,25544,999,54484,0.00025590650000,0.00014081,0.0000000000000,6795.408,92.914,419.464,415.082,PAYLOAD,LARGE,CIS,1998-11-20,TTMTR,,4936530,306558350,0 ISS (ZARYA),1 25544U 98067A   25359.56752749  .00014081  00000-0  25591-3 0  9998,2 25544  51.6318  78.9495 0003224 299.9641  60.1027 15.49813539544848
3.0,GENERATED VIA SPACE-TRACK.ORG API,2025-12-26 03:10:39+00:00,18 SPCS,ISS (ZARYA),1998-067A,EARTH,TEME,UTC,SGP4,2025-12-25 21:21:30.152448+00:00,15.49823805,0.00032345,51.6319,77.3524,301.5230,58.5443,0,U,25544,999,54489,0.00025321218000,0.00013933,0.0000000000000,6795.378,92.914,419.441,415.045,PAYLOAD,LARGE,CIS,1998-11-20,TTMTR,,4937582,306616043,0 ISS (ZARYA),1 25544U 98067A   25359.88993232  .00013933  00000-0  25321-3 0  9993,2 25544  51.6319  77.3524 0003235 301.5230  58.5443 15.49823805544896
3.0,GENERATED VIA SPACE-TRACK.ORG API,2025-12-26 07:56:30+00:00,18 SPCS,ISS (ZARYA),1998-067A,EARTH,TEME,UTC,SGP4,2025-12-25 21:21:30.151584+00:00,15.49823805,0.00032350,51.6319,77.3524,301.5230,58.5443,0,U,25544,999,54489,0.00025321000000,0.00013933,0.0000000000000,6795.378,92.914,419.441,415.045,PAYLOAD,LARGE,CIS,1998-11-20,TTMTR,,4938015,306651290,0 ISS (ZARYA),1 25544U 98067A   25359.88993231  .00013933  00000-0  25321-3 0  9992,2 25544  51.6319  77.3524 0003235 301.5230  58.5443 15.49823805544896
3.0,GENERATED VIA SPACE-TRACK.ORG API,2025-12-26 11:16:42+00:00,18 SPCS,ISS (ZARYA),1998-067A,EARTH,TEME,UTC,SGP4,2025-12-26 05:05:45.767328+00:00,15.49833819,0.00032367,51.6319,75.7553,303.1667,56.9011,0,U,25544,999,54494,0.00025187037000,0.00013862,0.0000000000000,6795.349,92.913,419.413,415.014,PAYLOAD,LARGE,CIS,1998-11-20,TTMTR,,4938246,306663183,0 ISS (ZARYA),1 25544U 98067A   25360.21233527  .00013862  00000-0  25187-3 0  9997,2 25544  51.6319  75.7553 0003237 303.1667  56.9011 15.49833819544949
3.0,GENERATED VIA SPACE-TRACK.ORG API,2025-12-26 17:37:03+00:00,18 SPCS,ISS (ZARYA),1998-067A,EARTH,TEME,UTC,SGP4,2025-12-26 12:50:01.193856+00:00,15.49844261,0.00032307,51.6320,74.1581,305.5588,54.5099,0,U,25544,999,54499,0.00025381537000,0.00013978,0.0000000000000,6795.318,92.913,419.379,414.988,PAYLOAD,LARGE,CIS,1998-11-20,TTMTR,,4938271,306695535,0 ISS (ZARYA),1 25544U 98067A   25360.53473604  .00013978  00000-0  25382-3 0  9999,2 25544  51.6320  74.1581 0003231 305.5588  54.5099 15.49844261544995
3.0,GENERATED VIA SPACE-TRACK.ORG API,2025-12-26 22:16:21+00:00,18 SPCS,ISS (ZARYA),1998-067A,EARTH,TEME,UTC,SGP4,2025-12-26 12:50:01.192992+00:00,15.49844261,0.00032310,51.6320,74.1581,305.5588,54.5099,0,U,25544,999,54499,0.00025382000000,0.00013978,0.0000000000000,6795.318,92.913,419.379,414.988,PAYLOAD,LARGE,CIS,1998-11-20,TTMTR,,4938960,306737563,0 ISS (ZARYA),1 25544U 98067A   25360.53473603  .00013978  00000-0  25382-3 0  9998,2 25544  51.6320  74.1581 0003231 305.5588  54.5099 15.49844261544995
3.0,GENERATED VIA SPACE-TRACK.ORG API,2025-12-27 03:23:11+00:00,18 SPCS,ISS (ZARYA),1998-067A,EARTH,TEME,UTC,SGP4,2025-12-26 20:34:16.428576+00:00,15.49855582,0.00032301,51.6319,72.5609,307.0606,53.0087,0,U,25544,999,54504,0.00027091986000,0.00014958,0.0000000000000,6795.285,92.912,419.345,414.955,PAYLOAD,LARGE,CIS,1998-11-20,TTMTR,,4939423,306755835,0 ISS (ZARYA),1 25544U 98067A   25360.85713459  .00014958  00000-0  27092-3 0  9998,2 25544  51.6319  72.5609 0003230 307.0606  53.0087 15.49855582545049
3.0,GENERATED VIA SPACE-TRACK.ORG API,2025-12-27 06:16:17+00:00,18 SPCS,ISS (ZARYA),1998-067A,EARTH,TEME,UTC,SGP4,2025-12-27 04:18:31.506048+00:00,15.49865152,0.00032310,51.6319,70.9637,308.7757,51.2942,0,U,25544,999,54509,0.00026589000000,0.00014677,0.0000000000000,6795.257,92.911,419.318,414.927,PAYLOAD,LARGE,CIS,1998-11-20,TTMTR,,4939432,306781082,0 ISS (ZARYA),1 25544U 98067A   25361.17953132  .00014677  00000-0  26589-3 0  9996,2 25544  51.6319  70.9637 0003231 308.7757  51.2942 15.49865152545097
3.0,GENERATED VIA SPACE-TRACK.ORG API,2025-12-27 06:56:30+00:00,18 SPCS,ISS (ZARYA),1998-067A,EARTH,TEME,UTC,SGP4,2025-12-26 20:34:16.427712+00:00,15.49855582,0.00032300,51.6319,72.5609,307.0606,53.0087,0,U,25544,999,54504,0.00027092000000,0.00014958,0.0000000000000,6795.285,92.912,419.345,414.955,PAYLOAD,LARGE,CIS,1998-11-20,TTMTR,,4940092,306797238,0 ISS (ZARYA),1 25544U 98067A   25360.85713458  .00014958  00000-0  27092-3 0  9997,2 25544  51.6319  72.5609 0003230 307.0606  53.0087 15.49855582545049
3.0,GENERATED VIA SPACE-TRACK.ORG API,2025-12-27 10:34:44+00:00,18 SPCS,ISS (ZARYA),1998-067A,EARTH,TEME,UTC,SGP4,2025-12-27 04:18:31.505184+00:00,15.49864323,0.00032283,51.6319,70.9638,308.9173,51.1527,0,U,25544,999,54509,0.00025169740000,0.00013867,0.0000000000000,6795.260,92.911,419.318,414.931,PAYLOAD,LARGE,CIS,1998-11-20,TTMTR,,4940227,306806198,0 ISS (ZARYA),1 25544U 98067A   25361.17953131  .00013867  00000-0  25170-3 0  9990,2 25544  51.6319  70.9638 0003228 308.9173  51.1527 15.49864323545095
3.0,GENERATED VIA SPACE-TRACK.ORG API,2025-12-27 15:46:23+00:00,18 SPCS,ISS (ZARYA),1998-067A,EARTH,TEME,UTC,SGP4,2025-12-27 10:29:55.432032+00:00,15.49871717,0.00032340,51.6320,69.6861,310.1185,49.9520,0,U,25544,999,54513,0.00024415000000,0.00013440,0.0000000000000,6795.238,92.911,419.301,414.905,PAYLOAD,LARGE,CIS,1998-11-20,TTMTR,,4940608,306841334,0 ISS (ZARYA),1 25544U 98067A   25361.43744713  .00013440  00000-0  24415-3 0  9991,2 25544  51.6320  69.6861 0003234 310.1185  49.9520 15.49871717545133
3.0,GENERATED VIA SPACE-TRACK.ORG API,2025-12-27 22:36:30+00:00,18 SPCS,ISS (ZARYA),1998-067A,EARTH,TEME,UTC,SGP4,2025-12-27 13:35:37.359168+00:00,15.49876615,0.00032370,51.6320,69.0472,310.8255,49.2453,0,U,25544,999,54515,0.00026180000000,0.00014449,0.0000000000000,6795.224,92.911,419.288,414.889,PAYLOAD,LARGE,CIS,1998-11-20,TTMTR,,4941389,306860774,0 ISS (ZARYA),1 25544U 98067A   25361.56640462  .00014449  00000-0  26180-3 0  9992,2 25544  51.6320  69.0472 0003237 310.8255  49.2453 15.49876615545155
3.0,GENERATED VIA SPACE-TRACK.ORG API,2025-12-28 04:40:25+00:00,18 SPCS,ISS (ZARYA),1998-067A,EARTH,TEME,UTC,SGP4,2025-12-27 21:19:52.037472+00:00,15.49886938,0.00032374,51.6320,67.4500,312.1119,47.9595,0,U,25544,999,54520,0.00027156845000,0.00015012,0.0000000000000,6795.194,92.910,419.258,414.859,PAYLOAD,LARGE,CIS,1998-11-20,TTMTR,,4941611,306872372,0 ISS (ZARYA),1 25544U 98067A   25361.88879673  .00015012  00000-0  27157-3 0  9997,2 25544  51.6320  67.4500 0003237 312.1119  47.9595 15.49886938545200
3.0,GENERATED VIA SPACE-TRACK.ORG API,2025-12-28 07:36:55+00:00,18 SPCS,ISS (ZARYA),1998-067A,EARTH,TEME,UTC,SGP4,2025-12-27 21:19:52.036608+00:00,15.49886938,0.00032370,51.6320,67.4500,312.1119,47.9595,0,U,25544,999,54520,0.00027157000000,0.00015012,0.0000000000000,6795.194,92.910,419.258,414.859,PAYLOAD,LARGE,CIS,1998-11-20,TTMTR,,4941996,306906691,0 ISS (ZARYA),1 25544U 98067A   25361.88879672  .00015012  00000-0  27157-3 0  9996,2 25544  51.6320  67.4500 0003237 312.1119  47.9595 15.49886938545200
3.0,GENERATED VIA SPACE-TRACK.ORG API,2025-12-28 11:10:39+00:00,18 SPCS,ISS (ZARYA),1998-067A,EARTH,TEME,UTC,SGP4,2025-12-28 05:04:06.551616+00:00,15.49897702,0.00032600,51.6320,65.8529,313.9289,46.1430,0,U,25544,999,54525,0.00028493376000,0.00015781,0.0000000000000,6795.162,92.909,419.242,414.812,PAYLOAD,LARGE,CIS,1998-11-20,TTMTR,,4942257,306918936,0 ISS (ZARYA),1 25544U 98067A   25362.21118694  .00015781  00000-0  28493-3 0  9991,2 25544  51.6320  65.8529 0003260 313.9289  46.1430 15.49897702545251
3.0,GENERATED VIA SPACE-TRACK.ORG API,2025-12-28 14:46:37+00:00,18 SPCS,ISS (ZARYA),1998-067A,EARTH,TEME,UTC,SGP4,2025-12-28 09:42:39.147264+00:00,15.49904326,0.00032180,51.6322,64.8948,313.9299,46.1423,0,U,25544,999,54528,0.00029290000000,0.00016240,0.0000000000000,6795.143,92.909,419.194,414.821,PAYLOAD,LARGE,CIS,1998-11-20,TTMTR,,4942807,306958528,0 ISS (ZARYA),1 25544U 98067A   25362.40461976  .00016240  00000-0  29290-3 0  9993,2 25544  51.6322  64.8948 0003218 313.9299  46.1423 15.49904326545287
3.0,GENERATED VIA SPACE-TRACK.ORG API,2025-12-28 17:52:40+00:00,18 SPCS,ISS (ZARYA),1998-067A,EARTH,TEME,UTC,SGP4,2025-12-28 12:48:20.862720+00:00,15.49907133,0.00032501,51.6321,64.2558,314.4858,45.5864,0,U,25544,999,54530,0.00027889005000,0.00015441,0.0000000000000,6795.134,92.909,419.208,414.791,PAYLOAD,LARGE,CIS,1998-11-20,TTMTR,,4943081,306971775,0 ISS (ZARYA),1 25544U 98067A   25362.53357480  .00015441  00000-0  27889-3 0  9995,2 25544  51.6321  64.2558 0003250 314.4858  45.5864 15.49907133545304
3.0,GENERATED VIA SPACE-TRACK.ORG API,2025-12-28 22:56:32+00:00,18 SPCS,ISS (ZARYA),1998-067A,EARTH,TEME,UTC,SGP4,2025-12-28 12:48:20.861856+00:00,15.49907133,0.00032500,51.6321,64.2558,314.4858,45.5864,0,U,25544,999,54530,0.00027889000000,0.00015441,0.0000000000000,6795.134,92.909,419.208,414.791,PAYLOAD,LARGE,CIS,1998-11-20,TTMTR,,4943584,307009725,0 ISS (ZARYA),1 25544U 98067A   25362.53357479  .00015441  00000-0  27889-3 0  9993,2 25544  51.6321  64.2558 0003250 314.4858  45.5864 15.49907133545304
3.0,GENERATED VIA SPACE-TRACK.ORG API,2025-12-29 04:34:26+00:00,18 SPCS,ISS (ZARYA),1998-067A,EARTH,TEME,UTC,SGP4,2025-12-28 20:32:34.982016+00:00,15.49919671,0.00032740,51.6321,62.6585,316.0949,43.9780,0,U,25544,999,54535,0.00031500855000,0.00017513,0.0000000000000,6795.098,92.908,419.188,414.738,PAYLOAD,LARGE,CIS,1998-11-20,TTMTR,,4943786,307021260,0 ISS (ZARYA),1 25544U 98067A   25362.85596044  .00017513  00000-0  31501-3 0  9999,2 25544  51.6321  62.6585 0003274 316.0949  43.9780 15.49919671545355
3.0,GENERATED VIA SPACE-TRACK.ORG API,2025-12-29 12:04:26+00:00,18 SPCS,ISS (ZARYA),1998-067A,EARTH,TEME,UTC,SGP4,2025-12-28 20:32:34.979424+00:00,15.49920091,0.00032554,51.6322,62.6586,316.0304,44.0425,0,U,25544,999,54535,0.00032006500000,0.00017802,0.0000000000000,6795.097,92.908,419.174,414.750,PAYLOAD,LARGE,CIS,1998-11-20,TTMTR,,4943787,307052745,0 ISS (ZARYA),1 25544U 98067A   25362.85596041  .00017802  00000-0  32007-3 0  9999,2 25544  51.6322  62.6586 0003255 316.0304  44.0425 15.49920091545357
3.0,GENERATED VIA SPACE-TRACK.ORG API,2025-12-29 17:06:32+00:00,18 SPCS,ISS (ZARYA),1998-067A,EARTH,TEME,UTC,SGP4,2025-12-29 10:28:11.816832+00:00,15.49941804,0.00032870,51.6324,59.7835,318.5609,41.5130,0,U,25544,999,54544,0.00032897000000,0.00018325,0.0000000000000,6795.033,92.907,419.132,414.665,PAYLOAD,LARGE,CIS,1998-11-20,TTMTR,,4944160,307087343,0 ISS (ZARYA),1 25544U 98067A   25363.43624788  .00018325  00000-0  32897-3 0  9992,2 25544  51.6324  59.7835 0003287 318.5609  41.5130 15.49941804545443
3.0,GENERATED VIA SPACE-TRACK.ORG API,2025-12-29 21:30:56+00:00,18 SPCS,ISS (ZARYA),1998-067A,EARTH,TEME,UTC,SGP4,2025-12-29 12:01:02.523360+00:00,15.49944447,0.00032899,51.6323,59.4638,318.5670,41.5069,0,U,25544,999,54545,0.00033150262000,0.00018472,0.0000000000000,6795.025,92.907,419.126,414.655,PAYLOAD,LARGE,CIS,1998-11-20,TTMTR,,4944351,307098949,0 ISS (ZARYA),1 25544U 98067A   25363.50072365  .00018472  00000-0  33150-3 0  9994,2 25544  51.6323  59.4638 0003290 318.5670  41.5069 15.49944447545450
3.0,GENERATED VIA SPACE-TRACK.ORG API,2025-12-30 10:50:37+00:00,18 SPCS,ISS (ZARYA),1998-067A,EARTH,TEME,UTC,SGP4,2025-12-30 03:29:51.548064+00:00,15.48928231,0.00074690,51.6332,56.2707,318.0919,41.9497,0,U,25544,999,54555,0.00009826779900,0.00004955,0.0000000000000,6797.997,92.968,424.940,414.785,PAYLOAD,LARGE,CIS,1998-11-20,TTMTR,,4945998,307167441,0 ISS (ZARYA),1 25544U 98067A   25364.14573551  .00004955  00000-0  98268-4 0  9991,2 25544  51.6332  56.2707 0007469 318.0919  41.9497 15.48928231545557
3.0,GENERATED VIA SPACE-TRACK.ORG API,2025-12-30 18:16:58+00:00,18 SPCS,ISS (ZARYA),1998-067A,EARTH,TEME,UTC,SGP4,2025-12-30 12:47:17.579904+00:00,15.48944140,0.00074839,51.6331,54.3560,320.1003,39.9435,0,U,25544,999,54561,0.00030360943000,0.00016291,0.0000000000000,6797.951,92.967,424.903,414.728,PAYLOAD,LARGE,CIS,1998-11-20,TTMTR,,4946042,307199793,0 ISS (ZARYA),1 25544U 98067A   25364.53284236  .00016291  00000-0  30361-3 0  9998,2 25544  51.6331  54.3560 0007484 320.1003  39.9435 15.48944140545610
3.0,GENERATED VIA SPACE-TRACK.ORG API,2025-12-30 23:46:41+00:00,18 SPCS,ISS (ZARYA),1998-067A,EARTH,TEME,UTC,SGP4,2025-12-30 12:47:17.579040+00:00,15.48944140,0.00074840,51.6331,54.3560,320.1003,39.9435,0,U,25544,999,54561,0.00030357000000,0.00016289,0.0000000000000,6797.951,92.967,424.903,414.728,PAYLOAD,LARGE,CIS,1998-11-20,TTMTR,,4946525,307237877,0 ISS (ZARYA),1 25544U 98067A   25364.53284235  .00016289  00000-0  30357-3 0  9999,2 25544  51.6331  54.3560 0007484 320.1003  39.9435 15.48944140545610
3.0,GENERATED VIA SPACE-TRACK.ORG API,2025-12-31 02:43:57+00:00,18 SPCS,ISS (ZARYA),1998-067A,EARTH,TEME,UTC,SGP4,2025-12-30 17:26:00.482208+00:00,15.48950977,0.00074779,51.6331,53.3984,320.8804,39.1643,0,U,25544,999,54564,0.00030091324000,0.00016146,0.0000000000000,6797.931,92.966,424.879,414.712,PAYLOAD,LARGE,CIS,1998-11-20,TTMTR,,4946785,307249778,0 ISS (ZARYA),1 25544U 98067A   25364.72639447  .00016146  00000-0  30091-3 0  9996,2 25544  51.6331  53.3984 0007478 320.8804  39.1643 15.48950977545649
3.0,GENERATED VIA SPACE-TRACK.ORG API,2025-12-31 10:22:26+00:00,18 SPCS,ISS (ZARYA),1998-067A,EARTH,TEME,UTC,SGP4,2025-12-31 05:49:14.584224+00:00,15.48966283,0.00074963,51.6330,50.8452,322.9593,37.0877,0,U,25544,999,54572,0.00027461100000,0.00014700,0.0000000000000,6797.886,92.965,424.847,414.655,PAYLOAD,LARGE,CIS,1998-11-20,TTMTR,,4947640,307300229,0 ISS (ZARYA),1 25544U 98067A   25365.24252991  .00014700  00000-0  27461-3 0  9990,2 25544  51.6330  50.8452 0007496 322.9593  37.0877 15.48966283545720
3.0,GENERATED VIA SPACE-TRACK.ORG API,2025-12-31 14:46:28+00:00,18 SPCS,ISS (ZARYA),1998-067A,EARTH,TEME,UTC,SGP4,2025-12-31 10:27:57.254112+00:00,15.48972750,0.00075060,51.6331,49.8878,323.8065,36.2414,0,U,25544,999,54575,0.00028262000000,0.00015147,0.0000000000000,6797.867,92.965,424.834,414.629,PAYLOAD,LARGE,CIS,1998-11-20,TTMTR,,4948185,307338803,0 ISS (ZARYA),1 25544U 98067A   25365.43607933  .00015147  00000-0  28262-3 0  9997,2 25544  51.6331  49.8878 0007506 323.8065  36.2414 15.48972750545754
3.0,GENERATED VIA SPACE-TRACK.ORG API,2025-12-31 17:24:40+00:00,18 SPCS,ISS (ZARYA),1998-067A,EARTH,TEME,UTC,SGP4,2025-12-31 13:33:45.664704+00:00,15.48977139,0.00075032,51.6330,49.2494,324.2875,35.7611,0,U,25544,999,54577,0.00028664639000,0.00015372,0.0000000000000,6797.854,92.965,424.820,414.618,PAYLOAD,LARGE,CIS,1998-11-20,TTMTR,,4948472,307352057,0 ISS (ZARYA),1 25544U 98067A   25365.56511186  .00015372  00000-0  28665-3 0  9992,2 25544  51.6330  49.2494 0007503 324.2875  35.7611 15.48977139545773
