CCSDS_OMM_VERS,COMMENT,CREATION_DATE,ORIGINATOR,OBJECT_NAME,OBJECT_ID,CENTER_NAME,REF_FRAME,TIME_SYSTEM,MEAN_ELEMENT_THEORY,EPOCH,MEAN_MOTION,ECCENTRICITY,INCLINATION,RA_OF_ASC_NODE,ARG_OF_PERICENTER,MEAN_ANOMALY,EPHEMERIS_TYPE,CLASSIFICATION_TYPE,NORAD_CAT_ID,ELEMENT_SET_NO,REV_AT_EPOCH,BSTAR,MEAN_MOTION_DOT,MEAN_MOTION_DDOT,SEMIMAJOR_AXIS,PERIOD,APOAPSIS,PERIAPSIS,OBJECT_TYPE,RCS_SIZE,COUNTRY_CODE,LAUNCH_DATE,SITE,DECAY_DATE,FILE,GP_ID,TLE_LINE0,TLE_LINE1,TLE_LINE2
3.0,GENERATED VIA SPACE-TRACK.ORG API,2025-01-01 02:31:18+00:00,18 SPCS,NAVSTAR 48 (USA 151),2000-040A,EARTH,TEME,UTC,SGP4,2024-12-31 19:50:54.967776+00:00,2.00563101,0.01373500,54.9915,236.3213,297.9239,69.6392,0,U,26407,999,17927,0.00000000000000,0.00000075,0.0000000000000,26560.392,717.979,20547.064,19817.450,PAYLOAD,LARGE,US,2000-07-16,AFETR,,4597458,277001053,0 NAVSTAR 48 (USA 151),1 26407U 00040A   24366.82702509  .00000075  00000-0  00000-0 0  9999,2 26407  54.9915 236.3213 0137350 297.9239  69.6392  2.00563101179273
3.0,GENERATED VIA SPACE-TRACK.ORG API,2025-01-01 23:41:24+00:00,18 SPCS,NAVSTAR 48 (USA 151),2000-040A,EARTH,TEME,UTC,SGP4,2025-01-01 14:34:34.329792+00:00,2.00563096,0.01373050,54.9912,236.2903,297.9357,273.0559,0,U,26407,999,17928,0.00000000000000,0.00000070,0.0000000000000,26560.393,717.979,20546.945,19817.570,PAYLOAD,LARGE,US,2000-07-16,AFETR,,4598149,277048344,0 NAVSTAR 48 (USA 151),1 26407U 00040A   25001.60734178  .00000070  00000-0  00000-0 0  9994,2 26407  54.9912 236.2903 0137305 297.9357 273.0559  2.00563096179286
3.0,GENERATED VIA SPACE-TRACK.ORG API,2025-01-03 17:36:59+00:00,18 SPCS,NAVSTAR 48 (USA 151),2000-040A,EARTH,TEME,UTC,SGP4,2025-01-03 13:15:34.886304+00:00,2.00563092,0.01372120,54.9906,236.2127,297.9605,237.5258,0,U,26407,999,17932,0.00000000000000,0.00000059,0.0000000000000,26560.393,717.979,20546.698,19817.818,PAYLOAD,LARGE,US,2000-07-16,AFETR,,4599090,277188986,0 NAVSTAR 48 (USA 151),1 26407U 00040A   25003.55248711  .00000059  00000-0  00000-0 0  9990,2 26407  54.9906 236.2127 0137212 297.9605 237.5258  2.00563092179322
3.0,GENERATED VIA SPACE-TRACK.ORG API,2025-01-04 07:17:01+00:00,18 SPCS,NAVSTAR 48 (USA 151),2000-040A,EARTH,TEME,UTC,SGP4,2025-01-03 19:39:37.692000+00:00,2.00563091,0.01371940,54.9905,236.2021,297.9629,70.0939,0,U,26407,999,17933,0.00000000000000,0.00000058,0.0000000000000,26560.393,717.979,20546.651,19817.865,PAYLOAD,LARGE,US,2000-07-16,AFETR,,4599680,277231985,0 NAVSTAR 48 (USA 151),1 26407U 00040A   25003.81918625  .00000058  00000-0  00000-0 0  9996,2 26407  54.9905 236.2021 0137194 297.9629  70.0939  2.00563091179335
3.0,GENERATED VIA SPACE-TRACK.ORG API,2025-01-04 18:31:26+00:00,18 SPCS,NAVSTAR 48 (USA 151),2000-040A,EARTH,TEME,UTC,SGP4,2025-01-04 13:20:37.960224+00:00,2.00563093,0.01371420,54.9903,236.1728,297.9752,242.0950,0,U,26407,999,17934,0.00000000000000,0.00000056,0.0000000000000,26560.393,717.979,20546.512,19818.003,PAYLOAD,LARGE,US,2000-07-16,AFETR,,4600129,277273229,0 NAVSTAR 48 (USA 151),1 26407U 00040A   25004.55599491  .00000056  00000-0  00000-0 0  9992,2 26407  54.9903 236.1728 0137142 297.9752 242.0950  2.00563093179343
3.0,GENERATED VIA SPACE-TRACK.ORG API,2025-01-05 03:27:00+00:00,18 SPCS,NAVSTAR 48 (USA 151),2000-040A,EARTH,TEME,UTC,SGP4,2025-01-04 19:34:43.206240+00:00,2.00563094,0.01371410,54.9901,236.1624,297.9757,69.6713,0,U,26407,999,17935,0.00000000000000,0.00000056,0.0000000000000,26560.393,717.979,20546.510,19818.006,PAYLOAD,LARGE,US,2000-07-16,AFETR,,4600452,277310315,0 NAVSTAR 48 (USA 151),1 26407U 00040A   25004.81577785  .00000056  00000-0  00000-0 0  9993,2 26407  54.9901 236.1624 0137141 297.9757  69.6713  2.00563094179352
3.0,GENERATED VIA SPACE-TRACK.ORG API,2025-01-05 14:48:33+00:00,18 SPCS,NAVSTAR 48 (USA 151),2000-040A,EARTH,TEME,UTC,SGP4,2025-01-05 12:38:51.576576+00:00,2.00563100,0.01370880,54.9900,236.1341,297.9883,223.1872,0,U,26407,999,17935,0.00000000000000,0.00000057,0.0000000000000,26560.392,717.979,20546.368,19818.146,PAYLOAD,LARGE,US,2000-07-16,AFETR,,4601025,277345975,0 NAVSTAR 48 (USA 151),1 26407U 00040A   25005.52698584  .00000057  00000-0  00000+0 0  9993,2 26407  54.9900 236.1341 0137088 297.9883 223.1872  2.00563100179358
3.0,GENERATED VIA SPACE-TRACK.ORG API,2025-01-05 19:47:08+00:00,18 SPCS,NAVSTAR 48 (USA 151),2000-040A,EARTH,TEME,UTC,SGP4,2025-01-05 12:38:51.576576+00:00,2.00563100,0.01370880,54.9900,236.1341,297.9883,223.1872,0,U,26407,999,17936,0.00000000000000,0.00000057,0.0000000000000,26560.392,717.979,20546.368,19818.146,PAYLOAD,LARGE,US,2000-07-16,AFETR,,4601203,277358362,0 NAVSTAR 48 (USA 151),1 26407U 00040A   25005.52698584  .00000057  00000-0  00000-0 0  9994,2 26407  54.9900 236.1341 0137088 297.9883 223.1872  2.00563100179369
3.0,GENERATED VIA SPACE-TRACK.ORG API,2025-01-06 02:24:55+00:00,18 SPCS,NAVSTAR 48 (USA 151),2000-040A,EARTH,TEME,UTC,SGP4,2025-01-05 19:35:51.126144+00:00,2.00563102,0.01370730,54.9900,236.1225,297.9909,72.2751,0,U,26407,999,17937,0.00000000000000,0.00000057,0.0000000000000,26560.392,717.979,20546.328,19818.186,PAYLOAD,LARGE,US,2000-07-16,AFETR,,4601493,277394850,0 NAVSTAR 48 (USA 151),1 26407U 00040A   25005.81656396  .00000057  00000-0  00000-0 0  9991,2 26407  54.9900 236.1225 0137073 297.9909  72.2751  2.00563102179375
3.0,GENERATED VIA SPACE-TRACK.ORG API,2025-01-06 17:35:48+00:00,18 SPCS,NAVSTAR 48 (USA 151),2000-040A,EARTH,TEME,UTC,SGP4,2025-01-06 01:01:28.848000+00:00,2.00563106,0.01370620,54.9899,236.1135,297.9953,235.5488,0,U,26407,999,17937,0.00000000000000,0.00000058,0.0000000000000,26560.392,717.979,20546.299,19818.215,PAYLOAD,LARGE,US,2000-07-16,AFETR,,4602192,277441517,0 NAVSTAR 48 (USA 151),1 26407U 00040A   25006.04269500  .00000058  00000-0  00000-0 0  9995,2 26407  54.9899 236.1135 0137062 297.9953 235.5488  2.00563106179374
3.0,GENERATED VIA SPACE-TRACK.ORG API,2025-01-07 02:40:03+00:00,18 SPCS,NAVSTAR 48 (USA 151),2000-040A,EARTH,TEME,UTC,SGP4,2025-01-06 19:25:58.522368+00:00,2.00563114,0.01370170,54.9897,236.0830,298.0051,69.3598,0,U,26407,999,17939,0.00000000000000,0.00000062,0.0000000000000,26560.391,717.978,20546.179,19818.334,PAYLOAD,LARGE,US,2000-07-16,AFETR,,4602535,277477998,0 NAVSTAR 48 (USA 151),1 26407U 00040A   25006.80970512  .00000062  00000-0  00000-0 0  9996,2 26407  54.9897 236.0830 0137017 298.0051  69.3598  2.00563114179390
3.0,GENERATED VIA SPACE-TRACK.ORG API,2025-01-07 18:07:06+00:00,18 SPCS,NAVSTAR 48 (USA 151),2000-040A,EARTH,TEME,UTC,SGP4,2025-01-07 13:13:53.406048+00:00,2.00563127,0.01369740,54.9895,236.0534,298.0176,244.8259,0,U,26407,999,17940,0.00000000000000,0.00000068,0.0000000000000,26560.390,717.978,20546.063,19818.447,PAYLOAD,LARGE,US,2000-07-16,AFETR,,4603301,277525616,0 NAVSTAR 48 (USA 151),1 26407U 00040A   25007.55131257  .00000068  00000-0  00000-0 0  9990,2 26407  54.9895 236.0534 0136974 298.0176 244.8259  2.00563127179408
3.0,GENERATED VIA SPACE-TRACK.ORG API,2025-01-07 22:38:32+00:00,18 SPCS,NAVSTAR 48 (USA 151),2000-040A,EARTH,TEME,UTC,SGP4,2025-01-07 13:13:53.406048+00:00,2.00563127,0.01369740,54.9895,236.0534,298.0176,244.8259,0,U,26407,999,17939,0.00000000000000,0.00000068,0.0000000000000,26560.390,717.978,20546.063,19818.447,PAYLOAD,LARGE,US,2000-07-16,AFETR,,4603462,277552118,0 NAVSTAR 48 (USA 151),1 26407U 00040A   25007.55131257  .00000068  00000-0  00000+0 0  9999,2 26407  54.9895 236.0534 0136974 298.0176 244.8259  2.00563127179396
3.0,GENERATED VIA SPACE-TRACK.ORG API,2025-01-08 20:49:28+00:00,18 SPCS,NAVSTAR 48 (USA 151),2000-040A,EARTH,TEME,UTC,SGP4,2025-01-08 00:52:28.658784+00:00,2.00563135,0.01369520,54.9892,236.0341,298.0246,235.1080,0,U,26407,999,17941,0.00000000000000,0.00000071,0.0000000000000,26560.389,717.978,20546.004,19818.504,PAYLOAD,LARGE,US,2000-07-16,AFETR,,4604166,277604212,0 NAVSTAR 48 (USA 151),1 26407U 00040A   25008.03644281  .00000071  00000-0  00000-0 0  9994,2 26407  54.9892 236.0341 0136952 298.0246 235.1080  2.00563135179410
3.0,GENERATED VIA SPACE-TRACK.ORG API,2025-01-09 03:56:35+00:00,18 SPCS,NAVSTAR 48 (USA 151),2000-040A,EARTH,TEME,UTC,SGP4,2025-01-08 19:18:40.370688+00:00,2.00563150,0.01369110,54.9889,236.0034,298.0347,69.7714,0,U,26407,999,17943,0.00000000000000,0.00000077,0.0000000000000,26560.388,717.978,20545.894,19818.612,PAYLOAD,LARGE,US,2000-07-16,AFETR,,4604399,277639012,0 NAVSTAR 48 (USA 151),1 26407U 00040A   25008.80463392  .00000077  00000-0  00000-0 0  9997,2 26407  54.9889 236.0034 0136911 298.0347  69.7714  2.00563150179436
3.0,GENERATED VIA SPACE-TRACK.ORG API,2025-01-09 19:31:44+00:00,18 SPCS,NAVSTAR 48 (USA 151),2000-040A,EARTH,TEME,UTC,SGP4,2025-01-09 00:48:29.017152+00:00,2.00563156,0.01368990,54.9889,235.9943,298.0393,235.1420,0,U,26407,999,17943,0.00000000000000,0.00000078,0.0000000000000,26560.387,717.978,20545.861,19818.643,PAYLOAD,LARGE,US,2000-07-16,AFETR,,4604593,277673015,0 NAVSTAR 48 (USA 151),1 26407U 00040A   25009.03366918  .00000078  00000-0  00000-0 0  9990,2 26407  54.9889 235.9943 0136899 298.0393 235.1420  2.00563156179438
3.0,GENERATED VIA SPACE-TRACK.ORG API,2025-01-10 17:41:51+00:00,18 SPCS,NAVSTAR 48 (USA 151),2000-040A,EARTH,TEME,UTC,SGP4,2025-01-10 13:01:23.024640+00:00,2.00563196,0.01368130,54.9884,235.9342,298.0619,244.6653,0,U,26407,999,17946,0.00000000000000,0.00000083,0.0000000000000,26560.384,717.978,20545.629,19818.868,PAYLOAD,LARGE,US,2000-07-16,AFETR,,4605690,277759168,0 NAVSTAR 48 (USA 151),1 26407U 00040A   25010.54262760  .00000083  00000-0  00000-0 0  9994,2 26407  54.9884 235.9342 0136813 298.0619 244.6653  2.00563196179463
3.0,GENERATED VIA SPACE-TRACK.ORG API,2025-01-10 23:58:36+00:00,18 SPCS,NAVSTAR 48 (USA 151),2000-040A,EARTH,TEME,UTC,SGP4,2025-01-10 19:09:39.724416+00:00,2.00563203,0.01368010,54.9883,235.9240,298.0642,69.3270,0,U,26407,999,17946,0.00000000000000,0.00000082,0.0000000000000,26560.383,717.978,20545.597,19818.900,PAYLOAD,LARGE,US,2000-07-16,AFETR,,4605841,277785186,0 NAVSTAR 48 (USA 151),1 26407U 00040A   25010.79837644  .00000082  00000-0  00000+0 0  9998,2 26407  54.9883 235.9240 0136801 298.0642  69.3270  2.00563203179468
3.0,GENERATED VIA SPACE-TRACK.ORG API,2025-01-11 05:36:21+00:00,18 SPCS,NAVSTAR 48 (USA 151),2000-040A,EARTH,TEME,UTC,SGP4,2025-01-10 19:09:39.724416+00:00,2.00563203,0.01368010,54.9883,235.9240,298.0642,69.3270,0,U,26407,999,17947,0.00000000000000,0.00000082,0.0000000000000,26560.383,717.978,20545.597,19818.900,PAYLOAD,LARGE,US,2000-07-16,AFETR,,4607388,277827118,0 NAVSTAR 48 (USA 151),1 26407U 00040A   25010.79837644  .00000082  00000-0  00000-0 0  9999,2 26407  54.9883 235.9240 0136801 298.0642  69.3270  2.00563203179479
3.0,GENERATED VIA SPACE-TRACK.ORG API,2025-01-11 18:02:58+00:00,18 SPCS,NAVSTAR 48 (USA 151),2000-040A,EARTH,TEME,UTC,SGP4,2025-01-11 00:40:28.901856+00:00,2.00563212,0.01367910,54.9883,235.9148,298.0681,235.2041,0,U,26407,999,17947,0.00000000000000,0.00000081,0.0000000000000,26560.382,717.978,20545.570,19818.925,PAYLOAD,LARGE,US,2000-07-16,AFETR,,4607957,277928224,0 NAVSTAR 48 (USA 151),1 26407U 00040A   25011.02811229  .00000081  00000-0  00000-0 0  9996,2 26407  54.9883 235.9148 0136791 298.0681 235.2041  2.00563212179477
3.0,GENERATED VIA SPACE-TRACK.ORG API,2025-01-12 03:29:48+00:00,18 SPCS,NAVSTAR 48 (USA 151),2000-040A,EARTH,TEME,UTC,SGP4,2025-01-11 19:05:49.063200+00:00,2.00563237,0.01367530,54.9880,235.8842,298.0775,69.4378,0,U,26407,999,17949,0.00000000000000,0.00000077,0.0000000000000,26560.380,717.978,20545.466,19819.024,PAYLOAD,LARGE,US,2000-07-16,AFETR,,4608269,277964752,0 NAVSTAR 48 (USA 151),1 26407U 00040A   25011.79570675  .00000077  00000-0  00000-0 0  9992,2 26407  54.9880 235.8842 0136753 298.0775  69.4378  2.00563237179495
3.0,GENERATED VIA SPACE-TRACK.ORG API,2025-01-12 17:18:10+00:00,18 SPCS,NAVSTAR 48 (USA 151),2000-040A,EARTH,TEME,UTC,SGP4,2025-01-12 12:40:09.712416+00:00,2.00563263,0.01367140,54.9878,235.8551,298.0878,238.1017,0,U,26407,999,17950,0.00000000000000,0.00000071,0.0000000000000,26560.378,717.978,20545.360,19819.125,PAYLOAD,LARGE,US,2000-07-16,AFETR,,4608895,278010277,0 NAVSTAR 48 (USA 151),1 26407U 00040A   25012.52789019  .00000071  00000-0  00000-0 0  9992,2 26407  54.9878 235.8551 0136714 298.0878 238.1017  2.00563263179506
3.0,GENERATED VIA SPACE-TRACK.ORG API,2025-01-13 02:04:43+00:00,18 SPCS,NAVSTAR 48 (USA 151),2000-040A,EARTH,TEME,UTC,SGP4,2025-01-12 18:34:49.793952+00:00,2.00563271,0.01367040,54.9877,235.8453,298.0901,55.9388,0,U,26407,999,17950,0.00000000000000,0.00000068,0.0000000000000,26560.377,717.978,20545.333,19819.151,PAYLOAD,LARGE,US,2000-07-16,AFETR,,4609167,278045688,0 NAVSTAR 48 (USA 151),1 26407U 00040A   25012.77418743  .00000068  00000-0  00000-0 0  9998,2 26407  54.9877 235.8453 0136704 298.0901  55.9388  2.00563271179507
3.0,GENERATED VIA SPACE-TRACK.ORG API,2025-01-13 18:44:43+00:00,18 SPCS,NAVSTAR 48 (USA 151),2000-040A,EARTH,TEME,UTC,SGP4,2025-01-13 14:32:42.249120+00:00,2.00563302,0.01366630,54.9874,235.8121,298.1005,296.5724,0,U,26407,999,17952,0.00000000000000,0.00000058,0.0000000000000,26560.374,717.978,20545.222,19819.257,PAYLOAD,LARGE,US,2000-07-16,AFETR,,4609796,278090050,0 NAVSTAR 48 (USA 151),1 26407U 00040A   25013.60604455  .00000058  00000-0  00000-0 0  9997,2 26407  54.9874 235.8121 0136663 298.1005 296.5724  2.00563302179520
3.0,GENERATED VIA SPACE-TRACK.ORG API,2025-01-13 22:46:24+00:00,18 SPCS,NAVSTAR 48 (USA 151),2000-040A,EARTH,TEME,UTC,SGP4,2025-01-13 18:56:34.667232+00:00,2.00563308,0.01366550,54.9874,235.8048,298.1025,68.8832,0,U,26407,999,17952,0.00000000000000,0.00000056,0.0000000000000,26560.374,717.978,20545.200,19819.278,PAYLOAD,LARGE,US,2000-07-16,AFETR,,4609905,278116410,0 NAVSTAR 48 (USA 151),1 26407U 00040A   25013.78929013  .00000056  00000-0  00000+0 0  9993,2 26407  54.9874 235.8048 0136655 298.1025  68.8832  2.00563308179527
3.0,GENERATED VIA SPACE-TRACK.ORG API,2025-01-14 01:59:04+00:00,18 SPCS,NAVSTAR 48 (USA 151),2000-040A,EARTH,TEME,UTC,SGP4,2025-01-13 18:56:34.667232+00:00,2.00563308,0.01366550,54.9874,235.8048,298.1025,68.8832,0,U,26407,999,17953,0.00000000000000,0.00000056,0.0000000000000,26560.374,717.978,20545.200,19819.278,PAYLOAD,LARGE,US,2000-07-16,AFETR,,4610108,278126885,0 NAVSTAR 48 (USA 151),1 26407U 00040A   25013.78929013  .00000056  00000-0  00000-0 0  9994,2 26407  54.9874 235.8048 0136655 298.1025  68.8832  2.00563308179538
3.0,GENERATED VIA SPACE-TRACK.ORG API,2025-01-14 17:39:45+00:00,18 SPCS,NAVSTAR 48 (USA 151),2000-040A,EARTH,TEME,UTC,SGP4,2025-01-14 00:28:28.494336+00:00,2.00563318,0.01366460,54.9873,235.7956,298.1053,235.3019,0,U,26407,999,17953,0.00000000000000,0.00000053,0.0000000000000,26560.373,717.978,20545.175,19819.301,PAYLOAD,LARGE,US,2000-07-16,AFETR,,4610679,278170455,0 NAVSTAR 48 (USA 151),1 26407U 00040A   25014.01977424  .00000053  00000-0  00000-0 0  9997,2 26407  54.9873 235.7956 0136646 298.1053 235.3019  2.00563318179534
3.0,GENERATED VIA SPACE-TRACK.ORG API,2025-01-15 17:55:58+00:00,18 SPCS,NAVSTAR 48 (USA 151),2000-040A,EARTH,TEME,UTC,SGP4,2025-01-14 18:53:43.567584+00:00,2.00563349,0.01366130,54.9871,235.7651,298.1144,69.4935,0,U,26407,999,17955,0.00000000000000,0.00000044,0.0000000000000,26560.370,717.978,20545.085,19819.386,PAYLOAD,LARGE,US,2000-07-16,AFETR,,4611564,278249209,0 NAVSTAR 48 (USA 151),1 26407U 00040A   25014.78730981  .00000044  00000-0  00000-0 0  9996,2 26407  54.9871 235.7651 0136613 298.1144  69.4935  2.00563349179558
3.0,GENERATED VIA SPACE-TRACK.ORG API,2025-01-16 06:36:17+00:00,18 SPCS,NAVSTAR 48 (USA 151),2000-040A,EARTH,TEME,UTC,SGP4,2025-01-16 00:20:45.260736+00:00,2.00563400,0.01365560,54.9867,235.7162,298.1304,235.5097,0,U,26407,999,17956,0.00000000000000,0.00000033,0.0000000000000,26560.366,717.977,20544.929,19819.533,PAYLOAD,LARGE,US,2000-07-16,AFETR,,4611976,278311300,0 NAVSTAR 48 (USA 151),1 26407U 00040A   25016.01441274  .00000033  00000-0  00000+0 0  9995,2 26407  54.9867 235.7162 0136556 298.1304 235.5097  2.00563400179568
3.0,GENERATED VIA SPACE-TRACK.ORG API,2025-01-16 17:17:14+00:00,18 SPCS,NAVSTAR 48 (USA 151),2000-040A,EARTH,TEME,UTC,SGP4,2025-01-16 00:20:45.260736+00:00,2.00563400,0.01365560,54.9867,235.7162,298.1304,235.5097,0,U,26407,999,17957,0.00000000000000,0.00000033,0.0000000000000,26560.366,717.977,20544.929,19819.533,PAYLOAD,LARGE,US,2000-07-16,AFETR,,4612163,278322869,0 NAVSTAR 48 (USA 151),1 26407U 00040A   25016.01441274  .00000033  00000-0  00000-0 0  9996,2 26407  54.9867 235.7162 0136556 298.1304 235.5097  2.00563400179579
3.0,GENERATED VIA SPACE-TRACK.ORG API,2025-01-17 19:49:47+00:00,18 SPCS,NAVSTAR 48 (USA 151),2000-040A,EARTH,TEME,UTC,SGP4,2025-01-17 00:17:15.683712+00:00,2.00563439,0.01365080,54.9864,235.6764,298.1441,235.7967,0,U,26407,999,17959,0.00000000000000,0.00000029,0.0000000000000,26560.362,717.977,20544.798,19819.657,PAYLOAD,LARGE,US,2000-07-16,AFETR,,4613333,278409399,0 NAVSTAR 48 (USA 151),1 26407U 00040A   25017.01198708  .00000029  00000-0  00000-0 0  9993,2 26407  54.9864 235.6764 0136508 298.1441 235.7967  2.00563439179594
3.0,GENERATED VIA SPACE-TRACK.ORG API,2025-01-18 03:06:32+00:00,18 SPCS,NAVSTAR 48 (USA 151),2000-040A,EARTH,TEME,UTC,SGP4,2025-01-17 18:40:13.715328+00:00,2.00563468,0.01364750,54.9861,235.6459,298.1550,68.8414,0,U,26407,999,17961,0.00000000000000,0.00000030,0.0000000000000,26560.360,717.977,20544.707,19819.742,PAYLOAD,LARGE,US,2000-07-16,AFETR,,4613724,278448344,0 NAVSTAR 48 (USA 151),1 26407U 00040A   25017.77793652  .00000030  00000-0  00000-0 0  9997,2 26407  54.9861 235.6459 0136475 298.1550  68.8414  2.00563468179613
3.0,GENERATED VIA SPACE-TRACK.ORG API,2025-01-18 17:32:39+00:00,18 SPCS,NAVSTAR 48 (USA 151),2000-040A,EARTH,TEME,UTC,SGP4,2025-01-18 00:12:28.745856+00:00,2.00563476,0.01364620,54.9861,235.6367,298.1581,235.4371,0,U,26407,999,17961,0.00000000000000,0.00000031,0.0000000000000,26560.359,717.977,20544.672,19819.776,PAYLOAD,LARGE,US,2000-07-16,AFETR,,4614329,278492719,0 NAVSTAR 48 (USA 151),1 26407U 00040A   25018.00866604  .00000031  00000-0  00000-0 0  9993,2 26407  54.9861 235.6367 0136462 298.1581 235.4371  2.00563476179614
3.0,GENERATED VIA SPACE-TRACK.ORG API,2025-01-18 20:46:16+00:00,18 SPCS,NAVSTAR 48 (USA 151),2000-040A,EARTH,TEME,UTC,SGP4,2025-01-18 18:40:45.329088+00:00,2.00563504,0.01364300,54.9859,235.6061,298.1692,71.1438,0,U,26407,999,17962,0.00000000000000,0.00000036,0.0000000000000,26560.357,717.977,20544.585,19819.859,PAYLOAD,LARGE,US,2000-07-16,AFETR,,4614452,278519136,0 NAVSTAR 48 (USA 151),1 26407U 00040A   25018.77830242  .00000036  00000-0  00000+0 0  9990,2 26407  54.9859 235.6061 0136430 298.1692  71.1438  2.00563504179622
3.0,GENERATED VIA SPACE-TRACK.ORG API,2025-01-19 02:21:50+00:00,18 SPCS,NAVSTAR 48 (USA 151),2000-040A,EARTH,TEME,UTC,SGP4,2025-01-18 18:40:45.329088+00:00,2.00563504,0.01364300,54.9859,235.6061,298.1692,71.1438,0,U,26407,999,17963,0.00000000000000,0.00000036,0.0000000000000,26560.357,717.977,20544.585,19819.859,PAYLOAD,LARGE,US,2000-07-16,AFETR,,4614653,278530625,0 NAVSTAR 48 (USA 151),1 26407U 00040A   25018.77830242  .00000036  00000-0  00000-0 0  9991,2 26407  54.9859 235.6061 0136430 298.1692  71.1438  2.00563504179633
3.0,GENERATED VIA SPACE-TRACK.ORG API,2025-01-19 18:31:59+00:00,18 SPCS,NAVSTAR 48 (USA 151),2000-040A,EARTH,TEME,UTC,SGP4,2025-01-19 00:07:28.795296+00:00,2.00563512,0.01364150,54.9858,235.5970,298.1719,234.9689,0,U,26407,999,17963,0.00000000000000,0.00000038,0.0000000000000,26560.356,717.977,20544.544,19819.898,PAYLOAD,LARGE,US,2000-07-16,AFETR,,4615456,278580353,0 NAVSTAR 48 (USA 151),1 26407U 00040A   25019.00519439  .00000038  00000-0  00000-0 0  9992,2 26407  54.9858 235.5970 0136415 298.1719 234.9689  2.00563512179639
3.0,GENERATED VIA SPACE-TRACK.ORG API,2025-01-20 18:44:49+00:00,18 SPCS,NAVSTAR 48 (USA 151),2000-040A,EARTH,TEME,UTC,SGP4,2025-01-20 00:03:28.518624+00:00,2.00563542,0.01363620,54.9855,235.5573,298.1849,235.0004,0,U,26407,999,17965,0.00000000000000,0.00000049,0.0000000000000,26560.353,717.977,20544.401,19820.036,PAYLOAD,LARGE,US,2000-07-16,AFETR,,4616438,278663133,0 NAVSTAR 48 (USA 151),1 26407U 00040A   25020.00241341  .00000049  00000-0  00000-0 0  9990,2 26407  54.9855 235.5573 0136362 298.1849 235.0004  2.00563542179658
3.0,GENERATED VIA SPACE-TRACK.ORG API,2025-01-21 06:56:17+00:00,18 SPCS,NAVSTAR 48 (USA 151),2000-040A,EARTH,TEME,UTC,SGP4,2025-01-21 00:05:52.772928+00:00,2.00563567,0.01363130,54.9852,235.5174,298.1963,238.2470,0,U,26407,999,17966,0.00000000000000,0.00000062,0.0000000000000,26560.351,717.977,20544.268,19820.164,PAYLOAD,LARGE,US,2000-07-16,AFETR,,4616936,278727137,0 NAVSTAR 48 (USA 151),1 26407U 00040A   25021.00408302  .00000062  00000-0  00000+0 0  9997,2 26407  54.9852 235.5174 0136313 298.1963 238.2470  2.00563567179665
3.0,GENERATED VIA SPACE-TRACK.ORG API,2025-01-21 17:35:04+00:00,18 SPCS,NAVSTAR 48 (USA 151),2000-040A,EARTH,TEME,UTC,SGP4,2025-01-21 14:47:54.012768+00:00,2.00563580,0.01362800,54.9851,235.4930,298.2027,320.5081,0,U,26407,999,17968,0.00000000000000,0.00000071,0.0000000000000,26560.350,717.977,20544.179,19820.250,PAYLOAD,LARGE,US,2000-07-16,AFETR,,4617403,278746075,0 NAVSTAR 48 (USA 151),1 26407U 00040A   25021.61659737  .00000071  00000-0  00000-0 0  9995,2 26407  54.9851 235.4930 0136280 298.2027 320.5081  2.00563580179688
3.0,GENERATED VIA SPACE-TRACK.ORG API,2025-01-24 06:36:18+00:00,18 SPCS,NAVSTAR 48 (USA 151),2000-040A,EARTH,TEME,UTC,SGP4,2025-01-24 00:02:33.036000+00:00,2.00563600,0.01361770,54.9845,235.3980,298.2264,242.7054,0,U,26407,999,17972,0.00000000000000,0.00000096,0.0000000000000,26560.348,717.977,20543.904,19820.522,PAYLOAD,LARGE,US,2000-07-16,AFETR,,4619580,278967589,0 NAVSTAR 48 (USA 151),1 26407U 00040A   25024.00177125  .00000096  00000-0  00000+0 0  9993,2 26407  54.9845 235.3980 0136177 298.2264 242.7054  2.00563600179726
3.0,GENERATED VIA SPACE-TRACK.ORG API,2025-01-24 17:46:49+00:00,18 SPCS,NAVSTAR 48 (USA 151),2000-040A,EARTH,TEME,UTC,SGP4,2025-01-24 00:02:33.036000+00:00,2.00563600,0.01361770,54.9845,235.3980,298.2264,242.7054,0,U,26407,999,17973,0.00000000000000,0.00000096,0.0000000000000,26560.348,717.977,20543.904,19820.522,PAYLOAD,LARGE,US,2000-07-16,AFETR,,4620053,278985770,0 NAVSTAR 48 (USA 151),1 26407U 00040A   25024.00177125  .00000096  00000-0  00000-0 0  9994,2 26407  54.9845 235.3980 0136177 298.2264 242.7054  2.00563600179737
3.0,GENERATED VIA SPACE-TRACK.ORG API,2025-01-26 04:14:40+00:00,18 SPCS,NAVSTAR 48 (USA 151),2000-040A,EARTH,TEME,UTC,SGP4,2025-01-25 17:09:21.603168+00:00,2.00563594,0.01361030,54.9841,235.3297,298.2460,39.6070,0,U,26407,999,17976,0.00000000000000,0.00000103,0.0000000000000,26560.349,717.977,20543.708,19820.719,PAYLOAD,LARGE,US,2000-07-16,AFETR,,4621357,279104547,0 NAVSTAR 48 (USA 151),1 26407U 00040A   25025.71483337  .00000103  00000-0  00000-0 0  9997,2 26407  54.9841 235.3297 0136103 298.2460  39.6070  2.00563594179767
3.0,GENERATED VIA SPACE-TRACK.ORG API,2025-01-27 14:36:17+00:00,18 SPCS,NAVSTAR 48 (USA 151),2000-040A,EARTH,TEME,UTC,SGP4,2025-01-27 11:46:54.501312+00:00,2.00563581,0.01360110,54.9835,235.2590,298.2656,242.0075,0,U,26407,999,17979,0.00000000000000,0.00000099,0.0000000000000,26560.350,717.977,20543.465,19820.965,PAYLOAD,LARGE,US,2000-07-16,AFETR,,4622760,279220756,0 NAVSTAR 48 (USA 151),1 26407U 00040A   25027.49090858  .00000099  00000-0  00000+0 0  9999,2 26407  54.9835 235.2590 0136011 298.2656 242.0075  2.00563581179794
3.0,GENERATED VIA SPACE-TRACK.ORG API,2025-01-27 17:35:57+00:00,18 SPCS,NAVSTAR 48 (USA 151),2000-040A,EARTH,TEME,UTC,SGP4,2025-01-27 11:46:54.501312+00:00,2.00563581,0.01360110,54.9835,235.2590,298.2656,242.0075,0,U,26407,999,17980,0.00000000000000,0.00000099,0.0000000000000,26560.350,717.977,20543.465,19820.965,PAYLOAD,LARGE,US,2000-07-16,AFETR,,4622945,279231540,0 NAVSTAR 48 (USA 151),1 26407U 00040A   25027.49090858  .00000099  00000-0  00000-0 0  9990,2 26407  54.9835 235.2590 0136011 298.2656 242.0075  2.00563581179806
3.0,GENERATED VIA SPACE-TRACK.ORG API,2025-01-28 21:47:04+00:00,18 SPCS,NAVSTAR 48 (USA 151),2000-040A,EARTH,TEME,UTC,SGP4,2025-01-27 18:04:16.284000+00:00,2.00563581,0.01359920,54.9834,235.2485,298.2680,71.2248,0,U,26407,999,17981,0.00000000000000,0.00000098,0.0000000000000,26560.350,717.977,20543.414,19821.015,PAYLOAD,LARGE,US,2000-07-16,AFETR,,4624325,279323978,0 NAVSTAR 48 (USA 151),1 26407U 00040A   25027.75296625  .00000098  00000-0  00000-0 0  9998,2 26407  54.9834 235.2485 0135992 298.2680  71.2248  2.00563581179817
3.0,GENERATED VIA SPACE-TRACK.ORG API,2025-01-29 02:06:45+00:00,18 SPCS,NAVSTAR 48 (USA 151),2000-040A,EARTH,TEME,UTC,SGP4,2025-01-28 18:01:15.386592+00:00,2.00563573,0.01359380,54.9833,235.2087,298.2763,71.7577,0,U,26407,999,17983,0.00000000000000,0.00000091,0.0000000000000,26560.351,717.977,20543.272,19821.159,PAYLOAD,LARGE,US,2000-07-16,AFETR,,4624558,279358671,0 NAVSTAR 48 (USA 151),1 26407U 00040A   25028.75087253  .00000091  00000-0  00000-0 0  9997,2 26407  54.9833 235.2087 0135938 298.2763  71.7577  2.00563573179839
3.0,GENERATED VIA SPACE-TRACK.ORG API,2025-01-29 14:46:18+00:00,18 SPCS,NAVSTAR 48 (USA 151),2000-040A,EARTH,TEME,UTC,SGP4,2025-01-29 12:23:33.188640+00:00,2.00563569,0.01359130,54.9832,235.1782,298.2843,264.4696,0,U,26407,999,17983,0.00000000000000,0.00000086,0.0000000000000,26560.351,717.977,20543.206,19821.226,PAYLOAD,LARGE,US,2000-07-16,AFETR,,4625094,279394172,0 NAVSTAR 48 (USA 151),1 26407U 00040A   25029.51635635  .00000086  00000-0  00000+0 0  9998,2 26407  54.9832 235.1782 0135913 298.2843 264.4696  2.00563569179839
3.0,GENERATED VIA SPACE-TRACK.ORG API,2025-01-29 19:56:19+00:00,18 SPCS,NAVSTAR 48 (USA 151),2000-040A,EARTH,TEME,UTC,SGP4,2025-01-29 12:23:33.188640+00:00,2.00563569,0.01359130,54.9832,235.1782,298.2843,264.4696,0,U,26407,999,17984,0.00000000000000,0.00000086,0.0000000000000,26560.351,717.977,20543.206,19821.226,PAYLOAD,LARGE,US,2000-07-16,AFETR,,4625365,279407559,0 NAVSTAR 48 (USA 151),1 26407U 00040A   25029.51635635  .00000086  00000-0  00000-0 0  9999,2 26407  54.9832 235.1782 0135913 298.2843 264.4696  2.00563569179840
3.0,GENERATED VIA SPACE-TRACK.ORG API,2025-01-30 05:01:20+00:00,18 SPCS,NAVSTAR 48 (USA 151),2000-040A,EARTH,TEME,UTC,SGP4,2025-01-29 23:22:28.999200+00:00,2.00563567,0.01358930,54.9831,235.1600,298.2883,234.8701,0,U,26407,999,17985,0.00000000000000,0.00000082,0.0000000000000,26560.351,717.977,20543.153,19821.280,PAYLOAD,LARGE,US,2000-07-16,AFETR,,4625610,279441979,0 NAVSTAR 48 (USA 151),1 26407U 00040A   25029.97394675  .00000082  00000-0  00000-0 0  9991,2 26407  54.9831 235.1600 0135893 298.2883 234.8701  2.00563567179856
3.0,GENERATED VIA SPACE-TRACK.ORG API,2025-01-30 17:44:22+00:00,18 SPCS,NAVSTAR 48 (USA 151),2000-040A,EARTH,TEME,UTC,SGP4,2025-01-30 13:22:36.045696+00:00,2.00563565,0.01358660,54.9830,235.1367,298.2929,296.1219,0,U,26407,999,17986,0.00000000000000,0.00000078,0.0000000000000,26560.351,717.977,20543.081,19821.351,PAYLOAD,LARGE,US,2000-07-16,AFETR,,4625944,279479935,0 NAVSTAR 48 (USA 151),1 26407U 00040A   25030.55736164  .00000078  00000-0  00000-0 0  9995,2 26407  54.9830 235.1367 0135866 298.2929 296.1219  2.00563565179860
3.0,GENERATED VIA SPACE-TRACK.ORG API,2025-01-31 22:36:17+00:00,18 SPCS,NAVSTAR 48 (USA 151),2000-040A,EARTH,TEME,UTC,SGP4,2025-01-31 17:41:26.081952+00:00,2.00563562,0.01358110,54.9828,235.0897,298.3001,67.9538,0,U,26407,999,17988,0.00000000000000,0.00000073,0.0000000000000,26560.352,717.977,20542.935,19821.498,PAYLOAD,LARGE,US,2000-07-16,AFETR,,4627338,279623778,0 NAVSTAR 48 (USA 151),1 26407U 00040A   25031.73710743  .00000073  00000-0  00000+0 0  9995,2 26407  54.9828 235.0897 0135811 298.3001  67.9538  2.00563562179883
3.0,GENERATED VIA SPACE-TRACK.ORG API,2025-02-01 03:28:12+00:00,18 SPCS,NAVSTAR 48 (USA 151),2000-040A,EARTH,TEME,UTC,SGP4,2025-01-31 23:13:31.738944+00:00,2.00563565,0.01358030,54.9825,235.0805,298.3034,234.4711,0,U,26407,999,17989,0.00000000000000,0.00000072,0.0000000000000,26560.351,717.977,20542.914,19821.519,PAYLOAD,LARGE,US,2000-07-16,AFETR,,4627471,279633593,0 NAVSTAR 48 (USA 151),1 26407U 00040A   25031.96772846  .00000072  00000-0  00000-0 0  9992,2 26407  54.9825 235.0805 0135803 298.3034 234.4711  2.00563565179894
3.0,GENERATED VIA SPACE-TRACK.ORG API,2025-02-01 17:16:57+00:00,18 SPCS,NAVSTAR 48 (USA 151),2000-040A,EARTH,TEME,UTC,SGP4,2025-02-01 10:56:53.778336+00:00,2.00563566,0.01357840,54.9824,235.0610,298.3073,227.1537,0,U,26407,999,17990,0.00000000000000,0.00000072,0.0000000000000,26560.351,717.977,20542.863,19821.569,PAYLOAD,LARGE,US,2000-07-16,AFETR,,4628095,279677953,0 NAVSTAR 48 (USA 151),1 26407U 00040A   25032.45617799  .00000072  00000-0  00000-0 0  9992,2 26407  54.9824 235.0610 0135784 298.3073 227.1537  2.00563566179906
3.0,GENERATED VIA SPACE-TRACK.ORG API,2025-02-02 17:26:13+00:00,18 SPCS,NAVSTAR 48 (USA 151),2000-040A,EARTH,TEME,UTC,SGP4,2025-02-02 10:03:12.521952+00:00,2.00563571,0.01357460,54.9821,235.0226,298.3147,202.2789,0,U,26407,999,17992,0.00000000000000,0.00000073,0.0000000000000,26560.351,717.977,20542.762,19821.670,PAYLOAD,LARGE,US,2000-07-16,AFETR,,4629041,279759562,0 NAVSTAR 48 (USA 151),1 26407U 00040A   25033.41889493  .00000073  00000-0  00000-0 0  9992,2 26407  54.9821 235.0226 0135746 298.3147 202.2789  2.00563571179927
3.0,GENERATED VIA SPACE-TRACK.ORG API,2025-02-04 02:47:05+00:00,18 SPCS,NAVSTAR 48 (USA 151),2000-040A,EARTH,TEME,UTC,SGP4,2025-02-03 23:02:28.840128+00:00,2.00563589,0.01356810,54.9818,234.9612,298.3288,235.0650,0,U,26407,999,17995,0.00000000000000,0.00000081,0.0000000000000,26560.349,717.977,20542.588,19821.841,PAYLOAD,LARGE,US,2000-07-16,AFETR,,4630266,279877017,0 NAVSTAR 48 (USA 151),1 26407U 00040A   25034.96005602  .00000081  00000-0  00000-0 0  9994,2 26407  54.9818 234.9612 0135681 298.3288 235.0650  2.00563589179957
3.0,GENERATED VIA SPACE-TRACK.ORG API,2025-02-04 06:46:32+00:00,18 SPCS,NAVSTAR 48 (USA 151),2000-040A,EARTH,TEME,UTC,SGP4,2025-02-03 23:02:28.840128+00:00,2.00563589,0.01356810,54.9818,234.9612,298.3288,235.0650,0,U,26407,999,17994,0.00000000000000,0.00000081,0.0000000000000,26560.349,717.977,20542.588,19821.841,PAYLOAD,LARGE,US,2000-07-16,AFETR,,4630438,279933389,0 NAVSTAR 48 (USA 151),1 26407U 00040A   25034.96005602  .00000081  00000-0  00000+0 0  9993,2 26407  54.9818 234.9612 0135681 298.3288 235.0650  2.00563589179946
3.0,GENERATED VIA SPACE-TRACK.ORG API,2025-02-05 17:51:38+00:00,18 SPCS,NAVSTAR 48 (USA 151),2000-040A,EARTH,TEME,UTC,SGP4,2025-02-04 22:58:28.723296+00:00,2.00563609,0.01356450,54.9818,234.9213,298.3363,235.1041,0,U,26407,999,17997,0.00000000000000,0.00000087,0.0000000000000,26560.347,717.977,20542.490,19821.935,PAYLOAD,LARGE,US,2000-07-16,AFETR,,4632154,280009903,0 NAVSTAR 48 (USA 151),1 26407U 00040A   25035.95727689  .00000087  00000-0  00000-0 0  9996,2 26407  54.9818 234.9213 0135645 298.3363 235.1041  2.00563609179978
3.0,GENERATED VIA SPACE-TRACK.ORG API,2025-02-06 03:58:10+00:00,18 SPCS,NAVSTAR 48 (USA 151),2000-040A,EARTH,TEME,UTC,SGP4,2025-02-05 16:14:48.003936+00:00,2.00563623,0.01356130,54.9816,234.8926,298.3421,34.7368,0,U,26407,999,17998,0.00000000000000,0.00000090,0.0000000000000,26560.346,717.977,20542.404,19822.018,PAYLOAD,LARGE,US,2000-07-16,AFETR,,4632462,280046498,0 NAVSTAR 48 (USA 151),1 26407U 00040A   25036.67694449  .00000090  00000-0  00000-0 0  9997,2 26407  54.9816 234.8926 0135613 298.3421  34.7368  2.00563623179988
3.0,GENERATED VIA SPACE-TRACK.ORG API,2025-02-06 17:29:47+00:00,18 SPCS,NAVSTAR 48 (USA 151),2000-040A,EARTH,TEME,UTC,SGP4,2025-02-06 09:56:01.279680+00:00,2.00563641,0.01355820,54.9814,234.8632,298.3499,206.8526,0,U,26407,999,18000,0.00000000000000,0.00000091,0.0000000000000,26560.345,717.977,20542.320,19822.099,PAYLOAD,LARGE,US,2000-07-16,AFETR,,4632636,280080014,0 NAVSTAR 48 (USA 151),1 26407U 00040A   25037.41390370  .00000091  00000-0  00000-0 0  9997,2 26407  54.9814 234.8632 0135582 298.3499 206.8526  2.00563641180003
3.0,GENERATED VIA SPACE-TRACK.ORG API,2025-02-06 21:26:18+00:00,18 SPCS,NAVSTAR 48 (USA 151),2000-040A,EARTH,TEME,UTC,SGP4,2025-02-06 09:56:01.279680+00:00,2.00563641,0.01355820,54.9814,234.8632,298.3499,206.8526,0,U,26407,999,17999,0.00000000000000,0.00000091,0.0000000000000,26560.345,717.977,20542.320,19822.099,PAYLOAD,LARGE,US,2000-07-16,AFETR,,4632876,280108414,0 NAVSTAR 48 (USA 151),1 26407U 00040A   25037.41390370  .00000091  00000-0  00000+0 0  9996,2 26407  54.9814 234.8632 0135582 298.3499 206.8526  2.00563641179999
3.0,GENERATED VIA SPACE-TRACK.ORG API,2025-02-08 14:36:17+00:00,18 SPCS,NAVSTAR 48 (USA 151),2000-040A,EARTH,TEME,UTC,SGP4,2025-02-08 10:00:22.299264+00:00,2.00563700,0.01354980,54.9808,234.7835,298.3667,213.1240,0,U,26407,999,18003,0.00000000000000,0.00000080,0.0000000000000,26560.339,717.976,20542.092,19822.317,PAYLOAD,LARGE,US,2000-07-16,AFETR,,4634388,280201961,0 NAVSTAR 48 (USA 151),1 26407U 00040A   25039.41692476  .00000080  00000-0  00000+0 0  9998,2 26407  54.9808 234.7835 0135498 298.3667 213.1240  2.00563700180036
3.0,GENERATED VIA SPACE-TRACK.ORG API,2025-02-08 17:45:34+00:00,18 SPCS,NAVSTAR 48 (USA 151),2000-040A,EARTH,TEME,UTC,SGP4,2025-02-08 10:00:22.299264+00:00,2.00563700,0.01354980,54.9808,234.7835,298.3667,213.1240,0,U,26407,999,18004,0.00000000000000,0.00000080,0.0000000000000,26560.339,717.976,20542.092,19822.317,PAYLOAD,LARGE,US,2000-07-16,AFETR,,4634601,280213486,0 NAVSTAR 48 (USA 151),1 26407U 00040A   25039.41692476  .00000080  00000-0  00000-0 0  9999,2 26407  54.9808 234.7835 0135498 298.3667 213.1240  2.00563700180047
3.0,GENERATED VIA SPACE-TRACK.ORG API,2025-02-09 17:59:51+00:00,18 SPCS,NAVSTAR 48 (USA 151),2000-040A,EARTH,TEME,UTC,SGP4,2025-02-08 22:58:28.572960+00:00,2.00563721,0.01354740,54.9806,234.7620,298.3707,243.2818,0,U,26407,999,18005,0.00000000000000,0.00000074,0.0000000000000,26560.337,717.976,20542.026,19822.379,PAYLOAD,LARGE,US,2000-07-16,AFETR,,4635571,280294788,0 NAVSTAR 48 (USA 151),1 26407U 00040A   25039.95727515  .00000074  00000-0  00000-0 0  9994,2 26407  54.9806 234.7620 0135474 298.3707 243.2818  2.00563721180055
3.0,GENERATED VIA SPACE-TRACK.ORG API,2025-02-10 02:37:02+00:00,18 SPCS,NAVSTAR 48 (USA 151),2000-040A,EARTH,TEME,UTC,SGP4,2025-02-09 17:05:51.684000+00:00,2.00563746,0.01354460,54.9804,234.7320,298.3740,68.5218,0,U,26407,999,18007,0.00000000000000,0.00000063,0.0000000000000,26560.335,717.976,20541.949,19822.451,PAYLOAD,LARGE,US,2000-07-16,AFETR,,4635883,280331480,0 NAVSTAR 48 (USA 151),1 26407U 00040A   25040.71240375  .00000063  00000-0  00000-0 0  9992,2 26407  54.9804 234.7320 0135446 298.3740  68.5218  2.00563746180077
3.0,GENERATED VIA SPACE-TRACK.ORG API,2025-02-10 17:40:26+00:00,18 SPCS,NAVSTAR 48 (USA 151),2000-040A,EARTH,TEME,UTC,SGP4,2025-02-09 22:58:42.391776+00:00,2.00563757,0.01354350,54.9803,234.7222,298.3763,245.4453,0,U,26407,999,18007,0.00000000000000,0.00000060,0.0000000000000,26560.334,717.976,20541.919,19822.479,PAYLOAD,LARGE,US,2000-07-16,AFETR,,4636616,280377968,0 NAVSTAR 48 (USA 151),1 26407U 00040A   25040.95743509  .00000060  00000-0  00000-0 0  9992,2 26407  54.9803 234.7222 0135435 298.3763 245.4453  2.00563757180079
3.0,GENERATED VIA SPACE-TRACK.ORG API,2025-02-10 22:36:17+00:00,18 SPCS,NAVSTAR 48 (USA 151),2000-040A,EARTH,TEME,UTC,SGP4,2025-02-10 16:19:10.841376+00:00,2.00563783,0.01354120,54.9801,234.6935,298.3806,47.1619,0,U,26407,999,18008,0.00000000000000,0.00000050,0.0000000000000,26560.332,717.976,20541.856,19822.538,PAYLOAD,LARGE,US,2000-07-16,AFETR,,4636795,280404337,0 NAVSTAR 48 (USA 151),1 26407U 00040A   25041.67998659  .00000050  00000-0  00000+0 0  9998,2 26407  54.9801 234.6935 0135412 298.3806  47.1619  2.00563783180081
3.0,GENERATED VIA SPACE-TRACK.ORG API,2025-02-11 04:10:04+00:00,18 SPCS,NAVSTAR 48 (USA 151),2000-040A,EARTH,TEME,UTC,SGP4,2025-02-10 16:19:10.841376+00:00,2.00563783,0.01354120,54.9801,234.6935,298.3806,47.1619,0,U,26407,999,18008,0.00000000000000,0.00000050,0.0000000000000,26560.332,717.976,20541.856,19822.538,PAYLOAD,LARGE,US,2000-07-16,AFETR,,4636950,280414738,0 NAVSTAR 48 (USA 151),1 26407U 00040A   25041.67998659  .00000050  00000-0  00000-0 0  9999,2 26407  54.9801 234.6935 0135412 298.3806  47.1619  2.00563783180081
3.0,GENERATED VIA SPACE-TRACK.ORG API,2025-02-11 17:27:46+00:00,18 SPCS,NAVSTAR 48 (USA 151),2000-040A,EARTH,TEME,UTC,SGP4,2025-02-11 10:56:38.692032+00:00,2.00563812,0.01353840,54.9799,234.6626,298.3861,247.4821,0,U,26407,999,18010,0.00000000000000,0.00000040,0.0000000000000,26560.329,717.976,20541.779,19822.610,PAYLOAD,LARGE,US,2000-07-16,AFETR,,4637679,280461181,0 NAVSTAR 48 (USA 151),1 26407U 00040A   25042.45600338  .00000040  00000-0  00000-0 0  9999,2 26407  54.9799 234.6626 0135384 298.3861 247.4821  2.00563812180109
3.0,GENERATED VIA SPACE-TRACK.ORG API,2025-02-12 02:52:37+00:00,18 SPCS,NAVSTAR 48 (USA 151),2000-040A,EARTH,TEME,UTC,SGP4,2025-02-11 16:57:23.939712+00:00,2.00563821,0.01353770,54.9797,234.6526,298.3875,68.3722,0,U,26407,999,18011,0.00000000000000,0.00000037,0.0000000000000,26560.329,717.976,20541.759,19822.628,PAYLOAD,LARGE,US,2000-07-16,AFETR,,4638044,280499146,0 NAVSTAR 48 (USA 151),1 26407U 00040A   25042.70652708  .00000037  00000-0  00000-0 0  9991,2 26407  54.9797 234.6526 0135377 298.3875  68.3722  2.00563821180114
3.0,GENERATED VIA SPACE-TRACK.ORG API,2025-02-12 22:46:18+00:00,18 SPCS,NAVSTAR 48 (USA 151),2000-040A,EARTH,TEME,UTC,SGP4,2025-02-12 16:53:35.137824+00:00,2.00563859,0.01353420,54.9795,234.6129,298.3952,68.5061,0,U,26407,999,18012,0.00000000000000,0.00000028,0.0000000000000,26560.325,717.976,20541.663,19822.718,PAYLOAD,LARGE,US,2000-07-16,AFETR,,4638962,280570614,0 NAVSTAR 48 (USA 151),1 26407U 00040A   25043.70387891  .00000028  00000-0  00000+0 0  9999,2 26407  54.9795 234.6129 0135342 298.3952  68.5061  2.00563859180129
3.0,GENERATED VIA SPACE-TRACK.ORG API,2025-02-13 05:22:15+00:00,18 SPCS,NAVSTAR 48 (USA 151),2000-040A,EARTH,TEME,UTC,SGP4,2025-02-12 16:53:35.137824+00:00,2.00563859,0.01353420,54.9795,234.6129,298.3952,68.5061,0,U,26407,999,18013,0.00000000000000,0.00000028,0.0000000000000,26560.325,717.976,20541.663,19822.718,PAYLOAD,LARGE,US,2000-07-16,AFETR,,4639109,280581993,0 NAVSTAR 48 (USA 151),1 26407U 00040A   25043.70387891  .00000028  00000-0  00000-0 0  9990,2 26407  54.9795 234.6129 0135342 298.3952  68.5061  2.00563859180130
3.0,GENERATED VIA SPACE-TRACK.ORG API,2025-02-13 17:23:10+00:00,18 SPCS,NAVSTAR 48 (USA 151),2000-040A,EARTH,TEME,UTC,SGP4,2025-02-13 04:34:00.560928+00:00,2.00563877,0.01353250,54.9793,234.5936,298.3998,59.7123,0,U,26407,999,18013,0.00000000000000,0.00000026,0.0000000000000,26560.324,717.976,20541.616,19822.761,PAYLOAD,LARGE,US,2000-07-16,AFETR,,4639754,280627482,0 NAVSTAR 48 (USA 151),1 26407U 00040A   25044.19028427  .00000026  00000-0  00000-0 0  9999,2 26407  54.9793 234.5936 0135325 298.3998  59.7123  2.00563877180135
3.0,GENERATED VIA SPACE-TRACK.ORG API,2025-02-14 05:48:53+00:00,18 SPCS,NAVSTAR 48 (USA 151),2000-040A,EARTH,TEME,UTC,SGP4,2025-02-13 16:22:51.524256+00:00,2.00563897,0.01353090,54.9792,234.5740,298.4045,55.1433,0,U,26407,999,18014,0.00000000000000,0.00000025,0.0000000000000,26560.322,717.976,20541.572,19822.802,PAYLOAD,LARGE,US,2000-07-16,AFETR,,4640012,280662286,0 NAVSTAR 48 (USA 151),1 26407U 00040A   25044.68254079  .00000025  00000-0  00000-0 0  9996,2 26407  54.9792 234.5740 0135309 298.4045  55.1433  2.00563897180140
3.0,GENERATED VIA SPACE-TRACK.ORG API,2025-02-15 02:48:44+00:00,18 SPCS,NAVSTAR 48 (USA 151),2000-040A,EARTH,TEME,UTC,SGP4,2025-02-14 22:16:29.051328+00:00,2.00563942,0.01352590,54.9788,234.5245,298.4159,234.5030,0,U,26407,999,18017,0.00000000000000,0.00000029,0.0000000000000,26560.318,717.976,20541.435,19822.931,PAYLOAD,LARGE,US,2000-07-16,AFETR,,4641027,280745592,0 NAVSTAR 48 (USA 151),1 26407U 00040A   25045.92811402  .00000029  00000-0  00000-0 0  9997,2 26407  54.9788 234.5245 0135259 298.4159 234.5030  2.00563942180175
3.0,GENERATED VIA SPACE-TRACK.ORG API,2025-02-15 06:46:31+00:00,18 SPCS,NAVSTAR 48 (USA 151),2000-040A,EARTH,TEME,UTC,SGP4,2025-02-14 22:16:29.051328+00:00,2.00563942,0.01352590,54.9788,234.5245,298.4159,234.5030,0,U,26407,999,18016,0.00000000000000,0.00000029,0.0000000000000,26560.318,717.976,20541.435,19822.931,PAYLOAD,LARGE,US,2000-07-16,AFETR,,4641204,280772047,0 NAVSTAR 48 (USA 151),1 26407U 00040A   25045.92811402  .00000029  00000-0  00000+0 0  9996,2 26407  54.9788 234.5245 0135259 298.4159 234.5030  2.00563942180164
3.0,GENERATED VIA SPACE-TRACK.ORG API,2025-02-16 08:34:50+00:00,18 SPCS,NAVSTAR 48 (USA 151),2000-040A,EARTH,TEME,UTC,SGP4,2025-02-15 15:37:32.389248+00:00,2.00563967,0.01352350,54.9786,234.4957,298.4223,36.5094,0,U,26407,999,18018,0.00000000000000,0.00000035,0.0000000000000,26560.316,717.975,20541.369,19822.992,PAYLOAD,LARGE,US,2000-07-16,AFETR,,4642461,280839340,0 NAVSTAR 48 (USA 151),1 26407U 00040A   25046.65106932  .00000035  00000-0  00000-0 0  9990,2 26407  54.9786 234.4957 0135235 298.4223  36.5094  2.00563967180186
3.0,GENERATED VIA SPACE-TRACK.ORG API,2025-02-16 17:14:46+00:00,18 SPCS,NAVSTAR 48 (USA 151),2000-040A,EARTH,TEME,UTC,SGP4,2025-02-16 10:17:44.540736+00:00,2.00563988,0.01352020,54.9783,234.4647,298.4278,238.2030,0,U,26407,999,18020,0.00000000000000,0.00000043,0.0000000000000,26560.314,717.975,20541.280,19823.078,PAYLOAD,LARGE,US,2000-07-16,AFETR,,4642779,280876822,0 NAVSTAR 48 (USA 151),1 26407U 00040A   25047.42898774  .00000043  00000-0  00000-0 0  9997,2 26407  54.9783 234.4647 0135202 298.4278 238.2030  2.00563988180200
3.0,GENERATED VIA SPACE-TRACK.ORG API,2025-02-17 03:28:14+00:00,18 SPCS,NAVSTAR 48 (USA 151),2000-040A,EARTH,TEME,UTC,SGP4,2025-02-16 16:42:26.311968+00:00,2.00563996,0.01351940,54.9783,234.4541,298.4303,71.0973,0,U,26407,999,18021,0.00000000000000,0.00000046,0.0000000000000,26560.313,717.975,20541.258,19823.099,PAYLOAD,LARGE,US,2000-07-16,AFETR,,4643135,280915454,0 NAVSTAR 48 (USA 151),1 26407U 00040A   25047.69613787  .00000046  00000-0  00000-0 0  9998,2 26407  54.9783 234.4541 0135194 298.4303  71.0973  2.00563996180211
3.0,GENERATED VIA SPACE-TRACK.ORG API,2025-02-17 18:05:04+00:00,18 SPCS,NAVSTAR 48 (USA 151),2000-040A,EARTH,TEME,UTC,SGP4,2025-02-17 15:13:10.297344+00:00,2.00564019,0.01351620,54.9779,234.4168,298.4359,28.3851,0,U,26407,999,18022,0.00000000000000,0.00000057,0.0000000000000,26560.311,717.975,20541.171,19823.182,PAYLOAD,LARGE,US,2000-07-16,AFETR,,4643813,280961626,0 NAVSTAR 48 (USA 151),1 26407U 00040A   25048.63414696  .00000057  00000-0  00000-0 0  9993,2 26407  54.9779 234.4168 0135162 298.4359  28.3851  2.00564019180225
3.0,GENERATED VIA SPACE-TRACK.ORG API,2025-02-17 22:36:18+00:00,18 SPCS,NAVSTAR 48 (USA 151),2000-040A,EARTH,TEME,UTC,SGP4,2025-02-17 16:32:36.023712+00:00,2.00564020,0.01351600,54.9779,234.4146,298.4364,68.2123,0,U,26407,999,18022,0.00000000000000,0.00000058,0.0000000000000,26560.311,717.975,20541.165,19823.187,PAYLOAD,LARGE,US,2000-07-16,AFETR,,4643894,280986977,0 NAVSTAR 48 (USA 151),1 26407U 00040A   25048.68930583  .00000058  00000-0  00000+0 0  9996,2 26407  54.9779 234.4146 0135160 298.4364  68.2123  2.00564020180222
3.0,GENERATED VIA SPACE-TRACK.ORG API,2025-02-18 02:17:51+00:00,18 SPCS,NAVSTAR 48 (USA 151),2000-040A,EARTH,TEME,UTC,SGP4,2025-02-17 16:32:36.023712+00:00,2.00564020,0.01351600,54.9779,234.4146,298.4364,68.2123,0,U,26407,999,18023,0.00000000000000,0.00000058,0.0000000000000,26560.311,717.975,20541.165,19823.187,PAYLOAD,LARGE,US,2000-07-16,AFETR,,4644095,280998103,0 NAVSTAR 48 (USA 151),1 26407U 00040A   25048.68930583  .00000058  00000-0  00000-0 0  9997,2 26407  54.9779 234.4146 0135160 298.4364  68.2123  2.00564020180233
3.0,GENERATED VIA SPACE-TRACK.ORG API,2025-02-19 03:22:29+00:00,18 SPCS,NAVSTAR 48 (USA 151),2000-040A,EARTH,TEME,UTC,SGP4,2025-02-18 22:17:01.835808+00:00,2.00564040,0.01351170,54.9775,234.3653,298.4418,242.9676,0,U,26407,999,18025,0.00000000000000,0.00000072,0.0000000000000,26560.309,717.975,20541.049,19823.299,PAYLOAD,LARGE,US,2000-07-16,AFETR,,4645147,281140490,0 NAVSTAR 48 (USA 151),1 26407U 00040A   25049.92849347  .00000072  00000-0  00000-0 0  9998,2 26407  54.9775 234.3653 0135117 298.4418 242.9676  2.00564040180251
3.0,GENERATED VIA SPACE-TRACK.ORG API,2025-02-20 03:30:21+00:00,18 SPCS,NAVSTAR 48 (USA 151),2000-040A,EARTH,TEME,UTC,SGP4,2025-02-19 22:57:09.508320+00:00,2.00564049,0.01350810,54.9772,234.3245,298.4476,265.1372,0,U,26407,999,18027,0.00000000000000,0.00000080,0.0000000000000,26560.309,717.975,20540.953,19823.394,PAYLOAD,LARGE,US,2000-07-16,AFETR,,4646218,281225186,0 NAVSTAR 48 (USA 151),1 26407U 00040A   25050.95636005  .00000080  00000-0  00000-0 0  9997,2 26407  54.9772 234.3245 0135081 298.4476 265.1372  2.00564049180270
3.0,GENERATED VIA SPACE-TRACK.ORG API,2025-02-20 06:46:17+00:00,18 SPCS,NAVSTAR 48 (USA 151),2000-040A,EARTH,TEME,UTC,SGP4,2025-02-19 22:57:09.508320+00:00,2.00564049,0.01350810,54.9772,234.3245,298.4476,265.1372,0,U,26407,999,18026,0.00000000000000,0.00000080,0.0000000000000,26560.309,717.975,20540.953,19823.394,PAYLOAD,LARGE,US,2000-07-16,AFETR,,4646347,281251629,0 NAVSTAR 48 (USA 151),1 26407U 00040A   25050.95636005  .00000080  00000-0  00000+0 0  9996,2 26407  54.9772 234.3245 0135081 298.4476 265.1372  2.00564049180269
3.0,GENERATED VIA SPACE-TRACK.ORG API,2025-02-20 17:16:22+00:00,18 SPCS,NAVSTAR 48 (USA 151),2000-040A,EARTH,TEME,UTC,SGP4,2025-02-20 10:29:02.644224+00:00,2.00564049,0.01350650,54.9771,234.3053,298.4502,252.0645,0,U,26407,999,18028,0.00000000000000,0.00000083,0.0000000000000,26560.309,717.975,20540.910,19823.437,PAYLOAD,LARGE,US,2000-07-16,AFETR,,4646637,281264925,0 NAVSTAR 48 (USA 151),1 26407U 00040A   25051.43683616  .00000083  00000-0  00000-0 0  9994,2 26407  54.9771 234.3053 0135065 298.4502 252.0645  2.00564049180287
3.0,GENERATED VIA SPACE-TRACK.ORG API,2025-02-21 03:03:55+00:00,18 SPCS,NAVSTAR 48 (USA 151),2000-040A,EARTH,TEME,UTC,SGP4,2025-02-20 16:03:12.623040+00:00,2.00564051,0.01350630,54.9770,234.2961,298.4528,59.6219,0,U,26407,999,18028,0.00000000000000,0.00000084,0.0000000000000,26560.308,717.975,20540.905,19823.442,PAYLOAD,LARGE,US,2000-07-16,AFETR,,4647213,281307277,0 NAVSTAR 48 (USA 151),1 26407U 00040A   25051.66889610  .00000084  00000-0  00000-0 0  9992,2 26407  54.9770 234.2961 0135063 298.4528  59.6219  2.00564051180280
3.0,GENERATED VIA SPACE-TRACK.ORG API,2025-02-21 18:09:55+00:00,18 SPCS,NAVSTAR 48 (USA 151),2000-040A,EARTH,TEME,UTC,SGP4,2025-02-21 09:33:52.026912+00:00,2.00564048,0.01350340,54.9768,234.2670,298.4554,226.4464,0,U,26407,999,18030,0.00000000000000,0.00000086,0.0000000000000,26560.309,717.975,20540.828,19823.519,PAYLOAD,LARGE,US,2000-07-16,AFETR,,4647856,281352858,0 NAVSTAR 48 (USA 151),1 26407U 00040A   25052.39851883  .00000086  00000-0  00000-0 0  9996,2 26407  54.9768 234.2670 0135034 298.4554 226.4464  2.00564048180306
3.0,GENERATED VIA SPACE-TRACK.ORG API,2025-02-22 04:38:36+00:00,18 SPCS,NAVSTAR 48 (USA 151),2000-040A,EARTH,TEME,UTC,SGP4,2025-02-21 16:18:20.553120+00:00,2.00564047,0.01350260,54.9767,234.2559,298.4584,69.2583,0,U,26407,999,18031,0.00000000000000,0.00000086,0.0000000000000,26560.309,717.975,20540.807,19823.540,PAYLOAD,LARGE,US,2000-07-16,AFETR,,4648157,281388698,0 NAVSTAR 48 (USA 151),1 26407U 00040A   25052.67940455  .00000086  00000-0  00000-0 0  9991,2 26407  54.9767 234.2559 0135026 298.4584  69.2583  2.00564047180310
3.0,GENERATED VIA SPACE-TRACK.ORG API,2025-02-22 22:46:17+00:00,18 SPCS,NAVSTAR 48 (USA 151),2000-040A,EARTH,TEME,UTC,SGP4,2025-02-22 16:12:46.592064+00:00,2.00564041,0.01349860,54.9764,234.2162,298.4638,68.5163,0,U,26407,999,18032,0.00000000000000,0.00000085,0.0000000000000,26560.309,717.975,20540.701,19823.647,PAYLOAD,LARGE,US,2000-07-16,AFETR,,4649082,281463540,0 NAVSTAR 48 (USA 151),1 26407U 00040A   25053.67553926  .00000085  00000-0  00000+0 0  9993,2 26407  54.9764 234.2162 0134986 298.4638  68.5163  2.00564041180322
3.0,GENERATED VIA SPACE-TRACK.ORG API,2025-02-23 10:39:07+00:00,18 SPCS,NAVSTAR 48 (USA 151),2000-040A,EARTH,TEME,UTC,SGP4,2025-02-22 16:12:46.592064+00:00,2.00564041,0.01349860,54.9764,234.2162,298.4638,68.5163,0,U,26407,999,18033,0.00000000000000,0.00000085,0.0000000000000,26560.309,717.975,20540.701,19823.647,PAYLOAD,LARGE,US,2000-07-16,AFETR,,4649559,281481936,0 NAVSTAR 48 (USA 151),1 26407U 00040A   25053.67553926  .00000085  00000-0  00000-0 0  9994,2 26407  54.9764 234.2162 0134986 298.4638  68.5163  2.00564041180333
3.0,GENERATED VIA SPACE-TRACK.ORG API,2025-02-24 04:39:28+00:00,18 SPCS,NAVSTAR 48 (USA 151),2000-040A,EARTH,TEME,UTC,SGP4,2025-02-23 16:08:27.334176+00:00,2.00564031,0.01349460,54.9761,234.1765,298.4685,68.3993,0,U,26407,999,18035,0.00000000000000,0.00000081,0.0000000000000,26560.310,717.975,20540.596,19823.754,PAYLOAD,LARGE,US,2000-07-16,AFETR,,4650244,281528411,0 NAVSTAR 48 (USA 151),1 26407U 00040A   25054.67253859  .00000081  00000-0  00000-0 0  9993,2 26407  54.9761 234.1765 0134946 298.4685  68.3993  2.00564031180356
3.0,GENERATED VIA SPACE-TRACK.ORG API,2025-02-25 04:16:25+00:00,18 SPCS,NAVSTAR 48 (USA 151),2000-040A,EARTH,TEME,UTC,SGP4,2025-02-24 21:35:36.748032+00:00,2.00564020,0.01348990,54.9757,234.1277,298.4739,234.4936,0,U,26407,999,18037,0.00000000000000,0.00000072,0.0000000000000,26560.311,717.975,20540.472,19823.880,PAYLOAD,LARGE,US,2000-07-16,AFETR,,4651315,281612777,0 NAVSTAR 48 (USA 151),1 26407U 00040A   25055.89973088  .00000072  00000-0  00000-0 0  9991,2 26407  54.9757 234.1277 0134899 298.4739 234.4936  2.00564020180379
3.0,GENERATED VIA SPACE-TRACK.ORG API,2025-02-25 06:46:19+00:00,18 SPCS,NAVSTAR 48 (USA 151),2000-040A,EARTH,TEME,UTC,SGP4,2025-02-24 21:35:36.748032+00:00,2.00564020,0.01348990,54.9757,234.1277,298.4739,234.4936,0,U,26407,999,18036,0.00000000000000,0.00000072,0.0000000000000,26560.311,717.975,20540.472,19823.880,PAYLOAD,LARGE,US,2000-07-16,AFETR,,4651461,281638595,0 NAVSTAR 48 (USA 151),1 26407U 00040A   25055.89973088  .00000072  00000-0  00000+0 0  9990,2 26407  54.9757 234.1277 0134899 298.4739 234.4936  2.00564020180368
3.0,GENERATED VIA SPACE-TRACK.ORG API,2025-02-25 17:55:50+00:00,18 SPCS,NAVSTAR 48 (USA 151),2000-040A,EARTH,TEME,UTC,SGP4,2025-02-25 13:32:47.829408+00:00,2.00564015,0.01348740,54.9754,234.1012,298.4764,354.4491,0,U,26407,999,18038,0.00000000000000,0.00000066,0.0000000000000,26560.312,717.975,20540.406,19823.947,PAYLOAD,LARGE,US,2000-07-16,AFETR,,4652023,281659548,0 NAVSTAR 48 (USA 151),1 26407U 00040A   25056.56444247  .00000066  00000-0  00000-0 0  9999,2 26407  54.9754 234.1012 0134874 298.4764 354.4491  2.00564015180388
3.0,GENERATED VIA SPACE-TRACK.ORG API,2025-02-26 03:22:39+00:00,18 SPCS,NAVSTAR 48 (USA 151),2000-040A,EARTH,TEME,UTC,SGP4,2025-02-25 21:38:38.690880+00:00,2.00564013,0.01348610,54.9753,234.0878,298.4778,238.0646,0,U,26407,999,18039,0.00000000000000,0.00000064,0.0000000000000,26560.312,717.975,20540.372,19823.982,PAYLOAD,LARGE,US,2000-07-16,AFETR,,4652430,281697346,0 NAVSTAR 48 (USA 151),1 26407U 00040A   25056.90183670  .00000064  00000-0  00000-0 0  9995,2 26407  54.9753 234.0878 0134861 298.4778 238.0646  2.00564013180395
3.0,GENERATED VIA SPACE-TRACK.ORG API,2025-02-26 17:22:59+00:00,18 SPCS,NAVSTAR 48 (USA 151),2000-040A,EARTH,TEME,UTC,SGP4,2025-02-26 12:46:04.914048+00:00,2.00564009,0.01348380,54.9751,234.0627,298.4795,333.0762,0,U,26407,999,18040,0.00000000000000,0.00000059,0.0000000000000,26560.312,717.975,20540.311,19824.043,PAYLOAD,LARGE,US,2000-07-16,AFETR,,4653097,281743490,0 NAVSTAR 48 (USA 151),1 26407U 00040A   25057.53200132  .00000059  00000-0  00000-0 0  9992,2 26407  54.9751 234.0627 0134838 298.4795 333.0762  2.00564009180400
3.0,GENERATED VIA SPACE-TRACK.ORG API,2025-02-27 04:29:36+00:00,18 SPCS,NAVSTAR 48 (USA 151),2000-040A,EARTH,TEME,UTC,SGP4,2025-02-26 15:56:38.027328+00:00,2.00564008,0.01348340,54.9751,234.0575,298.4790,68.6246,0,U,26407,999,18041,0.00000000000000,0.00000058,0.0000000000000,26560.312,717.975,20540.300,19824.054,PAYLOAD,LARGE,US,2000-07-16,AFETR,,4653417,281780369,0 NAVSTAR 48 (USA 151),1 26407U 00040A   25057.66432902  .00000058  00000-0  00000-0 0  9997,2 26407  54.9751 234.0575 0134834 298.4790  68.6246  2.00564008180411
3.0,GENERATED VIA SPACE-TRACK.ORG API,2025-02-27 15:36:17+00:00,18 SPCS,NAVSTAR 48 (USA 151),2000-040A,EARTH,TEME,UTC,SGP4,2025-02-27 11:17:32.207424+00:00,2.00564005,0.01348070,54.9749,234.0254,298.4817,290.7297,0,U,26407,999,18041,0.00000000000000,0.00000052,0.0000000000000,26560.312,717.975,20540.229,19824.126,PAYLOAD,LARGE,US,2000-07-16,AFETR,,4653979,281815247,0 NAVSTAR 48 (USA 151),1 26407U 00040A   25058.47051166  .00000052  00000-0  00000+0 0  9999,2 26407  54.9749 234.0254 0134807 298.4817 290.7297  2.00564005180413
3.0,GENERATED VIA SPACE-TRACK.ORG API,2025-02-27 18:39:54+00:00,18 SPCS,NAVSTAR 48 (USA 151),2000-040A,EARTH,TEME,UTC,SGP4,2025-02-27 11:17:32.207424+00:00,2.00564005,0.01348070,54.9749,234.0254,298.4817,290.7297,0,U,26407,999,18042,0.00000000000000,0.00000052,0.0000000000000,26560.312,717.975,20540.229,19824.126,PAYLOAD,LARGE,US,2000-07-16,AFETR,,4654188,281828674,0 NAVSTAR 48 (USA 151),1 26407U 00040A   25058.47051166  .00000052  00000-0  00000-0 0  9990,2 26407  54.9749 234.0254 0134807 298.4817 290.7297  2.00564005180424
3.0,GENERATED VIA SPACE-TRACK.ORG API,2025-02-28 03:00:46+00:00,18 SPCS,NAVSTAR 48 (USA 151),2000-040A,EARTH,TEME,UTC,SGP4,2025-02-27 21:23:41.421696+00:00,2.00564006,0.01347930,54.9747,234.0086,298.4828,234.6702,0,U,26407,999,18043,0.00000000000000,0.00000050,0.0000000000000,26560.312,717.975,20540.192,19824.163,PAYLOAD,LARGE,US,2000-07-16,AFETR,,4654471,281864346,0 NAVSTAR 48 (USA 151),1 26407U 00040A   25058.89145164  .00000050  00000-0  00000-0 0  9996,2 26407  54.9747 234.0086 0134793 298.4828 234.6702  2.00564006180431
3.0,GENERATED VIA SPACE-TRACK.ORG API,2025-03-01 04:47:04+00:00,18 SPCS,NAVSTAR 48 (USA 151),2000-040A,EARTH,TEME,UTC,SGP4,2025-02-28 21:19:28.464960+00:00,2.00564006,0.01347620,54.9745,233.9689,298.4848,234.6088,0,U,26407,999,18045,0.00000000000000,0.00000048,0.0000000000000,26560.312,717.975,20540.109,19824.245,PAYLOAD,LARGE,US,2000-07-16,AFETR,,4655475,281947260,0 NAVSTAR 48 (USA 151),1 26407U 00040A   25059.88852390  .00000048  00000-0  00000-0 0  9999,2 26407  54.9745 233.9689 0134762 298.4848 234.6088  2.00564006180453
3.0,GENERATED VIA SPACE-TRACK.ORG API,2025-03-02 06:56:17+00:00,18 SPCS,NAVSTAR 48 (USA 151),2000-040A,EARTH,TEME,UTC,SGP4,2025-03-01 15:43:22.562400+00:00,2.00564009,0.01347390,54.9743,233.9384,298.4856,68.1340,0,U,26407,999,18046,0.00000000000000,0.00000048,0.0000000000000,26560.312,717.975,20540.048,19824.306,PAYLOAD,LARGE,US,2000-07-16,AFETR,,4656676,282029227,0 NAVSTAR 48 (USA 151),1 26407U 00040A   25060.65512225  .00000048  00000-0  00000+0 0  9995,2 26407  54.9743 233.9384 0134739 298.4856  68.1340  2.00564009180461
3.0,GENERATED VIA SPACE-TRACK.ORG API,2025-03-02 18:08:23+00:00,18 SPCS,NAVSTAR 48 (USA 151),2000-040A,EARTH,TEME,UTC,SGP4,2025-03-01 15:43:22.562400+00:00,2.00564009,0.01347390,54.9743,233.9384,298.4856,68.1340,0,U,26407,999,18047,0.00000000000000,0.00000048,0.0000000000000,26560.312,717.975,20540.048,19824.306,PAYLOAD,LARGE,US,2000-07-16,AFETR,,4657142,282077619,0 NAVSTAR 48 (USA 151),1 26407U 00040A   25060.65512225  .00000048  00000-0  00000-0 0  9996,2 26407  54.9743 233.9384 0134739 298.4856  68.1340  2.00564009180472
3.0,GENERATED VIA SPACE-TRACK.ORG API,2025-03-03 17:23:59+00:00,18 SPCS,NAVSTAR 48 (USA 151),2000-040A,EARTH,TEME,UTC,SGP4,2025-03-03 14:13:04.632672+00:00,2.00564033,0.01346790,54.9737,233.8613,298.4936,26.9572,0,U,26407,999,18050,0.00000000000000,0.00000056,0.0000000000000,26560.310,717.975,20539.887,19824.463,PAYLOAD,LARGE,US,2000-07-16,AFETR,,4658111,282159858,0 NAVSTAR 48 (USA 151),1 26407U 00040A   25062.59241473  .00000056  00000-0  00000-0 0  9994,2 26407  54.9737 233.8613 0134679 298.4936  26.9572  2.00564033180501
3.0,GENERATED VIA SPACE-TRACK.ORG API,2025-03-04 02:27:07+00:00,18 SPCS,NAVSTAR 48 (USA 151),2000-040A,EARTH,TEME,UTC,SGP4,2025-03-03 21:06:28.633248+00:00,2.00564039,0.01346710,54.9737,233.8498,298.4961,234.2446,0,U,26407,999,18051,0.00000000000000,0.00000058,0.0000000000000,26560.309,717.975,20539.865,19824.484,PAYLOAD,LARGE,US,2000-07-16,AFETR,,4658456,282197418,0 NAVSTAR 48 (USA 151),1 26407U 00040A   25062.87949807  .00000058  00000-0  00000-0 0  9993,2 26407  54.9737 233.8498 0134671 298.4961 234.2446  2.00564039180513
3.0,GENERATED VIA SPACE-TRACK.ORG API,2025-03-04 06:46:17+00:00,18 SPCS,NAVSTAR 48 (USA 151),2000-040A,EARTH,TEME,UTC,SGP4,2025-03-03 21:06:28.633248+00:00,2.00564039,0.01346710,54.9737,233.8498,298.4961,234.2446,0,U,26407,999,18050,0.00000000000000,0.00000058,0.0000000000000,26560.309,717.975,20539.865,19824.484,PAYLOAD,LARGE,US,2000-07-16,AFETR,,4658575,282223976,0 NAVSTAR 48 (USA 151),1 26407U 00040A   25062.87949807  .00000058  00000-0  00000+0 0  9992,2 26407  54.9737 233.8498 0134671 298.4961 234.2446  2.00564039180502
3.0,GENERATED VIA SPACE-TRACK.ORG API,2025-03-05 18:48:33+00:00,18 SPCS,NAVSTAR 48 (USA 151),2000-040A,EARTH,TEME,UTC,SGP4,2025-03-05 12:56:07.924704+00:00,2.00564072,0.01346150,54.9731,233.7838,298.5030,352.4750,0,U,26407,999,18054,0.00000000000000,0.00000062,0.0000000000000,26560.306,717.975,20539.713,19824.630,PAYLOAD,LARGE,US,2000-07-16,AFETR,,4660136,282326941,0 NAVSTAR 48 (USA 151),1 26407U 00040A   25064.53898061  .00000062  00000-0  00000-0 0  9998,2 26407  54.9731 233.7838 0134615 298.5030 352.4750  2.00564072180541
3.0,GENERATED VIA SPACE-TRACK.ORG API,2025-03-06 02:35:01+00:00,18 SPCS,NAVSTAR 48 (USA 151),2000-040A,EARTH,TEME,UTC,SGP4,2025-03-05 20:58:28.485984+00:00,2.00564081,0.01346060,54.9731,233.7705,298.5052,234.3324,0,U,26407,999,18055,0.00000000000000,0.00000061,0.0000000000000,26560.306,717.975,20539.688,19824.653,PAYLOAD,LARGE,US,2000-07-16,AFETR,,4660438,282362987,0 NAVSTAR 48 (USA 151),1 26407U 00040A   25064.87394081  .00000061  00000-0  00000-0 0  9997,2 26407  54.9731 233.7705 0134606 298.5052 234.3324  2.00564081180554
3.0,GENERATED VIA SPACE-TRACK.ORG API,2025-03-06 23:46:17+00:00,18 SPCS,NAVSTAR 48 (USA 151),2000-040A,EARTH,TEME,UTC,SGP4,2025-03-06 15:23:02.183136+00:00,2.00564101,0.01345830,54.9728,233.7400,298.5058,68.1889,0,U,26407,999,18056,0.00000000000000,0.00000058,0.0000000000000,26560.304,717.975,20539.625,19824.712,PAYLOAD,LARGE,US,2000-07-16,AFETR,,4661268,282435529,0 NAVSTAR 48 (USA 151),1 26407U 00040A   25065.64099749  .00000058  00000-0  00000+0 0  9991,2 26407  54.9728 233.7400 0134583 298.5058  68.1889  2.00564101180565
3.0,GENERATED VIA SPACE-TRACK.ORG API,2025-03-07 02:42:48+00:00,18 SPCS,NAVSTAR 48 (USA 151),2000-040A,EARTH,TEME,UTC,SGP4,2025-03-06 15:23:02.183136+00:00,2.00564101,0.01345830,54.9728,233.7400,298.5058,68.1889,0,U,26407,999,18057,0.00000000000000,0.00000058,0.0000000000000,26560.304,717.975,20539.625,19824.712,PAYLOAD,LARGE,US,2000-07-16,AFETR,,4661439,282446097,0 NAVSTAR 48 (USA 151),1 26407U 00040A   25065.64099749  .00000058  00000-0  00000-0 0  9992,2 26407  54.9728 233.7400 0134583 298.5058  68.1889  2.00564101180576
3.0,GENERATED VIA SPACE-TRACK.ORG API,2025-03-09 06:36:17+00:00,18 SPCS,NAVSTAR 48 (USA 151),2000-040A,EARTH,TEME,UTC,SGP4,2025-03-09 02:51:51.999840+00:00,2.00564183,0.01345150,54.9721,233.6413,298.5118,57.6915,0,U,26407,999,18061,0.00000000000000,0.00000028,0.0000000000000,26560.297,717.975,20539.438,19824.886,PAYLOAD,LARGE,US,2000-07-16,AFETR,,4663427,282636435,0 NAVSTAR 48 (USA 151),1 26407U 00040A   25068.11935185  .00000028  00000-0  00000+0 0  9996,2 26407  54.9721 233.6413 0134515 298.5118  57.6915  2.00564183180612
3.0,GENERATED VIA SPACE-TRACK.ORG API,2025-03-09 18:25:58+00:00,18 SPCS,NAVSTAR 48 (USA 151),2000-040A,EARTH,TEME,UTC,SGP4,2025-03-09 02:51:51.999840+00:00,2.00564183,0.01345150,54.9721,233.6413,298.5118,57.6915,0,U,26407,999,18061,0.00000000000000,0.00000028,0.0000000000000,26560.297,717.975,20539.438,19824.886,PAYLOAD,LARGE,US,2000-07-16,AFETR,,4663925,282655453,0 NAVSTAR 48 (USA 151),1 26407U 00040A   25068.11935185  .00000028  00000-0  00000-0 0  9997,2 26407  54.9721 233.6413 0134515 298.5118  57.6915  2.00564183180612
3.0,GENERATED VIA SPACE-TRACK.ORG API,2025-03-11 02:54:42+00:00,18 SPCS,NAVSTAR 48 (USA 151),2000-040A,EARTH,TEME,UTC,SGP4,2025-03-10 20:37:28.417152+00:00,2.00564245,0.01344760,54.9717,233.5722,298.5159,234.0669,0,U,26407,999,18065,0.00000000000000,0.00000003,0.0000000000000,26560.291,717.974,20539.328,19824.984,PAYLOAD,LARGE,US,2000-07-16,AFETR,,4665419,282780168,0 NAVSTAR 48 (USA 151),1 26407U 00040A   25069.85935668  .00000003  00000-0  00000-0 0  9998,2 26407  54.9717 233.5722 0134476 298.5159 234.0669  2.00564245180650
3.0,GENERATED VIA SPACE-TRACK.ORG API,2025-03-11 14:36:18+00:00,18 SPCS,NAVSTAR 48 (USA 151),2000-040A,EARTH,TEME,UTC,SGP4,2025-03-11 08:49:21.718272+00:00,2.00564263,0.01344640,54.9715,233.5519,298.5171,241.0544,0,U,26407,999,18065,0.00000000000000,-0.00000003,0.0000000000000,26560.290,717.974,20539.295,19825.014,PAYLOAD,LARGE,US,2000-07-16,AFETR,,4665969,282816640,0 NAVSTAR 48 (USA 151),1 26407U 00040A   25070.36761248 -.00000003  00000-0  00000+0 0  9997,2 26407  54.9715 233.5519 0134464 298.5171 241.0544  2.00564263180653
3.0,GENERATED VIA SPACE-TRACK.ORG API,2025-03-11 18:44:32+00:00,18 SPCS,NAVSTAR 48 (USA 151),2000-040A,EARTH,TEME,UTC,SGP4,2025-03-11 15:08:13.459776+00:00,2.00564273,0.01344600,54.9714,233.5415,298.5178,71.0257,0,U,26407,999,18067,0.00000000000000,-0.00000005,0.0000000000000,26560.289,717.974,20539.283,19825.024,PAYLOAD,LARGE,US,2000-07-16,AFETR,,4666185,282828338,0 NAVSTAR 48 (USA 151),1 26407U 00040A   25070.63071134 -.00000005  00000-0  00000-0 0  9998,2 26407  54.9714 233.5415 0134460 298.5178  71.0257  2.00564273180675
3.0,GENERATED VIA SPACE-TRACK.ORG API,2025-03-12 02:20:35+00:00,18 SPCS,NAVSTAR 48 (USA 151),2000-040A,EARTH,TEME,UTC,SGP4,2025-03-11 20:35:13.318656+00:00,2.00564282,0.01344540,54.9713,233.5325,298.5191,234.9899,0,U,26407,999,18067,0.00000000000000,-0.00000007,0.0000000000000,26560.288,717.974,20539.267,19825.039,PAYLOAD,LARGE,US,2000-07-16,AFETR,,4666552,282865848,0 NAVSTAR 48 (USA 151),1 26407U 00040A   25070.85779304 -.00000007  00000-0  00000-0 0  9998,2 26407  54.9713 233.5325 0134454 298.5191 234.9899  2.00564282180674
3.0,GENERATED VIA SPACE-TRACK.ORG API,2025-03-12 17:36:20+00:00,18 SPCS,NAVSTAR 48 (USA 151),2000-040A,EARTH,TEME,UTC,SGP4,2025-03-12 14:58:18.728832+00:00,2.00564312,0.01344380,54.9711,233.5020,298.5222,68.1065,0,U,26407,999,18069,0.00000000000000,-0.00000011,0.0000000000000,26560.285,717.974,20539.221,19825.079,PAYLOAD,LARGE,US,2000-07-16,AFETR,,4667317,282914484,0 NAVSTAR 48 (USA 151),1 26407U 00040A   25071.62382788 -.00000011  00000-0  00000-0 0  9995,2 26407  54.9711 233.5020 0134438 298.5222  68.1065  2.00564312180699
3.0,GENERATED VIA SPACE-TRACK.ORG API,2025-03-13 03:16:41+00:00,18 SPCS,NAVSTAR 48 (USA 151),2000-040A,EARTH,TEME,UTC,SGP4,2025-03-12 20:29:28.835808+00:00,2.00564320,0.01344300,54.9710,233.4929,298.5233,234.1624,0,U,26407,999,18069,0.00000000000000,-0.00000012,0.0000000000000,26560.285,717.974,20539.200,19825.100,PAYLOAD,LARGE,US,2000-07-16,AFETR,,4667689,282952882,0 NAVSTAR 48 (USA 151),1 26407U 00040A   25071.85380597 -.00000012  00000-0  00000-0 0  9997,2 26407  54.9710 233.4929 0134430 298.5233 234.1624  2.00564320180694
3.0,GENERATED VIA SPACE-TRACK.ORG API,2025-03-13 17:53:24+00:00,18 SPCS,NAVSTAR 48 (USA 151),2000-040A,EARTH,TEME,UTC,SGP4,2025-03-13 14:59:39.182784+00:00,2.00564351,0.01344190,54.9709,233.4623,298.5270,70.8296,0,U,26407,999,18071,0.00000000000000,-0.00000012,0.0000000000000,26560.282,717.974,20539.168,19825.126,PAYLOAD,LARGE,US,2000-07-16,AFETR,,4668388,282999502,0 NAVSTAR 48 (USA 151),1 26407U 00040A   25072.62475906 -.00000012  00000-0  00000-0 0  9992,2 26407  54.9709 233.4623 0134419 298.5270  70.8296  2.00564351180718
3.0,GENERATED VIA SPACE-TRACK.ORG API,2025-03-13 22:46:24+00:00,18 SPCS,NAVSTAR 48 (USA 151),2000-040A,EARTH,TEME,UTC,SGP4,2025-03-13 20:25:28.542720+00:00,2.00564361,0.01344080,54.9707,233.4533,298.5284,234.2046,0,U,26407,999,18070,0.00000000000000,-0.00000011,0.0000000000000,26560.281,717.974,20539.137,19825.155,PAYLOAD,LARGE,US,2000-07-16,AFETR,,4668570,283025723,0 NAVSTAR 48 (USA 151),1 26407U 00040A   25072.85102480 -.00000011  00000-0  00000+0 0  9999,2 26407  54.9707 233.4533 0134408 298.5284 234.2046  2.00564361180708
3.0,GENERATED VIA SPACE-TRACK.ORG API,2025-03-14 02:27:44+00:00,18 SPCS,NAVSTAR 48 (USA 151),2000-040A,EARTH,TEME,UTC,SGP4,2025-03-13 20:25:28.542720+00:00,2.00564361,0.01344080,54.9707,233.4533,298.5284,234.2046,0,U,26407,999,18071,0.00000000000000,-0.00000011,0.0000000000000,26560.281,717.974,20539.137,19825.155,PAYLOAD,LARGE,US,2000-07-16,AFETR,,4668740,283037297,0 NAVSTAR 48 (USA 151),1 26407U 00040A   25072.85102480 -.00000011  00000-0  00000-0 0  9990,2 26407  54.9707 233.4533 0134408 298.5284 234.2046  2.00564361180719
3.0,GENERATED VIA SPACE-TRACK.ORG API,2025-03-14 20:37:34+00:00,18 SPCS,NAVSTAR 48 (USA 151),2000-040A,EARTH,TEME,UTC,SGP4,2025-03-14 14:50:05.942976+00:00,2.00564388,0.01343930,54.9705,233.4229,298.5319,68.0896,0,U,26407,999,18073,0.00000000000000,-0.00000006,0.0000000000000,26560.279,717.974,20539.095,19825.192,PAYLOAD,LARGE,US,2000-07-16,AFETR,,4669052,283074441,0 NAVSTAR 48 (USA 151),1 26407U 00040A   25073.61812434 -.00000006  00000-0  00000-0 0  9996,2 26407  54.9705 233.4229 0134393 298.5319  68.0896  2.00564388180738
3.0,GENERATED VIA SPACE-TRACK.ORG API,2025-03-15 07:42:43+00:00,18 SPCS,NAVSTAR 48 (USA 151),2000-040A,EARTH,TEME,UTC,SGP4,2025-03-14 20:22:28.657056+00:00,2.00564395,0.01343810,54.9703,233.4137,298.5329,234.7523,0,U,26407,999,18073,0.00000000000000,-0.00000004,0.0000000000000,26560.278,717.974,20539.063,19825.223,PAYLOAD,LARGE,US,2000-07-16,AFETR,,4669695,283118862,0 NAVSTAR 48 (USA 151),1 26407U 00040A   25073.84894279 -.00000004  00000-0  00000-0 0  9996,2 26407  54.9703 233.4137 0134381 298.5329 234.7523  2.00564395180739
3.0,GENERATED VIA SPACE-TRACK.ORG API,2025-03-15 17:32:46+00:00,18 SPCS,NAVSTAR 48 (USA 151),2000-040A,EARTH,TEME,UTC,SGP4,2025-03-15 14:45:59.194944+00:00,2.00564420,0.01343660,54.9702,233.3832,298.5354,68.0797,0,U,26407,999,18075,0.00000000000000,0.00000003,0.0000000000000,26560.276,717.974,20539.021,19825.261,PAYLOAD,LARGE,US,2000-07-16,AFETR,,4670048,283157897,0 NAVSTAR 48 (USA 151),1 26407U 00040A   25074.61526846  .00000003  00000-0  00000-0 0  9992,2 26407  54.9702 233.3832 0134366 298.5354  68.0797  2.00564420180752
3.0,GENERATED VIA SPACE-TRACK.ORG API,2025-03-16 03:38:40+00:00,18 SPCS,NAVSTAR 48 (USA 151),2000-040A,EARTH,TEME,UTC,SGP4,2025-03-15 20:17:28.942368+00:00,2.00564424,0.01343570,54.9701,233.3741,298.5353,234.3008,0,U,26407,999,18075,0.00000000000000,0.00000005,0.0000000000000,26560.275,717.974,20538.996,19825.285,PAYLOAD,LARGE,US,2000-07-16,AFETR,,4670409,283196096,0 NAVSTAR 48 (USA 151),1 26407U 00040A   25074.84547387  .00000005  00000-0  00000-0 0  9992,2 26407  54.9701 233.3741 0134357 298.5353 234.3008  2.00564424180756
3.0,GENERATED VIA SPACE-TRACK.ORG API,2025-03-17 14:36:18+00:00,18 SPCS,NAVSTAR 48 (USA 151),2000-040A,EARTH,TEME,UTC,SGP4,2025-03-17 08:24:09.891936+00:00,2.00564460,0.01343160,54.9694,233.3143,298.5380,240.7326,0,U,26407,999,18077,0.00000000000000,0.00000023,0.0000000000000,26560.272,717.974,20538.884,19825.390,PAYLOAD,LARGE,US,2000-07-16,AFETR,,4671884,283314362,0 NAVSTAR 48 (USA 151),1 26407U 00040A   25076.35011449  .00000023  00000-0  00000+0 0  9994,2 26407  54.9694 233.3143 0134316 298.5380 240.7326  2.00564460180774
3.0,GENERATED VIA SPACE-TRACK.ORG API,2025-03-17 19:07:54+00:00,18 SPCS,NAVSTAR 48 (USA 151),2000-040A,EARTH,TEME,UTC,SGP4,2025-03-17 15:14:41.711136+00:00,2.00564467,0.01343130,54.9694,233.3030,298.5392,86.5829,0,U,26407,999,18079,0.00000000000000,0.00000026,0.0000000000000,26560.272,717.974,20538.876,19825.398,PAYLOAD,LARGE,US,2000-07-16,AFETR,,4672105,283325827,0 NAVSTAR 48 (USA 151),1 26407U 00040A   25076.63520499  .00000026  00000-0  00000-0 0  9999,2 26407  54.9694 233.3030 0134313 298.5392  86.5829  2.00564467180792
3.0,GENERATED VIA SPACE-TRACK.ORG API,2025-03-18 02:25:22+00:00,18 SPCS,NAVSTAR 48 (USA 151),2000-040A,EARTH,TEME,UTC,SGP4,2025-03-17 20:10:03.833760+00:00,2.00564469,0.01343070,54.9693,233.2948,298.5380,234.6900,0,U,26407,999,18079,0.00000000000000,0.00000028,0.0000000000000,26560.271,717.974,20538.859,19825.413,PAYLOAD,LARGE,US,2000-07-16,AFETR,,4672421,283361933,0 NAVSTAR 48 (USA 151),1 26407U 00040A   25076.84032215  .00000028  00000-0  00000-0 0  9998,2 26407  54.9693 233.2948 0134307 298.5380 234.6900  2.00564469180796
3.0,GENERATED VIA SPACE-TRACK.ORG API,2025-03-18 19:01:07+00:00,18 SPCS,NAVSTAR 48 (USA 151),2000-040A,EARTH,TEME,UTC,SGP4,2025-03-18 08:24:01.185408+00:00,2.00564478,0.01342910,54.9690,233.2746,298.5391,242.7148,0,U,26407,999,18080,0.00000000000000,0.00000033,0.0000000000000,26560.271,717.974,20538.816,19825.455,PAYLOAD,LARGE,US,2000-07-16,AFETR,,4673118,283408797,0 NAVSTAR 48 (USA 151),1 26407U 00040A   25077.35001372  .00000033  00000-0  00000-0 0  9991,2 26407  54.9690 233.2746 0134291 298.5391 242.7148  2.00564478180809
3.0,GENERATED VIA SPACE-TRACK.ORG API,2025-03-19 17:43:14+00:00,18 SPCS,NAVSTAR 48 (USA 151),2000-040A,EARTH,TEME,UTC,SGP4,2025-03-19 08:23:49.142976+00:00,2.00564487,0.01342670,54.9687,233.2349,298.5406,244.6685,0,U,26407,999,18082,0.00000000000000,0.00000040,0.0000000000000,26560.270,717.974,20538.752,19825.518,PAYLOAD,LARGE,US,2000-07-16,AFETR,,4674121,283491132,0 NAVSTAR 48 (USA 151),1 26407U 00040A   25078.34987434  .00000040  00000-0  00000-0 0  9991,2 26407  54.9687 233.2349 0134267 298.5406 244.6685  2.00564487180823
3.0,GENERATED VIA SPACE-TRACK.ORG API,2025-03-20 14:46:33+00:00,18 SPCS,NAVSTAR 48 (USA 151),2000-040A,EARTH,TEME,UTC,SGP4,2025-03-20 08:23:45.447648+00:00,2.00564489,0.01342410,54.9683,233.1951,298.5425,246.6917,0,U,26407,999,18083,0.00000000000000,0.00000044,0.0000000000000,26560.270,717.974,20538.682,19825.587,PAYLOAD,LARGE,US,2000-07-16,AFETR,,4674946,283562101,0 NAVSTAR 48 (USA 151),1 26407U 00040A   25079.34983157  .00000044  00000-0  00000+0 0  9993,2 26407  54.9683 233.1951 0134241 298.5425 246.6917  2.00564489180833
3.0,GENERATED VIA SPACE-TRACK.ORG API,2025-03-20 19:29:49+00:00,18 SPCS,NAVSTAR 48 (USA 151),2000-040A,EARTH,TEME,UTC,SGP4,2025-03-20 08:23:45.447648+00:00,2.00564489,0.01342410,54.9683,233.1951,298.5425,246.6917,0,U,26407,999,18084,0.00000000000000,0.00000044,0.0000000000000,26560.270,717.974,20538.682,19825.587,PAYLOAD,LARGE,US,2000-07-16,AFETR,,4675094,283573637,0 NAVSTAR 48 (USA 151),1 26407U 00040A   25079.34983157  .00000044  00000-0  00000-0 0  9994,2 26407  54.9683 233.1951 0134241 298.5425 246.6917  2.00564489180844
3.0,GENERATED VIA SPACE-TRACK.ORG API,2025-03-21 02:39:39+00:00,18 SPCS,NAVSTAR 48 (USA 151),2000-040A,EARTH,TEME,UTC,SGP4,2025-03-20 21:01:29.931168+00:00,2.00564489,0.01342270,54.9681,233.1742,298.5444,266.6424,0,U,26407,999,18085,0.00000000000000,0.00000045,0.0000000000000,26560.270,717.974,20538.645,19825.624,PAYLOAD,LARGE,US,2000-07-16,AFETR,,4675418,283610849,0 NAVSTAR 48 (USA 151),1 26407U 00040A   25079.87604087  .00000045  00000-0  00000-0 0  9995,2 26407  54.9681 233.1742 0134227 298.5444 266.6424  2.00564489180851
3.0,GENERATED VIA SPACE-TRACK.ORG API,2025-03-21 22:23:56+00:00,18 SPCS,NAVSTAR 48 (USA 151),2000-040A,EARTH,TEME,UTC,SGP4,2025-03-21 13:22:47.604288+00:00,2.00564486,0.01342090,54.9679,233.1471,298.5474,38.6878,0,U,26407,999,18086,0.00000000000000,0.00000045,0.0000000000000,26560.270,717.974,20538.598,19825.672,PAYLOAD,LARGE,US,2000-07-16,AFETR,,4676295,283660781,0 NAVSTAR 48 (USA 151),1 26407U 00040A   25080.55749542  .00000045  00000-0  00000-0 0  9998,2 26407  54.9679 233.1471 0134209 298.5474  38.6878  2.00564486180868
3.0,GENERATED VIA SPACE-TRACK.ORG API,2025-03-22 03:56:54+00:00,18 SPCS,NAVSTAR 48 (USA 151),2000-040A,EARTH,TEME,UTC,SGP4,2025-03-21 19:52:28.559712+00:00,2.00564484,0.01342010,54.9678,233.1364,298.5466,234.0862,0,U,26407,999,18087,0.00000000000000,0.00000044,0.0000000000000,26560.270,717.974,20538.577,19825.694,PAYLOAD,LARGE,US,2000-07-16,AFETR,,4676626,283697446,0 NAVSTAR 48 (USA 151),1 26407U 00040A   25080.82810833  .00000044  00000-0  00000-0 0  9999,2 26407  54.9678 233.1364 0134201 298.5466 234.0862  2.00564484180875
3.0,GENERATED VIA SPACE-TRACK.ORG API,2025-03-23 18:15:00+00:00,18 SPCS,NAVSTAR 48 (USA 151),2000-040A,EARTH,TEME,UTC,SGP4,2025-03-22 19:50:13.323840+00:00,2.00564479,0.01341780,54.9674,233.0967,298.5480,235.0107,0,U,26407,999,18089,0.00000000000000,0.00000040,0.0000000000000,26560.271,717.974,20538.516,19825.755,PAYLOAD,LARGE,US,2000-07-16,AFETR,,4678394,283830394,0 NAVSTAR 48 (USA 151),1 26407U 00040A   25081.82654310  .00000040  00000-0  00000-0 0  9992,2 26407  54.9674 233.0967 0134178 298.5480 235.0107  2.00564479180897
3.0,GENERATED VIA SPACE-TRACK.ORG API,2025-03-24 19:49:24+00:00,18 SPCS,NAVSTAR 48 (USA 151),2000-040A,EARTH,TEME,UTC,SGP4,2025-03-24 07:57:38.723616+00:00,2.00564467,0.01341350,54.9668,233.0369,298.5509,241.8142,0,U,26407,999,18092,0.00000000000000,0.00000029,0.0000000000000,26560.272,717.974,20538.403,19825.870,PAYLOAD,LARGE,US,2000-07-16,AFETR,,4679439,283914518,0 NAVSTAR 48 (USA 151),1 26407U 00040A   25083.33169819  .00000029  00000-0  00000-0 0  9992,2 26407  54.9668 233.0369 0134135 298.5509 241.8142  2.00564467180926
3.0,GENERATED VIA SPACE-TRACK.ORG API,2025-03-25 02:12:31+00:00,18 SPCS,NAVSTAR 48 (USA 151),2000-040A,EARTH,TEME,UTC,SGP4,2025-03-24 19:40:28.835616+00:00,2.00564467,0.01341250,54.9667,233.0175,298.5498,234.2366,0,U,26407,999,18093,0.00000000000000,0.00000025,0.0000000000000,26560.272,717.974,20538.376,19825.897,PAYLOAD,LARGE,US,2000-07-16,AFETR,,4679785,283951852,0 NAVSTAR 48 (USA 151),1 26407U 00040A   25083.81977819  .00000025  00000-0  00000-0 0  9998,2 26407  54.9667 233.0175 0134125 298.5498 234.2366  2.00564467180931
3.0,GENERATED VIA SPACE-TRACK.ORG API,2025-03-25 14:36:18+00:00,18 SPCS,NAVSTAR 48 (USA 151),2000-040A,EARTH,TEME,UTC,SGP4,2025-03-25 11:44:36.829824+00:00,2.00564467,0.01341110,54.9664,232.9909,298.5488,357.6810,0,U,26407,999,18094,0.00000000000000,0.00000020,0.0000000000000,26560.272,717.974,20538.339,19825.934,PAYLOAD,LARGE,US,2000-07-16,AFETR,,4680213,283985021,0 NAVSTAR 48 (USA 151),1 26407U 00040A   25084.48931516  .00000020  00000-0  00000+0 0  9990,2 26407  54.9664 232.9909 0134111 298.5488 357.6810  2.00564467180940
3.0,GENERATED VIA SPACE-TRACK.ORG API,2025-03-25 18:41:00+00:00,18 SPCS,NAVSTAR 48 (USA 151),2000-040A,EARTH,TEME,UTC,SGP4,2025-03-25 11:44:36.829824+00:00,2.00564467,0.01341110,54.9664,232.9909,298.5488,357.6810,0,U,26407,999,18094,0.00000000000000,0.00000020,0.0000000000000,26560.272,717.974,20538.339,19825.934,PAYLOAD,LARGE,US,2000-07-16,AFETR,,4680300,283994564,0 NAVSTAR 48 (USA 151),1 26407U 00040A   25084.48931516  .00000020  00000-0  00000-0 0  9991,2 26407  54.9664 232.9909 0134111 298.5488 357.6810  2.00564467180940
3.0,GENERATED VIA SPACE-TRACK.ORG API,2025-03-26 14:56:20+00:00,18 SPCS,NAVSTAR 48 (USA 151),2000-040A,EARTH,TEME,UTC,SGP4,2025-03-22 19:50:13.323840+00:00,2.00564479,0.01341780,54.9674,233.0967,298.5480,235.0107,0,U,26407,999,18088,0.00000000000000,0.00000040,0.0000000000000,26560.271,717.974,20538.516,19825.755,PAYLOAD,LARGE,US,2000-07-16,AFETR,,4681178,284067145,0 NAVSTAR 48 (USA 151),1 26407U 00040A   25081.82654310  .00000040  00000-0  00000+0 0  9991,2 26407  54.9674 233.0967 0134178 298.5480 235.0107  2.00564479180886
3.0,GENERATED VIA SPACE-TRACK.ORG API,2025-03-26 20:56:00+00:00,18 SPCS,NAVSTAR 48 (USA 151),2000-040A,EARTH,TEME,UTC,SGP4,2025-03-26 14:01:30.317952+00:00,2.00564464,0.01340880,54.9660,232.9474,298.5468,68.3805,0,U,26407,999,18097,0.00000000000000,0.00000013,0.0000000000000,26560.272,717.974,20538.278,19825.996,PAYLOAD,LARGE,US,2000-07-16,AFETR,,4681382,284080036,0 NAVSTAR 48 (USA 151),1 26407U 00040A   25085.58437868  .00000013  00000-0  00000-0 0  9996,2 26407  54.9660 232.9474 0134088 298.5468  68.3805  2.00564464180974
3.0,GENERATED VIA SPACE-TRACK.ORG API,2025-03-27 02:49:37+00:00,18 SPCS,NAVSTAR 48 (USA 151),2000-040A,EARTH,TEME,UTC,SGP4,2025-03-26 19:32:28.619232+00:00,2.00564463,0.01340840,54.9659,232.9383,298.5473,234.3383,0,U,26407,999,18097,0.00000000000000,0.00000011,0.0000000000000,26560.272,717.974,20538.268,19826.006,PAYLOAD,LARGE,US,2000-07-16,AFETR,,4681624,284115328,0 NAVSTAR 48 (USA 151),1 26407U 00040A   25085.81422013  .00000011  00000-0  00000-0 0  9996,2 26407  54.9659 232.9383 0134084 298.5473 234.3383  2.00564463180978
3.0,GENERATED VIA SPACE-TRACK.ORG API,2025-03-27 20:14:59+00:00,18 SPCS,NAVSTAR 48 (USA 151),2000-040A,EARTH,TEME,UTC,SGP4,2025-03-27 01:40:38.527104+00:00,2.00564463,0.01340770,54.9659,232.9281,298.5464,58.9476,0,U,26407,999,18097,0.00000000000000,0.00000010,0.0000000000000,26560.272,717.974,20538.249,19826.025,PAYLOAD,LARGE,US,2000-07-16,AFETR,,4682083,284155609,0 NAVSTAR 48 (USA 151),1 26407U 00040A   25086.06989036  .00000010  00000-0  00000-0 0  9996,2 26407  54.9659 232.9281 0134077 298.5464  58.9476  2.00564463180970
3.0,GENERATED VIA SPACE-TRACK.ORG API,2025-03-27 20:36:35+00:00,18 SPCS,NAVSTAR 48 (USA 151),2000-040A,EARTH,TEME,UTC,SGP4,2025-03-27 19:28:28.674336+00:00,2.00564464,0.01340650,54.9656,232.8986,298.5463,234.3904,0,U,26407,999,18098,0.00000000000000,0.00000008,0.0000000000000,26560.272,717.974,20538.217,19826.057,PAYLOAD,LARGE,US,2000-07-16,AFETR,,4682249,284182808,0 NAVSTAR 48 (USA 151),1 26407U 00040A   25086.81144299  .00000008  00000-0  00000+0 0  9999,2 26407  54.9656 232.8986 0134065 298.5463 234.3904  2.00564464180982
3.0,GENERATED VIA SPACE-TRACK.ORG API,2025-03-28 02:54:00+00:00,18 SPCS,NAVSTAR 48 (USA 151),2000-040A,EARTH,TEME,UTC,SGP4,2025-03-27 19:28:28.674336+00:00,2.00564464,0.01340650,54.9656,232.8986,298.5463,234.3904,0,U,26407,999,18099,0.00000000000000,0.00000008,0.0000000000000,26560.272,717.974,20538.217,19826.057,PAYLOAD,LARGE,US,2000-07-16,AFETR,,4682611,284197666,0 NAVSTAR 48 (USA 151),1 26407U 00040A   25086.81144299  .00000008  00000-0  00000-0 0  9990,2 26407  54.9656 232.8986 0134065 298.5463 234.3904  2.00564464180993
3.0,GENERATED VIA SPACE-TRACK.ORG API,2025-03-29 02:24:46+00:00,18 SPCS,NAVSTAR 48 (USA 151),2000-040A,EARTH,TEME,UTC,SGP4,2025-03-28 19:24:28.901376+00:00,2.00564473,0.01340470,54.9652,232.8589,298.5457,234.4437,0,U,26407,999,18101,0.00000000000000,0.00000008,0.0000000000000,26560.271,717.974,20538.169,19826.104,PAYLOAD,LARGE,US,2000-07-16,AFETR,,4683631,284281364,0 NAVSTAR 48 (USA 151),1 26407U 00040A   25087.80866784  .00000008  00000-0  00000-0 0  9990,2 26407  54.9652 232.8589 0134047 298.5457 234.4437  2.00564473181017
3.0,GENERATED VIA SPACE-TRACK.ORG API,2025-03-29 22:56:24+00:00,18 SPCS,NAVSTAR 48 (USA 151),2000-040A,EARTH,TEME,UTC,SGP4,2025-03-29 19:30:05.286816+00:00,2.00564482,0.01340260,54.9648,232.8191,298.5460,239.3109,0,U,26407,999,18102,0.00000000000000,0.00000011,0.0000000000000,26560.270,717.974,20538.112,19826.159,PAYLOAD,LARGE,US,2000-07-16,AFETR,,4684432,284353017,0 NAVSTAR 48 (USA 151),1 26407U 00040A   25088.81256119  .00000011  00000-0  00000+0 0  9990,2 26407  54.9648 232.8191 0134026 298.5460 239.3109  2.00564482181023
3.0,GENERATED VIA SPACE-TRACK.ORG API,2025-03-30 04:28:37+00:00,18 SPCS,NAVSTAR 48 (USA 151),2000-040A,EARTH,TEME,UTC,SGP4,2025-03-29 19:30:05.286816+00:00,2.00564482,0.01340260,54.9648,232.8191,298.5460,239.3109,0,U,26407,999,18103,0.00000000000000,0.00000011,0.0000000000000,26560.270,717.974,20538.112,19826.159,PAYLOAD,LARGE,US,2000-07-16,AFETR,,4684622,284365068,0 NAVSTAR 48 (USA 151),1 26407U 00040A   25088.81256119  .00000011  00000-0  00000-0 0  9991,2 26407  54.9648 232.8191 0134026 298.5460 239.3109  2.00564482181034
3.0,GENERATED VIA SPACE-TRACK.ORG API,2025-03-31 02:53:27+00:00,18 SPCS,NAVSTAR 48 (USA 151),2000-040A,EARTH,TEME,UTC,SGP4,2025-03-30 19:29:50.887392+00:00,2.00564495,0.01340040,54.9645,232.7793,298.5475,241.2455,0,U,26407,999,18105,0.00000000000000,0.00000016,0.0000000000000,26560.269,717.974,20538.052,19826.216,PAYLOAD,LARGE,US,2000-07-16,AFETR,,4685503,284446241,0 NAVSTAR 48 (USA 151),1 26407U 00040A   25089.81239453  .00000016  00000-0  00000-0 0  9999,2 26407  54.9645 232.7793 0134004 298.5475 241.2455  2.00564495181052
3.0,GENERATED VIA SPACE-TRACK.ORG API,2025-03-31 18:51:21+00:00,18 SPCS,NAVSTAR 48 (USA 151),2000-040A,EARTH,TEME,UTC,SGP4,2025-03-31 13:40:21.156384+00:00,2.00564507,0.01339890,54.9642,232.7492,298.5471,68.0556,0,U,26407,999,18107,0.00000000000000,0.00000020,0.0000000000000,26560.268,717.973,20538.011,19826.255,PAYLOAD,LARGE,US,2000-07-16,AFETR,,4686407,284498591,0 NAVSTAR 48 (USA 151),1 26407U 00040A   25090.56968931  .00000020  00000-0  00000-0 0  9998,2 26407  54.9642 232.7492 0133989 298.5471  68.0556  2.00564507181075
3.0,GENERATED VIA SPACE-TRACK.ORG API,2025-04-01 02:47:46+00:00,18 SPCS,NAVSTAR 48 (USA 151),2000-040A,EARTH,TEME,UTC,SGP4,2025-03-31 19:29:39.195744+00:00,2.00564514,0.01339840,54.9642,232.7396,298.5488,243.2030,0,U,26407,999,18107,0.00000000000000,0.00000021,0.0000000000000,26560.267,717.973,20537.998,19826.267,PAYLOAD,LARGE,US,2000-07-16,AFETR,,4686608,284532401,0 NAVSTAR 48 (USA 151),1 26407U 00040A   25090.81225921  .00000021  00000-0  00000-0 0  9992,2 26407  54.9642 232.7396 0133984 298.5488 243.2030  2.00564514181073
3.0,GENERATED VIA SPACE-TRACK.ORG API,2025-04-01 14:46:32+00:00,18 SPCS,NAVSTAR 48 (USA 151),2000-040A,EARTH,TEME,UTC,SGP4,2025-04-01 13:36:46.247616+00:00,2.00564530,0.01339680,54.9639,232.7096,298.5485,68.3147,0,U,26407,999,18108,0.00000000000000,0.00000023,0.0000000000000,26560.266,717.973,20537.954,19826.308,PAYLOAD,LARGE,US,2000-07-16,AFETR,,4687164,284567874,0 NAVSTAR 48 (USA 151),1 26407U 00040A   25091.56720194  .00000023  00000-0  00000+0 0  9998,2 26407  54.9639 232.7096 0133968 298.5485  68.3147  2.00564530181089
3.0,GENERATED VIA SPACE-TRACK.ORG API,2025-04-01 17:48:34+00:00,18 SPCS,NAVSTAR 48 (USA 151),2000-040A,EARTH,TEME,UTC,SGP4,2025-04-01 13:36:46.247616+00:00,2.00564530,0.01339680,54.9639,232.7096,298.5485,68.3147,0,U,26407,999,18109,0.00000000000000,0.00000023,0.0000000000000,26560.266,717.973,20537.954,19826.308,PAYLOAD,LARGE,US,2000-07-16,AFETR,,4687331,284579193,0 NAVSTAR 48 (USA 151),1 26407U 00040A   25091.56720194  .00000023  00000-0  00000-0 0  9999,2 26407  54.9639 232.7096 0133968 298.5485  68.3147  2.00564530181090
3.0,GENERATED VIA SPACE-TRACK.ORG API,2025-04-02 17:11:55+00:00,18 SPCS,NAVSTAR 48 (USA 151),2000-040A,EARTH,TEME,UTC,SGP4,2025-04-02 13:32:09.096288+00:00,2.00564556,0.01339480,54.9636,232.6700,298.5497,68.0539,0,U,26407,999,18111,0.00000000000000,0.00000021,0.0000000000000,26560.264,717.973,20537.898,19826.359,PAYLOAD,LARGE,US,2000-07-16,AFETR,,4688355,284662440,0 NAVSTAR 48 (USA 151),1 26407U 00040A   25092.56399417  .00000021  00000-0  00000-0 0  9998,2 26407  54.9636 232.6700 0133948 298.5497  68.0539  2.00564556181112
3.0,GENERATED VIA SPACE-TRACK.ORG API,2025-04-03 20:53:45+00:00,18 SPCS,NAVSTAR 48 (USA 151),2000-040A,EARTH,TEME,UTC,SGP4,2025-04-03 13:27:40.082976+00:00,2.00564585,0.01339290,54.9632,232.6304,298.5499,67.8623,0,U,26407,999,18113,0.00000000000000,0.00000014,0.0000000000000,26560.261,717.973,20537.845,19826.407,PAYLOAD,LARGE,US,2000-07-16,AFETR,,4689462,284746990,0 NAVSTAR 48 (USA 151),1 26407U 00040A   25093.56088059  .00000014  00000-0  00000-0 0  9998,2 26407  54.9632 232.6304 0133929 298.5499  67.8623  2.00564585181134
3.0,GENERATED VIA SPACE-TRACK.ORG API,2025-04-04 14:46:19+00:00,18 SPCS,NAVSTAR 48 (USA 151),2000-040A,EARTH,TEME,UTC,SGP4,2025-04-04 13:21:57.799872+00:00,2.00564617,0.01339130,54.9628,232.5908,298.5493,67.0591,0,U,26407,999,18114,0.00000000000000,0.00000002,0.0000000000000,26560.258,717.973,20537.800,19826.447,PAYLOAD,LARGE,US,2000-07-16,AFETR,,4690302,284820336,0 NAVSTAR 48 (USA 151),1 26407U 00040A   25094.55691898  .00000002  00000-0  00000+0 0  9995,2 26407  54.9628 232.5908 0133913 298.5493  67.0591  2.00564617181148
3.0,GENERATED VIA SPACE-TRACK.ORG API,2025-04-04 20:19:44+00:00,18 SPCS,NAVSTAR 48 (USA 151),2000-040A,EARTH,TEME,UTC,SGP4,2025-04-04 13:21:57.799872+00:00,2.00564617,0.01339130,54.9628,232.5908,298.5493,67.0591,0,U,26407,999,18115,0.00000000000000,0.00000002,0.0000000000000,26560.258,717.973,20537.800,19826.447,PAYLOAD,LARGE,US,2000-07-16,AFETR,,4690529,284831398,0 NAVSTAR 48 (USA 151),1 26407U 00040A   25094.55691898  .00000002  00000-0  00000-0 0  9996,2 26407  54.9628 232.5908 0133913 298.5493  67.0591  2.00564617181159
3.0,GENERATED VIA SPACE-TRACK.ORG API,2025-04-06 02:24:40+00:00,18 SPCS,NAVSTAR 48 (USA 151),2000-040A,EARTH,TEME,UTC,SGP4,2025-04-05 18:51:28.770624+00:00,2.00564660,0.01338980,54.9623,232.5420,298.5487,234.3454,0,U,26407,999,18117,0.00000000000000,-0.00000016,0.0000000000000,26560.255,717.973,20537.756,19826.483,PAYLOAD,LARGE,US,2000-07-16,AFETR,,4691967,284925247,0 NAVSTAR 48 (USA 151),1 26407U 00040A   25095.78574966 -.00000016  00000-0  00000-0 0  9994,2 26407  54.9623 232.5420 0133898 298.5487 234.3454  2.00564660181175
3.0,GENERATED VIA SPACE-TRACK.ORG API,2025-04-06 22:46:18+00:00,18 SPCS,NAVSTAR 48 (USA 151),2000-040A,EARTH,TEME,UTC,SGP4,2025-04-06 18:46:28.472736+00:00,2.00564698,0.01338870,54.9619,232.5024,298.5479,233.8936,0,U,26407,999,18118,0.00000000000000,-0.00000030,0.0000000000000,26560.251,717.973,20537.723,19826.509,PAYLOAD,LARGE,US,2000-07-16,AFETR,,4692825,284968412,0 NAVSTAR 48 (USA 151),1 26407U 00040A   25096.78227399 -.00000030  00000-0  00000+0 0  9995,2 26407  54.9619 232.5024 0133887 298.5479 233.8936  2.00564698181180
3.0,GENERATED VIA SPACE-TRACK.ORG API,2025-04-07 03:16:22+00:00,18 SPCS,NAVSTAR 48 (USA 151),2000-040A,EARTH,TEME,UTC,SGP4,2025-04-06 18:46:28.472736+00:00,2.00564698,0.01338870,54.9619,232.5024,298.5479,233.8936,0,U,26407,999,18119,0.00000000000000,-0.00000030,0.0000000000000,26560.251,717.973,20537.723,19826.509,PAYLOAD,LARGE,US,2000-07-16,AFETR,,4693017,284980227,0 NAVSTAR 48 (USA 151),1 26407U 00040A   25096.78227399 -.00000030  00000-0  00000-0 0  9996,2 26407  54.9619 232.5024 0133887 298.5479 233.8936  2.00564698181191
3.0,GENERATED VIA SPACE-TRACK.ORG API,2025-04-07 18:02:01+00:00,18 SPCS,NAVSTAR 48 (USA 151),2000-040A,EARTH,TEME,UTC,SGP4,2025-04-07 13:10:57.554400+00:00,2.00564726,0.01338800,54.9616,232.4720,298.5475,67.7142,0,U,26407,999,18121,0.00000000000000,-0.00000039,0.0000000000000,26560.249,717.973,20537.702,19826.525,PAYLOAD,LARGE,US,2000-07-16,AFETR,,4693589,285023308,0 NAVSTAR 48 (USA 151),1 26407U 00040A   25097.54927725 -.00000039  00000-0  00000-0 0  9990,2 26407  54.9616 232.4720 0133880 298.5475  67.7142  2.00564726181217
3.0,GENERATED VIA SPACE-TRACK.ORG API,2025-04-08 18:04:46+00:00,18 SPCS,NAVSTAR 48 (USA 151),2000-040A,EARTH,TEME,UTC,SGP4,2025-04-08 01:00:58.342752+00:00,2.00564748,0.01338700,54.9614,232.4524,298.5484,63.7343,0,U,26407,999,18122,0.00000000000000,-0.00000044,0.0000000000000,26560.247,717.973,20537.674,19826.550,PAYLOAD,LARGE,US,2000-07-16,AFETR,,4694715,285108345,0 NAVSTAR 48 (USA 151),1 26407U 00040A   25098.04234193 -.00000044  00000-0  00000-0 0  9992,2 26407  54.9614 232.4524 0133870 298.5484  63.7343  2.00564748181220
3.0,GENERATED VIA SPACE-TRACK.ORG API,2025-04-09 06:46:33+00:00,18 SPCS,NAVSTAR 48 (USA 151),2000-040A,EARTH,TEME,UTC,SGP4,2025-04-09 00:01:35.956704+00:00,2.00564784,0.01338580,54.9611,232.4143,298.5497,36.0188,0,U,26407,999,18123,0.00000000000000,-0.00000049,0.0000000000000,26560.244,717.973,20537.639,19826.579,PAYLOAD,LARGE,US,2000-07-16,AFETR,,4695198,285172050,0 NAVSTAR 48 (USA 151),1 26407U 00040A   25099.00111061 -.00000049  00000-0  00000+0 0  9991,2 26407  54.9611 232.4143 0133858 298.5497  36.0188  2.00564784181235
3.0,GENERATED VIA SPACE-TRACK.ORG API,2025-04-09 19:37:26+00:00,18 SPCS,NAVSTAR 48 (USA 151),2000-040A,EARTH,TEME,UTC,SGP4,2025-04-09 13:03:57.832704+00:00,2.00564804,0.01338500,54.9609,232.3927,298.5517,68.3167,0,U,26407,999,18125,0.00000000000000,-0.00000049,0.0000000000000,26560.242,717.972,20537.616,19826.598,PAYLOAD,LARGE,US,2000-07-16,AFETR,,4696786,285217820,0 NAVSTAR 48 (USA 151),1 26407U 00040A   25099.54441936 -.00000049  00000-0  00000-0 0  9998,2 26407  54.9609 232.3927 0133850 298.5517  68.3167  2.00564804181256
3.0,GENERATED VIA SPACE-TRACK.ORG API,2025-04-10 23:30:38+00:00,18 SPCS,NAVSTAR 48 (USA 151),2000-040A,EARTH,TEME,UTC,SGP4,2025-04-10 12:59:36.959136+00:00,2.00564840,0.01338350,54.9605,232.3532,298.5542,68.1914,0,U,26407,999,18127,0.00000000000000,-0.00000045,0.0000000000000,26560.239,717.972,20537.573,19826.635,PAYLOAD,LARGE,US,2000-07-16,AFETR,,4698059,285306051,0 NAVSTAR 48 (USA 151),1 26407U 00040A   25100.54139999 -.00000045  00000-0  00000-0 0  9990,2 26407  54.9605 232.3532 0133835 298.5542  68.1914  2.00564840181275
3.0,GENERATED VIA SPACE-TRACK.ORG API,2025-04-11 14:46:21+00:00,18 SPCS,NAVSTAR 48 (USA 151),2000-040A,EARTH,TEME,UTC,SGP4,2025-04-11 12:54:52.531200+00:00,2.00564876,0.01338230,54.9601,232.3137,298.5570,67.8689,0,U,26407,999,18128,0.00000000000000,-0.00000036,0.0000000000000,26560.236,717.972,20537.538,19826.663,PAYLOAD,LARGE,US,2000-07-16,AFETR,,4698676,285372703,0 NAVSTAR 48 (USA 151),1 26407U 00040A   25101.53810800 -.00000036  00000-0  00000+0 0  9996,2 26407  54.9601 232.3137 0133823 298.5570  67.8689  2.00564876181285
3.0,GENERATED VIA SPACE-TRACK.ORG API,2025-04-12 03:00:55+00:00,18 SPCS,NAVSTAR 48 (USA 151),2000-040A,EARTH,TEME,UTC,SGP4,2025-04-11 12:54:52.531200+00:00,2.00564876,0.01338230,54.9601,232.3137,298.5570,67.8689,0,U,26407,999,18129,0.00000000000000,-0.00000036,0.0000000000000,26560.236,717.972,20537.538,19826.663,PAYLOAD,LARGE,US,2000-07-16,AFETR,,4699215,285390806,0 NAVSTAR 48 (USA 151),1 26407U 00040A   25101.53810800 -.00000036  00000-0  00000-0 0  9997,2 26407  54.9601 232.3137 0133823 298.5570  67.8689  2.00564876181296
3.0,GENERATED VIA SPACE-TRACK.ORG API,2025-04-12 22:09:39+00:00,18 SPCS,NAVSTAR 48 (USA 151),2000-040A,EARTH,TEME,UTC,SGP4,2025-04-12 12:51:53.137152+00:00,2.00564905,0.01338070,54.9597,232.2741,298.5578,68.4263,0,U,26407,999,18131,0.00000000000000,-0.00000024,0.0000000000000,26560.233,717.972,20537.492,19826.703,PAYLOAD,LARGE,US,2000-07-16,AFETR,,4699941,285437367,0 NAVSTAR 48 (USA 151),1 26407U 00040A   25102.53603168 -.00000024  00000-0  00000-0 0  9992,2 26407  54.9597 232.2741 0133807 298.5578  68.4263  2.00564905181311
3.0,GENERATED VIA SPACE-TRACK.ORG API,2025-04-13 03:46:00+00:00,18 SPCS,NAVSTAR 48 (USA 151),2000-040A,EARTH,TEME,UTC,SGP4,2025-04-12 18:23:03.637248+00:00,2.00564909,0.01338010,54.9596,232.2649,298.5568,234.4879,0,U,26407,999,18131,0.00000000000000,-0.00000021,0.0000000000000,26560.233,717.972,20537.476,19826.719,PAYLOAD,LARGE,US,2000-07-16,AFETR,,4700252,285474522,0 NAVSTAR 48 (USA 151),1 26407U 00040A   25102.76601432 -.00000021  00000-0  00000-0 0  9996,2 26407  54.9596 232.2649 0133801 298.5568 234.4879  2.00564909181312
3.0,GENERATED VIA SPACE-TRACK.ORG API,2025-04-14 03:05:54+00:00,18 SPCS,NAVSTAR 48 (USA 151),2000-040A,EARTH,TEME,UTC,SGP4,2025-04-13 12:47:10.503744+00:00,2.00564929,0.01337910,54.9593,232.2345,298.5573,68.1223,0,U,26407,999,18133,0.00000000000000,-0.00000012,0.0000000000000,26560.231,717.972,20537.448,19826.744,PAYLOAD,LARGE,US,2000-07-16,AFETR,,4701263,285529054,0 NAVSTAR 48 (USA 151),1 26407U 00040A   25103.53276046 -.00000012  00000-0  00000-0 0  9991,2 26407  54.9593 232.2345 0133791 298.5573  68.1223  2.00564929181335
3.0,GENERATED VIA SPACE-TRACK.ORG API,2025-04-14 14:46:18+00:00,18 SPCS,NAVSTAR 48 (USA 151),2000-040A,EARTH,TEME,UTC,SGP4,2025-04-14 12:42:26.866368+00:00,2.00564948,0.01337780,54.9589,232.1949,298.5562,67.8107,0,U,26407,999,18134,0.00000000000000,-0.00000001,0.0000000000000,26560.229,717.972,20537.412,19826.777,PAYLOAD,LARGE,US,2000-07-16,AFETR,,4701772,285564570,0 NAVSTAR 48 (USA 151),1 26407U 00040A   25104.52947762 -.00000001  00000-0  00000+0 0  9998,2 26407  54.9589 232.1949 0133778 298.5562  67.8107  2.00564948181341
3.0,GENERATED VIA SPACE-TRACK.ORG API,2025-04-15 02:40:58+00:00,18 SPCS,NAVSTAR 48 (USA 151),2000-040A,EARTH,TEME,UTC,SGP4,2025-04-14 18:14:28.912704+00:00,2.00564950,0.01337720,54.9588,232.1858,298.5553,234.3031,0,U,26407,999,18135,0.00000000000000,0.00000002,0.0000000000000,26560.229,717.972,20537.395,19826.792,PAYLOAD,LARGE,US,2000-07-16,AFETR,,4702223,285582167,0 NAVSTAR 48 (USA 151),1 26407U 00040A   25104.76005686  .00000002  00000-0  00000-0 0  9995,2 26407  54.9588 232.1858 0133772 298.5553 234.3031  2.00564950181354
3.0,GENERATED VIA SPACE-TRACK.ORG API,2025-04-15 18:47:20+00:00,18 SPCS,NAVSTAR 48 (USA 151),2000-040A,EARTH,TEME,UTC,SGP4,2025-04-15 12:23:38.688864+00:00,2.00564960,0.01337630,54.9585,232.1558,298.5559,60.4404,0,U,26407,999,18137,0.00000000000000,0.00000008,0.0000000000000,26560.228,717.972,20537.371,19826.816,PAYLOAD,LARGE,US,2000-07-16,AFETR,,4702934,285628122,0 NAVSTAR 48 (USA 151),1 26407U 00040A   25105.51642001  .00000008  00000-0  00000-0 0  9993,2 26407  54.9585 232.1558 0133763 298.5559  60.4404  2.00564960181379
3.0,GENERATED VIA SPACE-TRACK.ORG API,2025-04-16 03:04:32+00:00,18 SPCS,NAVSTAR 48 (USA 151),2000-040A,EARTH,TEME,UTC,SGP4,2025-04-15 18:11:03.766272+00:00,2.00564960,0.01337580,54.9584,232.1462,298.5547,234.6469,0,U,26407,999,18137,0.00000000000000,0.00000010,0.0000000000000,26560.228,717.972,20537.357,19826.829,PAYLOAD,LARGE,US,2000-07-16,AFETR,,4703301,285666381,0 NAVSTAR 48 (USA 151),1 26407U 00040A   25105.75768248  .00000010  00000-0  00000-0 0  9994,2 26407  54.9584 232.1462 0133758 298.5547 234.6469  2.00564960181379
3.0,GENERATED VIA SPACE-TRACK.ORG API,2025-04-16 18:21:57+00:00,18 SPCS,NAVSTAR 48 (USA 151),2000-040A,EARTH,TEME,UTC,SGP4,2025-04-16 12:34:51.642048+00:00,2.00564966,0.01337470,54.9582,232.1157,298.5565,68.1216,0,U,26407,999,18139,0.00000000000000,0.00000013,0.0000000000000,26560.228,717.972,20537.328,19826.857,PAYLOAD,LARGE,US,2000-07-16,AFETR,,4703859,285708679,0 NAVSTAR 48 (USA 151),1 26407U 00040A   25106.52420882  .00000013  00000-0  00000-0 0  9992,2 26407  54.9582 232.1157 0133747 298.5565  68.1216  2.00564966181394
3.0,GENERATED VIA SPACE-TRACK.ORG API,2025-04-17 23:06:34+00:00,18 SPCS,NAVSTAR 48 (USA 151),2000-040A,EARTH,TEME,UTC,SGP4,2025-04-17 18:02:30.158016+00:00,2.00564966,0.01337260,54.9578,232.0670,298.5564,234.4685,0,U,26407,999,18140,0.00000000000000,0.00000015,0.0000000000000,26560.228,717.972,20537.272,19826.913,PAYLOAD,LARGE,US,2000-07-16,AFETR,,4704943,285815904,0 NAVSTAR 48 (USA 151),1 26407U 00040A   25107.75173794  .00000015  00000-0  00000+0 0  9996,2 26407  54.9578 232.0670 0133726 298.5564 234.4685  2.00564966181404
3.0,GENERATED VIA SPACE-TRACK.ORG API,2025-04-18 02:23:54+00:00,18 SPCS,NAVSTAR 48 (USA 151),2000-040A,EARTH,TEME,UTC,SGP4,2025-04-17 18:02:30.158016+00:00,2.00564966,0.01337260,54.9578,232.0670,298.5564,234.4685,0,U,26407,999,18141,0.00000000000000,0.00000015,0.0000000000000,26560.228,717.972,20537.272,19826.913,PAYLOAD,LARGE,US,2000-07-16,AFETR,,4705238,285830535,0 NAVSTAR 48 (USA 151),1 26407U 00040A   25107.75173794  .00000015  00000-0  00000-0 0  9997,2 26407  54.9578 232.0670 0133726 298.5564 234.4685  2.00564966181415
3.0,GENERATED VIA SPACE-TRACK.ORG API,2025-04-20 03:24:42+00:00,18 SPCS,NAVSTAR 48 (USA 151),2000-040A,EARTH,TEME,UTC,SGP4,2025-04-19 17:53:58.553376+00:00,2.00564958,0.01336910,54.9570,231.9878,298.5585,234.3066,0,U,26407,999,18145,0.00000000000000,0.00000008,0.0000000000000,26560.228,717.972,20537.180,19827.007,PAYLOAD,LARGE,US,2000-07-16,AFETR,,4707095,285902201,0 NAVSTAR 48 (USA 151),1 26407U 00040A   25109.74581659  .00000008  00000-0  00000-0 0  9993,2 26407  54.9570 231.9878 0133691 298.5585 234.3066  2.00564958181456
3.0,GENERATED VIA SPACE-TRACK.ORG API,2025-04-20 14:36:25+00:00,18 SPCS,NAVSTAR 48 (USA 151),2000-040A,EARTH,TEME,UTC,SGP4,2025-04-20 12:22:14.212128+00:00,2.00564956,0.01336800,54.9567,231.9573,298.5580,70.0215,0,U,26407,999,18146,0.00000000000000,0.00000003,0.0000000000000,26560.228,717.972,20537.151,19827.036,PAYLOAD,LARGE,US,2000-07-16,AFETR,,4707538,285936405,0 NAVSTAR 48 (USA 151),1 26407U 00040A   25110.51544227  .00000003  00000-0  00000+0 0  9994,2 26407  54.9567 231.9573 0133680 298.5580  70.0215  2.00564956181467
3.0,GENERATED VIA SPACE-TRACK.ORG API,2025-04-21 03:51:54+00:00,18 SPCS,NAVSTAR 48 (USA 151),2000-040A,EARTH,TEME,UTC,SGP4,2025-04-20 17:49:28.820352+00:00,2.00564955,0.01336760,54.9565,231.9482,298.5581,234.1107,0,U,26407,999,18147,0.00000000000000,0.00000002,0.0000000000000,26560.229,717.972,20537.140,19827.047,PAYLOAD,LARGE,US,2000-07-16,AFETR,,4707994,285953917,0 NAVSTAR 48 (USA 151),1 26407U 00040A   25110.74269468  .00000002  00000-0  00000-0 0  9990,2 26407  54.9565 231.9482 0133676 298.5581 234.1107  2.00564955181473
3.0,GENERATED VIA SPACE-TRACK.ORG API,2025-04-21 18:27:13+00:00,18 SPCS,NAVSTAR 48 (USA 151),2000-040A,EARTH,TEME,UTC,SGP4,2025-04-21 11:32:04.407648+00:00,2.00564955,0.01336640,54.9563,231.9189,298.5571,46.9270,0,U,26407,999,18148,0.00000000000000,-0.00000003,0.0000000000000,26560.229,717.972,20537.108,19827.079,PAYLOAD,LARGE,US,2000-07-16,AFETR,,4708562,285997035,0 NAVSTAR 48 (USA 151),1 26407U 00040A   25111.48060657 -.00000003  00000-0  00000-0 0  9993,2 26407  54.9563 231.9189 0133664 298.5571  46.9270  2.00564955181482
3.0,GENERATED VIA SPACE-TRACK.ORG API,2025-04-22 03:07:59+00:00,18 SPCS,NAVSTAR 48 (USA 151),2000-040A,EARTH,TEME,UTC,SGP4,2025-04-21 17:46:05.113344+00:00,2.00564954,0.01336610,54.9562,231.9086,298.5571,234.4674,0,U,26407,999,18149,0.00000000000000,-0.00000005,0.0000000000000,26560.229,717.972,20537.100,19827.087,PAYLOAD,LARGE,US,2000-07-16,AFETR,,4708852,286033406,0 NAVSTAR 48 (USA 151),1 26407U 00040A   25111.74033696 -.00000005  00000-0  00000-0 0  9997,2 26407  54.9562 231.9086 0133661 298.5571 234.4674  2.00564954181496
3.0,GENERATED VIA SPACE-TRACK.ORG API,2025-04-22 17:47:39+00:00,18 SPCS,NAVSTAR 48 (USA 151),2000-040A,EARTH,TEME,UTC,SGP4,2025-04-22 12:02:04.919712+00:00,2.00564955,0.01336500,54.9559,231.8784,298.5554,64.0340,0,U,26407,999,18151,0.00000000000000,-0.00000009,0.0000000000000,26560.229,717.972,20537.071,19827.116,PAYLOAD,LARGE,US,2000-07-16,AFETR,,4709436,286077234,0 NAVSTAR 48 (USA 151),1 26407U 00040A   25112.50144583 -.00000009  00000-0  00000-0 0  9994,2 26407  54.9559 231.8784 0133650 298.5554  64.0340  2.00564955181516
3.0,GENERATED VIA SPACE-TRACK.ORG API,2025-04-22 22:36:29+00:00,18 SPCS,NAVSTAR 48 (USA 151),2000-040A,EARTH,TEME,UTC,SGP4,2025-04-22 17:41:31.595136+00:00,2.00564954,0.01336480,54.9558,231.8690,298.5560,234.2408,0,U,26407,999,18150,0.00000000000000,-0.00000010,0.0000000000000,26560.229,717.972,20537.066,19827.121,PAYLOAD,LARGE,US,2000-07-16,AFETR,,4709589,286102965,0 NAVSTAR 48 (USA 151),1 26407U 00040A   25112.73717124 -.00000010  00000-0  00000+0 0  9997,2 26407  54.9558 231.8690 0133648 298.5560 234.2408  2.00564954181509
3.0,GENERATED VIA SPACE-TRACK.ORG API,2025-04-23 03:17:08+00:00,18 SPCS,NAVSTAR 48 (USA 151),2000-040A,EARTH,TEME,UTC,SGP4,2025-04-22 17:41:31.595136+00:00,2.00564954,0.01336480,54.9558,231.8690,298.5560,234.2408,0,U,26407,999,18151,0.00000000000000,-0.00000010,0.0000000000000,26560.229,717.972,20537.066,19827.121,PAYLOAD,LARGE,US,2000-07-16,AFETR,,4709740,286113060,0 NAVSTAR 48 (USA 151),1 26407U 00040A   25112.73717124 -.00000010  00000-0  00000-0 0  9998,2 26407  54.9558 231.8690 0133648 298.5560 234.2408  2.00564954181510
3.0,GENERATED VIA SPACE-TRACK.ORG API,2025-04-25 02:52:53+00:00,18 SPCS,NAVSTAR 48 (USA 151),2000-040A,EARTH,TEME,UTC,SGP4,2025-04-24 17:33:29.560896+00:00,2.00564963,0.01336270,54.9551,231.7897,298.5529,234.3317,0,U,26407,999,18155,0.00000000000000,-0.00000013,0.0000000000000,26560.228,717.972,20537.009,19827.176,PAYLOAD,LARGE,US,2000-07-16,AFETR,,4711435,286211948,0 NAVSTAR 48 (USA 151),1 26407U 00040A   25114.73159214 -.00000013  00000-0  00000-0 0  9993,2 26407  54.9551 231.7897 0133627 298.5529 234.3317  2.00564963181557
3.0,GENERATED VIA SPACE-TRACK.ORG API,2025-04-25 17:26:32+00:00,18 SPCS,NAVSTAR 48 (USA 151),2000-040A,EARTH,TEME,UTC,SGP4,2025-04-25 11:57:36.074016+00:00,2.00564966,0.01336180,54.9549,231.7593,298.5515,67.9655,0,U,26407,999,18156,0.00000000000000,-0.00000010,0.0000000000000,26560.228,717.972,20536.985,19827.200,PAYLOAD,LARGE,US,2000-07-16,AFETR,,4711894,286246646,0 NAVSTAR 48 (USA 151),1 26407U 00040A   25115.49833419 -.00000010  00000-0  00000+0 0  9999,2 26407  54.9549 231.7593 0133618 298.5515  67.9655  2.00564966181561
3.0,GENERATED VIA SPACE-TRACK.ORG API,2025-04-25 20:55:31+00:00,18 SPCS,NAVSTAR 48 (USA 151),2000-040A,EARTH,TEME,UTC,SGP4,2025-04-25 15:04:15.304224+00:00,2.00564967,0.01336180,54.9548,231.7541,298.5520,161.5586,0,U,26407,999,18157,0.00000000000000,-0.00000010,0.0000000000000,26560.227,717.972,20536.985,19827.200,PAYLOAD,LARGE,US,2000-07-16,AFETR,,4712095,286257589,0 NAVSTAR 48 (USA 151),1 26407U 00040A   25115.62795491 -.00000010  00000-0  00000-0 0  9992,2 26407  54.9548 231.7541 0133618 298.5520 161.5586  2.00564967181575
3.0,GENERATED VIA SPACE-TRACK.ORG API,2025-04-26 03:05:18+00:00,18 SPCS,NAVSTAR 48 (USA 151),2000-040A,EARTH,TEME,UTC,SGP4,2025-04-25 17:29:31.259328+00:00,2.00564972,0.01336160,54.9548,231.7501,298.5530,234.3983,0,U,26407,999,18157,0.00000000000000,-0.00000009,0.0000000000000,26560.227,717.972,20536.979,19827.205,PAYLOAD,LARGE,US,2000-07-16,AFETR,,4712412,286354905,0 NAVSTAR 48 (USA 151),1 26407U 00040A   25115.72883402 -.00000009  00000-0  00000-0 0  9991,2 26407  54.9548 231.7501 0133616 298.5530 234.3983  2.00564972181576
3.0,GENERATED VIA SPACE-TRACK.ORG API,2025-04-27 02:38:33+00:00,18 SPCS,NAVSTAR 48 (USA 151),2000-040A,EARTH,TEME,UTC,SGP4,2025-04-26 12:24:06.296256+00:00,2.00564980,0.01336060,54.9545,231.7188,298.5525,83.3125,0,U,26407,999,18159,0.00000000000000,-0.00000005,0.0000000000000,26560.226,717.972,20536.952,19827.231,PAYLOAD,LARGE,US,2000-07-16,AFETR,,4713460,286409188,0 NAVSTAR 48 (USA 151),1 26407U 00040A   25116.51673954 -.00000005  00000-0  00000-0 0  9994,2 26407  54.9545 231.7188 0133606 298.5525  83.3125  2.00564980181598
3.0,GENERATED VIA SPACE-TRACK.ORG API,2025-04-27 14:36:18+00:00,18 SPCS,NAVSTAR 48 (USA 151),2000-040A,EARTH,TEME,UTC,SGP4,2025-04-27 12:33:04.627008+00:00,2.00564996,0.01335920,54.9541,231.6788,298.5541,89.8681,0,U,26407,999,18160,0.00000000000000,0.00000002,0.0000000000000,26560.225,717.972,20536.913,19827.267,PAYLOAD,LARGE,US,2000-07-16,AFETR,,4713903,286441557,0 NAVSTAR 48 (USA 151),1 26407U 00040A   25117.52297022  .00000002  00000-0  00000+0 0  9999,2 26407  54.9541 231.6788 0133592 298.5541  89.8681  2.00564996181608
3.0,GENERATED VIA SPACE-TRACK.ORG API,2025-04-27 18:35:14+00:00,18 SPCS,NAVSTAR 48 (USA 151),2000-040A,EARTH,TEME,UTC,SGP4,2025-04-27 12:33:04.627008+00:00,2.00564996,0.01335920,54.9541,231.6788,298.5541,89.8681,0,U,26407,999,18161,0.00000000000000,0.00000002,0.0000000000000,26560.225,717.972,20536.913,19827.267,PAYLOAD,LARGE,US,2000-07-16,AFETR,,4714063,286452693,0 NAVSTAR 48 (USA 151),1 26407U 00040A   25117.52297022  .00000002  00000-0  00000-0 0  9990,2 26407  54.9541 231.6788 0133592 298.5541  89.8681  2.00564996181619
3.0,GENERATED VIA SPACE-TRACK.ORG API,2025-04-28 03:18:57+00:00,18 SPCS,NAVSTAR 48 (USA 151),2000-040A,EARTH,TEME,UTC,SGP4,2025-04-27 17:34:38.267904+00:00,2.00565001,0.01335880,54.9540,231.6705,298.5560,241.0774,0,U,26407,999,18161,0.00000000000000,0.00000003,0.0000000000000,26560.224,717.972,20536.902,19827.277,PAYLOAD,LARGE,US,2000-07-16,AFETR,,4714383,286489020,0 NAVSTAR 48 (USA 151),1 26407U 00040A   25117.73238736  .00000003  00000-0  00000-0 0  9991,2 26407  54.9540 231.6705 0133588 298.5560 241.0774  2.00565001181616
3.0,GENERATED VIA SPACE-TRACK.ORG API,2025-04-29 04:35:25+00:00,18 SPCS,NAVSTAR 48 (USA 151),2000-040A,EARTH,TEME,UTC,SGP4,2025-04-28 17:40:19.712928+00:00,2.00565024,0.01335720,54.9537,231.6306,298.5587,245.9867,0,U,26407,999,18163,0.00000000000000,0.00000007,0.0000000000000,26560.222,717.972,20536.858,19827.317,PAYLOAD,LARGE,US,2000-07-16,AFETR,,4715285,286540272,0 NAVSTAR 48 (USA 151),1 26407U 00040A   25118.73633927  .00000007  00000-0  00000-0 0  9997,2 26407  54.9537 231.6306 0133572 298.5587 245.9867  2.00565024181634
3.0,GENERATED VIA SPACE-TRACK.ORG API,2025-05-02 01:16:34+00:00,18 SPCS,NAVSTAR 48 (USA 151),2000-040A,EARTH,TEME,UTC,SGP4,2025-05-01 23:13:25.848192+00:00,2.00565123,0.01335320,54.9523,231.5022,298.5606,59.1878,0,U,26407,999,18169,0.00000000000000,-0.00000011,0.0000000000000,26560.214,717.971,20536.743,19827.415,PAYLOAD,LARGE,US,2000-07-16,AFETR,,4716124,286582043,0 NAVSTAR 48 (USA 151),1 26407U 00040A   25121.96766028 -.00000011  00000-0  00000+0 0  9990,2 26407  54.9523 231.5022 0133532 298.5606  59.1878  2.00565123181694
3.0,GENERATED VIA SPACE-TRACK.ORG API,2025-05-02 02:33:21+00:00,18 SPCS,NAVSTAR 48 (USA 151),2000-040A,EARTH,TEME,UTC,SGP4,2025-05-01 11:08:36.505824+00:00,2.00565103,0.01335350,54.9525,231.5222,298.5610,55.7399,0,U,26407,999,18168,0.00000000000000,-0.00000005,0.0000000000000,26560.215,717.971,20536.752,19827.409,PAYLOAD,LARGE,US,2000-07-16,AFETR,,4716572,286601466,0 NAVSTAR 48 (USA 151),1 26407U 00040A   25121.46431141 -.00000005  00000-0  00000-0 0  9994,2 26407  54.9525 231.5222 0133535 298.5610  55.7399  2.00565103181683
3.0,GENERATED VIA SPACE-TRACK.ORG API,2025-05-02 17:35:09+00:00,18 SPCS,NAVSTAR 48 (USA 151),2000-040A,EARTH,TEME,UTC,SGP4,2025-05-02 11:40:27.347232+00:00,2.00565138,0.01335280,54.9521,231.4816,298.5601,73.7688,0,U,26407,999,18171,0.00000000000000,-0.00000018,0.0000000000000,26560.212,717.971,20536.731,19827.424,PAYLOAD,LARGE,US,2000-07-16,AFETR,,4716995,286670239,0 NAVSTAR 48 (USA 151),1 26407U 00040A   25122.48642763 -.00000018  00000-0  00000-0 0  9995,2 26407  54.9521 231.4816 0133528 298.5601  73.7688  2.00565138181712
3.0,GENERATED VIA SPACE-TRACK.ORG API,2025-05-03 17:28:03+00:00,18 SPCS,NAVSTAR 48 (USA 151),2000-040A,EARTH,TEME,UTC,SGP4,2025-05-03 14:04:08.213952+00:00,2.00565180,0.01335220,54.9517,231.4379,298.5604,147.8734,0,U,26407,999,18173,0.00000000000000,-0.00000033,0.0000000000000,26560.209,717.971,20536.711,19827.436,PAYLOAD,LARGE,US,2000-07-16,AFETR,,4717971,286752651,0 NAVSTAR 48 (USA 151),1 26407U 00040A   25123.58620618 -.00000033  00000-0  00000-0 0  9999,2 26407  54.9517 231.4379 0133522 298.5604 147.8734  2.00565180181732
3.0,GENERATED VIA SPACE-TRACK.ORG API,2025-05-04 02:26:54+00:00,18 SPCS,NAVSTAR 48 (USA 151),2000-040A,EARTH,TEME,UTC,SGP4,2025-05-03 16:56:33.580608+00:00,2.00565184,0.01335200,54.9516,231.4332,298.5607,234.3309,0,U,26407,999,18173,0.00000000000000,-0.00000035,0.0000000000000,26560.208,717.971,20536.705,19827.441,PAYLOAD,LARGE,US,2000-07-16,AFETR,,4718307,286790297,0 NAVSTAR 48 (USA 151),1 26407U 00040A   25123.70594422 -.00000035  00000-0  00000-0 0  9998,2 26407  54.9516 231.4332 0133520 298.5607 234.3309  2.00565184181735
3.0,GENERATED VIA SPACE-TRACK.ORG API,2025-05-04 06:56:20+00:00,18 SPCS,NAVSTAR 48 (USA 151),2000-040A,EARTH,TEME,UTC,SGP4,2025-05-04 00:16:32.949408+00:00,2.00565193,0.01335190,54.9515,231.4210,298.5602,94.9552,0,U,26407,999,18173,0.00000000000000,-0.00000039,0.0000000000000,26560.208,717.971,20536.702,19827.443,PAYLOAD,LARGE,US,2000-07-16,AFETR,,4718559,286817723,0 NAVSTAR 48 (USA 151),1 26407U 00040A   25124.01149247 -.00000039  00000-0  00000+0 0  9997,2 26407  54.9515 231.4210 0133519 298.5602  94.9552  2.00565193181732
3.0,GENERATED VIA SPACE-TRACK.ORG API,2025-05-04 17:21:58+00:00,18 SPCS,NAVSTAR 48 (USA 151),2000-040A,EARTH,TEME,UTC,SGP4,2025-05-04 00:16:32.949408+00:00,2.00565193,0.01335190,54.9515,231.4210,298.5602,94.9552,0,U,26407,999,18174,0.00000000000000,-0.00000039,0.0000000000000,26560.208,717.971,20536.702,19827.443,PAYLOAD,LARGE,US,2000-07-16,AFETR,,4719080,286838417,0 NAVSTAR 48 (USA 151),1 26407U 00040A   25124.01149247 -.00000039  00000-0  00000-0 0  9998,2 26407  54.9515 231.4210 0133519 298.5602  94.9552  2.00565193181743
3.0,GENERATED VIA SPACE-TRACK.ORG API,2025-05-05 02:11:48+00:00,18 SPCS,NAVSTAR 48 (USA 151),2000-040A,EARTH,TEME,UTC,SGP4,2025-05-04 16:52:28.455168+00:00,2.00565219,0.01335140,54.9513,231.3935,298.5613,234.3406,0,U,26407,999,18175,0.00000000000000,-0.00000047,0.0000000000000,26560.205,717.971,20536.686,19827.454,PAYLOAD,LARGE,US,2000-07-16,AFETR,,4719334,286874527,0 NAVSTAR 48 (USA 151),1 26407U 00040A   25124.70310712 -.00000047  00000-0  00000-0 0  9990,2 26407  54.9513 231.3935 0133514 298.5613 234.3406  2.00565219181759
3.0,GENERATED VIA SPACE-TRACK.ORG API,2025-05-06 03:54:54+00:00,18 SPCS,NAVSTAR 48 (USA 151),2000-040A,EARTH,TEME,UTC,SGP4,2025-05-05 12:32:15.899136+00:00,2.00565250,0.01335100,54.9510,231.3610,298.5627,105.9215,0,U,26407,999,18177,0.00000000000000,-0.00000053,0.0000000000000,26560.203,717.971,20536.673,19827.462,PAYLOAD,LARGE,US,2000-07-16,AFETR,,4720394,286926207,0 NAVSTAR 48 (USA 151),1 26407U 00040A   25125.52240624 -.00000053  00000-0  00000-0 0  9992,2 26407  54.9510 231.3610 0133510 298.5627 105.9215  2.00565250181775
3.0,GENERATED VIA SPACE-TRACK.ORG API,2025-05-06 14:46:28+00:00,18 SPCS,NAVSTAR 48 (USA 151),2000-040A,EARTH,TEME,UTC,SGP4,2025-05-06 09:44:50.751744+00:00,2.00565284,0.01335030,54.9507,231.3259,298.5646,24.0297,0,U,26407,999,18178,0.00000000000000,-0.00000055,0.0000000000000,26560.199,717.971,20536.651,19827.478,PAYLOAD,LARGE,US,2000-07-16,AFETR,,4720915,286961189,0 NAVSTAR 48 (USA 151),1 26407U 00040A   25126.40614296 -.00000055  00000-0  00000+0 0  9991,2 26407  54.9507 231.3259 0133503 298.5646  24.0297  2.00565284181782
3.0,GENERATED VIA SPACE-TRACK.ORG API,2025-05-07 03:14:48+00:00,18 SPCS,NAVSTAR 48 (USA 151),2000-040A,EARTH,TEME,UTC,SGP4,2025-05-06 09:44:50.751744+00:00,2.00565284,0.01335030,54.9507,231.3259,298.5646,24.0297,0,U,26407,999,18178,0.00000000000000,-0.00000055,0.0000000000000,26560.199,717.971,20536.651,19827.478,PAYLOAD,LARGE,US,2000-07-16,AFETR,,4721313,286978661,0 NAVSTAR 48 (USA 151),1 26407U 00040A   25126.40614296 -.00000055  00000-0  00000-0 0  9992,2 26407  54.9507 231.3259 0133503 298.5646  24.0297  2.00565284181782
3.0,GENERATED VIA SPACE-TRACK.ORG API,2025-05-08 03:01:32+00:00,18 SPCS,NAVSTAR 48 (USA 151),2000-040A,EARTH,TEME,UTC,SGP4,2025-05-07 22:43:26.183712+00:00,2.00565346,0.01334870,54.9501,231.2647,298.5710,56.4912,0,U,26407,999,18181,0.00000000000000,-0.00000048,0.0000000000000,26560.194,717.970,20536.603,19827.515,PAYLOAD,LARGE,US,2000-07-16,AFETR,,4722206,287028621,0 NAVSTAR 48 (USA 151),1 26407U 00040A   25127.94683083 -.00000048  00000-0  00000-0 0  9994,2 26407  54.9501 231.2647 0133487 298.5710  56.4912  2.00565346181815
3.0,GENERATED VIA SPACE-TRACK.ORG API,2025-05-08 14:46:38+00:00,18 SPCS,NAVSTAR 48 (USA 151),2000-040A,EARTH,TEME,UTC,SGP4,2025-05-08 10:53:36.966048+00:00,2.00565362,0.01334820,54.9500,231.2446,298.5728,62.6233,0,U,26407,999,18182,0.00000000000000,-0.00000043,0.0000000000000,26560.193,717.970,20536.588,19827.527,PAYLOAD,LARGE,US,2000-07-16,AFETR,,4722711,287063883,0 NAVSTAR 48 (USA 151),1 26407U 00040A   25128.45390007 -.00000043  00000-0  00000+0 0  9996,2 26407  54.9500 231.2446 0133482 298.5728  62.6233  2.00565362181829
3.0,GENERATED VIA SPACE-TRACK.ORG API,2025-05-09 02:46:56+00:00,18 SPCS,NAVSTAR 48 (USA 151),2000-040A,EARTH,TEME,UTC,SGP4,2025-05-08 10:53:36.966048+00:00,2.00565362,0.01334820,54.9500,231.2446,298.5728,62.6233,0,U,26407,999,18183,0.00000000000000,-0.00000043,0.0000000000000,26560.193,717.970,20536.588,19827.527,PAYLOAD,LARGE,US,2000-07-16,AFETR,,4723128,287080611,0 NAVSTAR 48 (USA 151),1 26407U 00040A   25128.45390007 -.00000043  00000-0  00000-0 0  9997,2 26407  54.9500 231.2446 0133482 298.5728  62.6233  2.00565362181830
3.0,GENERATED VIA SPACE-TRACK.ORG API,2025-05-10 02:32:27+00:00,18 SPCS,NAVSTAR 48 (USA 151),2000-040A,EARTH,TEME,UTC,SGP4,2025-05-09 11:49:45.829056+00:00,2.00565393,0.01334680,54.9496,231.2033,298.5759,92.8335,0,U,26407,999,18185,0.00000000000000,-0.00000030,0.0000000000000,26560.190,717.970,20536.548,19827.561,PAYLOAD,LARGE,US,2000-07-16,AFETR,,4723972,287160759,0 NAVSTAR 48 (USA 151),1 26407U 00040A   25129.49289154 -.00000030  00000-0  00000-0 0  9998,2 26407  54.9496 231.2033 0133468 298.5759  92.8335  2.00565393181858
3.0,GENERATED VIA SPACE-TRACK.ORG API,2025-05-10 14:46:31+00:00,18 SPCS,NAVSTAR 48 (USA 151),2000-040A,EARTH,TEME,UTC,SGP4,2025-05-10 10:57:12.432960+00:00,2.00565421,0.01334580,54.9492,231.1650,298.5769,68.5384,0,U,26407,999,18186,0.00000000000000,-0.00000017,0.0000000000000,26560.187,717.970,20536.519,19827.585,PAYLOAD,LARGE,US,2000-07-16,AFETR,,4724504,287195596,0 NAVSTAR 48 (USA 151),1 26407U 00040A   25130.45639390 -.00000017  00000-0  00000+0 0  9991,2 26407  54.9492 231.1650 0133458 298.5769  68.5384  2.00565421181865
3.0,GENERATED VIA SPACE-TRACK.ORG API,2025-05-10 17:27:15+00:00,18 SPCS,NAVSTAR 48 (USA 151),2000-040A,EARTH,TEME,UTC,SGP4,2025-05-10 10:57:12.432960+00:00,2.00565421,0.01334580,54.9492,231.1650,298.5769,68.5384,0,U,26407,999,18187,0.00000000000000,-0.00000017,0.0000000000000,26560.187,717.970,20536.519,19827.585,PAYLOAD,LARGE,US,2000-07-16,AFETR,,4724659,287206670,0 NAVSTAR 48 (USA 151),1 26407U 00040A   25130.45639390 -.00000017  00000-0  00000-0 0  9992,2 26407  54.9492 231.1650 0133458 298.5769  68.5384  2.00565421181876
3.0,GENERATED VIA SPACE-TRACK.ORG API,2025-05-11 22:21:49+00:00,18 SPCS,NAVSTAR 48 (USA 151),2000-040A,EARTH,TEME,UTC,SGP4,2025-05-11 12:17:40.581600+00:00,2.00565439,0.01334490,54.9488,231.1231,298.5771,110.9472,0,U,26407,999,18189,0.00000000000000,-0.00000003,0.0000000000000,26560.186,717.970,20536.494,19827.608,PAYLOAD,LARGE,US,2000-07-16,AFETR,,4725669,287290224,0 NAVSTAR 48 (USA 151),1 26407U 00040A   25131.51227525 -.00000003  00000-0  00000-0 0  9998,2 26407  54.9488 231.1231 0133449 298.5771 110.9472  2.00565439181890
3.0,GENERATED VIA SPACE-TRACK.ORG API,2025-05-12 19:41:36+00:00,18 SPCS,NAVSTAR 48 (USA 151),2000-040A,EARTH,TEME,UTC,SGP4,2025-05-12 09:23:13.103232+00:00,2.00565454,0.01334470,54.9485,231.0882,298.5761,25.5292,0,U,26407,999,18190,0.00000000000000,0.00000006,0.0000000000000,26560.184,717.970,20536.487,19827.612,PAYLOAD,LARGE,US,2000-07-16,AFETR,,4726624,287372205,0 NAVSTAR 48 (USA 151),1 26407U 00040A   25132.39112388  .00000006  00000-0  00000-0 0  9997,2 26407  54.9485 231.0882 0133447 298.5761  25.5292  2.00565454181905
3.0,GENERATED VIA SPACE-TRACK.ORG API,2025-05-13 14:36:32+00:00,18 SPCS,NAVSTAR 48 (USA 151),2000-040A,EARTH,TEME,UTC,SGP4,2025-05-13 10:51:58.126176+00:00,2.00565462,0.01334380,54.9482,231.0461,298.5773,72.0897,0,U,26407,999,18192,0.00000000000000,0.00000015,0.0000000000000,26560.184,717.970,20536.463,19827.635,PAYLOAD,LARGE,US,2000-07-16,AFETR,,4727459,287444545,0 NAVSTAR 48 (USA 151),1 26407U 00040A   25133.45275609  .00000015  00000-0  00000+0 0  9990,2 26407  54.9482 231.0461 0133438 298.5773  72.0897  2.00565462181927
3.0,GENERATED VIA SPACE-TRACK.ORG API,2025-05-13 18:58:22+00:00,18 SPCS,NAVSTAR 48 (USA 151),2000-040A,EARTH,TEME,UTC,SGP4,2025-05-13 10:51:58.126176+00:00,2.00565462,0.01334380,54.9482,231.0461,298.5773,72.0897,0,U,26407,999,18193,0.00000000000000,0.00000015,0.0000000000000,26560.184,717.970,20536.463,19827.635,PAYLOAD,LARGE,US,2000-07-16,AFETR,,4727647,287455557,0 NAVSTAR 48 (USA 151),1 26407U 00040A   25133.45275609  .00000015  00000-0  00000-0 0  9991,2 26407  54.9482 231.0461 0133438 298.5773  72.0897  2.00565462181938
3.0,GENERATED VIA SPACE-TRACK.ORG API,2025-05-14 17:20:46+00:00,18 SPCS,NAVSTAR 48 (USA 151),2000-040A,EARTH,TEME,UTC,SGP4,2025-05-14 10:40:19.744608+00:00,2.00565462,0.01334260,54.9477,231.0066,298.5790,68.3111,0,U,26407,999,18195,0.00000000000000,0.00000019,0.0000000000000,26560.184,717.970,20536.431,19827.667,PAYLOAD,LARGE,US,2000-07-16,AFETR,,4728533,287536710,0 NAVSTAR 48 (USA 151),1 26407U 00040A   25134.44467297  .00000019  00000-0  00000-0 0  9991,2 26407  54.9477 231.0066 0133426 298.5790  68.3111  2.00565462181958
3.0,GENERATED VIA SPACE-TRACK.ORG API,2025-05-15 04:48:17+00:00,18 SPCS,NAVSTAR 48 (USA 151),2000-040A,EARTH,TEME,UTC,SGP4,2025-05-14 15:59:35.854944+00:00,2.00565459,0.01334220,54.9477,230.9978,298.5783,228.4026,0,U,26407,999,18195,0.00000000000000,0.00000019,0.0000000000000,26560.184,717.970,20536.420,19827.678,PAYLOAD,LARGE,US,2000-07-16,AFETR,,4728901,287604501,0 NAVSTAR 48 (USA 151),1 26407U 00040A   25134.66638721  .00000019  00000-0  00000-0 0  9997,2 26407  54.9477 230.9978 0133422 298.5783 228.4026  2.00565459181956
3.0,GENERATED VIA SPACE-TRACK.ORG API,2025-05-15 14:46:45+00:00,18 SPCS,NAVSTAR 48 (USA 151),2000-040A,EARTH,TEME,UTC,SGP4,2025-05-15 11:21:02.587104+00:00,2.00565460,0.01334120,54.9474,230.9658,298.5815,90.7834,0,U,26407,999,18196,0.00000000000000,0.00000019,0.0000000000000,26560.184,717.970,20536.394,19827.704,PAYLOAD,LARGE,US,2000-07-16,AFETR,,4729342,287637357,0 NAVSTAR 48 (USA 151),1 26407U 00040A   25135.47294661  .00000019  00000-0  00000+0 0  9997,2 26407  54.9474 230.9658 0133412 298.5815  90.7834  2.00565460181963
3.0,GENERATED VIA SPACE-TRACK.ORG API,2025-05-15 17:33:57+00:00,18 SPCS,NAVSTAR 48 (USA 151),2000-040A,EARTH,TEME,UTC,SGP4,2025-05-15 11:21:02.587104+00:00,2.00565460,0.01334120,54.9474,230.9658,298.5815,90.7834,0,U,26407,999,18197,0.00000000000000,0.00000019,0.0000000000000,26560.184,717.970,20536.394,19827.704,PAYLOAD,LARGE,US,2000-07-16,AFETR,,4729513,287647420,0 NAVSTAR 48 (USA 151),1 26407U 00040A   25135.47294661  .00000019  00000-0  00000-0 0  9998,2 26407  54.9474 230.9658 0133412 298.5815  90.7834  2.00565460181974
3.0,GENERATED VIA SPACE-TRACK.ORG API,2025-05-16 19:15:53+00:00,18 SPCS,NAVSTAR 48 (USA 151),2000-040A,EARTH,TEME,UTC,SGP4,2025-05-16 07:14:31.272576+00:00,2.00565453,0.01333990,54.9471,230.9329,298.5836,329.2273,0,U,26407,999,18198,0.00000000000000,0.00000018,0.0000000000000,26560.185,717.970,20536.360,19827.739,PAYLOAD,LARGE,US,2000-07-16,AFETR,,4730293,287696485,0 NAVSTAR 48 (USA 151),1 26407U 00040A   25136.30175084  .00000018  00000-0  00000-0 0  9997,2 26407  54.9471 230.9329 0133399 298.5836 329.2273  2.00565453181983
3.0,GENERATED VIA SPACE-TRACK.ORG API,2025-05-17 14:46:19+00:00,18 SPCS,NAVSTAR 48 (USA 151),2000-040A,EARTH,TEME,UTC,SGP4,2025-05-17 13:15:38.257632+00:00,2.00565443,0.01333800,54.9467,230.8832,298.5864,152.3589,0,U,26407,999,18200,0.00000000000000,0.00000013,0.0000000000000,26560.185,717.970,20536.310,19827.791,PAYLOAD,LARGE,US,2000-07-16,AFETR,,4731086,287767700,0 NAVSTAR 48 (USA 151),1 26407U 00040A   25137.55252613  .00000013  00000-0  00000+0 0  9993,2 26407  54.9467 230.8832 0133380 298.5864 152.3589  2.00565443182005
3.0,GENERATED VIA SPACE-TRACK.ORG API,2025-05-17 20:10:15+00:00,18 SPCS,NAVSTAR 48 (USA 151),2000-040A,EARTH,TEME,UTC,SGP4,2025-05-17 13:15:38.257632+00:00,2.00565443,0.01333800,54.9467,230.8832,298.5864,152.3589,0,U,26407,999,18201,0.00000000000000,0.00000013,0.0000000000000,26560.185,717.970,20536.310,19827.791,PAYLOAD,LARGE,US,2000-07-16,AFETR,,4731272,287779187,0 NAVSTAR 48 (USA 151),1 26407U 00040A   25137.55252613  .00000013  00000-0  00000-0 0  9994,2 26407  54.9467 230.8832 0133380 298.5864 152.3589  2.00565443182016
3.0,GENERATED VIA SPACE-TRACK.ORG API,2025-05-18 18:58:00+00:00,18 SPCS,NAVSTAR 48 (USA 151),2000-040A,EARTH,TEME,UTC,SGP4,2025-05-18 10:26:57.327936+00:00,2.00565442,0.01333690,54.9464,230.8481,298.5871,69.8356,0,U,26407,999,18203,0.00000000000000,0.00000009,0.0000000000000,26560.186,717.970,20536.281,19827.820,PAYLOAD,LARGE,US,2000-07-16,AFETR,,4732248,287862823,0 NAVSTAR 48 (USA 151),1 26407U 00040A   25138.43538574  .00000009  00000-0  00000-0 0  9990,2 26407  54.9464 230.8481 0133369 298.5871  69.8356  2.00565442182033
3.0,GENERATED VIA SPACE-TRACK.ORG API,2025-05-19 03:12:16+00:00,18 SPCS,NAVSTAR 48 (USA 151),2000-040A,EARTH,TEME,UTC,SGP4,2025-05-18 22:15:33.307776+00:00,2.00565437,0.01333640,54.9462,230.8285,298.5868,65.1492,0,U,26407,999,18204,0.00000000000000,0.00000006,0.0000000000000,26560.186,717.970,20536.268,19827.834,PAYLOAD,LARGE,US,2000-07-16,AFETR,,4732563,287900266,0 NAVSTAR 48 (USA 151),1 26407U 00040A   25138.92746884  .00000006  00000-0  00000-0 0  9996,2 26407  54.9462 230.8285 0133364 298.5868  65.1492  2.00565437182049
3.0,GENERATED VIA SPACE-TRACK.ORG API,2025-05-19 17:57:47+00:00,18 SPCS,NAVSTAR 48 (USA 151),2000-040A,EARTH,TEME,UTC,SGP4,2025-05-19 11:41:05.140320+00:00,2.00565434,0.01333590,54.9460,230.8063,298.5865,109.0670,0,U,26407,999,18205,0.00000000000000,0.00000004,0.0000000000000,26560.186,717.970,20536.255,19827.847,PAYLOAD,LARGE,US,2000-07-16,AFETR,,4733199,287944900,0 NAVSTAR 48 (USA 151),1 26407U 00040A   25139.48686505  .00000004  00000-0  00000-0 0  9999,2 26407  54.9460 230.8063 0133359 298.5865 109.0670  2.00565434182056
3.0,GENERATED VIA SPACE-TRACK.ORG API,2025-05-20 14:36:18+00:00,18 SPCS,NAVSTAR 48 (USA 151),2000-040A,EARTH,TEME,UTC,SGP4,2025-05-20 10:15:07.149312+00:00,2.00565433,0.01333500,54.9457,230.7689,298.5866,68.0206,0,U,26407,999,18206,0.00000000000000,0.00000001,0.0000000000000,26560.186,717.970,20536.231,19827.871,PAYLOAD,LARGE,US,2000-07-16,AFETR,,4734024,287987568,0 NAVSTAR 48 (USA 151),1 26407U 00040A   25140.42716608  .00000001  00000-0  00000+0 0  9999,2 26407  54.9457 230.7689 0133350 298.5866  68.0206  2.00565433182066
3.0,GENERATED VIA SPACE-TRACK.ORG API,2025-05-20 18:25:46+00:00,18 SPCS,NAVSTAR 48 (USA 151),2000-040A,EARTH,TEME,UTC,SGP4,2025-05-20 10:15:07.149312+00:00,2.00565433,0.01333500,54.9457,230.7689,298.5866,68.0206,0,U,26407,999,18207,0.00000000000000,0.00000001,0.0000000000000,26560.186,717.970,20536.231,19827.871,PAYLOAD,LARGE,US,2000-07-16,AFETR,,4734167,287997863,0 NAVSTAR 48 (USA 151),1 26407U 00040A   25140.42716608  .00000001  00000-0  00000-0 0  9990,2 26407  54.9457 230.7689 0133350 298.5866  68.0206  2.00565433182077
3.0,GENERATED VIA SPACE-TRACK.ORG API,2025-05-21 17:16:54+00:00,18 SPCS,NAVSTAR 48 (USA 151),2000-040A,EARTH,TEME,UTC,SGP4,2025-05-21 10:11:29.508576+00:00,2.00565433,0.01333410,54.9454,230.7292,298.5875,68.2607,0,U,26407,999,18209,0.00000000000000,0.00000001,0.0000000000000,26560.186,717.970,20536.208,19827.895,PAYLOAD,LARGE,US,2000-07-16,AFETR,,4735227,288082810,0 NAVSTAR 48 (USA 151),1 26407U 00040A   25141.42464709  .00000001  00000-0  00000-0 0  9993,2 26407  54.9454 230.7292 0133341 298.5875  68.2607  2.00565433182093
3.0,GENERATED VIA SPACE-TRACK.ORG API,2025-05-22 17:14:14+00:00,18 SPCS,NAVSTAR 48 (USA 151),2000-040A,EARTH,TEME,UTC,SGP4,2025-05-22 09:25:06.892896+00:00,2.00565436,0.01333340,54.9451,230.6907,298.5884,47.0647,0,U,26407,999,18210,0.00000000000000,0.00000004,0.0000000000000,26560.186,717.970,20536.189,19827.913,PAYLOAD,LARGE,US,2000-07-16,AFETR,,4736220,288135664,0 NAVSTAR 48 (USA 151),1 26407U 00040A   25142.39244089  .00000004  00000-0  00000-0 0  9990,2 26407  54.9451 230.6907 0133334 298.5884  47.0647  2.00565436182108
3.0,GENERATED VIA SPACE-TRACK.ORG API,2025-05-23 06:46:19+00:00,18 SPCS,NAVSTAR 48 (USA 151),2000-040A,EARTH,TEME,UTC,SGP4,2025-05-22 22:47:20.309568+00:00,2.00565439,0.01333290,54.9449,230.6686,298.5899,89.3226,0,U,26407,999,18211,0.00000000000000,0.00000007,0.0000000000000,26560.186,717.970,20536.175,19827.927,PAYLOAD,LARGE,US,2000-07-16,AFETR,,4736724,288168138,0 NAVSTAR 48 (USA 151),1 26407U 00040A   25142.94954062  .00000007  00000-0  00000+0 0  9992,2 26407  54.9449 230.6686 0133329 298.5899  89.3226  2.00565439182115
3.0,GENERATED VIA SPACE-TRACK.ORG API,2025-05-23 17:34:23+00:00,18 SPCS,NAVSTAR 48 (USA 151),2000-040A,EARTH,TEME,UTC,SGP4,2025-05-23 11:40:41.871072+00:00,2.00565442,0.01333250,54.9447,230.6472,298.5916,117.1068,0,U,26407,999,18213,0.00000000000000,0.00000011,0.0000000000000,26560.186,717.970,20536.164,19827.937,PAYLOAD,LARGE,US,2000-07-16,AFETR,,4737198,288187312,0 NAVSTAR 48 (USA 151),1 26407U 00040A   25143.48659573  .00000011  00000-0  00000-0 0  9997,2 26407  54.9447 230.6472 0133325 298.5916 117.1068  2.00565442182132
3.0,GENERATED VIA SPACE-TRACK.ORG API,2025-05-24 21:39:02+00:00,18 SPCS,NAVSTAR 48 (USA 151),2000-040A,EARTH,TEME,UTC,SGP4,2025-05-24 09:39:39.885408+00:00,2.00565454,0.01333140,54.9445,230.6108,298.5945,58.4741,0,U,26407,999,18214,0.00000000000000,0.00000018,0.0000000000000,26560.184,717.970,20536.134,19827.965,PAYLOAD,LARGE,US,2000-07-16,AFETR,,4738111,288269137,0 NAVSTAR 48 (USA 151),1 26407U 00040A   25144.40254497  .00000018  00000-0  00000-0 0  9993,2 26407  54.9445 230.6108 0133314 298.5945  58.4741  2.00565454182145
3.0,GENERATED VIA SPACE-TRACK.ORG API,2025-05-25 14:36:18+00:00,18 SPCS,NAVSTAR 48 (USA 151),2000-040A,EARTH,TEME,UTC,SGP4,2025-05-25 08:32:30.929856+00:00,2.00565466,0.01333040,54.9442,230.5729,298.5976,26.8602,0,U,26407,999,18216,0.00000000000000,0.00000024,0.0000000000000,26560.183,717.970,20536.106,19827.991,PAYLOAD,LARGE,US,2000-07-16,AFETR,,4738857,288340898,0 NAVSTAR 48 (USA 151),1 26407U 00040A   25145.35591354  .00000024  00000-0  00000+0 0  9990,2 26407  54.9442 230.5729 0133304 298.5976  26.8602  2.00565466182163
3.0,GENERATED VIA SPACE-TRACK.ORG API,2025-05-25 17:40:55+00:00,18 SPCS,NAVSTAR 48 (USA 151),2000-040A,EARTH,TEME,UTC,SGP4,2025-05-25 08:32:30.929856+00:00,2.00565466,0.01333040,54.9442,230.5729,298.5976,26.8602,0,U,26407,999,18216,0.00000000000000,0.00000024,0.0000000000000,26560.183,717.970,20536.106,19827.991,PAYLOAD,LARGE,US,2000-07-16,AFETR,,4739036,288352294,0 NAVSTAR 48 (USA 151),1 26407U 00040A   25145.35591354  .00000024  00000-0  00000-0 0  9991,2 26407  54.9442 230.5729 0133304 298.5976  26.8602  2.00565466182163
3.0,GENERATED VIA SPACE-TRACK.ORG API,2025-05-26 02:54:26+00:00,18 SPCS,NAVSTAR 48 (USA 151),2000-040A,EARTH,TEME,UTC,SGP4,2025-05-25 20:22:32.409408+00:00,2.00565473,0.01332990,54.9440,230.5533,298.5994,22.8865,0,U,26407,999,18217,0.00000000000000,0.00000027,0.0000000000000,26560.183,717.970,20536.092,19828.003,PAYLOAD,LARGE,US,2000-07-16,AFETR,,4739344,288388674,0 NAVSTAR 48 (USA 151),1 26407U 00040A   25145.84898622  .00000027  00000-0  00000-0 0  9996,2 26407  54.9440 230.5533 0133299 298.5994  22.8865  2.00565473182173
3.0,GENERATED VIA SPACE-TRACK.ORG API,2025-05-27 23:26:37+00:00,18 SPCS,NAVSTAR 48 (USA 151),2000-040A,EARTH,TEME,UTC,SGP4,2025-05-27 20:26:29.763168+00:00,2.00565516,0.01332820,54.9433,230.4737,298.6048,28.9846,0,U,26407,999,18221,0.00000000000000,0.00000025,0.0000000000000,26560.179,717.970,20536.043,19828.045,PAYLOAD,LARGE,US,2000-07-16,AFETR,,4740068,288519047,0 NAVSTAR 48 (USA 151),1 26407U 00040A   25147.85173337  .00000025  00000-0  00000+0 0  9995,2 26407  54.9433 230.4737 0133282 298.6048  28.9846  2.00565516182212
3.0,GENERATED VIA SPACE-TRACK.ORG API,2025-05-28 04:13:07+00:00,18 SPCS,NAVSTAR 48 (USA 151),2000-040A,EARTH,TEME,UTC,SGP4,2025-05-27 20:26:29.763168+00:00,2.00565516,0.01332820,54.9433,230.4737,298.6048,28.9846,0,U,26407,999,18221,0.00000000000000,0.00000025,0.0000000000000,26560.179,717.970,20536.043,19828.045,PAYLOAD,LARGE,US,2000-07-16,AFETR,,4740593,288537818,0 NAVSTAR 48 (USA 151),1 26407U 00040A   25147.85173337  .00000025  00000-0  00000-0 0  9996,2 26407  54.9433 230.4737 0133282 298.6048  28.9846  2.00565516182212
3.0,GENERATED VIA SPACE-TRACK.ORG API,2025-05-28 19:31:29+00:00,18 SPCS,NAVSTAR 48 (USA 151),2000-040A,EARTH,TEME,UTC,SGP4,2025-05-28 10:41:21.630336+00:00,2.00565532,0.01332790,54.9431,230.4501,298.6063,97.6384,0,U,26407,999,18223,0.00000000000000,0.00000021,0.0000000000000,26560.178,717.970,20536.034,19828.051,PAYLOAD,LARGE,US,2000-07-16,AFETR,,4741027,288578713,0 NAVSTAR 48 (USA 151),1 26407U 00040A   25148.44538924  .00000021  00000-0  00000-0 0  9995,2 26407  54.9431 230.4501 0133279 298.6063  97.6384  2.00565532182232
3.0,GENERATED VIA SPACE-TRACK.ORG API,2025-05-29 19:37:29+00:00,18 SPCS,NAVSTAR 48 (USA 151),2000-040A,EARTH,TEME,UTC,SGP4,2025-05-29 10:38:58.267680+00:00,2.00565563,0.01332730,54.9428,230.4104,298.6085,98.4983,0,U,26407,999,18225,0.00000000000000,0.00000010,0.0000000000000,26560.175,717.970,20536.015,19828.064,PAYLOAD,LARGE,US,2000-07-16,AFETR,,4741775,288657343,0 NAVSTAR 48 (USA 151),1 26407U 00040A   25149.44372995  .00000010  00000-0  00000-0 0  9998,2 26407  54.9428 230.4104 0133273 298.6085  98.4983  2.00565563182255
3.0,GENERATED VIA SPACE-TRACK.ORG API,2025-05-30 14:56:50+00:00,18 SPCS,NAVSTAR 48 (USA 151),2000-040A,EARTH,TEME,UTC,SGP4,2025-05-30 09:35:21.689376+00:00,2.00565594,0.01332690,54.9425,230.3724,298.6105,68.6607,0,U,26407,999,18226,0.00000000000000,-0.00000003,0.0000000000000,26560.172,717.970,20536.002,19828.072,PAYLOAD,LARGE,US,2000-07-16,AFETR,,4742807,288734073,0 NAVSTAR 48 (USA 151),1 26407U 00040A   25150.39955659 -.00000003  00000-0  00000+0 0  9990,2 26407  54.9425 230.3724 0133269 298.6105  68.6607  2.00565594182264
3.0,GENERATED VIA SPACE-TRACK.ORG API,2025-05-30 19:07:09+00:00,18 SPCS,NAVSTAR 48 (USA 151),2000-040A,EARTH,TEME,UTC,SGP4,2025-05-30 09:35:21.689376+00:00,2.00565594,0.01332690,54.9425,230.3724,298.6105,68.6607,0,U,26407,999,18227,0.00000000000000,-0.00000003,0.0000000000000,26560.172,717.970,20536.002,19828.072,PAYLOAD,LARGE,US,2000-07-16,AFETR,,4743029,288746083,0 NAVSTAR 48 (USA 151),1 26407U 00040A   25150.39955659 -.00000003  00000-0  00000-0 0  9991,2 26407  54.9425 230.3724 0133269 298.6105  68.6607  2.00565594182275
3.0,GENERATED VIA SPACE-TRACK.ORG API,2025-05-31 03:10:21+00:00,18 SPCS,NAVSTAR 48 (USA 151),2000-040A,EARTH,TEME,UTC,SGP4,2025-05-30 22:18:58.875840+00:00,2.00565612,0.01332680,54.9423,230.3513,298.6117,91.5620,0,U,26407,999,18228,0.00000000000000,-0.00000009,0.0000000000000,26560.171,717.970,20535.998,19828.073,PAYLOAD,LARGE,US,2000-07-16,AFETR,,4743322,288781326,0 NAVSTAR 48 (USA 151),1 26407U 00040A   25150.92984810 -.00000009  00000-0  00000-0 0  9997,2 26407  54.9423 230.3513 0133268 298.6117  91.5620  2.00565612182283
3.0,GENERATED VIA SPACE-TRACK.ORG API,2025-05-31 17:22:36+00:00,18 SPCS,NAVSTAR 48 (USA 151),2000-040A,EARTH,TEME,UTC,SGP4,2025-05-31 09:30:41.313600+00:00,2.00565629,0.01332650,54.9422,230.3327,298.6132,68.3752,0,U,26407,999,18229,0.00000000000000,-0.00000015,0.0000000000000,26560.169,717.969,20535.988,19828.080,PAYLOAD,LARGE,US,2000-07-16,AFETR,,4743962,288826988,0 NAVSTAR 48 (USA 151),1 26407U 00040A   25151.39631150 -.00000015  00000-0  00000-0 0  9992,2 26407  54.9422 230.3327 0133265 298.6132  68.3752  2.00565629182296
3.0,GENERATED VIA SPACE-TRACK.ORG API,2025-06-01 17:42:04+00:00,18 SPCS,NAVSTAR 48 (USA 151),2000-040A,EARTH,TEME,UTC,SGP4,2025-06-01 14:57:28.579680+00:00,2.00565671,0.01332600,54.9418,230.2839,298.6177,234.2926,0,U,26407,999,18231,0.00000000000000,-0.00000026,0.0000000000000,26560.165,717.969,20535.971,19828.090,PAYLOAD,LARGE,US,2000-07-16,AFETR,,4744985,288912327,0 NAVSTAR 48 (USA 151),1 26407U 00040A   25152.62324745 -.00000026  00000-0  00000-0 0  9990,2 26407  54.9418 230.2839 0133260 298.6177 234.2926  2.00565671182319
3.0,GENERATED VIA SPACE-TRACK.ORG API,2025-06-01 22:56:22+00:00,18 SPCS,NAVSTAR 48 (USA 151),2000-040A,EARTH,TEME,UTC,SGP4,2025-06-01 14:57:28.579680+00:00,2.00565671,0.01332600,54.9418,230.2839,298.6177,234.2926,0,U,26407,999,18230,0.00000000000000,-0.00000026,0.0000000000000,26560.165,717.969,20535.971,19828.090,PAYLOAD,LARGE,US,2000-07-16,AFETR,,4745184,288939674,0 NAVSTAR 48 (USA 151),1 26407U 00040A   25152.62324745 -.00000026  00000-0  00000+0 0  9999,2 26407  54.9418 230.2839 0133260 298.6177 234.2926  2.00565671182308
3.0,GENERATED VIA SPACE-TRACK.ORG API,2025-06-02 02:51:20+00:00,18 SPCS,NAVSTAR 48 (USA 151),2000-040A,EARTH,TEME,UTC,SGP4,2025-06-01 21:00:51.763104+00:00,2.00565681,0.01332610,54.9417,230.2739,298.6181,56.5054,0,U,26407,999,18231,0.00000000000000,-0.00000027,0.0000000000000,26560.164,717.969,20535.973,19828.086,PAYLOAD,LARGE,US,2000-07-16,AFETR,,4745409,288952592,0 NAVSTAR 48 (USA 151),1 26407U 00040A   25152.87559911 -.00000027  00000-0  00000-0 0  9993,2 26407  54.9417 230.2739 0133261 298.6181  56.5054  2.00565681182311
3.0,GENERATED VIA SPACE-TRACK.ORG API,2025-06-03 20:24:54+00:00,18 SPCS,NAVSTAR 48 (USA 151),2000-040A,EARTH,TEME,UTC,SGP4,2025-06-03 09:18:01.378080+00:00,2.00565734,0.01332490,54.9413,230.2137,298.6268,68.1923,0,U,26407,999,18235,0.00000000000000,-0.00000026,0.0000000000000,26560.160,717.969,20535.936,19828.113,PAYLOAD,LARGE,US,2000-07-16,AFETR,,4747294,289026006,0 NAVSTAR 48 (USA 151),1 26407U 00040A   25154.38751595 -.00000026  00000-0  00000-0 0  9992,2 26407  54.9413 230.2137 0133249 298.6268  68.1923  2.00565734182358
3.0,GENERATED VIA SPACE-TRACK.ORG API,2025-06-04 06:46:39+00:00,18 SPCS,NAVSTAR 48 (USA 151),2000-040A,EARTH,TEME,UTC,SGP4,2025-06-03 20:59:21.571008+00:00,2.00565751,0.01332450,54.9411,230.1944,298.6298,59.8611,0,U,26407,999,18235,0.00000000000000,-0.00000023,0.0000000000000,26560.158,717.969,20535.924,19828.122,PAYLOAD,LARGE,US,2000-07-16,AFETR,,4747808,289061613,0 NAVSTAR 48 (USA 151),1 26407U 00040A   25154.87455522 -.00000023  00000-0  00000+0 0  9993,2 26407  54.9411 230.1944 0133245 298.6298  59.8611  2.00565751182350
3.0,GENERATED VIA SPACE-TRACK.ORG API,2025-06-04 17:45:46+00:00,18 SPCS,NAVSTAR 48 (USA 151),2000-040A,EARTH,TEME,UTC,SGP4,2025-06-04 09:13:23.902752+00:00,2.00565769,0.01332380,54.9410,230.1741,298.6335,67.9273,0,U,26407,999,18237,0.00000000000000,-0.00000019,0.0000000000000,26560.157,717.969,20535.904,19828.139,PAYLOAD,LARGE,US,2000-07-16,AFETR,,4748405,289083323,0 NAVSTAR 48 (USA 151),1 26407U 00040A   25155.38430443 -.00000019  00000-0  00000-0 0  9991,2 26407  54.9410 230.1741 0133238 298.6335  67.9273  2.00565769182373
3.0,GENERATED VIA SPACE-TRACK.ORG API,2025-06-05 03:46:26+00:00,18 SPCS,NAVSTAR 48 (USA 151),2000-040A,EARTH,TEME,UTC,SGP4,2025-06-04 20:58:32.552832+00:00,2.00565785,0.01332340,54.9408,230.1546,298.6362,61.5058,0,U,26407,999,18238,0.00000000000000,-0.00000013,0.0000000000000,26560.155,717.969,20535.892,19828.149,PAYLOAD,LARGE,US,2000-07-16,AFETR,,4748683,289149353,0 NAVSTAR 48 (USA 151),1 26407U 00040A   25155.87398788 -.00000013  00000-0  00000-0 0  9994,2 26407  54.9408 230.1546 0133234 298.6362  61.5058  2.00565785182389
3.0,GENERATED VIA SPACE-TRACK.ORG API,2025-06-05 18:09:31+00:00,18 SPCS,NAVSTAR 48 (USA 151),2000-040A,EARTH,TEME,UTC,SGP4,2025-06-05 08:11:32.008416+00:00,2.00565800,0.01332300,54.9407,230.1360,298.6385,38.9620,0,U,26407,999,18238,0.00000000000000,-0.00000007,0.0000000000000,26560.154,717.969,20535.880,19828.158,PAYLOAD,LARGE,US,2000-07-16,AFETR,,4749058,289188681,0 NAVSTAR 48 (USA 151),1 26407U 00040A   25156.34134269 -.00000007  00000-0  00000-0 0  9992,2 26407  54.9407 230.1360 0133230 298.6385  38.9620  2.00565800182384
3.0,GENERATED VIA SPACE-TRACK.ORG API,2025-06-06 02:38:26+00:00,18 SPCS,NAVSTAR 48 (USA 151),2000-040A,EARTH,TEME,UTC,SGP4,2025-06-05 20:57:50.575392+00:00,2.00565816,0.01332230,54.9406,230.1149,298.6419,63.2101,0,U,26407,999,18240,0.00000000000000,0.00000000,0.0000000000000,26560.153,717.969,20535.860,19828.175,PAYLOAD,LARGE,US,2000-07-16,AFETR,,4749655,289233317,0 NAVSTAR 48 (USA 151),1 26407U 00040A   25156.87350203  .00000000  00000-0  00000-0 0  9990,2 26407  54.9406 230.1149 0133223 298.6419  63.2101  2.00565816182403
3.0,GENERATED VIA SPACE-TRACK.ORG API,2025-06-06 19:12:26+00:00,18 SPCS,NAVSTAR 48 (USA 151),2000-040A,EARTH,TEME,UTC,SGP4,2025-06-06 14:37:28.646976+00:00,2.00565833,0.01332130,54.9404,230.0856,298.6439,234.5417,0,U,26407,999,18241,0.00000000000000,0.00000011,0.0000000000000,26560.151,717.969,20535.832,19828.200,PAYLOAD,LARGE,US,2000-07-16,AFETR,,4750170,289274899,0 NAVSTAR 48 (USA 151),1 26407U 00040A   25157.60935934  .00000011  00000-0  00000-0 0  9994,2 26407  54.9404 230.0856 0133213 298.6439 234.5417  2.00565833182419
3.0,GENERATED VIA SPACE-TRACK.ORG API,2025-06-07 03:37:01+00:00,18 SPCS,NAVSTAR 48 (USA 151),2000-040A,EARTH,TEME,UTC,SGP4,2025-06-06 21:41:12.769728+00:00,2.00565841,0.01332130,54.9403,230.0739,298.6460,87.0138,0,U,26407,999,18242,0.00000000000000,0.00000015,0.0000000000000,26560.150,717.969,20535.831,19828.200,PAYLOAD,LARGE,US,2000-07-16,AFETR,,4750555,289314304,0 NAVSTAR 48 (USA 151),1 26407U 00040A   25157.90362002  .00000015  00000-0  00000-0 0  9991,2 26407  54.9403 230.0739 0133213 298.6460  87.0138  2.00565841182423
3.0,GENERATED VIA SPACE-TRACK.ORG API,2025-06-07 14:36:20+00:00,18 SPCS,NAVSTAR 48 (USA 151),2000-040A,EARTH,TEME,UTC,SGP4,2025-06-07 09:03:04.851072+00:00,2.00565851,0.01332090,54.9402,230.0551,298.6477,68.9219,0,U,26407,999,18242,0.00000000000000,0.00000022,0.0000000000000,26560.149,717.969,20535.820,19828.209,PAYLOAD,LARGE,US,2000-07-16,AFETR,,4750951,289347536,0 NAVSTAR 48 (USA 151),1 26407U 00040A   25158.37713948  .00000022  00000-0  00000+0 0  9999,2 26407  54.9402 230.0551 0133209 298.6477  68.9219  2.00565851182426
3.0,GENERATED VIA SPACE-TRACK.ORG API,2025-06-07 18:31:59+00:00,18 SPCS,NAVSTAR 48 (USA 151),2000-040A,EARTH,TEME,UTC,SGP4,2025-06-07 14:32:28.851072+00:00,2.00565852,0.01332050,54.9401,230.0460,298.6471,234.0939,0,U,26407,999,18243,0.00000000000000,0.00000025,0.0000000000000,26560.149,717.969,20535.809,19828.220,PAYLOAD,LARGE,US,2000-07-16,AFETR,,4751106,289358097,0 NAVSTAR 48 (USA 151),1 26407U 00040A   25158.60588948  .00000025  00000-0  00000-0 0  9999,2 26407  54.9401 230.0460 0133205 298.6471 234.0939  2.00565852182431
3.0,GENERATED VIA SPACE-TRACK.ORG API,2025-06-08 17:55:41+00:00,18 SPCS,NAVSTAR 48 (USA 151),2000-040A,EARTH,TEME,UTC,SGP4,2025-06-08 14:28:28.716096+00:00,2.00565864,0.01331990,54.9398,230.0064,298.6498,234.1453,0,U,26407,999,18245,0.00000000000000,0.00000037,0.0000000000000,26560.148,717.969,20535.792,19828.235,PAYLOAD,LARGE,US,2000-07-16,AFETR,,4752121,289473194,0 NAVSTAR 48 (USA 151),1 26407U 00040A   25159.60311014  .00000037  00000-0  00000-0 0  9991,2 26407  54.9398 230.0064 0133199 298.6498 234.1453  2.00565864182454
3.0,GENERATED VIA SPACE-TRACK.ORG API,2025-06-10 03:42:05+00:00,18 SPCS,NAVSTAR 48 (USA 151),2000-040A,EARTH,TEME,UTC,SGP4,2025-06-09 14:24:28.899072+00:00,2.00565870,0.01331910,54.9396,229.9667,298.6536,234.1983,0,U,26407,999,18247,0.00000000000000,0.00000046,0.0000000000000,26560.148,717.969,20535.770,19828.255,PAYLOAD,LARGE,US,2000-07-16,AFETR,,4752400,289569339,0 NAVSTAR 48 (USA 151),1 26407U 00040A   25160.60033448  .00000046  00000-0  00000-0 0  9995,2 26407  54.9396 229.9667 0133191 298.6536 234.1983  2.00565870182470
3.0,GENERATED VIA SPACE-TRACK.ORG API,2025-06-10 18:46:27+00:00,18 SPCS,NAVSTAR 48 (USA 151),2000-040A,EARTH,TEME,UTC,SGP4,2025-06-10 14:20:31.539264+00:00,2.00565869,0.01331800,54.9393,229.9271,298.6589,234.2702,0,U,26407,999,18249,0.00000000000000,0.00000051,0.0000000000000,26560.148,717.969,20535.741,19828.285,PAYLOAD,LARGE,US,2000-07-16,AFETR,,4752668,289605649,0 NAVSTAR 48 (USA 151),1 26407U 00040A   25161.59758726  .00000051  00000-0  00000-0 0  9993,2 26407  54.9393 229.9271 0133180 298.6589 234.2702  2.00565869182494
3.0,GENERATED VIA SPACE-TRACK.ORG API,2025-06-11 02:10:05+00:00,18 SPCS,NAVSTAR 48 (USA 151),2000-040A,EARTH,TEME,UTC,SGP4,2025-06-10 21:11:14.337312+00:00,2.00565869,0.01331770,54.9392,229.9157,298.6620,80.2116,0,U,26407,999,18250,0.00000000000000,0.00000051,0.0000000000000,26560.148,717.969,20535.733,19828.293,PAYLOAD,LARGE,US,2000-07-16,AFETR,,4752982,289642889,0 NAVSTAR 48 (USA 151),1 26407U 00040A   25161.88280483  .00000051  00000-0  00000-0 0  9995,2 26407  54.9392 229.9157 0133177 298.6620  80.2116  2.00565869182508
3.0,GENERATED VIA SPACE-TRACK.ORG API,2025-06-11 19:05:57+00:00,18 SPCS,NAVSTAR 48 (USA 151),2000-040A,EARTH,TEME,UTC,SGP4,2025-06-11 14:16:28.680960+00:00,2.00565862,0.01331670,54.9391,229.8874,298.6653,234.2952,0,U,26407,999,18251,0.00000000000000,0.00000052,0.0000000000000,26560.148,717.969,20535.707,19828.320,PAYLOAD,LARGE,US,2000-07-16,AFETR,,4753611,289687879,0 NAVSTAR 48 (USA 151),1 26407U 00040A   25162.59477640  .00000052  00000-0  00000-0 0  9998,2 26407  54.9391 229.8874 0133167 298.6653 234.2952  2.00565862182510
3.0,GENERATED VIA SPACE-TRACK.ORG API,2025-06-11 23:06:22+00:00,18 SPCS,NAVSTAR 48 (USA 151),2000-040A,EARTH,TEME,UTC,SGP4,2025-06-11 21:27:15.060384+00:00,2.00565861,0.01331630,54.9390,229.8755,298.6682,90.2954,0,U,26407,999,18251,0.00000000000000,0.00000052,0.0000000000000,26560.149,717.969,20535.696,19828.331,PAYLOAD,LARGE,US,2000-07-16,AFETR,,4753762,289714601,0 NAVSTAR 48 (USA 151),1 26407U 00040A   25162.89392431  .00000052  00000-0  00000+0 0  9994,2 26407  54.9390 229.8755 0133163 298.6682  90.2954  2.00565861182516
3.0,GENERATED VIA SPACE-TRACK.ORG API,2025-06-12 02:20:09+00:00,18 SPCS,NAVSTAR 48 (USA 151),2000-040A,EARTH,TEME,UTC,SGP4,2025-06-11 21:27:15.060384+00:00,2.00565861,0.01331630,54.9390,229.8755,298.6682,90.2954,0,U,26407,999,18252,0.00000000000000,0.00000052,0.0000000000000,26560.149,717.969,20535.696,19828.331,PAYLOAD,LARGE,US,2000-07-16,AFETR,,4753905,289725327,0 NAVSTAR 48 (USA 151),1 26407U 00040A   25162.89392431  .00000052  00000-0  00000-0 0  9995,2 26407  54.9390 229.8755 0133163 298.6682  90.2954  2.00565861182527
3.0,GENERATED VIA SPACE-TRACK.ORG API,2025-06-13 02:45:52+00:00,18 SPCS,NAVSTAR 48 (USA 151),2000-040A,EARTH,TEME,UTC,SGP4,2025-06-12 14:12:33.200352+00:00,2.00565853,0.01331470,54.9388,229.8477,298.6725,234.3810,0,U,26407,999,18253,0.00000000000000,0.00000051,0.0000000000000,26560.149,717.969,20535.655,19828.374,PAYLOAD,LARGE,US,2000-07-16,AFETR,,4754891,289778827,0 NAVSTAR 48 (USA 151),1 26407U 00040A   25163.59205093  .00000051  00000-0  00000-0 0  9999,2 26407  54.9388 229.8477 0133147 298.6725 234.3810  2.00565853182539
3.0,GENERATED VIA SPACE-TRACK.ORG API,2025-06-13 17:30:48+00:00,18 SPCS,NAVSTAR 48 (USA 151),2000-040A,EARTH,TEME,UTC,SGP4,2025-06-13 14:08:32.554752+00:00,2.00565844,0.01331310,54.9386,229.8081,298.6779,234.4256,0,U,26407,999,18255,0.00000000000000,0.00000048,0.0000000000000,26560.150,717.969,20535.613,19828.417,PAYLOAD,LARGE,US,2000-07-16,AFETR,,4755476,289822820,0 NAVSTAR 48 (USA 151),1 26407U 00040A   25164.58926568  .00000048  00000-0  00000-0 0  9992,2 26407  54.9386 229.8081 0133131 298.6779 234.4256  2.00565844182557
3.0,GENERATED VIA SPACE-TRACK.ORG API,2025-06-14 14:56:31+00:00,18 SPCS,NAVSTAR 48 (USA 151),2000-040A,EARTH,TEME,UTC,SGP4,2025-06-14 08:58:28.701120+00:00,2.00565839,0.01331200,54.9384,229.7769,298.6818,81.0069,0,U,26407,999,18256,0.00000000000000,0.00000045,0.0000000000000,26560.151,717.969,20535.584,19828.447,PAYLOAD,LARGE,US,2000-07-16,AFETR,,4756493,289899684,0 NAVSTAR 48 (USA 151),1 26407U 00040A   25165.37394330  .00000045  00000-0  00000+0 0  9992,2 26407  54.9384 229.7769 0133120 298.6818  81.0069  2.00565839182562
3.0,GENERATED VIA SPACE-TRACK.ORG API,2025-06-14 17:19:46+00:00,18 SPCS,NAVSTAR 48 (USA 151),2000-040A,EARTH,TEME,UTC,SGP4,2025-06-14 08:58:28.701120+00:00,2.00565839,0.01331200,54.9384,229.7769,298.6818,81.0069,0,U,26407,999,18257,0.00000000000000,0.00000045,0.0000000000000,26560.151,717.969,20535.584,19828.447,PAYLOAD,LARGE,US,2000-07-16,AFETR,,4756652,289911867,0 NAVSTAR 48 (USA 151),1 26407U 00040A   25165.37394330  .00000045  00000-0  00000-0 0  9993,2 26407  54.9384 229.7769 0133120 298.6818  81.0069  2.00565839182573
3.0,GENERATED VIA SPACE-TRACK.ORG API,2025-06-15 02:25:53+00:00,18 SPCS,NAVSTAR 48 (USA 151),2000-040A,EARTH,TEME,UTC,SGP4,2025-06-14 21:07:27.189120+00:00,2.00565834,0.01331130,54.9382,229.7568,298.6838,86.5358,0,U,26407,999,18258,0.00000000000000,0.00000043,0.0000000000000,26560.151,717.969,20535.566,19828.466,PAYLOAD,LARGE,US,2000-07-16,AFETR,,4756978,289949518,0 NAVSTAR 48 (USA 151),1 26407U 00040A   25165.88017580  .00000043  00000-0  00000-0 0  9996,2 26407  54.9382 229.7568 0133113 298.6838  86.5358  2.00565834182589
3.0,GENERATED VIA SPACE-TRACK.ORG API,2025-06-15 17:31:50+00:00,18 SPCS,NAVSTAR 48 (USA 151),2000-040A,EARTH,TEME,UTC,SGP4,2025-06-15 14:00:31.515840+00:00,2.00565829,0.01331050,54.9381,229.7288,298.6864,234.5192,0,U,26407,999,18259,0.00000000000000,0.00000040,0.0000000000000,26560.151,717.969,20535.545,19828.487,PAYLOAD,LARGE,US,2000-07-16,AFETR,,4757502,289991767,0 NAVSTAR 48 (USA 151),1 26407U 00040A   25166.58369810  .00000040  00000-0  00000-0 0  9997,2 26407  54.9381 229.7288 0133105 298.6864 234.5192  2.00565829182593
3.0,GENERATED VIA SPACE-TRACK.ORG API,2025-06-16 02:46:35+00:00,18 SPCS,NAVSTAR 48 (USA 151),2000-040A,EARTH,TEME,UTC,SGP4,2025-06-15 20:50:23.045856+00:00,2.00565828,0.01331020,54.9380,229.7174,298.6869,80.0348,0,U,26407,999,18260,0.00000000000000,0.00000039,0.0000000000000,26560.151,717.969,20535.537,19828.496,PAYLOAD,LARGE,US,2000-07-16,AFETR,,4757784,290029109,0 NAVSTAR 48 (USA 151),1 26407U 00040A   25166.86832229  .00000039  00000-0  00000-0 0  9995,2 26407  54.9380 229.7174 0133102 298.6869  80.0348  2.00565828182606
3.0,GENERATED VIA SPACE-TRACK.ORG API,2025-06-16 17:43:13+00:00,18 SPCS,NAVSTAR 48 (USA 151),2000-040A,EARTH,TEME,UTC,SGP4,2025-06-16 08:31:03.944064+00:00,2.00565825,0.01330950,54.9378,229.6981,298.6887,71.3768,0,U,26407,999,18261,0.00000000000000,0.00000038,0.0000000000000,26560.152,717.969,20535.519,19828.514,PAYLOAD,LARGE,US,2000-07-16,AFETR,,4758401,290073784,0 NAVSTAR 48 (USA 151),1 26407U 00040A   25167.35490676  .00000038  00000-0  00000-0 0  9995,2 26407  54.9378 229.6981 0133095 298.6887  71.3768  2.00565825182616
3.0,GENERATED VIA SPACE-TRACK.ORG API,2025-06-16 22:36:18+00:00,18 SPCS,NAVSTAR 48 (USA 151),2000-040A,EARTH,TEME,UTC,SGP4,2025-06-16 19:13:29.893152+00:00,2.00565822,0.01330900,54.9377,229.6803,298.6904,33.5109,0,U,26407,999,18261,0.00000000000000,0.00000037,0.0000000000000,26560.152,717.969,20535.506,19828.528,PAYLOAD,LARGE,US,2000-07-16,AFETR,,4758550,290100668,0 NAVSTAR 48 (USA 151),1 26407U 00040A   25167.80104043  .00000037  00000-0  00000+0 0  9993,2 26407  54.9377 229.6803 0133090 298.6904  33.5109  2.00565822182619
3.0,GENERATED VIA SPACE-TRACK.ORG API,2025-06-17 02:20:21+00:00,18 SPCS,NAVSTAR 48 (USA 151),2000-040A,EARTH,TEME,UTC,SGP4,2025-06-16 19:13:29.893152+00:00,2.00565822,0.01330900,54.9377,229.6803,298.6904,33.5109,0,U,26407,999,18261,0.00000000000000,0.00000037,0.0000000000000,26560.152,717.969,20535.506,19828.528,PAYLOAD,LARGE,US,2000-07-16,AFETR,,4758702,290111128,0 NAVSTAR 48 (USA 151),1 26407U 00040A   25167.80104043  .00000037  00000-0  00000-0 0  9994,2 26407  54.9377 229.6803 0133090 298.6904  33.5109  2.00565822182619
3.0,GENERATED VIA SPACE-TRACK.ORG API,2025-06-18 03:19:13+00:00,18 SPCS,NAVSTAR 48 (USA 151),2000-040A,EARTH,TEME,UTC,SGP4,2025-06-17 08:26:04.178400+00:00,2.00565820,0.01330860,54.9376,229.6585,298.6926,70.9289,0,U,26407,999,18263,0.00000000000000,0.00000037,0.0000000000000,26560.152,717.969,20535.496,19828.539,PAYLOAD,LARGE,US,2000-07-16,AFETR,,4759714,290164452,0 NAVSTAR 48 (USA 151),1 26407U 00040A   25168.35143725  .00000037  00000-0  00000-0 0  9995,2 26407  54.9376 229.6585 0133086 298.6926  70.9289  2.00565820182638
3.0,GENERATED VIA SPACE-TRACK.ORG API,2025-06-18 17:28:52+00:00,18 SPCS,NAVSTAR 48 (USA 151),2000-040A,EARTH,TEME,UTC,SGP4,2025-06-18 09:27:13.018752+00:00,2.00565818,0.01330760,54.9374,229.6170,298.6978,103.6460,0,U,26407,999,18265,0.00000000000000,0.00000040,0.0000000000000,26560.152,717.969,20535.469,19828.565,PAYLOAD,LARGE,US,2000-07-16,AFETR,,4760389,290210717,0 NAVSTAR 48 (USA 151),1 26407U 00040A   25169.39390068  .00000040  00000-0  00000-0 0  9998,2 26407  54.9374 229.6170 0133076 298.6978 103.6460  2.00565818182656
3.0,GENERATED VIA SPACE-TRACK.ORG API,2025-06-18 22:36:19+00:00,18 SPCS,NAVSTAR 48 (USA 151),2000-040A,EARTH,TEME,UTC,SGP4,2025-06-18 19:44:35.379744+00:00,2.00565819,0.01330700,54.9373,229.5999,298.7003,53.2136,0,U,26407,999,18265,0.00000000000000,0.00000042,0.0000000000000,26560.152,717.969,20535.453,19828.581,PAYLOAD,LARGE,US,2000-07-16,AFETR,,4760515,290237380,0 NAVSTAR 48 (USA 151),1 26407U 00040A   25169.82263171  .00000042  00000-0  00000+0 0  9991,2 26407  54.9373 229.5999 0133070 298.7003  53.2136  2.00565819182658
3.0,GENERATED VIA SPACE-TRACK.ORG API,2025-06-19 03:46:26+00:00,18 SPCS,NAVSTAR 48 (USA 151),2000-040A,EARTH,TEME,UTC,SGP4,2025-06-18 19:44:35.379744+00:00,2.00565819,0.01330700,54.9373,229.5999,298.7003,53.2136,0,U,26407,999,18265,0.00000000000000,0.00000042,0.0000000000000,26560.152,717.969,20535.453,19828.581,PAYLOAD,LARGE,US,2000-07-16,AFETR,,4760674,290247657,0 NAVSTAR 48 (USA 151),1 26407U 00040A   25169.82263171  .00000042  00000-0  00000-0 0  9992,2 26407  54.9373 229.5999 0133070 298.7003  53.2136  2.00565819182658
3.0,GENERATED VIA SPACE-TRACK.ORG API,2025-06-19 19:02:27+00:00,18 SPCS,NAVSTAR 48 (USA 151),2000-040A,EARTH,TEME,UTC,SGP4,2025-06-19 08:12:30.206592+00:00,2.00565820,0.01330650,54.9372,229.5793,298.7036,68.2377,0,U,26407,999,18267,0.00000000000000,0.00000046,0.0000000000000,26560.152,717.969,20535.440,19828.595,PAYLOAD,LARGE,US,2000-07-16,AFETR,,4761309,290293603,0 NAVSTAR 48 (USA 151),1 26407U 00040A   25170.34201628  .00000046  00000-0  00000-0 0  9994,2 26407  54.9372 229.5793 0133065 298.7036  68.2377  2.00565820182676
3.0,GENERATED VIA SPACE-TRACK.ORG API,2025-06-20 18:02:43+00:00,18 SPCS,NAVSTAR 48 (USA 151),2000-040A,EARTH,TEME,UTC,SGP4,2025-06-20 08:57:59.292288+00:00,2.00565826,0.01330530,54.9369,229.5382,298.7109,93.0992,0,U,26407,999,18269,0.00000000000000,0.00000053,0.0000000000000,26560.152,717.969,20535.407,19828.626,PAYLOAD,LARGE,US,2000-07-16,AFETR,,4762228,290375645,0 NAVSTAR 48 (USA 151),1 26407U 00040A   25171.37360292  .00000053  00000-0  00000-0 0  9999,2 26407  54.9369 229.5382 0133053 298.7109  93.0992  2.00565826182691
3.0,GENERATED VIA SPACE-TRACK.ORG API,2025-06-21 14:46:33+00:00,18 SPCS,NAVSTAR 48 (USA 151),2000-040A,EARTH,TEME,UTC,SGP4,2025-06-21 08:02:37.403232+00:00,2.00565837,0.01330390,54.9367,229.4999,298.7183,67.3914,0,U,26407,999,18270,0.00000000000000,0.00000061,0.0000000000000,26560.151,717.969,20535.369,19828.662,PAYLOAD,LARGE,US,2000-07-16,AFETR,,4762918,290445568,0 NAVSTAR 48 (USA 151),1 26407U 00040A   25172.33515513  .00000061  00000-0  00000+0 0  9992,2 26407  54.9367 229.4999 0133039 298.7183  67.3914  2.00565837182700
3.0,GENERATED VIA SPACE-TRACK.ORG API,2025-06-21 18:30:53+00:00,18 SPCS,NAVSTAR 48 (USA 151),2000-040A,EARTH,TEME,UTC,SGP4,2025-06-21 08:02:37.403232+00:00,2.00565837,0.01330390,54.9367,229.4999,298.7183,67.3914,0,U,26407,999,18271,0.00000000000000,0.00000061,0.0000000000000,26560.151,717.969,20535.369,19828.662,PAYLOAD,LARGE,US,2000-07-16,AFETR,,4763117,290457397,0 NAVSTAR 48 (USA 151),1 26407U 00040A   25172.33515513  .00000061  00000-0  00000-0 0  9993,2 26407  54.9367 229.4999 0133039 298.7183  67.3914  2.00565837182711
3.0,GENERATED VIA SPACE-TRACK.ORG API,2025-06-22 17:23:19+00:00,18 SPCS,NAVSTAR 48 (USA 151),2000-040A,EARTH,TEME,UTC,SGP4,2025-06-22 13:31:35.071968+00:00,2.00565855,0.01330230,54.9364,229.4511,298.7292,234.3932,0,U,26407,999,18273,0.00000000000000,0.00000067,0.0000000000000,26560.149,717.969,20535.325,19828.703,PAYLOAD,LARGE,US,2000-07-16,AFETR,,4764029,290539354,0 NAVSTAR 48 (USA 151),1 26407U 00040A   25173.56360037  .00000067  00000-0  00000-0 0  9994,2 26407  54.9364 229.4511 0133023 298.7292 234.3932  2.00565855182730
3.0,GENERATED VIA SPACE-TRACK.ORG API,2025-06-23 14:56:18+00:00,18 SPCS,NAVSTAR 48 (USA 151),2000-040A,EARTH,TEME,UTC,SGP4,2025-06-23 13:27:33.195168+00:00,2.00565873,0.01330130,54.9362,229.4114,298.7358,234.4264,0,U,26407,999,18274,0.00000000000000,0.00000066,0.0000000000000,26560.147,717.969,20535.297,19828.728,PAYLOAD,LARGE,US,2000-07-16,AFETR,,4764499,290604134,0 NAVSTAR 48 (USA 151),1 26407U 00040A   25174.56080087  .00000066  00000-0  00000+0 0  9997,2 26407  54.9362 229.4114 0133013 298.7358 234.4264  2.00565873182749
3.0,GENERATED VIA SPACE-TRACK.ORG API,2025-06-23 18:58:09+00:00,18 SPCS,NAVSTAR 48 (USA 151),2000-040A,EARTH,TEME,UTC,SGP4,2025-06-23 13:27:33.195168+00:00,2.00565873,0.01330130,54.9362,229.4114,298.7358,234.4264,0,U,26407,999,18275,0.00000000000000,0.00000066,0.0000000000000,26560.147,717.969,20535.297,19828.728,PAYLOAD,LARGE,US,2000-07-16,AFETR,,4764764,290617175,0 NAVSTAR 48 (USA 151),1 26407U 00040A   25174.56080087  .00000066  00000-0  00000-0 0  9998,2 26407  54.9362 229.4114 0133013 298.7358 234.4264  2.00565873182750
3.0,GENERATED VIA SPACE-TRACK.ORG API,2025-06-24 17:32:58+00:00,18 SPCS,NAVSTAR 48 (USA 151),2000-040A,EARTH,TEME,UTC,SGP4,2025-06-24 13:22:33.820032+00:00,2.00565897,0.01330000,54.9359,229.3717,298.7428,233.9790,0,U,26407,999,18277,0.00000000000000,0.00000061,0.0000000000000,26560.145,717.969,20535.260,19828.760,PAYLOAD,LARGE,US,2000-07-16,AFETR,,4765702,290700007,0 NAVSTAR 48 (USA 151),1 26407U 00040A   25175.55733588  .00000061  00000-0  00000-0 0  9994,2 26407  54.9359 229.3717 0133000 298.7428 233.9790  2.00565897182774
3.0,GENERATED VIA SPACE-TRACK.ORG API,2025-06-25 02:12:46+00:00,18 SPCS,NAVSTAR 48 (USA 151),2000-040A,EARTH,TEME,UTC,SGP4,2025-06-24 20:22:10.900992+00:00,2.00565905,0.01329970,54.9358,229.3601,298.7439,84.3877,0,U,26407,999,18278,0.00000000000000,0.00000058,0.0000000000000,26560.145,717.968,20535.252,19828.768,PAYLOAD,LARGE,US,2000-07-16,AFETR,,4766019,290736757,0 NAVSTAR 48 (USA 151),1 26407U 00040A   25175.84873728  .00000058  00000-0  00000-0 0  9993,2 26407  54.9358 229.3601 0132997 298.7439  84.3877  2.00565905182786
3.0,GENERATED VIA SPACE-TRACK.ORG API,2025-06-25 18:19:50+00:00,18 SPCS,NAVSTAR 48 (USA 151),2000-040A,EARTH,TEME,UTC,SGP4,2025-06-25 07:47:47.847840+00:00,2.00565918,0.01329900,54.9357,229.3412,298.7473,68.1737,0,U,26407,999,18279,0.00000000000000,0.00000053,0.0000000000000,26560.144,717.968,20535.232,19828.785,PAYLOAD,LARGE,US,2000-07-16,AFETR,,4766636,290781246,0 NAVSTAR 48 (USA 151),1 26407U 00040A   25176.32485935  .00000053  00000-0  00000-0 0  9991,2 26407  54.9357 229.3412 0132990 298.7473  68.1737  2.00565918182796
3.0,GENERATED VIA SPACE-TRACK.ORG API,2025-06-26 14:46:31+00:00,18 SPCS,NAVSTAR 48 (USA 151),2000-040A,EARTH,TEME,UTC,SGP4,2025-06-26 13:14:31.991424+00:00,2.00565954,0.01329800,54.9354,229.2923,298.7555,234.0626,0,U,26407,999,18280,0.00000000000000,0.00000037,0.0000000000000,26560.140,717.968,20535.202,19828.809,PAYLOAD,LARGE,US,2000-07-16,AFETR,,4767298,290851864,0 NAVSTAR 48 (USA 151),1 26407U 00040A   25177.55175916  .00000037  00000-0  00000+0 0  9993,2 26407  54.9354 229.2923 0132980 298.7555 234.0626  2.00565954182802
3.0,GENERATED VIA SPACE-TRACK.ORG API,2025-06-26 18:53:44+00:00,18 SPCS,NAVSTAR 48 (USA 151),2000-040A,EARTH,TEME,UTC,SGP4,2025-06-26 13:14:31.991424+00:00,2.00565954,0.01329800,54.9354,229.2923,298.7555,234.0626,0,U,26407,999,18281,0.00000000000000,0.00000037,0.0000000000000,26560.140,717.968,20535.202,19828.809,PAYLOAD,LARGE,US,2000-07-16,AFETR,,4767540,290863615,0 NAVSTAR 48 (USA 151),1 26407U 00040A   25177.55175916  .00000037  00000-0  00000-0 0  9994,2 26407  54.9354 229.2923 0132980 298.7555 234.0626  2.00565954182813
3.0,GENERATED VIA SPACE-TRACK.ORG API,2025-06-27 17:57:15+00:00,18 SPCS,NAVSTAR 48 (USA 151),2000-040A,EARTH,TEME,UTC,SGP4,2025-06-27 13:10:33.085056+00:00,2.00565987,0.01329740,54.9352,229.2527,298.7621,234.1211,0,U,26407,999,18283,0.00000000000000,0.00000024,0.0000000000000,26560.137,717.968,20535.183,19828.822,PAYLOAD,LARGE,US,2000-07-16,AFETR,,4768597,290946737,0 NAVSTAR 48 (USA 151),1 26407U 00040A   25178.54899404  .00000024  00000-0  00000-0 0  9995,2 26407  54.9352 229.2527 0132974 298.7621 234.1211  2.00565987182837
3.0,GENERATED VIA SPACE-TRACK.ORG API,2025-06-28 03:31:03+00:00,18 SPCS,NAVSTAR 48 (USA 151),2000-040A,EARTH,TEME,UTC,SGP4,2025-06-27 20:19:08.692896+00:00,2.00565997,0.01329730,54.9351,229.2408,298.7636,89.0300,0,U,26407,999,18284,0.00000000000000,0.00000021,0.0000000000000,26560.137,717.968,20535.180,19828.823,PAYLOAD,LARGE,US,2000-07-16,AFETR,,4768957,290985018,0 NAVSTAR 48 (USA 151),1 26407U 00040A   25178.84662839  .00000021  00000-0  00000-0 0  9995,2 26407  54.9351 229.2408 0132973 298.7636  89.0300  2.00565997182847
3.0,GENERATED VIA SPACE-TRACK.ORG API,2025-06-28 17:41:05+00:00,18 SPCS,NAVSTAR 48 (USA 151),2000-040A,EARTH,TEME,UTC,SGP4,2025-06-28 13:07:08.489856+00:00,2.00566022,0.01329650,54.9349,229.2129,298.7699,234.4652,0,U,26407,999,18285,0.00000000000000,0.00000014,0.0000000000000,26560.134,717.968,20535.156,19828.843,PAYLOAD,LARGE,US,2000-07-16,AFETR,,4769613,291030653,0 NAVSTAR 48 (USA 151),1 26407U 00040A   25179.54662604  .00000014  00000-0  00000-0 0  9995,2 26407  54.9349 229.2129 0132965 298.7699 234.4652  2.00566022182851
3.0,GENERATED VIA SPACE-TRACK.ORG API,2025-06-28 22:46:30+00:00,18 SPCS,NAVSTAR 48 (USA 151),2000-040A,EARTH,TEME,UTC,SGP4,2025-06-28 18:02:50.466336+00:00,2.00566029,0.01329660,54.9349,229.2048,298.7706,22.7376,0,U,26407,999,18285,0.00000000000000,0.00000013,0.0000000000000,26560.134,717.968,20535.158,19828.839,PAYLOAD,LARGE,US,2000-07-16,AFETR,,4769749,291058351,0 NAVSTAR 48 (USA 151),1 26407U 00040A   25179.75197299  .00000013  00000-0  00000+0 0  9999,2 26407  54.9349 229.2048 0132966 298.7706  22.7376  2.00566029182859
3.0,GENERATED VIA SPACE-TRACK.ORG API,2025-06-29 02:41:35+00:00,18 SPCS,NAVSTAR 48 (USA 151),2000-040A,EARTH,TEME,UTC,SGP4,2025-06-28 18:02:50.466336+00:00,2.00566029,0.01329660,54.9349,229.2048,298.7706,22.7376,0,U,26407,999,18285,0.00000000000000,0.00000013,0.0000000000000,26560.134,717.968,20535.158,19828.839,PAYLOAD,LARGE,US,2000-07-16,AFETR,,4769919,291068490,0 NAVSTAR 48 (USA 151),1 26407U 00040A   25179.75197299  .00000013  00000-0  00000-0 0  9990,2 26407  54.9349 229.2048 0132966 298.7706  22.7376  2.00566029182859
3.0,GENERATED VIA SPACE-TRACK.ORG API,2025-06-29 17:39:57+00:00,18 SPCS,NAVSTAR 48 (USA 151),2000-040A,EARTH,TEME,UTC,SGP4,2025-06-29 11:01:55.565760+00:00,2.00566053,0.01329480,54.9348,229.1766,298.7793,173.7306,0,U,26407,999,18287,0.00000000000000,0.00000009,0.0000000000000,26560.132,717.968,20535.108,19828.885,PAYLOAD,LARGE,US,2000-07-16,AFETR,,4770557,291114545,0 NAVSTAR 48 (USA 151),1 26407U 00040A   25180.45967090  .00000009  00000-0  00000-0 0  9998,2 26407  54.9348 229.1766 0132948 298.7793 173.7306  2.00566053182879
3.0,GENERATED VIA SPACE-TRACK.ORG API,2025-06-30 03:44:42+00:00,18 SPCS,NAVSTAR 48 (USA 151),2000-040A,EARTH,TEME,UTC,SGP4,2025-06-29 19:44:23.034048+00:00,2.00566067,0.01329470,54.9347,229.1622,298.7821,75.7047,0,U,26407,999,18288,0.00000000000000,0.00000009,0.0000000000000,26560.130,717.968,20535.104,19828.886,PAYLOAD,LARGE,US,2000-07-16,AFETR,,4770867,291152747,0 NAVSTAR 48 (USA 151),1 26407U 00040A   25180.82248882  .00000009  00000-0  00000-0 0  9990,2 26407  54.9347 229.1622 0132947 298.7821  75.7047  2.00566067182889
3.0,GENERATED VIA SPACE-TRACK.ORG API,2025-06-30 17:29:02+00:00,18 SPCS,NAVSTAR 48 (USA 151),2000-040A,EARTH,TEME,UTC,SGP4,2025-06-30 12:57:29.447424+00:00,2.00566092,0.01329320,54.9345,229.1336,298.7899,233.7296,0,U,26407,999,18289,0.00000000000000,0.00000010,0.0000000000000,26560.128,717.968,20535.062,19828.924,PAYLOAD,LARGE,US,2000-07-16,AFETR,,4771466,291197638,0 NAVSTAR 48 (USA 151),1 26407U 00040A   25181.53992416  .00000010  00000-0  00000-0 0  9990,2 26407  54.9345 229.1336 0132932 298.7899 233.7296  2.00566092182899
3.0,GENERATED VIA SPACE-TRACK.ORG API,2025-07-01 14:46:55+00:00,18 SPCS,NAVSTAR 48 (USA 151),2000-040A,EARTH,TEME,UTC,SGP4,2025-07-01 12:54:04.279392+00:00,2.00566128,0.01328980,54.9344,229.0939,298.8022,234.0648,0,U,26407,999,18290,0.00000000000000,0.00000017,0.0000000000000,26560.125,717.968,20534.969,19829.011,PAYLOAD,LARGE,US,2000-07-16,AFETR,,4772255,291300660,0 NAVSTAR 48 (USA 151),1 26407U 00040A   25182.53754953  .00000017  00000-0  00000+0 0  9999,2 26407  54.9344 229.0939 0132898 298.8022 234.0648  2.00566128182903
3.0,GENERATED VIA SPACE-TRACK.ORG API,2025-07-01 18:11:59+00:00,18 SPCS,NAVSTAR 48 (USA 151),2000-040A,EARTH,TEME,UTC,SGP4,2025-07-01 12:54:04.279392+00:00,2.00566128,0.01328980,54.9344,229.0939,298.8022,234.0648,0,U,26407,999,18291,0.00000000000000,0.00000017,0.0000000000000,26560.125,717.968,20534.969,19829.011,PAYLOAD,LARGE,US,2000-07-16,AFETR,,4772413,291310568,0 NAVSTAR 48 (USA 151),1 26407U 00040A   25182.53754953  .00000017  00000-0  00000-0 0  9990,2 26407  54.9344 229.0939 0132898 298.8022 234.0648  2.00566128182914
3.0,GENERATED VIA SPACE-TRACK.ORG API,2025-07-02 17:47:34+00:00,18 SPCS,NAVSTAR 48 (USA 151),2000-040A,EARTH,TEME,UTC,SGP4,2025-07-02 10:13:13.502208+00:00,2.00566158,0.01328800,54.9342,229.0586,298.8131,155.4625,0,U,26407,999,18293,0.00000000000000,0.00000027,0.0000000000000,26560.122,717.968,20534.918,19829.056,PAYLOAD,LARGE,US,2000-07-16,AFETR,,4773459,291426200,0 NAVSTAR 48 (USA 151),1 26407U 00040A   25183.42585072  .00000027  00000-0  00000-0 0  9994,2 26407  54.9342 229.0586 0132880 298.8131 155.4625  2.00566158182938
3.0,GENERATED VIA SPACE-TRACK.ORG API,2025-07-03 03:40:39+00:00,18 SPCS,NAVSTAR 48 (USA 151),2000-040A,EARTH,TEME,UTC,SGP4,2025-07-02 17:47:29.032800+00:00,2.00566169,0.01328800,54.9341,229.0460,298.8153,23.2402,0,U,26407,999,18293,0.00000000000000,0.00000031,0.0000000000000,26560.121,717.968,20534.917,19829.055,PAYLOAD,LARGE,US,2000-07-16,AFETR,,4773777,291493858,0 NAVSTAR 48 (USA 151),1 26407U 00040A   25183.74130825  .00000031  00000-0  00000-0 0  9996,2 26407  54.9341 229.0460 0132880 298.8153  23.2402  2.00566169182939
3.0,GENERATED VIA SPACE-TRACK.ORG API,2025-07-03 17:26:04+00:00,18 SPCS,NAVSTAR 48 (USA 151),2000-040A,EARTH,TEME,UTC,SGP4,2025-07-03 12:45:29.180736+00:00,2.00566188,0.01328690,54.9339,229.0146,298.8223,233.8639,0,U,26407,999,18295,0.00000000000000,0.00000042,0.0000000000000,26560.120,717.967,20534.886,19829.083,PAYLOAD,LARGE,US,2000-07-16,AFETR,,4774471,291540687,0 NAVSTAR 48 (USA 151),1 26407U 00040A   25184.53158774  .00000042  00000-0  00000-0 0  9999,2 26407  54.9339 229.0146 0132869 298.8223 233.8639  2.00566188182956
3.0,GENERATED VIA SPACE-TRACK.ORG API,2025-07-03 22:26:18+00:00,18 SPCS,NAVSTAR 48 (USA 151),2000-040A,EARTH,TEME,UTC,SGP4,2025-07-03 18:51:28.332576+00:00,2.00566195,0.01328680,54.9339,229.0045,298.8255,57.3778,0,U,26407,999,18295,0.00000000000000,0.00000045,0.0000000000000,26560.119,717.967,20534.883,19829.085,PAYLOAD,LARGE,US,2000-07-16,AFETR,,4774509,291595946,0 NAVSTAR 48 (USA 151),1 26407U 00040A   25184.78574459  .00000045  00000-0  00000+0 0  9990,2 26407  54.9339 229.0045 0132868 298.8255  57.3778  2.00566195182959
3.0,GENERATED VIA SPACE-TRACK.ORG API,2025-07-04 03:20:15+00:00,18 SPCS,NAVSTAR 48 (USA 151),2000-040A,EARTH,TEME,UTC,SGP4,2025-07-03 18:51:28.332576+00:00,2.00566195,0.01328680,54.9339,229.0045,298.8255,57.3778,0,U,26407,999,18295,0.00000000000000,0.00000045,0.0000000000000,26560.119,717.967,20534.883,19829.085,PAYLOAD,LARGE,US,2000-07-16,AFETR,,4774767,291608444,0 NAVSTAR 48 (USA 151),1 26407U 00040A   25184.78574459  .00000045  00000-0  00000-0 0  9991,2 26407  54.9339 229.0045 0132868 298.8255  57.3778  2.00566195182959
3.0,GENERATED VIA SPACE-TRACK.ORG API,2025-07-04 18:39:55+00:00,18 SPCS,NAVSTAR 48 (USA 151),2000-040A,EARTH,TEME,UTC,SGP4,2025-07-04 12:41:28.500576+00:00,2.00566210,0.01328570,54.9337,228.9749,298.8301,233.9068,0,U,26407,999,18297,0.00000000000000,0.00000056,0.0000000000000,26560.118,717.967,20534.853,19829.113,PAYLOAD,LARGE,US,2000-07-16,AFETR,,4775522,291658195,0 NAVSTAR 48 (USA 151),1 26407U 00040A   25185.52880209  .00000056  00000-0  00000-0 0  9999,2 26407  54.9337 228.9749 0132857 298.8301 233.9068  2.00566210182970
3.0,GENERATED VIA SPACE-TRACK.ORG API,2025-07-05 04:36:57+00:00,18 SPCS,NAVSTAR 48 (USA 151),2000-040A,EARTH,TEME,UTC,SGP4,2025-07-04 18:50:26.103840+00:00,2.00566213,0.01328610,54.9337,228.9648,298.8328,58.9124,0,U,26407,999,18297,0.00000000000000,0.00000059,0.0000000000000,26560.117,717.967,20534.863,19829.102,PAYLOAD,LARGE,US,2000-07-16,AFETR,,4775734,291692990,0 NAVSTAR 48 (USA 151),1 26407U 00040A   25185.78502435  .00000059  00000-0  00000-0 0  9992,2 26407  54.9337 228.9648 0132861 298.8328  58.9124  2.00566213182973
3.0,GENERATED VIA SPACE-TRACK.ORG API,2025-07-05 17:45:45+00:00,18 SPCS,NAVSTAR 48 (USA 151),2000-040A,EARTH,TEME,UTC,SGP4,2025-07-05 12:37:30.574848+00:00,2.00566220,0.01328590,54.9335,228.9353,298.8357,233.9747,0,U,26407,999,18299,0.00000000000000,0.00000068,0.0000000000000,26560.117,717.967,20534.857,19829.107,PAYLOAD,LARGE,US,2000-07-16,AFETR,,4776382,291739518,0 NAVSTAR 48 (USA 151),1 26407U 00040A   25186.52604832  .00000068  00000-0  00000-0 0  9999,2 26407  54.9335 228.9353 0132859 298.8357 233.9747  2.00566220182999
3.0,GENERATED VIA SPACE-TRACK.ORG API,2025-07-05 22:46:27+00:00,18 SPCS,NAVSTAR 48 (USA 151),2000-040A,EARTH,TEME,UTC,SGP4,2025-07-05 19:15:13.999968+00:00,2.00566224,0.01328560,54.9335,228.9243,298.8395,73.4024,0,U,26407,999,18299,0.00000000000000,0.00000071,0.0000000000000,26560.117,717.967,20534.849,19829.114,PAYLOAD,LARGE,US,2000-07-16,AFETR,,4776507,291766538,0 NAVSTAR 48 (USA 151),1 26407U 00040A   25186.80224537  .00000071  00000-0  00000+0 0  9993,2 26407  54.9335 228.9243 0132856 298.8395  73.4024  2.00566224182995
3.0,GENERATED VIA SPACE-TRACK.ORG API,2025-07-06 04:10:31+00:00,18 SPCS,NAVSTAR 48 (USA 151),2000-040A,EARTH,TEME,UTC,SGP4,2025-07-05 19:15:13.999968+00:00,2.00566224,0.01328560,54.9335,228.9243,298.8395,73.4024,0,U,26407,999,18300,0.00000000000000,0.00000071,0.0000000000000,26560.117,717.967,20534.849,19829.114,PAYLOAD,LARGE,US,2000-07-16,AFETR,,4776705,291777421,0 NAVSTAR 48 (USA 151),1 26407U 00040A   25186.80224537  .00000071  00000-0  00000-0 0  9994,2 26407  54.9335 228.9243 0132856 298.8395  73.4024  2.00566224183008
3.0,GENERATED VIA SPACE-TRACK.ORG API,2025-07-07 05:18:27+00:00,18 SPCS,NAVSTAR 48 (USA 151),2000-040A,EARTH,TEME,UTC,SGP4,2025-07-06 19:37:12.243648+00:00,2.00566227,0.01328450,54.9332,228.8839,298.8478,86.4732,0,U,26407,999,18302,0.00000000000000,0.00000079,0.0000000000000,26560.116,717.967,20534.819,19829.143,PAYLOAD,LARGE,US,2000-07-16,AFETR,,4777611,291860363,0 NAVSTAR 48 (USA 151),1 26407U 00040A   25187.81750282  .00000079  00000-0  00000-0 0  9995,2 26407  54.9332 228.8839 0132845 298.8478  86.4732  2.00566227183020
3.0,GENERATED VIA SPACE-TRACK.ORG API,2025-07-08 02:27:36+00:00,18 SPCS,NAVSTAR 48 (USA 151),2000-040A,EARTH,TEME,UTC,SGP4,2025-07-07 18:47:53.651904+00:00,2.00566227,0.01328320,54.9330,228.8455,298.8568,63.8009,0,U,26407,999,18304,0.00000000000000,0.00000084,0.0000000000000,26560.116,717.967,20534.785,19829.178,PAYLOAD,LARGE,US,2000-07-16,AFETR,,4778497,291942124,0 NAVSTAR 48 (USA 151),1 26407U 00040A   25188.78325986  .00000084  00000-0  00000-0 0  9997,2 26407  54.9330 228.8455 0132832 298.8568  63.8009  2.00566227183046
3.0,GENERATED VIA SPACE-TRACK.ORG API,2025-07-08 14:36:35+00:00,18 SPCS,NAVSTAR 48 (USA 151),2000-040A,EARTH,TEME,UTC,SGP4,2025-07-08 12:24:28.495872+00:00,2.00566220,0.01328220,54.9329,228.8163,298.8628,233.5984,0,U,26407,999,18304,0.00000000000000,0.00000085,0.0000000000000,26560.117,717.967,20534.759,19829.205,PAYLOAD,LARGE,US,2000-07-16,AFETR,,4778989,291978734,0 NAVSTAR 48 (USA 151),1 26407U 00040A   25189.51699648  .00000085  00000-0  00000+0 0  9998,2 26407  54.9329 228.8163 0132822 298.8628 233.5984  2.00566220183047
3.0,GENERATED VIA SPACE-TRACK.ORG API,2025-07-08 17:26:03+00:00,18 SPCS,NAVSTAR 48 (USA 151),2000-040A,EARTH,TEME,UTC,SGP4,2025-07-08 12:24:28.495872+00:00,2.00566220,0.01328220,54.9329,228.8163,298.8628,233.5984,0,U,26407,999,18305,0.00000000000000,0.00000085,0.0000000000000,26560.117,717.967,20534.759,19829.205,PAYLOAD,LARGE,US,2000-07-16,AFETR,,4779207,291989060,0 NAVSTAR 48 (USA 151),1 26407U 00040A   25189.51699648  .00000085  00000-0  00000-0 0  9999,2 26407  54.9329 228.8163 0132822 298.8628 233.5984  2.00566220183058
3.0,GENERATED VIA SPACE-TRACK.ORG API,2025-07-09 02:22:42+00:00,18 SPCS,NAVSTAR 48 (USA 151),2000-040A,EARTH,TEME,UTC,SGP4,2025-07-08 17:41:29.933664+00:00,2.00566219,0.01328200,54.9329,228.8075,298.8660,32.5611,0,U,26407,999,18305,0.00000000000000,0.00000085,0.0000000000000,26560.117,717.967,20534.753,19829.210,PAYLOAD,LARGE,US,2000-07-16,AFETR,,4779531,292026656,0 NAVSTAR 48 (USA 151),1 26407U 00040A   25189.73715201  .00000085  00000-0  00000-0 0  9997,2 26407  54.9329 228.8075 0132820 298.8660  32.5611  2.00566219183056
3.0,GENERATED VIA SPACE-TRACK.ORG API,2025-07-10 19:44:45+00:00,18 SPCS,NAVSTAR 48 (USA 151),2000-040A,EARTH,TEME,UTC,SGP4,2025-07-10 08:50:34.158624+00:00,2.00566200,0.01327890,54.9325,228.7426,298.8838,130.4427,0,U,26407,999,18309,0.00000000000000,0.00000082,0.0000000000000,26560.119,717.967,20534.673,19829.294,PAYLOAD,LARGE,US,2000-07-16,AFETR,,4781076,292155612,0 NAVSTAR 48 (USA 151),1 26407U 00040A   25191.36845091  .00000082  00000-0  00000-0 0  9997,2 26407  54.9325 228.7426 0132789 298.8838 130.4427  2.00566200183099
3.0,GENERATED VIA SPACE-TRACK.ORG API,2025-07-11 14:46:34+00:00,18 SPCS,NAVSTAR 48 (USA 151),2000-040A,EARTH,TEME,UTC,SGP4,2025-07-11 12:12:29.039616+00:00,2.00566188,0.01327490,54.9323,228.6972,298.8963,233.7390,0,U,26407,999,18310,0.00000000000000,0.00000077,0.0000000000000,26560.120,717.967,20534.568,19829.402,PAYLOAD,LARGE,US,2000-07-16,AFETR,,4781793,292225857,0 NAVSTAR 48 (USA 151),1 26407U 00040A   25192.50866944  .00000077  00000-0  00000+0 0  9997,2 26407  54.9323 228.6972 0132749 298.8963 233.7390  2.00566188183100
3.0,GENERATED VIA SPACE-TRACK.ORG API,2025-07-11 18:37:52+00:00,18 SPCS,NAVSTAR 48 (USA 151),2000-040A,EARTH,TEME,UTC,SGP4,2025-07-11 12:12:29.039616+00:00,2.00566188,0.01327490,54.9323,228.6972,298.8963,233.7390,0,U,26407,999,18311,0.00000000000000,0.00000077,0.0000000000000,26560.120,717.967,20534.568,19829.402,PAYLOAD,LARGE,US,2000-07-16,AFETR,,4781982,292237518,0 NAVSTAR 48 (USA 151),1 26407U 00040A   25192.50866944  .00000077  00000-0  00000-0 0  9998,2 26407  54.9323 228.6972 0132749 298.8963 233.7390  2.00566188183111
3.0,GENERATED VIA SPACE-TRACK.ORG API,2025-07-12 17:51:30+00:00,18 SPCS,NAVSTAR 48 (USA 151),2000-040A,EARTH,TEME,UTC,SGP4,2025-07-12 12:09:28.614816+00:00,2.00566175,0.01327310,54.9321,228.6575,298.9052,234.2845,0,U,26407,999,18313,0.00000000000000,0.00000072,0.0000000000000,26560.121,717.968,20534.521,19829.451,PAYLOAD,LARGE,US,2000-07-16,AFETR,,4782975,292322133,0 NAVSTAR 48 (USA 151),1 26407U 00040A   25193.50658119  .00000072  00000-0  00000-0 0  9997,2 26407  54.9321 228.6575 0132731 298.9052 234.2845  2.00566175183138
3.0,GENERATED VIA SPACE-TRACK.ORG API,2025-07-13 19:20:00+00:00,18 SPCS,NAVSTAR 48 (USA 151),2000-040A,EARTH,TEME,UTC,SGP4,2025-07-13 12:04:28.934688+00:00,2.00566167,0.01327100,54.9319,228.6178,298.9139,233.8338,0,U,26407,999,18315,0.00000000000000,0.00000069,0.0000000000000,26560.122,717.968,20534.466,19829.507,PAYLOAD,LARGE,US,2000-07-16,AFETR,,4783979,292437587,0 NAVSTAR 48 (USA 151),1 26407U 00040A   25194.50311267  .00000069  00000-0  00000-0 0  9994,2 26407  54.9319 228.6178 0132710 298.9139 233.8338  2.00566167183152
3.0,GENERATED VIA SPACE-TRACK.ORG API,2025-07-14 14:46:19+00:00,18 SPCS,NAVSTAR 48 (USA 151),2000-040A,EARTH,TEME,UTC,SGP4,2025-07-14 12:00:28.664064+00:00,2.00566158,0.01326960,54.9318,228.5781,298.9225,233.8794,0,U,26407,999,18316,0.00000000000000,0.00000068,0.0000000000000,26560.122,717.968,20534.430,19829.545,PAYLOAD,LARGE,US,2000-07-16,AFETR,,4784814,292542463,0 NAVSTAR 48 (USA 151),1 26407U 00040A   25195.50033176  .00000068  00000-0  00000+0 0  9993,2 26407  54.9318 228.5781 0132696 298.9225 233.8794  2.00566158183166
3.0,GENERATED VIA SPACE-TRACK.ORG API,2025-07-14 18:08:03+00:00,18 SPCS,NAVSTAR 48 (USA 151),2000-040A,EARTH,TEME,UTC,SGP4,2025-07-14 12:00:28.664064+00:00,2.00566158,0.01326960,54.9318,228.5781,298.9225,233.8794,0,U,26407,999,18317,0.00000000000000,0.00000068,0.0000000000000,26560.122,717.968,20534.430,19829.545,PAYLOAD,LARGE,US,2000-07-16,AFETR,,4784987,292553128,0 NAVSTAR 48 (USA 151),1 26407U 00040A   25195.50033176  .00000068  00000-0  00000-0 0  9994,2 26407  54.9318 228.5781 0132696 298.9225 233.8794  2.00566158183177
3.0,GENERATED VIA SPACE-TRACK.ORG API,2025-07-15 20:01:57+00:00,18 SPCS,NAVSTAR 48 (USA 151),2000-040A,EARTH,TEME,UTC,SGP4,2025-07-15 11:57:28.732608+00:00,2.00566152,0.01326810,54.9316,228.5384,298.9321,234.4285,0,U,26407,999,18319,0.00000000000000,0.00000069,0.0000000000000,26560.123,717.968,20534.390,19829.586,PAYLOAD,LARGE,US,2000-07-16,AFETR,,4785994,292638220,0 NAVSTAR 48 (USA 151),1 26407U 00040A   25196.49824922  .00000069  00000-0  00000-0 0  9991,2 26407  54.9316 228.5384 0132681 298.9321 234.4285  2.00566152183193
3.0,GENERATED VIA SPACE-TRACK.ORG API,2025-07-16 18:05:52+00:00,18 SPCS,NAVSTAR 48 (USA 151),2000-040A,EARTH,TEME,UTC,SGP4,2025-07-16 06:33:35.211744+00:00,2.00566149,0.01326710,54.9314,228.5076,298.9392,74.0738,0,U,26407,999,18321,0.00000000000000,0.00000073,0.0000000000000,26560.123,717.968,20534.364,19829.612,PAYLOAD,LARGE,US,2000-07-16,AFETR,,4786964,292722233,0 NAVSTAR 48 (USA 151),1 26407U 00040A   25197.27332421  .00000073  00000-0  00000-0 0  9991,2 26407  54.9314 228.5076 0132671 298.9392  74.0738  2.00566149183216
3.0,GENERATED VIA SPACE-TRACK.ORG API,2025-07-17 17:14:11+00:00,18 SPCS,NAVSTAR 48 (USA 151),2000-040A,EARTH,TEME,UTC,SGP4,2025-07-17 11:48:30.102048+00:00,2.00566153,0.01326470,54.9312,228.4591,298.9545,234.0294,0,U,26407,999,18323,0.00000000000000,0.00000081,0.0000000000000,26560.123,717.968,20534.300,19829.676,PAYLOAD,LARGE,US,2000-07-16,AFETR,,4787632,292799163,0 NAVSTAR 48 (USA 151),1 26407U 00040A   25198.49201507  .00000081  00000-0  00000-0 0  9995,2 26407  54.9312 228.4591 0132647 298.9545 234.0294  2.00566153183230
3.0,GENERATED VIA SPACE-TRACK.ORG API,2025-07-17 20:26:30+00:00,18 SPCS,NAVSTAR 48 (USA 151),2000-040A,EARTH,TEME,UTC,SGP4,2025-07-17 11:48:30.102048+00:00,2.00566153,0.01326470,54.9312,228.4591,298.9545,234.0294,0,U,26407,999,18322,0.00000000000000,0.00000081,0.0000000000000,26560.123,717.968,20534.300,19829.676,PAYLOAD,LARGE,US,2000-07-16,AFETR,,4787820,292826348,0 NAVSTAR 48 (USA 151),1 26407U 00040A   25198.49201507  .00000081  00000-0  00000+0 0  9994,2 26407  54.9312 228.4591 0132647 298.9545 234.0294  2.00566153183229
3.0,GENERATED VIA SPACE-TRACK.ORG API,2025-07-18 17:36:17+00:00,18 SPCS,NAVSTAR 48 (USA 151),2000-040A,EARTH,TEME,UTC,SGP4,2025-07-18 11:44:28.926816+00:00,2.00566159,0.01326240,54.9310,228.4194,298.9673,234.0634,0,U,26407,999,18325,0.00000000000000,0.00000087,0.0000000000000,26560.122,717.968,20534.238,19829.736,PAYLOAD,LARGE,US,2000-07-16,AFETR,,4788870,292888805,0 NAVSTAR 48 (USA 151),1 26407U 00040A   25199.48922369  .00000087  00000-0  00000-0 0  9997,2 26407  54.9310 228.4194 0132624 298.9673 234.0634  2.00566159183250
3.0,GENERATED VIA SPACE-TRACK.ORG API,2025-07-19 02:59:01+00:00,18 SPCS,NAVSTAR 48 (USA 151),2000-040A,EARTH,TEME,UTC,SGP4,2025-07-18 17:11:06.308736+00:00,2.00566159,0.01326200,54.9309,228.4104,298.9692,37.8408,0,U,26407,999,18325,0.00000000000000,0.00000089,0.0000000000000,26560.122,717.968,20534.228,19829.747,PAYLOAD,LARGE,US,2000-07-16,AFETR,,4789185,292925887,0 NAVSTAR 48 (USA 151),1 26407U 00040A   25199.71604524  .00000089  00000-0  00000-0 0  9995,2 26407  54.9309 228.4104 0132620 298.9692  37.8408  2.00566159183254
3.0,GENERATED VIA SPACE-TRACK.ORG API,2025-07-19 18:16:43+00:00,18 SPCS,NAVSTAR 48 (USA 151),2000-040A,EARTH,TEME,UTC,SGP4,2025-07-19 11:40:28.886016+00:00,2.00566171,0.01325940,54.9308,228.3798,298.9806,234.1066,0,U,26407,999,18327,0.00000000000000,0.00000092,0.0000000000000,26560.121,717.968,20534.157,19829.815,PAYLOAD,LARGE,US,2000-07-16,AFETR,,4789892,292973416,0 NAVSTAR 48 (USA 151),1 26407U 00040A   25200.48644544  .00000092  00000-0  00000-0 0  9992,2 26407  54.9308 228.3798 0132594 298.9806 234.1066  2.00566171183276
3.0,GENERATED VIA SPACE-TRACK.ORG API,2025-07-19 22:26:17+00:00,18 SPCS,NAVSTAR 48 (USA 151),2000-040A,EARTH,TEME,UTC,SGP4,2025-07-19 18:55:23.749248+00:00,2.00566173,0.01325870,54.9307,228.3678,298.9835,92.1838,0,U,26407,999,18327,0.00000000000000,0.00000093,0.0000000000000,26560.121,717.968,20534.139,19829.833,PAYLOAD,LARGE,US,2000-07-16,AFETR,,4789964,292998936,0 NAVSTAR 48 (USA 151),1 26407U 00040A   25200.78846932  .00000093  00000-0  00000+0 0  9990,2 26407  54.9307 228.3678 0132587 298.9835  92.1838  2.00566173183277
3.0,GENERATED VIA SPACE-TRACK.ORG API,2025-07-20 01:55:49+00:00,18 SPCS,NAVSTAR 48 (USA 151),2000-040A,EARTH,TEME,UTC,SGP4,2025-07-19 18:55:23.749248+00:00,2.00566173,0.01325870,54.9307,228.3678,298.9835,92.1838,0,U,26407,999,18328,0.00000000000000,0.00000093,0.0000000000000,26560.121,717.968,20534.139,19829.833,PAYLOAD,LARGE,US,2000-07-16,AFETR,,4790181,293010817,0 NAVSTAR 48 (USA 151),1 26407U 00040A   25200.78846932  .00000093  00000-0  00000-0 0  9991,2 26407  54.9307 228.3678 0132587 298.9835  92.1838  2.00566173183288
3.0,GENERATED VIA SPACE-TRACK.ORG API,2025-07-20 17:14:18+00:00,18 SPCS,NAVSTAR 48 (USA 151),2000-040A,EARTH,TEME,UTC,SGP4,2025-07-20 11:37:03.871776+00:00,2.00566185,0.01325710,54.9306,228.3401,298.9931,234.4432,0,U,26407,999,18329,0.00000000000000,0.00000093,0.0000000000000,26560.120,717.967,20534.095,19829.875,PAYLOAD,LARGE,US,2000-07-16,AFETR,,4790804,293056624,0 NAVSTAR 48 (USA 151),1 26407U 00040A   25201.48407259  .00000093  00000-0  00000-0 0  9994,2 26407  54.9306 228.3401 0132571 298.9931 234.4432  2.00566185183296
3.0,GENERATED VIA SPACE-TRACK.ORG API,2025-07-21 05:22:01+00:00,18 SPCS,NAVSTAR 48 (USA 151),2000-040A,EARTH,TEME,UTC,SGP4,2025-07-20 17:44:44.969568+00:00,2.00566189,0.01325650,54.9305,228.3299,298.9953,58.8101,0,U,26407,999,18329,0.00000000000000,0.00000092,0.0000000000000,26560.120,717.967,20534.079,19829.890,PAYLOAD,LARGE,US,2000-07-16,AFETR,,4791124,293094613,0 NAVSTAR 48 (USA 151),1 26407U 00040A   25201.73940937  .00000092  00000-0  00000-0 0  9996,2 26407  54.9305 228.3299 0132565 298.9953  58.8101  2.00566189183292
3.0,GENERATED VIA SPACE-TRACK.ORG API,2025-07-21 18:25:45+00:00,18 SPCS,NAVSTAR 48 (USA 151),2000-040A,EARTH,TEME,UTC,SGP4,2025-07-21 11:32:28.900320+00:00,2.00566204,0.01325510,54.9304,228.3004,299.0052,234.1956,0,U,26407,999,18331,0.00000000000000,0.00000088,0.0000000000000,26560.118,717.967,20534.040,19829.926,PAYLOAD,LARGE,US,2000-07-16,AFETR,,4791724,293139648,0 NAVSTAR 48 (USA 151),1 26407U 00040A   25202.48089005  .00000088  00000-0  00000-0 0  9994,2 26407  54.9304 228.3004 0132551 299.0052 234.1956  2.00566204183310
3.0,GENERATED VIA SPACE-TRACK.ORG API,2025-07-21 22:46:25+00:00,18 SPCS,NAVSTAR 48 (USA 151),2000-040A,EARTH,TEME,UTC,SGP4,2025-07-21 20:51:31.891104+00:00,2.00566212,0.01325440,54.9303,228.2850,299.0093,154.5172,0,U,26407,999,18331,0.00000000000000,0.00000085,0.0000000000000,26560.118,717.967,20534.021,19829.944,PAYLOAD,LARGE,US,2000-07-16,AFETR,,4791903,293168108,0 NAVSTAR 48 (USA 151),1 26407U 00040A   25202.86911911  .00000085  00000-0  00000+0 0  9992,2 26407  54.9303 228.2850 0132544 299.0093 154.5172  2.00566212183318
3.0,GENERATED VIA SPACE-TRACK.ORG API,2025-07-22 17:58:09+00:00,18 SPCS,NAVSTAR 48 (USA 151),2000-040A,EARTH,TEME,UTC,SGP4,2025-07-22 11:28:29.470368+00:00,2.00566228,0.01325310,54.9302,228.2607,299.0170,234.2455,0,U,26407,999,18333,0.00000000000000,0.00000078,0.0000000000000,26560.116,717.967,20533.985,19829.977,PAYLOAD,LARGE,US,2000-07-16,AFETR,,4792757,293225959,0 NAVSTAR 48 (USA 151),1 26407U 00040A   25203.47811887  .00000078  00000-0  00000-0 0  9994,2 26407  54.9302 228.2607 0132531 299.0170 234.2455  2.00566228183338
3.0,GENERATED VIA SPACE-TRACK.ORG API,2025-07-23 17:48:48+00:00,18 SPCS,NAVSTAR 48 (USA 151),2000-040A,EARTH,TEME,UTC,SGP4,2025-07-23 11:24:37.062144+00:00,2.00566255,0.01325100,54.9300,228.2211,299.0287,234.3541,0,U,26407,999,18335,0.00000000000000,0.00000065,0.0000000000000,26560.114,717.967,20533.927,19830.031,PAYLOAD,LARGE,US,2000-07-16,AFETR,,4793777,293280954,0 NAVSTAR 48 (USA 151),1 26407U 00040A   25204.47542896  .00000065  00000-0  00000-0 0  9992,2 26407  54.9300 228.2211 0132510 299.0287 234.3541  2.00566255183352
3.0,GENERATED VIA SPACE-TRACK.ORG API,2025-07-24 19:51:41+00:00,18 SPCS,NAVSTAR 48 (USA 151),2000-040A,EARTH,TEME,UTC,SGP4,2025-07-24 08:41:32.014176+00:00,2.00566281,0.01324950,54.9298,228.1858,299.0392,154.6307,0,U,26407,999,18337,0.00000000000000,0.00000052,0.0000000000000,26560.111,717.967,20533.885,19830.068,PAYLOAD,LARGE,US,2000-07-16,AFETR,,4794401,293355489,0 NAVSTAR 48 (USA 151),1 26407U 00040A   25205.36217609  .00000052  00000-0  00000-0 0  9998,2 26407  54.9298 228.1858 0132495 299.0392 154.6307  2.00566281183378
3.0,GENERATED VIA SPACE-TRACK.ORG API,2025-07-24 21:36:29+00:00,18 SPCS,NAVSTAR 48 (USA 151),2000-040A,EARTH,TEME,UTC,SGP4,2025-07-24 16:35:53.179008+00:00,2.00566293,0.01324870,54.9297,228.1727,299.0424,32.4834,0,U,26407,999,18337,0.00000000000000,0.00000047,0.0000000000000,26560.110,717.967,20533.862,19830.088,PAYLOAD,LARGE,US,2000-07-16,AFETR,,4794682,293385823,0 NAVSTAR 48 (USA 151),1 26407U 00040A   25205.69158772  .00000047  00000-0  00000+0 0  9992,2 26407  54.9297 228.1727 0132487 299.0424  32.4834  2.00566293183370
3.0,GENERATED VIA SPACE-TRACK.ORG API,2025-07-25 02:04:33+00:00,18 SPCS,NAVSTAR 48 (USA 151),2000-040A,EARTH,TEME,UTC,SGP4,2025-07-24 16:35:53.179008+00:00,2.00566293,0.01324870,54.9297,228.1727,299.0424,32.4834,0,U,26407,999,18337,0.00000000000000,0.00000047,0.0000000000000,26560.110,717.967,20533.862,19830.088,PAYLOAD,LARGE,US,2000-07-16,AFETR,,4794954,293399293,0 NAVSTAR 48 (USA 151),1 26407U 00040A   25205.69158772  .00000047  00000-0  00000-0 0  9993,2 26407  54.9297 228.1727 0132487 299.0424  32.4834  2.00566293183370
3.0,GENERATED VIA SPACE-TRACK.ORG API,2025-07-25 18:59:22+00:00,18 SPCS,NAVSTAR 48 (USA 151),2000-040A,EARTH,TEME,UTC,SGP4,2025-07-25 11:15:34.293024+00:00,2.00566318,0.01324760,54.9296,228.1418,299.0531,233.9192,0,U,26407,999,18339,0.00000000000000,0.00000037,0.0000000000000,26560.108,717.967,20533.831,19830.116,PAYLOAD,LARGE,US,2000-07-16,AFETR,,4795625,293445242,0 NAVSTAR 48 (USA 151),1 26407U 00040A   25206.46914691  .00000037  00000-0  00000-0 0  9998,2 26407  54.9296 228.1418 0132476 299.0531 233.9192  2.00566318183398
3.0,GENERATED VIA SPACE-TRACK.ORG API,2025-07-27 03:23:05+00:00,18 SPCS,NAVSTAR 48 (USA 151),2000-040A,EARTH,TEME,UTC,SGP4,2025-07-26 11:10:59.483136+00:00,2.00566354,0.01324560,54.9293,228.1022,299.0670,233.6715,0,U,26407,999,18341,0.00000000000000,0.00000029,0.0000000000000,26560.105,717.967,20533.775,19830.166,PAYLOAD,LARGE,US,2000-07-16,AFETR,,4796941,293537411,0 NAVSTAR 48 (USA 151),1 26407U 00040A   25207.46596624  .00000029  00000-0  00000-0 0  9992,2 26407  54.9293 228.1022 0132456 299.0670 233.6715  2.00566354183419
3.0,GENERATED VIA SPACE-TRACK.ORG API,2025-07-27 06:46:17+00:00,18 SPCS,NAVSTAR 48 (USA 151),2000-040A,EARTH,TEME,UTC,SGP4,2025-07-27 05:43:00.643296+00:00,2.00566380,0.01324390,54.9292,228.0714,299.0793,71.2620,0,U,26407,999,18342,0.00000000000000,0.00000026,0.0000000000000,26560.103,717.967,20533.727,19830.208,PAYLOAD,LARGE,US,2000-07-16,AFETR,,4797129,293564906,0 NAVSTAR 48 (USA 151),1 26407U 00040A   25208.23820189  .00000026  00000-0  00000+0 0  9990,2 26407  54.9292 228.0714 0132439 299.0793  71.2620  2.00566380183423
3.0,GENERATED VIA SPACE-TRACK.ORG API,2025-07-27 18:39:18+00:00,18 SPCS,NAVSTAR 48 (USA 151),2000-040A,EARTH,TEME,UTC,SGP4,2025-07-27 11:07:38.939232+00:00,2.00566388,0.01324310,54.9291,228.0625,299.0827,234.0428,0,U,26407,999,18343,0.00000000000000,0.00000026,0.0000000000000,26560.102,717.967,20533.705,19830.229,PAYLOAD,LARGE,US,2000-07-16,AFETR,,4797645,293585265,0 NAVSTAR 48 (USA 151),1 26407U 00040A   25208.46364513  .00000026  00000-0  00000-0 0  9990,2 26407  54.9291 228.0625 0132431 299.0827 234.0428  2.00566388183437
3.0,GENERATED VIA SPACE-TRACK.ORG API,2025-07-28 06:46:54+00:00,18 SPCS,NAVSTAR 48 (USA 151),2000-040A,EARTH,TEME,UTC,SGP4,2025-07-27 16:09:16.246080+00:00,2.00566396,0.01324280,54.9291,228.0541,299.0857,25.2828,0,U,26407,999,18343,0.00000000000000,0.00000027,0.0000000000000,26560.101,717.967,20533.696,19830.236,PAYLOAD,LARGE,US,2000-07-16,AFETR,,4798160,293628223,0 NAVSTAR 48 (USA 151),1 26407U 00040A   25208.67310470  .00000027  00000-0  00000-0 0  9997,2 26407  54.9291 228.0541 0132428 299.0857  25.2828  2.00566396183436
3.0,GENERATED VIA SPACE-TRACK.ORG API,2025-07-28 17:37:46+00:00,18 SPCS,NAVSTAR 48 (USA 151),2000-040A,EARTH,TEME,UTC,SGP4,2025-07-28 11:03:32.769216+00:00,2.00566423,0.01324050,54.9289,228.0228,299.0986,234.0326,0,U,26407,999,18345,0.00000000000000,0.00000030,0.0000000000000,26560.099,717.967,20533.633,19830.295,PAYLOAD,LARGE,US,2000-07-16,AFETR,,4798610,293670102,0 NAVSTAR 48 (USA 151),1 26407U 00040A   25209.46079594  .00000030  00000-0  00000-0 0  9998,2 26407  54.9289 228.0228 0132405 299.0986 234.0326  2.00566423183459
3.0,GENERATED VIA SPACE-TRACK.ORG API,2025-07-29 18:09:25+00:00,18 SPCS,NAVSTAR 48 (USA 151),2000-040A,EARTH,TEME,UTC,SGP4,2025-07-29 05:28:16.949280+00:00,2.00566451,0.01323890,54.9287,227.9923,299.1110,67.9711,0,U,26407,999,18347,0.00000000000000,0.00000036,0.0000000000000,26560.096,717.967,20533.588,19830.335,PAYLOAD,LARGE,US,2000-07-16,AFETR,,4799578,293724055,0 NAVSTAR 48 (USA 151),1 26407U 00040A   25210.22797395  .00000036  00000-0  00000-0 0  9996,2 26407  54.9287 227.9923 0132389 299.1110  67.9711  2.00566451183472
3.0,GENERATED VIA SPACE-TRACK.ORG API,2025-07-30 06:46:17+00:00,18 SPCS,NAVSTAR 48 (USA 151),2000-040A,EARTH,TEME,UTC,SGP4,2025-07-30 05:24:05.916672+00:00,2.00566482,0.01323630,54.9286,227.9526,299.1261,67.9213,0,U,26407,999,18348,0.00000000000000,0.00000048,0.0000000000000,26560.094,717.966,20533.516,19830.401,PAYLOAD,LARGE,US,2000-07-16,AFETR,,4800141,293851050,0 NAVSTAR 48 (USA 151),1 26407U 00040A   25211.22506848  .00000048  00000-0  00000+0 0  9990,2 26407  54.9286 227.9526 0132363 299.1261  67.9213  2.00566482183481
3.0,GENERATED VIA SPACE-TRACK.ORG API,2025-07-30 17:55:16+00:00,18 SPCS,NAVSTAR 48 (USA 151),2000-040A,EARTH,TEME,UTC,SGP4,2025-07-30 11:35:26.008224+00:00,2.00566488,0.01323580,54.9285,227.9424,299.1287,254.1181,0,U,26407,999,18349,0.00000000000000,0.00000051,0.0000000000000,26560.093,717.966,20533.502,19830.414,PAYLOAD,LARGE,US,2000-07-16,AFETR,,4800666,293870565,0 NAVSTAR 48 (USA 151),1 26407U 00040A   25211.48293991  .00000051  00000-0  00000-0 0  9995,2 26407  54.9285 227.9424 0132358 299.1287 254.1181  2.00566488183490
3.0,GENERATED VIA SPACE-TRACK.ORG API,2025-07-31 18:11:57+00:00,18 SPCS,NAVSTAR 48 (USA 151),2000-040A,EARTH,TEME,UTC,SGP4,2025-07-31 05:35:34.725984+00:00,2.00566508,0.01323390,54.9284,227.9126,299.1401,75.7270,0,U,26407,999,18351,0.00000000000000,0.00000061,0.0000000000000,26560.091,717.966,20533.450,19830.463,PAYLOAD,LARGE,US,2000-07-16,AFETR,,4801664,293955459,0 NAVSTAR 48 (USA 151),1 26407U 00040A   25212.23304081  .00000061  00000-0  00000-0 0  9993,2 26407  54.9284 227.9126 0132339 299.1401  75.7270  2.00566508183517
3.0,GENERATED VIA SPACE-TRACK.ORG API,2025-08-01 14:26:25+00:00,18 SPCS,NAVSTAR 48 (USA 151),2000-040A,EARTH,TEME,UTC,SGP4,2025-08-01 07:44:38.421024+00:00,2.00566528,0.01323110,54.9282,227.8692,299.1542,142.4918,0,U,26407,999,18352,0.00000000000000,0.00000074,0.0000000000000,26560.090,717.966,20533.374,19830.535,PAYLOAD,LARGE,US,2000-07-16,AFETR,,4802383,294025963,0 NAVSTAR 48 (USA 151),1 26407U 00040A   25213.32266691  .00000074  00000-0  00000+0 0  9991,2 26407  54.9282 227.8692 0132311 299.1542 142.4918  2.00566528183522
3.0,GENERATED VIA SPACE-TRACK.ORG API,2025-08-01 19:30:35+00:00,18 SPCS,NAVSTAR 48 (USA 151),2000-040A,EARTH,TEME,UTC,SGP4,2025-08-01 07:44:38.421024+00:00,2.00566528,0.01323110,54.9282,227.8692,299.1542,142.4918,0,U,26407,999,18353,0.00000000000000,0.00000074,0.0000000000000,26560.090,717.966,20533.374,19830.535,PAYLOAD,LARGE,US,2000-07-16,AFETR,,4802629,294038108,0 NAVSTAR 48 (USA 151),1 26407U 00040A   25213.32266691  .00000074  00000-0  00000-0 0  9992,2 26407  54.9282 227.8692 0132311 299.1542 142.4918  2.00566528183533
3.0,GENERATED VIA SPACE-TRACK.ORG API,2025-08-02 17:53:37+00:00,18 SPCS,NAVSTAR 48 (USA 151),2000-040A,EARTH,TEME,UTC,SGP4,2025-08-02 09:37:14.931264+00:00,2.00566536,0.01322850,54.9279,227.8264,299.1671,201.0077,0,U,26407,999,18355,0.00000000000000,0.00000084,0.0000000000000,26560.089,717.966,20533.304,19830.604,PAYLOAD,LARGE,US,2000-07-16,AFETR,,4803602,294123171,0 NAVSTAR 48 (USA 151),1 26407U 00040A   25214.40086726  .00000084  00000-0  00000-0 0  9992,2 26407  54.9279 227.8264 0132285 299.1671 201.0077  2.00566536183556
3.0,GENERATED VIA SPACE-TRACK.ORG API,2025-08-03 14:46:19+00:00,18 SPCS,NAVSTAR 48 (USA 151),2000-040A,EARTH,TEME,UTC,SGP4,2025-08-03 08:16:15.276864+00:00,2.00566539,0.01322600,54.9277,227.7888,299.1804,162.4445,0,U,26407,999,18356,0.00000000000000,0.00000090,0.0000000000000,26560.089,717.966,20533.237,19830.670,PAYLOAD,LARGE,US,2000-07-16,AFETR,,4804355,294164186,0 NAVSTAR 48 (USA 151),1 26407U 00040A   25215.34462126  .00000090  00000-0  00000+0 0  9994,2 26407  54.9277 227.7888 0132260 299.1804 162.4445  2.00566539183569
3.0,GENERATED VIA SPACE-TRACK.ORG API,2025-08-03 17:22:22+00:00,18 SPCS,NAVSTAR 48 (USA 151),2000-040A,EARTH,TEME,UTC,SGP4,2025-08-03 08:16:15.276864+00:00,2.00566539,0.01322600,54.9277,227.7888,299.1804,162.4445,0,U,26407,999,18357,0.00000000000000,0.00000090,0.0000000000000,26560.089,717.966,20533.237,19830.670,PAYLOAD,LARGE,US,2000-07-16,AFETR,,4804517,294175412,0 NAVSTAR 48 (USA 151),1 26407U 00040A   25215.34462126  .00000090  00000-0  00000-0 0  9995,2 26407  54.9277 227.7888 0132260 299.1804 162.4445  2.00566539183570
3.0,GENERATED VIA SPACE-TRACK.ORG API,2025-08-04 19:37:21+00:00,18 SPCS,NAVSTAR 48 (USA 151),2000-040A,EARTH,TEME,UTC,SGP4,2025-08-04 05:02:47.387616+00:00,2.00566538,0.01322400,54.9276,227.7544,299.1942,67.4845,0,U,26407,999,18359,0.00000000000000,0.00000092,0.0000000000000,26560.089,717.966,20533.184,19830.723,PAYLOAD,LARGE,US,2000-07-16,AFETR,,4805517,294260713,0 NAVSTAR 48 (USA 151),1 26407U 00040A   25216.21027069  .00000092  00000-0  00000-0 0  9997,2 26407  54.9276 227.7544 0132240 299.1942  67.4845  2.00566538183598
3.0,GENERATED VIA SPACE-TRACK.ORG API,2025-08-05 02:25:14+00:00,18 SPCS,NAVSTAR 48 (USA 151),2000-040A,EARTH,TEME,UTC,SGP4,2025-08-04 16:38:52.878048+00:00,2.00566534,0.01322260,54.9275,227.7352,299.2017,56.5202,0,U,26407,999,18359,0.00000000000000,0.00000092,0.0000000000000,26560.089,717.966,20533.148,19830.761,PAYLOAD,LARGE,US,2000-07-16,AFETR,,4805841,294298463,0 NAVSTAR 48 (USA 151),1 26407U 00040A   25216.69366757  .00000092  00000-0  00000-0 0  9999,2 26407  54.9275 227.7352 0132226 299.2017  56.5202  2.00566534183594
3.0,GENERATED VIA SPACE-TRACK.ORG API,2025-08-05 14:56:17+00:00,18 SPCS,NAVSTAR 48 (USA 151),2000-040A,EARTH,TEME,UTC,SGP4,2025-08-05 11:01:57.988416+00:00,2.00566525,0.01322020,54.9273,227.7047,299.2124,249.6326,0,U,26407,999,18360,0.00000000000000,0.00000091,0.0000000000000,26560.090,717.966,20533.085,19830.825,PAYLOAD,LARGE,US,2000-07-16,AFETR,,4806407,294335916,0 NAVSTAR 48 (USA 151),1 26407U 00040A   25217.45969894  .00000091  00000-0  00000+0 0  9993,2 26407  54.9273 227.7047 0132202 299.2124 249.6326  2.00566525183600
3.0,GENERATED VIA SPACE-TRACK.ORG API,2025-08-05 17:43:45+00:00,18 SPCS,NAVSTAR 48 (USA 151),2000-040A,EARTH,TEME,UTC,SGP4,2025-08-05 11:01:57.988416+00:00,2.00566525,0.01322020,54.9273,227.7047,299.2124,249.6326,0,U,26407,999,18361,0.00000000000000,0.00000091,0.0000000000000,26560.090,717.966,20533.085,19830.825,PAYLOAD,LARGE,US,2000-07-16,AFETR,,4806564,294346919,0 NAVSTAR 48 (USA 151),1 26407U 00040A   25217.45969894  .00000091  00000-0  00000-0 0  9994,2 26407  54.9273 227.7047 0132202 299.2124 249.6326  2.00566525183611
3.0,GENERATED VIA SPACE-TRACK.ORG API,2025-08-07 02:11:08+00:00,18 SPCS,NAVSTAR 48 (USA 151),2000-040A,EARTH,TEME,UTC,SGP4,2025-08-06 05:07:17.386752+00:00,2.00566516,0.01321731,54.9272,227.6748,299.2260,73.8359,0,U,26407,999,18363,0.00000000000000,0.00000088,0.0000000000000,26560.091,717.966,20533.009,19830.903,PAYLOAD,LARGE,US,2000-07-16,AFETR,,4806584,294469402,0 NAVSTAR 48 (USA 151),1 26407U 00040A   25218.21339568  .00000088  00000-0  00000-0 0  9994,2 26407  54.9272 227.6748 0132173 299.2260  73.8359  2.00566516183630
3.0,GENERATED VIA SPACE-TRACK.ORG API,2025-08-07 22:50:55+00:00,18 SPCS,NAVSTAR 48 (USA 151),2000-040A,EARTH,TEME,UTC,SGP4,2025-08-07 06:18:22.320576+00:00,2.00566503,0.01321381,54.9270,227.6330,299.2420,111.5263,0,U,26407,999,18365,0.00000000000000,0.00000083,0.0000000000000,26560.092,717.966,20532.917,19830.997,PAYLOAD,LARGE,US,2000-07-16,AFETR,,4806590,294500191,0 NAVSTAR 48 (USA 151),1 26407U 00040A   25219.26275834  .00000083  00000-0  00000-0 0  9990,2 26407  54.9270 227.6330 0132138 299.2420 111.5263  2.00566503183656
3.0,GENERATED VIA SPACE-TRACK.ORG API,2025-08-08 06:36:24+00:00,18 SPCS,NAVSTAR 48 (USA 151),2000-040A,EARTH,TEME,UTC,SGP4,2025-08-08 04:54:19.664064+00:00,2.00566490,0.01321090,54.9268,227.5956,299.2554,71.4337,0,U,26407,999,18366,0.00000000000000,0.00000077,0.0000000000000,26560.093,717.966,20532.841,19831.075,PAYLOAD,LARGE,US,2000-07-16,AFETR,,4807620,294579697,0 NAVSTAR 48 (USA 151),1 26407U 00040A   25220.20439426  .00000077  00000-0  00000+0 0  9997,2 26407  54.9268 227.5956 0132109 299.2554  71.4337  2.00566490183664
3.0,GENERATED VIA SPACE-TRACK.ORG API,2025-08-08 18:04:55+00:00,18 SPCS,NAVSTAR 48 (USA 151),2000-040A,EARTH,TEME,UTC,SGP4,2025-08-08 04:54:19.664064+00:00,2.00566490,0.01321090,54.9268,227.5956,299.2554,71.4337,0,U,26407,999,18367,0.00000000000000,0.00000077,0.0000000000000,26560.093,717.966,20532.841,19831.075,PAYLOAD,LARGE,US,2000-07-16,AFETR,,4807944,294594030,0 NAVSTAR 48 (USA 151),1 26407U 00040A   25220.20439426  .00000077  00000-0  00000-0 0  9998,2 26407  54.9268 227.5956 0132109 299.2554  71.4337  2.00566490183675
3.0,GENERATED VIA SPACE-TRACK.ORG API,2025-08-09 04:31:16+00:00,18 SPCS,NAVSTAR 48 (USA 151),2000-040A,EARTH,TEME,UTC,SGP4,2025-08-08 16:34:56.303616+00:00,2.00566484,0.01320930,54.9267,227.5762,299.2618,62.7366,0,U,26407,999,18368,0.00000000000000,0.00000075,0.0000000000000,26560.094,717.966,20532.799,19831.118,PAYLOAD,LARGE,US,2000-07-16,AFETR,,4808267,294631813,0 NAVSTAR 48 (USA 151),1 26407U 00040A   25220.69092944  .00000075  00000-0  00000-0 0  9999,2 26407  54.9267 227.5762 0132093 299.2618  62.7366  2.00566484183681
3.0,GENERATED VIA SPACE-TRACK.ORG API,2025-08-09 17:24:41+00:00,18 SPCS,NAVSTAR 48 (USA 151),2000-040A,EARTH,TEME,UTC,SGP4,2025-08-09 09:47:04.473888+00:00,2.00566475,0.01320750,54.9265,227.5477,299.2710,220.2743,0,U,26407,999,18369,0.00000000000000,0.00000071,0.0000000000000,26560.094,717.966,20532.752,19831.167,PAYLOAD,LARGE,US,2000-07-16,AFETR,,4808974,294679515,0 NAVSTAR 48 (USA 151),1 26407U 00040A   25221.40769067  .00000071  00000-0  00000-0 0  9992,2 26407  54.9265 227.5477 0132075 299.2710 220.2743  2.00566475183696
3.0,GENERATED VIA SPACE-TRACK.ORG API,2025-08-10 14:56:35+00:00,18 SPCS,NAVSTAR 48 (USA 151),2000-040A,EARTH,TEME,UTC,SGP4,2025-08-10 07:29:09.375648+00:00,2.00566464,0.01320510,54.9264,227.5118,299.2827,153.1693,0,U,26407,999,18370,0.00000000000000,0.00000069,0.0000000000000,26560.095,717.966,20532.689,19831.232,PAYLOAD,LARGE,US,2000-07-16,AFETR,,4809909,294725033,0 NAVSTAR 48 (USA 151),1 26407U 00040A   25222.31191407  .00000069  00000-0  00000+0 0  9996,2 26407  54.9264 227.5118 0132051 299.2827 153.1693  2.00566464183708
3.0,GENERATED VIA SPACE-TRACK.ORG API,2025-08-10 17:15:53+00:00,18 SPCS,NAVSTAR 48 (USA 151),2000-040A,EARTH,TEME,UTC,SGP4,2025-08-10 07:29:09.375648+00:00,2.00566464,0.01320510,54.9264,227.5118,299.2827,153.1693,0,U,26407,999,18371,0.00000000000000,0.00000069,0.0000000000000,26560.095,717.966,20532.689,19831.232,PAYLOAD,LARGE,US,2000-07-16,AFETR,,4810125,294736820,0 NAVSTAR 48 (USA 151),1 26407U 00040A   25222.31191407  .00000069  00000-0  00000-0 0  9997,2 26407  54.9264 227.5118 0132051 299.2827 153.1693  2.00566464183719
3.0,GENERATED VIA SPACE-TRACK.ORG API,2025-08-11 09:36:26+00:00,18 SPCS,NAVSTAR 48 (USA 151),2000-040A,EARTH,TEME,UTC,SGP4,2025-08-11 04:34:06.095712+00:00,2.00566457,0.01320250,54.9262,227.4768,299.2950,67.4423,0,U,26407,999,18373,0.00000000000000,0.00000068,0.0000000000000,26560.096,717.967,20532.621,19831.301,PAYLOAD,LARGE,US,2000-07-16,AFETR,,4810761,294782795,0 NAVSTAR 48 (USA 151),1 26407U 00040A   25223.19034833  .00000068  00000-0  00000-0 0  9992,2 26407  54.9262 227.4768 0132025 299.2950  67.4423  2.00566457183737
3.0,GENERATED VIA SPACE-TRACK.ORG API,2025-08-11 20:39:09+00:00,18 SPCS,NAVSTAR 48 (USA 151),2000-040A,EARTH,TEME,UTC,SGP4,2025-08-11 07:22:28.274016+00:00,2.00566456,0.01320240,54.9262,227.4722,299.2968,151.8666,0,U,26407,999,18373,0.00000000000000,0.00000068,0.0000000000000,26560.096,717.967,20532.618,19831.304,PAYLOAD,LARGE,US,2000-07-16,AFETR,,4811117,294821936,0 NAVSTAR 48 (USA 151),1 26407U 00040A   25223.30727169  .00000068  00000-0  00000-0 0  9996,2 26407  54.9262 227.4722 0132024 299.2968 151.8666  2.00566456183731
3.0,GENERATED VIA SPACE-TRACK.ORG API,2025-08-12 11:16:33+00:00,18 SPCS,NAVSTAR 48 (USA 151),2000-040A,EARTH,TEME,UTC,SGP4,2025-08-12 09:54:26.161920+00:00,2.00566451,0.01319920,54.9259,227.4282,299.3143,230.1127,0,U,26407,999,18374,0.00000000000000,0.00000070,0.0000000000000,26560.096,717.967,20532.533,19831.389,PAYLOAD,LARGE,US,2000-07-16,AFETR,,4811886,294894488,0 NAVSTAR 48 (USA 151),1 26407U 00040A   25224.41280280  .00000070  00000-0  00000+0 0  9999,2 26407  54.9259 227.4282 0131992 299.3143 230.1127  2.00566451183746
3.0,GENERATED VIA SPACE-TRACK.ORG API,2025-08-12 18:14:07+00:00,18 SPCS,NAVSTAR 48 (USA 151),2000-040A,EARTH,TEME,UTC,SGP4,2025-08-12 09:54:26.161920+00:00,2.00566451,0.01319920,54.9259,227.4282,299.3143,230.1127,0,U,26407,999,18375,0.00000000000000,0.00000070,0.0000000000000,26560.096,717.967,20532.533,19831.389,PAYLOAD,LARGE,US,2000-07-16,AFETR,,4812255,294910347,0 NAVSTAR 48 (USA 151),1 26407U 00040A   25224.41280280  .00000070  00000-0  00000-0 0  9990,2 26407  54.9259 227.4282 0131992 299.3143 230.1127  2.00566451183757
3.0,GENERATED VIA SPACE-TRACK.ORG API,2025-08-13 23:01:20+00:00,18 SPCS,NAVSTAR 48 (USA 151),2000-040A,EARTH,TEME,UTC,SGP4,2025-08-13 04:26:24.304992+00:00,2.00566450,0.01319680,54.9258,227.3975,299.3259,67.6791,0,U,26407,999,18377,0.00000000000000,0.00000074,0.0000000000000,26560.097,717.967,20532.470,19831.453,PAYLOAD,LARGE,US,2000-07-16,AFETR,,4812257,294971254,0 NAVSTAR 48 (USA 151),1 26407U 00040A   25225.18500353  .00000074  00000-0  00000-0 0  9995,2 26407  54.9258 227.3975 0131968 299.3259  67.6791  2.00566450183776
3.0,GENERATED VIA SPACE-TRACK.ORG API,2025-08-14 20:24:33+00:00,18 SPCS,NAVSTAR 48 (USA 151),2000-040A,EARTH,TEME,UTC,SGP4,2025-08-14 10:32:10.585824+00:00,2.00566455,0.01319280,54.9255,227.3476,299.3485,253.1298,0,U,26407,999,18379,0.00000000000000,0.00000081,0.0000000000000,26560.096,717.967,20532.363,19831.559,PAYLOAD,LARGE,US,2000-07-16,AFETR,,4812261,295033191,0 NAVSTAR 48 (USA 151),1 26407U 00040A   25226.43901141  .00000081  00000-0  00000-0 0  9992,2 26407  54.9255 227.3476 0131928 299.3485 253.1298  2.00566455183797
3.0,GENERATED VIA SPACE-TRACK.ORG API,2025-08-15 02:38:02+00:00,18 SPCS,NAVSTAR 48 (USA 151),2000-040A,EARTH,TEME,UTC,SGP4,2025-08-14 22:02:14.195040+00:00,2.00566458,0.01319130,54.9254,227.3286,299.3568,239.1404,0,U,26407,999,18380,0.00000000000000,0.00000084,0.0000000000000,26560.096,717.967,20532.323,19831.599,PAYLOAD,LARGE,US,2000-07-16,AFETR,,4812266,295125012,0 NAVSTAR 48 (USA 151),1 26407U 00040A   25226.91821985  .00000084  00000-0  00000-0 0  9995,2 26407  54.9254 227.3286 0131913 299.3568 239.1404  2.00566458183809
3.0,GENERATED VIA SPACE-TRACK.ORG API,2025-08-15 17:34:54+00:00,18 SPCS,NAVSTAR 48 (USA 151),2000-040A,EARTH,TEME,UTC,SGP4,2025-08-15 09:52:14.657664+00:00,2.00566462,0.01318960,54.9253,227.3090,299.3653,235.1532,0,U,26407,999,18381,0.00000000000000,0.00000086,0.0000000000000,26560.096,717.966,20532.278,19831.643,PAYLOAD,LARGE,US,2000-07-16,AFETR,,4812268,295156383,0 NAVSTAR 48 (USA 151),1 26407U 00040A   25227.41128076  .00000086  00000-0  00000-0 0  9994,2 26407  54.9253 227.3090 0131896 299.3653 235.1532  2.00566462183810
3.0,GENERATED VIA SPACE-TRACK.ORG API,2025-08-15 22:36:49+00:00,18 SPCS,NAVSTAR 48 (USA 151),2000-040A,EARTH,TEME,UTC,SGP4,2025-08-14 10:32:10.585824+00:00,2.00566455,0.01319280,54.9255,227.3476,299.3485,253.1298,0,U,26407,999,18378,0.00000000000000,0.00000081,0.0000000000000,26560.096,717.967,20532.363,19831.559,PAYLOAD,LARGE,US,2000-07-16,AFETR,,4812942,295225895,0 NAVSTAR 48 (USA 151),1 26407U 00040A   25226.43901141  .00000081  00000-0  00000+0 0  9991,2 26407  54.9255 227.3476 0131928 299.3485 253.1298  2.00566455183786
3.0,GENERATED VIA SPACE-TRACK.ORG API,2025-08-16 03:51:34+00:00,18 SPCS,NAVSTAR 48 (USA 151),2000-040A,EARTH,TEME,UTC,SGP4,2025-08-15 22:01:11.716608+00:00,2.00566468,0.01318780,54.9252,227.2889,299.3743,240.6643,0,U,26407,999,18382,0.00000000000000,0.00000087,0.0000000000000,26560.095,717.966,20532.229,19831.691,PAYLOAD,LARGE,US,2000-07-16,AFETR,,4815276,295258039,0 NAVSTAR 48 (USA 151),1 26407U 00040A   25227.91749672  .00000087  00000-0  00000-0 0  9991,2 26407  54.9252 227.2889 0131878 299.3743 240.6643  2.00566468183825
3.0,GENERATED VIA SPACE-TRACK.ORG API,2025-08-16 17:16:28+00:00,18 SPCS,NAVSTAR 48 (USA 151),2000-040A,EARTH,TEME,UTC,SGP4,2025-08-16 16:02:26.708352+00:00,2.00566476,0.01318510,54.9250,227.2590,299.3864,62.8266,0,U,26407,999,18383,0.00000000000000,0.00000086,0.0000000000000,26560.094,717.966,20532.157,19831.762,PAYLOAD,LARGE,US,2000-07-16,AFETR,,4816054,295300355,0 NAVSTAR 48 (USA 151),1 26407U 00040A   25228.66836468  .00000086  00000-0  00000+0 0  9992,2 26407  54.9250 227.2590 0131851 299.3864  62.8266  2.00566476183832
3.0,GENERATED VIA SPACE-TRACK.ORG API,2025-08-16 17:54:20+00:00,18 SPCS,NAVSTAR 48 (USA 151),2000-040A,EARTH,TEME,UTC,SGP4,2025-08-16 06:44:07.811808+00:00,2.00566471,0.01318670,54.9251,227.2744,299.3800,142.8755,0,U,26407,999,18383,0.00000000000000,0.00000087,0.0000000000000,26560.095,717.966,20532.200,19831.720,PAYLOAD,LARGE,US,2000-07-16,AFETR,,4816161,295310024,0 NAVSTAR 48 (USA 151),1 26407U 00040A   25228.28064597  .00000087  00000-0  00000-0 0  9998,2 26407  54.9251 227.2744 0131867 299.3800 142.8755  2.00566471183838
3.0,GENERATED VIA SPACE-TRACK.ORG API,2025-08-17 03:07:36+00:00,18 SPCS,NAVSTAR 48 (USA 151),2000-040A,EARTH,TEME,UTC,SGP4,2025-08-16 16:02:26.708352+00:00,2.00566476,0.01318510,54.9250,227.2590,299.3864,62.8266,0,U,26407,999,18384,0.00000000000000,0.00000086,0.0000000000000,26560.094,717.966,20532.157,19831.762,PAYLOAD,LARGE,US,2000-07-16,AFETR,,4816343,295375852,0 NAVSTAR 48 (USA 151),1 26407U 00040A   25228.66836468  .00000086  00000-0  00000-0 0  9993,2 26407  54.9250 227.2590 0131851 299.3864  62.8266  2.00566476183843
3.0,GENERATED VIA SPACE-TRACK.ORG API,2025-08-17 19:21:32+00:00,18 SPCS,NAVSTAR 48 (USA 151),2000-040A,EARTH,TEME,UTC,SGP4,2025-08-16 22:00:11.911392+00:00,2.00566481,0.01318440,54.9249,227.2491,299.3918,242.2106,0,U,26407,999,18384,0.00000000000000,0.00000086,0.0000000000000,26560.094,717.966,20532.138,19831.780,PAYLOAD,LARGE,US,2000-07-16,AFETR,,4817045,295484400,0 NAVSTAR 48 (USA 151),1 26407U 00040A   25228.91680453  .00000086  00000-0  00000-0 0  9992,2 26407  54.9249 227.2491 0131844 299.3918 242.2106  2.00566481183846
3.0,GENERATED VIA SPACE-TRACK.ORG API,2025-08-18 03:23:28+00:00,18 SPCS,NAVSTAR 48 (USA 151),2000-040A,EARTH,TEME,UTC,SGP4,2025-08-17 21:59:10.880160+00:00,2.00566500,0.01318130,54.9247,227.2094,299.4088,243.7472,0,U,26407,999,18386,0.00000000000000,0.00000079,0.0000000000000,26560.092,717.966,20532.054,19831.861,PAYLOAD,LARGE,US,2000-07-16,AFETR,,4817429,295523948,0 NAVSTAR 48 (USA 151),1 26407U 00040A   25229.91609815  .00000079  00000-0  00000-0 0  9998,2 26407  54.9247 227.2094 0131813 299.4088 243.7472  2.00566500183864
3.0,GENERATED VIA SPACE-TRACK.ORG API,2025-08-18 19:34:57+00:00,18 SPCS,NAVSTAR 48 (USA 151),2000-040A,EARTH,TEME,UTC,SGP4,2025-08-18 05:44:37.188384+00:00,2.00566505,0.01318030,54.9246,227.1966,299.4136,117.1286,0,U,26407,999,18387,0.00000000000000,0.00000075,0.0000000000000,26560.092,717.966,20532.027,19831.887,PAYLOAD,LARGE,US,2000-07-16,AFETR,,4818027,295569152,0 NAVSTAR 48 (USA 151),1 26407U 00040A   25230.23931931  .00000075  00000-0  00000-0 0  9998,2 26407  54.9246 227.1966 0131803 299.4136 117.1286  2.00566505183876
3.0,GENERATED VIA SPACE-TRACK.ORG API,2025-08-18 22:46:17+00:00,18 SPCS,NAVSTAR 48 (USA 151),2000-040A,EARTH,TEME,UTC,SGP4,2025-08-18 16:52:12.414144+00:00,2.00566514,0.01317860,54.9245,227.1781,299.4208,91.8717,0,U,26407,999,18387,0.00000000000000,0.00000070,0.0000000000000,26560.091,717.966,20531.981,19831.931,PAYLOAD,LARGE,US,2000-07-16,AFETR,,4818227,295595972,0 NAVSTAR 48 (USA 151),1 26407U 00040A   25230.70292146  .00000070  00000-0  00000+0 0  9992,2 26407  54.9245 227.1781 0131786 299.4208  91.8717  2.00566514183877
3.0,GENERATED VIA SPACE-TRACK.ORG API,2025-08-19 02:51:04+00:00,18 SPCS,NAVSTAR 48 (USA 151),2000-040A,EARTH,TEME,UTC,SGP4,2025-08-18 21:58:08.249664+00:00,2.00566520,0.01317800,54.9244,227.1697,299.4253,245.2709,0,U,26407,999,18388,0.00000000000000,0.00000067,0.0000000000000,26560.090,717.966,20531.964,19831.947,PAYLOAD,LARGE,US,2000-07-16,AFETR,,4818361,295606738,0 NAVSTAR 48 (USA 151),1 26407U 00040A   25230.91537326  .00000067  00000-0  00000-0 0  9994,2 26407  54.9244 227.1697 0131780 299.4253 245.2709  2.00566520183880
3.0,GENERATED VIA SPACE-TRACK.ORG API,2025-08-22 21:09:24+00:00,18 SPCS,NAVSTAR 48 (USA 151),2000-040A,EARTH,TEME,UTC,SGP4,2025-08-22 14:52:03.598176+00:00,2.00566629,0.01316643,54.9235,227.0225,299.4881,39.8140,0,U,26407,999,18395,0.00000000000000,0.00000015,0.0000000000000,26560.081,717.966,20531.647,19832.244,PAYLOAD,LARGE,US,2000-07-16,AFETR,,4820143,295804488,0 NAVSTAR 48 (USA 151),1 26407U 00040A   25234.61948609  .00000015  00000-0  00000-0 0  9998,2 26407  54.9235 227.0225 0131664 299.4881  39.8140  2.00566629183958
3.0,GENERATED VIA SPACE-TRACK.ORG API,2025-08-23 17:13:00+00:00,18 SPCS,NAVSTAR 48 (USA 151),2000-040A,EARTH,TEME,UTC,SGP4,2025-08-23 06:50:41.090784+00:00,2.00566649,0.01316379,54.9233,226.9960,299.5019,160.4865,0,U,26407,999,18397,0.00000000000000,0.00000011,0.0000000000000,26560.079,717.966,20531.575,19832.313,PAYLOAD,LARGE,US,2000-07-16,AFETR,,4820249,295828688,0 NAVSTAR 48 (USA 151),1 26407U 00040A   25235.28519781  .00000011  00000-0  00000-0 0  9993,2 26407  54.9233 226.9960 0131638 299.5019 160.4865  2.00566649183974
3.0,GENERATED VIA SPACE-TRACK.ORG API,2025-08-24 02:08:44+00:00,18 SPCS,NAVSTAR 48 (USA 151),2000-040A,EARTH,TEME,UTC,SGP4,2025-08-23 20:30:23.374944+00:00,2.00566670,0.01316226,54.9232,226.9734,299.5125,211.5032,0,U,26407,999,18398,0.00000000000000,0.00000010,0.0000000000000,26560.077,717.966,20531.533,19832.351,PAYLOAD,LARGE,US,2000-07-16,AFETR,,4820264,295855095,0 NAVSTAR 48 (USA 151),1 26407U 00040A   25235.85443721  .00000010  00000-0  00000-0 0  9995,2 26407  54.9232 226.9734 0131623 299.5125 211.5032  2.00566670183983
3.0,GENERATED VIA SPACE-TRACK.ORG API,2025-08-24 18:52:16+00:00,18 SPCS,NAVSTAR 48 (USA 151),2000-040A,EARTH,TEME,UTC,SGP4,2025-08-24 09:11:38.711616+00:00,2.00566688,0.01316034,54.9231,226.9524,299.5225,233.2122,0,U,26407,999,18399,0.00000000000000,0.00000011,0.0000000000000,26560.076,717.966,20531.480,19832.401,PAYLOAD,LARGE,US,2000-07-16,AFETR,,4820322,295885607,0 NAVSTAR 48 (USA 151),1 26407U 00040A   25236.38308694  .00000011  00000-0  00000-0 0  9994,2 26407  54.9231 226.9524 0131603 299.5225 233.2122  2.00566688183999
3.0,GENERATED VIA SPACE-TRACK.ORG API,2025-08-25 02:12:38+00:00,18 SPCS,NAVSTAR 48 (USA 151),2000-040A,EARTH,TEME,UTC,SGP4,2025-08-24 20:25:45.933312+00:00,2.00566705,0.01315866,54.9230,226.9338,299.5321,211.2290,0,U,26407,999,18400,0.00000000000000,0.00000013,0.0000000000000,26560.074,717.966,20531.434,19832.444,PAYLOAD,LARGE,US,2000-07-16,AFETR,,4820340,295916789,0 NAVSTAR 48 (USA 151),1 26407U 00040A   25236.85122608  .00000013  00000-0  00000-0 0  9997,2 26407  54.9230 226.9338 0131587 299.5321 211.2290  2.00566705184004
3.0,GENERATED VIA SPACE-TRACK.ORG API,2025-08-25 21:12:07+00:00,18 SPCS,NAVSTAR 48 (USA 151),2000-040A,EARTH,TEME,UTC,SGP4,2025-08-25 09:07:34.413024+00:00,2.00566722,0.01315632,54.9228,226.9128,299.5433,233.2137,0,U,26407,999,18401,0.00000000000000,0.00000017,0.0000000000000,26560.073,717.966,20531.370,19832.505,PAYLOAD,LARGE,US,2000-07-16,AFETR,,4820412,295947316,0 NAVSTAR 48 (USA 151),1 26407U 00040A   25237.38025941  .00000017  00000-0  00000-0 0  9992,2 26407  54.9228 226.9128 0131563 299.5433 233.2137  2.00566722184010
3.0,GENERATED VIA SPACE-TRACK.ORG API,2025-08-26 22:27:06+00:00,18 SPCS,NAVSTAR 48 (USA 151),2000-040A,EARTH,TEME,UTC,SGP4,2025-08-26 14:19:36.604416+00:00,2.00566761,0.01315217,54.9226,226.8644,299.5670,31.7199,0,U,26407,999,18403,0.00000000000000,0.00000029,0.0000000000000,26560.069,717.965,20531.257,19832.612,PAYLOAD,LARGE,US,2000-07-16,AFETR,,4820578,296009070,0 NAVSTAR 48 (USA 151),1 26407U 00040A   25238.59695144  .00000029  00000-0  00000-0 0  9997,2 26407  54.9226 226.8644 0131522 299.5670  31.7199  2.00566761184032
3.0,GENERATED VIA SPACE-TRACK.ORG API,2025-08-27 02:14:13+00:00,18 SPCS,NAVSTAR 48 (USA 151),2000-040A,EARTH,TEME,UTC,SGP4,2025-08-26 21:01:34.752288+00:00,2.00566767,0.01315100,54.9225,226.8534,299.5712,233.2763,0,U,26407,999,18404,0.00000000000000,0.00000033,0.0000000000000,26560.069,717.965,20531.225,19832.642,PAYLOAD,LARGE,US,2000-07-16,AFETR,,4820598,296039716,0 NAVSTAR 48 (USA 151),1 26407U 00040A   25238.87609667  .00000033  00000-0  00000-0 0  9998,2 26407  54.9225 226.8534 0131510 299.5712 233.2763  2.00566767184046
3.0,GENERATED VIA SPACE-TRACK.ORG API,2025-08-27 12:18:54+00:00,18 SPCS,NAVSTAR 48 (USA 151),2000-040A,EARTH,TEME,UTC,SGP4,2025-08-27 06:34:24.806208+00:00,2.00566777,0.01314966,54.9224,226.8375,299.5797,160.5061,0,U,26407,999,18405,0.00000000000000,0.00000037,0.0000000000000,26560.068,717.965,20531.189,19832.677,PAYLOAD,LARGE,US,2000-07-16,AFETR,,4820647,296070897,0 NAVSTAR 48 (USA 151),1 26407U 00040A   25239.27389822  .00000037  00000-0  00000-0 0  9995,2 26407  54.9224 226.8375 0131497 299.5797 160.5061  2.00566777184050
3.0,GENERATED VIA SPACE-TRACK.ORG API,2025-08-28 02:53:28+00:00,18 SPCS,NAVSTAR 48 (USA 151),2000-040A,EARTH,TEME,UTC,SGP4,2025-08-27 20:57:13.207392+00:00,2.00566791,0.01314764,54.9223,226.8137,299.5888,233.1371,0,U,26407,999,18406,0.00000000000000,0.00000044,0.0000000000000,26560.066,717.965,20531.134,19832.729,PAYLOAD,LARGE,US,2000-07-16,AFETR,,4820797,296163226,0 NAVSTAR 48 (USA 151),1 26407U 00040A   25239.87306953  .00000044  00000-0  00000-0 0  9993,2 26407  54.9223 226.8137 0131476 299.5888 233.1371  2.00566791184061
3.0,GENERATED VIA SPACE-TRACK.ORG API,2025-08-28 23:13:47+00:00,18 SPCS,NAVSTAR 48 (USA 151),2000-040A,EARTH,TEME,UTC,SGP4,2025-08-28 08:55:15.166848+00:00,2.00566800,0.01314596,54.9221,226.7939,299.5970,233.1747,0,U,26407,999,18407,0.00000000000000,0.00000050,0.0000000000000,26560.066,717.965,20531.088,19832.773,PAYLOAD,LARGE,US,2000-07-16,AFETR,,4820893,296194000,0 NAVSTAR 48 (USA 151),1 26407U 00040A   25240.37170332  .00000050  00000-0  00000-0 0  9997,2 26407  54.9221 226.7939 0131460 299.5970 233.1747  2.00566800184072
3.0,GENERATED VIA SPACE-TRACK.ORG API,2025-08-29 02:15:49+00:00,18 SPCS,NAVSTAR 48 (USA 151),2000-040A,EARTH,TEME,UTC,SGP4,2025-08-28 16:19:05.318688+00:00,2.00566806,0.01314509,54.9221,226.7817,299.6035,95.7223,0,U,26407,999,18408,0.00000000000000,0.00000053,0.0000000000000,26560.065,717.965,20531.065,19832.796,PAYLOAD,LARGE,US,2000-07-16,AFETR,,4820901,296225010,0 NAVSTAR 48 (USA 151),1 26407U 00040A   25240.67992267  .00000053  00000-0  00000-0 0  9992,2 26407  54.9221 226.7817 0131451 299.6035  95.7223  2.00566806184088
3.0,GENERATED VIA SPACE-TRACK.ORG API,2025-08-30 11:24:46+00:00,18 SPCS,NAVSTAR 48 (USA 151),2000-040A,EARTH,TEME,UTC,SGP4,2025-08-30 03:15:48.269376+00:00,2.00566820,0.01314013,54.9217,226.7238,299.6301,67.0595,0,U,26407,999,18411,0.00000000000000,0.00000063,0.0000000000000,26560.064,717.965,20530.932,19832.926,PAYLOAD,LARGE,US,2000-07-16,AFETR,,4821106,296379437,0 NAVSTAR 48 (USA 151),1 26407U 00040A   25242.13597534  .00000063  00000-0  00000-0 0  9994,2 26407  54.9217 226.7238 0131401 299.6301  67.0595  2.00566820184115
3.0,GENERATED VIA SPACE-TRACK.ORG API,2025-08-31 02:26:50+00:00,18 SPCS,NAVSTAR 48 (USA 151),2000-040A,EARTH,TEME,UTC,SGP4,2025-08-30 08:46:39.495360+00:00,2.00566820,0.01313910,54.9217,226.7147,299.6324,232.9583,0,U,26407,999,18411,0.00000000000000,0.00000064,0.0000000000000,26560.064,717.965,20530.904,19832.953,PAYLOAD,LARGE,US,2000-07-16,AFETR,,4821165,296410038,0 NAVSTAR 48 (USA 151),1 26407U 00040A   25242.36573490  .00000064  00000-0  00000-0 0  9995,2 26407  54.9217 226.7147 0131391 299.6324 232.9583  2.00566820184117
3.0,GENERATED VIA SPACE-TRACK.ORG API,2025-08-31 11:35:43+00:00,18 SPCS,NAVSTAR 48 (USA 151),2000-040A,EARTH,TEME,UTC,SGP4,2025-08-31 03:11:44.414016+00:00,2.00566821,0.01313637,54.9215,226.6842,299.6489,67.0671,0,U,26407,999,18413,0.00000000000000,0.00000066,0.0000000000000,26560.064,717.965,20530.832,19833.026,PAYLOAD,LARGE,US,2000-07-16,AFETR,,4821198,296441250,0 NAVSTAR 48 (USA 151),1 26407U 00040A   25243.13315294  .00000066  00000-0  00000-0 0  9999,2 26407  54.9215 226.6842 0131364 299.6489  67.0671  2.00566821184136
3.0,GENERATED VIA SPACE-TRACK.ORG API,2025-08-31 17:37:22+00:00,18 SPCS,NAVSTAR 48 (USA 151),2000-040A,EARTH,TEME,UTC,SGP4,2025-08-31 08:42:35.302176+00:00,2.00566819,0.01313530,54.9214,226.6751,299.6518,232.9625,0,U,26407,999,18413,0.00000000000000,0.00000066,0.0000000000000,26560.064,717.965,20530.804,19833.055,PAYLOAD,LARGE,US,2000-07-16,AFETR,,4821225,296472281,0 NAVSTAR 48 (USA 151),1 26407U 00040A   25243.36290859  .00000066  00000-0  00000-0 0  9993,2 26407  54.9214 226.6751 0131353 299.6518 232.9625  2.00566819184134
3.0,GENERATED VIA SPACE-TRACK.ORG API,2025-09-01 10:16:30+00:00,18 SPCS,NAVSTAR 48 (USA 151),2000-040A,EARTH,TEME,UTC,SGP4,2025-09-01 03:08:13.125408+00:00,2.00566815,0.01313230,54.9212,226.6446,299.6689,67.3456,0,U,26407,999,18415,0.00000000000000,0.00000065,0.0000000000000,26560.064,717.965,20530.724,19833.135,PAYLOAD,LARGE,US,2000-07-16,AFETR,,4821324,296533737,0 NAVSTAR 48 (USA 151),1 26407U 00040A   25244.13070747  .00000065  00000-0  00000-0 0  9990,2 26407  54.9212 226.6446 0131323 299.6689  67.3456  2.00566815184159
3.0,GENERATED VIA SPACE-TRACK.ORG API,2025-09-01 19:24:48+00:00,18 SPCS,NAVSTAR 48 (USA 151),2000-040A,EARTH,TEME,UTC,SGP4,2025-09-01 08:38:34.260864+00:00,2.00566812,0.01313124,54.9211,226.6355,299.6722,232.9921,0,U,26407,999,18415,0.00000000000000,0.00000065,0.0000000000000,26560.065,717.965,20530.696,19833.163,PAYLOAD,LARGE,US,2000-07-16,AFETR,,4821362,296564811,0 NAVSTAR 48 (USA 151),1 26407U 00040A   25244.36011876  .00000065  00000-0  00000-0 0  9993,2 26407  54.9211 226.6355 0131312 299.6722 232.9921  2.00566812184157
3.0,GENERATED VIA SPACE-TRACK.ORG API,2025-09-02 03:25:31+00:00,18 SPCS,NAVSTAR 48 (USA 151),2000-040A,EARTH,TEME,UTC,SGP4,2025-09-01 20:45:46.895040+00:00,2.00566807,0.01312928,54.9210,226.6154,299.6823,237.6297,0,U,26407,999,18416,0.00000000000000,0.00000063,0.0000000000000,26560.065,717.965,20530.645,19833.216,PAYLOAD,LARGE,US,2000-07-16,AFETR,,4821406,296595031,0 NAVSTAR 48 (USA 151),1 26407U 00040A   25244.86512610  .00000063  00000-0  00000-0 0  9998,2 26407  54.9210 226.6154 0131293 299.6823 237.6297  2.00566807184166
3.0,GENERATED VIA SPACE-TRACK.ORG API,2025-09-02 10:20:33+00:00,18 SPCS,NAVSTAR 48 (USA 151),2000-040A,EARTH,TEME,UTC,SGP4,2025-09-02 04:52:34.410720+00:00,2.00566803,0.01312775,54.9209,226.6020,299.6901,121.7158,0,U,26407,999,18417,0.00000000000000,0.00000062,0.0000000000000,26560.065,717.965,20530.604,19833.257,PAYLOAD,LARGE,US,2000-07-16,AFETR,,4821465,296626263,0 NAVSTAR 48 (USA 151),1 26407U 00040A   25245.20317605  .00000062  00000-0  00000-0 0  9993,2 26407  54.9209 226.6020 0131277 299.6901 121.7158  2.00566803184171
3.0,GENERATED VIA SPACE-TRACK.ORG API,2025-09-02 23:42:54+00:00,18 SPCS,NAVSTAR 48 (USA 151),2000-040A,EARTH,TEME,UTC,SGP4,2025-09-02 09:14:18.662208+00:00,2.00566801,0.01312702,54.9208,226.5948,299.6930,252.9568,0,U,26407,999,18417,0.00000000000000,0.00000061,0.0000000000000,26560.066,717.965,20530.585,19833.276,PAYLOAD,LARGE,US,2000-07-16,AFETR,,4821541,296656881,0 NAVSTAR 48 (USA 151),1 26407U 00040A   25245.38493822  .00000061  00000-0  00000-0 0  9997,2 26407  54.9208 226.5948 0131270 299.6930 252.9568  2.00566801184173
3.0,GENERATED VIA SPACE-TRACK.ORG API,2025-09-03 02:21:29+00:00,18 SPCS,NAVSTAR 48 (USA 151),2000-040A,EARTH,TEME,UTC,SGP4,2025-09-02 20:37:46.079040+00:00,2.00566795,0.01312496,54.9207,226.5759,299.7023,235.6558,0,U,26407,999,18418,0.00000000000000,0.00000058,0.0000000000000,26560.066,717.965,20530.531,19833.331,PAYLOAD,LARGE,US,2000-07-16,AFETR,,4821549,296687561,0 NAVSTAR 48 (USA 151),1 26407U 00040A   25245.85956110  .00000058  00000-0  00000-0 0  9999,2 26407  54.9207 226.5759 0131250 299.7023 235.6558  2.00566795184184
3.0,GENERATED VIA SPACE-TRACK.ORG API,2025-09-03 10:15:41+00:00,18 SPCS,NAVSTAR 48 (USA 151),2000-040A,EARTH,TEME,UTC,SGP4,2025-09-03 03:00:00.234144+00:00,2.00566792,0.01312377,54.9206,226.5654,299.7083,67.3158,0,U,26407,999,18419,0.00000000000000,0.00000057,0.0000000000000,26560.066,717.965,20530.499,19833.363,PAYLOAD,LARGE,US,2000-07-16,AFETR,,4821572,296718757,0 NAVSTAR 48 (USA 151),1 26407U 00040A   25246.12500271  .00000057  00000-0  00000-0 0  9992,2 26407  54.9206 226.5654 0131238 299.7083  67.3158  2.00566792184193
3.0,GENERATED VIA SPACE-TRACK.ORG API,2025-09-04 04:29:00+00:00,18 SPCS,NAVSTAR 48 (USA 151),2000-040A,EARTH,TEME,UTC,SGP4,2025-09-03 19:55:50.708064+00:00,2.00566783,0.01312064,54.9204,226.5373,299.7213,216.6798,0,U,26407,999,18420,0.00000000000000,0.00000052,0.0000000000000,26560.067,717.965,20530.417,19833.447,PAYLOAD,LARGE,US,2000-07-16,AFETR,,4821716,296749611,0 NAVSTAR 48 (USA 151),1 26407U 00040A   25246.83044801  .00000052  00000-0  00000-0 0  9997,2 26407  54.9204 226.5373 0131206 299.7213 216.6798  2.00566783184200
3.0,GENERATED VIA SPACE-TRACK.ORG API,2025-09-04 10:13:37+00:00,18 SPCS,NAVSTAR 48 (USA 151),2000-040A,EARTH,TEME,UTC,SGP4,2025-09-04 03:00:16.566336+00:00,2.00566780,0.01311932,54.9204,226.5256,299.7273,69.4978,0,U,26407,999,18421,0.00000000000000,0.00000050,0.0000000000000,26560.067,717.965,20530.382,19833.483,PAYLOAD,LARGE,US,2000-07-16,AFETR,,4821752,296779816,0 NAVSTAR 48 (USA 151),1 26407U 00040A   25247.12519174  .00000050  00000-0  00000-0 0  9998,2 26407  54.9204 226.5256 0131193 299.7273  69.4978  2.00566780184213
3.0,GENERATED VIA SPACE-TRACK.ORG API,2025-09-05 04:46:27+00:00,18 SPCS,NAVSTAR 48 (USA 151),2000-040A,EARTH,TEME,UTC,SGP4,2025-09-04 20:51:20.375712+00:00,2.00566771,0.01311628,54.9202,226.4961,299.7403,246.5521,0,U,26407,999,18422,0.00000000000000,0.00000046,0.0000000000000,26560.068,717.965,20530.303,19833.564,PAYLOAD,LARGE,US,2000-07-16,AFETR,,4821832,296811391,0 NAVSTAR 48 (USA 151),1 26407U 00040A   25247.86898583  .00000046  00000-0  00000-0 0  9998,2 26407  54.9202 226.4961 0131163 299.7403 246.5521  2.00566771184228
3.0,GENERATED VIA SPACE-TRACK.ORG API,2025-09-05 19:38:10+00:00,18 SPCS,NAVSTAR 48 (USA 151),2000-040A,EARTH,TEME,UTC,SGP4,2025-09-05 08:22:33.835008+00:00,2.00566764,0.01311428,54.9201,226.4770,299.7484,233.1471,0,U,26407,999,18423,0.00000000000000,0.00000043,0.0000000000000,26560.069,717.965,20530.250,19833.618,PAYLOAD,LARGE,US,2000-07-16,AFETR,,4821945,296873161,0 NAVSTAR 48 (USA 151),1 26407U 00040A   25248.34900272  .00000043  00000-0  00000-0 0  9998,2 26407  54.9201 226.4770 0131143 299.7484 233.1471  2.00566764184231
3.0,GENERATED VIA SPACE-TRACK.ORG API,2025-09-06 10:23:13+00:00,18 SPCS,NAVSTAR 48 (USA 151),2000-040A,EARTH,TEME,UTC,SGP4,2025-09-06 03:05:17.488896+00:00,2.00566754,0.01311102,54.9198,226.4461,299.7622,76.1068,0,U,26407,999,18425,0.00000000000000,0.00000040,0.0000000000000,26560.070,717.965,20530.164,19833.705,PAYLOAD,LARGE,US,2000-07-16,AFETR,,4822049,296934144,0 NAVSTAR 48 (USA 151),1 26407U 00040A   25249.12867464  .00000040  00000-0  00000-0 0  9997,2 26407  54.9198 226.4461 0131110 299.7622  76.1068  2.00566754184259
3.0,GENERATED VIA SPACE-TRACK.ORG API,2025-09-07 03:09:44+00:00,18 SPCS,NAVSTAR 48 (USA 151),2000-040A,EARTH,TEME,UTC,SGP4,2025-09-06 08:18:37.816128+00:00,2.00566751,0.01311014,54.9198,226.4374,299.7662,233.2213,0,U,26407,999,18425,0.00000000000000,0.00000039,0.0000000000000,26560.070,717.965,20530.141,19833.729,PAYLOAD,LARGE,US,2000-07-16,AFETR,,4822078,296965257,0 NAVSTAR 48 (USA 151),1 26407U 00040A   25249.34627102  .00000039  00000-0  00000-0 0  9992,2 26407  54.9198 226.4374 0131101 299.7662 233.2213  2.00566751184251
3.0,GENERATED VIA SPACE-TRACK.ORG API,2025-09-08 03:16:33+00:00,18 SPCS,NAVSTAR 48 (USA 151),2000-040A,EARTH,TEME,UTC,SGP4,2025-09-07 20:21:46.643328+00:00,2.00566737,0.01310419,54.9194,226.3777,299.7930,237.8693,0,U,26407,999,18428,0.00000000000000,0.00000037,0.0000000000000,26560.071,717.966,20529.984,19833.888,PAYLOAD,LARGE,US,2000-07-16,AFETR,,4822130,297027110,0 NAVSTAR 48 (USA 151),1 26407U 00040A   25250.84845652  .00000037  00000-0  00000-0 0  9999,2 26407  54.9194 226.3777 0131042 299.7930 237.8693  2.00566737184284
3.0,GENERATED VIA SPACE-TRACK.ORG API,2025-09-08 09:49:28+00:00,18 SPCS,NAVSTAR 48 (USA 151),2000-040A,EARTH,TEME,UTC,SGP4,2025-09-08 02:38:41.637696+00:00,2.00566734,0.01310301,54.9194,226.3673,299.7978,66.8632,0,U,26407,999,18429,0.00000000000000,0.00000038,0.0000000000000,26560.071,717.966,20529.953,19833.920,PAYLOAD,LARGE,US,2000-07-16,AFETR,,4822176,297058370,0 NAVSTAR 48 (USA 151),1 26407U 00040A   25251.11020414  .00000038  00000-0  00000-0 0  9992,2 26407  54.9194 226.3673 0131030 299.7978  66.8632  2.00566734184299
3.0,GENERATED VIA SPACE-TRACK.ORG API,2025-09-08 18:18:34+00:00,18 SPCS,NAVSTAR 48 (USA 151),2000-040A,EARTH,TEME,UTC,SGP4,2025-09-08 08:10:35.202144+00:00,2.00566733,0.01310206,54.9193,226.3582,299.8033,233.2798,0,U,26407,999,18429,0.00000000000000,0.00000038,0.0000000000000,26560.072,717.966,20529.928,19833.945,PAYLOAD,LARGE,US,2000-07-16,AFETR,,4822267,297089175,0 NAVSTAR 48 (USA 151),1 26407U 00040A   25251.34068521  .00000038  00000-0  00000-0 0  9998,2 26407  54.9193 226.3582 0131021 299.8033 233.2798  2.00566733184292
3.0,GENERATED VIA SPACE-TRACK.ORG API,2025-09-09 04:47:03+00:00,18 SPCS,NAVSTAR 48 (USA 151),2000-040A,EARTH,TEME,UTC,SGP4,2025-09-08 20:07:01.558272+00:00,2.00566730,0.01310005,54.9192,226.3384,299.8129,232.5170,0,U,26407,999,18430,0.00000000000000,0.00000040,0.0000000000000,26560.072,717.966,20529.875,19833.998,PAYLOAD,LARGE,US,2000-07-16,AFETR,,4822307,297120254,0 NAVSTAR 48 (USA 151),1 26407U 00040A   25251.83821248  .00000040  00000-0  00000-0 0  9998,2 26407  54.9192 226.3384 0131001 299.8129 232.5170  2.00566730184300
3.0,GENERATED VIA SPACE-TRACK.ORG API,2025-09-09 10:35:32+00:00,18 SPCS,NAVSTAR 48 (USA 151),2000-040A,EARTH,TEME,UTC,SGP4,2025-09-09 06:30:15.887808+00:00,2.00566728,0.01309822,54.9191,226.3212,299.8217,185.0211,0,U,26407,999,18431,0.00000000000000,0.00000042,0.0000000000000,26560.072,717.966,20529.827,19834.047,PAYLOAD,LARGE,US,2000-07-16,AFETR,,4822351,297150510,0 NAVSTAR 48 (USA 151),1 26407U 00040A   25252.27101722  .00000042  00000-0  00000-0 0  9997,2 26407  54.9191 226.3212 0130982 299.8217 185.0211  2.00566728184310
3.0,GENERATED VIA SPACE-TRACK.ORG API,2025-09-10 04:10:32+00:00,18 SPCS,NAVSTAR 48 (USA 151),2000-040A,EARTH,TEME,UTC,SGP4,2025-09-09 18:32:05.855136+00:00,2.00566728,0.01309610,54.9189,226.3013,299.8317,186.9623,0,U,26407,999,18432,0.00000000000000,0.00000044,0.0000000000000,26560.072,717.966,20529.770,19834.104,PAYLOAD,LARGE,US,2000-07-16,AFETR,,4822509,297182246,0 NAVSTAR 48 (USA 151),1 26407U 00040A   25252.77228999  .00000044  00000-0  00000-0 0  9990,2 26407  54.9189 226.3013 0130961 299.8317 186.9623  2.00566728184322
3.0,GENERATED VIA SPACE-TRACK.ORG API,2025-09-10 10:13:59+00:00,18 SPCS,NAVSTAR 48 (USA 151),2000-040A,EARTH,TEME,UTC,SGP4,2025-09-10 02:36:48.923712+00:00,2.00566727,0.01309447,54.9188,226.2880,299.8379,70.0100,0,U,26407,999,18433,0.00000000000000,0.00000046,0.0000000000000,26560.072,717.966,20529.727,19834.147,PAYLOAD,LARGE,US,2000-07-16,AFETR,,4822583,297213057,0 NAVSTAR 48 (USA 151),1 26407U 00040A   25253.10889958  .00000046  00000-0  00000-0 0  9998,2 26407  54.9188 226.2880 0130945 299.8379  70.0100  2.00566727184335
3.0,GENERATED VIA SPACE-TRACK.ORG API,2025-09-11 03:57:20+00:00,18 SPCS,NAVSTAR 48 (USA 151),2000-040A,EARTH,TEME,UTC,SGP4,2025-09-10 14:52:56.739360+00:00,2.00566729,0.01309224,54.9187,226.2677,299.8486,79.1198,0,U,26407,999,18434,0.00000000000000,0.00000049,0.0000000000000,26560.072,717.966,20529.668,19834.206,PAYLOAD,LARGE,US,2000-07-16,AFETR,,4822716,297274486,0 NAVSTAR 48 (USA 151),1 26407U 00040A   25253.62010115  .00000049  00000-0  00000-0 0  9999,2 26407  54.9187 226.2677 0130922 299.8486  79.1198  2.00566729184342
3.0,GENERATED VIA SPACE-TRACK.ORG API,2025-09-12 04:49:39+00:00,18 SPCS,NAVSTAR 48 (USA 151),2000-040A,EARTH,TEME,UTC,SGP4,2025-09-11 14:14:54.988800+00:00,2.00566735,0.01308786,54.9184,226.2290,299.8691,62.0948,0,U,26407,999,18436,0.00000000000000,0.00000053,0.0000000000000,26560.071,717.966,20529.551,19834.322,PAYLOAD,LARGE,US,2000-07-16,AFETR,,4822839,297336439,0 NAVSTAR 48 (USA 151),1 26407U 00040A   25254.59369200  .00000053  00000-0  00000-0 0  9993,2 26407  54.9184 226.2290 0130879 299.8691  62.0948  2.00566735184362
3.0,GENERATED VIA SPACE-TRACK.ORG API,2025-09-13 10:35:15+00:00,18 SPCS,NAVSTAR 48 (USA 151),2000-040A,EARTH,TEME,UTC,SGP4,2025-09-13 02:21:36.193248+00:00,2.00566753,0.01308110,54.9179,226.1692,299.9013,68.5125,0,U,26407,999,18439,0.00000000000000,0.00000052,0.0000000000000,26560.070,717.965,20529.370,19834.500,PAYLOAD,LARGE,US,2000-07-16,AFETR,,4822946,297429089,0 NAVSTAR 48 (USA 151),1 26407U 00040A   25256.09833557  .00000052  00000-0  00000-0 0  9990,2 26407  54.9179 226.1692 0130811 299.9013  68.5125  2.00566753184397
3.0,GENERATED VIA SPACE-TRACK.ORG API,2025-09-14 03:50:53+00:00,18 SPCS,NAVSTAR 48 (USA 151),2000-040A,EARTH,TEME,UTC,SGP4,2025-09-13 14:25:32.177568+00:00,2.00566759,0.01307873,54.9178,226.1493,299.9117,71.5065,0,U,26407,999,18440,0.00000000000000,0.00000050,0.0000000000000,26560.069,717.965,20529.306,19834.562,PAYLOAD,LARGE,US,2000-07-16,AFETR,,4822980,297460773,0 NAVSTAR 48 (USA 151),1 26407U 00040A   25256.60106687  .00000050  00000-0  00000-0 0  9992,2 26407  54.9178 226.1493 0130787 299.9117  71.5065  2.00566759184407
3.0,GENERATED VIA SPACE-TRACK.ORG API,2025-09-14 10:03:03+00:00,18 SPCS,NAVSTAR 48 (USA 151),2000-040A,EARTH,TEME,UTC,SGP4,2025-09-14 02:14:32.250048+00:00,2.00566768,0.01307649,54.9176,226.1297,299.9223,67.0131,0,U,26407,999,18441,0.00000000000000,0.00000045,0.0000000000000,26560.069,717.965,20529.246,19834.621,PAYLOAD,LARGE,US,2000-07-16,AFETR,,4823016,297491645,0 NAVSTAR 48 (USA 151),1 26407U 00040A   25257.09342882  .00000045  00000-0  00000-0 0  9999,2 26407  54.9176 226.1297 0130765 299.9223  67.0131  2.00566768184416
3.0,GENERATED VIA SPACE-TRACK.ORG API,2025-09-15 00:30:53+00:00,18 SPCS,NAVSTAR 48 (USA 151),2000-040A,EARTH,TEME,UTC,SGP4,2025-09-14 14:49:19.827840+00:00,2.00566778,0.01307434,54.9175,226.1089,299.9327,85.4814,0,U,26407,999,18442,0.00000000000000,0.00000040,0.0000000000000,26560.068,717.965,20529.188,19834.677,PAYLOAD,LARGE,US,2000-07-16,AFETR,,4823067,297522858,0 NAVSTAR 48 (USA 151),1 26407U 00040A   25257.61759060  .00000040  00000-0  00000-0 0  9992,2 26407  54.9175 226.1089 0130743 299.9327  85.4814  2.00566778184429
3.0,GENERATED VIA SPACE-TRACK.ORG API,2025-09-15 10:34:35+00:00,18 SPCS,NAVSTAR 48 (USA 151),2000-040A,EARTH,TEME,UTC,SGP4,2025-09-15 07:45:28.172736+00:00,2.00566792,0.01307180,54.9173,226.0809,299.9470,234.9936,0,U,26407,999,18443,0.00000000000000,0.00000030,0.0000000000000,26560.066,717.965,20529.119,19834.744,PAYLOAD,LARGE,US,2000-07-16,AFETR,,4823105,297553233,0 NAVSTAR 48 (USA 151),1 26407U 00040A   25258.32324274  .00000030  00000-0  00000-0 0  9995,2 26407  54.9173 226.0809 0130718 299.9470 234.9936  2.00566792184430
3.0,GENERATED VIA SPACE-TRACK.ORG API,2025-09-15 19:50:20+00:00,18 SPCS,NAVSTAR 48 (USA 151),2000-040A,EARTH,TEME,UTC,SGP4,2025-09-15 14:43:15.377952+00:00,2.00566797,0.01307062,54.9172,226.0694,299.9516,84.4815,0,U,26407,999,18444,0.00000000000000,0.00000026,0.0000000000000,26560.066,717.965,20529.087,19834.774,PAYLOAD,LARGE,US,2000-07-16,AFETR,,4823181,297584474,0 NAVSTAR 48 (USA 151),1 26407U 00040A   25258.61337243  .00000026  00000-0  00000-0 0  9992,2 26407  54.9172 226.0694 0130706 299.9516  84.4815  2.00566797184449
3.0,GENERATED VIA SPACE-TRACK.ORG API,2025-09-16 04:27:54+00:00,18 SPCS,NAVSTAR 48 (USA 151),2000-040A,EARTH,TEME,UTC,SGP4,2025-09-15 19:25:20.178912+00:00,2.00566803,0.01306992,54.9171,226.0616,299.9561,225.9213,0,U,26407,999,18444,0.00000000000000,0.00000022,0.0000000000000,26560.065,717.965,20529.068,19834.792,PAYLOAD,LARGE,US,2000-07-16,AFETR,,4823260,297646547,0 NAVSTAR 48 (USA 151),1 26407U 00040A   25258.80926133  .00000022  00000-0  00000-0 0  9991,2 26407  54.9171 226.0616 0130699 299.9561 225.9213  2.00566803184445
3.0,GENERATED VIA SPACE-TRACK.ORG API,2025-09-17 10:09:23+00:00,18 SPCS,NAVSTAR 48 (USA 151),2000-040A,EARTH,TEME,UTC,SGP4,2025-09-16 20:14:56.175936+00:00,2.00566830,0.01306584,54.9168,226.0205,299.9766,252.8367,0,U,26407,999,18446,0.00000000000000,0.00000005,0.0000000000000,26560.063,717.965,20528.957,19834.899,PAYLOAD,LARGE,US,2000-07-16,AFETR,,4823413,297739515,0 NAVSTAR 48 (USA 151),1 26407U 00040A   25259.84370574  .00000005  00000-0  00000-0 0  9999,2 26407  54.9168 226.0205 0130658 299.9766 252.8367  2.00566830184468
3.0,GENERATED VIA SPACE-TRACK.ORG API,2025-09-18 03:57:06+00:00,18 SPCS,NAVSTAR 48 (USA 151),2000-040A,EARTH,TEME,UTC,SGP4,2025-09-17 19:40:59.858400+00:00,2.00566858,0.01306197,54.9165,225.9817,299.9966,237.8637,0,U,26407,999,18448,0.00000000000000,-0.00000010,0.0000000000000,26560.061,717.965,20528.852,19834.999,PAYLOAD,LARGE,US,2000-07-16,AFETR,,4823497,297771233,0 NAVSTAR 48 (USA 151),1 26407U 00040A   25260.82013725 -.00000010  00000-0  00000-0 0  9998,2 26407  54.9165 225.9817 0130620 299.9966 237.8637  2.00566858184488
3.0,GENERATED VIA SPACE-TRACK.ORG API,2025-09-19 04:20:49+00:00,18 SPCS,NAVSTAR 48 (USA 151),2000-040A,EARTH,TEME,UTC,SGP4,2025-09-18 19:39:50.879232+00:00,2.00566889,0.01305790,54.9162,225.9420,300.0175,239.3312,0,U,26407,999,18450,0.00000000000000,-0.00000021,0.0000000000000,26560.058,717.965,20528.741,19835.104,PAYLOAD,LARGE,US,2000-07-16,AFETR,,4823679,297832912,0 NAVSTAR 48 (USA 151),1 26407U 00040A   25261.81933888 -.00000021  00000-0  00000-0 0  9991,2 26407  54.9162 225.9420 0130579 300.0175 239.3312  2.00566889184508
3.0,GENERATED VIA SPACE-TRACK.ORG API,2025-09-19 10:06:18+00:00,18 SPCS,NAVSTAR 48 (USA 151),2000-040A,EARTH,TEME,UTC,SGP4,2025-09-19 07:24:43.204896+00:00,2.00566906,0.01305580,54.9161,225.9226,300.0285,232.7671,0,U,26407,999,18451,0.00000000000000,-0.00000025,0.0000000000000,26560.056,717.965,20528.684,19835.159,PAYLOAD,LARGE,US,2000-07-16,AFETR,,4823771,297864324,0 NAVSTAR 48 (USA 151),1 26407U 00040A   25262.30883339 -.00000025  00000-0  00000-0 0  9995,2 26407  54.9161 225.9226 0130558 300.0285 232.7671  2.00566906184516
3.0,GENERATED VIA SPACE-TRACK.ORG API,2025-09-20 08:33:10+00:00,18 SPCS,NAVSTAR 48 (USA 151),2000-040A,EARTH,TEME,UTC,SGP4,2025-09-19 19:38:38.059584+00:00,2.00566924,0.01305357,54.9159,225.9024,300.0400,240.7652,0,U,26407,999,18452,0.00000000000000,-0.00000027,0.0000000000000,26560.055,717.965,20528.623,19835.216,PAYLOAD,LARGE,US,2000-07-16,AFETR,,4823855,297925872,0 NAVSTAR 48 (USA 151),1 26407U 00040A   25262.81849606 -.00000027  00000-0  00000-0 0  9992,2 26407  54.9159 225.9024 0130536 300.0400 240.7652  2.00566924184523
3.0,GENERATED VIA SPACE-TRACK.ORG API,2025-09-20 09:57:53+00:00,18 SPCS,NAVSTAR 48 (USA 151),2000-040A,EARTH,TEME,UTC,SGP4,2025-09-20 01:54:16.852608+00:00,2.00566932,0.01305252,54.9159,225.8920,300.0467,69.1204,0,U,26407,999,18453,0.00000000000000,-0.00000027,0.0000000000000,26560.054,717.965,20528.595,19835.243,PAYLOAD,LARGE,US,2000-07-16,AFETR,,4823862,297957221,0 NAVSTAR 48 (USA 151),1 26407U 00040A   25263.07936172 -.00000027  00000-0  00000-0 0  9996,2 26407  54.9159 225.8920 0130525 300.0467  69.1204  2.00566932184534
3.0,GENERATED VIA SPACE-TRACK.ORG API,2025-09-21 03:43:52+00:00,18 SPCS,NAVSTAR 48 (USA 151),2000-040A,EARTH,TEME,UTC,SGP4,2025-09-20 22:19:08.599296+00:00,2.00566963,0.01304823,54.9158,225.8582,300.0676,323.2873,0,U,26407,999,18454,0.00000000000000,-0.00000026,0.0000000000000,26560.051,717.965,20528.478,19835.355,PAYLOAD,LARGE,US,2000-07-16,AFETR,,4824003,297988030,0 NAVSTAR 48 (USA 151),1 26407U 00040A   25263.92996064 -.00000026  00000-0  00000-0 0  9995,2 26407  54.9158 225.8582 0130482 300.0676 323.2873  2.00566963184542
3.0,GENERATED VIA SPACE-TRACK.ORG API,2025-09-21 11:54:41+00:00,18 SPCS,NAVSTAR 48 (USA 151),2000-040A,EARTH,TEME,UTC,SGP4,2025-09-21 01:45:03.914208+00:00,2.00566967,0.01304765,54.9157,225.8526,300.0721,66.5391,0,U,26407,999,18455,0.00000000000000,-0.00000025,0.0000000000000,26560.051,717.965,20528.462,19835.370,PAYLOAD,LARGE,US,2000-07-16,AFETR,,4824053,298019420,0 NAVSTAR 48 (USA 151),1 26407U 00040A   25264.07296197 -.00000025  00000-0  00000-0 0  9991,2 26407  54.9157 225.8526 0130477 300.0721  66.5391  2.00566967184551
3.0,GENERATED VIA SPACE-TRACK.ORG API,2025-09-22 10:52:18+00:00,18 SPCS,NAVSTAR 48 (USA 151),2000-040A,EARTH,TEME,UTC,SGP4,2025-09-22 07:12:46.137600+00:00,2.00567007,0.01304161,54.9154,225.8038,300.1000,232.8981,0,U,26407,999,18457,0.00000000000000,-0.00000015,0.0000000000000,26560.047,717.965,20528.298,19835.527,PAYLOAD,LARGE,US,2000-07-16,AFETR,,4824121,298143826,0 NAVSTAR 48 (USA 151),1 26407U 00040A   25265.30053400 -.00000015  00000-0  00000-0 0  9995,2 26407  54.9154 225.8038 0130416 300.1000 232.8981  2.00567007184571
3.0,GENERATED VIA SPACE-TRACK.ORG API,2025-09-23 03:43:58+00:00,18 SPCS,NAVSTAR 48 (USA 151),2000-040A,EARTH,TEME,UTC,SGP4,2025-09-22 19:34:56.941248+00:00,2.00567019,0.01303937,54.9151,225.7834,300.1112,245.0411,0,U,26407,999,18458,0.00000000000000,-0.00000009,0.0000000000000,26560.046,717.965,20528.238,19835.585,PAYLOAD,LARGE,US,2000-07-16,AFETR,,4824189,298205397,0 NAVSTAR 48 (USA 151),1 26407U 00040A   25265.81593682 -.00000009  00000-0  00000-0 0  9995,2 26407  54.9151 225.7834 0130394 300.1112 245.0411  2.00567019184588
3.0,GENERATED VIA SPACE-TRACK.ORG API,2025-09-23 17:32:54+00:00,18 SPCS,NAVSTAR 48 (USA 151),2000-040A,EARTH,TEME,UTC,SGP4,2025-09-23 01:37:15.849120+00:00,2.00567025,0.01303829,54.9150,225.7734,300.1173,66.7122,0,U,26407,999,18459,0.00000000000000,-0.00000006,0.0000000000000,26560.046,717.964,20528.208,19835.613,PAYLOAD,LARGE,US,2000-07-16,AFETR,,4824200,298236910,0 NAVSTAR 48 (USA 151),1 26407U 00040A   25266.06754455 -.00000006  00000-0  00000-0 0  9997,2 26407  54.9150 225.7734 0130383 300.1173  66.7122  2.00567025184596
3.0,GENERATED VIA SPACE-TRACK.ORG API,2025-09-25 10:31:37+00:00,18 SPCS,NAVSTAR 48 (USA 151),2000-040A,EARTH,TEME,UTC,SGP4,2025-09-25 07:00:39.423744+00:00,2.00567071,0.01302787,54.9144,225.6851,300.1619,232.9585,0,U,26407,999,18463,0.00000000000000,0.00000018,0.0000000000000,26560.042,717.964,20527.928,19835.886,PAYLOAD,LARGE,US,2000-07-16,AFETR,,4824485,298391869,0 NAVSTAR 48 (USA 151),1 26407U 00040A   25268.29212296  .00000018  00000-0  00000-0 0  9998,2 26407  54.9144 225.6851 0130279 300.1619 232.9585  2.00567071184633
3.0,GENERATED VIA SPACE-TRACK.ORG API,2025-09-26 10:05:26+00:00,18 SPCS,NAVSTAR 48 (USA 151),2000-040A,EARTH,TEME,UTC,SGP4,2025-09-26 01:05:33.589824+00:00,2.00567079,0.01302467,54.9142,225.6552,300.1784,56.9495,0,U,26407,999,18464,0.00000000000000,0.00000023,0.0000000000000,26560.041,717.964,20527.842,19835.970,PAYLOAD,LARGE,US,2000-07-16,AFETR,,4824534,298454515,0 NAVSTAR 48 (USA 151),1 26407U 00040A   25269.04552766  .00000023  00000-0  00000-0 0  9997,2 26407  54.9142 225.6552 0130247 300.1784  56.9495  2.00567079184640
3.0,GENERATED VIA SPACE-TRACK.ORG API,2025-09-27 02:24:26+00:00,18 SPCS,NAVSTAR 48 (USA 151),2000-040A,EARTH,TEME,UTC,SGP4,2025-09-26 14:11:17.001600+00:00,2.00567083,0.01302205,54.9140,225.6336,300.1900,90.9266,0,U,26407,999,18466,0.00000000000000,0.00000026,0.0000000000000,26560.041,717.964,20527.772,19836.040,PAYLOAD,LARGE,US,2000-07-16,AFETR,,4824809,298491614,0 NAVSTAR 48 (USA 151),1 26407U 00040A   25269.59116900  .00000026  00000-0  00000-0 0  9996,2 26407  54.9140 225.6336 0130220 300.1900  90.9266  2.00567083184660
3.0,GENERATED VIA SPACE-TRACK.ORG API,2025-09-27 10:26:35+00:00,18 SPCS,NAVSTAR 48 (USA 151),2000-040A,EARTH,TEME,UTC,SGP4,2025-09-27 06:51:23.959872+00:00,2.00567085,0.01301855,54.9138,225.6060,300.2038,232.4053,0,U,26407,999,18467,0.00000000000000,0.00000028,0.0000000000000,26560.040,717.964,20527.679,19836.132,PAYLOAD,LARGE,US,2000-07-16,AFETR,,4824833,298522558,0 NAVSTAR 48 (USA 151),1 26407U 00040A   25270.28569398  .00000028  00000-0  00000-0 0  9999,2 26407  54.9138 225.6060 0130186 300.2038 232.4053  2.00567085184675
3.0,GENERATED VIA SPACE-TRACK.ORG API,2025-09-27 19:49:52+00:00,18 SPCS,NAVSTAR 48 (USA 151),2000-040A,EARTH,TEME,UTC,SGP4,2025-09-27 14:25:14.572704+00:00,2.00567085,0.01301705,54.9137,225.5935,300.2124,99.9694,0,U,26407,999,18468,0.00000000000000,0.00000028,0.0000000000000,26560.040,717.964,20527.639,19836.172,PAYLOAD,LARGE,US,2000-07-16,AFETR,,4824899,298553872,0 NAVSTAR 48 (USA 151),1 26407U 00040A   25270.60086311  .00000028  00000-0  00000-0 0  9994,2 26407  54.9137 225.5935 0130170 300.2124  99.9694  2.00567085184681
3.0,GENERATED VIA SPACE-TRACK.ORG API,2025-09-28 04:05:56+00:00,18 SPCS,NAVSTAR 48 (USA 151),2000-040A,EARTH,TEME,UTC,SGP4,2025-09-27 15:56:40.571808+00:00,2.00567085,0.01301662,54.9137,225.5910,300.2134,145.8162,0,U,26407,999,18468,0.00000000000000,0.00000028,0.0000000000000,26560.041,717.964,20527.627,19836.184,PAYLOAD,LARGE,US,2000-07-16,AFETR,,4824924,298584817,0 NAVSTAR 48 (USA 151),1 26407U 00040A   25270.66435847  .00000028  00000-0  00000-0 0  9992,2 26407  54.9137 225.5910 0130166 300.2134 145.8162  2.00567085184681
3.0,GENERATED VIA SPACE-TRACK.ORG API,2025-09-28 10:36:39+00:00,18 SPCS,NAVSTAR 48 (USA 151),2000-040A,EARTH,TEME,UTC,SGP4,2025-09-28 04:59:52.567584+00:00,2.00567084,0.01301377,54.9135,225.5694,300.2255,178.5274,0,U,26407,999,18469,0.00000000000000,0.00000027,0.0000000000000,26560.041,717.964,20527.552,19836.259,PAYLOAD,LARGE,US,2000-07-16,AFETR,,4824963,298616282,0 NAVSTAR 48 (USA 151),1 26407U 00040A   25271.20824731  .00000027  00000-0  00000-0 0  9996,2 26407  54.9135 225.5694 0130138 300.2255 178.5274  2.00567084184698
3.0,GENERATED VIA SPACE-TRACK.ORG API,2025-09-29 10:14:38+00:00,18 SPCS,NAVSTAR 48 (USA 151),2000-040A,EARTH,TEME,UTC,SGP4,2025-09-29 06:43:35.198400+00:00,2.00567077,0.01300799,54.9131,225.5269,300.2499,232.5725,0,U,26407,999,18471,0.00000000000000,0.00000024,0.0000000000000,26560.041,717.964,20527.399,19836.413,PAYLOAD,LARGE,US,2000-07-16,AFETR,,4825035,298678530,0 NAVSTAR 48 (USA 151),1 26407U 00040A   25272.28026850  .00000024  00000-0  00000-0 0  9998,2 26407  54.9131 225.5269 0130080 300.2499 232.5725  2.00567077184715
3.0,GENERATED VIA SPACE-TRACK.ORG API,2025-09-30 07:36:19+00:00,18 SPCS,NAVSTAR 48 (USA 151),2000-040A,EARTH,TEME,UTC,SGP4,2025-09-30 02:22:04.136736+00:00,2.00567070,0.01300340,54.9128,225.4944,300.2699,103.4840,0,U,26407,999,18473,0.00000000000000,0.00000020,0.0000000000000,26560.042,717.964,20527.278,19836.536,PAYLOAD,LARGE,US,2000-07-16,AFETR,,4825895,298751096,0 NAVSTAR 48 (USA 151),1 26407U 00040A   25273.09865899  .00000020  00000-0  00000+0 0  9997,2 26407  54.9128 225.4944 0130034 300.2699 103.4840  2.00567070184730
3.0,GENERATED VIA SPACE-TRACK.ORG API,2025-09-30 10:14:30+00:00,18 SPCS,NAVSTAR 48 (USA 151),2000-040A,EARTH,TEME,UTC,SGP4,2025-09-30 07:07:37.000992+00:00,2.00567068,0.01300237,54.9128,225.4865,300.2740,246.6633,0,U,26407,999,18473,0.00000000000000,0.00000019,0.0000000000000,26560.042,717.964,20527.250,19836.564,PAYLOAD,LARGE,US,2000-07-16,AFETR,,4826338,298767589,0 NAVSTAR 48 (USA 151),1 26407U 00040A   25273.29695603  .00000019  00000-0  00000-0 0  9992,2 26407  54.9128 225.4865 0130024 300.2740 246.6633  2.00567068184735
3.0,GENERATED VIA SPACE-TRACK.ORG API,2025-09-30 14:56:22+00:00,18 SPCS,NAVSTAR 48 (USA 151),2000-040A,EARTH,TEME,UTC,SGP4,2025-09-30 07:07:37.000128+00:00,2.00567068,0.01300240,54.9128,225.4865,300.2740,246.6633,0,U,26407,999,18473,0.00000000000000,0.00000019,0.0000000000000,26560.042,717.964,20527.251,19836.563,PAYLOAD,LARGE,US,2000-07-16,AFETR,,4826788,298802861,0 NAVSTAR 48 (USA 151),1 26407U 00040A   25273.29695602  .00000019  00000-0  00000+0 0  9990,2 26407  54.9128 225.4865 0130024 300.2740 246.6633  2.00567068184735
3.0,GENERATED VIA SPACE-TRACK.ORG API,2025-10-01 22:46:21+00:00,18 SPCS,NAVSTAR 48 (USA 151),2000-040A,EARTH,TEME,UTC,SGP4,2025-10-01 18:37:47.662176+00:00,2.00567048,0.01299470,54.9123,225.4278,300.3058,234.7756,0,U,26407,999,18476,0.00000000000000,0.00000010,0.0000000000000,26560.044,717.964,20527.049,19836.769,PAYLOAD,LARGE,US,2000-07-16,AFETR,,4829638,298928093,0 NAVSTAR 48 (USA 151),1 26407U 00040A   25274.77624609  .00000010  00000-0  00000+0 0  9994,2 26407  54.9123 225.4278 0129947 300.3058 234.7756  2.00567048184768
3.0,GENERATED VIA SPACE-TRACK.ORG API,2025-10-02 03:26:56+00:00,18 SPCS,NAVSTAR 48 (USA 151),2000-040A,EARTH,TEME,UTC,SGP4,2025-10-01 18:37:47.662176+00:00,2.00567048,0.01299472,54.9123,225.4278,300.3058,234.7756,0,U,26407,999,18476,0.00000000000000,0.00000010,0.0000000000000,26560.044,717.964,20527.049,19836.768,PAYLOAD,LARGE,US,2000-07-16,AFETR,,4829844,298939773,0 NAVSTAR 48 (USA 151),1 26407U 00040A   25274.77624609  .00000010  00000-0  00000-0 0  9995,2 26407  54.9123 225.4278 0129947 300.3058 234.7756  2.00567048184768
3.0,GENERATED VIA SPACE-TRACK.ORG API,2025-10-02 07:16:36+00:00,18 SPCS,NAVSTAR 48 (USA 151),2000-040A,EARTH,TEME,UTC,SGP4,2025-10-02 01:00:19.767744+00:00,2.00567046,0.01299340,54.9122,225.4173,300.3107,66.5871,0,U,26407,999,18477,0.00000000000000,0.00000009,0.0000000000000,26560.044,717.964,20527.014,19836.804,PAYLOAD,LARGE,US,2000-07-16,AFETR,,4830417,298977063,0 NAVSTAR 48 (USA 151),1 26407U 00040A   25275.04189546  .00000009  00000-0  00000+0 0  9999,2 26407  54.9122 225.4173 0129934 300.3107  66.5871  2.00567046184770
3.0,GENERATED VIA SPACE-TRACK.ORG API,2025-10-02 20:40:47+00:00,18 SPCS,NAVSTAR 48 (USA 151),2000-040A,EARTH,TEME,UTC,SGP4,2025-10-02 06:31:38.540640+00:00,2.00567044,0.01299224,54.9122,225.4081,300.3155,232.7139,0,U,26407,999,18477,0.00000000000000,0.00000008,0.0000000000000,26560.044,717.964,20526.984,19836.835,PAYLOAD,LARGE,US,2000-07-16,AFETR,,4830696,298990223,0 NAVSTAR 48 (USA 151),1 26407U 00040A   25275.27197385  .00000008  00000-0  00000-0 0  9994,2 26407  54.9122 225.4081 0129922 300.3155 232.7139  2.00567044184770
3.0,GENERATED VIA SPACE-TRACK.ORG API,2025-10-02 21:16:34+00:00,18 SPCS,NAVSTAR 48 (USA 151),2000-040A,EARTH,TEME,UTC,SGP4,2025-10-02 06:31:38.539776+00:00,2.00567044,0.01299220,54.9122,225.4081,300.3155,232.7139,0,U,26407,999,18477,0.00000000000000,0.00000008,0.0000000000000,26560.044,717.964,20526.983,19836.836,PAYLOAD,LARGE,US,2000-07-16,AFETR,,4831263,299028580,0 NAVSTAR 48 (USA 151),1 26407U 00040A   25275.27197384  .00000008  00000-0  00000+0 0  9992,2 26407  54.9122 225.4081 0129922 300.3155 232.7139  2.00567044184770
3.0,GENERATED VIA SPACE-TRACK.ORG API,2025-10-03 02:26:47+00:00,18 SPCS,NAVSTAR 48 (USA 151),2000-040A,EARTH,TEME,UTC,SGP4,2025-10-02 18:36:59.570208+00:00,2.00567040,0.01298974,54.9120,225.3881,300.3257,236.4195,0,U,26407,999,18478,0.00000000000000,0.00000005,0.0000000000000,26560.044,717.964,20526.918,19836.901,PAYLOAD,LARGE,US,2000-07-16,AFETR,,4831546,299041458,0 NAVSTAR 48 (USA 151),1 26407U 00040A   25275.77568947  .00000005  00000-0  00000-0 0  9992,2 26407  54.9120 225.3881 0129897 300.3257 236.4195  2.00567040184789
3.0,GENERATED VIA SPACE-TRACK.ORG API,2025-10-03 13:06:46+00:00,18 SPCS,NAVSTAR 48 (USA 151),2000-040A,EARTH,TEME,UTC,SGP4,2025-10-03 06:26:40.807104+00:00,2.00567036,0.01298728,54.9119,225.3686,300.3355,232.2713,0,U,26407,999,18479,0.00000000000000,0.00000004,0.0000000000000,26560.045,717.964,20526.853,19836.967,PAYLOAD,LARGE,US,2000-07-16,AFETR,,4831615,299072441,0 NAVSTAR 48 (USA 151),1 26407U 00040A   25276.26852786  .00000004  00000-0  00000-0 0  9993,2 26407  54.9119 225.3686 0129873 300.3355 232.2713  2.00567036184799
3.0,GENERATED VIA SPACE-TRACK.ORG API,2025-10-05 07:26:57+00:00,18 SPCS,NAVSTAR 48 (USA 151),2000-040A,EARTH,TEME,UTC,SGP4,2025-10-05 00:47:28.277088+00:00,2.00567021,0.01297850,54.9113,225.2985,300.3715,66.2755,0,U,26407,999,18483,0.00000000000000,0.00000002,0.0000000000000,26560.046,717.964,20526.621,19837.202,PAYLOAD,LARGE,US,2000-07-16,AFETR,,4833453,299164543,0 NAVSTAR 48 (USA 151),1 26407U 00040A   25278.03296617  .00000002  00000-0  00000+0 0  9992,2 26407  54.9113 225.2985 0129785 300.3715  66.2755  2.00567021184836
3.0,GENERATED VIA SPACE-TRACK.ORG API,2025-10-05 14:56:20+00:00,18 SPCS,NAVSTAR 48 (USA 151),2000-040A,EARTH,TEME,UTC,SGP4,2025-10-05 06:26:42.757152+00:00,2.00567020,0.01297730,54.9113,225.2891,300.3773,236.3770,0,U,26407,999,18483,0.00000000000000,0.00000003,0.0000000000000,26560.046,717.964,20526.589,19837.234,PAYLOAD,LARGE,US,2000-07-16,AFETR,,4834280,299184370,0 NAVSTAR 48 (USA 151),1 26407U 00040A   25278.26855043  .00000003  00000-0  00000+0 0  9992,2 26407  54.9113 225.2891 0129773 300.3773 236.3770  2.00567020184839
3.0,GENERATED VIA SPACE-TRACK.ORG API,2025-10-06 15:16:25+00:00,18 SPCS,NAVSTAR 48 (USA 151),2000-040A,EARTH,TEME,UTC,SGP4,2025-10-06 06:25:59.441376+00:00,2.00567016,0.01297230,54.9110,225.2494,300.3992,238.0587,0,U,26407,999,18485,0.00000000000000,0.00000006,0.0000000000000,26560.047,717.965,20526.456,19837.367,PAYLOAD,LARGE,US,2000-07-16,AFETR,,4836060,299221398,0 NAVSTAR 48 (USA 151),1 26407U 00040A   25279.26804909  .00000006  00000-0  00000+0 0  9991,2 26407  54.9110 225.2494 0129723 300.3992 238.0587  2.00567016184855
3.0,GENERATED VIA SPACE-TRACK.ORG API,2025-10-06 19:15:26+00:00,18 SPCS,NAVSTAR 48 (USA 151),2000-040A,EARTH,TEME,UTC,SGP4,2025-10-06 06:25:59.441376+00:00,2.00567016,0.01297230,54.9110,225.2494,300.3992,238.0587,0,U,26407,999,18485,0.00000000000000,0.00000006,0.0000000000000,26560.047,717.965,20526.456,19837.367,PAYLOAD,LARGE,US,2000-07-16,AFETR,,4836314,299233766,0 NAVSTAR 48 (USA 151),1 26407U 00040A   25279.26804909  .00000006  00000-0  00000-0 0  9992,2 26407  54.9110 225.2494 0129723 300.3992 238.0587  2.00567016184855
3.0,GENERATED VIA SPACE-TRACK.ORG API,2025-10-07 11:10:06+00:00,18 SPCS,NAVSTAR 48 (USA 151),2000-040A,EARTH,TEME,UTC,SGP4,2025-10-07 03:58:35.780160+00:00,2.00567013,0.01296774,54.9108,225.2138,300.4195,166.1953,0,U,26407,999,18487,0.00000000000000,0.00000011,0.0000000000000,26560.047,717.965,20526.336,19837.488,PAYLOAD,LARGE,US,2000-07-16,AFETR,,4836423,299295207,0 NAVSTAR 48 (USA 151),1 26407U 00040A   25280.16569190  .00000011  00000-0  00000-0 0  9999,2 26407  54.9108 225.2138 0129677 300.4195 166.1953  2.00567013184878
3.0,GENERATED VIA SPACE-TRACK.ORG API,2025-10-07 23:26:21+00:00,18 SPCS,NAVSTAR 48 (USA 151),2000-040A,EARTH,TEME,UTC,SGP4,2025-10-07 17:04:52.722048+00:00,2.00567011,0.01296520,54.9106,225.1922,300.4309,200.4528,0,U,26407,999,18488,0.00000000000000,0.00000014,0.0000000000000,26560.047,717.965,20526.268,19837.556,PAYLOAD,LARGE,US,2000-07-16,AFETR,,4836805,299359217,0 NAVSTAR 48 (USA 151),1 26407U 00040A   25280.71172132  .00000014  00000-0  00000+0 0  9998,2 26407  54.9106 225.1922 0129652 300.4309 200.4528  2.00567011184885
3.0,GENERATED VIA SPACE-TRACK.ORG API,2025-10-08 03:17:49+00:00,18 SPCS,NAVSTAR 48 (USA 151),2000-040A,EARTH,TEME,UTC,SGP4,2025-10-07 17:04:52.722912+00:00,2.00567011,0.01296521,54.9106,225.1922,300.4309,200.4528,0,U,26407,999,18488,0.00000000000000,0.00000014,0.0000000000000,26560.047,717.965,20526.269,19837.555,PAYLOAD,LARGE,US,2000-07-16,AFETR,,4836982,299369570,0 NAVSTAR 48 (USA 151),1 26407U 00040A   25280.71172133  .00000014  00000-0  00000-0 0  9990,2 26407  54.9106 225.1922 0129652 300.4309 200.4528  2.00567011184885
3.0,GENERATED VIA SPACE-TRACK.ORG API,2025-10-08 07:06:35+00:00,18 SPCS,NAVSTAR 48 (USA 151),2000-040A,EARTH,TEME,UTC,SGP4,2025-10-08 04:44:30.204384+00:00,2.00567013,0.01296270,54.9104,225.1729,300.4420,191.2577,0,U,26407,999,18489,0.00000000000000,0.00000017,0.0000000000000,26560.047,717.965,20526.202,19837.622,PAYLOAD,LARGE,US,2000-07-16,AFETR,,4837454,299404744,0 NAVSTAR 48 (USA 151),1 26407U 00040A   25281.19757181  .00000017  00000-0  00000+0 0  9997,2 26407  54.9104 225.1729 0129627 300.4420 191.2577  2.00567013184898
3.0,GENERATED VIA SPACE-TRACK.ORG API,2025-10-08 10:51:44+00:00,18 SPCS,NAVSTAR 48 (USA 151),2000-040A,EARTH,TEME,UTC,SGP4,2025-10-08 06:23:22.231392+00:00,2.00567014,0.01296222,54.9104,225.1701,300.4439,240.8311,0,U,26407,999,18489,0.00000000000000,0.00000018,0.0000000000000,26560.047,717.965,20526.189,19837.635,PAYLOAD,LARGE,US,2000-07-16,AFETR,,4837766,299418602,0 NAVSTAR 48 (USA 151),1 26407U 00040A   25281.26622953  .00000018  00000-0  00000-0 0  9995,2 26407  54.9104 225.1701 0129622 300.4439 240.8311  2.00567014184891
3.0,GENERATED VIA SPACE-TRACK.ORG API,2025-10-08 14:56:23+00:00,18 SPCS,NAVSTAR 48 (USA 151),2000-040A,EARTH,TEME,UTC,SGP4,2025-10-08 06:23:22.231392+00:00,2.00567014,0.01296220,54.9104,225.1701,300.4439,240.8311,0,U,26407,999,18489,0.00000000000000,0.00000018,0.0000000000000,26560.047,717.965,20526.188,19837.635,PAYLOAD,LARGE,US,2000-07-16,AFETR,,4838298,299455269,0 NAVSTAR 48 (USA 151),1 26407U 00040A   25281.26622953  .00000018  00000-0  00000+0 0  9994,2 26407  54.9104 225.1701 0129622 300.4439 240.8311  2.00567014184891
3.0,GENERATED VIA SPACE-TRACK.ORG API,2025-10-09 07:36:30+00:00,18 SPCS,NAVSTAR 48 (USA 151),2000-040A,EARTH,TEME,UTC,SGP4,2025-10-09 00:37:23.101248+00:00,2.00567017,0.01295800,54.9102,225.1400,300.4611,69.3905,0,U,26407,999,18491,0.00000000000000,0.00000021,0.0000000000000,26560.047,717.965,20526.077,19837.746,PAYLOAD,LARGE,US,2000-07-16,AFETR,,4839738,299552486,0 NAVSTAR 48 (USA 151),1 26407U 00040A   25282.02596182  .00000021  00000-0  00000+0 0  9997,2 26407  54.9102 225.1400 0129580 300.4611  69.3905  2.00567017184919
3.0,GENERATED VIA SPACE-TRACK.ORG API,2025-10-09 11:55:26+00:00,18 SPCS,NAVSTAR 48 (USA 151),2000-040A,EARTH,TEME,UTC,SGP4,2025-10-09 00:37:23.101248+00:00,2.00567017,0.01295803,54.9102,225.1400,300.4611,69.3905,0,U,26407,999,18491,0.00000000000000,0.00000021,0.0000000000000,26560.046,717.965,20526.077,19837.746,PAYLOAD,LARGE,US,2000-07-16,AFETR,,4839836,299560993,0 NAVSTAR 48 (USA 151),1 26407U 00040A   25282.02596182  .00000021  00000-0  00000-0 0  9998,2 26407  54.9102 225.1400 0129580 300.4611  69.3905  2.00567017184919
3.0,GENERATED VIA SPACE-TRACK.ORG API,2025-10-10 15:56:43+00:00,18 SPCS,NAVSTAR 48 (USA 151),2000-040A,EARTH,TEME,UTC,SGP4,2025-10-10 06:20:18.790368+00:00,2.00567033,0.01295140,54.9097,225.0908,300.4908,243.3825,0,U,26407,999,18493,0.00000000000000,0.00000021,0.0000000000000,26560.045,717.964,20525.900,19837.920,PAYLOAD,LARGE,US,2000-07-16,AFETR,,4842161,299732172,0 NAVSTAR 48 (USA 151),1 26407U 00040A   25283.26410637  .00000021  00000-0  00000+0 0  9994,2 26407  54.9097 225.0908 0129514 300.4908 243.3825  2.00567033184935
3.0,GENERATED VIA SPACE-TRACK.ORG API,2025-10-11 02:58:56+00:00,18 SPCS,NAVSTAR 48 (USA 151),2000-040A,EARTH,TEME,UTC,SGP4,2025-10-10 06:20:18.790368+00:00,2.00567033,0.01295144,54.9097,225.0908,300.4908,243.3826,0,U,26407,999,18493,0.00000000000000,0.00000021,0.0000000000000,26560.045,717.964,20525.901,19837.919,PAYLOAD,LARGE,US,2000-07-16,AFETR,,4843180,299761752,0 NAVSTAR 48 (USA 151),1 26407U 00040A   25283.26410637  .00000021  00000-0  00000-0 0  9995,2 26407  54.9097 225.0908 0129514 300.4908 243.3826  2.00567033184936
3.0,GENERATED VIA SPACE-TRACK.ORG API,2025-10-11 07:56:19+00:00,18 SPCS,NAVSTAR 48 (USA 151),2000-040A,EARTH,TEME,UTC,SGP4,2025-10-11 00:24:45.729216+00:00,2.00567043,0.01294730,54.9095,225.0609,300.5073,67.1463,0,U,26407,999,18495,0.00000000000000,0.00000018,0.0000000000000,26560.044,717.964,20525.790,19838.028,PAYLOAD,LARGE,US,2000-07-16,AFETR,,4843693,299797477,0 NAVSTAR 48 (USA 151),1 26407U 00040A   25284.01719594  .00000018  00000-0  00000+0 0  9998,2 26407  54.9095 225.0609 0129473 300.5073  67.1463  2.00567043184952
3.0,GENERATED VIA SPACE-TRACK.ORG API,2025-10-11 10:47:38+00:00,18 SPCS,NAVSTAR 48 (USA 151),2000-040A,EARTH,TEME,UTC,SGP4,2025-10-11 05:54:43.050240+00:00,2.00567049,0.01294622,54.9094,225.0518,300.5134,232.5912,0,U,26407,999,18495,0.00000000000000,0.00000016,0.0000000000000,26560.044,717.964,20525.761,19838.057,PAYLOAD,LARGE,US,2000-07-16,AFETR,,4843990,299810952,0 NAVSTAR 48 (USA 151),1 26407U 00040A   25284.24633160  .00000016  00000-0  00000-0 0  9996,2 26407  54.9094 225.0518 0129462 300.5134 232.5912  2.00567049184959
3.0,GENERATED VIA SPACE-TRACK.ORG API,2025-10-12 10:10:24+00:00,18 SPCS,NAVSTAR 48 (USA 151),2000-040A,EARTH,TEME,UTC,SGP4,2025-10-12 05:50:50.553024+00:00,2.00567067,0.01294092,54.9090,225.0123,300.5358,232.6914,0,U,26407,999,18497,0.00000000000000,0.00000005,0.0000000000000,26560.042,717.964,20525.619,19838.196,PAYLOAD,LARGE,US,2000-07-16,AFETR,,4844130,299873421,0 NAVSTAR 48 (USA 151),1 26407U 00040A   25285.24364066  .00000005  00000-0  00000-0 0  9991,2 26407  54.9090 225.0123 0129409 300.5358 232.6914  2.00567067184971
3.0,GENERATED VIA SPACE-TRACK.ORG API,2025-10-13 02:18:25+00:00,18 SPCS,NAVSTAR 48 (USA 151),2000-040A,EARTH,TEME,UTC,SGP4,2025-10-12 17:44:16.486080+00:00,2.00567078,0.01293848,54.9088,224.9926,300.5463,230.4205,0,U,26407,999,18498,0.00000000000000,-0.00000001,0.0000000000000,26560.041,717.964,20525.553,19838.260,PAYLOAD,LARGE,US,2000-07-16,AFETR,,4844295,299936419,0 NAVSTAR 48 (USA 151),1 26407U 00040A   25285.73907970 -.00000001  00000-0  00000-0 0  9999,2 26407  54.9088 224.9926 0129385 300.5463 230.4205  2.00567078184989
3.0,GENERATED VIA SPACE-TRACK.ORG API,2025-10-13 10:50:46+00:00,18 SPCS,NAVSTAR 48 (USA 151),2000-040A,EARTH,TEME,UTC,SGP4,2025-10-13 00:14:53.858112+00:00,2.00567083,0.01293700,54.9087,224.9818,300.5516,66.2871,0,U,26407,999,18499,0.00000000000000,-0.00000006,0.0000000000000,26560.041,717.964,20525.513,19838.298,PAYLOAD,LARGE,US,2000-07-16,AFETR,,4844340,299967294,0 NAVSTAR 48 (USA 151),1 26407U 00040A   25286.01034558 -.00000006  00000-0  00000-0 0  9999,2 26407  54.9087 224.9818 0129370 300.5516  66.2871  2.00567083184992
3.0,GENERATED VIA SPACE-TRACK.ORG API,2025-10-13 18:48:44+00:00,18 SPCS,NAVSTAR 48 (USA 151),2000-040A,EARTH,TEME,UTC,SGP4,2025-10-13 11:50:11.165856+00:00,2.00567095,0.01293461,54.9085,224.9627,300.5619,54.9185,0,U,26407,999,18499,0.00000000000000,-0.00000013,0.0000000000000,26560.040,717.964,20525.448,19838.361,PAYLOAD,LARGE,US,2000-07-16,AFETR,,4844365,299998323,0 NAVSTAR 48 (USA 151),1 26407U 00040A   25286.49318479 -.00000013  00000-0  00000-0 0  9996,2 26407  54.9085 224.9627 0129346 300.5619  54.9185  2.00567095184990
3.0,GENERATED VIA SPACE-TRACK.ORG API,2025-10-14 17:26:50+00:00,18 SPCS,NAVSTAR 48 (USA 151),2000-040A,EARTH,TEME,UTC,SGP4,2025-10-14 05:25:56.570880+00:00,2.00567112,0.01293103,54.9082,224.9336,300.5783,224.2951,0,U,26407,999,18501,0.00000000000000,-0.00000025,0.0000000000000,26560.038,717.964,20525.352,19838.454,PAYLOAD,LARGE,US,2000-07-16,AFETR,,4844448,300060786,0 NAVSTAR 48 (USA 151),1 26407U 00040A   25287.22634920 -.00000025  00000-0  00000-0 0  9993,2 26407  54.9082 224.9336 0129310 300.5783 224.2951  2.00567112185014
3.0,GENERATED VIA SPACE-TRACK.ORG API,2025-10-15 02:21:28+00:00,18 SPCS,NAVSTAR 48 (USA 151),2000-040A,EARTH,TEME,UTC,SGP4,2025-10-14 17:51:59.789664+00:00,2.00567126,0.01292845,54.9080,224.9130,300.5895,238.3811,0,U,26407,999,18502,0.00000000000000,-0.00000033,0.0000000000000,26560.037,717.964,20525.282,19838.522,PAYLOAD,LARGE,US,2000-07-16,AFETR,,4844485,300092369,0 NAVSTAR 48 (USA 151),1 26407U 00040A   25287.74444201 -.00000033  00000-0  00000-0 0  9990,2 26407  54.9080 224.9130 0129285 300.5895 238.3811  2.00567126185026
3.0,GENERATED VIA SPACE-TRACK.ORG API,2025-10-15 18:23:35+00:00,18 SPCS,NAVSTAR 48 (USA 151),2000-040A,EARTH,TEME,UTC,SGP4,2025-10-15 11:47:17.706624+00:00,2.00567145,0.01292470,54.9078,224.8834,300.6056,57.5570,0,U,26407,999,18503,0.00000000000000,-0.00000042,0.0000000000000,26560.035,717.964,20525.181,19838.620,PAYLOAD,LARGE,US,2000-07-16,AFETR,,4844545,300123262,0 NAVSTAR 48 (USA 151),1 26407U 00040A   25288.49117716 -.00000042  00000-0  00000-0 0  9991,2 26407  54.9078 224.8834 0129247 300.6056  57.5570  2.00567145185036
3.0,GENERATED VIA SPACE-TRACK.ORG API,2025-10-16 00:06:21+00:00,18 SPCS,NAVSTAR 48 (USA 151),2000-040A,EARTH,TEME,UTC,SGP4,2025-10-15 18:17:08.141856+00:00,2.00567156,0.01292330,54.9077,224.8726,300.6123,253.0299,0,U,26407,999,18504,0.00000000000000,-0.00000045,0.0000000000000,26560.034,717.964,20525.143,19838.656,PAYLOAD,LARGE,US,2000-07-16,AFETR,,4845101,300161302,0 NAVSTAR 48 (USA 151),1 26407U 00040A   25288.76189979 -.00000045  00000-0  00000+0 0  9993,2 26407  54.9077 224.8726 0129233 300.6123 253.0299  2.00567156185049
3.0,GENERATED VIA SPACE-TRACK.ORG API,2025-10-16 02:37:25+00:00,18 SPCS,NAVSTAR 48 (USA 151),2000-040A,EARTH,TEME,UTC,SGP4,2025-10-15 18:17:08.142720+00:00,2.00567156,0.01292332,54.9077,224.8726,300.6123,253.0299,0,U,26407,999,18504,0.00000000000000,-0.00000045,0.0000000000000,26560.034,717.964,20525.143,19838.655,PAYLOAD,LARGE,US,2000-07-16,AFETR,,4845336,300173494,0 NAVSTAR 48 (USA 151),1 26407U 00040A   25288.76189980 -.00000045  00000-0  00000-0 0  9996,2 26407  54.9077 224.8726 0129233 300.6123 253.0299  2.00567156185049
3.0,GENERATED VIA SPACE-TRACK.ORG API,2025-10-16 07:36:46+00:00,18 SPCS,NAVSTAR 48 (USA 151),2000-040A,EARTH,TEME,UTC,SGP4,2025-10-16 00:05:57.104160+00:00,2.00567162,0.01292220,54.9076,224.8630,300.6176,67.9331,0,U,26407,999,18505,0.00000000000000,-0.00000047,0.0000000000000,26560.034,717.964,20525.113,19838.685,PAYLOAD,LARGE,US,2000-07-16,AFETR,,4845980,300213001,0 NAVSTAR 48 (USA 151),1 26407U 00040A   25289.00413315 -.00000047  00000-0  00000+0 0  9997,2 26407  54.9076 224.8630 0129222 300.6176  67.9331  2.00567162185055
3.0,GENERATED VIA SPACE-TRACK.ORG API,2025-10-16 18:34:41+00:00,18 SPCS,NAVSTAR 48 (USA 151),2000-040A,EARTH,TEME,UTC,SGP4,2025-10-16 11:45:53.198784+00:00,2.00567177,0.01291977,54.9075,224.8437,300.6291,58.8933,0,U,26407,999,18506,0.00000000000000,-0.00000051,0.0000000000000,26560.032,717.964,20525.047,19838.748,PAYLOAD,LARGE,US,2000-07-16,AFETR,,4846139,300223990,0 NAVSTAR 48 (USA 151),1 26407U 00040A   25289.49019906 -.00000051  00000-0  00000-0 0  9994,2 26407  54.9075 224.8437 0129198 300.6291  58.8933  2.00567177185063
3.0,GENERATED VIA SPACE-TRACK.ORG API,2025-10-17 02:15:59+00:00,18 SPCS,NAVSTAR 48 (USA 151),2000-040A,EARTH,TEME,UTC,SGP4,2025-10-16 18:11:36.472992+00:00,2.00567188,0.01291826,54.9074,224.8330,300.6359,252.3006,0,U,26407,999,18506,0.00000000000000,-0.00000052,0.0000000000000,26560.031,717.964,20525.006,19838.787,PAYLOAD,LARGE,US,2000-07-16,AFETR,,4846178,300255095,0 NAVSTAR 48 (USA 151),1 26407U 00040A   25289.75806103 -.00000052  00000-0  00000-0 0  9997,2 26407  54.9074 224.8330 0129183 300.6359 252.3006  2.00567188185067
3.0,GENERATED VIA SPACE-TRACK.ORG API,2025-10-17 06:56:50+00:00,18 SPCS,NAVSTAR 48 (USA 151),2000-040A,EARTH,TEME,UTC,SGP4,2025-10-16 18:11:36.472128+00:00,2.00567188,0.01291830,54.9074,224.8330,300.6359,252.3006,0,U,26407,999,18506,0.00000000000000,-0.00000052,0.0000000000000,26560.031,717.964,20525.007,19838.786,PAYLOAD,LARGE,US,2000-07-16,AFETR,,4846425,300284666,0 NAVSTAR 48 (USA 151),1 26407U 00040A   25289.75806102 -.00000052  00000-0  00000+0 0  9995,2 26407  54.9074 224.8330 0129183 300.6359 252.3006  2.00567188185067
3.0,GENERATED VIA SPACE-TRACK.ORG API,2025-10-17 20:06:22+00:00,18 SPCS,NAVSTAR 48 (USA 151),2000-040A,EARTH,TEME,UTC,SGP4,2025-10-17 17:25:32.765088+00:00,2.00567220,0.01291310,54.9071,224.7946,300.6597,231.2460,0,U,26407,999,18508,0.00000000000000,-0.00000053,0.0000000000000,26560.029,717.964,20524.866,19838.921,PAYLOAD,LARGE,US,2000-07-16,AFETR,,4847712,300347946,0 NAVSTAR 48 (USA 151),1 26407U 00040A   25290.72607367 -.00000053  00000-0  00000+0 0  9997,2 26407  54.9071 224.7946 0129131 300.6597 231.2460  2.00567220185082
3.0,GENERATED VIA SPACE-TRACK.ORG API,2025-10-18 02:17:05+00:00,18 SPCS,NAVSTAR 48 (USA 151),2000-040A,EARTH,TEME,UTC,SGP4,2025-10-17 23:54:11.412288+00:00,2.00567229,0.01291184,54.9070,224.7839,300.6665,66.1188,0,U,26407,999,18509,0.00000000000000,-0.00000052,0.0000000000000,26560.028,717.964,20524.832,19838.954,PAYLOAD,LARGE,US,2000-07-16,AFETR,,4848496,300372773,0 NAVSTAR 48 (USA 151),1 26407U 00040A   25290.99596542 -.00000052  00000-0  00000-0 0  9998,2 26407  54.9070 224.7839 0129118 300.6665  66.1188  2.00567229185095
3.0,GENERATED VIA SPACE-TRACK.ORG API,2025-10-18 08:56:22+00:00,18 SPCS,NAVSTAR 48 (USA 151),2000-040A,EARTH,TEME,UTC,SGP4,2025-10-17 23:54:11.412288+00:00,2.00567229,0.01291180,54.9070,224.7839,300.6665,66.1188,0,U,26407,999,18509,0.00000000000000,-0.00000052,0.0000000000000,26560.028,717.964,20524.831,19838.955,PAYLOAD,LARGE,US,2000-07-16,AFETR,,4849099,300412164,0 NAVSTAR 48 (USA 151),1 26407U 00040A   25290.99596542 -.00000052  00000-0  00000+0 0  9997,2 26407  54.9070 224.7839 0129118 300.6665  66.1188  2.00567229185095
3.0,GENERATED VIA SPACE-TRACK.ORG API,2025-10-19 02:20:52+00:00,18 SPCS,NAVSTAR 48 (USA 151),2000-040A,EARTH,TEME,UTC,SGP4,2025-10-18 23:50:48.753312+00:00,2.00567262,0.01290640,54.9067,224.7443,300.6913,66.4665,0,U,26407,999,18511,0.00000000000000,-0.00000045,0.0000000000000,26560.025,717.964,20524.684,19839.096,PAYLOAD,LARGE,US,2000-07-16,AFETR,,4849547,300456335,0 NAVSTAR 48 (USA 151),1 26407U 00040A   25291.99361983 -.00000045  00000-0  00000-0 0  9990,2 26407  54.9067 224.7443 0129064 300.6913  66.4665  2.00567262185111
3.0,GENERATED VIA SPACE-TRACK.ORG API,2025-10-19 10:30:26+00:00,18 SPCS,NAVSTAR 48 (USA 151),2000-040A,EARTH,TEME,UTC,SGP4,2025-10-19 02:58:43.765824+00:00,2.00567267,0.01290549,54.9067,224.7391,300.6946,160.6913,0,U,26407,999,18511,0.00000000000000,-0.00000043,0.0000000000000,26560.024,717.964,20524.659,19839.119,PAYLOAD,LARGE,US,2000-07-16,AFETR,,4849597,300486923,0 NAVSTAR 48 (USA 151),1 26407U 00040A   25292.12411766 -.00000043  00000-0  00000-0 0  9999,2 26407  54.9067 224.7391 0129055 300.6946 160.6913  2.00567267185117
3.0,GENERATED VIA SPACE-TRACK.ORG API,2025-10-20 02:10:33+00:00,18 SPCS,NAVSTAR 48 (USA 151),2000-040A,EARTH,TEME,UTC,SGP4,2025-10-19 23:53:21.784128+00:00,2.00567294,0.01290106,54.9064,224.7045,300.7144,69.7887,0,U,26407,999,18513,0.00000000000000,-0.00000034,0.0000000000000,26560.022,717.964,20524.539,19839.235,PAYLOAD,LARGE,US,2000-07-16,AFETR,,4849705,300518936,0 NAVSTAR 48 (USA 151),1 26407U 00040A   25292.99539102 -.00000034  00000-0  00000-0 0  9999,2 26407  54.9064 224.7045 0129011 300.7144  69.7887  2.00567294185134
3.0,GENERATED VIA SPACE-TRACK.ORG API,2025-10-20 06:46:47+00:00,18 SPCS,NAVSTAR 48 (USA 151),2000-040A,EARTH,TEME,UTC,SGP4,2025-10-19 23:53:21.784128+00:00,2.00567294,0.01290110,54.9064,224.7045,300.7144,69.7887,0,U,26407,999,18513,0.00000000000000,-0.00000034,0.0000000000000,26560.022,717.964,20524.541,19839.234,PAYLOAD,LARGE,US,2000-07-16,AFETR,,4850229,300555845,0 NAVSTAR 48 (USA 151),1 26407U 00040A   25292.99539102 -.00000034  00000-0  00000+0 0  9998,2 26407  54.9064 224.7045 0129011 300.7144  69.7887  2.00567294185134
3.0,GENERATED VIA SPACE-TRACK.ORG API,2025-10-21 18:24:45+00:00,18 SPCS,NAVSTAR 48 (USA 151),2000-040A,EARTH,TEME,UTC,SGP4,2025-10-21 14:03:27.409824+00:00,2.00567334,0.01289247,54.9058,224.6414,300.7492,138.0870,0,U,26407,999,18516,0.00000000000000,-0.00000013,0.0000000000000,26560.019,717.963,20524.308,19839.459,PAYLOAD,LARGE,US,2000-07-16,AFETR,,4850699,300662292,0 NAVSTAR 48 (USA 151),1 26407U 00040A   25294.58573391 -.00000013  00000-0  00000-0 0  9991,2 26407  54.9058 224.6414 0128925 300.7492 138.0870  2.00567334185165
3.0,GENERATED VIA SPACE-TRACK.ORG API,2025-10-22 00:16:19+00:00,18 SPCS,NAVSTAR 48 (USA 151),2000-040A,EARTH,TEME,UTC,SGP4,2025-10-21 17:10:37.919424+00:00,2.00567334,0.01289190,54.9058,224.6362,300.7501,231.9421,0,U,26407,999,18516,0.00000000000000,-0.00000012,0.0000000000000,26560.019,717.963,20524.293,19839.474,PAYLOAD,LARGE,US,2000-07-16,AFETR,,4851279,300699481,0 NAVSTAR 48 (USA 151),1 26407U 00040A   25294.71571666 -.00000012  00000-0  00000+0 0  9997,2 26407  54.9058 224.6362 0128919 300.7501 231.9421  2.00567334185166
3.0,GENERATED VIA SPACE-TRACK.ORG API,2025-10-22 04:10:39+00:00,18 SPCS,NAVSTAR 48 (USA 151),2000-040A,EARTH,TEME,UTC,SGP4,2025-10-21 17:10:37.919424+00:00,2.00567334,0.01289191,54.9058,224.6362,300.7501,231.9421,0,U,26407,999,18516,0.00000000000000,-0.00000012,0.0000000000000,26560.019,717.963,20524.293,19839.474,PAYLOAD,LARGE,US,2000-07-16,AFETR,,4851525,300711458,0 NAVSTAR 48 (USA 151),1 26407U 00040A   25294.71571666 -.00000012  00000-0  00000-0 0  9998,2 26407  54.9058 224.6362 0128919 300.7501 231.9421  2.00567334185166
3.0,GENERATED VIA SPACE-TRACK.ORG API,2025-10-23 00:36:20+00:00,18 SPCS,NAVSTAR 48 (USA 151),2000-040A,EARTH,TEME,UTC,SGP4,2025-10-22 14:35:10.006080+00:00,2.00567350,0.01288730,54.9055,224.6008,300.7693,156.0337,0,U,26407,999,18518,0.00000000000000,-0.00000002,0.0000000000000,26560.017,717.963,20524.169,19839.595,PAYLOAD,LARGE,US,2000-07-16,AFETR,,4853553,300812466,0 NAVSTAR 48 (USA 151),1 26407U 00040A   25295.60775470 -.00000002  00000-0  00000+0 0  9994,2 26407  54.9055 224.6008 0128873 300.7693 156.0337  2.00567350185184
3.0,GENERATED VIA SPACE-TRACK.ORG API,2025-10-23 02:46:54+00:00,18 SPCS,NAVSTAR 48 (USA 151),2000-040A,EARTH,TEME,UTC,SGP4,2025-10-22 14:35:10.006080+00:00,2.00567350,0.01288730,54.9055,224.6008,300.7693,156.0337,0,U,26407,999,18518,0.00000000000000,-0.00000002,0.0000000000000,26560.017,717.963,20524.169,19839.595,PAYLOAD,LARGE,US,2000-07-16,AFETR,,4853664,300821747,0 NAVSTAR 48 (USA 151),1 26407U 00040A   25295.60775470 -.00000002  00000-0  00000-0 0  9995,2 26407  54.9055 224.6008 0128873 300.7693 156.0337  2.00567350185184
3.0,GENERATED VIA SPACE-TRACK.ORG API,2025-10-24 18:33:25+00:00,18 SPCS,NAVSTAR 48 (USA 151),2000-040A,EARTH,TEME,UTC,SGP4,2025-10-24 05:00:44.289216+00:00,2.00567367,0.01287902,54.9050,224.5373,300.8015,232.0959,0,U,26407,999,18521,0.00000000000000,0.00000008,0.0000000000000,26560.016,717.963,20523.948,19839.814,PAYLOAD,LARGE,US,2000-07-16,AFETR,,4855292,300952956,0 NAVSTAR 48 (USA 151),1 26407U 00040A   25297.20884594  .00000008  00000-0  00000-0 0  9996,2 26407  54.9050 224.5373 0128790 300.8015 232.0959  2.00567367185217
3.0,GENERATED VIA SPACE-TRACK.ORG API,2025-10-24 21:16:35+00:00,18 SPCS,NAVSTAR 48 (USA 151),2000-040A,EARTH,TEME,UTC,SGP4,2025-10-24 17:07:30.154080+00:00,2.00567368,0.01287640,54.9048,224.5172,300.8124,236.5102,0,U,26407,999,18522,0.00000000000000,0.00000010,0.0000000000000,26560.016,717.963,20523.878,19839.883,PAYLOAD,LARGE,US,2000-07-16,AFETR,,4855541,300982881,0 NAVSTAR 48 (USA 151),1 26407U 00040A   25297.71354345  .00000010  00000-0  00000+0 0  9990,2 26407  54.9048 224.5172 0128764 300.8124 236.5102  2.00567368185224
3.0,GENERATED VIA SPACE-TRACK.ORG API,2025-10-25 03:11:13+00:00,18 SPCS,NAVSTAR 48 (USA 151),2000-040A,EARTH,TEME,UTC,SGP4,2025-10-24 17:07:30.154080+00:00,2.00567368,0.01287636,54.9048,224.5172,300.8124,236.5102,0,U,26407,999,18522,0.00000000000000,0.00000010,0.0000000000000,26560.015,717.963,20523.877,19839.884,PAYLOAD,LARGE,US,2000-07-16,AFETR,,4856585,301015685,0 NAVSTAR 48 (USA 151),1 26407U 00040A   25297.71354345  .00000010  00000-0  00000-0 0  9991,2 26407  54.9048 224.5172 0128764 300.8124 236.5102  2.00567368185224
3.0,GENERATED VIA SPACE-TRACK.ORG API,2025-10-26 00:26:27+00:00,18 SPCS,NAVSTAR 48 (USA 151),2000-040A,EARTH,TEME,UTC,SGP4,2025-10-25 20:26:05.169408+00:00,2.00567369,0.01287020,54.9045,224.4721,300.8390,338.1269,0,U,26407,999,18524,0.00000000000000,0.00000009,0.0000000000000,26560.015,717.963,20523.713,19840.048,PAYLOAD,LARGE,US,2000-07-16,AFETR,,4858767,301124478,0 NAVSTAR 48 (USA 151),1 26407U 00040A   25298.85144872  .00000009  00000-0  00000+0 0  9996,2 26407  54.9045 224.4721 0128702 300.8390 338.1269  2.00567369185243
3.0,GENERATED VIA SPACE-TRACK.ORG API,2025-10-26 02:54:42+00:00,18 SPCS,NAVSTAR 48 (USA 151),2000-040A,EARTH,TEME,UTC,SGP4,2025-10-25 23:21:57.650688+00:00,2.00567366,0.01286926,54.9045,224.4672,300.8435,66.3121,0,U,26407,999,18525,0.00000000000000,0.00000009,0.0000000000000,26560.016,717.963,20523.688,19840.073,PAYLOAD,LARGE,US,2000-07-16,AFETR,,4859004,301136301,0 NAVSTAR 48 (USA 151),1 26407U 00040A   25298.97358392  .00000009  00000-0  00000-0 0  9994,2 26407  54.9045 224.4672 0128693 300.8435  66.3121  2.00567366185252
3.0,GENERATED VIA SPACE-TRACK.ORG API,2025-10-26 07:07:11+00:00,18 SPCS,NAVSTAR 48 (USA 151),2000-040A,EARTH,TEME,UTC,SGP4,2025-10-25 23:21:57.649824+00:00,2.00567366,0.01286930,54.9045,224.4672,300.8435,66.3121,0,U,26407,999,18525,0.00000000000000,0.00000009,0.0000000000000,26560.016,717.963,20523.690,19840.072,PAYLOAD,LARGE,US,2000-07-16,AFETR,,4859597,301174930,0 NAVSTAR 48 (USA 151),1 26407U 00040A   25298.97358391  .00000009  00000-0  00000+0 0  9992,2 26407  54.9045 224.4672 0128693 300.8435  66.3121  2.00567366185252
3.0,GENERATED VIA SPACE-TRACK.ORG API,2025-10-26 22:46:38+00:00,18 SPCS,NAVSTAR 48 (USA 151),2000-040A,EARTH,TEME,UTC,SGP4,2025-10-26 17:04:37.437024+00:00,2.00567362,0.01286500,54.9042,224.4379,300.8586,239.1535,0,U,26407,999,18526,0.00000000000000,0.00000007,0.0000000000000,26560.016,717.963,20523.576,19840.186,PAYLOAD,LARGE,US,2000-07-16,AFETR,,4861204,301244964,0 NAVSTAR 48 (USA 151),1 26407U 00040A   25299.71154441  .00000007  00000-0  00000+0 0  9993,2 26407  54.9042 224.4379 0128650 300.8586 239.1535  2.00567362185269
3.0,GENERATED VIA SPACE-TRACK.ORG API,2025-10-27 02:46:55+00:00,18 SPCS,NAVSTAR 48 (USA 151),2000-040A,EARTH,TEME,UTC,SGP4,2025-10-26 17:04:37.437024+00:00,2.00567362,0.01286501,54.9042,224.4379,300.8586,239.1535,0,U,26407,999,18526,0.00000000000000,0.00000007,0.0000000000000,26560.016,717.963,20523.576,19840.186,PAYLOAD,LARGE,US,2000-07-16,AFETR,,4861461,301256443,0 NAVSTAR 48 (USA 151),1 26407U 00040A   25299.71154441  .00000007  00000-0  00000-0 0  9994,2 26407  54.9042 224.4379 0128650 300.8586 239.1535  2.00567362185269
3.0,GENERATED VIA SPACE-TRACK.ORG API,2025-10-27 06:46:36+00:00,18 SPCS,NAVSTAR 48 (USA 151),2000-040A,EARTH,TEME,UTC,SGP4,2025-10-27 04:48:30.608064+00:00,2.00567360,0.01286210,54.9040,224.4185,300.8699,232.0955,0,U,26407,999,18527,0.00000000000000,0.00000005,0.0000000000000,26560.016,717.963,20523.499,19840.264,PAYLOAD,LARGE,US,2000-07-16,AFETR,,4862050,301296026,0 NAVSTAR 48 (USA 151),1 26407U 00040A   25300.20035426  .00000005  00000-0  00000+0 0  9999,2 26407  54.9040 224.4185 0128621 300.8699 232.0955  2.00567360185272
3.0,GENERATED VIA SPACE-TRACK.ORG API,2025-10-27 10:32:28+00:00,18 SPCS,NAVSTAR 48 (USA 151),2000-040A,EARTH,TEME,UTC,SGP4,2025-10-27 04:48:30.608064+00:00,2.00567360,0.01286207,54.9040,224.4185,300.8699,232.0955,0,U,26407,999,18527,0.00000000000000,0.00000005,0.0000000000000,26560.016,717.963,20523.498,19840.264,PAYLOAD,LARGE,US,2000-07-16,AFETR,,4862303,301308437,0 NAVSTAR 48 (USA 151),1 26407U 00040A   25300.20035426  .00000005  00000-0  00000-0 0  9990,2 26407  54.9040 224.4185 0128621 300.8699 232.0955  2.00567360185272
3.0,GENERATED VIA SPACE-TRACK.ORG API,2025-10-27 23:46:29+00:00,18 SPCS,NAVSTAR 48 (USA 151),2000-040A,EARTH,TEME,UTC,SGP4,2025-10-27 17:03:06.901920+00:00,2.00567358,0.01285920,54.9039,224.3983,300.8808,240.4414,0,U,26407,999,18528,0.00000000000000,0.00000003,0.0000000000000,26560.016,717.963,20523.422,19840.341,PAYLOAD,LARGE,US,2000-07-16,AFETR,,4863570,301362048,0 NAVSTAR 48 (USA 151),1 26407U 00040A   25300.71049655  .00000003  00000-0  00000+0 0  9992,2 26407  54.9039 224.3983 0128592 300.8808 240.4414  2.00567358185285
3.0,GENERATED VIA SPACE-TRACK.ORG API,2025-10-28 02:18:45+00:00,18 SPCS,NAVSTAR 48 (USA 151),2000-040A,EARTH,TEME,UTC,SGP4,2025-10-27 17:03:06.902784+00:00,2.00567358,0.01285917,54.9039,224.3983,300.8808,240.4414,0,U,26407,999,18528,0.00000000000000,0.00000003,0.0000000000000,26560.016,717.963,20523.421,19840.342,PAYLOAD,LARGE,US,2000-07-16,AFETR,,4863735,301372759,0 NAVSTAR 48 (USA 151),1 26407U 00040A   25300.71049656  .00000003  00000-0  00000-0 0  9994,2 26407  54.9039 224.3983 0128592 300.8808 240.4414  2.00567358185285
3.0,GENERATED VIA SPACE-TRACK.ORG API,2025-10-28 19:11:01+00:00,18 SPCS,NAVSTAR 48 (USA 151),2000-040A,EARTH,TEME,UTC,SGP4,2025-10-28 14:50:26.475072+00:00,2.00567348,0.01285355,54.9035,224.3622,300.9014,175.9601,0,U,26407,999,18530,0.00000000000000,-0.00000001,0.0000000000000,26560.017,717.963,20523.273,19840.492,PAYLOAD,LARGE,US,2000-07-16,AFETR,,4863914,301404363,0 NAVSTAR 48 (USA 151),1 26407U 00040A   25301.61836198 -.00000001  00000-0  00000-0 0  9998,2 26407  54.9035 224.3622 0128535 300.9014 175.9601  2.00567348185300
3.0,GENERATED VIA SPACE-TRACK.ORG API,2025-10-29 19:31:23+00:00,18 SPCS,NAVSTAR 48 (USA 151),2000-040A,EARTH,TEME,UTC,SGP4,2025-10-28 17:01:42.862368+00:00,2.00567347,0.01285307,54.9035,224.3586,300.9031,241.7833,0,U,26407,999,18530,0.00000000000000,-0.00000001,0.0000000000000,26560.017,717.963,20523.260,19840.505,PAYLOAD,LARGE,US,2000-07-16,AFETR,,4864813,301453639,0 NAVSTAR 48 (USA 151),1 26407U 00040A   25301.70952387 -.00000001  00000-0  00000-0 0  9997,2 26407  54.9035 224.3586 0128531 300.9031 241.7833  2.00567347185302
3.0,GENERATED VIA SPACE-TRACK.ORG API,2025-10-30 03:32:50+00:00,18 SPCS,NAVSTAR 48 (USA 151),2000-040A,EARTH,TEME,UTC,SGP4,2025-10-29 17:00:13.114368+00:00,2.00567342,0.01284741,54.9032,224.3190,300.9226,243.0805,0,U,26407,999,18532,0.00000000000000,-0.00000005,0.0000000000000,26560.018,717.963,20523.110,19840.655,PAYLOAD,LARGE,US,2000-07-16,AFETR,,4864873,301485317,0 NAVSTAR 48 (USA 151),1 26407U 00040A   25302.70848512 -.00000005  00000-0  00000-0 0  9996,2 26407  54.9032 224.3190 0128474 300.9226 243.0805  2.00567342185323
3.0,GENERATED VIA SPACE-TRACK.ORG API,2025-10-30 22:26:44+00:00,18 SPCS,NAVSTAR 48 (USA 151),2000-040A,EARTH,TEME,UTC,SGP4,2025-10-30 16:58:30.739872+00:00,2.00567334,0.01284180,54.9029,224.2793,300.9428,244.2715,0,U,26407,999,18534,0.00000000000000,-0.00000007,0.0000000000000,26560.019,717.963,20522.962,19840.805,PAYLOAD,LARGE,US,2000-07-16,AFETR,,4865206,301545573,0 NAVSTAR 48 (USA 151),1 26407U 00040A   25303.70730023 -.00000007  00000-0  00000+0 0  9995,2 26407  54.9029 224.2793 0128418 300.9428 244.2715  2.00567334185345
3.0,GENERATED VIA SPACE-TRACK.ORG API,2025-10-31 03:00:52+00:00,18 SPCS,NAVSTAR 48 (USA 151),2000-040A,EARTH,TEME,UTC,SGP4,2025-10-30 16:58:30.740736+00:00,2.00567334,0.01284184,54.9029,224.2793,300.9428,244.2715,0,U,26407,999,18534,0.00000000000000,-0.00000007,0.0000000000000,26560.019,717.963,20522.963,19840.804,PAYLOAD,LARGE,US,2000-07-16,AFETR,,4865436,301557187,0 NAVSTAR 48 (USA 151),1 26407U 00040A   25303.70730024 -.00000007  00000-0  00000-0 0  9997,2 26407  54.9029 224.2793 0128418 300.9428 244.2715  2.00567334185345
3.0,GENERATED VIA SPACE-TRACK.ORG API,2025-10-31 10:10:29+00:00,18 SPCS,NAVSTAR 48 (USA 151),2000-040A,EARTH,TEME,UTC,SGP4,2025-10-31 02:44:50.976960+00:00,2.00567330,0.01283922,54.9027,224.2631,300.9515,178.2730,0,U,26407,999,18535,0.00000000000000,-0.00000007,0.0000000000000,26560.019,717.963,20522.894,19840.874,PAYLOAD,LARGE,US,2000-07-16,AFETR,,4865472,301588366,0 NAVSTAR 48 (USA 151),1 26407U 00040A   25304.11447890 -.00000007  00000-0  00000-0 0  9999,2 26407  54.9027 224.2631 0128392 300.9515 178.2730  2.00567330185352
3.0,GENERATED VIA SPACE-TRACK.ORG API,2025-10-31 18:36:23+00:00,18 SPCS,NAVSTAR 48 (USA 151),2000-040A,EARTH,TEME,UTC,SGP4,2025-10-31 14:44:55.143168+00:00,2.00567327,0.01283660,54.9026,224.2433,300.9612,179.3314,0,U,26407,999,18536,0.00000000000000,-0.00000007,0.0000000000000,26560.019,717.963,20522.824,19840.944,PAYLOAD,LARGE,US,2000-07-16,AFETR,,4866103,301627291,0 NAVSTAR 48 (USA 151),1 26407U 00040A   25304.61452712 -.00000007  00000-0  00000+0 0  9992,2 26407  54.9026 224.2433 0128366 300.9612 179.3314  2.00567327185367
3.0,GENERATED VIA SPACE-TRACK.ORG API,2025-10-31 23:16:32+00:00,18 SPCS,NAVSTAR 48 (USA 151),2000-040A,EARTH,TEME,UTC,SGP4,2025-10-31 19:55:17.736960+00:00,2.00567327,0.01283530,54.9025,224.2347,300.9659,334.9606,0,U,26407,999,18536,0.00000000000000,-0.00000006,0.0000000000000,26560.019,717.963,20522.790,19840.978,PAYLOAD,LARGE,US,2000-07-16,AFETR,,4866818,301644776,0 NAVSTAR 48 (USA 151),1 26407U 00040A   25304.83006640 -.00000006  00000-0  00000+0 0  9990,2 26407  54.9025 224.2347 0128353 300.9659 334.9606  2.00567327185360
3.0,GENERATED VIA SPACE-TRACK.ORG API,2025-11-01 19:40:54+00:00,18 SPCS,NAVSTAR 48 (USA 151),2000-040A,EARTH,TEME,UTC,SGP4,2025-10-31 22:56:46.520736+00:00,2.00567327,0.01283467,54.9025,224.2297,300.9678,65.9591,0,U,26407,999,18537,0.00000000000000,-0.00000006,0.0000000000000,26560.019,717.963,20522.773,19840.995,PAYLOAD,LARGE,US,2000-07-16,AFETR,,4867053,301655768,0 NAVSTAR 48 (USA 151),1 26407U 00040A   25304.95609399 -.00000006  00000-0  00000-0 0  9994,2 26407  54.9025 224.2297 0128347 300.9678  65.9591  2.00567327185373
3.0,GENERATED VIA SPACE-TRACK.ORG API,2025-11-02 17:34:40+00:00,18 SPCS,NAVSTAR 48 (USA 151),2000-040A,EARTH,TEME,UTC,SGP4,2025-11-01 21:24:39.549024+00:00,2.00567324,0.01282950,54.9022,224.1925,300.9875,21.8159,0,U,26407,999,18538,0.00000000000000,-0.00000002,0.0000000000000,26560.019,717.963,20522.636,19841.133,PAYLOAD,LARGE,US,2000-07-16,AFETR,,4867744,301703159,0 NAVSTAR 48 (USA 151),1 26407U 00040A   25305.89212441 -.00000002  00000-0  00000-0 0  9992,2 26407  54.9022 224.1925 0128295 300.9875  21.8159  2.00567324185387
3.0,GENERATED VIA SPACE-TRACK.ORG API,2025-11-04 04:40:24+00:00,18 SPCS,NAVSTAR 48 (USA 151),2000-040A,EARTH,TEME,UTC,SGP4,2025-11-03 22:44:26.642976+00:00,2.00567318,0.01281787,54.9016,224.1108,301.0329,65.9109,0,U,26407,999,18543,0.00000000000000,0.00000012,0.0000000000000,26560.020,717.963,20522.328,19841.442,PAYLOAD,LARGE,US,2000-07-16,AFETR,,4868542,301750706,0 NAVSTAR 48 (USA 151),1 26407U 00040A   25307.94753059  .00000012  00000-0  00000-0 0  9995,2 26407  54.9016 224.1108 0128179 301.0329  65.9109  2.00567318185433
3.0,GENERATED VIA SPACE-TRACK.ORG API,2025-11-04 06:56:32+00:00,18 SPCS,NAVSTAR 48 (USA 151),2000-040A,EARTH,TEME,UTC,SGP4,2025-11-03 22:44:26.642112+00:00,2.00567318,0.01281790,54.9016,224.1108,301.0329,65.9109,0,U,26407,999,18543,0.00000000000000,0.00000012,0.0000000000000,26560.020,717.963,20522.329,19841.441,PAYLOAD,LARGE,US,2000-07-16,AFETR,,4869084,301789373,0 NAVSTAR 48 (USA 151),1 26407U 00040A   25307.94753058  .00000012  00000-0  00000+0 0  9993,2 26407  54.9016 224.1108 0128179 301.0329  65.9109  2.00567318185433
3.0,GENERATED VIA SPACE-TRACK.ORG API,2025-11-06 22:26:38+00:00,18 SPCS,NAVSTAR 48 (USA 151),2000-040A,EARTH,TEME,UTC,SGP4,2025-11-06 17:34:45.458112+00:00,2.00567341,0.01280180,54.9007,224.0002,301.0962,276.7603,0,U,26407,999,18548,0.00000000000000,0.00000023,0.0000000000000,26560.018,717.963,20521.899,19841.867,PAYLOAD,LARGE,US,2000-07-16,AFETR,,4872004,302033117,0 NAVSTAR 48 (USA 151),1 26407U 00040A   25310.73247058  .00000023  00000-0  00000+0 0  9994,2 26407  54.9007 224.0002 0128018 301.0962 276.7603  2.00567341185482
3.0,GENERATED VIA SPACE-TRACK.ORG API,2025-11-07 02:17:17+00:00,18 SPCS,NAVSTAR 48 (USA 151),2000-040A,EARTH,TEME,UTC,SGP4,2025-11-06 17:34:45.458112+00:00,2.00567341,0.01280177,54.9007,224.0002,301.0962,276.7603,0,U,26407,999,18548,0.00000000000000,0.00000023,0.0000000000000,26560.018,717.963,20521.898,19841.868,PAYLOAD,LARGE,US,2000-07-16,AFETR,,4873258,302070179,0 NAVSTAR 48 (USA 151),1 26407U 00040A   25310.73247058  .00000023  00000-0  00000-0 0  9995,2 26407  54.9007 224.0002 0128018 301.0962 276.7603  2.00567341185482
3.0,GENERATED VIA SPACE-TRACK.ORG API,2025-11-08 07:46:44+00:00,18 SPCS,NAVSTAR 48 (USA 151),2000-040A,EARTH,TEME,UTC,SGP4,2025-11-07 22:28:33.409920+00:00,2.00567361,0.01279500,54.9003,223.9524,301.1214,66.1235,0,U,26407,999,18551,0.00000000000000,0.00000016,0.0000000000000,26560.016,717.963,20521.717,19842.046,PAYLOAD,LARGE,US,2000-07-16,AFETR,,4875611,302182013,0 NAVSTAR 48 (USA 151),1 26407U 00040A   25311.93649780  .00000016  00000-0  00000+0 0  9997,2 26407  54.9003 223.9524 0127950 301.1214  66.1235  2.00567361185518
3.0,GENERATED VIA SPACE-TRACK.ORG API,2025-11-08 17:28:43+00:00,18 SPCS,NAVSTAR 48 (USA 151),2000-040A,EARTH,TEME,UTC,SGP4,2025-11-07 22:28:33.410784+00:00,2.00567361,0.01279499,54.9003,223.9524,301.1214,66.1235,0,U,26407,999,18551,0.00000000000000,0.00000016,0.0000000000000,26560.016,717.963,20521.716,19842.046,PAYLOAD,LARGE,US,2000-07-16,AFETR,,4876325,302206547,0 NAVSTAR 48 (USA 151),1 26407U 00040A   25311.93649781  .00000016  00000-0  00000-0 0  9999,2 26407  54.9003 223.9524 0127950 301.1214  66.1235  2.00567361185518
3.0,GENERATED VIA SPACE-TRACK.ORG API,2025-11-08 23:16:50+00:00,18 SPCS,NAVSTAR 48 (USA 151),2000-040A,EARTH,TEME,UTC,SGP4,2025-11-08 16:26:42.164736+00:00,2.00567378,0.01279090,54.9000,223.9227,301.1382,246.7272,0,U,26407,999,18552,0.00000000000000,0.00000008,0.0000000000000,26560.015,717.963,20521.606,19842.153,PAYLOAD,LARGE,US,2000-07-16,AFETR,,4876802,302242480,0 NAVSTAR 48 (USA 151),1 26407U 00040A   25312.68521024  .00000008  00000-0  00000+0 0  9991,2 26407  54.9000 223.9227 0127909 301.1382 246.7272  2.00567378185521
3.0,GENERATED VIA SPACE-TRACK.ORG API,2025-11-11 04:56:40+00:00,18 SPCS,NAVSTAR 48 (USA 151),2000-040A,EARTH,TEME,UTC,SGP4,2025-11-09 18:23:41.426016+00:00,2.00567402,0.01278509,54.8996,223.8797,301.1595,307.4347,0,U,26407,999,18554,0.00000000000000,-0.00000007,0.0000000000000,26560.013,717.963,20521.450,19842.305,PAYLOAD,LARGE,US,2000-07-16,AFETR,,4877201,302254754,0 NAVSTAR 48 (USA 151),1 26407U 00040A   25313.76645169 -.00000007  00000-0  00000-0 0  9999,2 26407  54.8996 223.8797 0127851 301.1595 307.4347  2.00567402185545
3.0,GENERATED VIA SPACE-TRACK.ORG API,2025-11-12 10:14:37+00:00,18 SPCS,NAVSTAR 48 (USA 151),2000-040A,EARTH,TEME,UTC,SGP4,2025-11-12 03:42:33.077664+00:00,2.00567469,0.01277269,54.8988,223.7848,301.2096,231.7518,0,U,26407,999,18559,0.00000000000000,-0.00000037,0.0000000000000,26560.007,717.963,20521.114,19842.629,PAYLOAD,LARGE,US,2000-07-16,AFETR,,4877521,302317517,0 NAVSTAR 48 (USA 151),1 26407U 00040A   25316.15454951 -.00000037  00000-0  00000-0 0  9995,2 26407  54.8988 223.7848 0127727 301.2096 231.7518  2.00567469185598
3.0,GENERATED VIA SPACE-TRACK.ORG API,2025-11-12 22:36:22+00:00,18 SPCS,NAVSTAR 48 (USA 151),2000-040A,EARTH,TEME,UTC,SGP4,2025-11-12 15:23:07.858752+00:00,2.00567483,0.01277010,54.8987,223.7655,301.2203,223.0366,0,U,26407,999,18560,0.00000000000000,-0.00000040,0.0000000000000,26560.005,717.963,20521.044,19842.696,PAYLOAD,LARGE,US,2000-07-16,AFETR,,4878231,302350492,0 NAVSTAR 48 (USA 151),1 26407U 00040A   25316.64106318 -.00000040  00000-0  00000+0 0  9993,2 26407  54.8987 223.7655 0127701 301.2203 223.0366  2.00567483185608
3.0,GENERATED VIA SPACE-TRACK.ORG API,2025-11-13 02:12:46+00:00,18 SPCS,NAVSTAR 48 (USA 151),2000-040A,EARTH,TEME,UTC,SGP4,2025-11-12 15:23:07.859616+00:00,2.00567483,0.01277008,54.8987,223.7655,301.2203,223.0366,0,U,26407,999,18560,0.00000000000000,-0.00000040,0.0000000000000,26560.005,717.963,20521.044,19842.697,PAYLOAD,LARGE,US,2000-07-16,AFETR,,4878500,302363408,0 NAVSTAR 48 (USA 151),1 26407U 00040A   25316.64106319 -.00000040  00000-0  00000-0 0  9995,2 26407  54.8987 223.7655 0127701 301.2203 223.0366  2.00567483185608
3.0,GENERATED VIA SPACE-TRACK.ORG API,2025-11-13 06:46:20+00:00,18 SPCS,NAVSTAR 48 (USA 151),2000-040A,EARTH,TEME,UTC,SGP4,2025-11-13 04:08:12.098400+00:00,2.00567503,0.01276700,54.8985,223.7444,301.2328,246.6580,0,U,26407,999,18561,0.00000000000000,-0.00000042,0.0000000000000,26560.004,717.963,20520.960,19842.777,PAYLOAD,LARGE,US,2000-07-16,AFETR,,4878945,302398944,0 NAVSTAR 48 (USA 151),1 26407U 00040A   25317.17236225 -.00000042  00000-0  00000+0 0  9995,2 26407  54.8985 223.7444 0127670 301.2328 246.6580  2.00567503185618
3.0,GENERATED VIA SPACE-TRACK.ORG API,2025-11-13 10:40:24+00:00,18 SPCS,NAVSTAR 48 (USA 151),2000-040A,EARTH,TEME,UTC,SGP4,2025-11-13 04:08:12.098400+00:00,2.00567503,0.01276702,54.8985,223.7444,301.2328,246.6580,0,U,26407,999,18561,0.00000000000000,-0.00000042,0.0000000000000,26560.004,717.963,20520.961,19842.777,PAYLOAD,LARGE,US,2000-07-16,AFETR,,4879227,302412009,0 NAVSTAR 48 (USA 151),1 26407U 00040A   25317.17236225 -.00000042  00000-0  00000-0 0  9996,2 26407  54.8985 223.7444 0127670 301.2328 246.6580  2.00567503185618
3.0,GENERATED VIA SPACE-TRACK.ORG API,2025-11-13 17:29:16+00:00,18 SPCS,NAVSTAR 48 (USA 151),2000-040A,EARTH,TEME,UTC,SGP4,2025-11-13 14:41:18.655008+00:00,2.00567516,0.01276457,54.8984,223.7269,301.2433,204.1110,0,U,26407,999,18562,0.00000000000000,-0.00000042,0.0000000000000,26560.002,717.963,20520.894,19842.840,PAYLOAD,LARGE,US,2000-07-16,AFETR,,4879347,302443754,0 NAVSTAR 48 (USA 151),1 26407U 00040A   25317.61202147 -.00000042  00000-0  00000-0 0  9991,2 26407  54.8984 223.7269 0127646 301.2433 204.1110  2.00567516185625
3.0,GENERATED VIA SPACE-TRACK.ORG API,2025-11-14 09:36:30+00:00,18 SPCS,NAVSTAR 48 (USA 151),2000-040A,EARTH,TEME,UTC,SGP4,2025-11-13 14:41:18.655008+00:00,2.00567516,0.01276460,54.8984,223.7269,301.2433,204.1110,0,U,26407,999,18562,0.00000000000000,-0.00000042,0.0000000000000,26560.002,717.963,20520.895,19842.840,PAYLOAD,LARGE,US,2000-07-16,AFETR,,4880520,302526900,0 NAVSTAR 48 (USA 151),1 26407U 00040A   25317.61202147 -.00000042  00000-0  00000+0 0  9990,2 26407  54.8984 223.7269 0127646 301.2433 204.1110  2.00567516185625
3.0,GENERATED VIA SPACE-TRACK.ORG API,2025-11-14 10:08:26+00:00,18 SPCS,NAVSTAR 48 (USA 151),2000-040A,EARTH,TEME,UTC,SGP4,2025-11-14 03:34:42.367008+00:00,2.00567536,0.01276137,54.8983,223.7056,301.2562,231.9061,0,U,26407,999,18563,0.00000000000000,-0.00000040,0.0000000000000,26560.001,717.963,20520.808,19842.924,PAYLOAD,LARGE,US,2000-07-16,AFETR,,4880535,302534277,0 NAVSTAR 48 (USA 151),1 26407U 00040A   25318.14910147 -.00000040  00000-0  00000-0 0  9994,2 26407  54.8983 223.7056 0127614 301.2562 231.9061  2.00567536185632
3.0,GENERATED VIA SPACE-TRACK.ORG API,2025-11-15 15:06:34+00:00,18 SPCS,NAVSTAR 48 (USA 151),2000-040A,EARTH,TEME,UTC,SGP4,2025-11-15 03:42:15.052896+00:00,2.00567572,0.01275540,54.8980,223.6656,301.2797,237.7333,0,U,26407,999,18565,0.00000000000000,-0.00000032,0.0000000000000,26559.998,717.963,20520.646,19843.079,PAYLOAD,LARGE,US,2000-07-16,AFETR,,4882190,302598454,0 NAVSTAR 48 (USA 151),1 26407U 00040A   25319.15434089 -.00000032  00000-0  00000+0 0  9992,2 26407  54.8980 223.6656 0127554 301.2797 237.7333  2.00567572185655
3.0,GENERATED VIA SPACE-TRACK.ORG API,2025-11-16 23:15:52+00:00,18 SPCS,NAVSTAR 48 (USA 151),2000-040A,EARTH,TEME,UTC,SGP4,2025-11-15 03:42:15.053760+00:00,2.00567572,0.01275540,54.8980,223.6656,301.2797,237.7333,0,U,26407,999,18565,0.00000000000000,-0.00000032,0.0000000000000,26559.998,717.963,20520.646,19843.079,PAYLOAD,LARGE,US,2000-07-16,AFETR,,4883990,302647866,0 NAVSTAR 48 (USA 151),1 26407U 00040A   25319.15434090 -.00000032  00000-0  00000-0 0  9995,2 26407  54.8980 223.6656 0127554 301.2797 237.7333  2.00567572185655
3.0,GENERATED VIA SPACE-TRACK.ORG API,2025-11-17 17:28:55+00:00,18 SPCS,NAVSTAR 48 (USA 151),2000-040A,EARTH,TEME,UTC,SGP4,2025-11-17 03:26:45.155616+00:00,2.00567631,0.01274373,54.8974,223.5866,301.3235,234.0531,0,U,26407,999,18569,0.00000000000000,-0.00000006,0.0000000000000,26559.992,717.962,20520.331,19843.384,PAYLOAD,LARGE,US,2000-07-16,AFETR,,4885416,302742945,0 NAVSTAR 48 (USA 151),1 26407U 00040A   25321.14357819 -.00000006  00000-0  00000-0 0  9991,2 26407  54.8974 223.5866 0127437 301.3235 234.0531  2.00567631185698
3.0,GENERATED VIA SPACE-TRACK.ORG API,2025-11-17 23:06:39+00:00,18 SPCS,NAVSTAR 48 (USA 151),2000-040A,EARTH,TEME,UTC,SGP4,2025-11-17 15:29:32.342208+00:00,2.00567646,0.01274060,54.8972,223.5667,301.3342,236.4735,0,U,26407,999,18570,0.00000000000000,0.00000001,0.0000000000000,26559.991,717.962,20520.246,19843.466,PAYLOAD,LARGE,US,2000-07-16,AFETR,,4886086,302781075,0 NAVSTAR 48 (USA 151),1 26407U 00040A   25321.64551322  .00000001  00000-0  00000+0 0  9994,2 26407  54.8972 223.5667 0127406 301.3342 236.4735  2.00567646185700
3.0,GENERATED VIA SPACE-TRACK.ORG API,2025-11-18 03:17:42+00:00,18 SPCS,NAVSTAR 48 (USA 151),2000-040A,EARTH,TEME,UTC,SGP4,2025-11-17 15:29:32.342208+00:00,2.00567646,0.01274057,54.8972,223.5667,301.3342,236.4735,0,U,26407,999,18570,0.00000000000000,0.00000001,0.0000000000000,26559.991,717.962,20520.245,19843.467,PAYLOAD,LARGE,US,2000-07-16,AFETR,,4886369,302793029,0 NAVSTAR 48 (USA 151),1 26407U 00040A   25321.64551322  .00000001  00000-0  00000-0 0  9995,2 26407  54.8972 223.5667 0127406 301.3342 236.4735  2.00567646185700
3.0,GENERATED VIA SPACE-TRACK.ORG API,2025-11-18 08:06:29+00:00,18 SPCS,NAVSTAR 48 (USA 151),2000-040A,EARTH,TEME,UTC,SGP4,2025-11-17 21:47:30.221088+00:00,2.00567653,0.01273960,54.8972,223.5563,301.3393,65.9935,0,U,26407,999,18571,0.00000000000000,0.00000005,0.0000000000000,26559.990,717.962,20520.219,19843.492,PAYLOAD,LARGE,US,2000-07-16,AFETR,,4886948,302863353,0 NAVSTAR 48 (USA 151),1 26407U 00040A   25321.90798867  .00000005  00000-0  00000+0 0  9994,2 26407  54.8972 223.5563 0127396 301.3393  65.9935  2.00567653185715
3.0,GENERATED VIA SPACE-TRACK.ORG API,2025-11-18 14:36:18+00:00,18 SPCS,NAVSTAR 48 (USA 151),2000-040A,EARTH,TEME,UTC,SGP4,2025-11-18 03:37:27.860160+00:00,2.00567658,0.01273800,54.8971,223.5466,301.3433,241.4722,0,U,26407,999,18571,0.00000000000000,0.00000008,0.0000000000000,26559.990,717.962,20520.176,19843.534,PAYLOAD,LARGE,US,2000-07-16,AFETR,,4887548,302870087,0 NAVSTAR 48 (USA 151),1 26407U 00040A   25322.15101690  .00000008  00000-0  00000+0 0  9997,2 26407  54.8971 223.5466 0127380 301.3433 241.4722  2.00567658185714
3.0,GENERATED VIA SPACE-TRACK.ORG API,2025-11-18 18:34:43+00:00,18 SPCS,NAVSTAR 48 (USA 151),2000-040A,EARTH,TEME,UTC,SGP4,2025-11-17 21:47:30.221952+00:00,2.00567653,0.01273957,54.8972,223.5563,301.3393,65.9935,0,U,26407,999,18571,0.00000000000000,0.00000005,0.0000000000000,26559.990,717.962,20520.218,19843.493,PAYLOAD,LARGE,US,2000-07-16,AFETR,,4887978,302884959,0 NAVSTAR 48 (USA 151),1 26407U 00040A   25321.90798868  .00000005  00000-0  00000-0 0  9996,2 26407  54.8972 223.5563 0127396 301.3393  65.9935  2.00567653185715
3.0,GENERATED VIA SPACE-TRACK.ORG API,2025-11-19 03:20:49+00:00,18 SPCS,NAVSTAR 48 (USA 151),2000-040A,EARTH,TEME,UTC,SGP4,2025-11-18 21:43:17.992704+00:00,2.00567676,0.01273454,54.8969,223.5167,301.3568,65.9358,0,U,26407,999,18573,0.00000000000000,0.00000017,0.0000000000000,26559.988,717.962,20520.083,19843.624,PAYLOAD,LARGE,US,2000-07-16,AFETR,,4888721,302933730,0 NAVSTAR 48 (USA 151),1 26407U 00040A   25322.90506936  .00000017  00000-0  00000-0 0  9993,2 26407  54.8969 223.5167 0127345 301.3568  65.9358  2.00567676185735
3.0,GENERATED VIA SPACE-TRACK.ORG API,2025-11-19 10:06:41+00:00,18 SPCS,NAVSTAR 48 (USA 151),2000-040A,EARTH,TEME,UTC,SGP4,2025-11-19 03:35:38.567616+00:00,2.00567680,0.01273308,54.8968,223.5070,301.3605,242.6095,0,U,26407,999,18573,0.00000000000000,0.00000019,0.0000000000000,26559.988,717.962,20520.043,19843.663,PAYLOAD,LARGE,US,2000-07-16,AFETR,,4888758,302965168,0 NAVSTAR 48 (USA 151),1 26407U 00040A   25323.14975194  .00000019  00000-0  00000-0 0  9998,2 26407  54.8968 223.5070 0127331 301.3605 242.6095  2.00567680185731
3.0,GENERATED VIA SPACE-TRACK.ORG API,2025-11-20 11:24:48+00:00,18 SPCS,NAVSTAR 48 (USA 151),2000-040A,EARTH,TEME,UTC,SGP4,2025-11-20 03:09:36.110016+00:00,2.00567693,0.01272771,54.8966,223.4680,301.3801,231.5998,0,U,26407,999,18575,0.00000000000000,0.00000027,0.0000000000000,26559.987,717.962,20519.899,19843.804,PAYLOAD,LARGE,US,2000-07-16,AFETR,,4889748,303077102,0 NAVSTAR 48 (USA 151),1 26407U 00040A   25324.13166794  .00000027  00000-0  00000-0 0  9995,2 26407  54.8966 223.4680 0127277 301.3801 231.5998  2.00567693185757
3.0,GENERATED VIA SPACE-TRACK.ORG API,2025-11-20 20:56:19+00:00,18 SPCS,NAVSTAR 48 (USA 151),2000-040A,EARTH,TEME,UTC,SGP4,2025-11-20 15:26:42.866016+00:00,2.00567699,0.01272450,54.8964,223.4476,301.3909,241.2039,0,U,26407,999,18576,0.00000000000000,0.00000029,0.0000000000000,26559.986,717.962,20519.814,19843.889,PAYLOAD,LARGE,US,2000-07-16,AFETR,,4890434,303116756,0 NAVSTAR 48 (USA 151),1 26407U 00040A   25324.64355169  .00000029  00000-0  00000+0 0  9998,2 26407  54.8964 223.4476 0127245 301.3909 241.2039  2.00567699185763
3.0,GENERATED VIA SPACE-TRACK.ORG API,2025-11-20 22:56:17+00:00,18 SPCS,NAVSTAR 48 (USA 151),2000-040A,EARTH,TEME,UTC,SGP4,2025-11-20 18:52:26.924736+00:00,2.00567701,0.01272380,54.8963,223.4419,301.3944,344.3630,0,U,26407,999,18576,0.00000000000000,0.00000030,0.0000000000000,26559.986,717.962,20519.795,19843.907,PAYLOAD,LARGE,US,2000-07-16,AFETR,,4890680,303122451,0 NAVSTAR 48 (USA 151),1 26407U 00040A   25324.78642274  .00000030  00000-0  00000+0 0  9991,2 26407  54.8963 223.4419 0127238 301.3944 344.3630  2.00567701185766
3.0,GENERATED VIA SPACE-TRACK.ORG API,2025-11-21 03:06:45+00:00,18 SPCS,NAVSTAR 48 (USA 151),2000-040A,EARTH,TEME,UTC,SGP4,2025-11-20 18:52:26.925600+00:00,2.00567701,0.01272375,54.8963,223.4419,301.3944,344.3630,0,U,26407,999,18576,0.00000000000000,0.00000030,0.0000000000000,26559.986,717.962,20519.794,19843.908,PAYLOAD,LARGE,US,2000-07-16,AFETR,,4890904,303134040,0 NAVSTAR 48 (USA 151),1 26407U 00040A   25324.78642275  .00000030  00000-0  00000-0 0  9993,2 26407  54.8963 223.4419 0127238 301.3944 344.3630  2.00567701185766
3.0,GENERATED VIA SPACE-TRACK.ORG API,2025-11-21 07:16:35+00:00,18 SPCS,NAVSTAR 48 (USA 151),2000-040A,EARTH,TEME,UTC,SGP4,2025-11-21 03:05:35.923200+00:00,2.00567703,0.01272160,54.8963,223.4283,301.4014,231.6391,0,U,26407,999,18577,0.00000000000000,0.00000031,0.0000000000000,26559.986,717.962,20519.736,19843.965,PAYLOAD,LARGE,US,2000-07-16,AFETR,,4891329,303169234,0 NAVSTAR 48 (USA 151),1 26407U 00040A   25325.12888800  .00000031  00000-0  00000+0 0  9998,2 26407  54.8963 223.4283 0127216 301.4014 231.6391  2.00567703185775
3.0,GENERATED VIA SPACE-TRACK.ORG API,2025-11-21 20:16:19+00:00,18 SPCS,NAVSTAR 48 (USA 151),2000-040A,EARTH,TEME,UTC,SGP4,2025-11-21 14:19:25.499424+00:00,2.00567705,0.01271850,54.8961,223.4097,301.4115,209.5097,0,U,26407,999,18578,0.00000000000000,0.00000032,0.0000000000000,26559.986,717.962,20519.654,19844.048,PAYLOAD,LARGE,US,2000-07-16,AFETR,,4892150,303188066,0 NAVSTAR 48 (USA 151),1 26407U 00040A   25325.59682291  .00000032  00000-0  00000+0 0  9996,2 26407  54.8961 223.4097 0127185 301.4115 209.5097  2.00567705185783
3.0,GENERATED VIA SPACE-TRACK.ORG API,2025-11-22 15:46:18+00:00,18 SPCS,NAVSTAR 48 (USA 151),2000-040A,EARTH,TEME,UTC,SGP4,2025-11-22 03:01:31.914048+00:00,2.00567707,0.01271580,54.8959,223.3887,301.4216,231.6476,0,U,26407,999,18579,0.00000000000000,0.00000032,0.0000000000000,26559.986,717.962,20519.582,19844.119,PAYLOAD,LARGE,US,2000-07-16,AFETR,,4894084,303233964,0 NAVSTAR 48 (USA 151),1 26407U 00040A   25326.12606382  .00000032  00000-0  00000+0 0  9993,2 26407  54.8959 223.3887 0127158 301.4216 231.6476  2.00567707185798
3.0,GENERATED VIA SPACE-TRACK.ORG API,2025-11-22 18:56:57+00:00,18 SPCS,NAVSTAR 48 (USA 151),2000-040A,EARTH,TEME,UTC,SGP4,2025-11-22 03:01:31.914048+00:00,2.00567707,0.01271579,54.8959,223.3887,301.4216,231.6476,0,U,26407,999,18579,0.00000000000000,0.00000032,0.0000000000000,26559.986,717.962,20519.582,19844.119,PAYLOAD,LARGE,US,2000-07-16,AFETR,,4894246,303244308,0 NAVSTAR 48 (USA 151),1 26407U 00040A   25326.12606382  .00000032  00000-0  00000-0 0  9994,2 26407  54.8959 223.3887 0127158 301.4216 231.6476  2.00567707185798
3.0,GENERATED VIA SPACE-TRACK.ORG API,2025-11-22 23:06:34+00:00,18 SPCS,NAVSTAR 48 (USA 151),2000-040A,EARTH,TEME,UTC,SGP4,2025-11-22 15:26:26.333376+00:00,2.00567707,0.01271250,54.8958,223.3682,301.4328,245.1596,0,U,26407,999,18580,0.00000000000000,0.00000031,0.0000000000000,26559.986,717.962,20519.494,19844.207,PAYLOAD,LARGE,US,2000-07-16,AFETR,,4894647,303279489,0 NAVSTAR 48 (USA 151),1 26407U 00040A   25326.64336034  .00000031  00000-0  00000+0 0  9993,2 26407  54.8958 223.3682 0127125 301.4328 245.1596  2.00567707185803
3.0,GENERATED VIA SPACE-TRACK.ORG API,2025-11-23 06:36:23+00:00,18 SPCS,NAVSTAR 48 (USA 151),2000-040A,EARTH,TEME,UTC,SGP4,2025-11-23 02:57:29.911104+00:00,2.00567707,0.01270990,54.8957,223.3491,301.4431,231.6715,0,U,26407,999,18581,0.00000000000000,0.00000030,0.0000000000000,26559.986,717.962,20519.425,19844.276,PAYLOAD,LARGE,US,2000-07-16,AFETR,,4895313,303295818,0 NAVSTAR 48 (USA 151),1 26407U 00040A   25327.12326286  .00000030  00000-0  00000+0 0  9994,2 26407  54.8957 223.3491 0127099 301.4431 231.6715  2.00567707185819
3.0,GENERATED VIA SPACE-TRACK.ORG API,2025-11-23 21:08:43+00:00,18 SPCS,NAVSTAR 48 (USA 151),2000-040A,EARTH,TEME,UTC,SGP4,2025-11-23 02:57:29.911104+00:00,2.00567707,0.01270987,54.8957,223.3491,301.4431,231.6715,0,U,26407,999,18581,0.00000000000000,0.00000030,0.0000000000000,26559.986,717.962,20519.424,19844.277,PAYLOAD,LARGE,US,2000-07-16,AFETR,,4896238,303324397,0 NAVSTAR 48 (USA 151),1 26407U 00040A   25327.12326286  .00000030  00000-0  00000-0 0  9995,2 26407  54.8957 223.3491 0127099 301.4431 231.6715  2.00567707185819
3.0,GENERATED VIA SPACE-TRACK.ORG API,2025-11-23 23:16:19+00:00,18 SPCS,NAVSTAR 48 (USA 151),2000-040A,EARTH,TEME,UTC,SGP4,2025-11-23 14:22:24.456288+00:00,2.00567705,0.01270650,54.8956,223.3302,301.4550,215.0976,0,U,26407,999,18582,0.00000000000000,0.00000029,0.0000000000000,26559.986,717.962,20519.335,19844.366,PAYLOAD,LARGE,US,2000-07-16,AFETR,,4896661,303359529,0 NAVSTAR 48 (USA 151),1 26407U 00040A   25327.59889417  .00000029  00000-0  00000+0 0  9993,2 26407  54.8956 223.3302 0127065 301.4550 215.0976  2.00567705185828
3.0,GENERATED VIA SPACE-TRACK.ORG API,2025-11-24 15:26:21+00:00,18 SPCS,NAVSTAR 48 (USA 151),2000-040A,EARTH,TEME,UTC,SGP4,2025-11-24 02:53:28.863744+00:00,2.00567706,0.01270400,54.8955,223.3095,301.4634,231.7047,0,U,26407,999,18583,0.00000000000000,0.00000027,0.0000000000000,26559.986,717.962,20519.269,19844.433,PAYLOAD,LARGE,US,2000-07-16,AFETR,,4898025,303392188,0 NAVSTAR 48 (USA 151),1 26407U 00040A   25328.12047296  .00000027  00000-0  00000+0 0  9992,2 26407  54.8955 223.3095 0127040 301.4634 231.7047  2.00567706185838
3.0,GENERATED VIA SPACE-TRACK.ORG API,2025-11-24 18:12:41+00:00,18 SPCS,NAVSTAR 48 (USA 151),2000-040A,EARTH,TEME,UTC,SGP4,2025-11-24 02:53:28.864608+00:00,2.00567706,0.01270404,54.8955,223.3095,301.4634,231.7047,0,U,26407,999,18583,0.00000000000000,0.00000027,0.0000000000000,26559.986,717.962,20519.270,19844.431,PAYLOAD,LARGE,US,2000-07-16,AFETR,,4898287,303404552,0 NAVSTAR 48 (USA 151),1 26407U 00040A   25328.12047297  .00000027  00000-0  00000-0 0  9994,2 26407  54.8955 223.3095 0127040 301.4634 231.7047  2.00567706185838
3.0,GENERATED VIA SPACE-TRACK.ORG API,2025-11-25 03:42:27+00:00,18 SPCS,NAVSTAR 48 (USA 151),2000-040A,EARTH,TEME,UTC,SGP4,2025-11-24 21:17:48.683328+00:00,2.00567703,0.01269978,54.8953,223.2790,301.4772,65.4421,0,U,26407,999,18585,0.00000000000000,0.00000025,0.0000000000000,26559.986,717.962,20519.157,19844.545,PAYLOAD,LARGE,US,2000-07-16,AFETR,,4899133,303454408,0 NAVSTAR 48 (USA 151),1 26407U 00040A   25328.88736902  .00000025  00000-0  00000-0 0  9993,2 26407  54.8953 223.2790 0126998 301.4772  65.4421  2.00567703185858
3.0,GENERATED VIA SPACE-TRACK.ORG API,2025-11-25 08:26:36+00:00,18 SPCS,NAVSTAR 48 (USA 151),2000-040A,EARTH,TEME,UTC,SGP4,2025-11-25 02:49:29.096832+00:00,2.00567703,0.01269870,54.8952,223.2699,301.4806,231.7518,0,U,26407,999,18585,0.00000000000000,0.00000025,0.0000000000000,26559.986,717.962,20519.128,19844.574,PAYLOAD,LARGE,US,2000-07-16,AFETR,,4899753,303494584,0 NAVSTAR 48 (USA 151),1 26407U 00040A   25329.11769788  .00000025  00000-0  00000+0 0  9997,2 26407  54.8952 223.2699 0126987 301.4806 231.7518  2.00567703185856
3.0,GENERATED VIA SPACE-TRACK.ORG API,2025-11-25 17:18:59+00:00,18 SPCS,NAVSTAR 48 (USA 151),2000-040A,EARTH,TEME,UTC,SGP4,2025-11-25 02:49:29.097696+00:00,2.00567703,0.01269872,54.8952,223.2699,301.4806,231.7518,0,U,26407,999,18585,0.00000000000000,0.00000025,0.0000000000000,26559.986,717.962,20519.129,19844.573,PAYLOAD,LARGE,US,2000-07-16,AFETR,,4900866,303526836,0 NAVSTAR 48 (USA 151),1 26407U 00040A   25329.11769789  .00000025  00000-0  00000-0 0  9999,2 26407  54.8952 223.2699 0126987 301.4806 231.7518  2.00567703185856
3.0,GENERATED VIA SPACE-TRACK.ORG API,2025-11-26 08:16:18+00:00,18 SPCS,NAVSTAR 48 (USA 151),2000-040A,EARTH,TEME,UTC,SGP4,2025-11-26 02:44:34.618848+00:00,2.00567698,0.01269330,54.8949,223.2303,301.4980,231.3414,0,U,26407,999,18587,0.00000000000000,0.00000023,0.0000000000000,26559.986,717.962,20518.985,19844.718,PAYLOAD,LARGE,US,2000-07-16,AFETR,,4902215,303582509,0 NAVSTAR 48 (USA 151),1 26407U 00040A   25330.11428957  .00000023  00000-0  00000+0 0  9997,2 26407  54.8949 223.2303 0126933 301.4980 231.3414  2.00567698185874
3.0,GENERATED VIA SPACE-TRACK.ORG API,2025-11-26 11:31:21+00:00,18 SPCS,NAVSTAR 48 (USA 151),2000-040A,EARTH,TEME,UTC,SGP4,2025-11-25 21:13:19.718400+00:00,2.00567698,0.01269450,54.8950,223.2394,301.4937,65.2458,0,U,26407,999,18587,0.00000000000000,0.00000023,0.0000000000000,26559.986,717.962,20519.017,19844.686,PAYLOAD,LARGE,US,2000-07-16,AFETR,,4902534,303596959,0 NAVSTAR 48 (USA 151),1 26407U 00040A   25329.88425600  .00000023  00000-0  00000-0 0  9992,2 26407  54.8950 223.2394 0126945 301.4937  65.2458  2.00567698185873
3.0,GENERATED VIA SPACE-TRACK.ORG API,2025-11-26 18:00:39+00:00,18 SPCS,NAVSTAR 48 (USA 151),2000-040A,EARTH,TEME,UTC,SGP4,2025-11-26 02:44:34.619712+00:00,2.00567698,0.01269329,54.8949,223.2303,301.4980,231.3414,0,U,26407,999,18587,0.00000000000000,0.00000023,0.0000000000000,26559.986,717.962,20518.985,19844.718,PAYLOAD,LARGE,US,2000-07-16,AFETR,,4903404,303648871,0 NAVSTAR 48 (USA 151),1 26407U 00040A   25330.11428958  .00000023  00000-0  00000-0 0  9999,2 26407  54.8949 223.2303 0126933 301.4980 231.3414  2.00567698185874
3.0,GENERATED VIA SPACE-TRACK.ORG API,2025-11-26 23:36:18+00:00,18 SPCS,NAVSTAR 48 (USA 151),2000-040A,EARTH,TEME,UTC,SGP4,2025-11-26 14:26:36.788352+00:00,2.00567697,0.01269040,54.8948,223.2109,301.5070,223.3588,0,U,26407,999,18588,0.00000000000000,0.00000022,0.0000000000000,26559.986,717.962,20518.908,19844.795,PAYLOAD,LARGE,US,2000-07-16,AFETR,,4903910,303685455,0 NAVSTAR 48 (USA 151),1 26407U 00040A   25330.60181468  .00000022  00000-0  00000+0 0  9993,2 26407  54.8948 223.2109 0126904 301.5070 223.3588  2.00567697185889
3.0,GENERATED VIA SPACE-TRACK.ORG API,2025-11-27 03:52:41+00:00,18 SPCS,NAVSTAR 48 (USA 151),2000-040A,EARTH,TEME,UTC,SGP4,2025-11-26 14:26:36.788352+00:00,2.00567697,0.01269035,54.8948,223.2109,301.5070,223.3588,0,U,26407,999,18588,0.00000000000000,0.00000022,0.0000000000000,26559.987,717.962,20518.907,19844.796,PAYLOAD,LARGE,US,2000-07-16,AFETR,,4904132,303696865,0 NAVSTAR 48 (USA 151),1 26407U 00040A   25330.60181468  .00000022  00000-0  00000-0 0  9994,2 26407  54.8948 223.2109 0126904 301.5070 223.3588  2.00567697185889
3.0,GENERATED VIA SPACE-TRACK.ORG API,2025-11-27 07:56:21+00:00,18 SPCS,NAVSTAR 48 (USA 151),2000-040A,EARTH,TEME,UTC,SGP4,2025-11-27 02:40:29.065728+00:00,2.00567694,0.01268760,54.8946,223.1906,301.5160,231.3395,0,U,26407,999,18589,0.00000000000000,0.00000022,0.0000000000000,26559.987,717.962,20518.834,19844.869,PAYLOAD,LARGE,US,2000-07-16,AFETR,,4904427,303728553,0 NAVSTAR 48 (USA 151),1 26407U 00040A   25331.11144752  .00000022  00000-0  00000+0 0  9995,2 26407  54.8946 223.1906 0126876 301.5160 231.3395  2.00567694185892
3.0,GENERATED VIA SPACE-TRACK.ORG API,2025-11-27 13:14:25+00:00,18 SPCS,NAVSTAR 48 (USA 151),2000-040A,EARTH,TEME,UTC,SGP4,2025-11-27 02:40:29.066592+00:00,2.00567694,0.01268760,54.8946,223.1906,301.5160,231.3395,0,U,26407,999,18589,0.00000000000000,0.00000022,0.0000000000000,26559.987,717.962,20518.834,19844.869,PAYLOAD,LARGE,US,2000-07-16,AFETR,,4904843,303744454,0 NAVSTAR 48 (USA 151),1 26407U 00040A   25331.11144753  .00000022  00000-0  00000-0 0  9997,2 26407  54.8946 223.1906 0126876 301.5160 231.3395  2.00567694185892
3.0,GENERATED VIA SPACE-TRACK.ORG API,2025-11-28 05:28:23+00:00,18 SPCS,NAVSTAR 48 (USA 151),2000-040A,EARTH,TEME,UTC,SGP4,2025-11-27 21:05:51.828576+00:00,2.00567692,0.01268338,54.8944,223.1601,301.5287,65.6041,0,U,26407,999,18591,0.00000000000000,0.00000024,0.0000000000000,26559.987,717.962,20518.722,19844.982,PAYLOAD,LARGE,US,2000-07-16,AFETR,,4904942,303776939,0 NAVSTAR 48 (USA 151),1 26407U 00040A   25331.87907209  .00000024  00000-0  00000-0 0  9995,2 26407  54.8944 223.1601 0126834 301.5287  65.6041  2.00567692185913
3.0,GENERATED VIA SPACE-TRACK.ORG API,2025-11-28 11:26:28+00:00,18 SPCS,NAVSTAR 48 (USA 151),2000-040A,EARTH,TEME,UTC,SGP4,2025-11-28 02:36:31.477824+00:00,2.00567692,0.01268220,54.8944,223.1510,301.5335,231.4046,0,U,26407,999,18591,0.00000000000000,0.00000024,0.0000000000000,26559.987,717.962,20518.691,19845.013,PAYLOAD,LARGE,US,2000-07-16,AFETR,,4905675,303819248,0 NAVSTAR 48 (USA 151),1 26407U 00040A   25332.10869766  .00000024  00000-0  00000+0 0  9996,2 26407  54.8944 223.1510 0126822 301.5335 231.4046  2.00567692185911
3.0,GENERATED VIA SPACE-TRACK.ORG API,2025-11-28 20:32:39+00:00,18 SPCS,NAVSTAR 48 (USA 151),2000-040A,EARTH,TEME,UTC,SGP4,2025-11-28 02:36:31.478688+00:00,2.00567692,0.01268217,54.8944,223.1510,301.5335,231.4046,0,U,26407,999,18591,0.00000000000000,0.00000024,0.0000000000000,26559.987,717.962,20518.690,19845.014,PAYLOAD,LARGE,US,2000-07-16,AFETR,,4905705,303827171,0 NAVSTAR 48 (USA 151),1 26407U 00040A   25332.10869767  .00000024  00000-0  00000-0 0  9998,2 26407  54.8944 223.1510 0126822 301.5335 231.4046  2.00567692185911
3.0,GENERATED VIA SPACE-TRACK.ORG API,2025-11-29 06:56:33+00:00,18 SPCS,NAVSTAR 48 (USA 151),2000-040A,EARTH,TEME,UTC,SGP4,2025-11-29 02:32:29.085216+00:00,2.00567689,0.01267670,54.8941,223.1113,301.5519,231.4286,0,U,26407,999,18593,0.00000000000000,0.00000029,0.0000000000000,26559.987,717.962,20518.545,19845.159,PAYLOAD,LARGE,US,2000-07-16,AFETR,,4906639,303875059,0 NAVSTAR 48 (USA 151),1 26407U 00040A   25333.10589219  .00000029  00000-0  00000+0 0  9994,2 26407  54.8941 223.1113 0126767 301.5519 231.4286  2.00567689185933
3.0,GENERATED VIA SPACE-TRACK.ORG API,2025-11-29 19:07:35+00:00,18 SPCS,NAVSTAR 48 (USA 151),2000-040A,EARTH,TEME,UTC,SGP4,2025-11-29 02:32:29.085216+00:00,2.00567689,0.01267674,54.8941,223.1113,301.5519,231.4286,0,U,26407,999,18593,0.00000000000000,0.00000029,0.0000000000000,26559.987,717.962,20518.546,19845.158,PAYLOAD,LARGE,US,2000-07-16,AFETR,,4906927,303887363,0 NAVSTAR 48 (USA 151),1 26407U 00040A   25333.10589219  .00000029  00000-0  00000-0 0  9995,2 26407  54.8941 223.1113 0126767 301.5519 231.4286  2.00567689185933
3.0,GENERATED VIA SPACE-TRACK.ORG API,2025-11-29 22:46:32+00:00,18 SPCS,NAVSTAR 48 (USA 151),2000-040A,EARTH,TEME,UTC,SGP4,2025-11-29 15:02:17.215296+00:00,2.00567688,0.01267360,54.8940,223.0906,301.5621,247.3963,0,U,26407,999,18594,0.00000000000000,0.00000033,0.0000000000000,26559.987,717.962,20518.463,19845.242,PAYLOAD,LARGE,US,2000-07-16,AFETR,,4907466,303925641,0 NAVSTAR 48 (USA 151),1 26407U 00040A   25333.62658814  .00000033  00000-0  00000+0 0  9994,2 26407  54.8940 223.0906 0126736 301.5621 247.3963  2.00567688185949
3.0,GENERATED VIA SPACE-TRACK.ORG API,2025-11-30 17:58:55+00:00,18 SPCS,NAVSTAR 48 (USA 151),2000-040A,EARTH,TEME,UTC,SGP4,2025-11-30 14:28:31.037664+00:00,2.00567691,0.01266853,54.8938,223.0517,301.5805,232.5129,0,U,26407,999,18596,0.00000000000000,0.00000041,0.0000000000000,26559.987,717.962,20518.328,19845.376,PAYLOAD,LARGE,US,2000-07-16,AFETR,,4909172,303974283,0 NAVSTAR 48 (USA 151),1 26407U 00040A   25334.60313701  .00000041  00000-0  00000-0 0  9996,2 26407  54.8938 223.0517 0126685 301.5805 232.5129  2.00567691185967
3.0,GENERATED VIA SPACE-TRACK.ORG API,2025-11-30 22:56:32+00:00,18 SPCS,NAVSTAR 48 (USA 151),2000-040A,EARTH,TEME,UTC,SGP4,2025-11-30 20:53:27.058848+00:00,2.00567690,0.01266680,54.8938,223.0411,301.5854,65.5277,0,U,26407,999,18597,0.00000000000000,0.00000043,0.0000000000000,26559.987,717.962,20518.282,19845.422,PAYLOAD,LARGE,US,2000-07-16,AFETR,,4909732,304013129,0 NAVSTAR 48 (USA 151),1 26407U 00040A   25334.87045207  .00000043  00000-0  00000+0 0  9999,2 26407  54.8938 223.0411 0126668 301.5854  65.5277  2.00567690185973
3.0,GENERATED VIA SPACE-TRACK.ORG API,2025-12-01 03:48:24+00:00,18 SPCS,NAVSTAR 48 (USA 151),2000-040A,EARTH,TEME,UTC,SGP4,2025-11-30 20:53:27.059712+00:00,2.00567690,0.01266683,54.8938,223.0411,301.5854,65.5277,0,U,26407,999,18597,0.00000000000000,0.00000043,0.0000000000000,26559.987,717.962,20518.283,19845.421,PAYLOAD,LARGE,US,2000-07-16,AFETR,,4909928,304023904,0 NAVSTAR 48 (USA 151),1 26407U 00040A   25334.87045208  .00000043  00000-0  00000-0 0  9991,2 26407  54.8938 223.0411 0126668 301.5854  65.5277  2.00567690185973
3.0,GENERATED VIA SPACE-TRACK.ORG API,2025-12-01 10:16:41+00:00,18 SPCS,NAVSTAR 48 (USA 151),2000-040A,EARTH,TEME,UTC,SGP4,2025-12-01 02:24:31.416768+00:00,2.00567692,0.01266559,54.8937,223.0320,301.5907,231.5341,0,U,26407,999,18597,0.00000000000000,0.00000045,0.0000000000000,26559.987,717.962,20518.250,19845.454,PAYLOAD,LARGE,US,2000-07-16,AFETR,,4909947,304055460,0 NAVSTAR 48 (USA 151),1 26407U 00040A   25335.10036362  .00000045  00000-0  00000-0 0  9991,2 26407  54.8937 223.0320 0126656 301.5907 231.5341  2.00567692185976
3.0,GENERATED VIA SPACE-TRACK.ORG API,2025-12-02 08:06:31+00:00,18 SPCS,NAVSTAR 48 (USA 151),2000-040A,EARTH,TEME,UTC,SGP4,2025-12-02 02:20:38.477184+00:00,2.00567697,0.01265980,54.8935,222.9923,301.6113,231.6350,0,U,26407,999,18599,0.00000000000000,0.00000053,0.0000000000000,26559.986,717.962,20518.096,19845.607,PAYLOAD,LARGE,US,2000-07-16,AFETR,,4912156,304164200,0 NAVSTAR 48 (USA 151),1 26407U 00040A   25336.09766756  .00000053  00000-0  00000+0 0  9995,2 26407  54.8935 222.9923 0126598 301.6113 231.6350  2.00567697185994
3.0,GENERATED VIA SPACE-TRACK.ORG API,2025-12-02 11:04:55+00:00,18 SPCS,NAVSTAR 48 (USA 151),2000-040A,EARTH,TEME,UTC,SGP4,2025-12-02 02:20:38.477184+00:00,2.00567697,0.01265976,54.8935,222.9923,301.6113,231.6350,0,U,26407,999,18599,0.00000000000000,0.00000053,0.0000000000000,26559.987,717.962,20518.095,19845.608,PAYLOAD,LARGE,US,2000-07-16,AFETR,,4912329,304174293,0 NAVSTAR 48 (USA 151),1 26407U 00040A   25336.09766756  .00000053  00000-0  00000-0 0  9996,2 26407  54.8935 222.9923 0126598 301.6113 231.6350  2.00567697185994
3.0,GENERATED VIA SPACE-TRACK.ORG API,2025-12-02 23:36:34+00:00,18 SPCS,NAVSTAR 48 (USA 151),2000-040A,EARTH,TEME,UTC,SGP4,2025-12-02 20:35:05.713728+00:00,2.00567701,0.01265560,54.8933,222.9621,301.6247,60.4206,0,U,26407,999,18601,0.00000000000000,0.00000058,0.0000000000000,26559.986,717.962,20517.984,19845.719,PAYLOAD,LARGE,US,2000-07-16,AFETR,,4913647,304230520,0 NAVSTAR 48 (USA 151),1 26407U 00040A   25336.85770502  .00000058  00000-0  00000+0 0  9998,2 26407  54.8933 222.9621 0126556 301.6247  60.4206  2.00567701186017
3.0,GENERATED VIA SPACE-TRACK.ORG API,2025-12-03 11:19:29+00:00,18 SPCS,NAVSTAR 48 (USA 151),2000-040A,EARTH,TEME,UTC,SGP4,2025-12-02 20:35:05.714592+00:00,2.00567701,0.01265555,54.8933,222.9621,301.6247,60.4206,0,U,26407,999,18601,0.00000000000000,0.00000058,0.0000000000000,26559.986,717.962,20517.982,19845.720,PAYLOAD,LARGE,US,2000-07-16,AFETR,,4914710,304292502,0 NAVSTAR 48 (USA 151),1 26407U 00040A   25336.85770503  .00000058  00000-0  00000-0 0  9990,2 26407  54.8933 222.9621 0126556 301.6247  60.4206  2.00567701186017
3.0,GENERATED VIA SPACE-TRACK.ORG API,2025-12-04 02:28:57+00:00,18 SPCS,NAVSTAR 48 (USA 151),2000-040A,EARTH,TEME,UTC,SGP4,2025-12-03 20:42:39.159072+00:00,2.00567714,0.01264991,54.8930,222.9221,301.6438,66.2593,0,U,26407,999,18603,0.00000000000000,0.00000060,0.0000000000000,26559.985,717.962,20517.831,19845.868,PAYLOAD,LARGE,US,2000-07-16,AFETR,,4915962,304354041,0 NAVSTAR 48 (USA 151),1 26407U 00040A   25337.86295323  .00000060  00000-0  00000-0 0  9997,2 26407  54.8930 222.9221 0126499 301.6438  66.2593  2.00567714186037
3.0,GENERATED VIA SPACE-TRACK.ORG API,2025-12-04 08:16:18+00:00,18 SPCS,NAVSTAR 48 (USA 151),2000-040A,EARTH,TEME,UTC,SGP4,2025-12-03 20:42:39.159072+00:00,2.00567714,0.01264990,54.8930,222.9221,301.6438,66.2593,0,U,26407,999,18603,0.00000000000000,0.00000060,0.0000000000000,26559.985,717.962,20517.831,19845.869,PAYLOAD,LARGE,US,2000-07-16,AFETR,,4916334,304386918,0 NAVSTAR 48 (USA 151),1 26407U 00040A   25337.86295323  .00000060  00000-0  00000+0 0  9996,2 26407  54.8930 222.9221 0126499 301.6438  66.2593  2.00567714186037
3.0,GENERATED VIA SPACE-TRACK.ORG API,2025-12-05 06:36:21+00:00,18 SPCS,NAVSTAR 48 (USA 151),2000-040A,EARTH,TEME,UTC,SGP4,2025-12-05 02:25:59.416032+00:00,2.00567737,0.01264280,54.8926,222.8729,301.6688,240.4646,0,U,26407,999,18605,0.00000000000000,0.00000056,0.0000000000000,26559.983,717.962,20517.640,19846.055,PAYLOAD,LARGE,US,2000-07-16,AFETR,,4918175,304523932,0 NAVSTAR 48 (USA 151),1 26407U 00040A   25339.10138213  .00000056  00000-0  00000+0 0  9994,2 26407  54.8926 222.8729 0126428 301.6688 240.4646  2.00567737186055
3.0,GENERATED VIA SPACE-TRACK.ORG API,2025-12-05 10:48:45+00:00,18 SPCS,NAVSTAR 48 (USA 151),2000-040A,EARTH,TEME,UTC,SGP4,2025-12-05 02:25:59.416032+00:00,2.00567737,0.01264283,54.8927,222.8729,301.6688,240.4646,0,U,26407,999,18605,0.00000000000000,0.00000056,0.0000000000000,26559.983,717.962,20517.641,19846.054,PAYLOAD,LARGE,US,2000-07-16,AFETR,,4918366,304534806,0 NAVSTAR 48 (USA 151),1 26407U 00040A   25339.10138213  .00000056  00000-0  00000-0 0  9995,2 26407  54.8927 222.8729 0126428 301.6688 240.4646  2.00567737186056
3.0,GENERATED VIA SPACE-TRACK.ORG API,2025-12-06 06:00:24+00:00,18 SPCS,NAVSTAR 48 (USA 151),2000-040A,EARTH,TEME,UTC,SGP4,2025-12-05 20:58:54.723936+00:00,2.00567754,0.01263842,54.8925,222.8421,301.6819,78.5111,0,U,26407,999,18607,0.00000000000000,0.00000048,0.0000000000000,26559.981,717.962,20517.523,19846.170,PAYLOAD,LARGE,US,2000-07-16,AFETR,,4918504,304566894,0 NAVSTAR 48 (USA 151),1 26407U 00040A   25339.87424449  .00000048  00000-0  00000-0 0  9999,2 26407  54.8925 222.8421 0126384 301.6819  78.5111  2.00567754186078
3.0,GENERATED VIA SPACE-TRACK.ORG API,2025-12-06 12:48:24+00:00,18 SPCS,NAVSTAR 48 (USA 151),2000-040A,EARTH,TEME,UTC,SGP4,2025-12-06 02:15:28.524096+00:00,2.00567762,0.01263695,54.8924,222.8334,301.6877,237.2417,0,U,26407,999,18607,0.00000000000000,0.00000046,0.0000000000000,26559.981,717.962,20517.483,19846.209,PAYLOAD,LARGE,US,2000-07-16,AFETR,,4918520,304598478,0 NAVSTAR 48 (USA 151),1 26407U 00040A   25340.09408014  .00000046  00000-0  00000-0 0  9993,2 26407  54.8924 222.8334 0126369 301.6877 237.2417  2.00567762186079
3.0,GENERATED VIA SPACE-TRACK.ORG API,2025-12-07 05:42:25+00:00,18 SPCS,NAVSTAR 48 (USA 151),2000-040A,EARTH,TEME,UTC,SGP4,2025-12-06 20:27:51.667776+00:00,2.00567780,0.01263296,54.8923,222.8032,301.6996,64.9920,0,U,26407,999,18609,0.00000000000000,0.00000036,0.0000000000000,26559.979,717.962,20517.375,19846.313,PAYLOAD,LARGE,US,2000-07-16,AFETR,,4918577,304662055,0 NAVSTAR 48 (USA 151),1 26407U 00040A   25340.85268134  .00000036  00000-0  00000-0 0  9993,2 26407  54.8923 222.8032 0126330 301.6996  64.9920  2.00567780186099
3.0,GENERATED VIA SPACE-TRACK.ORG API,2025-12-07 17:20:40+00:00,18 SPCS,NAVSTAR 48 (USA 151),2000-040A,EARTH,TEME,UTC,SGP4,2025-12-07 02:24:01.548288+00:00,2.00567789,0.01263153,54.8922,222.7933,301.7055,243.5801,0,U,26407,999,18609,0.00000000000000,0.00000033,0.0000000000000,26559.978,717.962,20517.337,19846.350,PAYLOAD,LARGE,US,2000-07-16,AFETR,,4918610,304693984,0 NAVSTAR 48 (USA 151),1 26407U 00040A   25341.10001792  .00000033  00000-0  00000-0 0  9994,2 26407  54.8922 222.7933 0126315 301.7055 243.5801  2.00567789186099
3.0,GENERATED VIA SPACE-TRACK.ORG API,2025-12-08 03:46:37+00:00,18 SPCS,NAVSTAR 48 (USA 151),2000-040A,EARTH,TEME,UTC,SGP4,2025-12-07 20:23:29.531904+00:00,2.00567809,0.01262773,54.8920,222.7635,301.7172,64.8523,0,U,26407,999,18611,0.00000000000000,0.00000022,0.0000000000000,26559.977,717.962,20517.234,19846.449,PAYLOAD,LARGE,US,2000-07-16,AFETR,,4918622,304726121,0 NAVSTAR 48 (USA 151),1 26407U 00040A   25341.84964736  .00000022  00000-0  00000-0 0  9999,2 26407  54.8920 222.7635 0126277 301.7172  64.8523  2.00567809186114
3.0,GENERATED VIA SPACE-TRACK.ORG API,2025-12-08 11:02:57+00:00,18 SPCS,NAVSTAR 48 (USA 151),2000-040A,EARTH,TEME,UTC,SGP4,2025-12-08 00:47:10.344768+00:00,2.00567815,0.01262679,54.8919,222.7562,301.7217,197.0667,0,U,26407,999,18611,0.00000000000000,0.00000020,0.0000000000000,26559.976,717.962,20517.208,19846.474,PAYLOAD,LARGE,US,2000-07-16,AFETR,,4918630,304757698,0 NAVSTAR 48 (USA 151),1 26407U 00040A   25342.03275862  .00000020  00000-0  00000-0 0  9994,2 26407  54.8919 222.7562 0126268 301.7217 197.0667  2.00567815186116
3.0,GENERATED VIA SPACE-TRACK.ORG API,2025-12-08 18:20:44+00:00,18 SPCS,NAVSTAR 48 (USA 151),2000-040A,EARTH,TEME,UTC,SGP4,2025-12-08 14:09:49.029120+00:00,2.00567832,0.01262380,54.8918,222.7341,301.7320,239.5319,0,U,26407,999,18612,0.00000000000000,0.00000013,0.0000000000000,26559.975,717.962,20517.127,19846.552,PAYLOAD,LARGE,US,2000-07-16,AFETR,,4918649,304789610,0 NAVSTAR 48 (USA 151),1 26407U 00040A   25342.59015080  .00000013  00000-0  00000-0 0  9991,2 26407  54.8918 222.7341 0126238 301.7320 239.5319  2.00567832186128
3.0,GENERATED VIA SPACE-TRACK.ORG API,2025-12-09 00:26:23+00:00,18 SPCS,NAVSTAR 48 (USA 151),2000-040A,EARTH,TEME,UTC,SGP4,2025-12-08 20:20:05.544960+00:00,2.00567841,0.01262240,54.8917,222.7238,301.7361,65.1974,0,U,26407,999,18613,0.00000000000000,0.00000010,0.0000000000000,26559.974,717.962,20517.089,19846.588,PAYLOAD,LARGE,US,2000-07-16,AFETR,,4919291,304827934,0 NAVSTAR 48 (USA 151),1 26407U 00040A   25342.84728640  .00000010  00000-0  00000+0 0  9998,2 26407  54.8917 222.7238 0126224 301.7361  65.1974  2.00567841186133
3.0,GENERATED VIA SPACE-TRACK.ORG API,2025-12-09 05:08:39+00:00,18 SPCS,NAVSTAR 48 (USA 151),2000-040A,EARTH,TEME,UTC,SGP4,2025-12-08 20:20:05.545824+00:00,2.00567841,0.01262241,54.8917,222.7238,301.7361,65.1974,0,U,26407,999,18613,0.00000000000000,0.00000010,0.0000000000000,26559.974,717.962,20517.090,19846.588,PAYLOAD,LARGE,US,2000-07-16,AFETR,,4919542,304841042,0 NAVSTAR 48 (USA 151),1 26407U 00040A   25342.84728641  .00000010  00000-0  00000-0 0  9990,2 26407  54.8917 222.7238 0126224 301.7361  65.1974  2.00567841186133
3.0,GENERATED VIA SPACE-TRACK.ORG API,2025-12-09 08:16:18+00:00,18 SPCS,NAVSTAR 48 (USA 151),2000-040A,EARTH,TEME,UTC,SGP4,2025-12-09 01:51:39.036096+00:00,2.00567849,0.01262120,54.8916,222.7147,301.7415,231.4474,0,U,26407,999,18613,0.00000000000000,0.00000008,0.0000000000000,26559.973,717.962,20517.057,19846.619,PAYLOAD,LARGE,US,2000-07-16,AFETR,,4920208,304882109,0 NAVSTAR 48 (USA 151),1 26407U 00040A   25343.07753514  .00000008  00000-0  00000+0 0  9999,2 26407  54.8916 222.7147 0126212 301.7415 231.4474  2.00567849186139
3.0,GENERATED VIA SPACE-TRACK.ORG API,2025-12-09 13:02:25+00:00,18 SPCS,NAVSTAR 48 (USA 151),2000-040A,EARTH,TEME,UTC,SGP4,2025-12-09 01:51:39.036096+00:00,2.00567849,0.01262118,54.8916,222.7147,301.7415,231.4474,0,U,26407,999,18613,0.00000000000000,0.00000008,0.0000000000000,26559.973,717.962,20517.056,19846.620,PAYLOAD,LARGE,US,2000-07-16,AFETR,,4920375,304892203,0 NAVSTAR 48 (USA 151),1 26407U 00040A   25343.07753514  .00000008  00000-0  00000-0 0  9990,2 26407  54.8916 222.7147 0126212 301.7415 231.4474  2.00567849186139
3.0,GENERATED VIA SPACE-TRACK.ORG API,2025-12-09 23:56:21+00:00,18 SPCS,NAVSTAR 48 (USA 151),2000-040A,EARTH,TEME,UTC,SGP4,2025-12-09 20:17:06.583776+00:00,2.00567874,0.01261720,54.8914,222.6841,301.7549,65.7518,0,U,26407,999,18615,0.00000000000000,0.00000002,0.0000000000000,26559.971,717.961,20516.948,19846.723,PAYLOAD,LARGE,US,2000-07-16,AFETR,,4921625,304979020,0 NAVSTAR 48 (USA 151),1 26407U 00040A   25343.84521509  .00000002  00000-0  00000+0 0  9995,2 26407  54.8914 222.6841 0126172 301.7549  65.7518  2.00567874186157
3.0,GENERATED VIA SPACE-TRACK.ORG API,2025-12-10 10:40:49+00:00,18 SPCS,NAVSTAR 48 (USA 151),2000-040A,EARTH,TEME,UTC,SGP4,2025-12-09 20:17:06.584640+00:00,2.00567874,0.01261721,54.8914,222.6841,301.7549,65.7518,0,U,26407,999,18615,0.00000000000000,0.00000002,0.0000000000000,26559.971,717.961,20516.949,19846.723,PAYLOAD,LARGE,US,2000-07-16,AFETR,,4922494,305005871,0 NAVSTAR 48 (USA 151),1 26407U 00040A   25343.84521510  .00000002  00000-0  00000-0 0  9998,2 26407  54.8914 222.6841 0126172 301.7549  65.7518  2.00567874186157
3.0,GENERATED VIA SPACE-TRACK.ORG API,2025-12-10 22:46:34+00:00,18 SPCS,NAVSTAR 48 (USA 151),2000-040A,EARTH,TEME,UTC,SGP4,2025-12-10 20:12:24.039360+00:00,2.00567911,0.01261210,54.8911,222.6445,301.7739,65.4404,0,U,26407,999,18617,0.00000000000000,0.00000000,0.0000000000000,26559.968,717.961,20516.810,19846.856,PAYLOAD,LARGE,US,2000-07-16,AFETR,,4923814,305093916,0 NAVSTAR 48 (USA 151),1 26407U 00040A   25344.84194490  .00000000  00000-0  00000+0 0  9999,2 26407  54.8911 222.6445 0126121 301.7739  65.4404  2.00567911186174
3.0,GENERATED VIA SPACE-TRACK.ORG API,2025-12-11 03:54:24+00:00,18 SPCS,NAVSTAR 48 (USA 151),2000-040A,EARTH,TEME,UTC,SGP4,2025-12-10 20:12:24.039360+00:00,2.00567911,0.01261207,54.8911,222.6445,301.7739,65.4404,0,U,26407,999,18617,0.00000000000000,0.00000000,0.0000000000000,26559.968,717.961,20516.809,19846.857,PAYLOAD,LARGE,US,2000-07-16,AFETR,,4924027,305105088,0 NAVSTAR 48 (USA 151),1 26407U 00040A   25344.84194490  .00000000  00000-0  00000-0 0  9990,2 26407  54.8911 222.6445 0126121 301.7739  65.4404  2.00567911186174
3.0,GENERATED VIA SPACE-TRACK.ORG API,2025-12-11 19:14:58+00:00,18 SPCS,NAVSTAR 48 (USA 151),2000-040A,EARTH,TEME,UTC,SGP4,2025-12-11 13:24:36.235008+00:00,2.00567937,0.01260768,54.8910,222.6159,301.7890,223.0098,0,U,26407,999,18618,0.00000000000000,0.00000003,0.0000000000000,26559.965,717.961,20516.690,19846.971,PAYLOAD,LARGE,US,2000-07-16,AFETR,,4924847,305187537,0 NAVSTAR 48 (USA 151),1 26407U 00040A   25345.55875272  .00000003  00000-0  00000-0 0  9996,2 26407  54.8910 222.6159 0126077 301.7890 223.0098  2.00567937186183
3.0,GENERATED VIA SPACE-TRACK.ORG API,2025-12-13 04:32:25+00:00,18 SPCS,NAVSTAR 48 (USA 151),2000-040A,EARTH,TEME,UTC,SGP4,2025-12-12 20:03:42.164352+00:00,2.00567983,0.01260095,54.8908,222.5651,301.8136,65.1771,0,U,26407,999,18621,0.00000000000000,0.00000015,0.0000000000000,26559.961,717.961,20516.507,19847.145,PAYLOAD,LARGE,US,2000-07-16,AFETR,,4925723,305301769,0 NAVSTAR 48 (USA 151),1 26407U 00040A   25346.83590468  .00000015  00000-0  00000-0 0  9992,2 26407  54.8908 222.5651 0126010 301.8136  65.1771  2.00567983186215
3.0,GENERATED VIA SPACE-TRACK.ORG API,2025-12-13 17:47:00+00:00,18 SPCS,NAVSTAR 48 (USA 151),2000-040A,EARTH,TEME,UTC,SGP4,2025-12-13 01:34:44.094432+00:00,2.00567991,0.01259938,54.8907,222.5560,301.8176,231.1647,0,U,26407,999,18621,0.00000000000000,0.00000018,0.0000000000000,26559.961,717.961,20516.464,19847.187,PAYLOAD,LARGE,US,2000-07-16,AFETR,,4925758,305333347,0 NAVSTAR 48 (USA 151),1 26407U 00040A   25347.06578813  .00000018  00000-0  00000-0 0  9991,2 26407  54.8907 222.5560 0125994 301.8176 231.1647  2.00567991186213
3.0,GENERATED VIA SPACE-TRACK.ORG API,2025-12-14 11:30:26+00:00,18 SPCS,NAVSTAR 48 (USA 151),2000-040A,EARTH,TEME,UTC,SGP4,2025-12-13 20:00:26.123616+00:00,2.00568017,0.01259554,54.8905,222.5255,301.8318,65.5895,0,U,26407,999,18623,0.00000000000000,0.00000029,0.0000000000000,26559.958,717.961,20516.360,19847.286,PAYLOAD,LARGE,US,2000-07-16,AFETR,,4925779,305397349,0 NAVSTAR 48 (USA 151),1 26407U 00040A   25347.83363569  .00000029  00000-0  00000-0 0  9998,2 26407  54.8905 222.5255 0125955 301.8318  65.5895  2.00568017186233
3.0,GENERATED VIA SPACE-TRACK.ORG API,2025-12-14 18:24:38+00:00,18 SPCS,NAVSTAR 48 (USA 151),2000-040A,EARTH,TEME,UTC,SGP4,2025-12-14 01:30:44.898624+00:00,2.00568024,0.01259399,54.8905,222.5163,301.8352,231.2171,0,U,26407,999,18623,0.00000000000000,0.00000032,0.0000000000000,26559.958,717.961,20516.319,19847.327,PAYLOAD,LARGE,US,2000-07-16,AFETR,,4925820,305429431,0 NAVSTAR 48 (USA 151),1 26407U 00040A   25348.06301966  .00000032  00000-0  00000-0 0  9991,2 26407  54.8905 222.5163 0125940 301.8352 231.2171  2.00568024186230
3.0,GENERATED VIA SPACE-TRACK.ORG API,2025-12-15 04:20:25+00:00,18 SPCS,NAVSTAR 48 (USA 151),2000-040A,EARTH,TEME,UTC,SGP4,2025-12-14 13:17:49.888896+00:00,2.00568039,0.01259105,54.8904,222.4968,301.8439,225.7660,0,U,26407,999,18624,0.00000000000000,0.00000039,0.0000000000000,26559.956,717.961,20516.239,19847.404,PAYLOAD,LARGE,US,2000-07-16,AFETR,,4925847,305460722,0 NAVSTAR 48 (USA 151),1 26407U 00040A   25348.55404964  .00000039  00000-0  00000-0 0  9994,2 26407  54.8904 222.4968 0125910 301.8439 225.7660  2.00568039186242
3.0,GENERATED VIA SPACE-TRACK.ORG API,2025-12-16 02:19:10+00:00,18 SPCS,NAVSTAR 48 (USA 151),2000-040A,EARTH,TEME,UTC,SGP4,2025-12-15 19:56:10.961952+00:00,2.00568071,0.01258483,54.8901,222.4460,301.8641,67.5630,0,U,26407,999,18627,0.00000000000000,0.00000056,0.0000000000000,26559.953,717.961,20516.071,19847.566,PAYLOAD,LARGE,US,2000-07-16,AFETR,,4925951,305524634,0 NAVSTAR 48 (USA 151),1 26407U 00040A   25349.83068243  .00000056  00000-0  00000-0 0  9991,2 26407  54.8901 222.4460 0125848 301.8641  67.5630  2.00568071186279
3.0,GENERATED VIA SPACE-TRACK.ORG API,2025-12-16 18:50:54+00:00,18 SPCS,NAVSTAR 48 (USA 151),2000-040A,EARTH,TEME,UTC,SGP4,2025-12-16 01:22:34.275360+00:00,2.00568075,0.01258355,54.8900,222.4370,301.8664,231.2239,0,U,26407,999,18627,0.00000000000000,0.00000059,0.0000000000000,26559.953,717.961,20516.037,19847.600,PAYLOAD,LARGE,US,2000-07-16,AFETR,,4926060,305556779,0 NAVSTAR 48 (USA 151),1 26407U 00040A   25350.05734115  .00000059  00000-0  00000-0 0  9998,2 26407  54.8900 222.4370 0125836 301.8664 231.2239  2.00568075186279
3.0,GENERATED VIA SPACE-TRACK.ORG API,2025-12-17 02:25:03+00:00,18 SPCS,NAVSTAR 48 (USA 151),2000-040A,EARTH,TEME,UTC,SGP4,2025-12-16 19:48:16.745184+00:00,2.00568089,0.01257985,54.8898,222.4065,301.8790,65.6542,0,U,26407,999,18629,0.00000000000000,0.00000066,0.0000000000000,26559.952,717.961,20515.937,19847.697,PAYLOAD,LARGE,US,2000-07-16,AFETR,,4926108,305589083,0 NAVSTAR 48 (USA 151),1 26407U 00040A   25350.82519381  .00000066  00000-0  00000-0 0  9997,2 26407  54.8898 222.4065 0125798 301.8790  65.6542  2.00568089186296
3.0,GENERATED VIA SPACE-TRACK.ORG API,2025-12-17 19:48:56+00:00,18 SPCS,NAVSTAR 48 (USA 151),2000-040A,EARTH,TEME,UTC,SGP4,2025-12-17 13:07:08.215968+00:00,2.00568099,0.01257560,54.8897,222.3778,301.8897,226.5653,0,U,26407,999,18630,0.00000000000000,0.00000071,0.0000000000000,26559.951,717.961,20515.823,19847.809,PAYLOAD,LARGE,US,2000-07-16,AFETR,,4926206,305652482,0 NAVSTAR 48 (USA 151),1 26407U 00040A   25351.54662287  .00000071  00000-0  00000-0 0  9997,2 26407  54.8897 222.3778 0125756 301.8897 226.5653  2.00568099186301
3.0,GENERATED VIA SPACE-TRACK.ORG API,2025-12-18 11:20:39+00:00,18 SPCS,NAVSTAR 48 (USA 151),2000-040A,EARTH,TEME,UTC,SGP4,2025-12-18 01:31:29.889696+00:00,2.00568104,0.01257268,54.8896,222.3573,301.8987,239.8065,0,U,26407,999,18631,0.00000000000000,0.00000074,0.0000000000000,26559.951,717.961,20515.745,19847.886,PAYLOAD,LARGE,US,2000-07-16,AFETR,,4926320,305716179,0 NAVSTAR 48 (USA 151),1 26407U 00040A   25352.06354039  .00000074  00000-0  00000-0 0  9991,2 26407  54.8896 222.3573 0125727 301.8987 239.8065  2.00568104186313
3.0,GENERATED VIA SPACE-TRACK.ORG API,2025-12-18 20:02:43+00:00,18 SPCS,NAVSTAR 48 (USA 151),2000-040A,EARTH,TEME,UTC,SGP4,2025-12-18 13:13:56.353152+00:00,2.00568108,0.01256972,54.8895,222.3379,301.9074,232.0278,0,U,26407,999,18632,0.00000000000000,0.00000075,0.0000000000000,26559.950,717.961,20515.666,19847.964,PAYLOAD,LARGE,US,2000-07-16,AFETR,,4926399,305748888,0 NAVSTAR 48 (USA 151),1 26407U 00040A   25352.55134668  .00000075  00000-0  00000-0 0  9990,2 26407  54.8895 222.3379 0125697 301.9074 232.0278  2.00568108186326
3.0,GENERATED VIA SPACE-TRACK.ORG API,2025-12-19 02:08:39+00:00,18 SPCS,NAVSTAR 48 (USA 151),2000-040A,EARTH,TEME,UTC,SGP4,2025-12-18 18:27:27.290304+00:00,2.00568110,0.01256870,54.8894,222.3292,301.9126,29.2311,0,U,26407,999,18632,0.00000000000000,0.00000075,0.0000000000000,26559.950,717.961,20515.639,19847.991,PAYLOAD,LARGE,US,2000-07-16,AFETR,,4926467,305780303,0 NAVSTAR 48 (USA 151),1 26407U 00040A   25352.76906586  .00000075  00000-0  00000-0 0  9999,2 26407  54.8894 222.3292 0125687 301.9126  29.2311  2.00568110186323
3.0,GENERATED VIA SPACE-TRACK.ORG API,2025-12-19 10:18:47+00:00,18 SPCS,NAVSTAR 48 (USA 151),2000-040A,EARTH,TEME,UTC,SGP4,2025-12-19 01:29:47.262048+00:00,2.00568111,0.01256711,54.8893,222.3176,301.9160,241.0010,0,U,26407,999,18633,0.00000000000000,0.00000075,0.0000000000000,26559.950,717.961,20515.597,19848.033,PAYLOAD,LARGE,US,2000-07-16,AFETR,,4926531,305812288,0 NAVSTAR 48 (USA 151),1 26407U 00040A   25353.06235257  .00000075  00000-0  00000-0 0  9993,2 26407  54.8893 222.3176 0125671 301.9160 241.0010  2.00568111186336
3.0,GENERATED VIA SPACE-TRACK.ORG API,2025-12-19 20:07:10+00:00,18 SPCS,NAVSTAR 48 (USA 151),2000-040A,EARTH,TEME,UTC,SGP4,2025-12-19 13:13:50.096064+00:00,2.00568112,0.01256404,54.8893,222.2981,301.9249,234.0274,0,U,26407,999,18634,0.00000000000000,0.00000075,0.0000000000000,26559.950,717.961,20515.515,19848.115,PAYLOAD,LARGE,US,2000-07-16,AFETR,,4926555,305844597,0 NAVSTAR 48 (USA 151),1 26407U 00040A   25353.55127426  .00000075  00000-0  00000-0 0  9995,2 26407  54.8893 222.2981 0125640 301.9249 234.0274  2.00568112186349
3.0,GENERATED VIA SPACE-TRACK.ORG API,2025-12-19 21:26:20+00:00,18 SPCS,NAVSTAR 48 (USA 151),2000-040A,EARTH,TEME,UTC,SGP4,2025-12-19 13:13:50.096064+00:00,2.00568112,0.01256400,54.8893,222.2981,301.9249,234.0274,0,U,26407,999,18634,0.00000000000000,0.00000075,0.0000000000000,26559.950,717.961,20515.514,19848.116,PAYLOAD,LARGE,US,2000-07-16,AFETR,,4927123,305883806,0 NAVSTAR 48 (USA 151),1 26407U 00040A   25353.55127426  .00000075  00000-0  00000+0 0  9994,2 26407  54.8893 222.2981 0125640 301.9249 234.0274  2.00568112186349
3.0,GENERATED VIA SPACE-TRACK.ORG API,2025-12-20 08:06:38+00:00,18 SPCS,NAVSTAR 48 (USA 151),2000-040A,EARTH,TEME,UTC,SGP4,2025-12-20 01:19:00.171840+00:00,2.00568110,0.01256110,54.8892,222.2781,301.9337,237.6446,0,U,26407,999,18635,0.00000000000000,0.00000074,0.0000000000000,26559.950,717.961,20515.437,19848.193,PAYLOAD,LARGE,US,2000-07-16,AFETR,,4928134,305940255,0 NAVSTAR 48 (USA 151),1 26407U 00040A   25354.05486310  .00000074  00000-0  00000+0 0  9999,2 26407  54.8892 222.2781 0125611 301.9337 237.6446  2.00568110186351
3.0,GENERATED VIA SPACE-TRACK.ORG API,2025-12-20 11:53:06+00:00,18 SPCS,NAVSTAR 48 (USA 151),2000-040A,EARTH,TEME,UTC,SGP4,2025-12-20 01:19:00.172704+00:00,2.00568110,0.01256107,54.8892,222.2781,301.9338,237.6446,0,U,26407,999,18635,0.00000000000000,0.00000074,0.0000000000000,26559.950,717.961,20515.436,19848.194,PAYLOAD,LARGE,US,2000-07-16,AFETR,,4928347,305952243,0 NAVSTAR 48 (USA 151),1 26407U 00040A   25354.05486311  .00000074  00000-0  00000-0 0  9991,2 26407  54.8892 222.2781 0125611 301.9338 237.6446  2.00568110186352
3.0,GENERATED VIA SPACE-TRACK.ORG API,2025-12-21 00:06:37+00:00,18 SPCS,NAVSTAR 48 (USA 151),2000-040A,EARTH,TEME,UTC,SGP4,2025-12-20 19:30:51.776928+00:00,2.00568108,0.01255700,54.8890,222.2479,301.9469,65.1307,0,U,26407,999,18637,0.00000000000000,0.00000072,0.0000000000000,26559.950,717.961,20515.328,19848.302,PAYLOAD,LARGE,US,2000-07-16,AFETR,,4929463,306036694,0 NAVSTAR 48 (USA 151),1 26407U 00040A   25354.81309927  .00000072  00000-0  00000+0 0  9999,2 26407  54.8890 222.2479 0125570 301.9469  65.1307  2.00568108186372
3.0,GENERATED VIA SPACE-TRACK.ORG API,2025-12-21 03:42:25+00:00,18 SPCS,NAVSTAR 48 (USA 151),2000-040A,EARTH,TEME,UTC,SGP4,2025-12-20 19:30:51.777792+00:00,2.00568108,0.01255700,54.8890,222.2480,301.9469,65.1307,0,U,26407,999,18637,0.00000000000000,0.00000072,0.0000000000000,26559.950,717.961,20515.329,19848.302,PAYLOAD,LARGE,US,2000-07-16,AFETR,,4929614,306046916,0 NAVSTAR 48 (USA 151),1 26407U 00040A   25354.81309928  .00000072  00000-0  00000-0 0  9991,2 26407  54.8890 222.2480 0125570 301.9469  65.1307  2.00568108186374
3.0,GENERATED VIA SPACE-TRACK.ORG API,2025-12-21 07:26:37+00:00,18 SPCS,NAVSTAR 48 (USA 151),2000-040A,EARTH,TEME,UTC,SGP4,2025-12-21 01:01:32.978784+00:00,2.00568107,0.01255560,54.8890,222.2388,301.9496,230.9465,0,U,26407,999,18637,0.00000000000000,0.00000072,0.0000000000000,26559.950,717.961,20515.291,19848.339,PAYLOAD,LARGE,US,2000-07-16,AFETR,,4930128,306084720,0 NAVSTAR 48 (USA 151),1 26407U 00040A   25355.04274281  .00000072  00000-0  00000+0 0  9999,2 26407  54.8890 222.2388 0125556 301.9496 230.9465  2.00568107186371
3.0,GENERATED VIA SPACE-TRACK.ORG API,2025-12-21 13:38:25+00:00,18 SPCS,NAVSTAR 48 (USA 151),2000-040A,EARTH,TEME,UTC,SGP4,2025-12-21 01:01:32.979648+00:00,2.00568107,0.01255563,54.8890,222.2388,301.9496,230.9465,0,U,26407,999,18637,0.00000000000000,0.00000072,0.0000000000000,26559.950,717.961,20515.292,19848.338,PAYLOAD,LARGE,US,2000-07-16,AFETR,,4930336,306095820,0 NAVSTAR 48 (USA 151),1 26407U 00040A   25355.04274282  .00000072  00000-0  00000-0 0  9991,2 26407  54.8890 222.2388 0125556 301.9496 230.9465  2.00568107186371
3.0,GENERATED VIA SPACE-TRACK.ORG API,2025-12-21 17:17:06+00:00,18 SPCS,NAVSTAR 48 (USA 151),2000-040A,EARTH,TEME,UTC,SGP4,2025-12-21 13:26:27.431808+00:00,2.00568105,0.01255252,54.8889,222.2183,301.9581,244.4622,0,U,26407,999,18638,0.00000000000000,0.00000070,0.0000000000000,26559.950,717.961,20515.210,19848.421,PAYLOAD,LARGE,US,2000-07-16,AFETR,,4931043,306145300,0 NAVSTAR 48 (USA 151),1 26407U 00040A   25355.56003972  .00000070  00000-0  00000-0 0  9992,2 26407  54.8889 222.2183 0125525 301.9581 244.4622  2.00568105186387
3.0,GENERATED VIA SPACE-TRACK.ORG API,2025-12-22 00:06:37+00:00,18 SPCS,NAVSTAR 48 (USA 151),2000-040A,EARTH,TEME,UTC,SGP4,2025-12-21 19:27:10.878048+00:00,2.00568103,0.01255140,54.8888,222.2083,301.9620,65.3389,0,U,26407,999,18639,0.00000000000000,0.00000069,0.0000000000000,26559.951,717.961,20515.180,19848.451,PAYLOAD,LARGE,US,2000-07-16,AFETR,,4931539,306183448,0 NAVSTAR 48 (USA 151),1 26407U 00040A   25355.81054257  .00000069  00000-0  00000+0 0  9999,2 26407  54.8888 222.2083 0125514 301.9620  65.3389  2.00568103186396
3.0,GENERATED VIA SPACE-TRACK.ORG API,2025-12-22 10:45:50+00:00,18 SPCS,NAVSTAR 48 (USA 151),2000-040A,EARTH,TEME,UTC,SGP4,2025-12-21 19:27:10.878912+00:00,2.00568103,0.01255143,54.8888,222.2083,301.9620,65.3389,0,U,26407,999,18639,0.00000000000000,0.00000069,0.0000000000000,26559.951,717.961,20515.181,19848.450,PAYLOAD,LARGE,US,2000-07-16,AFETR,,4932384,306209961,0 NAVSTAR 48 (USA 151),1 26407U 00040A   25355.81054258  .00000069  00000-0  00000-0 0  9991,2 26407  54.8888 222.2083 0125514 301.9620  65.3389  2.00568103186396
3.0,GENERATED VIA SPACE-TRACK.ORG API,2025-12-22 22:47:49+00:00,18 SPCS,NAVSTAR 48 (USA 151),2000-040A,EARTH,TEME,UTC,SGP4,2025-12-22 19:22:12.785088+00:00,2.00568096,0.01254550,54.8886,222.1687,301.9761,64.9030,0,U,26407,999,18641,0.00000000000000,0.00000067,0.0000000000000,26559.951,717.961,20515.024,19848.608,PAYLOAD,LARGE,US,2000-07-16,AFETR,,4932589,306271645,0 NAVSTAR 48 (USA 151),1 26407U 00040A   25356.80709242  .00000067  00000-0  00000+0 0  9998,2 26407  54.8886 222.1687 0125455 301.9761  64.9030  2.00568096186415
3.0,GENERATED VIA SPACE-TRACK.ORG API,2025-12-23 02:54:50+00:00,18 SPCS,NAVSTAR 48 (USA 151),2000-040A,EARTH,TEME,UTC,SGP4,2025-12-22 19:22:12.785952+00:00,2.00568096,0.01254555,54.8886,222.1687,301.9761,64.9030,0,U,26407,999,18641,0.00000000000000,0.00000067,0.0000000000000,26559.951,717.961,20515.025,19848.607,PAYLOAD,LARGE,US,2000-07-16,AFETR,,4932761,306282376,0 NAVSTAR 48 (USA 151),1 26407U 00040A   25356.80709243  .00000067  00000-0  00000-0 0  9990,2 26407  54.8886 222.1687 0125455 301.9761  64.9030  2.00568096186415
3.0,GENERATED VIA SPACE-TRACK.ORG API,2025-12-23 10:06:33+00:00,18 SPCS,NAVSTAR 48 (USA 151),2000-040A,EARTH,TEME,UTC,SGP4,2025-12-23 00:54:29.755296+00:00,2.00568094,0.01254430,54.8886,222.1595,301.9789,231.5190,0,U,26407,999,18641,0.00000000000000,0.00000066,0.0000000000000,26559.951,717.961,20514.992,19848.640,PAYLOAD,LARGE,US,2000-07-16,AFETR,,4933297,306319958,0 NAVSTAR 48 (USA 151),1 26407U 00040A   25357.03784439  .00000066  00000-0  00000+0 0  9994,2 26407  54.8886 222.1595 0125443 301.9789 231.5190  2.00568094186417
3.0,GENERATED VIA SPACE-TRACK.ORG API,2025-12-23 10:48:59+00:00,18 SPCS,NAVSTAR 48 (USA 151),2000-040A,EARTH,TEME,UTC,SGP4,2025-12-23 00:54:29.755296+00:00,2.00568094,0.01254433,54.8886,222.1595,301.9789,231.5190,0,U,26407,999,18641,0.00000000000000,0.00000066,0.0000000000000,26559.951,717.961,20514.993,19848.640,PAYLOAD,LARGE,US,2000-07-16,AFETR,,4933425,306329707,0 NAVSTAR 48 (USA 151),1 26407U 00040A   25357.03784439  .00000066  00000-0  00000-0 0  9995,2 26407  54.8886 222.1595 0125443 301.9789 231.5190  2.00568094186417
3.0,GENERATED VIA SPACE-TRACK.ORG API,2025-12-23 22:36:22+00:00,18 SPCS,NAVSTAR 48 (USA 151),2000-040A,EARTH,TEME,UTC,SGP4,2025-12-23 19:23:16.859328+00:00,2.00568088,0.01254050,54.8884,222.1289,301.9882,67.4958,0,U,26407,999,18643,0.00000000000000,0.00000065,0.0000000000000,26559.952,717.961,20514.892,19848.742,PAYLOAD,LARGE,US,2000-07-16,AFETR,,4933837,306364515,0 NAVSTAR 48 (USA 151),1 26407U 00040A   25357.80783402  .00000065  00000-0  00000+0 0  9997,2 26407  54.8884 222.1289 0125405 301.9882  67.4958  2.00568088186430
3.0,GENERATED VIA SPACE-TRACK.ORG API,2025-12-24 02:10:40+00:00,18 SPCS,NAVSTAR 48 (USA 151),2000-040A,EARTH,TEME,UTC,SGP4,2025-12-23 19:23:16.859328+00:00,2.00568088,0.01254055,54.8884,222.1289,301.9882,67.4958,0,U,26407,999,18643,0.00000000000000,0.00000065,0.0000000000000,26559.952,717.961,20514.893,19848.741,PAYLOAD,LARGE,US,2000-07-16,AFETR,,4934052,306375483,0 NAVSTAR 48 (USA 151),1 26407U 00040A   25357.80783402  .00000065  00000-0  00000-0 0  9998,2 26407  54.8884 222.1289 0125405 301.9882  67.4958  2.00568088186430
3.0,GENERATED VIA SPACE-TRACK.ORG API,2025-12-24 07:36:52+00:00,18 SPCS,NAVSTAR 48 (USA 151),2000-040A,EARTH,TEME,UTC,SGP4,2025-12-24 00:49:48.055008+00:00,2.00568088,0.01253970,54.8883,222.1199,301.9909,231.2222,0,U,26407,999,18643,0.00000000000000,0.00000065,0.0000000000000,26559.952,717.961,20514.871,19848.763,PAYLOAD,LARGE,US,2000-07-16,AFETR,,4934615,306413996,0 NAVSTAR 48 (USA 151),1 26407U 00040A   25358.03458397  .00000065  00000-0  00000+0 0  9995,2 26407  54.8883 222.1199 0125397 301.9909 231.2222  2.00568088186434
3.0,GENERATED VIA SPACE-TRACK.ORG API,2025-12-24 10:32:40+00:00,18 SPCS,NAVSTAR 48 (USA 151),2000-040A,EARTH,TEME,UTC,SGP4,2025-12-24 00:49:48.055872+00:00,2.00568088,0.01253966,54.8883,222.1199,301.9909,231.2222,0,U,26407,999,18643,0.00000000000000,0.00000065,0.0000000000000,26559.952,717.961,20514.870,19848.764,PAYLOAD,LARGE,US,2000-07-16,AFETR,,4934857,306425852,0 NAVSTAR 48 (USA 151),1 26407U 00040A   25358.03458398  .00000065  00000-0  00000-0 0  9997,2 26407  54.8883 222.1199 0125397 301.9909 231.2222  2.00568088186434
3.0,GENERATED VIA SPACE-TRACK.ORG API,2025-12-25 08:16:32+00:00,18 SPCS,NAVSTAR 48 (USA 151),2000-040A,EARTH,TEME,UTC,SGP4,2025-12-25 00:58:38.180352+00:00,2.00568081,0.01253460,54.8881,222.0798,302.0037,237.7094,0,U,26407,999,18645,0.00000000000000,0.00000067,0.0000000000000,26559.953,717.961,20514.736,19848.899,PAYLOAD,LARGE,US,2000-07-16,AFETR,,4936263,306513935,0 NAVSTAR 48 (USA 151),1 26407U 00040A   25359.04071968  .00000067  00000-0  00000+0 0  9994,2 26407  54.8881 222.0798 0125346 302.0037 237.7094  2.00568081186457
3.0,GENERATED VIA SPACE-TRACK.ORG API,2025-12-25 10:44:41+00:00,18 SPCS,NAVSTAR 48 (USA 151),2000-040A,EARTH,TEME,UTC,SGP4,2025-12-25 00:58:38.180352+00:00,2.00568081,0.01253464,54.8881,222.0798,302.0038,237.7094,0,U,26407,999,18645,0.00000000000000,0.00000067,0.0000000000000,26559.953,717.961,20514.737,19848.898,PAYLOAD,LARGE,US,2000-07-16,AFETR,,4936478,306525627,0 NAVSTAR 48 (USA 151),1 26407U 00040A   25359.04071968  .00000067  00000-0  00000-0 0  9995,2 26407  54.8881 222.0798 0125346 302.0038 237.7094  2.00568081186458
3.0,GENERATED VIA SPACE-TRACK.ORG API,2025-12-26 07:56:30+00:00,18 SPCS,NAVSTAR 48 (USA 151),2000-040A,EARTH,TEME,UTC,SGP4,2025-12-26 00:40:29.483328+00:00,2.00568075,0.01252980,54.8879,222.0405,302.0168,230.6672,0,U,26407,999,18647,0.00000000000000,0.00000071,0.0000000000000,26559.953,717.961,20514.609,19849.027,PAYLOAD,LARGE,US,2000-07-16,AFETR,,4938038,306652577,0 NAVSTAR 48 (USA 151),1 26407U 00040A   25360.02811902  .00000071  00000-0  00000+0 0  9999,2 26407  54.8879 222.0405 0125298 302.0168 230.6672  2.00568075186479
3.0,GENERATED VIA SPACE-TRACK.ORG API,2025-12-26 11:16:42+00:00,18 SPCS,NAVSTAR 48 (USA 151),2000-040A,EARTH,TEME,UTC,SGP4,2025-12-26 00:40:29.483328+00:00,2.00568075,0.01252985,54.8879,222.0405,302.0168,230.6672,0,U,26407,999,18647,0.00000000000000,0.00000071,0.0000000000000,26559.953,717.961,20514.610,19849.026,PAYLOAD,LARGE,US,2000-07-16,AFETR,,4938246,306663381,0 NAVSTAR 48 (USA 151),1 26407U 00040A   25360.02811902  .00000071  00000-0  00000-0 0  9990,2 26407  54.8879 222.0405 0125298 302.0168 230.6672  2.00568075186479
3.0,GENERATED VIA SPACE-TRACK.ORG API,2025-12-26 21:56:21+00:00,18 SPCS,NAVSTAR 48 (USA 151),2000-040A,EARTH,TEME,UTC,SGP4,2025-12-26 19:06:10.143072+00:00,2.00568072,0.01252590,54.8878,222.0099,302.0267,65.0853,0,U,26407,999,18649,0.00000000000000,0.00000076,0.0000000000000,26559.953,717.961,20514.506,19849.131,PAYLOAD,LARGE,US,2000-07-16,AFETR,,4938585,306728540,0 NAVSTAR 48 (USA 151),1 26407U 00040A   25360.79595073  .00000076  00000-0  00000+0 0  9996,2 26407  54.8878 222.0099 0125259 302.0267  65.0853  2.00568072186494
3.0,GENERATED VIA SPACE-TRACK.ORG API,2025-12-27 03:23:11+00:00,18 SPCS,NAVSTAR 48 (USA 151),2000-040A,EARTH,TEME,UTC,SGP4,2025-12-26 19:06:10.143936+00:00,2.00568072,0.01252587,54.8878,222.0099,302.0267,65.0853,0,U,26407,999,18649,0.00000000000000,0.00000076,0.0000000000000,26559.953,717.961,20514.505,19849.132,PAYLOAD,LARGE,US,2000-07-16,AFETR,,4939423,306756033,0 NAVSTAR 48 (USA 151),1 26407U 00040A   25360.79595074  .00000076  00000-0  00000-0 0  9998,2 26407  54.8878 222.0099 0125259 302.0267  65.0853  2.00568072186494
3.0,GENERATED VIA SPACE-TRACK.ORG API,2025-12-27 06:46:43+00:00,18 SPCS,NAVSTAR 48 (USA 151),2000-040A,EARTH,TEME,UTC,SGP4,2025-12-27 00:44:30.923808+00:00,2.00568073,0.01252450,54.8878,222.0006,302.0312,234.7403,0,U,26407,999,18649,0.00000000000000,0.00000077,0.0000000000000,26559.953,717.961,20514.468,19849.168,PAYLOAD,LARGE,US,2000-07-16,AFETR,,4939943,306793683,0 NAVSTAR 48 (USA 151),1 26407U 00040A   25361.03091347  .00000077  00000-0  00000+0 0  9990,2 26407  54.8878 222.0006 0125245 302.0312 234.7403  2.00568073186495
3.0,GENERATED VIA SPACE-TRACK.ORG API,2025-12-27 10:34:44+00:00,18 SPCS,NAVSTAR 48 (USA 151),2000-040A,EARTH,TEME,UTC,SGP4,2025-12-27 00:44:30.924672+00:00,2.00568073,0.01252454,54.8878,222.0006,302.0312,234.7403,0,U,26407,999,18649,0.00000000000000,0.00000077,0.0000000000000,26559.953,717.961,20514.469,19849.167,PAYLOAD,LARGE,US,2000-07-16,AFETR,,4940227,306806396,0 NAVSTAR 48 (USA 151),1 26407U 00040A   25361.03091348  .00000077  00000-0  00000-0 0  9992,2 26407  54.8878 222.0006 0125245 302.0312 234.7403  2.00568073186495
3.0,GENERATED VIA SPACE-TRACK.ORG API,2025-12-27 15:56:19+00:00,18 SPCS,NAVSTAR 48 (USA 151),2000-040A,EARTH,TEME,UTC,SGP4,2025-12-27 11:36:30.034080+00:00,2.00568072,0.01252190,54.8877,221.9826,302.0383,201.6627,0,U,26407,999,18650,0.00000000000000,0.00000081,0.0000000000000,26559.953,717.961,20514.399,19849.237,PAYLOAD,LARGE,US,2000-07-16,AFETR,,4940732,306844323,0 NAVSTAR 48 (USA 151),1 26407U 00040A   25361.48368095  .00000081  00000-0  00000+0 0  9991,2 26407  54.8877 221.9826 0125219 302.0383 201.6627  2.00568072186503
3.0,GENERATED VIA SPACE-TRACK.ORG API,2025-12-28 04:40:25+00:00,18 SPCS,NAVSTAR 48 (USA 151),2000-040A,EARTH,TEME,UTC,SGP4,2025-12-27 11:36:30.034080+00:00,2.00568072,0.01252190,54.8877,221.9826,302.0383,201.6627,0,U,26407,999,18650,0.00000000000000,0.00000081,0.0000000000000,26559.953,717.961,20514.399,19849.237,PAYLOAD,LARGE,US,2000-07-16,AFETR,,4941611,306872570,0 NAVSTAR 48 (USA 151),1 26407U 00040A   25361.48368095  .00000081  00000-0  00000-0 0  9992,2 26407  54.8877 221.9826 0125219 302.0383 201.6627  2.00568072186503
3.0,GENERATED VIA SPACE-TRACK.ORG API,2025-12-28 22:46:23+00:00,18 SPCS,NAVSTAR 48 (USA 151),2000-040A,EARTH,TEME,UTC,SGP4,2025-12-28 18:57:20.568096+00:00,2.00568073,0.01251500,54.8874,221.9306,302.0574,64.7680,0,U,26407,999,18653,0.00000000000000,0.00000092,0.0000000000000,26559.953,717.961,20514.216,19849.420,PAYLOAD,LARGE,US,2000-07-16,AFETR,,4943536,307008119,0 NAVSTAR 48 (USA 151),1 26407U 00040A   25362.78982139  .00000092  00000-0  00000+0 0  9998,2 26407  54.8874 221.9306 0125150 302.0574  64.7680  2.00568073186530
3.0,GENERATED VIA SPACE-TRACK.ORG API,2025-12-29 04:34:26+00:00,18 SPCS,NAVSTAR 48 (USA 151),2000-040A,EARTH,TEME,UTC,SGP4,2025-12-28 18:57:20.568960+00:00,2.00568073,0.01251502,54.8874,221.9306,302.0574,64.7680,0,U,26407,999,18653,0.00000000000000,0.00000092,0.0000000000000,26559.953,717.961,20514.217,19849.420,PAYLOAD,LARGE,US,2000-07-16,AFETR,,4943786,307021458,0 NAVSTAR 48 (USA 151),1 26407U 00040A   25362.78982140  .00000092  00000-0  00000-0 0  9991,2 26407  54.8874 221.9306 0125150 302.0574  64.7680  2.00568073186530
3.0,GENERATED VIA SPACE-TRACK.ORG API,2025-12-29 22:36:24+00:00,18 SPCS,NAVSTAR 48 (USA 151),2000-040A,EARTH,TEME,UTC,SGP4,2025-12-29 18:53:27.264768+00:00,2.00568078,0.01251010,54.8872,221.8909,302.0720,64.8732,0,U,26407,999,18655,0.00000000000000,0.00000099,0.0000000000000,26559.953,717.961,20514.086,19849.550,PAYLOAD,LARGE,US,2000-07-16,AFETR,,4944804,307135404,0 NAVSTAR 48 (USA 151),1 26407U 00040A   25363.78712112  .00000099  00000-0  00000+0 0  9998,2 26407  54.8872 221.8909 0125101 302.0720  64.8732  2.00568078186551
3.0,GENERATED VIA SPACE-TRACK.ORG API,2025-12-30 07:36:31+00:00,18 SPCS,NAVSTAR 48 (USA 151),2000-040A,EARTH,TEME,UTC,SGP4,2025-12-30 00:37:32.118816+00:00,2.00568082,0.01250870,54.8871,221.8814,302.0770,237.4032,0,U,26407,999,18655,0.00000000000000,0.00000100,0.0000000000000,26559.952,717.961,20514.048,19849.587,PAYLOAD,LARGE,US,2000-07-16,AFETR,,4945717,307155947,0 NAVSTAR 48 (USA 151),1 26407U 00040A   25364.02606619  .00000100  00000-0  00000+0 0  9993,2 26407  54.8871 221.8814 0125087 302.0770 237.4032  2.00568082186559
3.0,GENERATED VIA SPACE-TRACK.ORG API,2025-12-30 10:50:37+00:00,18 SPCS,NAVSTAR 48 (USA 151),2000-040A,EARTH,TEME,UTC,SGP4,2025-12-30 00:37:32.119680+00:00,2.00568082,0.01250871,54.8871,221.8814,302.0770,237.4032,0,U,26407,999,18655,0.00000000000000,0.00000100,0.0000000000000,26559.952,717.961,20514.048,19849.587,PAYLOAD,LARGE,US,2000-07-16,AFETR,,4945998,307167639,0 NAVSTAR 48 (USA 151),1 26407U 00040A   25364.02606620  .00000100  00000-0  00000-0 0  9996,2 26407  54.8871 221.8814 0125087 302.0770 237.4032  2.00568082186559
3.0,GENERATED VIA SPACE-TRACK.ORG API,2025-12-31 08:06:33+00:00,18 SPCS,NAVSTAR 48 (USA 151),2000-040A,EARTH,TEME,UTC,SGP4,2025-12-31 00:20:30.348096+00:00,2.00568093,0.01250380,54.8869,221.8421,302.0913,230.9194,0,U,26407,999,18657,0.00000000000000,0.00000102,0.0000000000000,26559.952,717.961,20513.917,19849.716,PAYLOAD,LARGE,US,2000-07-16,AFETR,,4947408,307288660,0 NAVSTAR 48 (USA 151),1 26407U 00040A   25365.01424014  .00000102  00000-0  00000+0 0  9992,2 26407  54.8869 221.8421 0125038 302.0913 230.9194  2.00568093186576
3.0,GENERATED VIA SPACE-TRACK.ORG API,2025-12-31 10:22:26+00:00,18 SPCS,NAVSTAR 48 (USA 151),2000-040A,EARTH,TEME,UTC,SGP4,2025-12-31 00:20:30.348096+00:00,2.00568093,0.01250378,54.8869,221.8421,302.0913,230.9194,0,U,26407,999,18657,0.00000000000000,0.00000102,0.0000000000000,26559.952,717.961,20513.916,19849.717,PAYLOAD,LARGE,US,2000-07-16,AFETR,,4947640,307300427,0 NAVSTAR 48 (USA 151),1 26407U 00040A   25365.01424014  .00000102  00000-0  00000-0 0  9993,2 26407  54.8869 221.8421 0125038 302.0913 230.9194  2.00568093186576
