CCSDS_OMM_VERS,COMMENT,CREATION_DATE,ORIGINATOR,OBJECT_NAME,OBJECT_ID,CENTER_NAME,REF_FRAME,TIME_SYSTEM,MEAN_ELEMENT_THEORY,EPOCH,MEAN_MOTION,ECCENTRICITY,INCLINATION,RA_OF_ASC_NODE,ARG_OF_PERICENTER,MEAN_ANOMALY,EPHEMERIS_TYPE,CLASSIFICATION_TYPE,NORAD_CAT_ID,ELEMENT_SET_NO,REV_AT_EPOCH,BSTAR,MEAN_MOTION_DOT,MEAN_MOTION_DDOT,SEMIMAJOR_AXIS,PERIOD,APOAPSIS,PERIAPSIS,OBJECT_TYPE,RCS_SIZE,COUNTRY_CODE,LAUNCH_DATE,SITE,DECAY_DATE,FILE,GP_ID,TLE_LINE0,TLE_LINE1,TLE_LINE2
3.0,GENERATED VIA SPACE-TRACK.ORG API,2025-01-01 02:31:18+00:00,18 SPCS,NOAA 19,2009-005A,EARTH,TEME,UTC,SGP4,2024-12-31 20:16:06.958272+00:00,14.13246120,0.00146930,99.0219,64.4961,95.1476,265.1373,0,U,33591,999,81928,0.00034214000000,0.00000596,0.0000000000000,7226.422,101.893,858.905,837.669,PAYLOAD,LARGE,US,2009-02-06,AFWTR,,4597458,277005310,0 NOAA 19,1 33591U 09005A   24366.84452498  .00000596  00000-0  34214-3 0  9997,2 33591  99.0219  64.4961 0014693  95.1476 265.1373 14.13246120819287
3.0,GENERATED VIA SPACE-TRACK.ORG API,2025-01-01 06:58:32+00:00,18 SPCS,NOAA 19,2009-005A,EARTH,TEME,UTC,SGP4,2025-01-01 03:03:54.868032+00:00,14.13246503,0.00146940,99.0219,64.7816,94.4121,265.8730,0,U,33591,999,81958,0.00034297000000,0.00000598,0.0000000000000,7226.420,101.893,858.904,837.667,PAYLOAD,LARGE,US,2009-02-06,AFWTR,,4597568,277026022,0 NOAA 19,1 33591U 09005A   25001.12771838  .00000598  00000-0  34297-3 0  9990,2 33591  99.0219  64.7816 0014694  94.4121 265.8730 14.13246503819581
3.0,GENERATED VIA SPACE-TRACK.ORG API,2025-01-01 14:58:31+00:00,18 SPCS,NOAA 19,2009-005A,EARTH,TEME,UTC,SGP4,2025-01-01 09:51:42.765696+00:00,14.13246844,0.00146990,99.0219,65.0670,93.6872,266.5981,0,U,33591,999,81962,0.00033777000000,0.00000588,0.0000000000000,7226.419,101.893,858.906,837.662,PAYLOAD,LARGE,US,2009-02-06,AFWTR,,4597733,277031482,0 NOAA 19,1 33591U 09005A   25001.41091164  .00000588  00000-0  33777-3 0  9990,2 33591  99.0219  65.0670 0014699  93.6872 266.5981 14.13246844819621
3.0,GENERATED VIA SPACE-TRACK.ORG API,2025-01-01 23:18:30+00:00,18 SPCS,NOAA 19,2009-005A,EARTH,TEME,UTC,SGP4,2025-01-01 20:03:24.324480+00:00,14.13252981,0.00147070,99.0217,65.4951,92.5482,267.7374,0,U,33591,999,81968,0.00079919000000,0.00001454,0.0000000000000,7226.398,101.893,858.891,837.636,PAYLOAD,LARGE,US,2009-02-06,AFWTR,,4598125,277040974,0 NOAA 19,1 33591U 09005A   25001.83569820  .00001454  00000-0  79919-3 0  9996,2 33591  99.0217  65.4951 0014707  92.5482 267.7374 14.13252981819684
3.0,GENERATED VIA SPACE-TRACK.ORG API,2025-01-01 23:41:24+00:00,18 SPCS,NOAA 19,2009-005A,EARTH,TEME,UTC,SGP4,2025-01-01 13:15:36.699840+00:00,14.13247237,0.00147020,99.0218,65.2097,93.3201,266.9653,0,U,33591,999,81938,0.00035190000000,0.00000614,0.0000000000000,7226.418,101.893,858.907,837.659,PAYLOAD,LARGE,US,2009-02-06,AFWTR,,4598149,277052601,0 NOAA 19,1 33591U 09005A   25001.55250810  .00000614  00000-0  35190-3 0  9991,2 33591  99.0218  65.2097 0014702  93.3201 266.9653 14.13247237819383
3.0,GENERATED VIA SPACE-TRACK.ORG API,2025-01-02 05:57:15+00:00,18 SPCS,NOAA 19,2009-005A,EARTH,TEME,UTC,SGP4,2025-01-01 21:45:21.272544+00:00,14.13253224,0.00147040,99.0217,65.5665,92.3598,267.9257,0,U,33591,999,81943,0.00080682000000,0.00001468,0.0000000000000,7226.398,101.893,858.888,837.637,PAYLOAD,LARGE,US,2009-02-06,AFWTR,,4598153,277081688,0 NOAA 19,1 33591U 09005A   25001.90649621  .00001468  00000-0  80682-3 0  9996,2 33591  99.0217  65.5665 0014704  92.3598 267.9257 14.13253224819436
3.0,GENERATED VIA SPACE-TRACK.ORG API,2025-01-02 08:18:29+00:00,18 SPCS,NOAA 19,2009-005A,EARTH,TEME,UTC,SGP4,2025-01-02 06:15:06.376608+00:00,14.13248943,0.00147090,99.0217,65.9233,91.4630,268.8227,0,U,33591,999,81974,0.00041867000000,0.00000740,0.0000000000000,7226.412,101.893,858.906,837.648,PAYLOAD,LARGE,US,2009-02-06,AFWTR,,4598398,277105802,0 NOAA 19,1 33591U 09005A   25002.26049047  .00000740  00000-0  41867-3 0  9996,2 33591  99.0217  65.9233 0014709  91.4630 268.8227 14.13248943819746
3.0,GENERATED VIA SPACE-TRACK.ORG API,2025-01-02 19:02:11+00:00,18 SPCS,NOAA 19,2009-005A,EARTH,TEME,UTC,SGP4,2025-01-02 09:39:00.310752+00:00,14.13249066,0.00147050,99.0217,66.0660,91.0975,269.1882,0,U,33591,999,81950,0.00040901000000,0.00000722,0.0000000000000,7226.412,101.893,858.903,837.650,PAYLOAD,LARGE,US,2009-02-06,AFWTR,,4598496,277119368,0 NOAA 19,1 33591U 09005A   25002.40208693  .00000722  00000-0  40901-3 0  9994,2 33591  99.0217  66.0660 0014705  91.0975 269.1882 14.13249066819508
3.0,GENERATED VIA SPACE-TRACK.ORG API,2025-01-03 00:08:47+00:00,18 SPCS,NOAA 19,2009-005A,EARTH,TEME,UTC,SGP4,2025-01-02 21:32:39.094080+00:00,14.13248849,0.00146950,99.0216,66.5655,89.7532,270.5323,0,U,33591,999,81983,0.00032860000000,0.00000571,0.0000000000000,7226.412,101.893,858.897,837.658,PAYLOAD,LARGE,US,2009-02-06,AFWTR,,4598682,277144015,0 NOAA 19,1 33591U 09005A   25002.89767470  .00000571  00000-0  32860-3 0  9997,2 33591  99.0216  66.5655 0014695  89.7532 270.5323 14.13248849819837
3.0,GENERATED VIA SPACE-TRACK.ORG API,2025-01-03 05:09:40+00:00,18 SPCS,NOAA 19,2009-005A,EARTH,TEME,UTC,SGP4,2025-01-02 21:32:39.094080+00:00,14.13248849,0.00146950,99.0216,66.5655,89.7532,270.5323,0,U,33591,999,81957,0.00032860000000,0.00000571,0.0000000000000,7226.412,101.893,858.897,837.658,PAYLOAD,LARGE,US,2009-02-06,AFWTR,,4598729,277154887,0 NOAA 19,1 33591U 09005A   25002.89767470  .00000571  00000-0  32860-3 0  9997,2 33591  99.0216  66.5655 0014695  89.7532 270.5323 14.13248849819578
3.0,GENERATED VIA SPACE-TRACK.ORG API,2025-01-03 07:18:34+00:00,18 SPCS,NOAA 19,2009-005A,EARTH,TEME,UTC,SGP4,2025-01-03 02:38:29.990112+00:00,14.13249055,0.00146990,99.0216,66.7796,89.1990,271.0866,0,U,33591,999,81986,0.00032138000000,0.00000557,0.0000000000000,7226.412,101.893,858.899,837.655,PAYLOAD,LARGE,US,2009-02-06,AFWTR,,4598927,277178178,0 NOAA 19,1 33591U 09005A   25003.11006933  .00000557  00000-0  32138-3 0  9995,2 33591  99.0216  66.7796 0014699  89.1990 271.0866 14.13249055819862
3.0,GENERATED VIA SPACE-TRACK.ORG API,2025-01-03 15:18:32+00:00,18 SPCS,NOAA 19,2009-005A,EARTH,TEME,UTC,SGP4,2025-01-03 11:08:14.811648+00:00,14.13249374,0.00147010,99.0216,67.1364,88.2619,272.0237,0,U,33591,999,81991,0.00030872000000,0.00000534,0.0000000000000,7226.411,101.893,858.899,837.652,PAYLOAD,LARGE,US,2009-02-06,AFWTR,,4599063,277181804,0 NOAA 19,1 33591U 09005A   25003.46406032  .00000534  00000-0  30872-3 0  9995,2 33591  99.0216  67.1364 0014701  88.2619 272.0237 14.13249374819913
3.0,GENERATED VIA SPACE-TRACK.ORG API,2025-01-03 17:36:59+00:00,18 SPCS,NOAA 19,2009-005A,EARTH,TEME,UTC,SGP4,2025-01-03 14:32:08.734560+00:00,14.13249397,0.00147000,99.0215,67.2791,87.8900,272.3955,0,U,33591,999,81967,0.00029380000000,0.00000506,0.0000000000000,7226.411,101.893,858.898,837.653,PAYLOAD,LARGE,US,2009-02-06,AFWTR,,4599090,277193742,0 NOAA 19,1 33591U 09005A   25003.60565665  .00000506  00000-0  29380-3 0  9990,2 33591  99.0215  67.2791 0014700  87.8900 272.3955 14.13249397819672
3.0,GENERATED VIA SPACE-TRACK.ORG API,2025-01-03 22:48:31+00:00,18 SPCS,NOAA 19,2009-005A,EARTH,TEME,UTC,SGP4,2025-01-03 17:56:02.655744+00:00,14.13249552,0.00146960,99.0215,67.4219,87.4906,272.7948,0,U,33591,999,81995,0.00029188000000,0.00000502,0.0000000000000,7226.410,101.893,858.895,837.655,PAYLOAD,LARGE,US,2009-02-06,AFWTR,,4599282,277215847,0 NOAA 19,1 33591U 09005A   25003.74725296  .00000502  00000-0  29188-3 0  9995,2 33591  99.0215  67.4219 0014696  87.4906 272.7948 14.13249552819955
3.0,GENERATED VIA SPACE-TRACK.ORG API,2025-01-04 07:08:33+00:00,18 SPCS,NOAA 19,2009-005A,EARTH,TEME,UTC,SGP4,2025-01-04 04:07:44.406336+00:00,14.13249828,0.00146870,99.0214,67.8500,86.3374,273.9477,0,U,33591,999,82001,0.00026381000000,0.00000449,0.0000000000000,7226.409,101.893,858.888,837.661,PAYLOAD,LARGE,US,2009-02-06,AFWTR,,4599666,277224680,0 NOAA 19,1 33591U 09005A   25004.17204174  .00000449  00000-0  26381-3 0  9992,2 33591  99.0214  67.8500 0014687  86.3374 273.9477 14.13249828820013
3.0,GENERATED VIA SPACE-TRACK.ORG API,2025-01-04 07:17:01+00:00,18 SPCS,NOAA 19,2009-005A,EARTH,TEME,UTC,SGP4,2025-01-03 21:19:56.569152+00:00,14.13249558,0.00146940,99.0215,67.5646,87.1148,273.1705,0,U,33591,999,81971,0.00027507000000,0.00000470,0.0000000000000,7226.410,101.893,858.894,837.657,PAYLOAD,LARGE,US,2009-02-06,AFWTR,,4599680,277236741,0 NOAA 19,1 33591U 09005A   25003.88884918  .00000470  00000-0  27507-3 0  9994,2 33591  99.0215  67.5646 0014694  87.1148 273.1705 14.13249558819719
3.0,GENERATED VIA SPACE-TRACK.ORG API,2025-01-04 15:08:32+00:00,18 SPCS,NOAA 19,2009-005A,EARTH,TEME,UTC,SGP4,2025-01-04 10:55:32.229696+00:00,14.13250444,0.00146870,99.0214,68.1354,85.6002,274.6848,0,U,33591,999,82005,0.00028817000000,0.00000495,0.0000000000000,7226.407,101.893,858.885,837.659,PAYLOAD,LARGE,US,2009-02-06,AFWTR,,4600010,277262774,0 NOAA 19,1 33591U 09005A   25004.45523414  .00000495  00000-0  28817-3 0  9991,2 33591  99.0214  68.1354 0014687  85.6002 274.6848 14.13250444820054
3.0,GENERATED VIA SPACE-TRACK.ORG API,2025-01-04 18:31:26+00:00,18 SPCS,NOAA 19,2009-005A,EARTH,TEME,UTC,SGP4,2025-01-04 14:19:26.132736+00:00,14.13250336,0.00146890,99.0214,68.2781,85.2434,275.0415,0,U,33591,999,81981,0.00025735000000,0.00000437,0.0000000000000,7226.407,101.893,858.887,837.658,PAYLOAD,LARGE,US,2009-02-06,AFWTR,,4600129,277276521,0 NOAA 19,1 33591U 09005A   25004.59683024  .00000437  00000-0  25735-3 0  9992,2 33591  99.0214  68.2781 0014689  85.2434 275.0415 14.13250336819813
3.0,GENERATED VIA SPACE-TRACK.ORG API,2025-01-04 22:48:31+00:00,18 SPCS,NOAA 19,2009-005A,EARTH,TEME,UTC,SGP4,2025-01-04 21:07:13.930176+00:00,14.13251363,0.00146750,99.0214,68.5635,84.4442,275.8403,0,U,33591,999,82011,0.00032285000000,0.00000560,0.0000000000000,7226.404,101.893,858.874,837.664,PAYLOAD,LARGE,US,2009-02-06,AFWTR,,4600298,277300498,0 NOAA 19,1 33591U 09005A   25004.88002234  .00000560  00000-0  32285-3 0  9997,2 33591  99.0214  68.5635 0014675  84.4442 275.8403 14.13251363820110
3.0,GENERATED VIA SPACE-TRACK.ORG API,2025-01-05 07:08:49+00:00,18 SPCS,NOAA 19,2009-005A,EARTH,TEME,UTC,SGP4,2025-01-05 03:55:01.742304+00:00,14.13251587,0.00146730,99.0213,68.8489,83.6933,276.5909,0,U,33591,999,82015,0.00030176000000,0.00000520,0.0000000000000,7226.403,101.893,858.871,837.665,PAYLOAD,LARGE,US,2009-02-06,AFWTR,,4600718,277339519,0 NOAA 19,1 33591U 09005A   25005.16321461  .00000520  00000-0  30176-3 0  9998,2 33591  99.0213  68.8489 0014673  83.6933 276.5909 14.13251587820154
3.0,GENERATED VIA SPACE-TRACK.ORG API,2025-01-05 18:18:42+00:00,18 SPCS,NOAA 19,2009-005A,EARTH,TEME,UTC,SGP4,2025-01-05 10:42:49.541472+00:00,14.13251879,0.00146740,99.0213,69.1344,82.9480,277.3360,0,U,33591,999,82019,0.00029926000000,0.00000516,0.0000000000000,7226.402,101.893,858.871,837.663,PAYLOAD,LARGE,US,2009-02-06,AFWTR,,4601113,277348354,0 NOAA 19,1 33591U 09005A   25005.44640673  .00000516  00000-0  29926-3 0  9994,2 33591  99.0213  69.1344 0014674  82.9480 277.3360 14.13251879820196
3.0,GENERATED VIA SPACE-TRACK.ORG API,2025-01-05 19:47:08+00:00,18 SPCS,NOAA 19,2009-005A,EARTH,TEME,UTC,SGP4,2025-01-05 12:24:46.489536+00:00,14.13251823,0.00146740,99.0213,69.2057,82.7698,277.5141,0,U,33591,999,81994,0.00028149000000,0.00000482,0.0000000000000,7226.402,101.893,858.871,837.663,PAYLOAD,LARGE,US,2009-02-06,AFWTR,,4601203,277362118,0 NOAA 19,1 33591U 09005A   25005.51720474  .00000482  00000-0  28149-3 0  9998,2 33591  99.0213  69.2057 0014674  82.7698 277.5141 14.13251823819946
3.0,GENERATED VIA SPACE-TRACK.ORG API,2025-01-05 22:48:32+00:00,18 SPCS,NOAA 19,2009-005A,EARTH,TEME,UTC,SGP4,2025-01-05 19:12:34.284384+00:00,14.13252095,0.00146750,99.0212,69.4911,82.0274,278.2563,0,U,33591,999,82024,0.00026725000000,0.00000456,0.0000000000000,7226.401,101.893,858.871,837.662,PAYLOAD,LARGE,US,2009-02-06,AFWTR,,4601384,277385681,0 NOAA 19,1 33591U 09005A   25005.80039681  .00000456  00000-0  26725-3 0  9992,2 33591  99.0212  69.4911 0014675  82.0274 278.2563 14.13252095820243
3.0,GENERATED VIA SPACE-TRACK.ORG API,2025-01-06 02:24:55+00:00,18 SPCS,NOAA 19,2009-005A,EARTH,TEME,UTC,SGP4,2025-01-05 19:12:34.284384+00:00,14.13252095,0.00146750,99.0212,69.4911,82.0274,278.2563,0,U,33591,999,81998,0.00026725000000,0.00000456,0.0000000000000,7226.401,101.893,858.871,837.662,PAYLOAD,LARGE,US,2009-02-06,AFWTR,,4601493,277399106,0 NOAA 19,1 33591U 09005A   25005.80039681  .00000456  00000-0  26725-3 0  9992,2 33591  99.0212  69.4911 0014675  82.0274 278.2563 14.13252095819982
3.0,GENERATED VIA SPACE-TRACK.ORG API,2025-01-06 07:08:39+00:00,18 SPCS,NOAA 19,2009-005A,EARTH,TEME,UTC,SGP4,2025-01-06 03:42:19.010880+00:00,14.13252642,0.00146700,99.0212,69.8479,81.0803,279.2029,0,U,33591,999,82029,0.00027116000000,0.00000463,0.0000000000000,7226.400,101.893,858.866,837.663,PAYLOAD,LARGE,US,2009-02-06,AFWTR,,4601767,277423456,0 NOAA 19,1 33591U 09005A   25006.15438670  .00000463  00000-0  27116-3 0  9995,2 33591  99.0212  69.8479 0014670  81.0803 279.2029 14.13252642820299
3.0,GENERATED VIA SPACE-TRACK.ORG API,2025-01-06 14:48:31+00:00,18 SPCS,NOAA 19,2009-005A,EARTH,TEME,UTC,SGP4,2025-01-06 08:48:09.844704+00:00,14.13252873,0.00146720,99.0211,70.0619,80.5155,279.7674,0,U,33591,999,82032,0.00026474000000,0.00000451,0.0000000000000,7226.399,101.893,858.866,837.661,PAYLOAD,LARGE,US,2009-02-06,AFWTR,,4602084,277431973,0 NOAA 19,1 33591U 09005A   25006.36678061  .00000451  00000-0  26474-3 0  9991,2 33591  99.0211  70.0619 0014672  80.5155 279.7674 14.13252873820325
3.0,GENERATED VIA SPACE-TRACK.ORG API,2025-01-06 17:35:48+00:00,18 SPCS,NOAA 19,2009-005A,EARTH,TEME,UTC,SGP4,2025-01-06 13:54:00.675936+00:00,14.13253025,0.00146620,99.0211,70.2760,79.9504,280.3321,0,U,33591,999,82009,0.00025125000000,0.00000426,0.0000000000000,7226.398,101.893,858.859,837.668,PAYLOAD,LARGE,US,2009-02-06,AFWTR,,4602192,277445773,0 NOAA 19,1 33591U 09005A   25006.57917449  .00000426  00000-0  25125-3 0  9994,2 33591  99.0211  70.2760 0014662  79.9504 280.3321 14.13253025820094
3.0,GENERATED VIA SPACE-TRACK.ORG API,2025-01-06 22:58:31+00:00,18 SPCS,NOAA 19,2009-005A,EARTH,TEME,UTC,SGP4,2025-01-06 18:59:51.507168+00:00,14.13253169,0.00146590,99.0211,70.4900,79.3963,280.8859,0,U,33591,999,82038,0.00023662000000,0.00000398,0.0000000000000,7226.398,101.893,858.856,837.670,PAYLOAD,LARGE,US,2009-02-06,AFWTR,,4602417,277469418,0 NOAA 19,1 33591U 09005A   25006.79156837  .00000398  00000-0  23662-3 0  9996,2 33591  99.0211  70.4900 0014659  79.3963 280.8859 14.13253169820383
3.0,GENERATED VIA SPACE-TRACK.ORG API,2025-01-07 02:40:03+00:00,18 SPCS,NOAA 19,2009-005A,EARTH,TEME,UTC,SGP4,2025-01-06 20:41:48.455232+00:00,14.13253225,0.00146620,99.0211,70.5614,79.2072,281.0749,0,U,33591,999,82013,0.00023653000000,0.00000398,0.0000000000000,7226.398,101.893,858.858,837.667,PAYLOAD,LARGE,US,2009-02-06,AFWTR,,4602535,277482254,0 NOAA 19,1 33591U 09005A   25006.86236638  .00000398  00000-0  23653-3 0  9992,2 33591  99.0211  70.5614 0014662  79.2072 281.0749 14.13253225820137
3.0,GENERATED VIA SPACE-TRACK.ORG API,2025-01-07 06:58:38+00:00,18 SPCS,NOAA 19,2009-005A,EARTH,TEME,UTC,SGP4,2025-01-07 03:29:36.221568+00:00,14.13253495,0.00146520,99.0210,70.8468,78.4592,281.8224,0,U,33591,999,82043,0.00022660000000,0.00000380,0.0000000000000,7226.397,101.893,858.850,837.674,PAYLOAD,LARGE,US,2009-02-06,AFWTR,,4602775,277507471,0 NOAA 19,1 33591U 09005A   25007.14555812  .00000380  00000-0  22660-3 0  9990,2 33591  99.0210  70.8468 0014652  78.4592 281.8224 14.13253495820431
3.0,GENERATED VIA SPACE-TRACK.ORG API,2025-01-07 14:58:35+00:00,18 SPCS,NOAA 19,2009-005A,EARTH,TEME,UTC,SGP4,2025-01-07 10:17:23.991360+00:00,14.13253708,0.00146480,99.0210,71.1322,77.7000,282.5811,0,U,33591,999,82047,0.00021898000000,0.00000365,0.0000000000000,7226.396,101.893,858.846,837.676,PAYLOAD,LARGE,US,2009-02-06,AFWTR,,4603168,277516165,0 NOAA 19,1 33591U 09005A   25007.42874990  .00000365  00000-0  21898-3 0  9997,2 33591  99.0210  71.1322 0014648  77.7000 282.5811 14.13253708820476
3.0,GENERATED VIA SPACE-TRACK.ORG API,2025-01-07 18:07:06+00:00,18 SPCS,NOAA 19,2009-005A,EARTH,TEME,UTC,SGP4,2025-01-07 13:41:17.865024+00:00,14.13253843,0.00146450,99.0210,71.2749,77.3292,282.9516,0,U,33591,999,82023,0.00021385000000,0.00000356,0.0000000000000,7226.395,101.893,858.844,837.677,PAYLOAD,LARGE,US,2009-02-06,AFWTR,,4603301,277529872,0 NOAA 19,1 33591U 09005A   25007.57034566  .00000356  00000-0  21385-3 0  9991,2 33591  99.0210  71.2749 0014645  77.3292 282.9516 14.13253843820236
3.0,GENERATED VIA SPACE-TRACK.ORG API,2025-01-07 22:48:31+00:00,18 SPCS,NOAA 19,2009-005A,EARTH,TEME,UTC,SGP4,2025-01-07 18:47:08.682432+00:00,14.13254046,0.00146470,99.0209,71.4889,76.7831,283.4973,0,U,33591,999,82052,0.00020907000000,0.00000347,0.0000000000000,7226.395,101.893,858.844,837.675,PAYLOAD,LARGE,US,2009-02-06,AFWTR,,4603547,277553717,0 NOAA 19,1 33591U 09005A   25007.78273938  .00000347  00000-0  20907-3 0  9991,2 33591  99.0209  71.4889 0014647  76.7831 283.4973 14.13254046820526
3.0,GENERATED VIA SPACE-TRACK.ORG API,2025-01-08 05:13:15+00:00,18 SPCS,NOAA 19,2009-005A,EARTH,TEME,UTC,SGP4,2025-01-07 18:47:08.682432+00:00,14.13254046,0.00146470,99.0209,71.4889,76.7831,283.4973,0,U,33591,999,82026,0.00020907000000,0.00000347,0.0000000000000,7226.395,101.893,858.844,837.675,PAYLOAD,LARGE,US,2009-02-06,AFWTR,,4603695,277567411,0 NOAA 19,1 33591U 09005A   25007.78273938  .00000347  00000-0  20907-3 0  9991,2 33591  99.0209  71.4889 0014647  76.7831 283.4973 14.13254046820267
3.0,GENERATED VIA SPACE-TRACK.ORG API,2025-01-08 07:28:33+00:00,18 SPCS,NOAA 19,2009-005A,EARTH,TEME,UTC,SGP4,2025-01-08 03:16:53.373504+00:00,14.13254429,0.00146370,99.0209,71.8457,75.8362,284.4434,0,U,33591,999,82057,0.00021038000000,0.00000349,0.0000000000000,7226.393,101.892,858.836,837.681,PAYLOAD,LARGE,US,2009-02-06,AFWTR,,4603959,277592217,0 NOAA 19,1 33591U 09005A   25008.13672886  .00000349  00000-0  21038-3 0  9994,2 33591  99.0209  71.8457 0014637  75.8362 284.4434 14.13254429820572
3.0,GENERATED VIA SPACE-TRACK.ORG API,2025-01-08 15:18:30+00:00,18 SPCS,NOAA 19,2009-005A,EARTH,TEME,UTC,SGP4,2025-01-08 10:04:41.124288+00:00,14.13254679,0.00146310,99.0209,72.1311,75.1034,285.1757,0,U,33591,999,82061,0.00020954000000,0.00000348,0.0000000000000,7226.393,101.892,858.831,837.685,PAYLOAD,LARGE,US,2009-02-06,AFWTR,,4604142,277596626,0 NOAA 19,1 33591U 09005A   25008.41992042  .00000348  00000-0  20954-3 0  9999,2 33591  99.0209  72.1311 0014631  75.1034 285.1757 14.13254679820616
3.0,GENERATED VIA SPACE-TRACK.ORG API,2025-01-08 20:49:28+00:00,18 SPCS,NOAA 19,2009-005A,EARTH,TEME,UTC,SGP4,2025-01-08 13:28:35.000544+00:00,14.13254630,0.00146310,99.0209,72.2738,74.7378,285.5410,0,U,33591,999,82037,0.00018890000000,0.00000309,0.0000000000000,7226.393,101.892,858.831,837.685,PAYLOAD,LARGE,US,2009-02-06,AFWTR,,4604166,277608463,0 NOAA 19,1 33591U 09005A   25008.56151621  .00000309  00000-0  18890-3 0  9998,2 33591  99.0209  72.2738 0014631  74.7378 285.5410 14.13254630820376
3.0,GENERATED VIA SPACE-TRACK.ORG API,2025-01-08 22:58:29+00:00,18 SPCS,NOAA 19,2009-005A,EARTH,TEME,UTC,SGP4,2025-01-08 20:16:22.746144+00:00,14.13254810,0.00146190,99.0208,72.5592,73.9580,286.3200,0,U,33591,999,82067,0.00018359000000,0.00000299,0.0000000000000,7226.392,101.892,858.821,837.693,PAYLOAD,LARGE,US,2009-02-06,AFWTR,,4604332,277630601,0 NOAA 19,1 33591U 09005A   25008.84470771  .00000299  00000-0  18359-3 0  9997,2 33591  99.0208  72.5592 0014619  73.9580 286.3200 14.13254810820677
3.0,GENERATED VIA SPACE-TRACK.ORG API,2025-01-09 03:56:35+00:00,18 SPCS,NOAA 19,2009-005A,EARTH,TEME,UTC,SGP4,2025-01-08 21:58:19.678656+00:00,14.13254864,0.00146120,99.0208,72.6306,73.7755,286.5023,0,U,33591,999,82042,0.00018118000000,0.00000294,0.0000000000000,7226.392,101.892,858.816,837.698,PAYLOAD,LARGE,US,2009-02-06,AFWTR,,4604399,277643271,0 NOAA 19,1 33591U 09005A   25008.91550554  .00000294  00000-0  18118-3 0  9991,2 33591  99.0208  72.6306 0014612  73.7755 286.5023 14.13254864820423
3.0,GENERATED VIA SPACE-TRACK.ORG API,2025-01-09 07:18:35+00:00,18 SPCS,NOAA 19,2009-005A,EARTH,TEME,UTC,SGP4,2025-01-09 03:04:10.483968+00:00,14.13255041,0.00146080,99.0208,72.8447,73.2046,287.0727,0,U,33591,999,82071,0.00017844000000,0.00000289,0.0000000000000,7226.391,101.892,858.813,837.700,PAYLOAD,LARGE,US,2009-02-06,AFWTR,,4604566,277665389,0 NOAA 19,1 33591U 09005A   25009.12789912  .00000289  00000-0  17844-3 0  9996,2 33591  99.0208  72.8447 0014608  73.2046 287.0727 14.13255041820711
3.0,GENERATED VIA SPACE-TRACK.ORG API,2025-01-09 19:31:44+00:00,18 SPCS,NOAA 19,2009-005A,EARTH,TEME,UTC,SGP4,2025-01-09 06:28:04.353312+00:00,14.13255235,0.00146040,99.0208,72.9874,72.8320,287.4449,0,U,33591,999,82047,0.00018762000000,0.00000306,0.0000000000000,7226.391,101.892,858.809,837.702,PAYLOAD,LARGE,US,2009-02-06,AFWTR,,4604593,277676807,0 NOAA 19,1 33591U 09005A   25009.26949483  .00000306  00000-0  18762-3 0  9992,2 33591  99.0208  72.9874 0014604  72.8320 287.4449 14.13255235820475
3.0,GENERATED VIA SPACE-TRACK.ORG API,2025-01-09 20:58:34+00:00,18 SPCS,NOAA 19,2009-005A,EARTH,TEME,UTC,SGP4,2025-01-09 06:28:04.353312+00:00,14.13255235,0.00146040,99.0208,72.9874,72.8320,287.4449,0,U,33591,999,82073,0.00018762000000,0.00000306,0.0000000000000,7226.391,101.892,858.809,837.702,PAYLOAD,LARGE,US,2009-02-06,AFWTR,,4604739,277700295,0 NOAA 19,1 33591U 09005A   25009.26949483  .00000306  00000-0  18762-3 0  9992,2 33591  99.0208  72.9874 0014604  72.8320 287.4449 14.13255235820734
3.0,GENERATED VIA SPACE-TRACK.ORG API,2025-01-10 03:08:59+00:00,18 SPCS,NOAA 19,2009-005A,EARTH,TEME,UTC,SGP4,2025-01-09 21:45:36.741600+00:00,14.13255869,0.00146000,99.0207,73.6295,71.1816,289.0938,0,U,33591,999,82056,0.00019132000000,0.00000313,0.0000000000000,7226.389,101.892,858.804,837.703,PAYLOAD,LARGE,US,2009-02-06,AFWTR,,4605019,277716595,0 NOAA 19,1 33591U 09005A   25009.90667525  .00000313  00000-0  19132-3 0  9997,2 33591  99.0207  73.6295 0014600  71.1816 289.0938 14.13255869820561
3.0,GENERATED VIA SPACE-TRACK.ORG API,2025-01-10 07:08:32+00:00,18 SPCS,NOAA 19,2009-005A,EARTH,TEME,UTC,SGP4,2025-01-10 02:51:27.535680+00:00,14.13256030,0.00145960,99.0206,73.8436,70.6188,289.6560,0,U,33591,999,82085,0.00018684000000,0.00000305,0.0000000000000,7226.388,101.892,858.801,837.705,PAYLOAD,LARGE,US,2009-02-06,AFWTR,,4605162,277740636,0 NOAA 19,1 33591U 09005A   25010.11906870  .00000305  00000-0  18684-3 0  9993,2 33591  99.0206  73.8436 0014596  70.6188 289.6560 14.13256030820859
3.0,GENERATED VIA SPACE-TRACK.ORG API,2025-01-10 14:58:33+00:00,18 SPCS,NOAA 19,2009-005A,EARTH,TEME,UTC,SGP4,2025-01-10 09:39:15.261408+00:00,14.13256189,0.00145930,99.0206,74.1290,69.9017,290.3723,0,U,33591,999,82089,0.00018294000000,0.00000298,0.0000000000000,7226.387,101.892,858.798,837.707,PAYLOAD,LARGE,US,2009-02-06,AFWTR,,4605606,277750369,0 NOAA 19,1 33591U 09005A   25010.40225997  .00000298  00000-0  18294-3 0  9997,2 33591  99.0206  74.1290 0014593  69.9017 290.3723 14.13256189820899
3.0,GENERATED VIA SPACE-TRACK.ORG API,2025-01-10 17:41:51+00:00,18 SPCS,NOAA 19,2009-005A,EARTH,TEME,UTC,SGP4,2025-01-10 13:03:09.114336+00:00,14.13256335,0.00145920,99.0206,74.2717,69.5254,290.7483,0,U,33591,999,82065,0.00018220000000,0.00000296,0.0000000000000,7226.387,101.892,858.797,837.707,PAYLOAD,LARGE,US,2009-02-06,AFWTR,,4605690,277763426,0 NOAA 19,1 33591U 09005A   25010.54385549  .00000296  00000-0  18220-3 0  9999,2 33591  99.0206  74.2717 0014592  69.5254 290.7483 14.13256335820656
3.0,GENERATED VIA SPACE-TRACK.ORG API,2025-01-11 00:08:37+00:00,18 SPCS,NOAA 19,2009-005A,EARTH,TEME,UTC,SGP4,2025-01-10 21:32:53.757888+00:00,14.13256630,0.00145880,99.0205,74.6284,68.5939,291.6787,0,U,33591,999,82096,0.00018516000000,0.00000302,0.0000000000000,7226.386,101.892,858.793,837.709,PAYLOAD,LARGE,US,2009-02-06,AFWTR,,4605886,277786536,0 NOAA 19,1 33591U 09005A   25010.89784442  .00000302  00000-0  18516-3 0  9998,2 33591  99.0205  74.6284 0014588  68.5939 291.6787 14.13256630820961
3.0,GENERATED VIA SPACE-TRACK.ORG API,2025-01-11 05:36:21+00:00,18 SPCS,NOAA 19,2009-005A,EARTH,TEME,UTC,SGP4,2025-01-10 21:32:53.757888+00:00,14.13256630,0.00145880,99.0205,74.6284,68.5939,291.6787,0,U,33591,999,82070,0.00018516000000,0.00000302,0.0000000000000,7226.386,101.892,858.793,837.709,PAYLOAD,LARGE,US,2009-02-06,AFWTR,,4607388,277831377,0 NOAA 19,1 33591U 09005A   25010.89784442  .00000302  00000-0  18516-3 0  9998,2 33591  99.0205  74.6284 0014588  68.5939 291.6787 14.13256630820703
3.0,GENERATED VIA SPACE-TRACK.ORG API,2025-01-11 16:46:17+00:00,18 SPCS,NOAA 19,2009-005A,EARTH,TEME,UTC,SGP4,2025-01-11 11:08:29.184288+00:00,14.13256907,0.00145780,99.0204,75.1992,67.1113,293.1597,0,U,33591,999,82104,0.00017373000000,0.00000280,0.0000000000000,7226.385,101.892,858.785,837.715,PAYLOAD,LARGE,US,2009-02-06,AFWTR,,4607794,277918123,0 NOAA 19,1 33591U 09005A   25011.46422667  .00000280  00000-0  17373-3 0  9995,2 33591  99.0204  75.1992 0014578  67.1113 293.1597 14.13256907821043
3.0,GENERATED VIA SPACE-TRACK.ORG API,2025-01-11 18:02:58+00:00,18 SPCS,NOAA 19,2009-005A,EARTH,TEME,UTC,SGP4,2025-01-11 14:32:23.037216+00:00,14.13257005,0.00145740,99.0203,75.3419,66.7341,293.5364,0,U,33591,999,82080,0.00017337000000,0.00000280,0.0000000000000,7226.385,101.892,858.781,837.718,PAYLOAD,LARGE,US,2009-02-06,AFWTR,,4607957,277932739,0 NOAA 19,1 33591U 09005A   25011.60582219  .00000280  00000-0  17337-3 0  9991,2 33591  99.0203  75.3419 0014574  66.7341 293.5364 14.13257005820801
3.0,GENERATED VIA SPACE-TRACK.ORG API,2025-01-11 22:56:16+00:00,18 SPCS,NOAA 19,2009-005A,EARTH,TEME,UTC,SGP4,2025-01-11 17:56:16.893600+00:00,14.13257052,0.00145770,99.0203,75.4847,66.3340,293.9360,0,U,33591,999,82108,0.00016789000000,0.00000269,0.0000000000000,7226.385,101.892,858.783,837.716,PAYLOAD,LARGE,US,2009-02-06,AFWTR,,4608150,277955534,0 NOAA 19,1 33591U 09005A   25011.74741775  .00000269  00000-0  16789-3 0  9997,2 33591  99.0203  75.4847 0014577  66.3340 293.9360 14.13257052821088
3.0,GENERATED VIA SPACE-TRACK.ORG API,2025-01-12 03:29:48+00:00,18 SPCS,NOAA 19,2009-005A,EARTH,TEME,UTC,SGP4,2025-01-11 21:20:10.736160+00:00,14.13257247,0.00145700,99.0203,75.6274,65.9389,294.3305,0,U,33591,999,82084,0.00017721000000,0.00000287,0.0000000000000,7226.384,101.892,858.778,837.720,PAYLOAD,LARGE,US,2009-02-06,AFWTR,,4608269,277969010,0 NOAA 19,1 33591U 09005A   25011.88901315  .00000287  00000-0  17721-3 0  9997,2 33591  99.0203  75.6274 0014570  65.9389 294.3305 14.13257247820848
3.0,GENERATED VIA SPACE-TRACK.ORG API,2025-01-12 07:16:24+00:00,18 SPCS,NOAA 19,2009-005A,EARTH,TEME,UTC,SGP4,2025-01-12 04:07:58.434240+00:00,14.13257437,0.00145620,99.0202,75.9128,65.1646,295.1039,0,U,33591,999,82114,0.00017606000000,0.00000285,0.0000000000000,7226.383,101.892,858.771,837.725,PAYLOAD,LARGE,US,2009-02-06,AFWTR,,4608491,277993668,0 NOAA 19,1 33591U 09005A   25012.17220410  .00000285  00000-0  17606-3 0  9990,2 33591  99.0202  75.9128 0014562  65.1646 295.1039 14.13257437821145
3.0,GENERATED VIA SPACE-TRACK.ORG API,2025-01-12 14:56:16+00:00,18 SPCS,NOAA 19,2009-005A,EARTH,TEME,UTC,SGP4,2025-01-12 12:37:43.057056+00:00,14.13257647,0.00145550,99.0201,76.2695,64.2403,296.0269,0,U,33591,999,82119,0.00017501000000,0.00000283,0.0000000000000,7226.382,101.892,858.765,837.729,PAYLOAD,LARGE,US,2009-02-06,AFWTR,,4608749,277999913,0 NOAA 19,1 33591U 09005A   25012.52619279  .00000283  00000-0  17501-3 0  9996,2 33591  99.0201  76.2695 0014555  64.2403 296.0269 14.13257647821193
3.0,GENERATED VIA SPACE-TRACK.ORG API,2025-01-12 22:56:17+00:00,18 SPCS,NOAA 19,2009-005A,EARTH,TEME,UTC,SGP4,2025-01-12 19:25:30.748224+00:00,14.13257816,0.00145440,99.0201,76.5549,63.4481,296.8180,0,U,33591,999,82123,0.00017599000000,0.00000285,0.0000000000000,7226.382,101.892,858.757,837.737,PAYLOAD,LARGE,US,2009-02-06,AFWTR,,4609056,278037183,0 NOAA 19,1 33591U 09005A   25012.80938366  .00000285  00000-0  17599-3 0  9997,2 33591  99.0201  76.5549 0014544  63.4481 296.8180 14.13257816821232
3.0,GENERATED VIA SPACE-TRACK.ORG API,2025-01-13 02:04:43+00:00,18 SPCS,NOAA 19,2009-005A,EARTH,TEME,UTC,SGP4,2025-01-12 21:07:27.667776+00:00,14.13257848,0.00145420,99.0200,76.6262,63.2478,297.0180,0,U,33591,999,82098,0.00017482000000,0.00000282,0.0000000000000,7226.382,101.892,858.755,837.738,PAYLOAD,LARGE,US,2009-02-06,AFWTR,,4609167,278049479,0 NOAA 19,1 33591U 09005A   25012.88018134  .00000282  00000-0  17482-3 0  9995,2 33591  99.0200  76.6262 0014542  63.2478 297.0180 14.13257848820985
3.0,GENERATED VIA SPACE-TRACK.ORG API,2025-01-13 07:06:16+00:00,18 SPCS,NOAA 19,2009-005A,EARTH,TEME,UTC,SGP4,2025-01-13 03:55:15.353760+00:00,14.13258019,0.00145320,99.0200,76.9116,62.4730,297.7917,0,U,33591,999,82128,0.00017136000000,0.00000276,0.0000000000000,7226.381,101.892,858.748,837.745,PAYLOAD,LARGE,US,2009-02-06,AFWTR,,4609370,278074242,0 NOAA 19,1 33591U 09005A   25013.16337215  .00000276  00000-0  17136-3 0  9990,2 33591  99.0200  76.9116 0014532  62.4730 297.7917 14.13258019821287
3.0,GENERATED VIA SPACE-TRACK.ORG API,2025-01-13 14:56:17+00:00,18 SPCS,NOAA 19,2009-005A,EARTH,TEME,UTC,SGP4,2025-01-13 10:43:03.035424+00:00,14.13258372,0.00145280,99.0199,77.1970,61.7257,298.5379,0,U,33591,999,82132,0.00018905000000,0.00000309,0.0000000000000,7226.380,101.892,858.744,837.747,PAYLOAD,LARGE,US,2009-02-06,AFWTR,,4609662,278080383,0 NOAA 19,1 33591U 09005A   25013.44656291  .00000309  00000-0  18905-3 0  9991,2 33591  99.0199  77.1970 0014528  61.7257 298.5379 14.13258372821324
3.0,GENERATED VIA SPACE-TRACK.ORG API,2025-01-13 18:44:43+00:00,18 SPCS,NOAA 19,2009-005A,EARTH,TEME,UTC,SGP4,2025-01-13 14:06:56.876256+00:00,14.13258338,0.00145210,99.0199,77.3397,61.3499,298.9131,0,U,33591,999,82108,0.00017519000000,0.00000283,0.0000000000000,7226.380,101.892,858.739,837.752,PAYLOAD,LARGE,US,2009-02-06,AFWTR,,4609796,278094307,0 NOAA 19,1 33591U 09005A   25013.58815829  .00000283  00000-0  17519-3 0  9991,2 33591  99.0199  77.3397 0014521  61.3499 298.9131 14.13258338821081
3.0,GENERATED VIA SPACE-TRACK.ORG API,2025-01-13 22:56:17+00:00,18 SPCS,NOAA 19,2009-005A,EARTH,TEME,UTC,SGP4,2025-01-13 19:12:47.634912+00:00,14.13258474,0.00145150,99.0199,77.5538,60.7639,299.4982,0,U,33591,999,82137,0.00017827000000,0.00000289,0.0000000000000,7226.380,101.892,858.734,837.756,PAYLOAD,LARGE,US,2009-02-06,AFWTR,,4609983,278117722,0 NOAA 19,1 33591U 09005A   25013.80055133  .00000289  00000-0  17827-3 0  9998,2 33591  99.0199  77.5538 0014515  60.7639 299.4982 14.13258474821375
3.0,GENERATED VIA SPACE-TRACK.ORG API,2025-01-14 01:59:04+00:00,18 SPCS,NOAA 19,2009-005A,EARTH,TEME,UTC,SGP4,2025-01-13 20:54:44.547552+00:00,14.13258504,0.00145120,99.0198,77.6251,60.5822,299.6796,0,U,33591,999,82112,0.00017421000000,0.00000281,0.0000000000000,7226.380,101.892,858.731,837.758,PAYLOAD,LARGE,US,2009-02-06,AFWTR,,4610108,278131142,0 NOAA 19,1 33591U 09005A   25013.87134893  .00000281  00000-0  17421-3 0  9998,2 33591  99.0198  77.6251 0014512  60.5822 299.6796 14.13258504821128
3.0,GENERATED VIA SPACE-TRACK.ORG API,2025-01-14 07:26:16+00:00,18 SPCS,NOAA 19,2009-005A,EARTH,TEME,UTC,SGP4,2025-01-14 03:42:32.220576+00:00,14.13258688,0.00145010,99.0198,77.9105,59.8090,300.4516,0,U,33591,999,82142,0.00017122000000,0.00000276,0.0000000000000,7226.379,101.892,858.723,837.765,PAYLOAD,LARGE,US,2009-02-06,AFWTR,,4610362,278156603,0 NOAA 19,1 33591U 09005A   25014.15453959  .00000276  00000-0  17122-3 0  9999,2 33591  99.0198  77.9105 0014501  59.8090 300.4516 14.13258688821422
3.0,GENERATED VIA SPACE-TRACK.ORG API,2025-01-14 15:06:17+00:00,18 SPCS,NOAA 19,2009-005A,EARTH,TEME,UTC,SGP4,2025-01-14 10:30:19.891008+00:00,14.13258998,0.00144960,99.0197,78.1958,59.0573,301.2021,0,U,33591,999,82146,0.00018066000000,0.00000293,0.0000000000000,7226.378,101.892,858.718,837.768,PAYLOAD,LARGE,US,2009-02-06,AFWTR,,4610610,278163056,0 NOAA 19,1 33591U 09005A   25014.43773022  .00000293  00000-0  18066-3 0  9993,2 33591  99.0197  78.1958 0014496  59.0573 301.2021 14.13258998821469
3.0,GENERATED VIA SPACE-TRACK.ORG API,2025-01-14 17:39:45+00:00,18 SPCS,NOAA 19,2009-005A,EARTH,TEME,UTC,SGP4,2025-01-14 13:54:13.722336+00:00,14.13259035,0.00144910,99.0197,78.3385,58.6928,301.5660,0,U,33591,999,82122,0.00017189000000,0.00000277,0.0000000000000,7226.378,101.892,858.715,837.771,PAYLOAD,LARGE,US,2009-02-06,AFWTR,,4610679,278174212,0 NOAA 19,1 33591U 09005A   25014.57932549  .00000277  00000-0  17189-3 0  9996,2 33591  99.0197  78.3385 0014491  58.6928 301.5660 14.13259035821228
3.0,GENERATED VIA SPACE-TRACK.ORG API,2025-01-14 23:16:16+00:00,18 SPCS,NOAA 19,2009-005A,EARTH,TEME,UTC,SGP4,2025-01-14 19:00:04.474080+00:00,14.13259103,0.00144820,99.0196,78.5526,58.1179,302.1399,0,U,33591,999,82151,0.00016330000000,0.00000261,0.0000000000000,7226.378,101.892,858.708,837.777,PAYLOAD,LARGE,US,2009-02-06,AFWTR,,4610947,278198386,0 NOAA 19,1 33591U 09005A   25014.79171845  .00000261  00000-0  16330-3 0  9994,2 33591  99.0196  78.5526 0014482  58.1179 302.1399 14.13259103821513
3.0,GENERATED VIA SPACE-TRACK.ORG API,2025-01-15 04:09:50+00:00,18 SPCS,NOAA 19,2009-005A,EARTH,TEME,UTC,SGP4,2025-01-14 20:42:01.384128+00:00,14.13259171,0.00144780,99.0196,78.6239,57.9098,302.3477,0,U,33591,999,82126,0.00016504000000,0.00000264,0.0000000000000,7226.377,101.892,858.705,837.780,PAYLOAD,LARGE,US,2009-02-06,AFWTR,,4610967,278208891,0 NOAA 19,1 33591U 09005A   25014.86251602  .00000264  00000-0  16504-3 0  9998,2 33591  99.0196  78.6239 0014478  57.9098 302.3477 14.13259171821263
3.0,GENERATED VIA SPACE-TRACK.ORG API,2025-01-15 06:46:17+00:00,18 SPCS,NOAA 19,2009-005A,EARTH,TEME,UTC,SGP4,2025-01-15 03:29:49.044192+00:00,14.13259366,0.00144670,99.0196,78.9093,57.1425,303.1137,0,U,33591,999,82156,0.00016322000000,0.00000261,0.0000000000000,7226.377,101.892,858.696,837.787,PAYLOAD,LARGE,US,2009-02-06,AFWTR,,4611124,278232825,0 NOAA 19,1 33591U 09005A   25015.14570653  .00000261  00000-0  16322-3 0  9995,2 33591  99.0196  78.9093 0014467  57.1425 303.1137 14.13259366821569
3.0,GENERATED VIA SPACE-TRACK.ORG API,2025-01-15 14:56:16+00:00,18 SPCS,NOAA 19,2009-005A,EARTH,TEME,UTC,SGP4,2025-01-15 10:17:36.698208+00:00,14.13259624,0.00144550,99.0195,79.1947,56.3912,303.8637,0,U,33591,999,82160,0.00016781000000,0.00000269,0.0000000000000,7226.376,101.892,858.686,837.795,PAYLOAD,LARGE,US,2009-02-06,AFWTR,,4611477,278239819,0 NOAA 19,1 33591U 09005A   25015.42889697  .00000269  00000-0  16781-3 0  9994,2 33591  99.0195  79.1947 0014455  56.3912 303.8637 14.13259624821602
3.0,GENERATED VIA SPACE-TRACK.ORG API,2025-01-15 17:55:58+00:00,18 SPCS,NOAA 19,2009-005A,EARTH,TEME,UTC,SGP4,2025-01-15 13:41:30.520032+00:00,14.13259699,0.00144500,99.0195,79.3374,56.0265,304.2278,0,U,33591,999,82136,0.00016281000000,0.00000260,0.0000000000000,7226.376,101.892,858.683,837.798,PAYLOAD,LARGE,US,2009-02-06,AFWTR,,4611564,278254146,0 NOAA 19,1 33591U 09005A   25015.57049213  .00000260  00000-0  16281-3 0  9998,2 33591  99.0195  79.3374 0014450  56.0265 304.2278 14.13259699821362
3.0,GENERATED VIA SPACE-TRACK.ORG API,2025-01-15 22:46:17+00:00,18 SPCS,NOAA 19,2009-005A,EARTH,TEME,UTC,SGP4,2025-01-15 18:47:21.258816+00:00,14.13259835,0.00144470,99.0194,79.5514,55.4727,304.7807,0,U,33591,999,82165,0.00016041000000,0.00000255,0.0000000000000,7226.375,101.892,858.680,837.800,PAYLOAD,LARGE,US,2009-02-06,AFWTR,,4611746,278277054,0 NOAA 19,1 33591U 09005A   25015.78288494  .00000255  00000-0  16041-3 0  9995,2 33591  99.0194  79.5514 0014447  55.4727 304.7807 14.13259835821658
3.0,GENERATED VIA SPACE-TRACK.ORG API,2025-01-16 05:20:38+00:00,18 SPCS,NOAA 19,2009-005A,EARTH,TEME,UTC,SGP4,2025-01-15 22:11:15.078912+00:00,14.13260046,0.00144430,99.0194,79.6941,55.0845,305.1682,0,U,33591,999,82141,0.00017284000000,0.00000279,0.0000000000000,7226.374,101.892,858.676,837.802,PAYLOAD,LARGE,US,2009-02-06,AFWTR,,4611874,278290259,0 NOAA 19,1 33591U 09005A   25015.92448008  .00000279  00000-0  17284-3 0  9996,2 33591  99.0194  79.6941 0014443  55.0845 305.1682 14.13260046821412
3.0,GENERATED VIA SPACE-TRACK.ORG API,2025-01-16 07:06:18+00:00,18 SPCS,NOAA 19,2009-005A,EARTH,TEME,UTC,SGP4,2025-01-16 03:17:05.810784+00:00,14.13260212,0.00144320,99.0193,79.9081,54.5182,305.7334,0,U,33591,999,82170,0.00017226000000,0.00000278,0.0000000000000,7226.374,101.892,858.668,837.810,PAYLOAD,LARGE,US,2009-02-06,AFWTR,,4612106,278314770,0 NOAA 19,1 33591U 09005A   25016.13687281  .00000278  00000-0  17226-3 0  9993,2 33591  99.0193  79.9081 0014432  54.5182 305.7334 14.13260212821702
3.0,GENERATED VIA SPACE-TRACK.ORG API,2025-01-16 17:17:14+00:00,18 SPCS,NOAA 19,2009-005A,EARTH,TEME,UTC,SGP4,2025-01-16 13:28:47.266752+00:00,14.13260618,0.00144210,99.0193,80.3362,53.3926,306.8570,0,U,33591,999,82150,0.00017762000000,0.00000288,0.0000000000000,7226.372,101.892,858.659,837.816,PAYLOAD,LARGE,US,2009-02-06,AFWTR,,4612163,278327626,0 NOAA 19,1 33591U 09005A   25016.56165818  .00000288  00000-0  17762-3 0  9993,2 33591  99.0193  80.3362 0014421  53.3926 306.8570 14.13260618821503
3.0,GENERATED VIA SPACE-TRACK.ORG API,2025-01-16 23:16:16+00:00,18 SPCS,NOAA 19,2009-005A,EARTH,TEME,UTC,SGP4,2025-01-16 20:16:34.893984+00:00,14.13260941,0.00144130,99.0192,80.6215,52.6376,307.6106,0,U,33591,999,82180,0.00018847000000,0.00000308,0.0000000000000,7226.371,101.892,858.652,837.821,PAYLOAD,LARGE,US,2009-02-06,AFWTR,,4612489,278354102,0 NOAA 19,1 33591U 09005A   25016.84484831  .00000308  00000-0  18847-3 0  9991,2 33591  99.0192  80.6215 0014413  52.6376 307.6106 14.13260941821800
3.0,GENERATED VIA SPACE-TRACK.ORG API,2025-01-17 03:19:17+00:00,18 SPCS,NOAA 19,2009-005A,EARTH,TEME,UTC,SGP4,2025-01-16 20:16:34.893984+00:00,14.13260941,0.00144130,99.0192,80.6215,52.6376,307.6106,0,U,33591,999,82154,0.00018847000000,0.00000308,0.0000000000000,7226.371,101.892,858.652,837.821,PAYLOAD,LARGE,US,2009-02-06,AFWTR,,4612708,278369900,0 NOAA 19,1 33591U 09005A   25016.84484831  .00000308  00000-0  18847-3 0  9991,2 33591  99.0192  80.6215 0014413  52.6376 307.6106 14.13260941821541
3.0,GENERATED VIA SPACE-TRACK.ORG API,2025-01-17 06:56:24+00:00,18 SPCS,NOAA 19,2009-005A,EARTH,TEME,UTC,SGP4,2025-01-17 03:04:22.522080+00:00,14.13261185,0.00144030,99.0192,80.9069,51.8715,308.3753,0,U,33591,999,82184,0.00019161000000,0.00000314,0.0000000000000,7226.370,101.892,858.644,837.827,PAYLOAD,LARGE,US,2009-02-06,AFWTR,,4612953,278393662,0 NOAA 19,1 33591U 09005A   25017.12803845  .00000314  00000-0  19161-3 0  9990,2 33591  99.0192  80.9069 0014403  51.8715 308.3753 14.13261185821848
3.0,GENERATED VIA SPACE-TRACK.ORG API,2025-01-17 14:46:17+00:00,18 SPCS,NOAA 19,2009-005A,EARTH,TEME,UTC,SGP4,2025-01-17 08:10:13.240992+00:00,14.13261407,0.00143980,99.0191,81.1209,51.3165,308.9292,0,U,33591,999,82187,0.00019756000000,0.00000325,0.0000000000000,7226.370,101.892,858.639,837.830,PAYLOAD,LARGE,US,2009-02-06,AFWTR,,4613198,278400520,0 NOAA 19,1 33591U 09005A   25017.34043103  .00000325  00000-0  19756-3 0  9999,2 33591  99.0191  81.1209 0014398  51.3165 308.9292 14.13261407821877
3.0,GENERATED VIA SPACE-TRACK.ORG API,2025-01-17 19:49:47+00:00,18 SPCS,NOAA 19,2009-005A,EARTH,TEME,UTC,SGP4,2025-01-17 14:58:00.853536+00:00,14.13261629,0.00143860,99.0191,81.4062,50.5422,309.7020,0,U,33591,999,82165,0.00019243000000,0.00000315,0.0000000000000,7226.369,101.892,858.630,837.838,PAYLOAD,LARGE,US,2009-02-06,AFWTR,,4613333,278413189,0 NOAA 19,1 33591U 09005A   25017.62362099  .00000315  00000-0  19243-3 0  9998,2 33591  99.0191  81.4062 0014386  50.5422 309.7020 14.13261629821651
3.0,GENERATED VIA SPACE-TRACK.ORG API,2025-01-17 23:16:15+00:00,18 SPCS,NOAA 19,2009-005A,EARTH,TEME,UTC,SGP4,2025-01-17 20:03:51.572448+00:00,14.13261825,0.00143820,99.0190,81.6202,50.0027,310.2405,0,U,33591,999,82194,0.00019784000000,0.00000326,0.0000000000000,7226.368,101.892,858.626,837.840,PAYLOAD,LARGE,US,2009-02-06,AFWTR,,4613595,278438586,0 NOAA 19,1 33591U 09005A   25017.83601357  .00000326  00000-0  19784-3 0  9996,2 33591  99.0190  81.6202 0014382  50.0027 310.2405 14.13261825821944
3.0,GENERATED VIA SPACE-TRACK.ORG API,2025-01-18 03:06:32+00:00,18 SPCS,NOAA 19,2009-005A,EARTH,TEME,UTC,SGP4,2025-01-17 21:45:48.476448+00:00,14.13261872,0.00143810,99.0190,81.6916,49.8174,310.4254,0,U,33591,999,82169,0.00019711000000,0.00000324,0.0000000000000,7226.368,101.892,858.625,837.841,PAYLOAD,LARGE,US,2009-02-06,AFWTR,,4613724,278452602,0 NOAA 19,1 33591U 09005A   25017.90681107  .00000324  00000-0  19711-3 0  9993,2 33591  99.0190  81.6916 0014381  49.8174 310.4254 14.13261872821692
3.0,GENERATED VIA SPACE-TRACK.ORG API,2025-01-18 06:56:16+00:00,18 SPCS,NOAA 19,2009-005A,EARTH,TEME,UTC,SGP4,2025-01-18 01:09:42.282720+00:00,14.13261983,0.00143730,99.0190,81.8343,49.4310,310.8111,0,U,33591,999,82197,0.00019728000000,0.00000325,0.0000000000000,7226.368,101.892,858.619,837.846,PAYLOAD,LARGE,US,2009-02-06,AFWTR,,4613895,278474938,0 NOAA 19,1 33591U 09005A   25018.04840605  .00000325  00000-0  19728-3 0  9998,2 33591  99.0190  81.8343 0014373  49.4310 310.8111 14.13261983821977
3.0,GENERATED VIA SPACE-TRACK.ORG API,2025-01-18 15:06:23+00:00,18 SPCS,NOAA 19,2009-005A,EARTH,TEME,UTC,SGP4,2025-01-18 09:39:26.788032+00:00,14.13262306,0.00143610,99.0190,82.1910,48.4617,311.7784,0,U,33591,999,82202,0.00020061000000,0.00000331,0.0000000000000,7226.367,101.892,858.609,837.854,PAYLOAD,LARGE,US,2009-02-06,AFWTR,,4614260,278483970,0 NOAA 19,1 33591U 09005A   25018.40239338  .00000331  00000-0  20061-3 0  9992,2 33591  99.0190  82.1910 0014361  48.4617 311.7784 14.13262306822020
3.0,GENERATED VIA SPACE-TRACK.ORG API,2025-01-18 17:32:39+00:00,18 SPCS,NOAA 19,2009-005A,EARTH,TEME,UTC,SGP4,2025-01-18 13:03:20.593440+00:00,14.13262356,0.00143540,99.0190,82.3336,48.0758,312.1635,0,U,33591,999,82178,0.00019338000000,0.00000317,0.0000000000000,7226.366,101.892,858.604,837.859,PAYLOAD,LARGE,US,2009-02-06,AFWTR,,4614329,278496977,0 NOAA 19,1 33591U 09005A   25018.54398835  .00000317  00000-0  19338-3 0  9994,2 33591  99.0190  82.3336 0014354  48.0758 312.1635 14.13262356821785
3.0,GENERATED VIA SPACE-TRACK.ORG API,2025-01-18 20:56:16+00:00,18 SPCS,NOAA 19,2009-005A,EARTH,TEME,UTC,SGP4,2025-01-18 18:09:11.296800+00:00,14.13262471,0.00143480,99.0189,82.5476,47.5122,312.7259,0,U,33591,999,82207,0.00018871000000,0.00000308,0.0000000000000,7226.366,101.892,858.599,837.863,PAYLOAD,LARGE,US,2009-02-06,AFWTR,,4614511,278520512,0 NOAA 19,1 33591U 09005A   25018.75638075  .00000308  00000-0  18871-3 0  9991,2 33591  99.0189  82.5476 0014348  47.5122 312.7259 14.13262471822071
3.0,GENERATED VIA SPACE-TRACK.ORG API,2025-01-19 02:21:50+00:00,18 SPCS,NOAA 19,2009-005A,EARTH,TEME,UTC,SGP4,2025-01-18 21:33:05.099616+00:00,14.13262653,0.00143440,99.0189,82.6903,47.1236,313.1138,0,U,33591,999,82183,0.00020035000000,0.00000330,0.0000000000000,7226.365,101.892,858.596,837.865,PAYLOAD,LARGE,US,2009-02-06,AFWTR,,4614653,278534883,0 NOAA 19,1 33591U 09005A   25018.89797569  .00000330  00000-0  20035-3 0  9990,2 33591  99.0189  82.6903 0014344  47.1236 313.1138 14.13262653821831
3.0,GENERATED VIA SPACE-TRACK.ORG API,2025-01-19 07:06:15+00:00,18 SPCS,NOAA 19,2009-005A,EARTH,TEME,UTC,SGP4,2025-01-19 04:20:52.693152+00:00,14.13262914,0.00143320,99.0189,82.9757,46.3357,313.9000,0,U,33591,999,82213,0.00020449000000,0.00000338,0.0000000000000,7226.365,101.892,858.586,837.873,PAYLOAD,LARGE,US,2009-02-06,AFWTR,,4614861,278558657,0 NOAA 19,1 33591U 09005A   25019.18116543  .00000338  00000-0  20449-3 0  9997,2 33591  99.0189  82.9757 0014332  46.3357 313.9000 14.13262914822133
3.0,GENERATED VIA SPACE-TRACK.ORG API,2025-01-19 14:56:16+00:00,18 SPCS,NOAA 19,2009-005A,EARTH,TEME,UTC,SGP4,2025-01-19 11:08:40.285824+00:00,14.13263120,0.00143240,99.0188,83.2611,45.5586,314.6755,0,U,33591,999,82217,0.00020683000000,0.00000342,0.0000000000000,7226.364,101.892,858.580,837.878,PAYLOAD,LARGE,US,2009-02-06,AFWTR,,4615232,278567335,0 NOAA 19,1 33591U 09005A   25019.46435516  .00000342  00000-0  20683-3 0  9997,2 33591  99.0188  83.2611 0014324  45.5586 314.6755 14.13263120822170
3.0,GENERATED VIA SPACE-TRACK.ORG API,2025-01-19 18:31:59+00:00,18 SPCS,NOAA 19,2009-005A,EARTH,TEME,UTC,SGP4,2025-01-19 14:32:34.075680+00:00,14.13263392,0.00143190,99.0188,83.4037,45.1686,315.0647,0,U,33591,999,82193,0.00022206000000,0.00000371,0.0000000000000,7226.363,101.892,858.575,837.880,PAYLOAD,LARGE,US,2009-02-06,AFWTR,,4615456,278584611,0 NOAA 19,1 33591U 09005A   25019.60594995  .00000371  00000-0  22206-3 0  9995,2 33591  99.0188  83.4037 0014319  45.1686 315.0647 14.13263392821934
3.0,GENERATED VIA SPACE-TRACK.ORG API,2025-01-19 22:56:16+00:00,18 SPCS,NOAA 19,2009-005A,EARTH,TEME,UTC,SGP4,2025-01-19 21:20:21.658848+00:00,14.13263702,0.00143150,99.0188,83.6891,44.3836,315.8480,0,U,33591,999,82223,0.00023248000000,0.00000391,0.0000000000000,7226.362,101.892,858.571,837.882,PAYLOAD,LARGE,US,2009-02-06,AFWTR,,4615663,278608527,0 NOAA 19,1 33591U 09005A   25019.88913957  .00000391  00000-0  23248-3 0  9997,2 33591  99.0188  83.6891 0014315  44.3836 315.8480 14.13263702822230
3.0,GENERATED VIA SPACE-TRACK.ORG API,2025-01-20 06:56:17+00:00,18 SPCS,NOAA 19,2009-005A,EARTH,TEME,UTC,SGP4,2025-01-20 04:08:09.235104+00:00,14.13263973,0.00143030,99.0187,83.9745,43.5990,316.6309,0,U,33591,999,82227,0.00023710000000,0.00000399,0.0000000000000,7226.361,101.892,858.562,837.890,PAYLOAD,LARGE,US,2009-02-06,AFWTR,,4615968,278645228,0 NOAA 19,1 33591U 09005A   25020.17232911  .00000399  00000-0  23710-3 0  9997,2 33591  99.0187  83.9745 0014303  43.5990 316.6309 14.13263973822272
3.0,GENERATED VIA SPACE-TRACK.ORG API,2025-01-20 14:56:19+00:00,18 SPCS,NOAA 19,2009-005A,EARTH,TEME,UTC,SGP4,2025-01-20 10:55:56.806176+00:00,14.13264268,0.00142920,99.0187,84.2599,42.8290,317.3992,0,U,33591,999,82231,0.00024490000000,0.00000414,0.0000000000000,7226.360,101.892,858.553,837.897,PAYLOAD,LARGE,US,2009-02-06,AFWTR,,4616316,278653439,0 NOAA 19,1 33591U 09005A   25020.45551859  .00000414  00000-0  24490-3 0  9997,2 33591  99.0187  84.2599 0014292  42.8290 317.3992 14.13264268822314
3.0,GENERATED VIA SPACE-TRACK.ORG API,2025-01-20 18:44:49+00:00,18 SPCS,NOAA 19,2009-005A,EARTH,TEME,UTC,SGP4,2025-01-20 14:19:50.596032+00:00,14.13264196,0.00142860,99.0187,84.4026,42.4445,317.7828,0,U,33591,999,82207,0.00022587000000,0.00000378,0.0000000000000,7226.360,101.892,858.549,837.902,PAYLOAD,LARGE,US,2009-02-06,AFWTR,,4616438,278666923,0 NOAA 19,1 33591U 09005A   25020.59711338  .00000378  00000-0  22587-3 0  9996,2 33591  99.0187  84.4026 0014286  42.4445 317.7828 14.13264196822077
3.0,GENERATED VIA SPACE-TRACK.ORG API,2025-01-20 22:46:16+00:00,18 SPCS,NOAA 19,2009-005A,EARTH,TEME,UTC,SGP4,2025-01-20 19:25:41.269152+00:00,14.13264400,0.00142810,99.0187,84.6166,41.8561,318.3700,0,U,33591,999,82236,0.00023090000000,0.00000388,0.0000000000000,7226.359,101.892,858.544,837.905,PAYLOAD,LARGE,US,2009-02-06,AFWTR,,4616603,278690952,0 NOAA 19,1 33591U 09005A   25020.80950543  .00000388  00000-0  23090-3 0  9994,2 33591  99.0187  84.6166 0014281  41.8561 318.3700 14.13264400822367
3.0,GENERATED VIA SPACE-TRACK.ORG API,2025-01-21 02:12:35+00:00,18 SPCS,NOAA 19,2009-005A,EARTH,TEME,UTC,SGP4,2025-01-20 21:07:38.159328+00:00,14.13264692,0.00142800,99.0186,84.6879,41.7061,318.5197,0,U,33591,999,82211,0.00025270000000,0.00000429,0.0000000000000,7226.358,101.892,858.543,837.904,PAYLOAD,LARGE,US,2009-02-06,AFWTR,,4616743,278703532,0 NOAA 19,1 33591U 09005A   25020.88030277  .00000429  00000-0  25270-3 0  9993,2 33591  99.0186  84.6879 0014280  41.7061 318.5197 14.13264692822118
3.0,GENERATED VIA SPACE-TRACK.ORG API,2025-01-21 06:56:17+00:00,18 SPCS,NOAA 19,2009-005A,EARTH,TEME,UTC,SGP4,2025-01-21 03:55:25.719168+00:00,14.13264918,0.00142710,99.0186,84.9732,40.9333,319.2908,0,U,33591,999,82241,0.00024660000000,0.00000417,0.0000000000000,7226.358,101.892,858.535,837.910,PAYLOAD,LARGE,US,2009-02-06,AFWTR,,4616954,278727975,0 NOAA 19,1 33591U 09005A   25021.16349212  .00000417  00000-0  24660-3 0  9996,2 33591  99.0186  84.9732 0014271  40.9333 319.2908 14.13264918822414
3.0,GENERATED VIA SPACE-TRACK.ORG API,2025-01-21 14:56:17+00:00,18 SPCS,NOAA 19,2009-005A,EARTH,TEME,UTC,SGP4,2025-01-21 10:43:13.280736+00:00,14.13265033,0.00142590,99.0185,85.2586,40.1684,320.0539,0,U,33591,999,82245,0.00023595000000,0.00000397,0.0000000000000,7226.357,101.892,858.526,837.918,PAYLOAD,LARGE,US,2009-02-06,AFWTR,,4617267,278736677,0 NOAA 19,1 33591U 09005A   25021.44668149  .00000397  00000-0  23595-3 0  9993,2 33591  99.0185  85.2586 0014259  40.1684 320.0539 14.13265033822454
3.0,GENERATED VIA SPACE-TRACK.ORG API,2025-01-21 17:35:04+00:00,18 SPCS,NOAA 19,2009-005A,EARTH,TEME,UTC,SGP4,2025-01-21 14:07:07.061952+00:00,14.13265080,0.00142530,99.0185,85.4013,39.7995,320.4220,0,U,33591,999,82221,0.00022834000000,0.00000383,0.0000000000000,7226.357,101.892,858.522,837.922,PAYLOAD,LARGE,US,2009-02-06,AFWTR,,4617403,278750333,0 NOAA 19,1 33591U 09005A   25021.58827618  .00000383  00000-0  22834-3 0  9996,2 33591  99.0185  85.4013 0014253  39.7995 320.4220 14.13265080822211
3.0,GENERATED VIA SPACE-TRACK.ORG API,2025-01-21 22:46:17+00:00,18 SPCS,NOAA 19,2009-005A,EARTH,TEME,UTC,SGP4,2025-01-21 19:12:57.732480+00:00,14.13265133,0.00142460,99.0185,85.6153,39.2375,320.9827,0,U,33591,999,82250,0.00021513000000,0.00000358,0.0000000000000,7226.357,101.892,858.517,837.927,PAYLOAD,LARGE,US,2009-02-06,AFWTR,,4617591,278773161,0 NOAA 19,1 33591U 09005A   25021.80066820  .00000358  00000-0  21513-3 0  9996,2 33591  99.0185  85.6153 0014246  39.2375 320.9827 14.13265133822506
3.0,GENERATED VIA SPACE-TRACK.ORG API,2025-01-22 02:14:01+00:00,18 SPCS,NOAA 19,2009-005A,EARTH,TEME,UTC,SGP4,2025-01-21 22:36:51.504192+00:00,14.13265301,0.00142390,99.0184,85.7579,38.8425,321.3767,0,U,33591,999,82226,0.00021916000000,0.00000366,0.0000000000000,7226.356,101.892,858.511,837.932,PAYLOAD,LARGE,US,2009-02-06,AFWTR,,4617768,278787420,0 NOAA 19,1 33591U 09005A   25021.94226278  .00000366  00000-0  21916-3 0  9992,2 33591  99.0184  85.7579 0014239  38.8425 321.3767 14.13265301822269
3.0,GENERATED VIA SPACE-TRACK.ORG API,2025-01-22 06:46:17+00:00,18 SPCS,NOAA 19,2009-005A,EARTH,TEME,UTC,SGP4,2025-01-22 03:42:42.162624+00:00,14.13265492,0.00142320,99.0184,85.9719,38.2269,321.9910,0,U,33591,999,82255,0.00021768000000,0.00000363,0.0000000000000,7226.356,101.892,858.505,837.936,PAYLOAD,LARGE,US,2009-02-06,AFWTR,,4617904,278809445,0 NOAA 19,1 33591U 09005A   25022.15465466  .00000363  00000-0  21768-3 0  9992,2 33591  99.0184  85.9719 0014232  38.2269 321.9910 14.13265492822559
3.0,GENERATED VIA SPACE-TRACK.ORG API,2025-01-22 07:56:33+00:00,18 SPCS,NOAA 19,2009-005A,EARTH,TEME,UTC,SGP4,2025-01-22 05:24:39.044160+00:00,14.13265658,0.00142270,99.0184,86.0433,38.0135,322.2038,0,U,33591,999,82256,0.00022773000000,0.00000382,0.0000000000000,7226.355,101.892,858.501,837.939,PAYLOAD,LARGE,US,2009-02-06,AFWTR,,4618060,278814354,0 NOAA 19,1 33591U 09005A   25022.22545190  .00000382  00000-0  22773-3 0  9991,2 33591  99.0184  86.0433 0014227  38.0135 322.2038 14.13265658822568
3.0,GENERATED VIA SPACE-TRACK.ORG API,2025-01-22 14:46:19+00:00,18 SPCS,NOAA 19,2009-005A,EARTH,TEME,UTC,SGP4,2025-01-22 10:30:29.697408+00:00,14.13265873,0.00142190,99.0184,86.2573,37.4630,322.7530,0,U,33591,999,82259,0.00023130000000,0.00000388,0.0000000000000,7226.354,101.892,858.495,837.944,PAYLOAD,LARGE,US,2009-02-06,AFWTR,,4618320,278819287,0 NOAA 19,1 33591U 09005A   25022.43784372  .00000388  00000-0  23130-3 0  9995,2 33591  99.0184  86.2573 0014219  37.4630 322.7530 14.13265873822593
3.0,GENERATED VIA SPACE-TRACK.ORG API,2025-01-22 17:12:52+00:00,18 SPCS,NOAA 19,2009-005A,EARTH,TEME,UTC,SGP4,2025-01-22 10:30:29.697408+00:00,14.13265873,0.00142190,99.0184,86.2573,37.4630,322.7530,0,U,33591,999,82233,0.00023130000000,0.00000388,0.0000000000000,7226.354,101.892,858.495,837.944,PAYLOAD,LARGE,US,2009-02-06,AFWTR,,4618407,278833345,0 NOAA 19,1 33591U 09005A   25022.43784372  .00000388  00000-0  23130-3 0  9995,2 33591  99.0184  86.2573 0014219  37.4630 322.7530 14.13265873822335
3.0,GENERATED VIA SPACE-TRACK.ORG API,2025-01-23 06:56:17+00:00,18 SPCS,NOAA 19,2009-005A,EARTH,TEME,UTC,SGP4,2025-01-23 03:29:58.535232+00:00,14.13266334,0.00141840,99.0183,86.9707,35.5055,324.7058,0,U,33591,999,82269,0.00021554000000,0.00000359,0.0000000000000,7226.353,101.892,858.468,837.968,PAYLOAD,LARGE,US,2009-02-06,AFWTR,,4618653,278886659,0 NOAA 19,1 33591U 09005A   25023.14581638  .00000359  00000-0  21554-3 0  9990,2 33591  99.0183  86.9707 0014184  35.5055 324.7058 14.13266334822690
3.0,GENERATED VIA SPACE-TRACK.ORG API,2025-01-23 15:06:33+00:00,18 SPCS,NOAA 19,2009-005A,EARTH,TEME,UTC,SGP4,2025-01-23 11:59:42.945504+00:00,14.13266787,0.00141650,99.0182,87.3273,34.5393,325.6696,0,U,33591,999,82274,0.00023131000000,0.00000388,0.0000000000000,7226.351,101.892,858.452,837.980,PAYLOAD,LARGE,US,2009-02-06,AFWTR,,4618987,278894348,0 NOAA 19,1 33591U 09005A   25023.49980261  .00000388  00000-0  23131-3 0  9998,2 33591  99.0182  87.3273 0014165  34.5393 325.6696 14.13266787822741
3.0,GENERATED VIA SPACE-TRACK.ORG API,2025-01-23 20:00:36+00:00,18 SPCS,NOAA 19,2009-005A,EARTH,TEME,UTC,SGP4,2025-01-23 13:41:39.825312+00:00,14.13266868,0.00141620,99.0182,87.3987,34.3411,325.8673,0,U,33591,999,82249,0.00023257000000,0.00000391,0.0000000000000,7226.351,101.892,858.450,837.982,PAYLOAD,LARGE,US,2009-02-06,AFWTR,,4619138,278908683,0 NOAA 19,1 33591U 09005A   25023.57059983  .00000391  00000-0  23257-3 0  9998,2 33591  99.0182  87.3987 0014162  34.3411 325.8673 14.13266868822498
3.0,GENERATED VIA SPACE-TRACK.ORG API,2025-01-23 22:56:17+00:00,18 SPCS,NOAA 19,2009-005A,EARTH,TEME,UTC,SGP4,2025-01-23 18:47:30.464736+00:00,14.13267063,0.00141540,99.0182,87.6127,33.7555,326.4515,0,U,33591,999,82278,0.00023548000000,0.00000396,0.0000000000000,7226.350,101.892,858.444,837.987,PAYLOAD,LARGE,US,2009-02-06,AFWTR,,4619386,278932476,0 NOAA 19,1 33591U 09005A   25023.78299149  .00000396  00000-0  23548-3 0  9999,2 33591  99.0182  87.6127 0014154  33.7555 326.4515 14.13267063822782
3.0,GENERATED VIA SPACE-TRACK.ORG API,2025-01-24 04:23:34+00:00,18 SPCS,NOAA 19,2009-005A,EARTH,TEME,UTC,SGP4,2025-01-23 22:11:24.211392+00:00,14.13267234,0.00141470,99.0181,87.7553,33.3681,326.8379,0,U,33591,999,82254,0.00023384000000,0.00000393,0.0000000000000,7226.350,101.892,858.438,837.992,PAYLOAD,LARGE,US,2009-02-06,AFWTR,,4619469,278945500,0 NOAA 19,1 33591U 09005A   25023.92458578  .00000393  00000-0  23384-3 0  9993,2 33591  99.0181  87.7553 0014147  33.3681 326.8379 14.13267234822549
3.0,GENERATED VIA SPACE-TRACK.ORG API,2025-01-24 06:56:16+00:00,18 SPCS,NOAA 19,2009-005A,EARTH,TEME,UTC,SGP4,2025-01-24 03:17:14.843040+00:00,14.13267470,0.00141370,99.0181,87.9693,32.7659,327.4387,0,U,33591,999,82283,0.00023694000000,0.00000399,0.0000000000000,7226.349,101.892,858.430,837.998,PAYLOAD,LARGE,US,2009-02-06,AFWTR,,4619659,278969634,0 NOAA 19,1 33591U 09005A   25024.13697735  .00000399  00000-0  23694-3 0  9997,2 33591  99.0181  87.9693 0014137  32.7659 327.4387 14.13267470822833
3.0,GENERATED VIA SPACE-TRACK.ORG API,2025-01-24 15:06:18+00:00,18 SPCS,NOAA 19,2009-005A,EARTH,TEME,UTC,SGP4,2025-01-24 10:05:02.351040+00:00,14.13268053,0.00141240,99.0181,88.2546,31.9823,328.2203,0,U,33591,999,82287,0.00026845000000,0.00000458,0.0000000000000,7226.347,101.891,858.419,838.006,PAYLOAD,LARGE,US,2009-02-06,AFWTR,,4619997,278977006,0 NOAA 19,1 33591U 09005A   25024.42016610  .00000458  00000-0  26845-3 0  9993,2 33591  99.0181  88.2546 0014124  31.9823 328.2203 14.13268053822872
3.0,GENERATED VIA SPACE-TRACK.ORG API,2025-01-24 17:46:49+00:00,18 SPCS,NOAA 19,2009-005A,EARTH,TEME,UTC,SGP4,2025-01-24 13:28:56.100288+00:00,14.13268197,0.00141190,99.0180,88.3973,31.6053,328.5964,0,U,33591,999,82263,0.00027048000000,0.00000462,0.0000000000000,7226.347,101.891,858.414,838.009,PAYLOAD,LARGE,US,2009-02-06,AFWTR,,4620053,278989554,0 NOAA 19,1 33591U 09005A   25024.56176042  .00000462  00000-0  27048-3 0  9995,2 33591  99.0180  88.3973 0014119  31.6053 328.5964 14.13268197822632
3.0,GENERATED VIA SPACE-TRACK.ORG API,2025-01-24 22:56:27+00:00,18 SPCS,NOAA 19,2009-005A,EARTH,TEME,UTC,SGP4,2025-01-24 18:34:46.725888+00:00,14.13268355,0.00141090,99.0180,88.6113,31.0080,329.1922,0,U,33591,999,82292,0.00026462000000,0.00000451,0.0000000000000,7226.346,101.891,858.407,838.015,PAYLOAD,LARGE,US,2009-02-06,AFWTR,,4620343,279013607,0 NOAA 19,1 33591U 09005A   25024.77415192  .00000451  00000-0  26462-3 0  9997,2 33591  99.0180  88.6113 0014109  31.0080 329.1922 14.13268355822923
3.0,GENERATED VIA SPACE-TRACK.ORG API,2025-01-25 04:28:07+00:00,18 SPCS,NOAA 19,2009-005A,EARTH,TEME,UTC,SGP4,2025-01-24 20:16:43.602240+00:00,14.13268098,0.00141050,99.0180,88.6826,30.8618,329.3380,0,U,33591,999,82267,0.00023341000000,0.00000392,0.0000000000000,7226.347,101.891,858.405,838.019,PAYLOAD,LARGE,US,2009-02-06,AFWTR,,4620436,279027510,0 NOAA 19,1 33591U 09005A   25024.84494910  .00000392  00000-0  23341-3 0  9997,2 33591  99.0180  88.6826 0014105  30.8618 329.3380 14.13268098822670
3.0,GENERATED VIA SPACE-TRACK.ORG API,2025-01-25 17:51:01+00:00,18 SPCS,NOAA 19,2009-005A,EARTH,TEME,UTC,SGP4,2025-01-25 13:16:12.334656+00:00,14.13268912,0.00140710,99.0178,89.3960,28.9408,331.2542,0,U,33591,999,82277,0.00024665000000,0.00000417,0.0000000000000,7226.344,101.891,858.377,838.041,PAYLOAD,LARGE,US,2009-02-06,AFWTR,,4620440,279056526,0 NOAA 19,1 33591U 09005A   25025.55292054  .00000417  00000-0  24665-3 0  9999,2 33591  99.0178  89.3960 0014071  28.9408 331.2542 14.13268912822779
3.0,GENERATED VIA SPACE-TRACK.ORG API,2025-01-25 19:06:24+00:00,18 SPCS,NOAA 19,2009-005A,EARTH,TEME,UTC,SGP4,2025-01-25 03:04:31.099008+00:00,14.13268354,0.00140910,99.0179,88.9680,30.0807,330.1171,0,U,33591,999,82297,0.00023101000000,0.00000388,0.0000000000000,7226.346,101.891,858.394,838.028,PAYLOAD,LARGE,US,2009-02-06,AFWTR,,4620647,279081491,0 NOAA 19,1 33591U 09005A   25025.12813772  .00000388  00000-0  23101-3 0  9999,2 33591  99.0179  88.9680 0014091  30.0807 330.1171 14.13268354822971
3.0,GENERATED VIA SPACE-TRACK.ORG API,2025-01-25 19:06:24+00:00,18 SPCS,NOAA 19,2009-005A,EARTH,TEME,UTC,SGP4,2025-01-25 11:34:15.461760+00:00,14.13268924,0.00140740,99.0178,89.3246,29.1329,331.0625,0,U,33591,999,82302,0.00025449000000,0.00000432,0.0000000000000,7226.344,101.891,858.379,838.039,PAYLOAD,LARGE,US,2009-02-06,AFWTR,,4620864,279089414,0 NOAA 19,1 33591U 09005A   25025.48212340  .00000432  00000-0  25449-3 0  9999,2 33591  99.0178  89.3246 0014074  29.1329 331.0625 14.13268924823026
3.0,GENERATED VIA SPACE-TRACK.ORG API,2025-01-25 22:46:17+00:00,18 SPCS,NOAA 19,2009-005A,EARTH,TEME,UTC,SGP4,2025-01-25 18:22:02.949888+00:00,14.13269090,0.00140640,99.0178,89.6100,28.3644,331.8290,0,U,33591,999,82306,0.00024480000000,0.00000414,0.0000000000000,7226.343,101.891,858.372,838.045,PAYLOAD,LARGE,US,2009-02-06,AFWTR,,4621271,279095773,0 NOAA 19,1 33591U 09005A   25025.76531192  .00000414  00000-0  24480-3 0  9993,2 33591  99.0178  89.6100 0014064  28.3644 331.8290 14.13269090823063
3.0,GENERATED VIA SPACE-TRACK.ORG API,2025-01-26 04:14:40+00:00,18 SPCS,NOAA 19,2009-005A,EARTH,TEME,UTC,SGP4,2025-01-25 21:45:56.694816+00:00,14.13268973,0.00140590,99.0177,89.7526,27.9743,332.2181,0,U,33591,999,82282,0.00022410000000,0.00000375,0.0000000000000,7226.344,101.891,858.368,838.049,PAYLOAD,LARGE,US,2009-02-06,AFWTR,,4621357,279108801,0 NOAA 19,1 33591U 09005A   25025.90690619  .00000375  00000-0  22410-3 0  9996,2 33591  99.0177  89.7526 0014059  27.9743 332.2181 14.13268973822820
3.0,GENERATED VIA SPACE-TRACK.ORG API,2025-01-26 07:06:35+00:00,18 SPCS,NOAA 19,2009-005A,EARTH,TEME,UTC,SGP4,2025-01-26 02:51:47.304000+00:00,14.13269171,0.00140470,99.0177,89.9666,27.3849,332.8061,0,U,33591,999,82311,0.00022339000000,0.00000374,0.0000000000000,7226.343,101.891,858.359,838.057,PAYLOAD,LARGE,US,2009-02-06,AFWTR,,4621574,279133506,0 NOAA 19,1 33591U 09005A   25026.11929750  .00000374  00000-0  22339-3 0  9990,2 33591  99.0177  89.9666 0014047  27.3849 332.8061 14.13269171823112
3.0,GENERATED VIA SPACE-TRACK.ORG API,2025-01-26 14:56:17+00:00,18 SPCS,NOAA 19,2009-005A,EARTH,TEME,UTC,SGP4,2025-01-26 11:21:31.650336+00:00,14.13269611,0.00140300,99.0176,90.3233,26.4352,333.7533,0,U,33591,999,82316,0.00023508000000,0.00000395,0.0000000000000,7226.342,101.891,858.345,838.068,PAYLOAD,LARGE,US,2009-02-06,AFWTR,,4621934,279142142,0 NOAA 19,1 33591U 09005A   25026.47328299  .00000395  00000-0  23508-3 0  9992,2 33591  99.0176  90.3233 0014030  26.4352 333.7533 14.13269611823166
3.0,GENERATED VIA SPACE-TRACK.ORG API,2025-01-26 17:18:53+00:00,18 SPCS,NOAA 19,2009-005A,EARTH,TEME,UTC,SGP4,2025-01-26 14:45:25.386624+00:00,14.13269616,0.00140240,99.0176,90.4659,26.0549,334.1326,0,U,33591,999,82292,0.00022199000000,0.00000371,0.0000000000000,7226.342,101.891,858.341,838.072,PAYLOAD,LARGE,US,2009-02-06,AFWTR,,4622044,279155288,0 NOAA 19,1 33591U 09005A   25026.61487716  .00000371  00000-0  22199-3 0  9997,2 33591  99.0176  90.4659 0014024  26.0549 334.1326 14.13269616822929
3.0,GENERATED VIA SPACE-TRACK.ORG API,2025-01-26 22:46:17+00:00,18 SPCS,NOAA 19,2009-005A,EARTH,TEME,UTC,SGP4,2025-01-26 18:09:19.122912+00:00,14.13269728,0.00140190,99.0175,90.6086,25.6679,334.5186,0,U,33591,999,82320,0.00022370000000,0.00000374,0.0000000000000,7226.341,101.891,858.337,838.076,PAYLOAD,LARGE,US,2009-02-06,AFWTR,,4622182,279178383,0 NOAA 19,1 33591U 09005A   25026.75647133  .00000374  00000-0  22370-3 0  9997,2 33591  99.0175  90.6086 0014019  25.6679 334.5186 14.13269728823201
3.0,GENERATED VIA SPACE-TRACK.ORG API,2025-01-27 04:20:40+00:00,18 SPCS,NOAA 19,2009-005A,EARTH,TEME,UTC,SGP4,2025-01-26 21:33:12.857472+00:00,14.13269751,0.00140120,99.0175,90.7512,25.2739,334.9116,0,U,33591,999,82296,0.00021338000000,0.00000355,0.0000000000000,7226.341,101.891,858.332,838.081,PAYLOAD,LARGE,US,2009-02-06,AFWTR,,4622311,279190976,0 NOAA 19,1 33591U 09005A   25026.89806548  .00000355  00000-0  21338-3 0  9991,2 33591  99.0175  90.7512 0014012  25.2739 334.9116 14.13269751822967
3.0,GENERATED VIA SPACE-TRACK.ORG API,2025-01-27 06:56:32+00:00,18 SPCS,NOAA 19,2009-005A,EARTH,TEME,UTC,SGP4,2025-01-27 04:21:00.323136+00:00,14.13269986,0.00139980,99.0174,91.0366,24.4913,335.6921,0,U,33591,999,82326,0.00021226000000,0.00000353,0.0000000000000,7226.340,101.891,858.321,838.090,PAYLOAD,LARGE,US,2009-02-06,AFWTR,,4622532,279215464,0 NOAA 19,1 33591U 09005A   25027.18125374  .00000353  00000-0  21226-3 0  9999,2 33591  99.0174  91.0366 0013998  24.4913 335.6921 14.13269986823260
3.0,GENERATED VIA SPACE-TRACK.ORG API,2025-01-27 14:46:17+00:00,18 SPCS,NOAA 19,2009-005A,EARTH,TEME,UTC,SGP4,2025-01-27 11:08:47.789664+00:00,14.13270320,0.00139880,99.0174,91.3219,23.7282,336.4532,0,U,33591,999,82330,0.00022877000000,0.00000384,0.0000000000000,7226.339,101.891,858.312,838.096,PAYLOAD,LARGE,US,2009-02-06,AFWTR,,4622822,279222317,0 NOAA 19,1 33591U 09005A   25027.46444201  .00000384  00000-0  22877-3 0  9990,2 33591  99.0174  91.3219 0013988  23.7282 336.4532 14.13270320823306
3.0,GENERATED VIA SPACE-TRACK.ORG API,2025-01-27 17:35:57+00:00,18 SPCS,NOAA 19,2009-005A,EARTH,TEME,UTC,SGP4,2025-01-27 11:08:47.789664+00:00,14.13270320,0.00139880,99.0174,91.3219,23.7282,336.4532,0,U,33591,999,82304,0.00022877000000,0.00000384,0.0000000000000,7226.339,101.891,858.312,838.096,PAYLOAD,LARGE,US,2009-02-06,AFWTR,,4622945,279235692,0 NOAA 19,1 33591U 09005A   25027.46444201  .00000384  00000-0  22877-3 0  9990,2 33591  99.0174  91.3219 0013988  23.7282 336.4532 14.13270320823047
3.0,GENERATED VIA SPACE-TRACK.ORG API,2025-01-27 23:56:17+00:00,18 SPCS,NOAA 19,2009-005A,EARTH,TEME,UTC,SGP4,2025-01-27 19:38:32.103168+00:00,14.13270613,0.00139760,99.0173,91.6786,22.7365,337.4423,0,U,33591,999,82335,0.00023070000000,0.00000387,0.0000000000000,7226.338,101.891,858.303,838.104,PAYLOAD,LARGE,US,2009-02-06,AFWTR,,4623423,279265892,0 NOAA 19,1 33591U 09005A   25027.81842712  .00000387  00000-0  23070-3 0  9997,2 33591  99.0173  91.6786 0013976  22.7365 337.4423 14.13270613823355
3.0,GENERATED VIA SPACE-TRACK.ORG API,2025-01-28 02:49:03+00:00,18 SPCS,NOAA 19,2009-005A,EARTH,TEME,UTC,SGP4,2025-01-27 21:20:28.963104+00:00,14.13270697,0.00139720,99.0173,91.7499,22.5257,337.6525,0,U,33591,999,82310,0.00023338000000,0.00000392,0.0000000000000,7226.338,101.891,858.300,838.106,PAYLOAD,LARGE,US,2009-02-06,AFWTR,,4623601,279281809,0 NOAA 19,1 33591U 09005A   25027.88922411  .00000392  00000-0  23338-3 0  9992,2 33591  99.0173  91.7499 0013972  22.5257 337.6525 14.13270697823101
3.0,GENERATED VIA SPACE-TRACK.ORG API,2025-01-28 14:26:19+00:00,18 SPCS,NOAA 19,2009-005A,EARTH,TEME,UTC,SGP4,2025-01-28 05:50:13.271424+00:00,14.13271004,0.00139530,99.0172,92.1066,21.5269,338.6486,0,U,33591,999,82341,0.00023182000000,0.00000389,0.0000000000000,7226.337,101.891,858.285,838.119,PAYLOAD,LARGE,US,2009-02-06,AFWTR,,4624086,279312696,0 NOAA 19,1 33591U 09005A   25028.24320916  .00000389  00000-0  23182-3 0  9998,2 33591  99.0172  92.1066 0013953  21.5269 338.6486 14.13271004823410
3.0,GENERATED VIA SPACE-TRACK.ORG API,2025-01-28 14:56:17+00:00,18 SPCS,NOAA 19,2009-005A,EARTH,TEME,UTC,SGP4,2025-01-28 10:56:03.859008+00:00,14.13271143,0.00139490,99.0171,92.3206,20.9487,339.2254,0,U,33591,999,82344,0.00022908000000,0.00000384,0.0000000000000,7226.336,101.891,858.282,838.121,PAYLOAD,LARGE,US,2009-02-06,AFWTR,,4624245,279315969,0 NOAA 19,1 33591U 09005A   25028.45560022  .00000384  00000-0  22908-3 0  9995,2 33591  99.0171  92.3206 0013949  20.9487 339.2254 14.13271143823444
3.0,GENERATED VIA SPACE-TRACK.ORG API,2025-01-28 21:47:04+00:00,18 SPCS,NOAA 19,2009-005A,EARTH,TEME,UTC,SGP4,2025-01-28 14:19:57.581472+00:00,14.13271228,0.00139410,99.0171,92.4632,20.5445,339.6284,0,U,33591,999,82320,0.00022631000000,0.00000379,0.0000000000000,7226.336,101.891,858.275,838.127,PAYLOAD,LARGE,US,2009-02-06,AFWTR,,4624325,279327262,0 NOAA 19,1 33591U 09005A   25028.59719423  .00000379  00000-0  22631-3 0  9998,2 33591  99.0171  92.4632 0013941  20.5445 339.6284 14.13271228823205
3.0,GENERATED VIA SPACE-TRACK.ORG API,2025-01-28 22:46:31+00:00,18 SPCS,NOAA 19,2009-005A,EARTH,TEME,UTC,SGP4,2025-01-28 19:25:48.160416+00:00,14.13271427,0.00139370,99.0171,92.6772,19.9537,340.2177,0,U,33591,999,82349,0.00023041000000,0.00000387,0.0000000000000,7226.336,101.891,858.272,838.129,PAYLOAD,LARGE,US,2009-02-06,AFWTR,,4624475,279350315,0 NOAA 19,1 33591U 09005A   25028.80958519  .00000387  00000-0  23041-3 0  9998,2 33591  99.0171  92.6772 0013937  19.9537 340.2177 14.13271427823492
3.0,GENERATED VIA SPACE-TRACK.ORG API,2025-01-29 02:06:45+00:00,18 SPCS,NOAA 19,2009-005A,EARTH,TEME,UTC,SGP4,2025-01-28 19:25:48.160416+00:00,14.13271427,0.00139370,99.0171,92.6772,19.9537,340.2177,0,U,33591,999,82323,0.00023041000000,0.00000387,0.0000000000000,7226.336,101.891,858.272,838.129,PAYLOAD,LARGE,US,2009-02-06,AFWTR,,4624558,279362425,0 NOAA 19,1 33591U 09005A   25028.80958519  .00000387  00000-0  23041-3 0  9998,2 33591  99.0171  92.6772 0013937  19.9537 340.2177 14.13271427823234
3.0,GENERATED VIA SPACE-TRACK.ORG API,2025-01-29 06:56:17+00:00,18 SPCS,NOAA 19,2009-005A,EARTH,TEME,UTC,SGP4,2025-01-29 03:55:32.439360+00:00,14.13271889,0.00139190,99.0170,93.0339,18.9524,341.2163,0,U,33591,999,82354,0.00023831000000,0.00000402,0.0000000000000,7226.334,101.891,858.257,838.141,PAYLOAD,LARGE,US,2009-02-06,AFWTR,,4624781,279386970,0 NOAA 19,1 33591U 09005A   25029.16356990  .00000402  00000-0  23831-3 0  9998,2 33591  99.0170  93.0339 0013919  18.9524 341.2163 14.13271889823544
3.0,GENERATED VIA SPACE-TRACK.ORG API,2025-01-29 15:06:18+00:00,18 SPCS,NOAA 19,2009-005A,EARTH,TEME,UTC,SGP4,2025-01-29 12:25:16.729536+00:00,14.13271940,0.00139030,99.0169,93.3905,17.9953,342.1708,0,U,33591,999,82359,0.00021266000000,0.00000353,0.0000000000000,7226.334,101.891,858.246,838.152,PAYLOAD,LARGE,US,2009-02-06,AFWTR,,4625181,279396934,0 NOAA 19,1 33591U 09005A   25029.51755474  .00000353  00000-0  21266-3 0  9992,2 33591  99.0169  93.3905 0013903  17.9953 342.1708 14.13271940823590
3.0,GENERATED VIA SPACE-TRACK.ORG API,2025-01-29 19:56:19+00:00,18 SPCS,NOAA 19,2009-005A,EARTH,TEME,UTC,SGP4,2025-01-29 14:07:13.586016+00:00,14.13272002,0.00139000,99.0169,93.4618,17.8044,342.3612,0,U,33591,999,82334,0.00021208000000,0.00000352,0.0000000000000,7226.334,101.891,858.243,838.154,PAYLOAD,LARGE,US,2009-02-06,AFWTR,,4625365,279411812,0 NOAA 19,1 33591U 09005A   25029.58835169  .00000352  00000-0  21208-3 0  9994,2 33591  99.0169  93.4618 0013900  17.8044 342.3612 14.13272002823348
3.0,GENERATED VIA SPACE-TRACK.ORG API,2025-01-29 22:46:25+00:00,18 SPCS,NOAA 19,2009-005A,EARTH,TEME,UTC,SGP4,2025-01-29 19:13:04.155456+00:00,14.13272150,0.00138930,99.0169,93.6758,17.2017,342.9623,0,U,33591,999,82363,0.00021154000000,0.00000351,0.0000000000000,7226.333,101.891,858.238,838.159,PAYLOAD,LARGE,US,2009-02-06,AFWTR,,4625491,279433464,0 NOAA 19,1 33591U 09005A   25029.80074254  .00000351  00000-0  21154-3 0  9998,2 33591  99.0169  93.6758 0013893  17.2017 342.9623 14.13272150823634
3.0,GENERATED VIA SPACE-TRACK.ORG API,2025-01-30 05:01:20+00:00,18 SPCS,NOAA 19,2009-005A,EARTH,TEME,UTC,SGP4,2025-01-29 20:55:01.010208+00:00,14.13272220,0.00138880,99.0168,93.7471,17.0317,343.1318,0,U,33591,999,82338,0.00021081000000,0.00000350,0.0000000000000,7226.333,101.891,858.234,838.162,PAYLOAD,LARGE,US,2009-02-06,AFWTR,,4625610,279446232,0 NOAA 19,1 33591U 09005A   25029.87153947  .00000350  00000-0  21081-3 0  9990,2 33591  99.0168  93.7471 0013888  17.0317 343.1318 14.13272220823385
3.0,GENERATED VIA SPACE-TRACK.ORG API,2025-01-30 07:06:34+00:00,18 SPCS,NOAA 19,2009-005A,EARTH,TEME,UTC,SGP4,2025-01-30 03:42:48.426624+00:00,14.13272478,0.00138770,99.0168,94.0324,16.1977,343.9635,0,U,33591,999,82368,0.00021086000000,0.00000350,0.0000000000000,7226.332,101.891,858.225,838.169,PAYLOAD,LARGE,US,2009-02-06,AFWTR,,4625829,279470079,0 NOAA 19,1 33591U 09005A   25030.15472716  .00000350  00000-0  21086-3 0  9996,2 33591  99.0168  94.0324 0013877  16.1977 343.9635 14.13272478823684
3.0,GENERATED VIA SPACE-TRACK.ORG API,2025-01-30 17:44:22+00:00,18 SPCS,NOAA 19,2009-005A,EARTH,TEME,UTC,SGP4,2025-01-30 13:54:29.555136+00:00,14.13272872,0.00138580,99.0167,94.4604,15.0173,345.1408,0,U,33591,999,82348,0.00021142000000,0.00000351,0.0000000000000,7226.331,101.891,858.210,838.181,PAYLOAD,LARGE,US,2009-02-06,AFWTR,,4625944,279483718,0 NOAA 19,1 33591U 09005A   25030.57950874  .00000351  00000-0  21142-3 0  9992,2 33591  99.0167  94.4604 0013858  15.0173 345.1408 14.13272872823481
3.0,GENERATED VIA SPACE-TRACK.ORG API,2025-01-30 23:16:17+00:00,18 SPCS,NOAA 19,2009-005A,EARTH,TEME,UTC,SGP4,2025-01-30 19:00:20.112480+00:00,14.13273044,0.00138500,99.0166,94.6743,14.4172,345.7392,0,U,33591,999,82377,0.00021205000000,0.00000352,0.0000000000000,7226.330,101.891,858.203,838.187,PAYLOAD,LARGE,US,2009-02-06,AFWTR,,4626361,279511342,0 NOAA 19,1 33591U 09005A   25030.79189945  .00000352  00000-0  21205-3 0  9990,2 33591  99.0166  94.6743 0013850  14.4172 345.7392 14.13273044823772
3.0,GENERATED VIA SPACE-TRACK.ORG API,2025-01-31 03:31:55+00:00,18 SPCS,NOAA 19,2009-005A,EARTH,TEME,UTC,SGP4,2025-01-30 19:00:20.112480+00:00,14.13273044,0.00138500,99.0166,94.6743,14.4172,345.7392,0,U,33591,999,82351,0.00021205000000,0.00000352,0.0000000000000,7226.330,101.891,858.203,838.187,PAYLOAD,LARGE,US,2009-02-06,AFWTR,,4626522,279525995,0 NOAA 19,1 33591U 09005A   25030.79189945  .00000352  00000-0  21205-3 0  9990,2 33591  99.0166  94.6743 0013850  14.4172 345.7392 14.13273044823514
3.0,GENERATED VIA SPACE-TRACK.ORG API,2025-01-31 06:46:18+00:00,18 SPCS,NOAA 19,2009-005A,EARTH,TEME,UTC,SGP4,2025-01-31 03:30:04.369824+00:00,14.13273233,0.00138300,99.0166,95.0310,13.4080,346.7456,0,U,33591,999,82382,0.00020138000000,0.00000332,0.0000000000000,7226.329,101.891,858.188,838.200,PAYLOAD,LARGE,US,2009-02-06,AFWTR,,4626652,279548258,0 NOAA 19,1 33591U 09005A   25031.14588391  .00000332  00000-0  20138-3 0  9990,2 33591  99.0166  95.0310 0013830  13.4080 346.7456 14.13273233823820
3.0,GENERATED VIA SPACE-TRACK.ORG API,2025-01-31 15:46:17+00:00,18 SPCS,NOAA 19,2009-005A,EARTH,TEME,UTC,SGP4,2025-01-31 13:41:45.463776+00:00,14.13273752,0.00138040,99.0165,95.4589,12.2074,347.9430,0,U,33591,999,82388,0.00021136000000,0.00000351,0.0000000000000,7226.328,101.891,858.168,838.217,PAYLOAD,LARGE,US,2009-02-06,AFWTR,,4627066,279557789,0 NOAA 19,1 33591U 09005A   25031.57066509  .00000351  00000-0  21136-3 0  9999,2 33591  99.0165  95.4589 0013804  12.2074 347.9430 14.13273752823889
3.0,GENERATED VIA SPACE-TRACK.ORG API,2025-01-31 17:19:09+00:00,18 SPCS,NOAA 19,2009-005A,EARTH,TEME,UTC,SGP4,2025-01-31 13:41:45.463776+00:00,14.13273752,0.00138040,99.0165,95.4589,12.2074,347.9430,0,U,33591,999,82362,0.00021136000000,0.00000351,0.0000000000000,7226.328,101.891,858.168,838.217,PAYLOAD,LARGE,US,2009-02-06,AFWTR,,4627199,279572292,0 NOAA 19,1 33591U 09005A   25031.57066509  .00000351  00000-0  21136-3 0  9999,2 33591  99.0165  95.4589 0013804  12.2074 347.9430 14.13273752823621
3.0,GENERATED VIA SPACE-TRACK.ORG API,2025-01-31 22:46:19+00:00,18 SPCS,NOAA 19,2009-005A,EARTH,TEME,UTC,SGP4,2025-01-31 18:47:36.009024+00:00,14.13273936,0.00137980,99.0165,95.6729,11.5974,348.5513,0,U,33591,999,82391,0.00021232000000,0.00000353,0.0000000000000,7226.327,101.891,858.163,838.221,PAYLOAD,LARGE,US,2009-02-06,AFWTR,,4627382,279624849,0 NOAA 19,1 33591U 09005A   25031.78305566  .00000353  00000-0  21232-3 0  9990,2 33591  99.0165  95.6729 0013798  11.5974 348.5513 14.13273936823917
3.0,GENERATED VIA SPACE-TRACK.ORG API,2025-02-01 03:28:12+00:00,18 SPCS,NOAA 19,2009-005A,EARTH,TEME,UTC,SGP4,2025-01-31 22:11:29.703840+00:00,14.13273978,0.00137860,99.0164,95.8155,11.2061,348.9416,0,U,33591,999,82367,0.00020618000000,0.00000341,0.0000000000000,7226.327,101.891,858.154,838.230,PAYLOAD,LARGE,US,2009-02-06,AFWTR,,4627471,279637846,0 NOAA 19,1 33591U 09005A   25031.92464935  .00000341  00000-0  20618-3 0  9996,2 33591  99.0164  95.8155 0013786  11.2061 348.9416 14.13273978823677
3.0,GENERATED VIA SPACE-TRACK.ORG API,2025-02-01 06:56:18+00:00,18 SPCS,NOAA 19,2009-005A,EARTH,TEME,UTC,SGP4,2025-02-01 03:17:20.245632+00:00,14.13274176,0.00137780,99.0164,96.0295,10.5827,349.5632,0,U,33591,999,82396,0.00020725000000,0.00000343,0.0000000000000,7226.326,101.891,858.148,838.235,PAYLOAD,LARGE,US,2009-02-06,AFWTR,,4627682,279660899,0 NOAA 19,1 33591U 09005A   25032.13703988  .00000343  00000-0  20725-3 0  9995,2 33591  99.0164  96.0295 0013778  10.5827 349.5632 14.13274176823968
3.0,GENERATED VIA SPACE-TRACK.ORG API,2025-02-01 14:56:18+00:00,18 SPCS,NOAA 19,2009-005A,EARTH,TEME,UTC,SGP4,2025-02-01 10:05:07.621440+00:00,14.13274688,0.00137620,99.0164,96.3148,9.7798,350.3639,0,U,33591,999,82400,0.00023029000000,0.00000386,0.0000000000000,7226.324,101.891,858.134,838.245,PAYLOAD,LARGE,US,2009-02-06,AFWTR,,4628015,279669295,0 NOAA 19,1 33591U 09005A   25032.42022710  .00000386  00000-0  23029-3 0  9991,2 33591  99.0164  96.3148 0013762   9.7798 350.3639 14.13274688824009
3.0,GENERATED VIA SPACE-TRACK.ORG API,2025-02-01 17:16:57+00:00,18 SPCS,NOAA 19,2009-005A,EARTH,TEME,UTC,SGP4,2025-02-01 13:29:01.305024+00:00,14.13274829,0.00137530,99.0163,96.4575,9.3927,350.7500,0,U,33591,999,82376,0.00022872000000,0.00000384,0.0000000000000,7226.324,101.891,858.127,838.251,PAYLOAD,LARGE,US,2009-02-06,AFWTR,,4628095,279682206,0 NOAA 19,1 33591U 09005A   25032.56182066  .00000384  00000-0  22872-3 0  9990,2 33591  99.0163  96.4575 0013753   9.3927 350.7500 14.13274829823763
3.0,GENERATED VIA SPACE-TRACK.ORG API,2025-02-01 22:46:17+00:00,18 SPCS,NOAA 19,2009-005A,EARTH,TEME,UTC,SGP4,2025-02-01 18:34:51.834720+00:00,14.13275041,0.00137450,99.0163,96.6714,8.7939,351.3471,0,U,33591,999,82405,0.00023006000000,0.00000386,0.0000000000000,7226.323,101.891,858.121,838.256,PAYLOAD,LARGE,US,2009-02-06,AFWTR,,4628284,279704719,0 NOAA 19,1 33591U 09005A   25032.77421105  .00000386  00000-0  23006-3 0  9995,2 33591  99.0163  96.6714 0013745   8.7939 351.3471 14.13275041824051
3.0,GENERATED VIA SPACE-TRACK.ORG API,2025-02-02 02:17:30+00:00,18 SPCS,NOAA 19,2009-005A,EARTH,TEME,UTC,SGP4,2025-02-01 20:16:48.676512+00:00,14.13275272,0.00137360,99.0163,96.7427,8.6228,351.5178,0,U,33591,999,82380,0.00024655000000,0.00000417,0.0000000000000,7226.322,101.891,858.113,838.261,PAYLOAD,LARGE,US,2009-02-06,AFWTR,,4628366,279717636,0 NOAA 19,1 33591U 09005A   25032.84500783  .00000417  00000-0  24655-3 0  9999,2 33591  99.0163  96.7427 0013736   8.6228 351.5178 14.13275272823807
3.0,GENERATED VIA SPACE-TRACK.ORG API,2025-02-02 06:56:25+00:00,18 SPCS,NOAA 19,2009-005A,EARTH,TEME,UTC,SGP4,2025-02-02 03:04:36.043680+00:00,14.13275571,0.00137220,99.0162,97.0281,7.8196,352.3187,0,U,33591,999,82410,0.00024945000000,0.00000422,0.0000000000000,7226.321,101.891,858.102,838.270,PAYLOAD,LARGE,US,2009-02-06,AFWTR,,4628586,279742214,0 NOAA 19,1 33591U 09005A   25033.12819495  .00000422  00000-0  24945-3 0  9992,2 33591  99.0162  97.0281 0013722   7.8196 352.3187 14.13275571824103
3.0,GENERATED VIA SPACE-TRACK.ORG API,2025-02-02 14:56:20+00:00,18 SPCS,NOAA 19,2009-005A,EARTH,TEME,UTC,SGP4,2025-02-02 11:34:20.256960+00:00,14.13275752,0.00137020,99.0162,97.3846,6.8326,353.3030,0,U,33591,999,82415,0.00023193000000,0.00000390,0.0000000000000,7226.321,101.891,858.087,838.284,PAYLOAD,LARGE,US,2009-02-06,AFWTR,,4628951,279749924,0 NOAA 19,1 33591U 09005A   25033.48217890  .00000390  00000-0  23193-3 0  9990,2 33591  99.0162  97.3846 0013702   6.8326 353.3030 14.13275752824159
3.0,GENERATED VIA SPACE-TRACK.ORG API,2025-02-02 17:26:13+00:00,18 SPCS,NOAA 19,2009-005A,EARTH,TEME,UTC,SGP4,2025-02-02 14:58:13.943136+00:00,14.13275787,0.00136930,99.0161,97.5273,6.4482,353.6863,0,U,33591,999,82391,0.00022344000000,0.00000374,0.0000000000000,7226.321,101.891,858.081,838.291,PAYLOAD,LARGE,US,2009-02-06,AFWTR,,4629041,279763345,0 NOAA 19,1 33591U 09005A   25033.62377249  .00000374  00000-0  22344-3 0  9990,2 33591  99.0161  97.5273 0013693   6.4482 353.6863 14.13275787823910
3.0,GENERATED VIA SPACE-TRACK.ORG API,2025-02-02 22:46:24+00:00,18 SPCS,NOAA 19,2009-005A,EARTH,TEME,UTC,SGP4,2025-02-02 18:22:07.622400+00:00,14.13275910,0.00136880,99.0161,97.6699,6.0639,354.0696,0,U,33591,999,82419,0.00022309000000,0.00000373,0.0000000000000,7226.320,101.891,858.077,838.294,PAYLOAD,LARGE,US,2009-02-06,AFWTR,,4629203,279786349,0 NOAA 19,1 33591U 09005A   25033.76536600  .00000373  00000-0  22309-3 0  9993,2 33591  99.0161  97.6699 0013688   6.0639 354.0696 14.13275910824195
3.0,GENERATED VIA SPACE-TRACK.ORG API,2025-02-03 05:37:41+00:00,18 SPCS,NOAA 19,2009-005A,EARTH,TEME,UTC,SGP4,2025-02-02 21:46:01.299936+00:00,14.13276123,0.00136800,99.0160,97.8125,5.6721,354.4603,0,U,33591,999,82395,0.00023105000000,0.00000388,0.0000000000000,7226.320,101.891,858.070,838.299,PAYLOAD,LARGE,US,2009-02-06,AFWTR,,4629305,279799468,0 NOAA 19,1 33591U 09005A   25033.90695949  .00000388  00000-0  23105-3 0  9992,2 33591  99.0160  97.8125 0013680   5.6721 354.4603 14.13276123823951
3.0,GENERATED VIA SPACE-TRACK.ORG API,2025-02-03 06:56:18+00:00,18 SPCS,NOAA 19,2009-005A,EARTH,TEME,UTC,SGP4,2025-02-03 04:33:48.654144+00:00,14.13276349,0.00136630,99.0160,98.0978,4.8754,355.2549,0,U,33591,999,82425,0.00022608000000,0.00000379,0.0000000000000,7226.319,101.891,858.057,838.310,PAYLOAD,LARGE,US,2009-02-06,AFWTR,,4629511,279823058,0 NOAA 19,1 33591U 09005A   25034.19014646  .00000379  00000-0  22608-3 0  9990,2 33591  99.0160  98.0978 0013663   4.8754 355.2549 14.13276349824250
3.0,GENERATED VIA SPACE-TRACK.ORG API,2025-02-03 14:56:17+00:00,18 SPCS,NOAA 19,2009-005A,EARTH,TEME,UTC,SGP4,2025-02-03 11:21:36.016128+00:00,14.13276482,0.00136430,99.0160,98.3831,4.0971,356.0310,0,U,33591,999,82429,0.00021811000000,0.00000364,0.0000000000000,7226.318,101.891,858.042,838.324,PAYLOAD,LARGE,US,2009-02-06,AFWTR,,4629835,279831614,0 NOAA 19,1 33591U 09005A   25034.47333352  .00000364  00000-0  21811-3 0  9998,2 33591  99.0160  98.3831 0013643   4.0971 356.0310 14.13276482824299
3.0,GENERATED VIA SPACE-TRACK.ORG API,2025-02-03 17:28:00+00:00,18 SPCS,NOAA 19,2009-005A,EARTH,TEME,UTC,SGP4,2025-02-03 14:45:29.691072+00:00,14.13276478,0.00136370,99.0159,98.5257,3.6937,356.4333,0,U,33591,999,82405,0.00020476000000,0.00000339,0.0000000000000,7226.318,101.891,858.038,838.329,PAYLOAD,LARGE,US,2009-02-06,AFWTR,,4629997,279845580,0 NOAA 19,1 33591U 09005A   25034.61492698  .00000339  00000-0  20476-3 0  9991,2 33591  99.0159  98.5257 0013637   3.6937 356.4333 14.13276478824059
3.0,GENERATED VIA SPACE-TRACK.ORG API,2025-02-03 22:46:17+00:00,18 SPCS,NOAA 19,2009-005A,EARTH,TEME,UTC,SGP4,2025-02-03 18:09:23.366016+00:00,14.13276565,0.00136310,99.0159,98.6684,3.3039,356.8220,0,U,33591,999,82433,0.00020229000000,0.00000334,0.0000000000000,7226.318,101.891,858.033,838.333,PAYLOAD,LARGE,US,2009-02-06,AFWTR,,4630164,279867747,0 NOAA 19,1 33591U 09005A   25034.75652044  .00000334  00000-0  20229-3 0  9990,2 33591  99.0159  98.6684 0013631   3.3039 356.8220 14.13276565824335
3.0,GENERATED VIA SPACE-TRACK.ORG API,2025-02-04 02:47:05+00:00,18 SPCS,NOAA 19,2009-005A,EARTH,TEME,UTC,SGP4,2025-02-03 21:33:17.040960+00:00,14.13276539,0.00136230,99.0159,98.8110,2.9022,357.2227,0,U,33591,999,82409,0.00018752000000,0.00000306,0.0000000000000,7226.318,101.891,858.028,838.339,PAYLOAD,LARGE,US,2009-02-06,AFWTR,,4630266,279881270,0 NOAA 19,1 33591U 09005A   25034.89811390  .00000306  00000-0  18752-3 0  9993,2 33591  99.0159  98.8110 0013623   2.9022 357.2227 14.13276539824095
3.0,GENERATED VIA SPACE-TRACK.ORG API,2025-02-04 07:06:38+00:00,18 SPCS,NOAA 19,2009-005A,EARTH,TEME,UTC,SGP4,2025-02-04 04:21:04.385664+00:00,14.13276739,0.00136090,99.0158,99.0963,2.0830,358.0396,0,U,33591,999,82439,0.00018390000000,0.00000299,0.0000000000000,7226.317,101.891,858.017,838.348,PAYLOAD,LARGE,US,2009-02-06,AFWTR,,4630524,279935719,0 NOAA 19,1 33591U 09005A   25035.18130076  .00000299  00000-0  18390-3 0  9990,2 33591  99.0158  99.0963 0013609   2.0830 358.0396 14.13276739824396
3.0,GENERATED VIA SPACE-TRACK.ORG API,2025-02-04 10:46:16+00:00,18 SPCS,NOAA 19,2009-005A,EARTH,TEME,UTC,SGP4,2025-02-04 07:44:58.056288+00:00,14.13277036,0.00136010,99.0158,99.2390,1.6907,358.4308,0,U,33591,999,82441,0.00020289000000,0.00000335,0.0000000000000,7226.316,101.891,858.010,838.353,PAYLOAD,LARGE,US,2009-02-06,AFWTR,,4630772,279941720,0 NOAA 19,1 33591U 09005A   25035.32289417  .00000335  00000-0  20289-3 0  9991,2 33591  99.0158  99.2390 0013601   1.6907 358.4308 14.13277036824415
3.0,GENERATED VIA SPACE-TRACK.ORG API,2025-02-04 14:46:16+00:00,18 SPCS,NOAA 19,2009-005A,EARTH,TEME,UTC,SGP4,2025-02-04 11:08:51.723456+00:00,14.13277181,0.00135930,99.0158,99.3816,1.2962,358.8242,0,U,33591,999,82443,0.00020820000000,0.00000345,0.0000000000000,7226.316,101.891,858.004,838.358,PAYLOAD,LARGE,US,2009-02-06,AFWTR,,4630985,279946427,0 NOAA 19,1 33591U 09005A   25035.46448754  .00000345  00000-0  20820-3 0  9999,2 33591  99.0158  99.3816 0013593   1.2962 358.8242 14.13277181824430
3.0,GENERATED VIA SPACE-TRACK.ORG API,2025-02-04 18:10:45+00:00,18 SPCS,NOAA 19,2009-005A,EARTH,TEME,UTC,SGP4,2025-02-04 14:32:45.387168+00:00,14.13277313,0.00135860,99.0158,99.5243,0.8975,359.2218,0,U,33591,999,82419,0.00020884000000,0.00000346,0.0000000000000,7226.315,101.891,857.998,838.363,PAYLOAD,LARGE,US,2009-02-06,AFWTR,,4631053,279959035,0 NOAA 19,1 33591U 09005A   25035.60608087  .00000346  00000-0  20884-3 0  9993,2 33591  99.0158  99.5243 0013586   0.8975 359.2218 14.13277313824195
3.0,GENERATED VIA SPACE-TRACK.ORG API,2025-02-04 22:56:17+00:00,18 SPCS,NOAA 19,2009-005A,EARTH,TEME,UTC,SGP4,2025-02-04 17:56:39.056064+00:00,14.13277403,0.00135850,99.0157,99.6669,0.4987,359.6196,0,U,33591,999,82447,0.00020746000000,0.00000344,0.0000000000000,7226.315,101.891,857.997,838.363,PAYLOAD,LARGE,US,2009-02-06,AFWTR,,4631287,279982167,0 NOAA 19,1 33591U 09005A   25035.74767426  .00000344  00000-0  20746-3 0  9996,2 33591  99.0157  99.6669 0013585   0.4987 359.6196 14.13277403824475
3.0,GENERATED VIA SPACE-TRACK.ORG API,2025-02-05 06:56:17+00:00,18 SPCS,NOAA 19,2009-005A,EARTH,TEME,UTC,SGP4,2025-02-05 04:08:20.055840+00:00,14.13277604,0.00135730,99.0157,100.0948,359.2401,0.8748,0,U,33591,999,82453,0.00019905000000,0.00000328,0.0000000000000,7226.314,101.891,857.988,838.371,PAYLOAD,LARGE,US,2009-02-06,AFWTR,,4631593,279990993,0 NOAA 19,1 33591U 09005A   25036.17245435  .00000328  00000-0  19905-3 0  9992,2 33591  99.0157 100.0948 0013573 359.2401   0.8748 14.13277604824533
3.0,GENERATED VIA SPACE-TRACK.ORG API,2025-02-05 14:56:17+00:00,18 SPCS,NOAA 19,2009-005A,EARTH,TEME,UTC,SGP4,2025-02-05 10:56:07.386720+00:00,14.13277962,0.00135600,99.0156,100.3801,358.4522,1.6606,0,U,33591,999,82457,0.00021827000000,0.00000364,0.0000000000000,7226.313,101.891,857.977,838.379,PAYLOAD,LARGE,US,2009-02-06,AFWTR,,4632041,279999639,0 NOAA 19,1 33591U 09005A   25036.45564105  .00000364  00000-0  21827-3 0  9997,2 33591  99.0156 100.3801 0013560 358.4522   1.6606 14.13277962824577
3.0,GENERATED VIA SPACE-TRACK.ORG API,2025-02-05 17:51:38+00:00,18 SPCS,NOAA 19,2009-005A,EARTH,TEME,UTC,SGP4,2025-02-05 14:20:01.046976+00:00,14.13278165,0.00135510,99.0156,100.5228,358.0597,2.0520,0,U,33591,999,82433,0.00022637000000,0.00000379,0.0000000000000,7226.313,101.891,857.970,838.385,PAYLOAD,LARGE,US,2009-02-06,AFWTR,,4632154,280014140,0 NOAA 19,1 33591U 09005A   25036.59723434  .00000379  00000-0  22637-3 0  9990,2 33591  99.0156 100.5228 0013551 358.0597   2.0520 14.13278165824330
3.0,GENERATED VIA SPACE-TRACK.ORG API,2025-02-05 22:56:32+00:00,18 SPCS,NOAA 19,2009-005A,EARTH,TEME,UTC,SGP4,2025-02-05 21:07:48.368352+00:00,14.13278437,0.00135460,99.0155,100.8080,357.2479,2.8616,0,U,33591,999,82463,0.00023191000000,0.00000390,0.0000000000000,7226.312,101.891,857.965,838.388,PAYLOAD,LARGE,US,2009-02-06,AFWTR,,4632394,280037203,0 NOAA 19,1 33591U 09005A   25036.88042093  .00000390  00000-0  23191-3 0  9996,2 33591  99.0155 100.8080 0013546 357.2479   2.8616 14.13278437824631
3.0,GENERATED VIA SPACE-TRACK.ORG API,2025-02-06 17:29:47+00:00,18 SPCS,NOAA 19,2009-005A,EARTH,TEME,UTC,SGP4,2025-02-06 14:07:16.655808+00:00,14.13278890,0.00135090,99.0153,101.5212,355.2156,4.8884,0,U,33591,999,82447,0.00022074000000,0.00000369,0.0000000000000,7226.310,101.891,857.937,838.413,PAYLOAD,LARGE,US,2009-02-06,AFWTR,,4632636,280084251,0 NOAA 19,1 33591U 09005A   25037.58838722  .00000369  00000-0  22074-3 0  9991,2 33591  99.0153 101.5212 0013509 355.2156   4.8884 14.13278890824477
3.0,GENERATED VIA SPACE-TRACK.ORG API,2025-02-06 21:46:17+00:00,18 SPCS,NOAA 19,2009-005A,EARTH,TEME,UTC,SGP4,2025-02-06 14:07:16.655808+00:00,14.13278890,0.00135090,99.0153,101.5212,355.2156,4.8884,0,U,33591,999,82473,0.00022074000000,0.00000369,0.0000000000000,7226.310,101.891,857.937,838.413,PAYLOAD,LARGE,US,2009-02-06,AFWTR,,4633001,280110957,0 NOAA 19,1 33591U 09005A   25037.58838722  .00000369  00000-0  22074-3 0  9991,2 33591  99.0153 101.5212 0013509 355.2156   4.8884 14.13278890824736
3.0,GENERATED VIA SPACE-TRACK.ORG API,2025-02-07 03:09:47+00:00,18 SPCS,NOAA 19,2009-005A,EARTH,TEME,UTC,SGP4,2025-02-06 20:55:03.966816+00:00,14.13279012,0.00134950,99.0153,101.8065,354.4135,5.6884,0,U,33591,999,82451,0.00020832000000,0.00000345,0.0000000000000,7226.310,101.891,857.927,838.423,PAYLOAD,LARGE,US,2009-02-06,AFWTR,,4633216,280127626,0 NOAA 19,1 33591U 09005A   25037.87157369  .00000345  00000-0  20832-3 0  9998,2 33591  99.0153 101.8065 0013495 354.4135   5.6884 14.13279012824519
3.0,GENERATED VIA SPACE-TRACK.ORG API,2025-02-07 18:16:19+00:00,18 SPCS,NOAA 19,2009-005A,EARTH,TEME,UTC,SGP4,2025-02-07 08:48:41.750496+00:00,14.13279304,0.00134770,99.0152,102.3057,352.9678,7.1303,0,U,33591,999,82484,0.00019793000000,0.00000326,0.0000000000000,7226.309,101.891,857.913,838.435,PAYLOAD,LARGE,US,2009-02-06,AFWTR,,4633309,280147809,0 NOAA 19,1 33591U 09005A   25038.36714989  .00000326  00000-0  19793-3 0  9993,2 33591  99.0152 102.3057 0013477 352.9678   7.1303 14.13279304824843
3.0,GENERATED VIA SPACE-TRACK.ORG API,2025-02-07 21:26:17+00:00,18 SPCS,NOAA 19,2009-005A,EARTH,TEME,UTC,SGP4,2025-02-07 19:00:22.704480+00:00,14.13279529,0.00134610,99.0151,102.7336,351.7087,8.3860,0,U,33591,999,82490,0.00018493000000,0.00000301,0.0000000000000,7226.308,101.891,857.900,838.446,PAYLOAD,LARGE,US,2009-02-06,AFWTR,,4633672,280155799,0 NOAA 19,1 33591U 09005A   25038.79192945  .00000301  00000-0  18493-3 0  9991,2 33591  99.0151 102.7336 0013461 351.7087   8.3860 14.13279529824907
3.0,GENERATED VIA SPACE-TRACK.ORG API,2025-02-08 05:27:25+00:00,18 SPCS,NOAA 19,2009-005A,EARTH,TEME,UTC,SGP4,2025-02-07 20:42:19.527264+00:00,14.13279513,0.00134600,99.0151,102.8049,351.4918,8.6023,0,U,33591,999,82465,0.00017974000000,0.00000292,0.0000000000000,7226.308,101.891,857.900,838.446,PAYLOAD,LARGE,US,2009-02-06,AFWTR,,4633897,280170650,0 NOAA 19,1 33591U 09005A   25038.86272601  .00000292  00000-0  17974-3 0  9999,2 33591  99.0151 102.8049 0013460 351.4918   8.6023 14.13279513824657
3.0,GENERATED VIA SPACE-TRACK.ORG API,2025-02-08 07:26:16+00:00,18 SPCS,NOAA 19,2009-005A,EARTH,TEME,UTC,SGP4,2025-02-08 03:30:06.821856+00:00,14.13279736,0.00134480,99.0150,103.0901,350.6474,9.4445,0,U,33591,999,82495,0.00017951000000,0.00000291,0.0000000000000,7226.307,101.891,857.890,838.454,PAYLOAD,LARGE,US,2009-02-06,AFWTR,,4634231,280197811,0 NOAA 19,1 33591U 09005A   25039.14591229  .00000291  00000-0  17951-3 0  9995,2 33591  99.0150 103.0901 0013448 350.6474   9.4445 14.13279736824957
3.0,GENERATED VIA SPACE-TRACK.ORG API,2025-02-08 14:46:17+00:00,18 SPCS,NOAA 19,2009-005A,EARTH,TEME,UTC,SGP4,2025-02-08 11:59:50.934912+00:00,14.13280193,0.00134280,99.0149,103.4467,349.6116,10.4776,0,U,33591,999,82500,0.00019900000000,0.00000328,0.0000000000000,7226.306,101.891,857.874,838.467,PAYLOAD,LARGE,US,2009-02-06,AFWTR,,4634454,280203585,0 NOAA 19,1 33591U 09005A   25039.49989508  .00000328  00000-0  19900-3 0  9991,2 33591  99.0149 103.4467 0013428 349.6116  10.4776 14.13280193825000
3.0,GENERATED VIA SPACE-TRACK.ORG API,2025-02-08 17:45:34+00:00,18 SPCS,NOAA 19,2009-005A,EARTH,TEME,UTC,SGP4,2025-02-08 13:41:47.755968+00:00,14.13280273,0.00134240,99.0149,103.5180,349.4125,10.6762,0,U,33591,999,82475,0.00020165000000,0.00000333,0.0000000000000,7226.305,101.891,857.871,838.470,PAYLOAD,LARGE,US,2009-02-06,AFWTR,,4634601,280216770,0 NOAA 19,1 33591U 09005A   25039.57069162  .00000333  00000-0  20165-3 0  9996,2 33591  99.0149 103.5180 0013424 349.4125  10.6762 14.13280273824754
3.0,GENERATED VIA SPACE-TRACK.ORG API,2025-02-08 22:56:17+00:00,18 SPCS,NOAA 19,2009-005A,EARTH,TEME,UTC,SGP4,2025-02-08 18:47:38.220000+00:00,14.13280454,0.00134160,99.0149,103.7320,348.7901,11.2970,0,U,33591,999,82504,0.00020522000000,0.00000339,0.0000000000000,7226.305,101.891,857.865,838.475,PAYLOAD,LARGE,US,2009-02-06,AFWTR,,4634851,280240562,0 NOAA 19,1 33591U 09005A   25039.78308125  .00000339  00000-0  20522-3 0  9997,2 33591  99.0149 103.7320 0013416 348.7901  11.2970 14.13280454825049
3.0,GENERATED VIA SPACE-TRACK.ORG API,2025-02-09 04:01:38+00:00,18 SPCS,NOAA 19,2009-005A,EARTH,TEME,UTC,SGP4,2025-02-08 22:11:31.863840+00:00,14.13280332,0.00134060,99.0148,103.8746,348.3685,11.7175,0,U,33591,999,82480,0.00018376000000,0.00000299,0.0000000000000,7226.305,101.891,857.858,838.483,PAYLOAD,LARGE,US,2009-02-06,AFWTR,,4634925,280253004,0 NOAA 19,1 33591U 09005A   25039.92467435  .00000299  00000-0  18376-3 0  9992,2 33591  99.0148 103.8746 0013406 348.3685  11.7175 14.13280332824805
3.0,GENERATED VIA SPACE-TRACK.ORG API,2025-02-09 06:56:18+00:00,18 SPCS,NOAA 19,2009-005A,EARTH,TEME,UTC,SGP4,2025-02-09 03:17:22.326144+00:00,14.13280511,0.00133990,99.0148,104.0886,347.7438,12.3406,0,U,33591,999,82509,0.00018439000000,0.00000300,0.0000000000000,7226.305,101.891,857.852,838.487,PAYLOAD,LARGE,US,2009-02-06,AFWTR,,4635106,280277294,0 NOAA 19,1 33591U 09005A   25040.13706396  .00000300  00000-0  18439-3 0  9992,2 33591  99.0148 104.0886 0013399 347.7438  12.3406 14.13280511825098
3.0,GENERATED VIA SPACE-TRACK.ORG API,2025-02-09 14:56:18+00:00,18 SPCS,NOAA 19,2009-005A,EARTH,TEME,UTC,SGP4,2025-02-09 11:47:06.432288+00:00,14.13280903,0.00133770,99.0147,104.4451,346.7365,13.3454,0,U,33591,999,82514,0.00019798000000,0.00000326,0.0000000000000,7226.303,101.891,857.835,838.502,PAYLOAD,LARGE,US,2009-02-06,AFWTR,,4635479,280285662,0 NOAA 19,1 33591U 09005A   25040.49104667  .00000326  00000-0  19798-3 0  9991,2 33591  99.0147 104.4451 0013377 346.7365  13.3454 14.13280903825148
3.0,GENERATED VIA SPACE-TRACK.ORG API,2025-02-09 17:59:51+00:00,18 SPCS,NOAA 19,2009-005A,EARTH,TEME,UTC,SGP4,2025-02-09 13:29:03.251616+00:00,14.13280964,0.00133730,99.0147,104.5164,346.5319,13.5494,0,U,33591,999,82489,0.00019802000000,0.00000326,0.0000000000000,7226.303,101.891,857.832,838.504,PAYLOAD,LARGE,US,2009-02-06,AFWTR,,4635571,280298070,0 NOAA 19,1 33591U 09005A   25040.56184319  .00000326  00000-0  19802-3 0  9997,2 33591  99.0147 104.5164 0013373 346.5319  13.5494 14.13280964824897
3.0,GENERATED VIA SPACE-TRACK.ORG API,2025-02-09 22:56:18+00:00,18 SPCS,NOAA 19,2009-005A,EARTH,TEME,UTC,SGP4,2025-02-09 18:34:53.704416+00:00,14.13281213,0.00133560,99.0146,104.7304,345.9505,14.1294,0,U,33591,999,82518,0.00020767000000,0.00000344,0.0000000000000,7226.302,101.891,857.819,838.516,PAYLOAD,LARGE,US,2009-02-06,AFWTR,,4635812,280322287,0 NOAA 19,1 33591U 09005A   25040.77423269  .00000344  00000-0  20767-3 0  9992,2 33591  99.0146 104.7304 0013356 345.9505  14.1294 14.13281213825181
3.0,GENERATED VIA SPACE-TRACK.ORG API,2025-02-10 02:37:02+00:00,18 SPCS,NOAA 19,2009-005A,EARTH,TEME,UTC,SGP4,2025-02-09 21:58:47.332704+00:00,14.13281444,0.00133450,99.0145,104.8730,345.5484,14.5305,0,U,33591,999,82494,0.00021757000000,0.00000363,0.0000000000000,7226.301,101.891,857.810,838.523,PAYLOAD,LARGE,US,2009-02-06,AFWTR,,4635883,280335215,0 NOAA 19,1 33591U 09005A   25040.91582561  .00000363  00000-0  21757-3 0  9990,2 33591  99.0145 104.8730 0013345 345.5484  14.5305 14.13281444824940
3.0,GENERATED VIA SPACE-TRACK.ORG API,2025-02-10 06:56:18+00:00,18 SPCS,NOAA 19,2009-005A,EARTH,TEME,UTC,SGP4,2025-02-10 04:46:34.602240+00:00,14.13281781,0.00133280,99.0145,105.1583,344.7375,15.3393,0,U,33591,999,82524,0.00022764000000,0.00000382,0.0000000000000,7226.300,101.891,857.796,838.534,PAYLOAD,LARGE,US,2009-02-06,AFWTR,,4636101,280359356,0 NOAA 19,1 33591U 09005A   25041.19901160  .00000382  00000-0  22764-3 0  9991,2 33591  99.0145 105.1583 0013328 344.7375  15.3393 14.13281781825245
3.0,GENERATED VIA SPACE-TRACK.ORG API,2025-02-10 14:56:17+00:00,18 SPCS,NOAA 19,2009-005A,EARTH,TEME,UTC,SGP4,2025-02-10 11:34:21.874368+00:00,14.13281765,0.00133080,99.0144,105.4434,343.9324,16.1424,0,U,33591,999,82528,0.00020524000000,0.00000339,0.0000000000000,7226.300,101.891,857.782,838.549,PAYLOAD,LARGE,US,2009-02-06,AFWTR,,4636461,280368938,0 NOAA 19,1 33591U 09005A   25041.48219762  .00000339  00000-0  20524-3 0  9997,2 33591  99.0144 105.4434 0013308 343.9324  16.1424 14.13281765825285
3.0,GENERATED VIA SPACE-TRACK.ORG API,2025-02-10 17:40:26+00:00,18 SPCS,NOAA 19,2009-005A,EARTH,TEME,UTC,SGP4,2025-02-10 13:16:18.690240+00:00,14.13281822,0.00133050,99.0144,105.5148,343.7341,16.3402,0,U,33591,999,82503,0.00020421000000,0.00000338,0.0000000000000,7226.300,101.891,857.780,838.550,PAYLOAD,LARGE,US,2009-02-06,AFWTR,,4636616,280382703,0 NOAA 19,1 33591U 09005A   25041.55299410  .00000338  00000-0  20421-3 0  9998,2 33591  99.0144 105.5148 0013305 343.7341  16.3402 14.13281822825037
3.0,GENERATED VIA SPACE-TRACK.ORG API,2025-02-10 22:46:18+00:00,18 SPCS,NOAA 19,2009-005A,EARTH,TEME,UTC,SGP4,2025-02-10 18:22:09.140448+00:00,14.13281929,0.00132970,99.0144,105.7287,343.1194,16.9534,0,U,33591,999,82532,0.00019935000000,0.00000328,0.0000000000000,7226.300,101.890,857.774,838.556,PAYLOAD,LARGE,US,2009-02-06,AFWTR,,4636864,280405699,0 NOAA 19,1 33591U 09005A   25041.76538357  .00000328  00000-0  19935-3 0  9994,2 33591  99.0144 105.7287 0013297 343.1194  16.9534 14.13281929825325
3.0,GENERATED VIA SPACE-TRACK.ORG API,2025-02-11 04:10:04+00:00,18 SPCS,NOAA 19,2009-005A,EARTH,TEME,UTC,SGP4,2025-02-10 21:46:02.770464+00:00,14.13281968,0.00132910,99.0143,105.8713,342.7020,17.3697,0,U,33591,999,82508,0.00019389000000,0.00000318,0.0000000000000,7226.300,101.890,857.769,838.560,PAYLOAD,LARGE,US,2009-02-06,AFWTR,,4636950,280418473,0 NOAA 19,1 33591U 09005A   25041.90697651  .00000318  00000-0  19389-3 0  9995,2 33591  99.0143 105.8713 0013291 342.7020  17.3697 14.13281968825087
3.0,GENERATED VIA SPACE-TRACK.ORG API,2025-02-11 06:56:25+00:00,18 SPCS,NOAA 19,2009-005A,EARTH,TEME,UTC,SGP4,2025-02-11 04:33:50.027904+00:00,14.13282184,0.00132770,99.0142,106.1565,341.8712,18.1985,0,U,33591,999,82538,0.00019280000000,0.00000316,0.0000000000000,7226.299,101.890,857.758,838.569,PAYLOAD,LARGE,US,2009-02-06,AFWTR,,4637150,280442709,0 NOAA 19,1 33591U 09005A   25042.19016236  .00000316  00000-0  19280-3 0  9999,2 33591  99.0142 106.1565 0013277 341.8712  18.1985 14.13282184825380
3.0,GENERATED VIA SPACE-TRACK.ORG API,2025-02-11 15:06:19+00:00,18 SPCS,NOAA 19,2009-005A,EARTH,TEME,UTC,SGP4,2025-02-11 11:21:37.278432+00:00,14.13282487,0.00132600,99.0142,106.4418,341.0546,19.0131,0,U,33591,999,82542,0.00020520000000,0.00000339,0.0000000000000,7226.298,101.890,857.745,838.581,PAYLOAD,LARGE,US,2009-02-06,AFWTR,,4637562,280451362,0 NOAA 19,1 33591U 09005A   25042.47334813  .00000339  00000-0  20520-3 0  9998,2 33591  99.0142 106.4418 0013260 341.0546  19.0131 14.13282487825423
3.0,GENERATED VIA SPACE-TRACK.ORG API,2025-02-11 17:27:46+00:00,18 SPCS,NOAA 19,2009-005A,EARTH,TEME,UTC,SGP4,2025-02-11 14:45:30.903264+00:00,14.13282518,0.00132530,99.0142,106.5844,340.6376,19.4291,0,U,33591,999,82518,0.00019916000000,0.00000328,0.0000000000000,7226.298,101.890,857.740,838.586,PAYLOAD,LARGE,US,2009-02-06,AFWTR,,4637679,280464903,0 NOAA 19,1 33591U 09005A   25042.61494101  .00000328  00000-0  19916-3 0  9996,2 33591  99.0142 106.5844 0013253 340.6376  19.4291 14.13282518825184
3.0,GENERATED VIA SPACE-TRACK.ORG API,2025-02-11 22:56:17+00:00,18 SPCS,NOAA 19,2009-005A,EARTH,TEME,UTC,SGP4,2025-02-11 19:51:21.343968+00:00,14.13282563,0.00132450,99.0141,106.7983,340.0213,20.0439,0,U,33591,999,82547,0.00019018000000,0.00000311,0.0000000000000,7226.298,101.890,857.734,838.591,PAYLOAD,LARGE,US,2009-02-06,AFWTR,,4637945,280489747,0 NOAA 19,1 33591U 09005A   25042.82733037  .00000311  00000-0  19018-3 0  9998,2 33591  99.0141 106.7983 0013245 340.0213  20.0439 14.13282563825478
3.0,GENERATED VIA SPACE-TRACK.ORG API,2025-02-12 02:52:37+00:00,18 SPCS,NOAA 19,2009-005A,EARTH,TEME,UTC,SGP4,2025-02-11 21:33:18.154656+00:00,14.13282624,0.00132440,99.0141,106.8696,339.8013,20.2633,0,U,33591,999,82522,0.00019211000000,0.00000315,0.0000000000000,7226.297,101.890,857.733,838.592,PAYLOAD,LARGE,US,2009-02-06,AFWTR,,4638044,280502867,0 NOAA 19,1 33591U 09005A   25042.89812679  .00000315  00000-0  19211-3 0  9994,2 33591  99.0141 106.8696 0013244 339.8013  20.2633 14.13282624825222
3.0,GENERATED VIA SPACE-TRACK.ORG API,2025-02-12 06:56:16+00:00,18 SPCS,NOAA 19,2009-005A,EARTH,TEME,UTC,SGP4,2025-02-12 04:21:05.403456+00:00,14.13282803,0.00132290,99.0140,107.1548,338.9769,21.0857,0,U,33591,999,82552,0.00018847000000,0.00000308,0.0000000000000,7226.297,101.890,857.721,838.602,PAYLOAD,LARGE,US,2009-02-06,AFWTR,,4638258,280527130,0 NOAA 19,1 33591U 09005A   25043.18131254  .00000308  00000-0  18847-3 0  9996,2 33591  99.0140 107.1548 0013229 338.9769  21.0857 14.13282803825521
3.0,GENERATED VIA SPACE-TRACK.ORG API,2025-02-12 14:56:19+00:00,18 SPCS,NOAA 19,2009-005A,EARTH,TEME,UTC,SGP4,2025-02-12 11:08:52.648800+00:00,14.13283066,0.00132190,99.0140,107.4401,338.1835,21.8772,0,U,33591,999,82556,0.00019850000000,0.00000327,0.0000000000000,7226.296,101.890,857.713,838.608,PAYLOAD,LARGE,US,2009-02-06,AFWTR,,4638585,280534932,0 NOAA 19,1 33591U 09005A   25043.46449825  .00000327  00000-0  19850-3 0  9999,2 33591  99.0140 107.4401 0013219 338.1835  21.8772 14.13283066825567
3.0,GENERATED VIA SPACE-TRACK.ORG API,2025-02-12 17:50:04+00:00,18 SPCS,NOAA 19,2009-005A,EARTH,TEME,UTC,SGP4,2025-02-12 14:32:46.266720+00:00,14.13283137,0.00132120,99.0139,107.5827,337.7614,22.2983,0,U,33591,999,82532,0.00019387000000,0.00000318,0.0000000000000,7226.296,101.890,857.708,838.613,PAYLOAD,LARGE,US,2009-02-06,AFWTR,,4638714,280548701,0 NOAA 19,1 33591U 09005A   25043.60609105  .00000318  00000-0  19387-3 0  9999,2 33591  99.0139 107.5827 0013212 337.7614  22.2983 14.13283137825323
3.0,GENERATED VIA SPACE-TRACK.ORG API,2025-02-12 22:56:17+00:00,18 SPCS,NOAA 19,2009-005A,EARTH,TEME,UTC,SGP4,2025-02-12 19:38:36.696192+00:00,14.13283244,0.00132120,99.0139,107.7966,337.1170,22.9411,0,U,33591,999,82561,0.00019231000000,0.00000315,0.0000000000000,7226.295,101.890,857.708,838.613,PAYLOAD,LARGE,US,2009-02-06,AFWTR,,4639021,280572168,0 NOAA 19,1 33591U 09005A   25043.81848028  .00000315  00000-0  19231-3 0  9996,2 33591  99.0139 107.7966 0013212 337.1170  22.9411 14.13283244825614
3.0,GENERATED VIA SPACE-TRACK.ORG API,2025-02-13 05:22:15+00:00,18 SPCS,NOAA 19,2009-005A,EARTH,TEME,UTC,SGP4,2025-02-12 21:20:33.510336+00:00,14.13283223,0.00132090,99.0139,107.8680,336.9097,23.1480,0,U,33591,999,82536,0.00018755000000,0.00000306,0.0000000000000,7226.295,101.890,857.706,838.615,PAYLOAD,LARGE,US,2009-02-06,AFWTR,,4639109,280585274,0 NOAA 19,1 33591U 09005A   25043.88927674  .00000306  00000-0  18755-3 0  9998,2 33591  99.0139 107.8680 0013209 336.9097  23.1480 14.13283223825367
3.0,GENERATED VIA SPACE-TRACK.ORG API,2025-02-13 06:56:31+00:00,18 SPCS,NOAA 19,2009-005A,EARTH,TEME,UTC,SGP4,2025-02-13 04:08:20.745312+00:00,14.13283417,0.00132020,99.0138,108.1532,336.0622,23.9934,0,U,33591,999,82566,0.00018575000000,0.00000303,0.0000000000000,7226.295,101.890,857.700,838.619,PAYLOAD,LARGE,US,2009-02-06,AFWTR,,4639339,280610145,0 NOAA 19,1 33591U 09005A   25044.17246233  .00000303  00000-0  18575-3 0  9993,2 33591  99.0138 108.1532 0013202 336.0622  23.9934 14.13283417825664
3.0,GENERATED VIA SPACE-TRACK.ORG API,2025-02-13 15:06:18+00:00,18 SPCS,NOAA 19,2009-005A,EARTH,TEME,UTC,SGP4,2025-02-13 10:56:07.977696+00:00,14.13283671,0.00131940,99.0138,108.4384,335.2376,24.8161,0,U,33591,999,82570,0.00019517000000,0.00000321,0.0000000000000,7226.294,101.890,857.693,838.624,PAYLOAD,LARGE,US,2009-02-06,AFWTR,,4639675,280618589,0 NOAA 19,1 33591U 09005A   25044.45564789  .00000321  00000-0  19517-3 0  9990,2 33591  99.0138 108.4384 0013194 335.2376  24.8161 14.13283671825708
3.0,GENERATED VIA SPACE-TRACK.ORG API,2025-02-13 17:23:10+00:00,18 SPCS,NOAA 19,2009-005A,EARTH,TEME,UTC,SGP4,2025-02-13 12:38:04.780608+00:00,14.13283739,0.00131880,99.0137,108.5097,335.0371,25.0161,0,U,33591,999,82545,0.00019246000000,0.00000316,0.0000000000000,7226.294,101.890,857.689,838.629,PAYLOAD,LARGE,US,2009-02-06,AFWTR,,4639754,280630763,0 NOAA 19,1 33591U 09005A   25044.52644422  .00000316  00000-0  19246-3 0  9994,2 33591  99.0137 108.5097 0013188 335.0371  25.0161 14.13283739825455
3.0,GENERATED VIA SPACE-TRACK.ORG API,2025-02-13 22:46:31+00:00,18 SPCS,NOAA 19,2009-005A,EARTH,TEME,UTC,SGP4,2025-02-13 19:25:52.007808+00:00,14.13283940,0.00131750,99.0137,108.7950,334.2328,25.8186,0,U,33591,999,82575,0.00019238000000,0.00000315,0.0000000000000,7226.293,101.890,857.679,838.637,PAYLOAD,LARGE,US,2009-02-06,AFWTR,,4639922,280653809,0 NOAA 19,1 33591U 09005A   25044.80962972  .00000315  00000-0  19238-3 0  9998,2 33591  99.0137 108.7950 0013175 334.2328  25.8186 14.13283940825756
3.0,GENERATED VIA SPACE-TRACK.ORG API,2025-02-14 05:48:53+00:00,18 SPCS,NOAA 19,2009-005A,EARTH,TEME,UTC,SGP4,2025-02-13 21:07:48.815904+00:00,14.13284071,0.00131710,99.0136,108.8663,334.0307,26.0202,0,U,33591,999,82550,0.00020310000000,0.00000335,0.0000000000000,7226.292,101.890,857.675,838.640,PAYLOAD,LARGE,US,2009-02-06,AFWTR,,4640012,280667007,0 NOAA 19,1 33591U 09005A   25044.88042611  .00000335  00000-0  20310-3 0  9990,2 33591  99.0136 108.8663 0013171 334.0307  26.0202 14.13284071825509
3.0,GENERATED VIA SPACE-TRACK.ORG API,2025-02-14 06:56:18+00:00,18 SPCS,NOAA 19,2009-005A,EARTH,TEME,UTC,SGP4,2025-02-14 03:55:36.037920+00:00,14.13284269,0.00131640,99.0136,109.1515,333.1879,26.8611,0,U,33591,999,82580,0.00019945000000,0.00000329,0.0000000000000,7226.292,101.890,857.669,838.644,PAYLOAD,LARGE,US,2009-02-06,AFWTR,,4640223,280691066,0 NOAA 19,1 33591U 09005A   25045.16361155  .00000329  00000-0  19945-3 0  9994,2 33591  99.0136 109.1515 0013164 333.1879  26.8611 14.13284269825809
3.0,GENERATED VIA SPACE-TRACK.ORG API,2025-02-14 14:56:18+00:00,18 SPCS,NOAA 19,2009-005A,EARTH,TEME,UTC,SGP4,2025-02-14 12:25:20.061984+00:00,14.13284447,0.00131440,99.0135,109.5080,332.1692,27.8776,0,U,33591,999,82585,0.00018967000000,0.00000310,0.0000000000000,7226.291,101.890,857.654,838.658,PAYLOAD,LARGE,US,2009-02-06,AFWTR,,4640578,280699513,0 NOAA 19,1 33591U 09005A   25045.51759331  .00000310  00000-0  18967-3 0  9993,2 33591  99.0135 109.5080 0013144 332.1692  27.8776 14.13284447825855
3.0,GENERATED VIA SPACE-TRACK.ORG API,2025-02-14 17:53:59+00:00,18 SPCS,NOAA 19,2009-005A,EARTH,TEME,UTC,SGP4,2025-02-14 14:07:16.864896+00:00,14.13284510,0.00131420,99.0135,109.5793,331.9541,28.0921,0,U,33591,999,82560,0.00019071000000,0.00000312,0.0000000000000,7226.291,101.890,857.653,838.659,PAYLOAD,LARGE,US,2009-02-06,AFWTR,,4640722,280713787,0 NOAA 19,1 33591U 09005A   25045.58838964  .00000312  00000-0  19071-3 0  9999,2 33591  99.0135 109.5793 0013142 331.9541  28.0921 14.13284510825603
3.0,GENERATED VIA SPACE-TRACK.ORG API,2025-02-14 22:56:35+00:00,18 SPCS,NOAA 19,2009-005A,EARTH,TEME,UTC,SGP4,2025-02-14 19:13:07.276224+00:00,14.13284671,0.00131330,99.0134,109.7932,331.3446,28.7003,0,U,33591,999,82589,0.00019354000000,0.00000318,0.0000000000000,7226.290,101.890,857.646,838.665,PAYLOAD,LARGE,US,2009-02-06,AFWTR,,4640950,280737564,0 NOAA 19,1 33591U 09005A   25045.80077866  .00000318  00000-0  19354-3 0  9990,2 33591  99.0134 109.7932 0013133 331.3446  28.7003 14.13284671825894
3.0,GENERATED VIA SPACE-TRACK.ORG API,2025-02-15 02:48:44+00:00,18 SPCS,NOAA 19,2009-005A,EARTH,TEME,UTC,SGP4,2025-02-14 22:37:00.878592+00:00,14.13284911,0.00131340,99.0134,109.9359,330.8850,29.1588,0,U,33591,999,82565,0.00020695000000,0.00000343,0.0000000000000,7226.290,101.890,857.646,838.664,PAYLOAD,LARGE,US,2009-02-06,AFWTR,,4641027,280750314,0 NOAA 19,1 33591U 09005A   25045.94237128  .00000343  00000-0  20695-3 0  9992,2 33591  99.0134 109.9359 0013134 330.8850  29.1588 14.13284911825657
3.0,GENERATED VIA SPACE-TRACK.ORG API,2025-02-15 06:56:24+00:00,18 SPCS,NOAA 19,2009-005A,EARTH,TEME,UTC,SGP4,2025-02-15 03:42:51.283008+00:00,14.13285146,0.00131240,99.0133,110.1497,330.2760,29.7665,0,U,33591,999,82594,0.00021286000000,0.00000354,0.0000000000000,7226.289,101.890,857.638,838.670,PAYLOAD,LARGE,US,2009-02-06,AFWTR,,4641239,280774174,0 NOAA 19,1 33591U 09005A   25046.15476022  .00000354  00000-0  21286-3 0  9993,2 33591  99.0133 110.1497 0013124 330.2760  29.7665 14.13285146825941
3.0,GENERATED VIA SPACE-TRACK.ORG API,2025-02-15 14:56:17+00:00,18 SPCS,NOAA 19,2009-005A,EARTH,TEME,UTC,SGP4,2025-02-15 10:30:38.486880+00:00,14.13285390,0.00131140,99.0133,110.4349,329.4651,30.5756,0,U,33591,999,82598,0.00021125000000,0.00000351,0.0000000000000,7226.288,101.890,857.629,838.676,PAYLOAD,LARGE,US,2009-02-06,AFWTR,,4641608,280782199,0 NOAA 19,1 33591U 09005A   25046.43794545  .00000351  00000-0  21125-3 0  9996,2 33591  99.0133 110.4349 0013114 329.4651  30.5756 14.13285390825984
3.0,GENERATED VIA SPACE-TRACK.ORG API,2025-02-15 17:32:46+00:00,18 SPCS,NOAA 19,2009-005A,EARTH,TEME,UTC,SGP4,2025-02-15 13:54:32.088384+00:00,14.13285423,0.00131080,99.0133,110.5775,329.0342,31.0055,0,U,33591,999,82574,0.00019985000000,0.00000329,0.0000000000000,7226.288,101.890,857.625,838.681,PAYLOAD,LARGE,US,2009-02-06,AFWTR,,4641715,280796146,0 NOAA 19,1 33591U 09005A   25046.57953806  .00000329  00000-0  19985-3 0  9994,2 33591  99.0133 110.5775 0013108 329.0342  31.0055 14.13285423825743
3.0,GENERATED VIA SPACE-TRACK.ORG API,2025-02-15 23:06:17+00:00,18 SPCS,NOAA 19,2009-005A,EARTH,TEME,UTC,SGP4,2025-02-15 19:00:22.490208+00:00,14.13285538,0.00131020,99.0132,110.7915,328.4001,31.6383,0,U,33591,999,82603,0.00019429000000,0.00000319,0.0000000000000,7226.287,101.890,857.620,838.685,PAYLOAD,LARGE,US,2009-02-06,AFWTR,,4642083,280823399,0 NOAA 19,1 33591U 09005A   25046.79192697  .00000319  00000-0  19429-3 0  9993,2 33591  99.0132 110.7915 0013102 328.4001  31.6383 14.13285538826039
3.0,GENERATED VIA SPACE-TRACK.ORG API,2025-02-16 06:56:17+00:00,18 SPCS,NOAA 19,2009-005A,EARTH,TEME,UTC,SGP4,2025-02-16 03:30:06.484896+00:00,14.13285980,0.00130870,99.0131,111.1480,327.3447,32.6914,0,U,33591,999,82608,0.00020822000000,0.00000345,0.0000000000000,7226.286,101.890,857.608,838.694,PAYLOAD,LARGE,US,2009-02-06,AFWTR,,4642365,280830203,0 NOAA 19,1 33591U 09005A   25047.14590839  .00000345  00000-0  20822-3 0  9991,2 33591  99.0131 111.1480 0013087 327.3447  32.6914 14.13285980826081
3.0,GENERATED VIA SPACE-TRACK.ORG API,2025-02-16 08:34:50+00:00,18 SPCS,NOAA 19,2009-005A,EARTH,TEME,UTC,SGP4,2025-02-15 22:24:16.088256+00:00,14.13285817,0.00130970,99.0132,110.9341,327.9790,32.0585,0,U,33591,999,82579,0.00021113000000,0.00000351,0.0000000000000,7226.286,101.890,857.616,838.687,PAYLOAD,LARGE,US,2009-02-06,AFWTR,,4642461,280844062,0 NOAA 19,1 33591U 09005A   25046.93351954  .00000351  00000-0  21113-3 0  9991,2 33591  99.0132 110.9341 0013097 327.9790  32.0585 14.13285817825797
3.0,GENERATED VIA SPACE-TRACK.ORG API,2025-02-16 14:56:33+00:00,18 SPCS,NOAA 19,2009-005A,EARTH,TEME,UTC,SGP4,2025-02-16 10:17:53.680128+00:00,14.13286150,0.00130750,99.0131,111.4332,326.4953,33.5390,0,U,33591,999,82612,0.00020223000000,0.00000334,0.0000000000000,7226.285,101.890,857.599,838.702,PAYLOAD,LARGE,US,2009-02-06,AFWTR,,4642684,280867486,0 NOAA 19,1 33591U 09005A   25047.42909352  .00000334  00000-0  20223-3 0  9999,2 33591  99.0131 111.4332 0013075 326.4953  33.5390 14.13286150826122
3.0,GENERATED VIA SPACE-TRACK.ORG API,2025-02-16 17:14:46+00:00,18 SPCS,NOAA 19,2009-005A,EARTH,TEME,UTC,SGP4,2025-02-16 13:41:47.277312+00:00,14.13286123,0.00130760,99.0131,111.5758,326.0459,33.9875,0,U,33591,999,82588,0.00018687000000,0.00000305,0.0000000000000,7226.285,101.890,857.600,838.701,PAYLOAD,LARGE,US,2009-02-06,AFWTR,,4642779,280881544,0 NOAA 19,1 33591U 09005A   25047.57068608  .00000305  00000-0  18687-3 0  9994,2 33591  99.0131 111.5758 0013076 326.0459  33.9875 14.13286123825887
3.0,GENERATED VIA SPACE-TRACK.ORG API,2025-02-16 23:06:17+00:00,18 SPCS,NOAA 19,2009-005A,EARTH,TEME,UTC,SGP4,2025-02-16 20:29:34.459584+00:00,14.13286501,0.00130750,99.0130,111.8610,325.1883,34.8432,0,U,33591,999,82618,0.00020316000000,0.00000336,0.0000000000000,7226.284,101.890,857.598,838.701,PAYLOAD,LARGE,US,2009-02-06,AFWTR,,4643044,280905646,0 NOAA 19,1 33591U 09005A   25047.85387106  .00000336  00000-0  20316-3 0  9998,2 33591  99.0130 111.8610 0013075 325.1883  34.8432 14.13286501826189
3.0,GENERATED VIA SPACE-TRACK.ORG API,2025-02-17 03:28:14+00:00,18 SPCS,NOAA 19,2009-005A,EARTH,TEME,UTC,SGP4,2025-02-16 22:11:31.255584+00:00,14.13286565,0.00130740,99.0130,111.9323,324.9755,35.0556,0,U,33591,999,82593,0.00020460000000,0.00000338,0.0000000000000,7226.284,101.890,857.597,838.701,PAYLOAD,LARGE,US,2009-02-06,AFWTR,,4643135,280919176,0 NOAA 19,1 33591U 09005A   25047.92466731  .00000338  00000-0  20460-3 0  9990,2 33591  99.0130 111.9323 0013074 324.9755  35.0556 14.13286565825937
3.0,GENERATED VIA SPACE-TRACK.ORG API,2025-02-17 06:56:18+00:00,18 SPCS,NOAA 19,2009-005A,EARTH,TEME,UTC,SGP4,2025-02-17 03:17:21.640992+00:00,14.13286762,0.00130690,99.0130,112.1462,324.3334,35.6963,0,U,33591,999,82622,0.00020515000000,0.00000339,0.0000000000000,7226.283,101.890,857.592,838.704,PAYLOAD,LARGE,US,2009-02-06,AFWTR,,4643340,280943486,0 NOAA 19,1 33591U 09005A   25048.13705603  .00000339  00000-0  20515-3 0  9990,2 33591  99.0130 112.1462 0013069 324.3334  35.6963 14.13286762826225
3.0,GENERATED VIA SPACE-TRACK.ORG API,2025-02-17 14:56:19+00:00,18 SPCS,NOAA 19,2009-005A,EARTH,TEME,UTC,SGP4,2025-02-17 11:47:05.615808+00:00,14.13287014,0.00130550,99.0129,112.5027,323.2765,36.7511,0,U,33591,999,82627,0.00019946000000,0.00000329,0.0000000000000,7226.282,101.890,857.581,838.713,PAYLOAD,LARGE,US,2009-02-06,AFWTR,,4643660,280951765,0 NOAA 19,1 33591U 09005A   25048.49103722  .00000329  00000-0  19946-3 0  9998,2 33591  99.0129 112.5027 0013055 323.2765  36.7511 14.13287014826272
3.0,GENERATED VIA SPACE-TRACK.ORG API,2025-02-17 18:05:04+00:00,18 SPCS,NOAA 19,2009-005A,EARTH,TEME,UTC,SGP4,2025-02-17 13:29:02.409216+00:00,14.13287092,0.00130530,99.0129,112.5740,323.0666,36.9606,0,U,33591,999,82602,0.00020177000000,0.00000333,0.0000000000000,7226.282,101.890,857.580,838.715,PAYLOAD,LARGE,US,2009-02-06,AFWTR,,4643813,280964908,0 NOAA 19,1 33591U 09005A   25048.56183344  .00000333  00000-0  20177-3 0  9997,2 33591  99.0129 112.5740 0013053 323.0666  36.9606 14.13287092826026
3.0,GENERATED VIA SPACE-TRACK.ORG API,2025-02-17 22:56:18+00:00,18 SPCS,NOAA 19,2009-005A,EARTH,TEME,UTC,SGP4,2025-02-17 18:34:52.789440+00:00,14.13287259,0.00130470,99.0129,112.7879,322.4301,37.5958,0,U,33591,999,82631,0.00020130000000,0.00000332,0.0000000000000,7226.282,101.890,857.575,838.718,PAYLOAD,LARGE,US,2009-02-06,AFWTR,,4644031,280988913,0 NOAA 19,1 33591U 09005A   25048.77422210  .00000332  00000-0  20130-3 0  9996,2 33591  99.0129 112.7879 0013047 322.4301  37.5958 14.13287259826317
3.0,GENERATED VIA SPACE-TRACK.ORG API,2025-02-18 02:17:51+00:00,18 SPCS,NOAA 19,2009-005A,EARTH,TEME,UTC,SGP4,2025-02-17 21:58:46.368480+00:00,14.13287479,0.00130410,99.0129,112.9305,321.9958,38.0293,0,U,33591,999,82607,0.00021073000000,0.00000350,0.0000000000000,7226.281,101.890,857.570,838.722,PAYLOAD,LARGE,US,2009-02-06,AFWTR,,4644095,281001825,0 NOAA 19,1 33591U 09005A   25048.91581445  .00000350  00000-0  21073-3 0  9995,2 33591  99.0129 112.9305 0013041 321.9958  38.0293 14.13287479826074
3.0,GENERATED VIA SPACE-TRACK.ORG API,2025-02-18 06:56:30+00:00,18 SPCS,NOAA 19,2009-005A,EARTH,TEME,UTC,SGP4,2025-02-18 04:46:33.537792+00:00,14.13287802,0.00130320,99.0128,113.2157,321.1543,38.8691,0,U,33591,999,82637,0.00021856000000,0.00000364,0.0000000000000,7226.280,101.890,857.562,838.727,PAYLOAD,LARGE,US,2009-02-06,AFWTR,,4644282,281026145,0 NOAA 19,1 33591U 09005A   25049.19899928  .00000364  00000-0  21856-3 0  9998,2 33591  99.0128 113.2157 0013032 321.1543  38.8691 14.13287802826377
3.0,GENERATED VIA SPACE-TRACK.ORG API,2025-02-18 14:46:17+00:00,18 SPCS,NOAA 19,2009-005A,EARTH,TEME,UTC,SGP4,2025-02-18 06:28:30.329472+00:00,14.13287856,0.00130290,99.0128,113.2870,320.9485,39.0745,0,U,33591,999,82638,0.00021809000000,0.00000364,0.0000000000000,7226.280,101.890,857.560,838.729,PAYLOAD,LARGE,US,2009-02-06,AFWTR,,4644640,281034122,0 NOAA 19,1 33591U 09005A   25049.26979548  .00000364  00000-0  21809-3 0  9991,2 33591  99.0128 113.2870 0013029 320.9485  39.0745 14.13287856826380
3.0,GENERATED VIA SPACE-TRACK.ORG API,2025-02-18 17:35:44+00:00,18 SPCS,NOAA 19,2009-005A,EARTH,TEME,UTC,SGP4,2025-02-18 13:16:17.498784+00:00,14.13287913,0.00130100,99.0127,113.5722,320.1254,39.8961,0,U,33591,999,82616,0.00020243000000,0.00000334,0.0000000000000,7226.279,101.890,857.546,838.743,PAYLOAD,LARGE,US,2009-02-06,AFWTR,,4644723,281046920,0 NOAA 19,1 33591U 09005A   25049.55298031  .00000334  00000-0  20243-3 0  9992,2 33591  99.0127 113.5722 0013010 320.1254  39.8961 14.13287913826162
3.0,GENERATED VIA SPACE-TRACK.ORG API,2025-02-18 22:56:18+00:00,18 SPCS,NOAA 19,2009-005A,EARTH,TEME,UTC,SGP4,2025-02-18 20:04:04.656864+00:00,14.13288165,0.00130020,99.0127,113.8574,319.2777,40.7422,0,U,33591,999,82646,0.00020481000000,0.00000339,0.0000000000000,7226.278,101.890,857.539,838.748,PAYLOAD,LARGE,US,2009-02-06,AFWTR,,4644989,281130848,0 NOAA 19,1 33591U 09005A   25049.83616501  .00000339  00000-0  20481-3 0  9998,2 33591  99.0127 113.8574 0013002 319.2777  40.7422 14.13288165826466
3.0,GENERATED VIA SPACE-TRACK.ORG API,2025-02-19 03:22:29+00:00,18 SPCS,NOAA 19,2009-005A,EARTH,TEME,UTC,SGP4,2025-02-18 21:46:01.445952+00:00,14.13288221,0.00130010,99.0127,113.9287,319.0688,40.9506,0,U,33591,999,82621,0.00020461000000,0.00000338,0.0000000000000,7226.278,101.890,857.538,838.748,PAYLOAD,LARGE,US,2009-02-06,AFWTR,,4645147,281145212,0 NOAA 19,1 33591U 09005A   25049.90696118  .00000338  00000-0  20461-3 0  9995,2 33591  99.0127 113.9287 0013001 319.0688  40.9506 14.13288221826217
3.0,GENERATED VIA SPACE-TRACK.ORG API,2025-02-19 07:16:32+00:00,18 SPCS,NOAA 19,2009-005A,EARTH,TEME,UTC,SGP4,2025-02-19 04:33:48.603168+00:00,14.13288434,0.00129890,99.0126,114.2138,318.2304,41.7875,0,U,33591,999,82651,0.00020029000000,0.00000330,0.0000000000000,7226.278,101.890,857.529,838.756,PAYLOAD,LARGE,US,2009-02-06,AFWTR,,4645415,281170417,0 NOAA 19,1 33591U 09005A   25050.19014587  .00000330  00000-0  20029-3 0  9994,2 33591  99.0126 114.2138 0012989 318.2304  41.7875 14.13288434826512
3.0,GENERATED VIA SPACE-TRACK.ORG API,2025-02-19 15:06:19+00:00,18 SPCS,NOAA 19,2009-005A,EARTH,TEME,UTC,SGP4,2025-02-19 11:21:35.748288+00:00,14.13288844,0.00129690,99.0126,114.4991,317.4011,42.6154,0,U,33591,999,82655,0.00021741000000,0.00000362,0.0000000000000,7226.276,101.890,857.513,838.769,PAYLOAD,LARGE,US,2009-02-06,AFWTR,,4645765,281178580,0 NOAA 19,1 33591U 09005A   25050.47333042  .00000362  00000-0  21741-3 0  9992,2 33591  99.0126 114.4991 0012969 317.4011  42.6154 14.13288844826554
3.0,GENERATED VIA SPACE-TRACK.ORG API,2025-02-19 17:30:14+00:00,18 SPCS,NOAA 19,2009-005A,EARTH,TEME,UTC,SGP4,2025-02-19 14:45:29.323008+00:00,14.13288949,0.00129650,99.0126,114.6417,316.9810,43.0347,0,U,33591,999,82631,0.00021469000000,0.00000357,0.0000000000000,7226.276,101.890,857.510,838.772,PAYLOAD,LARGE,US,2009-02-06,AFWTR,,4645907,281192216,0 NOAA 19,1 33591U 09005A   25050.61492272  .00000357  00000-0  21469-3 0  9990,2 33591  99.0126 114.6417 0012965 316.9810  43.0347 14.13288949826315
3.0,GENERATED VIA SPACE-TRACK.ORG API,2025-02-19 22:46:18+00:00,18 SPCS,NOAA 19,2009-005A,EARTH,TEME,UTC,SGP4,2025-02-19 18:09:22.899456+00:00,14.13288980,0.00129620,99.0125,114.7843,316.5558,43.4592,0,U,33591,999,82659,0.00020382000000,0.00000337,0.0000000000000,7226.276,101.890,857.507,838.774,PAYLOAD,LARGE,US,2009-02-06,AFWTR,,4646076,281215433,0 NOAA 19,1 33591U 09005A   25050.75651504  .00000337  00000-0  20382-3 0  9991,2 33591  99.0125 114.7843 0012962 316.5558  43.4592 14.13288980826591
3.0,GENERATED VIA SPACE-TRACK.ORG API,2025-02-20 03:30:21+00:00,18 SPCS,NOAA 19,2009-005A,EARTH,TEME,UTC,SGP4,2025-02-19 21:33:16.470720+00:00,14.13289100,0.00129580,99.0125,114.9269,316.1352,43.8790,0,U,33591,999,82635,0.00020646000000,0.00000342,0.0000000000000,7226.275,101.890,857.504,838.776,PAYLOAD,LARGE,US,2009-02-06,AFWTR,,4646218,281228468,0 NOAA 19,1 33591U 09005A   25050.89810730  .00000342  00000-0  20646-3 0  9993,2 33591  99.0125 114.9269 0012958 316.1352  43.8790 14.13289100826351
3.0,GENERATED VIA SPACE-TRACK.ORG API,2025-02-20 07:16:17+00:00,18 SPCS,NOAA 19,2009-005A,EARTH,TEME,UTC,SGP4,2025-02-20 04:21:03.614112+00:00,14.13289295,0.00129470,99.0124,115.2120,315.2900,44.7228,0,U,33591,999,82665,0.00020116000000,0.00000332,0.0000000000000,7226.275,101.890,857.495,838.784,PAYLOAD,LARGE,US,2009-02-06,AFWTR,,4646505,281254834,0 NOAA 19,1 33591U 09005A   25051.18129183  .00000332  00000-0  20116-3 0  9992,2 33591  99.0124 115.2120 0012947 315.2900  44.7228 14.13289295826651
3.0,GENERATED VIA SPACE-TRACK.ORG API,2025-02-20 17:16:22+00:00,18 SPCS,NOAA 19,2009-005A,EARTH,TEME,UTC,SGP4,2025-02-20 14:32:44.324448+00:00,14.13289675,0.00129290,99.0124,115.6398,314.0437,45.9669,0,U,33591,999,82645,0.00021093000000,0.00000350,0.0000000000000,7226.273,101.890,857.481,838.795,PAYLOAD,LARGE,US,2009-02-06,AFWTR,,4646637,281268207,0 NOAA 19,1 33591U 09005A   25051.60606857  .00000350  00000-0  21093-3 0  9992,2 33591  99.0124 115.6398 0012929 314.0437  45.9669 14.13289675826456
3.0,GENERATED VIA SPACE-TRACK.ORG API,2025-02-20 23:56:19+00:00,18 SPCS,NOAA 19,2009-005A,EARTH,TEME,UTC,SGP4,2025-02-20 21:20:31.454016+00:00,14.13289757,0.00129320,99.0123,115.9251,313.1704,46.8386,0,U,33591,999,82675,0.00019782000000,0.00000326,0.0000000000000,7226.273,101.890,857.483,838.793,PAYLOAD,LARGE,US,2009-02-06,AFWTR,,4647023,281296779,0 NOAA 19,1 33591U 09005A   25051.88925294  .00000326  00000-0  19782-3 0  9996,2 33591  99.0123 115.9251 0012932 313.1704  46.8386 14.13289757826757
3.0,GENERATED VIA SPACE-TRACK.ORG API,2025-02-21 06:46:19+00:00,18 SPCS,NOAA 19,2009-005A,EARTH,TEME,UTC,SGP4,2025-02-21 04:08:18.584448+00:00,14.13289961,0.00129280,99.0122,116.2102,312.3137,47.6938,0,U,33591,999,82679,0.00019413000000,0.00000319,0.0000000000000,7226.272,101.890,857.479,838.795,PAYLOAD,LARGE,US,2009-02-06,AFWTR,,4647353,281334219,0 NOAA 19,1 33591U 09005A   25052.17243732  .00000319  00000-0  19413-3 0  9992,2 33591  99.0122 116.2102 0012928 312.3137  47.6938 14.13289961826794
3.0,GENERATED VIA SPACE-TRACK.ORG API,2025-02-21 14:56:19+00:00,18 SPCS,NOAA 19,2009-005A,EARTH,TEME,UTC,SGP4,2025-02-21 12:38:02.490144+00:00,14.13290335,0.00129120,99.0121,116.5667,311.2617,48.7442,0,U,33591,999,82684,0.00020688000000,0.00000343,0.0000000000000,7226.271,101.890,857.467,838.806,PAYLOAD,LARGE,US,2009-02-06,AFWTR,,4647708,281342938,0 NOAA 19,1 33591U 09005A   25052.52641771  .00000343  00000-0  20688-3 0  9999,2 33591  99.0121 116.5667 0012912 311.2617  48.7442 14.13290335826841
3.0,GENERATED VIA SPACE-TRACK.ORG API,2025-02-21 18:09:55+00:00,18 SPCS,NOAA 19,2009-005A,EARTH,TEME,UTC,SGP4,2025-02-21 14:19:59.271456+00:00,14.13290382,0.00129120,99.0121,116.6380,311.0401,48.9654,0,U,33591,999,82659,0.00020573000000,0.00000340,0.0000000000000,7226.271,101.890,857.466,838.805,PAYLOAD,LARGE,US,2009-02-06,AFWTR,,4647856,281356580,0 NOAA 19,1 33591U 09005A   25052.59721379  .00000340  00000-0  20573-3 0  9999,2 33591  99.0121 116.6380 0012912 311.0401  48.9654 14.13290382826594
3.0,GENERATED VIA SPACE-TRACK.ORG API,2025-02-21 22:46:16+00:00,18 SPCS,NOAA 19,2009-005A,EARTH,TEME,UTC,SGP4,2025-02-21 19:25:49.613664+00:00,14.13290522,0.00129110,99.0121,116.8519,310.4123,49.5921,0,U,33591,999,82688,0.00020380000000,0.00000337,0.0000000000000,7226.270,101.890,857.465,838.806,PAYLOAD,LARGE,US,2009-02-06,AFWTR,,4648041,281380070,0 NOAA 19,1 33591U 09005A   25052.80960201  .00000337  00000-0  20380-3 0  9994,2 33591  99.0121 116.8519 0012911 310.4123  49.5921 14.13290522826885
3.0,GENERATED VIA SPACE-TRACK.ORG API,2025-02-22 04:38:36+00:00,18 SPCS,NOAA 19,2009-005A,EARTH,TEME,UTC,SGP4,2025-02-21 21:07:46.385472+00:00,14.13290567,0.00129080,99.0120,116.9232,310.1905,49.8136,0,U,33591,999,82663,0.00020041000000,0.00000330,0.0000000000000,7226.270,101.890,857.463,838.808,PAYLOAD,LARGE,US,2009-02-06,AFWTR,,4648157,281392919,0 NOAA 19,1 33591U 09005A   25052.88039798  .00000330  00000-0  20041-3 0  9997,2 33591  99.0120 116.9232 0012908 310.1905  49.8136 14.13290567826631
3.0,GENERATED VIA SPACE-TRACK.ORG API,2025-02-22 07:06:17+00:00,18 SPCS,NOAA 19,2009-005A,EARTH,TEME,UTC,SGP4,2025-02-22 03:55:33.502944+00:00,14.13290770,0.00129070,99.0120,117.2084,309.3341,50.6686,0,U,33591,999,82693,0.00019536000000,0.00000321,0.0000000000000,7226.270,101.890,857.462,838.808,PAYLOAD,LARGE,US,2009-02-06,AFWTR,,4648423,281417922,0 NOAA 19,1 33591U 09005A   25053.16358221  .00000321  00000-0  19536-3 0  9991,2 33591  99.0120 117.2084 0012907 309.3341  50.6686 14.13290770826932
3.0,GENERATED VIA SPACE-TRACK.ORG API,2025-02-22 14:56:18+00:00,18 SPCS,NOAA 19,2009-005A,EARTH,TEME,UTC,SGP4,2025-02-22 10:43:20.615232+00:00,14.13291128,0.00128920,99.0119,117.4936,308.5031,51.4984,0,U,33591,999,82697,0.00020880000000,0.00000346,0.0000000000000,7226.268,101.890,857.449,838.817,PAYLOAD,LARGE,US,2009-02-06,AFWTR,,4648736,281426975,0 NOAA 19,1 33591U 09005A   25053.44676638  .00000346  00000-0  20880-3 0  9998,2 33591  99.0119 117.4936 0012892 308.5031  51.4984 14.13291128826970
3.0,GENERATED VIA SPACE-TRACK.ORG API,2025-02-22 18:45:51+00:00,18 SPCS,NOAA 19,2009-005A,EARTH,TEME,UTC,SGP4,2025-02-22 14:07:14.172672+00:00,14.13291207,0.00128860,99.0119,117.6361,308.0733,51.9276,0,U,33591,999,82673,0.00020436000000,0.00000338,0.0000000000000,7226.268,101.890,857.445,838.821,PAYLOAD,LARGE,US,2009-02-06,AFWTR,,4648906,281441305,0 NOAA 19,1 33591U 09005A   25053.58835848  .00000338  00000-0  20436-3 0  9991,2 33591  99.0119 117.6361 0012886 308.0733  51.9276 14.13291207826732
3.0,GENERATED VIA SPACE-TRACK.ORG API,2025-02-22 22:56:16+00:00,18 SPCS,NOAA 19,2009-005A,EARTH,TEME,UTC,SGP4,2025-02-22 19:13:04.506240+00:00,14.13291341,0.00128850,99.0118,117.8500,307.4305,52.5694,0,U,33591,999,82702,0.00020287000000,0.00000335,0.0000000000000,7226.268,101.890,857.444,838.822,PAYLOAD,LARGE,US,2009-02-06,AFWTR,,4649154,281464589,0 NOAA 19,1 33591U 09005A   25053.80074660  .00000335  00000-0  20287-3 0  9994,2 33591  99.0118 117.8500 0012885 307.4305  52.5694 14.13291341827028
3.0,GENERATED VIA SPACE-TRACK.ORG API,2025-02-23 06:56:19+00:00,18 SPCS,NOAA 19,2009-005A,EARTH,TEME,UTC,SGP4,2025-02-23 03:42:48.380832+00:00,14.13291689,0.00128740,99.0117,118.2065,306.3462,53.6521,0,U,33591,999,82707,0.00020504000000,0.00000339,0.0000000000000,7226.266,101.890,857.435,838.828,PAYLOAD,LARGE,US,2009-02-06,AFWTR,,4649391,281472296,0 NOAA 19,1 33591U 09005A   25054.15472663  .00000339  00000-0  20504-3 0  9994,2 33591  99.0117 118.2065 0012874 306.3462  53.6521 14.13291689827079
3.0,GENERATED VIA SPACE-TRACK.ORG API,2025-02-23 10:39:07+00:00,18 SPCS,NOAA 19,2009-005A,EARTH,TEME,UTC,SGP4,2025-02-22 20:55:01.275456+00:00,14.13291481,0.00128780,99.0118,117.9213,307.2138,52.7858,0,U,33591,999,82677,0.00020930000000,0.00000347,0.0000000000000,7226.267,101.890,857.438,838.826,PAYLOAD,LARGE,US,2009-02-06,AFWTR,,4649559,281486157,0 NOAA 19,1 33591U 09005A   25053.87154254  .00000347  00000-0  20930-3 0  9997,2 33591  99.0118 117.9213 0012878 307.2138  52.7858 14.13291481826774
3.0,GENERATED VIA SPACE-TRACK.ORG API,2025-02-23 14:46:17+00:00,18 SPCS,NOAA 19,2009-005A,EARTH,TEME,UTC,SGP4,2025-02-23 10:30:35.479296+00:00,14.13292032,0.00128600,99.0116,118.4917,305.5065,54.4907,0,U,33591,999,82711,0.00021076000000,0.00000350,0.0000000000000,7226.265,101.890,857.423,838.837,PAYLOAD,LARGE,US,2009-02-06,AFWTR,,4649716,281510200,0 NOAA 19,1 33591U 09005A   25054.43791064  .00000350  00000-0  21076-3 0  9992,2 33591  99.0116 118.4917 0012860 305.5065  54.4907 14.13292032827116
3.0,GENERATED VIA SPACE-TRACK.ORG API,2025-02-23 23:06:18+00:00,18 SPCS,NOAA 19,2009-005A,EARTH,TEME,UTC,SGP4,2025-02-23 19:00:19.359072+00:00,14.13292249,0.00128560,99.0115,118.8481,304.4253,55.5703,0,U,33591,999,82716,0.00020276000000,0.00000335,0.0000000000000,7226.265,101.890,857.420,838.839,PAYLOAD,LARGE,US,2009-02-06,AFWTR,,4650106,281519114,0 NOAA 19,1 33591U 09005A   25054.79189073  .00000335  00000-0  20276-3 0  9996,2 33591  99.0115 118.8481 0012856 304.4253  55.5703 14.13292249827168
3.0,GENERATED VIA SPACE-TRACK.ORG API,2025-02-24 04:39:28+00:00,18 SPCS,NOAA 19,2009-005A,EARTH,TEME,UTC,SGP4,2025-02-23 22:24:12.900960+00:00,14.13292382,0.00128550,99.0115,118.9907,303.9807,56.0143,0,U,33591,999,82692,0.00020588000000,0.00000341,0.0000000000000,7226.264,101.890,857.418,838.840,PAYLOAD,LARGE,US,2009-02-06,AFWTR,,4650244,281532632,0 NOAA 19,1 33591U 09005A   25054.93348265  .00000341  00000-0  20588-3 0  9995,2 33591  99.0115 118.9907 0012855 303.9807  56.0143 14.13292382826925
3.0,GENERATED VIA SPACE-TRACK.ORG API,2025-02-24 07:06:27+00:00,18 SPCS,NOAA 19,2009-005A,EARTH,TEME,UTC,SGP4,2025-02-24 03:30:03.216384+00:00,14.13292610,0.00128560,99.0114,119.2046,303.3262,56.6679,0,U,33591,999,82721,0.00020897000000,0.00000347,0.0000000000000,7226.263,101.890,857.418,838.838,PAYLOAD,LARGE,US,2009-02-06,AFWTR,,4650495,281557078,0 NOAA 19,1 33591U 09005A   25055.14587056  .00000347  00000-0  20897-3 0  9991,2 33591  99.0114 119.2046 0012856 303.3262  56.6679 14.13292610827219
3.0,GENERATED VIA SPACE-TRACK.ORG API,2025-02-24 14:56:17+00:00,18 SPCS,NOAA 19,2009-005A,EARTH,TEME,UTC,SGP4,2025-02-24 11:59:47.062464+00:00,14.13293104,0.00128470,99.0114,119.5611,302.2538,57.7388,0,U,33591,999,82726,0.00022490000000,0.00000376,0.0000000000000,7226.262,101.890,857.410,838.843,PAYLOAD,LARGE,US,2009-02-06,AFWTR,,4650769,281564896,0 NOAA 19,1 33591U 09005A   25055.49985026  .00000376  00000-0  22490-3 0  9991,2 33591  99.0114 119.5611 0012847 302.2538  57.7388 14.13293104827267
3.0,GENERATED VIA SPACE-TRACK.ORG API,2025-02-24 17:11:11+00:00,18 SPCS,NOAA 19,2009-005A,EARTH,TEME,UTC,SGP4,2025-02-24 13:41:43.832544+00:00,14.13293171,0.00128460,99.0114,119.6323,302.0370,57.9553,0,U,33591,999,82701,0.00022402000000,0.00000375,0.0000000000000,7226.261,101.890,857.409,838.844,PAYLOAD,LARGE,US,2009-02-06,AFWTR,,4650915,281578501,0 NOAA 19,1 33591U 09005A   25055.57064621  .00000375  00000-0  22402-3 0  9991,2 33591  99.0114 119.6323 0012846 302.0370  57.9553 14.13293171827012
3.0,GENERATED VIA SPACE-TRACK.ORG API,2025-02-24 22:56:18+00:00,18 SPCS,NOAA 19,2009-005A,EARTH,TEME,UTC,SGP4,2025-02-24 20:29:30.904224+00:00,14.13293778,0.00128460,99.0113,119.9175,301.1822,58.8090,0,U,33591,999,82731,0.00025859000000,0.00000440,0.0000000000000,7226.259,101.890,857.407,838.841,PAYLOAD,LARGE,US,2009-02-06,AFWTR,,4651173,281603243,0 NOAA 19,1 33591U 09005A   25055.85382991  .00000440  00000-0  25859-3 0  9997,2 33591  99.0113 119.9175 0012846 301.1822  58.8090 14.13293778827313
3.0,GENERATED VIA SPACE-TRACK.ORG API,2025-02-25 04:16:25+00:00,18 SPCS,NOAA 19,2009-005A,EARTH,TEME,UTC,SGP4,2025-02-24 22:11:27.672576+00:00,14.13293831,0.00128440,99.0113,119.9888,300.9552,59.0357,0,U,33591,999,82706,0.00025710000000,0.00000437,0.0000000000000,7226.259,101.890,857.406,838.843,PAYLOAD,LARGE,US,2009-02-06,AFWTR,,4651315,281616998,0 NOAA 19,1 33591U 09005A   25055.92462584  .00000437  00000-0  25710-3 0  9994,2 33591  99.0113 119.9888 0012844 300.9552  59.0357 14.13293831827060
3.0,GENERATED VIA SPACE-TRACK.ORG API,2025-02-25 06:56:17+00:00,18 SPCS,NOAA 19,2009-005A,EARTH,TEME,UTC,SGP4,2025-02-25 04:59:14.742528+00:00,14.13294005,0.00128380,99.0112,120.2740,300.0941,59.8957,0,U,33591,999,82736,0.00024548000000,0.00000415,0.0000000000000,7226.259,101.890,857.401,838.846,PAYLOAD,LARGE,US,2009-02-06,AFWTR,,4651504,281640424,0 NOAA 19,1 33591U 09005A   25056.20780952  .00000415  00000-0  24548-3 0  9992,2 33591  99.0112 120.2740 0012838 300.0941  59.8957 14.13294005827368
3.0,GENERATED VIA SPACE-TRACK.ORG API,2025-02-25 14:56:34+00:00,18 SPCS,NOAA 19,2009-005A,EARTH,TEME,UTC,SGP4,2025-02-25 10:05:05.043264+00:00,14.13294205,0.00128340,99.0112,120.4878,299.4591,60.5300,0,U,33591,999,82739,0.00024627000000,0.00000417,0.0000000000000,7226.258,101.890,857.397,838.849,PAYLOAD,LARGE,US,2009-02-06,AFWTR,,4651878,281649025,0 NOAA 19,1 33591U 09005A   25056.42019726  .00000417  00000-0  24627-3 0  9990,2 33591  99.0112 120.4878 0012834 299.4591  60.5300 14.13294205827396
3.0,GENERATED VIA SPACE-TRACK.ORG API,2025-02-25 17:55:50+00:00,18 SPCS,NOAA 19,2009-005A,EARTH,TEME,UTC,SGP4,2025-02-25 13:28:58.581696+00:00,14.13294319,0.00128310,99.0112,120.6304,299.0241,60.9644,0,U,33591,999,82715,0.00024509000000,0.00000414,0.0000000000000,7226.257,101.890,857.395,838.850,PAYLOAD,LARGE,US,2009-02-06,AFWTR,,4652023,281663768,0 NOAA 19,1 33591U 09005A   25056.56178914  .00000414  00000-0  24509-3 0  9996,2 33591  99.0112 120.6304 0012831 299.0241  60.9644 14.13294319827152
3.0,GENERATED VIA SPACE-TRACK.ORG API,2025-02-25 22:56:18+00:00,18 SPCS,NOAA 19,2009-005A,EARTH,TEME,UTC,SGP4,2025-02-25 20:16:45.647328+00:00,14.13294516,0.00128420,99.0111,120.9156,298.1507,61.8367,0,U,33591,999,82745,0.00024134000000,0.00000407,0.0000000000000,7226.257,101.890,857.402,838.842,PAYLOAD,LARGE,US,2009-02-06,AFWTR,,4652276,281687887,0 NOAA 19,1 33591U 09005A   25056.84497277  .00000407  00000-0  24134-3 0  9999,2 33591  99.0111 120.9156 0012842 298.1507  61.8367 14.13294516827450
3.0,GENERATED VIA SPACE-TRACK.ORG API,2025-02-26 03:22:39+00:00,18 SPCS,NOAA 19,2009-005A,EARTH,TEME,UTC,SGP4,2025-02-25 21:58:42.409632+00:00,14.13294611,0.00128410,99.0111,120.9869,297.9362,62.0510,0,U,33591,999,82720,0.00024486000000,0.00000414,0.0000000000000,7226.256,101.890,857.401,838.842,PAYLOAD,LARGE,US,2009-02-06,AFWTR,,4652430,281701566,0 NOAA 19,1 33591U 09005A   25056.91576863  .00000414  00000-0  24486-3 0  9994,2 33591  99.0111 120.9869 0012841 297.9362  62.0510 14.13294611827208
3.0,GENERATED VIA SPACE-TRACK.ORG API,2025-02-26 06:56:20+00:00,18 SPCS,NOAA 19,2009-005A,EARTH,TEME,UTC,SGP4,2025-02-26 03:04:32.703456+00:00,14.13294835,0.00128360,99.0110,121.2007,297.2905,62.6960,0,U,33591,999,82749,0.00024684000000,0.00000418,0.0000000000000,7226.256,101.890,857.396,838.845,PAYLOAD,LARGE,US,2009-02-06,AFWTR,,4652622,281725202,0 NOAA 19,1 33591U 09005A   25057.12815629  .00000418  00000-0  24684-3 0  9998,2 33591  99.0110 121.2007 0012836 297.2905  62.6960 14.13294835827499
3.0,GENERATED VIA SPACE-TRACK.ORG API,2025-02-26 14:56:20+00:00,18 SPCS,NOAA 19,2009-005A,EARTH,TEME,UTC,SGP4,2025-02-26 09:52:19.755264+00:00,14.13295281,0.00128290,99.0110,121.4859,296.4365,63.5490,0,U,33591,999,82753,0.00026352000000,0.00000449,0.0000000000000,7226.254,101.890,857.390,838.849,PAYLOAD,LARGE,US,2009-02-06,AFWTR,,4652994,281733445,0 NOAA 19,1 33591U 09005A   25057.41133976  .00000449  00000-0  26352-3 0  9996,2 33591  99.0110 121.4859 0012829 296.4365  63.5490 14.13295281827538
3.0,GENERATED VIA SPACE-TRACK.ORG API,2025-02-26 17:22:59+00:00,18 SPCS,NOAA 19,2009-005A,EARTH,TEME,UTC,SGP4,2025-02-26 14:58:10.040448+00:00,14.13295471,0.00128200,99.0109,121.6998,295.7936,64.1913,0,U,33591,999,82730,0.00025987000000,0.00000442,0.0000000000000,7226.254,101.890,857.383,838.855,PAYLOAD,LARGE,US,2009-02-06,AFWTR,,4653097,281747710,0 NOAA 19,1 33591U 09005A   25057.62372732  .00000442  00000-0  25987-3 0  9990,2 33591  99.0109 121.6998 0012820 295.7936  64.1913 14.13295471827302
3.0,GENERATED VIA SPACE-TRACK.ORG API,2025-02-26 22:56:29+00:00,18 SPCS,NOAA 19,2009-005A,EARTH,TEME,UTC,SGP4,2025-02-26 18:22:03.561600+00:00,14.13295620,0.00128160,99.0109,121.8423,295.3740,64.6105,0,U,33591,999,82758,0.00026225000000,0.00000447,0.0000000000000,7226.253,101.890,857.379,838.857,PAYLOAD,LARGE,US,2009-02-06,AFWTR,,4653329,281771084,0 NOAA 19,1 33591U 09005A   25057.76531900  .00000447  00000-0  26225-3 0  9990,2 33591  99.0109 121.8423 0012816 295.3740  64.6105 14.13295620827585
3.0,GENERATED VIA SPACE-TRACK.ORG API,2025-02-27 04:29:36+00:00,18 SPCS,NOAA 19,2009-005A,EARTH,TEME,UTC,SGP4,2025-02-26 21:45:57.085344+00:00,14.13295745,0.00128130,99.0108,121.9849,294.9348,65.0492,0,U,33591,999,82734,0.00026030000000,0.00000443,0.0000000000000,7226.253,101.890,857.377,838.859,PAYLOAD,LARGE,US,2009-02-06,AFWTR,,4653417,281784589,0 NOAA 19,1 33591U 09005A   25057.90691071  .00000443  00000-0  26030-3 0  9992,2 33591  99.0108 121.9849 0012813 294.9348  65.0492 14.13295745827349
3.0,GENERATED VIA SPACE-TRACK.ORG API,2025-02-27 06:56:25+00:00,18 SPCS,NOAA 19,2009-005A,EARTH,TEME,UTC,SGP4,2025-02-27 02:51:47.367072+00:00,14.13295948,0.00128090,99.0108,122.1987,294.2970,65.6864,0,U,33591,999,82763,0.00025963000000,0.00000442,0.0000000000000,7226.252,101.889,857.373,838.861,PAYLOAD,LARGE,US,2009-02-06,AFWTR,,4653621,281808506,0 NOAA 19,1 33591U 09005A   25058.11929823  .00000442  00000-0  25963-3 0  9998,2 33591  99.0108 122.1987 0012809 294.2970  65.6864 14.13295948827630
3.0,GENERATED VIA SPACE-TRACK.ORG API,2025-02-27 15:46:17+00:00,18 SPCS,NOAA 19,2009-005A,EARTH,TEME,UTC,SGP4,2025-02-27 13:03:27.916704+00:00,14.13296373,0.00127950,99.0107,122.6265,293.0015,66.9807,0,U,33591,999,82769,0.00026014000000,0.00000443,0.0000000000000,7226.250,101.889,857.361,838.870,PAYLOAD,LARGE,US,2009-02-06,AFWTR,,4654023,281818417,0 NOAA 19,1 33591U 09005A   25058.54407311  .00000443  00000-0  26014-3 0  9997,2 33591  99.0107 122.6265 0012795 293.0015  66.9807 14.13296373827694
3.0,GENERATED VIA SPACE-TRACK.ORG API,2025-02-27 22:46:18+00:00,18 SPCS,NOAA 19,2009-005A,EARTH,TEME,UTC,SGP4,2025-02-27 19:51:14.941728+00:00,14.13296699,0.00127940,99.0107,122.9116,292.1538,67.8276,0,U,33591,999,82773,0.00026764000000,0.00000457,0.0000000000000,7226.249,101.889,857.360,838.869,PAYLOAD,LARGE,US,2009-02-06,AFWTR,,4654393,281855224,0 NOAA 19,1 33591U 09005A   25058.82725627  .00000457  00000-0  26764-3 0  9998,2 33591  99.0107 122.9116 0012794 292.1538  67.8276 14.13296699827737
3.0,GENERATED VIA SPACE-TRACK.ORG API,2025-02-28 03:00:46+00:00,18 SPCS,NOAA 19,2009-005A,EARTH,TEME,UTC,SGP4,2025-02-27 21:33:11.699712+00:00,14.13296899,0.00127890,99.0107,122.9829,291.9455,68.0357,0,U,33591,999,82748,0.00028070000000,0.00000481,0.0000000000000,7226.249,101.889,857.355,838.872,PAYLOAD,LARGE,US,2009-02-06,AFWTR,,4654471,281868566,0 NOAA 19,1 33591U 09005A   25058.89805208  .00000481  00000-0  28070-3 0  9998,2 33591  99.0107 122.9829 0012789 291.9455  68.0357 14.13296899827484
3.0,GENERATED VIA SPACE-TRACK.ORG API,2025-02-28 07:06:17+00:00,18 SPCS,NOAA 19,2009-005A,EARTH,TEME,UTC,SGP4,2025-02-28 04:20:58.721280+00:00,14.13297160,0.00127830,99.0106,123.2680,291.0839,68.8965,0,U,33591,999,82778,0.00027550000000,0.00000471,0.0000000000000,7226.248,101.889,857.350,838.875,PAYLOAD,LARGE,US,2009-02-06,AFWTR,,4654679,281892613,0 NOAA 19,1 33591U 09005A   25059.18123520  .00000471  00000-0  27550-3 0  9992,2 33591  99.0106 123.2680 0012783 291.0839  68.8965 14.13297160827781
3.0,GENERATED VIA SPACE-TRACK.ORG API,2025-02-28 14:56:18+00:00,18 SPCS,NOAA 19,2009-005A,EARTH,TEME,UTC,SGP4,2025-02-28 11:08:45.745440+00:00,14.13297333,0.00127670,99.0105,123.5531,290.2083,69.7716,0,U,33591,999,82782,0.00026771000000,0.00000457,0.0000000000000,7226.247,101.889,857.338,838.886,PAYLOAD,LARGE,US,2009-02-06,AFWTR,,4655032,281901458,0 NOAA 19,1 33591U 09005A   25059.46441835  .00000457  00000-0  26771-3 0  9993,2 33591  99.0105 123.5531 0012767 290.2083  69.7716 14.13297333827823
3.0,GENERATED VIA SPACE-TRACK.ORG API,2025-02-28 19:05:01+00:00,18 SPCS,NOAA 19,2009-005A,EARTH,TEME,UTC,SGP4,2025-02-28 12:50:42.505152+00:00,14.13297225,0.00127660,99.0105,123.6244,289.9915,69.9882,0,U,33591,999,82757,0.00025152000000,0.00000426,0.0000000000000,7226.248,101.889,857.338,838.888,PAYLOAD,LARGE,US,2009-02-06,AFWTR,,4655208,281915294,0 NOAA 19,1 33591U 09005A   25059.53521418  .00000426  00000-0  25152-3 0  9995,2 33591  99.0105 123.6244 0012766 289.9915  69.9882 14.13297225827571
3.0,GENERATED VIA SPACE-TRACK.ORG API,2025-02-28 22:46:18+00:00,18 SPCS,NOAA 19,2009-005A,EARTH,TEME,UTC,SGP4,2025-02-28 19:38:29.518944+00:00,14.13297464,0.00127720,99.0104,123.9096,289.1500,70.8289,0,U,33591,999,82787,0.00024961000000,0.00000423,0.0000000000000,7226.247,101.889,857.341,838.882,PAYLOAD,LARGE,US,2009-02-06,AFWTR,,4655396,281938827,0 NOAA 19,1 33591U 09005A   25059.81839721  .00000423  00000-0  24961-3 0  9999,2 33591  99.0104 123.9096 0012772 289.1500  70.8289 14.13297464827877
3.0,GENERATED VIA SPACE-TRACK.ORG API,2025-03-01 04:47:04+00:00,18 SPCS,NOAA 19,2009-005A,EARTH,TEME,UTC,SGP4,2025-02-28 21:20:26.268288+00:00,14.13297751,0.00127700,99.0104,123.9809,288.9367,71.0420,0,U,33591,999,82762,0.00026982000000,0.00000461,0.0000000000000,7226.246,101.889,857.339,838.883,PAYLOAD,LARGE,US,2009-02-06,AFWTR,,4655475,281951480,0 NOAA 19,1 33591U 09005A   25059.88919292  .00000461  00000-0  26982-3 0  9995,2 33591  99.0104 123.9809 0012770 288.9367  71.0420 14.13297751827627
3.0,GENERATED VIA SPACE-TRACK.ORG API,2025-03-01 06:56:17+00:00,18 SPCS,NOAA 19,2009-005A,EARTH,TEME,UTC,SGP4,2025-03-01 04:08:13.276032+00:00,14.13298015,0.00127690,99.0103,124.2661,288.1037,71.8743,0,U,33591,999,82792,0.00026626000000,0.00000454,0.0000000000000,7226.245,101.889,857.337,838.883,PAYLOAD,LARGE,US,2009-02-06,AFWTR,,4655667,281975675,0 NOAA 19,1 33591U 09005A   25060.17237588  .00000454  00000-0  26626-3 0  9997,2 33591  99.0103 124.2661 0012769 288.1037  71.8743 14.13298015827923
3.0,GENERATED VIA SPACE-TRACK.ORG API,2025-03-01 14:56:17+00:00,18 SPCS,NOAA 19,2009-005A,EARTH,TEME,UTC,SGP4,2025-03-01 12:37:57.038304+00:00,14.13298006,0.00127640,99.0103,124.6225,287.0067,72.9706,0,U,33591,999,82797,0.00023450000000,0.00000394,0.0000000000000,7226.245,101.889,857.334,838.886,PAYLOAD,LARGE,US,2009-02-06,AFWTR,,4656077,281984872,0 NOAA 19,1 33591U 09005A   25060.52635461  .00000394  00000-0  23450-3 0  9993,2 33591  99.0103 124.6225 0012764 287.0067  72.9706 14.13298006827975
3.0,GENERATED VIA SPACE-TRACK.ORG API,2025-03-01 17:52:32+00:00,18 SPCS,NOAA 19,2009-005A,EARTH,TEME,UTC,SGP4,2025-03-01 14:19:53.789376+00:00,14.13298055,0.00127670,99.0103,124.6938,286.7911,73.1860,0,U,33591,999,82772,0.00023254000000,0.00000391,0.0000000000000,7226.245,101.889,857.336,838.884,PAYLOAD,LARGE,US,2009-02-06,AFWTR,,4656182,281998840,0 NOAA 19,1 33591U 09005A   25060.59715034  .00000391  00000-0  23254-3 0  9994,2 33591  99.0103 124.6938 0012767 286.7911  73.1860 14.13298055827724
3.0,GENERATED VIA SPACE-TRACK.ORG API,2025-03-01 22:56:19+00:00,18 SPCS,NOAA 19,2009-005A,EARTH,TEME,UTC,SGP4,2025-03-01 19:25:44.040000+00:00,14.13298201,0.00127760,99.0103,124.9077,286.1547,73.8218,0,U,33591,999,82801,0.00022945000000,0.00000385,0.0000000000000,7226.244,101.889,857.342,838.877,PAYLOAD,LARGE,US,2009-02-06,AFWTR,,4656404,282023089,0 NOAA 19,1 33591U 09005A   25060.80953750  .00000385  00000-0  22945-3 0  9996,2 33591  99.0103 124.9077 0012776 286.1547  73.8218 14.13298201828010
3.0,GENERATED VIA SPACE-TRACK.ORG API,2025-03-02 06:56:17+00:00,18 SPCS,NOAA 19,2009-005A,EARTH,TEME,UTC,SGP4,2025-03-02 03:55:27.785856+00:00,14.13298504,0.00127810,99.0101,125.2641,285.0869,74.8888,0,U,33591,999,82806,0.00022370000000,0.00000374,0.0000000000000,7226.243,101.889,857.344,838.872,PAYLOAD,LARGE,US,2009-02-06,AFWTR,,4656667,282029953,0 NOAA 19,1 33591U 09005A   25061.16351604  .00000374  00000-0  22370-3 0  9996,2 33591  99.0101 125.2641 0012781 285.0869  74.8888 14.13298504828065
3.0,GENERATED VIA SPACE-TRACK.ORG API,2025-03-02 09:28:08+00:00,18 SPCS,NOAA 19,2009-005A,EARTH,TEME,UTC,SGP4,2025-03-01 21:07:40.791936+00:00,14.13298269,0.00127770,99.0102,124.9789,285.9477,74.0287,0,U,33591,999,82776,0.00023208000000,0.00000390,0.0000000000000,7226.244,101.889,857.342,838.876,PAYLOAD,LARGE,US,2009-02-06,AFWTR,,4656805,282043762,0 NOAA 19,1 33591U 09005A   25060.88033324  .00000390  00000-0  23208-3 0  9999,2 33591  99.0102 124.9789 0012777 285.9477  74.0287 14.13298269827763
3.0,GENERATED VIA SPACE-TRACK.ORG API,2025-03-02 14:56:18+00:00,18 SPCS,NOAA 19,2009-005A,EARTH,TEME,UTC,SGP4,2025-03-02 12:25:11.534304+00:00,14.13298649,0.00127720,99.0101,125.6205,283.9842,75.9910,0,U,33591,999,82811,0.00020634000000,0.00000342,0.0000000000000,7226.243,101.889,857.337,838.878,PAYLOAD,LARGE,US,2009-02-06,AFWTR,,4657030,282068005,0 NOAA 19,1 33591U 09005A   25061.51749461  .00000342  00000-0  20634-3 0  9993,2 33591  99.0101 125.6205 0012772 283.9842  75.9910 14.13298649828117
3.0,GENERATED VIA SPACE-TRACK.ORG API,2025-03-02 18:08:23+00:00,18 SPCS,NOAA 19,2009-005A,EARTH,TEME,UTC,SGP4,2025-03-02 14:07:08.281056+00:00,14.13298701,0.00127720,99.0101,125.6918,283.7658,76.2092,0,U,33591,999,82786,0.00020202000000,0.00000334,0.0000000000000,7226.243,101.889,857.337,838.878,PAYLOAD,LARGE,US,2009-02-06,AFWTR,,4657142,282081839,0 NOAA 19,1 33591U 09005A   25061.58829029  .00000334  00000-0  20202-3 0  9991,2 33591  99.0101 125.6918 0012772 283.7658  76.2092 14.13298701827866
3.0,GENERATED VIA SPACE-TRACK.ORG API,2025-03-02 22:56:18+00:00,18 SPCS,NOAA 19,2009-005A,EARTH,TEME,UTC,SGP4,2025-03-02 19:12:58.525632+00:00,14.13298822,0.00127780,99.0100,125.9056,283.1251,76.8494,0,U,33591,999,82815,0.00019737000000,0.00000325,0.0000000000000,7226.242,101.889,857.341,838.873,PAYLOAD,LARGE,US,2009-02-06,AFWTR,,4657400,282105673,0 NOAA 19,1 33591U 09005A   25061.80067738  .00000325  00000-0  19737-3 0  9998,2 33591  99.0100 125.9056 0012778 283.1251  76.8494 14.13298822828159
3.0,GENERATED VIA SPACE-TRACK.ORG API,2025-03-03 06:56:17+00:00,18 SPCS,NOAA 19,2009-005A,EARTH,TEME,UTC,SGP4,2025-03-03 03:42:42.259392+00:00,14.13299030,0.00127830,99.0099,126.2620,282.0378,77.9361,0,U,33591,999,82820,0.00018471000000,0.00000301,0.0000000000000,7226.241,101.889,857.344,838.869,PAYLOAD,LARGE,US,2009-02-06,AFWTR,,4657678,282113338,0 NOAA 19,1 33591U 09005A   25062.15465578  .00000301  00000-0  18471-3 0  9999,2 33591  99.0099 126.2620 0012783 282.0378  77.9361 14.13299030828204
3.0,GENERATED VIA SPACE-TRACK.ORG API,2025-03-03 09:08:08+00:00,18 SPCS,NOAA 19,2009-005A,EARTH,TEME,UTC,SGP4,2025-03-02 20:54:55.273248+00:00,14.13298817,0.00127780,99.0100,125.9769,282.9114,77.0631,0,U,33591,999,82790,0.00019299000000,0.00000317,0.0000000000000,7226.242,101.889,857.341,838.873,PAYLOAD,LARGE,US,2009-02-06,AFWTR,,4657767,282126113,0 NOAA 19,1 33591U 09005A   25061.87147307  .00000317  00000-0  19299-3 0  9990,2 33591  99.0100 125.9769 0012778 282.9114  77.0631 14.13298817827907
3.0,GENERATED VIA SPACE-TRACK.ORG API,2025-03-03 14:56:17+00:00,18 SPCS,NOAA 19,2009-005A,EARTH,TEME,UTC,SGP4,2025-03-03 12:12:25.987968+00:00,14.13299513,0.00127790,99.0099,126.6185,280.9515,79.0219,0,U,33591,999,82825,0.00020548000000,0.00000340,0.0000000000000,7226.240,101.889,857.339,838.870,PAYLOAD,LARGE,US,2009-02-06,AFWTR,,4658031,282150770,0 NOAA 19,1 33591U 09005A   25062.50863412  .00000340  00000-0  20548-3 0  9998,2 33591  99.0099 126.6185 0012779 280.9515  79.0219 14.13299513828255
3.0,GENERATED VIA SPACE-TRACK.ORG API,2025-03-03 17:23:59+00:00,18 SPCS,NOAA 19,2009-005A,EARTH,TEME,UTC,SGP4,2025-03-03 13:54:22.732992+00:00,14.13299562,0.00127800,99.0099,126.6897,280.7357,79.2376,0,U,33591,999,82800,0.00020118000000,0.00000332,0.0000000000000,7226.240,101.889,857.340,838.869,PAYLOAD,LARGE,US,2009-02-06,AFWTR,,4658111,282163638,0 NOAA 19,1 33591U 09005A   25062.57942978  .00000332  00000-0  20118-3 0  9994,2 33591  99.0099 126.6897 0012780 280.7357  79.2376 14.13299562828002
3.0,GENERATED VIA SPACE-TRACK.ORG API,2025-03-03 22:56:17+00:00,18 SPCS,NOAA 19,2009-005A,EARTH,TEME,UTC,SGP4,2025-03-03 19:00:12.968928+00:00,14.13299684,0.00127890,99.0098,126.9036,280.0936,79.8793,0,U,33591,999,82829,0.00019531000000,0.00000321,0.0000000000000,7226.239,101.889,857.346,838.863,PAYLOAD,LARGE,US,2009-02-06,AFWTR,,4658331,282188672,0 NOAA 19,1 33591U 09005A   25062.79181677  .00000321  00000-0  19531-3 0  9994,2 33591  99.0098 126.9036 0012789 280.0936  79.8793 14.13299684828299
3.0,GENERATED VIA SPACE-TRACK.ORG API,2025-03-04 02:27:07+00:00,18 SPCS,NOAA 19,2009-005A,EARTH,TEME,UTC,SGP4,2025-03-03 20:42:09.708768+00:00,14.13299604,0.00127940,99.0098,126.9749,279.8757,80.0971,0,U,33591,999,82804,0.00018236000000,0.00000297,0.0000000000000,7226.239,101.889,857.350,838.859,PAYLOAD,LARGE,US,2009-02-06,AFWTR,,4658456,282201638,0 NOAA 19,1 33591U 09005A   25062.86261237  .00000297  00000-0  18236-3 0  9996,2 33591  99.0098 126.9749 0012794 279.8757  80.0971 14.13299604828040
3.0,GENERATED VIA SPACE-TRACK.ORG API,2025-03-04 06:56:18+00:00,18 SPCS,NOAA 19,2009-005A,EARTH,TEME,UTC,SGP4,2025-03-04 03:29:56.686272+00:00,14.13299842,0.00127930,99.0097,127.2600,279.0101,80.9623,0,U,33591,999,82834,0.00018222000000,0.00000296,0.0000000000000,7226.239,101.889,857.348,838.859,PAYLOAD,LARGE,US,2009-02-06,AFWTR,,4658630,282225996,0 NOAA 19,1 33591U 09005A   25063.14579498  .00000296  00000-0  18222-3 0  9993,2 33591  99.0097 127.2600 0012793 279.0101  80.9623 14.13299842828343
3.0,GENERATED VIA SPACE-TRACK.ORG API,2025-03-04 14:56:18+00:00,18 SPCS,NOAA 19,2009-005A,EARTH,TEME,UTC,SGP4,2025-03-04 10:17:43.662048+00:00,14.13300295,0.00127890,99.0097,127.5451,278.1554,81.8167,0,U,33591,999,82838,0.00020494000000,0.00000339,0.0000000000000,7226.237,101.889,857.344,838.860,PAYLOAD,LARGE,US,2009-02-06,AFWTR,,4658988,282233502,0 NOAA 19,1 33591U 09005A   25063.42897757  .00000339  00000-0  20494-3 0  9997,2 33591  99.0097 127.5451 0012789 278.1554  81.8167 14.13300295828389
3.0,GENERATED VIA SPACE-TRACK.ORG API,2025-03-04 17:39:45+00:00,18 SPCS,NOAA 19,2009-005A,EARTH,TEME,UTC,SGP4,2025-03-04 10:17:43.662048+00:00,14.13300295,0.00127890,99.0097,127.5451,278.1554,81.8167,0,U,33591,999,82812,0.00020494000000,0.00000339,0.0000000000000,7226.237,101.889,857.344,838.860,PAYLOAD,LARGE,US,2009-02-06,AFWTR,,4659130,282248064,0 NOAA 19,1 33591U 09005A   25063.42897757  .00000339  00000-0  20494-3 0  9997,2 33591  99.0097 127.5451 0012789 278.1554  81.8167 14.13300295828121
3.0,GENERATED VIA SPACE-TRACK.ORG API,2025-03-04 22:56:18+00:00,18 SPCS,NOAA 19,2009-005A,EARTH,TEME,UTC,SGP4,2025-03-04 18:47:27.368160+00:00,14.13300544,0.00127920,99.0096,127.9015,277.0719,82.8998,0,U,33591,999,82843,0.00019443000000,0.00000319,0.0000000000000,7226.236,101.889,857.345,838.857,PAYLOAD,LARGE,US,2009-02-06,AFWTR,,4659358,282271604,0 NOAA 19,1 33591U 09005A   25063.78295565  .00000319  00000-0  19443-3 0  9995,2 33591  99.0096 127.9015 0012792 277.0719  82.8998 14.13300544828439
3.0,GENERATED VIA SPACE-TRACK.ORG API,2025-03-05 03:07:25+00:00,18 SPCS,NOAA 19,2009-005A,EARTH,TEME,UTC,SGP4,2025-03-04 20:29:24.109728+00:00,14.13300474,0.00127920,99.0096,127.9728,276.8454,83.1263,0,U,33591,999,82818,0.00018356000000,0.00000299,0.0000000000000,7226.237,101.889,857.345,838.858,PAYLOAD,LARGE,US,2009-02-06,AFWTR,,4659450,282284265,0 NOAA 19,1 33591U 09005A   25063.85375127  .00000299  00000-0  18356-3 0  9995,2 33591  99.0096 127.9728 0012792 276.8454  83.1263 14.13300474828186
3.0,GENERATED VIA SPACE-TRACK.ORG API,2025-03-05 07:06:34+00:00,18 SPCS,NOAA 19,2009-005A,EARTH,TEME,UTC,SGP4,2025-03-05 04:59:07.811520+00:00,14.13300959,0.00127890,99.0095,128.3292,275.7635,84.2079,0,U,33591,999,82849,0.00019746000000,0.00000325,0.0000000000000,7226.235,101.889,857.341,838.858,PAYLOAD,LARGE,US,2009-02-06,AFWTR,,4659637,282308074,0 NOAA 19,1 33591U 09005A   25064.20772930  .00000325  00000-0  19746-3 0  9992,2 33591  99.0095 128.3292 0012789 275.7635  84.2079 14.13300959828490
3.0,GENERATED VIA SPACE-TRACK.ORG API,2025-03-05 14:56:18+00:00,18 SPCS,NOAA 19,2009-005A,EARTH,TEME,UTC,SGP4,2025-03-05 11:46:54.776064+00:00,14.13301058,0.00127810,99.0094,128.6143,274.8953,85.0760,0,U,33591,999,82853,0.00018416000000,0.00000300,0.0000000000000,7226.235,101.889,857.335,838.864,PAYLOAD,LARGE,US,2009-02-06,AFWTR,,4659986,282317008,0 NOAA 19,1 33591U 09005A   25064.49091176  .00000300  00000-0  18416-3 0  9995,2 33591  99.0094 128.6143 0012781 274.8953  85.0760 14.13301058828534
3.0,GENERATED VIA SPACE-TRACK.ORG API,2025-03-05 18:48:33+00:00,18 SPCS,NOAA 19,2009-005A,EARTH,TEME,UTC,SGP4,2025-03-05 13:28:51.516768+00:00,14.13301112,0.00127810,99.0094,128.6855,274.6804,85.2908,0,U,33591,999,82828,0.00018230000000,0.00000297,0.0000000000000,7226.234,101.889,857.335,838.863,PAYLOAD,LARGE,US,2009-02-06,AFWTR,,4660136,282331163,0 NOAA 19,1 33591U 09005A   25064.56170737  .00000297  00000-0  18230-3 0  9993,2 33591  99.0094 128.6855 0012781 274.6804  85.2908 14.13301112828286
3.0,GENERATED VIA SPACE-TRACK.ORG API,2025-03-05 22:56:18+00:00,18 SPCS,NOAA 19,2009-005A,EARTH,TEME,UTC,SGP4,2025-03-05 18:34:41.736288+00:00,14.13301229,0.00127890,99.0094,128.8994,274.0439,85.9271,0,U,33591,999,82857,0.00017724000000,0.00000287,0.0000000000000,7226.234,101.889,857.341,838.857,PAYLOAD,LARGE,US,2009-02-06,AFWTR,,4660356,282354423,0 NOAA 19,1 33591U 09005A   25064.77409417  .00000287  00000-0  17724-3 0  9992,2 33591  99.0094 128.8994 0012789 274.0439  85.9271 14.13301229828579
3.0,GENERATED VIA SPACE-TRACK.ORG API,2025-03-06 02:35:01+00:00,18 SPCS,NOAA 19,2009-005A,EARTH,TEME,UTC,SGP4,2025-03-05 20:16:38.476992+00:00,14.13301240,0.00127870,99.0093,128.9706,273.8217,86.1493,0,U,33591,999,82832,0.00017482000000,0.00000282,0.0000000000000,7226.234,101.889,857.339,838.859,PAYLOAD,LARGE,US,2009-02-06,AFWTR,,4660438,282366767,0 NOAA 19,1 33591U 09005A   25064.84488978  .00000282  00000-0  17482-3 0  9995,2 33591  99.0093 128.9706 0012787 273.8217  86.1493 14.13301240828324
3.0,GENERATED VIA SPACE-TRACK.ORG API,2025-03-06 06:56:25+00:00,18 SPCS,NOAA 19,2009-005A,EARTH,TEME,UTC,SGP4,2025-03-06 03:04:25.434624+00:00,14.13301436,0.00127850,99.0093,129.2558,272.9485,87.0224,0,U,33591,999,82862,0.00017111000000,0.00000276,0.0000000000000,7226.233,101.889,857.337,838.859,PAYLOAD,LARGE,US,2009-02-06,AFWTR,,4660596,282390752,0 NOAA 19,1 33591U 09005A   25065.12807216  .00000276  00000-0  17111-3 0  9999,2 33591  99.0093 129.2558 0012785 272.9485  87.0224 14.13301436828620
3.0,GENERATED VIA SPACE-TRACK.ORG API,2025-03-06 14:56:18+00:00,18 SPCS,NOAA 19,2009-005A,EARTH,TEME,UTC,SGP4,2025-03-06 09:52:12.393984+00:00,14.13301569,0.00127800,99.0092,129.5409,272.0882,87.8826,0,U,33591,999,82866,0.00016198000000,0.00000258,0.0000000000000,7226.233,101.889,857.333,838.863,PAYLOAD,LARGE,US,2009-02-06,AFWTR,,4661012,282399479,0 NOAA 19,1 33591U 09005A   25065.41125456  .00000258  00000-0  16198-3 0  9994,2 33591  99.0092 129.5409 0012780 272.0882  87.8826 14.13301569828661
3.0,GENERATED VIA SPACE-TRACK.ORG API,2025-03-06 18:35:59+00:00,18 SPCS,NOAA 19,2009-005A,EARTH,TEME,UTC,SGP4,2025-03-06 13:16:05.868480+00:00,14.13301722,0.00127780,99.0092,129.6834,271.6513,88.3195,0,U,33591,999,82842,0.00016813000000,0.00000270,0.0000000000000,7226.232,101.889,857.331,838.864,PAYLOAD,LARGE,US,2009-02-06,AFWTR,,4661120,282412817,0 NOAA 19,1 33591U 09005A   25065.55284570  .00000270  00000-0  16813-3 0  9990,2 33591  99.0092 129.6834 0012778 271.6513  88.3195 14.13301722828427
3.0,GENERATED VIA SPACE-TRACK.ORG API,2025-03-06 23:56:17+00:00,18 SPCS,NOAA 19,2009-005A,EARTH,TEME,UTC,SGP4,2025-03-06 16:39:59.347296+00:00,14.13301768,0.00127750,99.0092,129.8260,271.2345,88.7364,0,U,33591,999,82870,0.00015965000000,0.00000254,0.0000000000000,7226.232,101.889,857.329,838.866,PAYLOAD,LARGE,US,2009-02-06,AFWTR,,4661318,282437415,0 NOAA 19,1 33591U 09005A   25065.69443689  .00000254  00000-0  15965-3 0  9992,2 33591  99.0092 129.8260 0012775 271.2345  88.7364 14.13301768828701
3.0,GENERATED VIA SPACE-TRACK.ORG API,2025-03-07 02:42:48+00:00,18 SPCS,NOAA 19,2009-005A,EARTH,TEME,UTC,SGP4,2025-03-06 16:39:59.347296+00:00,14.13301768,0.00127750,99.0092,129.8260,271.2345,88.7364,0,U,33591,999,82844,0.00015965000000,0.00000254,0.0000000000000,7226.232,101.889,857.329,838.866,PAYLOAD,LARGE,US,2009-02-06,AFWTR,,4661439,282450319,0 NOAA 19,1 33591U 09005A   25065.69443689  .00000254  00000-0  15965-3 0  9992,2 33591  99.0092 129.8260 0012775 271.2345  88.7364 14.13301768828442
3.0,GENERATED VIA SPACE-TRACK.ORG API,2025-03-07 14:56:18+00:00,18 SPCS,NOAA 19,2009-005A,EARTH,TEME,UTC,SGP4,2025-03-07 09:39:26.724960+00:00,14.13302293,0.00127720,99.0090,130.5387,269.0630,90.9078,0,U,33591,999,82880,0.00017176000000,0.00000277,0.0000000000000,7226.230,101.889,857.325,838.866,PAYLOAD,LARGE,US,2009-02-06,AFWTR,,4661833,282479199,0 NOAA 19,1 33591U 09005A   25066.40239265  .00000277  00000-0  17176-3 0  9996,2 33591  99.0090 130.5387 0012772 269.0630  90.9078 14.13302293828809
3.0,GENERATED VIA SPACE-TRACK.ORG API,2025-03-07 19:28:06+00:00,18 SPCS,NOAA 19,2009-005A,EARTH,TEME,UTC,SGP4,2025-03-07 09:39:26.724960+00:00,14.13302293,0.00127720,99.0090,130.5387,269.0630,90.9078,0,U,33591,999,82854,0.00017176000000,0.00000277,0.0000000000000,7226.230,101.889,857.325,838.866,PAYLOAD,LARGE,US,2009-02-06,AFWTR,,4661980,282493519,0 NOAA 19,1 33591U 09005A   25066.40239265  .00000277  00000-0  17176-3 0  9996,2 33591  99.0090 130.5387 0012772 269.0630  90.9078 14.13302293828540
3.0,GENERATED VIA SPACE-TRACK.ORG API,2025-03-07 23:06:17+00:00,18 SPCS,NOAA 19,2009-005A,EARTH,TEME,UTC,SGP4,2025-03-07 18:09:10.403424+00:00,14.13302488,0.00127840,99.0090,130.8951,268.0052,91.9655,0,U,33591,999,82885,0.00016844000000,0.00000271,0.0000000000000,7226.230,101.889,857.333,838.857,PAYLOAD,LARGE,US,2009-02-06,AFWTR,,4662215,282518491,0 NOAA 19,1 33591U 09005A   25066.75637041  .00000271  00000-0  16844-3 0  9993,2 33591  99.0090 130.8951 0012784 268.0052  91.9655 14.13302488828852
3.0,GENERATED VIA SPACE-TRACK.ORG API,2025-03-08 04:59:39+00:00,18 SPCS,NOAA 19,2009-005A,EARTH,TEME,UTC,SGP4,2025-03-07 21:33:03.872736+00:00,14.13302505,0.00127890,99.0089,131.0377,267.5722,92.3985,0,U,33591,999,82861,0.00016296000000,0.00000260,0.0000000000000,7226.230,101.889,857.336,838.853,PAYLOAD,LARGE,US,2009-02-06,AFWTR,,4662408,282533135,0 NOAA 19,1 33591U 09005A   25066.89796149  .00000260  00000-0  16296-3 0  9992,2 33591  99.0089 131.0377 0012789 267.5722  92.3985 14.13302505828613
3.0,GENERATED VIA SPACE-TRACK.ORG API,2025-03-08 06:56:34+00:00,18 SPCS,NOAA 19,2009-005A,EARTH,TEME,UTC,SGP4,2025-03-08 04:20:50.812224+00:00,14.13302701,0.00127960,99.0088,131.3228,266.7094,93.2614,0,U,33591,999,82891,0.00016523000000,0.00000265,0.0000000000000,7226.229,101.889,857.341,838.847,PAYLOAD,LARGE,US,2009-02-06,AFWTR,,4662570,282556591,0 NOAA 19,1 33591U 09005A   25067.18114366  .00000265  00000-0  16523-3 0  9998,2 33591  99.0088 131.3228 0012796 266.7094  93.2614 14.13302701828911
3.0,GENERATED VIA SPACE-TRACK.ORG API,2025-03-08 14:56:30+00:00,18 SPCS,NOAA 19,2009-005A,EARTH,TEME,UTC,SGP4,2025-03-08 11:08:37.757760+00:00,14.13302942,0.00127920,99.0088,131.6078,265.8187,94.1523,0,U,33591,999,82895,0.00017664000000,0.00000286,0.0000000000000,7226.228,101.889,857.337,838.849,PAYLOAD,LARGE,US,2009-02-06,AFWTR,,4662905,282563295,0 NOAA 19,1 33591U 09005A   25067.46432590  .00000286  00000-0  17664-3 0  9991,2 33591  99.0088 131.6078 0012792 265.8187  94.1523 14.13302942828956
3.0,GENERATED VIA SPACE-TRACK.ORG API,2025-03-08 19:50:46+00:00,18 SPCS,NOAA 19,2009-005A,EARTH,TEME,UTC,SGP4,2025-03-08 04:20:50.812224+00:00,14.13302701,0.00127960,99.0088,131.3228,266.7094,93.2614,0,U,33591,999,82865,0.00016523000000,0.00000265,0.0000000000000,7226.229,101.889,857.341,838.847,PAYLOAD,LARGE,US,2009-02-06,AFWTR,,4662992,282577493,0 NOAA 19,1 33591U 09005A   25067.18114366  .00000265  00000-0  16523-3 0  9998,2 33591  99.0088 131.3228 0012796 266.7094  93.2614 14.13302701828652
3.0,GENERATED VIA SPACE-TRACK.ORG API,2025-03-08 22:56:18+00:00,18 SPCS,NOAA 19,2009-005A,EARTH,TEME,UTC,SGP4,2025-03-08 19:38:21.418944+00:00,14.13303238,0.00127990,99.0087,131.9642,264.7705,95.2006,0,U,33591,999,82900,0.00018421000000,0.00000300,0.0000000000000,7226.227,101.889,857.341,838.843,PAYLOAD,LARGE,US,2009-02-06,AFWTR,,4663212,282601119,0 NOAA 19,1 33591U 09005A   25067.81830346  .00000300  00000-0  18421-3 0  9990,2 33591  99.0087 131.9642 0012799 264.7705  95.2006 14.13303238829000
3.0,GENERATED VIA SPACE-TRACK.ORG API,2025-03-09 04:03:08+00:00,18 SPCS,NOAA 19,2009-005A,EARTH,TEME,UTC,SGP4,2025-03-08 19:38:21.418944+00:00,14.13303238,0.00127990,99.0087,131.9642,264.7705,95.2006,0,U,33591,999,82874,0.00018421000000,0.00000300,0.0000000000000,7226.227,101.889,857.341,838.843,PAYLOAD,LARGE,US,2009-02-06,AFWTR,,4663307,282614204,0 NOAA 19,1 33591U 09005A   25067.81830346  .00000300  00000-0  18421-3 0  9990,2 33591  99.0087 131.9642 0012799 264.7705  95.2006 14.13303238828740
3.0,GENERATED VIA SPACE-TRACK.ORG API,2025-03-09 06:56:17+00:00,18 SPCS,NOAA 19,2009-005A,EARTH,TEME,UTC,SGP4,2025-03-09 04:08:05.078400+00:00,14.13303512,0.00128020,99.0086,132.3206,263.7061,96.2653,0,U,33591,999,82905,0.00019042000000,0.00000312,0.0000000000000,7226.226,101.889,857.342,838.840,PAYLOAD,LARGE,US,2009-02-06,AFWTR,,4663547,282639054,0 NOAA 19,1 33591U 09005A   25068.17228100  .00000312  00000-0  19042-3 0  9992,2 33591  99.0086 132.3206 0012802 263.7061  96.2653 14.13303512829058
3.0,GENERATED VIA SPACE-TRACK.ORG API,2025-03-09 14:56:35+00:00,18 SPCS,NOAA 19,2009-005A,EARTH,TEME,UTC,SGP4,2025-03-09 12:37:48.723168+00:00,14.13304005,0.00128040,99.0085,132.6769,262.6243,97.3474,0,U,33591,999,82910,0.00021628000000,0.00000360,0.0000000000000,7226.224,101.889,857.342,838.837,PAYLOAD,LARGE,US,2009-02-06,AFWTR,,4663881,282646741,0 NOAA 19,1 33591U 09005A   25068.52625837  .00000360  00000-0  21628-3 0  9995,2 33591  99.0085 132.6769 0012804 262.6243  97.3474 14.13304005829103
3.0,GENERATED VIA SPACE-TRACK.ORG API,2025-03-09 18:25:58+00:00,18 SPCS,NOAA 19,2009-005A,EARTH,TEME,UTC,SGP4,2025-03-09 14:19:45.452640+00:00,14.13304063,0.00128060,99.0085,132.7482,262.4094,97.5623,0,U,33591,999,82885,0.00021619000000,0.00000360,0.0000000000000,7226.224,101.889,857.343,838.835,PAYLOAD,LARGE,US,2009-02-06,AFWTR,,4663925,282659675,0 NOAA 19,1 33591U 09005A   25068.59705385  .00000360  00000-0  21619-3 0  9999,2 33591  99.0085 132.7482 0012806 262.4094  97.5623 14.13304063828853
3.0,GENERATED VIA SPACE-TRACK.ORG API,2025-03-09 19:46:17+00:00,18 SPCS,NOAA 19,2009-005A,EARTH,TEME,UTC,SGP4,2025-03-09 17:43:38.916768+00:00,14.13304099,0.00128100,99.0085,132.8907,262.0142,97.9576,0,U,33591,999,82913,0.00021011000000,0.00000349,0.0000000000000,7226.224,101.889,857.346,838.832,PAYLOAD,LARGE,US,2009-02-06,AFWTR,,4664073,282681997,0 NOAA 19,1 33591U 09005A   25068.73864487  .00000349  00000-0  21011-3 0  9997,2 33591  99.0085 132.8907 0012810 262.0142  97.9576 14.13304099829133
3.0,GENERATED VIA SPACE-TRACK.ORG API,2025-03-09 22:36:25+00:00,18 SPCS,NOAA 19,2009-005A,EARTH,TEME,UTC,SGP4,2025-03-09 19:25:35.647104+00:00,14.13304073,0.00128120,99.0085,132.9620,261.7964,98.1755,0,U,33591,999,82914,0.00020413000000,0.00000338,0.0000000000000,7226.224,101.889,857.347,838.831,PAYLOAD,LARGE,US,2009-02-06,AFWTR,,4664301,282687336,0 NOAA 19,1 33591U 09005A   25068.80944036  .00000338  00000-0  20413-3 0  9997,2 33591  99.0085 132.9620 0012812 261.7964  98.1755 14.13304073829141
3.0,GENERATED VIA SPACE-TRACK.ORG API,2025-03-10 03:13:36+00:00,18 SPCS,NOAA 19,2009-005A,EARTH,TEME,UTC,SGP4,2025-03-09 21:07:32.376576+00:00,14.13304126,0.00128130,99.0084,133.0333,261.5885,98.3835,0,U,33591,999,82889,0.00020511000000,0.00000339,0.0000000000000,7226.224,101.889,857.348,838.830,PAYLOAD,LARGE,US,2009-02-06,AFWTR,,4664361,282700100,0 NOAA 19,1 33591U 09005A   25068.88023584  .00000339  00000-0  20511-3 0  9991,2 33591  99.0084 133.0333 0012813 261.5885  98.3835 14.13304126828895
3.0,GENERATED VIA SPACE-TRACK.ORG API,2025-03-10 06:56:21+00:00,18 SPCS,NOAA 19,2009-005A,EARTH,TEME,UTC,SGP4,2025-03-10 03:55:19.298784+00:00,14.13304338,0.00128160,99.0084,133.3184,260.7096,99.2626,0,U,33591,999,82919,0.00020814000000,0.00000345,0.0000000000000,7226.223,101.889,857.349,838.827,PAYLOAD,LARGE,US,2009-02-06,AFWTR,,4664580,282723857,0 NOAA 19,1 33591U 09005A   25069.16341781  .00000345  00000-0  20814-3 0  9998,2 33591  99.0084 133.3184 0012816 260.7096  99.2626 14.13304338829197
3.0,GENERATED VIA SPACE-TRACK.ORG API,2025-03-10 14:56:35+00:00,18 SPCS,NOAA 19,2009-005A,EARTH,TEME,UTC,SGP4,2025-03-10 12:25:02.944416+00:00,14.13304497,0.00128100,99.0083,133.6747,259.6137,100.3591,0,U,33591,999,82924,0.00019877000000,0.00000327,0.0000000000000,7226.223,101.889,857.345,838.831,PAYLOAD,LARGE,US,2009-02-06,AFWTR,,4664914,282732706,0 NOAA 19,1 33591U 09005A   25069.51739519  .00000327  00000-0  19877-3 0  9994,2 33591  99.0083 133.6747 0012810 259.6137 100.3591 14.13304497829248
3.0,GENERATED VIA SPACE-TRACK.ORG API,2025-03-10 17:12:15+00:00,18 SPCS,NOAA 19,2009-005A,EARTH,TEME,UTC,SGP4,2025-03-10 14:06:59.672160+00:00,14.13304540,0.00128130,99.0082,133.7460,259.4004,100.5724,0,U,33591,999,82899,0.00019676000000,0.00000324,0.0000000000000,7226.223,101.889,857.347,838.829,PAYLOAD,LARGE,US,2009-02-06,AFWTR,,4665056,282746588,0 NOAA 19,1 33591U 09005A   25069.58819065  .00000324  00000-0  19676-3 0  9990,2 33591  99.0082 133.7460 0012813 259.4004 100.5724 14.13304540828994
3.0,GENERATED VIA SPACE-TRACK.ORG API,2025-03-10 22:56:29+00:00,18 SPCS,NOAA 19,2009-005A,EARTH,TEME,UTC,SGP4,2025-03-10 19:12:49.856256+00:00,14.13304597,0.00128300,99.0082,133.9598,258.7759,101.1971,0,U,33591,999,82928,0.00018753000000,0.00000306,0.0000000000000,7226.222,101.889,857.359,838.816,PAYLOAD,LARGE,US,2009-02-06,AFWTR,,4665316,282770429,0 NOAA 19,1 33591U 09005A   25069.80057704  .00000306  00000-0  18753-3 0  9994,2 33591  99.0082 133.9598 0012830 258.7759 101.1971 14.13304597829282
3.0,GENERATED VIA SPACE-TRACK.ORG API,2025-03-11 02:54:42+00:00,18 SPCS,NOAA 19,2009-005A,EARTH,TEME,UTC,SGP4,2025-03-10 20:54:46.583136+00:00,14.13304649,0.00128330,99.0082,134.0311,258.5647,101.4083,0,U,33591,999,82903,0.00018864000000,0.00000308,0.0000000000000,7226.222,101.889,857.361,838.814,PAYLOAD,LARGE,US,2009-02-06,AFWTR,,4665419,282784390,0 NOAA 19,1 33591U 09005A   25069.87137249  .00000308  00000-0  18864-3 0  9999,2 33591  99.0082 134.0311 0012833 258.5647 101.4083 14.13304649829032
3.0,GENERATED VIA SPACE-TRACK.ORG API,2025-03-11 05:56:18+00:00,18 SPCS,NOAA 19,2009-005A,EARTH,TEME,UTC,SGP4,2025-03-11 03:42:33.493248+00:00,14.13304824,0.00128380,99.0081,134.3161,257.6936,102.2798,0,U,33591,999,82933,0.00018366000000,0.00000299,0.0000000000000,7226.222,101.889,857.364,838.810,PAYLOAD,LARGE,US,2009-02-06,AFWTR,,4665624,282807397,0 NOAA 19,1 33591U 09005A   25070.15455432  .00000299  00000-0  18366-3 0  9995,2 33591  99.0081 134.3161 0012838 257.6936 102.2798 14.13304824829333
3.0,GENERATED VIA SPACE-TRACK.ORG API,2025-03-11 14:56:33+00:00,18 SPCS,NOAA 19,2009-005A,EARTH,TEME,UTC,SGP4,2025-03-11 12:12:17.126784+00:00,14.13305112,0.00128470,99.0080,134.6724,256.6318,103.3421,0,U,33591,999,82938,0.00018849000000,0.00000308,0.0000000000000,7226.221,101.889,857.369,838.802,PAYLOAD,LARGE,US,2009-02-06,AFWTR,,4666072,282818326,0 NOAA 19,1 33591U 09005A   25070.50853156  .00000308  00000-0  18849-3 0  9996,2 33591  99.0080 134.6724 0012847 256.6318 103.3421 14.13305112829384
3.0,GENERATED VIA SPACE-TRACK.ORG API,2025-03-11 18:44:32+00:00,18 SPCS,NOAA 19,2009-005A,EARTH,TEME,UTC,SGP4,2025-03-11 13:54:13.851936+00:00,14.13305173,0.00128480,99.0080,134.7437,256.4139,103.5602,0,U,33591,999,82913,0.00018825000000,0.00000308,0.0000000000000,7226.220,101.889,857.370,838.801,PAYLOAD,LARGE,US,2009-02-06,AFWTR,,4666185,282832555,0 NOAA 19,1 33591U 09005A   25070.57932699  .00000308  00000-0  18825-3 0  9997,2 33591  99.0080 134.7437 0012848 256.4139 103.5602 14.13305173829139
3.0,GENERATED VIA SPACE-TRACK.ORG API,2025-03-11 22:56:18+00:00,18 SPCS,NOAA 19,2009-005A,EARTH,TEME,UTC,SGP4,2025-03-11 19:00:04.021344+00:00,14.13305380,0.00128520,99.0080,134.9575,255.7923,104.1821,0,U,33591,999,82942,0.00019467000000,0.00000320,0.0000000000000,7226.220,101.889,857.372,838.798,PAYLOAD,LARGE,US,2009-02-06,AFWTR,,4666445,282857285,0 NOAA 19,1 33591U 09005A   25070.79171321  .00000320  00000-0  19467-3 0  9995,2 33591  99.0080 134.9575 0012852 255.7923 104.1821 14.13305380829424
3.0,GENERATED VIA SPACE-TRACK.ORG API,2025-03-12 02:20:35+00:00,18 SPCS,NOAA 19,2009-005A,EARTH,TEME,UTC,SGP4,2025-03-11 22:23:57.469920+00:00,14.13305480,0.00128570,99.0079,135.1000,255.3543,104.6204,0,U,33591,999,82918,0.00019392000000,0.00000318,0.0000000000000,7226.219,101.889,857.375,838.794,PAYLOAD,LARGE,US,2009-02-06,AFWTR,,4666552,282870065,0 NOAA 19,1 33591U 09005A   25070.93330405  .00000318  00000-0  19392-3 0  9995,2 33591  99.0079 135.1000 0012857 255.3543 104.6204 14.13305480829181
3.0,GENERATED VIA SPACE-TRACK.ORG API,2025-03-12 06:56:18+00:00,18 SPCS,NOAA 19,2009-005A,EARTH,TEME,UTC,SGP4,2025-03-12 03:29:47.641920+00:00,14.13305642,0.00128640,99.0079,135.3138,254.7196,105.2554,0,U,33591,999,82947,0.00019101000000,0.00000313,0.0000000000000,7226.219,101.889,857.380,838.788,PAYLOAD,LARGE,US,2009-02-06,AFWTR,,4666749,282894578,0 NOAA 19,1 33591U 09005A   25071.14569030  .00000313  00000-0  19101-3 0  9990,2 33591  99.0079 135.3138 0012864 254.7196 105.2554 14.13305642829477
3.0,GENERATED VIA SPACE-TRACK.ORG API,2025-03-12 12:36:17+00:00,18 SPCS,NOAA 19,2009-005A,EARTH,TEME,UTC,SGP4,2025-03-12 10:17:34.536480+00:00,14.13305985,0.00128640,99.0078,135.5989,253.8410,106.1346,0,U,33591,999,82951,0.00020451000000,0.00000338,0.0000000000000,7226.218,101.889,857.379,838.787,PAYLOAD,LARGE,US,2009-02-06,AFWTR,,4667070,282901636,0 NOAA 19,1 33591U 09005A   25071.42887195  .00000338  00000-0  20451-3 0  9993,2 33591  99.0078 135.5989 0012864 253.8410 106.1346 14.13305985829515
3.0,GENERATED VIA SPACE-TRACK.ORG API,2025-03-12 14:36:26+00:00,18 SPCS,NOAA 19,2009-005A,EARTH,TEME,UTC,SGP4,2025-03-12 11:59:31.258176+00:00,14.13305973,0.00128700,99.0078,135.6701,253.6348,106.3409,0,U,33591,999,82952,0.00019633000000,0.00000323,0.0000000000000,7226.218,101.889,857.383,838.783,PAYLOAD,LARGE,US,2009-02-06,AFWTR,,4667275,282905728,0 NOAA 19,1 33591U 09005A   25071.49966734  .00000323  00000-0  19633-3 0  9991,2 33591  99.0078 135.6701 0012870 253.6348 106.3409 14.13305973829523
3.0,GENERATED VIA SPACE-TRACK.ORG API,2025-03-12 17:36:20+00:00,18 SPCS,NOAA 19,2009-005A,EARTH,TEME,UTC,SGP4,2025-03-12 13:41:27.979008+00:00,14.13306089,0.00128640,99.0078,135.7414,253.3968,106.5792,0,U,33591,999,82927,0.00020119000000,0.00000332,0.0000000000000,7226.217,101.889,857.378,838.787,PAYLOAD,LARGE,US,2009-02-06,AFWTR,,4667317,282918701,0 NOAA 19,1 33591U 09005A   25071.57046272  .00000332  00000-0  20119-3 0  9997,2 33591  99.0078 135.7414 0012864 253.3968 106.5792 14.13306089829271
3.0,GENERATED VIA SPACE-TRACK.ORG API,2025-03-12 22:56:33+00:00,18 SPCS,NOAA 19,2009-005A,EARTH,TEME,UTC,SGP4,2025-03-12 20:29:14.851104+00:00,14.13306497,0.00128690,99.0077,136.0265,252.5643,107.4122,0,U,33591,999,82957,0.00021859000000,0.00000365,0.0000000000000,7226.216,101.889,857.380,838.782,PAYLOAD,LARGE,US,2009-02-06,AFWTR,,4667546,282943502,0 NOAA 19,1 33591U 09005A   25071.85364411  .00000365  00000-0  21859-3 0  9994,2 33591  99.0077 136.0265 0012869 252.5643 107.4122 14.13306497829577
3.0,GENERATED VIA SPACE-TRACK.ORG API,2025-03-13 03:16:41+00:00,18 SPCS,NOAA 19,2009-005A,EARTH,TEME,UTC,SGP4,2025-03-12 22:11:11.571072+00:00,14.13306549,0.00128720,99.0077,136.0978,252.3232,107.6534,0,U,33591,999,82932,0.00021794000000,0.00000363,0.0000000000000,7226.216,101.889,857.382,838.779,PAYLOAD,LARGE,US,2009-02-06,AFWTR,,4667689,282957098,0 NOAA 19,1 33591U 09005A   25071.92443948  .00000363  00000-0  21794-3 0  9991,2 33591  99.0077 136.0978 0012872 252.3232 107.6534 14.13306549829324
3.0,GENERATED VIA SPACE-TRACK.ORG API,2025-03-13 06:56:17+00:00,18 SPCS,NOAA 19,2009-005A,EARTH,TEME,UTC,SGP4,2025-03-13 04:58:58.439712+00:00,14.13307171,0.00128750,99.0076,136.3828,251.4609,108.5164,0,U,33591,999,82962,0.00025149000000,0.00000426,0.0000000000000,7226.214,101.889,857.382,838.775,PAYLOAD,LARGE,US,2009-02-06,AFWTR,,4667908,282980726,0 NOAA 19,1 33591U 09005A   25072.20762083  .00000426  00000-0  25149-3 0  9995,2 33591  99.0076 136.3828 0012875 251.4609 108.5164 14.13307171829625
3.0,GENERATED VIA SPACE-TRACK.ORG API,2025-03-13 14:46:36+00:00,18 SPCS,NOAA 19,2009-005A,EARTH,TEME,UTC,SGP4,2025-03-13 10:04:48.594432+00:00,14.13307356,0.00128780,99.0076,136.5966,250.8079,109.1700,0,U,33591,999,82965,0.00025107000000,0.00000426,0.0000000000000,7226.213,101.889,857.384,838.772,PAYLOAD,LARGE,US,2009-02-06,AFWTR,,4668251,282989523,0 NOAA 19,1 33591U 09005A   25072.42000688  .00000426  00000-0  25107-3 0  9999,2 33591  99.0076 136.5966 0012878 250.8079 109.1700 14.13307356829658
3.0,GENERATED VIA SPACE-TRACK.ORG API,2025-03-13 17:53:24+00:00,18 SPCS,NOAA 19,2009-005A,EARTH,TEME,UTC,SGP4,2025-03-13 10:04:48.594432+00:00,14.13307356,0.00128780,99.0076,136.5966,250.8079,109.1700,0,U,33591,999,82939,0.00025107000000,0.00000426,0.0000000000000,7226.213,101.889,857.384,838.772,PAYLOAD,LARGE,US,2009-02-06,AFWTR,,4668388,283003718,0 NOAA 19,1 33591U 09005A   25072.42000688  .00000426  00000-0  25107-3 0  9999,2 33591  99.0076 136.5966 0012878 250.8079 109.1700 14.13307356829399
3.0,GENERATED VIA SPACE-TRACK.ORG API,2025-03-13 22:56:17+00:00,18 SPCS,NOAA 19,2009-005A,EARTH,TEME,UTC,SGP4,2025-03-13 20:16:28.907328+00:00,14.13307486,0.00128860,99.0075,137.0242,249.5217,110.4572,0,U,33591,999,82971,0.00022840000000,0.00000383,0.0000000000000,7226.213,101.889,857.389,838.766,PAYLOAD,LARGE,US,2009-02-06,AFWTR,,4668606,283027853,0 NOAA 19,1 33591U 09005A   25072.84477902  .00000383  00000-0  22840-3 0  9995,2 33591  99.0075 137.0242 0012886 249.5217 110.4572 14.13307486829711
3.0,GENERATED VIA SPACE-TRACK.ORG API,2025-03-14 02:27:44+00:00,18 SPCS,NOAA 19,2009-005A,EARTH,TEME,UTC,SGP4,2025-03-13 21:58:25.625568+00:00,14.13307521,0.00128870,99.0075,137.0954,249.2955,110.6835,0,U,33591,999,82946,0.00022543000000,0.00000378,0.0000000000000,7226.212,101.889,857.390,838.765,PAYLOAD,LARGE,US,2009-02-06,AFWTR,,4668740,283041514,0 NOAA 19,1 33591U 09005A   25072.91557437  .00000378  00000-0  22543-3 0  9999,2 33591  99.0075 137.0954 0012887 249.2955 110.6835 14.13307521829464
3.0,GENERATED VIA SPACE-TRACK.ORG API,2025-03-14 06:56:20+00:00,18 SPCS,NOAA 19,2009-005A,EARTH,TEME,UTC,SGP4,2025-03-14 04:46:12.485568+00:00,14.13308104,0.00128950,99.0074,137.3805,248.4432,111.5365,0,U,33591,999,82976,0.00025527000000,0.00000434,0.0000000000000,7226.211,101.889,857.394,838.757,PAYLOAD,LARGE,US,2009-02-06,AFWTR,,4668945,283065022,0 NOAA 19,1 33591U 09005A   25073.19875562  .00000434  00000-0  25527-3 0  9990,2 33591  99.0074 137.3805 0012895 248.4432 111.5365 14.13308104829760
3.0,GENERATED VIA SPACE-TRACK.ORG API,2025-03-14 20:37:34+00:00,18 SPCS,NOAA 19,2009-005A,EARTH,TEME,UTC,SGP4,2025-03-14 13:15:56.062944+00:00,14.13308306,0.00128980,99.0073,137.7368,247.3426,112.6383,0,U,33591,999,82955,0.00024189000000,0.00000408,0.0000000000000,7226.210,101.889,857.395,838.754,PAYLOAD,LARGE,US,2009-02-06,AFWTR,,4669052,283078658,0 NOAA 19,1 33591U 09005A   25073.55273221  .00000408  00000-0  24189-3 0  9998,2 33591  99.0073 137.7368 0012898 247.3426 112.6383 14.13308306829554
3.0,GENERATED VIA SPACE-TRACK.ORG API,2025-03-14 22:56:37+00:00,18 SPCS,NOAA 19,2009-005A,EARTH,TEME,UTC,SGP4,2025-03-14 20:03:42.911712+00:00,14.13308522,0.00129070,99.0073,138.0218,246.5144,113.4672,0,U,33591,999,82985,0.00023702000000,0.00000399,0.0000000000000,7226.209,101.889,857.401,838.747,PAYLOAD,LARGE,US,2009-02-06,AFWTR,,4669275,283102613,0 NOAA 19,1 33591U 09005A   25073.83591333  .00000399  00000-0  23702-3 0  9995,2 33591  99.0073 138.0218 0012907 246.5144 113.4672 14.13308522829854
3.0,GENERATED VIA SPACE-TRACK.ORG API,2025-03-15 07:06:54+00:00,18 SPCS,NOAA 19,2009-005A,EARTH,TEME,UTC,SGP4,2025-03-15 04:33:26.474400+00:00,14.13308947,0.00129180,99.0072,138.3781,245.4492,114.5334,0,U,33591,999,82990,0.00024768000000,0.00000419,0.0000000000000,7226.208,101.889,857.407,838.738,PAYLOAD,LARGE,US,2009-02-06,AFWTR,,4669627,283110384,0 NOAA 19,1 33591U 09005A   25074.18988975  .00000419  00000-0  24768-3 0  9992,2 33591  99.0072 138.3781 0012918 245.4492 114.5334 14.13308947829901
3.0,GENERATED VIA SPACE-TRACK.ORG API,2025-03-15 07:42:43+00:00,18 SPCS,NOAA 19,2009-005A,EARTH,TEME,UTC,SGP4,2025-03-14 21:45:39.625632+00:00,14.13308556,0.00129090,99.0073,138.0931,246.2914,113.6903,0,U,33591,999,82960,0.00023432000000,0.00000394,0.0000000000000,7226.209,101.889,857.402,838.746,PAYLOAD,LARGE,US,2009-02-06,AFWTR,,4669695,283123079,0 NOAA 19,1 33591U 09005A   25073.90670863  .00000394  00000-0  23432-3 0  9994,2 33591  99.0073 138.0931 0012909 246.2914 113.6903 14.13308556829609
3.0,GENERATED VIA SPACE-TRACK.ORG API,2025-03-15 14:56:17+00:00,18 SPCS,NOAA 19,2009-005A,EARTH,TEME,UTC,SGP4,2025-03-15 11:21:13.311936+00:00,14.13309176,0.00129260,99.0071,138.6632,244.5851,115.3984,0,U,33591,999,82994,0.00024580000000,0.00000416,0.0000000000000,7226.207,101.889,857.412,838.731,PAYLOAD,LARGE,US,2009-02-06,AFWTR,,4669943,283148180,0 NOAA 19,1 33591U 09005A   25074.47307074  .00000416  00000-0  24580-3 0  9998,2 33591  99.0071 138.6632 0012926 244.5851 115.3984 14.13309176829945
3.0,GENERATED VIA SPACE-TRACK.ORG API,2025-03-15 17:32:46+00:00,18 SPCS,NOAA 19,2009-005A,EARTH,TEME,UTC,SGP4,2025-03-15 14:45:06.732000+00:00,14.13309297,0.00129320,99.0071,138.8057,244.1647,115.8192,0,U,33591,999,82970,0.00024445000000,0.00000413,0.0000000000000,7226.206,101.889,857.416,838.727,PAYLOAD,LARGE,US,2009-02-06,AFWTR,,4670048,283162114,0 NOAA 19,1 33591U 09005A   25074.61466125  .00000413  00000-0  24445-3 0  9994,2 33591  99.0071 138.8057 0012932 244.1647 115.8192 14.13309297829708
3.0,GENERATED VIA SPACE-TRACK.ORG API,2025-03-15 23:16:18+00:00,18 SPCS,NOAA 19,2009-005A,EARTH,TEME,UTC,SGP4,2025-03-15 19:50:56.850432+00:00,14.13309524,0.00129460,99.0071,139.0195,243.5600,116.4244,0,U,33591,999,82999,0.00024906000000,0.00000422,0.0000000000000,7226.206,101.889,857.426,838.716,PAYLOAD,LARGE,US,2009-02-06,AFWTR,,4670279,283186554,0 NOAA 19,1 33591U 09005A   25074.82704688  .00000422  00000-0  24906-3 0  9998,2 33591  99.0071 139.0195 0012946 243.5600 116.4244 14.13309524829990
3.0,GENERATED VIA SPACE-TRACK.ORG API,2025-03-16 03:38:40+00:00,18 SPCS,NOAA 19,2009-005A,EARTH,TEME,UTC,SGP4,2025-03-15 21:32:53.560032+00:00,14.13309576,0.00129470,99.0071,139.0908,243.3497,116.6349,0,U,33591,999,82974,0.00024813000000,0.00000420,0.0000000000000,7226.205,101.889,857.426,838.715,PAYLOAD,LARGE,US,2009-02-06,AFWTR,,4670409,283200313,0 NOAA 19,1 33591U 09005A   25074.89784213  .00000420  00000-0  24813-3 0  9992,2 33591  99.0071 139.0908 0012947 243.3497 116.6349 14.13309576829743
3.0,GENERATED VIA SPACE-TRACK.ORG API,2025-03-16 07:06:44+00:00,18 SPCS,NOAA 19,2009-005A,EARTH,TEME,UTC,SGP4,2025-03-16 02:38:43.682784+00:00,14.13309771,0.00129560,99.0070,139.3045,242.7158,117.2694,0,U,33591,999,83003,0.00024654000000,0.00000417,0.0000000000000,7226.205,101.888,857.432,838.708,PAYLOAD,LARGE,US,2009-02-06,AFWTR,,4670661,283225125,0 NOAA 19,1 33591U 09005A   25075.11022781  .00000417  00000-0  24654-3 0  9992,2 33591  99.0070 139.3045 0012956 242.7158 117.2694 14.13309771830035
3.0,GENERATED VIA SPACE-TRACK.ORG API,2025-03-16 14:46:20+00:00,18 SPCS,NOAA 19,2009-005A,EARTH,TEME,UTC,SGP4,2025-03-16 11:08:27.234240+00:00,14.13310105,0.00129510,99.0069,139.6609,241.6283,118.3583,0,U,33591,999,83008,0.00025575000000,0.00000435,0.0000000000000,7226.204,101.888,857.427,838.710,PAYLOAD,LARGE,US,2009-02-06,AFWTR,,4670897,283230811,0 NOAA 19,1 33591U 09005A   25075.46420410  .00000435  00000-0  25575-3 0  9994,2 33591  99.0069 139.6609 0012951 241.6283 118.3583 14.13310105830081
3.0,GENERATED VIA SPACE-TRACK.ORG API,2025-03-16 18:34:10+00:00,18 SPCS,NOAA 19,2009-005A,EARTH,TEME,UTC,SGP4,2025-03-16 14:32:20.641344+00:00,14.13310217,0.00129640,99.0069,139.8034,241.2234,118.7637,0,U,33591,999,82984,0.00025039000000,0.00000424,0.0000000000000,7226.203,101.888,857.436,838.700,PAYLOAD,LARGE,US,2009-02-06,AFWTR,,4671009,283243849,0 NOAA 19,1 33591U 09005A   25075.60579446  .00000424  00000-0  25039-3 0  9997,2 33591  99.0069 139.8034 0012964 241.2234 118.7637 14.13310217829841
3.0,GENERATED VIA SPACE-TRACK.ORG API,2025-03-16 22:46:17+00:00,18 SPCS,NOAA 19,2009-005A,EARTH,TEME,UTC,SGP4,2025-03-16 21:20:07.453824+00:00,14.13310583,0.00129630,99.0068,140.0884,240.3665,119.6216,0,U,33591,999,83014,0.00026188000000,0.00000446,0.0000000000000,7226.202,101.888,857.434,838.700,PAYLOAD,LARGE,US,2009-02-06,AFWTR,,4671211,283267694,0 NOAA 19,1 33591U 09005A   25075.88897516  .00000446  00000-0  26188-3 0  9998,2 33591  99.0068 140.0884 0012963 240.3665 119.6216 14.13310583830148
3.0,GENERATED VIA SPACE-TRACK.ORG API,2025-03-17 07:06:35+00:00,18 SPCS,NOAA 19,2009-005A,EARTH,TEME,UTC,SGP4,2025-03-17 04:07:54.268896+00:00,14.13311035,0.00129740,99.0067,140.3735,239.5246,120.4645,0,U,33591,999,83018,0.00027876000000,0.00000478,0.0000000000000,7226.201,101.888,857.441,838.690,PAYLOAD,LARGE,US,2009-02-06,AFWTR,,4671659,283308430,0 NOAA 19,1 33591U 09005A   25076.17215589  .00000478  00000-0  27876-3 0  9995,2 33591  99.0067 140.3735 0012974 239.5246 120.4645 14.13311035830185
3.0,GENERATED VIA SPACE-TRACK.ORG API,2025-03-17 14:56:18+00:00,18 SPCS,NOAA 19,2009-005A,EARTH,TEME,UTC,SGP4,2025-03-17 10:55:41.074464+00:00,14.13311187,0.00129830,99.0067,140.6585,238.6582,121.3320,0,U,33591,999,83022,0.00026399000000,0.00000450,0.0000000000000,7226.200,101.888,857.447,838.683,PAYLOAD,LARGE,US,2009-02-06,AFWTR,,4671997,283316083,0 NOAA 19,1 33591U 09005A   25076.45533651  .00000450  00000-0  26399-3 0  9998,2 33591  99.0067 140.6585 0012983 238.6582 121.3320 14.13311187830227
3.0,GENERATED VIA SPACE-TRACK.ORG API,2025-03-17 19:07:54+00:00,18 SPCS,NOAA 19,2009-005A,EARTH,TEME,UTC,SGP4,2025-03-17 14:19:34.478976+00:00,14.13311286,0.00129890,99.0066,140.8010,238.2337,121.7570,0,U,33591,999,82998,0.00025700000000,0.00000437,0.0000000000000,7226.200,101.888,857.451,838.679,PAYLOAD,LARGE,US,2009-02-06,AFWTR,,4672105,283330043,0 NOAA 19,1 33591U 09005A   25076.59692684  .00000437  00000-0  25700-3 0  9995,2 33591  99.0066 140.8010 0012989 238.2337 121.7570 14.13311286829983
3.0,GENERATED VIA SPACE-TRACK.ORG API,2025-03-17 22:46:20+00:00,18 SPCS,NOAA 19,2009-005A,EARTH,TEME,UTC,SGP4,2025-03-17 19:25:24.575808+00:00,14.13311591,0.00129970,99.0066,141.0148,237.6169,122.3746,0,U,33591,999,83027,0.00026426000000,0.00000451,0.0000000000000,7226.199,101.888,857.456,838.672,PAYLOAD,LARGE,US,2009-02-06,AFWTR,,4672308,283353229,0 NOAA 19,1 33591U 09005A   25076.80931222  .00000451  00000-0  26426-3 0  9995,2 33591  99.0066 141.0148 0012997 237.6169 122.3746 14.13311591830278
3.0,GENERATED VIA SPACE-TRACK.ORG API,2025-03-18 02:25:22+00:00,18 SPCS,NOAA 19,2009-005A,EARTH,TEME,UTC,SGP4,2025-03-17 21:07:21.275904+00:00,14.13311659,0.00129980,99.0065,141.0861,237.4079,122.5838,0,U,33591,999,83002,0.00026549000000,0.00000453,0.0000000000000,7226.198,101.888,857.456,838.671,PAYLOAD,LARGE,US,2009-02-06,AFWTR,,4672421,283366149,0 NOAA 19,1 33591U 09005A   25076.88010736  .00000453  00000-0  26549-3 0  9999,2 33591  99.0065 141.0861 0012998 237.4079 122.5838 14.13311659830020
3.0,GENERATED VIA SPACE-TRACK.ORG API,2025-03-18 06:56:26+00:00,18 SPCS,NOAA 19,2009-005A,EARTH,TEME,UTC,SGP4,2025-03-18 03:55:08.071968+00:00,14.13312106,0.00130130,99.0065,141.3711,236.5861,123.4066,0,U,33591,999,83032,0.00027966000000,0.00000479,0.0000000000000,7226.197,101.888,857.465,838.658,PAYLOAD,LARGE,US,2009-02-06,AFWTR,,4672672,283390628,0 NOAA 19,1 33591U 09005A   25077.16328787  .00000479  00000-0  27966-3 0  9991,2 33591  99.0065 141.3711 0013013 236.5861 123.4066 14.13312106830329
3.0,GENERATED VIA SPACE-TRACK.ORG API,2025-03-18 14:56:19+00:00,18 SPCS,NOAA 19,2009-005A,EARTH,TEME,UTC,SGP4,2025-03-18 12:24:51.556032+00:00,14.13312351,0.00130240,99.0064,141.7274,235.5158,124.4784,0,U,33591,999,83037,0.00026369000000,0.00000449,0.0000000000000,7226.196,101.888,857.472,838.650,PAYLOAD,LARGE,US,2009-02-06,AFWTR,,4672990,283398542,0 NOAA 19,1 33591U 09005A   25077.51726338  .00000449  00000-0  26369-3 0  9997,2 33591  99.0064 141.7274 0013024 235.5158 124.4784 14.13312351830371
3.0,GENERATED VIA SPACE-TRACK.ORG API,2025-03-18 19:01:07+00:00,18 SPCS,NOAA 19,2009-005A,EARTH,TEME,UTC,SGP4,2025-03-18 14:06:48.253536+00:00,14.13312421,0.00130290,99.0064,141.7986,235.3115,124.6830,0,U,33591,999,83012,0.00026353000000,0.00000449,0.0000000000000,7226.196,101.888,857.476,838.646,PAYLOAD,LARGE,US,2009-02-06,AFWTR,,4673118,283413013,0 NOAA 19,1 33591U 09005A   25077.58805849  .00000449  00000-0  26353-3 0  9992,2 33591  99.0064 141.7986 0013029 235.3115 124.6830 14.13312421830122
3.0,GENERATED VIA SPACE-TRACK.ORG API,2025-03-18 22:56:59+00:00,18 SPCS,NOAA 19,2009-005A,EARTH,TEME,UTC,SGP4,2025-03-18 19:12:38.335680+00:00,14.13312754,0.00130420,99.0064,142.0124,234.7179,125.2774,0,U,33591,999,83041,0.00027412000000,0.00000469,0.0000000000000,7226.195,101.888,857.484,838.635,PAYLOAD,LARGE,US,2009-02-06,AFWTR,,4673307,283436261,0 NOAA 19,1 33591U 09005A   25077.80044370  .00000469  00000-0  27412-3 0  9990,2 33591  99.0064 142.0124 0013042 234.7179 125.2774 14.13312754830413
3.0,GENERATED VIA SPACE-TRACK.ORG API,2025-03-19 02:27:03+00:00,18 SPCS,NOAA 19,2009-005A,EARTH,TEME,UTC,SGP4,2025-03-18 20:54:35.029728+00:00,14.13312837,0.00130480,99.0064,142.0837,234.5171,125.4784,0,U,33591,999,83016,0.00027591000000,0.00000472,0.0000000000000,7226.194,101.888,857.488,838.631,PAYLOAD,LARGE,US,2009-02-06,AFWTR,,4673449,283449961,0 NOAA 19,1 33591U 09005A   25077.87123877  .00000472  00000-0  27591-3 0  9999,2 33591  99.0064 142.0837 0013048 234.5171 125.4784 14.13312837830167
3.0,GENERATED VIA SPACE-TRACK.ORG API,2025-03-19 07:06:35+00:00,18 SPCS,NOAA 19,2009-005A,EARTH,TEME,UTC,SGP4,2025-03-19 03:42:21.807648+00:00,14.13313121,0.00130590,99.0063,142.3687,233.6702,126.3265,0,U,33591,999,83046,0.00027131000000,0.00000464,0.0000000000000,7226.193,101.888,857.495,838.622,PAYLOAD,LARGE,US,2009-02-06,AFWTR,,4673737,283474675,0 NOAA 19,1 33591U 09005A   25078.15441907  .00000464  00000-0  27131-3 0  9999,2 33591  99.0063 142.3687 0013059 233.6702 126.3265 14.13313121830468
3.0,GENERATED VIA SPACE-TRACK.ORG API,2025-03-19 14:46:22+00:00,18 SPCS,NOAA 19,2009-005A,EARTH,TEME,UTC,SGP4,2025-03-19 12:12:05.259744+00:00,14.13313711,0.00130730,99.0063,142.7250,232.5853,127.4129,0,U,33591,999,83051,0.00028326000000,0.00000486,0.0000000000000,7226.191,101.888,857.503,838.610,PAYLOAD,LARGE,US,2009-02-06,AFWTR,,4673985,283481316,0 NOAA 19,1 33591U 09005A   25078.50839421  .00000486  00000-0  28326-3 0  9991,2 33591  99.0063 142.7250 0013073 232.5853 127.4129 14.13313711830511
3.0,GENERATED VIA SPACE-TRACK.ORG API,2025-03-19 17:43:14+00:00,18 SPCS,NOAA 19,2009-005A,EARTH,TEME,UTC,SGP4,2025-03-19 13:54:01.951200+00:00,14.13313788,0.00130760,99.0063,142.7962,232.3797,127.6189,0,U,33591,999,83026,0.00028235000000,0.00000484,0.0000000000000,7226.191,101.888,857.505,838.607,PAYLOAD,LARGE,US,2009-02-06,AFWTR,,4674121,283495348,0 NOAA 19,1 33591U 09005A   25078.57918925  .00000484  00000-0  28235-3 0  9992,2 33591  99.0063 142.7962 0013076 232.3797 127.6189 14.13313788830263
3.0,GENERATED VIA SPACE-TRACK.ORG API,2025-03-19 22:46:19+00:00,18 SPCS,NOAA 19,2009-005A,EARTH,TEME,UTC,SGP4,2025-03-19 20:41:48.710112+00:00,14.13314143,0.00130940,99.0062,143.0812,231.5670,128.4327,0,U,33591,999,83056,0.00028954000000,0.00000498,0.0000000000000,7226.190,101.888,857.517,838.593,PAYLOAD,LARGE,US,2009-02-06,AFWTR,,4674300,283518547,0 NOAA 19,1 33591U 09005A   25078.86236933  .00000498  00000-0  28954-3 0  9999,2 33591  99.0062 143.0812 0013094 231.5670 128.4327 14.13314143830563
3.0,GENERATED VIA SPACE-TRACK.ORG API,2025-03-20 03:31:02+00:00,18 SPCS,NOAA 19,2009-005A,EARTH,TEME,UTC,SGP4,2025-03-19 20:41:48.710112+00:00,14.13314143,0.00130940,99.0062,143.0812,231.5670,128.4327,0,U,33591,999,83030,0.00028954000000,0.00000498,0.0000000000000,7226.190,101.888,857.517,838.593,PAYLOAD,LARGE,US,2009-02-06,AFWTR,,4674434,283531871,0 NOAA 19,1 33591U 09005A   25078.86236933  .00000498  00000-0  28954-3 0  9999,2 33591  99.0062 143.0812 0013094 231.5670 128.4327 14.13314143830305
3.0,GENERATED VIA SPACE-TRACK.ORG API,2025-03-20 07:06:25+00:00,18 SPCS,NOAA 19,2009-005A,EARTH,TEME,UTC,SGP4,2025-03-20 03:29:35.467296+00:00,14.13314474,0.00131030,99.0061,143.3662,230.7138,129.2872,0,U,33591,999,83060,0.00028821000000,0.00000496,0.0000000000000,7226.189,101.888,857.522,838.585,PAYLOAD,LARGE,US,2009-02-06,AFWTR,,4674711,283557193,0 NOAA 19,1 33591U 09005A   25079.14554939  .00000496  00000-0  28821-3 0  9991,2 33591  99.0061 143.3662 0013103 230.7138 129.2872 14.13314474830605
3.0,GENERATED VIA SPACE-TRACK.ORG API,2025-03-20 14:56:18+00:00,18 SPCS,NOAA 19,2009-005A,EARTH,TEME,UTC,SGP4,2025-03-20 11:59:18.914208+00:00,14.13314772,0.00131190,99.0061,143.7225,229.6483,130.3543,0,U,33591,999,83065,0.00027900000000,0.00000478,0.0000000000000,7226.188,101.888,857.533,838.573,PAYLOAD,LARGE,US,2009-02-06,AFWTR,,4675007,283563596,0 NOAA 19,1 33591U 09005A   25079.49952447  .00000478  00000-0  27900-3 0  9992,2 33591  99.0061 143.7225 0013119 229.6483 130.3543 14.13314772830655
3.0,GENERATED VIA SPACE-TRACK.ORG API,2025-03-20 19:29:49+00:00,18 SPCS,NOAA 19,2009-005A,EARTH,TEME,UTC,SGP4,2025-03-20 13:41:15.599616+00:00,14.13314873,0.00131210,99.0061,143.7938,229.4172,130.5859,0,U,33591,999,83040,0.00027961000000,0.00000479,0.0000000000000,7226.187,101.888,857.534,838.571,PAYLOAD,LARGE,US,2009-02-06,AFWTR,,4675094,283577853,0 NOAA 19,1 33591U 09005A   25079.57031944  .00000479  00000-0  27961-3 0  9999,2 33591  99.0061 143.7938 0013121 229.4172 130.5859 14.13314873830409
3.0,GENERATED VIA SPACE-TRACK.ORG API,2025-03-20 22:56:18+00:00,18 SPCS,NOAA 19,2009-005A,EARTH,TEME,UTC,SGP4,2025-03-20 20:29:02.342112+00:00,14.13315240,0.00131400,99.0060,144.0788,228.6316,131.3726,0,U,33591,999,83070,0.00028502000000,0.00000490,0.0000000000000,7226.186,101.888,857.546,838.556,PAYLOAD,LARGE,US,2009-02-06,AFWTR,,4675301,283601166,0 NOAA 19,1 33591U 09005A   25079.85349933  .00000490  00000-0  28502-3 0  9995,2 33591  99.0060 144.0788 0013140 228.6316 131.3726 14.13315240830701
3.0,GENERATED VIA SPACE-TRACK.ORG API,2025-03-21 02:39:39+00:00,18 SPCS,NOAA 19,2009-005A,EARTH,TEME,UTC,SGP4,2025-03-20 22:10:59.026656+00:00,14.13315345,0.00131390,99.0060,144.1501,228.4279,131.5768,0,U,33591,999,83045,0.00028748000000,0.00000494,0.0000000000000,7226.186,101.888,857.545,838.556,PAYLOAD,LARGE,US,2009-02-06,AFWTR,,4675418,283615065,0 NOAA 19,1 33591U 09005A   25079.92429429  .00000494  00000-0  28748-3 0  9998,2 33591  99.0060 144.1501 0013139 228.4279 131.5768 14.13315345830455
3.0,GENERATED VIA SPACE-TRACK.ORG API,2025-03-21 07:06:35+00:00,18 SPCS,NOAA 19,2009-005A,EARTH,TEME,UTC,SGP4,2025-03-21 04:58:45.769152+00:00,14.13315722,0.00131530,99.0060,144.4351,227.5852,132.4208,0,U,33591,999,83075,0.00029062000000,0.00000500,0.0000000000000,7226.185,101.888,857.554,838.545,PAYLOAD,LARGE,US,2009-02-06,AFWTR,,4675694,283639786,0 NOAA 19,1 33591U 09005A   25080.20747418  .00000500  00000-0  29062-3 0  9990,2 33591  99.0060 144.4351 0013153 227.5852 132.4208 14.13315722830755
3.0,GENERATED VIA SPACE-TRACK.ORG API,2025-03-21 14:56:18+00:00,18 SPCS,NOAA 19,2009-005A,EARTH,TEME,UTC,SGP4,2025-03-21 10:04:35.818464+00:00,14.13316000,0.00131550,99.0060,144.6489,226.9174,133.0897,0,U,33591,999,83078,0.00029322000000,0.00000505,0.0000000000000,7226.184,101.888,857.555,838.543,PAYLOAD,LARGE,US,2009-02-06,AFWTR,,4676155,283650393,0 NOAA 19,1 33591U 09005A   25080.41985901  .00000505  00000-0  29322-3 0  9998,2 33591  99.0060 144.6489 0013155 226.9174 133.0897 14.13316000830785
3.0,GENERATED VIA SPACE-TRACK.ORG API,2025-03-21 22:23:56+00:00,18 SPCS,NOAA 19,2009-005A,EARTH,TEME,UTC,SGP4,2025-03-21 13:28:29.179776+00:00,14.13316001,0.00131610,99.0059,144.7914,226.4793,133.5286,0,U,33591,999,83054,0.00027453000000,0.00000470,0.0000000000000,7226.184,101.888,857.559,838.538,PAYLOAD,LARGE,US,2009-02-06,AFWTR,,4676295,283664997,0 NOAA 19,1 33591U 09005A   25080.56144884  .00000470  00000-0  27453-3 0  9995,2 33591  99.0059 144.7914 0013161 226.4793 133.5286 14.13316001830548
3.0,GENERATED VIA SPACE-TRACK.ORG API,2025-03-21 22:56:22+00:00,18 SPCS,NOAA 19,2009-005A,EARTH,TEME,UTC,SGP4,2025-03-21 20:16:15.901536+00:00,14.13316449,0.00131720,99.0059,145.0764,225.6715,134.3378,0,U,33591,999,83084,0.00028308000000,0.00000486,0.0000000000000,7226.182,101.888,857.565,838.529,PAYLOAD,LARGE,US,2009-02-06,AFWTR,,4676510,283688016,0 NOAA 19,1 33591U 09005A   25080.84462849  .00000486  00000-0  28308-3 0  9997,2 33591  99.0059 145.0764 0013172 225.6715 134.3378 14.13316449830842
3.0,GENERATED VIA SPACE-TRACK.ORG API,2025-03-22 03:56:54+00:00,18 SPCS,NOAA 19,2009-005A,EARTH,TEME,UTC,SGP4,2025-03-21 21:58:12.580032+00:00,14.13316552,0.00131800,99.0058,145.1476,225.4620,134.5476,0,U,33591,999,83059,0.00028959000000,0.00000498,0.0000000000000,7226.182,101.888,857.571,838.523,PAYLOAD,LARGE,US,2009-02-06,AFWTR,,4676626,283701662,0 NOAA 19,1 33591U 09005A   25080.91542338  .00000498  00000-0  28959-3 0  9992,2 33591  99.0058 145.1476 0013180 225.4620 134.5476 14.13316552830592
3.0,GENERATED VIA SPACE-TRACK.ORG API,2025-03-22 06:56:19+00:00,18 SPCS,NOAA 19,2009-005A,EARTH,TEME,UTC,SGP4,2025-03-22 04:45:59.265504+00:00,14.13317501,0.00131830,99.0058,145.4326,224.6141,135.3971,0,U,33591,999,83089,0.00033533000000,0.00000584,0.0000000000000,7226.178,101.888,857.570,838.517,PAYLOAD,LARGE,US,2009-02-06,AFWTR,,4676838,283727000,0 NOAA 19,1 33591U 09005A   25081.19860261  .00000584  00000-0  33533-3 0  9991,2 33591  99.0058 145.4326 0013183 224.6141 135.3971 14.13317501830898
3.0,GENERATED VIA SPACE-TRACK.ORG API,2025-03-22 14:56:19+00:00,18 SPCS,NOAA 19,2009-005A,EARTH,TEME,UTC,SGP4,2025-03-22 11:33:45.977760+00:00,14.13317621,0.00131900,99.0058,145.7176,223.7072,136.3056,0,U,33591,999,83093,0.00031256000000,0.00000541,0.0000000000000,7226.178,101.888,857.574,838.512,PAYLOAD,LARGE,US,2009-02-06,AFWTR,,4677253,283736596,0 NOAA 19,1 33591U 09005A   25081.48178215  .00000541  00000-0  31256-3 0  9997,2 33591  99.0058 145.7176 0013190 223.7072 136.3056 14.13317621830938
3.0,GENERATED VIA SPACE-TRACK.ORG API,2025-03-22 19:15:20+00:00,18 SPCS,NOAA 19,2009-005A,EARTH,TEME,UTC,SGP4,2025-03-22 13:15:42.653664+00:00,14.13317698,0.00131930,99.0057,145.7889,223.4889,136.5243,0,U,33591,999,83068,0.00031042000000,0.00000537,0.0000000000000,7226.178,101.888,857.576,838.509,PAYLOAD,LARGE,US,2009-02-06,AFWTR,,4677401,283750757,0 NOAA 19,1 33591U 09005A   25081.55257701  .00000537  00000-0  31042-3 0  9991,2 33591  99.0057 145.7889 0013193 223.4889 136.5243 14.13317698830680
3.0,GENERATED VIA SPACE-TRACK.ORG API,2025-03-22 22:56:31+00:00,18 SPCS,NOAA 19,2009-005A,EARTH,TEME,UTC,SGP4,2025-03-22 20:03:29.340000+00:00,14.13318231,0.00132020,99.0057,146.0738,222.6736,137.3411,0,U,33591,999,83098,0.00032589000000,0.00000566,0.0000000000000,7226.176,101.888,857.581,838.501,PAYLOAD,LARGE,US,2009-02-06,AFWTR,,4677624,283775461,0 NOAA 19,1 33591U 09005A   25081.83575625  .00000566  00000-0  32589-3 0  9999,2 33591  99.0057 146.0738 0013202 222.6736 137.3411 14.13318231830983
3.0,GENERATED VIA SPACE-TRACK.ORG API,2025-03-23 03:40:06+00:00,18 SPCS,NOAA 19,2009-005A,EARTH,TEME,UTC,SGP4,2025-03-22 21:45:26.010720+00:00,14.13318337,0.00132080,99.0056,146.1451,222.4653,137.5497,0,U,33591,999,83073,0.00032815000000,0.00000571,0.0000000000000,7226.176,101.888,857.585,838.496,PAYLOAD,LARGE,US,2009-02-06,AFWTR,,4677771,283789416,0 NOAA 19,1 33591U 09005A   25081.90655105  .00000571  00000-0  32815-3 0  9997,2 33591  99.0056 146.1451 0013208 222.4653 137.5497 14.13318337830733
3.0,GENERATED VIA SPACE-TRACK.ORG API,2025-03-23 07:06:50+00:00,18 SPCS,NOAA 19,2009-005A,EARTH,TEME,UTC,SGP4,2025-03-23 04:33:12.704832+00:00,14.13319030,0.00132090,99.0056,146.4301,221.5859,138.4309,0,U,33591,999,83103,0.00036006000000,0.00000630,0.0000000000000,7226.173,101.888,857.583,838.493,PAYLOAD,LARGE,US,2009-02-06,AFWTR,,4678022,283813975,0 NOAA 19,1 33591U 09005A   25082.18973038  .00000630  00000-0  36006-3 0  9998,2 33591  99.0056 146.4301 0013209 221.5859 138.4309 14.13319030831036
3.0,GENERATED VIA SPACE-TRACK.ORG API,2025-03-23 14:46:33+00:00,18 SPCS,NOAA 19,2009-005A,EARTH,TEME,UTC,SGP4,2025-03-23 11:20:59.400672+00:00,14.13319075,0.00132190,99.0055,146.7151,220.7168,139.3017,0,U,33591,999,83107,0.00033196000000,0.00000578,0.0000000000000,7226.173,101.888,857.590,838.486,PAYLOAD,LARGE,US,2009-02-06,AFWTR,,4678330,283820864,0 NOAA 19,1 33591U 09005A   25082.47290973  .00000578  00000-0  33196-3 0  9998,2 33591  99.0055 146.7151 0013219 220.7168 139.3017 14.13319075831075
3.0,GENERATED VIA SPACE-TRACK.ORG API,2025-03-23 18:15:00+00:00,18 SPCS,NOAA 19,2009-005A,EARTH,TEME,UTC,SGP4,2025-03-23 14:44:52.740384+00:00,14.13319261,0.00132240,99.0055,146.8576,220.3129,139.7063,0,U,33591,999,83083,0.00033211000000,0.00000578,0.0000000000000,7226.172,101.888,857.593,838.482,PAYLOAD,LARGE,US,2009-02-06,AFWTR,,4678394,283834610,0 NOAA 19,1 33591U 09005A   25082.61449931  .00000578  00000-0  33211-3 0  9992,2 33591  99.0055 146.8576 0013224 220.3129 139.7063 14.13319261830831
3.0,GENERATED VIA SPACE-TRACK.ORG API,2025-03-23 23:06:19+00:00,18 SPCS,NOAA 19,2009-005A,EARTH,TEME,UTC,SGP4,2025-03-23 19:50:42.753408+00:00,14.13319428,0.00132270,99.0055,147.0714,219.7144,140.3060,0,U,33591,999,83112,0.00032446000000,0.00000564,0.0000000000000,7226.172,101.888,857.595,838.479,PAYLOAD,LARGE,US,2009-02-06,AFWTR,,4678704,283860444,0 NOAA 19,1 33591U 09005A   25082.82688372  .00000564  00000-0  32446-3 0  9993,2 33591  99.0055 147.0714 0013227 219.7144 140.3060 14.13319428831123
3.0,GENERATED VIA SPACE-TRACK.ORG API,2025-03-24 02:21:51+00:00,18 SPCS,NOAA 19,2009-005A,EARTH,TEME,UTC,SGP4,2025-03-23 19:50:42.753408+00:00,14.13319428,0.00132270,99.0055,147.0714,219.7144,140.3060,0,U,33591,999,83086,0.00032446000000,0.00000564,0.0000000000000,7226.172,101.888,857.595,838.479,PAYLOAD,LARGE,US,2009-02-06,AFWTR,,4678815,283873559,0 NOAA 19,1 33591U 09005A   25082.82688372  .00000564  00000-0  32446-3 0  9993,2 33591  99.0055 147.0714 0013227 219.7144 140.3060 14.13319428830863
3.0,GENERATED VIA SPACE-TRACK.ORG API,2025-03-24 07:06:18+00:00,18 SPCS,NOAA 19,2009-005A,EARTH,TEME,UTC,SGP4,2025-03-24 04:20:26.095776+00:00,14.13319799,0.00132460,99.0053,147.4277,218.6901,141.3323,0,U,33591,999,83117,0.00031732000000,0.00000550,0.0000000000000,7226.171,101.888,857.607,838.464,PAYLOAD,LARGE,US,2009-02-06,AFWTR,,4679067,283898642,0 NOAA 19,1 33591U 09005A   25083.18085759  .00000550  00000-0  31732-3 0  9995,2 33591  99.0053 147.4277 0013246 218.6901 141.3323 14.13319799831178
3.0,GENERATED VIA SPACE-TRACK.ORG API,2025-03-24 14:46:19+00:00,18 SPCS,NOAA 19,2009-005A,EARTH,TEME,UTC,SGP4,2025-03-24 09:26:16.093248+00:00,14.13320070,0.00132540,99.0053,147.6414,218.0608,141.9628,0,U,33591,999,83120,0.00031961000000,0.00000555,0.0000000000000,7226.170,101.888,857.612,838.457,PAYLOAD,LARGE,US,2009-02-06,AFWTR,,4679302,283905259,0 NOAA 19,1 33591U 09005A   25083.39324182  .00000555  00000-0  31961-3 0  9993,2 33591  99.0053 147.6414 0013254 218.0608 141.9628 14.13320070831202
3.0,GENERATED VIA SPACE-TRACK.ORG API,2025-03-24 19:49:24+00:00,18 SPCS,NOAA 19,2009-005A,EARTH,TEME,UTC,SGP4,2025-03-24 14:32:06.085536+00:00,14.13320359,0.00132630,99.0053,147.8552,217.4495,142.5754,0,U,33591,999,83097,0.00032104000000,0.00000557,0.0000000000000,7226.169,101.888,857.618,838.450,PAYLOAD,LARGE,US,2009-02-06,AFWTR,,4679439,283918296,0 NOAA 19,1 33591U 09005A   25083.60562599  .00000557  00000-0  32104-3 0  9995,2 33591  99.0053 147.8552 0013263 217.4495 142.5754 14.13320359830974
3.0,GENERATED VIA SPACE-TRACK.ORG API,2025-03-24 22:56:34+00:00,18 SPCS,NOAA 19,2009-005A,EARTH,TEME,UTC,SGP4,2025-03-24 19:37:56.068320+00:00,14.13320744,0.00132740,99.0052,148.0690,216.8461,143.1800,0,U,33591,999,83126,0.00033702000000,0.00000587,0.0000000000000,7226.167,101.888,857.624,838.440,PAYLOAD,LARGE,US,2009-02-06,AFWTR,,4679674,283942683,0 NOAA 19,1 33591U 09005A   25083.81801005  .00000587  00000-0  33702-3 0  9994,2 33591  99.0052 148.0690 0013274 216.8461 143.1800 14.13320744831267
3.0,GENERATED VIA SPACE-TRACK.ORG API,2025-03-25 02:12:31+00:00,18 SPCS,NOAA 19,2009-005A,EARTH,TEME,UTC,SGP4,2025-03-24 21:19:52.731264+00:00,14.13320830,0.00132770,99.0052,148.1402,216.6271,143.3994,0,U,33591,999,83101,0.00033648000000,0.00000586,0.0000000000000,7226.167,101.888,857.626,838.438,PAYLOAD,LARGE,US,2009-02-06,AFWTR,,4679785,283956068,0 NOAA 19,1 33591U 09005A   25083.88880476  .00000586  00000-0  33648-3 0  9998,2 33591  99.0052 148.1402 0013277 216.6271 143.3994 14.13320830831014
3.0,GENERATED VIA SPACE-TRACK.ORG API,2025-03-25 07:06:31+00:00,18 SPCS,NOAA 19,2009-005A,EARTH,TEME,UTC,SGP4,2025-03-25 00:43:46.057152+00:00,14.13320991,0.00132810,99.0052,148.2827,216.2179,143.8094,0,U,33591,999,83129,0.00033408000000,0.00000582,0.0000000000000,7226.167,101.888,857.629,838.435,PAYLOAD,LARGE,US,2009-02-06,AFWTR,,4680015,283980293,0 NOAA 19,1 33591U 09005A   25084.03039418  .00000582  00000-0  33408-3 0  9998,2 33591  99.0052 148.2827 0013281 216.2179 143.8094 14.13320991831298
3.0,GENERATED VIA SPACE-TRACK.ORG API,2025-03-25 18:41:00+00:00,18 SPCS,NOAA 19,2009-005A,EARTH,TEME,UTC,SGP4,2025-03-25 00:43:46.057152+00:00,14.13320991,0.00132810,99.0052,148.2827,216.2179,143.8094,0,U,33591,999,83103,0.00033408000000,0.00000582,0.0000000000000,7226.167,101.888,857.629,838.435,PAYLOAD,LARGE,US,2009-02-06,AFWTR,,4680300,283998279,0 NOAA 19,1 33591U 09005A   25084.03039418  .00000582  00000-0  33408-3 0  9998,2 33591  99.0052 148.2827 0013281 216.2179 143.8094 14.13320991831030
3.0,GENERATED VIA SPACE-TRACK.ORG API,2025-03-25 22:56:18+00:00,18 SPCS,NOAA 19,2009-005A,EARTH,TEME,UTC,SGP4,2025-03-25 21:07:05.993472+00:00,14.13321688,0.00133230,99.0050,149.1377,213.7725,146.2599,0,U,33591,999,83141,0.00029712000000,0.00000512,0.0000000000000,7226.164,101.888,857.657,838.402,PAYLOAD,LARGE,US,2009-02-06,AFWTR,,4680553,284022837,0 NOAA 19,1 33591U 09005A   25084.87993048  .00000512  00000-0  29712-3 0  9994,2 33591  99.0050 149.1377 0013323 213.7725 146.2599 14.13321688831417
3.0,GENERATED VIA SPACE-TRACK.ORG API,2025-03-26 02:56:27+00:00,18 SPCS,NOAA 19,2009-005A,EARTH,TEME,UTC,SGP4,2025-03-25 21:07:05.993472+00:00,14.13321688,0.00133230,99.0050,149.1377,213.7725,146.2599,0,U,33591,999,83115,0.00029712000000,0.00000512,0.0000000000000,7226.164,101.888,857.657,838.402,PAYLOAD,LARGE,US,2009-02-06,AFWTR,,4680658,284035947,0 NOAA 19,1 33591U 09005A   25084.87993048  .00000512  00000-0  29712-3 0  9994,2 33591  99.0050 149.1377 0013323 213.7725 146.2599 14.13321688831158
3.0,GENERATED VIA SPACE-TRACK.ORG API,2025-03-26 07:16:44+00:00,18 SPCS,NOAA 19,2009-005A,EARTH,TEME,UTC,SGP4,2025-03-26 03:54:52.618464+00:00,14.13322376,0.00133330,99.0049,149.4227,212.9751,147.0590,0,U,33591,999,83145,0.00033260000000,0.00000579,0.0000000000000,7226.162,101.888,857.661,838.392,PAYLOAD,LARGE,US,2009-02-06,AFWTR,,4680945,284061992,0 NOAA 19,1 33591U 09005A   25085.16310901  .00000579  00000-0  33260-3 0  9994,2 33591  99.0049 149.4227 0013333 212.9751 147.0590 14.13322376831452
3.0,GENERATED VIA SPACE-TRACK.ORG API,2025-03-26 14:56:20+00:00,18 SPCS,NOAA 19,2009-005A,EARTH,TEME,UTC,SGP4,2025-03-26 10:42:39.240864+00:00,14.13322708,0.00133450,99.0049,149.7077,212.1509,147.8850,0,U,33591,999,83149,0.00032828000000,0.00000571,0.0000000000000,7226.161,101.888,857.669,838.382,PAYLOAD,LARGE,US,2009-02-06,AFWTR,,4681261,284070203,0 NOAA 19,1 33591U 09005A   25085.44628751  .00000571  00000-0  32828-3 0  9991,2 33591  99.0049 149.7077 0013345 212.1509 147.8850 14.13322708831494
3.0,GENERATED VIA SPACE-TRACK.ORG API,2025-03-26 20:56:00+00:00,18 SPCS,NOAA 19,2009-005A,EARTH,TEME,UTC,SGP4,2025-03-26 14:06:32.554656+00:00,14.13322655,0.00133540,99.0048,149.8502,211.7292,148.3076,0,U,33591,999,83125,0.00030519000000,0.00000528,0.0000000000000,7226.161,101.888,857.676,838.376,PAYLOAD,LARGE,US,2009-02-06,AFWTR,,4681382,284083751,0 NOAA 19,1 33591U 09005A   25085.58787679  .00000528  00000-0  30519-3 0  9998,2 33591  99.0048 149.8502 0013354 211.7292 148.3076 14.13322655831252
3.0,GENERATED VIA SPACE-TRACK.ORG API,2025-03-26 22:46:17+00:00,18 SPCS,NOAA 19,2009-005A,EARTH,TEME,UTC,SGP4,2025-03-26 19:12:22.509792+00:00,14.13323012,0.00133670,99.0048,150.0639,211.1412,148.8969,0,U,33591,999,83154,0.00031087000000,0.00000538,0.0000000000000,7226.160,101.888,857.684,838.365,PAYLOAD,LARGE,US,2009-02-06,AFWTR,,4681527,284106560,0 NOAA 19,1 33591U 09005A   25085.80026053  .00000538  00000-0  31087-3 0  9997,2 33591  99.0048 150.0639 0013367 211.1412 148.8969 14.13323012831545
3.0,GENERATED VIA SPACE-TRACK.ORG API,2025-03-27 02:49:37+00:00,18 SPCS,NOAA 19,2009-005A,EARTH,TEME,UTC,SGP4,2025-03-26 20:54:19.163232+00:00,14.13323082,0.00133690,99.0048,150.1352,210.9344,149.1041,0,U,33591,999,83129,0.00030915000000,0.00000535,0.0000000000000,7226.159,101.888,857.685,838.364,PAYLOAD,LARGE,US,2009-02-06,AFWTR,,4681624,284118605,0 NOAA 19,1 33591U 09005A   25085.87105513  .00000535  00000-0  30915-3 0  9999,2 33591  99.0048 150.1352 0013369 210.9344 149.1041 14.13323082831295
3.0,GENERATED VIA SPACE-TRACK.ORG API,2025-03-27 07:07:29+00:00,18 SPCS,NOAA 19,2009-005A,EARTH,TEME,UTC,SGP4,2025-03-27 03:42:05.774400+00:00,14.13323376,0.00133830,99.0047,150.4202,210.1227,149.9176,0,U,33591,999,83159,0.00029864000000,0.00000515,0.0000000000000,7226.158,101.888,857.694,838.353,PAYLOAD,LARGE,US,2009-02-06,AFWTR,,4681858,284144312,0 NOAA 19,1 33591U 09005A   25086.15423350  .00000515  00000-0  29864-3 0  9992,2 33591  99.0047 150.4202 0013383 210.1227 149.9176 14.13323376831595
3.0,GENERATED VIA SPACE-TRACK.ORG API,2025-03-27 20:14:59+00:00,18 SPCS,NOAA 19,2009-005A,EARTH,TEME,UTC,SGP4,2025-03-27 12:11:49.032960+00:00,14.13323707,0.00134050,99.0047,150.7764,209.0983,150.9443,0,U,33591,999,83138,0.00028910000000,0.00000497,0.0000000000000,7226.157,101.887,857.709,838.336,PAYLOAD,LARGE,US,2009-02-06,AFWTR,,4682083,284160324,0 NOAA 19,1 33591U 09005A   25086.50820640  .00000497  00000-0  28910-3 0  9994,2 33591  99.0047 150.7764 0013405 209.0983 150.9443 14.13323707831386
3.0,GENERATED VIA SPACE-TRACK.ORG API,2025-03-27 20:46:18+00:00,18 SPCS,NOAA 19,2009-005A,EARTH,TEME,UTC,SGP4,2025-03-27 17:17:38.982048+00:00,14.13323947,0.00134140,99.0046,150.9901,208.4853,151.5587,0,U,33591,999,83167,0.00028438000000,0.00000488,0.0000000000000,7226.156,101.887,857.715,838.328,PAYLOAD,LARGE,US,2009-02-06,AFWTR,,4682290,284184882,0 NOAA 19,1 33591U 09005A   25086.72059007  .00000488  00000-0  28438-3 0  9994,2 33591  99.0046 150.9901 0013414 208.4853 151.5587 14.13323947831673
3.0,GENERATED VIA SPACE-TRACK.ORG API,2025-03-27 22:26:18+00:00,18 SPCS,NOAA 19,2009-005A,EARTH,TEME,UTC,SGP4,2025-03-27 20:41:32.271648+00:00,14.13324207,0.00134200,99.0046,151.1326,208.1049,151.9399,0,U,33591,999,83169,0.00029216000000,0.00000503,0.0000000000000,7226.156,101.887,857.718,838.323,PAYLOAD,LARGE,US,2009-02-06,AFWTR,,4682559,284190318,0 NOAA 19,1 33591U 09005A   25086.86217907  .00000503  00000-0  29216-3 0  9997,2 33591  99.0046 151.1326 0013420 208.1049 151.9399 14.13324207831695
3.0,GENERATED VIA SPACE-TRACK.ORG API,2025-03-28 07:16:20+00:00,18 SPCS,NOAA 19,2009-005A,EARTH,TEME,UTC,SGP4,2025-03-28 03:29:18.875904+00:00,14.13324361,0.00134400,99.0045,151.4176,207.3043,152.7423,0,U,33591,999,83173,0.00027901000000,0.00000478,0.0000000000000,7226.155,101.887,857.732,838.308,PAYLOAD,LARGE,US,2009-02-06,AFWTR,,4682864,284226792,0 NOAA 19,1 33591U 09005A   25087.14535736  .00000478  00000-0  27901-3 0  9992,2 33591  99.0045 151.4176 0013440 207.3043 152.7423 14.13324361831730
3.0,GENERATED VIA SPACE-TRACK.ORG API,2025-03-28 14:46:19+00:00,18 SPCS,NOAA 19,2009-005A,EARTH,TEME,UTC,SGP4,2025-03-28 10:17:05.467200+00:00,14.13324536,0.00134580,99.0045,151.7026,206.4929,153.5556,0,U,33591,999,83177,0.00025905000000,0.00000441,0.0000000000000,7226.154,101.887,857.744,838.295,PAYLOAD,LARGE,US,2009-02-06,AFWTR,,4683110,284233559,0 NOAA 19,1 33591U 09005A   25087.42853550  .00000441  00000-0  25905-3 0  9992,2 33591  99.0045 151.7026 0013458 206.4929 153.5556 14.13324536831773
3.0,GENERATED VIA SPACE-TRACK.ORG API,2025-03-28 20:36:09+00:00,18 SPCS,NOAA 19,2009-005A,EARTH,TEME,UTC,SGP4,2025-03-28 10:17:05.467200+00:00,14.13324536,0.00134580,99.0045,151.7026,206.4929,153.5556,0,U,33591,999,83151,0.00025905000000,0.00000441,0.0000000000000,7226.154,101.887,857.744,838.295,PAYLOAD,LARGE,US,2009-02-06,AFWTR,,4683285,284247949,0 NOAA 19,1 33591U 09005A   25087.42853550  .00000441  00000-0  25905-3 0  9992,2 33591  99.0045 151.7026 0013458 206.4929 153.5556 14.13324536831515
3.0,GENERATED VIA SPACE-TRACK.ORG API,2025-03-28 22:56:18+00:00,18 SPCS,NOAA 19,2009-005A,EARTH,TEME,UTC,SGP4,2025-03-28 20:28:45.337728+00:00,14.13325040,0.00134770,99.0044,152.1300,205.2749,154.7764,0,U,33591,999,83183,0.00025769000000,0.00000438,0.0000000000000,7226.153,101.887,857.756,838.279,PAYLOAD,LARGE,US,2009-02-06,AFWTR,,4683521,284271740,0 NOAA 19,1 33591U 09005A   25087.85330252  .00000438  00000-0  25769-3 0  9992,2 33591  99.0044 152.1300 0013477 205.2749 154.7764 14.13325040831832
3.0,GENERATED VIA SPACE-TRACK.ORG API,2025-03-29 02:24:46+00:00,18 SPCS,NOAA 19,2009-005A,EARTH,TEME,UTC,SGP4,2025-03-28 22:10:41.980800+00:00,14.13325118,0.00134860,99.0044,152.2013,205.0679,154.9840,0,U,33591,999,83158,0.00025748000000,0.00000438,0.0000000000000,7226.153,101.887,857.763,838.272,PAYLOAD,LARGE,US,2009-02-06,AFWTR,,4683631,284286079,0 NOAA 19,1 33591U 09005A   25087.92409700  .00000438  00000-0  25748-3 0  9992,2 33591  99.0044 152.2013 0013486 205.0679 154.9840 14.13325118831589
3.0,GENERATED VIA SPACE-TRACK.ORG API,2025-03-29 07:06:37+00:00,18 SPCS,NOAA 19,2009-005A,EARTH,TEME,UTC,SGP4,2025-03-29 04:58:28.560864+00:00,14.13325395,0.00134980,99.0044,152.4863,204.2430,155.8109,0,U,33591,999,83188,0.00025065000000,0.00000425,0.0000000000000,7226.152,101.887,857.770,838.263,PAYLOAD,LARGE,US,2009-02-06,AFWTR,,4683896,284311319,0 NOAA 19,1 33591U 09005A   25088.20727501  .00000425  00000-0  25065-3 0  9994,2 33591  99.0044 152.4863 0013498 204.2430 155.8109 14.13325395831881
3.0,GENERATED VIA SPACE-TRACK.ORG API,2025-03-29 14:36:27+00:00,18 SPCS,NOAA 19,2009-005A,EARTH,TEME,UTC,SGP4,2025-03-29 08:22:21.847872+00:00,14.13325529,0.00135050,99.0044,152.6288,203.8203,156.2345,0,U,33591,999,83190,0.00024794000000,0.00000420,0.0000000000000,7226.151,101.887,857.775,838.257,PAYLOAD,LARGE,US,2009-02-06,AFWTR,,4684135,284316435,0 NOAA 19,1 33591U 09005A   25088.34886398  .00000420  00000-0  24794-3 0  9992,2 33591  99.0044 152.6288 0013505 203.8203 156.2345 14.13325529831905
3.0,GENERATED VIA SPACE-TRACK.ORG API,2025-03-29 17:28:10+00:00,18 SPCS,NOAA 19,2009-005A,EARTH,TEME,UTC,SGP4,2025-03-29 08:22:21.847872+00:00,14.13325529,0.00135050,99.0044,152.6288,203.8203,156.2345,0,U,33591,999,83164,0.00024794000000,0.00000420,0.0000000000000,7226.151,101.887,857.775,838.257,PAYLOAD,LARGE,US,2009-02-06,AFWTR,,4684192,284329205,0 NOAA 19,1 33591U 09005A   25088.34886398  .00000420  00000-0  24794-3 0  9992,2 33591  99.0044 152.6288 0013505 203.8203 156.2345 14.13325529831646
3.0,GENERATED VIA SPACE-TRACK.ORG API,2025-03-29 23:06:17+00:00,18 SPCS,NOAA 19,2009-005A,EARTH,TEME,UTC,SGP4,2025-03-29 20:15:58.351104+00:00,14.13325891,0.00135300,99.0043,153.1275,202.4214,157.6368,0,U,33591,999,83197,0.00023365000000,0.00000393,0.0000000000000,7226.150,101.887,857.792,838.238,PAYLOAD,LARGE,US,2009-02-06,AFWTR,,4684473,284355397,0 NOAA 19,1 33591U 09005A   25088.84442536  .00000393  00000-0  23365-3 0  9991,2 33591  99.0043 153.1275 0013530 202.4214 157.6368 14.13325891831970
3.0,GENERATED VIA SPACE-TRACK.ORG API,2025-03-30 04:28:37+00:00,18 SPCS,NOAA 19,2009-005A,EARTH,TEME,UTC,SGP4,2025-03-29 21:57:54.992448+00:00,14.13325932,0.00135380,99.0043,153.1987,202.2135,157.8451,0,U,33591,999,83172,0.00022910000000,0.00000385,0.0000000000000,7226.150,101.887,857.797,838.232,PAYLOAD,LARGE,US,2009-02-06,AFWTR,,4684622,284369282,0 NOAA 19,1 33591U 09005A   25088.91521982  .00000385  00000-0  22910-3 0  9998,2 33591  99.0043 153.1987 0013538 202.2135 157.8451 14.13325932831722
3.0,GENERATED VIA SPACE-TRACK.ORG API,2025-03-30 07:06:30+00:00,18 SPCS,NOAA 19,2009-005A,EARTH,TEME,UTC,SGP4,2025-03-30 04:45:41.557824+00:00,14.13326249,0.00135530,99.0042,153.4837,201.4098,158.6508,0,U,33591,999,83202,0.00023104000000,0.00000388,0.0000000000000,7226.149,101.887,857.807,838.220,PAYLOAD,LARGE,US,2009-02-06,AFWTR,,4684888,284394591,0 NOAA 19,1 33591U 09005A   25089.19839766  .00000388  00000-0  23104-3 0  9990,2 33591  99.0042 153.4837 0013553 201.4098 158.6508 14.13326249832022
3.0,GENERATED VIA SPACE-TRACK.ORG API,2025-03-30 14:46:30+00:00,18 SPCS,NOAA 19,2009-005A,EARTH,TEME,UTC,SGP4,2025-03-30 11:33:28.120608+00:00,14.13326439,0.00135700,99.0042,153.7687,200.5651,159.4977,0,U,33591,999,83206,0.00021899000000,0.00000366,0.0000000000000,7226.148,101.887,857.819,838.207,PAYLOAD,LARGE,US,2009-02-06,AFWTR,,4685137,284401796,0 NOAA 19,1 33591U 09005A   25089.48157547  .00000366  00000-0  21899-3 0  9997,2 33591  99.0042 153.7687 0013570 200.5651 159.4977 14.13326439832066
3.0,GENERATED VIA SPACE-TRACK.ORG API,2025-03-30 17:21:43+00:00,18 SPCS,NOAA 19,2009-005A,EARTH,TEME,UTC,SGP4,2025-03-30 14:57:21.399840+00:00,14.13326556,0.00135770,99.0042,153.9112,200.1529,159.9108,0,U,33591,999,83182,0.00021422000000,0.00000357,0.0000000000000,7226.148,101.887,857.824,838.202,PAYLOAD,LARGE,US,2009-02-06,AFWTR,,4685273,284415221,0 NOAA 19,1 33591U 09005A   25089.62316435  .00000357  00000-0  21422-3 0  9998,2 33591  99.0042 153.9112 0013577 200.1529 159.9108 14.13326556831822
3.0,GENERATED VIA SPACE-TRACK.ORG API,2025-03-30 22:46:27+00:00,18 SPCS,NOAA 19,2009-005A,EARTH,TEME,UTC,SGP4,2025-03-30 18:21:14.677344+00:00,14.13326676,0.00135840,99.0041,154.0537,199.7393,160.3255,0,U,33591,999,83210,0.00021300000000,0.00000355,0.0000000000000,7226.147,101.887,857.828,838.196,PAYLOAD,LARGE,US,2009-02-06,AFWTR,,4685421,284438209,0 NOAA 19,1 33591U 09005A   25089.76475321  .00000355  00000-0  21300-3 0  9996,2 33591  99.0041 154.0537 0013584 199.7393 160.3255 14.13326676832108
3.0,GENERATED VIA SPACE-TRACK.ORG API,2025-03-31 02:53:27+00:00,18 SPCS,NOAA 19,2009-005A,EARTH,TEME,UTC,SGP4,2025-03-30 18:21:14.677344+00:00,14.13326676,0.00135840,99.0041,154.0537,199.7393,160.3255,0,U,33591,999,83184,0.00021300000000,0.00000355,0.0000000000000,7226.147,101.887,857.828,838.196,PAYLOAD,LARGE,US,2009-02-06,AFWTR,,4685503,284450455,0 NOAA 19,1 33591U 09005A   25089.76475321  .00000355  00000-0  21300-3 0  9996,2 33591  99.0041 154.0537 0013584 199.7393 160.3255 14.13326676831848
3.0,GENERATED VIA SPACE-TRACK.ORG API,2025-03-31 06:56:27+00:00,18 SPCS,NOAA 19,2009-005A,EARTH,TEME,UTC,SGP4,2025-03-31 02:50:57.872832+00:00,14.13326954,0.00136000,99.0040,154.4099,198.7523,161.3150,0,U,33591,999,83215,0.00021059000000,0.00000350,0.0000000000000,7226.146,101.887,857.839,838.184,PAYLOAD,LARGE,US,2009-02-06,AFWTR,,4685696,284474582,0 NOAA 19,1 33591U 09005A   25090.11872538  .00000350  00000-0  21059-3 0  9994,2 33591  99.0040 154.4099 0013600 198.7523 161.3150 14.13326954832156
3.0,GENERATED VIA SPACE-TRACK.ORG API,2025-03-31 14:56:19+00:00,18 SPCS,NOAA 19,2009-005A,EARTH,TEME,UTC,SGP4,2025-03-31 11:20:41.058816+00:00,14.13327234,0.00136190,99.0040,154.7661,197.6899,162.3800,0,U,33591,999,83220,0.00020840000000,0.00000346,0.0000000000000,7226.145,101.887,857.852,838.169,PAYLOAD,LARGE,US,2009-02-06,AFWTR,,4686108,284484619,0 NOAA 19,1 33591U 09005A   25090.47269744  .00000346  00000-0  20840-3 0  9994,2 33591  99.0040 154.7661 0013619 197.6899 162.3800 14.13327234832209
3.0,GENERATED VIA SPACE-TRACK.ORG API,2025-03-31 18:26:18+00:00,18 SPCS,NOAA 19,2009-005A,EARTH,TEME,UTC,SGP4,2025-03-31 16:26:30.969024+00:00,14.13327351,0.00136310,99.0040,154.9798,197.1035,162.9679,0,U,33591,999,83223,0.00019862000000,0.00000328,0.0000000000000,7226.145,101.887,857.860,838.160,PAYLOAD,LARGE,US,2009-02-06,AFWTR,,4686312,284489768,0 NOAA 19,1 33591U 09005A   25090.68508066  .00000328  00000-0  19862-3 0  9992,2 33591  99.0040 154.9798 0013631 197.1035 162.9679 14.13327351832236
3.0,GENERATED VIA SPACE-TRACK.ORG API,2025-03-31 18:51:21+00:00,18 SPCS,NOAA 19,2009-005A,EARTH,TEME,UTC,SGP4,2025-03-31 14:44:34.332000+00:00,14.13327324,0.00136270,99.0040,154.9085,197.3009,162.7700,0,U,33591,999,83196,0.00020318000000,0.00000336,0.0000000000000,7226.145,101.887,857.857,838.163,PAYLOAD,LARGE,US,2009-02-06,AFWTR,,4686407,284502805,0 NOAA 19,1 33591U 09005A   25090.61428625  .00000336  00000-0  20318-3 0  9994,2 33591  99.0040 154.9085 0013627 197.3009 162.7700 14.13327324831965
3.0,GENERATED VIA SPACE-TRACK.ORG API,2025-03-31 22:36:17+00:00,18 SPCS,NOAA 19,2009-005A,EARTH,TEME,UTC,SGP4,2025-03-31 19:50:24.237888+00:00,14.13327470,0.00136390,99.0039,155.1223,196.7181,163.3542,0,U,33591,999,83225,0.00020149000000,0.00000333,0.0000000000000,7226.144,101.887,857.865,838.154,PAYLOAD,LARGE,US,2009-02-06,AFWTR,,4686522,284524269,0 NOAA 19,1 33591U 09005A   25090.82666942  .00000333  00000-0  20149-3 0  9992,2 33591  99.0039 155.1223 0013639 196.7181 163.3542 14.13327470832253
3.0,GENERATED VIA SPACE-TRACK.ORG API,2025-04-01 06:56:18+00:00,18 SPCS,NOAA 19,2009-005A,EARTH,TEME,UTC,SGP4,2025-04-01 04:20:07.418688+00:00,14.13327755,0.00136530,99.0039,155.4785,195.7074,164.3676,0,U,33591,999,83230,0.00020087000000,0.00000332,0.0000000000000,7226.144,101.887,857.874,838.143,PAYLOAD,LARGE,US,2009-02-06,AFWTR,,4686828,284561081,0 NOAA 19,1 33591U 09005A   25091.18064142  .00000332  00000-0  20087-3 0  9996,2 33591  99.0039 155.4785 0013653 195.7074 164.3676 14.13327755832306
3.0,GENERATED VIA SPACE-TRACK.ORG API,2025-04-01 14:56:25+00:00,18 SPCS,NOAA 19,2009-005A,EARTH,TEME,UTC,SGP4,2025-04-01 11:07:53.957280+00:00,14.13328007,0.00136630,99.0038,155.7634,194.8503,165.2269,0,U,33591,999,83234,0.00020794000000,0.00000345,0.0000000000000,7226.143,101.887,857.881,838.135,PAYLOAD,LARGE,US,2009-02-06,AFWTR,,4687191,284569059,0 NOAA 19,1 33591U 09005A   25091.46381895  .00000345  00000-0  20794-3 0  9993,2 33591  99.0038 155.7634 0013663 194.8503 165.2269 14.13328007832342
3.0,GENERATED VIA SPACE-TRACK.ORG API,2025-04-01 17:48:34+00:00,18 SPCS,NOAA 19,2009-005A,EARTH,TEME,UTC,SGP4,2025-04-01 14:31:47.221824+00:00,14.13328078,0.00136720,99.0038,155.9059,194.4333,165.6450,0,U,33591,999,83210,0.00020160000000,0.00000333,0.0000000000000,7226.142,101.887,857.887,838.128,PAYLOAD,LARGE,US,2009-02-06,AFWTR,,4687331,284583407,0 NOAA 19,1 33591U 09005A   25091.60540766  .00000333  00000-0  20160-3 0  9997,2 33591  99.0038 155.9059 0013672 194.4333 165.6450 14.13328078832100
3.0,GENERATED VIA SPACE-TRACK.ORG API,2025-04-01 22:56:28+00:00,18 SPCS,NOAA 19,2009-005A,EARTH,TEME,UTC,SGP4,2025-04-01 19:37:37.123392+00:00,14.13328140,0.00136850,99.0037,156.1196,193.8714,166.2083,0,U,33591,999,83239,0.00019253000000,0.00000316,0.0000000000000,7226.142,101.887,857.896,838.118,PAYLOAD,LARGE,US,2009-02-06,AFWTR,,4687540,284607275,0 NOAA 19,1 33591U 09005A   25091.81779078  .00000316  00000-0  19253-3 0  9992,2 33591  99.0037 156.1196 0013685 193.8714 166.2083 14.13328140832394
3.0,GENERATED VIA SPACE-TRACK.ORG API,2025-04-02 02:26:20+00:00,18 SPCS,NOAA 19,2009-005A,EARTH,TEME,UTC,SGP4,2025-04-01 21:19:33.756096+00:00,14.13328181,0.00136880,99.0037,156.1909,193.6770,166.4033,0,U,33591,999,83214,0.00019187000000,0.00000315,0.0000000000000,7226.142,101.887,857.898,838.116,PAYLOAD,LARGE,US,2009-02-06,AFWTR,,4687669,284620700,0 NOAA 19,1 33591U 09005A   25091.88858514  .00000315  00000-0  19187-3 0  9997,2 33591  99.0037 156.1909 0013688 193.6770 166.4033 14.13328181832144
3.0,GENERATED VIA SPACE-TRACK.ORG API,2025-04-02 06:56:19+00:00,18 SPCS,NOAA 19,2009-005A,EARTH,TEME,UTC,SGP4,2025-04-02 02:25:23.652480+00:00,14.13328370,0.00137000,99.0037,156.4046,193.0685,167.0134,0,U,33591,999,83243,0.00019508000000,0.00000321,0.0000000000000,7226.141,101.887,857.906,838.107,PAYLOAD,LARGE,US,2009-02-06,AFWTR,,4687880,284644223,0 NOAA 19,1 33591U 09005A   25092.10096820  .00000321  00000-0  19508-3 0  9991,2 33591  99.0037 156.4046 0013700 193.0685 167.0134 14.13328370832434
3.0,GENERATED VIA SPACE-TRACK.ORG API,2025-04-02 14:56:18+00:00,18 SPCS,NOAA 19,2009-005A,EARTH,TEME,UTC,SGP4,2025-04-02 12:37:03.432288+00:00,14.13328861,0.00137210,99.0036,156.8321,191.8350,168.2501,0,U,33591,999,83249,0.00020956000000,0.00000348,0.0000000000000,7226.140,101.887,857.920,838.090,PAYLOAD,LARGE,US,2009-02-06,AFWTR,,4688249,284653185,0 NOAA 19,1 33591U 09005A   25092.52573417  .00000348  00000-0  20956-3 0  9997,2 33591  99.0036 156.8321 0013721 191.8350 168.2501 14.13328861832493
3.0,GENERATED VIA SPACE-TRACK.ORG API,2025-04-02 17:11:55+00:00,18 SPCS,NOAA 19,2009-005A,EARTH,TEME,UTC,SGP4,2025-04-02 14:19:00.062400+00:00,14.13328909,0.00137260,99.0036,156.9033,191.6306,168.4551,0,U,33591,999,83224,0.00020708000000,0.00000343,0.0000000000000,7226.140,101.887,857.923,838.086,PAYLOAD,LARGE,US,2009-02-06,AFWTR,,4688355,284666654,0 NOAA 19,1 33591U 09005A   25092.59652850  .00000343  00000-0  20708-3 0  9993,2 33591  99.0036 156.9033 0013726 191.6306 168.4551 14.13328909832241
3.0,GENERATED VIA SPACE-TRACK.ORG API,2025-04-02 22:56:24+00:00,18 SPCS,NOAA 19,2009-005A,EARTH,TEME,UTC,SGP4,2025-04-02 21:06:46.581120+00:00,14.13329100,0.00137390,99.0035,157.1883,190.8482,169.2396,0,U,33591,999,83254,0.00020693000000,0.00000343,0.0000000000000,7226.139,101.887,857.932,838.076,PAYLOAD,LARGE,US,2009-02-06,AFWTR,,4688609,284690541,0 NOAA 19,1 33591U 09005A   25092.87970580  .00000343  00000-0  20693-3 0  9990,2 33591  99.0035 157.1883 0013739 190.8482 169.2396 14.13329100832549
3.0,GENERATED VIA SPACE-TRACK.ORG API,2025-04-03 03:59:49+00:00,18 SPCS,NOAA 19,2009-005A,EARTH,TEME,UTC,SGP4,2025-04-02 19:24:49.950144+00:00,14.13329066,0.00137350,99.0035,157.1170,191.0455,169.0417,0,U,33591,999,83227,0.00020791000000,0.00000345,0.0000000000000,7226.139,101.887,857.929,838.079,PAYLOAD,LARGE,US,2009-02-06,AFWTR,,4688710,284703618,0 NOAA 19,1 33591U 09005A   25092.80891146  .00000345  00000-0  20791-3 0  9994,2 33591  99.0035 157.1170 0013735 191.0455 169.0417 14.13329066832270
3.0,GENERATED VIA SPACE-TRACK.ORG API,2025-04-03 06:56:18+00:00,18 SPCS,NOAA 19,2009-005A,EARTH,TEME,UTC,SGP4,2025-04-03 03:54:33.091200+00:00,14.13329623,0.00137520,99.0035,157.4732,190.0509,170.0390,0,U,33591,999,83258,0.00023303000000,0.00000392,0.0000000000000,7226.137,101.887,857.940,838.065,PAYLOAD,LARGE,US,2009-02-06,AFWTR,,4688915,284728612,0 NOAA 19,1 33591U 09005A   25093.16288300  .00000392  00000-0  23303-3 0  9990,2 33591  99.0035 157.4732 0013752 190.0509 170.0390 14.13329623832580
3.0,GENERATED VIA SPACE-TRACK.ORG API,2025-04-03 14:56:27+00:00,18 SPCS,NOAA 19,2009-005A,EARTH,TEME,UTC,SGP4,2025-04-03 12:24:16.228800+00:00,14.13329771,0.00137650,99.0034,157.8294,189.0345,171.0581,0,U,33591,999,83263,0.00022013000000,0.00000368,0.0000000000000,7226.137,101.887,857.948,838.055,PAYLOAD,LARGE,US,2009-02-06,AFWTR,,4689316,284737219,0 NOAA 19,1 33591U 09005A   25093.51685450  .00000368  00000-0  22013-3 0  9996,2 33591  99.0034 157.8294 0013765 189.0345 171.0581 14.13329771832639
3.0,GENERATED VIA SPACE-TRACK.ORG API,2025-04-03 20:53:45+00:00,18 SPCS,NOAA 19,2009-005A,EARTH,TEME,UTC,SGP4,2025-04-03 14:06:12.855456+00:00,14.13329835,0.00137690,99.0034,157.9006,188.8396,171.2536,0,U,33591,999,83238,0.00022022000000,0.00000368,0.0000000000000,7226.136,101.887,857.951,838.052,PAYLOAD,LARGE,US,2009-02-06,AFWTR,,4689462,284751204,0 NOAA 19,1 33591U 09005A   25093.58764879  .00000368  00000-0  22022-3 0  9996,2 33591  99.0034 157.9006 0013769 188.8396 171.2536 14.13329835832383
3.0,GENERATED VIA SPACE-TRACK.ORG API,2025-04-03 22:56:25+00:00,18 SPCS,NOAA 19,2009-005A,EARTH,TEME,UTC,SGP4,2025-04-03 20:53:59.361216+00:00,14.13330059,0.00137840,99.0033,158.1855,188.0292,172.0662,0,U,33591,999,83268,0.00022101000000,0.00000370,0.0000000000000,7226.136,101.887,857.961,838.040,PAYLOAD,LARGE,US,2009-02-06,AFWTR,,4689705,284775728,0 NOAA 19,1 33591U 09005A   25093.87082594  .00000370  00000-0  22101-3 0  9996,2 33591  99.0033 158.1855 0013784 188.0292 172.0662 14.13330059832683
3.0,GENERATED VIA SPACE-TRACK.ORG API,2025-04-04 06:56:19+00:00,18 SPCS,NOAA 19,2009-005A,EARTH,TEME,UTC,SGP4,2025-04-04 03:41:45.863520+00:00,14.13330273,0.00137990,99.0033,158.4704,187.2185,172.8790,0,U,33591,999,83272,0.00021741000000,0.00000363,0.0000000000000,7226.135,101.887,857.971,838.029,PAYLOAD,LARGE,US,2009-02-06,AFWTR,,4690018,284813590,0 NOAA 19,1 33591U 09005A   25094.15400305  .00000363  00000-0  21741-3 0  9993,2 33591  99.0033 158.4704 0013799 187.2185 172.8790 14.13330273832720
3.0,GENERATED VIA SPACE-TRACK.ORG API,2025-04-04 15:06:26+00:00,18 SPCS,NOAA 19,2009-005A,EARTH,TEME,UTC,SGP4,2025-04-04 12:11:28.977792+00:00,14.13330586,0.00138220,99.0032,158.8266,186.2331,173.8670,0,U,33591,999,83277,0.00021723000000,0.00000363,0.0000000000000,7226.134,101.887,857.987,838.011,PAYLOAD,LARGE,US,2009-02-06,AFWTR,,4690423,284822625,0 NOAA 19,1 33591U 09005A   25094.50797428  .00000363  00000-0  21723-3 0  9997,2 33591  99.0032 158.8266 0013822 186.2331 173.8670 14.13330586832775
3.0,GENERATED VIA SPACE-TRACK.ORG API,2025-04-04 20:19:44+00:00,18 SPCS,NOAA 19,2009-005A,EARTH,TEME,UTC,SGP4,2025-04-04 13:53:25.600128+00:00,14.13330652,0.00138260,99.0032,158.8979,186.0397,174.0610,0,U,33591,999,83252,0.00021694000000,0.00000362,0.0000000000000,7226.134,101.887,857.989,838.008,PAYLOAD,LARGE,US,2009-02-06,AFWTR,,4690529,284835174,0 NOAA 19,1 33591U 09005A   25094.57876852  .00000362  00000-0  21694-3 0  9999,2 33591  99.0032 158.8979 0013826 186.0397 174.0610 14.13330652832524
3.0,GENERATED VIA SPACE-TRACK.ORG API,2025-04-04 22:46:18+00:00,18 SPCS,NOAA 19,2009-005A,EARTH,TEME,UTC,SGP4,2025-04-04 18:59:15.461088+00:00,14.13330912,0.00138360,99.0032,159.1116,185.4628,174.6395,0,U,33591,999,83281,0.00022095000000,0.00000370,0.0000000000000,7226.133,101.887,857.996,838.000,PAYLOAD,LARGE,US,2009-02-06,AFWTR,,4690706,284859303,0 NOAA 19,1 33591U 09005A   25094.79115117  .00000370  00000-0  22095-3 0  9998,2 33591  99.0032 159.1116 0013836 185.4628 174.6395 14.13330912832819
3.0,GENERATED VIA SPACE-TRACK.ORG API,2025-04-05 03:40:49+00:00,18 SPCS,NOAA 19,2009-005A,EARTH,TEME,UTC,SGP4,2025-04-04 18:59:15.461088+00:00,14.13330912,0.00138360,99.0032,159.1116,185.4628,174.6395,0,U,33591,999,83255,0.00022095000000,0.00000370,0.0000000000000,7226.133,101.887,857.996,838.000,PAYLOAD,LARGE,US,2009-02-06,AFWTR,,4690794,284872324,0 NOAA 19,1 33591U 09005A   25094.79115117  .00000370  00000-0  22095-3 0  9998,2 33591  99.0032 159.1116 0013836 185.4628 174.6395 14.13330912832550
3.0,GENERATED VIA SPACE-TRACK.ORG API,2025-04-05 07:16:34+00:00,18 SPCS,NOAA 19,2009-005A,EARTH,TEME,UTC,SGP4,2025-04-05 03:28:58.561536+00:00,14.13331357,0.00138550,99.0031,159.4678,184.4643,175.6407,0,U,33591,999,83286,0.00022869000000,0.00000384,0.0000000000000,7226.131,101.887,858.008,837.984,PAYLOAD,LARGE,US,2009-02-06,AFWTR,,4691119,284898259,0 NOAA 19,1 33591U 09005A   25095.14512224  .00000384  00000-0  22869-3 0  9992,2 33591  99.0031 159.4678 0013855 184.4643 175.6407 14.13331357832865
3.0,GENERATED VIA SPACE-TRACK.ORG API,2025-04-05 15:06:18+00:00,18 SPCS,NOAA 19,2009-005A,EARTH,TEME,UTC,SGP4,2025-04-05 11:58:41.662848+00:00,14.13331517,0.00138740,99.0031,159.8239,183.4636,176.6442,0,U,33591,999,83291,0.00021147000000,0.00000352,0.0000000000000,7226.131,101.887,858.021,837.970,PAYLOAD,LARGE,US,2009-02-06,AFWTR,,4691533,284907438,0 NOAA 19,1 33591U 09005A   25095.49909332  .00000352  00000-0  21147-3 0  9993,2 33591  99.0031 159.8239 0013874 183.4636 176.6442 14.13331517832918
3.0,GENERATED VIA SPACE-TRACK.ORG API,2025-04-05 22:56:18+00:00,18 SPCS,NOAA 19,2009-005A,EARTH,TEME,UTC,SGP4,2025-04-05 20:28:24.748608+00:00,14.13331907,0.00138930,99.0030,160.1801,182.5051,177.6053,0,U,33591,999,83296,0.00022187000000,0.00000371,0.0000000000000,7226.129,101.887,858.034,837.955,PAYLOAD,LARGE,US,2009-02-06,AFWTR,,4691878,284915728,0 NOAA 19,1 33591U 09005A   25095.85306422  .00000371  00000-0  22187-3 0  9990,2 33591  99.0030 160.1801 0013893 182.5051 177.6053 14.13331907832966
3.0,GENERATED VIA SPACE-TRACK.ORG API,2025-04-06 02:24:40+00:00,18 SPCS,NOAA 19,2009-005A,EARTH,TEME,UTC,SGP4,2025-04-05 22:10:21.366624+00:00,14.13331958,0.00138970,99.0030,160.2513,182.3089,177.8021,0,U,33591,999,83271,0.00022026000000,0.00000368,0.0000000000000,7226.129,101.887,858.036,837.952,PAYLOAD,LARGE,US,2009-02-06,AFWTR,,4691967,284928521,0 NOAA 19,1 33591U 09005A   25095.92385841  .00000368  00000-0  22026-3 0  9998,2 33591  99.0030 160.2513 0013897 182.3089 177.8021 14.13331958832716
3.0,GENERATED VIA SPACE-TRACK.ORG API,2025-04-06 06:56:31+00:00,18 SPCS,NOAA 19,2009-005A,EARTH,TEME,UTC,SGP4,2025-04-06 04:58:07.826592+00:00,14.13332445,0.00139130,99.0029,160.5362,181.5463,178.5668,0,U,33591,999,83301,0.00023770000000,0.00000401,0.0000000000000,7226.128,101.887,858.046,837.939,PAYLOAD,LARGE,US,2009-02-06,AFWTR,,4692178,284952753,0 NOAA 19,1 33591U 09005A   25096.20703503  .00000401  00000-0  23770-3 0  9994,2 33591  99.0029 160.5362 0013913 181.5463 178.5668 14.13332445833016
3.0,GENERATED VIA SPACE-TRACK.ORG API,2025-04-06 14:56:18+00:00,18 SPCS,NOAA 19,2009-005A,EARTH,TEME,UTC,SGP4,2025-04-06 11:45:54.296928+00:00,14.13332511,0.00139300,99.0029,160.8211,180.7115,179.4039,0,U,33591,999,83305,0.00022168000000,0.00000371,0.0000000000000,7226.127,101.887,858.058,837.926,PAYLOAD,LARGE,US,2009-02-06,AFWTR,,4692496,284961872,0 NOAA 19,1 33591U 09005A   25096.49021177  .00000371  00000-0  22168-3 0  9991,2 33591  99.0029 160.8211 0013930 180.7115 179.4039 14.13332511833056
3.0,GENERATED VIA SPACE-TRACK.ORG API,2025-04-06 22:56:18+00:00,18 SPCS,NOAA 19,2009-005A,EARTH,TEME,UTC,SGP4,2025-04-06 20:15:37.362816+00:00,14.13332891,0.00139440,99.0028,161.1773,179.7449,180.3732,0,U,33591,999,83310,0.00022848000000,0.00000384,0.0000000000000,7226.126,101.887,858.067,837.915,PAYLOAD,LARGE,US,2009-02-06,AFWTR,,4692868,284970508,0 NOAA 19,1 33591U 09005A   25096.84418244  .00000384  00000-0  22848-3 0  9994,2 33591  99.0028 161.1773 0013944 179.7449 180.3732 14.13332891833103
3.0,GENERATED VIA SPACE-TRACK.ORG API,2025-04-07 03:16:22+00:00,18 SPCS,NOAA 19,2009-005A,EARTH,TEME,UTC,SGP4,2025-04-06 21:57:33.975648+00:00,14.13332942,0.00139520,99.0028,161.2485,179.5511,180.5675,0,U,33591,999,83285,0.00022761000000,0.00000382,0.0000000000000,7226.126,101.887,858.073,837.909,PAYLOAD,LARGE,US,2009-02-06,AFWTR,,4693017,284983501,0 NOAA 19,1 33591U 09005A   25096.91497657  .00000382  00000-0  22761-3 0  9999,2 33591  99.0028 161.2485 0013952 179.5511 180.5675 14.13332942832857
3.0,GENERATED VIA SPACE-TRACK.ORG API,2025-04-07 06:56:35+00:00,18 SPCS,NOAA 19,2009-005A,EARTH,TEME,UTC,SGP4,2025-04-07 04:45:20.428704+00:00,14.13333295,0.00139630,99.0027,161.5335,178.7378,181.3831,0,U,33591,999,83315,0.00023536000000,0.00000397,0.0000000000000,7226.125,101.887,858.079,837.900,PAYLOAD,LARGE,US,2009-02-06,AFWTR,,4693228,285008604,0 NOAA 19,1 33591U 09005A   25097.19815311  .00000397  00000-0  23536-3 0  9998,2 33591  99.0027 161.5335 0013963 178.7378 181.3831 14.13333295833156
3.0,GENERATED VIA SPACE-TRACK.ORG API,2025-04-07 14:46:30+00:00,18 SPCS,NOAA 19,2009-005A,EARTH,TEME,UTC,SGP4,2025-04-07 11:33:06.881760+00:00,14.13333366,0.00139840,99.0027,161.8184,177.9299,182.1933,0,U,33591,999,83319,0.00021862000000,0.00000365,0.0000000000000,7226.124,101.887,858.094,837.884,PAYLOAD,LARGE,US,2009-02-06,AFWTR,,4693508,285014439,0 NOAA 19,1 33591U 09005A   25097.48132965  .00000365  00000-0  21862-3 0  9992,2 33591  99.0027 161.8184 0013984 177.9299 182.1933 14.13333366833192
3.0,GENERATED VIA SPACE-TRACK.ORG API,2025-04-07 18:02:01+00:00,18 SPCS,NOAA 19,2009-005A,EARTH,TEME,UTC,SGP4,2025-04-07 13:15:03.492864+00:00,14.13333433,0.00139880,99.0027,161.8897,177.7303,182.3934,0,U,33591,999,83294,0.00021849000000,0.00000365,0.0000000000000,7226.124,101.887,858.097,837.881,PAYLOAD,LARGE,US,2009-02-06,AFWTR,,4693589,285028020,0 NOAA 19,1 33591U 09005A   25097.55212376  .00000365  00000-0  21849-3 0  9990,2 33591  99.0027 161.8897 0013988 177.7303 182.3934 14.13333433832941
3.0,GENERATED VIA SPACE-TRACK.ORG API,2025-04-07 23:36:18+00:00,18 SPCS,NOAA 19,2009-005A,EARTH,TEME,UTC,SGP4,2025-04-07 20:02:49.932096+00:00,14.13333685,0.00139980,99.0026,162.1746,176.9329,183.1931,0,U,33591,999,83324,0.00021883000000,0.00000366,0.0000000000000,7226.123,101.887,858.103,837.873,PAYLOAD,LARGE,US,2009-02-06,AFWTR,,4693882,285052923,0 NOAA 19,1 33591U 09005A   25097.83530014  .00000366  00000-0  21883-3 0  9992,2 33591  99.0026 162.1746 0013998 176.9329 183.1931 14.13333685833246
3.0,GENERATED VIA SPACE-TRACK.ORG API,2025-04-08 02:59:40+00:00,18 SPCS,NOAA 19,2009-005A,EARTH,TEME,UTC,SGP4,2025-04-07 21:44:46.541472+00:00,14.13333742,0.00140040,99.0026,162.2458,176.7344,183.3921,0,U,33591,999,83299,0.00021825000000,0.00000365,0.0000000000000,7226.123,101.887,858.108,837.869,PAYLOAD,LARGE,US,2009-02-06,AFWTR,,4693973,285065101,0 NOAA 19,1 33591U 09005A   25097.90609423  .00000365  00000-0  21825-3 0  9996,2 33591  99.0026 162.2458 0014004 176.7344 183.3921 14.13333742832997
3.0,GENERATED VIA SPACE-TRACK.ORG API,2025-04-08 07:06:32+00:00,18 SPCS,NOAA 19,2009-005A,EARTH,TEME,UTC,SGP4,2025-04-08 04:32:32.977248+00:00,14.13334091,0.00140180,99.0025,162.5307,175.9359,184.1929,0,U,33591,999,83329,0.00022580000000,0.00000379,0.0000000000000,7226.122,101.887,858.116,837.857,PAYLOAD,LARGE,US,2009-02-06,AFWTR,,4694252,285091026,0 NOAA 19,1 33591U 09005A   25098.18927057  .00000379  00000-0  22580-3 0  9997,2 33591  99.0025 162.5307 0014018 175.9359 184.1929 14.13334091833293
3.0,GENERATED VIA SPACE-TRACK.ORG API,2025-04-08 14:46:18+00:00,18 SPCS,NOAA 19,2009-005A,EARTH,TEME,UTC,SGP4,2025-04-08 11:20:19.410432+00:00,14.13334236,0.00140350,99.0025,162.8156,175.1106,185.0205,0,U,33591,999,83333,0.00021723000000,0.00000363,0.0000000000000,7226.121,101.887,858.128,837.845,PAYLOAD,LARGE,US,2009-02-06,AFWTR,,4694561,285098692,0 NOAA 19,1 33591U 09005A   25098.47244688  .00000363  00000-0  21723-3 0  9992,2 33591  99.0025 162.8156 0014035 175.1106 185.0205 14.13334236833332
3.0,GENERATED VIA SPACE-TRACK.ORG API,2025-04-08 18:04:46+00:00,18 SPCS,NOAA 19,2009-005A,EARTH,TEME,UTC,SGP4,2025-04-08 13:02:16.018080+00:00,14.13334299,0.00140380,99.0025,162.8868,174.9130,185.2187,0,U,33591,999,83308,0.00021705000000,0.00000362,0.0000000000000,7226.121,101.887,858.130,837.842,PAYLOAD,LARGE,US,2009-02-06,AFWTR,,4694715,285112557,0 NOAA 19,1 33591U 09005A   25098.54324095  .00000362  00000-0  21705-3 0  9990,2 33591  99.0025 162.8868 0014038 174.9130 185.2187 14.13334299833081
3.0,GENERATED VIA SPACE-TRACK.ORG API,2025-04-08 22:56:24+00:00,18 SPCS,NOAA 19,2009-005A,EARTH,TEME,UTC,SGP4,2025-04-08 19:50:02.442624+00:00,14.13334525,0.00140520,99.0024,163.1718,174.1295,186.0044,0,U,33591,999,83338,0.00021480000000,0.00000358,0.0000000000000,7226.120,101.887,858.140,837.831,PAYLOAD,LARGE,US,2009-02-06,AFWTR,,4694973,285136242,0 NOAA 19,1 33591U 09005A   25098.82641716  .00000358  00000-0  21480-3 0  9998,2 33591  99.0024 163.1718 0014052 174.1295 186.0044 14.13334525833384
3.0,GENERATED VIA SPACE-TRACK.ORG API,2025-04-09 03:13:42+00:00,18 SPCS,NOAA 19,2009-005A,EARTH,TEME,UTC,SGP4,2025-04-08 21:31:59.048544+00:00,14.13334578,0.00140520,99.0024,163.2430,173.9306,186.2038,0,U,33591,999,83313,0.00021485000000,0.00000358,0.0000000000000,7226.120,101.887,858.139,837.831,PAYLOAD,LARGE,US,2009-02-06,AFWTR,,4695033,285149485,0 NOAA 19,1 33591U 09005A   25098.89721121  .00000358  00000-0  21485-3 0  9999,2 33591  99.0024 163.2430 0014052 173.9306 186.2038 14.13334578833132
3.0,GENERATED VIA SPACE-TRACK.ORG API,2025-04-09 07:06:48+00:00,18 SPCS,NOAA 19,2009-005A,EARTH,TEME,UTC,SGP4,2025-04-09 04:19:45.462720+00:00,14.13335056,0.00140630,99.0023,163.5279,173.1754,186.9612,0,U,33591,999,83343,0.00023623000000,0.00000398,0.0000000000000,7226.119,101.887,858.146,837.822,PAYLOAD,LARGE,US,2009-02-06,AFWTR,,4695266,285173472,0 NOAA 19,1 33591U 09005A   25099.18038730  .00000398  00000-0  23623-3 0  9999,2 33591  99.0023 163.5279 0014063 173.1754 186.9612 14.13335056833436
3.0,GENERATED VIA SPACE-TRACK.ORG API,2025-04-09 19:37:26+00:00,18 SPCS,NOAA 19,2009-005A,EARTH,TEME,UTC,SGP4,2025-04-09 12:49:28.489728+00:00,14.13335260,0.00140780,99.0023,163.8841,172.1712,187.9682,0,U,33591,999,83348,0.00022805000000,0.00000383,0.0000000000000,7226.118,101.887,858.156,837.810,PAYLOAD,LARGE,US,2009-02-06,AFWTR,,4696786,285222016,0 NOAA 19,1 33591U 09005A   25099.53435752  .00000383  00000-0  22805-3 0  9998,2 33591  99.0023 163.8841 0014078 172.1712 187.9682 14.13335260833483
3.0,GENERATED VIA SPACE-TRACK.ORG API,2025-04-10 00:46:17+00:00,18 SPCS,NOAA 19,2009-005A,EARTH,TEME,UTC,SGP4,2025-04-09 19:37:14.891808+00:00,14.13335476,0.00140890,99.0022,164.1690,171.3729,188.7688,0,U,33591,999,83352,0.00022732000000,0.00000382,0.0000000000000,7226.117,101.887,858.163,837.801,PAYLOAD,LARGE,US,2009-02-06,AFWTR,,4697209,285249058,0 NOAA 19,1 33591U 09005A   25099.81753347  .00000382  00000-0  22732-3 0  9990,2 33591  99.0022 164.1690 0014089 171.3729 188.7688 14.13335476833528
3.0,GENERATED VIA SPACE-TRACK.ORG API,2025-04-10 04:45:12+00:00,18 SPCS,NOAA 19,2009-005A,EARTH,TEME,UTC,SGP4,2025-04-09 21:19:11.493408+00:00,14.13335525,0.00140940,99.0022,164.2402,171.1835,188.9587,0,U,33591,999,83327,0.00022692000000,0.00000381,0.0000000000000,7226.117,101.887,858.167,837.798,PAYLOAD,LARGE,US,2009-02-06,AFWTR,,4697278,285261402,0 NOAA 19,1 33591U 09005A   25099.88832747  .00000381  00000-0  22692-3 0  9993,2 33591  99.0022 164.2402 0014094 171.1835 188.9587 14.13335525833279
3.0,GENERATED VIA SPACE-TRACK.ORG API,2025-04-10 06:56:18+00:00,18 SPCS,NOAA 19,2009-005A,EARTH,TEME,UTC,SGP4,2025-04-10 04:06:57.898944+00:00,14.13335960,0.00141060,99.0022,164.5251,170.4162,189.7282,0,U,33591,999,83357,0.00024399000000,0.00000413,0.0000000000000,7226.116,101.887,858.174,837.787,PAYLOAD,LARGE,US,2009-02-06,AFWTR,,4697494,285285603,0 NOAA 19,1 33591U 09005A   25100.17150346  .00000413  00000-0  24399-3 0  9998,2 33591  99.0022 164.5251 0014106 170.4162 189.7282 14.13335960833570
3.0,GENERATED VIA SPACE-TRACK.ORG API,2025-04-10 23:16:35+00:00,18 SPCS,NOAA 19,2009-005A,EARTH,TEME,UTC,SGP4,2025-04-10 19:24:27.294336+00:00,14.13336421,0.00141390,99.0020,165.1662,168.7018,191.4474,0,U,33591,999,83366,0.00023359000000,0.00000393,0.0000000000000,7226.114,101.887,858.196,837.762,PAYLOAD,LARGE,US,2009-02-06,AFWTR,,4697981,285297127,0 NOAA 19,1 33591U 09005A   25100.80864924  .00000393  00000-0  23359-3 0  9994,2 33591  99.0020 165.1662 0014139 168.7018 191.4474 14.13336421833663
3.0,GENERATED VIA SPACE-TRACK.ORG API,2025-04-10 23:30:38+00:00,18 SPCS,NOAA 19,2009-005A,EARTH,TEME,UTC,SGP4,2025-04-10 12:36:40.897440+00:00,14.13336376,0.00141240,99.0021,164.8813,169.4329,190.7142,0,U,33591,999,83336,0.00025414000000,0.00000432,0.0000000000000,7226.114,101.887,858.185,837.773,PAYLOAD,LARGE,US,2009-02-06,AFWTR,,4698059,285310247,0 NOAA 19,1 33591U 09005A   25100.52547335  .00000432  00000-0  25414-3 0  9995,2 33591  99.0021 164.8813 0014124 169.4329 190.7142 14.13336376833365
3.0,GENERATED VIA SPACE-TRACK.ORG API,2025-04-11 02:29:26+00:00,18 SPCS,NOAA 19,2009-005A,EARTH,TEME,UTC,SGP4,2025-04-10 21:06:23.889888+00:00,14.13336504,0.00141400,99.0020,165.2374,168.5242,191.6254,0,U,33591,999,83341,0.00023663000000,0.00000399,0.0000000000000,7226.114,101.887,858.196,837.761,PAYLOAD,LARGE,US,2009-02-06,AFWTR,,4698154,285342101,0 NOAA 19,1 33591U 09005A   25100.87944317  .00000399  00000-0  23663-3 0  9990,2 33591  99.0020 165.2374 0014140 168.5242 191.6254 14.13336504833416
3.0,GENERATED VIA SPACE-TRACK.ORG API,2025-04-11 06:56:18+00:00,18 SPCS,NOAA 19,2009-005A,EARTH,TEME,UTC,SGP4,2025-04-11 03:54:10.276416+00:00,14.13336747,0.00141530,99.0020,165.5223,167.7688,192.3830,0,U,33591,999,83371,0.00023275000000,0.00000392,0.0000000000000,7226.113,101.887,858.205,837.751,PAYLOAD,LARGE,US,2009-02-06,AFWTR,,4698376,285366108,0 NOAA 19,1 33591U 09005A   25101.16261894  .00000392  00000-0  23275-3 0  9997,2 33591  99.0020 165.5223 0014153 167.7688 192.3830 14.13336747833711
3.0,GENERATED VIA SPACE-TRACK.ORG API,2025-04-11 14:56:34+00:00,18 SPCS,NOAA 19,2009-005A,EARTH,TEME,UTC,SGP4,2025-04-11 12:23:53.262816+00:00,14.13337084,0.00141680,99.0019,165.8784,166.8060,193.3485,0,U,33591,999,83376,0.00023822000000,0.00000402,0.0000000000000,7226.112,101.887,858.215,837.739,PAYLOAD,LARGE,US,2009-02-06,AFWTR,,4698759,285374175,0 NOAA 19,1 33591U 09005A   25101.51658869  .00000402  00000-0  23822-3 0  9998,2 33591  99.0019 165.8784 0014168 166.8060 193.3485 14.13337084833761
3.0,GENERATED VIA SPACE-TRACK.ORG API,2025-04-12 00:06:17+00:00,18 SPCS,NOAA 19,2009-005A,EARTH,TEME,UTC,SGP4,2025-04-11 19:11:39.638112+00:00,14.13337265,0.00141810,99.0019,166.1633,166.0543,194.1024,0,U,33591,999,83380,0.00022753000000,0.00000382,0.0000000000000,7226.111,101.887,858.223,837.729,PAYLOAD,LARGE,US,2009-02-06,AFWTR,,4699117,285381913,0 NOAA 19,1 33591U 09005A   25101.79976433  .00000382  00000-0  22753-3 0  9997,2 33591  99.0019 166.1633 0014181 166.0543 194.1024 14.13337265833805
3.0,GENERATED VIA SPACE-TRACK.ORG API,2025-04-12 03:00:55+00:00,18 SPCS,NOAA 19,2009-005A,EARTH,TEME,UTC,SGP4,2025-04-11 22:35:32.824896+00:00,14.13337380,0.00141880,99.0018,166.3057,165.6863,194.4714,0,U,33591,999,83356,0.00022683000000,0.00000381,0.0000000000000,7226.111,101.887,858.228,837.723,PAYLOAD,LARGE,US,2009-02-06,AFWTR,,4699215,285395001,0 NOAA 19,1 33591U 09005A   25101.94135214  .00000381  00000-0  22683-3 0  9999,2 33591  99.0018 166.3057 0014188 165.6863 194.4714 14.13337380833563
3.0,GENERATED VIA SPACE-TRACK.ORG API,2025-04-12 06:56:30+00:00,18 SPCS,NOAA 19,2009-005A,EARTH,TEME,UTC,SGP4,2025-04-12 03:41:22.605504+00:00,14.13337560,0.00141960,99.0018,166.5194,165.1137,195.0455,0,U,33591,999,83385,0.00022391000000,0.00000375,0.0000000000000,7226.110,101.886,858.233,837.717,PAYLOAD,LARGE,US,2009-02-06,AFWTR,,4699463,285418814,0 NOAA 19,1 33591U 09005A   25102.15373386  .00000375  00000-0  22391-3 0  9996,2 33591  99.0018 166.5194 0014196 165.1137 195.0455 14.13337560833856
3.0,GENERATED VIA SPACE-TRACK.ORG API,2025-04-12 14:56:48+00:00,18 SPCS,NOAA 19,2009-005A,EARTH,TEME,UTC,SGP4,2025-04-12 12:11:05.571168+00:00,14.13337885,0.00142180,99.0018,166.8755,164.1078,196.0543,0,U,33591,999,83390,0.00022428000000,0.00000376,0.0000000000000,7226.109,101.886,858.248,837.700,PAYLOAD,LARGE,US,2009-02-06,AFWTR,,4699783,285428146,0 NOAA 19,1 33591U 09005A   25102.50770337  .00000376  00000-0  22428-3 0  9994,2 33591  99.0018 166.8755 0014218 164.1078 196.0543 14.13337885833905
3.0,GENERATED VIA SPACE-TRACK.ORG API,2025-04-12 22:09:39+00:00,18 SPCS,NOAA 19,2009-005A,EARTH,TEME,UTC,SGP4,2025-04-12 13:53:02.162400+00:00,14.13337963,0.00142230,99.0018,166.9468,163.9164,196.2462,0,U,33591,999,83365,0.00022516000000,0.00000378,0.0000000000000,7226.109,101.886,858.251,837.696,PAYLOAD,LARGE,US,2009-02-06,AFWTR,,4699941,285442062,0 NOAA 19,1 33591U 09005A   25102.57849725  .00000378  00000-0  22516-3 0  9999,2 33591  99.0018 166.9468 0014223 163.9164 196.2462 14.13337963833657
3.0,GENERATED VIA SPACE-TRACK.ORG API,2025-04-12 22:56:30+00:00,18 SPCS,NOAA 19,2009-005A,EARTH,TEME,UTC,SGP4,2025-04-12 20:40:48.517824+00:00,14.13338278,0.00142370,99.0017,167.2316,163.1203,197.0445,0,U,33591,999,83395,0.00023189000000,0.00000390,0.0000000000000,7226.108,101.886,858.260,837.685,PAYLOAD,LARGE,US,2009-02-06,AFWTR,,4700116,285465290,0 NOAA 19,1 33591U 09005A   25102.86167266  .00000390  00000-0  23189-3 0  9995,2 33591  99.0017 167.2316 0014237 163.1203 197.0445 14.13338278833956
3.0,GENERATED VIA SPACE-TRACK.ORG API,2025-04-13 06:56:21+00:00,18 SPCS,NOAA 19,2009-005A,EARTH,TEME,UTC,SGP4,2025-04-13 03:28:34.874976+00:00,14.13338529,0.00142510,99.0016,167.5165,162.3521,197.8149,0,U,33591,999,83399,0.00022888000000,0.00000385,0.0000000000000,7226.107,101.886,858.270,837.674,PAYLOAD,LARGE,US,2009-02-06,AFWTR,,4700466,285503775,0 NOAA 19,1 33591U 09005A   25103.14484809  .00000385  00000-0  22888-3 0  9991,2 33591  99.0016 167.5165 0014251 162.3521 197.8149 14.13338529833992
3.0,GENERATED VIA SPACE-TRACK.ORG API,2025-04-13 14:56:20+00:00,18 SPCS,NOAA 19,2009-005A,EARTH,TEME,UTC,SGP4,2025-04-13 11:58:17.821632+00:00,14.13338830,0.00142740,99.0016,167.8726,161.3418,198.8280,0,U,33591,999,83404,0.00022936000000,0.00000385,0.0000000000000,7226.106,101.886,858.285,837.656,PAYLOAD,LARGE,US,2009-02-06,AFWTR,,4700857,285512565,0 NOAA 19,1 33591U 09005A   25103.49881738  .00000385  00000-0  22936-3 0  9995,2 33591  99.0016 167.8726 0014274 161.3418 198.8280 14.13338830834046
3.0,GENERATED VIA SPACE-TRACK.ORG API,2025-04-13 22:56:19+00:00,18 SPCS,NOAA 19,2009-005A,EARTH,TEME,UTC,SGP4,2025-04-13 20:28:00.759648+00:00,14.13339048,0.00142870,99.0015,168.2287,160.3712,199.8013,0,U,33591,999,83409,0.00021552000000,0.00000359,0.0000000000000,7226.105,101.886,858.294,837.646,PAYLOAD,LARGE,US,2009-02-06,AFWTR,,4701165,285520616,0 NOAA 19,1 33591U 09005A   25103.85278657  .00000359  00000-0  21552-3 0  9999,2 33591  99.0015 168.2287 0014287 160.3712 199.8013 14.13339048834094
3.0,GENERATED VIA SPACE-TRACK.ORG API,2025-04-14 03:05:54+00:00,18 SPCS,NOAA 19,2009-005A,EARTH,TEME,UTC,SGP4,2025-04-13 22:09:57.346560+00:00,14.13339094,0.00142890,99.0015,168.3000,160.1765,199.9965,0,U,33591,999,83384,0.00021452000000,0.00000358,0.0000000000000,7226.105,101.886,858.295,837.644,PAYLOAD,LARGE,US,2009-02-06,AFWTR,,4701263,285533749,0 NOAA 19,1 33591U 09005A   25103.92358040  .00000358  00000-0  21452-3 0  9990,2 33591  99.0015 168.3000 0014289 160.1765 199.9965 14.13339094833846
3.0,GENERATED VIA SPACE-TRACK.ORG API,2025-04-14 06:56:35+00:00,18 SPCS,NOAA 19,2009-005A,EARTH,TEME,UTC,SGP4,2025-04-14 04:57:43.690752+00:00,14.13339466,0.00143040,99.0015,168.5848,159.4169,200.7582,0,U,33591,999,83414,0.00022522000000,0.00000378,0.0000000000000,7226.104,101.886,858.305,837.632,PAYLOAD,LARGE,US,2009-02-06,AFWTR,,4701499,285557331,0 NOAA 19,1 33591U 09005A   25104.20675568  .00000378  00000-0  22522-3 0  9990,2 33591  99.0015 168.5848 0014304 159.4169 200.7582 14.13339466834148
3.0,GENERATED VIA SPACE-TRACK.ORG API,2025-04-14 14:56:19+00:00,18 SPCS,NOAA 19,2009-005A,EARTH,TEME,UTC,SGP4,2025-04-14 10:03:33.441984+00:00,14.13339666,0.00143190,99.0015,168.7985,158.8294,201.3473,0,U,33591,999,83417,0.00022506000000,0.00000377,0.0000000000000,7226.103,101.886,858.315,837.621,PAYLOAD,LARGE,US,2009-02-06,AFWTR,,4701827,285565798,0 NOAA 19,1 33591U 09005A   25104.41913706  .00000377  00000-0  22506-3 0  9993,2 33591  99.0015 168.7985 0014319 158.8294 201.3473 14.13339666834171
3.0,GENERATED VIA SPACE-TRACK.ORG API,2025-04-14 23:06:32+00:00,18 SPCS,NOAA 19,2009-005A,EARTH,TEME,UTC,SGP4,2025-04-14 16:51:19.775808+00:00,14.13339960,0.00143290,99.0014,169.0834,158.0745,202.1043,0,U,33591,999,83421,0.00022838000000,0.00000384,0.0000000000000,7226.102,101.886,858.321,837.613,PAYLOAD,LARGE,US,2009-02-06,AFWTR,,4702179,285574412,0 NOAA 19,1 33591U 09005A   25104.70231222  .00000384  00000-0  22838-3 0  9997,2 33591  99.0014 169.0834 0014329 158.0745 202.1043 14.13339960834215
3.0,GENERATED VIA SPACE-TRACK.ORG API,2025-04-15 02:40:58+00:00,18 SPCS,NOAA 19,2009-005A,EARTH,TEME,UTC,SGP4,2025-04-14 21:57:09.527040+00:00,14.13340027,0.00143380,99.0014,169.2971,157.5122,202.6681,0,U,33591,999,83398,0.00021743000000,0.00000363,0.0000000000000,7226.102,101.886,858.327,837.606,PAYLOAD,LARGE,US,2009-02-06,AFWTR,,4702223,285585862,0 NOAA 19,1 33591U 09005A   25104.91469360  .00000363  00000-0  21743-3 0  9997,2 33591  99.0014 169.2971 0014338 157.5122 202.6681 14.13340027833984
3.0,GENERATED VIA SPACE-TRACK.ORG API,2025-04-15 06:56:18+00:00,18 SPCS,NOAA 19,2009-005A,EARTH,TEME,UTC,SGP4,2025-04-15 04:44:55.853088+00:00,14.13340410,0.00143460,99.0013,169.5819,156.7618,203.4205,0,U,33591,999,83428,0.00022879000000,0.00000384,0.0000000000000,7226.100,101.886,858.332,837.599,PAYLOAD,LARGE,US,2009-02-06,AFWTR,,4702443,285609070,0 NOAA 19,1 33591U 09005A   25105.19786867  .00000384  00000-0  22879-3 0  9996,2 33591  99.0013 169.5819 0014346 156.7618 203.4205 14.13340410834288
3.0,GENERATED VIA SPACE-TRACK.ORG API,2025-04-15 14:56:45+00:00,18 SPCS,NOAA 19,2009-005A,EARTH,TEME,UTC,SGP4,2025-04-15 11:32:42.181728+00:00,14.13340540,0.00143600,99.0013,169.8669,155.9840,204.2005,0,U,33591,999,83432,0.00021856000000,0.00000365,0.0000000000000,7226.100,101.886,858.342,837.588,PAYLOAD,LARGE,US,2009-02-06,AFWTR,,4702819,285618881,0 NOAA 19,1 33591U 09005A   25105.48104377  .00000365  00000-0  21856-3 0  9991,2 33591  99.0013 169.8669 0014360 155.9840 204.2005 14.13340540834324
3.0,GENERATED VIA SPACE-TRACK.ORG API,2025-04-15 18:47:20+00:00,18 SPCS,NOAA 19,2009-005A,EARTH,TEME,UTC,SGP4,2025-04-15 13:14:38.761728+00:00,14.13340615,0.00143620,99.0013,169.9381,155.7874,204.3975,0,U,33591,999,83407,0.00022010000000,0.00000368,0.0000000000000,7226.100,101.886,858.343,837.587,PAYLOAD,LARGE,US,2009-02-06,AFWTR,,4702934,285631877,0 NOAA 19,1 33591U 09005A   25105.55183752  .00000368  00000-0  22010-3 0  9999,2 33591  99.0013 169.9381 0014362 155.7874 204.3975 14.13340615834075
3.0,GENERATED VIA SPACE-TRACK.ORG API,2025-04-15 22:56:19+00:00,18 SPCS,NOAA 19,2009-005A,EARTH,TEME,UTC,SGP4,2025-04-15 20:02:25.072224+00:00,14.13340923,0.00143720,99.0013,170.2230,155.0273,205.1597,0,U,33591,999,83437,0.00022781000000,0.00000383,0.0000000000000,7226.099,101.886,858.349,837.578,PAYLOAD,LARGE,US,2009-02-06,AFWTR,,4703172,285657161,0 NOAA 19,1 33591U 09005A   25105.83501241  .00000383  00000-0  22781-3 0  9999,2 33591  99.0013 170.2230 0014372 155.0273 205.1597 14.13340923834374
3.0,GENERATED VIA SPACE-TRACK.ORG API,2025-04-16 03:04:32+00:00,18 SPCS,NOAA 19,2009-005A,EARTH,TEME,UTC,SGP4,2025-04-15 21:44:21.648768+00:00,14.13340996,0.00143750,99.0012,170.2942,154.8529,205.3345,0,U,33591,999,83412,0.00023124000000,0.00000389,0.0000000000000,7226.098,101.886,858.351,837.576,PAYLOAD,LARGE,US,2009-02-06,AFWTR,,4703301,285670574,0 NOAA 19,1 33591U 09005A   25105.90580612  .00000389  00000-0  23124-3 0  9994,2 33591  99.0012 170.2942 0014375 154.8529 205.3345 14.13340996834123
3.0,GENERATED VIA SPACE-TRACK.ORG API,2025-04-16 06:56:31+00:00,18 SPCS,NOAA 19,2009-005A,EARTH,TEME,UTC,SGP4,2025-04-16 02:50:11.382720+00:00,14.13341186,0.00143820,99.0012,170.5078,154.2685,205.9206,0,U,33591,999,83441,0.00023115000000,0.00000389,0.0000000000000,7226.098,101.886,858.355,837.570,PAYLOAD,LARGE,US,2009-02-06,AFWTR,,4703517,285694689,0 NOAA 19,1 33591U 09005A   25106.11818730  .00000389  00000-0  23115-3 0  9993,2 33591  99.0012 170.5078 0014382 154.2685 205.9206 14.13341186834417
3.0,GENERATED VIA SPACE-TRACK.ORG API,2025-04-16 14:46:34+00:00,18 SPCS,NOAA 19,2009-005A,EARTH,TEME,UTC,SGP4,2025-04-16 09:37:57.683712+00:00,14.13341551,0.00143960,99.0012,170.7927,153.4958,206.6953,0,U,33591,999,83445,0.00024171000000,0.00000409,0.0000000000000,7226.096,101.886,858.364,837.559,PAYLOAD,LARGE,US,2009-02-06,AFWTR,,4703771,285700477,0 NOAA 19,1 33591U 09005A   25106.40136208  .00000409  00000-0  24171-3 0  9994,2 33591  99.0012 170.7927 0014396 153.4958 206.6953 14.13341551834458
3.0,GENERATED VIA SPACE-TRACK.ORG API,2025-04-16 18:21:57+00:00,18 SPCS,NOAA 19,2009-005A,EARTH,TEME,UTC,SGP4,2025-04-16 14:43:47.421120+00:00,14.13341525,0.00144060,99.0012,171.0064,152.9095,207.2831,0,U,33591,999,83422,0.00022387000000,0.00000375,0.0000000000000,7226.097,101.886,858.371,837.552,PAYLOAD,LARGE,US,2009-02-06,AFWTR,,4703859,285712872,0 NOAA 19,1 33591U 09005A   25106.61374330  .00000375  00000-0  22387-3 0  9996,2 33591  99.0012 171.0064 0014406 152.9095 207.2831 14.13341525834220
3.0,GENERATED VIA SPACE-TRACK.ORG API,2025-04-16 23:06:20+00:00,18 SPCS,NOAA 19,2009-005A,EARTH,TEME,UTC,SGP4,2025-04-16 19:49:37.026336+00:00,14.13343595,0.00144110,99.0011,171.2201,152.2966,207.8977,0,U,33591,999,83451,0.00037103000000,0.00000652,0.0000000000000,7226.090,101.886,858.368,837.541,PAYLOAD,LARGE,US,2009-02-06,AFWTR,,4704150,285739041,0 NOAA 19,1 33591U 09005A   25106.82612299  .00000652  00000-0  37103-3 0  9998,2 33591  99.0011 171.2201 0014411 152.2966 207.8977 14.13343595834518
3.0,GENERATED VIA SPACE-TRACK.ORG API,2025-04-17 02:55:09+00:00,18 SPCS,NOAA 19,2009-005A,EARTH,TEME,UTC,SGP4,2025-04-16 21:31:33.593376+00:00,14.13343679,0.00144130,99.0011,171.2913,152.1009,208.0939,0,U,33591,999,83426,0.00037139000000,0.00000652,0.0000000000000,7226.089,101.886,858.369,837.539,PAYLOAD,LARGE,US,2009-02-06,AFWTR,,4704298,285753337,0 NOAA 19,1 33591U 09005A   25106.89691659  .00000652  00000-0  37139-3 0  9991,2 33591  99.0011 171.2913 0014413 152.1009 208.0939 14.13343679834263
3.0,GENERATED VIA SPACE-TRACK.ORG API,2025-04-17 06:56:20+00:00,18 SPCS,NOAA 19,2009-005A,EARTH,TEME,UTC,SGP4,2025-04-17 04:19:20.015328+00:00,14.13342066,0.00144270,99.0011,171.5761,151.3150,208.8818,0,U,33591,999,83456,0.00023078000000,0.00000388,0.0000000000000,7226.095,101.886,858.385,837.535,PAYLOAD,LARGE,US,2009-02-06,AFWTR,,4704559,285777039,0 NOAA 19,1 33591U 09005A   25107.18009277  .00000388  00000-0  23078-3 0  9996,2 33591  99.0011 171.5761 0014427 151.3150 208.8818 14.13342066834566
3.0,GENERATED VIA SPACE-TRACK.ORG API,2025-04-17 18:03:48+00:00,18 SPCS,NOAA 19,2009-005A,EARTH,TEME,UTC,SGP4,2025-04-17 14:30:59.459040+00:00,14.13342187,0.00144530,99.0010,172.0035,150.1828,210.0170,0,U,33591,999,83436,0.00021012000000,0.00000349,0.0000000000000,7226.094,101.886,858.403,837.515,PAYLOAD,LARGE,US,2009-02-06,AFWTR,,4704653,285790894,0 NOAA 19,1 33591U 09005A   25107.60485485  .00000349  00000-0  21012-3 0  9995,2 33591  99.0010 172.0035 0014453 150.1828 210.0170 14.13342187834361
3.0,GENERATED VIA SPACE-TRACK.ORG API,2025-04-17 23:26:22+00:00,18 SPCS,NOAA 19,2009-005A,EARTH,TEME,UTC,SGP4,2025-04-17 19:36:49.173120+00:00,14.13342329,0.00144570,99.0010,172.2171,149.6172,210.5841,0,U,33591,999,83465,0.00020816000000,0.00000346,0.0000000000000,7226.094,101.886,858.406,837.512,PAYLOAD,LARGE,US,2009-02-06,AFWTR,,4705092,285819029,0 NOAA 19,1 33591U 09005A   25107.81723580  .00000346  00000-0  20816-3 0  9997,2 33591  99.0010 172.2171 0014457 149.6172 210.5841 14.13342329834653
3.0,GENERATED VIA SPACE-TRACK.ORG API,2025-04-18 02:23:54+00:00,18 SPCS,NOAA 19,2009-005A,EARTH,TEME,UTC,SGP4,2025-04-17 21:18:45.742752+00:00,14.13342392,0.00144580,99.0010,172.2884,149.4414,210.7603,0,U,33591,999,83440,0.00020986000000,0.00000349,0.0000000000000,7226.094,101.886,858.406,837.511,PAYLOAD,LARGE,US,2009-02-06,AFWTR,,4705238,285834227,0 NOAA 19,1 33591U 09005A   25107.88802943  .00000349  00000-0  20986-3 0  9996,2 33591  99.0010 172.2884 0014458 149.4414 210.7603 14.13342392834403
3.0,GENERATED VIA SPACE-TRACK.ORG API,2025-04-18 06:56:18+00:00,18 SPCS,NOAA 19,2009-005A,EARTH,TEME,UTC,SGP4,2025-04-18 02:24:35.451648+00:00,14.13342587,0.00144650,99.0010,172.5020,148.8903,211.3128,0,U,33591,999,83469,0.00021230000000,0.00000354,0.0000000000000,7226.093,101.886,858.411,837.505,PAYLOAD,LARGE,US,2009-02-06,AFWTR,,4705457,285858635,0 NOAA 19,1 33591U 09005A   25108.10041032  .00000354  00000-0  21230-3 0  9995,2 33591  99.0010 172.5020 0014465 148.8903 211.3128 14.13342587834698
3.0,GENERATED VIA SPACE-TRACK.ORG API,2025-04-18 20:36:32+00:00,18 SPCS,NOAA 19,2009-005A,EARTH,TEME,UTC,SGP4,2025-04-18 10:54:18.305856+00:00,14.13342705,0.00144820,99.0009,172.8581,147.9441,212.2615,0,U,33591,999,83474,0.00019593000000,0.00000323,0.0000000000000,7226.093,101.886,858.422,837.493,PAYLOAD,LARGE,US,2009-02-06,AFWTR,,4705762,285864066,0 NOAA 19,1 33591U 09005A   25108.45437854  .00000323  00000-0  19593-3 0  9999,2 33591  99.0009 172.8581 0014482 147.9441 212.2615 14.13342705834746
3.0,GENERATED VIA SPACE-TRACK.ORG API,2025-04-18 22:46:29+00:00,18 SPCS,NOAA 19,2009-005A,EARTH,TEME,UTC,SGP4,2025-04-18 19:24:01.153152+00:00,14.13342890,0.00144930,99.0009,173.2142,146.9853,213.2226,0,U,33591,999,83479,0.00018570000000,0.00000304,0.0000000000000,7226.092,101.886,858.430,837.484,PAYLOAD,LARGE,US,2009-02-06,AFWTR,,4706014,285871318,0 NOAA 19,1 33591U 09005A   25108.80834668  .00000304  00000-0  18570-3 0  9995,2 33591  99.0009 173.2142 0014493 146.9853 213.2226 14.13342890834791
3.0,GENERATED VIA SPACE-TRACK.ORG API,2025-04-19 06:56:21+00:00,18 SPCS,NOAA 19,2009-005A,EARTH,TEME,UTC,SGP4,2025-04-19 03:53:43.988352+00:00,14.13343164,0.00145010,99.0008,173.5702,146.0801,214.1301,0,U,33591,999,83484,0.00018539000000,0.00000303,0.0000000000000,7226.091,101.886,858.435,837.477,PAYLOAD,LARGE,US,2009-02-06,AFWTR,,4706368,285879630,0 NOAA 19,1 33591U 09005A   25109.16231468  .00000303  00000-0  18539-3 0  9998,2 33591  99.0008 173.5702 0014501 146.0801 214.1301 14.13343164834844
3.0,GENERATED VIA SPACE-TRACK.ORG API,2025-04-19 14:46:22+00:00,18 SPCS,NOAA 19,2009-005A,EARTH,TEME,UTC,SGP4,2025-04-19 12:23:26.817504+00:00,14.13343529,0.00145180,99.0008,173.9263,145.0992,215.1135,0,U,33591,999,83489,0.00019245000000,0.00000316,0.0000000000000,7226.090,101.886,858.446,837.464,PAYLOAD,LARGE,US,2009-02-06,AFWTR,,4706787,285888159,0 NOAA 19,1 33591U 09005A   25109.51628261  .00000316  00000-0  19245-3 0  9997,2 33591  99.0008 173.9263 0014518 145.0992 215.1135 14.13343529834894
3.0,GENERATED VIA SPACE-TRACK.ORG API,2025-04-19 22:46:17+00:00,18 SPCS,NOAA 19,2009-005A,EARTH,TEME,UTC,SGP4,2025-04-19 19:11:13.078752+00:00,14.13343713,0.00145310,99.0008,174.2112,144.3509,215.8636,0,U,33591,999,83493,0.00018673000000,0.00000305,0.0000000000000,7226.089,101.886,858.454,837.454,PAYLOAD,LARGE,US,2009-02-06,AFWTR,,4706977,285892980,0 NOAA 19,1 33591U 09005A   25109.79945693  .00000305  00000-0  18673-3 0  9990,2 33591  99.0008 174.2112 0014531 144.3509 215.8636 14.13343713834935
3.0,GENERATED VIA SPACE-TRACK.ORG API,2025-04-20 03:24:42+00:00,18 SPCS,NOAA 19,2009-005A,EARTH,TEME,UTC,SGP4,2025-04-19 20:53:09.641472+00:00,14.13343779,0.00145310,99.0008,174.2824,144.1721,216.0428,0,U,33591,999,83468,0.00018856000000,0.00000309,0.0000000000000,7226.089,101.886,858.454,837.454,PAYLOAD,LARGE,US,2009-02-06,AFWTR,,4707095,285906391,0 NOAA 19,1 33591U 09005A   25109.87025048  .00000309  00000-0  18856-3 0  9999,2 33591  99.0008 174.2824 0014531 144.1721 216.0428 14.13343779834685
3.0,GENERATED VIA SPACE-TRACK.ORG API,2025-04-20 06:56:36+00:00,18 SPCS,NOAA 19,2009-005A,EARTH,TEME,UTC,SGP4,2025-04-20 03:40:55.892352+00:00,14.13344127,0.00145440,99.0007,174.5673,143.4301,216.7867,0,U,33591,999,83498,0.00019865000000,0.00000328,0.0000000000000,7226.088,101.886,858.462,837.443,PAYLOAD,LARGE,US,2009-02-06,AFWTR,,4707309,285930855,0 NOAA 19,1 33591U 09005A   25110.15342468  .00000328  00000-0  19865-3 0  9992,2 33591  99.0007 174.5673 0014544 143.4301 216.7867 14.13344127834984
3.0,GENERATED VIA SPACE-TRACK.ORG API,2025-04-20 14:56:33+00:00,18 SPCS,NOAA 19,2009-005A,EARTH,TEME,UTC,SGP4,2025-04-20 10:28:42.151008+00:00,14.13344207,0.00145550,99.0007,174.8521,142.6853,217.5333,0,U,33591,999,83502,0.00018246000000,0.00000297,0.0000000000000,7226.087,101.886,858.470,837.435,PAYLOAD,LARGE,US,2009-02-06,AFWTR,,4707645,285938001,0 NOAA 19,1 33591U 09005A   25110.43659897  .00000297  00000-0  18246-3 0  9997,2 33591  99.0007 174.8521 0014555 142.6853 217.5333 14.13344207835026
3.0,GENERATED VIA SPACE-TRACK.ORG API,2025-04-20 22:46:27+00:00,18 SPCS,NOAA 19,2009-005A,EARTH,TEME,UTC,SGP4,2025-04-20 20:40:21.523872+00:00,14.13344487,0.00145620,99.0006,175.2794,141.5331,218.6881,0,U,33591,999,83508,0.00017795000000,0.00000289,0.0000000000000,7226.086,101.886,858.474,837.429,PAYLOAD,LARGE,US,2009-02-06,AFWTR,,4707861,285944509,0 NOAA 19,1 33591U 09005A   25110.86136023  .00000289  00000-0  17795-3 0  9994,2 33591  99.0006 175.2794 0014562 141.5331 218.6881 14.13344487835085
3.0,GENERATED VIA SPACE-TRACK.ORG API,2025-04-21 03:51:54+00:00,18 SPCS,NOAA 19,2009-005A,EARTH,TEME,UTC,SGP4,2025-04-20 20:40:21.523872+00:00,14.13344487,0.00145620,99.0006,175.2794,141.5331,218.6881,0,U,33591,999,83482,0.00017795000000,0.00000289,0.0000000000000,7226.086,101.886,858.474,837.429,PAYLOAD,LARGE,US,2009-02-06,AFWTR,,4707994,285958107,0 NOAA 19,1 33591U 09005A   25110.86136023  .00000289  00000-0  17795-3 0  9994,2 33591  99.0006 175.2794 0014562 141.5331 218.6881 14.13344487834826
3.0,GENERATED VIA SPACE-TRACK.ORG API,2025-04-21 06:46:35+00:00,18 SPCS,NOAA 19,2009-005A,EARTH,TEME,UTC,SGP4,2025-04-21 03:28:07.767840+00:00,14.13344688,0.00145780,99.0006,175.5642,140.7803,219.4428,0,U,33591,999,83512,0.00017318000000,0.00000280,0.0000000000000,7226.086,101.886,858.485,837.417,PAYLOAD,LARGE,US,2009-02-06,AFWTR,,4708163,285981166,0 NOAA 19,1 33591U 09005A   25111.14453435  .00000280  00000-0  17318-3 0  9997,2 33591  99.0006 175.5642 0014578 140.7803 219.4428 14.13344688835126
3.0,GENERATED VIA SPACE-TRACK.ORG API,2025-04-21 16:40:47+00:00,18 SPCS,NOAA 19,2009-005A,EARTH,TEME,UTC,SGP4,2025-04-21 11:57:50.555520+00:00,14.13345286,0.00145970,99.0006,175.9203,139.8245,220.4009,0,U,33591,999,83517,0.00020275000000,0.00000336,0.0000000000000,7226.084,101.886,858.497,837.401,PAYLOAD,LARGE,US,2009-02-06,AFWTR,,4708371,285987720,0 NOAA 19,1 33591U 09005A   25111.49850180  .00000336  00000-0  20275-3 0  9991,2 33591  99.0006 175.9203 0014597 139.8245 220.4009 14.13345286835170
3.0,GENERATED VIA SPACE-TRACK.ORG API,2025-04-21 18:27:13+00:00,18 SPCS,NOAA 19,2009-005A,EARTH,TEME,UTC,SGP4,2025-04-21 13:39:47.113920+00:00,14.13345351,0.00145990,99.0006,175.9916,139.6350,220.5908,0,U,33591,999,83492,0.00020263000000,0.00000335,0.0000000000000,7226.084,101.886,858.498,837.399,PAYLOAD,LARGE,US,2009-02-06,AFWTR,,4708562,286000787,0 NOAA 19,1 33591U 09005A   25111.56929530  .00000335  00000-0  20263-3 0  9991,2 33591  99.0006 175.9916 0014599 139.6350 220.5908 14.13345351834922
3.0,GENERATED VIA SPACE-TRACK.ORG API,2025-04-21 22:46:18+00:00,18 SPCS,NOAA 19,2009-005A,EARTH,TEME,UTC,SGP4,2025-04-21 20:27:33.338016+00:00,14.13345587,0.00146050,99.0005,176.2764,138.8722,221.3553,0,U,33591,999,83522,0.00020109000000,0.00000333,0.0000000000000,7226.083,101.886,858.501,837.394,PAYLOAD,LARGE,US,2009-02-06,AFWTR,,4708737,286024637,0 NOAA 19,1 33591U 09005A   25111.85246919  .00000333  00000-0  20109-3 0  9993,2 33591  99.0005 176.2764 0014605 138.8722 221.3553 14.13345587835228
3.0,GENERATED VIA SPACE-TRACK.ORG API,2025-04-22 03:07:59+00:00,18 SPCS,NOAA 19,2009-005A,EARTH,TEME,UTC,SGP4,2025-04-21 20:27:33.338016+00:00,14.13345587,0.00146050,99.0005,176.2764,138.8722,221.3553,0,U,33591,999,83496,0.00020109000000,0.00000333,0.0000000000000,7226.083,101.886,858.501,837.394,PAYLOAD,LARGE,US,2009-02-06,AFWTR,,4708852,286037596,0 NOAA 19,1 33591U 09005A   25111.85246919  .00000333  00000-0  20109-3 0  9993,2 33591  99.0005 176.2764 0014605 138.8722 221.3553 14.13345587834968
3.0,GENERATED VIA SPACE-TRACK.ORG API,2025-04-22 06:56:18+00:00,18 SPCS,NOAA 19,2009-005A,EARTH,TEME,UTC,SGP4,2025-04-22 04:57:16.123104+00:00,14.13345832,0.00146130,99.0005,176.6325,137.9552,222.2744,0,U,33591,999,83527,0.00019515000000,0.00000321,0.0000000000000,7226.082,101.886,858.506,837.387,PAYLOAD,LARGE,US,2009-02-06,AFWTR,,4709082,286061393,0 NOAA 19,1 33591U 09005A   25112.20643661  .00000321  00000-0  19515-3 0  9994,2 33591  99.0005 176.6325 0014613 137.9552 222.2744 14.13345832835275
3.0,GENERATED VIA SPACE-TRACK.ORG API,2025-04-22 14:46:22+00:00,18 SPCS,NOAA 19,2009-005A,EARTH,TEME,UTC,SGP4,2025-04-22 10:03:05.787936+00:00,14.13346020,0.00146250,99.0005,176.8461,137.3682,222.8627,0,U,33591,999,83530,0.00019747000000,0.00000326,0.0000000000000,7226.081,101.886,858.514,837.378,PAYLOAD,LARGE,US,2009-02-06,AFWTR,,4709361,286068369,0 NOAA 19,1 33591U 09005A   25112.41881699  .00000326  00000-0  19747-3 0  9994,2 33591  99.0005 176.8461 0014625 137.3682 222.8627 14.13346020835309
3.0,GENERATED VIA SPACE-TRACK.ORG API,2025-04-22 17:47:39+00:00,18 SPCS,NOAA 19,2009-005A,EARTH,TEME,UTC,SGP4,2025-04-22 13:26:58.902144+00:00,14.13346091,0.00146310,99.0005,176.9886,136.9946,223.2373,0,U,33591,999,83506,0.00019381000000,0.00000319,0.0000000000000,7226.081,101.886,858.518,837.374,PAYLOAD,LARGE,US,2009-02-06,AFWTR,,4709436,286081423,0 NOAA 19,1 33591U 09005A   25112.56040396  .00000319  00000-0  19381-3 0  9997,2 33591  99.0005 176.9886 0014631 136.9946 223.2373 14.13346091835060
3.0,GENERATED VIA SPACE-TRACK.ORG API,2025-04-22 22:56:35+00:00,18 SPCS,NOAA 19,2009-005A,EARTH,TEME,UTC,SGP4,2025-04-22 20:14:45.113280+00:00,14.13346303,0.00146340,99.0004,177.2734,136.2429,223.9905,0,U,33591,999,83536,0.00019300000000,0.00000317,0.0000000000000,7226.080,101.886,858.520,837.371,PAYLOAD,LARGE,US,2009-02-06,AFWTR,,4709664,286105073,0 NOAA 19,1 33591U 09005A   25112.84357770  .00000317  00000-0  19300-3 0  9994,2 33591  99.0004 177.2734 0014634 136.2429 223.9905 14.13346303835364
3.0,GENERATED VIA SPACE-TRACK.ORG API,2025-04-23 03:17:08+00:00,18 SPCS,NOAA 19,2009-005A,EARTH,TEME,UTC,SGP4,2025-04-22 21:56:41.664768+00:00,14.13346390,0.00146380,99.0004,177.3446,136.0728,224.1610,0,U,33591,999,83511,0.00019873000000,0.00000328,0.0000000000000,7226.080,101.886,858.523,837.367,PAYLOAD,LARGE,US,2009-02-06,AFWTR,,4709740,286117248,0 NOAA 19,1 33591U 09005A   25112.91437112  .00000328  00000-0  19873-3 0  9998,2 33591  99.0004 177.3446 0014638 136.0728 224.1610 14.13346390835114
3.0,GENERATED VIA SPACE-TRACK.ORG API,2025-04-23 23:16:18+00:00,18 SPCS,NOAA 19,2009-005A,EARTH,TEME,UTC,SGP4,2025-04-23 20:01:56.845344+00:00,14.13346979,0.00146700,99.0003,178.2705,133.6096,226.6296,0,U,33591,999,83550,0.00018633000000,0.00000305,0.0000000000000,7226.078,101.886,858.544,837.342,PAYLOAD,LARGE,US,2009-02-06,AFWTR,,4710102,286144848,0 NOAA 19,1 33591U 09005A   25113.83468571  .00000305  00000-0  18633-3 0  9991,2 33591  99.0003 178.2705 0014670 133.6096 226.6296 14.13346979835501
3.0,GENERATED VIA SPACE-TRACK.ORG API,2025-04-24 03:13:41+00:00,18 SPCS,NOAA 19,2009-005A,EARTH,TEME,UTC,SGP4,2025-04-23 21:43:53.395968+00:00,14.13347029,0.00146710,99.0003,178.3417,133.4140,226.8255,0,U,33591,999,83525,0.00018736000000,0.00000307,0.0000000000000,7226.078,101.886,858.544,837.341,PAYLOAD,LARGE,US,2009-02-06,AFWTR,,4710120,286155715,0 NOAA 19,1 33591U 09005A   25113.90547912  .00000307  00000-0  18736-3 0  9992,2 33591  99.0003 178.3417 0014671 133.4140 226.8255 14.13347029835257
3.0,GENERATED VIA SPACE-TRACK.ORG API,2025-04-24 06:56:32+00:00,18 SPCS,NOAA 19,2009-005A,EARTH,TEME,UTC,SGP4,2025-04-24 04:31:39.596736+00:00,14.13347179,0.00146800,99.0002,178.6266,132.6754,227.5657,0,U,33591,999,83555,0.00018042000000,0.00000294,0.0000000000000,7226.077,101.886,858.550,837.334,PAYLOAD,LARGE,US,2009-02-06,AFWTR,,4710235,286177490,0 NOAA 19,1 33591U 09005A   25114.18865274  .00000294  00000-0  18042-3 0  9992,2 33591  99.0002 178.6266 0014680 132.6754 227.5657 14.13347179835556
3.0,GENERATED VIA SPACE-TRACK.ORG API,2025-04-25 01:06:17+00:00,18 SPCS,NOAA 19,2009-005A,EARTH,TEME,UTC,SGP4,2025-04-24 19:49:08.512608+00:00,14.13347864,0.00146950,99.0001,179.2675,130.9642,229.2804,0,U,33591,999,83564,0.00020241000000,0.00000335,0.0000000000000,7226.075,101.886,858.559,837.321,PAYLOAD,LARGE,US,2009-02-06,AFWTR,,4710522,286184586,0 NOAA 19,1 33591U 09005A   25114.82579297  .00000335  00000-0  20241-3 0  9990,2 33591  99.0001 179.2675 0014695 130.9642 229.2804 14.13347864835643
3.0,GENERATED VIA SPACE-TRACK.ORG API,2025-04-25 01:26:20+00:00,18 SPCS,NOAA 19,2009-005A,EARTH,TEME,UTC,SGP4,2025-04-24 09:37:29.243424+00:00,14.13347326,0.00146870,99.0002,178.8402,132.0926,228.1498,0,U,33591,999,83558,0.00018181000000,0.00000296,0.0000000000000,7226.077,101.886,858.555,837.329,PAYLOAD,LARGE,US,2009-02-06,AFWTR,,4710770,286190201,0 NOAA 19,1 33591U 09005A   25114.40103291  .00000296  00000-0  18181-3 0  9997,2 33591  99.0002 178.8402 0014687 132.0926 228.1498 14.13347326835589
3.0,GENERATED VIA SPACE-TRACK.ORG API,2025-04-25 01:56:18+00:00,18 SPCS,NOAA 19,2009-005A,EARTH,TEME,UTC,SGP4,2025-04-23 01:20:34.771200+00:00,14.13346492,0.00146440,99.0004,177.4871,135.6996,224.5350,0,U,33591,999,83539,0.00019710000000,0.00000325,0.0000000000000,7226.080,101.886,858.527,837.363,PAYLOAD,LARGE,US,2009-02-06,AFWTR,,4711072,286197345,0 NOAA 19,1 33591U 09005A   25113.05595800  .00000325  00000-0  19710-3 0  9990,2 33591  99.0004 177.4871 0014644 135.6996 224.5350 14.13346492835394
3.0,GENERATED VIA SPACE-TRACK.ORG API,2025-04-25 02:52:53+00:00,18 SPCS,NOAA 19,2009-005A,EARTH,TEME,UTC,SGP4,2025-04-24 21:31:05.058048+00:00,14.13347915,0.00146950,99.0001,179.3387,130.7771,229.4679,0,U,33591,999,83539,0.00020282000000,0.00000336,0.0000000000000,7226.075,101.886,858.559,837.321,PAYLOAD,LARGE,US,2009-02-06,AFWTR,,4711435,286216136,0 NOAA 19,1 33591U 09005A   25114.89658632  .00000336  00000-0  20282-3 0  9994,2 33591  99.0001 179.3387 0014695 130.7771 229.4679 14.13347915835396
3.0,GENERATED VIA SPACE-TRACK.ORG API,2025-04-25 06:56:34+00:00,18 SPCS,NOAA 19,2009-005A,EARTH,TEME,UTC,SGP4,2025-04-25 04:18:51.246720+00:00,14.13348049,0.00147030,99.0001,179.6236,130.0481,230.1983,0,U,33591,999,83569,0.00019806000000,0.00000327,0.0000000000000,7226.074,101.886,858.564,837.315,PAYLOAD,LARGE,US,2009-02-06,AFWTR,,4711648,286240457,0 NOAA 19,1 33591U 09005A   25115.17975980  .00000327  00000-0  19806-3 0  9994,2 33591  99.0001 179.6236 0014703 130.0481 230.1983 14.13348049835692
3.0,GENERATED VIA SPACE-TRACK.ORG API,2025-04-25 17:36:18+00:00,18 SPCS,NOAA 19,2009-005A,EARTH,TEME,UTC,SGP4,2025-04-25 11:06:37.426752+00:00,14.13348246,0.00147070,99.0001,179.9086,129.2589,230.9890,0,U,33591,999,83573,0.00019897000000,0.00000329,0.0000000000000,7226.074,101.886,858.566,837.311,PAYLOAD,LARGE,US,2009-02-06,AFWTR,,4711954,286248219,0 NOAA 19,1 33591U 09005A   25115.46293318  .00000329  00000-0  19897-3 0  9996,2 33591  99.0001 179.9086 0014707 129.2589 230.9890 14.13348246835730
3.0,GENERATED VIA SPACE-TRACK.ORG API,2025-04-25 20:55:31+00:00,18 SPCS,NOAA 19,2009-005A,EARTH,TEME,UTC,SGP4,2025-04-25 14:30:30.511584+00:00,14.13348413,0.00147110,99.0000,180.0510,128.8875,231.3611,0,U,33591,999,83549,0.00020368000000,0.00000337,0.0000000000000,7226.073,101.886,858.568,837.308,PAYLOAD,LARGE,US,2009-02-06,AFWTR,,4712095,286262277,0 NOAA 19,1 33591U 09005A   25115.60451981  .00000337  00000-0  20368-3 0  9998,2 33591  99.0000 180.0510 0014711 128.8875 231.3611 14.13348413835497
3.0,GENERATED VIA SPACE-TRACK.ORG API,2025-04-25 22:56:33+00:00,18 SPCS,NOAA 19,2009-005A,EARTH,TEME,UTC,SGP4,2025-04-25 19:36:20.131488+00:00,14.13348659,0.00147120,99.0000,180.2647,128.3325,231.9171,0,U,33591,999,83578,0.00021230000000,0.00000354,0.0000000000000,7226.072,101.886,858.568,837.306,PAYLOAD,LARGE,US,2009-02-06,AFWTR,,4712313,286345978,0 NOAA 19,1 33591U 09005A   25115.81689967  .00000354  00000-0  21230-3 0  9996,2 33591  99.0000 180.2647 0014712 128.3325 231.9171 14.13348659835787
3.0,GENERATED VIA SPACE-TRACK.ORG API,2025-04-26 03:05:18+00:00,18 SPCS,NOAA 19,2009-005A,EARTH,TEME,UTC,SGP4,2025-04-25 21:18:16.674336+00:00,14.13348704,0.00147150,99.0000,180.3359,128.1476,232.1024,0,U,33591,999,83553,0.00021261000000,0.00000354,0.0000000000000,7226.072,101.886,858.570,837.304,PAYLOAD,LARGE,US,2009-02-06,AFWTR,,4712412,286358593,0 NOAA 19,1 33591U 09005A   25115.88769299  .00000354  00000-0  21261-3 0  9994,2 33591  99.0000 180.3359 0014715 128.1476 232.1024 14.13348704835530
3.0,GENERATED VIA SPACE-TRACK.ORG API,2025-04-26 06:56:19+00:00,18 SPCS,NOAA 19,2009-005A,EARTH,TEME,UTC,SGP4,2025-04-26 04:06:02.840544+00:00,14.13348967,0.00147220,98.9999,180.6207,127.3941,232.8574,0,U,33591,999,83583,0.00021623000000,0.00000361,0.0000000000000,7226.071,101.886,858.574,837.298,PAYLOAD,LARGE,US,2009-02-06,AFWTR,,4712651,286383361,0 NOAA 19,1 33591U 09005A   25116.17086621  .00000361  00000-0  21623-3 0  9998,2 33591  98.9999 180.6207 0014722 127.3941 232.8574 14.13348967835837
3.0,GENERATED VIA SPACE-TRACK.ORG API,2025-04-26 14:56:23+00:00,18 SPCS,NOAA 19,2009-005A,EARTH,TEME,UTC,SGP4,2025-04-26 12:35:45.552192+00:00,14.13349131,0.00147330,98.9999,180.9768,126.4478,233.8054,0,U,33591,999,83588,0.00020742000000,0.00000344,0.0000000000000,7226.071,101.886,858.582,837.289,PAYLOAD,LARGE,US,2009-02-06,AFWTR,,4713018,286392145,0 NOAA 19,1 33591U 09005A   25116.52483278  .00000344  00000-0  20742-3 0  9998,2 33591  98.9999 180.9768 0014733 126.4478 233.8054 14.13349131835882
3.0,GENERATED VIA SPACE-TRACK.ORG API,2025-04-26 22:56:29+00:00,18 SPCS,NOAA 19,2009-005A,EARTH,TEME,UTC,SGP4,2025-04-26 19:23:31.701120+00:00,14.13349416,0.00147360,98.9999,181.2616,125.7077,234.5468,0,U,33591,999,83592,0.00020993000000,0.00000349,0.0000000000000,7226.070,101.886,858.583,837.286,PAYLOAD,LARGE,US,2009-02-06,AFWTR,,4713377,286400176,0 NOAA 19,1 33591U 09005A   25116.80800580  .00000349  00000-0  20993-3 0  9991,2 33591  98.9999 181.2616 0014736 125.7077 234.5468 14.13349416835926
3.0,GENERATED VIA SPACE-TRACK.ORG API,2025-04-27 02:38:33+00:00,18 SPCS,NOAA 19,2009-005A,EARTH,TEME,UTC,SGP4,2025-04-26 21:05:28.237920+00:00,14.13349483,0.00147340,98.9999,181.3329,125.5247,234.7301,0,U,33591,999,83567,0.00021166000000,0.00000352,0.0000000000000,7226.069,101.886,858.581,837.288,PAYLOAD,LARGE,US,2009-02-06,AFWTR,,4713460,286412876,0 NOAA 19,1 33591U 09005A   25116.87879905  .00000352  00000-0  21166-3 0  9992,2 33591  98.9999 181.3329 0014734 125.5247 234.7301 14.13349483835677
3.0,GENERATED VIA SPACE-TRACK.ORG API,2025-04-27 06:46:18+00:00,18 SPCS,NOAA 19,2009-005A,EARTH,TEME,UTC,SGP4,2025-04-27 03:53:14.386848+00:00,14.13349704,0.00147400,98.9998,181.6177,124.7879,235.4682,0,U,33591,999,83597,0.00020848000000,0.00000346,0.0000000000000,7226.069,101.886,858.585,837.282,PAYLOAD,LARGE,US,2009-02-06,AFWTR,,4713646,286436288,0 NOAA 19,1 33591U 09005A   25117.16197207  .00000346  00000-0  20848-3 0  9992,2 33591  98.9998 181.6177 0014740 124.7879 235.4682 14.13349704835978
3.0,GENERATED VIA SPACE-TRACK.ORG API,2025-04-27 14:56:18+00:00,18 SPCS,NOAA 19,2009-005A,EARTH,TEME,UTC,SGP4,2025-04-27 12:22:57.073440+00:00,14.13350088,0.00147530,98.9998,181.9738,123.8541,236.4037,0,U,33591,999,83602,0.00022065000000,0.00000369,0.0000000000000,7226.067,101.886,858.593,837.272,PAYLOAD,LARGE,US,2009-02-06,AFWTR,,4713999,286444182,0 NOAA 19,1 33591U 09005A   25117.51593835  .00000369  00000-0  22065-3 0  9996,2 33591  98.9998 181.9738 0014753 123.8541 236.4037 14.13350088836023
3.0,GENERATED VIA SPACE-TRACK.ORG API,2025-04-27 18:35:14+00:00,18 SPCS,NOAA 19,2009-005A,EARTH,TEME,UTC,SGP4,2025-04-27 14:04:53.607648+00:00,14.13350154,0.00147550,98.9998,182.0450,123.6726,236.5855,0,U,33591,999,83577,0.00022045000000,0.00000369,0.0000000000000,7226.067,101.886,858.594,837.270,PAYLOAD,LARGE,US,2009-02-06,AFWTR,,4714063,286456381,0 NOAA 19,1 33591U 09005A   25117.58673157  .00000369  00000-0  22045-3 0  9997,2 33591  98.9998 182.0450 0014755 123.6726 236.5855 14.13350154835775
3.0,GENERATED VIA SPACE-TRACK.ORG API,2025-04-27 22:56:35+00:00,18 SPCS,NOAA 19,2009-005A,EARTH,TEME,UTC,SGP4,2025-04-27 19:10:43.209408+00:00,14.13350364,0.00147580,98.9998,182.2586,123.1152,237.1438,0,U,33591,999,83606,0.00022427000000,0.00000376,0.0000000000000,7226.066,101.886,858.596,837.267,PAYLOAD,LARGE,US,2009-02-06,AFWTR,,4714294,286480208,0 NOAA 19,1 33591U 09005A   25117.79911122  .00000376  00000-0  22427-3 0  9999,2 33591  98.9998 182.2586 0014758 123.1152 237.1438 14.13350364836068
3.0,GENERATED VIA SPACE-TRACK.ORG API,2025-04-28 03:18:57+00:00,18 SPCS,NOAA 19,2009-005A,EARTH,TEME,UTC,SGP4,2025-04-27 20:52:39.741888+00:00,14.13350435,0.00147570,98.9998,182.3298,122.9355,237.3238,0,U,33591,999,83581,0.00022651000000,0.00000380,0.0000000000000,7226.066,101.886,858.595,837.268,PAYLOAD,LARGE,US,2009-02-06,AFWTR,,4714383,286493708,0 NOAA 19,1 33591U 09005A   25117.86990442  .00000380  00000-0  22651-3 0  9993,2 33591  98.9998 182.3298 0014757 122.9355 237.3238 14.13350435835811
3.0,GENERATED VIA SPACE-TRACK.ORG API,2025-04-28 06:56:34+00:00,18 SPCS,NOAA 19,2009-005A,EARTH,TEME,UTC,SGP4,2025-04-28 03:40:25.875264+00:00,14.13350672,0.00147640,98.9998,182.6147,122.1895,238.0711,0,U,33591,999,83611,0.00022358000000,0.00000375,0.0000000000000,7226.065,101.886,858.599,837.262,PAYLOAD,LARGE,US,2009-02-06,AFWTR,,4714611,286517305,0 NOAA 19,1 33591U 09005A   25118.15307726  .00000375  00000-0  22358-3 0  9991,2 33591  98.9998 182.6147 0014764 122.1895 238.0711 14.13350672836117
3.0,GENERATED VIA SPACE-TRACK.ORG API,2025-04-28 14:46:35+00:00,18 SPCS,NOAA 19,2009-005A,EARTH,TEME,UTC,SGP4,2025-04-28 12:10:08.547168+00:00,14.13350710,0.00147760,98.9998,182.9707,121.2739,238.9882,0,U,33591,999,83616,0.00019924000000,0.00000329,0.0000000000000,7226.065,101.886,858.608,837.253,PAYLOAD,LARGE,US,2009-02-06,AFWTR,,4714918,286524783,0 NOAA 19,1 33591U 09005A   25118.50704337  .00000329  00000-0  19924-3 0  9993,2 33591  98.9998 182.9707 0014776 121.2739 238.9882 14.13350710836168
3.0,GENERATED VIA SPACE-TRACK.ORG API,2025-04-28 22:46:22+00:00,18 SPCS,NOAA 19,2009-005A,EARTH,TEME,UTC,SGP4,2025-04-28 20:39:51.203520+00:00,14.13351011,0.00147770,98.9997,183.3267,120.3445,239.9190,0,U,33591,999,83621,0.00019917000000,0.00000329,0.0000000000000,7226.064,101.886,858.607,837.251,PAYLOAD,LARGE,US,2009-02-06,AFWTR,,4715173,286531792,0 NOAA 19,1 33591U 09005A   25118.86100930  .00000329  00000-0  19917-3 0  9993,2 33591  98.9997 183.3267 0014777 120.3445 239.9190 14.13351011836212
3.0,GENERATED VIA SPACE-TRACK.ORG API,2025-04-29 04:35:25+00:00,18 SPCS,NOAA 19,2009-005A,EARTH,TEME,UTC,SGP4,2025-04-28 22:21:47.732544+00:00,14.13351077,0.00147810,98.9997,183.3980,120.1703,240.0935,0,U,33591,999,83596,0.00019999000000,0.00000331,0.0000000000000,7226.064,101.886,858.610,837.248,PAYLOAD,LARGE,US,2009-02-06,AFWTR,,4715285,286544458,0 NOAA 19,1 33591U 09005A   25118.93180246  .00000331  00000-0  19999-3 0  9992,2 33591  98.9997 183.3980 0014781 120.1703 240.0935 14.13351077835967
3.0,GENERATED VIA SPACE-TRACK.ORG API,2025-04-29 06:46:23+00:00,18 SPCS,NOAA 19,2009-005A,EARTH,TEME,UTC,SGP4,2025-04-29 03:27:37.327392+00:00,14.13351206,0.00147860,98.9997,183.6116,119.6031,240.6616,0,U,33591,999,83625,0.00019539000000,0.00000322,0.0000000000000,7226.064,101.886,858.613,837.244,PAYLOAD,LARGE,US,2009-02-06,AFWTR,,4715447,286567493,0 NOAA 19,1 33591U 09005A   25119.14418203  .00000322  00000-0  19539-3 0  9993,2 33591  98.9997 183.6116 0014786 119.6031 240.6616 14.13351206836252
3.0,GENERATED VIA SPACE-TRACK.ORG API,2025-05-02 01:46:18+00:00,18 SPCS,NOAA 19,2009-005A,EARTH,TEME,UTC,SGP4,2025-05-01 18:19:28.726752+00:00,14.13353275,0.00148380,98.9995,186.2463,112.7301,247.5441,0,U,33591,999,83662,0.00018177000000,0.00000296,0.0000000000000,7226.057,101.885,858.644,837.200,PAYLOAD,LARGE,US,2009-02-06,AFWTR,,4716327,286587367,0 NOAA 19,1 33591U 09005A   25121.76352693  .00000296  00000-0  18177-3 0  9991,2 33591  98.9995 186.2463 0014838 112.7301 247.5441 14.13353275836627
3.0,GENERATED VIA SPACE-TRACK.ORG API,2025-05-02 02:33:21+00:00,18 SPCS,NOAA 19,2009-005A,EARTH,TEME,UTC,SGP4,2025-05-01 18:19:28.726752+00:00,14.13353275,0.00148380,98.9995,186.2463,112.7301,247.5441,0,U,33591,999,83636,0.00018177000000,0.00000296,0.0000000000000,7226.057,101.885,858.644,837.200,PAYLOAD,LARGE,US,2009-02-06,AFWTR,,4716572,286604669,0 NOAA 19,1 33591U 09005A   25121.76352693  .00000296  00000-0  18177-3 0  9991,2 33591  98.9995 186.2463 0014838 112.7301 247.5441 14.13353275836368
3.0,GENERATED VIA SPACE-TRACK.ORG API,2025-05-02 07:16:44+00:00,18 SPCS,NOAA 19,2009-005A,EARTH,TEME,UTC,SGP4,2025-05-02 04:31:07.839552+00:00,14.13353704,0.00148430,98.9994,186.6735,111.5891,248.6864,0,U,33591,999,83668,0.00019296000000,0.00000317,0.0000000000000,7226.055,101.885,858.646,837.194,PAYLOAD,LARGE,US,2009-02-06,AFWTR,,4716687,286655956,0 NOAA 19,1 33591U 09005A   25122.18828518  .00000317  00000-0  19296-3 0  9999,2 33591  98.9994 186.6735 0014843 111.5891 248.6864 14.13353704836683
3.0,GENERATED VIA SPACE-TRACK.ORG API,2025-05-02 15:16:26+00:00,18 SPCS,NOAA 19,2009-005A,EARTH,TEME,UTC,SGP4,2025-05-02 09:36:57.393792+00:00,14.13353828,0.00148470,98.9995,186.8872,111.0346,249.2415,0,U,33591,999,83671,0.00019094000000,0.00000314,0.0000000000000,7226.055,101.885,858.648,837.191,PAYLOAD,LARGE,US,2009-02-06,AFWTR,,4716910,286661042,0 NOAA 19,1 33591U 09005A   25122.40066428  .00000314  00000-0  19094-3 0  9991,2 33591  98.9995 186.8872 0014847 111.0346 249.2415 14.13353828836712
3.0,GENERATED VIA SPACE-TRACK.ORG API,2025-05-02 17:35:09+00:00,18 SPCS,NOAA 19,2009-005A,EARTH,TEME,UTC,SGP4,2025-05-02 14:42:46.945440+00:00,14.13353920,0.00148530,98.9994,187.1008,110.4679,249.8089,0,U,33591,999,83648,0.00018241000000,0.00000298,0.0000000000000,7226.054,101.885,858.652,837.186,PAYLOAD,LARGE,US,2009-02-06,AFWTR,,4716995,286673987,0 NOAA 19,1 33591U 09005A   25122.61304335  .00000298  00000-0  18241-3 0  9990,2 33591  98.9994 187.1008 0014853 110.4679 249.8089 14.13353920836485
3.0,GENERATED VIA SPACE-TRACK.ORG API,2025-05-02 22:56:20+00:00,18 SPCS,NOAA 19,2009-005A,EARTH,TEME,UTC,SGP4,2025-05-02 21:30:33.012288+00:00,14.13354106,0.00148630,98.9994,187.3857,109.6607,250.6170,0,U,33591,999,83678,0.00018226000000,0.00000297,0.0000000000000,7226.054,101.885,858.659,837.179,PAYLOAD,LARGE,US,2009-02-06,AFWTR,,4717184,286697118,0 NOAA 19,1 33591U 09005A   25122.89621542  .00000297  00000-0  18226-3 0  9994,2 33591  98.9994 187.3857 0014863 109.6607 250.6170 14.13354106836782
3.0,GENERATED VIA SPACE-TRACK.ORG API,2025-05-03 07:16:48+00:00,18 SPCS,NOAA 19,2009-005A,EARTH,TEME,UTC,SGP4,2025-05-03 04:18:19.067904+00:00,14.13354330,0.00148620,98.9993,187.6705,108.9174,251.3610,0,U,33591,999,83682,0.00018198000000,0.00000297,0.0000000000000,7226.053,101.885,858.657,837.179,PAYLOAD,LARGE,US,2009-02-06,AFWTR,,4717559,286736299,0 NOAA 19,1 33591U 09005A   25123.17938736  .00000297  00000-0  18198-3 0  9990,2 33591  98.9993 187.6705 0014862 108.9174 251.3610 14.13354330836827
3.0,GENERATED VIA SPACE-TRACK.ORG API,2025-05-03 14:56:19+00:00,18 SPCS,NOAA 19,2009-005A,EARTH,TEME,UTC,SGP4,2025-05-03 12:48:01.631808+00:00,14.13354658,0.00148620,98.9993,188.0266,108.0284,252.2509,0,U,33591,999,83687,0.00019036000000,0.00000312,0.0000000000000,7226.052,101.885,858.656,837.177,PAYLOAD,LARGE,US,2009-02-06,AFWTR,,4717884,286744059,0 NOAA 19,1 33591U 09005A   25123.53335222  .00000312  00000-0  19036-3 0  9991,2 33591  98.9993 188.0266 0014862 108.0284 252.2509 14.13354658836872
3.0,GENERATED VIA SPACE-TRACK.ORG API,2025-05-03 17:28:03+00:00,18 SPCS,NOAA 19,2009-005A,EARTH,TEME,UTC,SGP4,2025-05-03 14:29:58.144416+00:00,14.13354712,0.00148630,98.9993,188.0978,107.8426,252.4368,0,U,33591,999,83662,0.00019005000000,0.00000312,0.0000000000000,7226.052,101.885,858.657,837.177,PAYLOAD,LARGE,US,2009-02-06,AFWTR,,4717971,286756837,0 NOAA 19,1 33591U 09005A   25123.60414519  .00000312  00000-0  19005-3 0  9992,2 33591  98.9993 188.0978 0014863 107.8426 252.4368 14.13354712836627
3.0,GENERATED VIA SPACE-TRACK.ORG API,2025-05-03 22:56:49+00:00,18 SPCS,NOAA 19,2009-005A,EARTH,TEME,UTC,SGP4,2025-05-03 21:17:44.195712+00:00,14.13354807,0.00148620,98.9993,188.3826,107.0810,253.1991,0,U,33591,999,83692,0.00018293000000,0.00000298,0.0000000000000,7226.051,101.885,858.656,837.177,PAYLOAD,LARGE,US,2009-02-06,AFWTR,,4718188,286781395,0 NOAA 19,1 33591U 09005A   25123.88731708  .00000298  00000-0  18293-3 0  9995,2 33591  98.9993 188.3826 0014862 107.0810 253.1991 14.13354807836928
3.0,GENERATED VIA SPACE-TRACK.ORG API,2025-05-04 07:16:19+00:00,18 SPCS,NOAA 19,2009-005A,EARTH,TEME,UTC,SGP4,2025-05-04 04:05:30.242688+00:00,14.13355066,0.00148620,98.9992,188.6675,106.3286,253.9522,0,U,33591,999,83696,0.00018924000000,0.00000310,0.0000000000000,7226.050,101.885,858.655,837.176,PAYLOAD,LARGE,US,2009-02-06,AFWTR,,4718650,286820215,0 NOAA 19,1 33591U 09005A   25124.17048892  .00000310  00000-0  18924-3 0  9999,2 33591  98.9992 188.6675 0014862 106.3286 253.9522 14.13355066836961
3.0,GENERATED VIA SPACE-TRACK.ORG API,2025-05-04 14:56:20+00:00,18 SPCS,NOAA 19,2009-005A,EARTH,TEME,UTC,SGP4,2025-05-04 12:35:12.795360+00:00,14.13355224,0.00148660,98.9992,189.0235,105.4169,254.8647,0,U,33591,999,83701,0.00017986000000,0.00000293,0.0000000000000,7226.050,101.885,858.657,837.173,PAYLOAD,LARGE,US,2009-02-06,AFWTR,,4718988,286828520,0 NOAA 19,1 33591U 09005A   25124.52445365  .00000293  00000-0  17986-3 0  9991,2 33591  98.9992 189.0235 0014866 105.4169 254.8647 14.13355224837013
3.0,GENERATED VIA SPACE-TRACK.ORG API,2025-05-04 17:21:58+00:00,18 SPCS,NOAA 19,2009-005A,EARTH,TEME,UTC,SGP4,2025-05-04 14:17:09.304512+00:00,14.13355284,0.00148670,98.9992,189.0947,105.2353,255.0464,0,U,33591,999,83676,0.00017981000000,0.00000293,0.0000000000000,7226.050,101.885,858.658,837.172,PAYLOAD,LARGE,US,2009-02-06,AFWTR,,4719080,286842603,0 NOAA 19,1 33591U 09005A   25124.59524658  .00000293  00000-0  17981-3 0  9996,2 33591  98.9992 189.0947 0014867 105.2353 255.0464 14.13355284836764
3.0,GENERATED VIA SPACE-TRACK.ORG API,2025-05-04 22:56:35+00:00,18 SPCS,NOAA 19,2009-005A,EARTH,TEME,UTC,SGP4,2025-05-04 21:04:55.341984+00:00,14.13355420,0.00148630,98.9991,189.3795,104.5046,255.7776,0,U,33591,999,83706,0.00017301000000,0.00000280,0.0000000000000,7226.049,101.885,858.654,837.174,PAYLOAD,LARGE,US,2009-02-06,AFWTR,,4719271,286866608,0 NOAA 19,1 33591U 09005A   25124.87841831  .00000280  00000-0  17301-3 0  9994,2 33591  98.9991 189.3795 0014863 104.5046 255.7776 14.13355420837063
3.0,GENERATED VIA SPACE-TRACK.ORG API,2025-05-05 02:11:48+00:00,18 SPCS,NOAA 19,2009-005A,EARTH,TEME,UTC,SGP4,2025-05-04 21:04:55.341984+00:00,14.13355420,0.00148630,98.9991,189.3795,104.5046,255.7776,0,U,33591,999,83680,0.00017301000000,0.00000280,0.0000000000000,7226.049,101.885,858.654,837.174,PAYLOAD,LARGE,US,2009-02-06,AFWTR,,4719334,286878713,0 NOAA 19,1 33591U 09005A   25124.87841831  .00000280  00000-0  17301-3 0  9994,2 33591  98.9991 189.3795 0014863 104.5046 255.7776 14.13355420836804
3.0,GENERATED VIA SPACE-TRACK.ORG API,2025-05-05 06:56:18+00:00,18 SPCS,NOAA 19,2009-005A,EARTH,TEME,UTC,SGP4,2025-05-05 03:52:41.376864+00:00,14.13355590,0.00148650,98.9991,189.6643,103.7508,256.5319,0,U,33591,999,83710,0.00016768000000,0.00000270,0.0000000000000,7226.049,101.885,858.655,837.172,PAYLOAD,LARGE,US,2009-02-06,AFWTR,,4719539,286901583,0 NOAA 19,1 33591U 09005A   25125.16159001  .00000270  00000-0  16768-3 0  9993,2 33591  98.9991 189.6643 0014865 103.7508 256.5319 14.13355590837109
3.0,GENERATED VIA SPACE-TRACK.ORG API,2025-05-05 14:56:20+00:00,18 SPCS,NOAA 19,2009-005A,EARTH,TEME,UTC,SGP4,2025-05-05 12:22:23.909664+00:00,14.13355850,0.00148660,98.9990,190.0203,102.8345,257.4489,0,U,33591,999,83715,0.00016783000000,0.00000270,0.0000000000000,7226.048,101.885,858.655,837.171,PAYLOAD,LARGE,US,2009-02-06,AFWTR,,4719870,286909522,0 NOAA 19,1 33591U 09005A   25125.51555451  .00000270  00000-0  16783-3 0  9998,2 33591  98.9990 190.0203 0014866 102.8345 257.4489 14.13355850837158
3.0,GENERATED VIA SPACE-TRACK.ORG API,2025-05-05 22:56:19+00:00,18 SPCS,NOAA 19,2009-005A,EARTH,TEME,UTC,SGP4,2025-05-05 20:52:06.439008+00:00,14.13356023,0.00148580,98.9990,190.3763,101.9089,258.3750,0,U,33591,999,83720,0.00015636000000,0.00000249,0.0000000000000,7226.047,101.885,858.649,837.176,PAYLOAD,LARGE,US,2009-02-06,AFWTR,,4720290,286917834,0 NOAA 19,1 33591U 09005A   25125.86951897  .00000249  00000-0  15636-3 0  9992,2 33591  98.9990 190.3763 0014858 101.9089 258.3750 14.13356023837208
3.0,GENERATED VIA SPACE-TRACK.ORG API,2025-05-06 07:06:42+00:00,18 SPCS,NOAA 19,2009-005A,EARTH,TEME,UTC,SGP4,2025-05-06 03:39:52.458336+00:00,14.13356229,0.00148580,98.9989,190.6611,101.1747,259.1096,0,U,33591,999,83724,0.00015729000000,0.00000250,0.0000000000000,7226.046,101.885,858.648,837.175,PAYLOAD,LARGE,US,2009-02-06,AFWTR,,4720633,286955645,0 NOAA 19,1 33591U 09005A   25126.15269049  .00000250  00000-0  15729-3 0  9991,2 33591  98.9989 190.6611 0014858 101.1747 259.1096 14.13356229837248
3.0,GENERATED VIA SPACE-TRACK.ORG API,2025-05-06 14:56:18+00:00,18 SPCS,NOAA 19,2009-005A,EARTH,TEME,UTC,SGP4,2025-05-06 08:45:41.972832+00:00,14.13356461,0.00148590,98.9990,190.8747,100.6264,259.6582,0,U,33591,999,83727,0.00016584000000,0.00000266,0.0000000000000,7226.046,101.885,858.648,837.173,PAYLOAD,LARGE,US,2009-02-06,AFWTR,,4720943,286963250,0 NOAA 19,1 33591U 09005A   25126.36506913  .00000266  00000-0  16584-3 0  9995,2 33591  98.9990 190.8747 0014859 100.6264 259.6582 14.13356461837277
3.0,GENERATED VIA SPACE-TRACK.ORG API,2025-05-06 22:46:18+00:00,18 SPCS,NOAA 19,2009-005A,EARTH,TEME,UTC,SGP4,2025-05-06 18:57:20.994912+00:00,14.13356717,0.00148540,98.9989,191.3019,99.5139,260.7712,0,U,33591,999,83733,0.00016236000000,0.00000260,0.0000000000000,7226.045,101.885,858.643,837.176,PAYLOAD,LARGE,US,2009-02-06,AFWTR,,4721226,286969719,0 NOAA 19,1 33591U 09005A   25126.78982633  .00000260  00000-0  16236-3 0  9996,2 33591  98.9989 191.3019 0014854  99.5139 260.7712 14.13356717837334
3.0,GENERATED VIA SPACE-TRACK.ORG API,2025-05-07 03:14:48+00:00,18 SPCS,NOAA 19,2009-005A,EARTH,TEME,UTC,SGP4,2025-05-06 22:21:14.001120+00:00,14.13356746,0.00148540,98.9989,191.4443,99.1478,261.1375,0,U,33591,999,83709,0.00015544000000,0.00000247,0.0000000000000,7226.045,101.885,858.643,837.176,PAYLOAD,LARGE,US,2009-02-06,AFWTR,,4721313,286981908,0 NOAA 19,1 33591U 09005A   25126.93141205  .00000247  00000-0  15544-3 0  9991,2 33591  98.9989 191.4443 0014854  99.1478 261.1375 14.13356746837093
3.0,GENERATED VIA SPACE-TRACK.ORG API,2025-05-07 06:56:18+00:00,18 SPCS,NOAA 19,2009-005A,EARTH,TEME,UTC,SGP4,2025-05-07 03:27:03.506976+00:00,14.13356907,0.00148510,98.9988,191.6579,98.5834,261.7021,0,U,33591,999,83738,0.00015545000000,0.00000247,0.0000000000000,7226.044,101.885,858.641,837.178,PAYLOAD,LARGE,US,2009-02-06,AFWTR,,4721497,287006605,0 NOAA 19,1 33591U 09005A   25127.14379059  .00000247  00000-0  15545-3 0  9996,2 33591  98.9988 191.6579 0014851  98.5834 261.7021 14.13356907837385
3.0,GENERATED VIA SPACE-TRACK.ORG API,2025-05-07 14:47:40+00:00,18 SPCS,NOAA 19,2009-005A,EARTH,TEME,UTC,SGP4,2025-05-07 11:56:46.014720+00:00,14.13357202,0.00148550,98.9988,192.0139,97.6618,262.6242,0,U,33591,999,83743,0.00016141000000,0.00000258,0.0000000000000,7226.043,101.885,858.642,837.174,PAYLOAD,LARGE,US,2009-02-06,AFWTR,,4721830,287014272,0 NOAA 19,1 33591U 09005A   25127.49775480  .00000258  00000-0  16141-3 0  9997,2 33591  98.9988 192.0139 0014855  97.6618 262.6242 14.13357202837436
3.0,GENERATED VIA SPACE-TRACK.ORG API,2025-05-07 22:46:17+00:00,18 SPCS,NOAA 19,2009-005A,EARTH,TEME,UTC,SGP4,2025-05-07 20:26:28.513824+00:00,14.13357324,0.00148470,98.9988,192.3699,96.7469,263.5393,0,U,33591,999,83748,0.00014930000000,0.00000235,0.0000000000000,7226.043,101.885,858.636,837.179,PAYLOAD,LARGE,US,2009-02-06,AFWTR,,4722111,287020195,0 NOAA 19,1 33591U 09005A   25127.85171891  .00000235  00000-0  14930-3 0  9992,2 33591  98.9988 192.3699 0014847  96.7469 263.5393 14.13357324837482
3.0,GENERATED VIA SPACE-TRACK.ORG API,2025-05-08 03:01:32+00:00,18 SPCS,NOAA 19,2009-005A,EARTH,TEME,UTC,SGP4,2025-05-07 22:08:25.013472+00:00,14.13357356,0.00148500,98.9988,192.4411,96.5735,263.7128,0,U,33591,999,83723,0.00014669000000,0.00000230,0.0000000000000,7226.043,101.885,858.638,837.177,PAYLOAD,LARGE,US,2009-02-06,AFWTR,,4722206,287032805,0 NOAA 19,1 33591U 09005A   25127.92251173  .00000230  00000-0  14669-3 0  9996,2 33591  98.9988 192.4411 0014850  96.5735 263.7128 14.13357356837239
3.0,GENERATED VIA SPACE-TRACK.ORG API,2025-05-08 07:06:34+00:00,18 SPCS,NOAA 19,2009-005A,EARTH,TEME,UTC,SGP4,2025-05-08 04:56:11.010336+00:00,14.13357648,0.00148500,98.9988,192.7259,95.8199,264.4667,0,U,33591,999,83753,0.00015410000000,0.00000244,0.0000000000000,7226.042,101.885,858.637,837.176,PAYLOAD,LARGE,US,2009-02-06,AFWTR,,4722468,287058171,0 NOAA 19,1 33591U 09005A   25128.20568299  .00000244  00000-0  15410-3 0  9998,2 33591  98.9988 192.7259 0014850  95.8199 264.4667 14.13357648837531
3.0,GENERATED VIA SPACE-TRACK.ORG API,2025-05-08 14:46:38+00:00,18 SPCS,NOAA 19,2009-005A,EARTH,TEME,UTC,SGP4,2025-05-08 11:43:57.002880+00:00,14.13357831,0.00148560,98.9988,193.0107,95.0784,265.2084,0,U,33591,999,83757,0.00015296000000,0.00000242,0.0000000000000,7226.041,101.885,858.641,837.171,PAYLOAD,LARGE,US,2009-02-06,AFWTR,,4722722,287064521,0 NOAA 19,1 33591U 09005A   25128.48885420  .00000242  00000-0  15296-3 0  9996,2 33591  98.9988 193.0107 0014856  95.0784 265.2084 14.13357831837575
3.0,GENERATED VIA SPACE-TRACK.ORG API,2025-05-08 22:56:18+00:00,18 SPCS,NOAA 19,2009-005A,EARTH,TEME,UTC,SGP4,2025-05-08 20:13:39.487296+00:00,14.13357997,0.00148520,98.9988,193.3667,94.1645,266.1224,0,U,33591,999,83762,0.00014886000000,0.00000234,0.0000000000000,7226.040,101.885,858.638,837.173,PAYLOAD,LARGE,US,2009-02-06,AFWTR,,4723053,287072690,0 NOAA 19,1 33591U 09005A   25128.84281814  .00000234  00000-0  14886-3 0  9998,2 33591  98.9988 193.3667 0014852  94.1645 266.1224 14.13357997837626
3.0,GENERATED VIA SPACE-TRACK.ORG API,2025-05-09 02:46:56+00:00,18 SPCS,NOAA 19,2009-005A,EARTH,TEME,UTC,SGP4,2025-05-08 21:55:35.986080+00:00,14.13358008,0.00148540,98.9987,193.4379,93.9745,266.3125,0,U,33591,999,83737,0.00014596000000,0.00000229,0.0000000000000,7226.040,101.885,858.639,837.172,PAYLOAD,LARGE,US,2009-02-06,AFWTR,,4723128,287085294,0 NOAA 19,1 33591U 09005A   25128.91361095  .00000229  00000-0  14596-3 0  9998,2 33591  98.9987 193.4379 0014854  93.9745 266.3125 14.13358008837374
3.0,GENERATED VIA SPACE-TRACK.ORG API,2025-05-09 06:56:19+00:00,18 SPCS,NOAA 19,2009-005A,EARTH,TEME,UTC,SGP4,2025-05-09 04:43:21.967392+00:00,14.13358254,0.00148500,98.9987,193.7227,93.2400,267.0471,0,U,33591,999,83767,0.00015299000000,0.00000242,0.0000000000000,7226.040,101.885,858.635,837.174,PAYLOAD,LARGE,US,2009-02-06,AFWTR,,4723309,287108731,0 NOAA 19,1 33591U 09005A   25129.19678203  .00000242  00000-0  15299-3 0  9997,2 33591  98.9987 193.7227 0014850  93.2400 267.0471 14.13358254837674
3.0,GENERATED VIA SPACE-TRACK.ORG API,2025-05-09 14:56:32+00:00,18 SPCS,NOAA 19,2009-005A,EARTH,TEME,UTC,SGP4,2025-05-09 11:31:07.953888+00:00,14.13358298,0.00148540,98.9987,194.0075,92.5030,267.7843,0,U,33591,999,83771,0.00014249000000,0.00000223,0.0000000000000,7226.039,101.885,858.638,837.171,PAYLOAD,LARGE,US,2009-02-06,AFWTR,,4723659,287115826,0 NOAA 19,1 33591U 09005A   25129.47995317  .00000223  00000-0  14249-3 0  9999,2 33591  98.9987 194.0075 0014854  92.5030 267.7843 14.13358298837717
3.0,GENERATED VIA SPACE-TRACK.ORG API,2025-05-09 17:15:02+00:00,18 SPCS,NOAA 19,2009-005A,EARTH,TEME,UTC,SGP4,2025-05-09 06:25:18.463584+00:00,14.13358289,0.00148510,98.9987,193.7939,93.0517,267.2355,0,U,33591,999,83742,0.00015222000000,0.00000241,0.0000000000000,7226.039,101.885,858.636,837.173,PAYLOAD,LARGE,US,2009-02-06,AFWTR,,4723738,287129291,0 NOAA 19,1 33591U 09005A   25129.26757481  .00000241  00000-0  15222-3 0  9996,2 33591  98.9987 193.7939 0014851  93.0517 267.2355 14.13358289837426
3.0,GENERATED VIA SPACE-TRACK.ORG API,2025-05-09 22:46:18+00:00,18 SPCS,NOAA 19,2009-005A,EARTH,TEME,UTC,SGP4,2025-05-09 20:00:50.423616+00:00,14.13358518,0.00148560,98.9987,194.3635,91.5830,268.7044,0,U,33591,999,83776,0.00014715000000,0.00000231,0.0000000000000,7226.039,101.885,858.639,837.169,PAYLOAD,LARGE,US,2009-02-06,AFWTR,,4723909,287151554,0 NOAA 19,1 33591U 09005A   25129.83391694  .00000231  00000-0  14715-3 0  9994,2 33591  98.9987 194.3635 0014856  91.5830 268.7044 14.13358518837765
3.0,GENERATED VIA SPACE-TRACK.ORG API,2025-05-10 02:32:27+00:00,18 SPCS,NOAA 19,2009-005A,EARTH,TEME,UTC,SGP4,2025-05-09 21:42:46.920672+00:00,14.13358531,0.00148600,98.9987,194.4347,91.3928,268.8946,0,U,33591,999,83751,0.00014490000000,0.00000227,0.0000000000000,7226.039,101.885,858.642,837.166,PAYLOAD,LARGE,US,2009-02-06,AFWTR,,4723972,287164441,0 NOAA 19,1 33591U 09005A   25129.90470973  .00000227  00000-0  14490-3 0  9995,2 33591  98.9987 194.4347 0014860  91.3928 268.8946 14.13358531837517
3.0,GENERATED VIA SPACE-TRACK.ORG API,2025-05-10 07:06:32+00:00,18 SPCS,NOAA 19,2009-005A,EARTH,TEME,UTC,SGP4,2025-05-10 04:30:32.891616+00:00,14.13358837,0.00148630,98.9986,194.7195,90.6319,269.6556,0,U,33591,999,83781,0.00015725000000,0.00000250,0.0000000000000,7226.038,101.885,858.643,837.163,PAYLOAD,LARGE,US,2009-02-06,AFWTR,,4724206,287189539,0 NOAA 19,1 33591U 09005A   25130.18788069  .00000250  00000-0  15725-3 0  9993,2 33591  98.9986 194.7195 0014863  90.6319 269.6556 14.13358837837817
3.0,GENERATED VIA SPACE-TRACK.ORG API,2025-05-10 15:16:20+00:00,18 SPCS,NOAA 19,2009-005A,EARTH,TEME,UTC,SGP4,2025-05-10 11:18:18.865152+00:00,14.13358978,0.00148730,98.9986,195.0044,89.8633,270.4243,0,U,33591,999,83785,0.00015774000000,0.00000251,0.0000000000000,7226.037,101.885,858.649,837.155,PAYLOAD,LARGE,US,2009-02-06,AFWTR,,4724578,287197900,0 NOAA 19,1 33591U 09005A   25130.47105168  .00000251  00000-0  15774-3 0  9993,2 33591  98.9986 195.0044 0014873  89.8633 270.4243 14.13358978837857
3.0,GENERATED VIA SPACE-TRACK.ORG API,2025-05-10 17:27:15+00:00,18 SPCS,NOAA 19,2009-005A,EARTH,TEME,UTC,SGP4,2025-05-10 13:00:15.363936+00:00,14.13358841,0.00148720,98.9986,195.0756,89.6794,270.6082,0,U,33591,999,83760,0.00014150000000,0.00000221,0.0000000000000,7226.038,101.885,858.649,837.156,PAYLOAD,LARGE,US,2009-02-06,AFWTR,,4724659,287211351,0 NOAA 19,1 33591U 09005A   25130.54184449  .00000221  00000-0  14150-3 0  9994,2 33591  98.9986 195.0756 0014872  89.6794 270.6082 14.13358841837607
3.0,GENERATED VIA SPACE-TRACK.ORG API,2025-05-10 22:56:30+00:00,18 SPCS,NOAA 19,2009-005A,EARTH,TEME,UTC,SGP4,2025-05-10 19:48:01.327104+00:00,14.13359046,0.00148650,98.9986,195.3604,88.9173,271.3702,0,U,33591,999,83790,0.00015148000000,0.00000239,0.0000000000000,7226.037,101.885,858.643,837.160,PAYLOAD,LARGE,US,2009-02-06,AFWTR,,4724853,287235416,0 NOAA 19,1 33591U 09005A   25130.82501536  .00000239  00000-0  15148-3 0  9992,2 33591  98.9986 195.3604 0014865  88.9173 271.3702 14.13359046837905
3.0,GENERATED VIA SPACE-TRACK.ORG API,2025-05-11 02:40:14+00:00,18 SPCS,NOAA 19,2009-005A,EARTH,TEME,UTC,SGP4,2025-05-10 21:29:57.818112+00:00,14.13359079,0.00148640,98.9986,195.4316,88.7322,271.5553,0,U,33591,999,83765,0.00015139000000,0.00000239,0.0000000000000,7226.037,101.885,858.643,837.161,PAYLOAD,LARGE,US,2009-02-06,AFWTR,,4724992,287248409,0 NOAA 19,1 33591U 09005A   25130.89580808  .00000239  00000-0  15139-3 0  9998,2 33591  98.9986 195.4316 0014864  88.7322 271.5553 14.13359079837653
3.0,GENERATED VIA SPACE-TRACK.ORG API,2025-05-11 07:06:31+00:00,18 SPCS,NOAA 19,2009-005A,EARTH,TEME,UTC,SGP4,2025-05-11 04:17:43.779552+00:00,14.13359255,0.00148600,98.9985,195.7164,87.9825,272.3049,0,U,33591,999,83795,0.00015427000000,0.00000245,0.0000000000000,7226.036,101.885,858.639,837.163,PAYLOAD,LARGE,US,2009-02-06,AFWTR,,4725246,287272946,0 NOAA 19,1 33591U 09005A   25131.17897893  .00000245  00000-0  15427-3 0  9992,2 33591  98.9985 195.7164 0014860  87.9825 272.3049 14.13359255837959
3.0,GENERATED VIA SPACE-TRACK.ORG API,2025-05-11 14:56:18+00:00,18 SPCS,NOAA 19,2009-005A,EARTH,TEME,UTC,SGP4,2025-05-11 11:05:29.737536+00:00,14.13359407,0.00148580,98.9985,196.0012,87.2468,273.0404,0,U,33591,999,83799,0.00015429000000,0.00000245,0.0000000000000,7226.036,101.885,858.637,837.164,PAYLOAD,LARGE,US,2009-02-06,AFWTR,,4725563,287280730,0 NOAA 19,1 33591U 09005A   25131.46214974  .00000245  00000-0  15429-3 0  9999,2 33591  98.9985 196.0012 0014858  87.2468 273.0404 14.13359407837994
3.0,GENERATED VIA SPACE-TRACK.ORG API,2025-05-11 22:21:49+00:00,18 SPCS,NOAA 19,2009-005A,EARTH,TEME,UTC,SGP4,2025-05-11 14:29:22.716096+00:00,14.13359481,0.00148540,98.9985,196.1436,86.8776,273.4095,0,U,33591,999,83775,0.00015254000000,0.00000241,0.0000000000000,7226.035,101.885,858.634,837.167,PAYLOAD,LARGE,US,2009-02-06,AFWTR,,4725669,287294905,0 NOAA 19,1 33591U 09005A   25131.60373514  .00000241  00000-0  15254-3 0  9993,2 33591  98.9985 196.1436 0014854  86.8776 273.4095 14.13359481837754
3.0,GENERATED VIA SPACE-TRACK.ORG API,2025-05-11 22:56:17+00:00,18 SPCS,NOAA 19,2009-005A,EARTH,TEME,UTC,SGP4,2025-05-11 21:17:08.673216+00:00,14.13359529,0.00148460,98.9985,196.4284,86.1242,274.1627,0,U,33591,999,83805,0.00014502000000,0.00000227,0.0000000000000,7226.035,101.885,858.628,837.172,PAYLOAD,LARGE,US,2009-02-06,AFWTR,,4725855,287317824,0 NOAA 19,1 33591U 09005A   25131.88690594  .00000227  00000-0  14502-3 0  9992,2 33591  98.9985 196.4284 0014846  86.1242 274.1627 14.13359529838056
3.0,GENERATED VIA SPACE-TRACK.ORG API,2025-05-12 07:07:05+00:00,18 SPCS,NOAA 19,2009-005A,EARTH,TEME,UTC,SGP4,2025-05-12 04:04:54.619104+00:00,14.13359803,0.00148400,98.9984,196.7132,85.3813,274.9053,0,U,33591,999,83809,0.00015186000000,0.00000240,0.0000000000000,7226.034,101.885,858.623,837.176,PAYLOAD,LARGE,US,2009-02-06,AFWTR,,4726199,287355297,0 NOAA 19,1 33591U 09005A   25132.17007661  .00000240  00000-0  15186-3 0  9996,2 33591  98.9984 196.7132 0014840  85.3813 274.9053 14.13359803838099
3.0,GENERATED VIA SPACE-TRACK.ORG API,2025-05-12 14:56:31+00:00,18 SPCS,NOAA 19,2009-005A,EARTH,TEME,UTC,SGP4,2025-05-12 12:34:37.060320+00:00,14.13359871,0.00148400,98.9984,197.0692,84.4479,275.8385,0,U,33591,999,83814,0.00014036000000,0.00000219,0.0000000000000,7226.034,101.885,858.622,837.176,PAYLOAD,LARGE,US,2009-02-06,AFWTR,,4726473,287363052,0 NOAA 19,1 33591U 09005A   25132.52404005  .00000219  00000-0  14036-3 0  9997,2 33591  98.9984 197.0692 0014840  84.4479 275.8385 14.13359871838141
3.0,GENERATED VIA SPACE-TRACK.ORG API,2025-05-12 19:41:36+00:00,18 SPCS,NOAA 19,2009-005A,EARTH,TEME,UTC,SGP4,2025-05-12 14:16:33.546144+00:00,14.13359911,0.00148400,98.9984,197.1404,84.2626,276.0238,0,U,33591,999,83789,0.00013965000000,0.00000217,0.0000000000000,7226.034,101.885,858.622,837.175,PAYLOAD,LARGE,US,2009-02-06,AFWTR,,4726624,287376886,0 NOAA 19,1 33591U 09005A   25132.59483271  .00000217  00000-0  13965-3 0  9994,2 33591  98.9984 197.1404 0014840  84.2626 276.0238 14.13359911837891
3.0,GENERATED VIA SPACE-TRACK.ORG API,2025-05-12 22:56:18+00:00,18 SPCS,NOAA 19,2009-005A,EARTH,TEME,UTC,SGP4,2025-05-12 21:04:19.490304+00:00,14.13360021,0.00148290,98.9984,197.4252,83.5138,276.7722,0,U,33591,999,83819,0.00013846000000,0.00000215,0.0000000000000,7226.034,101.885,858.614,837.183,PAYLOAD,LARGE,US,2009-02-06,AFWTR,,4726849,287400634,0 NOAA 19,1 33591U 09005A   25132.87800336  .00000215  00000-0  13846-3 0  9996,2 33591  98.9984 197.4252 0014829  83.5138 276.7722 14.13360021838195
3.0,GENERATED VIA SPACE-TRACK.ORG API,2025-05-13 04:54:31+00:00,18 SPCS,NOAA 19,2009-005A,EARTH,TEME,UTC,SGP4,2025-05-12 22:46:15.975264+00:00,14.13360055,0.00148260,98.9984,197.4964,83.3271,276.9588,0,U,33591,999,83794,0.00013739000000,0.00000213,0.0000000000000,7226.033,101.885,858.612,837.185,PAYLOAD,LARGE,US,2009-02-06,AFWTR,,4726983,287414394,0 NOAA 19,1 33591U 09005A   25132.94879601  .00000213  00000-0  13739-3 0  9994,2 33591  98.9984 197.4964 0014826  83.3271 276.9588 14.13360055837949
3.0,GENERATED VIA SPACE-TRACK.ORG API,2025-05-13 07:06:34+00:00,18 SPCS,NOAA 19,2009-005A,EARTH,TEME,UTC,SGP4,2025-05-13 03:52:05.430144+00:00,14.13360166,0.00148180,98.9984,197.7100,82.7746,277.5110,0,U,33591,999,83823,0.00013418000000,0.00000207,0.0000000000000,7226.033,101.885,858.606,837.191,PAYLOAD,LARGE,US,2009-02-06,AFWTR,,4727263,287439426,0 NOAA 19,1 33591U 09005A   25133.16117396  .00000207  00000-0  13418-3 0  9992,2 33591  98.9984 197.7100 0014818  82.7746 277.5110 14.13360166838239
3.0,GENERATED VIA SPACE-TRACK.ORG API,2025-05-13 14:46:36+00:00,18 SPCS,NOAA 19,2009-005A,EARTH,TEME,UTC,SGP4,2025-05-13 12:21:47.856672+00:00,14.13360368,0.00148090,98.9984,198.0660,81.8600,278.4251,0,U,33591,999,83828,0.00013671000000,0.00000212,0.0000000000000,7226.032,101.885,858.598,837.196,PAYLOAD,LARGE,US,2009-02-06,AFWTR,,4727500,287445982,0 NOAA 19,1 33591U 09005A   25133.51513723  .00000212  00000-0  13671-3 0  9992,2 33591  98.9984 198.0660 0014809  81.8600 278.4251 14.13360368838288
3.0,GENERATED VIA SPACE-TRACK.ORG API,2025-05-13 18:58:22+00:00,18 SPCS,NOAA 19,2009-005A,EARTH,TEME,UTC,SGP4,2025-05-13 14:03:44.340768+00:00,14.13360409,0.00148090,98.9984,198.1372,81.6690,278.6161,0,U,33591,999,83803,0.00013528000000,0.00000209,0.0000000000000,7226.032,101.885,858.598,837.196,PAYLOAD,LARGE,US,2009-02-06,AFWTR,,4727647,287460238,0 NOAA 19,1 33591U 09005A   25133.58592987  .00000209  00000-0  13528-3 0  9995,2 33591  98.9984 198.1372 0014809  81.6690 278.6161 14.13360409838037
3.0,GENERATED VIA SPACE-TRACK.ORG API,2025-05-13 22:46:18+00:00,18 SPCS,NOAA 19,2009-005A,EARTH,TEME,UTC,SGP4,2025-05-13 20:51:30.271104+00:00,14.13360568,0.00147910,98.9983,198.4220,80.9117,279.3728,0,U,33591,999,83833,0.00013764000000,0.00000213,0.0000000000000,7226.032,101.885,858.585,837.209,PAYLOAD,LARGE,US,2009-02-06,AFWTR,,4727822,287483214,0 NOAA 19,1 33591U 09005A   25133.86910036  .00000213  00000-0  13764-3 0  9992,2 33591  98.9983 198.4220 0014791  80.9117 279.3728 14.13360568838333
3.0,GENERATED VIA SPACE-TRACK.ORG API,2025-05-14 06:56:18+00:00,18 SPCS,NOAA 19,2009-005A,EARTH,TEME,UTC,SGP4,2025-05-14 03:39:16.199712+00:00,14.13360767,0.00147860,98.9983,198.7068,80.1650,280.1191,0,U,33591,999,83837,0.00014144000000,0.00000221,0.0000000000000,7226.031,101.885,858.580,837.212,PAYLOAD,LARGE,US,2009-02-06,AFWTR,,4728096,287520139,0 NOAA 19,1 33591U 09005A   25134.15227083  .00000221  00000-0  14144-3 0  9990,2 33591  98.9983 198.7068 0014786  80.1650 280.1191 14.13360767838373
3.0,GENERATED VIA SPACE-TRACK.ORG API,2025-05-14 14:46:33+00:00,18 SPCS,NOAA 19,2009-005A,EARTH,TEME,UTC,SGP4,2025-05-14 10:27:02.124000+00:00,14.13360952,0.00147830,98.9983,198.9916,79.4178,280.8658,0,U,33591,999,83841,0.00014302000000,0.00000224,0.0000000000000,7226.030,101.885,858.578,837.213,PAYLOAD,LARGE,US,2009-02-06,AFWTR,,4728412,287526910,0 NOAA 19,1 33591U 09005A   25134.43544125  .00000224  00000-0  14302-3 0  9999,2 33591  98.9983 198.9916 0014783  79.4178 280.8658 14.13360952838416
3.0,GENERATED VIA SPACE-TRACK.ORG API,2025-05-14 17:20:46+00:00,18 SPCS,NOAA 19,2009-005A,EARTH,TEME,UTC,SGP4,2025-05-14 12:08:58.606368+00:00,14.13360939,0.00147810,98.9983,199.0628,79.2366,281.0469,0,U,33591,999,83816,0.00013848000000,0.00000215,0.0000000000000,7226.030,101.885,858.576,837.215,PAYLOAD,LARGE,US,2009-02-06,AFWTR,,4728533,287539953,0 NOAA 19,1 33591U 09005A   25134.50623387  .00000215  00000-0  13848-3 0  9999,2 33591  98.9983 199.0628 0014781  79.2366 281.0469 14.13360939838163
3.0,GENERATED VIA SPACE-TRACK.ORG API,2025-05-14 20:46:33+00:00,18 SPCS,NOAA 19,2009-005A,EARTH,TEME,UTC,SGP4,2025-05-14 17:14:48.049152+00:00,14.13361059,0.00147750,98.9983,199.2763,78.6751,281.6080,0,U,33591,999,83845,0.00013666000000,0.00000212,0.0000000000000,7226.030,101.885,858.571,837.219,PAYLOAD,LARGE,US,2009-02-06,AFWTR,,4728692,287593459,0 NOAA 19,1 33591U 09005A   25134.71861168  .00000212  00000-0  13666-3 0  9998,2 33591  98.9983 199.2763 0014775  78.6751 281.6080 14.13361059838450
3.0,GENERATED VIA SPACE-TRACK.ORG API,2025-05-14 22:46:18+00:00,18 SPCS,NOAA 19,2009-005A,EARTH,TEME,UTC,SGP4,2025-05-14 20:38:41.004384+00:00,14.13361174,0.00147670,98.9982,199.4187,78.2978,281.9850,0,U,33591,999,83847,0.00014014000000,0.00000218,0.0000000000000,7226.030,101.885,858.565,837.224,PAYLOAD,LARGE,US,2009-02-06,AFWTR,,4728880,287596985,0 NOAA 19,1 33591U 09005A   25134.86019681  .00000218  00000-0  14014-3 0  9993,2 33591  98.9982 199.4187 0014767  78.2978 281.9850 14.13361174838477
3.0,GENERATED VIA SPACE-TRACK.ORG API,2025-05-15 06:56:19+00:00,18 SPCS,NOAA 19,2009-005A,EARTH,TEME,UTC,SGP4,2025-05-15 03:26:26.924352+00:00,14.13361319,0.00147610,98.9982,199.7035,77.5569,282.7253,0,U,33591,999,83851,0.00013478000000,0.00000208,0.0000000000000,7226.029,101.885,858.560,837.228,PAYLOAD,LARGE,US,2009-02-06,AFWTR,,4729097,287632050,0 NOAA 19,1 33591U 09005A   25135.14336718  .00000208  00000-0  13478-3 0  9990,2 33591  98.9982 199.7035 0014761  77.5569 282.7253 14.13361319838516
3.0,GENERATED VIA SPACE-TRACK.ORG API,2025-05-15 14:36:24+00:00,18 SPCS,NOAA 19,2009-005A,EARTH,TEME,UTC,SGP4,2025-05-15 06:50:19.883040+00:00,14.13361398,0.00147570,98.9982,199.8459,77.1879,283.0941,0,U,33591,999,83853,0.00013475000000,0.00000208,0.0000000000000,7226.029,101.885,858.557,837.230,PAYLOAD,LARGE,US,2009-02-06,AFWTR,,4729311,287636815,0 NOAA 19,1 33591U 09005A   25135.28495235  .00000208  00000-0  13475-3 0  9992,2 33591  98.9982 199.8459 0014757  77.1879 283.0941 14.13361398838539
3.0,GENERATED VIA SPACE-TRACK.ORG API,2025-05-15 17:33:57+00:00,18 SPCS,NOAA 19,2009-005A,EARTH,TEME,UTC,SGP4,2025-05-15 13:38:05.796960+00:00,14.13361585,0.00147520,98.9982,200.1307,76.4542,283.8273,0,U,33591,999,83831,0.00013548000000,0.00000209,0.0000000000000,7226.028,101.885,858.553,837.233,PAYLOAD,LARGE,US,2009-02-06,AFWTR,,4729513,287652101,0 NOAA 19,1 33591U 09005A   25135.56812265  .00000209  00000-0  13548-3 0  9991,2 33591  98.9982 200.1307 0014752  76.4542 283.8273 14.13361585838311
3.0,GENERATED VIA SPACE-TRACK.ORG API,2025-05-15 22:36:28+00:00,18 SPCS,NOAA 19,2009-005A,EARTH,TEME,UTC,SGP4,2025-05-15 20:25:51.705696+00:00,14.13361738,0.00147500,98.9982,200.4155,75.6965,284.5843,0,U,33591,999,83861,0.00013556000000,0.00000210,0.0000000000000,7226.028,101.885,858.551,837.234,PAYLOAD,LARGE,US,2009-02-06,AFWTR,,4729603,287671765,0 NOAA 19,1 33591U 09005A   25135.85129289  .00000210  00000-0  13556-3 0  9991,2 33591  98.9982 200.4155 0014750  75.6965 284.5843 14.13361738838617
3.0,GENERATED VIA SPACE-TRACK.ORG API,2025-05-16 06:56:20+00:00,18 SPCS,NOAA 19,2009-005A,EARTH,TEME,UTC,SGP4,2025-05-16 04:55:34.095072+00:00,14.13361937,0.00147450,98.9982,200.7715,74.7677,285.5124,0,U,33591,999,83866,0.00013477000000,0.00000208,0.0000000000000,7226.027,101.885,858.547,837.237,PAYLOAD,LARGE,US,2009-02-06,AFWTR,,4729916,287680909,0 NOAA 19,1 33591U 09005A   25136.20525573  .00000208  00000-0  13477-3 0  9996,2 33591  98.9982 200.7715 0014745  74.7677 285.5124 14.13361937838665
3.0,GENERATED VIA SPACE-TRACK.ORG API,2025-05-16 17:26:16+00:00,18 SPCS,NOAA 19,2009-005A,EARTH,TEME,UTC,SGP4,2025-05-16 11:43:19.996896+00:00,14.13362124,0.00147470,98.9981,201.0563,74.0400,286.2395,0,U,33591,999,83870,0.00013678000000,0.00000212,0.0000000000000,7226.026,101.885,858.548,837.235,PAYLOAD,LARGE,US,2009-02-06,AFWTR,,4730217,287687577,0 NOAA 19,1 33591U 09005A   25136.48842589  .00000212  00000-0  13678-3 0  9993,2 33591  98.9981 201.0563 0014747  74.0400 286.2395 14.13362124838700
3.0,GENERATED VIA SPACE-TRACK.ORG API,2025-05-16 19:15:53+00:00,18 SPCS,NOAA 19,2009-005A,EARTH,TEME,UTC,SGP4,2025-05-16 11:43:19.996896+00:00,14.13362124,0.00147470,98.9981,201.0563,74.0400,286.2395,0,U,33591,999,83844,0.00013678000000,0.00000212,0.0000000000000,7226.026,101.885,858.548,837.235,PAYLOAD,LARGE,US,2009-02-06,AFWTR,,4730293,287700100,0 NOAA 19,1 33591U 09005A   25136.48842589  .00000212  00000-0  13678-3 0  9993,2 33591  98.9981 201.0563 0014747  74.0400 286.2395 14.13362124838441
3.0,GENERATED VIA SPACE-TRACK.ORG API,2025-05-16 22:46:36+00:00,18 SPCS,NOAA 19,2009-005A,EARTH,TEME,UTC,SGP4,2025-05-16 20:13:02.371584+00:00,14.13362306,0.00147390,98.9981,201.4122,73.0949,287.1838,0,U,33591,999,83875,0.00013530000000,0.00000209,0.0000000000000,7226.026,101.885,858.541,837.240,PAYLOAD,LARGE,US,2009-02-06,AFWTR,,4730491,287724007,0 NOAA 19,1 33591U 09005A   25136.84238856  .00000209  00000-0  13530-3 0  9992,2 33591  98.9981 201.4122 0014739  73.0949 287.1838 14.13362306838752
3.0,GENERATED VIA SPACE-TRACK.ORG API,2025-05-17 03:30:17+00:00,18 SPCS,NOAA 19,2009-005A,EARTH,TEME,UTC,SGP4,2025-05-16 21:54:58.845312+00:00,14.13362347,0.00147410,98.9981,201.4834,72.9242,287.3544,0,U,33591,999,83850,0.00013647000000,0.00000211,0.0000000000000,7226.026,101.885,858.542,837.239,PAYLOAD,LARGE,US,2009-02-06,AFWTR,,4730581,287736443,0 NOAA 19,1 33591U 09005A   25136.91318108  .00000211  00000-0  13647-3 0  9991,2 33591  98.9981 201.4834 0014741  72.9242 287.3544 14.13362347838503
3.0,GENERATED VIA SPACE-TRACK.ORG API,2025-05-17 07:06:29+00:00,18 SPCS,NOAA 19,2009-005A,EARTH,TEME,UTC,SGP4,2025-05-17 04:42:44.741088+00:00,14.13362824,0.00147410,98.9981,201.7682,72.1647,288.1132,0,U,33591,999,83880,0.00016624000000,0.00000267,0.0000000000000,7226.024,101.885,858.541,837.237,PAYLOAD,LARGE,US,2009-02-06,AFWTR,,4730838,287761244,0 NOAA 19,1 33591U 09005A   25137.19635117  .00000267  00000-0  16624-3 0  9993,2 33591  98.9981 201.7682 0014741  72.1647 288.1132 14.13362824838803
3.0,GENERATED VIA SPACE-TRACK.ORG API,2025-05-17 14:56:18+00:00,18 SPCS,NOAA 19,2009-005A,EARTH,TEME,UTC,SGP4,2025-05-17 11:30:30.630816+00:00,14.13362914,0.00147440,98.9981,202.0530,71.4458,288.8315,0,U,33591,999,83884,0.00015878000000,0.00000253,0.0000000000000,7226.024,101.885,858.543,837.235,PAYLOAD,LARGE,US,2009-02-06,AFWTR,,4731137,287769509,0 NOAA 19,1 33591U 09005A   25137.47952119  .00000253  00000-0  15878-3 0  9993,2 33591  98.9981 202.0530 0014744  71.4458 288.8315 14.13362914838848
3.0,GENERATED VIA SPACE-TRACK.ORG API,2025-05-17 20:10:15+00:00,18 SPCS,NOAA 19,2009-005A,EARTH,TEME,UTC,SGP4,2025-05-17 13:12:27.102816+00:00,14.13362959,0.00147430,98.9981,202.1242,71.2594,289.0176,0,U,33591,999,83859,0.00015878000000,0.00000253,0.0000000000000,7226.024,101.885,858.542,837.235,PAYLOAD,LARGE,US,2009-02-06,AFWTR,,4731272,287783368,0 NOAA 19,1 33591U 09005A   25137.55031369  .00000253  00000-0  15878-3 0  9997,2 33591  98.9981 202.1242 0014743  71.2594 289.0176 14.13362959838596
3.0,GENERATED VIA SPACE-TRACK.ORG API,2025-05-17 22:46:17+00:00,18 SPCS,NOAA 19,2009-005A,EARTH,TEME,UTC,SGP4,2025-05-17 20:00:12.990816+00:00,14.13363099,0.00147370,98.9981,202.4089,70.5027,289.7736,0,U,33591,999,83889,0.00015944000000,0.00000254,0.0000000000000,7226.023,101.885,858.537,837.239,PAYLOAD,LARGE,US,2009-02-06,AFWTR,,4731411,287806164,0 NOAA 19,1 33591U 09005A   25137.83348369  .00000254  00000-0  15944-3 0  9994,2 33591  98.9981 202.4089 0014737  70.5027 289.7736 14.13363099838892
3.0,GENERATED VIA SPACE-TRACK.ORG API,2025-05-18 02:40:42+00:00,18 SPCS,NOAA 19,2009-005A,EARTH,TEME,UTC,SGP4,2025-05-17 21:42:09.461952+00:00,14.13363146,0.00147360,98.9981,202.4802,70.3171,289.9590,0,U,33591,999,83864,0.00016099000000,0.00000257,0.0000000000000,7226.023,101.885,858.536,837.240,PAYLOAD,LARGE,US,2009-02-06,AFWTR,,4731538,287819241,0 NOAA 19,1 33591U 09005A   25137.90427618  .00000257  00000-0  16099-3 0  9992,2 33591  98.9981 202.4802 0014736  70.3171 289.9590 14.13363146838648
3.0,GENERATED VIA SPACE-TRACK.ORG API,2025-05-18 06:46:18+00:00,18 SPCS,NOAA 19,2009-005A,EARTH,TEME,UTC,SGP4,2025-05-18 04:29:55.354272+00:00,14.13363251,0.00147320,98.9981,202.7649,69.5712,290.7040,0,U,33591,999,83894,0.00015908000000,0.00000254,0.0000000000000,7226.023,101.885,858.533,837.242,PAYLOAD,LARGE,US,2009-02-06,AFWTR,,4731683,287841476,0 NOAA 19,1 33591U 09005A   25138.18744623  .00000254  00000-0  15908-3 0  9996,2 33591  98.9981 202.7649 0014732  69.5712 290.7040 14.13363251838947
3.0,GENERATED VIA SPACE-TRACK.ORG API,2025-05-18 14:56:28+00:00,18 SPCS,NOAA 19,2009-005A,EARTH,TEME,UTC,SGP4,2025-05-18 11:17:41.235360+00:00,14.13363359,0.00147330,98.9981,203.0498,68.8252,291.4493,0,U,33591,999,83898,0.00015435000000,0.00000245,0.0000000000000,7226.022,101.885,858.533,837.241,PAYLOAD,LARGE,US,2009-02-06,AFWTR,,4732093,287852800,0 NOAA 19,1 33591U 09005A   25138.47061615  .00000245  00000-0  15435-3 0  9996,2 33591  98.9981 203.0498 0014733  68.8252 291.4493 14.13363359838988
3.0,GENERATED VIA SPACE-TRACK.ORG API,2025-05-18 18:58:00+00:00,18 SPCS,NOAA 19,2009-005A,EARTH,TEME,UTC,SGP4,2025-05-18 14:41:34.175904+00:00,14.13363349,0.00147310,98.9980,203.1922,68.4577,291.8163,0,U,33591,999,83874,0.00014500000000,0.00000227,0.0000000000000,7226.022,101.885,858.532,837.243,PAYLOAD,LARGE,US,2009-02-06,AFWTR,,4732248,287867004,0 NOAA 19,1 33591U 09005A   25138.61220111  .00000227  00000-0  14500-3 0  9992,2 33591  98.9980 203.1922 0014731  68.4577 291.8163 14.13363349838745
3.0,GENERATED VIA SPACE-TRACK.ORG API,2025-05-18 22:56:21+00:00,18 SPCS,NOAA 19,2009-005A,EARTH,TEME,UTC,SGP4,2025-05-18 19:47:23.585856+00:00,14.13363414,0.00147250,98.9980,203.4058,67.9074,292.3659,0,U,33591,999,83903,0.00014528000000,0.00000228,0.0000000000000,7226.022,101.885,858.527,837.247,PAYLOAD,LARGE,US,2009-02-06,AFWTR,,4732450,287890436,0 NOAA 19,1 33591U 09005A   25138.82457854  .00000228  00000-0  14528-3 0  9992,2 33591  98.9980 203.4058 0014725  67.9074 292.3659 14.13363414839039
3.0,GENERATED VIA SPACE-TRACK.ORG API,2025-05-19 03:12:16+00:00,18 SPCS,NOAA 19,2009-005A,EARTH,TEME,UTC,SGP4,2025-05-18 19:47:23.585856+00:00,14.13363414,0.00147250,98.9980,203.4058,67.9074,292.3659,0,U,33591,999,83877,0.00014528000000,0.00000228,0.0000000000000,7226.022,101.885,858.527,837.247,PAYLOAD,LARGE,US,2009-02-06,AFWTR,,4732563,287904447,0 NOAA 19,1 33591U 09005A   25138.82457854  .00000228  00000-0  14528-3 0  9992,2 33591  98.9980 203.4058 0014725  67.9074 292.3659 14.13363414838779
3.0,GENERATED VIA SPACE-TRACK.ORG API,2025-05-19 06:36:23+00:00,18 SPCS,NOAA 19,2009-005A,EARTH,TEME,UTC,SGP4,2025-05-19 04:17:05.931168+00:00,14.13363506,0.00147120,98.9980,203.7618,66.9650,293.3072,0,U,33591,999,83908,0.00013832000000,0.00000215,0.0000000000000,7226.022,101.885,858.518,837.256,PAYLOAD,LARGE,US,2009-02-06,AFWTR,,4732678,287926280,0 NOAA 19,1 33591U 09005A   25139.17854087  .00000215  00000-0  13832-3 0  9993,2 33591  98.9980 203.7618 0014712  66.9650 293.3072 14.13363506839086
3.0,GENERATED VIA SPACE-TRACK.ORG API,2025-05-19 14:56:26+00:00,18 SPCS,NOAA 19,2009-005A,EARTH,TEME,UTC,SGP4,2025-05-19 11:04:51.804480+00:00,14.13363612,0.00147090,98.9980,204.0465,66.2141,294.0572,0,U,33591,999,83912,0.00013600000000,0.00000210,0.0000000000000,7226.021,101.885,858.515,837.258,PAYLOAD,LARGE,US,2009-02-06,AFWTR,,4733088,287935355,0 NOAA 19,1 33591U 09005A   25139.46171070  .00000210  00000-0  13600-3 0  9997,2 33591  98.9980 204.0465 0014709  66.2141 294.0572 14.13363612839120
3.0,GENERATED VIA SPACE-TRACK.ORG API,2025-05-19 17:57:47+00:00,18 SPCS,NOAA 19,2009-005A,EARTH,TEME,UTC,SGP4,2025-05-19 12:46:48.271296+00:00,14.13363564,0.00147060,98.9980,204.1178,66.0292,294.2418,0,U,33591,999,83887,0.00012768000000,0.00000195,0.0000000000000,7226.021,101.885,858.513,837.260,PAYLOAD,LARGE,US,2009-02-06,AFWTR,,4733199,287949081,0 NOAA 19,1 33591U 09005A   25139.53250314  .00000195  00000-0  12768-3 0  9990,2 33591  98.9980 204.1178 0014706  66.0292 294.2418 14.13363564838872
3.0,GENERATED VIA SPACE-TRACK.ORG API,2025-05-19 22:36:26+00:00,18 SPCS,NOAA 19,2009-005A,EARTH,TEME,UTC,SGP4,2025-05-19 21:16:30.607104+00:00,14.13363755,0.00146920,98.9980,204.4738,65.0662,295.2035,0,U,33591,999,83918,0.00013122000000,0.00000201,0.0000000000000,7226.021,101.885,858.502,837.269,PAYLOAD,LARGE,US,2009-02-06,AFWTR,,4733317,287970732,0 NOAA 19,1 33591U 09005A   25139.88646536  .00000201  00000-0  13122-3 0  9996,2 33591  98.9980 204.4738 0014692  65.0662 295.2035 14.13363755839184
3.0,GENERATED VIA SPACE-TRACK.ORG API,2025-05-20 06:56:17+00:00,18 SPCS,NOAA 19,2009-005A,EARTH,TEME,UTC,SGP4,2025-05-20 04:04:16.470912+00:00,14.13363934,0.00146770,98.9980,204.7586,64.3014,295.9672,0,U,33591,999,83922,0.00013583000000,0.00000210,0.0000000000000,7226.020,101.885,858.491,837.280,PAYLOAD,LARGE,US,2009-02-06,AFWTR,,4733731,287982031,0 NOAA 19,1 33591U 09005A   25140.16963508  .00000210  00000-0  13583-3 0  9991,2 33591  98.9980 204.7586 0014677  64.3014 295.9672 14.13363934839222
3.0,GENERATED VIA SPACE-TRACK.ORG API,2025-05-20 14:46:18+00:00,18 SPCS,NOAA 19,2009-005A,EARTH,TEME,UTC,SGP4,2025-05-20 10:52:02.329536+00:00,14.13364001,0.00146670,98.9980,205.0433,63.5578,296.7096,0,U,33591,999,83926,0.00012693000000,0.00000193,0.0000000000000,7226.020,101.885,858.483,837.287,PAYLOAD,LARGE,US,2009-02-06,AFWTR,,4734068,287989293,0 NOAA 19,1 33591U 09005A   25140.45280474  .00000193  00000-0  12693-3 0  9998,2 33591  98.9980 205.0433 0014667  63.5578 296.7096 14.13364001839261
3.0,GENERATED VIA SPACE-TRACK.ORG API,2025-05-20 18:25:46+00:00,18 SPCS,NOAA 19,2009-005A,EARTH,TEME,UTC,SGP4,2025-05-20 12:33:58.794624+00:00,14.13364032,0.00146650,98.9980,205.1145,63.3725,296.8947,0,U,33591,999,83901,0.00012570000000,0.00000191,0.0000000000000,7226.020,101.885,858.482,837.288,PAYLOAD,LARGE,US,2009-02-06,AFWTR,,4734167,288001606,0 NOAA 19,1 33591U 09005A   25140.52359716  .00000191  00000-0  12570-3 0  9994,2 33591  98.9980 205.1145 0014665  63.3725 296.8947 14.13364032839015
3.0,GENERATED VIA SPACE-TRACK.ORG API,2025-05-21 00:26:20+00:00,18 SPCS,NOAA 19,2009-005A,EARTH,TEME,UTC,SGP4,2025-05-20 19:21:44.652384+00:00,14.13364144,0.00146490,98.9979,205.3993,62.6098,297.6562,0,U,33591,999,83931,0.00012200000000,0.00000184,0.0000000000000,7226.019,101.885,858.470,837.299,PAYLOAD,LARGE,US,2009-02-06,AFWTR,,4734448,288026782,0 NOAA 19,1 33591U 09005A   25140.80676681  .00000184  00000-0  12200-3 0  9990,2 33591  98.9979 205.3993 0014649  62.6098 297.6562 14.13364144839312
3.0,GENERATED VIA SPACE-TRACK.ORG API,2025-05-21 04:08:36+00:00,18 SPCS,NOAA 19,2009-005A,EARTH,TEME,UTC,SGP4,2025-05-20 21:03:41.116608+00:00,14.13364224,0.00146430,98.9979,205.4705,62.4253,297.8404,0,U,33591,999,83906,0.00012872000000,0.00000197,0.0000000000000,7226.019,101.885,858.465,837.303,PAYLOAD,LARGE,US,2009-02-06,AFWTR,,4734515,288039840,0 NOAA 19,1 33591U 09005A   25140.87755922  .00000197  00000-0  12872-3 0  9992,2 33591  98.9979 205.4705 0014643  62.4253 297.8404 14.13364224839067
3.0,GENERATED VIA SPACE-TRACK.ORG API,2025-05-21 06:56:18+00:00,18 SPCS,NOAA 19,2009-005A,EARTH,TEME,UTC,SGP4,2025-05-21 03:51:26.970048+00:00,14.13364324,0.00146290,98.9979,205.7553,61.6663,298.5983,0,U,33591,999,83936,0.00012234000000,0.00000185,0.0000000000000,7226.019,101.885,858.455,837.313,PAYLOAD,LARGE,US,2009-02-06,AFWTR,,4734751,288064806,0 NOAA 19,1 33591U 09005A   25141.16072882  .00000185  00000-0  12234-3 0  9991,2 33591  98.9979 205.7553 0014629  61.6663 298.5983 14.13364324839365
3.0,GENERATED VIA SPACE-TRACK.ORG API,2025-05-21 14:36:19+00:00,18 SPCS,NOAA 19,2009-005A,EARTH,TEME,UTC,SGP4,2025-05-21 12:21:09.285984+00:00,14.13364448,0.00146240,98.9979,206.1113,60.7189,299.5443,0,U,33591,999,83941,0.00011589000000,0.00000173,0.0000000000000,7226.018,101.885,858.451,837.316,PAYLOAD,LARGE,US,2009-02-06,AFWTR,,4734970,288069679,0 NOAA 19,1 33591U 09005A   25141.51469081  .00000173  00000-0  11589-3 0  9990,2 33591  98.9979 206.1113 0014624  60.7189 299.5443 14.13364448839415
3.0,GENERATED VIA SPACE-TRACK.ORG API,2025-05-21 17:16:54+00:00,18 SPCS,NOAA 19,2009-005A,EARTH,TEME,UTC,SGP4,2025-05-21 14:03:05.747616+00:00,14.13364484,0.00146200,98.9979,206.1825,60.5327,299.7301,0,U,33591,999,83916,0.00011458000000,0.00000170,0.0000000000000,7226.018,101.885,858.448,837.319,PAYLOAD,LARGE,US,2009-02-06,AFWTR,,4735227,288086991,0 NOAA 19,1 33591U 09005A   25141.58548319  .00000170  00000-0  11458-3 0  9991,2 33591  98.9979 206.1825 0014620  60.5327 299.7301 14.13364484839160
3.0,GENERATED VIA SPACE-TRACK.ORG API,2025-05-21 22:56:20+00:00,18 SPCS,NOAA 19,2009-005A,EARTH,TEME,UTC,SGP4,2025-05-21 20:50:51.599328+00:00,14.13364602,0.00146070,98.9978,206.4672,59.7475,300.5141,0,U,33591,999,83946,0.00011243000000,0.00000166,0.0000000000000,7226.018,101.885,858.438,837.328,PAYLOAD,LARGE,US,2009-02-06,AFWTR,,4735486,288110398,0 NOAA 19,1 33591U 09005A   25141.86865277  .00000166  00000-0  11243-3 0  9994,2 33591  98.9978 206.4672 0014607  59.7475 300.5141 14.13364602839469
3.0,GENERATED VIA SPACE-TRACK.ORG API,2025-05-22 06:56:18+00:00,18 SPCS,NOAA 19,2009-005A,EARTH,TEME,UTC,SGP4,2025-05-22 03:38:37.445856+00:00,14.13364889,0.00145950,98.9978,206.7520,58.9861,301.2742,0,U,33591,999,83950,0.00012574000000,0.00000191,0.0000000000000,7226.017,101.885,858.428,837.336,PAYLOAD,LARGE,US,2009-02-06,AFWTR,,4735795,288118854,0 NOAA 19,1 33591U 09005A   25142.15182229  .00000191  00000-0  12574-3 0  9992,2 33591  98.9978 206.7520 0014595  58.9861 301.2742 14.13364889839507
3.0,GENERATED VIA SPACE-TRACK.ORG API,2025-05-22 14:46:36+00:00,18 SPCS,NOAA 19,2009-005A,EARTH,TEME,UTC,SGP4,2025-05-22 12:08:19.751424+00:00,14.13364981,0.00145820,98.9978,207.1080,58.0500,302.2088,0,U,33591,999,83955,0.00011552000000,0.00000172,0.0000000000000,7226.017,101.885,858.419,837.345,PAYLOAD,LARGE,US,2009-02-06,AFWTR,,4736077,288126188,0 NOAA 19,1 33591U 09005A   25142.50578416  .00000172  00000-0  11552-3 0  9992,2 33591  98.9978 207.1080 0014582  58.0500 302.2088 14.13364981839552
3.0,GENERATED VIA SPACE-TRACK.ORG API,2025-05-22 17:14:14+00:00,18 SPCS,NOAA 19,2009-005A,EARTH,TEME,UTC,SGP4,2025-05-22 13:50:16.211328+00:00,14.13365030,0.00145780,98.9978,207.1792,57.8602,302.3982,0,U,33591,999,83930,0.00011609000000,0.00000173,0.0000000000000,7226.016,101.885,858.416,837.347,PAYLOAD,LARGE,US,2009-02-06,AFWTR,,4736220,288139844,0 NOAA 19,1 33591U 09005A   25142.57657652  .00000173  00000-0  11609-3 0  9993,2 33591  98.9978 207.1792 0014578  57.8602 302.3982 14.13365030839300
3.0,GENERATED VIA SPACE-TRACK.ORG API,2025-05-22 22:46:20+00:00,18 SPCS,NOAA 19,2009-005A,EARTH,TEME,UTC,SGP4,2025-05-22 20:38:02.048352+00:00,14.13365126,0.00145680,98.9978,207.4639,57.0898,303.1673,0,U,33591,999,83960,0.00011285000000,0.00000167,0.0000000000000,7226.016,101.885,858.408,837.354,PAYLOAD,LARGE,US,2009-02-06,AFWTR,,4736425,288162474,0 NOAA 19,1 33591U 09005A   25142.85974593  .00000167  00000-0  11285-3 0  9993,2 33591  98.9978 207.4639 0014568  57.0898 303.1673 14.13365126839606
3.0,GENERATED VIA SPACE-TRACK.ORG API,2025-05-23 06:46:19+00:00,18 SPCS,NOAA 19,2009-005A,EARTH,TEME,UTC,SGP4,2025-05-23 03:25:47.883648+00:00,14.13365290,0.00145550,98.9978,207.7487,56.3319,303.9238,0,U,33591,999,83964,0.00011207000000,0.00000165,0.0000000000000,7226.016,101.884,858.398,837.363,PAYLOAD,LARGE,US,2009-02-06,AFWTR,,4736704,288169730,0 NOAA 19,1 33591U 09005A   25143.14291532  .00000165  00000-0  11207-3 0  9993,2 33591  98.9978 207.7487 0014555  56.3319 303.9238 14.13365290839647
3.0,GENERATED VIA SPACE-TRACK.ORG API,2025-05-23 14:56:28+00:00,18 SPCS,NOAA 19,2009-005A,EARTH,TEME,UTC,SGP4,2025-05-23 11:55:30.174528+00:00,14.13365515,0.00145460,98.9978,208.1047,55.4057,304.8485,0,U,33591,999,83969,0.00011711000000,0.00000175,0.0000000000000,7226.015,101.884,858.391,837.369,PAYLOAD,LARGE,US,2009-02-06,AFWTR,,4737064,288177420,0 NOAA 19,1 33591U 09005A   25143.49687702  .00000175  00000-0  11711-3 0  9990,2 33591  98.9978 208.1047 0014546  55.4057 304.8485 14.13365515839692
3.0,GENERATED VIA SPACE-TRACK.ORG API,2025-05-23 17:34:23+00:00,18 SPCS,NOAA 19,2009-005A,EARTH,TEME,UTC,SGP4,2025-05-23 13:37:26.632704+00:00,14.13365567,0.00145460,98.9978,208.1759,55.2265,305.0274,0,U,33591,999,83944,0.00011885000000,0.00000178,0.0000000000000,7226.015,101.884,858.391,837.369,PAYLOAD,LARGE,US,2009-02-06,AFWTR,,4737198,288191992,0 NOAA 19,1 33591U 09005A   25143.56766936  .00000178  00000-0  11885-3 0  9990,2 33591  98.9978 208.1759 0014546  55.2265 305.0274 14.13365567839440
3.0,GENERATED VIA SPACE-TRACK.ORG API,2025-05-23 22:56:30+00:00,18 SPCS,NOAA 19,2009-005A,EARTH,TEME,UTC,SGP4,2025-05-23 20:25:12.457632+00:00,14.13365733,0.00145300,98.9978,208.4606,54.4487,305.8037,0,U,33591,999,83974,0.00012142000000,0.00000183,0.0000000000000,7226.014,101.884,858.378,837.380,PAYLOAD,LARGE,US,2009-02-06,AFWTR,,4737409,288215797,0 NOAA 19,1 33591U 09005A   25143.85083863  .00000183  00000-0  12142-3 0  9996,2 33591  98.9978 208.4606 0014530  54.4487 305.8037 14.13365733839747
3.0,GENERATED VIA SPACE-TRACK.ORG API,2025-05-24 03:21:58+00:00,18 SPCS,NOAA 19,2009-005A,EARTH,TEME,UTC,SGP4,2025-05-23 22:07:08.913216+00:00,14.13365759,0.00145220,98.9978,208.5319,54.2711,305.9810,0,U,33591,999,83949,0.00011950000000,0.00000179,0.0000000000000,7226.014,101.884,858.373,837.385,PAYLOAD,LARGE,US,2009-02-06,AFWTR,,4737503,288228935,0 NOAA 19,1 33591U 09005A   25143.92163094  .00000179  00000-0  11950-3 0  9990,2 33591  98.9978 208.5319 0014522  54.2711 305.9810 14.13365759839498
3.0,GENERATED VIA SPACE-TRACK.ORG API,2025-05-24 06:56:18+00:00,18 SPCS,NOAA 19,2009-005A,EARTH,TEME,UTC,SGP4,2025-05-24 04:54:54.742464+00:00,14.13365916,0.00145110,98.9978,208.8166,53.5165,306.7342,0,U,33591,999,83979,0.00011986000000,0.00000180,0.0000000000000,7226.013,101.884,858.364,837.393,PAYLOAD,LARGE,US,2009-02-06,AFWTR,,4737708,288252400,0 NOAA 19,1 33591U 09005A   25144.20480026  .00000180  00000-0  11986-3 0  9990,2 33591  98.9978 208.8166 0014511  53.5165 306.7342 14.13365916839791
3.0,GENERATED VIA SPACE-TRACK.ORG API,2025-05-24 14:56:18+00:00,18 SPCS,NOAA 19,2009-005A,EARTH,TEME,UTC,SGP4,2025-05-24 11:42:40.568256+00:00,14.13366044,0.00145040,98.9978,209.1014,52.7734,307.4759,0,U,33591,999,83983,0.00012067000000,0.00000182,0.0000000000000,7226.013,101.884,858.359,837.397,PAYLOAD,LARGE,US,2009-02-06,AFWTR,,4738006,288259951,0 NOAA 19,1 33591U 09005A   25144.48796954  .00000182  00000-0  12067-3 0  9993,2 33591  98.9978 209.1014 0014504  52.7734 307.4759 14.13366044839830
3.0,GENERATED VIA SPACE-TRACK.ORG API,2025-05-24 21:39:02+00:00,18 SPCS,NOAA 19,2009-005A,EARTH,TEME,UTC,SGP4,2025-05-24 13:24:37.022976+00:00,14.13366094,0.00145020,98.9978,209.1726,52.5863,307.6627,0,U,33591,999,83958,0.00012202000000,0.00000184,0.0000000000000,7226.013,101.884,858.357,837.399,PAYLOAD,LARGE,US,2009-02-06,AFWTR,,4738111,288273817,0 NOAA 19,1 33591U 09005A   25144.55876184  .00000184  00000-0  12202-3 0  9998,2 33591  98.9978 209.1726 0014502  52.5863 307.6627 14.13366094839582
3.0,GENERATED VIA SPACE-TRACK.ORG API,2025-05-24 22:56:24+00:00,18 SPCS,NOAA 19,2009-005A,EARTH,TEME,UTC,SGP4,2025-05-24 20:12:22.840128+00:00,14.13366222,0.00144890,98.9978,209.4574,51.8139,308.4336,0,U,33591,999,83988,0.00012249000000,0.00000185,0.0000000000000,7226.012,101.884,858.347,837.408,PAYLOAD,LARGE,US,2009-02-06,AFWTR,,4738310,288297648,0 NOAA 19,1 33591U 09005A   25144.84193102  .00000185  00000-0  12249-3 0  9994,2 33591  98.9978 209.4574 0014489  51.8139 308.4336 14.13366222839880
3.0,GENERATED VIA SPACE-TRACK.ORG API,2025-05-25 02:20:03+00:00,18 SPCS,NOAA 19,2009-005A,EARTH,TEME,UTC,SGP4,2025-05-24 21:54:19.295712+00:00,14.13366258,0.00144880,98.9978,209.5286,51.6292,308.6179,0,U,33591,999,83963,0.00012416000000,0.00000188,0.0000000000000,7226.012,101.884,858.346,837.408,PAYLOAD,LARGE,US,2009-02-06,AFWTR,,4738402,288310788,0 NOAA 19,1 33591U 09005A   25144.91272333  .00000188  00000-0  12416-3 0  9995,2 33591  98.9978 209.5286 0014488  51.6292 308.6179 14.13366258839637
3.0,GENERATED VIA SPACE-TRACK.ORG API,2025-05-25 06:56:18+00:00,18 SPCS,NOAA 19,2009-005A,EARTH,TEME,UTC,SGP4,2025-05-25 04:42:05.114592+00:00,14.13366359,0.00144760,98.9978,209.8134,50.8773,309.3683,0,U,33591,999,83993,0.00011810000000,0.00000177,0.0000000000000,7226.012,101.884,858.337,837.417,PAYLOAD,LARGE,US,2009-02-06,AFWTR,,4738630,288335032,0 NOAA 19,1 33591U 09005A   25145.19589253  .00000177  00000-0  11810-3 0  9993,2 33591  98.9978 209.8134 0014476  50.8773 309.3683 14.13366359839937
3.0,GENERATED VIA SPACE-TRACK.ORG API,2025-05-25 14:46:19+00:00,18 SPCS,NOAA 19,2009-005A,EARTH,TEME,UTC,SGP4,2025-05-25 11:29:50.930016+00:00,14.13366525,0.00144680,98.9978,210.0982,50.1366,310.1076,0,U,33591,999,83997,0.00012310000000,0.00000186,0.0000000000000,7226.011,101.884,858.331,837.422,PAYLOAD,LARGE,US,2009-02-06,AFWTR,,4738909,288342200,0 NOAA 19,1 33591U 09005A   25145.47906169  .00000186  00000-0  12310-3 0  9999,2 33591  98.9978 210.0982 0014468  50.1366 310.1076 14.13366525839979
3.0,GENERATED VIA SPACE-TRACK.ORG API,2025-05-25 17:40:55+00:00,18 SPCS,NOAA 19,2009-005A,EARTH,TEME,UTC,SGP4,2025-05-25 14:53:43.836000+00:00,14.13366622,0.00144640,98.9978,210.2406,49.7548,310.4886,0,U,33591,999,83973,0.00012648000000,0.00000192,0.0000000000000,7226.011,101.884,858.328,837.424,PAYLOAD,LARGE,US,2009-02-06,AFWTR,,4739036,288355536,0 NOAA 19,1 33591U 09005A   25145.62064625  .00000192  00000-0  12648-3 0  9999,2 33591  98.9978 210.2406 0014464  49.7548 310.4886 14.13366622839738
3.0,GENERATED VIA SPACE-TRACK.ORG API,2025-05-25 22:46:18+00:00,18 SPCS,NOAA 19,2009-005A,EARTH,TEME,UTC,SGP4,2025-05-25 19:59:33.191520+00:00,14.13366663,0.00144600,98.9978,210.4542,49.1833,311.0591,0,U,33591,999,84002,0.00012093000000,0.00000182,0.0000000000000,7226.011,101.884,858.325,837.427,PAYLOAD,LARGE,US,2009-02-06,AFWTR,,4739242,288379870,0 NOAA 19,1 33591U 09005A   25145.83302305  .00000182  00000-0  12093-3 0  9995,2 33591  98.9978 210.4542 0014460  49.1833 311.0591 14.13366663840027
3.0,GENERATED VIA SPACE-TRACK.ORG API,2025-05-26 02:54:26+00:00,18 SPCS,NOAA 19,2009-005A,EARTH,TEME,UTC,SGP4,2025-05-25 19:59:33.191520+00:00,14.13366663,0.00144600,98.9978,210.4542,49.1833,311.0591,0,U,33591,999,83976,0.00012093000000,0.00000182,0.0000000000000,7226.011,101.884,858.325,837.427,PAYLOAD,LARGE,US,2009-02-06,AFWTR,,4739344,288393354,0 NOAA 19,1 33591U 09005A   25145.83302305  .00000182  00000-0  12093-3 0  9995,2 33591  98.9978 210.4542 0014460  49.1833 311.0591 14.13366663839766
3.0,GENERATED VIA SPACE-TRACK.ORG API,2025-05-28 00:06:35+00:00,18 SPCS,NOAA 19,2009-005A,EARTH,TEME,UTC,SGP4,2025-05-27 21:15:50.251392+00:00,14.13367539,0.00143910,98.9977,212.5189,43.6678,316.5630,0,U,33591,999,84031,0.00012818000000,0.00000196,0.0000000000000,7226.008,101.884,858.272,837.474,PAYLOAD,LARGE,US,2009-02-06,AFWTR,,4740302,288524708,0 NOAA 19,1 33591U 09005A   25147.88599828  .00000196  00000-0  12818-3 0  9990,2 33591  98.9977 212.5189 0014391  43.6678 316.5630 14.13367539840314
3.0,GENERATED VIA SPACE-TRACK.ORG API,2025-05-28 04:13:07+00:00,18 SPCS,NOAA 19,2009-005A,EARTH,TEME,UTC,SGP4,2025-05-27 21:15:50.251392+00:00,14.13367539,0.00143910,98.9977,212.5189,43.6678,316.5630,0,U,33591,999,84005,0.00012818000000,0.00000196,0.0000000000000,7226.008,101.884,858.272,837.474,PAYLOAD,LARGE,US,2009-02-06,AFWTR,,4740593,288542498,0 NOAA 19,1 33591U 09005A   25147.88599828  .00000196  00000-0  12818-3 0  9990,2 33591  98.9977 212.5189 0014391  43.6678 316.5630 14.13367539840055
3.0,GENERATED VIA SPACE-TRACK.ORG API,2025-05-28 06:56:19+00:00,18 SPCS,NOAA 19,2009-005A,EARTH,TEME,UTC,SGP4,2025-05-28 04:03:36.038304+00:00,14.13367754,0.00143790,98.9977,212.8037,42.8907,317.3384,0,U,33591,999,84035,0.00013647000000,0.00000211,0.0000000000000,7226.007,101.884,858.262,837.482,PAYLOAD,LARGE,US,2009-02-06,AFWTR,,4740696,288563751,0 NOAA 19,1 33591U 09005A   25148.16916711  .00000211  00000-0  13647-3 0  9995,2 33591  98.9977 212.8037 0014379  42.8907 317.3384 14.13367754840359
3.0,GENERATED VIA SPACE-TRACK.ORG API,2025-05-28 14:46:20+00:00,18 SPCS,NOAA 19,2009-005A,EARTH,TEME,UTC,SGP4,2025-05-28 12:33:18.269568+00:00,14.13367935,0.00143610,98.9977,213.1597,41.9496,318.2774,0,U,33591,999,84040,0.00013738000000,0.00000213,0.0000000000000,7226.007,101.884,858.249,837.494,PAYLOAD,LARGE,US,2009-02-06,AFWTR,,4740909,288569459,0 NOAA 19,1 33591U 09005A   25148.52312812  .00000213  00000-0  13738-3 0  9990,2 33591  98.9977 213.1597 0014361  41.9496 318.2774 14.13367935840408
3.0,GENERATED VIA SPACE-TRACK.ORG API,2025-05-28 22:46:19+00:00,18 SPCS,NOAA 19,2009-005A,EARTH,TEME,UTC,SGP4,2025-05-28 21:03:00.495648+00:00,14.13368094,0.00143440,98.9977,213.5157,40.9869,319.2378,0,U,33591,999,84045,0.00013813000000,0.00000214,0.0000000000000,7226.006,101.884,858.236,837.506,PAYLOAD,LARGE,US,2009-02-06,AFWTR,,4741211,288605686,0 NOAA 19,1 33591U 09005A   25148.87708907  .00000214  00000-0  13813-3 0  9997,2 33591  98.9977 213.5157 0014344  40.9869 319.2378 14.13368094840451
3.0,GENERATED VIA SPACE-TRACK.ORG API,2025-05-29 03:15:42+00:00,18 SPCS,NOAA 19,2009-005A,EARTH,TEME,UTC,SGP4,2025-05-28 21:03:00.495648+00:00,14.13368094,0.00143440,98.9977,213.5157,40.9869,319.2378,0,U,33591,999,84019,0.00013813000000,0.00000214,0.0000000000000,7226.006,101.884,858.236,837.506,PAYLOAD,LARGE,US,2009-02-06,AFWTR,,4741293,288618483,0 NOAA 19,1 33591U 09005A   25148.87708907  .00000214  00000-0  13813-3 0  9997,2 33591  98.9977 213.5157 0014344  40.9869 319.2378 14.13368094840192
3.0,GENERATED VIA SPACE-TRACK.ORG API,2025-05-29 06:56:20+00:00,18 SPCS,NOAA 19,2009-005A,EARTH,TEME,UTC,SGP4,2025-05-29 03:50:46.273920+00:00,14.13368278,0.00143280,98.9977,213.8004,40.2209,320.0021,0,U,33591,999,84049,0.00013971000000,0.00000217,0.0000000000000,7226.005,101.884,858.224,837.517,PAYLOAD,LARGE,US,2009-02-06,AFWTR,,4741522,288643219,0 NOAA 19,1 33591U 09005A   25149.16025780  .00000217  00000-0  13971-3 0  9999,2 33591  98.9977 213.8004 0014328  40.2209 320.0021 14.13368278840491
3.0,GENERATED VIA SPACE-TRACK.ORG API,2025-05-29 19:37:29+00:00,18 SPCS,NOAA 19,2009-005A,EARTH,TEME,UTC,SGP4,2025-05-29 12:20:28.488768+00:00,14.13368556,0.00143100,98.9977,214.1564,39.2551,320.9656,0,U,33591,999,84028,0.00014684000000,0.00000231,0.0000000000000,7226.004,101.884,858.210,837.529,PAYLOAD,LARGE,US,2009-02-06,AFWTR,,4741775,288662023,0 NOAA 19,1 33591U 09005A   25149.51421862  .00000231  00000-0  14684-3 0  9997,2 33591  98.9977 214.1564 0014310  39.2551 320.9656 14.13368556840284
3.0,GENERATED VIA SPACE-TRACK.ORG API,2025-05-29 19:57:44+00:00,18 SPCS,NOAA 19,2009-005A,EARTH,TEME,UTC,SGP4,2025-05-29 15:44:21.374880+00:00,14.13368638,0.00143050,98.9976,214.2988,38.8682,321.3516,0,U,33591,999,84056,0.00014568000000,0.00000228,0.0000000000000,7226.004,101.884,858.206,837.532,PAYLOAD,LARGE,US,2009-02-06,AFWTR,,4741954,288682169,0 NOAA 19,1 33591U 09005A   25149.65580295  .00000228  00000-0  14568-3 0  9995,2 33591  98.9976 214.2988 0014305  38.8682 321.3516 14.13368638840560
3.0,GENERATED VIA SPACE-TRACK.ORG API,2025-05-29 22:46:32+00:00,18 SPCS,NOAA 19,2009-005A,EARTH,TEME,UTC,SGP4,2025-05-29 20:50:10.702752+00:00,14.13368616,0.00142950,98.9976,214.5124,38.2884,321.9300,0,U,33591,999,84059,0.00013211000000,0.00000203,0.0000000000000,7226.004,101.884,858.199,837.540,PAYLOAD,LARGE,US,2009-02-06,AFWTR,,4742182,288688322,0 NOAA 19,1 33591U 09005A   25149.86817943  .00000203  00000-0  13211-3 0  9998,2 33591  98.9976 214.5124 0014295  38.2884 321.9300 14.13368616840597
3.0,GENERATED VIA SPACE-TRACK.ORG API,2025-05-30 07:06:34+00:00,18 SPCS,NOAA 19,2009-005A,EARTH,TEME,UTC,SGP4,2025-05-30 03:37:56.474112+00:00,14.13368806,0.00142840,98.9976,214.7971,37.5237,322.6929,0,U,33591,999,84063,0.00013341000000,0.00000205,0.0000000000000,7226.004,101.884,858.190,837.547,PAYLOAD,LARGE,US,2009-02-06,AFWTR,,4742463,288726899,0 NOAA 19,1 33591U 09005A   25150.15134808  .00000205  00000-0  13341-3 0  9990,2 33591  98.9976 214.7971 0014284  37.5237 322.6929 14.13368806840632
3.0,GENERATED VIA SPACE-TRACK.ORG API,2025-05-30 15:16:22+00:00,18 SPCS,NOAA 19,2009-005A,EARTH,TEME,UTC,SGP4,2025-05-30 12:07:38.682912+00:00,14.13368908,0.00142650,98.9976,215.1531,36.5689,323.6454,0,U,33591,999,84068,0.00012481000000,0.00000189,0.0000000000000,7226.003,101.884,858.176,837.560,PAYLOAD,LARGE,US,2009-02-06,AFWTR,,4742908,288735932,0 NOAA 19,1 33591U 09005A   25150.50530883  .00000189  00000-0  12481-3 0  9997,2 33591  98.9976 215.1531 0014265  36.5689 323.6454 14.13368908840680
3.0,GENERATED VIA SPACE-TRACK.ORG API,2025-05-30 19:07:09+00:00,18 SPCS,NOAA 19,2009-005A,EARTH,TEME,UTC,SGP4,2025-05-30 12:07:38.682912+00:00,14.13368908,0.00142650,98.9976,215.1531,36.5689,323.6454,0,U,33591,999,84042,0.00012481000000,0.00000189,0.0000000000000,7226.003,101.884,858.176,837.560,PAYLOAD,LARGE,US,2009-02-06,AFWTR,,4743029,288749325,0 NOAA 19,1 33591U 09005A   25150.50530883  .00000189  00000-0  12481-3 0  9997,2 33591  98.9976 215.1531 0014265  36.5689 323.6454 14.13368908840422
3.0,GENERATED VIA SPACE-TRACK.ORG API,2025-05-30 22:36:20+00:00,18 SPCS,NOAA 19,2009-005A,EARTH,TEME,UTC,SGP4,2025-05-30 20:37:20.880480+00:00,14.13369130,0.00142480,98.9976,215.5091,35.5939,324.6180,0,U,33591,999,84073,0.00012817000000,0.00000196,0.0000000000000,7226.002,101.884,858.163,837.572,PAYLOAD,LARGE,US,2009-02-06,AFWTR,,4743203,288771659,0 NOAA 19,1 33591U 09005A   25150.85926945  .00000196  00000-0  12817-3 0  9994,2 33591  98.9976 215.5091 0014248  35.5939 324.6180 14.13369130840734
3.0,GENERATED VIA SPACE-TRACK.ORG API,2025-05-31 03:10:21+00:00,18 SPCS,NOAA 19,2009-005A,EARTH,TEME,UTC,SGP4,2025-05-30 22:19:17.320512+00:00,14.13369161,0.00142450,98.9976,215.5803,35.4045,324.8070,0,U,33591,999,84048,0.00012741000000,0.00000194,0.0000000000000,7226.002,101.884,858.161,837.574,PAYLOAD,LARGE,US,2009-02-06,AFWTR,,4743322,288786005,0 NOAA 19,1 33591U 09005A   25150.93006158  .00000194  00000-0  12741-3 0  9992,2 33591  98.9976 215.5803 0014245  35.4045 324.8070 14.13369161840485
3.0,GENERATED VIA SPACE-TRACK.ORG API,2025-05-31 06:56:18+00:00,18 SPCS,NOAA 19,2009-005A,EARTH,TEME,UTC,SGP4,2025-05-31 03:25:06.636288+00:00,14.13369290,0.00142300,98.9976,215.7938,34.8188,325.3912,0,U,33591,999,84077,0.00012521000000,0.00000190,0.0000000000000,7226.002,101.884,858.150,837.584,PAYLOAD,LARGE,US,2009-02-06,AFWTR,,4743534,288809427,0 NOAA 19,1 33591U 09005A   25151.14243792  .00000190  00000-0  12521-3 0  9995,2 33591  98.9976 215.7938 0014230  34.8188 325.3912 14.13369290840777
3.0,GENERATED VIA SPACE-TRACK.ORG API,2025-05-31 14:56:20+00:00,18 SPCS,NOAA 19,2009-005A,EARTH,TEME,UTC,SGP4,2025-05-31 11:54:48.830400+00:00,14.13369478,0.00142130,98.9976,216.1498,33.8700,326.3376,0,U,33591,999,84082,0.00012562000000,0.00000191,0.0000000000000,7226.001,101.884,858.137,837.596,PAYLOAD,LARGE,US,2009-02-06,AFWTR,,4743861,288817679,0 NOAA 19,1 33591U 09005A   25151.49639850  .00000191  00000-0  12562-3 0  9993,2 33591  98.9976 216.1498 0014213  33.8700 326.3376 14.13369478840822
3.0,GENERATED VIA SPACE-TRACK.ORG API,2025-05-31 17:22:36+00:00,18 SPCS,NOAA 19,2009-005A,EARTH,TEME,UTC,SGP4,2025-05-31 13:36:45.268704+00:00,14.13369522,0.00142100,98.9976,216.2210,33.6776,326.5296,0,U,33591,999,84057,0.00012492000000,0.00000189,0.0000000000000,7226.001,101.884,858.134,837.598,PAYLOAD,LARGE,US,2009-02-06,AFWTR,,4743962,288831667,0 NOAA 19,1 33591U 09005A   25151.56719061  .00000189  00000-0  12492-3 0  9993,2 33591  98.9976 216.2210 0014210  33.6776 326.5296 14.13369522840578
3.0,GENERATED VIA SPACE-TRACK.ORG API,2025-05-31 22:56:21+00:00,18 SPCS,NOAA 19,2009-005A,EARTH,TEME,UTC,SGP4,2025-05-31 20:24:31.015872+00:00,14.13369702,0.00141920,98.9976,216.5058,32.8854,327.3198,0,U,33591,999,84087,0.00012867000000,0.00000196,0.0000000000000,7226.001,101.884,858.121,837.610,PAYLOAD,LARGE,US,2009-02-06,AFWTR,,4744203,288855082,0 NOAA 19,1 33591U 09005A   25151.85035898  .00000196  00000-0  12867-3 0  9998,2 33591  98.9976 216.5058 0014192  32.8854 327.3198 14.13369702840871
3.0,GENERATED VIA SPACE-TRACK.ORG API,2025-06-01 02:33:10+00:00,18 SPCS,NOAA 19,2009-005A,EARTH,TEME,UTC,SGP4,2025-05-31 22:06:27.452448+00:00,14.13369735,0.00141890,98.9976,216.5770,32.7081,327.4967,0,U,33591,999,84062,0.00012772000000,0.00000195,0.0000000000000,7226.000,101.884,858.118,837.612,PAYLOAD,LARGE,US,2009-02-06,AFWTR,,4744264,288868608,0 NOAA 19,1 33591U 09005A   25151.92115107  .00000195  00000-0  12772-3 0  9992,2 33591  98.9976 216.5770 0014189  32.7081 327.4967 14.13369735840623
3.0,GENERATED VIA SPACE-TRACK.ORG API,2025-06-01 06:56:18+00:00,18 SPCS,NOAA 19,2009-005A,EARTH,TEME,UTC,SGP4,2025-06-01 03:12:16.761312+00:00,14.13369877,0.00141770,98.9976,216.7905,32.1170,328.0863,0,U,33591,999,84091,0.00012892000000,0.00000197,0.0000000000000,7226.000,101.884,858.109,837.621,PAYLOAD,LARGE,US,2009-02-06,AFWTR,,4744495,288893067,0 NOAA 19,1 33591U 09005A   25152.13352733  .00000197  00000-0  12892-3 0  9999,2 33591  98.9976 216.7905 0014177  32.1170 328.0863 14.13369877840916
3.0,GENERATED VIA SPACE-TRACK.ORG API,2025-06-01 14:56:34+00:00,18 SPCS,NOAA 19,2009-005A,EARTH,TEME,UTC,SGP4,2025-06-01 11:41:58.824960+00:00,14.13372028,0.00141610,98.9976,217.1465,31.1653,329.0356,0,U,33591,999,84096,0.00028318000000,0.00000487,0.0000000000000,7225.993,101.884,858.090,837.625,PAYLOAD,LARGE,US,2009-02-06,AFWTR,,4744821,288901774,0 NOAA 19,1 33591U 09005A   25152.48748640  .00000487  00000-0  28318-3 0  9995,2 33591  98.9976 217.1465 0014161  31.1653 329.0356 14.13372028840965
3.0,GENERATED VIA SPACE-TRACK.ORG API,2025-06-01 17:42:04+00:00,18 SPCS,NOAA 19,2009-005A,EARTH,TEME,UTC,SGP4,2025-06-01 13:23:55.252032+00:00,14.13372114,0.00141580,98.9975,217.2177,30.9738,329.2266,0,U,33591,999,84071,0.00028406000000,0.00000489,0.0000000000000,7225.992,101.884,858.088,837.627,PAYLOAD,LARGE,US,2009-02-06,AFWTR,,4744985,288915568,0 NOAA 19,1 33591U 09005A   25152.55827838  .00000489  00000-0  28406-3 0  9990,2 33591  98.9975 217.2177 0014158  30.9738 329.2266 14.13372114840713
3.0,GENERATED VIA SPACE-TRACK.ORG API,2025-06-01 23:06:27+00:00,18 SPCS,NOAA 19,2009-005A,EARTH,TEME,UTC,SGP4,2025-06-01 20:11:41.087328+00:00,14.13370638,0.00141440,98.9975,217.5025,30.2020,329.9964,0,U,33591,999,84101,0.00015623000000,0.00000248,0.0000000000000,7225.997,101.884,858.083,837.642,PAYLOAD,LARGE,US,2009-02-06,AFWTR,,4745281,288942033,0 NOAA 19,1 33591U 09005A   25152.84144777  .00000248  00000-0  15623-3 0  9996,2 33591  98.9975 217.5025 0014144  30.2020 329.9964 14.13370638841015
3.0,GENERATED VIA SPACE-TRACK.ORG API,2025-06-02 02:51:20+00:00,18 SPCS,NOAA 19,2009-005A,EARTH,TEME,UTC,SGP4,2025-06-01 20:11:41.087328+00:00,14.13370638,0.00141440,98.9975,217.5025,30.2020,329.9964,0,U,33591,999,84075,0.00015623000000,0.00000248,0.0000000000000,7225.997,101.884,858.083,837.642,PAYLOAD,LARGE,US,2009-02-06,AFWTR,,4745409,288956271,0 NOAA 19,1 33591U 09005A   25152.84144777  .00000248  00000-0  15623-3 0  9996,2 33591  98.9975 217.5025 0014144  30.2020 329.9964 14.13370638840755
3.0,GENERATED VIA SPACE-TRACK.ORG API,2025-06-02 07:06:35+00:00,18 SPCS,NOAA 19,2009-005A,EARTH,TEME,UTC,SGP4,2025-06-02 04:41:23.259840+00:00,14.13370791,0.00141290,98.9975,217.8584,29.2562,330.9398,0,U,33591,999,84106,0.00014995000000,0.00000236,0.0000000000000,7225.997,101.884,858.071,837.652,PAYLOAD,LARGE,US,2009-02-06,AFWTR,,4745667,288982570,0 NOAA 19,1 33591U 09005A   25153.19540810  .00000236  00000-0  14995-3 0  9991,2 33591  98.9975 217.8584 0014129  29.2562 330.9398 14.13370791841068
3.0,GENERATED VIA SPACE-TRACK.ORG API,2025-06-02 14:46:20+00:00,18 SPCS,NOAA 19,2009-005A,EARTH,TEME,UTC,SGP4,2025-06-02 11:29:08.984544+00:00,14.13371000,0.00141150,98.9975,218.1432,28.5027,331.6914,0,U,33591,999,84110,0.00015157000000,0.00000240,0.0000000000000,7225.996,101.884,858.061,837.662,PAYLOAD,LARGE,US,2009-02-06,AFWTR,,4745997,288990343,0 NOAA 19,1 33591U 09005A   25153.47857621  .00000240  00000-0  15157-3 0  9999,2 33591  98.9975 218.1432 0014115  28.5027 331.6914 14.13371000841108
3.0,GENERATED VIA SPACE-TRACK.ORG API,2025-06-02 22:56:37+00:00,18 SPCS,NOAA 19,2009-005A,EARTH,TEME,UTC,SGP4,2025-06-02 19:58:51.142368+00:00,14.13371104,0.00140970,98.9975,218.4991,27.5211,332.6704,0,U,33591,999,84115,0.00014165000000,0.00000221,0.0000000000000,7225.996,101.884,858.047,837.674,PAYLOAD,LARGE,US,2009-02-06,AFWTR,,4746406,288998494,0 NOAA 19,1 33591U 09005A   25153.83253637  .00000221  00000-0  14165-3 0  9993,2 33591  98.9975 218.4991 0014097  27.5211 332.6704 14.13371104841152
3.0,GENERATED VIA SPACE-TRACK.ORG API,2025-06-03 07:06:47+00:00,18 SPCS,NOAA 19,2009-005A,EARTH,TEME,UTC,SGP4,2025-06-03 04:28:33.290688+00:00,14.13371414,0.00140820,98.9974,218.8551,26.5716,333.6175,0,U,33591,999,84120,0.00015267000000,0.00000242,0.0000000000000,7225.995,101.884,858.035,837.684,PAYLOAD,LARGE,US,2009-02-06,AFWTR,,4746752,289007172,0 NOAA 19,1 33591U 09005A   25154.18649642  .00000242  00000-0  15267-3 0  9994,2 33591  98.9974 218.8551 0014082  26.5716 333.6175 14.13371414841203
3.0,GENERATED VIA SPACE-TRACK.ORG API,2025-06-03 14:56:17+00:00,18 SPCS,NOAA 19,2009-005A,EARTH,TEME,UTC,SGP4,2025-06-03 11:16:19.010208+00:00,14.13371525,0.00140740,98.9974,219.1399,25.8080,334.3791,0,U,33591,999,84124,0.00014972000000,0.00000236,0.0000000000000,7225.994,101.884,858.029,837.689,PAYLOAD,LARGE,US,2009-02-06,AFWTR,,4747112,289016218,0 NOAA 19,1 33591U 09005A   25154.46966447  .00000236  00000-0  14972-3 0  9995,2 33591  98.9974 219.1399 0014074  25.8080 334.3791 14.13371525841243
3.0,GENERATED VIA SPACE-TRACK.ORG API,2025-06-03 20:24:54+00:00,18 SPCS,NOAA 19,2009-005A,EARTH,TEME,UTC,SGP4,2025-06-03 14:40:11.858304+00:00,14.13371792,0.00140680,98.9974,219.2822,25.4270,334.7592,0,U,33591,999,84100,0.00016363000000,0.00000262,0.0000000000000,7225.993,101.884,858.024,837.693,PAYLOAD,LARGE,US,2009-02-06,AFWTR,,4747294,289030185,0 NOAA 19,1 33591U 09005A   25154.61124836  .00000262  00000-0  16363-3 0  9995,2 33591  98.9974 219.2822 0014068  25.4270 334.7592 14.13371792841008
3.0,GENERATED VIA SPACE-TRACK.ORG API,2025-06-03 22:56:20+00:00,18 SPCS,NOAA 19,2009-005A,EARTH,TEME,UTC,SGP4,2025-06-03 19:46:01.156800+00:00,14.13371624,0.00140580,98.9974,219.4958,24.8224,335.3621,0,U,33591,999,84129,0.00014198000000,0.00000221,0.0000000000000,7225.994,101.884,858.017,837.701,PAYLOAD,LARGE,US,2009-02-06,AFWTR,,4747504,289055452,0 NOAA 19,1 33591U 09005A   25154.82362450  .00000221  00000-0  14198-3 0  9993,2 33591  98.9974 219.4958 0014058  24.8224 335.3621 14.13371624841296
3.0,GENERATED VIA SPACE-TRACK.ORG API,2025-06-04 07:06:35+00:00,18 SPCS,NOAA 19,2009-005A,EARTH,TEME,UTC,SGP4,2025-06-04 04:15:43.309440+00:00,14.13371607,0.00140370,98.9973,219.8518,23.8247,336.3572,0,U,33591,999,84134,0.00012540000000,0.00000190,0.0000000000000,7225.994,101.884,858.002,837.716,PAYLOAD,LARGE,US,2009-02-06,AFWTR,,4747920,289064246,0 NOAA 19,1 33591U 09005A   25155.17758460  .00000190  00000-0  12540-3 0  9996,2 33591  98.9973 219.8518 0014037  23.8247 336.3572 14.13371607841345
3.0,GENERATED VIA SPACE-TRACK.ORG API,2025-06-04 15:06:27+00:00,18 SPCS,NOAA 19,2009-005A,EARTH,TEME,UTC,SGP4,2025-06-04 09:21:32.591520+00:00,14.13371703,0.00140250,98.9973,220.0654,23.2451,336.9353,0,U,33591,999,84137,0.00012637000000,0.00000192,0.0000000000000,7225.994,101.884,857.993,837.724,PAYLOAD,LARGE,US,2009-02-06,AFWTR,,4748272,289073227,0 NOAA 19,1 33591U 09005A   25155.38996055  .00000192  00000-0  12637-3 0  9992,2 33591  98.9973 220.0654 0014025  23.2451 336.9353 14.13371703841371
3.0,GENERATED VIA SPACE-TRACK.ORG API,2025-06-04 17:45:46+00:00,18 SPCS,NOAA 19,2009-005A,EARTH,TEME,UTC,SGP4,2025-06-04 12:45:25.442208+00:00,14.13371875,0.00140140,98.9973,220.2078,22.8499,337.3294,0,U,33591,999,84113,0.00013574000000,0.00000210,0.0000000000000,7225.993,101.884,857.985,837.732,PAYLOAD,LARGE,US,2009-02-06,AFWTR,,4748405,289087502,0 NOAA 19,1 33591U 09005A   25155.53154447  .00000210  00000-0  13574-3 0  9992,2 33591  98.9973 220.2078 0014014  22.8499 337.3294 14.13371875841131
3.0,GENERATED VIA SPACE-TRACK.ORG API,2025-06-04 22:56:19+00:00,18 SPCS,NOAA 19,2009-005A,EARTH,TEME,UTC,SGP4,2025-06-04 19:33:11.140128+00:00,14.13372080,0.00140000,98.9973,220.4925,22.0367,338.1404,0,U,33591,999,84143,0.00014048000000,0.00000219,0.0000000000000,7225.992,101.884,857.974,837.741,PAYLOAD,LARGE,US,2009-02-06,AFWTR,,4748610,289141105,0 NOAA 19,1 33591U 09005A   25155.81471227  .00000219  00000-0  14048-3 0  9997,2 33591  98.9973 220.4925 0014000  22.0367 338.1404 14.13372080841439
3.0,GENERATED VIA SPACE-TRACK.ORG API,2025-06-05 03:46:26+00:00,18 SPCS,NOAA 19,2009-005A,EARTH,TEME,UTC,SGP4,2025-06-04 21:15:07.565472+00:00,14.13372102,0.00139950,98.9973,220.5637,21.8378,338.3388,0,U,33591,999,84118,0.00013908000000,0.00000216,0.0000000000000,7225.992,101.884,857.970,837.745,PAYLOAD,LARGE,US,2009-02-06,AFWTR,,4748683,289153532,0 NOAA 19,1 33591U 09005A   25155.88550423  .00000216  00000-0  13908-3 0  9991,2 33591  98.9973 220.5637 0013995  21.8378 338.3388 14.13372102841181
3.0,GENERATED VIA SPACE-TRACK.ORG API,2025-06-05 07:06:51+00:00,18 SPCS,NOAA 19,2009-005A,EARTH,TEME,UTC,SGP4,2025-06-05 04:02:53.272032+00:00,14.13372208,0.00139830,98.9973,220.8484,21.0283,339.1462,0,U,33591,999,84148,0.00013507000000,0.00000209,0.0000000000000,7225.992,101.884,857.961,837.753,PAYLOAD,LARGE,US,2009-02-06,AFWTR,,4748929,289178996,0 NOAA 19,1 33591U 09005A   25156.16867213  .00000209  00000-0  13507-3 0  9998,2 33591  98.9973 220.8484 0013983  21.0283 339.1462 14.13372208841480
3.0,GENERATED VIA SPACE-TRACK.ORG API,2025-06-05 18:09:31+00:00,18 SPCS,NOAA 19,2009-005A,EARTH,TEME,UTC,SGP4,2025-06-05 12:32:35.400480+00:00,14.13372301,0.00139600,98.9973,221.2044,20.0615,340.1102,0,U,33591,999,84127,0.00012584000000,0.00000191,0.0000000000000,7225.992,101.884,857.944,837.769,PAYLOAD,LARGE,US,2009-02-06,AFWTR,,4749058,289192860,0 NOAA 19,1 33591U 09005A   25156.52263195  .00000191  00000-0  12584-3 0  9991,2 33591  98.9973 221.2044 0013960  20.0615 340.1102 14.13372301841274
3.0,GENERATED VIA SPACE-TRACK.ORG API,2025-06-05 20:06:34+00:00,18 SPCS,NOAA 19,2009-005A,EARTH,TEME,UTC,SGP4,2025-06-05 17:38:24.673056+00:00,14.13372407,0.00139500,98.9973,221.4180,19.4586,340.7116,0,U,33591,999,84156,0.00012445000000,0.00000189,0.0000000000000,7225.991,101.884,857.937,837.776,PAYLOAD,LARGE,US,2009-02-06,AFWTR,,4749372,289219994,0 NOAA 19,1 33591U 09005A   25156.73500779  .00000189  00000-0  12445-3 0  9999,2 33591  98.9973 221.4180 0013950  19.4586 340.7116 14.13372407841565
3.0,GENERATED VIA SPACE-TRACK.ORG API,2025-06-05 22:26:18+00:00,18 SPCS,NOAA 19,2009-005A,EARTH,TEME,UTC,SGP4,2025-06-05 19:20:21.093216+00:00,14.13372421,0.00139440,98.9973,221.4891,19.2502,340.9194,0,U,33591,999,84157,0.00012006000000,0.00000180,0.0000000000000,7225.991,101.884,857.932,837.780,PAYLOAD,LARGE,US,2009-02-06,AFWTR,,4749557,289224002,0 NOAA 19,1 33591U 09005A   25156.80579969  .00000180  00000-0  12006-3 0  9998,2 33591  98.9973 221.4891 0013944  19.2502 340.9194 14.13372421841578
3.0,GENERATED VIA SPACE-TRACK.ORG API,2025-06-06 02:36:18+00:00,18 SPCS,NOAA 19,2009-005A,EARTH,TEME,UTC,SGP4,2025-06-06 00:26:10.364064+00:00,14.13372512,0.00139300,98.9972,221.7027,18.6388,341.5292,0,U,33591,999,84160,0.00011827000000,0.00000177,0.0000000000000,7225.991,101.884,857.922,837.790,PAYLOAD,LARGE,US,2009-02-06,AFWTR,,4749628,289225779,0 NOAA 19,1 33591U 09005A   25157.01817551  .00000177  00000-0  11827-3 0  9990,2 33591  98.9972 221.7027 0013930  18.6388 341.5292 14.13372512841602
3.0,GENERATED VIA SPACE-TRACK.ORG API,2025-06-06 02:38:26+00:00,18 SPCS,NOAA 19,2009-005A,EARTH,TEME,UTC,SGP4,2025-06-05 21:02:17.517696+00:00,14.13372438,0.00139390,98.9973,221.5603,19.0420,341.1270,0,U,33591,999,84132,0.00011836000000,0.00000177,0.0000000000000,7225.991,101.884,857.929,837.784,PAYLOAD,LARGE,US,2009-02-06,AFWTR,,4749655,289237496,0 NOAA 19,1 33591U 09005A   25156.87659164  .00000177  00000-0  11836-3 0  9997,2 33591  98.9973 221.5603 0013939  19.0420 341.1270 14.13372438841320
3.0,GENERATED VIA SPACE-TRACK.ORG API,2025-06-06 06:26:20+00:00,18 SPCS,NOAA 19,2009-005A,EARTH,TEME,UTC,SGP4,2025-06-06 03:50:03.209568+00:00,14.13372597,0.00139220,98.9972,221.8451,18.2303,341.9365,0,U,33591,999,84162,0.00011805000000,0.00000177,0.0000000000000,7225.991,101.884,857.916,837.796,PAYLOAD,LARGE,US,2009-02-06,AFWTR,,4749727,289258635,0 NOAA 19,1 33591U 09005A   25157.15975937  .00000177  00000-0  11805-3 0  9994,2 33591  98.9972 221.8451 0013922  18.2303 341.9365 14.13372597841628
3.0,GENERATED VIA SPACE-TRACK.ORG API,2025-06-06 12:36:20+00:00,18 SPCS,NOAA 19,2009-005A,EARTH,TEME,UTC,SGP4,2025-06-06 10:37:48.905760+00:00,14.13372697,0.00139050,98.9973,222.1298,17.4380,342.7266,0,U,33591,999,84166,0.00011497000000,0.00000171,0.0000000000000,7225.990,101.884,857.903,837.808,PAYLOAD,LARGE,US,2009-02-06,AFWTR,,4749968,289263557,0 NOAA 19,1 33591U 09005A   25157.44292715  .00000171  00000-0  11497-3 0  9993,2 33591  98.9973 222.1298 0013905  17.4380 342.7266 14.13372697841663
3.0,GENERATED VIA SPACE-TRACK.ORG API,2025-06-06 14:36:19+00:00,18 SPCS,NOAA 19,2009-005A,EARTH,TEME,UTC,SGP4,2025-06-06 12:19:45.327648+00:00,14.13372758,0.00138980,98.9973,222.2010,17.2351,342.9290,0,U,33591,999,84167,0.00011594000000,0.00000173,0.0000000000000,7225.990,101.884,857.898,837.812,PAYLOAD,LARGE,US,2009-02-06,AFWTR,,4750107,289266749,0 NOAA 19,1 33591U 09005A   25157.51371907  .00000173  00000-0  11594-3 0  9992,2 33591  98.9973 222.2010 0013898  17.2351 342.9290 14.13372758841671
3.0,GENERATED VIA SPACE-TRACK.ORG API,2025-06-06 19:12:26+00:00,18 SPCS,NOAA 19,2009-005A,EARTH,TEME,UTC,SGP4,2025-06-06 14:01:41.750400+00:00,14.13372800,0.00138930,98.9973,222.2722,17.0340,343.1296,0,U,33591,999,84142,0.00011499000000,0.00000171,0.0000000000000,7225.990,101.884,857.894,837.816,PAYLOAD,LARGE,US,2009-02-06,AFWTR,,4750170,289278640,0 NOAA 19,1 33591U 09005A   25157.58451100  .00000171  00000-0  11499-3 0  9995,2 33591  98.9973 222.2722 0013893  17.0340 343.1296 14.13372800841422
3.0,GENERATED VIA SPACE-TRACK.ORG API,2025-06-06 23:06:33+00:00,18 SPCS,NOAA 19,2009-005A,EARTH,TEME,UTC,SGP4,2025-06-06 19:07:31.013472+00:00,14.13372890,0.00138860,98.9972,222.4857,16.4333,343.7287,0,U,33591,999,84171,0.00011268000000,0.00000166,0.0000000000000,7225.990,101.884,857.889,837.821,PAYLOAD,LARGE,US,2009-02-06,AFWTR,,4750481,289304854,0 NOAA 19,1 33591U 09005A   25157.79688673  .00000166  00000-0  11268-3 0  9993,2 33591  98.9972 222.4857 0013886  16.4333 343.7287 14.13372890841716
3.0,GENERATED VIA SPACE-TRACK.ORG API,2025-06-07 03:37:01+00:00,18 SPCS,NOAA 19,2009-005A,EARTH,TEME,UTC,SGP4,2025-06-06 22:31:23.856384+00:00,14.13372950,0.00138750,98.9972,222.6281,16.0361,344.1247,0,U,33591,999,84147,0.00011128000000,0.00000164,0.0000000000000,7225.989,101.884,857.881,837.828,PAYLOAD,LARGE,US,2009-02-06,AFWTR,,4750555,289317983,0 NOAA 19,1 33591U 09005A   25157.93847056  .00000164  00000-0  11128-3 0  9994,2 33591  98.9972 222.6281 0013875  16.0361 344.1247 14.13372950841475
3.0,GENERATED VIA SPACE-TRACK.ORG API,2025-06-07 06:46:36+00:00,18 SPCS,NOAA 19,2009-005A,EARTH,TEME,UTC,SGP4,2025-06-07 03:37:13.122048+00:00,14.13373060,0.00138650,98.9972,222.8417,15.4240,344.7351,0,U,33591,999,84176,0.00011034000000,0.00000162,0.0000000000000,7225.989,101.884,857.873,837.835,PAYLOAD,LARGE,US,2009-02-06,AFWTR,,4750707,289340590,0 NOAA 19,1 33591U 09005A   25158.15084632  .00000162  00000-0  11034-3 0  9996,2 33591  98.9972 222.8417 0013865  15.4240 344.7351 14.13373060841763
3.0,GENERATED VIA SPACE-TRACK.ORG API,2025-06-07 14:46:21+00:00,18 SPCS,NOAA 19,2009-005A,EARTH,TEME,UTC,SGP4,2025-06-07 12:06:55.224576+00:00,14.13373325,0.00138430,98.9972,223.1976,14.4374,345.7190,0,U,33591,999,84181,0.00011880000000,0.00000178,0.0000000000000,7225.988,101.884,857.856,837.850,PAYLOAD,LARGE,US,2009-02-06,AFWTR,,4751013,289349251,0 NOAA 19,1 33591U 09005A   25158.50480584  .00000178  00000-0  11880-3 0  9997,2 33591  98.9972 223.1976 0013843  14.4374 345.7190 14.13373325841812
3.0,GENERATED VIA SPACE-TRACK.ORG API,2025-06-07 18:31:59+00:00,18 SPCS,NOAA 19,2009-005A,EARTH,TEME,UTC,SGP4,2025-06-07 13:48:51.644736+00:00,14.13373362,0.00138380,98.9972,223.2688,14.2402,345.9157,0,U,33591,999,84156,0.00011739000000,0.00000175,0.0000000000000,7225.988,101.884,857.852,837.854,PAYLOAD,LARGE,US,2009-02-06,AFWTR,,4751106,289361776,0 NOAA 19,1 33591U 09005A   25158.57559774  .00000175  00000-0  11739-3 0  9992,2 33591  98.9972 223.2688 0013838  14.2402 345.9157 14.13373362841565
3.0,GENERATED VIA SPACE-TRACK.ORG API,2025-06-07 23:06:25+00:00,18 SPCS,NOAA 19,2009-005A,EARTH,TEME,UTC,SGP4,2025-06-07 20:36:37.318464+00:00,14.13373529,0.00138230,98.9972,223.5536,13.4362,346.7175,0,U,33591,999,84186,0.00011973000000,0.00000180,0.0000000000000,7225.987,101.884,857.841,837.864,PAYLOAD,LARGE,US,2009-02-06,AFWTR,,4751381,289418580,0 NOAA 19,1 33591U 09005A   25158.85876526  .00000180  00000-0  11973-3 0  9996,2 33591  98.9972 223.5536 0013823  13.4362 346.7175 14.13373529841867
3.0,GENERATED VIA SPACE-TRACK.ORG API,2025-06-08 04:18:45+00:00,18 SPCS,NOAA 19,2009-005A,EARTH,TEME,UTC,SGP4,2025-06-07 22:18:33.736896+00:00,14.13373560,0.00138170,98.9972,223.6247,13.2342,346.9190,0,U,33591,999,84161,0.00011790000000,0.00000176,0.0000000000000,7225.987,101.884,857.837,837.868,PAYLOAD,LARGE,US,2009-02-06,AFWTR,,4751523,289431568,0 NOAA 19,1 33591U 09005A   25158.92955714  .00000176  00000-0  11790-3 0  9993,2 33591  98.9972 223.6247 0013817  13.2342 346.9190 14.13373560841613
3.0,GENERATED VIA SPACE-TRACK.ORG API,2025-06-08 06:56:17+00:00,18 SPCS,NOAA 19,2009-005A,EARTH,TEME,UTC,SGP4,2025-06-08 03:24:22.992192+00:00,14.13373795,0.00138090,98.9972,223.8383,12.6469,347.5047,0,U,33591,999,84190,0.00012887000000,0.00000197,0.0000000000000,7225.987,101.884,857.830,837.873,PAYLOAD,LARGE,US,2009-02-06,AFWTR,,4751731,289456776,0 NOAA 19,1 33591U 09005A   25159.14193278  .00000197  00000-0  12887-3 0  9998,2 33591  98.9972 223.8383 0013809  12.6469 347.5047 14.13373795841900
3.0,GENERATED VIA SPACE-TRACK.ORG API,2025-06-08 14:46:19+00:00,18 SPCS,NOAA 19,2009-005A,EARTH,TEME,UTC,SGP4,2025-06-08 11:54:05.091264+00:00,14.13373913,0.00137900,98.9972,224.1943,11.6916,348.4574,0,U,33591,999,84195,0.00012455000000,0.00000189,0.0000000000000,7225.986,101.884,857.816,837.887,PAYLOAD,LARGE,US,2009-02-06,AFWTR,,4752029,289463494,0 NOAA 19,1 33591U 09005A   25159.49589226  .00000189  00000-0  12455-3 0  9990,2 33591  98.9972 224.1943 0013790  11.6916 348.4574 14.13373913841953
3.0,GENERATED VIA SPACE-TRACK.ORG API,2025-06-08 17:55:41+00:00,18 SPCS,NOAA 19,2009-005A,EARTH,TEME,UTC,SGP4,2025-06-08 11:54:05.091264+00:00,14.13373913,0.00137900,98.9972,224.1943,11.6916,348.4574,0,U,33591,999,84169,0.00012455000000,0.00000189,0.0000000000000,7225.986,101.884,857.816,837.887,PAYLOAD,LARGE,US,2009-02-06,AFWTR,,4752121,289476873,0 NOAA 19,1 33591U 09005A   25159.49589226  .00000189  00000-0  12455-3 0  9990,2 33591  98.9972 224.1943 0013790  11.6916 348.4574 14.13373913841694
3.0,GENERATED VIA SPACE-TRACK.ORG API,2025-06-08 22:36:17+00:00,18 SPCS,NOAA 19,2009-005A,EARTH,TEME,UTC,SGP4,2025-06-08 16:59:54.346560+00:00,14.13374002,0.00137790,98.9972,224.4078,11.0794,349.0679,0,U,33591,999,84198,0.00012025000000,0.00000181,0.0000000000000,7225.986,101.884,857.808,837.894,PAYLOAD,LARGE,US,2009-02-06,AFWTR,,4752209,289498010,0 NOAA 19,1 33591U 09005A   25159.70826790  .00000181  00000-0  12025-3 0  9999,2 33591  98.9972 224.4078 0013779  11.0794 349.0679 14.13374002841986
3.0,GENERATED VIA SPACE-TRACK.ORG API,2025-06-09 04:21:09+00:00,18 SPCS,NOAA 19,2009-005A,EARTH,TEME,UTC,SGP4,2025-06-08 16:59:54.346560+00:00,14.13374002,0.00137790,98.9972,224.4078,11.0794,349.0679,0,U,33591,999,84172,0.00012025000000,0.00000181,0.0000000000000,7225.986,101.884,857.808,837.894,PAYLOAD,LARGE,US,2009-02-06,AFWTR,,4752310,289511375,0 NOAA 19,1 33591U 09005A   25159.70826790  .00000181  00000-0  12025-3 0  9999,2 33591  98.9972 224.4078 0013779  11.0794 349.0679 14.13374002841728
3.0,GENERATED VIA SPACE-TRACK.ORG API,2025-06-10 03:42:05+00:00,18 SPCS,NOAA 19,2009-005A,EARTH,TEME,UTC,SGP4,2025-06-09 20:10:57.012096+00:00,14.13374511,0.00137260,98.9972,225.5468,7.9634,352.1754,0,U,33591,999,84188,0.00011468000000,0.00000170,0.0000000000000,7225.984,101.884,857.768,837.931,PAYLOAD,LARGE,US,2009-02-06,AFWTR,,4752400,289572580,0 NOAA 19,1 33591U 09005A   25160.84093764  .00000170  00000-0  11468-3 0  9991,2 33591  98.9972 225.5468 0013726   7.9634 352.1754 14.13374511841883
3.0,GENERATED VIA SPACE-TRACK.ORG API,2025-06-10 14:46:19+00:00,18 SPCS,NOAA 19,2009-005A,EARTH,TEME,UTC,SGP4,2025-06-10 09:46:28.340544+00:00,14.13374661,0.00136980,98.9972,226.1163,6.4213,353.7132,0,U,33591,999,84222,0.00010339000000,0.00000149,0.0000000000000,7225.984,101.884,857.747,837.950,PAYLOAD,LARGE,US,2009-02-06,AFWTR,,4752571,289596426,0 NOAA 19,1 33591U 09005A   25161.40727246  .00000149  00000-0  10339-3 0  9995,2 33591  98.9972 226.1163 0013698   6.4213 353.7132 14.13374661842229
3.0,GENERATED VIA SPACE-TRACK.ORG API,2025-06-10 18:46:27+00:00,18 SPCS,NOAA 19,2009-005A,EARTH,TEME,UTC,SGP4,2025-06-10 13:10:21.173088+00:00,14.13374672,0.00136910,98.9972,226.2587,6.0285,354.1049,0,U,33591,999,84198,0.00009922500000,0.00000141,0.0000000000000,7225.984,101.884,857.742,837.956,PAYLOAD,LARGE,US,2009-02-06,AFWTR,,4752668,289609390,0 NOAA 19,1 33591U 09005A   25161.54885617  .00000141  00000-0  99225-4 0  9991,2 33591  98.9972 226.2587 0013691   6.0285 354.1049 14.13374672841984
3.0,GENERATED VIA SPACE-TRACK.ORG API,2025-06-10 22:36:18+00:00,18 SPCS,NOAA 19,2009-005A,EARTH,TEME,UTC,SGP4,2025-06-10 19:58:06.828672+00:00,14.13374801,0.00136830,98.9972,226.5435,5.2203,354.9109,0,U,33591,999,84228,0.00010271000000,0.00000148,0.0000000000000,7225.983,101.884,857.735,837.961,PAYLOAD,LARGE,US,2009-02-06,AFWTR,,4752800,289631194,0 NOAA 19,1 33591U 09005A   25161.83202348  .00000148  00000-0  10271-3 0  9997,2 33591  98.9972 226.5435 0013683   5.2203 354.9109 14.13374801842284
3.0,GENERATED VIA SPACE-TRACK.ORG API,2025-06-11 02:10:05+00:00,18 SPCS,NOAA 19,2009-005A,EARTH,TEME,UTC,SGP4,2025-06-10 21:40:03.243648+00:00,14.13374822,0.00136800,98.9972,226.6147,5.0192,355.1114,0,U,33591,999,84203,0.00010253000000,0.00000147,0.0000000000000,7225.983,101.884,857.733,837.963,PAYLOAD,LARGE,US,2009-02-06,AFWTR,,4752982,289647068,0 NOAA 19,1 33591U 09005A   25161.90281532  .00000147  00000-0  10253-3 0  9996,2 33591  98.9972 226.6147 0013680   5.0192 355.1114 14.13374822842032
3.0,GENERATED VIA SPACE-TRACK.ORG API,2025-06-11 06:56:26+00:00,18 SPCS,NOAA 19,2009-005A,EARTH,TEME,UTC,SGP4,2025-06-11 04:27:48.894912+00:00,14.13374995,0.00136630,98.9972,226.8995,4.1938,355.9346,0,U,33591,999,84233,0.00010700000000,0.00000156,0.0000000000000,7225.983,101.884,857.720,837.975,PAYLOAD,LARGE,US,2009-02-06,AFWTR,,4753133,289669730,0 NOAA 19,1 33591U 09005A   25162.18598258  .00000156  00000-0  10700-3 0  9990,2 33591  98.9972 226.8995 0013663   4.1938 355.9346 14.13374995842333
3.0,GENERATED VIA SPACE-TRACK.ORG API,2025-06-11 14:56:38+00:00,18 SPCS,NOAA 19,2009-005A,EARTH,TEME,UTC,SGP4,2025-06-11 11:15:34.547904+00:00,14.13375090,0.00136460,98.9972,227.1842,3.3962,356.7300,0,U,33591,999,84237,0.00010786000000,0.00000157,0.0000000000000,7225.982,101.884,857.708,837.987,PAYLOAD,LARGE,US,2009-02-06,AFWTR,,4753452,289678589,0 NOAA 19,1 33591U 09005A   25162.46914986  .00000157  00000-0  10786-3 0  9996,2 33591  98.9972 227.1842 0013646   3.3962 356.7300 14.13375090842377
3.0,GENERATED VIA SPACE-TRACK.ORG API,2025-06-11 19:05:57+00:00,18 SPCS,NOAA 19,2009-005A,EARTH,TEME,UTC,SGP4,2025-06-11 12:57:30.962016+00:00,14.13375086,0.00136410,98.9972,227.2554,3.2018,356.9239,0,U,33591,999,84212,0.00010472000000,0.00000151,0.0000000000000,7225.982,101.884,857.704,837.990,PAYLOAD,LARGE,US,2009-02-06,AFWTR,,4753611,289692058,0 NOAA 19,1 33591U 09005A   25162.53994169  .00000151  00000-0  10472-3 0  9991,2 33591  98.9972 227.2554 0013641   3.2018 356.9239 14.13375086842125
3.0,GENERATED VIA SPACE-TRACK.ORG API,2025-06-11 23:16:18+00:00,18 SPCS,NOAA 19,2009-005A,EARTH,TEME,UTC,SGP4,2025-06-11 19:45:16.606368+00:00,14.13375260,0.00136270,98.9971,227.5402,2.3589,357.7645,0,U,33591,999,84242,0.00011362000000,0.00000168,0.0000000000000,7225.982,101.884,857.693,838.000,PAYLOAD,LARGE,US,2009-02-06,AFWTR,,4753779,289716003,0 NOAA 19,1 33591U 09005A   25162.82310887  .00000168  00000-0  11362-3 0  9999,2 33591  98.9971 227.5402 0013627   2.3589 357.7645 14.13375260842423
3.0,GENERATED VIA SPACE-TRACK.ORG API,2025-06-12 02:20:09+00:00,18 SPCS,NOAA 19,2009-005A,EARTH,TEME,UTC,SGP4,2025-06-11 21:27:13.018752+00:00,14.13375289,0.00136260,98.9971,227.6114,2.1633,357.9596,0,U,33591,999,84217,0.00011525000000,0.00000171,0.0000000000000,7225.981,101.884,857.693,838.000,PAYLOAD,LARGE,US,2009-02-06,AFWTR,,4753905,289729506,0 NOAA 19,1 33591U 09005A   25162.89390068  .00000171  00000-0  11525-3 0  9990,2 33591  98.9971 227.6114 0013626   2.1633 357.9596 14.13375289842171
3.0,GENERATED VIA SPACE-TRACK.ORG API,2025-06-12 06:36:25+00:00,18 SPCS,NOAA 19,2009-005A,EARTH,TEME,UTC,SGP4,2025-06-12 04:14:58.662240+00:00,14.13375564,0.00136130,98.9971,227.8961,1.3555,358.7651,0,U,33591,999,84247,0.00012931000000,0.00000198,0.0000000000000,7225.981,101.884,857.682,838.009,PAYLOAD,LARGE,US,2009-02-06,AFWTR,,4754013,289751007,0 NOAA 19,1 33591U 09005A   25163.17706785  .00000198  00000-0  12931-3 0  9990,2 33591  98.9971 227.8961 0013613   1.3555 358.7651 14.13375564842473
3.0,GENERATED VIA SPACE-TRACK.ORG API,2025-06-12 15:06:18+00:00,18 SPCS,NOAA 19,2009-005A,EARTH,TEME,UTC,SGP4,2025-06-12 12:44:40.712928+00:00,14.13375711,0.00135890,98.9971,228.2521,0.3328,359.7851,0,U,33591,999,84252,0.00012959000000,0.00000198,0.0000000000000,7225.980,101.884,857.664,838.026,PAYLOAD,LARGE,US,2009-02-06,AFWTR,,4754407,289761077,0 NOAA 19,1 33591U 09005A   25163.53102677  .00000198  00000-0  12959-3 0  9990,2 33591  98.9971 228.2521 0013589   0.3328 359.7851 14.13375711842522
3.0,GENERATED VIA SPACE-TRACK.ORG API,2025-06-12 22:56:19+00:00,18 SPCS,NOAA 19,2009-005A,EARTH,TEME,UTC,SGP4,2025-06-12 19:32:26.351232+00:00,14.13375842,0.00135750,98.9971,228.5369,359.5099,0.6058,0,U,33591,999,84256,0.00012988000000,0.00000199,0.0000000000000,7225.980,101.884,857.654,838.035,PAYLOAD,LARGE,US,2009-02-06,AFWTR,,4754807,289769703,0 NOAA 19,1 33591U 09005A   25163.81419388  .00000199  00000-0  12988-3 0  9994,2 33591  98.9971 228.5369 0013575 359.5099   0.6058 14.13375842842564
3.0,GENERATED VIA SPACE-TRACK.ORG API,2025-06-13 02:45:52+00:00,18 SPCS,NOAA 19,2009-005A,EARTH,TEME,UTC,SGP4,2025-06-12 21:14:22.761024+00:00,14.13375869,0.00135720,98.9971,228.6081,359.3038,0.8112,0,U,33591,999,84231,0.00013019000000,0.00000199,0.0000000000000,7225.980,101.884,857.652,838.037,PAYLOAD,LARGE,US,2009-02-06,AFWTR,,4754891,289783006,0 NOAA 19,1 33591U 09005A   25163.88498566  .00000199  00000-0  13019-3 0  9992,2 33591  98.9971 228.6081 0013572 359.3038   0.8112 14.13375869842319
3.0,GENERATED VIA SPACE-TRACK.ORG API,2025-06-13 06:46:18+00:00,18 SPCS,NOAA 19,2009-005A,EARTH,TEME,UTC,SGP4,2025-06-13 04:02:08.399328+00:00,14.13375988,0.00135610,98.9971,228.8928,358.5003,1.6126,0,U,33591,999,84261,0.00012659000000,0.00000193,0.0000000000000,7225.979,101.884,857.643,838.045,PAYLOAD,LARGE,US,2009-02-06,AFWTR,,4755047,289806691,0 NOAA 19,1 33591U 09005A   25164.16815277  .00000193  00000-0  12659-3 0  9999,2 33591  98.9971 228.8928 0013561 358.5003   1.6126 14.13375988842611
3.0,GENERATED VIA SPACE-TRACK.ORG API,2025-06-13 14:56:33+00:00,18 SPCS,NOAA 19,2009-005A,EARTH,TEME,UTC,SGP4,2025-06-13 12:31:50.401632+00:00,14.13376692,0.00135360,98.9971,229.2488,357.4685,2.6416,0,U,33591,999,84266,0.00016534000000,0.00000265,0.0000000000000,7225.977,101.884,857.623,838.061,PAYLOAD,LARGE,US,2009-02-06,AFWTR,,4755365,289813850,0 NOAA 19,1 33591U 09005A   25164.52211113  .00000265  00000-0  16534-3 0  9994,2 33591  98.9971 229.2488 0013536 357.4685   2.6416 14.13376692842664
3.0,GENERATED VIA SPACE-TRACK.ORG API,2025-06-13 17:30:48+00:00,18 SPCS,NOAA 19,2009-005A,EARTH,TEME,UTC,SGP4,2025-06-13 14:13:46.807104+00:00,14.13376736,0.00135310,98.9971,229.3199,357.2632,2.8464,0,U,33591,999,84241,0.00016481000000,0.00000264,0.0000000000000,7225.977,101.884,857.619,838.064,PAYLOAD,LARGE,US,2009-02-06,AFWTR,,4755476,289826561,0 NOAA 19,1 33591U 09005A   25164.59290286  .00000264  00000-0  16481-3 0  9999,2 33591  98.9971 229.3199 0013531 357.2632   2.8464 14.13376736842416
3.0,GENERATED VIA SPACE-TRACK.ORG API,2025-06-13 23:06:20+00:00,18 SPCS,NOAA 19,2009-005A,EARTH,TEME,UTC,SGP4,2025-06-13 19:19:36.033888+00:00,14.13376756,0.00135220,98.9971,229.5335,356.6503,3.4577,0,U,33591,999,84270,0.00015712000000,0.00000250,0.0000000000000,7225.976,101.884,857.612,838.071,PAYLOAD,LARGE,US,2009-02-06,AFWTR,,4755774,289853124,0 NOAA 19,1 33591U 09005A   25164.80527817  .00000250  00000-0  15712-3 0  9997,2 33591  98.9971 229.5335 0013522 356.6503   3.4577 14.13376756842706
3.0,GENERATED VIA SPACE-TRACK.ORG API,2025-06-14 02:50:29+00:00,18 SPCS,NOAA 19,2009-005A,EARTH,TEME,UTC,SGP4,2025-06-13 21:01:32.441088+00:00,14.13376766,0.00135200,98.9970,229.6047,356.4537,3.6537,0,U,33591,999,84245,0.00015453000000,0.00000245,0.0000000000000,7225.976,101.884,857.611,838.072,PAYLOAD,LARGE,US,2009-02-06,AFWTR,,4755872,289866456,0 NOAA 19,1 33591U 09005A   25164.87606992  .00000245  00000-0  15453-3 0  9992,2 33591  98.9970 229.6047 0013520 356.4537   3.6537 14.13376766842450
3.0,GENERATED VIA SPACE-TRACK.ORG API,2025-06-14 07:06:42+00:00,18 SPCS,NOAA 19,2009-005A,EARTH,TEME,UTC,SGP4,2025-06-14 03:49:18.094080+00:00,14.13376599,0.00135050,98.9970,229.8894,355.6627,4.4426,0,U,33591,999,84275,0.00013006000000,0.00000199,0.0000000000000,7225.977,101.884,857.601,838.083,PAYLOAD,LARGE,US,2009-02-06,AFWTR,,4756167,289892459,0 NOAA 19,1 33591U 09005A   25165.15923720  .00000199  00000-0  13006-3 0  9995,2 33591  98.9970 229.8894 0013505 355.6627   4.4426 14.13376599842759
3.0,GENERATED VIA SPACE-TRACK.ORG API,2025-06-14 15:06:32+00:00,18 SPCS,NOAA 19,2009-005A,EARTH,TEME,UTC,SGP4,2025-06-14 12:19:00.125760+00:00,14.13376692,0.00134850,98.9971,230.2453,354.6223,5.4802,0,U,33591,999,84280,0.00011969000000,0.00000180,0.0000000000000,7225.977,101.884,857.586,838.097,PAYLOAD,LARGE,US,2009-02-06,AFWTR,,4756549,289901442,0 NOAA 19,1 33591U 09005A   25165.51319590  .00000180  00000-0  11969-3 0  9995,2 33591  98.9971 230.2453 0013485 354.6223   5.4802 14.13376692842804
3.0,GENERATED VIA SPACE-TRACK.ORG API,2025-06-14 17:19:46+00:00,18 SPCS,NOAA 19,2009-005A,EARTH,TEME,UTC,SGP4,2025-06-14 14:00:56.531232+00:00,14.13376728,0.00134820,98.9970,230.3165,354.4079,5.6940,0,U,33591,999,84255,0.00011894000000,0.00000178,0.0000000000000,7225.977,101.884,857.584,838.100,PAYLOAD,LARGE,US,2009-02-06,AFWTR,,4756652,289916046,0 NOAA 19,1 33591U 09005A   25165.58398763  .00000178  00000-0  11894-3 0  9995,2 33591  98.9970 230.3165 0013482 354.4079   5.6940 14.13376728842555
3.0,GENERATED VIA SPACE-TRACK.ORG API,2025-06-14 22:56:34+00:00,18 SPCS,NOAA 19,2009-005A,EARTH,TEME,UTC,SGP4,2025-06-14 17:24:49.343904+00:00,14.13376763,0.00134750,98.9970,230.4589,353.9944,6.1065,0,U,33591,999,84283,0.00011420000000,0.00000169,0.0000000000000,7225.976,101.884,857.578,838.104,PAYLOAD,LARGE,US,2009-02-06,AFWTR,,4756870,289940734,0 NOAA 19,1 33591U 09005A   25165.72557111  .00000169  00000-0  11420-3 0  9990,2 33591  98.9970 230.4589 0013475 353.9944   6.1065 14.13376763842837
3.0,GENERATED VIA SPACE-TRACK.ORG API,2025-06-15 02:25:53+00:00,18 SPCS,NOAA 19,2009-005A,EARTH,TEME,UTC,SGP4,2025-06-14 20:48:42.153984+00:00,14.13376828,0.00134680,98.9970,230.6013,353.5851,6.5146,0,U,33591,999,84259,0.00011402000000,0.00000169,0.0000000000000,7225.976,101.884,857.573,838.109,PAYLOAD,LARGE,US,2009-02-06,AFWTR,,4756978,289953196,0 NOAA 19,1 33591U 09005A   25165.86715456  .00000169  00000-0  11402-3 0  9993,2 33591  98.9970 230.6013 0013468 353.5851   6.5146 14.13376828842595
3.0,GENERATED VIA SPACE-TRACK.ORG API,2025-06-15 06:46:18+00:00,18 SPCS,NOAA 19,2009-005A,EARTH,TEME,UTC,SGP4,2025-06-15 03:36:27.776736+00:00,14.13376929,0.00134510,98.9970,230.8860,352.7532,7.3443,0,U,33591,999,84289,0.00010834000000,0.00000158,0.0000000000000,7225.976,101.884,857.561,838.121,PAYLOAD,LARGE,US,2009-02-06,AFWTR,,4757119,289976722,0 NOAA 19,1 33591U 09005A   25166.15032149  .00000158  00000-0  10834-3 0  9993,2 33591  98.9970 230.8860 0013451 352.7532   7.3443 14.13376929842890
3.0,GENERATED VIA SPACE-TRACK.ORG API,2025-06-15 14:56:19+00:00,18 SPCS,NOAA 19,2009-005A,EARTH,TEME,UTC,SGP4,2025-06-15 12:06:09.797184+00:00,14.13377088,0.00134290,98.9970,231.2419,351.7310,8.3639,0,U,33591,999,84294,0.00010631000000,0.00000154,0.0000000000000,7225.975,101.884,857.544,838.137,PAYLOAD,LARGE,US,2009-02-06,AFWTR,,4757414,289982142,0 NOAA 19,1 33591U 09005A   25166.50428006  .00000154  00000-0  10631-3 0  9994,2 33591  98.9970 231.2419 0013429 351.7310   8.3639 14.13377088842944
3.0,GENERATED VIA SPACE-TRACK.ORG API,2025-06-15 17:31:50+00:00,18 SPCS,NOAA 19,2009-005A,EARTH,TEME,UTC,SGP4,2025-06-15 13:48:06.200928+00:00,14.13377128,0.00134230,98.9970,231.3131,351.5103,8.5839,0,U,33591,999,84269,0.00010577000000,0.00000153,0.0000000000000,7225.975,101.884,857.540,838.141,PAYLOAD,LARGE,US,2009-02-06,AFWTR,,4757502,289996446,0 NOAA 19,1 33591U 09005A   25166.57507177  .00000153  00000-0  10577-3 0  9996,2 33591  98.9970 231.3131 0013423 351.5103   8.5839 14.13377128842699
3.0,GENERATED VIA SPACE-TRACK.ORG API,2025-06-15 22:36:36+00:00,18 SPCS,NOAA 19,2009-005A,EARTH,TEME,UTC,SGP4,2025-06-15 18:53:55.409568+00:00,14.13377286,0.00134180,98.9970,231.5266,350.9218,9.1709,0,U,33591,999,84298,0.00010998000000,0.00000161,0.0000000000000,7225.975,101.884,857.536,838.144,PAYLOAD,LARGE,US,2009-02-06,AFWTR,,4757607,290018306,0 NOAA 19,1 33591U 09005A   25166.78744687  .00000161  00000-0  10998-3 0  9994,2 33591  98.9970 231.5266 0013418 350.9218   9.1709 14.13377286842984
3.0,GENERATED VIA SPACE-TRACK.ORG API,2025-06-16 02:46:35+00:00,18 SPCS,NOAA 19,2009-005A,EARTH,TEME,UTC,SGP4,2025-06-15 20:35:51.812448+00:00,14.13377320,0.00134150,98.9970,231.5978,350.7212,9.3710,0,U,33591,999,84273,0.00010991000000,0.00000161,0.0000000000000,7225.975,101.884,857.533,838.146,PAYLOAD,LARGE,US,2009-02-06,AFWTR,,4757784,290033287,0 NOAA 19,1 33591U 09005A   25166.85823857  .00000161  00000-0  10991-3 0  9992,2 33591  98.9970 231.5978 0013415 350.7212   9.3710 14.13377320842739
3.0,GENERATED VIA SPACE-TRACK.ORG API,2025-06-16 06:46:20+00:00,18 SPCS,NOAA 19,2009-005A,EARTH,TEME,UTC,SGP4,2025-06-16 03:23:37.423968+00:00,14.13377460,0.00134010,98.9970,231.8826,349.8920,10.1980,0,U,33591,999,84303,0.00010846000000,0.00000158,0.0000000000000,7225.974,101.884,857.523,838.156,PAYLOAD,LARGE,US,2009-02-06,AFWTR,,4757953,290056548,0 NOAA 19,1 33591U 09005A   25167.14140537  .00000158  00000-0  10846-3 0  9997,2 33591  98.9970 231.8826 0013401 349.8920  10.1980 14.13377460843032
3.0,GENERATED VIA SPACE-TRACK.ORG API,2025-06-16 14:56:19+00:00,18 SPCS,NOAA 19,2009-005A,EARTH,TEME,UTC,SGP4,2025-06-16 11:53:19.432320+00:00,14.13377658,0.00133720,98.9970,232.2385,348.8634,11.2240,0,U,33591,999,84308,0.00011054000000,0.00000162,0.0000000000000,7225.973,101.884,857.501,838.176,PAYLOAD,LARGE,US,2009-02-06,AFWTR,,4758331,290065060,0 NOAA 19,1 33591U 09005A   25167.49536380  .00000162  00000-0  11054-3 0  9997,2 33591  98.9970 232.2385 0013372 348.8634  11.2240 14.13377658843080
3.0,GENERATED VIA SPACE-TRACK.ORG API,2025-06-16 17:43:13+00:00,18 SPCS,NOAA 19,2009-005A,EARTH,TEME,UTC,SGP4,2025-06-16 13:35:15.834336+00:00,14.13377701,0.00133680,98.9970,232.3097,348.6524,11.4345,0,U,33591,999,84283,0.00011095000000,0.00000163,0.0000000000000,7225.973,101.884,857.498,838.179,PAYLOAD,LARGE,US,2009-02-06,AFWTR,,4758401,290077524,0 NOAA 19,1 33591U 09005A   25167.56615549  .00000163  00000-0  11095-3 0  9996,2 33591  98.9970 232.3097 0013368 348.6524  11.4345 14.13377701842831
3.0,GENERATED VIA SPACE-TRACK.ORG API,2025-06-16 22:36:18+00:00,18 SPCS,NOAA 19,2009-005A,EARTH,TEME,UTC,SGP4,2025-06-16 20:23:01.435488+00:00,14.13377896,0.00133530,98.9969,232.5944,347.8160,12.2687,0,U,33591,999,84313,0.00012091000000,0.00000182,0.0000000000000,7225.973,101.884,857.486,838.189,PAYLOAD,LARGE,US,2009-02-06,AFWTR,,4758557,290100440,0 NOAA 19,1 33591U 09005A   25167.84932217  .00000182  00000-0  12091-3 0  9999,2 33591  98.9969 232.5944 0013353 347.8160  12.2687 14.13377896843130
3.0,GENERATED VIA SPACE-TRACK.ORG API,2025-06-17 02:20:21+00:00,18 SPCS,NOAA 19,2009-005A,EARTH,TEME,UTC,SGP4,2025-06-16 22:04:57.834912+00:00,14.13377945,0.00133430,98.9969,232.6656,347.6227,12.4616,0,U,33591,999,84288,0.00012233000000,0.00000184,0.0000000000000,7225.972,101.884,857.479,838.196,PAYLOAD,LARGE,US,2009-02-06,AFWTR,,4758702,290115301,0 NOAA 19,1 33591U 09005A   25167.92011383  .00000184  00000-0  12233-3 0  9990,2 33591  98.9969 232.6656 0013343 347.6227  12.4616 14.13377945842882
3.0,GENERATED VIA SPACE-TRACK.ORG API,2025-06-17 06:56:18+00:00,18 SPCS,NOAA 19,2009-005A,EARTH,TEME,UTC,SGP4,2025-06-17 03:10:47.037504+00:00,14.13378068,0.00133350,98.9969,232.8792,347.0187,13.0640,0,U,33591,999,84317,0.00012310000000,0.00000186,0.0000000000000,7225.972,101.884,857.473,838.201,PAYLOAD,LARGE,US,2009-02-06,AFWTR,,4758941,290139770,0 NOAA 19,1 33591U 09005A   25168.13248886  .00000186  00000-0  12310-3 0  9992,2 33591  98.9969 232.8792 0013335 347.0187  13.0640 14.13378068843179
3.0,GENERATED VIA SPACE-TRACK.ORG API,2025-06-17 14:56:20+00:00,18 SPCS,NOAA 19,2009-005A,EARTH,TEME,UTC,SGP4,2025-06-17 11:40:29.040672+00:00,14.13378236,0.00133050,98.9969,233.2351,346.0178,14.0624,0,U,33591,999,84322,0.00012246000000,0.00000185,0.0000000000000,7225.971,101.884,857.451,838.222,PAYLOAD,LARGE,US,2009-02-06,AFWTR,,4759296,290149020,0 NOAA 19,1 33591U 09005A   25168.48644723  .00000185  00000-0  12246-3 0  9997,2 33591  98.9969 233.2351 0013305 346.0178  14.0624 14.13378236843227
3.0,GENERATED VIA SPACE-TRACK.ORG API,2025-06-17 22:36:18+00:00,18 SPCS,NOAA 19,2009-005A,EARTH,TEME,UTC,SGP4,2025-06-17 20:10:11.036064+00:00,14.13378407,0.00132870,98.9969,233.5910,344.9819,15.0956,0,U,33591,999,84327,0.00012121000000,0.00000182,0.0000000000000,7225.971,101.884,857.437,838.235,PAYLOAD,LARGE,US,2009-02-06,AFWTR,,4759566,290153188,0 NOAA 19,1 33591U 09005A   25168.84040551  .00000182  00000-0  12121-3 0  9995,2 33591  98.9969 233.5910 0013287 344.9819  15.0956 14.13378407843273
3.0,GENERATED VIA SPACE-TRACK.ORG API,2025-06-18 03:19:13+00:00,18 SPCS,NOAA 19,2009-005A,EARTH,TEME,UTC,SGP4,2025-06-17 21:52:07.438080+00:00,14.13378420,0.00132920,98.9969,233.6622,344.8066,15.2705,0,U,33591,999,84302,0.00011861000000,0.00000178,0.0000000000000,7225.971,101.884,857.441,838.231,PAYLOAD,LARGE,US,2009-02-06,AFWTR,,4759714,290168625,0 NOAA 19,1 33591U 09005A   25168.91119720  .00000178  00000-0  11861-3 0  9993,2 33591  98.9969 233.6622 0013292 344.8066  15.2705 14.13378420843025
3.0,GENERATED VIA SPACE-TRACK.ORG API,2025-06-18 06:56:17+00:00,18 SPCS,NOAA 19,2009-005A,EARTH,TEME,UTC,SGP4,2025-06-18 04:39:53.034912+00:00,14.13378564,0.00132750,98.9969,233.9470,343.9881,16.0869,0,U,33591,999,84332,0.00011798000000,0.00000176,0.0000000000000,7225.970,101.884,857.428,838.243,PAYLOAD,LARGE,US,2009-02-06,AFWTR,,4759920,290193485,0 NOAA 19,1 33591U 09005A   25169.19436383  .00000176  00000-0  11798-3 0  9998,2 33591  98.9969 233.9470 0013275 343.9881  16.0869 14.13378564843327
3.0,GENERATED VIA SPACE-TRACK.ORG API,2025-06-18 14:56:27+00:00,18 SPCS,NOAA 19,2009-005A,EARTH,TEME,UTC,SGP4,2025-06-18 11:27:38.630880+00:00,14.13378636,0.00132590,98.9969,234.2318,343.1865,16.8866,0,U,33591,999,84336,0.00011204000000,0.00000165,0.0000000000000,7225.970,101.884,857.416,838.254,PAYLOAD,LARGE,US,2009-02-06,AFWTR,,4760297,290201567,0 NOAA 19,1 33591U 09005A   25169.47753045  .00000165  00000-0  11204-3 0  9996,2 33591  98.9969 234.2318 0013259 343.1865  16.8866 14.13378636843367
3.0,GENERATED VIA SPACE-TRACK.ORG API,2025-06-18 17:28:52+00:00,18 SPCS,NOAA 19,2009-005A,EARTH,TEME,UTC,SGP4,2025-06-18 13:09:35.029440+00:00,14.13378669,0.00132560,98.9969,234.3030,342.9796,17.0930,0,U,33591,999,84311,0.00011140000000,0.00000164,0.0000000000000,7225.970,101.884,857.414,838.256,PAYLOAD,LARGE,US,2009-02-06,AFWTR,,4760389,290214457,0 NOAA 19,1 33591U 09005A   25169.54832210  .00000164  00000-0  11140-3 0  9994,2 33591  98.9969 234.3030 0013256 342.9796  17.0930 14.13378669843110
3.0,GENERATED VIA SPACE-TRACK.ORG API,2025-06-18 22:46:18+00:00,18 SPCS,NOAA 19,2009-005A,EARTH,TEME,UTC,SGP4,2025-06-18 19:57:20.615904+00:00,14.13378825,0.00132450,98.9969,234.5877,342.1359,17.9345,0,U,33591,999,84341,0.00011540000000,0.00000171,0.0000000000000,7225.969,101.884,857.405,838.264,PAYLOAD,LARGE,US,2009-02-06,AFWTR,,4760582,290239003,0 NOAA 19,1 33591U 09005A   25169.83148861  .00000171  00000-0  11540-3 0  9990,2 33591  98.9969 234.5877 0013245 342.1359  17.9345 14.13378825843412
3.0,GENERATED VIA SPACE-TRACK.ORG API,2025-06-19 03:46:26+00:00,18 SPCS,NOAA 19,2009-005A,EARTH,TEME,UTC,SGP4,2025-06-18 21:39:17.015328+00:00,14.13378825,0.00132460,98.9969,234.6590,341.9455,18.1245,0,U,33591,999,84316,0.00011181000000,0.00000165,0.0000000000000,7225.969,101.884,857.406,838.263,PAYLOAD,LARGE,US,2009-02-06,AFWTR,,4760674,290251830,0 NOAA 19,1 33591U 09005A   25169.90228027  .00000165  00000-0  11181-3 0  9995,2 33591  98.9969 234.6590 0013246 341.9455  18.1245 14.13378825843164
3.0,GENERATED VIA SPACE-TRACK.ORG API,2025-06-19 06:56:17+00:00,18 SPCS,NOAA 19,2009-005A,EARTH,TEME,UTC,SGP4,2025-06-19 04:27:02.603520+00:00,14.13378989,0.00132340,98.9969,234.9437,341.0937,18.9742,0,U,33591,999,84346,0.00011525000000,0.00000171,0.0000000000000,7225.969,101.884,857.397,838.271,PAYLOAD,LARGE,US,2009-02-06,AFWTR,,4760898,290276501,0 NOAA 19,1 33591U 09005A   25170.18544680  .00000171  00000-0  11525-3 0  9992,2 33591  98.9969 234.9437 0013234 341.0937  18.9742 14.13378989843464
3.0,GENERATED VIA SPACE-TRACK.ORG API,2025-06-19 14:36:18+00:00,18 SPCS,NOAA 19,2009-005A,EARTH,TEME,UTC,SGP4,2025-06-19 11:14:48.196896+00:00,14.13378996,0.00132170,98.9969,235.2285,340.2994,19.7666,0,U,33591,999,84350,0.00010667000000,0.00000155,0.0000000000000,7225.969,101.884,857.384,838.283,PAYLOAD,LARGE,US,2009-02-06,AFWTR,,4761123,290280838,0 NOAA 19,1 33591U 09005A   25170.46861339  .00000155  00000-0  10667-3 0  9994,2 33591  98.9969 235.2285 0013217 340.2994  19.7666 14.13378996843501
3.0,GENERATED VIA SPACE-TRACK.ORG API,2025-06-19 19:02:27+00:00,18 SPCS,NOAA 19,2009-005A,EARTH,TEME,UTC,SGP4,2025-06-19 12:56:44.592864+00:00,14.13379037,0.00132150,98.9969,235.2997,340.0855,19.9800,0,U,33591,999,84325,0.00010790000000,0.00000157,0.0000000000000,7225.969,101.883,857.383,838.285,PAYLOAD,LARGE,US,2009-02-06,AFWTR,,4761309,290297776,0 NOAA 19,1 33591U 09005A   25170.53940501  .00000157  00000-0  10790-3 0  9990,2 33591  98.9969 235.2997 0013215 340.0855  19.9800 14.13379037843254
3.0,GENERATED VIA SPACE-TRACK.ORG API,2025-06-19 22:36:32+00:00,18 SPCS,NOAA 19,2009-005A,EARTH,TEME,UTC,SGP4,2025-06-19 19:44:30.175008+00:00,14.13379180,0.00132030,98.9968,235.5844,339.2493,20.8141,0,U,33591,999,84355,0.00011362000000,0.00000168,0.0000000000000,7225.968,101.883,857.374,838.293,PAYLOAD,LARGE,US,2009-02-06,AFWTR,,4761442,290319218,0 NOAA 19,1 33591U 09005A   25170.82257147  .00000168  00000-0  11362-3 0  9997,2 33591  98.9968 235.5844 0013203 339.2493  20.8141 14.13379180843553
3.0,GENERATED VIA SPACE-TRACK.ORG API,2025-06-20 02:22:48+00:00,18 SPCS,NOAA 19,2009-005A,EARTH,TEME,UTC,SGP4,2025-06-19 21:26:26.571840+00:00,14.13379195,0.00132000,98.9968,235.6556,339.0507,21.0122,0,U,33591,999,84330,0.00011247000000,0.00000166,0.0000000000000,7225.968,101.883,857.371,838.295,PAYLOAD,LARGE,US,2009-02-06,AFWTR,,4761523,290332630,0 NOAA 19,1 33591U 09005A   25170.89336310  .00000166  00000-0  11247-3 0  9994,2 33591  98.9968 235.6556 0013200 339.0507  21.0122 14.13379195843306
3.0,GENERATED VIA SPACE-TRACK.ORG API,2025-06-20 06:56:23+00:00,18 SPCS,NOAA 19,2009-005A,EARTH,TEME,UTC,SGP4,2025-06-20 04:14:12.152256+00:00,14.13379331,0.00131890,98.9968,235.9404,338.2065,21.8544,0,U,33591,999,84360,0.00011328000000,0.00000167,0.0000000000000,7225.968,101.883,857.363,838.302,PAYLOAD,LARGE,US,2009-02-06,AFWTR,,4761744,290356692,0 NOAA 19,1 33591U 09005A   25171.17652954  .00000167  00000-0  11328-3 0  9992,2 33591  98.9968 235.9404 0013189 338.2065  21.8544 14.13379331843608
3.0,GENERATED VIA SPACE-TRACK.ORG API,2025-06-20 14:36:28+00:00,18 SPCS,NOAA 19,2009-005A,EARTH,TEME,UTC,SGP4,2025-06-20 11:01:57.734400+00:00,14.13379414,0.00131740,98.9968,236.2251,337.3645,22.6944,0,U,33591,999,84364,0.00011111000000,0.00000163,0.0000000000000,7225.967,101.883,857.352,838.313,PAYLOAD,LARGE,US,2009-02-06,AFWTR,,4761970,290363019,0 NOAA 19,1 33591U 09005A   25171.45969600  .00000163  00000-0  11111-3 0  9998,2 33591  98.9968 236.2251 0013174 337.3645  22.6944 14.13379414843649
3.0,GENERATED VIA SPACE-TRACK.ORG API,2025-06-20 18:02:43+00:00,18 SPCS,NOAA 19,2009-005A,EARTH,TEME,UTC,SGP4,2025-06-20 12:43:54.131232+00:00,14.13379402,0.00131690,98.9968,236.2963,337.1397,22.9187,0,U,33591,999,84339,0.00010727000000,0.00000156,0.0000000000000,7225.967,101.883,857.348,838.317,PAYLOAD,LARGE,US,2009-02-06,AFWTR,,4762228,290379818,0 NOAA 19,1 33591U 09005A   25171.53048763  .00000156  00000-0  10727-3 0  9999,2 33591  98.9968 236.2963 0013169 337.1397  22.9187 14.13379402843396
3.0,GENERATED VIA SPACE-TRACK.ORG API,2025-06-20 22:46:18+00:00,18 SPCS,NOAA 19,2009-005A,EARTH,TEME,UTC,SGP4,2025-06-20 19:31:39.710784+00:00,14.13379474,0.00131580,98.9968,236.5811,336.2825,23.7739,0,U,33591,999,84369,0.00010363000000,0.00000149,0.0000000000000,7225.967,101.883,857.340,838.324,PAYLOAD,LARGE,US,2009-02-06,AFWTR,,4762410,290402477,0 NOAA 19,1 33591U 09005A   25171.81365406  .00000149  00000-0  10363-3 0  9994,2 33591  98.9968 236.5811 0013158 336.2825  23.7739 14.13379474843699
3.0,GENERATED VIA SPACE-TRACK.ORG API,2025-06-21 03:03:14+00:00,18 SPCS,NOAA 19,2009-005A,EARTH,TEME,UTC,SGP4,2025-06-20 21:13:36.107616+00:00,14.13379457,0.00131580,98.9968,236.6523,336.0853,23.9706,0,U,33591,999,84344,0.00009857500000,0.00000140,0.0000000000000,7225.967,101.883,857.340,838.324,PAYLOAD,LARGE,US,2009-02-06,AFWTR,,4762475,290415579,0 NOAA 19,1 33591U 09005A   25171.88444569  .00000140  00000-0  98575-4 0  9992,2 33591  98.9968 236.6523 0013158 336.0853  23.9706 14.13379457843449
3.0,GENERATED VIA SPACE-TRACK.ORG API,2025-06-21 06:46:17+00:00,18 SPCS,NOAA 19,2009-005A,EARTH,TEME,UTC,SGP4,2025-06-21 04:01:21.688896+00:00,14.13379569,0.00131470,98.9968,236.9370,335.2420,24.8119,0,U,33591,999,84374,0.00009837200000,0.00000139,0.0000000000000,7225.967,101.883,857.332,838.332,PAYLOAD,LARGE,US,2009-02-06,AFWTR,,4762625,290438140,0 NOAA 19,1 33591U 09005A   25172.16761214  .00000139  00000-0  98372-4 0  9996,2 33591  98.9968 236.9370 0013147 335.2420  24.8119 14.13379569843746
3.0,GENERATED VIA SPACE-TRACK.ORG API,2025-06-21 14:56:28+00:00,18 SPCS,NOAA 19,2009-005A,EARTH,TEME,UTC,SGP4,2025-06-21 10:49:07.267584+00:00,14.13379669,0.00131360,98.9968,237.2218,334.4231,25.6289,0,U,33591,999,84378,0.00009860300000,0.00000140,0.0000000000000,7225.967,101.883,857.324,838.340,PAYLOAD,LARGE,US,2009-02-06,AFWTR,,4763001,290447749,0 NOAA 19,1 33591U 09005A   25172.45077856  .00000140  00000-0  98603-4 0  9999,2 33591  98.9968 237.2218 0013136 334.4231  25.6289 14.13379669843782
3.0,GENERATED VIA SPACE-TRACK.ORG API,2025-06-21 18:30:53+00:00,18 SPCS,NOAA 19,2009-005A,EARTH,TEME,UTC,SGP4,2025-06-21 14:13:00.056928+00:00,14.13379703,0.00131320,98.9968,237.3642,333.9843,26.0668,0,U,33591,999,84354,0.00009458200000,0.00000132,0.0000000000000,7225.966,101.883,857.321,838.342,PAYLOAD,LARGE,US,2009-02-06,AFWTR,,4763117,290461570,0 NOAA 19,1 33591U 09005A   25172.59236177  .00000132  00000-0  94582-4 0  9990,2 33591  98.9968 237.3642 0013132 333.9843  26.0668 14.13379703843542
3.0,GENERATED VIA SPACE-TRACK.ORG API,2025-06-21 22:56:18+00:00,18 SPCS,NOAA 19,2009-005A,EARTH,TEME,UTC,SGP4,2025-06-21 19:18:49.234464+00:00,14.13379832,0.00131230,98.9968,237.5777,333.3602,26.6894,0,U,33591,999,84383,0.00010140000000,0.00000145,0.0000000000000,7225.966,101.883,857.314,838.348,PAYLOAD,LARGE,US,2009-02-06,AFWTR,,4763346,290485764,0 NOAA 19,1 33591U 09005A   25172.80473651  .00000145  00000-0  10140-3 0  9995,2 33591  98.9968 237.5777 0013123 333.3602  26.6894 14.13379832843832
3.0,GENERATED VIA SPACE-TRACK.ORG API,2025-06-22 06:28:33+00:00,18 SPCS,NOAA 19,2009-005A,EARTH,TEME,UTC,SGP4,2025-06-21 21:00:45.630432+00:00,14.13379838,0.00131210,98.9968,237.6489,333.1684,26.8808,0,U,33591,999,84358,0.00009974600000,0.00000142,0.0000000000000,7225.966,101.883,857.312,838.350,PAYLOAD,LARGE,US,2009-02-06,AFWTR,,4763498,290500155,0 NOAA 19,1 33591U 09005A   25172.87552813  .00000142  00000-0  99746-4 0  9997,2 33591  98.9968 237.6489 0013121 333.1684  26.8808 14.13379838843584
3.0,GENERATED VIA SPACE-TRACK.ORG API,2025-06-22 06:36:17+00:00,18 SPCS,NOAA 19,2009-005A,EARTH,TEME,UTC,SGP4,2025-06-22 03:48:31.203072+00:00,14.13379964,0.00131080,98.9968,237.9336,332.3109,27.7364,0,U,33591,999,84388,0.00009879900000,0.00000140,0.0000000000000,7225.966,101.883,857.302,838.359,PAYLOAD,LARGE,US,2009-02-06,AFWTR,,4763534,290519709,0 NOAA 19,1 33591U 09005A   25173.15869448  .00000140  00000-0  98799-4 0  9999,2 33591  98.9968 237.9336 0013108 332.3109  27.7364 14.13379964843886
3.0,GENERATED VIA SPACE-TRACK.ORG API,2025-06-22 14:56:18+00:00,18 SPCS,NOAA 19,2009-005A,EARTH,TEME,UTC,SGP4,2025-06-22 12:18:13.170816+00:00,14.13380075,0.00130920,98.9968,238.2895,331.2760,28.7690,0,U,33591,999,84393,0.00009632300000,0.00000136,0.0000000000000,7225.965,101.883,857.290,838.370,PAYLOAD,LARGE,US,2009-02-06,AFWTR,,4763939,290529956,0 NOAA 19,1 33591U 09005A   25173.51265244  .00000136  00000-0  96323-4 0  9999,2 33591  98.9968 238.2895 0013092 331.2760  28.7690 14.13380075843937
3.0,GENERATED VIA SPACE-TRACK.ORG API,2025-06-22 17:23:19+00:00,18 SPCS,NOAA 19,2009-005A,EARTH,TEME,UTC,SGP4,2025-06-22 14:00:09.563328+00:00,14.13380114,0.00130890,98.9968,238.3607,331.0594,28.9851,0,U,33591,999,84368,0.00009686600000,0.00000137,0.0000000000000,7225.965,101.883,857.288,838.372,PAYLOAD,LARGE,US,2009-02-06,AFWTR,,4764029,290543094,0 NOAA 19,1 33591U 09005A   25173.58344402  .00000137  00000-0  96866-4 0  9993,2 33591  98.9968 238.3607 0013089 331.0594  28.9851 14.13380114843685
3.0,GENERATED VIA SPACE-TRACK.ORG API,2025-06-22 22:36:31+00:00,18 SPCS,NOAA 19,2009-005A,EARTH,TEME,UTC,SGP4,2025-06-22 19:05:58.741728+00:00,14.13380173,0.00130840,98.9968,238.5742,330.4179,29.6251,0,U,33591,999,84397,0.00009423500000,0.00000132,0.0000000000000,7225.965,101.883,857.284,838.375,PAYLOAD,LARGE,US,2009-02-06,AFWTR,,4764153,290565669,0 NOAA 19,1 33591U 09005A   25173.79581877  .00000132  00000-0  94235-4 0  9998,2 33591  98.9968 238.5742 0013084 330.4179  29.6251 14.13380173843973
3.0,GENERATED VIA SPACE-TRACK.ORG API,2025-06-23 03:25:04+00:00,18 SPCS,NOAA 19,2009-005A,EARTH,TEME,UTC,SGP4,2025-06-22 19:05:58.741728+00:00,14.13380173,0.00130840,98.9968,238.5742,330.4179,29.6251,0,U,33591,999,84371,0.00009423500000,0.00000132,0.0000000000000,7225.965,101.883,857.284,838.375,PAYLOAD,LARGE,US,2009-02-06,AFWTR,,4764202,290577066,0 NOAA 19,1 33591U 09005A   25173.79581877  .00000132  00000-0  94235-4 0  9998,2 33591  98.9968 238.5742 0013084 330.4179  29.6251 14.13380173843715
3.0,GENERATED VIA SPACE-TRACK.ORG API,2025-06-23 15:06:20+00:00,18 SPCS,NOAA 19,2009-005A,EARTH,TEME,UTC,SGP4,2025-06-23 12:05:22.662528+00:00,14.13380517,0.00130460,98.9968,239.2861,328.3273,31.7113,0,U,33591,999,84407,0.00010117000000,0.00000145,0.0000000000000,7225.964,101.883,857.256,838.402,PAYLOAD,LARGE,US,2009-02-06,AFWTR,,4764578,290606664,0 NOAA 19,1 33591U 09005A   25174.50373452  .00000145  00000-0  10117-3 0  9996,2 33591  98.9968 239.2861 0013046 328.3273  31.7113 14.13380517844077
3.0,GENERATED VIA SPACE-TRACK.ORG API,2025-06-23 18:58:09+00:00,18 SPCS,NOAA 19,2009-005A,EARTH,TEME,UTC,SGP4,2025-06-23 13:47:19.053312+00:00,14.13380547,0.00130440,98.9968,239.3573,328.1085,31.9296,0,U,33591,999,84382,0.00009995500000,0.00000142,0.0000000000000,7225.964,101.883,857.254,838.403,PAYLOAD,LARGE,US,2009-02-06,AFWTR,,4764764,290620915,0 NOAA 19,1 33591U 09005A   25174.57452608  .00000142  00000-0  99955-4 0  9999,2 33591  98.9968 239.3573 0013044 328.1085  31.9296 14.13380547843824
3.0,GENERATED VIA SPACE-TRACK.ORG API,2025-06-23 22:36:18+00:00,18 SPCS,NOAA 19,2009-005A,EARTH,TEME,UTC,SGP4,2025-06-23 18:53:08.228256+00:00,14.13380622,0.00130350,98.9968,239.5708,327.4841,32.5527,0,U,33591,999,84411,0.00009902400000,0.00000141,0.0000000000000,7225.963,101.883,857.247,838.409,PAYLOAD,LARGE,US,2009-02-06,AFWTR,,4764891,290643269,0 NOAA 19,1 33591U 09005A   25174.78690079  .00000141  00000-0  99024-4 0  9994,2 33591  98.9968 239.5708 0013035 327.4841  32.5527 14.13380622844119
3.0,GENERATED VIA SPACE-TRACK.ORG API,2025-06-24 02:37:05+00:00,18 SPCS,NOAA 19,2009-005A,EARTH,TEME,UTC,SGP4,2025-06-23 20:35:04.619040+00:00,14.13380643,0.00130310,98.9968,239.6420,327.2721,32.7643,0,U,33591,999,84386,0.00009869000000,0.00000140,0.0000000000000,7225.963,101.883,857.244,838.412,PAYLOAD,LARGE,US,2009-02-06,AFWTR,,4765112,290658888,0 NOAA 19,1 33591U 09005A   25174.85769235  .00000140  00000-0  98690-4 0  9990,2 33591  98.9968 239.6420 0013031 327.2721  32.7643 14.13380643843867
3.0,GENERATED VIA SPACE-TRACK.ORG API,2025-06-24 06:56:20+00:00,18 SPCS,NOAA 19,2009-005A,EARTH,TEME,UTC,SGP4,2025-06-24 03:22:50.183904+00:00,14.13380810,0.00130220,98.9968,239.9267,326.4055,33.6290,0,U,33591,999,84416,0.00010356000000,0.00000149,0.0000000000000,7225.963,101.883,857.237,838.418,PAYLOAD,LARGE,US,2009-02-06,AFWTR,,4765299,290683710,0 NOAA 19,1 33591U 09005A   25175.14085861  .00000149  00000-0  10356-3 0  9990,2 33591  98.9968 239.9267 0013022 326.4055  33.6290 14.13380810844168
3.0,GENERATED VIA SPACE-TRACK.ORG API,2025-06-24 15:56:18+00:00,18 SPCS,NOAA 19,2009-005A,EARTH,TEME,UTC,SGP4,2025-06-24 11:52:32.133504+00:00,14.13380960,0.00130030,98.9968,240.2827,325.3383,34.6940,0,U,33591,999,84421,0.00010220000000,0.00000147,0.0000000000000,7225.962,101.883,857.223,838.431,PAYLOAD,LARGE,US,2009-02-06,AFWTR,,4765613,290691219,0 NOAA 19,1 33591U 09005A   25175.49481636  .00000147  00000-0  10220-3 0  9996,2 33591  98.9968 240.2827 0013003 325.3383  34.6940 14.13380960844211
3.0,GENERATED VIA SPACE-TRACK.ORG API,2025-06-24 17:32:58+00:00,18 SPCS,NOAA 19,2009-005A,EARTH,TEME,UTC,SGP4,2025-06-24 11:52:32.133504+00:00,14.13380960,0.00130030,98.9968,240.2827,325.3383,34.6940,0,U,33591,999,84395,0.00010220000000,0.00000147,0.0000000000000,7225.962,101.883,857.223,838.431,PAYLOAD,LARGE,US,2009-02-06,AFWTR,,4765702,290703747,0 NOAA 19,1 33591U 09005A   25175.49481636  .00000147  00000-0  10220-3 0  9996,2 33591  98.9968 240.2827 0013003 325.3383  34.6940 14.13380960843951
3.0,GENERATED VIA SPACE-TRACK.ORG API,2025-06-24 22:56:29+00:00,18 SPCS,NOAA 19,2009-005A,EARTH,TEME,UTC,SGP4,2025-06-24 20:22:14.079648+00:00,14.13381124,0.00129920,98.9968,240.6386,324.2774,35.7527,0,U,33591,999,84426,0.00010526000000,0.00000152,0.0000000000000,7225.962,101.883,857.215,838.439,PAYLOAD,LARGE,US,2009-02-06,AFWTR,,4765881,290727977,0 NOAA 19,1 33591U 09005A   25175.84877407  .00000152  00000-0  10526-3 0  9995,2 33591  98.9968 240.6386 0012992 324.2774  35.7527 14.13381124844264
3.0,GENERATED VIA SPACE-TRACK.ORG API,2025-06-25 02:12:46+00:00,18 SPCS,NOAA 19,2009-005A,EARTH,TEME,UTC,SGP4,2025-06-24 22:04:10.469568+00:00,14.13381138,0.00129830,98.9968,240.7098,324.0650,35.9648,0,U,33591,999,84401,0.00010398000000,0.00000150,0.0000000000000,7225.962,101.883,857.208,838.445,PAYLOAD,LARGE,US,2009-02-06,AFWTR,,4766019,290740930,0 NOAA 19,1 33591U 09005A   25175.91956562  .00000150  00000-0  10398-3 0  9998,2 33591  98.9968 240.7098 0012983 324.0650  35.9648 14.13381138844010
3.0,GENERATED VIA SPACE-TRACK.ORG API,2025-06-25 06:46:23+00:00,18 SPCS,NOAA 19,2009-005A,EARTH,TEME,UTC,SGP4,2025-06-25 03:09:59.635872+00:00,14.13381248,0.00129760,98.9968,240.9233,323.4252,36.6032,0,U,33591,999,84430,0.00010487000000,0.00000152,0.0000000000000,7225.961,101.883,857.203,838.450,PAYLOAD,LARGE,US,2009-02-06,AFWTR,,4766194,290763220,0 NOAA 19,1 33591U 09005A   25176.13194023  .00000152  00000-0  10487-3 0  9990,2 33591  98.9968 240.9233 0012976 323.4252  36.6032 14.13381248844305
3.0,GENERATED VIA SPACE-TRACK.ORG API,2025-06-25 14:56:17+00:00,18 SPCS,NOAA 19,2009-005A,EARTH,TEME,UTC,SGP4,2025-06-25 11:39:41.582880+00:00,14.13381348,0.00129560,98.9968,241.2792,322.3780,37.6485,0,U,33591,999,84435,0.00010322000000,0.00000149,0.0000000000000,7225.961,101.883,857.188,838.464,PAYLOAD,LARGE,US,2009-02-06,AFWTR,,4766563,290773159,0 NOAA 19,1 33591U 09005A   25176.48589795  .00000149  00000-0  10322-3 0  9996,2 33591  98.9968 241.2792 0012956 322.3780  37.6485 14.13381348844350
3.0,GENERATED VIA SPACE-TRACK.ORG API,2025-06-25 18:19:50+00:00,18 SPCS,NOAA 19,2009-005A,EARTH,TEME,UTC,SGP4,2025-06-25 13:21:37.971072+00:00,14.13381391,0.00129520,98.9968,241.3504,322.1657,37.8604,0,U,33591,999,84410,0.00010421000000,0.00000150,0.0000000000000,7225.961,101.883,857.185,838.467,PAYLOAD,LARGE,US,2009-02-06,AFWTR,,4766636,290785419,0 NOAA 19,1 33591U 09005A   25176.55668948  .00000150  00000-0  10421-3 0  9994,2 33591  98.9968 241.3504 0012952 322.1657  37.8604 14.13381391844105
3.0,GENERATED VIA SPACE-TRACK.ORG API,2025-06-26 02:46:18+00:00,18 SPCS,NOAA 19,2009-005A,EARTH,TEME,UTC,SGP4,2025-06-25 23:33:16.295040+00:00,14.13381605,0.00129360,98.9968,241.7775,320.9017,39.1219,0,U,33591,999,84442,0.00011081000000,0.00000163,0.0000000000000,7225.960,101.883,857.172,838.477,PAYLOAD,LARGE,US,2009-02-06,AFWTR,,4766881,290810176,0 NOAA 19,1 33591U 09005A   25176.98143860  .00000163  00000-0  11081-3 0  9999,2 33591  98.9968 241.7775 0012936 320.9017  39.1219 14.13381605844427
3.0,GENERATED VIA SPACE-TRACK.ORG API,2025-06-26 02:59:50+00:00,18 SPCS,NOAA 19,2009-005A,EARTH,TEME,UTC,SGP4,2025-06-25 21:51:19.906848+00:00,14.13381593,0.00129390,98.9968,241.7064,321.1066,38.9174,0,U,33591,999,84415,0.00011294000000,0.00000167,0.0000000000000,7225.960,101.883,857.175,838.475,PAYLOAD,LARGE,US,2009-02-06,AFWTR,,4766952,290823709,0 NOAA 19,1 33591U 09005A   25176.91064707  .00000167  00000-0  11294-3 0  9994,2 33591  98.9968 241.7064 0012939 321.1066  38.9174 14.13381593844151
3.0,GENERATED VIA SPACE-TRACK.ORG API,2025-06-26 06:26:17+00:00,18 SPCS,NOAA 19,2009-005A,EARTH,TEME,UTC,SGP4,2025-06-26 01:15:12.683232+00:00,14.13381635,0.00129340,98.9968,241.8487,320.6920,39.3312,0,U,33591,999,84443,0.00011041000000,0.00000162,0.0000000000000,7225.960,101.883,857.171,838.479,PAYLOAD,LARGE,US,2009-02-06,AFWTR,,4767061,290845784,0 NOAA 19,1 33591U 09005A   25177.05223013  .00000162  00000-0  11041-3 0  9992,2 33591  98.9968 241.8487 0012934 320.6920  39.3312 14.13381635844436
3.0,GENERATED VIA SPACE-TRACK.ORG API,2025-06-26 14:36:33+00:00,18 SPCS,NOAA 19,2009-005A,EARTH,TEME,UTC,SGP4,2025-06-26 11:26:51.013248+00:00,14.13381747,0.00129150,98.9967,242.2758,319.4545,40.5664,0,U,33591,999,84449,0.00010610000000,0.00000154,0.0000000000000,7225.959,101.883,857.157,838.492,PAYLOAD,LARGE,US,2009-02-06,AFWTR,,4767248,290849980,0 NOAA 19,1 33591U 09005A   25177.47697932  .00000154  00000-0  10610-3 0  9995,2 33591  98.9967 242.2758 0012915 319.4545  40.5664 14.13381747844493
3.0,GENERATED VIA SPACE-TRACK.ORG API,2025-06-26 18:53:44+00:00,18 SPCS,NOAA 19,2009-005A,EARTH,TEME,UTC,SGP4,2025-06-26 13:08:47.399712+00:00,14.13381790,0.00129110,98.9967,242.3470,319.2448,40.7757,0,U,33591,999,84424,0.00010807000000,0.00000158,0.0000000000000,7225.959,101.883,857.154,838.495,PAYLOAD,LARGE,US,2009-02-06,AFWTR,,4767540,290867788,0 NOAA 19,1 33591U 09005A   25177.54777083  .00000158  00000-0  10807-3 0  9991,2 33591  98.9967 242.3470 0012911 319.2448  40.7757 14.13381790844247
3.0,GENERATED VIA SPACE-TRACK.ORG API,2025-06-26 22:56:20+00:00,18 SPCS,NOAA 19,2009-005A,EARTH,TEME,UTC,SGP4,2025-06-26 19:56:32.944704+00:00,14.13381872,0.00129030,98.9967,242.6318,318.3797,41.6392,0,U,33591,999,84454,0.00010633000000,0.00000154,0.0000000000000,7225.959,101.883,857.148,838.500,PAYLOAD,LARGE,US,2009-02-06,AFWTR,,4767856,290891968,0 NOAA 19,1 33591U 09005A   25177.83093686  .00000154  00000-0  10633-3 0  9996,2 33591  98.9967 242.6318 0012903 318.3797  41.6392 14.13381872844548
3.0,GENERATED VIA SPACE-TRACK.ORG API,2025-06-27 03:01:02+00:00,18 SPCS,NOAA 19,2009-005A,EARTH,TEME,UTC,SGP4,2025-06-26 21:38:29.332032+00:00,14.13381894,0.00129000,98.9967,242.7030,318.1714,41.8471,0,U,33591,999,84429,0.00010621000000,0.00000154,0.0000000000000,7225.959,101.883,857.145,838.503,PAYLOAD,LARGE,US,2009-02-06,AFWTR,,4767969,290905060,0 NOAA 19,1 33591U 09005A   25177.90172838  .00000154  00000-0  10621-3 0  9998,2 33591  98.9967 242.7030 0012900 318.1714  41.8471 14.13381894844290
3.0,GENERATED VIA SPACE-TRACK.ORG API,2025-06-27 06:56:22+00:00,18 SPCS,NOAA 19,2009-005A,EARTH,TEME,UTC,SGP4,2025-06-27 04:26:14.878752+00:00,14.13382012,0.00128900,98.9967,242.9877,317.3502,42.6668,0,U,33591,999,84459,0.00010750000000,0.00000157,0.0000000000000,7225.959,101.883,857.138,838.509,PAYLOAD,LARGE,US,2009-02-06,AFWTR,,4768181,290928991,0 NOAA 19,1 33591U 09005A   25178.18489443  .00000157  00000-0  10750-3 0  9998,2 33591  98.9967 242.9877 0012890 317.3502  42.6668 14.13382012844598
3.0,GENERATED VIA SPACE-TRACK.ORG API,2025-06-27 14:56:27+00:00,18 SPCS,NOAA 19,2009-005A,EARTH,TEME,UTC,SGP4,2025-06-27 11:14:00.419424+00:00,14.13382127,0.00128800,98.9967,243.2725,316.4938,43.5217,0,U,33591,999,84463,0.00011001000000,0.00000161,0.0000000000000,7225.958,101.883,857.130,838.516,PAYLOAD,LARGE,US,2009-02-06,AFWTR,,4768512,290936755,0 NOAA 19,1 33591U 09005A   25178.46806041  .00000161  00000-0  11001-3 0  9991,2 33591  98.9967 243.2725 0012880 316.4938  43.5217 14.13382127844638
3.0,GENERATED VIA SPACE-TRACK.ORG API,2025-06-27 17:57:15+00:00,18 SPCS,NOAA 19,2009-005A,EARTH,TEME,UTC,SGP4,2025-06-27 14:37:53.191488+00:00,14.13382180,0.00128710,98.9967,243.4149,316.0730,43.9418,0,U,33591,999,84439,0.00011037000000,0.00000162,0.0000000000000,7225.958,101.883,857.124,838.522,PAYLOAD,LARGE,US,2009-02-06,AFWTR,,4768597,290950894,0 NOAA 19,1 33591U 09005A   25178.60964342  .00000162  00000-0  11037-3 0  9996,2 33591  98.9967 243.4149 0012871 316.0730  43.9418 14.13382180844395
3.0,GENERATED VIA SPACE-TRACK.ORG API,2025-06-27 23:06:26+00:00,18 SPCS,NOAA 19,2009-005A,EARTH,TEME,UTC,SGP4,2025-06-27 19:43:42.349152+00:00,14.13382215,0.00128660,98.9967,243.6284,315.4335,44.5802,0,U,33591,999,84468,0.00010796000000,0.00000157,0.0000000000000,7225.958,101.883,857.120,838.526,PAYLOAD,LARGE,US,2009-02-06,AFWTR,,4768860,290975935,0 NOAA 19,1 33591U 09005A   25178.82201793  .00000157  00000-0  10796-3 0  9999,2 33591  98.9967 243.6284 0012866 315.4335  44.5802 14.13382215844680
3.0,GENERATED VIA SPACE-TRACK.ORG API,2025-06-28 03:31:03+00:00,18 SPCS,NOAA 19,2009-005A,EARTH,TEME,UTC,SGP4,2025-06-27 21:25:38.733024+00:00,14.13382243,0.00128660,98.9967,243.6997,315.2232,44.7900,0,U,33591,999,84443,0.00010849000000,0.00000158,0.0000000000000,7225.958,101.883,857.120,838.526,PAYLOAD,LARGE,US,2009-02-06,AFWTR,,4768957,290989175,0 NOAA 19,1 33591U 09005A   25178.89280941  .00000158  00000-0  10849-3 0  9998,2 33591  98.9967 243.6997 0012866 315.2232  44.7900 14.13382243844430
3.0,GENERATED VIA SPACE-TRACK.ORG API,2025-06-28 06:56:17+00:00,18 SPCS,NOAA 19,2009-005A,EARTH,TEME,UTC,SGP4,2025-06-28 04:13:24.272832+00:00,14.13382343,0.00128590,98.9966,243.9844,314.3569,45.6549,0,U,33591,999,84473,0.00010625000000,0.00000154,0.0000000000000,7225.957,101.883,857.114,838.531,PAYLOAD,LARGE,US,2009-02-06,AFWTR,,4769137,291012096,0 NOAA 19,1 33591U 09005A   25179.17597538  .00000154  00000-0  10625-3 0  9991,2 33591  98.9966 243.9844 0012859 314.3569  45.6549 14.13382343844731
3.0,GENERATED VIA SPACE-TRACK.ORG API,2025-06-28 14:56:50+00:00,18 SPCS,NOAA 19,2009-005A,EARTH,TEME,UTC,SGP4,2025-06-28 11:01:09.811776+00:00,14.13382416,0.00128480,98.9966,244.2691,313.5061,46.5042,0,U,33591,999,84477,0.00010385000000,0.00000150,0.0000000000000,7225.957,101.883,857.106,838.538,PAYLOAD,LARGE,US,2009-02-06,AFWTR,,4769529,291021750,0 NOAA 19,1 33591U 09005A   25179.45914134  .00000150  00000-0  10385-3 0  9996,2 33591  98.9966 244.2691 0012848 313.5061  46.5042 14.13382416844774
3.0,GENERATED VIA SPACE-TRACK.ORG API,2025-06-28 17:41:05+00:00,18 SPCS,NOAA 19,2009-005A,EARTH,TEME,UTC,SGP4,2025-06-28 14:25:02.578656+00:00,14.13382451,0.00128460,98.9966,244.4115,313.0395,46.9700,0,U,33591,999,84453,0.00010069000000,0.00000144,0.0000000000000,7225.957,101.883,857.105,838.540,PAYLOAD,LARGE,US,2009-02-06,AFWTR,,4769613,291034723,0 NOAA 19,1 33591U 09005A   25179.60072429  .00000144  00000-0  10069-3 0  9997,2 33591  98.9966 244.4115 0012846 313.0395  46.9700 14.13382451844538
3.0,GENERATED VIA SPACE-TRACK.ORG API,2025-06-28 22:56:31+00:00,18 SPCS,NOAA 19,2009-005A,EARTH,TEME,UTC,SGP4,2025-06-28 21:12:48.114144+00:00,14.13382534,0.00128460,98.9966,244.6962,312.1729,47.8351,0,U,33591,999,84483,0.00009944200000,0.00000141,0.0000000000000,7225.957,101.883,857.104,838.539,PAYLOAD,LARGE,US,2009-02-06,AFWTR,,4769811,291059735,0 NOAA 19,1 33591U 09005A   25179.88389021  .00000141  00000-0  99442-4 0  9996,2 33591  98.9966 244.6962 0012846 312.1729  47.8351 14.13382534844838
3.0,GENERATED VIA SPACE-TRACK.ORG API,2025-06-29 06:56:18+00:00,18 SPCS,NOAA 19,2009-005A,EARTH,TEME,UTC,SGP4,2025-06-29 04:00:33.646176+00:00,14.13382652,0.00128450,98.9966,244.9809,311.2963,48.7102,0,U,33591,999,84487,0.00009680200000,0.00000136,0.0000000000000,7225.956,101.883,857.103,838.540,PAYLOAD,LARGE,US,2009-02-06,AFWTR,,4770127,291097942,0 NOAA 19,1 33591U 09005A   25180.16705609  .00000136  00000-0  96802-4 0  9994,2 33591  98.9966 244.9809 0012845 311.2963  48.7102 14.13382652844879
3.0,GENERATED VIA SPACE-TRACK.ORG API,2025-06-29 14:56:19+00:00,18 SPCS,NOAA 19,2009-005A,EARTH,TEME,UTC,SGP4,2025-06-29 12:30:15.563808+00:00,14.13382732,0.00128320,98.9966,245.3369,310.2190,49.7858,0,U,33591,999,84492,0.00008956400000,0.00000123,0.0000000000000,7225.956,101.883,857.093,838.549,PAYLOAD,LARGE,US,2009-02-06,AFWTR,,4770479,291105763,0 NOAA 19,1 33591U 09005A   25180.52101347  .00000123  00000-0  89564-4 0  9996,2 33591  98.9966 245.3369 0012832 310.2190  49.7858 14.13382732844926
3.0,GENERATED VIA SPACE-TRACK.ORG API,2025-06-29 17:39:57+00:00,18 SPCS,NOAA 19,2009-005A,EARTH,TEME,UTC,SGP4,2025-06-29 14:12:11.946816+00:00,14.13382763,0.00128310,98.9966,245.4080,310.0023,50.0022,0,U,33591,999,84467,0.00008925000000,0.00000122,0.0000000000000,7225.956,101.883,857.093,838.549,PAYLOAD,LARGE,US,2009-02-06,AFWTR,,4770557,291118702,0 NOAA 19,1 33591U 09005A   25180.59180494  .00000122  00000-0  89250-4 0  9994,2 33591  98.9966 245.4080 0012831 310.0023  50.0022 14.13382763844673
3.0,GENERATED VIA SPACE-TRACK.ORG API,2025-06-29 22:56:24+00:00,18 SPCS,NOAA 19,2009-005A,EARTH,TEME,UTC,SGP4,2025-06-29 19:18:01.093248+00:00,14.13382840,0.00128270,98.9965,245.6216,309.3308,50.6727,0,U,33591,999,84496,0.00008674400000,0.00000118,0.0000000000000,7225.956,101.883,857.089,838.552,PAYLOAD,LARGE,US,2009-02-06,AFWTR,,4770749,291143535,0 NOAA 19,1 33591U 09005A   25180.80417932  .00000118  00000-0  86744-4 0  9998,2 33591  98.9965 245.6216 0012827 309.3308  50.6727 14.13382840844963
3.0,GENERATED VIA SPACE-TRACK.ORG API,2025-06-30 03:44:42+00:00,18 SPCS,NOAA 19,2009-005A,EARTH,TEME,UTC,SGP4,2025-06-29 19:18:01.093248+00:00,14.13382840,0.00128270,98.9965,245.6216,309.3308,50.6727,0,U,33591,999,84470,0.00008674400000,0.00000118,0.0000000000000,7225.956,101.883,857.089,838.552,PAYLOAD,LARGE,US,2009-02-06,AFWTR,,4770867,291156904,0 NOAA 19,1 33591U 09005A   25180.80417932  .00000118  00000-0  86744-4 0  9998,2 33591  98.9965 245.6216 0012827 309.3308  50.6727 14.13382840844705
3.0,GENERATED VIA SPACE-TRACK.ORG API,2025-06-30 06:56:28+00:00,18 SPCS,NOAA 19,2009-005A,EARTH,TEME,UTC,SGP4,2025-06-30 02:05:46.623552+00:00,14.13382945,0.00128200,98.9965,245.9063,308.4606,51.5415,0,U,33591,999,84500,0.00008614600000,0.00000116,0.0000000000000,7225.955,101.883,857.084,838.557,PAYLOAD,LARGE,US,2009-02-06,AFWTR,,4771064,291180079,0 NOAA 19,1 33591U 09005A   25181.08734518  .00000116  00000-0  86146-4 0  9995,2 33591  98.9965 245.9063 0012820 308.4606  51.5415 14.13382945845006
3.0,GENERATED VIA SPACE-TRACK.ORG API,2025-06-30 14:56:19+00:00,18 SPCS,NOAA 19,2009-005A,EARTH,TEME,UTC,SGP4,2025-06-30 12:17:24.914688+00:00,14.13383168,0.00128020,98.9965,246.3335,307.1843,52.8159,0,U,33591,999,84506,0.00009020600000,0.00000124,0.0000000000000,7225.955,101.883,857.070,838.569,PAYLOAD,LARGE,US,2009-02-06,AFWTR,,4771316,291188059,0 NOAA 19,1 33591U 09005A   25181.51209392  .00000124  00000-0  90206-4 0  9991,2 33591  98.9965 246.3335 0012802 307.1843  52.8159 14.13383168845065
3.0,GENERATED VIA SPACE-TRACK.ORG API,2025-06-30 17:29:02+00:00,18 SPCS,NOAA 19,2009-005A,EARTH,TEME,UTC,SGP4,2025-06-30 12:17:24.914688+00:00,14.13383168,0.00128020,98.9965,246.3335,307.1843,52.8159,0,U,33591,999,84480,0.00009020600000,0.00000124,0.0000000000000,7225.955,101.883,857.070,838.569,PAYLOAD,LARGE,US,2009-02-06,AFWTR,,4771466,291201795,0 NOAA 19,1 33591U 09005A   25181.51209392  .00000124  00000-0  90206-4 0  9991,2 33591  98.9965 246.3335 0012802 307.1843  52.8159 14.13383168844806
3.0,GENERATED VIA SPACE-TRACK.ORG API,2025-06-30 23:06:17+00:00,18 SPCS,NOAA 19,2009-005A,EARTH,TEME,UTC,SGP4,2025-06-30 19:05:10.435488+00:00,14.13383350,0.00127990,98.9965,246.6182,306.3224,53.6766,0,U,33591,999,84510,0.00009689000000,0.00000137,0.0000000000000,7225.954,101.883,857.068,838.571,PAYLOAD,LARGE,US,2009-02-06,AFWTR,,4771732,291226914,0 NOAA 19,1 33591U 09005A   25181.79525967  .00000137  00000-0  96890-4 0  9999,2 33591  98.9965 246.6182 0012799 306.3224  53.6766 14.13383350845108
3.0,GENERATED VIA SPACE-TRACK.ORG API,2025-07-01 02:15:15+00:00,18 SPCS,NOAA 19,2009-005A,EARTH,TEME,UTC,SGP4,2025-06-30 20:47:06.816768+00:00,14.13383380,0.00127980,98.9965,246.6893,306.1123,53.8863,0,U,33591,999,84485,0.00009780100000,0.00000138,0.0000000000000,7225.954,101.883,857.067,838.571,PAYLOAD,LARGE,US,2009-02-06,AFWTR,,4771813,291240142,0 NOAA 19,1 33591U 09005A   25181.86605112  .00000138  00000-0  97801-4 0  9992,2 33591  98.9965 246.6893 0012798 306.1123  53.8863 14.13383380844856
3.0,GENERATED VIA SPACE-TRACK.ORG API,2025-07-01 07:06:50+00:00,18 SPCS,NOAA 19,2009-005A,EARTH,TEME,UTC,SGP4,2025-07-01 03:34:52.340160+00:00,14.13383526,0.00127900,98.9964,246.9741,305.2630,54.7345,0,U,33591,999,84515,0.00010026000000,0.00000143,0.0000000000000,7225.953,101.883,857.060,838.576,PAYLOAD,LARGE,US,2009-02-06,AFWTR,,4772029,291294630,0 NOAA 19,1 33591U 09005A   25182.14921690  .00000143  00000-0  10026-3 0  9995,2 33591  98.9964 246.9741 0012790 305.2630  54.7345 14.13383526845156
3.0,GENERATED VIA SPACE-TRACK.ORG API,2025-07-01 14:56:33+00:00,18 SPCS,NOAA 19,2009-005A,EARTH,TEME,UTC,SGP4,2025-07-01 12:04:34.239648+00:00,14.13383800,0.00127790,98.9964,247.3300,304.1905,55.8055,0,U,33591,999,84520,0.00010975000000,0.00000161,0.0000000000000,7225.952,101.883,857.052,838.583,PAYLOAD,LARGE,US,2009-02-06,AFWTR,,4772324,291302069,0 NOAA 19,1 33591U 09005A   25182.50317407  .00000161  00000-0  10975-3 0  9993,2 33591  98.9964 247.3300 0012779 304.1905  55.8055 14.13383800845203
3.0,GENERATED VIA SPACE-TRACK.ORG API,2025-07-01 18:11:59+00:00,18 SPCS,NOAA 19,2009-005A,EARTH,TEME,UTC,SGP4,2025-07-01 13:46:30.619200+00:00,14.13383840,0.00127770,98.9964,247.4012,303.9761,56.0196,0,U,33591,999,84495,0.00010918000000,0.00000160,0.0000000000000,7225.952,101.883,857.050,838.585,PAYLOAD,LARGE,US,2009-02-06,AFWTR,,4772413,291314307,0 NOAA 19,1 33591U 09005A   25182.57396550  .00000160  00000-0  10918-3 0  9992,2 33591  98.9964 247.4012 0012777 303.9761  56.0196 14.13383840844953
3.0,GENERATED VIA SPACE-TRACK.ORG API,2025-07-01 22:46:26+00:00,18 SPCS,NOAA 19,2009-005A,EARTH,TEME,UTC,SGP4,2025-07-01 20:34:16.140000+00:00,14.13383912,0.00127720,98.9964,247.6859,303.1238,56.8708,0,U,33591,999,84525,0.00010304000000,0.00000148,0.0000000000000,7225.952,101.883,857.046,838.588,PAYLOAD,LARGE,US,2009-02-06,AFWTR,,4772619,291337957,0 NOAA 19,1 33591U 09005A   25182.85713125  .00000148  00000-0  10304-3 0  9999,2 33591  98.9964 247.6859 0012772 303.1238  56.8708 14.13383912845251
3.0,GENERATED VIA SPACE-TRACK.ORG API,2025-07-02 02:08:41+00:00,18 SPCS,NOAA 19,2009-005A,EARTH,TEME,UTC,SGP4,2025-07-01 20:34:16.140000+00:00,14.13383912,0.00127720,98.9964,247.6859,303.1238,56.8708,0,U,33591,999,84499,0.00010304000000,0.00000148,0.0000000000000,7225.952,101.883,857.046,838.588,PAYLOAD,LARGE,US,2009-02-06,AFWTR,,4772819,291353866,0 NOAA 19,1 33591U 09005A   25182.85713125  .00000148  00000-0  10304-3 0  9999,2 33591  98.9964 247.6859 0012772 303.1238  56.8708 14.13383912844991
3.0,GENERATED VIA SPACE-TRACK.ORG API,2025-07-02 06:56:18+00:00,18 SPCS,NOAA 19,2009-005A,EARTH,TEME,UTC,SGP4,2025-07-02 03:22:01.654752+00:00,14.13384068,0.00127650,98.9964,247.9706,302.2537,57.7397,0,U,33591,999,84529,0.00010499000000,0.00000152,0.0000000000000,7225.952,101.883,857.041,838.593,PAYLOAD,LARGE,US,2009-02-06,AFWTR,,4773026,291408775,0 NOAA 19,1 33591U 09005A   25183.14029693  .00000152  00000-0  10499-3 0  9992,2 33591  98.9964 247.9706 0012765 302.2537  57.7397 14.13384068845290
3.0,GENERATED VIA SPACE-TRACK.ORG API,2025-07-02 14:56:18+00:00,18 SPCS,NOAA 19,2009-005A,EARTH,TEME,UTC,SGP4,2025-07-02 11:51:43.554240+00:00,14.13384183,0.00127540,98.9964,248.3265,301.2090,58.7831,0,U,33591,999,84534,0.00010055000000,0.00000144,0.0000000000000,7225.951,101.883,857.032,838.600,PAYLOAD,LARGE,US,2009-02-06,AFWTR,,4773363,291416745,0 NOAA 19,1 33591U 09005A   25183.49425410  .00000144  00000-0  10055-3 0  9996,2 33591  98.9964 248.3265 0012754 301.2090  58.7831 14.13384183845344
3.0,GENERATED VIA SPACE-TRACK.ORG API,2025-07-02 17:47:34+00:00,18 SPCS,NOAA 19,2009-005A,EARTH,TEME,UTC,SGP4,2025-07-02 13:33:39.932064+00:00,14.13384226,0.00127510,98.9964,248.3977,300.9888,59.0030,0,U,33591,999,84509,0.00010091000000,0.00000144,0.0000000000000,7225.951,101.883,857.030,838.602,PAYLOAD,LARGE,US,2009-02-06,AFWTR,,4773459,291430356,0 NOAA 19,1 33591U 09005A   25183.56504551  .00000144  00000-0  10091-3 0  9998,2 33591  98.9964 248.3977 0012751 300.9888  59.0030 14.13384226845097
3.0,GENERATED VIA SPACE-TRACK.ORG API,2025-07-02 22:36:20+00:00,18 SPCS,NOAA 19,2009-005A,EARTH,TEME,UTC,SGP4,2025-07-02 20:21:25.443360+00:00,14.13384336,0.00127470,98.9963,248.6824,300.1230,59.8678,0,U,33591,999,84539,0.00009939800000,0.00000141,0.0000000000000,7225.951,101.883,857.027,838.605,PAYLOAD,LARGE,US,2009-02-06,AFWTR,,4773573,291482859,0 NOAA 19,1 33591U 09005A   25183.84821115  .00000141  00000-0  99398-4 0  9992,2 33591  98.9963 248.6824 0012747 300.1230  59.8678 14.13384336845399
3.0,GENERATED VIA SPACE-TRACK.ORG API,2025-07-03 03:40:39+00:00,18 SPCS,NOAA 19,2009-005A,EARTH,TEME,UTC,SGP4,2025-07-02 22:03:21.822048+00:00,14.13384361,0.00127430,98.9963,248.7536,299.9077,60.0829,0,U,33591,999,84514,0.00009928300000,0.00000141,0.0000000000000,7225.951,101.883,857.024,838.608,PAYLOAD,LARGE,US,2009-02-06,AFWTR,,4773777,291498014,0 NOAA 19,1 33591U 09005A   25183.91900257  .00000141  00000-0  99283-4 0  9998,2 33591  98.9963 248.7536 0012743 299.9077  60.0829 14.13384361845143
3.0,GENERATED VIA SPACE-TRACK.ORG API,2025-07-03 06:56:23+00:00,18 SPCS,NOAA 19,2009-005A,EARTH,TEME,UTC,SGP4,2025-07-03 04:51:07.332480+00:00,14.13384484,0.00127390,98.9963,249.0383,299.0176,60.9719,0,U,33591,999,84544,0.00009836200000,0.00000139,0.0000000000000,7225.950,101.883,857.020,838.610,PAYLOAD,LARGE,US,2009-02-06,AFWTR,,4773960,291522791,0 NOAA 19,1 33591U 09005A   25184.20216820  .00000139  00000-0  98362-4 0  9991,2 33591  98.9963 249.0383 0012739 299.0176  60.9719 14.13384484845449
3.0,GENERATED VIA SPACE-TRACK.ORG API,2025-07-03 14:56:29+00:00,18 SPCS,NOAA 19,2009-005A,EARTH,TEME,UTC,SGP4,2025-07-03 11:38:52.840320+00:00,14.13384635,0.00127220,98.9963,249.3231,298.1710,61.8177,0,U,33591,999,84548,0.00010188000000,0.00000146,0.0000000000000,7225.950,101.883,857.007,838.622,PAYLOAD,LARGE,US,2009-02-06,AFWTR,,4774371,291531900,0 NOAA 19,1 33591U 09005A   25184.48533380  .00000146  00000-0  10188-3 0  9991,2 33591  98.9963 249.3231 0012722 298.1710  61.8177 14.13384635845480
3.0,GENERATED VIA SPACE-TRACK.ORG API,2025-07-03 17:26:04+00:00,18 SPCS,NOAA 19,2009-005A,EARTH,TEME,UTC,SGP4,2025-07-03 11:38:52.840320+00:00,14.13384635,0.00127220,98.9963,249.3231,298.1710,61.8177,0,U,33591,999,84522,0.00010188000000,0.00000146,0.0000000000000,7225.950,101.883,857.007,838.622,PAYLOAD,LARGE,US,2009-02-06,AFWTR,,4774471,291545340,0 NOAA 19,1 33591U 09005A   25184.48533380  .00000146  00000-0  10188-3 0  9991,2 33591  98.9963 249.3231 0012722 298.1710  61.8177 14.13384635845222
3.0,GENERATED VIA SPACE-TRACK.ORG API,2025-07-03 22:56:31+00:00,18 SPCS,NOAA 19,2009-005A,EARTH,TEME,UTC,SGP4,2025-07-03 20:08:34.725120+00:00,14.13384750,0.00127170,98.9963,249.6790,297.0896,62.8978,0,U,33591,999,84553,0.00010116000000,0.00000145,0.0000000000000,7225.949,101.883,857.003,838.625,PAYLOAD,LARGE,US,2009-02-06,AFWTR,,4774713,291599830,0 NOAA 19,1 33591U 09005A   25184.83929080  .00000145  00000-0  10116-3 0  9996,2 33591  98.9963 249.6790 0012717 297.0896  62.8978 14.13384750845534
3.0,GENERATED VIA SPACE-TRACK.ORG API,2025-07-04 03:20:15+00:00,18 SPCS,NOAA 19,2009-005A,EARTH,TEME,UTC,SGP4,2025-07-03 21:50:31.103808+00:00,14.13384767,0.00127150,98.9963,249.7502,296.8940,63.0932,0,U,33591,999,84528,0.00010131000000,0.00000145,0.0000000000000,7225.949,101.883,857.002,838.626,PAYLOAD,LARGE,US,2009-02-06,AFWTR,,4774767,291613099,0 NOAA 19,1 33591U 09005A   25184.91008222  .00000145  00000-0  10131-3 0  9998,2 33591  98.9963 249.7502 0012715 296.8940  63.0932 14.13384767845284
3.0,GENERATED VIA SPACE-TRACK.ORG API,2025-07-04 06:36:29+00:00,18 SPCS,NOAA 19,2009-005A,EARTH,TEME,UTC,SGP4,2025-07-04 04:38:16.609920+00:00,14.13384928,0.00127080,98.9963,250.0349,296.0493,63.9370,0,U,33591,999,84558,0.00010475000000,0.00000151,0.0000000000000,7225.949,101.883,856.996,838.631,PAYLOAD,LARGE,US,2009-02-06,AFWTR,,4774868,291634580,0 NOAA 19,1 33591U 09005A   25185.19324780  .00000151  00000-0  10475-3 0  9997,2 33591  98.9963 250.0349 0012708 296.0493  63.9370 14.13384928845582
3.0,GENERATED VIA SPACE-TRACK.ORG API,2025-07-04 14:56:26+00:00,18 SPCS,NOAA 19,2009-005A,EARTH,TEME,UTC,SGP4,2025-07-04 11:26:02.116032+00:00,14.13385025,0.00126940,98.9963,250.3196,295.2085,64.7770,0,U,33591,999,84562,0.00010563000000,0.00000153,0.0000000000000,7225.948,101.883,856.986,838.641,PAYLOAD,LARGE,US,2009-02-06,AFWTR,,4775281,291644693,0 NOAA 19,1 33591U 09005A   25185.47641338  .00000153  00000-0  10563-3 0  9999,2 33591  98.9963 250.3196 0012694 295.2085  64.7770 14.13385025845624
3.0,GENERATED VIA SPACE-TRACK.ORG API,2025-07-04 17:36:18+00:00,18 SPCS,NOAA 19,2009-005A,EARTH,TEME,UTC,SGP4,2025-07-04 16:31:51.245184+00:00,14.13385077,0.00126930,98.9963,250.5331,294.5524,65.4325,0,U,33591,999,84565,0.00010162000000,0.00000146,0.0000000000000,7225.948,101.883,856.985,838.641,PAYLOAD,LARGE,US,2009-02-06,AFWTR,,4775449,291649551,0 NOAA 19,1 33591U 09005A   25185.68878756  .00000146  00000-0  10162-3 0  9995,2 33591  98.9963 250.5331 0012693 294.5524  65.4325 14.13385077845650
3.0,GENERATED VIA SPACE-TRACK.ORG API,2025-07-04 18:39:55+00:00,18 SPCS,NOAA 19,2009-005A,EARTH,TEME,UTC,SGP4,2025-07-04 14:49:54.868224+00:00,14.13385081,0.00126920,98.9963,250.4619,294.7713,65.2138,0,U,33591,999,84538,0.00010487000000,0.00000152,0.0000000000000,7225.948,101.883,856.984,838.642,PAYLOAD,LARGE,US,2009-02-06,AFWTR,,4775522,291661434,0 NOAA 19,1 33591U 09005A   25185.61799616  .00000152  00000-0  10487-3 0  9992,2 33591  98.9963 250.4619 0012692 294.7713  65.2138 14.13385081845384
3.0,GENERATED VIA SPACE-TRACK.ORG API,2025-07-04 22:36:17+00:00,18 SPCS,NOAA 19,2009-005A,EARTH,TEME,UTC,SGP4,2025-07-04 19:55:43.995648+00:00,14.13385113,0.00126940,98.9963,250.6755,294.1095,65.8749,0,U,33591,999,84567,0.00010262000000,0.00000147,0.0000000000000,7225.948,101.883,856.986,838.640,PAYLOAD,LARGE,US,2009-02-06,AFWTR,,4775591,291682929,0 NOAA 19,1 33591U 09005A   25185.83037032  .00000147  00000-0  10262-3 0  9998,2 33591  98.9963 250.6755 0012694 294.1095  65.8749 14.13385113845678
3.0,GENERATED VIA SPACE-TRACK.ORG API,2025-07-05 04:36:57+00:00,18 SPCS,NOAA 19,2009-005A,EARTH,TEME,UTC,SGP4,2025-07-04 21:37:40.372608+00:00,14.13385129,0.00126920,98.9963,250.7467,293.9166,66.0676,0,U,33591,999,84542,0.00010184000000,0.00000146,0.0000000000000,7225.948,101.883,856.984,838.642,PAYLOAD,LARGE,US,2009-02-06,AFWTR,,4775734,291697645,0 NOAA 19,1 33591U 09005A   25185.90116172  .00000146  00000-0  10184-3 0  9991,2 33591  98.9963 250.7467 0012692 293.9166  66.0676 14.13385129845425
3.0,GENERATED VIA SPACE-TRACK.ORG API,2025-07-05 07:06:39+00:00,18 SPCS,NOAA 19,2009-005A,EARTH,TEME,UTC,SGP4,2025-07-05 04:25:25.870944+00:00,14.13385302,0.00126890,98.9962,251.0315,293.0472,66.9361,0,U,33591,999,84572,0.00010643000000,0.00000155,0.0000000000000,7225.947,101.883,856.981,838.643,PAYLOAD,LARGE,US,2009-02-06,AFWTR,,4775986,291722617,0 NOAA 19,1 33591U 09005A   25186.18432721  .00000155  00000-0  10643-3 0  9993,2 33591  98.9962 251.0315 0012689 293.0472  66.9361 14.13385302845723
3.0,GENERATED VIA SPACE-TRACK.ORG API,2025-07-05 14:56:19+00:00,18 SPCS,NOAA 19,2009-005A,EARTH,TEME,UTC,SGP4,2025-07-05 11:13:11.374464+00:00,14.13385326,0.00126820,98.9963,251.3162,292.1972,67.7854,0,U,33591,999,84576,0.00009965300000,0.00000142,0.0000000000000,7225.947,101.883,856.976,838.648,PAYLOAD,LARGE,US,2009-02-06,AFWTR,,4776278,291730117,0 NOAA 19,1 33591U 09005A   25186.46749276  .00000142  00000-0  99653-4 0  9995,2 33591  98.9963 251.3162 0012682 292.1972  67.7854 14.13385326845761
3.0,GENERATED VIA SPACE-TRACK.ORG API,2025-07-05 17:45:45+00:00,18 SPCS,NOAA 19,2009-005A,EARTH,TEME,UTC,SGP4,2025-07-05 14:37:04.123200+00:00,14.13385387,0.00126800,98.9963,251.4586,291.7558,68.2264,0,U,33591,999,84552,0.00010030000000,0.00000143,0.0000000000000,7225.947,101.883,856.975,838.650,PAYLOAD,LARGE,US,2009-02-06,AFWTR,,4776382,291744173,0 NOAA 19,1 33591U 09005A   25186.60907550  .00000143  00000-0  10030-3 0  9994,2 33591  98.9963 251.4586 0012680 291.7558  68.2264 14.13385387845527
3.0,GENERATED VIA SPACE-TRACK.ORG API,2025-07-05 22:56:17+00:00,18 SPCS,NOAA 19,2009-005A,EARTH,TEME,UTC,SGP4,2025-07-05 19:42:53.248032+00:00,14.13385395,0.00126780,98.9962,251.6721,291.1166,68.8650,0,U,33591,999,84581,0.00009445400000,0.00000132,0.0000000000000,7225.947,101.883,856.973,838.651,PAYLOAD,LARGE,US,2009-02-06,AFWTR,,4776586,291768077,0 NOAA 19,1 33591U 09005A   25186.82144963  .00000132  00000-0  94454-4 0  9990,2 33591  98.9962 251.6721 0012678 291.1166  68.8650 14.13385395845811
3.0,GENERATED VIA SPACE-TRACK.ORG API,2025-07-06 04:10:31+00:00,18 SPCS,NOAA 19,2009-005A,EARTH,TEME,UTC,SGP4,2025-07-05 21:24:49.622400+00:00,14.13385422,0.00126790,98.9962,251.7433,290.9001,69.0813,0,U,33591,999,84556,0.00009557000000,0.00000134,0.0000000000000,7225.947,101.883,856.974,838.650,PAYLOAD,LARGE,US,2009-02-06,AFWTR,,4776705,291782076,0 NOAA 19,1 33591U 09005A   25186.89224100  .00000134  00000-0  95570-4 0  9991,2 33591  98.9962 251.7433 0012679 290.9001  69.0813 14.13385422845565
3.0,GENERATED VIA SPACE-TRACK.ORG API,2025-07-06 06:46:18+00:00,18 SPCS,NOAA 19,2009-005A,EARTH,TEME,UTC,SGP4,2025-07-06 04:12:35.113824+00:00,14.13385593,0.00126820,98.9962,252.0280,290.0145,69.9661,0,U,33591,999,84586,0.00010024000000,0.00000143,0.0000000000000,7225.946,101.883,856.975,838.647,PAYLOAD,LARGE,US,2009-02-06,AFWTR,,4776844,291803964,0 NOAA 19,1 33591U 09005A   25187.17540641  .00000143  00000-0  10024-3 0  9994,2 33591  98.9962 252.0280 0012682 290.0145  69.9661 14.13385593845865
3.0,GENERATED VIA SPACE-TRACK.ORG API,2025-07-06 14:56:17+00:00,18 SPCS,NOAA 19,2009-005A,EARTH,TEME,UTC,SGP4,2025-07-06 12:42:16.983072+00:00,14.13385694,0.00126760,98.9963,252.3839,288.9425,71.0373,0,U,33591,999,84591,0.00009834700000,0.00000139,0.0000000000000,7225.946,101.883,856.971,838.651,PAYLOAD,LARGE,US,2009-02-06,AFWTR,,4777240,291813568,0 NOAA 19,1 33591U 09005A   25187.52936323  .00000139  00000-0  98347-4 0  9999,2 33591  98.9963 252.3839 0012676 288.9425  71.0373 14.13385694845911
3.0,GENERATED VIA SPACE-TRACK.ORG API,2025-07-06 18:05:35+00:00,18 SPCS,NOAA 19,2009-005A,EARTH,TEME,UTC,SGP4,2025-07-06 14:24:13.354848+00:00,14.13385741,0.00126760,98.9962,252.4551,288.7148,71.2648,0,U,33591,999,84566,0.00010080000000,0.00000144,0.0000000000000,7225.946,101.883,856.970,838.651,PAYLOAD,LARGE,US,2009-02-06,AFWTR,,4777297,291826646,0 NOAA 19,1 33591U 09005A   25187.60015457  .00000144  00000-0  10080-3 0  9997,2 33591  98.9962 252.4551 0012676 288.7148  71.2648 14.13385741845664
3.0,GENERATED VIA SPACE-TRACK.ORG API,2025-07-06 22:36:27+00:00,18 SPCS,NOAA 19,2009-005A,EARTH,TEME,UTC,SGP4,2025-07-06 19:30:02.473632+00:00,14.13385797,0.00126770,98.9962,252.6686,288.0555,71.9235,0,U,33591,999,84595,0.00010149000000,0.00000145,0.0000000000000,7225.946,101.883,856.971,838.650,PAYLOAD,LARGE,US,2009-02-06,AFWTR,,4777440,291849434,0 NOAA 19,1 33591U 09005A   25187.81252863  .00000145  00000-0  10149-3 0  9991,2 33591  98.9962 252.6686 0012677 288.0555  71.9235 14.13385797845953
3.0,GENERATED VIA SPACE-TRACK.ORG API,2025-07-07 05:18:27+00:00,18 SPCS,NOAA 19,2009-005A,EARTH,TEME,UTC,SGP4,2025-07-06 21:11:58.847136+00:00,14.13385814,0.00126780,98.9962,252.7398,287.8335,72.1454,0,U,33591,999,84570,0.00010055000000,0.00000144,0.0000000000000,7225.946,101.883,856.972,838.650,PAYLOAD,LARGE,US,2009-02-06,AFWTR,,4777611,291865018,0 NOAA 19,1 33591U 09005A   25187.88331999  .00000144  00000-0  10055-3 0  9991,2 33591  98.9962 252.7398 0012678 287.8335  72.1454 14.13385814845707
3.0,GENERATED VIA SPACE-TRACK.ORG API,2025-07-07 06:46:17+00:00,18 SPCS,NOAA 19,2009-005A,EARTH,TEME,UTC,SGP4,2025-07-07 02:17:47.965920+00:00,14.13385887,0.00126790,98.9962,252.9533,287.1773,72.8011,0,U,33591,999,84599,0.00009819600000,0.00000139,0.0000000000000,7225.945,101.883,856.972,838.649,PAYLOAD,LARGE,US,2009-02-06,AFWTR,,4777752,291887931,0 NOAA 19,1 33591U 09005A   25188.09569405  .00000139  00000-0  98196-4 0  9997,2 33591  98.9962 252.9533 0012679 287.1773  72.8011 14.13385887845997
3.0,GENERATED VIA SPACE-TRACK.ORG API,2025-07-07 14:36:18+00:00,18 SPCS,NOAA 19,2009-005A,EARTH,TEME,UTC,SGP4,2025-07-07 12:29:26.200032+00:00,14.13386089,0.00126710,98.9962,253.3804,285.9074,74.0702,0,U,33591,999,84605,0.00009985600000,0.00000142,0.0000000000000,7225.945,101.883,856.966,838.654,PAYLOAD,LARGE,US,2009-02-06,AFWTR,,4777988,291894097,0 NOAA 19,1 33591U 09005A   25188.52044213  .00000142  00000-0  99856-4 0  9998,2 33591  98.9962 253.3804 0012671 285.9074  74.0702 14.13386089846059
3.0,GENERATED VIA SPACE-TRACK.ORG API,2025-07-07 18:34:59+00:00,18 SPCS,NOAA 19,2009-005A,EARTH,TEME,UTC,SGP4,2025-07-07 14:11:22.570080+00:00,14.13386138,0.00126740,98.9962,253.4516,285.6722,74.3051,0,U,33591,999,84580,0.00010175000000,0.00000146,0.0000000000000,7225.945,101.883,856.968,838.651,PAYLOAD,LARGE,US,2009-02-06,AFWTR,,4778094,291906852,0 NOAA 19,1 33591U 09005A   25188.59123345  .00000146  00000-0  10175-3 0  9999,2 33591  98.9962 253.4516 0012674 285.6722  74.3051 14.13386138845807
3.0,GENERATED VIA SPACE-TRACK.ORG API,2025-07-07 23:06:17+00:00,18 SPCS,NOAA 19,2009-005A,EARTH,TEME,UTC,SGP4,2025-07-07 19:17:11.685408+00:00,14.13386204,0.00126760,98.9962,253.6651,285.0115,74.9653,0,U,33591,999,84609,0.00010097000000,0.00000144,0.0000000000000,7225.944,101.883,856.969,838.650,PAYLOAD,LARGE,US,2009-02-06,AFWTR,,4778383,291932805,0 NOAA 19,1 33591U 09005A   25188.80360747  .00000144  00000-0  10097-3 0  9993,2 33591  98.9962 253.6651 0012676 285.0115  74.9653 14.13386204846091
3.0,GENERATED VIA SPACE-TRACK.ORG API,2025-07-08 02:27:36+00:00,18 SPCS,NOAA 19,2009-005A,EARTH,TEME,UTC,SGP4,2025-07-07 22:41:04.428096+00:00,14.13386259,0.00126750,98.9962,253.8075,284.5747,75.4019,0,U,33591,999,84585,0.00010118000000,0.00000145,0.0000000000000,7225.944,101.883,856.968,838.650,PAYLOAD,LARGE,US,2009-02-06,AFWTR,,4778497,291945862,0 NOAA 19,1 33591U 09005A   25188.94519014  .00000145  00000-0  10118-3 0  9996,2 33591  98.9962 253.8075 0012675 284.5747  75.4019 14.13386259845852
3.0,GENERATED VIA SPACE-TRACK.ORG API,2025-07-08 07:07:00+00:00,18 SPCS,NOAA 19,2009-005A,EARTH,TEME,UTC,SGP4,2025-07-08 03:46:53.543424+00:00,14.13386357,0.00126760,98.9962,254.0210,283.9306,76.0456,0,U,33591,999,84614,0.00010076000000,0.00000144,0.0000000000000,7225.944,101.883,856.968,838.649,PAYLOAD,LARGE,US,2009-02-06,AFWTR,,4778810,291972414,0 NOAA 19,1 33591U 09005A   25189.15756416  .00000144  00000-0  10076-3 0  9991,2 33591  98.9962 254.0210 0012676 283.9306  76.0456 14.13386357846145
3.0,GENERATED VIA SPACE-TRACK.ORG API,2025-07-08 14:36:35+00:00,18 SPCS,NOAA 19,2009-005A,EARTH,TEME,UTC,SGP4,2025-07-08 12:16:35.398848+00:00,14.13386495,0.00126730,98.9962,254.3769,282.8202,77.1554,0,U,33591,999,84619,0.00009863800000,0.00000140,0.0000000000000,7225.943,101.883,856.966,838.651,PAYLOAD,LARGE,US,2009-02-06,AFWTR,,4779005,291977727,0 NOAA 19,1 33591U 09005A   25189.51152082  .00000140  00000-0  98638-4 0  9997,2 33591  98.9962 254.3769 0012673 282.8202  77.1554 14.13386495846196
3.0,GENERATED VIA SPACE-TRACK.ORG API,2025-07-08 17:26:03+00:00,18 SPCS,NOAA 19,2009-005A,EARTH,TEME,UTC,SGP4,2025-07-08 13:58:31.769760+00:00,14.13386531,0.00126750,98.9962,254.4481,282.5930,77.3824,0,U,33591,999,84594,0.00009832300000,0.00000139,0.0000000000000,7225.943,101.883,856.967,838.649,PAYLOAD,LARGE,US,2009-02-06,AFWTR,,4779207,291993547,0 NOAA 19,1 33591U 09005A   25189.58231215  .00000139  00000-0  98323-4 0  9999,2 33591  98.9962 254.4481 0012675 282.5930  77.3824 14.13386531845940
3.0,GENERATED VIA SPACE-TRACK.ORG API,2025-07-08 22:56:42+00:00,18 SPCS,NOAA 19,2009-005A,EARTH,TEME,UTC,SGP4,2025-07-08 17:22:24.511584+00:00,14.13386574,0.00126800,98.9962,254.5904,282.1725,77.8026,0,U,33591,999,84622,0.00009599800000,0.00000135,0.0000000000000,7225.943,101.883,856.971,838.646,PAYLOAD,LARGE,US,2009-02-06,AFWTR,,4779432,292017811,0 NOAA 19,1 33591U 09005A   25189.72389481  .00000135  00000-0  95998-4 0  9995,2 33591  98.9962 254.5904 0012680 282.1725  77.8026 14.13386574846223
3.0,GENERATED VIA SPACE-TRACK.ORG API,2025-07-09 02:22:42+00:00,18 SPCS,NOAA 19,2009-005A,EARTH,TEME,UTC,SGP4,2025-07-08 17:22:24.511584+00:00,14.13386574,0.00126800,98.9962,254.5904,282.1725,77.8026,0,U,33591,999,84596,0.00009599800000,0.00000135,0.0000000000000,7225.943,101.883,856.971,838.646,PAYLOAD,LARGE,US,2009-02-06,AFWTR,,4779531,292030394,0 NOAA 19,1 33591U 09005A   25189.72389481  .00000135  00000-0  95998-4 0  9995,2 33591  98.9962 254.5904 0012680 282.1725  77.8026 14.13386574845963
3.0,GENERATED VIA SPACE-TRACK.ORG API,2025-07-09 22:56:47+00:00,18 SPCS,NOAA 19,2009-005A,EARTH,TEME,UTC,SGP4,2025-07-09 20:33:26.427168+00:00,14.13387062,0.00126750,98.9962,255.7293,278.6650,81.3085,0,U,33591,999,84638,0.00009597400000,0.00000135,0.0000000000000,7225.941,101.883,856.965,838.647,PAYLOAD,LARGE,US,2009-02-06,AFWTR,,4780275,292099313,0 NOAA 19,1 33591U 09005A   25190.85655587  .00000135  00000-0  95974-4 0  9998,2 33591  98.9962 255.7293 0012675 278.6650  81.3085 14.13387062846383
3.0,GENERATED VIA SPACE-TRACK.ORG API,2025-07-10 07:06:46+00:00,18 SPCS,NOAA 19,2009-005A,EARTH,TEME,UTC,SGP4,2025-07-10 05:03:08.269632+00:00,14.13387271,0.00126800,98.9962,256.0852,277.5607,82.4125,0,U,33591,999,84643,0.00010072000000,0.00000144,0.0000000000000,7225.941,101.883,856.968,838.643,PAYLOAD,LARGE,US,2009-02-06,AFWTR,,4780608,292137774,0 NOAA 19,1 33591U 09005A   25191.21051238  .00000144  00000-0  10072-3 0  9997,2 33591  98.9962 256.0852 0012680 277.5607  82.4125 14.13387271846439
3.0,GENERATED VIA SPACE-TRACK.ORG API,2025-07-10 14:36:32+00:00,18 SPCS,NOAA 19,2009-005A,EARTH,TEME,UTC,SGP4,2025-07-10 11:50:53.745504+00:00,14.13387356,0.00126710,98.9962,256.3699,276.6851,83.2878,0,U,33591,999,84647,0.00009736500000,0.00000138,0.0000000000000,7225.940,101.883,856.961,838.649,PAYLOAD,LARGE,US,2009-02-06,AFWTR,,4780884,292144190,0 NOAA 19,1 33591U 09005A   25191.49367761  .00000138  00000-0  97365-4 0  9992,2 33591  98.9962 256.3699 0012671 276.6851  83.2878 14.13387356846474
3.0,GENERATED VIA SPACE-TRACK.ORG API,2025-07-10 19:44:45+00:00,18 SPCS,NOAA 19,2009-005A,EARTH,TEME,UTC,SGP4,2025-07-10 13:32:50.113824+00:00,14.13387393,0.00126710,98.9962,256.4411,276.4676,83.5053,0,U,33591,999,84622,0.00009753600000,0.00000138,0.0000000000000,7225.940,101.883,856.961,838.649,PAYLOAD,LARGE,US,2009-02-06,AFWTR,,4781076,292159767,0 NOAA 19,1 33591U 09005A   25191.56446891  .00000138  00000-0  97536-4 0  9992,2 33591  98.9962 256.4411 0012671 276.4676  83.5053 14.13387393846222
3.0,GENERATED VIA SPACE-TRACK.ORG API,2025-07-11 00:06:18+00:00,18 SPCS,NOAA 19,2009-005A,EARTH,TEME,UTC,SGP4,2025-07-10 20:20:35.584512+00:00,14.13387505,0.00126730,98.9961,256.7258,275.6010,84.3716,0,U,33591,999,84652,0.00009874500000,0.00000140,0.0000000000000,7225.940,101.883,856.962,838.647,PAYLOAD,LARGE,US,2009-02-06,AFWTR,,4781239,292183107,0 NOAA 19,1 33591U 09005A   25191.84763408  .00000140  00000-0  98745-4 0  9995,2 33591  98.9961 256.7258 0012673 275.6010  84.3716 14.13387505846521
3.0,GENERATED VIA SPACE-TRACK.ORG API,2025-07-11 02:53:47+00:00,18 SPCS,NOAA 19,2009-005A,EARTH,TEME,UTC,SGP4,2025-07-10 20:20:35.584512+00:00,14.13387505,0.00126730,98.9961,256.7258,275.6010,84.3716,0,U,33591,999,84626,0.00009874500000,0.00000140,0.0000000000000,7225.940,101.883,856.962,838.647,PAYLOAD,LARGE,US,2009-02-06,AFWTR,,4781297,292194911,0 NOAA 19,1 33591U 09005A   25191.84763408  .00000140  00000-0  98745-4 0  9995,2 33591  98.9961 256.7258 0012673 275.6010  84.3716 14.13387505846262
3.0,GENERATED VIA SPACE-TRACK.ORG API,2025-07-11 06:56:17+00:00,18 SPCS,NOAA 19,2009-005A,EARTH,TEME,UTC,SGP4,2025-07-11 04:50:17.420064+00:00,14.13387711,0.00126760,98.9961,257.0816,274.5040,85.4683,0,U,33591,999,84657,0.00010494000000,0.00000152,0.0000000000000,7225.939,101.883,856.964,838.645,PAYLOAD,LARGE,US,2009-02-06,AFWTR,,4781477,292218814,0 NOAA 19,1 33591U 09005A   25192.20159051  .00000152  00000-0  10494-3 0  9996,2 33591  98.9961 257.0816 0012676 274.5040  85.4683 14.13387711846578
3.0,GENERATED VIA SPACE-TRACK.ORG API,2025-07-11 14:56:43+00:00,18 SPCS,NOAA 19,2009-005A,EARTH,TEME,UTC,SGP4,2025-07-11 09:56:06.524160+00:00,14.13387759,0.00126710,98.9961,257.2952,273.8547,86.1176,0,U,33591,999,84660,0.00010138000000,0.00000145,0.0000000000000,7225.939,101.883,856.960,838.648,PAYLOAD,LARGE,US,2009-02-06,AFWTR,,4781854,292227429,0 NOAA 19,1 33591U 09005A   25192.41396440  .00000145  00000-0  10138-3 0  9991,2 33591  98.9961 257.2952 0012671 273.8547  86.1176 14.13387759846601
3.0,GENERATED VIA SPACE-TRACK.ORG API,2025-07-11 18:37:52+00:00,18 SPCS,NOAA 19,2009-005A,EARTH,TEME,UTC,SGP4,2025-07-11 13:19:59.254752+00:00,14.13387851,0.00126690,98.9961,257.4375,273.4123,86.5599,0,U,33591,999,84636,0.00010238000000,0.00000147,0.0000000000000,7225.939,101.883,856.958,838.649,PAYLOAD,LARGE,US,2009-02-06,AFWTR,,4781982,292241673,0 NOAA 19,1 33591U 09005A   25192.55554693  .00000147  00000-0  10238-3 0  9995,2 33591  98.9961 257.4375 0012669 273.4123  86.5599 14.13387851846364
3.0,GENERATED VIA SPACE-TRACK.ORG API,2025-07-11 22:46:27+00:00,18 SPCS,NOAA 19,2009-005A,EARTH,TEME,UTC,SGP4,2025-07-11 20:07:44.719392+00:00,14.13387987,0.00126680,98.9961,257.7223,272.5488,87.4233,0,U,33591,999,84666,0.00010522000000,0.00000152,0.0000000000000,7225.938,101.883,856.957,838.649,PAYLOAD,LARGE,US,2009-02-06,AFWTR,,4782170,292265721,0 NOAA 19,1 33591U 09005A   25192.83871203  .00000152  00000-0  10522-3 0  9997,2 33591  98.9961 257.7223 0012668 272.5488  87.4233 14.13387987846660
3.0,GENERATED VIA SPACE-TRACK.ORG API,2025-07-12 04:02:57+00:00,18 SPCS,NOAA 19,2009-005A,EARTH,TEME,UTC,SGP4,2025-07-11 21:49:41.085984+00:00,14.13388015,0.00126680,98.9961,257.7934,272.3362,87.6360,0,U,33591,999,84641,0.00010597000000,0.00000154,0.0000000000000,7225.938,101.883,856.957,838.649,PAYLOAD,LARGE,US,2009-02-06,AFWTR,,4782270,292278840,0 NOAA 19,1 33591U 09005A   25192.90950331  .00000154  00000-0  10597-3 0  9999,2 33591  98.9961 257.7934 0012668 272.3362  87.6360 14.13388015846417
3.0,GENERATED VIA SPACE-TRACK.ORG API,2025-07-12 07:06:51+00:00,18 SPCS,NOAA 19,2009-005A,EARTH,TEME,UTC,SGP4,2025-07-12 04:37:26.550624+00:00,14.13388187,0.00126650,98.9960,258.0782,271.4836,88.4885,0,U,33591,999,84671,0.00011043000000,0.00000162,0.0000000000000,7225.938,101.883,856.954,838.651,PAYLOAD,LARGE,US,2009-02-06,AFWTR,,4782547,292303945,0 NOAA 19,1 33591U 09005A   25193.19266841  .00000162  00000-0  11043-3 0  9993,2 33591  98.9960 258.0782 0012665 271.4836  88.4885 14.13388187846718
3.0,GENERATED VIA SPACE-TRACK.ORG API,2025-07-12 14:56:18+00:00,18 SPCS,NOAA 19,2009-005A,EARTH,TEME,UTC,SGP4,2025-07-12 11:25:12.016992+00:00,14.13388257,0.00126560,98.9960,258.3629,270.6244,89.3478,0,U,33591,999,84675,0.00010758000000,0.00000157,0.0000000000000,7225.937,101.883,856.947,838.657,PAYLOAD,LARGE,US,2009-02-06,AFWTR,,4782846,292313086,0 NOAA 19,1 33591U 09005A   25193.47583353  .00000157  00000-0  10758-3 0  9990,2 33591  98.9960 258.3629 0012656 270.6244  89.3478 14.13388257846755
3.0,GENERATED VIA SPACE-TRACK.ORG API,2025-07-12 17:51:30+00:00,18 SPCS,NOAA 19,2009-005A,EARTH,TEME,UTC,SGP4,2025-07-12 13:07:08.383584+00:00,14.13388264,0.00126570,98.9960,258.4341,270.4006,89.5716,0,U,33591,999,84650,0.00010558000000,0.00000153,0.0000000000000,7225.937,101.883,856.948,838.656,PAYLOAD,LARGE,US,2009-02-06,AFWTR,,4782975,292325871,0 NOAA 19,1 33591U 09005A   25193.54662481  .00000153  00000-0  10558-3 0  9992,2 33591  98.9960 258.4341 0012657 270.4006  89.5716 14.13388264846500
3.0,GENERATED VIA SPACE-TRACK.ORG API,2025-07-12 22:56:33+00:00,18 SPCS,NOAA 19,2009-005A,EARTH,TEME,UTC,SGP4,2025-07-12 19:54:53.839584+00:00,14.13388424,0.00126600,98.9960,258.7188,269.5415,90.4306,0,U,33591,999,84680,0.00011205000000,0.00000165,0.0000000000000,7225.937,101.883,856.950,838.654,PAYLOAD,LARGE,US,2009-02-06,AFWTR,,4783211,292382206,0 NOAA 19,1 33591U 09005A   25193.82978981  .00000165  00000-0  11205-3 0  9991,2 33591  98.9960 258.7188 0012660 269.5415  90.4306 14.13388424846806
3.0,GENERATED VIA SPACE-TRACK.ORG API,2025-07-13 02:53:07+00:00,18 SPCS,NOAA 19,2009-005A,EARTH,TEME,UTC,SGP4,2025-07-12 21:36:50.205312+00:00,14.13388439,0.00126580,98.9960,258.7900,269.3315,90.6406,0,U,33591,999,84655,0.00011072000000,0.00000163,0.0000000000000,7225.937,101.883,856.948,838.655,PAYLOAD,LARGE,US,2009-02-06,AFWTR,,4783301,292395327,0 NOAA 19,1 33591U 09005A   25193.90058108  .00000163  00000-0  11072-3 0  9990,2 33591  98.9960 258.7900 0012658 269.3315  90.6406 14.13388439846553
3.0,GENERATED VIA SPACE-TRACK.ORG API,2025-07-13 06:56:18+00:00,18 SPCS,NOAA 19,2009-005A,EARTH,TEME,UTC,SGP4,2025-07-13 04:24:35.663904+00:00,14.13388579,0.00126620,98.9959,259.0747,268.4729,91.4992,0,U,33591,999,84685,0.00011343000000,0.00000168,0.0000000000000,7225.936,101.883,856.951,838.652,PAYLOAD,LARGE,US,2009-02-06,AFWTR,,4783493,292420428,0 NOAA 19,1 33591U 09005A   25194.18374611  .00000168  00000-0  11343-3 0  9997,2 33591  98.9959 259.0747 0012662 268.4729  91.4992 14.13388579846855
3.0,GENERATED VIA SPACE-TRACK.ORG API,2025-07-13 14:56:32+00:00,18 SPCS,NOAA 19,2009-005A,EARTH,TEME,UTC,SGP4,2025-07-13 11:12:21.123360+00:00,14.13388642,0.00126580,98.9959,259.3594,267.5976,92.3747,0,U,33591,999,84689,0.00010993000000,0.00000161,0.0000000000000,7225.936,101.883,856.948,838.654,PAYLOAD,LARGE,US,2009-02-06,AFWTR,,4783897,292427928,0 NOAA 19,1 33591U 09005A   25194.46691115  .00000161  00000-0  10993-3 0  9992,2 33591  98.9959 259.3594 0012658 267.5976  92.3747 14.13388642846890
3.0,GENERATED VIA SPACE-TRACK.ORG API,2025-07-13 19:20:00+00:00,18 SPCS,NOAA 19,2009-005A,EARTH,TEME,UTC,SGP4,2025-07-13 14:36:13.851360+00:00,14.13388693,0.00126610,98.9959,259.5017,267.1561,92.8162,0,U,33591,999,84665,0.00010866000000,0.00000159,0.0000000000000,7225.936,101.883,856.950,838.652,PAYLOAD,LARGE,US,2009-02-06,AFWTR,,4783979,292441325,0 NOAA 19,1 33591U 09005A   25194.60849365  .00000159  00000-0  10866-3 0  9996,2 33591  98.9959 259.5017 0012661 267.1561  92.8162 14.13388693846658
3.0,GENERATED VIA SPACE-TRACK.ORG API,2025-07-13 22:56:27+00:00,18 SPCS,NOAA 19,2009-005A,EARTH,TEME,UTC,SGP4,2025-07-13 19:42:02.942496+00:00,14.13388731,0.00126660,98.9959,259.7153,266.5195,93.4528,0,U,33591,999,84694,0.00010688000000,0.00000155,0.0000000000000,7225.936,101.883,856.953,838.648,PAYLOAD,LARGE,US,2009-02-06,AFWTR,,4784197,292497128,0 NOAA 19,1 33591U 09005A   25194.82086739  .00000155  00000-0  10688-3 0  9996,2 33591  98.9959 259.7153 0012666 266.5195  93.4528 14.13388731846940
3.0,GENERATED VIA SPACE-TRACK.ORG API,2025-07-14 05:53:48+00:00,18 SPCS,NOAA 19,2009-005A,EARTH,TEME,UTC,SGP4,2025-07-13 21:23:59.307360+00:00,14.13388724,0.00126680,98.9958,259.7864,266.2944,93.6780,0,U,33591,999,84669,0.00010335000000,0.00000149,0.0000000000000,7225.936,101.883,856.955,838.647,PAYLOAD,LARGE,US,2009-02-06,AFWTR,,4784289,292510488,0 NOAA 19,1 33591U 09005A   25194.89165865  .00000149  00000-0  10335-3 0  9993,2 33591  98.9958 259.7864 0012668 266.2944  93.6780 14.13388724846695
3.0,GENERATED VIA SPACE-TRACK.ORG API,2025-07-14 07:06:41+00:00,18 SPCS,NOAA 19,2009-005A,EARTH,TEME,UTC,SGP4,2025-07-14 04:11:44.760768+00:00,14.13388853,0.00126780,98.9958,260.0711,265.4332,94.5392,0,U,33591,999,84699,0.00010378000000,0.00000150,0.0000000000000,7225.935,101.883,856.961,838.639,PAYLOAD,LARGE,US,2009-02-06,AFWTR,,4784547,292536254,0 NOAA 19,1 33591U 09005A   25195.17482362  .00000150  00000-0  10378-3 0  9998,2 33591  98.9958 260.0711 0012678 265.4332  94.5392 14.13388853846999
3.0,GENERATED VIA SPACE-TRACK.ORG API,2025-07-14 14:56:21+00:00,18 SPCS,NOAA 19,2009-005A,EARTH,TEME,UTC,SGP4,2025-07-14 10:59:30.213312+00:00,14.13388938,0.00126780,98.9958,260.3558,264.5563,95.4162,0,U,33591,999,84703,0.00010272000000,0.00000148,0.0000000000000,7225.935,101.883,856.961,838.639,PAYLOAD,LARGE,US,2009-02-06,AFWTR,,4784857,292543677,0 NOAA 19,1 33591U 09005A   25195.45798858  .00000148  00000-0  10272-3 0  9999,2 33591  98.9958 260.3558 0012678 264.5563  95.4162 14.13388938847032
3.0,GENERATED VIA SPACE-TRACK.ORG API,2025-07-14 18:08:03+00:00,18 SPCS,NOAA 19,2009-005A,EARTH,TEME,UTC,SGP4,2025-07-14 14:23:22.938720+00:00,14.13389002,0.00126810,98.9958,260.4982,264.1142,95.8585,0,U,33591,999,84679,0.00010171000000,0.00000146,0.0000000000000,7225.935,101.883,856.963,838.637,PAYLOAD,LARGE,US,2009-02-06,AFWTR,,4784987,292557196,0 NOAA 19,1 33591U 09005A   25195.59957105  .00000146  00000-0  10171-3 0  9992,2 33591  98.9958 260.4982 0012681 264.1142  95.8585 14.13389002846795
3.0,GENERATED VIA SPACE-TRACK.ORG API,2025-07-14 22:36:20+00:00,18 SPCS,NOAA 19,2009-005A,EARTH,TEME,UTC,SGP4,2025-07-14 17:47:15.663264+00:00,14.13389047,0.00126870,98.9958,260.6406,263.6771,96.2956,0,U,33591,999,84707,0.00010181000000,0.00000146,0.0000000000000,7225.935,101.883,856.967,838.632,PAYLOAD,LARGE,US,2009-02-06,AFWTR,,4785086,292579850,0 NOAA 19,1 33591U 09005A   25195.74115351  .00000146  00000-0  10181-3 0  9999,2 33591  98.9958 260.6406 0012687 263.6771  96.2956 14.13389047847074
3.0,GENERATED VIA SPACE-TRACK.ORG API,2025-07-15 03:13:35+00:00,18 SPCS,NOAA 19,2009-005A,EARTH,TEME,UTC,SGP4,2025-07-14 21:11:08.388672+00:00,14.13389057,0.00126910,98.9957,260.7829,263.2392,96.7336,0,U,33591,999,84683,0.00009872200000,0.00000140,0.0000000000000,7225.935,101.883,856.970,838.629,PAYLOAD,LARGE,US,2009-02-06,AFWTR,,4785252,292594662,0 NOAA 19,1 33591U 09005A   25195.88273598  .00000140  00000-0  98722-4 0  9994,2 33591  98.9957 260.7829 0012691 263.2392  96.7336 14.13389057846834
3.0,GENERATED VIA SPACE-TRACK.ORG API,2025-07-15 07:06:33+00:00,18 SPCS,NOAA 19,2009-005A,EARTH,TEME,UTC,SGP4,2025-07-15 03:58:53.836896+00:00,14.13389211,0.00127010,98.9957,261.0676,262.3869,97.5861,0,U,33591,999,84713,0.00009888600000,0.00000140,0.0000000000000,7225.934,101.883,856.977,838.621,PAYLOAD,LARGE,US,2009-02-06,AFWTR,,4785527,292620585,0 NOAA 19,1 33591U 09005A   25196.16590089  .00000140  00000-0  98886-4 0  9994,2 33591  98.9957 261.0676 0012701 262.3869  97.5861 14.13389211847137
3.0,GENERATED VIA SPACE-TRACK.ORG API,2025-07-15 14:56:18+00:00,18 SPCS,NOAA 19,2009-005A,EARTH,TEME,UTC,SGP4,2025-07-15 10:46:39.284256+00:00,14.13389329,0.00127040,98.9957,261.3523,261.5266,98.4466,0,U,33591,999,84717,0.00010100000000,0.00000144,0.0000000000000,7225.934,101.883,856.978,838.619,PAYLOAD,LARGE,US,2009-02-06,AFWTR,,4785903,292629111,0 NOAA 19,1 33591U 09005A   25196.44906579  .00000144  00000-0  10100-3 0  9996,2 33591  98.9957 261.3523 0012704 261.5266  98.4466 14.13389329847171
3.0,GENERATED VIA SPACE-TRACK.ORG API,2025-07-15 20:01:57+00:00,18 SPCS,NOAA 19,2009-005A,EARTH,TEME,UTC,SGP4,2025-07-15 14:10:32.006208+00:00,14.13389397,0.00127080,98.9957,261.4946,261.0801,98.8932,0,U,33591,999,84693,0.00009931200000,0.00000141,0.0000000000000,7225.933,101.883,856.981,838.616,PAYLOAD,LARGE,US,2009-02-06,AFWTR,,4785994,292641958,0 NOAA 19,1 33591U 09005A   25196.59064822  .00000141  00000-0  99312-4 0  9998,2 33591  98.9957 261.4946 0012708 261.0801  98.8932 14.13389397846935
3.0,GENERATED VIA SPACE-TRACK.ORG API,2025-07-15 22:36:17+00:00,18 SPCS,NOAA 19,2009-005A,EARTH,TEME,UTC,SGP4,2025-07-15 19:16:21.093024+00:00,14.13389426,0.00127110,98.9957,261.7081,260.4482,99.5253,0,U,33591,999,84722,0.00009431800000,0.00000132,0.0000000000000,7225.933,101.883,856.983,838.613,PAYLOAD,LARGE,US,2009-02-06,AFWTR,,4786106,292664025,0 NOAA 19,1 33591U 09005A   25196.80302191  .00000132  00000-0  94318-4 0  9997,2 33591  98.9957 261.7081 0012711 260.4482  99.5253 14.13389426847220
3.0,GENERATED VIA SPACE-TRACK.ORG API,2025-07-16 03:29:09+00:00,18 SPCS,NOAA 19,2009-005A,EARTH,TEME,UTC,SGP4,2025-07-15 20:58:17.453568+00:00,14.13389452,0.00127140,98.9957,261.7793,260.2368,99.7368,0,U,33591,999,84697,0.00009438300000,0.00000132,0.0000000000000,7225.933,101.883,856.985,838.611,PAYLOAD,LARGE,US,2009-02-06,AFWTR,,4786315,292680313,0 NOAA 19,1 33591U 09005A   25196.87381312  .00000132  00000-0  94383-4 0  9998,2 33591  98.9957 261.7793 0012714 260.2368  99.7368 14.13389452846973
3.0,GENERATED VIA SPACE-TRACK.ORG API,2025-07-16 06:36:17+00:00,18 SPCS,NOAA 19,2009-005A,EARTH,TEME,UTC,SGP4,2025-07-16 03:46:02.897472+00:00,14.13389575,0.00127210,98.9956,262.0640,259.3670,100.6069,0,U,33591,999,84727,0.00009401400000,0.00000131,0.0000000000000,7225.933,101.883,856.990,838.606,PAYLOAD,LARGE,US,2009-02-06,AFWTR,,4786421,292701698,0 NOAA 19,1 33591U 09005A   25197.15697798  .00000131  00000-0  94014-4 0  9998,2 33591  98.9956 262.0640 0012721 259.3670 100.6069 14.13389575847270
3.0,GENERATED VIA SPACE-TRACK.ORG API,2025-07-16 14:56:25+00:00,18 SPCS,NOAA 19,2009-005A,EARTH,TEME,UTC,SGP4,2025-07-16 12:15:44.698464+00:00,14.13389784,0.00127220,98.9956,262.4199,258.2719,101.7026,0,U,33591,999,84732,0.00009948400000,0.00000142,0.0000000000000,7225.932,101.883,856.990,838.604,PAYLOAD,LARGE,US,2009-02-06,AFWTR,,4786838,292712722,0 NOAA 19,1 33591U 09005A   25197.51093401  .00000142  00000-0  99484-4 0  9997,2 33591  98.9956 262.4199 0012722 258.2719 101.7026 14.13389784847329
3.0,GENERATED VIA SPACE-TRACK.ORG API,2025-07-16 18:05:52+00:00,18 SPCS,NOAA 19,2009-005A,EARTH,TEME,UTC,SGP4,2025-07-16 13:57:41.059008+00:00,14.13389806,0.00127260,98.9956,262.4911,258.0567,101.9178,0,U,33591,999,84707,0.00009720300000,0.00000137,0.0000000000000,7225.932,101.883,856.993,838.601,PAYLOAD,LARGE,US,2009-02-06,AFWTR,,4786964,292726388,0 NOAA 19,1 33591U 09005A   25197.58172522  .00000137  00000-0  97203-4 0  9997,2 33591  98.9956 262.4911 0012726 258.0567 101.9178 14.13389806847071
3.0,GENERATED VIA SPACE-TRACK.ORG API,2025-07-16 22:56:18+00:00,18 SPCS,NOAA 19,2009-005A,EARTH,TEME,UTC,SGP4,2025-07-16 20:45:26.502912+00:00,14.13389872,0.00127370,98.9956,262.7757,257.2193,102.7556,0,U,33591,999,84737,0.00009236400000,0.00000128,0.0000000000000,7225.932,101.883,857.000,838.593,PAYLOAD,LARGE,US,2009-02-06,AFWTR,,4787188,292751840,0 NOAA 19,1 33591U 09005A   25197.86489008  .00000128  00000-0  92364-4 0  9991,2 33591  98.9956 262.7757 0012737 257.2193 102.7556 14.13389872847375
3.0,GENERATED VIA SPACE-TRACK.ORG API,2025-07-17 06:56:19+00:00,18 SPCS,NOAA 19,2009-005A,EARTH,TEME,UTC,SGP4,2025-07-17 03:33:11.940768+00:00,14.13390008,0.00127430,98.9956,263.0604,256.3463,103.6290,0,U,33591,999,84741,0.00009189400000,0.00000127,0.0000000000000,7225.931,101.883,857.004,838.588,PAYLOAD,LARGE,US,2009-02-06,AFWTR,,4787510,292789529,0 NOAA 19,1 33591U 09005A   25198.14805487  .00000127  00000-0  91894-4 0  9992,2 33591  98.9956 263.0604 0012743 256.3463 103.6290 14.13390008847410
3.0,GENERATED VIA SPACE-TRACK.ORG API,2025-07-17 17:14:11+00:00,18 SPCS,NOAA 19,2009-005A,EARTH,TEME,UTC,SGP4,2025-07-17 08:39:01.016352+00:00,14.13390196,0.00127360,98.9956,263.2740,255.6934,104.2824,0,U,33591,999,84718,0.00010085000000,0.00000144,0.0000000000000,7225.931,101.883,856.999,838.593,PAYLOAD,LARGE,US,2009-02-06,AFWTR,,4787632,292803318,0 NOAA 19,1 33591U 09005A   25198.36042843  .00000144  00000-0  10085-3 0  9996,2 33591  98.9956 263.2740 0012736 255.6934 104.2824 14.13390196847182
3.0,GENERATED VIA SPACE-TRACK.ORG API,2025-07-17 20:36:33+00:00,18 SPCS,NOAA 19,2009-005A,EARTH,TEME,UTC,SGP4,2025-07-17 17:08:42.811296+00:00,14.13390315,0.00127430,98.9955,263.6298,254.6234,105.3530,0,U,33591,999,84749,0.00009531100000,0.00000134,0.0000000000000,7225.930,101.883,857.003,838.587,PAYLOAD,LARGE,US,2009-02-06,AFWTR,,4787862,292829100,0 NOAA 19,1 33591U 09005A   25198.71438439  .00000134  00000-0  95311-4 0  9990,2 33591  98.9955 263.6298 0012743 254.6234 105.3530 14.13390315847496
3.0,GENERATED VIA SPACE-TRACK.ORG API,2025-07-17 22:36:28+00:00,18 SPCS,NOAA 19,2009-005A,EARTH,TEME,UTC,SGP4,2025-07-17 20:32:35.528928+00:00,14.13390368,0.00127450,98.9955,263.7722,254.2017,105.7750,0,U,33591,999,84751,0.00009501300000,0.00000133,0.0000000000000,7225.930,101.883,857.005,838.586,PAYLOAD,LARGE,US,2009-02-06,AFWTR,,4788069,292833253,0 NOAA 19,1 33591U 09005A   25198.85596677  .00000133  00000-0  95013-4 0  9992,2 33591  98.9955 263.7722 0012745 254.2017 105.7750 14.13390368847515
3.0,GENERATED VIA SPACE-TRACK.ORG API,2025-07-18 07:06:34+00:00,18 SPCS,NOAA 19,2009-005A,EARTH,TEME,UTC,SGP4,2025-07-18 05:02:17.320416+00:00,14.13390553,0.00127570,98.9955,264.1280,253.1031,106.8743,0,U,33591,999,84756,0.00009646000000,0.00000136,0.0000000000000,7225.929,101.883,857.013,838.576,PAYLOAD,LARGE,US,2009-02-06,AFWTR,,4788354,292870618,0 NOAA 19,1 33591U 09005A   25199.20992269  .00000136  00000-0  96460-4 0  9999,2 33591  98.9955 264.1280 0012757 253.1031 106.8743 14.13390553847561
3.0,GENERATED VIA SPACE-TRACK.ORG API,2025-07-18 14:46:26+00:00,18 SPCS,NOAA 19,2009-005A,EARTH,TEME,UTC,SGP4,2025-07-18 11:50:02.752224+00:00,14.13390666,0.00127590,98.9955,264.4127,252.2254,107.7525,0,U,33591,999,84760,0.00009503800000,0.00000133,0.0000000000000,7225.929,101.883,857.014,838.575,PAYLOAD,LARGE,US,2009-02-06,AFWTR,,4788673,292876964,0 NOAA 19,1 33591U 09005A   25199.49308741  .00000133  00000-0  95038-4 0  9993,2 33591  98.9955 264.4127 0012759 252.2254 107.7525 14.13390666847601
3.0,GENERATED VIA SPACE-TRACK.ORG API,2025-07-18 17:36:17+00:00,18 SPCS,NOAA 19,2009-005A,EARTH,TEME,UTC,SGP4,2025-07-18 13:31:59.109312+00:00,14.13390712,0.00127590,98.9955,264.4839,252.0069,107.9713,0,U,33591,999,84735,0.00009604000000,0.00000135,0.0000000000000,7225.929,101.883,857.013,838.574,PAYLOAD,LARGE,US,2009-02-06,AFWTR,,4788870,292893459,0 NOAA 19,1 33591U 09005A   25199.56387858  .00000135  00000-0  96040-4 0  9993,2 33591  98.9955 264.4839 0012759 252.0069 107.9713 14.13390712847358
3.0,GENERATED VIA SPACE-TRACK.ORG API,2025-07-18 22:36:27+00:00,18 SPCS,NOAA 19,2009-005A,EARTH,TEME,UTC,SGP4,2025-07-18 20:19:44.537664+00:00,14.13390830,0.00127670,98.9955,264.7686,251.1658,108.8130,0,U,33591,999,84765,0.00009549200000,0.00000134,0.0000000000000,7225.929,101.883,857.019,838.568,PAYLOAD,LARGE,US,2009-02-06,AFWTR,,4789033,292915311,0 NOAA 19,1 33591U 09005A   25199.84704326  .00000134  00000-0  95492-4 0  9996,2 33591  98.9955 264.7686 0012767 251.1658 108.8130 14.13390830847651
3.0,GENERATED VIA SPACE-TRACK.ORG API,2025-07-19 02:59:01+00:00,18 SPCS,NOAA 19,2009-005A,EARTH,TEME,UTC,SGP4,2025-07-18 22:01:40.894752+00:00,14.13390856,0.00127680,98.9955,264.8398,250.9478,109.0311,0,U,33591,999,84740,0.00009602700000,0.00000135,0.0000000000000,7225.928,101.883,857.020,838.567,PAYLOAD,LARGE,US,2009-02-06,AFWTR,,4789185,292930542,0 NOAA 19,1 33591U 09005A   25199.91783443  .00000135  00000-0  96027-4 0  9997,2 33591  98.9955 264.8398 0012768 250.9478 109.0311 14.13390856847405
3.0,GENERATED VIA SPACE-TRACK.ORG API,2025-07-19 07:06:41+00:00,18 SPCS,NOAA 19,2009-005A,EARTH,TEME,UTC,SGP4,2025-07-19 04:49:26.323968+00:00,14.13390953,0.00127790,98.9955,265.1245,250.0734,109.9062,0,U,33591,999,84770,0.00009487900000,0.00000133,0.0000000000000,7225.928,101.883,857.027,838.559,PAYLOAD,LARGE,US,2009-02-06,AFWTR,,4789429,292955555,0 NOAA 19,1 33591U 09005A   25200.20099912  .00000133  00000-0  94879-4 0  9994,2 33591  98.9955 265.1245 0012779 250.0734 109.9062 14.13390953847701
3.0,GENERATED VIA SPACE-TRACK.ORG API,2025-07-19 15:06:41+00:00,18 SPCS,NOAA 19,2009-005A,EARTH,TEME,UTC,SGP4,2025-07-19 11:37:11.748864+00:00,14.13391101,0.00127840,98.9955,265.4092,249.1858,110.7945,0,U,33591,999,84774,0.00009899800000,0.00000141,0.0000000000000,7225.928,101.883,857.030,838.555,PAYLOAD,LARGE,US,2009-02-06,AFWTR,,4789808,292963842,0 NOAA 19,1 33591U 09005A   25200.48416376  .00000141  00000-0  98998-4 0  9996,2 33591  98.9955 265.4092 0012784 249.1858 110.7945 14.13391101847746
3.0,GENERATED VIA SPACE-TRACK.ORG API,2025-07-19 18:16:43+00:00,18 SPCS,NOAA 19,2009-005A,EARTH,TEME,UTC,SGP4,2025-07-19 13:19:08.105088+00:00,14.13391130,0.00127860,98.9955,265.4804,248.9692,111.0113,0,U,33591,999,84749,0.00009823500000,0.00000139,0.0000000000000,7225.928,101.883,857.032,838.553,PAYLOAD,LARGE,US,2009-02-06,AFWTR,,4789892,292978071,0 NOAA 19,1 33591U 09005A   25200.55495492  .00000139  00000-0  98235-4 0  9991,2 33591  98.9955 265.4804 0012786 248.9692 111.0113 14.13391130847497
3.0,GENERATED VIA SPACE-TRACK.ORG API,2025-07-19 22:56:16+00:00,18 SPCS,NOAA 19,2009-005A,EARTH,TEME,UTC,SGP4,2025-07-19 20:06:53.528256+00:00,14.13391242,0.00127880,98.9954,265.7651,248.1132,111.8680,0,U,33591,999,84779,0.00009932600000,0.00000141,0.0000000000000,7225.927,101.883,857.033,838.552,PAYLOAD,LARGE,US,2009-02-06,AFWTR,,4790118,293002859,0 NOAA 19,1 33591U 09005A   25200.83811954  .00000141  00000-0  99326-4 0  9992,2 33591  98.9954 265.7651 0012788 248.1132 111.8680 14.13391242847796
3.0,GENERATED VIA SPACE-TRACK.ORG API,2025-07-20 01:55:49+00:00,18 SPCS,NOAA 19,2009-005A,EARTH,TEME,UTC,SGP4,2025-07-19 21:48:49.884480+00:00,14.13391270,0.00127890,98.9954,265.8363,247.9099,112.0715,0,U,33591,999,84754,0.00010030000000,0.00000143,0.0000000000000,7225.927,101.883,857.033,838.551,PAYLOAD,LARGE,US,2009-02-06,AFWTR,,4790181,293015472,0 NOAA 19,1 33591U 09005A   25200.90891070  .00000143  00000-0  10030-3 0  9993,2 33591  98.9954 265.8363 0012789 247.9099 112.0715 14.13391270847543
3.0,GENERATED VIA SPACE-TRACK.ORG API,2025-07-20 06:36:28+00:00,18 SPCS,NOAA 19,2009-005A,EARTH,TEME,UTC,SGP4,2025-07-20 04:36:35.311104+00:00,14.13391338,0.00127930,98.9954,266.1210,247.0529,112.9293,0,U,33591,999,84784,0.00009551900000,0.00000134,0.0000000000000,7225.927,101.883,857.036,838.548,PAYLOAD,LARGE,US,2009-02-06,AFWTR,,4790279,293036526,0 NOAA 19,1 33591U 09005A   25201.19207536  .00000134  00000-0  95519-4 0  9999,2 33591  98.9954 266.1210 0012793 247.0529 112.9293 14.13391338847840
3.0,GENERATED VIA SPACE-TRACK.ORG API,2025-07-20 14:46:59+00:00,18 SPCS,NOAA 19,2009-005A,EARTH,TEME,UTC,SGP4,2025-07-20 11:24:20.736000+00:00,14.13391392,0.00127960,98.9954,266.4057,246.1792,113.8038,0,U,33591,999,84788,0.00009188300000,0.00000127,0.0000000000000,7225.927,101.883,857.038,838.545,PAYLOAD,LARGE,US,2009-02-06,AFWTR,,4790529,293042338,0 NOAA 19,1 33591U 09005A   25201.47524000  .00000127  00000-0  91883-4 0  9990,2 33591  98.9954 266.4057 0012796 246.1792 113.8038 14.13391392847888
3.0,GENERATED VIA SPACE-TRACK.ORG API,2025-07-20 17:14:18+00:00,18 SPCS,NOAA 19,2009-005A,EARTH,TEME,UTC,SGP4,2025-07-20 14:48:13.446720+00:00,14.13391456,0.00128000,98.9954,266.5481,245.7471,114.2364,0,U,33591,999,84764,0.00009243400000,0.00000128,0.0000000000000,7225.926,101.883,857.041,838.542,PAYLOAD,LARGE,US,2009-02-06,AFWTR,,4790804,293061279,0 NOAA 19,1 33591U 09005A   25201.61682230  .00000128  00000-0  92434-4 0  9990,2 33591  98.9954 266.5481 0012800 245.7471 114.2364 14.13391456847647
3.0,GENERATED VIA SPACE-TRACK.ORG API,2025-07-20 22:56:32+00:00,18 SPCS,NOAA 19,2009-005A,EARTH,TEME,UTC,SGP4,2025-07-20 19:54:02.508480+00:00,14.13391565,0.00128080,98.9954,266.7616,245.1074,114.8767,0,U,33591,999,84793,0.00009900000000,0.00000141,0.0000000000000,7225.926,101.883,857.046,838.536,PAYLOAD,LARGE,US,2009-02-06,AFWTR,,4791021,293085951,0 NOAA 19,1 33591U 09005A   25201.82919570  .00000141  00000-0  99000-4 0  9994,2 33591  98.9954 266.7616 0012808 245.1074 114.8767 14.13391565847936
3.0,GENERATED VIA SPACE-TRACK.ORG API,2025-07-21 05:22:01+00:00,18 SPCS,NOAA 19,2009-005A,EARTH,TEME,UTC,SGP4,2025-07-20 21:35:58.862112+00:00,14.13391593,0.00128090,98.9954,266.8328,244.8907,115.0936,0,U,33591,999,84768,0.00009989000000,0.00000142,0.0000000000000,7225.926,101.883,857.047,838.535,PAYLOAD,LARGE,US,2009-02-06,AFWTR,,4791124,293099268,0 NOAA 19,1 33591U 09005A   25201.89998683  .00000142  00000-0  99890-4 0  9991,2 33591  98.9954 266.8328 0012809 244.8907 115.0936 14.13391593847683
3.0,GENERATED VIA SPACE-TRACK.ORG API,2025-07-21 06:56:33+00:00,18 SPCS,NOAA 19,2009-005A,EARTH,TEME,UTC,SGP4,2025-07-21 04:23:44.280096+00:00,14.13391744,0.00128240,98.9954,267.1175,244.0445,115.9406,0,U,33591,999,84798,0.00010498000000,0.00000152,0.0000000000000,7225.925,101.883,857.057,838.524,PAYLOAD,LARGE,US,2009-02-06,AFWTR,,4791311,293124185,0 NOAA 19,1 33591U 09005A   25202.18315139  .00000152  00000-0  10498-3 0  9990,2 33591  98.9954 267.1175 0012824 244.0445 115.9406 14.13391744847985
3.0,GENERATED VIA SPACE-TRACK.ORG API,2025-07-21 14:56:46+00:00,18 SPCS,NOAA 19,2009-005A,EARTH,TEME,UTC,SGP4,2025-07-21 11:11:29.699808+00:00,14.13391813,0.00128250,98.9954,267.4022,243.1766,116.8094,0,U,33591,999,84802,0.00010390000000,0.00000150,0.0000000000000,7225.925,101.883,857.057,838.523,PAYLOAD,LARGE,US,2009-02-06,AFWTR,,4791663,293131722,0 NOAA 19,1 33591U 09005A   25202.46631597  .00000150  00000-0  10390-3 0  9999,2 33591  98.9954 267.4022 0012825 243.1766 116.8094 14.13391813848022
3.0,GENERATED VIA SPACE-TRACK.ORG API,2025-07-21 18:25:45+00:00,18 SPCS,NOAA 19,2009-005A,EARTH,TEME,UTC,SGP4,2025-07-21 14:35:22.407936+00:00,14.13391894,0.00128320,98.9954,267.5445,242.7448,117.2418,0,U,33591,999,84778,0.00010612000000,0.00000154,0.0000000000000,7225.925,101.883,857.062,838.518,PAYLOAD,LARGE,US,2009-02-06,AFWTR,,4791724,293144633,0 NOAA 19,1 33591U 09005A   25202.60789824  .00000154  00000-0  10612-3 0  9993,2 33591  98.9954 267.5445 0012832 242.7448 117.2418 14.13391894847788
3.0,GENERATED VIA SPACE-TRACK.ORG API,2025-07-21 23:06:27+00:00,18 SPCS,NOAA 19,2009-005A,EARTH,TEME,UTC,SGP4,2025-07-21 19:41:11.467968+00:00,14.13391953,0.00128390,98.9953,267.7580,242.1252,117.8620,0,U,33591,999,84807,0.00010559000000,0.00000153,0.0000000000000,7225.925,101.883,857.067,838.512,PAYLOAD,LARGE,US,2009-02-06,AFWTR,,4792004,293169849,0 NOAA 19,1 33591U 09005A   25202.82027162  .00000153  00000-0  10559-3 0  9996,2 33591  98.9953 267.7580 0012839 242.1252 117.8620 14.13391953848073
3.0,GENERATED VIA SPACE-TRACK.ORG API,2025-07-22 02:55:53+00:00,18 SPCS,NOAA 19,2009-005A,EARTH,TEME,UTC,SGP4,2025-07-21 21:23:07.820736+00:00,14.13391979,0.00128450,98.9953,267.8292,241.9192,118.0682,0,U,33591,999,84782,0.00010608000000,0.00000154,0.0000000000000,7225.925,101.883,857.071,838.508,PAYLOAD,LARGE,US,2009-02-06,AFWTR,,4792098,293183451,0 NOAA 19,1 33591U 09005A   25202.89106274  .00000154  00000-0  10608-3 0  9991,2 33591  98.9953 267.8292 0012845 241.9192 118.0682 14.13391979847822
3.0,GENERATED VIA SPACE-TRACK.ORG API,2025-07-22 06:56:32+00:00,18 SPCS,NOAA 19,2009-005A,EARTH,TEME,UTC,SGP4,2025-07-22 04:10:53.232672+00:00,14.13392185,0.00128580,98.9953,268.1139,241.0736,118.9147,0,U,33591,999,84812,0.00011586000000,0.00000172,0.0000000000000,7225.924,101.883,857.080,838.498,PAYLOAD,LARGE,US,2009-02-06,AFWTR,,4792324,293208567,0 NOAA 19,1 33591U 09005A   25203.17422723  .00000172  00000-0  11586-3 0  9999,2 33591  98.9953 268.1139 0012858 241.0736 118.9147 14.13392185848124
3.0,GENERATED VIA SPACE-TRACK.ORG API,2025-07-22 14:56:31+00:00,18 SPCS,NOAA 19,2009-005A,EARTH,TEME,UTC,SGP4,2025-07-22 10:58:38.644608+00:00,14.13392268,0.00128670,98.9953,268.3986,240.2102,119.7791,0,U,33591,999,84816,0.00011444000000,0.00000170,0.0000000000000,7225.924,101.883,857.086,838.491,PAYLOAD,LARGE,US,2009-02-06,AFWTR,,4792623,293217057,0 NOAA 19,1 33591U 09005A   25203.45739172  .00000170  00000-0  11444-3 0  9990,2 33591  98.9953 268.3986 0012867 240.2102 119.7791 14.13392268848164
3.0,GENERATED VIA SPACE-TRACK.ORG API,2025-07-22 17:58:09+00:00,18 SPCS,NOAA 19,2009-005A,EARTH,TEME,UTC,SGP4,2025-07-22 14:22:31.347552+00:00,14.13392383,0.00128730,98.9953,268.5409,239.7794,120.2103,0,U,33591,999,84792,0.00011860000000,0.00000178,0.0000000000000,7225.923,101.883,857.090,838.486,PAYLOAD,LARGE,US,2009-02-06,AFWTR,,4792757,293230613,0 NOAA 19,1 33591U 09005A   25203.59897393  .00000178  00000-0  11860-3 0  9995,2 33591  98.9953 268.5409 0012873 239.7794 120.2103 14.13392383847928
3.0,GENERATED VIA SPACE-TRACK.ORG API,2025-07-22 22:46:32+00:00,18 SPCS,NOAA 19,2009-005A,EARTH,TEME,UTC,SGP4,2025-07-22 19:28:20.403264+00:00,14.13392439,0.00128840,98.9953,268.7544,239.1622,120.8283,0,U,33591,999,84821,0.00011636000000,0.00000173,0.0000000000000,7225.923,101.883,857.098,838.478,PAYLOAD,LARGE,US,2009-02-06,AFWTR,,4792907,293254457,0 NOAA 19,1 33591U 09005A   25203.81134726  .00000173  00000-0  11636-3 0  9990,2 33591  98.9953 268.7544 0012884 239.1622 120.8283 14.13392439848216
3.0,GENERATED VIA SPACE-TRACK.ORG API,2025-07-23 07:06:31+00:00,18 SPCS,NOAA 19,2009-005A,EARTH,TEME,UTC,SGP4,2025-07-23 03:58:02.158464+00:00,14.13392677,0.00129000,98.9953,269.1103,238.1194,121.8723,0,U,33591,999,84826,0.00012232000000,0.00000185,0.0000000000000,7225.922,101.883,857.109,838.466,PAYLOAD,LARGE,US,2009-02-06,AFWTR,,4793277,293262006,0 NOAA 19,1 33591U 09005A   25204.16530276  .00000185  00000-0  12232-3 0  9995,2 33591  98.9953 269.1103 0012900 238.1194 121.8723 14.13392677848263
3.0,GENERATED VIA SPACE-TRACK.ORG API,2025-07-23 15:06:45+00:00,18 SPCS,NOAA 19,2009-005A,EARTH,TEME,UTC,SGP4,2025-07-23 12:27:43.910208+00:00,14.13392915,0.00129070,98.9953,269.4661,237.0388,122.9544,0,U,33591,999,84831,0.00013087000000,0.00000201,0.0000000000000,7225.921,101.882,857.113,838.460,PAYLOAD,LARGE,US,2009-02-06,AFWTR,,4793656,293270638,0 NOAA 19,1 33591U 09005A   25204.51925822  .00000201  00000-0  13087-3 0  9997,2 33591  98.9953 269.4661 0012907 237.0388 122.9544 14.13392915848319
3.0,GENERATED VIA SPACE-TRACK.ORG API,2025-07-23 17:48:48+00:00,18 SPCS,NOAA 19,2009-005A,EARTH,TEME,UTC,SGP4,2025-07-23 14:09:40.259520+00:00,14.13392959,0.00129110,98.9953,269.5373,236.8266,123.1668,0,U,33591,999,84806,0.00013165000000,0.00000202,0.0000000000000,7225.921,101.882,857.116,838.457,PAYLOAD,LARGE,US,2009-02-06,AFWTR,,4793777,293285108,0 NOAA 19,1 33591U 09005A   25204.59004930  .00000202  00000-0  13165-3 0  9991,2 33591  98.9953 269.5373 0012911 236.8266 123.1668 14.13392959848067
3.0,GENERATED VIA SPACE-TRACK.ORG API,2025-07-23 22:56:17+00:00,18 SPCS,NOAA 19,2009-005A,EARTH,TEME,UTC,SGP4,2025-07-23 19:15:29.314368+00:00,14.13392929,0.00129220,98.9953,269.7508,236.1996,123.7946,0,U,33591,999,84835,0.00011691000000,0.00000174,0.0000000000000,7225.921,101.882,857.124,838.449,PAYLOAD,LARGE,US,2009-02-06,AFWTR,,4794012,293309153,0 NOAA 19,1 33591U 09005A   25204.80242262  .00000174  00000-0  11691-3 0  9997,2 33591  98.9953 269.7508 0012922 236.1996 123.7946 14.13392929848358
3.0,GENERATED VIA SPACE-TRACK.ORG API,2025-07-24 04:00:16+00:00,18 SPCS,NOAA 19,2009-005A,EARTH,TEME,UTC,SGP4,2025-07-23 20:57:25.664544+00:00,14.13392953,0.00129250,98.9953,269.8220,235.9889,124.0055,0,U,33591,999,84810,0.00011727000000,0.00000175,0.0000000000000,7225.921,101.882,857.126,838.447,PAYLOAD,LARGE,US,2009-02-06,AFWTR,,4794090,293321371,0 NOAA 19,1 33591U 09005A   25204.87321371  .00000175  00000-0  11727-3 0  9994,2 33591  98.9953 269.8220 0012925 235.9889 124.0055 14.13392953848106
3.0,GENERATED VIA SPACE-TRACK.ORG API,2025-07-24 06:46:17+00:00,18 SPCS,NOAA 19,2009-005A,EARTH,TEME,UTC,SGP4,2025-07-24 03:45:11.064384+00:00,14.13393081,0.00129380,98.9953,270.1067,235.1400,124.8556,0,U,33591,999,84840,0.00011616000000,0.00000173,0.0000000000000,7225.921,101.882,857.135,838.437,PAYLOAD,LARGE,US,2009-02-06,AFWTR,,4794254,293344230,0 NOAA 19,1 33591U 09005A   25205.15637806  .00000173  00000-0  11616-3 0  9994,2 33591  98.9953 270.1067 0012938 235.1400 124.8556 14.13393081848405
3.0,GENERATED VIA SPACE-TRACK.ORG API,2025-07-24 19:51:41+00:00,18 SPCS,NOAA 19,2009-005A,EARTH,TEME,UTC,SGP4,2025-07-24 13:56:49.165440+00:00,14.13393271,0.00129480,98.9953,270.5337,233.8790,126.1184,0,U,33591,999,84820,0.00011618000000,0.00000173,0.0000000000000,7225.920,101.882,857.141,838.429,PAYLOAD,LARGE,US,2009-02-06,AFWTR,,4794401,293359643,0 NOAA 19,1 33591U 09005A   25205.58112460  .00000173  00000-0  11618-3 0  9997,2 33591  98.9953 270.5337 0012948 233.8790 126.1184 14.13393271848208
3.0,GENERATED VIA SPACE-TRACK.ORG API,2025-07-24 21:56:17+00:00,18 SPCS,NOAA 19,2009-005A,EARTH,TEME,UTC,SGP4,2025-07-24 19:02:38.215104+00:00,14.13393331,0.00129530,98.9953,270.7472,233.2527,126.7456,0,U,33591,999,84849,0.00011267000000,0.00000166,0.0000000000000,7225.920,101.882,857.145,838.425,PAYLOAD,LARGE,US,2009-02-06,AFWTR,,4794830,293388619,0 NOAA 19,1 33591U 09005A   25205.79349786  .00000166  00000-0  11267-3 0  9995,2 33591  98.9953 270.7472 0012953 233.2527 126.7456 14.13393331848494
3.0,GENERATED VIA SPACE-TRACK.ORG API,2025-07-25 02:04:33+00:00,18 SPCS,NOAA 19,2009-005A,EARTH,TEME,UTC,SGP4,2025-07-24 20:44:34.560960+00:00,14.13393374,0.00129580,98.9953,270.8183,233.0513,126.9473,0,U,33591,999,84824,0.00011247000000,0.00000166,0.0000000000000,7225.920,101.882,857.148,838.422,PAYLOAD,LARGE,US,2009-02-06,AFWTR,,4794954,293403447,0 NOAA 19,1 33591U 09005A   25205.86428890  .00000166  00000-0  11247-3 0  9995,2 33591  98.9953 270.8183 0012958 233.0513 126.9473 14.13393374848243
3.0,GENERATED VIA SPACE-TRACK.ORG API,2025-07-25 06:56:33+00:00,18 SPCS,NOAA 19,2009-005A,EARTH,TEME,UTC,SGP4,2025-07-25 03:32:19.952160+00:00,14.13393521,0.00129750,98.9952,271.1030,232.2152,127.7845,0,U,33591,999,84854,0.00011174000000,0.00000165,0.0000000000000,7225.919,101.882,857.160,838.409,PAYLOAD,LARGE,US,2009-02-06,AFWTR,,4795172,293428903,0 NOAA 19,1 33591U 09005A   25206.14745315  .00000165  00000-0  11174-3 0  9999,2 33591  98.9952 271.1030 0012975 232.2152 127.7845 14.13393521848545
3.0,GENERATED VIA SPACE-TRACK.ORG API,2025-07-25 14:56:21+00:00,18 SPCS,NOAA 19,2009-005A,EARTH,TEME,UTC,SGP4,2025-07-25 10:20:05.349408+00:00,14.13393640,0.00129810,98.9952,271.3877,231.3176,128.6835,0,U,33591,999,84858,0.00011323000000,0.00000167,0.0000000000000,7225.919,101.882,857.164,838.404,PAYLOAD,LARGE,US,2009-02-06,AFWTR,,4795518,293436528,0 NOAA 19,1 33591U 09005A   25206.43061747  .00000167  00000-0  11323-3 0  9999,2 33591  98.9952 271.3877 0012981 231.3176 128.6835 14.13393640848584
3.0,GENERATED VIA SPACE-TRACK.ORG API,2025-07-25 18:59:22+00:00,18 SPCS,NOAA 19,2009-005A,EARTH,TEME,UTC,SGP4,2025-07-25 10:20:05.349408+00:00,14.13393640,0.00129810,98.9952,271.3877,231.3176,128.6835,0,U,33591,999,84832,0.00011323000000,0.00000167,0.0000000000000,7225.919,101.882,857.164,838.404,PAYLOAD,LARGE,US,2009-02-06,AFWTR,,4795625,293448979,0 NOAA 19,1 33591U 09005A   25206.43061747  .00000167  00000-0  11323-3 0  9999,2 33591  98.9952 271.3877 0012981 231.3176 128.6835 14.13393640848326
3.0,GENERATED VIA SPACE-TRACK.ORG API,2025-07-25 22:36:31+00:00,18 SPCS,NOAA 19,2009-005A,EARTH,TEME,UTC,SGP4,2025-07-25 17:07:50.736288+00:00,14.13393800,0.00129930,98.9952,271.6724,230.4799,129.5225,0,U,33591,999,84862,0.00011337000000,0.00000168,0.0000000000000,7225.918,101.882,857.172,838.395,PAYLOAD,LARGE,US,2009-02-06,AFWTR,,4795717,293470769,0 NOAA 19,1 33591U 09005A   25206.71378167  .00000168  00000-0  11337-3 0  9993,2 33591  98.9952 271.6724 0012993 230.4799 129.5225 14.13393800848628
3.0,GENERATED VIA SPACE-TRACK.ORG API,2025-07-26 05:22:54+00:00,18 SPCS,NOAA 19,2009-005A,EARTH,TEME,UTC,SGP4,2025-07-25 17:07:50.736288+00:00,14.13393800,0.00129930,98.9952,271.6724,230.4799,129.5225,0,U,33591,999,84836,0.00011337000000,0.00000168,0.0000000000000,7225.918,101.882,857.172,838.395,PAYLOAD,LARGE,US,2009-02-06,AFWTR,,4795818,293484343,0 NOAA 19,1 33591U 09005A   25206.71378167  .00000168  00000-0  11337-3 0  9993,2 33591  98.9952 271.6724 0012993 230.4799 129.5225 14.13393800848369
3.0,GENERATED VIA SPACE-TRACK.ORG API,2025-07-26 07:06:29+00:00,18 SPCS,NOAA 19,2009-005A,EARTH,TEME,UTC,SGP4,2025-07-26 05:01:25.157280+00:00,14.13394137,0.00130170,98.9952,272.1705,229.0075,130.9971,0,U,33591,999,84869,0.00012082000000,0.00000182,0.0000000000000,7225.917,101.882,857.188,838.376,PAYLOAD,LARGE,US,2009-02-06,AFWTR,,4796072,293511343,0 NOAA 19,1 33591U 09005A   25207.20931895  .00000182  00000-0  12082-3 0  9995,2 33591  98.9952 272.1705 0013017 229.0075 130.9971 14.13394137848697
3.0,GENERATED VIA SPACE-TRACK.ORG API,2025-07-26 15:06:18+00:00,18 SPCS,NOAA 19,2009-005A,EARTH,TEME,UTC,SGP4,2025-07-26 11:49:10.540704+00:00,14.13394301,0.00130230,98.9952,272.4552,228.1223,131.8838,0,U,33591,999,84873,0.00012418000000,0.00000188,0.0000000000000,7225.917,101.882,857.192,838.371,PAYLOAD,LARGE,US,2009-02-06,AFWTR,,4796501,293520662,0 NOAA 19,1 33591U 09005A   25207.49248311  .00000188  00000-0  12418-3 0  9999,2 33591  98.9952 272.4552 0013023 228.1223 131.8838 14.13394301848732
3.0,GENERATED VIA SPACE-TRACK.ORG API,2025-07-26 22:46:30+00:00,18 SPCS,NOAA 19,2009-005A,EARTH,TEME,UTC,SGP4,2025-07-26 20:18:52.263072+00:00,14.13394520,0.00130370,98.9951,272.8110,227.0799,132.9280,0,U,33591,999,84878,0.00013040000000,0.00000200,0.0000000000000,7225.916,101.882,857.201,838.361,PAYLOAD,LARGE,US,2009-02-06,AFWTR,,4796807,293528977,0 NOAA 19,1 33591U 09005A   25207.84643823  .00000200  00000-0  13040-3 0  9992,2 33591  98.9951 272.8110 0013037 227.0799 132.9280 14.13394520848787
3.0,GENERATED VIA SPACE-TRACK.ORG API,2025-07-27 03:23:05+00:00,18 SPCS,NOAA 19,2009-005A,EARTH,TEME,UTC,SGP4,2025-07-26 20:18:52.263072+00:00,14.13394520,0.00130370,98.9951,272.8110,227.0799,132.9280,0,U,33591,999,84852,0.00013040000000,0.00000200,0.0000000000000,7225.916,101.882,857.201,838.361,PAYLOAD,LARGE,US,2009-02-06,AFWTR,,4796941,293541565,0 NOAA 19,1 33591U 09005A   25207.84643823  .00000200  00000-0  13040-3 0  9992,2 33591  98.9951 272.8110 0013037 227.0799 132.9280 14.13394520848529
3.0,GENERATED VIA SPACE-TRACK.ORG API,2025-07-27 06:56:18+00:00,18 SPCS,NOAA 19,2009-005A,EARTH,TEME,UTC,SGP4,2025-07-27 04:48:33.983712+00:00,14.13394685,0.00130560,98.9951,273.1669,226.0240,133.9856,0,U,33591,999,84883,0.00012898000000,0.00000197,0.0000000000000,7225.915,101.882,857.215,838.346,PAYLOAD,LARGE,US,2009-02-06,AFWTR,,4797171,293566710,0 NOAA 19,1 33591U 09005A   25208.20039333  .00000197  00000-0  12898-3 0  9993,2 33591  98.9951 273.1669 0013056 226.0240 133.9856 14.13394685848839
3.0,GENERATED VIA SPACE-TRACK.ORG API,2025-07-27 15:06:32+00:00,18 SPCS,NOAA 19,2009-005A,EARTH,TEME,UTC,SGP4,2025-07-27 11:36:19.361088+00:00,14.13394808,0.00130630,98.9951,273.4515,225.1631,134.8480,0,U,33591,999,84887,0.00012451000000,0.00000189,0.0000000000000,7225.915,101.882,857.219,838.341,PAYLOAD,LARGE,US,2009-02-06,AFWTR,,4797550,293575614,0 NOAA 19,1 33591U 09005A   25208.48355742  .00000189  00000-0  12451-3 0  9994,2 33591  98.9951 273.4515 0013063 225.1631 134.8480 14.13394808848878
3.0,GENERATED VIA SPACE-TRACK.ORG API,2025-07-27 18:39:18+00:00,18 SPCS,NOAA 19,2009-005A,EARTH,TEME,UTC,SGP4,2025-07-27 13:18:15.704352+00:00,14.13394851,0.00130660,98.9951,273.5227,224.9516,135.0599,0,U,33591,999,84862,0.00012528000000,0.00000190,0.0000000000000,7225.915,101.882,857.221,838.338,PAYLOAD,LARGE,US,2009-02-06,AFWTR,,4797645,293589002,0 NOAA 19,1 33591U 09005A   25208.55434843  .00000190  00000-0  12528-3 0  9999,2 33591  98.9951 273.5227 0013066 224.9516 135.0599 14.13394851848626
3.0,GENERATED VIA SPACE-TRACK.ORG API,2025-07-27 22:56:28+00:00,18 SPCS,NOAA 19,2009-005A,EARTH,TEME,UTC,SGP4,2025-07-27 20:06:01.077408+00:00,14.13394950,0.00130780,98.9950,273.8074,224.1139,135.8991,0,U,33591,999,84892,0.00012338000000,0.00000187,0.0000000000000,7225.914,101.882,857.230,838.329,PAYLOAD,LARGE,US,2009-02-06,AFWTR,,4797845,293614951,0 NOAA 19,1 33591U 09005A   25208.83751247  .00000187  00000-0  12338-3 0  9995,2 33591  98.9950 273.8074 0013078 224.1139 135.8991 14.13394950848921
3.0,GENERATED VIA SPACE-TRACK.ORG API,2025-07-28 06:46:54+00:00,18 SPCS,NOAA 19,2009-005A,EARTH,TEME,UTC,SGP4,2025-07-27 21:47:57.419808+00:00,14.13394986,0.00130790,98.9950,273.8786,223.8963,136.1171,0,U,33591,999,84867,0.00012439000000,0.00000188,0.0000000000000,7225.914,101.882,857.230,838.329,PAYLOAD,LARGE,US,2009-02-06,AFWTR,,4798160,293631960,0 NOAA 19,1 33591U 09005A   25208.90830347  .00000188  00000-0  12439-3 0  9995,2 33591  98.9950 273.8786 0013079 223.8963 136.1171 14.13394986848678
3.0,GENERATED VIA SPACE-TRACK.ORG API,2025-07-28 06:56:19+00:00,18 SPCS,NOAA 19,2009-005A,EARTH,TEME,UTC,SGP4,2025-07-28 04:35:42.793728+00:00,14.13395068,0.00130960,98.9950,274.1632,223.0551,136.9597,0,U,33591,999,84897,0.00011620000000,0.00000173,0.0000000000000,7225.914,101.882,857.242,838.316,PAYLOAD,LARGE,US,2009-02-06,AFWTR,,4798200,293652600,0 NOAA 19,1 33591U 09005A   25209.19146752  .00000173  00000-0  11620-3 0  9992,2 33591  98.9950 274.1632 0013096 223.0551 136.9597 14.13395068848971
3.0,GENERATED VIA SPACE-TRACK.ORG API,2025-07-28 14:56:47+00:00,18 SPCS,NOAA 19,2009-005A,EARTH,TEME,UTC,SGP4,2025-07-28 11:23:28.165056+00:00,14.13395161,0.00131010,98.9949,274.4479,222.1828,137.8336,0,U,33591,999,84901,0.00011450000000,0.00000170,0.0000000000000,7225.914,101.882,857.245,838.312,PAYLOAD,LARGE,US,2009-02-06,AFWTR,,4798533,293660279,0 NOAA 19,1 33591U 09005A   25209.47463154  .00000170  00000-0  11450-3 0  9999,2 33591  98.9949 274.4479 0013101 222.1828 137.8336 14.13395161849016
3.0,GENERATED VIA SPACE-TRACK.ORG API,2025-07-28 17:37:46+00:00,18 SPCS,NOAA 19,2009-005A,EARTH,TEME,UTC,SGP4,2025-07-28 14:47:20.846400+00:00,14.13395255,0.00131080,98.9949,274.5903,221.7644,138.2528,0,U,33591,999,84877,0.00011701000000,0.00000175,0.0000000000000,7225.913,101.882,857.250,838.307,PAYLOAD,LARGE,US,2009-02-06,AFWTR,,4798610,293674256,0 NOAA 19,1 33591U 09005A   25209.61621350  .00000175  00000-0  11701-3 0  9993,2 33591  98.9949 274.5903 0013108 221.7644 138.2528 14.13395255848771
3.0,GENERATED VIA SPACE-TRACK.ORG API,2025-07-28 22:56:17+00:00,18 SPCS,NOAA 19,2009-005A,EARTH,TEME,UTC,SGP4,2025-07-28 19:53:09.868416+00:00,14.13395335,0.00131210,98.9949,274.8038,221.1594,138.8589,0,U,33591,999,84906,0.00011557000000,0.00000172,0.0000000000000,7225.913,101.882,857.259,838.297,PAYLOAD,LARGE,US,2009-02-06,AFWTR,,4798837,293699181,0 NOAA 19,1 33591U 09005A   25209.82858644  .00000172  00000-0  11557-3 0  9990,2 33591  98.9949 274.8038 0013121 221.1594 138.8589 14.13395335849061
3.0,GENERATED VIA SPACE-TRACK.ORG API,2025-07-29 07:06:39+00:00,18 SPCS,NOAA 19,2009-005A,EARTH,TEME,UTC,SGP4,2025-07-29 04:22:51.570912+00:00,14.13395518,0.00131390,98.9948,275.1596,220.1331,139.8871,0,U,33591,999,84911,0.00011850000000,0.00000177,0.0000000000000,7225.913,101.882,857.272,838.283,PAYLOAD,LARGE,US,2009-02-06,AFWTR,,4799191,293706720,0 NOAA 19,1 33591U 09005A   25210.18254133  .00000177  00000-0  11850-3 0  9995,2 33591  98.9948 275.1596 0013139 220.1331 139.8871 14.13395518849114
3.0,GENERATED VIA SPACE-TRACK.ORG API,2025-07-29 14:56:31+00:00,18 SPCS,NOAA 19,2009-005A,EARTH,TEME,UTC,SGP4,2025-07-29 11:10:36.931008+00:00,14.13395717,0.00131490,98.9948,275.4443,219.2826,140.7392,0,U,33591,999,84915,0.00012680000000,0.00000193,0.0000000000000,7225.912,101.882,857.278,838.276,PAYLOAD,LARGE,US,2009-02-06,AFWTR,,4799496,293714767,0 NOAA 19,1 33591U 09005A   25210.46570522  .00000193  00000-0  12680-3 0  9999,2 33591  98.9948 275.4443 0013149 219.2826 140.7392 14.13395717849151
3.0,GENERATED VIA SPACE-TRACK.ORG API,2025-07-29 18:09:25+00:00,18 SPCS,NOAA 19,2009-005A,EARTH,TEME,UTC,SGP4,2025-07-29 12:52:33.271680+00:00,14.13395765,0.00131510,98.9948,275.5154,219.0660,140.9563,0,U,33591,999,84890,0.00012947000000,0.00000198,0.0000000000000,7225.912,101.882,857.280,838.274,PAYLOAD,LARGE,US,2009-02-06,AFWTR,,4799578,293728209,0 NOAA 19,1 33591U 09005A   25210.53649620  .00000198  00000-0  12947-3 0  9994,2 33591  98.9948 275.5154 0013151 219.0660 140.9563 14.13395765848905
3.0,GENERATED VIA SPACE-TRACK.ORG API,2025-07-29 22:56:30+00:00,18 SPCS,NOAA 19,2009-005A,EARTH,TEME,UTC,SGP4,2025-07-29 19:40:18.628320+00:00,14.13395875,0.00131690,98.9947,275.8001,218.2610,141.7629,0,U,33591,999,84920,0.00012897000000,0.00000197,0.0000000000000,7225.911,101.882,857.292,838.261,PAYLOAD,LARGE,US,2009-02-06,AFWTR,,4799828,293783194,0 NOAA 19,1 33591U 09005A   25210.81966005  .00000197  00000-0  12897-3 0  9997,2 33591  98.9947 275.8001 0013169 218.2610 141.7629 14.13395875849201
3.0,GENERATED VIA SPACE-TRACK.ORG API,2025-07-30 04:09:54+00:00,18 SPCS,NOAA 19,2009-005A,EARTH,TEME,UTC,SGP4,2025-07-29 19:40:18.628320+00:00,14.13395875,0.00131690,98.9947,275.8001,218.2610,141.7629,0,U,33591,999,84894,0.00012897000000,0.00000197,0.0000000000000,7225.911,101.882,857.292,838.261,PAYLOAD,LARGE,US,2009-02-06,AFWTR,,4799959,293796167,0 NOAA 19,1 33591U 09005A   25210.81966005  .00000197  00000-0  12897-3 0  9997,2 33591  98.9947 275.8001 0013169 218.2610 141.7629 14.13395875848941
3.0,GENERATED VIA SPACE-TRACK.ORG API,2025-07-30 06:56:17+00:00,18 SPCS,NOAA 19,2009-005A,EARTH,TEME,UTC,SGP4,2025-07-30 04:10:00.320448+00:00,14.13396046,0.00131880,98.9947,276.1559,217.2489,142.7769,0,U,33591,999,84925,0.00012754000000,0.00000194,0.0000000000000,7225.911,101.882,857.305,838.246,PAYLOAD,LARGE,US,2009-02-06,AFWTR,,4800182,293852665,0 NOAA 19,1 33591U 09005A   25211.17361482  .00000194  00000-0  12754-3 0  9994,2 33591  98.9947 276.1559 0013188 217.2489 142.7769 14.13396046849259
3.0,GENERATED VIA SPACE-TRACK.ORG API,2025-07-30 14:56:46+00:00,18 SPCS,NOAA 19,2009-005A,EARTH,TEME,UTC,SGP4,2025-07-30 12:39:42.014304+00:00,14.13396258,0.00131960,98.9946,276.5118,216.1637,143.8643,0,U,33591,999,84930,0.00013065000000,0.00000200,0.0000000000000,7225.910,101.882,857.310,838.240,PAYLOAD,LARGE,US,2009-02-06,AFWTR,,4800508,293860137,0 NOAA 19,1 33591U 09005A   25211.52756961  .00000200  00000-0  13065-3 0  9997,2 33591  98.9946 276.5118 0013196 216.1637 143.8643 14.13396258849309
3.0,GENERATED VIA SPACE-TRACK.ORG API,2025-07-30 17:55:16+00:00,18 SPCS,NOAA 19,2009-005A,EARTH,TEME,UTC,SGP4,2025-07-30 14:21:38.352384+00:00,14.13396280,0.00132010,98.9946,276.5829,215.9698,144.0587,0,U,33591,999,84905,0.00012829000000,0.00000196,0.0000000000000,7225.910,101.882,857.314,838.236,PAYLOAD,LARGE,US,2009-02-06,AFWTR,,4800666,293873802,0 NOAA 19,1 33591U 09005A   25211.59836056  .00000196  00000-0  12829-3 0  9999,2 33591  98.9946 276.5829 0013201 215.9698 144.0587 14.13396280849056
3.0,GENERATED VIA SPACE-TRACK.ORG API,2025-07-30 22:56:18+00:00,18 SPCS,NOAA 19,2009-005A,EARTH,TEME,UTC,SGP4,2025-07-30 21:09:23.702112+00:00,14.13396387,0.00132180,98.9946,276.8676,215.1511,144.8790,0,U,33591,999,84935,0.00012617000000,0.00000192,0.0000000000000,7225.910,101.882,857.326,838.223,PAYLOAD,LARGE,US,2009-02-06,AFWTR,,4800908,293899362,0 NOAA 19,1 33591U 09005A   25211.88152433  .00000192  00000-0  12617-3 0  9992,2 33591  98.9946 276.8676 0013218 215.1511 144.8790 14.13396387849358
3.0,GENERATED VIA SPACE-TRACK.ORG API,2025-07-31 06:56:44+00:00,18 SPCS,NOAA 19,2009-005A,EARTH,TEME,UTC,SGP4,2025-07-31 03:57:09.051840+00:00,14.13396501,0.00132340,98.9945,277.1522,214.3426,145.6892,0,U,33591,999,84939,0.00011982000000,0.00000180,0.0000000000000,7225.909,101.882,857.337,838.211,PAYLOAD,LARGE,US,2009-02-06,AFWTR,,4801192,293937328,0 NOAA 19,1 33591U 09005A   25212.16468810  .00000180  00000-0  11982-3 0  9994,2 33591  98.9945 277.1522 0013234 214.3426 145.6892 14.13396501849399
3.0,GENERATED VIA SPACE-TRACK.ORG API,2025-07-31 14:46:19+00:00,18 SPCS,NOAA 19,2009-005A,EARTH,TEME,UTC,SGP4,2025-07-31 12:26:50.731872+00:00,14.13396775,0.00132460,98.9945,277.5081,213.2898,146.7442,0,U,33591,999,84944,0.00012888000000,0.00000197,0.0000000000000,7225.908,101.882,857.345,838.202,PAYLOAD,LARGE,US,2009-02-06,AFWTR,,4801502,293944395,0 NOAA 19,1 33591U 09005A   25212.51864273  .00000197  00000-0  12888-3 0  9990,2 33591  98.9945 277.5081 0013246 213.2898 146.7442 14.13396775849449
3.0,GENERATED VIA SPACE-TRACK.ORG API,2025-07-31 18:11:57+00:00,18 SPCS,NOAA 19,2009-005A,EARTH,TEME,UTC,SGP4,2025-07-31 14:08:47.067360+00:00,14.13396823,0.00132500,98.9945,277.5792,213.0854,146.9490,0,U,33591,999,84919,0.00012952000000,0.00000198,0.0000000000000,7225.908,101.882,857.347,838.199,PAYLOAD,LARGE,US,2009-02-06,AFWTR,,4801664,293958696,0 NOAA 19,1 33591U 09005A   25212.58943365  .00000198  00000-0  12952-3 0  9990,2 33591  98.9945 277.5792 0013250 213.0854 146.9490 14.13396823849194
3.0,GENERATED VIA SPACE-TRACK.ORG API,2025-07-31 22:56:32+00:00,18 SPCS,NOAA 19,2009-005A,EARTH,TEME,UTC,SGP4,2025-07-31 19:14:36.083328+00:00,14.13396723,0.00132610,98.9945,277.7927,212.4644,147.5713,0,U,33591,999,84948,0.00010736000000,0.00000156,0.0000000000000,7225.908,101.882,857.356,838.191,PAYLOAD,LARGE,US,2009-02-06,AFWTR,,4801853,293983615,0 NOAA 19,1 33591U 09005A   25212.80180652  .00000156  00000-0  10736-3 0  9999,2 33591  98.9945 277.7927 0013261 212.4644 147.5713 14.13396723849484
3.0,GENERATED VIA SPACE-TRACK.ORG API,2025-08-01 02:30:00+00:00,18 SPCS,NOAA 19,2009-005A,EARTH,TEME,UTC,SGP4,2025-07-31 22:38:28.755168+00:00,14.13396768,0.00132710,98.9945,277.9350,212.0567,147.9799,0,U,33591,999,84924,0.00010522000000,0.00000152,0.0000000000000,7225.908,101.882,857.363,838.184,PAYLOAD,LARGE,US,2009-02-06,AFWTR,,4801972,293996913,0 NOAA 19,1 33591U 09005A   25212.94338837  .00000152  00000-0  10522-3 0  9993,2 33591  98.9945 277.9350 0013271 212.0567 147.9799 14.13396768849248
3.0,GENERATED VIA SPACE-TRACK.ORG API,2025-08-01 07:06:47+00:00,18 SPCS,NOAA 19,2009-005A,EARTH,TEME,UTC,SGP4,2025-08-01 03:44:17.762496+00:00,14.13396884,0.00132840,98.9945,278.1485,211.4484,148.5895,0,U,33591,999,84953,0.00010441000000,0.00000151,0.0000000000000,7225.908,101.882,857.372,838.174,PAYLOAD,LARGE,US,2009-02-06,AFWTR,,4802214,294022447,0 NOAA 19,1 33591U 09005A   25213.15576114  .00000151  00000-0  10441-3 0  9998,2 33591  98.9945 278.1485 0013284 211.4484 148.5895 14.13396884849530
3.0,GENERATED VIA SPACE-TRACK.ORG API,2025-08-01 14:46:24+00:00,18 SPCS,NOAA 19,2009-005A,EARTH,TEME,UTC,SGP4,2025-08-01 12:13:59.449440+00:00,14.13396944,0.00133030,98.9944,278.5043,210.4026,149.6375,0,U,33591,999,84958,0.00009294100000,0.00000129,0.0000000000000,7225.908,101.882,857.385,838.160,PAYLOAD,LARGE,US,2009-02-06,AFWTR,,4802497,294029278,0 NOAA 19,1 33591U 09005A   25213.50971585  .00000129  00000-0  92941-4 0  9999,2 33591  98.9944 278.5043 0013303 210.4026 149.6375 14.13396944849583
3.0,GENERATED VIA SPACE-TRACK.ORG API,2025-08-01 19:30:35+00:00,18 SPCS,NOAA 19,2009-005A,EARTH,TEME,UTC,SGP4,2025-08-01 13:55:55.784928+00:00,14.13396987,0.00133060,98.9944,278.5755,210.1968,149.8438,0,U,33591,999,84933,0.00009323100000,0.00000130,0.0000000000000,7225.908,101.882,857.387,838.158,PAYLOAD,LARGE,US,2009-02-06,AFWTR,,4802629,294042345,0 NOAA 19,1 33591U 09005A   25213.58050677  .00000130  00000-0  93231-4 0  9992,2 33591  98.9944 278.5755 0013306 210.1968 149.8438 14.13396987849330
3.0,GENERATED VIA SPACE-TRACK.ORG API,2025-08-01 22:46:17+00:00,18 SPCS,NOAA 19,2009-005A,EARTH,TEME,UTC,SGP4,2025-08-01 19:01:44.792256+00:00,14.13396997,0.00133140,98.9944,278.7890,209.5746,150.4674,0,U,33591,999,84962,0.00008537100000,0.00000115,0.0000000000000,7225.908,101.882,857.393,838.152,PAYLOAD,LARGE,US,2009-02-06,AFWTR,,4802792,294066046,0 NOAA 19,1 33591U 09005A   25213.79287954  .00000115  00000-0  85371-4 0  9994,2 33591  98.9944 278.7890 0013314 209.5746 150.4674 14.13396997849620
3.0,GENERATED VIA SPACE-TRACK.ORG API,2025-08-02 04:51:03+00:00,18 SPCS,NOAA 19,2009-005A,EARTH,TEME,UTC,SGP4,2025-08-01 19:01:44.792256+00:00,14.13396997,0.00133140,98.9944,278.7890,209.5746,150.4674,0,U,33591,999,84936,0.00008537100000,0.00000115,0.0000000000000,7225.908,101.882,857.393,838.152,PAYLOAD,LARGE,US,2009-02-06,AFWTR,,4802874,294079162,0 NOAA 19,1 33591U 09005A   25213.79287954  .00000115  00000-0  85371-4 0  9994,2 33591  98.9944 278.7890 0013314 209.5746 150.4674 14.13396997849361
3.0,GENERATED VIA SPACE-TRACK.ORG API,2025-08-02 07:06:33+00:00,18 SPCS,NOAA 19,2009-005A,EARTH,TEME,UTC,SGP4,2025-08-02 05:13:22.794816+00:00,14.13397238,0.00133430,98.9944,279.2159,208.3580,151.6867,0,U,33591,999,84968,0.00008722800000,0.00000119,0.0000000000000,7225.907,101.882,857.413,838.130,PAYLOAD,LARGE,US,2009-02-06,AFWTR,,4803162,294104730,0 NOAA 19,1 33591U 09005A   25214.21762494  .00000119  00000-0  87228-4 0  9996,2 33591  98.9944 279.2159 0013343 208.3580 151.6867 14.13397238849681
3.0,GENERATED VIA SPACE-TRACK.ORG API,2025-08-02 14:56:31+00:00,18 SPCS,NOAA 19,2009-005A,EARTH,TEME,UTC,SGP4,2025-08-02 12:01:08.134176+00:00,14.13397356,0.00133540,98.9944,279.5006,207.5051,152.5415,0,U,33591,999,84972,0.00008891700000,0.00000122,0.0000000000000,7225.906,101.882,857.421,838.122,PAYLOAD,LARGE,US,2009-02-06,AFWTR,,4803478,294113622,0 NOAA 19,1 33591U 09005A   25214.50078859  .00000122  00000-0  88917-4 0  9993,2 33591  98.9944 279.5006 0013354 207.5051 152.5415 14.13397356849726
3.0,GENERATED VIA SPACE-TRACK.ORG API,2025-08-02 17:53:37+00:00,18 SPCS,NOAA 19,2009-005A,EARTH,TEME,UTC,SGP4,2025-08-02 13:43:04.468800+00:00,14.13397392,0.00133590,98.9944,279.5717,207.2929,152.7542,0,U,33591,999,84947,0.00008873300000,0.00000121,0.0000000000000,7225.906,101.882,857.424,838.118,PAYLOAD,LARGE,US,2009-02-06,AFWTR,,4803602,294126407,0 NOAA 19,1 33591U 09005A   25214.57157950  .00000121  00000-0  88733-4 0  9995,2 33591  98.9944 279.5717 0013359 207.2929 152.7542 14.13397392849476
3.0,GENERATED VIA SPACE-TRACK.ORG API,2025-08-02 22:46:17+00:00,18 SPCS,NOAA 19,2009-005A,EARTH,TEME,UTC,SGP4,2025-08-02 20:30:49.801248+00:00,14.13397488,0.00133740,98.9943,279.8564,206.4589,153.5901,0,U,33591,999,84977,0.00008726200000,0.00000119,0.0000000000000,7225.906,101.882,857.435,838.107,PAYLOAD,LARGE,US,2009-02-06,AFWTR,,4803761,294150391,0 NOAA 19,1 33591U 09005A   25214.85474307  .00000119  00000-0  87262-4 0  9997,2 33591  98.9943 279.8564 0013374 206.4589 153.5901 14.13397488849775
3.0,GENERATED VIA SPACE-TRACK.ORG API,2025-08-03 10:16:20+00:00,18 SPCS,NOAA 19,2009-005A,EARTH,TEME,UTC,SGP4,2025-08-03 05:00:31.463136+00:00,14.13397731,0.00133950,98.9943,280.2122,205.4534,154.5980,0,U,33591,999,84982,0.00009524400000,0.00000134,0.0000000000000,7225.905,101.882,857.449,838.091,PAYLOAD,LARGE,US,2009-02-06,AFWTR,,4803983,294158214,0 NOAA 19,1 33591U 09005A   25215.20869749  .00000134  00000-0  95244-4 0  9991,2 33591  98.9943 280.2122 0013395 205.4534 154.5980 14.13397731849828
3.0,GENERATED VIA SPACE-TRACK.ORG API,2025-08-03 14:56:20+00:00,18 SPCS,NOAA 19,2009-005A,EARTH,TEME,UTC,SGP4,2025-08-03 11:48:16.798176+00:00,14.13397804,0.00134100,98.9944,280.4968,204.5750,155.4784,0,U,33591,999,84986,0.00009234800000,0.00000128,0.0000000000000,7225.905,101.882,857.460,838.080,PAYLOAD,LARGE,US,2009-02-06,AFWTR,,4804403,294166261,0 NOAA 19,1 33591U 09005A   25215.49186109  .00000128  00000-0  92348-4 0  9999,2 33591  98.9944 280.4968 0013410 204.5750 155.4784 14.13397804849864
3.0,GENERATED VIA SPACE-TRACK.ORG API,2025-08-03 17:22:22+00:00,18 SPCS,NOAA 19,2009-005A,EARTH,TEME,UTC,SGP4,2025-08-03 13:30:13.130208+00:00,14.13397838,0.00134150,98.9943,280.5679,204.3605,155.6934,0,U,33591,999,84961,0.00009173000000,0.00000127,0.0000000000000,7225.905,101.882,857.463,838.076,PAYLOAD,LARGE,US,2009-02-06,AFWTR,,4804517,294180063,0 NOAA 19,1 33591U 09005A   25215.56265197  .00000127  00000-0  91730-4 0  9995,2 33591  98.9943 280.5679 0013415 204.3605 155.6934 14.13397838849614
3.0,GENERATED VIA SPACE-TRACK.ORG API,2025-08-03 22:56:18+00:00,18 SPCS,NOAA 19,2009-005A,EARTH,TEME,UTC,SGP4,2025-08-03 20:17:58.454016+00:00,14.13397993,0.00134300,98.9943,280.8526,203.5695,156.4863,0,U,33591,999,84991,0.00010088000000,0.00000144,0.0000000000000,7225.904,101.882,857.474,838.065,PAYLOAD,LARGE,US,2009-02-06,AFWTR,,4804739,294205316,0 NOAA 19,1 33591U 09005A   25215.84581544  .00000144  00000-0  10088-3 0  9998,2 33591  98.9943 280.8526 0013430 203.5695 156.4863 14.13397993849910
3.0,GENERATED VIA SPACE-TRACK.ORG API,2025-08-04 03:28:12+00:00,18 SPCS,NOAA 19,2009-005A,EARTH,TEME,UTC,SGP4,2025-08-03 21:59:54.785184+00:00,14.13398019,0.00134390,98.9943,280.9238,203.3588,156.6974,0,U,33591,999,84966,0.00010130000000,0.00000145,0.0000000000000,7225.904,101.882,857.480,838.058,PAYLOAD,LARGE,US,2009-02-06,AFWTR,,4804882,294219079,0 NOAA 19,1 33591U 09005A   25215.91660631  .00000145  00000-0  10130-3 0  9990,2 33591  98.9943 280.9238 0013439 203.3588 156.6974 14.13398019849666
3.0,GENERATED VIA SPACE-TRACK.ORG API,2025-08-04 06:46:17+00:00,18 SPCS,NOAA 19,2009-005A,EARTH,TEME,UTC,SGP4,2025-08-04 04:47:40.109856+00:00,14.13398214,0.00134510,98.9943,281.2084,202.5415,157.5168,0,U,33591,999,84996,0.00010668000000,0.00000155,0.0000000000000,7225.903,101.882,857.488,838.049,PAYLOAD,LARGE,US,2009-02-06,AFWTR,,4805019,294241434,0 NOAA 19,1 33591U 09005A   25216.19976979  .00000155  00000-0  10668-3 0  9993,2 33591  98.9943 281.2084 0013451 202.5415 157.5168 14.13398214849968
3.0,GENERATED VIA SPACE-TRACK.ORG API,2025-08-04 14:36:24+00:00,18 SPCS,NOAA 19,2009-005A,EARTH,TEME,UTC,SGP4,2025-08-04 11:35:25.435392+00:00,14.13398345,0.00134640,98.9943,281.4930,201.6961,158.3642,0,U,33591,999,85000,0.00010835000000,0.00000158,0.0000000000000,7225.903,101.882,857.497,838.039,PAYLOAD,LARGE,US,2009-02-06,AFWTR,,4805323,294249412,0 NOAA 19,1 33591U 09005A   25216.48293328  .00000158  00000-0  10835-3 0  9994,2 33591  98.9943 281.4930 0013464 201.6961 158.3642 14.13398345850008
3.0,GENERATED VIA SPACE-TRACK.ORG API,2025-08-04 19:37:21+00:00,18 SPCS,NOAA 19,2009-005A,EARTH,TEME,UTC,SGP4,2025-08-04 13:17:21.765696+00:00,14.13398376,0.00134690,98.9942,281.5641,201.4880,158.5728,0,U,33591,999,84975,0.00010782000000,0.00000157,0.0000000000000,7225.903,101.882,857.500,838.035,PAYLOAD,LARGE,US,2009-02-06,AFWTR,,4805517,294263949,0 NOAA 19,1 33591U 09005A   25216.55372414  .00000157  00000-0  10782-3 0  9996,2 33591  98.9942 281.5641 0013469 201.4880 158.5728 14.13398376849751
3.0,GENERATED VIA SPACE-TRACK.ORG API,2025-08-04 22:56:16+00:00,18 SPCS,NOAA 19,2009-005A,EARTH,TEME,UTC,SGP4,2025-08-04 20:05:07.093824+00:00,14.13398326,0.00134830,98.9942,281.8488,200.6965,159.3662,0,U,33591,999,85005,0.00009198100000,0.00000128,0.0000000000000,7225.903,101.882,857.511,838.025,PAYLOAD,LARGE,US,2009-02-06,AFWTR,,4805743,294289808,0 NOAA 19,1 33591U 09005A   25216.83688766  .00000128  00000-0  91981-4 0  9996,2 33591  98.9942 281.8488 0013483 200.6965 159.3662 14.13398326850050
3.0,GENERATED VIA SPACE-TRACK.ORG API,2025-08-05 02:25:14+00:00,18 SPCS,NOAA 19,2009-005A,EARTH,TEME,UTC,SGP4,2025-08-04 21:47:03.429312+00:00,14.13398279,0.00134810,98.9942,281.9200,200.4847,159.5786,0,U,33591,999,84980,0.00008223400000,0.00000109,0.0000000000000,7225.903,101.882,857.509,838.027,PAYLOAD,LARGE,US,2009-02-06,AFWTR,,4805841,294303116,0 NOAA 19,1 33591U 09005A   25216.90767858  .00000109  00000-0  82234-4 0  9994,2 33591  98.9942 281.9200 0013481 200.4847 159.5786 14.13398279849805
3.0,GENERATED VIA SPACE-TRACK.ORG API,2025-08-05 13:18:59+00:00,18 SPCS,NOAA 19,2009-005A,EARTH,TEME,UTC,SGP4,2025-08-05 04:34:48.769536+00:00,14.13398148,0.00134890,98.9942,282.2045,199.6482,160.4172,0,U,33591,999,85010,0.00005366000000,0.00000056,0.0000000000000,7225.904,101.882,857.516,838.022,PAYLOAD,LARGE,US,2009-02-06,AFWTR,,4806077,294328638,0 NOAA 19,1 33591U 09005A   25217.19084224  .00000056  00000-0  53660-4 0  9997,2 33591  98.9942 282.2045 0013489 199.6482 160.4172 14.13398148850108
3.0,GENERATED VIA SPACE-TRACK.ORG API,2025-08-05 17:43:45+00:00,18 SPCS,NOAA 19,2009-005A,EARTH,TEME,UTC,SGP4,2025-08-05 04:34:48.769536+00:00,14.13398148,0.00134890,98.9942,282.2045,199.6482,160.4172,0,U,33591,999,84984,0.00005366000000,0.00000056,0.0000000000000,7225.904,101.882,857.516,838.022,PAYLOAD,LARGE,US,2009-02-06,AFWTR,,4806564,294350156,0 NOAA 19,1 33591U 09005A   25217.19084224  .00000056  00000-0  53660-4 0  9997,2 33591  98.9942 282.2045 0013489 199.6482 160.4172 14.13398148849847
3.0,GENERATED VIA SPACE-TRACK.ORG API,2025-08-06 03:15:35+00:00,18 SPCS,NOAA 19,2009-005A,EARTH,TEME,UTC,SGP4,2025-08-05 14:46:26.893920+00:00,14.13395643,0.00134990,98.9942,282.6317,198.3949,161.6736,0,U,33591,999,84990,0.00005527400000,0.00000059,0.0000000000000,7225.912,101.882,857.531,838.023,PAYLOAD,LARGE,US,2009-02-06,AFWTR,,4806579,294412295,0 NOAA 19,1 33591U 09005A   25217.61558905  .00000059  00000-0  55274-4 0  9992,2 33591  98.9942 282.6317 0013499 198.3949 161.6736 14.13395643849901
3.0,GENERATED VIA SPACE-TRACK.ORG API,2025-08-07 02:11:08+00:00,18 SPCS,NOAA 19,2009-005A,EARTH,TEME,UTC,SGP4,2025-08-06 14:33:35.760096+00:00,14.13394947,0.00135656,98.9940,283.6279,195.2989,164.7775,0,U,33591,999,85004,0.00005230219100,0.00000053,0.0000000000000,7225.914,101.882,857.582,837.977,PAYLOAD,LARGE,US,2009-02-06,AFWTR,,4806584,294473081,0 NOAA 19,1 33591U 09005A   25218.60666389  .00000053  00000-0  52302-4 0  9991,2 33591  98.9940 283.6279 0013566 195.2989 164.7775 14.13394947850042
3.0,GENERATED VIA SPACE-TRACK.ORG API,2025-08-08 05:46:20+00:00,18 SPCS,NOAA 19,2009-005A,EARTH,TEME,UTC,SGP4,2025-08-06 14:33:35.760096+00:00,14.13394947,0.00135660,98.9940,283.6279,195.2989,164.7775,0,U,33591,999,85030,0.00005230200000,0.00000053,0.0000000000000,7225.914,101.882,857.582,837.977,PAYLOAD,LARGE,US,2009-02-06,AFWTR,,4807334,294572320,0 NOAA 19,1 33591U 09005A   25218.60666389  .00000053  00000-0  52302-4 0  9991,2 33591  98.9940 283.6279 0013566 195.2989 164.7775 14.13394947850301
3.0,GENERATED VIA SPACE-TRACK.ORG API,2025-08-08 14:46:19+00:00,18 SPCS,NOAA 19,2009-005A,EARTH,TEME,UTC,SGP4,2025-08-08 12:25:57.359136+00:00,14.13393380,0.00136370,98.9939,285.5491,190.1760,169.9138,0,U,33591,999,85057,0.00005455100000,0.00000057,0.0000000000000,7225.920,101.882,857.639,837.931,PAYLOAD,LARGE,US,2009-02-06,AFWTR,,4807841,294585014,0 NOAA 19,1 33591U 09005A   25220.51802499  .00000057  00000-0  54551-4 0  9990,2 33591  98.9939 285.5491 0013637 190.1760 169.9138 14.13393380850575
3.0,GENERATED VIA SPACE-TRACK.ORG API,2025-08-08 18:04:55+00:00,18 SPCS,NOAA 19,2009-005A,EARTH,TEME,UTC,SGP4,2025-08-08 14:07:53.711040+00:00,14.13393403,0.00136410,98.9939,285.6202,189.9795,170.1108,0,U,33591,999,85032,0.00005440600000,0.00000057,0.0000000000000,7225.920,101.882,857.642,837.928,PAYLOAD,LARGE,US,2009-02-06,AFWTR,,4807944,294597596,0 NOAA 19,1 33591U 09005A   25220.58881610  .00000057  00000-0  54406-4 0  9998,2 33591  98.9939 285.6202 0013641 189.9795 170.1108 14.13393403850325
3.0,GENERATED VIA SPACE-TRACK.ORG API,2025-08-08 22:56:30+00:00,18 SPCS,NOAA 19,2009-005A,EARTH,TEME,UTC,SGP4,2025-08-08 19:13:42.764160+00:00,14.13393557,0.00136530,98.9939,285.8337,189.3688,170.7231,0,U,33591,999,85061,0.00006306700000,0.00000073,0.0000000000000,7225.919,101.882,857.650,837.919,PAYLOAD,LARGE,US,2009-02-06,AFWTR,,4808175,294622634,0 NOAA 19,1 33591U 09005A   25220.80118940  .00000073  00000-0  63067-4 0  9993,2 33591  98.9939 285.8337 0013653 189.3688 170.7231 14.13393557850619
3.0,GENERATED VIA SPACE-TRACK.ORG API,2025-08-09 04:31:16+00:00,18 SPCS,NOAA 19,2009-005A,EARTH,TEME,UTC,SGP4,2025-08-08 19:13:42.764160+00:00,14.13393557,0.00136530,98.9939,285.8337,189.3688,170.7231,0,U,33591,999,85035,0.00006306700000,0.00000073,0.0000000000000,7225.919,101.882,857.650,837.919,PAYLOAD,LARGE,US,2009-02-06,AFWTR,,4808267,294635050,0 NOAA 19,1 33591U 09005A   25220.80118940  .00000073  00000-0  63067-4 0  9993,2 33591  98.9939 285.8337 0013653 189.3688 170.7231 14.13393557850350
3.0,GENERATED VIA SPACE-TRACK.ORG API,2025-08-09 06:56:28+00:00,18 SPCS,NOAA 19,2009-005A,EARTH,TEME,UTC,SGP4,2025-08-09 03:43:24.515904+00:00,14.13393855,0.00136750,98.9938,286.1895,188.3761,171.7185,0,U,33591,999,85066,0.00009527800000,0.00000134,0.0000000000000,7225.918,101.882,857.665,837.902,PAYLOAD,LARGE,US,2009-02-06,AFWTR,,4808522,294661838,0 NOAA 19,1 33591U 09005A   25221.15514486  .00000134  00000-0  95278-4 0  9994,2 33591  98.9938 286.1895 0013675 188.3761 171.7185 14.13393855850661
3.0,GENERATED VIA SPACE-TRACK.ORG API,2025-08-09 14:56:34+00:00,18 SPCS,NOAA 19,2009-005A,EARTH,TEME,UTC,SGP4,2025-08-09 12:13:06.260736+00:00,14.13394168,0.00136980,98.9938,286.5453,187.3505,172.7468,0,U,33591,999,85071,0.00011576000000,0.00000172,0.0000000000000,7225.917,101.882,857.680,837.884,PAYLOAD,LARGE,US,2009-02-06,AFWTR,,4808918,294669646,0 NOAA 19,1 33591U 09005A   25221.50910024  .00000172  00000-0  11576-3 0  9991,2 33591  98.9938 286.5453 0013698 187.3505 172.7468 14.13394168850714
3.0,GENERATED VIA SPACE-TRACK.ORG API,2025-08-09 17:24:41+00:00,18 SPCS,NOAA 19,2009-005A,EARTH,TEME,UTC,SGP4,2025-08-09 12:13:06.260736+00:00,14.13394168,0.00136980,98.9938,286.5453,187.3505,172.7468,0,U,33591,999,85045,0.00011576000000,0.00000172,0.0000000000000,7225.917,101.882,857.680,837.884,PAYLOAD,LARGE,US,2009-02-06,AFWTR,,4808974,294683167,0 NOAA 19,1 33591U 09005A   25221.50910024  .00000172  00000-0  11576-3 0  9991,2 33591  98.9938 286.5453 0013698 187.3505 172.7468 14.13394168850455
3.0,GENERATED VIA SPACE-TRACK.ORG API,2025-08-09 22:56:18+00:00,18 SPCS,NOAA 19,2009-005A,EARTH,TEME,UTC,SGP4,2025-08-09 20:42:48.004704+00:00,14.13394383,0.00137150,98.9937,286.9011,186.3362,173.7638,0,U,33591,999,85076,0.00012161000000,0.00000183,0.0000000000000,7225.916,101.882,857.692,837.871,PAYLOAD,LARGE,US,2009-02-06,AFWTR,,4809217,294708321,0 NOAA 19,1 33591U 09005A   25221.86305561  .00000183  00000-0  12161-3 0  9997,2 33591  98.9937 286.9011 0013715 186.3362 173.7638 14.13394383850761
3.0,GENERATED VIA SPACE-TRACK.ORG API,2025-08-10 07:06:41+00:00,18 SPCS,NOAA 19,2009-005A,EARTH,TEME,UTC,SGP4,2025-08-10 03:30:33.397632+00:00,14.13394516,0.00137350,98.9937,287.1857,185.5479,174.5543,0,U,33591,999,85080,0.00011963000000,0.00000180,0.0000000000000,7225.916,101.882,857.706,837.856,PAYLOAD,LARGE,US,2009-02-06,AFWTR,,4809601,294717849,0 NOAA 19,1 33591U 09005A   25222.14621988  .00000180  00000-0  11963-3 0  9999,2 33591  98.9937 287.1857 0013735 185.5479 174.5543 14.13394516850801
3.0,GENERATED VIA SPACE-TRACK.ORG API,2025-08-10 15:06:17+00:00,18 SPCS,NOAA 19,2009-005A,EARTH,TEME,UTC,SGP4,2025-08-10 12:00:15.146784+00:00,14.13394597,0.00137560,98.9937,287.5415,184.5395,175.5654,0,U,33591,999,85085,0.00011415000000,0.00000169,0.0000000000000,7225.916,101.882,857.721,837.841,PAYLOAD,LARGE,US,2009-02-06,AFWTR,,4810009,294727647,0 NOAA 19,1 33591U 09005A   25222.50017531  .00000169  00000-0  11415-3 0  9991,2 33591  98.9937 287.5415 0013756 184.5395 175.5654 14.13394597850852
3.0,GENERATED VIA SPACE-TRACK.ORG API,2025-08-10 17:15:53+00:00,18 SPCS,NOAA 19,2009-005A,EARTH,TEME,UTC,SGP4,2025-08-10 13:42:11.494368+00:00,14.13394638,0.00137600,98.9937,287.6127,184.3364,175.7691,0,U,33591,999,85060,0.00011405000000,0.00000169,0.0000000000000,7225.916,101.882,857.723,837.838,PAYLOAD,LARGE,US,2009-02-06,AFWTR,,4810125,294741801,0 NOAA 19,1 33591U 09005A   25222.57096637  .00000169  00000-0  11405-3 0  9991,2 33591  98.9937 287.6127 0013760 184.3364 175.7691 14.13394638850604
3.0,GENERATED VIA SPACE-TRACK.ORG API,2025-08-10 22:36:18+00:00,18 SPCS,NOAA 19,2009-005A,EARTH,TEME,UTC,SGP4,2025-08-10 20:29:56.880384+00:00,14.13394802,0.00137750,98.9936,287.8973,183.5527,176.5549,0,U,33591,999,85090,0.00011848000000,0.00000177,0.0000000000000,7225.915,101.882,857.734,837.826,PAYLOAD,LARGE,US,2009-02-06,AFWTR,,4810243,294763407,0 NOAA 19,1 33591U 09005A   25222.85413056  .00000177  00000-0  11848-3 0  9990,2 33591  98.9936 287.8973 0013775 183.5527 176.5549 14.13394802850909
3.0,GENERATED VIA SPACE-TRACK.ORG API,2025-08-11 06:46:17+00:00,18 SPCS,NOAA 19,2009-005A,EARTH,TEME,UTC,SGP4,2025-08-11 04:59:38.615712+00:00,14.13394953,0.00137950,98.9936,288.2530,182.5601,177.5503,0,U,33591,999,85095,0.00011565000000,0.00000172,0.0000000000000,7225.914,101.882,857.748,837.811,PAYLOAD,LARGE,US,2009-02-06,AFWTR,,4810617,294772441,0 NOAA 19,1 33591U 09005A   25223.20808583  .00000172  00000-0  11565-3 0  9994,2 33591  98.9936 288.2530 0013795 182.5601 177.5503 14.13394953850950
3.0,GENERATED VIA SPACE-TRACK.ORG API,2025-08-11 14:34:08+00:00,18 SPCS,NOAA 19,2009-005A,EARTH,TEME,UTC,SGP4,2025-08-11 11:47:24.003456+00:00,14.13395066,0.00138120,98.9936,288.5376,181.7399,178.3727,0,U,33591,999,85099,0.00011512000000,0.00000171,0.0000000000000,7225.914,101.882,857.760,837.799,PAYLOAD,LARGE,US,2009-02-06,AFWTR,,4810818,294809562,0 NOAA 19,1 33591U 09005A   25223.49125004  .00000171  00000-0  11512-3 0  9996,2 33591  98.9936 288.5376 0013812 181.7399 178.3727 14.13395066850993
3.0,GENERATED VIA SPACE-TRACK.ORG API,2025-08-11 20:39:09+00:00,18 SPCS,NOAA 19,2009-005A,EARTH,TEME,UTC,SGP4,2025-08-11 13:29:20.349312+00:00,14.13395106,0.00138160,98.9935,288.6088,181.5347,178.5785,0,U,33591,999,85074,0.00011503000000,0.00000171,0.0000000000000,7225.914,101.882,857.762,837.796,PAYLOAD,LARGE,US,2009-02-06,AFWTR,,4811117,294825173,0 NOAA 19,1 33591U 09005A   25223.56204108  .00000171  00000-0  11503-3 0  9997,2 33591  98.9935 288.6088 0013816 181.5347 178.5785 14.13395106850742
3.0,GENERATED VIA SPACE-TRACK.ORG API,2025-08-11 22:56:19+00:00,18 SPCS,NOAA 19,2009-005A,EARTH,TEME,UTC,SGP4,2025-08-11 20:17:05.730144+00:00,14.13395123,0.00138280,98.9935,288.8934,180.7511,179.3642,0,U,33591,999,85104,0.00010494000000,0.00000152,0.0000000000000,7225.914,101.882,857.771,837.787,PAYLOAD,LARGE,US,2009-02-06,AFWTR,,4811356,294850955,0 NOAA 19,1 33591U 09005A   25223.84520521  .00000152  00000-0  10494-3 0  9995,2 33591  98.9935 288.8934 0013828 180.7511 179.3642 14.13395123851045
3.0,GENERATED VIA SPACE-TRACK.ORG API,2025-08-12 03:11:01+00:00,18 SPCS,NOAA 19,2009-005A,EARTH,TEME,UTC,SGP4,2025-08-11 21:59:02.075136+00:00,14.13395143,0.00138360,98.9935,288.9646,180.5506,179.5653,0,U,33591,999,85079,0.00010459000000,0.00000151,0.0000000000000,7225.914,101.882,857.777,837.781,PAYLOAD,LARGE,US,2009-02-06,AFWTR,,4811455,294864367,0 NOAA 19,1 33591U 09005A   25223.91599624  .00000151  00000-0  10459-3 0  9993,2 33591  98.9935 288.9646 0013836 180.5506 179.5653 14.13395143850794
3.0,GENERATED VIA SPACE-TRACK.ORG API,2025-08-12 06:56:21+00:00,18 SPCS,NOAA 19,2009-005A,EARTH,TEME,UTC,SGP4,2025-08-12 03:04:51.110112+00:00,14.13395237,0.00138450,98.9934,289.1780,179.9580,180.1595,0,U,33591,999,85108,0.00010332000000,0.00000149,0.0000000000000,7225.914,101.882,857.783,837.774,PAYLOAD,LARGE,US,2009-02-06,AFWTR,,4811669,294888053,0 NOAA 19,1 33591U 09005A   25224.12836933  .00000149  00000-0  10332-3 0  9991,2 33591  98.9934 289.1780 0013845 179.9580 180.1595 14.13395237851089
3.0,GENERATED VIA SPACE-TRACK.ORG API,2025-08-12 11:26:17+00:00,18 SPCS,NOAA 19,2009-005A,EARTH,TEME,UTC,SGP4,2025-08-12 09:52:36.490080+00:00,14.13395397,0.00138620,98.9934,289.4627,179.1619,180.9579,0,U,33591,999,85112,0.00010708000000,0.00000156,0.0000000000000,7225.913,101.882,857.795,837.761,PAYLOAD,LARGE,US,2009-02-06,AFWTR,,4811928,294896174,0 NOAA 19,1 33591U 09005A   25224.41153345  .00000156  00000-0  10708-3 0  9997,2 33591  98.9934 289.4627 0013862 179.1619 180.9579 14.13395397851128
3.0,GENERATED VIA SPACE-TRACK.ORG API,2025-08-12 14:36:32+00:00,18 SPCS,NOAA 19,2009-005A,EARTH,TEME,UTC,SGP4,2025-08-12 11:34:32.833344+00:00,14.13395427,0.00138670,98.9934,289.5338,178.9557,181.1646,0,U,33591,999,85113,0.00010745000000,0.00000157,0.0000000000000,7225.913,101.882,857.798,837.758,PAYLOAD,LARGE,US,2009-02-06,AFWTR,,4812136,294900182,0 NOAA 19,1 33591U 09005A   25224.48232446  .00000157  00000-0  10745-3 0  9996,2 33591  98.9934 289.5338 0013867 178.9557 181.1646 14.13395427851134
3.0,GENERATED VIA SPACE-TRACK.ORG API,2025-08-12 18:14:07+00:00,18 SPCS,NOAA 19,2009-005A,EARTH,TEME,UTC,SGP4,2025-08-12 14:58:25.521600+00:00,14.13395494,0.00138740,98.9934,289.6761,178.5561,181.5653,0,U,33591,999,85089,0.00010732000000,0.00000156,0.0000000000000,7225.913,101.882,857.803,837.752,PAYLOAD,LARGE,US,2009-02-06,AFWTR,,4812255,294913584,0 NOAA 19,1 33591U 09005A   25224.62390650  .00000156  00000-0  10732-3 0  9999,2 33591  98.9934 289.6761 0013874 178.5561 181.5653 14.13395494850892
3.0,GENERATED VIA SPACE-TRACK.ORG API,2025-08-13 03:28:02+00:00,18 SPCS,NOAA 19,2009-005A,EARTH,TEME,UTC,SGP4,2025-08-12 16:40:21.864864+00:00,14.13395522,0.00138770,98.9934,289.7473,178.3665,181.7554,0,U,33591,999,85090,0.00010776000000,0.00000157,0.0000000000000,7225.913,101.882,857.805,837.750,PAYLOAD,LARGE,US,2009-02-06,AFWTR,,4812256,294945033,0 NOAA 19,1 33591U 09005A   25224.69469751  .00000157  00000-0  10776-3 0  9994,2 33591  98.9934 289.7473 0013877 178.3665 181.7554 14.13395522850905
3.0,GENERATED VIA SPACE-TRACK.ORG API,2025-08-13 23:01:20+00:00,18 SPCS,NOAA 19,2009-005A,EARTH,TEME,UTC,SGP4,2025-08-13 14:45:34.326432+00:00,14.13395818,0.00139220,98.9932,290.6723,175.7722,184.3570,0,U,33591,999,85103,0.00010460000000,0.00000151,0.0000000000000,7225.912,101.882,857.836,837.717,PAYLOAD,LARGE,US,2009-02-06,AFWTR,,4812257,294975492,0 NOAA 19,1 33591U 09005A   25225.61498063  .00000151  00000-0  10460-3 0  9999,2 33591  98.9932 290.6723 0013922 175.7722 184.3570 14.13395818851038
3.0,GENERATED VIA SPACE-TRACK.ORG API,2025-08-14 02:27:49+00:00,18 SPCS,NOAA 19,2009-005A,EARTH,TEME,UTC,SGP4,2025-08-13 21:33:19.692576+00:00,14.13395903,0.00139380,98.9931,290.9569,174.9951,185.1362,0,U,33591,999,85107,0.00010225000000,0.00000147,0.0000000000000,7225.911,101.882,857.848,837.705,PAYLOAD,LARGE,US,2009-02-06,AFWTR,,4812259,295006460,0 NOAA 19,1 33591U 09005A   25225.89814459  .00000147  00000-0  10225-3 0  9994,2 33591  98.9931 290.9569 0013938 174.9951 185.1362 14.13395903851077
3.0,GENERATED VIA SPACE-TRACK.ORG API,2025-08-14 20:24:33+00:00,18 SPCS,NOAA 19,2009-005A,EARTH,TEME,UTC,SGP4,2025-08-14 14:32:43.113120+00:00,14.13396089,0.00139740,98.9930,291.6684,173.0226,187.1143,0,U,33591,999,85117,0.00009055200000,0.00000125,0.0000000000000,7225.911,101.882,857.873,837.678,PAYLOAD,LARGE,US,2009-02-06,AFWTR,,4812261,295036427,0 NOAA 19,1 33591U 09005A   25226.60605455  .00000125  00000-0  90552-4 0  9996,2 33591  98.9930 291.6684 0013974 173.0226 187.1143 14.13396089851173
3.0,GENERATED VIA SPACE-TRACK.ORG API,2025-08-15 02:38:02+00:00,18 SPCS,NOAA 19,2009-005A,EARTH,TEME,UTC,SGP4,2025-08-14 21:20:28.476672+00:00,14.13396102,0.00139850,98.9930,291.9530,172.2759,187.8631,0,U,33591,999,85121,0.00008153500000,0.00000108,0.0000000000000,7225.911,101.882,857.881,837.670,PAYLOAD,LARGE,US,2009-02-06,AFWTR,,4812266,295128748,0 NOAA 19,1 33591U 09005A   25226.88921848  .00000108  00000-0  81535-4 0  9995,2 33591  98.9930 291.9530 0013985 172.2759 187.8631 14.13396102851210
3.0,GENERATED VIA SPACE-TRACK.ORG API,2025-08-15 17:34:54+00:00,18 SPCS,NOAA 19,2009-005A,EARTH,TEME,UTC,SGP4,2025-08-15 14:19:51.887712+00:00,14.13396174,0.00140250,98.9929,292.6645,170.3370,189.8075,0,U,33591,999,85131,0.00006083800000,0.00000069,0.0000000000000,7225.910,101.882,857.910,837.641,PAYLOAD,LARGE,US,2009-02-06,AFWTR,,4812268,295160120,0 NOAA 19,1 33591U 09005A   25227.59712833  .00000069  00000-0  60838-4 0  9995,2 33591  98.9929 292.6645 0014025 170.3370 189.8075 14.13396174851311
3.0,GENERATED VIA SPACE-TRACK.ORG API,2025-08-15 22:36:49+00:00,18 SPCS,NOAA 19,2009-005A,EARTH,TEME,UTC,SGP4,2025-08-13 11:21:41.636448+00:00,14.13395845,0.00139130,98.9932,290.5300,176.1670,183.9611,0,U,33591,999,85127,0.00011145000000,0.00000164,0.0000000000000,7225.911,101.882,857.830,837.723,PAYLOAD,LARGE,US,2009-02-06,AFWTR,,4814766,295201727,0 NOAA 19,1 33591U 09005A   25225.47339857  .00000164  00000-0  11145-3 0  9993,2 33591  98.9932 290.5300 0013913 176.1670 183.9611 14.13395845851272
3.0,GENERATED VIA SPACE-TRACK.ORG API,2025-08-15 22:36:49+00:00,18 SPCS,NOAA 19,2009-005A,EARTH,TEME,UTC,SGP4,2025-08-12 20:04:14.553120+00:00,14.13395482,0.00138860,98.9933,289.8896,177.9889,182.1341,0,U,33591,999,85118,0.00009993500000,0.00000143,0.0000000000000,7225.913,101.882,857.812,837.744,PAYLOAD,LARGE,US,2009-02-06,AFWTR,,4813781,295185057,0 NOAA 19,1 33591U 09005A   25224.83627955  .00000143  00000-0  99935-4 0  9992,2 33591  98.9933 289.8896 0013886 177.9889 182.1341 14.13395482851182
3.0,GENERATED VIA SPACE-TRACK.ORG API,2025-08-15 22:36:49+00:00,18 SPCS,NOAA 19,2009-005A,EARTH,TEME,UTC,SGP4,2025-08-14 04:21:05.062176+00:00,14.13396031,0.00139510,98.9931,291.2415,174.1978,185.9358,0,U,33591,999,85137,0.00010297000000,0.00000148,0.0000000000000,7225.911,101.882,857.857,837.695,PAYLOAD,LARGE,US,2009-02-06,AFWTR,,4813319,295217710,0 NOAA 19,1 33591U 09005A   25226.18130859  .00000148  00000-0  10297-3 0  9992,2 33591  98.9931 291.2415 0013951 174.1978 185.9358 14.13396031851376
3.0,GENERATED VIA SPACE-TRACK.ORG API,2025-08-15 22:36:49+00:00,18 SPCS,NOAA 19,2009-005A,EARTH,TEME,UTC,SGP4,2025-08-13 04:33:56.260800+00:00,14.13395785,0.00139030,98.9933,290.2453,177.0260,183.0997,0,U,33591,999,85123,0.00011564000000,0.00000172,0.0000000000000,7225.912,101.882,857.823,837.730,PAYLOAD,LARGE,US,2009-02-06,AFWTR,,4813267,295193075,0 NOAA 19,1 33591U 09005A   25225.19023450  .00000172  00000-0  11564-3 0  9995,2 33591  98.9933 290.2453 0013903 177.0260 183.0997 14.13395785851230
3.0,GENERATED VIA SPACE-TRACK.ORG API,2025-08-15 22:36:49+00:00,18 SPCS,NOAA 19,2009-005A,EARTH,TEME,UTC,SGP4,2025-08-13 19:51:23.351904+00:00,14.13395891,0.00139320,98.9932,290.8857,175.1840,184.9468,0,U,33591,999,85132,0.00010331000000,0.00000149,0.0000000000000,7225.911,101.882,857.843,837.709,PAYLOAD,LARGE,US,2009-02-06,AFWTR,,4814722,295206089,0 NOAA 19,1 33591U 09005A   25225.82735361  .00000149  00000-0  10331-3 0  9991,2 33591  98.9932 290.8857 0013932 175.1840 184.9468 14.13395891851329
3.0,GENERATED VIA SPACE-TRACK.ORG API,2025-08-15 22:36:49+00:00,18 SPCS,NOAA 19,2009-005A,EARTH,TEME,UTC,SGP4,2025-08-15 04:08:13.842816+00:00,14.13396138,0.00140010,98.9930,292.2376,171.4879,188.6532,0,U,33591,999,85151,0.00007331800000,0.00000093,0.0000000000000,7225.910,101.882,857.892,837.658,PAYLOAD,LARGE,US,2009-02-06,AFWTR,,4814088,295239533,0 NOAA 19,1 33591U 09005A   25227.17238244  .00000093  00000-0  73318-4 0  9992,2 33591  98.9930 292.2376 0014001 171.4879 188.6532 14.13396138851517
3.0,GENERATED VIA SPACE-TRACK.ORG API,2025-08-15 22:36:49+00:00,18 SPCS,NOAA 19,2009-005A,EARTH,TEME,UTC,SGP4,2025-08-14 16:14:39.453792+00:00,14.13396111,0.00139770,98.9930,291.7395,172.8365,187.3009,0,U,33591,999,85144,0.00009029300000,0.00000125,0.0000000000000,7225.911,101.882,857.875,837.676,PAYLOAD,LARGE,US,2009-02-06,AFWTR,,4813900,295228161,0 NOAA 19,1 33591U 09005A   25226.67684553  .00000125  00000-0  90293-4 0  9991,2 33591  98.9930 291.7395 0013977 172.8365 187.3009 14.13396111851446
3.0,GENERATED VIA SPACE-TRACK.ORG API,2025-08-15 22:36:49+00:00,18 SPCS,NOAA 19,2009-005A,EARTH,TEME,UTC,SGP4,2025-08-14 19:38:32.136000+00:00,14.13396114,0.00139830,98.9930,291.8818,172.4534,187.6851,0,U,33591,999,85146,0.00008643600000,0.00000117,0.0000000000000,7225.911,101.882,857.880,837.672,PAYLOAD,LARGE,US,2009-02-06,AFWTR,,4814465,295233703,0 NOAA 19,1 33591U 09005A   25226.81842750  .00000117  00000-0  86436-4 0  9997,2 33591  98.9930 291.8818 0013983 172.4534 187.6851 14.13396114851461
3.0,GENERATED VIA SPACE-TRACK.ORG API,2025-08-15 22:36:49+00:00,18 SPCS,NOAA 19,2009-005A,EARTH,TEME,UTC,SGP4,2025-08-15 10:55:59.206368+00:00,14.13396144,0.00140170,98.9929,292.5222,170.7163,189.4271,0,U,33591,999,85155,0.00006367800000,0.00000074,0.0000000000000,7225.910,101.882,857.904,837.647,PAYLOAD,LARGE,US,2009-02-06,AFWTR,,4813782,295248274,0 NOAA 19,1 33591U 09005A   25227.45554637  .00000074  00000-0  63678-4 0  9997,2 33591  98.9929 292.5222 0014017 170.7163 189.4271 14.13396144851553
3.0,GENERATED VIA SPACE-TRACK.ORG API,2025-08-16 03:51:34+00:00,18 SPCS,NOAA 19,2009-005A,EARTH,TEME,UTC,SGP4,2025-08-15 21:07:37.250400+00:00,14.13396194,0.00140400,98.9929,292.9491,169.5657,190.5809,0,U,33591,999,85135,0.00005618200000,0.00000060,0.0000000000000,7225.910,101.882,857.920,837.630,PAYLOAD,LARGE,US,2009-02-06,AFWTR,,4815276,295262191,0 NOAA 19,1 33591U 09005A   25227.88029225  .00000060  00000-0  56182-4 0  9991,2 33591  98.9929 292.9491 0014040 169.5657 190.5809 14.13396194851358
3.0,GENERATED VIA SPACE-TRACK.ORG API,2025-08-16 11:56:17+00:00,18 SPCS,NOAA 19,2009-005A,EARTH,TEME,UTC,SGP4,2025-08-16 10:43:07.975776+00:00,14.13396279,0.00140660,98.9928,293.5183,168.0143,192.1366,0,U,33591,999,85169,0.00004801100000,0.00000045,0.0000000000000,7225.910,101.882,857.939,837.611,PAYLOAD,LARGE,US,2009-02-06,AFWTR,,4815720,295292412,0 NOAA 19,1 33591U 09005A   25228.44662009  .00000045  00000-0  48011-4 0  9992,2 33591  98.9928 293.5183 0014066 168.0143 192.1366 14.13396279851691
3.0,GENERATED VIA SPACE-TRACK.ORG API,2025-08-16 17:26:32+00:00,18 SPCS,NOAA 19,2009-005A,EARTH,TEME,UTC,SGP4,2025-08-16 15:48:56.995200+00:00,14.13396345,0.00140770,98.9928,293.7317,167.4345,192.7180,0,U,33591,999,85172,0.00004658700000,0.00000042,0.0000000000000,7225.910,101.882,857.947,837.603,PAYLOAD,LARGE,US,2009-02-06,AFWTR,,4816121,295301314,0 NOAA 19,1 33591U 09005A   25228.65899300  .00000042  00000-0  46587-4 0  9994,2 33591  98.9928 293.7317 0014077 167.4345 192.7180 14.13396345851729
3.0,GENERATED VIA SPACE-TRACK.ORG API,2025-08-16 17:54:20+00:00,18 SPCS,NOAA 19,2009-005A,EARTH,TEME,UTC,SGP4,2025-08-16 14:07:00.655392+00:00,14.13396329,0.00140760,98.9928,293.6606,167.6333,192.5187,0,U,33591,999,85145,0.00004757900000,0.00000044,0.0000000000000,7225.910,101.882,857.946,837.604,PAYLOAD,LARGE,US,2009-02-06,AFWTR,,4816161,295313760,0 NOAA 19,1 33591U 09005A   25228.58820203  .00000044  00000-0  47579-4 0  9996,2 33591  98.9928 293.6606 0014076 167.6333 192.5187 14.13396329851454
3.0,GENERATED VIA SPACE-TRACK.ORG API,2025-08-16 22:36:16+00:00,18 SPCS,NOAA 19,2009-005A,EARTH,TEME,UTC,SGP4,2025-08-16 17:30:53.335008+00:00,14.13396360,0.00140800,98.9928,293.8029,167.2433,192.9097,0,U,33591,999,85173,0.00004683200000,0.00000043,0.0000000000000,7225.910,101.882,857.949,837.601,PAYLOAD,LARGE,US,2009-02-06,AFWTR,,4816243,295367097,0 NOAA 19,1 33591U 09005A   25228.72978397  .00000043  00000-0  46832-4 0  9990,2 33591  98.9928 293.8029 0014080 167.2433 192.9097 14.13396360851737
3.0,GENERATED VIA SPACE-TRACK.ORG API,2025-08-17 03:07:36+00:00,18 SPCS,NOAA 19,2009-005A,EARTH,TEME,UTC,SGP4,2025-08-16 19:12:49.673952+00:00,14.13396380,0.00140830,98.9927,293.8740,167.0551,193.0985,0,U,33591,999,85148,0.00004849100000,0.00000046,0.0000000000000,7225.910,101.882,857.951,837.598,PAYLOAD,LARGE,US,2009-02-06,AFWTR,,4816343,295379588,0 NOAA 19,1 33591U 09005A   25228.80057493  .00000046  00000-0  48491-4 0  9990,2 33591  98.9927 293.8740 0014083 167.0551 193.0985 14.13396380851480
3.0,GENERATED VIA SPACE-TRACK.ORG API,2025-08-17 06:36:17+00:00,18 SPCS,NOAA 19,2009-005A,EARTH,TEME,UTC,SGP4,2025-08-17 03:42:31.371264+00:00,14.13396472,0.00141010,98.9927,294.2298,166.1061,194.0501,0,U,33591,999,85179,0.00004741900000,0.00000044,0.0000000000000,7225.909,101.882,857.964,837.585,PAYLOAD,LARGE,US,2009-02-06,AFWTR,,4816466,295463479,0 NOAA 19,1 33591U 09005A   25229.15452976  .00000044  00000-0  47419-4 0  9991,2 33591  98.9927 294.2298 0014101 166.1061 194.0501 14.13396472851791
3.0,GENERATED VIA SPACE-TRACK.ORG API,2025-08-17 14:56:31+00:00,18 SPCS,NOAA 19,2009-005A,EARTH,TEME,UTC,SGP4,2025-08-17 12:12:13.071168+00:00,14.13396551,0.00141200,98.9927,294.5855,165.1152,195.0439,0,U,33591,999,85184,0.00004703000000,0.00000043,0.0000000000000,7225.909,101.882,857.977,837.571,PAYLOAD,LARGE,US,2009-02-06,AFWTR,,4816870,295473891,0 NOAA 19,1 33591U 09005A   25229.50848462  .00000043  00000-0  47030-4 0  9997,2 33591  98.9927 294.5855 0014120 165.1152 195.0439 14.13396551851849
3.0,GENERATED VIA SPACE-TRACK.ORG API,2025-08-17 19:21:32+00:00,18 SPCS,NOAA 19,2009-005A,EARTH,TEME,UTC,SGP4,2025-08-17 13:54:09.410112+00:00,14.13396573,0.00141240,98.9927,294.6566,164.9229,195.2367,0,U,33591,999,85159,0.00004624300000,0.00000042,0.0000000000000,7225.909,101.882,857.980,837.568,PAYLOAD,LARGE,US,2009-02-06,AFWTR,,4817045,295488137,0 NOAA 19,1 33591U 09005A   25229.57927558  .00000042  00000-0  46243-4 0  9992,2 33591  98.9927 294.6566 0014124 164.9229 195.2367 14.13396573851593
3.0,GENERATED VIA SPACE-TRACK.ORG API,2025-08-17 23:06:17+00:00,18 SPCS,NOAA 19,2009-005A,EARTH,TEME,UTC,SGP4,2025-08-17 18:59:58.428672+00:00,14.13396590,0.00141340,98.9927,294.8701,164.3201,195.8411,0,U,33591,999,85188,0.00004254400000,0.00000035,0.0000000000000,7225.909,101.882,857.987,837.561,PAYLOAD,LARGE,US,2009-02-06,AFWTR,,4817318,295514716,0 NOAA 19,1 33591U 09005A   25229.79164848  .00000035  00000-0  42544-4 0  9993,2 33591  98.9927 294.8701 0014134 164.3201 195.8411 14.13396590851888
3.0,GENERATED VIA SPACE-TRACK.ORG API,2025-08-18 03:23:28+00:00,18 SPCS,NOAA 19,2009-005A,EARTH,TEME,UTC,SGP4,2025-08-17 22:23:51.105696+00:00,14.13396617,0.00141440,98.9926,295.0124,163.9434,196.2189,0,U,33591,999,85164,0.00004283800000,0.00000035,0.0000000000000,7225.909,101.882,857.994,837.553,PAYLOAD,LARGE,US,2009-02-06,AFWTR,,4817429,295528100,0 NOAA 19,1 33591U 09005A   25229.93323039  .00000035  00000-0  42838-4 0  9994,2 33591  98.9926 295.0124 0014144 163.9434 196.2189 14.13396617851644
3.0,GENERATED VIA SPACE-TRACK.ORG API,2025-08-18 06:36:18+00:00,18 SPCS,NOAA 19,2009-005A,EARTH,TEME,UTC,SGP4,2025-08-18 03:29:40.120800+00:00,14.13396732,0.00141500,98.9926,295.2258,163.3894,196.7744,0,U,33591,999,85193,0.00004992900000,0.00000049,0.0000000000000,7225.908,101.882,857.998,837.549,PAYLOAD,LARGE,US,2009-02-06,AFWTR,,4817516,295549258,0 NOAA 19,1 33591U 09005A   25230.14560325  .00000049  00000-0  49929-4 0  9993,2 33591  98.9926 295.2258 0014150 163.3894 196.7744 14.13396732851937
3.0,GENERATED VIA SPACE-TRACK.ORG API,2025-08-18 14:56:36+00:00,18 SPCS,NOAA 19,2009-005A,EARTH,TEME,UTC,SGP4,2025-08-18 11:59:21.812928+00:00,14.13396854,0.00141690,98.9926,295.5816,162.3876,197.7789,0,U,33591,999,85198,0.00005428300000,0.00000057,0.0000000000000,7225.908,101.882,858.011,837.535,PAYLOAD,LARGE,US,2009-02-06,AFWTR,,4817922,295559353,0 NOAA 19,1 33591U 09005A   25230.49955802  .00000057  00000-0  54283-4 0  9997,2 33591  98.9926 295.5816 0014169 162.3876 197.7789 14.13396854851989
3.0,GENERATED VIA SPACE-TRACK.ORG API,2025-08-18 19:34:57+00:00,18 SPCS,NOAA 19,2009-005A,EARTH,TEME,UTC,SGP4,2025-08-18 11:59:21.812928+00:00,14.13396854,0.00141690,98.9926,295.5816,162.3876,197.7789,0,U,33591,999,85172,0.00005428300000,0.00000057,0.0000000000000,7225.908,101.882,858.011,837.535,PAYLOAD,LARGE,US,2009-02-06,AFWTR,,4818027,295572889,0 NOAA 19,1 33591U 09005A   25230.49955802  .00000057  00000-0  54283-4 0  9997,2 33591  98.9926 295.5816 0014169 162.3876 197.7789 14.13396854851721
3.0,GENERATED VIA SPACE-TRACK.ORG API,2025-08-18 22:56:31+00:00,18 SPCS,NOAA 19,2009-005A,EARTH,TEME,UTC,SGP4,2025-08-18 18:47:07.161792+00:00,14.13396955,0.00141860,98.9926,295.8661,161.6074,198.5614,0,U,33591,999,85202,0.00005746100000,0.00000063,0.0000000000000,7225.908,101.882,858.023,837.522,PAYLOAD,LARGE,US,2009-02-06,AFWTR,,4818275,295597582,0 NOAA 19,1 33591U 09005A   25230.78272178  .00000063  00000-0  57461-4 0  9995,2 33591  98.9926 295.8661 0014186 161.6074 198.5614 14.13396955852025
3.0,GENERATED VIA SPACE-TRACK.ORG API,2025-08-19 02:51:04+00:00,18 SPCS,NOAA 19,2009-005A,EARTH,TEME,UTC,SGP4,2025-08-18 18:47:07.161792+00:00,14.13396955,0.00141860,98.9926,295.8661,161.6074,198.5614,0,U,33591,999,85176,0.00005746100000,0.00000063,0.0000000000000,7225.908,101.882,858.023,837.522,PAYLOAD,LARGE,US,2009-02-06,AFWTR,,4818361,295610889,0 NOAA 19,1 33591U 09005A   25230.78272178  .00000063  00000-0  57461-4 0  9995,2 33591  98.9926 295.8661 0014186 161.6074 198.5614 14.13396955851765
3.0,GENERATED VIA SPACE-TRACK.ORG API,2025-08-19 06:56:23+00:00,18 SPCS,NOAA 19,2009-005A,EARTH,TEME,UTC,SGP4,2025-08-19 04:58:45.186816+00:00,14.13397070,0.00142070,98.9926,296.2930,160.4591,199.7129,0,U,33591,999,85208,0.00005874600000,0.00000065,0.0000000000000,7225.907,101.882,858.038,837.506,PAYLOAD,LARGE,US,2009-02-06,AFWTR,,4818580,295635912,0 NOAA 19,1 33591U 09005A   25231.20746744  .00000065  00000-0  58746-4 0  9997,2 33591  98.9926 296.2930 0014207 160.4591 199.7129 14.13397070852083
3.0,GENERATED VIA SPACE-TRACK.ORG API,2025-08-19 14:56:18+00:00,18 SPCS,NOAA 19,2009-005A,EARTH,TEME,UTC,SGP4,2025-08-19 10:04:34.198464+00:00,14.13397116,0.00142190,98.9926,296.5064,159.8663,200.3073,0,U,33591,999,85211,0.00005949300000,0.00000067,0.0000000000000,7225.907,101.882,858.047,837.498,PAYLOAD,LARGE,US,2009-02-06,AFWTR,,4818883,295643414,0 NOAA 19,1 33591U 09005A   25231.41984026  .00000067  00000-0  59493-4 0  9999,2 33591  98.9926 296.5064 0014219 159.8663 200.3073 14.13397116852111
3.0,GENERATED VIA SPACE-TRACK.ORG API,2025-08-19 19:13:10+00:00,18 SPCS,NOAA 19,2009-005A,EARTH,TEME,UTC,SGP4,2025-08-19 13:28:26.871168+00:00,14.13397193,0.00142260,98.9925,296.6487,159.4630,200.7116,0,U,33591,999,85187,0.00006336700000,0.00000074,0.0000000000000,7225.907,101.882,858.051,837.492,PAYLOAD,LARGE,US,2009-02-06,AFWTR,,4818969,295656220,0 NOAA 19,1 33591U 09005A   25231.56142212  .00000074  00000-0  63367-4 0  9991,2 33591  98.9925 296.6487 0014226 159.4630 200.7116 14.13397193851877
3.0,GENERATED VIA SPACE-TRACK.ORG API,2025-08-19 22:36:31+00:00,18 SPCS,NOAA 19,2009-005A,EARTH,TEME,UTC,SGP4,2025-08-19 18:34:15.881088+00:00,14.13397236,0.00142330,98.9925,296.8622,158.8846,201.2916,0,U,33591,999,85216,0.00006295400000,0.00000073,0.0000000000000,7225.907,101.882,858.056,837.487,PAYLOAD,LARGE,US,2009-02-06,AFWTR,,4819097,295678625,0 NOAA 19,1 33591U 09005A   25231.77379492  .00000073  00000-0  62954-4 0  9996,2 33591  98.9925 296.8622 0014233 158.8846 201.2916 14.13397236852165
3.0,GENERATED VIA SPACE-TRACK.ORG API,2025-08-20 03:59:34+00:00,18 SPCS,NOAA 19,2009-005A,EARTH,TEME,UTC,SGP4,2025-08-19 21:58:08.549472+00:00,14.13397318,0.00142390,98.9925,297.0045,158.5008,201.6765,0,U,33591,999,85192,0.00006851900000,0.00000084,0.0000000000000,7225.906,101.882,858.060,837.482,PAYLOAD,LARGE,US,2009-02-06,AFWTR,,4819237,295693807,0 NOAA 19,1 33591U 09005A   25231.91537673  .00000084  00000-0  68519-4 0  9994,2 33591  98.9925 297.0045 0014239 158.5008 201.6765 14.13397318851920
3.0,GENERATED VIA SPACE-TRACK.ORG API,2025-08-20 09:16:31+00:00,18 SPCS,NOAA 19,2009-005A,EARTH,TEME,UTC,SGP4,2025-08-20 06:27:50.232960+00:00,14.13397380,0.00142550,98.9925,297.3602,157.5147,202.6652,0,U,33591,999,85223,0.00006563400000,0.00000078,0.0000000000000,7225.906,101.882,858.072,837.471,PAYLOAD,LARGE,US,2009-02-06,AFWTR,,4819537,295720172,0 NOAA 19,1 33591U 09005A   25232.26933140  .00000078  00000-0  65634-4 0  9990,2 33591  98.9925 297.3602 0014255 157.5147 202.6652 14.13397380852233
3.0,GENERATED VIA SPACE-TRACK.ORG API,2025-08-20 14:46:17+00:00,18 SPCS,NOAA 19,2009-005A,EARTH,TEME,UTC,SGP4,2025-08-20 11:33:39.242880+00:00,14.13397386,0.00142660,98.9925,297.5736,156.9213,203.2603,0,U,33591,999,85226,0.00006372900000,0.00000075,0.0000000000000,7225.906,101.882,858.080,837.463,PAYLOAD,LARGE,US,2009-02-06,AFWTR,,4819820,295727426,0 NOAA 19,1 33591U 09005A   25232.48170420  .00000075  00000-0  63729-4 0  9998,2 33591  98.9925 297.5736 0014266 156.9213 203.2603 14.13397386852264
3.0,GENERATED VIA SPACE-TRACK.ORG API,2025-08-20 22:00:37+00:00,18 SPCS,NOAA 19,2009-005A,EARTH,TEME,UTC,SGP4,2025-08-20 13:15:35.579232+00:00,14.13397409,0.00142740,98.9925,297.6447,156.7241,203.4580,0,U,33591,999,85201,0.00006450900000,0.00000076,0.0000000000000,7225.906,101.882,858.085,837.457,PAYLOAD,LARGE,US,2009-02-06,AFWTR,,4819966,295741039,0 NOAA 19,1 33591U 09005A   25232.55249513  .00000076  00000-0  64509-4 0  9994,2 33591  98.9925 297.6447 0014274 156.7241 203.4580 14.13397409852017
3.0,GENERATED VIA SPACE-TRACK.ORG API,2025-08-21 02:23:54+00:00,18 SPCS,NOAA 19,2009-005A,EARTH,TEME,UTC,SGP4,2025-08-20 20:03:20.922048+00:00,14.13397458,0.00142850,98.9924,297.9293,155.9400,204.2442,0,U,33591,999,85205,0.00006572300000,0.00000078,0.0000000000000,7225.906,101.882,858.093,837.449,PAYLOAD,LARGE,US,2009-02-06,AFWTR,,4820012,295771637,0 NOAA 19,1 33591U 09005A   25232.83565882  .00000078  00000-0  65723-4 0  9996,2 33591  98.9924 297.9293 0014285 155.9400 204.2442 14.13397458852052
3.0,GENERATED VIA SPACE-TRACK.ORG API,2025-08-23 17:13:00+00:00,18 SPCS,NOAA 19,2009-005A,EARTH,TEME,UTC,SGP4,2025-08-23 04:07:19.946496+00:00,14.13397930,0.00143784,98.9922,300.2770,149.6433,210.5575,0,U,33591,999,85238,0.00007222940400,0.00000091,0.0000000000000,7225.904,101.882,858.159,837.380,PAYLOAD,LARGE,US,2009-02-06,AFWTR,,4820249,295831019,0 NOAA 19,1 33591U 09005A   25235.17175864  .00000091  00000-0  72229-4 0  9997,2 33591  98.9922 300.2770 0014378 149.6433 210.5575 14.13397930852385
3.0,GENERATED VIA SPACE-TRACK.ORG API,2025-08-24 02:08:44+00:00,18 SPCS,NOAA 19,2009-005A,EARTH,TEME,UTC,SGP4,2025-08-23 19:24:46.938240+00:00,14.13397995,0.00144026,98.9921,300.9173,147.9577,212.2474,0,U,33591,999,85247,0.00006359909100,0.00000074,0.0000000000000,7225.904,101.882,858.176,837.362,PAYLOAD,LARGE,US,2009-02-06,AFWTR,,4820264,295858330,0 NOAA 19,1 33591U 09005A   25235.80887660  .00000074  00000-0  63599-4 0  9992,2 33591  98.9921 300.9173 0014403 147.9577 212.2474 14.13397995852475
3.0,GENERATED VIA SPACE-TRACK.ORG API,2025-08-24 18:52:16+00:00,18 SPCS,NOAA 19,2009-005A,EARTH,TEME,UTC,SGP4,2025-08-24 14:06:06.581952+00:00,14.13398253,0.00144322,98.9920,301.6998,145.8844,214.3259,0,U,33591,999,85258,0.00006628616400,0.00000079,0.0000000000000,7225.903,101.882,858.197,837.340,PAYLOAD,LARGE,US,2009-02-06,AFWTR,,4820322,295890257,0 NOAA 19,1 33591U 09005A   25236.58757618  .00000079  00000-0  66286-4 0  9998,2 33591  98.9920 301.6998 0014432 145.8844 214.3259 14.13398253852587
3.0,GENERATED VIA SPACE-TRACK.ORG API,2025-08-25 02:12:38+00:00,18 SPCS,NOAA 19,2009-005A,EARTH,TEME,UTC,SGP4,2025-08-24 20:53:51.901440+00:00,14.13398378,0.00144324,98.9919,301.9843,145.1459,215.0661,0,U,33591,999,85262,0.00007225930700,0.00000091,0.0000000000000,7225.903,101.882,858.197,837.339,PAYLOAD,LARGE,US,2009-02-06,AFWTR,,4820340,295920024,0 NOAA 19,1 33591U 09005A   25236.87073960  .00000091  00000-0  72259-4 0  9992,2 33591  98.9919 301.9843 0014432 145.1459 215.0661 14.13398378852620
3.0,GENERATED VIA SPACE-TRACK.ORG API,2025-08-25 21:12:07+00:00,18 SPCS,NOAA 19,2009-005A,EARTH,TEME,UTC,SGP4,2025-08-25 13:53:15.194976+00:00,14.13398635,0.00144634,98.9918,302.6957,143.2641,216.9525,0,U,33591,999,85272,0.00007265173300,0.00000091,0.0000000000000,7225.902,101.882,858.218,837.316,PAYLOAD,LARGE,US,2009-02-06,AFWTR,,4820412,295951965,0 NOAA 19,1 33591U 09005A   25237.57864809  .00000091  00000-0  72652-4 0  9997,2 33591  98.9918 302.6957 0014463 143.2641 216.9525 14.13398635852725
3.0,GENERATED VIA SPACE-TRACK.ORG API,2025-08-26 04:03:46+00:00,18 SPCS,NOAA 19,2009-005A,EARTH,TEME,UTC,SGP4,2025-08-25 18:59:04.182432+00:00,14.13398659,0.00144689,98.9918,302.9091,142.6955,217.5225,0,U,33591,999,85275,0.00006813008100,0.00000083,0.0000000000000,7225.902,101.882,858.222,837.312,PAYLOAD,LARGE,US,2009-02-06,AFWTR,,4820461,295982142,0 NOAA 19,1 33591U 09005A   25237.79102063  .00000083  00000-0  68130-4 0  9995,2 33591  98.9918 302.9091 0014469 142.6955 217.5225 14.13398659852757
3.0,GENERATED VIA SPACE-TRACK.ORG API,2025-08-26 22:27:06+00:00,18 SPCS,NOAA 19,2009-005A,EARTH,TEME,UTC,SGP4,2025-08-26 13:40:23.782080+00:00,14.13399097,0.00145048,98.9916,303.6916,140.5968,219.6262,0,U,33591,999,85286,0.00008396405400,0.00000113,0.0000000000000,7225.900,101.882,858.246,837.284,PAYLOAD,LARGE,US,2009-02-06,AFWTR,,4820578,296013717,0 NOAA 19,1 33591U 09005A   25238.56971970  .00000113  00000-0  83964-4 0  9998,2 33591  98.9916 303.6916 0014505 140.5968 219.6262 14.13399097852864
3.0,GENERATED VIA SPACE-TRACK.ORG API,2025-08-27 02:14:13+00:00,18 SPCS,NOAA 19,2009-005A,EARTH,TEME,UTC,SGP4,2025-08-26 22:10:05.418048+00:00,14.13399209,0.00145209,98.9915,304.0473,139.6281,220.5971,0,U,33591,999,85291,0.00008461294300,0.00000114,0.0000000000000,7225.900,101.882,858.258,837.272,PAYLOAD,LARGE,US,2009-02-06,AFWTR,,4820598,296044365,0 NOAA 19,1 33591U 09005A   25238.92367382  .00000114  00000-0  84613-4 0  9997,2 33591  98.9915 304.0473 0014521 139.6281 220.5971 14.13399209852910
3.0,GENERATED VIA SPACE-TRACK.ORG API,2025-08-27 12:18:54+00:00,18 SPCS,NOAA 19,2009-005A,EARTH,TEME,UTC,SGP4,2025-08-27 04:57:50.725440+00:00,14.13399338,0.00145330,98.9915,304.3318,138.8492,221.3778,0,U,33591,999,85295,0.00008545952900,0.00000116,0.0000000000000,7225.900,101.882,858.266,837.263,PAYLOAD,LARGE,US,2009-02-06,AFWTR,,4820647,296074132,0 NOAA 19,1 33591U 09005A   25239.20683710  .00000116  00000-0  85460-4 0  9998,2 33591  98.9915 304.3318 0014533 138.8492 221.3778 14.13399338852950
3.0,GENERATED VIA SPACE-TRACK.ORG API,2025-08-27 20:01:58+00:00,18 SPCS,NOAA 19,2009-005A,EARTH,TEME,UTC,SGP4,2025-08-27 13:27:32.354496+00:00,14.13399414,0.00145518,98.9914,304.6875,137.9009,222.3284,0,U,33591,999,85300,0.00008015071500,0.00000106,0.0000000000000,7225.899,101.882,858.279,837.249,PAYLOAD,LARGE,US,2009-02-06,AFWTR,,4820732,296105250,0 NOAA 19,1 33591U 09005A   25239.56079114  .00000106  00000-0  80151-4 0  9995,2 33591  98.9914 304.6875 0014552 137.9009 222.3284 14.13399414853000
3.0,GENERATED VIA SPACE-TRACK.ORG API,2025-08-28 02:53:28+00:00,18 SPCS,NOAA 19,2009-005A,EARTH,TEME,UTC,SGP4,2025-08-27 21:57:13.974912+00:00,14.13399612,0.00145653,98.9913,305.0431,136.9572,223.2741,0,U,33591,999,85305,0.00009074792700,0.00000125,0.0000000000000,7225.899,101.882,858.288,837.239,PAYLOAD,LARGE,US,2009-02-06,AFWTR,,4820797,296167875,0 NOAA 19,1 33591U 09005A   25239.91474508  .00000125  00000-0  90748-4 0  9994,2 33591  98.9913 305.0431 0014565 136.9572 223.2741 14.13399612853053
3.0,GENERATED VIA SPACE-TRACK.ORG API,2025-08-28 23:13:47+00:00,18 SPCS,NOAA 19,2009-005A,EARTH,TEME,UTC,SGP4,2025-08-28 13:14:40.889760+00:00,14.13399847,0.00146006,98.9912,305.6833,135.2439,224.9914,0,U,33591,999,85314,0.00009399345100,0.00000132,0.0000000000000,7225.898,101.882,858.313,837.213,PAYLOAD,LARGE,US,2009-02-06,AFWTR,,4820893,296198976,0 NOAA 19,1 33591U 09005A   25240.55186215  .00000132  00000-0  93993-4 0  9994,2 33591  98.9912 305.6833 0014601 135.2439 224.9914 14.13399847853149
3.0,GENERATED VIA SPACE-TRACK.ORG API,2025-08-29 02:15:49+00:00,18 SPCS,NOAA 19,2009-005A,EARTH,TEME,UTC,SGP4,2025-08-28 21:44:22.498944+00:00,14.13400049,0.00146031,98.9911,306.0390,134.3126,225.9246,0,U,33591,999,85319,0.00010487211000,0.00000152,0.0000000000000,7225.897,101.882,858.314,837.210,PAYLOAD,LARGE,US,2009-02-06,AFWTR,,4820901,296229658,0 NOAA 19,1 33591U 09005A   25240.90581596  .00000152  00000-0  10487-3 0  9992,2 33591  98.9911 306.0390 0014603 134.3126 225.9246 14.13400049853197
3.0,GENERATED VIA SPACE-TRACK.ORG API,2025-08-29 09:54:54+00:00,18 SPCS,NOAA 19,2009-005A,EARTH,TEME,UTC,SGP4,2025-08-29 06:14:04.110720+00:00,14.13400128,0.00146120,98.9911,306.3946,133.3715,226.8676,0,U,33591,999,85324,0.00010025206000,0.00000143,0.0000000000000,7225.897,101.882,858.320,837.203,PAYLOAD,LARGE,US,2009-02-06,AFWTR,,4820981,296259918,0 NOAA 19,1 33591U 09005A   25241.25976980  .00000143  00000-0  10025-3 0  9994,2 33591  98.9911 306.3946 0014612 133.3715 226.8676 14.13400128853241
3.0,GENERATED VIA SPACE-TRACK.ORG API,2025-08-30 03:38:48+00:00,18 SPCS,NOAA 19,2009-005A,EARTH,TEME,UTC,SGP4,2025-08-29 21:31:31.003104+00:00,14.13400309,0.00146219,98.9909,307.0348,131.6535,228.5891,0,U,33591,999,85333,0.00010111895000,0.00000145,0.0000000000000,7225.896,101.882,858.327,837.196,PAYLOAD,LARGE,US,2009-02-06,AFWTR,,4821102,296352403,0 NOAA 19,1 33591U 09005A   25241.89688661  .00000145  00000-0  10112-3 0  9999,2 33591  98.9909 307.0348 0014622 131.6535 228.5891 14.13400309853333
3.0,GENERATED VIA SPACE-TRACK.ORG API,2025-08-30 11:24:46+00:00,18 SPCS,NOAA 19,2009-005A,EARTH,TEME,UTC,SGP4,2025-08-30 02:37:19.963776+00:00,14.13400384,0.00146278,98.9909,307.2482,131.0980,229.1458,0,U,33591,999,85336,0.00010030012000,0.00000143,0.0000000000000,7225.896,101.882,858.331,837.191,PAYLOAD,LARGE,US,2009-02-06,AFWTR,,4821106,296383086,0 NOAA 19,1 33591U 09005A   25242.10925884  .00000143  00000-0  10030-3 0  9992,2 33591  98.9909 307.2482 0014628 131.0980 229.1458 14.13400384853360
3.0,GENERATED VIA SPACE-TRACK.ORG API,2025-08-31 02:26:50+00:00,18 SPCS,NOAA 19,2009-005A,EARTH,TEME,UTC,SGP4,2025-08-30 21:18:39.468384+00:00,14.13400815,0.00146444,98.9908,308.0306,128.9999,231.2480,0,U,33591,999,85347,0.00011404595000,0.00000169,0.0000000000000,7225.894,101.882,858.341,837.178,PAYLOAD,LARGE,US,2009-02-06,AFWTR,,4821165,296414687,0 NOAA 19,1 33591U 09005A   25242.88795681  .00000169  00000-0  11405-3 0  9992,2 33591  98.9908 308.0306 0014644 128.9999 231.2480 14.13400815853476
3.0,GENERATED VIA SPACE-TRACK.ORG API,2025-08-31 11:35:43+00:00,18 SPCS,NOAA 19,2009-005A,EARTH,TEME,UTC,SGP4,2025-08-31 05:48:21.053376+00:00,14.13401011,0.00146479,98.9907,308.3863,128.0804,232.1691,0,U,33591,999,85352,0.00011765731000,0.00000176,0.0000000000000,7225.894,101.882,858.343,837.174,PAYLOAD,LARGE,US,2009-02-06,AFWTR,,4821198,296444898,0 NOAA 19,1 33591U 09005A   25243.24191034  .00000176  00000-0  11766-3 0  9993,2 33591  98.9907 308.3863 0014648 128.0804 232.1691 14.13401011853525
3.0,GENERATED VIA SPACE-TRACK.ORG API,2025-08-31 17:37:22+00:00,18 SPCS,NOAA 19,2009-005A,EARTH,TEME,UTC,SGP4,2025-08-31 14:18:02.639232+00:00,14.13401223,0.00146500,98.9907,308.7419,127.1469,233.1043,0,U,33591,999,85357,0.00012505333000,0.00000190,0.0000000000000,7225.893,101.882,858.344,837.172,PAYLOAD,LARGE,US,2009-02-06,AFWTR,,4821225,296475516,0 NOAA 19,1 33591U 09005A   25243.59586388  .00000190  00000-0  12505-3 0  9999,2 33591  98.9907 308.7419 0014650 127.1469 233.1043 14.13401223853578
3.0,GENERATED VIA SPACE-TRACK.ORG API,2025-09-01 02:20:03+00:00,18 SPCS,NOAA 19,2009-005A,EARTH,TEME,UTC,SGP4,2025-08-31 21:05:47.899104+00:00,14.13401403,0.00146503,98.9907,309.0264,126.3861,233.8665,0,U,33591,999,85361,0.00012987034000,0.00000199,0.0000000000000,7225.892,101.882,858.344,837.171,PAYLOAD,LARGE,US,2009-02-06,AFWTR,,4821248,296507129,0 NOAA 19,1 33591U 09005A   25243.87902661  .00000199  00000-0  12987-3 0  9999,2 33591  98.9907 309.0264 0014650 126.3861 233.8665 14.13401403853619
3.0,GENERATED VIA SPACE-TRACK.ORG API,2025-09-01 10:16:30+00:00,18 SPCS,NOAA 19,2009-005A,EARTH,TEME,UTC,SGP4,2025-09-01 05:35:29.477184+00:00,14.13401654,0.00146505,98.9907,309.3821,125.4955,234.7586,0,U,33591,999,85366,0.00013950830000,0.00000217,0.0000000000000,7225.892,101.882,858.343,837.170,PAYLOAD,LARGE,US,2009-02-06,AFWTR,,4821324,296536972,0 NOAA 19,1 33591U 09005A   25244.23298006  .00000217  00000-0  13951-3 0  9994,2 33591  98.9907 309.3821 0014651 125.4955 234.7586 14.13401654853661
3.0,GENERATED VIA SPACE-TRACK.ORG API,2025-09-01 19:24:48+00:00,18 SPCS,NOAA 19,2009-005A,EARTH,TEME,UTC,SGP4,2025-09-01 12:23:14.738784+00:00,14.13401790,0.00146598,98.9907,309.6666,124.7377,235.5178,0,U,33591,999,85370,0.00014053720000,0.00000219,0.0000000000000,7225.891,101.882,858.349,837.163,PAYLOAD,LARGE,US,2009-02-06,AFWTR,,4821362,296568046,0 NOAA 19,1 33591U 09005A   25244.51614281  .00000219  00000-0  14054-3 0  9999,2 33591  98.9907 309.6666 0014660 124.7377 235.5178 14.13401790853703
3.0,GENERATED VIA SPACE-TRACK.ORG API,2025-09-02 03:25:31+00:00,18 SPCS,NOAA 19,2009-005A,EARTH,TEME,UTC,SGP4,2025-09-01 20:52:56.297856+00:00,14.13402054,0.00146716,98.9906,310.0222,123.7923,236.4649,0,U,33591,999,85375,0.00014772743000,0.00000233,0.0000000000000,7225.890,101.882,858.357,837.154,PAYLOAD,LARGE,US,2009-02-06,AFWTR,,4821406,296599681,0 NOAA 19,1 33591U 09005A   25244.87009604  .00000233  00000-0  14773-3 0  9999,2 33591  98.9906 310.0222 0014672 123.7923 236.4649 14.13402054853757
3.0,GENERATED VIA SPACE-TRACK.ORG API,2025-09-02 10:20:33+00:00,18 SPCS,NOAA 19,2009-005A,EARTH,TEME,UTC,SGP4,2025-09-02 05:22:37.852608+00:00,14.13402352,0.00146772,98.9906,310.3779,122.8777,237.3809,0,U,33591,999,85380,0.00015419736000,0.00000245,0.0000000000000,7225.889,101.882,858.360,837.149,PAYLOAD,LARGE,US,2009-02-06,AFWTR,,4821465,296629498,0 NOAA 19,1 33591U 09005A   25245.22404922  .00000245  00000-0  15420-3 0  9994,2 33591  98.9906 310.3779 0014677 122.8777 237.3809 14.13402352853804
3.0,GENERATED VIA SPACE-TRACK.ORG API,2025-09-02 23:42:54+00:00,18 SPCS,NOAA 19,2009-005A,EARTH,TEME,UTC,SGP4,2025-09-02 12:10:23.105568+00:00,14.13402487,0.00146944,98.9906,310.6624,122.1178,238.1422,0,U,33591,999,85384,0.00015590099000,0.00000248,0.0000000000000,7225.889,101.882,858.372,837.136,PAYLOAD,LARGE,US,2009-02-06,AFWTR,,4821541,296661530,0 NOAA 19,1 33591U 09005A   25245.50721187  .00000248  00000-0  15590-3 0  9991,2 33591  98.9906 310.6624 0014694 122.1178 238.1422 14.13402487853846
3.0,GENERATED VIA SPACE-TRACK.ORG API,2025-09-03 02:21:29+00:00,18 SPCS,NOAA 19,2009-005A,EARTH,TEME,UTC,SGP4,2025-09-02 20:40:04.654272+00:00,14.13402636,0.00147083,98.9905,311.0180,121.1690,239.0926,0,U,33591,999,85389,0.00015200036000,0.00000241,0.0000000000000,7225.888,101.882,858.381,837.125,PAYLOAD,LARGE,US,2009-02-06,AFWTR,,4821549,296692210,0 NOAA 19,1 33591U 09005A   25245.86116498  .00000241  00000-0  15200-3 0  9994,2 33591  98.9905 311.0180 0014708 121.1690 239.0926 14.13402636853891
3.0,GENERATED VIA SPACE-TRACK.ORG API,2025-09-03 10:15:41+00:00,18 SPCS,NOAA 19,2009-005A,EARTH,TEME,UTC,SGP4,2025-09-03 05:09:46.194336+00:00,14.13402983,0.00147184,98.9905,311.3736,120.2085,240.0546,0,U,33591,999,85394,0.00016390572000,0.00000263,0.0000000000000,7225.887,101.882,858.387,837.117,PAYLOAD,LARGE,US,2009-02-06,AFWTR,,4821572,296722905,0 NOAA 19,1 33591U 09005A   25246.21511799  .00000263  00000-0  16391-3 0  9993,2 33591  98.9905 311.3736 0014718 120.2085 240.0546 14.13402983853941
3.0,GENERATED VIA SPACE-TRACK.ORG API,2025-09-04 04:29:00+00:00,18 SPCS,NOAA 19,2009-005A,EARTH,TEME,UTC,SGP4,2025-09-03 20:27:12.971808+00:00,14.13403104,0.00147433,98.9904,312.0138,118.5280,241.7378,0,U,33591,999,85403,0.00014478169000,0.00000227,0.0000000000000,7225.887,101.882,858.405,837.098,PAYLOAD,LARGE,US,2009-02-06,AFWTR,,4821716,296753759,0 NOAA 19,1 33591U 09005A   25246.85223347  .00000227  00000-0  14478-3 0  9996,2 33591  98.9904 312.0138 0014743 118.5280 241.7378 14.13403104854037
3.0,GENERATED VIA SPACE-TRACK.ORG API,2025-09-04 10:13:37+00:00,18 SPCS,NOAA 19,2009-005A,EARTH,TEME,UTC,SGP4,2025-09-04 04:56:54.504960+00:00,14.13403293,0.00147509,98.9904,312.3694,117.5960,242.6712,0,U,33591,999,85408,0.00014137455000,0.00000221,0.0000000000000,7225.886,101.882,858.410,837.092,PAYLOAD,LARGE,US,2009-02-06,AFWTR,,4821752,296783964,0 NOAA 19,1 33591U 09005A   25247.20618640  .00000221  00000-0  14137-3 0  9996,2 33591  98.9904 312.3694 0014751 117.5960 242.6712 14.13403293854086
3.0,GENERATED VIA SPACE-TRACK.ORG API,2025-09-05 04:46:27+00:00,18 SPCS,NOAA 19,2009-005A,EARTH,TEME,UTC,SGP4,2025-09-04 21:56:17.556576+00:00,14.13403628,0.00147655,98.9903,313.0807,115.7413,244.5285,0,U,33591,999,85418,0.00014034040000,0.00000219,0.0000000000000,7225.885,101.882,858.419,837.080,PAYLOAD,LARGE,US,2009-02-06,AFWTR,,4821832,296814624,0 NOAA 19,1 33591U 09005A   25247.91409209  .00000219  00000-0  14034-3 0  9996,2 33591  98.9903 313.0807 0014766 115.7413 244.5285 14.13403628854187
3.0,GENERATED VIA SPACE-TRACK.ORG API,2025-09-05 10:27:06+00:00,18 SPCS,NOAA 19,2009-005A,EARTH,TEME,UTC,SGP4,2025-09-05 04:44:02.770656+00:00,14.13403779,0.00147646,98.9903,313.3652,115.0201,245.2506,0,U,33591,999,85422,0.00013807990000,0.00000215,0.0000000000000,7225.884,101.882,858.418,837.081,PAYLOAD,LARGE,US,2009-02-06,AFWTR,,4821894,296845764,0 NOAA 19,1 33591U 09005A   25248.19725429  .00000215  00000-0  13808-3 0  9996,2 33591  98.9903 313.3652 0014765 115.0201 245.2506 14.13403779854221
3.0,GENERATED VIA SPACE-TRACK.ORG API,2025-09-05 19:38:10+00:00,18 SPCS,NOAA 19,2009-005A,EARTH,TEME,UTC,SGP4,2025-09-05 13:13:44.288256+00:00,14.13403979,0.00147799,98.9902,313.7208,114.1077,246.1643,0,U,33591,999,85427,0.00014261499000,0.00000223,0.0000000000000,7225.884,101.882,858.428,837.069,PAYLOAD,LARGE,US,2009-02-06,AFWTR,,4821945,296876394,0 NOAA 19,1 33591U 09005A   25248.55120704  .00000223  00000-0  14261-3 0  9994,2 33591  98.9902 313.7208 0014780 114.1077 246.1643 14.13403979854278
3.0,GENERATED VIA SPACE-TRACK.ORG API,2025-09-06 02:09:56+00:00,18 SPCS,NOAA 19,2009-005A,EARTH,TEME,UTC,SGP4,2025-09-05 21:43:25.796352+00:00,14.13404037,0.00147826,98.9902,314.0764,113.1521,247.1211,0,U,33591,999,85432,0.00012970801000,0.00000199,0.0000000000000,7225.884,101.882,858.430,837.067,PAYLOAD,LARGE,US,2009-02-06,AFWTR,,4822005,296908029,0 NOAA 19,1 33591U 09005A   25248.90515968  .00000199  00000-0  12971-3 0  9991,2 33591  98.9902 314.0764 0014783 113.1521 247.1211 14.13404037854329
3.0,GENERATED VIA SPACE-TRACK.ORG API,2025-09-06 10:23:13+00:00,18 SPCS,NOAA 19,2009-005A,EARTH,TEME,UTC,SGP4,2025-09-06 04:31:11.000064+00:00,14.13404243,0.00147829,98.9901,314.3609,112.4097,247.8642,0,U,33591,999,85436,0.00013524997000,0.00000209,0.0000000000000,7225.883,101.882,858.430,837.066,PAYLOAD,LARGE,US,2009-02-06,AFWTR,,4822049,296938791,0 NOAA 19,1 33591U 09005A   25249.18832176  .00000209  00000-0  13525-3 0  9993,2 33591  98.9901 314.3609 0014783 112.4097 247.8642 14.13404243854367
3.0,GENERATED VIA SPACE-TRACK.ORG API,2025-09-07 03:09:44+00:00,18 SPCS,NOAA 19,2009-005A,EARTH,TEME,UTC,SGP4,2025-09-06 21:30:34.002432+00:00,14.13404516,0.00147993,98.9900,315.0721,110.5442,249.7319,0,U,33591,999,85446,0.00013108506000,0.00000201,0.0000000000000,7225.882,101.882,858.441,837.053,PAYLOAD,LARGE,US,2009-02-06,AFWTR,,4822078,296969904,0 NOAA 19,1 33591U 09005A   25249.89622688  .00000201  00000-0  13109-3 0  9996,2 33591  98.9900 315.0721 0014799 110.5442 249.7319 14.13404516854465
3.0,GENERATED VIA SPACE-TRACK.ORG API,2025-09-07 09:49:38+00:00,18 SPCS,NOAA 19,2009-005A,EARTH,TEME,UTC,SGP4,2025-09-07 06:00:15.501888+00:00,14.13404551,0.00148032,98.9900,315.4278,109.6220,250.6551,0,U,33591,999,85451,0.00012069088000,0.00000182,0.0000000000000,7225.882,101.882,858.443,837.050,PAYLOAD,LARGE,US,2009-02-06,AFWTR,,4822108,296999738,0 NOAA 19,1 33591U 09005A   25250.25017942  .00000182  00000-0  12069-3 0  9991,2 33591  98.9900 315.4278 0014803 109.6220 250.6551 14.13404551854519
3.0,GENERATED VIA SPACE-TRACK.ORG API,2025-09-08 03:16:33+00:00,18 SPCS,NOAA 19,2009-005A,EARTH,TEME,UTC,SGP4,2025-09-07 21:17:42.190368+00:00,14.13404697,0.00148158,98.9898,316.0678,107.9066,252.3722,0,U,33591,999,85460,0.00010624879000,0.00000155,0.0000000000000,7225.881,101.882,858.452,837.041,PAYLOAD,LARGE,US,2009-02-06,AFWTR,,4822130,297031757,0 NOAA 19,1 33591U 09005A   25250.88729387  .00000155  00000-0  10625-3 0  9999,2 33591  98.9898 316.0678 0014816 107.9066 252.3722 14.13404697854609
3.0,GENERATED VIA SPACE-TRACK.ORG API,2025-09-08 09:49:28+00:00,18 SPCS,NOAA 19,2009-005A,EARTH,TEME,UTC,SGP4,2025-09-08 05:47:23.674272+00:00,14.13404857,0.00148149,98.9898,316.4234,106.9786,253.3011,0,U,33591,999,85465,0.00010489821000,0.00000152,0.0000000000000,7225.881,101.882,858.451,837.041,PAYLOAD,LARGE,US,2009-02-06,AFWTR,,4822176,297062017,0 NOAA 19,1 33591U 09005A   25251.24124623  .00000152  00000-0  10490-3 0  9999,2 33591  98.9898 316.4234 0014815 106.9786 253.3011 14.13404857854653
3.0,GENERATED VIA SPACE-TRACK.ORG API,2025-09-08 18:18:34+00:00,18 SPCS,NOAA 19,2009-005A,EARTH,TEME,UTC,SGP4,2025-09-08 14:17:05.157312+00:00,14.13404975,0.00148194,98.9897,316.7790,106.0511,254.2294,0,U,33591,999,85470,0.00010003222000,0.00000143,0.0000000000000,7225.880,101.882,858.454,837.037,PAYLOAD,LARGE,US,2009-02-06,AFWTR,,4822267,297092735,0 NOAA 19,1 33591U 09005A   25251.59519858  .00000143  00000-0  10003-3 0  9995,2 33591  98.9897 316.7790 0014819 106.0511 254.2294 14.13404975854703
3.0,GENERATED VIA SPACE-TRACK.ORG API,2025-09-09 04:47:03+00:00,18 SPCS,NOAA 19,2009-005A,EARTH,TEME,UTC,SGP4,2025-09-08 21:04:50.341152+00:00,14.13404984,0.00148102,98.9897,317.0635,105.3148,254.9662,0,U,33591,999,85474,0.00009201273300,0.00000128,0.0000000000000,7225.880,101.882,858.447,837.044,PAYLOAD,LARGE,US,2009-02-06,AFWTR,,4822307,297123901,0 NOAA 19,1 33591U 09005A   25251.87836043  .00000128  00000-0  92013-4 0  9999,2 33591  98.9897 317.0635 0014810 105.3148 254.9662 14.13404984854744
3.0,GENERATED VIA SPACE-TRACK.ORG API,2025-09-09 10:35:32+00:00,18 SPCS,NOAA 19,2009-005A,EARTH,TEME,UTC,SGP4,2025-09-09 05:34:31.814688+00:00,14.13405143,0.00147994,98.9896,317.4191,104.3994,255.8822,0,U,33591,999,85479,0.00008968355600,0.00000124,0.0000000000000,7225.880,101.882,858.439,837.051,PAYLOAD,LARGE,US,2009-02-06,AFWTR,,4822351,297155164,0 NOAA 19,1 33591U 09005A   25252.23231267  .00000124  00000-0  89684-4 0  9993,2 33591  98.9896 317.4191 0014799 104.3994 255.8822 14.13405143854799
3.0,GENERATED VIA SPACE-TRACK.ORG API,2025-09-10 04:10:32+00:00,18 SPCS,NOAA 19,2009-005A,EARTH,TEME,UTC,SGP4,2025-09-09 20:51:58.466016+00:00,14.13405284,0.00147943,98.9895,318.0591,102.7367,257.5459,0,U,33591,999,85488,0.00007628096300,0.00000098,0.0000000000000,7225.879,101.882,858.434,837.054,PAYLOAD,LARGE,US,2009-02-06,AFWTR,,4822509,297185893,0 NOAA 19,1 33591U 09005A   25252.86942669  .00000098  00000-0  76281-4 0  9996,2 33591  98.9895 318.0591 0014794 102.7367 257.5459 14.13405284854881
3.0,GENERATED VIA SPACE-TRACK.ORG API,2025-09-10 10:13:59+00:00,18 SPCS,NOAA 19,2009-005A,EARTH,TEME,UTC,SGP4,2025-09-10 03:39:43.642080+00:00,14.13405387,0.00147978,98.9894,318.3436,101.9882,258.2950,0,U,33591,999,85492,0.00007284467000,0.00000092,0.0000000000000,7225.879,101.882,858.437,837.051,PAYLOAD,LARGE,US,2009-02-06,AFWTR,,4822583,297216704,0 NOAA 19,1 33591U 09005A   25253.15258845  .00000092  00000-0  72845-4 0  9991,2 33591  98.9894 318.3436 0014798 101.9882 258.2950 14.13405387854921
3.0,GENERATED VIA SPACE-TRACK.ORG API,2025-09-10 17:35:26+00:00,18 SPCS,NOAA 19,2009-005A,EARTH,TEME,UTC,SGP4,2025-09-10 08:45:32.520672+00:00,14.13405496,0.00147975,98.9894,318.5569,101.4331,258.8504,0,U,33591,999,85495,0.00007452875300,0.00000095,0.0000000000000,7225.879,101.882,858.436,837.051,PAYLOAD,LARGE,US,2009-02-06,AFWTR,,4822640,297248325,0 NOAA 19,1 33591U 09005A   25253.36495973  .00000095  00000-0  74529-4 0  9993,2 33591  98.9894 318.5569 0014797 101.4331 258.8504 14.13405496854958
3.0,GENERATED VIA SPACE-TRACK.ORG API,2025-09-11 03:57:20+00:00,18 SPCS,NOAA 19,2009-005A,EARTH,TEME,UTC,SGP4,2025-09-10 17:15:13.981248+00:00,14.13405668,0.00148007,98.9894,318.9125,100.5014,259.7827,0,U,33591,999,85500,0.00007642268000,0.00000099,0.0000000000000,7225.878,101.882,858.438,837.048,PAYLOAD,LARGE,US,2009-02-06,AFWTR,,4822716,297279133,0 NOAA 19,1 33591U 09005A   25253.71891182  .00000099  00000-0  76423-4 0  9993,2 33591  98.9894 318.9125 0014801 100.5014 259.7827 14.13405668855000
3.0,GENERATED VIA SPACE-TRACK.ORG API,2025-09-11 10:07:58+00:00,18 SPCS,NOAA 19,2009-005A,EARTH,TEME,UTC,SGP4,2025-09-11 05:08:48.025536+00:00,14.13405828,0.00148057,98.9893,319.4103,99.1955,261.0892,0,U,33591,999,85507,0.00007376530700,0.00000094,0.0000000000000,7225.877,101.882,858.441,837.044,PAYLOAD,LARGE,US,2009-02-06,AFWTR,,4822732,297309882,0 NOAA 19,1 33591U 09005A   25254.21444474  .00000094  00000-0  73765-4 0  9998,2 33591  98.9893 319.4103 0014806  99.1955 261.0892 14.13405828855076
3.0,GENERATED VIA SPACE-TRACK.ORG API,2025-09-12 04:49:39+00:00,18 SPCS,NOAA 19,2009-005A,EARTH,TEME,UTC,SGP4,2025-09-11 20:26:14.646624+00:00,14.13406007,0.00148208,98.9892,320.0503,97.5033,262.7824,0,U,33591,999,85516,0.00006658136300,0.00000080,0.0000000000000,7225.877,101.882,858.451,837.032,PAYLOAD,LARGE,US,2009-02-06,AFWTR,,4822839,297341086,0 NOAA 19,1 33591U 09005A   25254.85155841  .00000080  00000-0  66581-4 0  9998,2 33591  98.9892 320.0503 0014821  97.5033 262.7824 14.13406007855166
3.0,GENERATED VIA SPACE-TRACK.ORG API,2025-09-12 19:51:46+00:00,18 SPCS,NOAA 19,2009-005A,EARTH,TEME,UTC,SGP4,2025-09-12 13:25:37.544448+00:00,14.13406257,0.00148310,98.9890,320.7615,95.6586,264.6278,0,U,33591,999,85526,0.00006664414700,0.00000080,0.0000000000000,7225.876,101.882,858.458,837.024,PAYLOAD,LARGE,US,2009-02-06,AFWTR,,4822914,297371720,0 NOAA 19,1 33591U 09005A   25255.55946232  .00000080  00000-0  66644-4 0  9998,2 33591  98.9890 320.7615 0014831  95.6586 264.6278 14.13406257855260
3.0,GENERATED VIA SPACE-TRACK.ORG API,2025-09-13 03:01:38+00:00,18 SPCS,NOAA 19,2009-005A,EARTH,TEME,UTC,SGP4,2025-09-12 21:55:18.990336+00:00,14.13406272,0.00148301,98.9890,321.1171,94.7350,265.5516,0,U,33591,999,85531,0.00005887877500,0.00000066,0.0000000000000,7225.876,101.882,858.457,837.025,PAYLOAD,LARGE,US,2009-02-06,AFWTR,,4822920,297402043,0 NOAA 19,1 33591U 09005A   25255.91341424  .00000066  00000-0  58879-4 0  9995,2 33591  98.9890 321.1171 0014830  94.7350 265.5516 14.13406272855318
3.0,GENERATED VIA SPACE-TRACK.ORG API,2025-09-13 10:35:15+00:00,18 SPCS,NOAA 19,2009-005A,EARTH,TEME,UTC,SGP4,2025-09-13 04:43:04.145664+00:00,14.13406413,0.00148352,98.9889,321.4015,93.9820,266.3048,0,U,33591,999,85535,0.00006598002800,0.00000079,0.0000000000000,7225.875,101.882,858.460,837.021,PAYLOAD,LARGE,US,2009-02-06,AFWTR,,4822946,297433736,0 NOAA 19,1 33591U 09005A   25256.19657576  .00000079  00000-0  65980-4 0  9999,2 33591  98.9889 321.4015 0014835  93.9820 266.3048 14.13406413855354
3.0,GENERATED VIA SPACE-TRACK.ORG API,2025-09-14 03:50:53+00:00,18 SPCS,NOAA 19,2009-005A,EARTH,TEME,UTC,SGP4,2025-09-13 21:42:27.028800+00:00,14.13406451,0.00148346,98.9888,322.1126,92.1334,268.1537,0,U,33591,999,85545,0.00005270794000,0.00000054,0.0000000000000,7225.875,101.882,858.460,837.021,PAYLOAD,LARGE,US,2009-02-06,AFWTR,,4822980,297464420,0 NOAA 19,1 33591U 09005A   25256.90447950  .00000054  00000-0  52708-4 0  9998,2 33591  98.9888 322.1126 0014835  92.1334 268.1537 14.13406451855451
3.0,GENERATED VIA SPACE-TRACK.ORG API,2025-09-14 10:03:03+00:00,18 SPCS,NOAA 19,2009-005A,EARTH,TEME,UTC,SGP4,2025-09-14 06:12:08.465184+00:00,14.13406578,0.00148292,98.9888,322.4682,91.1979,269.0892,0,U,33591,999,85550,0.00005955758800,0.00000067,0.0000000000000,7225.875,101.882,858.455,837.024,PAYLOAD,LARGE,US,2009-02-06,AFWTR,,4823016,297494878,0 NOAA 19,1 33591U 09005A   25257.25843131  .00000067  00000-0  59558-4 0  9992,2 33591  98.9888 322.4682 0014829  91.1979 269.0892 14.13406578855508
3.0,GENERATED VIA SPACE-TRACK.ORG API,2025-09-15 00:30:53+00:00,18 SPCS,NOAA 19,2009-005A,EARTH,TEME,UTC,SGP4,2025-09-14 12:59:53.611872+00:00,14.13406623,0.00148276,98.9887,322.7527,90.4581,269.8290,0,U,33591,999,85554,0.00005822904900,0.00000064,0.0000000000000,7225.875,101.882,858.454,837.025,PAYLOAD,LARGE,US,2009-02-06,AFWTR,,4823067,297526091,0 NOAA 19,1 33591U 09005A   25257.54159273  .00000064  00000-0  58229-4 0  9992,2 33591  98.9887 322.7527 0014828  90.4581 269.8290 14.13406623855543
3.0,GENERATED VIA SPACE-TRACK.ORG API,2025-09-15 10:34:35+00:00,18 SPCS,NOAA 19,2009-005A,EARTH,TEME,UTC,SGP4,2025-09-15 05:59:16.447488+00:00,14.13407141,0.00148124,98.9886,323.4638,88.5809,271.7059,0,U,33591,999,85564,0.00008734607500,0.00000119,0.0000000000000,7225.873,101.881,858.441,837.035,PAYLOAD,LARGE,US,2009-02-06,AFWTR,,4823105,297557880,0 NOAA 19,1 33591U 09005A   25258.24949592  .00000119  00000-0  87346-4 0  9994,2 33591  98.9886 323.4638 0014812  88.5809 271.7059 14.13407141855649
3.0,GENERATED VIA SPACE-TRACK.ORG API,2025-09-15 19:50:20+00:00,18 SPCS,NOAA 19,2009-005A,EARTH,TEME,UTC,SGP4,2025-09-15 14:28:57.896832+00:00,14.13406925,0.00148174,98.9886,323.8193,87.6474,272.6395,0,U,33591,999,85569,0.00006518965600,0.00000077,0.0000000000000,7225.874,101.881,858.446,837.032,PAYLOAD,LARGE,US,2009-02-06,AFWTR,,4823181,297589121,0 NOAA 19,1 33591U 09005A   25258.60344788  .00000077  00000-0  65190-4 0  9996,2 33591  98.9886 323.8193 0014817  87.6474 272.6395 14.13406925855699
3.0,GENERATED VIA SPACE-TRACK.ORG API,2025-09-16 04:27:54+00:00,18 SPCS,NOAA 19,2009-005A,EARTH,TEME,UTC,SGP4,2025-09-15 19:34:46.751232+00:00,14.13406968,0.00148159,98.9885,324.0327,87.0878,273.1990,0,U,33591,999,85572,0.00006587345300,0.00000079,0.0000000000000,7225.874,101.881,858.444,837.033,PAYLOAD,LARGE,US,2009-02-06,AFWTR,,4823260,297650694,0 NOAA 19,1 33591U 09005A   25258.81581888  .00000079  00000-0  65873-4 0  9993,2 33591  98.9885 324.0327 0014816  87.0878 273.1990 14.13406968855729
3.0,GENERATED VIA SPACE-TRACK.ORG API,2025-09-16 10:08:32+00:00,18 SPCS,NOAA 19,2009-005A,EARTH,TEME,UTC,SGP4,2025-09-16 05:46:24.457440+00:00,14.13407119,0.00148125,98.9885,324.4593,85.9786,274.3079,0,U,33591,999,85578,0.00007027272400,0.00000087,0.0000000000000,7225.873,101.881,858.441,837.035,PAYLOAD,LARGE,US,2009-02-06,AFWTR,,4823280,297681130,0 NOAA 19,1 33591U 09005A   25259.24056085  .00000087  00000-0  70273-4 0  9996,2 33591  98.9885 324.4593 0014813  85.9786 274.3079 14.13407119855786
3.0,GENERATED VIA SPACE-TRACK.ORG API,2025-09-16 19:42:00+00:00,18 SPCS,NOAA 19,2009-005A,EARTH,TEME,UTC,SGP4,2025-09-16 14:16:05.877408+00:00,14.13407182,0.00148113,98.9885,324.8149,85.0561,275.2302,0,U,33591,999,85583,0.00006703733600,0.00000081,0.0000000000000,7225.873,101.881,858.440,837.035,PAYLOAD,LARGE,US,2009-02-06,AFWTR,,4823320,297713238,0 NOAA 19,1 33591U 09005A   25259.59451247  .00000081  00000-0  67037-4 0  9991,2 33591  98.9885 324.8149 0014811  85.0561 275.2302 14.13407182855832
3.0,GENERATED VIA SPACE-TRACK.ORG API,2025-09-17 10:09:23+00:00,18 SPCS,NOAA 19,2009-005A,EARTH,TEME,UTC,SGP4,2025-09-17 05:33:32.432832+00:00,14.13407306,0.00148088,98.9884,325.4548,83.3712,276.9145,0,U,33591,999,85592,0.00006398902900,0.00000075,0.0000000000000,7225.872,101.881,858.438,837.037,PAYLOAD,LARGE,US,2009-02-06,AFWTR,,4823413,297743247,0 NOAA 19,1 33591U 09005A   25260.23162538  .00000075  00000-0  63989-4 0  9991,2 33591  98.9884 325.4548 0014809  83.3712 276.9145 14.13407306855928
3.0,GENERATED VIA SPACE-TRACK.ORG API,2025-09-18 03:57:06+00:00,18 SPCS,NOAA 19,2009-005A,EARTH,TEME,UTC,SGP4,2025-09-17 20:50:58.970112+00:00,14.13407503,0.00147899,98.9883,326.0947,81.6664,278.6185,0,U,33591,999,85601,0.00006542523700,0.00000078,0.0000000000000,7225.872,101.881,858.424,837.050,PAYLOAD,LARGE,US,2009-02-06,AFWTR,,4823497,297775379,0 NOAA 19,1 33591U 09005A   25260.86873808  .00000078  00000-0  65425-4 0  9999,2 33591  98.9883 326.0947 0014790  81.6664 278.6185 14.13407503856016
3.0,GENERATED VIA SPACE-TRACK.ORG API,2025-09-18 10:10:42+00:00,18 SPCS,NOAA 19,2009-005A,EARTH,TEME,UTC,SGP4,2025-09-18 05:20:40.378848+00:00,14.13407613,0.00147852,98.9883,326.4502,80.7257,279.5586,0,U,33591,999,85606,0.00006488400000,0.00000077,0.0000000000000,7225.871,101.881,858.420,837.053,PAYLOAD,LARGE,US,2009-02-06,AFWTR,,4823606,297806323,0 NOAA 19,1 33591U 09005A   25261.22268957  .00000077  00000-0  64884-4 0  9990,2 33591  98.9883 326.4502 0014785  80.7257 279.5586 14.13407613856061
3.0,GENERATED VIA SPACE-TRACK.ORG API,2025-09-19 04:20:49+00:00,18 SPCS,NOAA 19,2009-005A,EARTH,TEME,UTC,SGP4,2025-09-18 18:56:10.627296+00:00,14.13407730,0.00147768,98.9883,327.0191,79.2073,281.0761,0,U,33591,999,85614,0.00006027374900,0.00000068,0.0000000000000,7225.871,101.881,858.413,837.058,PAYLOAD,LARGE,US,2009-02-06,AFWTR,,4823679,297837057,0 NOAA 19,1 33591U 09005A   25261.78901189  .00000068  00000-0  60274-4 0  9991,2 33591  98.9883 327.0191 0014777  79.2073 281.0761 14.13407730856144
3.0,GENERATED VIA SPACE-TRACK.ORG API,2025-09-19 10:06:18+00:00,18 SPCS,NOAA 19,2009-005A,EARTH,TEME,UTC,SGP4,2025-09-19 05:07:48.306720+00:00,14.13407919,0.00147713,98.9882,327.4457,78.0846,282.1981,0,U,33591,999,85620,0.00006676099300,0.00000080,0.0000000000000,7225.870,101.881,858.409,837.062,PAYLOAD,LARGE,US,2009-02-06,AFWTR,,4823771,297868469,0 NOAA 19,1 33591U 09005A   25262.21375355  .00000080  00000-0  66761-4 0  9991,2 33591  98.9882 327.4457 0014771  78.0846 282.1981 14.13407919856203
3.0,GENERATED VIA SPACE-TRACK.ORG API,2025-09-19 19:31:04+00:00,18 SPCS,NOAA 19,2009-005A,EARTH,TEME,UTC,SGP4,2025-09-19 13:37:29.696448+00:00,14.13408042,0.00147564,98.9882,327.8012,77.1906,283.0914,0,U,33591,999,85625,0.00006851930500,0.00000084,0.0000000000000,7225.870,101.881,858.398,837.072,PAYLOAD,LARGE,US,2009-02-06,AFWTR,,4823778,297899621,0 NOAA 19,1 33591U 09005A   25262.56770482  .00000084  00000-0  68519-4 0  9996,2 33591  98.9882 327.8012 0014756  77.1906 283.0914 14.13408042856253
3.0,GENERATED VIA SPACE-TRACK.ORG API,2025-09-20 08:33:10+00:00,18 SPCS,NOAA 19,2009-005A,EARTH,TEME,UTC,SGP4,2025-09-19 22:07:11.084448+00:00,14.13408247,0.00147519,98.9881,328.1568,76.2840,283.9973,0,U,33591,999,85630,0.00008028170000,0.00000106,0.0000000000000,7225.869,101.881,858.394,837.075,PAYLOAD,LARGE,US,2009-02-06,AFWTR,,4823855,297930017,0 NOAA 19,1 33591U 09005A   25262.92165607  .00000106  00000-0  80282-4 0  9999,2 33591  98.9881 328.1568 0014752  76.2840 283.9973 14.13408247856302
3.0,GENERATED VIA SPACE-TRACK.ORG API,2025-09-20 09:57:53+00:00,18 SPCS,NOAA 19,2009-005A,EARTH,TEME,UTC,SGP4,2025-09-20 03:12:59.917248+00:00,14.13408321,0.00147483,98.9880,328.3701,75.7176,284.5633,0,U,33591,999,85633,0.00008020868000,0.00000106,0.0000000000000,7225.869,101.881,858.391,837.077,PAYLOAD,LARGE,US,2009-02-06,AFWTR,,4823862,297961366,0 NOAA 19,1 33591U 09005A   25263.13402682  .00000106  00000-0  80209-4 0  9999,2 33591  98.9880 328.3701 0014748  75.7176 284.5633 14.13408321856339
3.0,GENERATED VIA SPACE-TRACK.ORG API,2025-09-21 03:43:52+00:00,18 SPCS,NOAA 19,2009-005A,EARTH,TEME,UTC,SGP4,2025-09-20 21:54:18.957888+00:00,14.13408725,0.00147371,98.9879,329.1522,73.6995,286.5797,0,U,33591,999,85644,0.00010076222000,0.00000144,0.0000000000000,7225.868,101.881,858.381,837.084,PAYLOAD,LARGE,US,2009-02-06,AFWTR,,4824003,297992175,0 NOAA 19,1 33591U 09005A   25263.91271942  .00000144  00000-0  10076-3 0  9994,2 33591  98.9879 329.1522 0014737  73.6995 286.5797 14.13408725856444
3.0,GENERATED VIA SPACE-TRACK.ORG API,2025-09-21 11:54:41+00:00,18 SPCS,NOAA 19,2009-005A,EARTH,TEME,UTC,SGP4,2025-09-21 04:42:04.062240+00:00,14.13408900,0.00147311,98.9879,329.4366,72.9569,287.3216,0,U,33591,999,85648,0.00011000778000,0.00000162,0.0000000000000,7225.867,101.881,858.376,837.087,PAYLOAD,LARGE,US,2009-02-06,AFWTR,,4824053,298023565,0 NOAA 19,1 33591U 09005A   25264.19588035  .00000162  00000-0  11001-3 0  9998,2 33591  98.9879 329.4366 0014731  72.9569 287.3216 14.13408900856480
3.0,GENERATED VIA SPACE-TRACK.ORG API,2025-09-21 17:56:39+00:00,18 SPCS,NOAA 19,2009-005A,EARTH,TEME,UTC,SGP4,2025-09-21 13:11:45.433824+00:00,14.13409000,0.00147261,98.9879,329.7922,72.0173,288.2602,0,U,33591,999,85653,0.00010950628000,0.00000161,0.0000000000000,7225.867,101.881,858.373,837.091,PAYLOAD,LARGE,US,2009-02-06,AFWTR,,4824059,298054738,0 NOAA 19,1 33591U 09005A   25264.54983141  .00000161  00000-0  10951-3 0  9996,2 33591  98.9879 329.7922 0014726  72.0173 288.2602 14.13409000856534
3.0,GENERATED VIA SPACE-TRACK.ORG API,2025-09-22 10:52:18+00:00,18 SPCS,NOAA 19,2009-005A,EARTH,TEME,UTC,SGP4,2025-09-22 04:29:11.900256+00:00,14.13409266,0.00147072,98.9877,330.4321,70.3180,289.9577,0,U,33591,999,85662,0.00011875087000,0.00000178,0.0000000000000,7225.866,101.881,858.358,837.104,PAYLOAD,LARGE,US,2009-02-06,AFWTR,,4824121,298147971,0 NOAA 19,1 33591U 09005A   25265.18694329  .00000178  00000-0  11875-3 0  9998,2 33591  98.9877 330.4321 0014707  70.3180 289.9577 14.13409266856625
3.0,GENERATED VIA SPACE-TRACK.ORG API,2025-09-22 19:16:55+00:00,18 SPCS,NOAA 19,2009-005A,EARTH,TEME,UTC,SGP4,2025-09-22 11:16:56.997696+00:00,14.13409225,0.00147032,98.9877,330.7165,69.5645,290.7105,0,U,33591,999,85666,0.00010547093000,0.00000153,0.0000000000000,7225.866,101.881,858.355,837.107,PAYLOAD,LARGE,US,2009-02-06,AFWTR,,4824186,298179202,0 NOAA 19,1 33591U 09005A   25265.47010414  .00000153  00000-0  10547-3 0  9995,2 33591  98.9877 330.7165 0014703  69.5645 290.7105 14.13409225856662
3.0,GENERATED VIA SPACE-TRACK.ORG API,2025-09-23 03:43:58+00:00,18 SPCS,NOAA 19,2009-005A,EARTH,TEME,UTC,SGP4,2025-09-22 16:22:45.808032+00:00,14.13409367,0.00147047,98.9876,330.9298,69.0103,291.2641,0,U,33591,999,85669,0.00011068365000,0.00000163,0.0000000000000,7225.865,101.881,858.356,837.105,PAYLOAD,LARGE,US,2009-02-06,AFWTR,,4824189,298210043,0 NOAA 19,1 33591U 09005A   25265.68247463  .00000163  00000-0  11068-3 0  9994,2 33591  98.9876 330.9298 0014705  69.0103 291.2641 14.13409367856697
3.0,GENERATED VIA SPACE-TRACK.ORG API,2025-09-23 17:32:54+00:00,18 SPCS,NOAA 19,2009-005A,EARTH,TEME,UTC,SGP4,2025-09-23 02:34:23.436480+00:00,14.13409683,0.00146863,98.9875,331.3565,67.8585,292.4144,0,U,33591,999,85675,0.00012963437000,0.00000199,0.0000000000000,7225.864,101.881,858.341,837.117,PAYLOAD,LARGE,US,2009-02-06,AFWTR,,4824200,298241556,0 NOAA 19,1 33591U 09005A   25266.10721570  .00000199  00000-0  12963-3 0  9992,2 33591  98.9875 331.3565 0014686  67.8585 292.4144 14.13409683856755
3.0,GENERATED VIA SPACE-TRACK.ORG API,2025-09-24 02:44:45+00:00,18 SPCS,NOAA 19,2009-005A,EARTH,TEME,UTC,SGP4,2025-09-23 19:33:46.136448+00:00,14.13409882,0.00146705,98.9874,332.0674,65.9653,294.3053,0,U,33591,999,85685,0.00012370495000,0.00000188,0.0000000000000,7225.864,101.881,858.329,837.128,PAYLOAD,LARGE,US,2009-02-06,AFWTR,,4824270,298302402,0 NOAA 19,1 33591U 09005A   25266.81511732  .00000188  00000-0  12370-3 0  9997,2 33591  98.9874 332.0674 0014670  65.9653 294.3053 14.13409882856853
3.0,GENERATED VIA SPACE-TRACK.ORG API,2025-09-24 10:28:35+00:00,18 SPCS,NOAA 19,2009-005A,EARTH,TEME,UTC,SGP4,2025-09-24 05:45:23.747616+00:00,14.13410086,0.00146539,98.9873,332.4940,64.8198,295.4491,0,U,33591,999,85691,0.00012637329000,0.00000193,0.0000000000000,7225.863,101.881,858.317,837.139,PAYLOAD,LARGE,US,2009-02-06,AFWTR,,4824357,298333369,0 NOAA 19,1 33591U 09005A   25267.23985819  .00000193  00000-0  12637-3 0  9997,2 33591  98.9873 332.4940 0014654  64.8198 295.4491 14.13410086856919
3.0,GENERATED VIA SPACE-TRACK.ORG API,2025-09-25 03:43:41+00:00,18 SPCS,NOAA 19,2009-005A,EARTH,TEME,UTC,SGP4,2025-09-24 22:44:46.418208+00:00,14.13410435,0.00146367,98.9871,333.2050,62.9247,297.3416,0,U,33591,999,85701,0.00013021393000,0.00000200,0.0000000000000,7225.862,101.881,858.303,837.150,PAYLOAD,LARGE,US,2009-02-06,AFWTR,,4824422,298365053,0 NOAA 19,1 33591U 09005A   25267.94775947  .00000200  00000-0  13021-3 0  9991,2 33591  98.9871 333.2050 0014637  62.9247 297.3416 14.13410435857011
3.0,GENERATED VIA SPACE-TRACK.ORG API,2025-09-25 10:31:37+00:00,18 SPCS,NOAA 19,2009-005A,EARTH,TEME,UTC,SGP4,2025-09-25 03:50:35.210400+00:00,14.13410653,0.00146274,98.9871,333.4183,62.3679,297.8977,0,U,33591,999,85704,0.00013997780000,0.00000218,0.0000000000000,7225.861,101.881,858.296,837.156,PAYLOAD,LARGE,US,2009-02-06,AFWTR,,4824485,298396014,0 NOAA 19,1 33591U 09005A   25268.16012975  .00000218  00000-0  13998-3 0  9993,2 33591  98.9871 333.4183 0014627  62.3679 297.8977 14.13410653857044
3.0,GENERATED VIA SPACE-TRACK.ORG API,2025-09-26 03:45:41+00:00,18 SPCS,NOAA 19,2009-005A,EARTH,TEME,UTC,SGP4,2025-09-25 20:49:57.855072+00:00,14.13410963,0.00145994,98.9869,334.1291,60.4053,299.8571,0,U,33591,999,85714,0.00013266158000,0.00000204,0.0000000000000,7225.860,101.881,858.274,837.176,PAYLOAD,LARGE,US,2009-02-06,AFWTR,,4824533,298427785,0 NOAA 19,1 33591U 09005A   25268.86803073  .00000204  00000-0  13266-3 0  9990,2 33591  98.9869 334.1291 0014599  60.4053 299.8571 14.13410963857149
3.0,GENERATED VIA SPACE-TRACK.ORG API,2025-09-26 10:05:26+00:00,18 SPCS,NOAA 19,2009-005A,EARTH,TEME,UTC,SGP4,2025-09-26 05:19:39.168768+00:00,14.13411211,0.00145868,98.9869,334.4846,59.4762,300.7848,0,U,33591,999,85719,0.00013793963000,0.00000214,0.0000000000000,7225.859,101.881,858.264,837.184,PAYLOAD,LARGE,US,2009-02-06,AFWTR,,4824534,298458659,0 NOAA 19,1 33591U 09005A   25269.22198112  .00000214  00000-0  13794-3 0  9999,2 33591  98.9869 334.4846 0014587  59.4762 300.7848 14.13411211857191
3.0,GENERATED VIA SPACE-TRACK.ORG API,2025-09-27 02:24:26+00:00,18 SPCS,NOAA 19,2009-005A,EARTH,TEME,UTC,SGP4,2025-09-26 20:37:05.519424+00:00,14.13411553,0.00145752,98.9867,335.1245,57.8233,302.4351,0,U,33591,999,85728,0.00013581209000,0.00000210,0.0000000000000,7225.858,101.881,858.255,837.191,PAYLOAD,LARGE,US,2009-02-06,AFWTR,,4824809,298495758,0 NOAA 19,1 33591U 09005A   25269.85909166  .00000210  00000-0  13581-3 0  9997,2 33591  98.9867 335.1245 0014575  57.8233 302.4351 14.13411553857289
3.0,GENERATED VIA SPACE-TRACK.ORG API,2025-09-27 10:26:35+00:00,18 SPCS,NOAA 19,2009-005A,EARTH,TEME,UTC,SGP4,2025-09-27 03:24:50.558976+00:00,14.13411732,0.00145687,98.9867,335.4089,57.0771,303.1800,0,U,33591,999,85732,0.00013594887000,0.00000211,0.0000000000000,7225.857,101.881,858.249,837.195,PAYLOAD,LARGE,US,2009-02-06,AFWTR,,4824833,298526288,0 NOAA 19,1 33591U 09005A   25270.14225184  .00000211  00000-0  13595-3 0  9998,2 33591  98.9867 335.4089 0014569  57.0771 303.1800 14.13411732857321
3.0,GENERATED VIA SPACE-TRACK.ORG API,2025-09-27 19:49:52+00:00,18 SPCS,NOAA 19,2009-005A,EARTH,TEME,UTC,SGP4,2025-09-27 11:54:31.863168+00:00,14.13411965,0.00145611,98.9867,335.7643,56.1573,304.0983,0,U,33591,999,85737,0.00014152581000,0.00000221,0.0000000000000,7225.856,101.881,858.243,837.200,PAYLOAD,LARGE,US,2009-02-06,AFWTR,,4824899,298557602,0 NOAA 19,1 33591U 09005A   25270.49620212  .00000221  00000-0  14153-3 0  9999,2 33591  98.9867 335.7643 0014561  56.1573 304.0983 14.13411965857377
3.0,GENERATED VIA SPACE-TRACK.ORG API,2025-09-28 04:05:56+00:00,18 SPCS,NOAA 19,2009-005A,EARTH,TEME,UTC,SGP4,2025-09-27 22:06:09.410400+00:00,14.13412095,0.00145508,98.9866,336.1909,55.0421,305.2115,0,U,33591,999,85743,0.00012895813000,0.00000197,0.0000000000000,7225.856,101.881,858.235,837.207,PAYLOAD,LARGE,US,2009-02-06,AFWTR,,4824924,298588547,0 NOAA 19,1 33591U 09005A   25270.92094225  .00000197  00000-0  12896-3 0  9990,2 33591  98.9866 336.1909 0014551  55.0421 305.2115 14.13412095857437
3.0,GENERATED VIA SPACE-TRACK.ORG API,2025-09-28 10:36:39+00:00,18 SPCS,NOAA 19,2009-005A,EARTH,TEME,UTC,SGP4,2025-09-28 01:30:01.926720+00:00,14.13412144,0.00145465,98.9865,336.3331,54.6721,305.5808,0,U,33591,999,85745,0.00012469276000,0.00000189,0.0000000000000,7225.856,101.881,858.232,837.210,PAYLOAD,LARGE,US,2009-02-06,AFWTR,,4824963,298620426,0 NOAA 19,1 33591U 09005A   25271.06252230  .00000189  00000-0  12469-3 0  9995,2 33591  98.9865 336.3331 0014546  54.6721 305.5808 14.13412144857458
3.0,GENERATED VIA SPACE-TRACK.ORG API,2025-09-29 03:46:59+00:00,18 SPCS,NOAA 19,2009-005A,EARTH,TEME,UTC,SGP4,2025-09-28 21:53:17.011680+00:00,14.13412403,0.00145194,98.9864,337.1861,52.4131,307.8357,0,U,33591,999,85757,0.00010550215000,0.00000153,0.0000000000000,7225.855,101.881,858.211,837.229,PAYLOAD,LARGE,US,2009-02-06,AFWTR,,4825005,298650805,0 NOAA 19,1 33591U 09005A   25271.91200245  .00000153  00000-0  10550-3 0  9998,2 33591  98.9864 337.1861 0014519  52.4131 307.8357 14.13412403857570
3.0,GENERATED VIA SPACE-TRACK.ORG API,2025-09-29 10:14:38+00:00,18 SPCS,NOAA 19,2009-005A,EARTH,TEME,UTC,SGP4,2025-09-29 02:59:05.778816+00:00,14.13412488,0.00145107,98.9864,337.3994,51.8345,308.4131,0,U,33591,999,85760,0.00010384417000,0.00000150,0.0000000000000,7225.855,101.881,858.205,837.235,PAYLOAD,LARGE,US,2009-02-06,AFWTR,,4825035,298682674,0 NOAA 19,1 33591U 09005A   25272.12437244  .00000150  00000-0  10384-3 0  9995,2 33591  98.9864 337.3994 0014511  51.8345 308.4131 14.13412488857605
3.0,GENERATED VIA SPACE-TRACK.ORG API,2025-09-29 23:16:17+00:00,18 SPCS,NOAA 19,2009-005A,EARTH,TEME,UTC,SGP4,2025-09-29 18:16:32.070720+00:00,14.13412758,0.00144820,98.9864,338.0393,50.1069,310.1374,0,U,33591,999,85769,0.00010772000000,0.00000157,0.0000000000000,7225.854,101.881,858.183,837.254,PAYLOAD,LARGE,US,2009-02-06,AFWTR,,4825146,298703123,0 NOAA 19,1 33591U 09005A   25272.76148230  .00000157  00000-0  10772-3 0  9997,2 33591  98.9864 338.0393 0014482  50.1069 310.1374 14.13412758857696
3.0,GENERATED VIA SPACE-TRACK.ORG API,2025-09-30 03:31:26+00:00,18 SPCS,NOAA 19,2009-005A,EARTH,TEME,UTC,SGP4,2025-09-29 21:40:24.582720+00:00,14.13412685,0.00144835,98.9863,338.1814,49.7521,310.4915,0,U,33591,999,85771,0.00009435256000,0.00000132,0.0000000000000,7225.854,101.881,858.185,837.253,PAYLOAD,LARGE,US,2009-02-06,AFWTR,,4825701,298726183,0 NOAA 19,1 33591U 09005A   25272.90306230  .00000132  00000-0  94353-4 0  9990,2 33591  98.9863 338.1814 0014484  49.7521 310.4915 14.13412685857719
3.0,GENERATED VIA SPACE-TRACK.ORG API,2025-09-30 07:36:19+00:00,18 SPCS,NOAA 19,2009-005A,EARTH,TEME,UTC,SGP4,2025-09-30 02:46:13.343808+00:00,14.13412771,0.00144790,98.9863,338.3947,49.1608,311.0817,0,U,33591,999,85774,0.00009505000000,0.00000134,0.0000000000000,7225.854,101.881,858.181,837.256,PAYLOAD,LARGE,US,2009-02-06,AFWTR,,4825743,298747135,0 NOAA 19,1 33591U 09005A   25273.11543222  .00000134  00000-0  95050-4 0  9995,2 33591  98.9863 338.3947 0014479  49.1608 311.0817 14.13412771857749
3.0,GENERATED VIA SPACE-TRACK.ORG API,2025-09-30 10:14:30+00:00,18 SPCS,NOAA 19,2009-005A,EARTH,TEME,UTC,SGP4,2025-09-30 06:10:05.845440+00:00,14.13412935,0.00144731,98.9863,338.5369,48.7749,311.4668,0,U,33591,999,85776,0.00010562081000,0.00000153,0.0000000000000,7225.853,101.881,858.176,837.260,PAYLOAD,LARGE,US,2009-02-06,AFWTR,,4826338,298772232,0 NOAA 19,1 33591U 09005A   25273.25701210  .00000153  00000-0  10562-3 0  9998,2 33591  98.9863 338.5369 0014473  48.7749 311.4668 14.13412935857766
3.0,GENERATED VIA SPACE-TRACK.ORG API,2025-09-30 14:46:18+00:00,18 SPCS,NOAA 19,2009-005A,EARTH,TEME,UTC,SGP4,2025-09-30 11:15:54.596160+00:00,14.13413122,0.00144650,98.9863,338.7502,48.2141,312.0264,0,U,33591,999,85779,0.00011480000000,0.00000171,0.0000000000000,7225.853,101.881,858.170,837.265,PAYLOAD,LARGE,US,2009-02-06,AFWTR,,4826398,298792258,0 NOAA 19,1 33591U 09005A   25273.46938190  .00000171  00000-0  11480-3 0  9990,2 33591  98.9863 338.7502 0014465  48.2141 312.0264 14.13413122857790
3.0,GENERATED VIA SPACE-TRACK.ORG API,2025-09-30 17:43:47+00:00,18 SPCS,NOAA 19,2009-005A,EARTH,TEME,UTC,SGP4,2025-09-30 14:39:47.099520+00:00,14.13413193,0.00144616,98.9863,338.8924,47.8532,312.3866,0,U,33591,999,85781,0.00011453700000,0.00000170,0.0000000000000,7225.852,101.881,858.167,837.268,PAYLOAD,LARGE,US,2009-02-06,AFWTR,,4827030,298818778,0 NOAA 19,1 33591U 09005A   25273.61096180  .00000170  00000-0  11454-3 0  9991,2 33591  98.9863 338.8924 0014462  47.8532 312.3866 14.13413193857817
3.0,GENERATED VIA SPACE-TRACK.ORG API,2025-09-30 22:36:23+00:00,18 SPCS,NOAA 19,2009-005A,EARTH,TEME,UTC,SGP4,2025-09-30 14:39:47.098656+00:00,14.13413193,0.00144620,98.9863,338.8924,47.8532,312.3866,0,U,33591,999,85781,0.00011454000000,0.00000170,0.0000000000000,7225.852,101.881,858.167,837.267,PAYLOAD,LARGE,US,2009-02-06,AFWTR,,4827082,298839602,0 NOAA 19,1 33591U 09005A   25273.61096179  .00000170  00000-0  11454-3 0  9999,2 33591  98.9863 338.8924 0014462  47.8532 312.3866 14.13413193857817
3.0,GENERATED VIA SPACE-TRACK.ORG API,2025-10-01 07:26:32+00:00,18 SPCS,NOAA 19,2009-005A,EARTH,TEME,UTC,SGP4,2025-09-30 23:09:28.359648+00:00,14.13413245,0.00144500,98.9862,339.2479,46.8725,313.3653,0,U,33591,999,85786,0.00010731000000,0.00000157,0.0000000000000,7225.852,101.881,858.158,837.276,PAYLOAD,LARGE,US,2009-02-06,AFWTR,,4827835,298854820,0 NOAA 19,1 33591U 09005A   25273.96491157  .00000157  00000-0  10731-3 0  9994,2 33591  98.9862 339.2479 0014450  46.8725 313.3653 14.13413245857864
3.0,GENERATED VIA SPACE-TRACK.ORG API,2025-10-01 10:13:26+00:00,18 SPCS,NOAA 19,2009-005A,EARTH,TEME,UTC,SGP4,2025-10-01 05:57:13.360320+00:00,14.13413497,0.00144382,98.9862,339.5322,46.0992,314.1370,0,U,33591,999,85790,0.00011782597000,0.00000176,0.0000000000000,7225.851,101.881,858.149,837.283,PAYLOAD,LARGE,US,2009-02-06,AFWTR,,4828516,298880924,0 NOAA 19,1 33591U 09005A   25274.24807130  .00000176  00000-0  11783-3 0  9997,2 33591  98.9862 339.5322 0014438  46.0992 314.1370 14.13413497857907
3.0,GENERATED VIA SPACE-TRACK.ORG API,2025-10-01 14:36:19+00:00,18 SPCS,NOAA 19,2009-005A,EARTH,TEME,UTC,SGP4,2025-10-01 11:03:02.111040+00:00,14.13413590,0.00144360,98.9862,339.7455,45.5531,314.6819,0,U,33591,999,85793,0.00011843000000,0.00000178,0.0000000000000,7225.851,101.881,858.147,837.285,PAYLOAD,LARGE,US,2009-02-06,AFWTR,,4828563,298902284,0 NOAA 19,1 33591U 09005A   25274.46044110  .00000178  00000-0  11843-3 0  9991,2 33591  98.9862 339.7455 0014436  45.5531 314.6819 14.13413590857937
3.0,GENERATED VIA SPACE-TRACK.ORG API,2025-10-01 22:36:21+00:00,18 SPCS,NOAA 19,2009-005A,EARTH,TEME,UTC,SGP4,2025-10-01 19:32:43.353024+00:00,14.13413822,0.00144230,98.9862,340.1010,44.6044,315.6286,0,U,33591,999,85798,0.00012439000000,0.00000189,0.0000000000000,7225.850,101.881,858.137,837.293,PAYLOAD,LARGE,US,2009-02-06,AFWTR,,4829241,298918936,0 NOAA 19,1 33591U 09005A   25274.81439066  .00000189  00000-0  12439-3 0  9992,2 33591  98.9862 340.1010 0014423  44.6044 315.6286 14.13413822857987
3.0,GENERATED VIA SPACE-TRACK.ORG API,2025-10-02 03:26:56+00:00,18 SPCS,NOAA 19,2009-005A,EARTH,TEME,UTC,SGP4,2025-10-01 21:14:39.602112+00:00,14.13413845,0.00144187,98.9862,340.1721,44.4021,315.8304,0,U,33591,999,85799,0.00012451712000,0.00000189,0.0000000000000,7225.850,101.881,858.134,837.296,PAYLOAD,LARGE,US,2009-02-06,AFWTR,,4829844,298943002,0 NOAA 19,1 33591U 09005A   25274.88518058  .00000189  00000-0  12452-3 0  9993,2 33591  98.9862 340.1721 0014419  44.4021 315.8304 14.13413845857993
3.0,GENERATED VIA SPACE-TRACK.ORG API,2025-10-02 06:56:18+00:00,18 SPCS,NOAA 19,2009-005A,EARTH,TEME,UTC,SGP4,2025-10-02 04:02:24.596736+00:00,14.13413936,0.00144090,98.9861,340.4564,43.6323,316.5986,0,U,33591,999,85803,0.00011759000000,0.00000176,0.0000000000000,7225.850,101.881,858.127,837.303,PAYLOAD,LARGE,US,2009-02-06,AFWTR,,4829885,298963945,0 NOAA 19,1 33591U 09005A   25275.16834024  .00000176  00000-0  11759-3 0  9994,2 33591  98.9861 340.4564 0014409  43.6323 316.5986 14.13413936858036
3.0,GENERATED VIA SPACE-TRACK.ORG API,2025-10-02 20:40:47+00:00,18 SPCS,NOAA 19,2009-005A,EARTH,TEME,UTC,SGP4,2025-10-02 12:32:05.836128+00:00,14.13414179,0.00143856,98.9861,340.8119,42.6938,317.5349,0,U,33591,999,85808,0.00012591068000,0.00000192,0.0000000000000,7225.849,101.881,858.109,837.319,PAYLOAD,LARGE,US,2009-02-06,AFWTR,,4830696,298994866,0 NOAA 19,1 33591U 09005A   25275.52228977  .00000192  00000-0  12591-3 0  9991,2 33591  98.9861 340.8119 0014386  42.6938 317.5349 14.13414179858080
3.0,GENERATED VIA SPACE-TRACK.ORG API,2025-10-02 20:57:14+00:00,18 SPCS,NOAA 19,2009-005A,EARTH,TEME,UTC,SGP4,2025-10-02 15:55:58.329120+00:00,14.13414271,0.00143830,98.9861,340.9540,42.3246,317.9033,0,U,33591,999,85810,0.00012724000000,0.00000194,0.0000000000000,7225.849,101.881,858.107,837.321,PAYLOAD,LARGE,US,2009-02-06,AFWTR,,4830715,299015402,0 NOAA 19,1 33591U 09005A   25275.66386955  .00000194  00000-0  12724-3 0  9997,2 33591  98.9861 340.9540 0014383  42.3246 317.9033 14.13414271858105
3.0,GENERATED VIA SPACE-TRACK.ORG API,2025-10-03 02:26:47+00:00,18 SPCS,NOAA 19,2009-005A,EARTH,TEME,UTC,SGP4,2025-10-02 21:01:47.070336+00:00,14.13414248,0.00143721,98.9860,341.1673,41.7437,318.4828,0,U,33591,999,85813,0.00011696910000,0.00000175,0.0000000000000,7225.849,101.881,858.099,837.329,PAYLOAD,LARGE,US,2009-02-06,AFWTR,,4831546,299046101,0 NOAA 19,1 33591U 09005A   25275.87623924  .00000175  00000-0  11697-3 0  9997,2 33591  98.9860 341.1673 0014372  41.7437 318.4828 14.13414248858132
3.0,GENERATED VIA SPACE-TRACK.ORG API,2025-10-03 13:06:46+00:00,18 SPCS,NOAA 19,2009-005A,EARTH,TEME,UTC,SGP4,2025-10-03 05:31:28.296768+00:00,14.13414522,0.00143539,98.9860,341.5228,40.7803,319.4441,0,U,33591,999,85818,0.00012241286000,0.00000185,0.0000000000000,7225.848,101.881,858.085,837.341,PAYLOAD,LARGE,US,2009-02-06,AFWTR,,4831615,299077084,0 NOAA 19,1 33591U 09005A   25276.23018862  .00000185  00000-0  12241-3 0  9994,2 33591  98.9860 341.5228 0014354  40.7803 319.4441 14.13414522858180
3.0,GENERATED VIA SPACE-TRACK.ORG API,2025-10-03 18:13:58+00:00,18 SPCS,NOAA 19,2009-005A,EARTH,TEME,UTC,SGP4,2025-10-03 14:01:09.531840+00:00,14.13414645,0.00143327,98.9860,341.8782,39.8220,320.4001,0,U,33591,999,85823,0.00011686494000,0.00000175,0.0000000000000,7225.847,101.881,858.069,837.356,PAYLOAD,LARGE,US,2009-02-06,AFWTR,,4831630,299108339,0 NOAA 19,1 33591U 09005A   25276.58413810  .00000175  00000-0  11686-3 0  9995,2 33591  98.9860 341.8782 0014333  39.8220 320.4001 14.13414645858233
3.0,GENERATED VIA SPACE-TRACK.ORG API,2025-10-04 23:26:26+00:00,18 SPCS,NOAA 19,2009-005A,EARTH,TEME,UTC,SGP4,2025-10-04 18:54:05.671296+00:00,14.13415100,0.00142860,98.9858,343.0866,36.5531,323.6613,0,U,33591,999,85840,0.00010137000000,0.00000145,0.0000000000000,7225.846,101.881,858.034,837.388,PAYLOAD,LARGE,US,2009-02-06,AFWTR,,4832312,299138605,0 NOAA 19,1 33591U 09005A   25277.78756564  .00000145  00000-0  10137-3 0  9991,2 33591  98.9858 343.0866 0014286  36.5531 323.6613 14.13415100858403
3.0,GENERATED VIA SPACE-TRACK.ORG API,2025-10-05 07:26:57+00:00,18 SPCS,NOAA 19,2009-005A,EARTH,TEME,UTC,SGP4,2025-10-05 05:05:43.127808+00:00,14.13415216,0.00142640,98.9858,343.5131,35.3959,324.8157,0,U,33591,999,85846,0.00009421000000,0.00000132,0.0000000000000,7225.845,101.881,858.017,837.403,PAYLOAD,LARGE,US,2009-02-06,AFWTR,,4833209,299158872,0 NOAA 19,1 33591U 09005A   25278.21230472  .00000132  00000-0  94210-4 0  9996,2 33591  98.9858 343.5131 0014264  35.3959 324.8157 14.13415216858460
3.0,GENERATED VIA SPACE-TRACK.ORG API,2025-10-05 14:36:18+00:00,18 SPCS,NOAA 19,2009-005A,EARTH,TEME,UTC,SGP4,2025-10-05 10:11:31.852608+00:00,14.13415280,0.00142520,98.9858,343.7264,34.8088,325.4013,0,U,33591,999,85849,0.00009105700000,0.00000126,0.0000000000000,7225.845,101.881,858.008,837.412,PAYLOAD,LARGE,US,2009-02-06,AFWTR,,4833807,299172329,0 NOAA 19,1 33591U 09005A   25278.42467422  .00000126  00000-0  91057-4 0  9995,2 33591  98.9858 343.7264 0014252  34.8088 325.4013 14.13415280858495
3.0,GENERATED VIA SPACE-TRACK.ORG API,2025-10-06 07:26:32+00:00,18 SPCS,NOAA 19,2009-005A,EARTH,TEME,UTC,SGP4,2025-10-06 04:52:50.505312+00:00,14.13415527,0.00142160,98.9856,344.5083,32.6791,327.5258,0,U,33591,999,85860,0.00008240600000,0.00000110,0.0000000000000,7225.844,101.881,857.982,837.437,PAYLOAD,LARGE,US,2009-02-06,AFWTR,,4834749,299190390,0 NOAA 19,1 33591U 09005A   25279.20336233  .00000110  00000-0  82406-4 0  9998,2 33591  98.9856 344.5083 0014216  32.6791 327.5258 14.13415527858609
3.0,GENERATED VIA SPACE-TRACK.ORG API,2025-10-06 15:06:39+00:00,18 SPCS,NOAA 19,2009-005A,EARTH,TEME,UTC,SGP4,2025-10-06 09:58:39.225792+00:00,14.13415599,0.00142090,98.9856,344.7215,32.1220,328.0815,0,U,33591,999,85863,0.00008351700000,0.00000112,0.0000000000000,7225.844,101.881,857.976,837.442,PAYLOAD,LARGE,US,2009-02-06,AFWTR,,4835583,299209594,0 NOAA 19,1 33591U 09005A   25279.41573178  .00000112  00000-0  83517-4 0  9998,2 33591  98.9856 344.7215 0014209  32.1220 328.0815 14.13415599858639
3.0,GENERATED VIA SPACE-TRACK.ORG API,2025-10-06 19:15:26+00:00,18 SPCS,NOAA 19,2009-005A,EARTH,TEME,UTC,SGP4,2025-10-06 11:40:35.466240+00:00,14.13415632,0.00142060,98.9856,344.7926,31.9256,328.2774,0,U,33591,999,85864,0.00008421088300,0.00000113,0.0000000000000,7225.844,101.881,857.974,837.444,PAYLOAD,LARGE,US,2009-02-06,AFWTR,,4836314,299237024,0 NOAA 19,1 33591U 09005A   25279.48652160  .00000113  00000-0  84211-4 0  9997,2 33591  98.9856 344.7926 0014206  31.9256 328.2774 14.13415632858646
3.0,GENERATED VIA SPACE-TRACK.ORG API,2025-10-07 04:22:25+00:00,18 SPCS,NOAA 19,2009-005A,EARTH,TEME,UTC,SGP4,2025-10-06 21:52:12.902016+00:00,14.13415751,0.00141859,98.9855,345.2191,30.7404,329.4596,0,U,33591,999,85870,0.00008286434000,0.00000111,0.0000000000000,7225.844,101.881,857.959,837.458,PAYLOAD,LARGE,US,2009-02-06,AFWTR,,4836352,299268389,0 NOAA 19,1 33591U 09005A   25279.91126044  .00000111  00000-0  82864-4 0  9992,2 33591  98.9855 345.2191 0014186  30.7404 329.4596 14.13415751858708
3.0,GENERATED VIA SPACE-TRACK.ORG API,2025-10-07 11:10:06+00:00,18 SPCS,NOAA 19,2009-005A,EARTH,TEME,UTC,SGP4,2025-10-07 06:21:54.099936+00:00,14.13415823,0.00141706,98.9854,345.5745,29.7727,330.4249,0,U,33591,999,85875,0.00007696733500,0.00000100,0.0000000000000,7225.843,101.881,857.948,837.469,PAYLOAD,LARGE,US,2009-02-06,AFWTR,,4836423,299298936,0 NOAA 19,1 33591U 09005A   25280.26520949  .00000100  00000-0  76967-4 0  9999,2 33591  98.9854 345.5745 0014171  29.7727 330.4249 14.13415823858757
3.0,GENERATED VIA SPACE-TRACK.ORG API,2025-10-07 17:38:49+00:00,18 SPCS,NOAA 19,2009-005A,EARTH,TEME,UTC,SGP4,2025-10-07 14:51:35.293536+00:00,14.13415951,0.00141563,98.9854,345.9300,28.7821,331.4130,0,U,33591,999,85880,0.00008284135200,0.00000111,0.0000000000000,7225.843,101.881,857.937,837.479,PAYLOAD,LARGE,US,2009-02-06,AFWTR,,4836461,299331104,0 NOAA 19,1 33591U 09005A   25280.61915849  .00000111  00000-0  82841-4 0  9995,2 33591  98.9854 345.9300 0014156  28.7821 331.4130 14.13415951858803
3.0,GENERATED VIA SPACE-TRACK.ORG API,2025-10-07 23:16:18+00:00,18 SPCS,NOAA 19,2009-005A,EARTH,TEME,UTC,SGP4,2025-10-07 19:57:24.003648+00:00,14.13416018,0.00141480,98.9854,346.1432,28.2056,331.9879,0,U,33591,999,85883,0.00008246900000,0.00000110,0.0000000000000,7225.843,101.881,857.931,837.485,PAYLOAD,LARGE,US,2009-02-06,AFWTR,,4836510,299351152,0 NOAA 19,1 33591U 09005A   25280.83152782  .00000110  00000-0  82469-4 0  9993,2 33591  98.9854 346.1432 0014148  28.2056 331.9879 14.13416018858831
3.0,GENERATED VIA SPACE-TRACK.ORG API,2025-10-08 03:17:49+00:00,18 SPCS,NOAA 19,2009-005A,EARTH,TEME,UTC,SGP4,2025-10-07 21:39:20.243232+00:00,14.13416012,0.00141419,98.9853,346.2143,28.0241,332.1690,0,U,33591,999,85884,0.00007898983300,0.00000103,0.0000000000000,7225.843,101.881,857.926,837.489,PAYLOAD,LARGE,US,2009-02-06,AFWTR,,4836982,299373713,0 NOAA 19,1 33591U 09005A   25280.90231763  .00000103  00000-0  78990-4 0  9994,2 33591  98.9853 346.2143 0014142  28.0241 332.1690 14.13416012858847
3.0,GENERATED VIA SPACE-TRACK.ORG API,2025-10-08 06:46:34+00:00,18 SPCS,NOAA 19,2009-005A,EARTH,TEME,UTC,SGP4,2025-10-08 04:27:05.197248+00:00,14.13416056,0.00141300,98.9853,346.4986,27.2438,332.9472,0,U,33591,999,85888,0.00007641100000,0.00000099,0.0000000000000,7225.843,101.881,857.918,837.497,PAYLOAD,LARGE,US,2009-02-06,AFWTR,,4837012,299394294,0 NOAA 19,1 33591U 09005A   25281.18547682  .00000099  00000-0  76411-4 0  9995,2 33591  98.9853 346.4986 0014130  27.2438 332.9472 14.13416056858888
3.0,GENERATED VIA SPACE-TRACK.ORG API,2025-10-08 10:51:44+00:00,18 SPCS,NOAA 19,2009-005A,EARTH,TEME,UTC,SGP4,2025-10-08 06:09:01.435968+00:00,14.13416060,0.00141268,98.9853,346.5697,27.0523,333.1383,0,U,33591,999,85889,0.00007463451500,0.00000095,0.0000000000000,7225.843,101.881,857.915,837.500,PAYLOAD,LARGE,US,2009-02-06,AFWTR,,4837766,299422745,0 NOAA 19,1 33591U 09005A   25281.25626662  .00000095  00000-0  74635-4 0  9991,2 33591  98.9853 346.5697 0014127  27.0523 333.1383 14.13416060858897
3.0,GENERATED VIA SPACE-TRACK.ORG API,2025-10-08 14:46:21+00:00,18 SPCS,NOAA 19,2009-005A,EARTH,TEME,UTC,SGP4,2025-10-08 11:14:50.146080+00:00,14.13416132,0.00141150,98.9852,346.7829,26.4878,333.7012,0,U,33591,999,85892,0.00007745600000,0.00000100,0.0000000000000,7225.842,101.881,857.907,837.508,PAYLOAD,LARGE,US,2009-02-06,AFWTR,,4837801,299443387,0 NOAA 19,1 33591U 09005A   25281.46863595  .00000100  00000-0  77456-4 0  9993,2 33591  98.9852 346.7829 0014115  26.4878 333.7012 14.13416132858927
3.0,GENERATED VIA SPACE-TRACK.ORG API,2025-10-08 18:21:37+00:00,18 SPCS,NOAA 19,2009-005A,EARTH,TEME,UTC,SGP4,2025-10-08 14:38:42.620928+00:00,14.13416187,0.00141082,98.9852,346.9251,26.1155,334.0726,0,U,33591,999,85894,0.00007763652700,0.00000101,0.0000000000000,7225.842,101.881,857.901,837.513,PAYLOAD,LARGE,US,2009-02-06,AFWTR,,4838580,299472594,0 NOAA 19,1 33591U 09005A   25281.61021552  .00000101  00000-0  77637-4 0  9991,2 33591  98.9852 346.9251 0014108  26.1155 334.0726 14.13416187858943
3.0,GENERATED VIA SPACE-TRACK.ORG API,2025-10-08 22:46:18+00:00,18 SPCS,NOAA 19,2009-005A,EARTH,TEME,UTC,SGP4,2025-10-08 19:44:31.331904+00:00,14.13416177,0.00141010,98.9851,347.1383,25.5182,334.6683,0,U,33591,999,85897,0.00006997700000,0.00000086,0.0000000000000,7225.842,101.881,857.896,837.518,PAYLOAD,LARGE,US,2009-02-06,AFWTR,,4838616,299493692,0 NOAA 19,1 33591U 09005A   25281.82258486  .00000086  00000-0  69977-4 0  9992,2 33591  98.9851 347.1383 0014101  25.5182 334.6683 14.13416177858977
3.0,GENERATED VIA SPACE-TRACK.ORG API,2025-10-09 02:29:47+00:00,18 SPCS,NOAA 19,2009-005A,EARTH,TEME,UTC,SGP4,2025-10-08 21:26:27.571488+00:00,14.13416178,0.00140987,98.9851,347.2093,25.3276,334.8584,0,U,33591,999,85898,0.00006921826300,0.00000085,0.0000000000000,7225.842,101.881,857.895,837.520,PAYLOAD,LARGE,US,2009-02-06,AFWTR,,4839045,299514316,0 NOAA 19,1 33591U 09005A   25281.89337467  .00000085  00000-0  69218-4 0  9993,2 33591  98.9851 347.2093 0014099  25.3276 334.8584 14.13416178858988
3.0,GENERATED VIA SPACE-TRACK.ORG API,2025-10-09 06:46:17+00:00,18 SPCS,NOAA 19,2009-005A,EARTH,TEME,UTC,SGP4,2025-10-09 04:14:12.518592+00:00,14.13416226,0.00140840,98.9850,347.4937,24.5289,335.6550,0,U,33591,999,85902,0.00006607700000,0.00000079,0.0000000000000,7225.842,101.881,857.884,837.530,PAYLOAD,LARGE,US,2009-02-06,AFWTR,,4839070,299535268,0 NOAA 19,1 33591U 09005A   25282.17653378  .00000079  00000-0  66077-4 0  9990,2 33591  98.9850 347.4937 0014084  24.5289 335.6550 14.13416226859027
3.0,GENERATED VIA SPACE-TRACK.ORG API,2025-10-09 11:55:26+00:00,18 SPCS,NOAA 19,2009-005A,EARTH,TEME,UTC,SGP4,2025-10-09 05:56:08.755584+00:00,14.13416244,0.00140796,98.9850,347.5647,24.3415,335.8419,0,U,33591,999,85903,0.00006645131700,0.00000080,0.0000000000000,7225.842,101.881,857.881,837.533,PAYLOAD,LARGE,US,2009-02-06,AFWTR,,4839836,299565136,0 NOAA 19,1 33591U 09005A   25282.24732356  .00000080  00000-0  66451-4 0  9990,2 33591  98.9850 347.5647 0014080  24.3415 335.8419 14.13416244859038
3.0,GENERATED VIA SPACE-TRACK.ORG API,2025-10-09 17:43:15+00:00,18 SPCS,NOAA 19,2009-005A,EARTH,TEME,UTC,SGP4,2025-10-09 14:25:49.938816+00:00,14.13416325,0.00140613,98.9850,347.9201,23.3673,336.8135,0,U,33591,999,85908,0.00006462149000,0.00000076,0.0000000000000,7225.842,101.881,857.867,837.546,PAYLOAD,LARGE,US,2009-02-06,AFWTR,,4839856,299595584,0 NOAA 19,1 33591U 09005A   25282.60127244  .00000076  00000-0  64621-4 0  9996,2 33591  98.9850 347.9201 0014061  23.3673 336.8135 14.13416325859083
3.0,GENERATED VIA SPACE-TRACK.ORG API,2025-10-09 21:06:33+00:00,18 SPCS,NOAA 19,2009-005A,EARTH,TEME,UTC,SGP4,2025-10-09 16:07:46.174080+00:00,14.13416336,0.00140570,98.9850,347.9912,23.1745,337.0058,0,U,33591,999,85909,0.00006334500000,0.00000074,0.0000000000000,7225.842,101.881,857.864,837.549,PAYLOAD,,,,,,4839875,299616653,0 NOAA 19,1 33591U 09005A   25282.67206220  .00000074  00000-0  63345-4 0  9995,2 33591  98.9850 347.9912 0014057  23.1745 337.0058 14.13416336859095
3.0,GENERATED VIA SPACE-TRACK.ORG API,2025-10-09 22:36:19+00:00,18 SPCS,NOAA 19,2009-005A,EARTH,TEME,UTC,SGP4,2025-10-09 19:31:38.644608+00:00,14.13416350,0.00140530,98.9849,348.1333,22.7777,337.4016,0,U,33591,999,85911,0.00006214400000,0.00000072,0.0000000000000,7225.842,101.881,857.861,837.552,PAYLOAD,LARGE,US,2009-02-06,AFWTR,,4840699,299636830,0 NOAA 19,1 33591U 09005A   25282.81364172  .00000072  00000-0  62144-4 0  9996,2 33591  98.9849 348.1333 0014053  22.7777 337.4016 14.13416350859116
3.0,GENERATED VIA SPACE-TRACK.ORG API,2025-10-10 04:19:40+00:00,18 SPCS,NOAA 19,2009-005A,EARTH,TEME,UTC,SGP4,2025-10-09 21:13:34.880736+00:00,14.13416364,0.00140478,98.9849,348.2044,22.5707,337.6080,0,U,33591,999,85912,0.00006271943500,0.00000073,0.0000000000000,7225.842,101.881,857.857,837.556,PAYLOAD,LARGE,US,2009-02-06,AFWTR,,4840951,299653611,0 NOAA 19,1 33591U 09005A   25282.88443149  .00000073  00000-0  62719-4 0  9994,2 33591  98.9849 348.2044 0014048  22.5707 337.6080 14.13416364859120
3.0,GENERATED VIA SPACE-TRACK.ORG API,2025-10-10 06:36:19+00:00,18 SPCS,NOAA 19,2009-005A,EARTH,TEME,UTC,SGP4,2025-10-10 04:01:19.824384+00:00,14.13416471,0.00140330,98.9849,348.4887,21.7667,338.4099,0,U,33591,999,85916,0.00006347100000,0.00000074,0.0000000000000,7225.841,101.881,857.846,837.566,PAYLOAD,LARGE,US,2009-02-06,AFWTR,,4840973,299673750,0 NOAA 19,1 33591U 09005A   25283.16759056  .00000074  00000-0  63471-4 0  9990,2 33591  98.9849 348.4887 0014033  21.7667 338.4099 14.13416471859169
3.0,GENERATED VIA SPACE-TRACK.ORG API,2025-10-10 11:05:40+00:00,18 SPCS,NOAA 19,2009-005A,EARTH,TEME,UTC,SGP4,2025-10-10 05:43:16.057920+00:00,14.13416502,0.00140289,98.9849,348.5598,21.5599,338.6161,0,U,33591,999,85917,0.00006466935900,0.00000076,0.0000000000000,7225.841,101.881,857.843,837.569,PAYLOAD,LARGE,US,2009-02-06,AFWTR,,4841636,299700392,0 NOAA 19,1 33591U 09005A   25283.23838030  .00000076  00000-0  64669-4 0  9990,2 33591  98.9849 348.5598 0014029  21.5599 338.6161 14.13416502859174
3.0,GENERATED VIA SPACE-TRACK.ORG API,2025-10-10 15:46:38+00:00,18 SPCS,NOAA 19,2009-005A,EARTH,TEME,UTC,SGP4,2025-10-10 10:49:04.762848+00:00,14.13416566,0.00140190,98.9848,348.7730,20.9967,339.1778,0,U,33591,999,85920,0.00006607600000,0.00000079,0.0000000000000,7225.841,101.881,857.836,837.576,PAYLOAD,LARGE,US,2009-02-06,AFWTR,,4841696,299720674,0 NOAA 19,1 33591U 09005A   25283.45074957  .00000079  00000-0  66076-4 0  9991,2 33591  98.9848 348.7730 0014019  20.9967 339.1778 14.13416566859208
3.0,GENERATED VIA SPACE-TRACK.ORG API,2025-10-10 23:26:34+00:00,18 SPCS,NOAA 19,2009-005A,EARTH,TEME,UTC,SGP4,2025-10-10 19:18:45.938304+00:00,14.13416631,0.00140050,98.9848,349.1284,19.9892,340.1826,0,U,33591,999,85925,0.00006088100000,0.00000069,0.0000000000000,7225.841,101.881,857.825,837.586,PAYLOAD,LARGE,US,2009-02-06,AFWTR,,4842544,299739077,0 NOAA 19,1 33591U 09005A   25283.80469836  .00000069  00000-0  60881-4 0  9991,2 33591  98.9848 349.1284 0014005  19.9892 340.1826 14.13416631859251
3.0,GENERATED VIA SPACE-TRACK.ORG API,2025-10-11 02:58:56+00:00,18 SPCS,NOAA 19,2009-005A,EARTH,TEME,UTC,SGP4,2025-10-10 22:42:38.407968+00:00,14.13416661,0.00139974,98.9847,349.2705,19.5884,340.5823,0,U,33591,999,85927,0.00006081691900,0.00000069,0.0000000000000,7225.840,101.881,857.820,837.591,PAYLOAD,LARGE,US,2009-02-06,AFWTR,,4843180,299765894,0 NOAA 19,1 33591U 09005A   25283.94627787  .00000069  00000-0  60817-4 0  9996,2 33591  98.9847 349.2705 0013997  19.5884 340.5823 14.13416661859271
3.0,GENERATED VIA SPACE-TRACK.ORG API,2025-10-11 07:36:20+00:00,18 SPCS,NOAA 19,2009-005A,EARTH,TEME,UTC,SGP4,2025-10-11 03:48:27.110304+00:00,14.13416755,0.00139850,98.9847,349.4837,18.9758,341.1932,0,U,33591,999,85930,0.00006174400000,0.00000071,0.0000000000000,7225.840,101.881,857.811,837.600,PAYLOAD,LARGE,US,2009-02-06,AFWTR,,4843245,299786026,0 NOAA 19,1 33591U 09005A   25284.15864711  .00000071  00000-0  61744-4 0  9993,2 33591  98.9847 349.4837 0013985  18.9758 341.1932 14.13416755859305
3.0,GENERATED VIA SPACE-TRACK.ORG API,2025-10-11 10:47:38+00:00,18 SPCS,NOAA 19,2009-005A,EARTH,TEME,UTC,SGP4,2025-10-11 05:30:23.344704+00:00,14.13416779,0.00139816,98.9847,349.5548,18.7762,341.3923,0,U,33591,999,85931,0.00006205874000,0.00000071,0.0000000000000,7225.840,101.881,857.808,837.602,PAYLOAD,LARGE,US,2009-02-06,AFWTR,,4843990,299814680,0 NOAA 19,1 33591U 09005A   25284.22943686  .00000071  00000-0  62059-4 0  9990,2 33591  98.9847 349.5548 0013982  18.7762 341.3923 14.13416779859314
3.0,GENERATED VIA SPACE-TRACK.ORG API,2025-10-12 03:37:44+00:00,18 SPCS,NOAA 19,2009-005A,EARTH,TEME,UTC,SGP4,2025-10-11 22:29:45.675744+00:00,14.13417016,0.00139422,98.9846,350.2656,16.7827,343.3804,0,U,33591,999,85941,0.00006363899200,0.00000074,0.0000000000000,7225.839,101.881,857.779,837.630,PAYLOAD,LARGE,US,2009-02-06,AFWTR,,4844080,299846095,0 NOAA 19,1 33591U 09005A   25284.93733421  .00000074  00000-0  63639-4 0  9990,2 33591  98.9846 350.2656 0013942  16.7827 343.3804 14.13417016859414
3.0,GENERATED VIA SPACE-TRACK.ORG API,2025-10-12 10:10:24+00:00,18 SPCS,NOAA 19,2009-005A,EARTH,TEME,UTC,SGP4,2025-10-12 06:59:26.837376+00:00,14.13417175,0.00139235,98.9845,350.6209,15.7935,344.3668,0,U,33591,999,85946,0.00006628949800,0.00000079,0.0000000000000,7225.839,101.881,857.765,837.643,PAYLOAD,LARGE,US,2009-02-06,AFWTR,,4844130,299877563,0 NOAA 19,1 33591U 09005A   25285.29128284  .00000079  00000-0  66289-4 0  9994,2 33591  98.9845 350.6209 0013923  15.7935 344.3668 14.13417175859469
3.0,GENERATED VIA SPACE-TRACK.ORG API,2025-10-12 18:25:01+00:00,18 SPCS,NOAA 19,2009-005A,EARTH,TEME,UTC,SGP4,2025-10-12 15:29:07.994688+00:00,14.13417313,0.00139038,98.9845,350.9763,14.8240,345.3337,0,U,33591,999,85951,0.00006614368700,0.00000079,0.0000000000000,7225.838,101.881,857.750,837.657,PAYLOAD,LARGE,US,2009-02-06,AFWTR,,4844234,299909496,0 NOAA 19,1 33591U 09005A   25285.64523142  .00000079  00000-0  66144-4 0  9995,2 33591  98.9845 350.9763 0013904  14.8240 345.3337 14.13417313859519
3.0,GENERATED VIA SPACE-TRACK.ORG API,2025-10-13 02:18:25+00:00,18 SPCS,NOAA 19,2009-005A,EARTH,TEME,UTC,SGP4,2025-10-12 22:16:52.922784+00:00,14.13417396,0.00138873,98.9844,351.2606,14.0607,346.0949,0,U,33591,999,85955,0.00006629581600,0.00000079,0.0000000000000,7225.838,101.881,857.738,837.668,PAYLOAD,LARGE,US,2009-02-06,AFWTR,,4844295,299940561,0 NOAA 19,1 33591U 09005A   25285.92839031  .00000079  00000-0  66296-4 0  9991,2 33591  98.9844 351.2606 0013887  14.0607 346.0949 14.13417396859559
3.0,GENERATED VIA SPACE-TRACK.ORG API,2025-10-13 10:50:46+00:00,18 SPCS,NOAA 19,2009-005A,EARTH,TEME,UTC,SGP4,2025-10-13 06:46:34.079232+00:00,14.13417513,0.00138668,98.9844,351.6160,13.0843,347.0686,0,U,33591,999,85960,0.00006518849000,0.00000077,0.0000000000000,7225.838,101.881,857.723,837.683,PAYLOAD,LARGE,US,2009-02-06,AFWTR,,4844340,299971022,0 NOAA 19,1 33591U 09005A   25286.28233888  .00000077  00000-0  65188-4 0  9996,2 33591  98.9844 351.6160 0013867  13.0843 347.0686 14.13417513859603
3.0,GENERATED VIA SPACE-TRACK.ORG API,2025-10-13 18:48:44+00:00,18 SPCS,NOAA 19,2009-005A,EARTH,TEME,UTC,SGP4,2025-10-13 15:16:15.233088+00:00,14.13417587,0.00138473,98.9843,351.9713,12.1071,348.0431,0,U,33591,999,85965,0.00006145862900,0.00000070,0.0000000000000,7225.837,101.881,857.708,837.697,PAYLOAD,LARGE,US,2009-02-06,AFWTR,,4844365,300002051,0 NOAA 19,1 33591U 09005A   25286.63628742  .00000070  00000-0  61459-4 0  9992,2 33591  98.9843 351.9713 0013847  12.1071 348.0431 14.13417587859655
3.0,GENERATED VIA SPACE-TRACK.ORG API,2025-10-14 02:50:48+00:00,18 SPCS,NOAA 19,2009-005A,EARTH,TEME,UTC,SGP4,2025-10-13 22:04:00.157728+00:00,14.13417641,0.00138342,98.9843,352.2556,11.3245,348.8236,0,U,33591,999,85969,0.00006086341200,0.00000069,0.0000000000000,7225.837,101.881,857.699,837.706,PAYLOAD,LARGE,US,2009-02-06,AFWTR,,4844410,300034058,0 NOAA 19,1 33591U 09005A   25286.91944627  .00000069  00000-0  60863-4 0  9992,2 33591  98.9843 352.2556 0013834  11.3245 348.8236 14.13417641859690
3.0,GENERATED VIA SPACE-TRACK.ORG API,2025-10-14 17:26:50+00:00,18 SPCS,NOAA 19,2009-005A,EARTH,TEME,UTC,SGP4,2025-10-14 06:33:41.310720+00:00,14.13417773,0.00138181,98.9843,352.6110,10.3377,349.8076,0,U,33591,999,85974,0.00006453013100,0.00000076,0.0000000000000,7225.837,101.881,857.686,837.717,PAYLOAD,LARGE,US,2009-02-06,AFWTR,,4844448,300064514,0 NOAA 19,1 33591U 09005A   25287.27339480  .00000076  00000-0  64530-4 0  9990,2 33591  98.9843 352.6110 0013818  10.3377 349.8076 14.13417773859742
3.0,GENERATED VIA SPACE-TRACK.ORG API,2025-10-15 02:21:28+00:00,18 SPCS,NOAA 19,2009-005A,EARTH,TEME,UTC,SGP4,2025-10-14 21:51:07.381440+00:00,14.13417861,0.00137843,98.9842,353.2507,8.5662,351.5743,0,U,33591,999,85983,0.00006038791100,0.00000068,0.0000000000000,7225.836,101.881,857.662,837.741,PAYLOAD,LARGE,US,2009-02-06,AFWTR,,4844485,300096511,0 NOAA 19,1 33591U 09005A   25287.91050210  .00000068  00000-0  60388-4 0  9990,2 33591  98.9842 353.2507 0013784   8.5662 351.5743 14.13417861859835
3.0,GENERATED VIA SPACE-TRACK.ORG API,2025-10-15 18:23:35+00:00,18 SPCS,NOAA 19,2009-005A,EARTH,TEME,UTC,SGP4,2025-10-15 14:50:29.671872+00:00,14.13418061,0.00137473,98.9842,353.9614,6.5786,353.5564,0,U,33591,999,85993,0.00006504750700,0.00000077,0.0000000000000,7225.836,101.881,857.634,837.767,PAYLOAD,LARGE,US,2009-02-06,AFWTR,,4844545,300126990,0 NOAA 19,1 33591U 09005A   25288.61839898  .00000077  00000-0  65048-4 0  9993,2 33591  98.9842 353.9614 0013747   6.5786 353.5564 14.13418061859932
3.0,GENERATED VIA SPACE-TRACK.ORG API,2025-10-15 23:46:18+00:00,18 SPCS,NOAA 19,2009-005A,EARTH,TEME,UTC,SGP4,2025-10-15 19:56:18.356928+00:00,14.13418192,0.00137390,98.9841,354.1746,5.9731,354.1602,0,U,33591,999,85996,0.00007683300000,0.00000099,0.0000000000000,7225.835,101.881,857.628,837.773,PAYLOAD,LARGE,US,2009-02-06,AFWTR,,4844607,300148687,0 NOAA 19,1 33591U 09005A   25288.83076802  .00000099  00000-0  76833-4 0  9993,2 33591  98.9841 354.1746 0013739   5.9731 354.1602 14.13418192859962
3.0,GENERATED VIA SPACE-TRACK.ORG API,2025-10-16 02:37:25+00:00,18 SPCS,NOAA 19,2009-005A,EARTH,TEME,UTC,SGP4,2025-10-15 21:38:14.585280+00:00,14.13418214,0.00137367,98.9841,354.2457,5.7547,354.3781,0,U,33591,999,85997,0.00007913786800,0.00000104,0.0000000000000,7225.835,101.881,857.626,837.774,PAYLOAD,LARGE,US,2009-02-06,AFWTR,,4845336,300177636,0 NOAA 19,1 33591U 09005A   25288.90155770  .00000104  00000-0  79138-4 0  9991,2 33591  98.9841 354.2457 0013737   5.7547 354.3781 14.13418214859979
3.0,GENERATED VIA SPACE-TRACK.ORG API,2025-10-16 07:07:07+00:00,18 SPCS,NOAA 19,2009-005A,EARTH,TEME,UTC,SGP4,2025-10-16 04:25:59.500416+00:00,14.13418168,0.00137240,98.9841,354.5300,4.9335,355.1970,0,U,33591,999,86001,0.00006678000000,0.00000080,0.0000000000000,7225.835,101.881,857.617,837.784,PAYLOAD,LARGE,US,2009-02-06,AFWTR,,4845362,300197994,0 NOAA 19,1 33591U 09005A   25289.18471644  .00000080  00000-0  66780-4 0  9995,2 33591  98.9841 354.5300 0013724   4.9335 355.1970 14.13418168860015
3.0,GENERATED VIA SPACE-TRACK.ORG API,2025-10-16 18:34:41+00:00,18 SPCS,NOAA 19,2009-005A,EARTH,TEME,UTC,SGP4,2025-10-16 14:37:36.868800+00:00,14.13418284,0.00137036,98.9841,354.9565,3.7341,356.3931,0,U,33591,999,86007,0.00007044555000,0.00000087,0.0000000000000,7225.835,101.881,857.602,837.798,PAYLOAD,LARGE,US,2009-02-06,AFWTR,,4846139,300228132,0 NOAA 19,1 33591U 09005A   25289.60945450  .00000087  00000-0  70446-4 0  9994,2 33591  98.9841 354.9565 0013704   3.7341 356.3931 14.13418284860079
3.0,GENERATED VIA SPACE-TRACK.ORG API,2025-10-17 02:15:59+00:00,18 SPCS,NOAA 19,2009-005A,EARTH,TEME,UTC,SGP4,2025-10-16 21:25:21.777888+00:00,14.13418390,0.00136909,98.9840,355.2407,2.9207,357.2043,0,U,33591,999,86011,0.00007456021500,0.00000095,0.0000000000000,7225.835,101.881,857.592,837.807,PAYLOAD,LARGE,US,2009-02-06,AFWTR,,4846178,300258323,0 NOAA 19,1 33591U 09005A   25289.89261317  .00000095  00000-0  74560-4 0  9998,2 33591  98.9840 355.2407 0013691   2.9207 357.2043 14.13418390860111
3.0,GENERATED VIA SPACE-TRACK.ORG API,2025-10-17 06:56:50+00:00,18 SPCS,NOAA 19,2009-005A,EARTH,TEME,UTC,SGP4,2025-10-17 02:31:10.457760+00:00,14.13418472,0.00136800,98.9840,355.4539,2.3067,357.8166,0,U,33591,999,86014,0.00007797100000,0.00000101,0.0000000000000,7225.834,101.881,857.584,837.814,PAYLOAD,LARGE,US,2009-02-06,AFWTR,,4846499,300286598,0 NOAA 19,1 33591U 09005A   25290.10498215  .00000101  00000-0  77971-4 0  9990,2 33591  98.9840 355.4539 0013680   2.3067 357.8166 14.13418472860141
3.0,GENERATED VIA SPACE-TRACK.ORG API,2025-10-17 17:48:26+00:00,18 SPCS,NOAA 19,2009-005A,EARTH,TEME,UTC,SGP4,2025-10-17 05:55:02.919648+00:00,14.13418393,0.00136744,98.9840,355.5961,1.8901,358.2320,0,U,33591,999,86016,0.00006777805000,0.00000082,0.0000000000000,7225.835,101.881,857.580,837.819,PAYLOAD,LARGE,US,2009-02-06,AFWTR,,4847102,300312683,0 NOAA 19,1 33591U 09005A   25290.24656157  .00000082  00000-0  67778-4 0  9998,2 33591  98.9840 355.5961 0013674   1.8901 358.2320 14.13418393860166
3.0,GENERATED VIA SPACE-TRACK.ORG API,2025-10-17 19:56:21+00:00,18 SPCS,NOAA 19,2009-005A,EARTH,TEME,UTC,SGP4,2025-10-17 16:06:40.281120+00:00,14.13418488,0.00136530,98.9839,356.0225,0.6895,359.4293,0,U,33591,999,86022,0.00006588500000,0.00000079,0.0000000000000,7225.834,101.881,857.565,837.834,PAYLOAD,LARGE,US,2009-02-06,AFWTR,,4847177,300334855,0 NOAA 19,1 33591U 09005A   25290.67129955  .00000079  00000-0  65885-4 0  9999,2 33591  98.9839 356.0225 0013653   0.6895 359.4293 14.13418488860223
3.0,GENERATED VIA SPACE-TRACK.ORG API,2025-10-18 00:06:20+00:00,18 SPCS,NOAA 19,2009-005A,EARTH,TEME,UTC,SGP4,2025-10-17 19:30:32.734368+00:00,14.13418550,0.00136480,98.9839,356.1646,0.2836,359.8341,0,U,33591,999,86024,0.00006998300000,0.00000086,0.0000000000000,7225.834,101.881,857.561,837.837,PAYLOAD,LARGE,US,2009-02-06,AFWTR,,4848044,300354834,0 NOAA 19,1 33591U 09005A   25290.81287887  .00000086  00000-0  69983-4 0  9995,2 33591  98.9839 356.1646 0013648   0.2836 359.8341 14.13418550860246
3.0,GENERATED VIA SPACE-TRACK.ORG API,2025-10-18 02:17:05+00:00,18 SPCS,NOAA 19,2009-005A,EARTH,TEME,UTC,SGP4,2025-10-17 22:54:25.187616+00:00,14.13418544,0.00136372,98.9839,356.3068,359.8548,0.2617,0,U,33591,999,86026,0.00006616131700,0.00000079,0.0000000000000,7225.834,101.881,857.553,837.845,PAYLOAD,LARGE,US,2009-02-06,AFWTR,,4848496,300377414,0 NOAA 19,1 33591U 09005A   25290.95445819  .00000079  00000-0  66161-4 0  9998,2 33591  98.9839 356.3068 0013637 359.8548   0.2617 14.13418544860265
3.0,GENERATED VIA SPACE-TRACK.ORG API,2025-10-18 08:26:17+00:00,18 SPCS,NOAA 19,2009-005A,EARTH,TEME,UTC,SGP4,2025-10-18 04:00:13.865760+00:00,14.13418617,0.00136280,98.9839,356.5200,359.2406,0.8743,0,U,33591,999,86029,0.00006758200000,0.00000082,0.0000000000000,7225.834,101.881,857.546,837.851,PAYLOAD,LARGE,US,2009-02-06,AFWTR,,4848540,300397820,0 NOAA 19,1 33591U 09005A   25291.16682715  .00000082  00000-0  67582-4 0  9992,2 33591  98.9839 356.5200 0013628 359.2406   0.8743 14.13418617860292
3.0,GENERATED VIA SPACE-TRACK.ORG API,2025-10-18 10:30:26+00:00,18 SPCS,NOAA 19,2009-005A,EARTH,TEME,UTC,SGP4,2025-10-18 05:42:10.097568+00:00,14.13418610,0.00136246,98.9839,356.5911,359.0304,1.0840,0,U,33591,999,86030,0.00006663665100,0.00000080,0.0000000000000,7225.834,101.881,857.544,837.854,PAYLOAD,LARGE,US,2009-02-06,AFWTR,,4849367,300428303,0 NOAA 19,1 33591U 09005A   25291.23761687  .00000080  00000-0  66637-4 0  9994,2 33591  98.9839 356.5911 0013625 359.0304   1.0840 14.13418610860309
3.0,GENERATED VIA SPACE-TRACK.ORG API,2025-10-19 02:20:52+00:00,18 SPCS,NOAA 19,2009-005A,EARTH,TEME,UTC,SGP4,2025-10-18 22:41:32.347392+00:00,14.13418932,0.00135917,98.9838,357.3017,356.9739,3.1349,0,U,33591,999,86040,0.00008031013800,0.00000106,0.0000000000000,7225.833,101.881,857.519,837.877,PAYLOAD,LARGE,US,2009-02-06,AFWTR,,4849547,300459562,0 NOAA 19,1 33591U 09005A   25291.94551328  .00000106  00000-0  80310-4 0  9994,2 33591  98.9838 357.3017 0013592 356.9739   3.1349 14.13418932860400
3.0,GENERATED VIA SPACE-TRACK.ORG API,2025-10-19 10:30:26+00:00,18 SPCS,NOAA 19,2009-005A,EARTH,TEME,UTC,SGP4,2025-10-19 05:29:17.245248+00:00,14.13419146,0.00135789,98.9838,357.5860,356.1743,3.9323,0,U,33591,999,86044,0.00009092745000,0.00000126,0.0000000000000,7225.832,101.881,857.509,837.885,PAYLOAD,LARGE,US,2009-02-06,AFWTR,,4849597,300491564,0 NOAA 19,1 33591U 09005A   25292.22867182  .00000126  00000-0  90927-4 0  9991,2 33591  98.9838 357.5860 0013579 356.1743   3.9323 14.13419146860442
3.0,GENERATED VIA SPACE-TRACK.ORG API,2025-10-20 02:10:33+00:00,18 SPCS,NOAA 19,2009-005A,EARTH,TEME,UTC,SGP4,2025-10-19 22:28:39.484704+00:00,14.13419420,0.00135374,98.9837,358.2967,354.1953,5.9060,0,U,33591,999,86054,0.00009513871800,0.00000134,0.0000000000000,7225.831,101.881,857.478,837.914,PAYLOAD,LARGE,US,2009-02-06,AFWTR,,4849705,300522577,0 NOAA 19,1 33591U 09005A   25292.93656811  .00000134  00000-0  95139-4 0  9993,2 33591  98.9837 358.2967 0013537 354.1953   5.9060 14.13419420860548
3.0,GENERATED VIA SPACE-TRACK.ORG API,2025-10-20 06:36:20+00:00,18 SPCS,NOAA 19,2009-005A,EARTH,TEME,UTC,SGP4,2025-10-20 03:34:28.155072+00:00,14.13419505,0.00135260,98.9836,358.5099,353.5892,6.5105,0,U,33591,999,86057,0.00009417900000,0.00000132,0.0000000000000,7225.831,101.881,857.469,837.922,PAYLOAD,LARGE,US,2009-02-06,AFWTR,,4849747,300543243,0 NOAA 19,1 33591U 09005A   25293.14893698  .00000132  00000-0  94179-4 0  9994,2 33591  98.9836 358.5099 0013526 353.5892   6.5105 14.13419505860573
3.0,GENERATED VIA SPACE-TRACK.ORG API,2025-10-20 10:26:40+00:00,18 SPCS,NOAA 19,2009-005A,EARTH,TEME,UTC,SGP4,2025-10-20 05:16:24.379968+00:00,14.13419550,0.00135216,98.9836,358.5809,353.3926,6.7066,0,U,33591,999,86058,0.00009680579700,0.00000137,0.0000000000000,7225.831,101.881,857.466,837.925,PAYLOAD,LARGE,US,2009-02-06,AFWTR,,4850467,300572377,0 NOAA 19,1 33591U 09005A   25293.21972662  .00000137  00000-0  96806-4 0  9995,2 33591  98.9836 358.5809 0013522 353.3926   6.7066 14.13419550860583
3.0,GENERATED VIA SPACE-TRACK.ORG API,2025-10-20 18:08:45+00:00,18 SPCS,NOAA 19,2009-005A,EARTH,TEME,UTC,SGP4,2025-10-20 15:28:01.718112+00:00,14.13419652,0.00134973,98.9836,359.0073,352.1827,7.9133,0,U,33591,999,86064,0.00009134115200,0.00000127,0.0000000000000,7225.830,101.881,857.448,837.942,PAYLOAD,LARGE,US,2009-02-06,AFWTR,,4850513,300603784,0 NOAA 19,1 33591U 09005A   25293.64446433  .00000127  00000-0  91341-4 0  9992,2 33591  98.9836 359.0073 0013497 352.1827   7.9133 14.13419652860648
3.0,GENERATED VIA SPACE-TRACK.ORG API,2025-10-21 03:26:54+00:00,18 SPCS,NOAA 19,2009-005A,EARTH,TEME,UTC,SGP4,2025-10-20 22:15:46.609920+00:00,14.13419697,0.00134828,98.9835,359.2916,351.3591,8.7347,0,U,33591,999,86068,0.00008919718200,0.00000122,0.0000000000000,7225.830,101.881,857.438,837.953,PAYLOAD,LARGE,US,2009-02-06,AFWTR,,4850597,300634943,0 NOAA 19,1 33591U 09005A   25293.92762280  .00000122  00000-0  89197-4 0  9995,2 33591  98.9835 359.2916 0013483 351.3591   8.7347 14.13419697860688
3.0,GENERATED VIA SPACE-TRACK.ORG API,2025-10-21 18:24:45+00:00,18 SPCS,NOAA 19,2009-005A,EARTH,TEME,UTC,SGP4,2025-10-21 13:33:12.608928+00:00,14.13419868,0.00134490,98.9834,359.9312,349.5402,10.5489,0,U,33591,999,86077,0.00008062662300,0.00000106,0.0000000000000,7225.830,101.881,857.413,837.977,PAYLOAD,LARGE,US,2009-02-06,AFWTR,,4850699,300665933,0 NOAA 19,1 33591U 09005A   25294.56472927  .00000106  00000-0  80627-4 0  9993,2 33591  98.9834 359.9312 0013449 349.5402  10.5489 14.13419868860774
3.0,GENERATED VIA SPACE-TRACK.ORG API,2025-10-21 23:56:19+00:00,18 SPCS,NOAA 19,2009-005A,EARTH,TEME,UTC,SGP4,2025-10-21 18:39:01.272384+00:00,14.13419938,0.00134390,98.9834,0.1444,348.9568,11.1307,0,U,33591,999,86080,0.00008062600000,0.00000106,0.0000000000000,7225.829,101.881,857.405,837.984,PAYLOAD,LARGE,US,2009-02-06,AFWTR,,4850797,300687313,0 NOAA 19,1 33591U 09005A   25294.77709806  .00000106  00000-0  80626-4 0  9994,2 33591  98.9834   0.1444 0013439 348.9568  11.1307 14.13419938860808
3.0,GENERATED VIA SPACE-TRACK.ORG API,2025-10-22 04:10:39+00:00,18 SPCS,NOAA 19,2009-005A,EARTH,TEME,UTC,SGP4,2025-10-21 22:02:53.714400+00:00,14.13419943,0.00134348,98.9833,0.2866,348.5188,11.5675,0,U,33591,999,86082,0.00007826535800,0.00000102,0.0000000000000,7225.829,101.881,857.402,837.987,PAYLOAD,LARGE,US,2009-02-06,AFWTR,,4851525,300714685,0 NOAA 19,1 33591U 09005A   25294.91867725  .00000102  00000-0  78265-4 0  9997,2 33591  98.9833   0.2866 0013435 348.5188  11.5675 14.13419943860826
3.0,GENERATED VIA SPACE-TRACK.ORG API,2025-10-22 06:36:21+00:00,18 SPCS,NOAA 19,2009-005A,EARTH,TEME,UTC,SGP4,2025-10-22 04:50:38.596704+00:00,14.13420028,0.00134240,98.9833,0.5708,347.6911,12.3932,0,U,33591,999,86086,0.00007730200000,0.00000100,0.0000000000000,7225.829,101.881,857.394,837.994,PAYLOAD,LARGE,US,2009-02-06,AFWTR,,4851562,300735865,0 NOAA 19,1 33591U 09005A   25295.20183561  .00000100  00000-0  77302-4 0  9998,2 33591  98.9833   0.5708 0013424 347.6911  12.3932 14.13420028860861
3.0,GENERATED VIA SPACE-TRACK.ORG API,2025-10-22 17:40:45+00:00,18 SPCS,NOAA 19,2009-005A,EARTH,TEME,UTC,SGP4,2025-10-22 06:32:34.817280+00:00,14.13420063,0.00134211,98.9833,0.6419,347.4838,12.5999,0,U,33591,999,86087,0.00007923285500,0.00000104,0.0000000000000,7225.829,101.881,857.392,837.996,PAYLOAD,LARGE,US,2009-02-06,AFWTR,,4853183,300784723,0 NOAA 19,1 33591U 09005A   25295.27262520  .00000104  00000-0  79233-4 0  9997,2 33591  98.9833   0.6419 0013421 347.4838  12.5999 14.13420063860879
3.0,GENERATED VIA SPACE-TRACK.ORG API,2025-10-23 00:26:20+00:00,18 SPCS,NOAA 19,2009-005A,EARTH,TEME,UTC,SGP4,2025-10-22 18:26:08.359584+00:00,14.13420237,0.00133970,98.9832,1.1394,346.0628,14.0172,0,U,33591,999,86094,0.00008542800000,0.00000115,0.0000000000000,7225.828,101.881,857.374,838.013,PAYLOAD,LARGE,US,2009-02-06,AFWTR,,4853278,300805030,0 NOAA 19,1 33591U 09005A   25295.76815231  .00000115  00000-0  85428-4 0  9999,2 33591  98.9832   1.1394 0013397 346.0628  14.0172 14.13420237860941
3.0,GENERATED VIA SPACE-TRACK.ORG API,2025-10-23 02:46:54+00:00,18 SPCS,NOAA 19,2009-005A,EARTH,TEME,UTC,SGP4,2025-10-22 21:50:00.797280+00:00,14.13420253,0.00133931,98.9831,1.2816,345.6436,14.4353,0,U,33591,999,86096,0.00008477840600,0.00000114,0.0000000000000,7225.828,101.881,857.371,838.016,PAYLOAD,LARGE,US,2009-02-06,AFWTR,,4853664,300824974,0 NOAA 19,1 33591U 09005A   25295.90973145  .00000114  00000-0  84778-4 0  9990,2 33591  98.9831   1.2816 0013393 345.6436  14.4353 14.13420253860963
3.0,GENERATED VIA SPACE-TRACK.ORG API,2025-10-23 06:46:32+00:00,18 SPCS,NOAA 19,2009-005A,EARTH,TEME,UTC,SGP4,2025-10-23 04:37:45.676128+00:00,14.13420371,0.00133810,98.9831,1.5658,344.8151,15.2617,0,U,33591,999,86100,0.00008754900000,0.00000119,0.0000000000000,7225.828,101.881,857.362,838.024,PAYLOAD,LARGE,US,2009-02-06,AFWTR,,4854013,300854108,0 NOAA 19,1 33591U 09005A   25296.19288977  .00000119  00000-0  87549-4 0  9998,2 33591  98.9831   1.5658 0013381 344.8151  15.2617 14.13420371861001
3.0,GENERATED VIA SPACE-TRACK.ORG API,2025-10-23 18:40:45+00:00,18 SPCS,NOAA 19,2009-005A,EARTH,TEME,UTC,SGP4,2025-10-23 14:49:22.990080+00:00,14.13420479,0.00133556,98.9830,1.9922,343.6000,16.4738,0,U,33591,999,86106,0.00008562590000,0.00000116,0.0000000000000,7225.827,101.881,857.343,838.042,PAYLOAD,LARGE,US,2009-02-06,AFWTR,,4854367,300873103,0 NOAA 19,1 33591U 09005A   25296.61762720  .00000116  00000-0  85626-4 0  9999,2 33591  98.9830   1.9922 0013356 343.6000  16.4738 14.13420479861062
3.0,GENERATED VIA SPACE-TRACK.ORG API,2025-10-23 22:06:19+00:00,18 SPCS,NOAA 19,2009-005A,EARTH,TEME,UTC,SGP4,2025-10-23 16:31:19.208064+00:00,14.13420500,0.00133530,98.9830,2.0633,343.3984,16.6749,0,U,33591,999,86107,0.00008563700000,0.00000116,0.0000000000000,7225.827,101.881,857.341,838.044,PAYLOAD,LARGE,US,2009-02-06,AFWTR,,4854421,300893816,0 NOAA 19,1 33591U 09005A   25296.68841676  .00000116  00000-0  85637-4 0  9996,2 33591  98.9830   2.0633 0013353 343.3984  16.6749 14.13420500861078
3.0,GENERATED VIA SPACE-TRACK.ORG API,2025-10-24 02:48:45+00:00,18 SPCS,NOAA 19,2009-005A,EARTH,TEME,UTC,SGP4,2025-10-23 21:37:07.865472+00:00,14.13420519,0.00133445,98.9829,2.2765,342.7739,17.2979,0,U,33591,999,86110,0.00008252250800,0.00000110,0.0000000000000,7225.827,101.881,857.335,838.050,PAYLOAD,LARGE,US,2009-02-06,AFWTR,,4855258,300925138,0 NOAA 19,1 33591U 09005A   25296.90078548  .00000110  00000-0  82523-4 0  9996,2 33591  98.9829   2.2765 0013345 342.7739  17.2979 14.13420519861102
3.0,GENERATED VIA SPACE-TRACK.ORG API,2025-10-24 18:33:25+00:00,18 SPCS,NOAA 19,2009-005A,EARTH,TEME,UTC,SGP4,2025-10-24 06:06:48.954528+00:00,14.13420669,0.00133300,98.9828,2.6318,341.7373,18.3319,0,U,33591,999,86115,0.00008579944100,0.00000116,0.0000000000000,7225.827,101.880,857.324,838.060,PAYLOAD,LARGE,US,2009-02-06,AFWTR,,4855292,300956596,0 NOAA 19,1 33591U 09005A   25297.25473327  .00000116  00000-0  85799-4 0  9993,2 33591  98.9828   2.6318 0013330 341.7373  18.3319 14.13420669861157
3.0,GENERATED VIA SPACE-TRACK.ORG API,2025-10-24 21:16:35+00:00,18 SPCS,NOAA 19,2009-005A,EARTH,TEME,UTC,SGP4,2025-10-24 16:18:26.261568+00:00,14.13420734,0.00133080,98.9827,3.0582,340.4877,19.5784,0,U,33591,999,86121,0.00007806500000,0.00000102,0.0000000000000,7225.827,101.880,857.308,838.075,PAYLOAD,LARGE,US,2009-02-06,AFWTR,,4855615,300985313,0 NOAA 19,1 33591U 09005A   25297.67947062  .00000102  00000-0  78065-4 0  9994,2 33591  98.9827   3.0582 0013308 340.4877  19.5784 14.13420734861213
3.0,GENERATED VIA SPACE-TRACK.ORG API,2025-10-24 23:16:39+00:00,18 SPCS,NOAA 19,2009-005A,EARTH,TEME,UTC,SGP4,2025-10-24 19:42:18.698400+00:00,14.13420739,0.00133040,98.9827,3.2003,340.0676,19.9974,0,U,33591,999,86123,0.00007539800000,0.00000097,0.0000000000000,7225.827,101.880,857.305,838.078,PAYLOAD,LARGE,US,2009-02-06,AFWTR,,4856232,300999893,0 NOAA 19,1 33591U 09005A   25297.82104975  .00000097  00000-0  75398-4 0  9998,2 33591  98.9827   3.2003 0013304 340.0676  19.9974 14.13420739861234
3.0,GENERATED VIA SPACE-TRACK.ORG API,2025-10-25 03:11:13+00:00,18 SPCS,NOAA 19,2009-005A,EARTH,TEME,UTC,SGP4,2025-10-24 21:24:14.915520+00:00,14.13420750,0.00133001,98.9827,3.2713,339.8599,20.2047,0,U,33591,999,86124,0.00007493076000,0.00000096,0.0000000000000,7225.827,101.880,857.302,838.081,PAYLOAD,LARGE,US,2009-02-06,AFWTR,,4856585,301019824,0 NOAA 19,1 33591U 09005A   25297.89183930  .00000096  00000-0  74931-4 0  9994,2 33591  98.9827   3.2713 0013300 339.8599  20.2047 14.13420750861248
3.0,GENERATED VIA SPACE-TRACK.ORG API,2025-10-25 08:06:34+00:00,18 SPCS,NOAA 19,2009-005A,EARTH,TEME,UTC,SGP4,2025-10-25 04:11:59.784000+00:00,14.13420849,0.00132900,98.9826,3.5556,339.0187,21.0438,0,U,33591,999,86128,0.00007469900000,0.00000095,0.0000000000000,7225.826,101.880,857.294,838.088,PAYLOAD,LARGE,US,2009-02-06,AFWTR,,4856628,301040193,0 NOAA 19,1 33591U 09005A   25298.17499750  .00000095  00000-0  74699-4 0  9996,2 33591  98.9826   3.5556 0013290 339.0187  21.0438 14.13420849861284
3.0,GENERATED VIA SPACE-TRACK.ORG API,2025-10-25 10:45:00+00:00,18 SPCS,NOAA 19,2009-005A,EARTH,TEME,UTC,SGP4,2025-10-25 05:53:56.001984+00:00,14.13420872,0.00132858,98.9826,3.6267,338.8099,21.2522,0,U,33591,999,86129,0.00007511536300,0.00000096,0.0000000000000,7225.826,101.880,857.291,838.091,PAYLOAD,LARGE,US,2009-02-06,AFWTR,,4857389,301069582,0 NOAA 19,1 33591U 09005A   25298.24578706  .00000096  00000-0  75115-4 0  9998,2 33591  98.9826   3.6267 0013286 338.8099  21.2522 14.13420872861291
3.0,GENERATED VIA SPACE-TRACK.ORG API,2025-10-25 14:36:25+00:00,18 SPCS,NOAA 19,2009-005A,EARTH,TEME,UTC,SGP4,2025-10-25 10:59:44.653344+00:00,14.13420876,0.00132770,98.9826,3.8398,338.1763,21.8842,0,U,33591,999,86132,0.00006931900000,0.00000085,0.0000000000000,7225.826,101.880,857.285,838.097,PAYLOAD,LARGE,US,2009-02-06,AFWTR,,4857433,301091539,0 NOAA 19,1 33591U 09005A   25298.45815571  .00000085  00000-0  69319-4 0  9992,2 33591  98.9826   3.8398 0013277 338.1763  21.8842 14.13420876861328
3.0,GENERATED VIA SPACE-TRACK.ORG API,2025-10-26 00:16:22+00:00,18 SPCS,NOAA 19,2009-005A,EARTH,TEME,UTC,SGP4,2025-10-25 19:29:25.738080+00:00,14.13420971,0.00132610,98.9825,4.1951,337.1458,22.9122,0,U,33591,999,86137,0.00006888000000,0.00000084,0.0000000000000,7225.826,101.880,857.273,838.109,PAYLOAD,LARGE,US,2009-02-06,AFWTR,,4858259,301111426,0 NOAA 19,1 33591U 09005A   25298.81210345  .00000084  00000-0  68880-4 0  9991,2 33591  98.9825   4.1951 0013261 337.1458  22.9122 14.13420971861373
3.0,GENERATED VIA SPACE-TRACK.ORG API,2025-10-26 02:54:42+00:00,18 SPCS,NOAA 19,2009-005A,EARTH,TEME,UTC,SGP4,2025-10-25 22:53:18.170592+00:00,14.13421023,0.00132564,98.9825,4.3373,336.7189,23.3381,0,U,33591,999,86139,0.00007150302200,0.00000089,0.0000000000000,7225.826,101.880,857.269,838.112,PAYLOAD,LARGE,US,2009-02-06,AFWTR,,4859004,301140440,0 NOAA 19,1 33591U 09005A   25298.95368253  .00000089  00000-0  71503-4 0  9999,2 33591  98.9825   4.3373 0013256 336.7189  23.3381 14.13421023861396
3.0,GENERATED VIA SPACE-TRACK.ORG API,2025-10-26 06:46:48+00:00,18 SPCS,NOAA 19,2009-005A,EARTH,TEME,UTC,SGP4,2025-10-26 03:59:06.820224+00:00,14.13421085,0.00132480,98.9825,4.5504,336.0827,23.9728,0,U,33591,999,86142,0.00006890200000,0.00000084,0.0000000000000,7225.825,101.880,857.263,838.118,PAYLOAD,LARGE,US,2009-02-06,AFWTR,,4859075,301161337,0 NOAA 19,1 33591U 09005A   25299.16605116  .00000084  00000-0  68902-4 0  9999,2 33591  98.9825   4.5504 0013248 336.0827  23.9728 14.13421085861420
3.0,GENERATED VIA SPACE-TRACK.ORG API,2025-10-26 10:54:48+00:00,18 SPCS,NOAA 19,2009-005A,EARTH,TEME,UTC,SGP4,2025-10-26 05:41:03.039936+00:00,14.13421127,0.00132494,98.9825,4.6215,335.8788,24.1762,0,U,33591,999,86143,0.00007181121100,0.00000090,0.0000000000000,7225.825,101.880,857.264,838.116,PAYLOAD,LARGE,US,2009-02-06,AFWTR,,4859882,301191948,0 NOAA 19,1 33591U 09005A   25299.23684074  .00000090  00000-0  71811-4 0  9997,2 33591  98.9825   4.6215 0013249 335.8788  24.1762 14.13421127861433
3.0,GENERATED VIA SPACE-TRACK.ORG API,2025-10-26 14:26:27+00:00,18 SPCS,NOAA 19,2009-005A,EARTH,TEME,UTC,SGP4,2025-10-26 10:46:51.690432+00:00,14.13421169,0.00132440,98.9825,4.8347,335.2672,24.7863,0,U,33591,999,86146,0.00007043800000,0.00000087,0.0000000000000,7225.825,101.880,857.260,838.120,PAYLOAD,LARGE,US,2009-02-06,AFWTR,,4859920,301212303,0 NOAA 19,1 33591U 09005A   25299.44920938  .00000087  00000-0  70438-4 0  9992,2 33591  98.9825   4.8347 0013244 335.2672  24.7863 14.13421169861469
3.0,GENERATED VIA SPACE-TRACK.ORG API,2025-10-26 22:36:22+00:00,18 SPCS,NOAA 19,2009-005A,EARTH,TEME,UTC,SGP4,2025-10-26 19:16:32.769120+00:00,14.13421278,0.00132290,98.9824,5.1899,334.2294,25.8217,0,U,33591,999,86151,0.00006879600000,0.00000084,0.0000000000000,7225.825,101.880,857.249,838.131,PAYLOAD,LARGE,US,2009-02-06,AFWTR,,4860700,301232107,0 NOAA 19,1 33591U 09005A   25299.80315705  .00000084  00000-0  68796-4 0  9993,2 33591  98.9824   5.1899 0013229 334.2294  25.8217 14.13421278861518
3.0,GENERATED VIA SPACE-TRACK.ORG API,2025-10-27 02:46:55+00:00,18 SPCS,NOAA 19,2009-005A,EARTH,TEME,UTC,SGP4,2025-10-26 22:40:25.199040+00:00,14.13421325,0.00132207,98.9824,5.3321,333.8036,26.2466,0,U,33591,999,86153,0.00006959777900,0.00000086,0.0000000000000,7225.825,101.880,857.243,838.137,PAYLOAD,LARGE,US,2009-02-06,AFWTR,,4861461,301260168,0 NOAA 19,1 33591U 09005A   25299.94473610  .00000086  00000-0  69598-4 0  9991,2 33591  98.9824   5.3321 0013221 333.8036  26.2466 14.13421325861537
3.0,GENERATED VIA SPACE-TRACK.ORG API,2025-10-27 06:26:25+00:00,18 SPCS,NOAA 19,2009-005A,EARTH,TEME,UTC,SGP4,2025-10-27 03:46:13.847808+00:00,14.13421425,0.00132100,98.9824,5.5453,333.1780,26.8707,0,U,33591,999,86156,0.00007281700000,0.00000092,0.0000000000000,7225.824,101.880,857.235,838.144,PAYLOAD,LARGE,US,2009-02-06,AFWTR,,4861493,301281938,0 NOAA 19,1 33591U 09005A   25300.15710472  .00000092  00000-0  72817-4 0  9992,2 33591  98.9824   5.5453 0013210 333.1780  26.8707 14.13421425861560
3.0,GENERATED VIA SPACE-TRACK.ORG API,2025-10-27 10:32:28+00:00,18 SPCS,NOAA 19,2009-005A,EARTH,TEME,UTC,SGP4,2025-10-27 05:28:10.063200+00:00,14.13421467,0.00132077,98.9824,5.6163,332.9645,27.0838,0,U,33591,999,86157,0.00007551254900,0.00000097,0.0000000000000,7225.824,101.880,857.233,838.145,PAYLOAD,LARGE,US,2009-02-06,AFWTR,,4862303,301312576,0 NOAA 19,1 33591U 09005A   25300.22789425  .00000097  00000-0  75513-4 0  9995,2 33591  98.9824   5.6163 0013208 332.9645  27.0838 14.13421467861578
3.0,GENERATED VIA SPACE-TRACK.ORG API,2025-10-27 14:36:22+00:00,18 SPCS,NOAA 19,2009-005A,EARTH,TEME,UTC,SGP4,2025-10-27 10:33:58.711104+00:00,14.13421495,0.00131980,98.9824,5.8295,332.3539,27.6930,0,U,33591,999,86160,0.00007079800000,0.00000088,0.0000000000000,7225.824,101.880,857.226,838.152,PAYLOAD,LARGE,US,2009-02-06,AFWTR,,4862347,301332922,0 NOAA 19,1 33591U 09005A   25300.44026286  .00000088  00000-0  70798-4 0  9998,2 33591  98.9824   5.8295 0013198 332.3539  27.6930 14.13421495861604
3.0,GENERATED VIA SPACE-TRACK.ORG API,2025-10-27 23:36:49+00:00,18 SPCS,NOAA 19,2009-005A,EARTH,TEME,UTC,SGP4,2025-10-27 19:03:39.783744+00:00,14.13421609,0.00131800,98.9824,6.1848,331.3257,28.7189,0,U,33591,999,86165,0.00006983400000,0.00000086,0.0000000000000,7225.824,101.880,857.212,838.165,PAYLOAD,LARGE,US,2009-02-06,AFWTR,,4863189,301351887,0 NOAA 19,1 33591U 09005A   25300.79421046  .00000086  00000-0  69834-4 0  9996,2 33591  98.9824   6.1848 0013180 331.3257  28.7189 14.13421609861659
3.0,GENERATED VIA SPACE-TRACK.ORG API,2025-10-28 02:18:45+00:00,18 SPCS,NOAA 19,2009-005A,EARTH,TEME,UTC,SGP4,2025-10-27 22:27:32.214528+00:00,14.13421635,0.00131726,98.9823,6.3269,330.9045,29.1392,0,U,33591,999,86167,0.00006778148700,0.00000082,0.0000000000000,7225.824,101.880,857.207,838.170,PAYLOAD,LARGE,US,2009-02-06,AFWTR,,4863735,301376898,0 NOAA 19,1 33591U 09005A   25300.93578952  .00000082  00000-0  67781-4 0  9996,2 33591  98.9823   6.3269 0013173 330.9045  29.1392 14.13421635861671
3.0,GENERATED VIA SPACE-TRACK.ORG API,2025-10-28 19:11:01+00:00,18 SPCS,NOAA 19,2009-005A,EARTH,TEME,UTC,SGP4,2025-10-28 13:44:58.148736+00:00,14.13421816,0.00131399,98.9823,6.9664,329.0438,30.9958,0,U,33591,999,86176,0.00006305318300,0.00000073,0.0000000000000,7225.823,101.880,857.183,838.193,PAYLOAD,LARGE,US,2009-02-06,AFWTR,,4863914,301408502,0 NOAA 19,1 33591U 09005A   25301.57289524  .00000073  00000-0  63053-4 0  9999,2 33591  98.9823   6.9664 0013140 329.0438  30.9958 14.13421816861764
3.0,GENERATED VIA SPACE-TRACK.ORG API,2025-10-29 15:46:24+00:00,18 SPCS,NOAA 19,2009-005A,EARTH,TEME,UTC,SGP4,2025-10-29 11:50:08.928960+00:00,14.13422049,0.00131040,98.9823,7.8902,326.3271,33.7067,0,U,33591,999,86189,0.00006279400000,0.00000073,0.0000000000000,7225.822,101.880,857.156,838.218,PAYLOAD,LARGE,US,2009-02-06,AFWTR,,4864010,301429091,0 NOAA 19,1 33591U 09005A   25302.49315890  .00000073  00000-0  62794-4 0  9998,2 33591  98.9823   7.8902 0013104 326.3271  33.7067 14.13422049861899
3.0,GENERATED VIA SPACE-TRACK.ORG API,2025-10-29 19:31:23+00:00,18 SPCS,NOAA 19,2009-005A,EARTH,TEME,UTC,SGP4,2025-10-29 06:44:20.287968+00:00,14.13422008,0.00131120,98.9823,7.6770,326.9474,33.0877,0,U,33591,999,86186,0.00006370495400,0.00000075,0.0000000000000,7225.822,101.880,857.162,838.213,PAYLOAD,LARGE,US,2009-02-06,AFWTR,,4864813,301457778,0 NOAA 19,1 33591U 09005A   25302.28079037  .00000075  00000-0  63705-4 0  9990,2 33591  98.9823   7.6770 0013112 326.9474  33.0877 14.13422008861864
3.0,GENERATED VIA SPACE-TRACK.ORG API,2025-10-30 03:32:50+00:00,18 SPCS,NOAA 19,2009-005A,EARTH,TEME,UTC,SGP4,2025-10-29 22:01:46.206624+00:00,14.13422160,0.00130901,98.9822,8.3165,325.0676,34.9636,0,U,33591,999,86195,0.00006326960400,0.00000074,0.0000000000000,7225.822,101.880,857.145,838.228,PAYLOAD,LARGE,US,2009-02-06,AFWTR,,4864873,301489456,0 NOAA 19,1 33591U 09005A   25302.91789591  .00000074  00000-0  63270-4 0  9999,2 33591  98.9822   8.3165 0013090 325.0676  34.9636 14.13422160861950
3.0,GENERATED VIA SPACE-TRACK.ORG API,2025-10-30 10:34:55+00:00,18 SPCS,NOAA 19,2009-005A,EARTH,TEME,UTC,SGP4,2025-10-30 06:31:27.269760+00:00,14.13422274,0.00130769,98.9822,8.6718,324.0193,36.0098,0,U,33591,999,86200,0.00006447744700,0.00000076,0.0000000000000,7225.821,101.880,857.136,838.237,PAYLOAD,LARGE,US,2009-02-06,AFWTR,,4864899,301520592,0 NOAA 19,1 33591U 09005A   25303.27184340  .00000076  00000-0  64477-4 0  9992,2 33591  98.9822   8.6718 0013077 324.0193  36.0098 14.13422274862003
3.0,GENERATED VIA SPACE-TRACK.ORG API,2025-10-30 22:26:44+00:00,18 SPCS,NOAA 19,2009-005A,EARTH,TEME,UTC,SGP4,2025-10-30 18:25:00.755904+00:00,14.13422457,0.00130530,98.9821,9.1692,322.5700,37.4562,0,U,33591,999,86207,0.00007408400000,0.00000094,0.0000000000000,7225.821,101.880,857.118,838.254,PAYLOAD,LARGE,US,2009-02-06,AFWTR,,4865059,301541434,0 NOAA 19,1 33591U 09005A   25303.76736986  .00000094  00000-0  74084-4 0  9990,2 33591  98.9821   9.1692 0013053 322.5700  37.4562 14.13422457862071
3.0,GENERATED VIA SPACE-TRACK.ORG API,2025-10-31 03:00:52+00:00,18 SPCS,NOAA 19,2009-005A,EARTH,TEME,UTC,SGP4,2025-10-30 21:48:53.178912+00:00,14.13422471,0.00130475,98.9821,9.3113,322.1463,37.8791,0,U,33591,999,86209,0.00007147252100,0.00000089,0.0000000000000,7225.821,101.880,857.114,838.258,PAYLOAD,LARGE,US,2009-02-06,AFWTR,,4865436,301561325,0 NOAA 19,1 33591U 09005A   25303.90894883  .00000089  00000-0  71473-4 0  9990,2 33591  98.9821   9.3113 0013047 322.1463  37.8791 14.13422471862092
3.0,GENERATED VIA SPACE-TRACK.ORG API,2025-10-31 10:10:29+00:00,18 SPCS,NOAA 19,2009-005A,EARTH,TEME,UTC,SGP4,2025-10-31 06:18:34.243776+00:00,14.13422509,0.00130327,98.9821,9.6666,321.1055,38.9178,0,U,33591,999,86214,0.00006670985200,0.00000080,0.0000000000000,7225.821,101.880,857.103,838.268,PAYLOAD,LARGE,US,2009-02-06,AFWTR,,4865472,301592504,0 NOAA 19,1 33591U 09005A   25304.26289634  .00000080  00000-0  66710-4 0  9991,2 33591  98.9821   9.6666 0013033 321.1055  38.9178 14.13422509862148
3.0,GENERATED VIA SPACE-TRACK.ORG API,2025-10-31 18:16:26+00:00,18 SPCS,NOAA 19,2009-005A,EARTH,TEME,UTC,SGP4,2025-10-31 14:48:15.300000+00:00,14.13422642,0.00130170,98.9820,10.0218,320.0533,39.9681,0,U,33591,999,86219,0.00007324400000,0.00000092,0.0000000000000,7225.820,101.880,857.091,838.279,PAYLOAD,LARGE,US,2009-02-06,AFWTR,,4865552,301613602,0 NOAA 19,1 33591U 09005A   25304.61684375  .00000092  00000-0  73244-4 0  9994,2 33591  98.9820  10.0218 0013017 320.0533  39.9681 14.13422642862190
3.0,GENERATED VIA SPACE-TRACK.ORG API,2025-10-31 22:56:32+00:00,18 SPCS,NOAA 19,2009-005A,EARTH,TEME,UTC,SGP4,2025-10-31 18:12:07.723008+00:00,14.13422692,0.00130120,98.9820,10.1640,319.6445,40.3761,0,U,33591,999,86221,0.00007552800000,0.00000097,0.0000000000000,7225.820,101.880,857.087,838.283,PAYLOAD,LARGE,US,2009-02-06,AFWTR,,4866424,301635057,0 NOAA 19,1 33591U 09005A   25304.75842272  .00000097  00000-0  75528-4 0  9993,2 33591  98.9820  10.1640 0013012 319.6445  40.3761 14.13422692862214
3.0,GENERATED VIA SPACE-TRACK.ORG API,2025-11-01 19:40:54+00:00,18 SPCS,NOAA 19,2009-005A,EARTH,TEME,UTC,SGP4,2025-11-01 14:35:22.268832+00:00,14.13422734,0.00129938,98.9819,11.0166,317.1031,42.9126,0,U,33591,999,86233,0.00005895546700,0.00000066,0.0000000000000,7225.820,101.880,857.074,838.296,PAYLOAD,LARGE,US,2009-02-06,AFWTR,,4867053,301659906,0 NOAA 19,1 33591U 09005A   25305.60789663  .00000066  00000-0  58955-4 0  9993,2 33591  98.9819  11.0166 0012994 317.1031  42.9126 14.13422734862330
3.0,GENERATED VIA SPACE-TRACK.ORG API,2025-11-02 15:46:21+00:00,18 SPCS,NOAA 19,2009-005A,EARTH,TEME,UTC,SGP4,2025-11-02 10:58:36.801696+00:00,14.13422862,0.00129830,98.9818,11.8693,314.5498,45.4613,0,U,33591,999,86245,0.00005423600000,0.00000057,0.0000000000000,7225.819,101.880,857.066,838.303,PAYLOAD,LARGE,US,2009-02-06,AFWTR,,4867131,301681526,0 NOAA 19,1 33591U 09005A   25306.45737039  .00000057  00000-0  54236-4 0  9995,2 33591  98.9818  11.8693 0012983 314.5498  45.4613 14.13422862862452
3.0,GENERATED VIA SPACE-TRACK.ORG API,2025-11-02 17:34:40+00:00,18 SPCS,NOAA 19,2009-005A,EARTH,TEME,UTC,SGP4,2025-11-02 05:52:48.170208+00:00,14.13422834,0.00129848,98.9818,11.6561,315.1929,44.8193,0,U,33591,999,86242,0.00005591589800,0.00000060,0.0000000000000,7225.819,101.880,857.067,838.302,PAYLOAD,LARGE,US,2009-02-06,AFWTR,,4867744,301706883,0 NOAA 19,1 33591U 09005A   25306.24500197  .00000060  00000-0  55916-4 0  9995,2 33591  98.9818  11.6561 0012985 315.1929  44.8193 14.13422834862424
3.0,GENERATED VIA SPACE-TRACK.ORG API,2025-11-03 23:16:36+00:00,18 SPCS,NOAA 19,2009-005A,EARTH,TEME,UTC,SGP4,2025-11-03 17:33:28.579392+00:00,14.13423286,0.00129530,98.9817,13.1482,310.6703,49.3342,0,U,33591,999,86263,0.00006477400000,0.00000076,0.0000000000000,7225.818,101.880,857.043,838.323,PAYLOAD,LARGE,US,2009-02-06,AFWTR,,4867988,301730295,0 NOAA 19,1 33591U 09005A   25307.73158078  .00000076  00000-0  64774-4 0  9996,2 33591  98.9817  13.1482 0012953 310.6703  49.3342 14.13423286862638
3.0,GENERATED VIA SPACE-TRACK.ORG API,2025-11-04 04:40:24+00:00,18 SPCS,NOAA 19,2009-005A,EARTH,TEME,UTC,SGP4,2025-11-03 22:39:17.207424+00:00,14.13423372,0.00129413,98.9816,13.3614,310.0290,49.9746,0,U,33591,999,86266,0.00006905816800,0.00000085,0.0000000000000,7225.818,101.880,857.034,838.331,PAYLOAD,LARGE,US,2009-02-06,AFWTR,,4868542,301755344,0 NOAA 19,1 33591U 09005A   25307.94394916  .00000085  00000-0  69058-4 0  9992,2 33591  98.9816  13.3614 0012941 310.0290  49.9746 14.13423372862661
3.0,GENERATED VIA SPACE-TRACK.ORG API,2025-11-04 06:36:21+00:00,18 SPCS,NOAA 19,2009-005A,EARTH,TEME,UTC,SGP4,2025-11-04 03:45:05.837184+00:00,14.13423450,0.00129320,98.9816,13.5745,309.3890,50.6136,0,U,33591,999,86269,0.00007025000000,0.00000087,0.0000000000000,7225.817,101.880,857.027,838.338,PAYLOAD,LARGE,US,2009-02-06,AFWTR,,4868572,301775844,0 NOAA 19,1 33591U 09005A   25308.15631756  .00000087  00000-0  70250-4 0  9990,2 33591  98.9816  13.5745 0012932 309.3890  50.6136 14.13423450862697
3.0,GENERATED VIA SPACE-TRACK.ORG API,2025-11-04 10:21:18+00:00,18 SPCS,NOAA 19,2009-005A,EARTH,TEME,UTC,SGP4,2025-11-04 05:27:02.046528+00:00,14.13423473,0.00129272,98.9816,13.6456,309.1740,50.8283,0,U,33591,999,86270,0.00007191608600,0.00000090,0.0000000000000,7225.817,101.880,857.023,838.341,PAYLOAD,LARGE,US,2009-02-06,AFWTR,,4869260,301802978,0 NOAA 19,1 33591U 09005A   25308.22710702  .00000090  00000-0  71916-4 0  9991,2 33591  98.9816  13.6456 0012927 309.1740  50.8283 14.13423473862705
3.0,GENERATED VIA SPACE-TRACK.ORG API,2025-11-04 14:26:20+00:00,18 SPCS,NOAA 19,2009-005A,EARTH,TEME,UTC,SGP4,2025-11-04 10:32:50.675424+00:00,14.13423529,0.00129240,98.9816,13.8587,308.5443,51.4570,0,U,33591,999,86273,0.00007241000000,0.00000091,0.0000000000000,7225.817,101.880,857.021,838.343,PAYLOAD,LARGE,US,2009-02-06,AFWTR,,4869304,301824856,0 NOAA 19,1 33591U 09005A   25308.43947541  .00000091  00000-0  72410-4 0  9998,2 33591  98.9816  13.8587 0012924 308.5443  51.4570 14.13423529862733
3.0,GENERATED VIA SPACE-TRACK.ORG API,2025-11-04 17:59:26+00:00,18 SPCS,NOAA 19,2009-005A,EARTH,TEME,UTC,SGP4,2025-11-04 13:56:43.094112+00:00,14.13423551,0.00129202,98.9816,14.0008,308.1062,51.8944,0,U,33591,999,86275,0.00006691491500,0.00000081,0.0000000000000,7225.817,101.880,857.018,838.346,PAYLOAD,LARGE,US,2009-02-06,AFWTR,,4870015,301850786,0 NOAA 19,1 33591U 09005A   25308.58105433  .00000081  00000-0  66915-4 0  9992,2 33591  98.9816  14.0008 0012920 308.1062  51.8944 14.13423551862759
3.0,GENERATED VIA SPACE-TRACK.ORG API,2025-11-04 23:46:17+00:00,18 SPCS,NOAA 19,2009-005A,EARTH,TEME,UTC,SGP4,2025-11-04 19:02:31.723008+00:00,14.13423565,0.00129100,98.9815,14.2140,307.4743,52.5254,0,U,33591,999,86278,0.00005973800000,0.00000067,0.0000000000000,7225.817,101.880,857.010,838.353,PAYLOAD,LARGE,US,2009-02-06,AFWTR,,4870202,301872326,0 NOAA 19,1 33591U 09005A   25308.79342272  .00000067  00000-0  59738-4 0  9998,2 33591  98.9815  14.2140 0012910 307.4743  52.5254 14.13423565862784
3.0,GENERATED VIA SPACE-TRACK.ORG API,2025-11-05 05:50:25+00:00,18 SPCS,NOAA 19,2009-005A,EARTH,TEME,UTC,SGP4,2025-11-04 22:26:24.141696+00:00,14.13423558,0.00129070,98.9815,14.3560,307.0278,52.9713,0,U,33591,999,86280,0.00005361302000,0.00000056,0.0000000000000,7225.817,101.880,857.008,838.356,PAYLOAD,LARGE,US,2009-02-06,AFWTR,,4870920,301901197,0 NOAA 19,1 33591U 09005A   25308.93500164  .00000056  00000-0  53613-4 0  9994,2 33591  98.9815  14.3560 0012907 307.0278  52.9713 14.13423558862805
3.0,GENERATED VIA SPACE-TRACK.ORG API,2025-11-05 10:12:47+00:00,18 SPCS,NOAA 19,2009-005A,EARTH,TEME,UTC,SGP4,2025-11-05 05:14:08.977344+00:00,14.13423706,0.00129038,98.9815,14.6402,306.1707,53.8270,0,U,33591,999,86284,0.00005983822100,0.00000067,0.0000000000000,7225.816,101.880,857.006,838.357,PAYLOAD,LARGE,US,2009-02-06,AFWTR,,4870965,301932458,0 NOAA 19,1 33591U 09005A   25309.21815946  .00000067  00000-0  59838-4 0  9990,2 33591  98.9815  14.6402 0012904 306.1707  53.8270 14.13423706862844
3.0,GENERATED VIA SPACE-TRACK.ORG API,2025-11-06 03:23:02+00:00,18 SPCS,NOAA 19,2009-005A,EARTH,TEME,UTC,SGP4,2025-11-05 22:13:31.057824+00:00,14.13423975,0.00128725,98.9813,15.3507,304.0411,55.9538,0,U,33591,999,86294,0.00006819731200,0.00000083,0.0000000000000,7225.816,101.880,856.982,838.379,PAYLOAD,LARGE,US,2009-02-06,AFWTR,,4871155,301962992,0 NOAA 19,1 33591U 09005A   25309.92605391  .00000083  00000-0  68197-4 0  9995,2 33591  98.9813  15.3507 0012873 304.0411  55.9538 14.13423975862949
3.0,GENERATED VIA SPACE-TRACK.ORG API,2025-11-06 10:42:34+00:00,18 SPCS,NOAA 19,2009-005A,EARTH,TEME,UTC,SGP4,2025-11-06 06:43:12.091584+00:00,14.13424177,0.00128690,98.9813,15.7059,302.9631,57.0303,0,U,33591,999,86299,0.00007691802600,0.00000099,0.0000000000000,7225.815,101.880,856.979,838.381,PAYLOAD,LARGE,US,2009-02-06,AFWTR,,4871231,301994752,0 NOAA 19,1 33591U 09005A   25310.28000106  .00000099  00000-0  76918-4 0  9996,2 33591  98.9813  15.7059 0012869 302.9631  57.0303 14.13424177862994
3.0,GENERATED VIA SPACE-TRACK.ORG API,2025-11-06 22:06:19+00:00,18 SPCS,NOAA 19,2009-005A,EARTH,TEME,UTC,SGP4,2025-11-06 16:54:49.332096+00:00,14.13424350,0.00128580,98.9812,16.1322,301.6837,58.3080,0,U,33591,999,86305,0.00008186100000,0.00000109,0.0000000000000,7225.814,101.880,856.970,838.388,PAYLOAD,LARGE,US,2009-02-06,AFWTR,,4871363,302016876,0 NOAA 19,1 33591U 09005A   25310.70473764  .00000109  00000-0  81861-4 0  9992,2 33591  98.9812  16.1322 0012858 301.6837  58.3080 14.13424350863050
3.0,GENERATED VIA SPACE-TRACK.ORG API,2025-11-07 00:06:21+00:00,18 SPCS,NOAA 19,2009-005A,EARTH,TEME,UTC,SGP4,2025-11-06 18:36:45.537984+00:00,14.13424371,0.00128550,98.9812,16.2032,301.4744,58.5171,0,U,33591,999,86306,0.00008272600000,0.00000110,0.0000000000000,7225.814,101.880,856.968,838.390,PAYLOAD,LARGE,US,2009-02-06,AFWTR,,4873111,302060300,0 NOAA 19,1 33591U 09005A   25310.77552706  .00000110  00000-0  82726-4 0  9996,2 33591  98.9812  16.2032 0012855 301.4744  58.5171 14.13424371863068
3.0,GENERATED VIA SPACE-TRACK.ORG API,2025-11-07 02:17:17+00:00,18 SPCS,NOAA 19,2009-005A,EARTH,TEME,UTC,SGP4,2025-11-06 22:00:37.953216+00:00,14.13424333,0.00128537,98.9812,16.3453,301.0452,58.9457,0,U,33591,999,86308,0.00007820124000,0.00000102,0.0000000000000,7225.814,101.880,856.967,838.391,PAYLOAD,LARGE,US,2009-02-06,AFWTR,,4873258,302074315,0 NOAA 19,1 33591U 09005A   25310.91710594  .00000102  00000-0  78201-4 0  9997,2 33591  98.9812  16.3453 0012854 301.0452  58.9457 14.13424333863088
3.0,GENERATED VIA SPACE-TRACK.ORG API,2025-11-07 07:36:35+00:00,18 SPCS,NOAA 19,2009-005A,EARTH,TEME,UTC,SGP4,2025-11-07 03:06:26.572608+00:00,14.13424405,0.00128480,98.9811,16.5585,300.4046,59.5856,0,U,33591,999,86311,0.00007886100000,0.00000103,0.0000000000000,7225.814,101.880,856.963,838.395,PAYLOAD,LARGE,US,2009-02-06,AFWTR,,4873355,302095088,0 NOAA 19,1 33591U 09005A   25311.12947422  .00000103  00000-0  78861-4 0  9996,2 33591  98.9811  16.5585 0012848 300.4046  59.5856 14.13424405863114
3.0,GENERATED VIA SPACE-TRACK.ORG API,2025-11-07 10:50:38+00:00,18 SPCS,NOAA 19,2009-005A,EARTH,TEME,UTC,SGP4,2025-11-07 04:48:22.775040+00:00,14.13424564,0.00128496,98.9811,16.6295,300.1874,59.8025,0,U,33591,999,86312,0.00009141830200,0.00000127,0.0000000000000,7225.814,101.880,856.963,838.394,PAYLOAD,LARGE,US,2009-02-06,AFWTR,,4873888,302118911,0 NOAA 19,1 33591U 09005A   25311.20026360  .00000127  00000-0  91418-4 0  9993,2 33591  98.9811  16.6295 0012850 300.1874  59.8025 14.13424564863120
3.0,GENERATED VIA SPACE-TRACK.ORG API,2025-11-07 22:26:22+00:00,18 SPCS,NOAA 19,2009-005A,EARTH,TEME,UTC,SGP4,2025-11-07 18:23:52.417824+00:00,14.13424753,0.00128320,98.9811,17.1979,298.4754,61.5124,0,U,33591,999,86320,0.00009425800000,0.00000132,0.0000000000000,7225.813,101.880,856.950,838.406,PAYLOAD,LARGE,US,2009-02-06,AFWTR,,4873949,302140984,0 NOAA 19,1 33591U 09005A   25311.76657891  .00000132  00000-0  94258-4 0  9994,2 33591  98.9811  17.1979 0012832 298.4754  61.5124 14.13424753863200
3.0,GENERATED VIA SPACE-TRACK.ORG API,2025-11-08 07:16:39+00:00,18 SPCS,NOAA 19,2009-005A,EARTH,TEME,UTC,SGP4,2025-11-08 04:35:29.652288+00:00,14.13424826,0.00128220,98.9810,17.6242,297.1873,62.7992,0,U,33591,999,86326,0.00008865800000,0.00000121,0.0000000000000,7225.813,101.880,856.943,838.413,PAYLOAD,LARGE,US,2009-02-06,AFWTR,,4874965,302165956,0 NOAA 19,1 33591U 09005A   25312.19131542  .00000121  00000-0  88658-4 0  9997,2 33591  98.9810  17.6242 0012822 297.1873  62.7992 14.13424826863267
3.0,GENERATED VIA SPACE-TRACK.ORG API,2025-11-08 14:56:50+00:00,18 SPCS,NOAA 19,2009-005A,EARTH,TEME,UTC,SGP4,2025-11-08 11:23:14.473248+00:00,14.13424875,0.00128190,98.9810,17.9085,296.3286,63.6569,0,U,33591,999,86330,0.00008639400000,0.00000117,0.0000000000000,7225.812,101.880,856.940,838.415,PAYLOAD,LARGE,US,2009-02-06,AFWTR,,4875694,302183897,0 NOAA 19,1 33591U 09005A   25312.47447307  .00000117  00000-0  86394-4 0  9997,2 33591  98.9810  17.9085 0012819 296.3286  63.6569 14.13424875863309
3.0,GENERATED VIA SPACE-TRACK.ORG API,2025-11-08 17:28:43+00:00,18 SPCS,NOAA 19,2009-005A,EARTH,TEME,UTC,SGP4,2025-11-08 06:17:25.856448+00:00,14.13424872,0.00128202,98.9810,17.6953,296.9720,63.0142,0,U,33591,999,86327,0.00009142857000,0.00000127,0.0000000000000,7225.813,101.880,856.941,838.414,PAYLOAD,LARGE,US,2009-02-06,AFWTR,,4876325,302210683,0 NOAA 19,1 33591U 09005A   25312.26210482  .00000127  00000-0  91429-4 0  9992,2 33591  98.9810  17.6953 0012820 296.9720  63.0142 14.13424872863275
3.0,GENERATED VIA SPACE-TRACK.ORG API,2025-11-08 22:56:30+00:00,18 SPCS,NOAA 19,2009-005A,EARTH,TEME,UTC,SGP4,2025-11-08 18:10:59.288160+00:00,14.13424994,0.00128070,98.9809,18.1926,295.4646,64.5201,0,U,33591,999,86334,0.00008684500000,0.00000118,0.0000000000000,7225.812,101.880,856.931,838.423,PAYLOAD,LARGE,US,2009-02-06,AFWTR,,4876363,302231828,0 NOAA 19,1 33591U 09005A   25312.75763065  .00000118  00000-0  86845-4 0  9992,2 33591  98.9809  18.1926 0012807 295.4646  64.5201 14.13424994863340
3.0,GENERATED VIA SPACE-TRACK.ORG API,2025-11-11 04:56:40+00:00,18 SPCS,NOAA 19,2009-005A,EARTH,TEME,UTC,SGP4,2025-11-10 21:09:05.396544+00:00,14.13425582,0.00127966,98.9806,20.3240,289.0123,70.9663,0,U,33591,999,86364,0.00008248361500,0.00000110,0.0000000000000,7225.810,101.880,856.922,838.429,PAYLOAD,LARGE,US,2009-02-06,AFWTR,,4877201,302258887,0 NOAA 19,1 33591U 09005A   25314.88131246  .00000110  00000-0  82484-4 0  9995,2 33591  98.9806  20.3240 0012797 289.0123  70.9663 14.13425582863648
3.0,GENERATED VIA SPACE-TRACK.ORG API,2025-11-11 13:10:28+00:00,18 SPCS,NOAA 19,2009-005A,EARTH,TEME,UTC,SGP4,2025-11-11 05:38:46.407840+00:00,14.13425829,0.00127979,98.9806,20.6793,287.9197,72.0579,0,U,33591,999,86369,0.00009316175500,0.00000130,0.0000000000000,7225.809,101.880,856.922,838.427,PAYLOAD,LARGE,US,2009-02-06,AFWTR,,4877249,302290227,0 NOAA 19,1 33591U 09005A   25315.23525935  .00000130  00000-0  93162-4 0  9994,2 33591  98.9806  20.6793 0012798 287.9197  72.0579 14.13425829863691
3.0,GENERATED VIA SPACE-TRACK.ORG API,2025-11-12 10:14:37+00:00,18 SPCS,NOAA 19,2009-005A,EARTH,TEME,UTC,SGP4,2025-11-12 05:25:53.218560+00:00,14.13426352,0.00128040,98.9805,21.6739,284.9069,75.0685,0,U,33591,999,86383,0.00009997025800,0.00000143,0.0000000000000,7225.807,101.880,856.924,838.421,PAYLOAD,LARGE,US,2009-02-06,AFWTR,,4877521,302321240,0 NOAA 19,1 33591U 09005A   25316.22631040  .00000143  00000-0  99970-4 0  9996,2 33591  98.9805  21.6739 0012804 284.9069  75.0685 14.13426352863833
3.0,GENERATED VIA SPACE-TRACK.ORG API,2025-11-13 02:12:46+00:00,18 SPCS,NOAA 19,2009-005A,EARTH,TEME,UTC,SGP4,2025-11-12 22:25:15.194496+00:00,14.13426925,0.00127875,98.9804,22.3843,282.7293,77.2449,0,U,33591,999,86393,0.00012525722000,0.00000190,0.0000000000000,7225.806,101.880,856.911,838.431,PAYLOAD,LARGE,US,2009-02-06,AFWTR,,4878500,302367131,0 NOAA 19,1 33591U 09005A   25316.93420364  .00000190  00000-0  12526-3 0  9992,2 33591  98.9804  22.3843 0012788 282.7293  77.2449 14.13426925863931
3.0,GENERATED VIA SPACE-TRACK.ORG API,2025-11-13 06:36:35+00:00,18 SPCS,NOAA 19,2009-005A,EARTH,TEME,UTC,SGP4,2025-11-13 03:31:03.788832+00:00,14.13427020,0.00127860,98.9804,22.5974,282.0793,77.8946,0,U,33591,999,86396,0.00012277000000,0.00000186,0.0000000000000,7225.805,101.880,856.909,838.431,PAYLOAD,LARGE,US,2009-02-06,AFWTR,,4878529,302388549,0 NOAA 19,1 33591U 09005A   25317.14657163  .00000186  00000-0  12277-3 0  9993,2 33591  98.9804  22.5974 0012786 282.0793  77.8946 14.13427020863962
3.0,GENERATED VIA SPACE-TRACK.ORG API,2025-11-13 10:40:24+00:00,18 SPCS,NOAA 19,2009-005A,EARTH,TEME,UTC,SGP4,2025-11-13 05:12:59.978304+00:00,14.13427124,0.00127861,98.9804,22.6685,281.8624,78.1114,0,U,33591,999,86397,0.00012704095000,0.00000194,0.0000000000000,7225.805,101.880,856.909,838.431,PAYLOAD,LARGE,US,2009-02-06,AFWTR,,4879227,302416143,0 NOAA 19,1 33591U 09005A   25317.21736086  .00000194  00000-0  12704-3 0  9997,2 33591  98.9804  22.6685 0012786 281.8624  78.1114 14.13427124863979
3.0,GENERATED VIA SPACE-TRACK.ORG API,2025-11-13 17:29:16+00:00,18 SPCS,NOAA 19,2009-005A,EARTH,TEME,UTC,SGP4,2025-11-13 13:42:40.961088+00:00,14.13427354,0.00127856,98.9804,23.0237,280.7902,79.1830,0,U,33591,999,86402,0.00013057248000,0.00000200,0.0000000000000,7225.804,101.880,856.908,838.430,PAYLOAD,LARGE,US,2009-02-06,AFWTR,,4879347,302447477,0 NOAA 19,1 33591U 09005A   25317.57130742  .00000200  00000-0  13057-3 0  9993,2 33591  98.9804  23.0237 0012786 280.7902  79.1830 14.13427354864022
3.0,GENERATED VIA SPACE-TRACK.ORG API,2025-11-13 20:46:21+00:00,18 SPCS,NOAA 19,2009-005A,EARTH,TEME,UTC,SGP4,2025-11-13 15:24:37.155744+00:00,14.13427395,0.00127850,98.9804,23.0947,280.5753,79.3979,0,U,33591,999,86403,0.00012980000000,0.00000199,0.0000000000000,7225.804,101.880,856.907,838.431,PAYLOAD,LARGE,US,2009-02-06,AFWTR,,4879396,302468989,0 NOAA 19,1 33591U 09005A   25317.64209671  .00000199  00000-0  12980-3 0  9990,2 33591  98.9804  23.0947 0012785 280.5753  79.3979 14.13427395864033
3.0,GENERATED VIA SPACE-TRACK.ORG API,2025-11-13 22:16:37+00:00,18 SPCS,NOAA 19,2009-005A,EARTH,TEME,UTC,SGP4,2025-11-13 18:48:29.549376+00:00,14.13427459,0.00127840,98.9804,23.2368,280.1538,79.8192,0,U,33591,999,86405,0.00012978000000,0.00000199,0.0000000000000,7225.804,101.880,856.906,838.431,PAYLOAD,LARGE,US,2009-02-06,AFWTR,,4880085,302486290,0 NOAA 19,1 33591U 09005A   25317.78367534  .00000199  00000-0  12978-3 0  9995,2 33591  98.9804  23.2368 0012784 280.1538  79.8192 14.13427459864053
3.0,GENERATED VIA SPACE-TRACK.ORG API,2025-11-14 05:14:30+00:00,18 SPCS,NOAA 19,2009-005A,EARTH,TEME,UTC,SGP4,2025-11-13 22:12:21.940416+00:00,14.13427577,0.00127811,98.9804,23.3789,279.7194,80.2534,0,U,33591,999,86407,0.00013480651000,0.00000208,0.0000000000000,7225.803,101.880,856.904,838.433,PAYLOAD,LARGE,US,2009-02-06,AFWTR,,4880457,302505777,0 NOAA 19,1 33591U 09005A   25317.92525394  .00000208  00000-0  13481-3 0  9992,2 33591  98.9804  23.3789 0012781 279.7194  80.2534 14.13427577864079
3.0,GENERATED VIA SPACE-TRACK.ORG API,2025-11-14 10:08:26+00:00,18 SPCS,NOAA 19,2009-005A,EARTH,TEME,UTC,SGP4,2025-11-14 06:42:02.934432+00:00,14.13427492,0.00127779,98.9804,23.7341,278.6340,81.3384,0,U,33591,999,86412,0.00011241119000,0.00000166,0.0000000000000,7225.804,101.880,856.902,838.436,PAYLOAD,LARGE,US,2009-02-06,AFWTR,,4880535,302538000,0 NOAA 19,1 33591U 09005A   25318.27920063  .00000166  00000-0  11241-3 0  9998,2 33591  98.9804  23.7341 0012778 278.6340  81.3384 14.13427492864121
3.0,GENERATED VIA SPACE-TRACK.ORG API,2025-11-14 20:56:20+00:00,18 SPCS,NOAA 19,2009-005A,EARTH,TEME,UTC,SGP4,2025-11-14 16:53:40.108416+00:00,14.13427661,0.00127660,98.9804,24.1603,277.3235,82.6485,0,U,33591,999,86418,0.00010955000000,0.00000161,0.0000000000000,7225.803,101.880,856.892,838.444,PAYLOAD,LARGE,US,2009-02-06,AFWTR,,4880688,302561223,0 NOAA 19,1 33591U 09005A   25318.70393644  .00000161  00000-0  10955-3 0  9991,2 33591  98.9804  24.1603 0012766 277.3235  82.6485 14.13427661864183
3.0,GENERATED VIA SPACE-TRACK.ORG API,2025-11-15 00:06:39+00:00,18 SPCS,NOAA 19,2009-005A,EARTH,TEME,UTC,SGP4,2025-11-14 18:35:36.303936+00:00,14.13427676,0.00127630,98.9804,24.2314,277.1097,82.8624,0,U,33591,999,86419,0.00010797000000,0.00000158,0.0000000000000,7225.803,101.880,856.890,838.446,PAYLOAD,LARGE,US,2009-02-06,AFWTR,,4881787,302588714,0 NOAA 19,1 33591U 09005A   25318.77472574  .00000158  00000-0  10797-3 0  9998,2 33591  98.9804  24.2314 0012763 277.1097  82.8624 14.13427676864198
3.0,GENERATED VIA SPACE-TRACK.ORG API,2025-11-15 14:56:41+00:00,18 SPCS,NOAA 19,2009-005A,EARTH,TEME,UTC,SGP4,2025-11-15 09:53:02.066208+00:00,14.13427922,0.00127570,98.9803,24.8708,275.1604,84.8112,0,U,33591,999,86428,0.00010615000000,0.00000154,0.0000000000000,7225.802,101.880,856.885,838.449,PAYLOAD,LARGE,US,2009-02-06,AFWTR,,4881905,302590787,0 NOAA 19,1 33591U 09005A   25319.41182947  .00000154  00000-0  10615-3 0  9997,2 33591  98.9803  24.8708 0012757 275.1604  84.8112 14.13427922864283
3.0,GENERATED VIA SPACE-TRACK.ORG API,2025-11-15 22:26:18+00:00,18 SPCS,NOAA 19,2009-005A,EARTH,TEME,UTC,SGP4,2025-11-15 18:22:43.036896+00:00,14.13428052,0.00127560,98.9803,25.2260,274.0909,85.8805,0,U,33591,999,86433,0.00010238000000,0.00000147,0.0000000000000,7225.802,101.880,856.884,838.449,PAYLOAD,LARGE,US,2009-02-06,AFWTR,,4882625,302608144,0 NOAA 19,1 33591U 09005A   25319.76577589  .00000147  00000-0  10238-3 0  9998,2 33591  98.9803  25.2260 0012756 274.0909  85.8805 14.13428052864337
3.0,GENERATED VIA SPACE-TRACK.ORG API,2025-11-16 20:06:42+00:00,18 SPCS,NOAA 19,2009-005A,EARTH,TEME,UTC,SGP4,2025-11-16 11:22:04.968768+00:00,14.13428343,0.00127620,98.9803,25.9365,271.9537,88.0173,0,U,33591,999,86443,0.00010556000000,0.00000153,0.0000000000000,7225.801,101.880,856.887,838.444,PAYLOAD,LARGE,US,2009-02-06,AFWTR,,4883340,302625921,0 NOAA 19,1 33591U 09005A   25320.47366862  .00000153  00000-0  10556-3 0  9998,2 33591  98.9803  25.9365 0012762 271.9537  88.0173 14.13428343864437
3.0,GENERATED VIA SPACE-TRACK.ORG API,2025-11-16 23:15:52+00:00,18 SPCS,NOAA 19,2009-005A,EARTH,TEME,UTC,SGP4,2025-11-16 04:34:20.199648+00:00,14.13428153,0.00127611,98.9803,25.6523,272.7954,87.1758,0,U,33591,999,86439,0.00009590236800,0.00000135,0.0000000000000,7225.801,101.880,856.887,838.445,PAYLOAD,LARGE,US,2009-02-06,AFWTR,,4883990,302651697,0 NOAA 19,1 33591U 09005A   25320.19051157  .00000135  00000-0  95902-4 0  9994,2 33591  98.9803  25.6523 0012761 272.7954  87.1758 14.13428153864394
3.0,GENERATED VIA SPACE-TRACK.ORG API,2025-11-16 23:17:45+00:00,18 SPCS,NOAA 19,2009-005A,EARTH,TEME,UTC,SGP4,2025-11-16 18:09:49.741344+00:00,14.13428472,0.00127540,98.9802,26.2206,271.0803,88.8908,0,U,33591,999,86447,0.00010791000000,0.00000158,0.0000000000000,7225.800,101.880,856.881,838.449,PAYLOAD,LARGE,US,2009-02-06,AFWTR,,4884019,302652890,0 NOAA 19,1 33591U 09005A   25320.75682571  .00000158  00000-0  10791-3 0  9993,2 33591  98.9802  26.2206 0012754 271.0803  88.8908 14.13428472864473
3.0,GENERATED VIA SPACE-TRACK.ORG API,2025-11-16 23:40:28+00:00,18 SPCS,NOAA 19,2009-005A,EARTH,TEME,UTC,SGP4,2025-11-16 14:45:57.357216+00:00,14.13428385,0.00127644,98.9802,26.0785,271.5187,88.4523,0,U,33591,999,86445,0.00010377015000,0.00000150,0.0000000000000,7225.801,101.880,856.889,838.442,PAYLOAD,LARGE,US,2009-02-06,AFWTR,,4884571,302698360,0 NOAA 19,1 33591U 09005A   25320.61524719  .00000150  00000-0  10377-3 0  9999,2 33591  98.9802  26.0785 0012764 271.5187  88.4523 14.13428385864454
3.0,GENERATED VIA SPACE-TRACK.ORG API,2025-11-17 15:16:18+00:00,18 SPCS,NOAA 19,2009-005A,EARTH,TEME,UTC,SGP4,2025-11-17 11:09:11.668032+00:00,14.13428630,0.00127650,98.9801,26.9311,268.9323,91.0387,0,U,33591,999,86457,0.00009280800000,0.00000129,0.0000000000000,7225.800,101.880,856.888,838.441,PAYLOAD,LARGE,US,2009-02-06,AFWTR,,4884656,302719086,0 NOAA 19,1 33591U 09005A   25321.46471838  .00000129  00000-0  92808-4 0  9992,2 33591  98.9801  26.9311 0012765 268.9323  91.0387 14.13428630864574
3.0,GENERATED VIA SPACE-TRACK.ORG API,2025-11-17 17:28:55+00:00,18 SPCS,NOAA 19,2009-005A,EARTH,TEME,UTC,SGP4,2025-11-17 06:03:23.090112+00:00,14.13428604,0.00127620,98.9802,26.7179,269.5665,90.4045,0,U,33591,999,86454,0.00009970186200,0.00000142,0.0000000000000,7225.800,101.880,856.886,838.443,PAYLOAD,LARGE,US,2009-02-06,AFWTR,,4885416,302747083,0 NOAA 19,1 33591U 09005A   25321.25235058  .00000142  00000-0  99702-4 0  9996,2 33591  98.9802  26.7179 0012762 269.5665  90.4045 14.13428604864540
3.0,GENERATED VIA SPACE-TRACK.ORG API,2025-11-17 22:56:20+00:00,18 SPCS,NOAA 19,2009-005A,EARTH,TEME,UTC,SGP4,2025-11-17 19:38:52.630944+00:00,14.13428670,0.00127720,98.9801,27.2863,267.8698,92.1012,0,U,33591,999,86462,0.00008367100000,0.00000112,0.0000000000000,7225.800,101.880,856.893,838.436,PAYLOAD,LARGE,US,2009-02-06,AFWTR,,4885608,302768549,0 NOAA 19,1 33591U 09005A   25321.81866471  .00000112  00000-0  83671-4 0  9992,2 33591  98.9801  27.2863 0012772 267.8698  92.1012 14.13428670864628
3.0,GENERATED VIA SPACE-TRACK.ORG API,2025-11-18 03:17:42+00:00,18 SPCS,NOAA 19,2009-005A,EARTH,TEME,UTC,SGP4,2025-11-17 14:33:04.053888+00:00,14.13428634,0.00127684,98.9801,27.0731,268.5045,91.4664,0,U,33591,999,86459,0.00008710643500,0.00000119,0.0000000000000,7225.800,101.880,856.891,838.438,PAYLOAD,LARGE,US,2009-02-06,AFWTR,,4886369,302796752,0 NOAA 19,1 33591U 09005A   25321.60629692  .00000119  00000-0  87106-4 0  9995,2 33591  98.9801  27.0731 0012768 268.5045  91.4664 14.13428634864590
3.0,GENERATED VIA SPACE-TRACK.ORG API,2025-11-18 06:36:19+00:00,18 SPCS,NOAA 19,2009-005A,EARTH,TEME,UTC,SGP4,2025-11-18 04:08:33.592128+00:00,14.13428730,0.00127800,98.9800,27.6415,266.7934,93.1776,0,U,33591,999,86467,0.00007618300000,0.00000098,0.0000000000000,7225.799,101.880,856.899,838.430,PAYLOAD,LARGE,US,2009-02-06,AFWTR,,4886419,302850109,0 NOAA 19,1 33591U 09005A   25322.17261102  .00000098  00000-0  76183-4 0  9995,2 33591  98.9800  27.6415 0012780 266.7934  93.1776 14.13428730864674
3.0,GENERATED VIA SPACE-TRACK.ORG API,2025-11-18 14:26:18+00:00,18 SPCS,NOAA 19,2009-005A,EARTH,TEME,UTC,SGP4,2025-11-18 09:14:22.165728+00:00,14.13428792,0.00127840,98.9800,27.8546,266.1665,93.8045,0,U,33591,999,86470,0.00007280900000,0.00000092,0.0000000000000,7225.799,101.880,856.902,838.427,PAYLOAD,LARGE,US,2009-02-06,AFWTR,,4887394,302866263,0 NOAA 19,1 33591U 09005A   25322.38497877  .00000092  00000-0  72809-4 0  9993,2 33591  98.9800  27.8546 0012784 266.1665  93.8045 14.13428792864708
3.0,GENERATED VIA SPACE-TRACK.ORG API,2025-11-18 23:06:33+00:00,18 SPCS,NOAA 19,2009-005A,EARTH,TEME,UTC,SGP4,2025-11-18 19:25:59.318112+00:00,14.13428899,0.00127860,98.9799,28.2808,264.8666,95.1047,0,U,33591,999,86476,0.00006710100000,0.00000081,0.0000000000000,7225.799,101.880,856.903,838.425,PAYLOAD,LARGE,US,2009-02-06,AFWTR,,4888302,302910600,0 NOAA 19,1 33591U 09005A   25322.80971433  .00000081  00000-0  67101-4 0  9992,2 33591  98.9799  28.2808 0012786 264.8666  95.1047 14.13428899864760
3.0,GENERATED VIA SPACE-TRACK.ORG API,2025-11-19 03:20:49+00:00,18 SPCS,NOAA 19,2009-005A,EARTH,TEME,UTC,SGP4,2025-11-18 21:07:55.511040+00:00,14.13428871,0.00127855,98.9799,28.3518,264.6461,95.3253,0,U,33591,999,86477,0.00006260170400,0.00000072,0.0000000000000,7225.799,101.880,856.902,838.425,PAYLOAD,LARGE,US,2009-02-06,AFWTR,,4888721,302937451,0 NOAA 19,1 33591U 09005A   25322.88050360  .00000072  00000-0  62602-4 0  9998,2 33591  98.9799  28.3518 0012785 264.6461  95.3253 14.13428871864771
3.0,GENERATED VIA SPACE-TRACK.ORG API,2025-11-19 10:06:41+00:00,18 SPCS,NOAA 19,2009-005A,EARTH,TEME,UTC,SGP4,2025-11-19 05:37:36.467904+00:00,14.13429036,0.00127998,98.9799,28.7070,263.5932,96.3783,0,U,33591,999,86482,0.00006788885800,0.00000082,0.0000000000000,7225.798,101.880,856.912,838.414,PAYLOAD,LARGE,US,2009-02-06,AFWTR,,4888758,302968889,0 NOAA 19,1 33591U 09005A   25323.23444986  .00000082  00000-0  67889-4 0  9992,2 33591  98.9799  28.7070 0012800 263.5932  96.3783 14.13429036864826
3.0,GENERATED VIA SPACE-TRACK.ORG API,2025-11-19 17:40:52+00:00,18 SPCS,NOAA 19,2009-005A,EARTH,TEME,UTC,SGP4,2025-11-19 14:07:17.425632+00:00,14.13429108,0.00128088,98.9798,29.0622,262.5509,97.4207,0,U,33591,999,86487,0.00006241524400,0.00000072,0.0000000000000,7225.798,101.880,856.918,838.408,PAYLOAD,LARGE,US,2009-02-06,AFWTR,,4888916,303001688,0 NOAA 19,1 33591U 09005A   25323.58839613  .00000072  00000-0  62415-4 0  9994,2 33591  98.9798  29.0622 0012809 262.5509  97.4207 14.13429108864878
3.0,GENERATED VIA SPACE-TRACK.ORG API,2025-11-19 22:26:20+00:00,18 SPCS,NOAA 19,2009-005A,EARTH,TEME,UTC,SGP4,2025-11-19 19:13:06.000096+00:00,14.13429176,0.00128050,98.9798,29.2753,261.8786,98.0933,0,U,33591,999,86490,0.00006468900000,0.00000076,0.0000000000000,7225.798,101.880,856.915,838.410,PAYLOAD,LARGE,US,2009-02-06,AFWTR,,4889032,303022583,0 NOAA 19,1 33591U 09005A   25323.80076389  .00000076  00000-0  64689-4 0  9991,2 33591  98.9798  29.2753 0012805 261.8786  98.0933 14.13429176864902
3.0,GENERATED VIA SPACE-TRACK.ORG API,2025-11-20 02:25:01+00:00,18 SPCS,NOAA 19,2009-005A,EARTH,TEME,UTC,SGP4,2025-11-19 22:36:58.380768+00:00,14.13429200,0.00128100,98.9797,29.4174,261.4396,98.5324,0,U,33591,999,86492,0.00006337678600,0.00000074,0.0000000000000,7225.798,101.880,856.919,838.407,PAYLOAD,LARGE,US,2009-02-06,AFWTR,,4889683,303048832,0 NOAA 19,1 33591U 09005A   25323.94234237  .00000074  00000-0  63377-4 0  9995,2 33591  98.9797  29.4174 0012810 261.4396  98.5324 14.13429200864928
3.0,GENERATED VIA SPACE-TRACK.ORG API,2025-11-20 11:24:48+00:00,18 SPCS,NOAA 19,2009-005A,EARTH,TEME,UTC,SGP4,2025-11-20 05:24:43.144704+00:00,14.13429332,0.00128176,98.9797,29.7016,260.5845,99.3878,0,U,33591,999,86496,0.00006647041500,0.00000080,0.0000000000000,7225.797,101.880,856.924,838.401,PAYLOAD,LARGE,US,2009-02-06,AFWTR,,4889748,303081239,0 NOAA 19,1 33591U 09005A   25324.22549936  .00000080  00000-0  66470-4 0  9996,2 33591  98.9797  29.7016 0012818 260.5845  99.3878 14.13429332864966
3.0,GENERATED VIA SPACE-TRACK.ORG API,2025-11-20 20:36:19+00:00,18 SPCS,NOAA 19,2009-005A,EARTH,TEME,UTC,SGP4,2025-11-20 15:36:20.287584+00:00,14.13429481,0.00128200,98.9796,30.1278,259.2796,100.6933,0,U,33591,999,86502,0.00006637500000,0.00000080,0.0000000000000,7225.797,101.880,856.925,838.398,PAYLOAD,LARGE,US,2009-02-06,AFWTR,,4889855,303102923,0 NOAA 19,1 33591U 09005A   25324.65023481  .00000080  00000-0  66375-4 0  9999,2 33591  98.9796  30.1278 0012820 259.2796 100.6933 14.13429481865025
3.0,GENERATED VIA SPACE-TRACK.ORG API,2025-11-20 22:56:17+00:00,18 SPCS,NOAA 19,2009-005A,EARTH,TEME,UTC,SGP4,2025-11-20 17:18:16.478784+00:00,14.13429485,0.00128210,98.9796,30.1988,259.0623,100.9107,0,U,33591,999,86503,0.00006383100000,0.00000075,0.0000000000000,7225.797,101.880,856.926,838.398,PAYLOAD,LARGE,US,2009-02-06,AFWTR,,4890694,303121930,0 NOAA 19,1 33591U 09005A   25324.72102406  .00000075  00000-0  63831-4 0  9990,2 33591  98.9796  30.1988 0012821 259.0623 100.9107 14.13429485865032
3.0,GENERATED VIA SPACE-TRACK.ORG API,2025-11-21 03:06:45+00:00,18 SPCS,NOAA 19,2009-005A,EARTH,TEME,UTC,SGP4,2025-11-20 19:00:12.669984+00:00,14.13429486,0.00128199,98.9796,30.2699,258.8457,101.1274,0,U,33591,999,86504,0.00006126313000,0.00000070,0.0000000000000,7225.797,101.880,856.925,838.398,PAYLOAD,LARGE,US,2009-02-06,AFWTR,,4890904,303138177,0 NOAA 19,1 33591U 09005A   25324.79181331  .00000070  00000-0  61263-4 0  9993,2 33591  98.9796  30.2699 0012820 258.8457 101.1274 14.13429486865043
3.0,GENERATED VIA SPACE-TRACK.ORG API,2025-11-21 07:16:35+00:00,18 SPCS,NOAA 19,2009-005A,EARTH,TEME,UTC,SGP4,2025-11-21 03:29:53.620800+00:00,14.13429600,0.00128270,98.9795,30.6250,257.7636,102.2100,0,U,33591,999,86509,0.00006169000000,0.00000071,0.0000000000000,7225.796,101.880,856.930,838.393,PAYLOAD,LARGE,US,2009-02-06,AFWTR,,4890976,303160164,0 NOAA 19,1 33591U 09005A   25325.14575950  .00000071  00000-0  61690-4 0  9992,2 33591  98.9795  30.6250 0012827 257.7636 102.2100 14.13429600865096
3.0,GENERATED VIA SPACE-TRACK.ORG API,2025-11-21 19:56:28+00:00,18 SPCS,NOAA 19,2009-005A,EARTH,TEME,UTC,SGP4,2025-11-21 11:59:34.565568+00:00,14.13429770,0.00128310,98.9794,30.9802,256.6926,103.2815,0,U,33591,999,86514,0.00006705100000,0.00000081,0.0000000000000,7225.796,101.880,856.932,838.389,PAYLOAD,LARGE,US,2009-02-06,AFWTR,,4891632,303175234,0 NOAA 19,1 33591U 09005A   25325.49970562  .00000081  00000-0  67051-4 0  9996,2 33591  98.9794  30.9802 0012831 256.6926 103.2815 14.13429770865144
3.0,GENERATED VIA SPACE-TRACK.ORG API,2025-11-22 00:46:37+00:00,18 SPCS,NOAA 19,2009-005A,EARTH,TEME,UTC,SGP4,2025-11-21 18:47:19.321728+00:00,14.13429885,0.00128310,98.9794,31.2644,255.8276,104.1471,0,U,33591,999,86518,0.00006978400000,0.00000086,0.0000000000000,7225.795,101.880,856.932,838.389,PAYLOAD,LARGE,US,2009-02-06,AFWTR,,4892446,303194856,0 NOAA 19,1 33591U 09005A   25325.78286252  .00000086  00000-0  69784-4 0  9994,2 33591  98.9794  31.2644 0012831 255.8276 104.1471 14.13429885865180
3.0,GENERATED VIA SPACE-TRACK.ORG API,2025-11-22 07:36:17+00:00,18 SPCS,NOAA 19,2009-005A,EARTH,TEME,UTC,SGP4,2025-11-22 01:35:04.081344+00:00,14.13429954,0.00128320,98.9793,31.5485,254.9331,105.0421,0,U,33591,999,86522,0.00006812200000,0.00000083,0.0000000000000,7225.795,101.880,856.932,838.388,PAYLOAD,LARGE,US,2009-02-06,AFWTR,,4892989,303207149,0 NOAA 19,1 33591U 09005A   25326.06601946  .00000083  00000-0  68122-4 0  9999,2 33591  98.9793  31.5485 0012832 254.9331 105.0421 14.13429954865225
3.0,GENERATED VIA SPACE-TRACK.ORG API,2025-11-22 15:26:18+00:00,18 SPCS,NOAA 19,2009-005A,EARTH,TEME,UTC,SGP4,2025-11-22 10:04:45.022656+00:00,14.13430127,0.00128350,98.9793,31.9037,253.8309,106.1451,0,U,33591,999,86527,0.00007515700000,0.00000096,0.0000000000000,7225.795,101.880,856.934,838.385,PAYLOAD,LARGE,US,2009-02-06,AFWTR,,4893607,303221679,0 NOAA 19,1 33591U 09005A   25326.41996554  .00000096  00000-0  75157-4 0  9990,2 33591  98.9793  31.9037 0012835 253.8309 106.1451 14.13430127865272
3.0,GENERATED VIA SPACE-TRACK.ORG API,2025-11-22 18:56:57+00:00,18 SPCS,NOAA 19,2009-005A,EARTH,TEME,UTC,SGP4,2025-11-22 13:28:37.404192+00:00,14.13430113,0.00128376,98.9792,32.0458,253.4067,106.5696,0,U,33591,999,86529,0.00006959195100,0.00000086,0.0000000000000,7225.795,101.880,856.936,838.383,PAYLOAD,LARGE,US,2009-02-06,AFWTR,,4894246,303248445,0 NOAA 19,1 33591U 09005A   25326.56154403  .00000086  00000-0  69592-4 0  9990,2 33591  98.9792  32.0458 0012838 253.4067 106.5696 14.13430113865292
3.0,GENERATED VIA SPACE-TRACK.ORG API,2025-11-22 22:56:46+00:00,18 SPCS,NOAA 19,2009-005A,EARTH,TEME,UTC,SGP4,2025-11-22 18:34:25.970016+00:00,14.13430177,0.00128360,98.9792,32.2588,252.7445,107.2323,0,U,33591,999,86532,0.00006975300000,0.00000086,0.0000000000000,7225.794,101.880,856.934,838.384,PAYLOAD,LARGE,US,2009-02-06,AFWTR,,4894281,303270234,0 NOAA 19,1 33591U 09005A   25326.77391169  .00000086  00000-0  69753-4 0  9994,2 33591  98.9792  32.2588 0012836 252.7445 107.2323 14.13430177865327
3.0,GENERATED VIA SPACE-TRACK.ORG API,2025-11-23 06:26:34+00:00,18 SPCS,NOAA 19,2009-005A,EARTH,TEME,UTC,SGP4,2025-11-23 03:04:06.915648+00:00,14.13430214,0.00128420,98.9791,32.6140,251.6646,108.3129,0,U,33591,999,86537,0.00006407800000,0.00000075,0.0000000000000,7225.794,101.880,856.939,838.380,PAYLOAD,LARGE,US,2009-02-06,AFWTR,,4895057,303284835,0 NOAA 19,1 33591U 09005A   25327.12785782  .00000075  00000-0  64078-4 0  9995,2 33591  98.9791  32.6140 0012842 251.6646 108.3129 14.13430214865375
3.0,GENERATED VIA SPACE-TRACK.ORG API,2025-11-23 14:26:32+00:00,18 SPCS,NOAA 19,2009-005A,EARTH,TEME,UTC,SGP4,2025-11-23 09:51:51.669216+00:00,14.13430288,0.00128460,98.9791,32.8981,250.7979,109.1803,0,U,33591,999,86541,0.00006463100000,0.00000076,0.0000000000000,7225.794,101.880,856.941,838.377,PAYLOAD,LARGE,US,2009-02-06,AFWTR,,4895553,303300986,0 NOAA 19,1 33591U 09005A   25327.41101469  .00000076  00000-0  64631-4 0  9997,2 33591  98.9791  32.8981 0012846 250.7979 109.1803 14.13430288865417
3.0,GENERATED VIA SPACE-TRACK.ORG API,2025-11-23 21:08:43+00:00,18 SPCS,NOAA 19,2009-005A,EARTH,TEME,UTC,SGP4,2025-11-23 03:04:06.916512+00:00,14.13430214,0.00128420,98.9791,32.6140,251.6646,108.3129,0,U,33591,999,86537,0.00006407766900,0.00000075,0.0000000000000,7225.794,101.880,856.939,838.380,PAYLOAD,LARGE,US,2009-02-06,AFWTR,,4896238,303328118,0 NOAA 19,1 33591U 09005A   25327.12785783  .00000075  00000-0  64078-4 0  9996,2 33591  98.9791  32.6140 0012842 251.6646 108.3129 14.13430214865375
3.0,GENERATED VIA SPACE-TRACK.ORG API,2025-11-23 23:06:32+00:00,18 SPCS,NOAA 19,2009-005A,EARTH,TEME,UTC,SGP4,2025-11-23 18:21:32.613120+00:00,14.13430331,0.00128510,98.9790,33.2533,249.7356,110.2435,0,U,33591,999,86546,0.00006062900000,0.00000069,0.0000000000000,7225.794,101.880,856.945,838.373,PAYLOAD,LARGE,US,2009-02-06,AFWTR,,4896326,303351399,0 NOAA 19,1 33591U 09005A   25327.76496080  .00000069  00000-0  60629-4 0  9996,2 33591  98.9790  33.2533 0012851 249.7356 110.2435 14.13430331865465
3.0,GENERATED VIA SPACE-TRACK.ORG API,2025-11-24 07:26:19+00:00,18 SPCS,NOAA 19,2009-005A,EARTH,TEME,UTC,SGP4,2025-11-24 01:09:17.364096+00:00,14.13430436,0.00128560,98.9790,33.5374,248.8727,111.1071,0,U,33591,999,86550,0.00006533800000,0.00000078,0.0000000000000,7225.794,101.880,856.948,838.369,PAYLOAD,LARGE,US,2009-02-06,AFWTR,,4896895,303364471,0 NOAA 19,1 33591U 09005A   25328.04811764  .00000078  00000-0  65338-4 0  9990,2 33591  98.9790  33.5374 0012856 248.8727 111.1071 14.13430436865505
3.0,GENERATED VIA SPACE-TRACK.ORG API,2025-11-24 15:06:31+00:00,18 SPCS,NOAA 19,2009-005A,EARTH,TEME,UTC,SGP4,2025-11-24 09:38:58.301088+00:00,14.13430479,0.00128710,98.9790,33.8926,247.8079,112.1728,0,U,33591,999,86555,0.00006294700000,0.00000073,0.0000000000000,7225.793,101.880,856.959,838.358,PAYLOAD,LARGE,US,2009-02-06,AFWTR,,4897501,303378885,0 NOAA 19,1 33591U 09005A   25328.40206367  .00000073  00000-0  62947-4 0  9995,2 33591  98.9790  33.8926 0012871 247.8079 112.1728 14.13430479865559
3.0,GENERATED VIA SPACE-TRACK.ORG API,2025-11-24 18:12:41+00:00,18 SPCS,NOAA 19,2009-005A,EARTH,TEME,UTC,SGP4,2025-11-24 04:33:09.739584+00:00,14.13430461,0.00128610,98.9790,33.6795,248.4559,111.5242,0,U,33591,999,86552,0.00006394575400,0.00000075,0.0000000000000,7225.793,101.880,856.952,838.365,PAYLOAD,LARGE,US,2009-02-06,AFWTR,,4898287,303408689,0 NOAA 19,1 33591U 09005A   25328.18969606  .00000075  00000-0  63946-4 0  9994,2 33591  98.9790  33.6795 0012861 248.4559 111.5242 14.13430461865522
3.0,GENERATED VIA SPACE-TRACK.ORG API,2025-11-24 23:36:20+00:00,18 SPCS,NOAA 19,2009-005A,EARTH,TEME,UTC,SGP4,2025-11-24 18:08:39.236352+00:00,14.13430639,0.00128780,98.9789,34.2478,246.7532,113.2285,0,U,33591,999,86560,0.00007366800000,0.00000093,0.0000000000000,7225.793,101.880,856.963,838.352,PAYLOAD,LARGE,US,2009-02-06,AFWTR,,4898406,303430138,0 NOAA 19,1 33591U 09005A   25328.75600968  .00000093  00000-0  73668-4 0  9992,2 33591  98.9789  34.2478 0012878 246.7532 113.2285 14.13430639865607
3.0,GENERATED VIA SPACE-TRACK.ORG API,2025-11-25 03:42:27+00:00,18 SPCS,NOAA 19,2009-005A,EARTH,TEME,UTC,SGP4,2025-11-24 21:32:31.610112+00:00,14.13430674,0.00128812,98.9789,34.3899,246.3394,113.6426,0,U,33591,999,86562,0.00007276068800,0.00000092,0.0000000000000,7225.793,101.880,856.965,838.350,PAYLOAD,LARGE,US,2009-02-06,AFWTR,,4899133,303458544,0 NOAA 19,1 33591U 09005A   25328.89758808  .00000092  00000-0  72761-4 0  9996,2 33591  98.9789  34.3899 0012881 246.3394 113.6426 14.13430674865623
3.0,GENERATED VIA SPACE-TRACK.ORG API,2025-11-25 08:16:20+00:00,18 SPCS,NOAA 19,2009-005A,EARTH,TEME,UTC,SGP4,2025-11-25 02:38:20.170752+00:00,14.13430724,0.00128880,98.9789,34.6030,245.7189,114.2637,0,U,33591,999,86565,0.00007124800000,0.00000089,0.0000000000000,7225.793,101.880,856.970,838.345,PAYLOAD,LARGE,US,2009-02-06,AFWTR,,4899249,303482174,0 NOAA 19,1 33591U 09005A   25329.10995568  .00000089  00000-0  71248-4 0  9992,2 33591  98.9789  34.6030 0012888 245.7189 114.2637 14.13430724865655
3.0,GENERATED VIA SPACE-TRACK.ORG API,2025-11-25 14:36:35+00:00,18 SPCS,NOAA 19,2009-005A,EARTH,TEME,UTC,SGP4,2025-11-25 11:08:01.107744+00:00,14.13430777,0.00129010,98.9789,34.9582,244.6515,115.3321,0,U,33591,999,86570,0.00007001000000,0.00000086,0.0000000000000,7225.792,101.880,856.979,838.335,PAYLOAD,LARGE,US,2009-02-06,AFWTR,,4900075,303500818,0 NOAA 19,1 33591U 09005A   25329.46390171  .00000086  00000-0  70010-4 0  9993,2 33591  98.9789  34.9582 0012901 244.6515 115.3321 14.13430777865703
3.0,GENERATED VIA SPACE-TRACK.ORG API,2025-11-25 17:18:59+00:00,18 SPCS,NOAA 19,2009-005A,EARTH,TEME,UTC,SGP4,2025-11-25 06:02:12.547104+00:00,14.13430752,0.00128935,98.9789,34.7451,245.2774,114.7056,0,U,33591,999,86567,0.00007115875200,0.00000089,0.0000000000000,7225.792,101.880,856.974,838.341,PAYLOAD,LARGE,US,2009-02-06,AFWTR,,4900866,303530972,0 NOAA 19,1 33591U 09005A   25329.25153411  .00000089  00000-0  71159-4 0  9992,2 33591  98.9789  34.7451 0012894 245.2774 114.7056 14.13430752865678
3.0,GENERATED VIA SPACE-TRACK.ORG API,2025-11-25 23:06:33+00:00,18 SPCS,NOAA 19,2009-005A,EARTH,TEME,UTC,SGP4,2025-11-25 19:37:42.042144+00:00,14.13430846,0.00129040,98.9788,35.3133,243.5458,116.4391,0,U,33591,999,86575,0.00006508400000,0.00000077,0.0000000000000,7225.792,101.880,856.981,838.333,PAYLOAD,LARGE,US,2009-02-06,AFWTR,,4901072,303555385,0 NOAA 19,1 33591U 09005A   25329.81784771  .00000077  00000-0  65084-4 0  9990,2 33591  98.9788  35.3133 0012904 243.5458 116.4391 14.13430846865757
3.0,GENERATED VIA SPACE-TRACK.ORG API,2025-11-26 08:06:33+00:00,18 SPCS,NOAA 19,2009-005A,EARTH,TEME,UTC,SGP4,2025-11-26 04:07:22.974816+00:00,14.13430911,0.00129230,98.9787,35.6685,242.5229,117.4629,0,U,33591,999,86580,0.00006066600000,0.00000069,0.0000000000000,7225.792,101.880,856.995,838.319,PAYLOAD,LARGE,US,2009-02-06,AFWTR,,4901763,303571210,0 NOAA 19,1 33591U 09005A   25330.17179369  .00000069  00000-0  60666-4 0  9994,2 33591  98.9787  35.6685 0012923 242.5229 117.4629 14.13430911865801
3.0,GENERATED VIA SPACE-TRACK.ORG API,2025-11-26 11:31:21+00:00,18 SPCS,NOAA 19,2009-005A,EARTH,TEME,UTC,SGP4,2025-11-26 00:43:30.601920+00:00,14.13430897,0.00129159,98.9788,35.5264,242.9278,117.0577,0,U,33591,999,86578,0.00006518136400,0.00000077,0.0000000000000,7225.792,101.880,856.990,838.324,PAYLOAD,LARGE,US,2009-02-06,AFWTR,,4902534,303601095,0 NOAA 19,1 33591U 09005A   25330.03021530  .00000077  00000-0  65181-4 0  9991,2 33591  98.9788  35.5264 0012916 242.9278 117.0577 14.13430897865782
3.0,GENERATED VIA SPACE-TRACK.ORG API,2025-11-26 14:36:23+00:00,18 SPCS,NOAA 19,2009-005A,EARTH,TEME,UTC,SGP4,2025-11-26 10:55:07.723200+00:00,14.13430964,0.00129290,98.9788,35.9526,241.6695,118.3173,0,U,33591,999,86584,0.00005924300000,0.00000066,0.0000000000000,7225.792,101.880,856.999,838.315,PAYLOAD,LARGE,US,2009-02-06,AFWTR,,4902598,303622468,0 NOAA 19,1 33591U 09005A   25330.45495050  .00000066  00000-0  59243-4 0  9999,2 33591  98.9788  35.9526 0012929 241.6695 118.3173 14.13430964865848
3.0,GENERATED VIA SPACE-TRACK.ORG API,2025-11-26 18:00:39+00:00,18 SPCS,NOAA 19,2009-005A,EARTH,TEME,UTC,SGP4,2025-11-26 07:31:15.349440+00:00,14.13430946,0.00129280,98.9788,35.8105,242.0913,117.8951,0,U,33591,999,86582,0.00006097107800,0.00000069,0.0000000000000,7225.792,101.880,856.998,838.315,PAYLOAD,LARGE,US,2009-02-06,AFWTR,,4903404,303653007,0 NOAA 19,1 33591U 09005A   25330.31337210  .00000069  00000-0  60971-4 0  9990,2 33591  98.9788  35.8105 0012928 242.0913 117.8951 14.13430946865823
3.0,GENERATED VIA SPACE-TRACK.ORG API,2025-11-26 23:16:29+00:00,18 SPCS,NOAA 19,2009-005A,EARTH,TEME,UTC,SGP4,2025-11-26 19:24:48.653280+00:00,14.13431076,0.00129350,98.9787,36.3078,240.5596,119.4285,0,U,33591,999,86589,0.00005829100000,0.00000064,0.0000000000000,7225.791,101.880,857.003,838.310,PAYLOAD,LARGE,US,2009-02-06,AFWTR,,4903521,303673916,0 NOAA 19,1 33591U 09005A   25330.80889645  .00000064  00000-0  58291-4 0  9995,2 33591  98.9787  36.3078 0012935 240.5596 119.4285 14.13431076865895
3.0,GENERATED VIA SPACE-TRACK.ORG API,2025-11-27 03:52:41+00:00,18 SPCS,NOAA 19,2009-005A,EARTH,TEME,UTC,SGP4,2025-11-26 22:48:41.026176+00:00,14.13431088,0.00129413,98.9787,36.4498,240.1629,119.8257,0,U,33591,999,86591,0.00005690979900,0.00000062,0.0000000000000,7225.791,101.880,857.007,838.305,PAYLOAD,LARGE,US,2009-02-06,AFWTR,,4904132,303701001,0 NOAA 19,1 33591U 09005A   25330.95047484  .00000062  00000-0  56910-4 0  9992,2 33591  98.9787  36.4498 0012941 240.1629 119.8257 14.13431088865911
3.0,GENERATED VIA SPACE-TRACK.ORG API,2025-11-27 07:56:21+00:00,18 SPCS,NOAA 19,2009-005A,EARTH,TEME,UTC,SGP4,2025-11-27 03:54:29.584224+00:00,14.13431159,0.00129490,98.9787,36.6629,239.5401,120.4492,0,U,33591,999,86594,0.00005670100000,0.00000061,0.0000000000000,7225.791,101.880,857.013,838.299,PAYLOAD,LARGE,US,2009-02-06,AFWTR,,4904204,303722533,0 NOAA 19,1 33591U 09005A   25331.16284241  .00000061  00000-0  56701-4 0  9997,2 33591  98.9787  36.6629 0012949 239.5401 120.4492 14.13431159865948
3.0,GENERATED VIA SPACE-TRACK.ORG API,2025-11-27 13:14:25+00:00,18 SPCS,NOAA 19,2009-005A,EARTH,TEME,UTC,SGP4,2025-11-27 05:36:25.770240+00:00,14.13431169,0.00129533,98.9787,36.7339,239.3331,120.6564,0,U,33591,999,86595,0.00005635162300,0.00000061,0.0000000000000,7225.791,101.880,857.016,838.296,PAYLOAD,LARGE,US,2009-02-06,AFWTR,,4904843,303748590,0 NOAA 19,1 33591U 09005A   25331.23363160  .00000061  00000-0  56352-4 0  9995,2 33591  98.9787  36.7339 0012953 239.3331 120.6564 14.13431169865956
3.0,GENERATED VIA SPACE-TRACK.ORG API,2025-11-28 05:28:23+00:00,18 SPCS,NOAA 19,2009-005A,EARTH,TEME,UTC,SGP4,2025-11-27 22:35:47.622624+00:00,14.13431406,0.00129766,98.9787,37.4443,237.1697,122.8226,0,U,33591,999,86605,0.00005958245800,0.00000067,0.0000000000000,7225.790,101.880,857.032,838.279,PAYLOAD,LARGE,US,2009-02-06,AFWTR,,4904942,303781075,0 NOAA 19,1 33591U 09005A   25331.94152341  .00000067  00000-0  59582-4 0  9994,2 33591  98.9787  37.4443 0012977 237.1697 122.8226 14.13431406866052
3.0,GENERATED VIA SPACE-TRACK.ORG API,2025-11-28 07:16:51+00:00,18 SPCS,NOAA 19,2009-005A,EARTH,TEME,UTC,SGP4,2025-11-28 03:41:36.178944+00:00,14.13431470,0.00129830,98.9786,37.6573,236.5501,123.4430,0,U,33591,999,86608,0.00005859300000,0.00000065,0.0000000000000,7225.790,101.880,857.036,838.274,PAYLOAD,LARGE,US,2009-02-06,AFWTR,,4905043,303803699,0 NOAA 19,1 33591U 09005A   25332.15389096  .00000065  00000-0  58593-4 0  9996,2 33591  98.9786  37.6573 0012983 236.5501 123.4430 14.13431470866089
3.0,GENERATED VIA SPACE-TRACK.ORG API,2025-11-28 20:32:39+00:00,18 SPCS,NOAA 19,2009-005A,EARTH,TEME,UTC,SGP4,2025-11-28 13:53:13.288992+00:00,14.13431567,0.00130000,98.9786,38.0835,235.2616,124.7332,0,U,33591,999,86614,0.00005598181400,0.00000060,0.0000000000000,7225.790,101.880,857.048,838.261,PAYLOAD,LARGE,US,2009-02-06,AFWTR,,4905705,303831307,0 NOAA 19,1 33591U 09005A   25332.57862603  .00000060  00000-0  55982-4 0  9996,2 33591  98.9786  38.0835 0013000 235.2616 124.7332 14.13431567866148
3.0,GENERATED VIA SPACE-TRACK.ORG API,2025-11-28 23:26:35+00:00,18 SPCS,NOAA 19,2009-005A,EARTH,TEME,UTC,SGP4,2025-11-28 18:59:01.842720+00:00,14.13431613,0.00130040,98.9786,38.2966,234.6134,125.3824,0,U,33591,999,86617,0.00005296200000,0.00000054,0.0000000000000,7225.790,101.880,857.051,838.258,PAYLOAD,LARGE,US,2009-02-06,AFWTR,,4905780,303854016,0 NOAA 19,1 33591U 09005A   25332.79099355  .00000054  00000-0  52962-4 0  9994,2 33591  98.9786  38.2966 0013004 234.6134 125.3824 14.13431613866175
3.0,GENERATED VIA SPACE-TRACK.ORG API,2025-11-29 06:36:29+00:00,18 SPCS,NOAA 19,2009-005A,EARTH,TEME,UTC,SGP4,2025-11-29 03:28:42.765024+00:00,14.13431740,0.00130170,98.9786,38.6517,233.5457,126.4515,0,U,33591,999,86622,0.00005493800000,0.00000058,0.0000000000000,7225.789,101.880,857.060,838.248,PAYLOAD,LARGE,US,2009-02-06,AFWTR,,4906073,303860358,0 NOAA 19,1 33591U 09005A   25333.14493941  .00000058  00000-0  54938-4 0  9992,2 33591  98.9786  38.6517 0013017 233.5457 126.4515 14.13431740866227
3.0,GENERATED VIA SPACE-TRACK.ORG API,2025-11-29 19:07:35+00:00,18 SPCS,NOAA 19,2009-005A,EARTH,TEME,UTC,SGP4,2025-11-29 06:52:35.134464+00:00,14.13431762,0.00130223,98.9786,38.7938,233.1314,126.8665,0,U,33591,999,86624,0.00005370989100,0.00000056,0.0000000000000,7225.789,101.880,857.064,838.244,PAYLOAD,LARGE,US,2009-02-06,AFWTR,,4906927,303891083,0 NOAA 19,1 33591U 09005A   25333.28651776  .00000056  00000-0  53710-4 0  9994,2 33591  98.9786  38.7938 0013022 233.1314 126.8665 14.13431762866245
3.0,GENERATED VIA SPACE-TRACK.ORG API,2025-11-29 22:26:19+00:00,18 SPCS,NOAA 19,2009-005A,EARTH,TEME,UTC,SGP4,2025-11-29 18:46:08.423616+00:00,14.13431889,0.00130370,98.9785,39.2910,231.6546,128.3455,0,U,33591,999,86631,0.00005263500000,0.00000054,0.0000000000000,7225.789,101.880,857.074,838.233,PAYLOAD,LARGE,US,2009-02-06,AFWTR,,4906969,303913464,0 NOAA 19,1 33591U 09005A   25333.78204194  .00000054  00000-0  52635-4 0  9990,2 33591  98.9785  39.2910 0013037 231.6546 128.3455 14.13431889866318
3.0,GENERATED VIA SPACE-TRACK.ORG API,2025-11-30 07:26:49+00:00,18 SPCS,NOAA 19,2009-005A,EARTH,TEME,UTC,SGP4,2025-11-30 03:15:49.344192+00:00,14.13432011,0.00130540,98.9785,39.6461,230.6175,129.3841,0,U,33591,999,86636,0.00005571400000,0.00000060,0.0000000000000,7225.788,101.880,857.086,838.221,PAYLOAD,LARGE,US,2009-02-06,AFWTR,,4908082,303940795,0 NOAA 19,1 33591U 09005A   25334.13598778  .00000060  00000-0  55714-4 0  9992,2 33591  98.9785  39.6461 0013054 230.6175 129.3841 14.13432011866362
3.0,GENERATED VIA SPACE-TRACK.ORG API,2025-11-30 15:56:33+00:00,18 SPCS,NOAA 19,2009-005A,EARTH,TEME,UTC,SGP4,2025-11-30 10:03:34.077888+00:00,14.13432042,0.00130670,98.9785,39.9302,229.7384,130.2646,0,U,33591,999,86640,0.00005332600000,0.00000055,0.0000000000000,7225.788,101.880,857.095,838.211,PAYLOAD,LARGE,US,2009-02-06,AFWTR,,4908402,303948144,0 NOAA 19,1 33591U 09005A   25334.41914442  .00000055  00000-0  53326-4 0  9994,2 33591  98.9785  39.9302 0013067 229.7384 130.2646 14.13432042866407
3.0,GENERATED VIA SPACE-TRACK.ORG API,2025-11-30 17:58:55+00:00,18 SPCS,NOAA 19,2009-005A,EARTH,TEME,UTC,SGP4,2025-11-30 15:09:22.629024+00:00,14.13432140,0.00130711,98.9784,40.1433,229.0641,130.9400,0,U,33591,999,86643,0.00005772020200,0.00000063,0.0000000000000,7225.788,101.880,857.098,838.208,PAYLOAD,LARGE,US,2009-02-06,AFWTR,,4909172,303978003,0 NOAA 19,1 33591U 09005A   25334.63151191  .00000063  00000-0  57720-4 0  9993,2 33591  98.9784  40.1433 0013071 229.0641 130.9400 14.13432140866436
3.0,GENERATED VIA SPACE-TRACK.ORG API,2025-11-30 22:36:18+00:00,18 SPCS,NOAA 19,2009-005A,EARTH,TEME,UTC,SGP4,2025-11-30 18:33:14.997600+00:00,14.13432118,0.00130760,98.9784,40.2853,228.6752,131.3296,0,U,33591,999,86645,0.00005334400000,0.00000055,0.0000000000000,7225.788,101.880,857.101,838.204,PAYLOAD,LARGE,US,2009-02-06,AFWTR,,4909224,303999882,0 NOAA 19,1 33591U 09005A   25334.77309025  .00000055  00000-0  53344-4 0  9998,2 33591  98.9784  40.2853 0013076 228.6752 131.3296 14.13432118866451
3.0,GENERATED VIA SPACE-TRACK.ORG API,2025-12-01 03:48:24+00:00,18 SPCS,NOAA 19,2009-005A,EARTH,TEME,UTC,SGP4,2025-11-30 21:57:07.366176+00:00,14.13432152,0.00130817,98.9784,40.4274,228.2637,131.7417,0,U,33591,999,86647,0.00005494606100,0.00000058,0.0000000000000,7225.788,101.880,857.105,838.200,PAYLOAD,LARGE,US,2009-02-06,AFWTR,,4909928,304027624,0 NOAA 19,1 33591U 09005A   25334.91466859  .00000058  00000-0  54946-4 0  9995,2 33591  98.9784  40.4274 0013082 228.2637 131.7417 14.13432152866474
3.0,GENERATED VIA SPACE-TRACK.ORG API,2025-12-01 10:16:41+00:00,18 SPCS,NOAA 19,2009-005A,EARTH,TEME,UTC,SGP4,2025-12-01 04:44:52.097280+00:00,14.13432288,0.00130936,98.9784,40.7115,227.4490,132.5577,0,U,33591,999,86651,0.00006217172900,0.00000072,0.0000000000000,7225.787,101.880,857.113,838.191,PAYLOAD,LARGE,US,2009-02-06,AFWTR,,4909947,304059596,0 NOAA 19,1 33591U 09005A   25335.19782520  .00000072  00000-0  62172-4 0  9998,2 33591  98.9784  40.7115 0013094 227.4490 132.5577 14.13432288866513
3.0,GENERATED VIA SPACE-TRACK.ORG API,2025-12-01 15:36:19+00:00,18 SPCS,NOAA 19,2009-005A,EARTH,TEME,UTC,SGP4,2025-12-01 09:50:40.646688+00:00,14.13432319,0.00131000,98.9783,40.9246,226.8159,133.1919,0,U,33591,999,86654,0.00006222300000,0.00000072,0.0000000000000,7225.787,101.880,857.118,838.186,PAYLOAD,LARGE,US,2009-02-06,AFWTR,,4909991,304081408,0 NOAA 19,1 33591U 09005A   25335.41019267  .00000072  00000-0  62223-4 0  9991,2 33591  98.9783  40.9246 0013100 226.8159 133.1919 14.13432319866547
3.0,GENERATED VIA SPACE-TRACK.ORG API,2025-12-01 23:16:33+00:00,18 SPCS,NOAA 19,2009-005A,EARTH,TEME,UTC,SGP4,2025-12-01 18:20:21.566400+00:00,14.13432334,0.00131120,98.9783,41.2798,225.7629,134.2468,0,U,33591,999,86659,0.00005769300000,0.00000063,0.0000000000000,7225.787,101.880,857.127,838.178,PAYLOAD,LARGE,US,2009-02-06,AFWTR,,4910867,304100685,0 NOAA 19,1 33591U 09005A   25335.76413850  .00000063  00000-0  57693-4 0  9990,2 33591  98.9783  41.2798 0013112 225.7629 134.2468 14.13432334866599
3.0,GENERATED VIA SPACE-TRACK.ORG API,2025-12-02 02:18:54+00:00,18 SPCS,NOAA 19,2009-005A,EARTH,TEME,UTC,SGP4,2025-12-01 14:56:29.200416+00:00,14.13432309,0.00131085,98.9783,41.1377,226.1929,133.8160,0,U,33591,999,86657,0.00005745036900,0.00000063,0.0000000000000,7225.787,101.880,857.124,838.180,PAYLOAD,LARGE,US,2009-02-06,AFWTR,,4911537,304128133,0 NOAA 19,1 33591U 09005A   25335.62256019  .00000063  00000-0  57450-4 0  9998,2 33591  98.9783  41.1377 0013108 226.1929 133.8160 14.13432309866578
3.0,GENERATED VIA SPACE-TRACK.ORG API,2025-12-02 07:46:31+00:00,18 SPCS,NOAA 19,2009-005A,EARTH,TEME,UTC,SGP4,2025-12-02 04:31:58.659168+00:00,14.13432509,0.00131290,98.9782,41.7059,224.5930,135.4186,0,U,33591,999,86665,0.00006954800000,0.00000086,0.0000000000000,7225.786,101.880,857.138,838.165,PAYLOAD,LARGE,US,2009-02-06,AFWTR,,4911586,304149931,0 NOAA 19,1 33591U 09005A   25336.18887337  .00000086  00000-0  69548-4 0  9999,2 33591  98.9782  41.7059 0013129 224.5930 135.4186 14.13432509866654
3.0,GENERATED VIA SPACE-TRACK.ORG API,2025-12-02 11:04:55+00:00,18 SPCS,NOAA 19,2009-005A,EARTH,TEME,UTC,SGP4,2025-12-02 06:13:54.844320+00:00,14.13432597,0.00131292,98.9782,41.7770,224.3785,135.6336,0,U,33591,999,86666,0.00007789990200,0.00000101,0.0000000000000,7225.786,101.880,857.138,838.164,PAYLOAD,LARGE,US,2009-02-06,AFWTR,,4912329,304178929,0 NOAA 19,1 33591U 09005A   25336.25966255  .00000101  00000-0  77900-4 0  9993,2 33591  98.9782  41.7770 0013129 224.3785 135.6336 14.13432597866667
3.0,GENERATED VIA SPACE-TRACK.ORG API,2025-12-02 14:26:18+00:00,18 SPCS,NOAA 19,2009-005A,EARTH,TEME,UTC,SGP4,2025-12-02 11:19:43.391136+00:00,14.13432639,0.00131370,98.9782,41.9900,223.7480,136.2652,0,U,33591,999,86669,0.00007856200000,0.00000103,0.0000000000000,7225.786,101.880,857.144,838.159,PAYLOAD,LARGE,US,2009-02-06,AFWTR,,4912511,304200353,0 NOAA 19,1 33591U 09005A   25336.47202999  .00000103  00000-0  78562-4 0  9992,2 33591  98.9782  41.9900 0013137 223.7480 136.2652 14.13432639866696
3.0,GENERATED VIA SPACE-TRACK.ORG API,2025-12-02 23:26:31+00:00,18 SPCS,NOAA 19,2009-005A,EARTH,TEME,UTC,SGP4,2025-12-02 19:49:24.299616+00:00,14.13432684,0.00131510,98.9781,42.3451,222.6979,137.3171,0,U,33591,999,86674,0.00007476400000,0.00000095,0.0000000000000,7225.786,101.880,857.154,838.148,PAYLOAD,LARGE,US,2009-02-06,AFWTR,,4913209,304219099,0 NOAA 19,1 33591U 09005A   25336.82597569  .00000095  00000-0  74764-4 0  9991,2 33591  98.9781  42.3451 0013151 222.6979 137.3171 14.13432684866742
3.0,GENERATED VIA SPACE-TRACK.ORG API,2025-12-03 02:22:38+00:00,18 SPCS,NOAA 19,2009-005A,EARTH,TEME,UTC,SGP4,2025-12-02 14:43:35.752800+00:00,14.13432689,0.00131426,98.9782,42.1321,223.3269,136.6870,0,U,33591,999,86671,0.00007974352600,0.00000105,0.0000000000000,7225.786,101.880,857.147,838.154,PAYLOAD,LARGE,US,2009-02-06,AFWTR,,4913875,304246185,0 NOAA 19,1 33591U 09005A   25336.61360825  .00000105  00000-0  79744-4 0  9996,2 33591  98.9782  42.1321 0013143 223.3269 136.6870 14.13432689866718
3.0,GENERATED VIA SPACE-TRACK.ORG API,2025-12-03 07:16:31+00:00,18 SPCS,NOAA 19,2009-005A,EARTH,TEME,UTC,SGP4,2025-12-03 04:19:05.208960+00:00,14.13432782,0.00131670,98.9781,42.7003,221.6838,138.3332,0,U,33591,999,86679,0.00007617100000,0.00000098,0.0000000000000,7225.786,101.880,857.165,838.136,PAYLOAD,LARGE,US,2009-02-06,AFWTR,,4913927,304268117,0 NOAA 19,1 33591U 09005A   25337.17992140  .00000098  00000-0  76171-4 0  9991,2 33591  98.9781  42.7003 0013167 221.6838 138.3332 14.13432782866793
3.0,GENERATED VIA SPACE-TRACK.ORG API,2025-12-03 11:19:29+00:00,18 SPCS,NOAA 19,2009-005A,EARTH,TEME,UTC,SGP4,2025-12-03 07:42:57.575808+00:00,14.13432876,0.00131718,98.9780,42.8423,221.2615,138.7562,0,U,33591,999,86681,0.00008319363800,0.00000111,0.0000000000000,7225.785,101.880,857.168,838.133,PAYLOAD,LARGE,US,2009-02-06,AFWTR,,4914710,304297137,0 NOAA 19,1 33591U 09005A   25337.32149972  .00000111  00000-0  83194-4 0  9994,2 33591  98.9780  42.8423 0013172 221.2615 138.7562 14.13432876866810
3.0,GENERATED VIA SPACE-TRACK.ORG API,2025-12-03 14:46:20+00:00,18 SPCS,NOAA 19,2009-005A,EARTH,TEME,UTC,SGP4,2025-12-03 11:06:49.938336+00:00,14.13432917,0.00131760,98.9780,42.9844,220.8515,139.1670,0,U,33591,999,86683,0.00008459300000,0.00000114,0.0000000000000,7225.785,101.880,857.171,838.129,PAYLOAD,LARGE,US,2009-02-06,AFWTR,,4914973,304324300,0 NOAA 19,1 33591U 09005A   25337.46307799  .00000114  00000-0  84593-4 0  9999,2 33591  98.9780  42.9844 0013176 220.8515 139.1670 14.13432917866839
3.0,GENERATED VIA SPACE-TRACK.ORG API,2025-12-04 02:28:57+00:00,18 SPCS,NOAA 19,2009-005A,EARTH,TEME,UTC,SGP4,2025-12-03 23:00:23.196384+00:00,14.13433275,0.00131975,98.9780,43.4816,219.3791,140.6423,0,U,33591,999,86690,0.00010558585000,0.00000153,0.0000000000000,7225.784,101.880,857.185,838.113,PAYLOAD,LARGE,US,2009-02-06,AFWTR,,4915962,304357760,0 NOAA 19,1 33591U 09005A   25337.95860181  .00000153  00000-0  10559-3 0  9995,2 33591  98.9780  43.4816 0013198 219.3791 140.6423 14.13433275866906
3.0,GENERATED VIA SPACE-TRACK.ORG API,2025-12-04 07:56:19+00:00,18 SPCS,NOAA 19,2009-005A,EARTH,TEME,UTC,SGP4,2025-12-04 02:24:15.553728+00:00,14.13433354,0.00132080,98.9779,43.6237,218.9672,141.0549,0,U,33591,999,86692,0.00010770000000,0.00000157,0.0000000000000,7225.784,101.880,857.192,838.105,PAYLOAD,LARGE,US,2009-02-06,AFWTR,,4916018,304379452,0 NOAA 19,1 33591U 09005A   25338.10018002  .00000157  00000-0  10770-3 0  9999,2 33591  98.9779  43.6237 0013208 218.9672 141.0549 14.13433354866922
3.0,GENERATED VIA SPACE-TRACK.ORG API,2025-12-04 10:52:37+00:00,18 SPCS,NOAA 19,2009-005A,EARTH,TEME,UTC,SGP4,2025-12-04 05:48:07.911936+00:00,14.13433459,0.00132122,98.9779,43.7657,218.5377,141.4852,0,U,33591,999,86694,0.00011212127000,0.00000166,0.0000000000000,7225.783,101.880,857.195,838.101,PAYLOAD,LARGE,US,2009-02-06,AFWTR,,4916482,304400699,0 NOAA 19,1 33591U 09005A   25338.24175824  .00000166  00000-0  11212-3 0  9992,2 33591  98.9779  43.7657 0013212 218.5377 141.4852 14.13433459866941
3.0,GENERATED VIA SPACE-TRACK.ORG API,2025-12-04 19:15:14+00:00,18 SPCS,NOAA 19,2009-005A,EARTH,TEME,UTC,SGP4,2025-12-04 14:17:48.813504+00:00,14.13433476,0.00132285,98.9779,44.1208,217.4771,142.5480,0,U,33591,999,86699,0.00010025639000,0.00000143,0.0000000000000,7225.783,101.880,857.207,838.090,PAYLOAD,LARGE,US,2009-02-06,AFWTR,,4916542,304432234,0 NOAA 19,1 33591U 09005A   25338.59570386  .00000143  00000-0  10026-3 0  9999,2 33591  98.9779  44.1208 0013228 217.4771 142.5480 14.13433476866994
3.0,GENERATED VIA SPACE-TRACK.ORG API,2025-12-04 21:06:21+00:00,18 SPCS,NOAA 19,2009-005A,EARTH,TEME,UTC,SGP4,2025-12-04 15:59:44.992608+00:00,14.13433496,0.00132320,98.9779,44.1919,217.2638,142.7616,0,U,33591,999,86700,0.00009940500000,0.00000142,0.0000000000000,7225.783,101.880,857.209,838.087,PAYLOAD,LARGE,US,2009-02-06,AFWTR,,4916593,304454694,0 NOAA 19,1 33591U 09005A   25338.66649297  .00000142  00000-0  99405-4 0  9993,2 33591  98.9779  44.1919 0013232 217.2638 142.7616 14.13433496867006
3.0,GENERATED VIA SPACE-TRACK.ORG API,2025-12-04 22:56:29+00:00,18 SPCS,NOAA 19,2009-005A,EARTH,TEME,UTC,SGP4,2025-12-04 19:23:37.349952+00:00,14.13433545,0.00132370,98.9778,44.3339,216.8520,143.1743,0,U,33591,999,86702,0.00010018000000,0.00000143,0.0000000000000,7225.783,101.880,857.213,838.083,PAYLOAD,LARGE,US,2009-02-06,AFWTR,,4917451,304475442,0 NOAA 19,1 33591U 09005A   25338.80807118  .00000143  00000-0  10018-3 0  9990,2 33591  98.9778  44.3339 0013237 216.8520 143.1743 14.13433545867026
3.0,GENERATED VIA SPACE-TRACK.ORG API,2025-12-05 03:56:49+00:00,18 SPCS,NOAA 19,2009-005A,EARTH,TEME,UTC,SGP4,2025-12-04 21:05:33.534240+00:00,14.13433578,0.00132384,98.9778,44.4049,216.6249,143.4019,0,U,33591,999,86703,0.00010277199000,0.00000148,0.0000000000000,7225.783,101.880,857.214,838.082,PAYLOAD,LARGE,US,2009-02-06,AFWTR,,4917780,304493402,0 NOAA 19,1 33591U 09005A   25338.87886035  .00000148  00000-0  10277-3 0  9994,2 33591  98.9778  44.4049 0013238 216.6249 143.4019 14.13433578867038
3.0,GENERATED VIA SPACE-TRACK.ORG API,2025-12-05 06:26:21+00:00,18 SPCS,NOAA 19,2009-005A,EARTH,TEME,UTC,SGP4,2025-12-05 03:53:18.248064+00:00,14.13433711,0.00132530,98.9778,44.6890,215.8020,144.2265,0,U,33591,999,86707,0.00010461000000,0.00000152,0.0000000000000,7225.782,101.880,857.224,838.071,PAYLOAD,LARGE,US,2009-02-06,AFWTR,,4917828,304514592,0 NOAA 19,1 33591U 09005A   25339.16201676  .00000152  00000-0  10461-3 0  9999,2 33591  98.9778  44.6890 0013253 215.8020 144.2265 14.13433711867074
3.0,GENERATED VIA SPACE-TRACK.ORG API,2025-12-05 10:48:45+00:00,18 SPCS,NOAA 19,2009-005A,EARTH,TEME,UTC,SGP4,2025-12-05 05:35:14.428032+00:00,14.13433700,0.00132574,98.9778,44.7600,215.6111,144.4177,0,U,33591,999,86708,0.00010156289000,0.00000146,0.0000000000000,7225.782,101.880,857.227,838.068,PAYLOAD,LARGE,US,2009-02-06,AFWTR,,4918366,304539440,0 NOAA 19,1 33591U 09005A   25339.23280588  .00000146  00000-0  10156-3 0  9990,2 33591  98.9778  44.7600 0013257 215.6111 144.4177 14.13433700867080
3.0,GENERATED VIA SPACE-TRACK.ORG API,2025-12-06 06:00:24+00:00,18 SPCS,NOAA 19,2009-005A,EARTH,TEME,UTC,SGP4,2025-12-05 22:34:36.212160+00:00,14.13433922,0.00132880,98.9776,45.4703,213.5229,146.5103,0,U,33591,999,86718,0.00009776260700,0.00000139,0.0000000000000,7225.782,101.880,857.248,838.045,PAYLOAD,LARGE,US,2009-02-06,AFWTR,,4918504,304571528,0 NOAA 19,1 33591U 09005A   25339.94069690  .00000139  00000-0  97763-4 0  9999,2 33591  98.9776  45.4703 0013288 213.5229 146.5103 14.13433922867180
3.0,GENERATED VIA SPACE-TRACK.ORG API,2025-12-06 12:48:24+00:00,18 SPCS,NOAA 19,2009-005A,EARTH,TEME,UTC,SGP4,2025-12-06 07:04:17.094720+00:00,14.13434178,0.00133043,98.9776,45.8254,212.5277,147.5076,0,U,33591,999,86723,0.00010715659000,0.00000156,0.0000000000000,7225.781,101.880,857.259,838.032,PAYLOAD,LARGE,US,2009-02-06,AFWTR,,4918520,304603112,0 NOAA 19,1 33591U 09005A   25340.29464230  .00000156  00000-0  10716-3 0  9999,2 33591  98.9776  45.8254 0013304 212.5277 147.5076 14.13434178867236
3.0,GENERATED VIA SPACE-TRACK.ORG API,2025-12-06 17:59:03+00:00,18 SPCS,NOAA 19,2009-005A,EARTH,TEME,UTC,SGP4,2025-12-06 15:33:57.978144+00:00,14.13434288,0.00133179,98.9776,46.1805,211.5019,148.5357,0,U,33591,999,86728,0.00010097057000,0.00000145,0.0000000000000,7225.780,101.880,857.269,838.022,PAYLOAD,LARGE,US,2009-02-06,AFWTR,,4918544,304634112,0 NOAA 19,1 33591U 09005A   25340.64858771  .00000145  00000-0  10097-3 0  9995,2 33591  98.9776  46.1805 0013318 211.5019 148.5357 14.13434288867280
3.0,GENERATED VIA SPACE-TRACK.ORG API,2025-12-07 05:42:25+00:00,18 SPCS,NOAA 19,2009-005A,EARTH,TEME,UTC,SGP4,2025-12-06 22:21:42.683328+00:00,14.13434356,0.00133298,98.9775,46.4646,210.6728,149.3666,0,U,33591,999,86732,0.00009984869600,0.00000143,0.0000000000000,7225.780,101.880,857.277,838.013,PAYLOAD,LARGE,US,2009-02-06,AFWTR,,4918577,304666189,0 NOAA 19,1 33591U 09005A   25340.93174402  .00000143  00000-0  99849-4 0  9990,2 33591  98.9775  46.4646 0013330 210.6728 149.3666 14.13434356867329
3.0,GENERATED VIA SPACE-TRACK.ORG API,2025-12-07 17:20:40+00:00,18 SPCS,NOAA 19,2009-005A,EARTH,TEME,UTC,SGP4,2025-12-07 06:51:23.558976+00:00,14.13434571,0.00133456,98.9775,46.8197,209.6764,150.3652,0,U,33591,999,86737,0.00010580620000,0.00000154,0.0000000000000,7225.779,101.879,857.288,838.001,PAYLOAD,LARGE,US,2009-02-06,AFWTR,,4918610,304698118,0 NOAA 19,1 33591U 09005A   25341.28568934  .00000154  00000-0  10581-3 0  9993,2 33591  98.9775  46.8197 0013346 209.6764 150.3652 14.13434571867370
3.0,GENERATED VIA SPACE-TRACK.ORG API,2025-12-08 03:46:37+00:00,18 SPCS,NOAA 19,2009-005A,EARTH,TEME,UTC,SGP4,2025-12-07 22:08:49.133760+00:00,14.13434692,0.00133722,98.9774,47.4589,207.8160,152.2298,0,U,33591,999,86746,0.00009198591800,0.00000128,0.0000000000000,7225.779,101.879,857.307,837.982,PAYLOAD,LARGE,US,2009-02-06,AFWTR,,4918622,304730255,0 NOAA 19,1 33591U 09005A   25341.92279090  .00000128  00000-0  91986-4 0  9996,2 33591  98.9774  47.4589 0013372 207.8160 152.2298 14.13434692867461
3.0,GENERATED VIA SPACE-TRACK.ORG API,2025-12-08 11:02:57+00:00,18 SPCS,NOAA 19,2009-005A,EARTH,TEME,UTC,SGP4,2025-12-08 06:38:30.008544+00:00,14.13434982,0.00133853,98.9773,47.8140,206.7868,153.2614,0,U,33591,999,86751,0.00010630095000,0.00000155,0.0000000000000,7225.778,101.879,857.315,837.971,PAYLOAD,LARGE,US,2009-02-06,AFWTR,,4918630,304761832,0 NOAA 19,1 33591U 09005A   25342.27673621  .00000155  00000-0  10630-3 0  9999,2 33591  98.9773  47.8140 0013385 206.7868 153.2614 14.13434982867515
3.0,GENERATED VIA SPACE-TRACK.ORG API,2025-12-08 18:20:44+00:00,18 SPCS,NOAA 19,2009-005A,EARTH,TEME,UTC,SGP4,2025-12-08 15:08:10.875552+00:00,14.13435146,0.00134013,98.9773,48.1691,205.7354,154.3152,0,U,33591,999,86756,0.00010838879000,0.00000159,0.0000000000000,7225.777,101.879,857.326,837.959,PAYLOAD,LARGE,US,2009-02-06,AFWTR,,4918649,304793744,0 NOAA 19,1 33591U 09005A   25342.63068143  .00000159  00000-0  10839-3 0  9991,2 33591  98.9773  48.1691 0013401 205.7354 154.3152 14.13435146867565
3.0,GENERATED VIA SPACE-TRACK.ORG API,2025-12-09 00:06:17+00:00,18 SPCS,NOAA 19,2009-005A,EARTH,TEME,UTC,SGP4,2025-12-08 18:32:03.219936+00:00,14.13435200,0.00134060,98.9773,48.3111,205.3205,154.7311,0,U,33591,999,86758,0.00010865000000,0.00000159,0.0000000000000,7225.777,101.879,857.329,837.955,PAYLOAD,LARGE,US,2009-02-06,AFWTR,,4918756,304814519,0 NOAA 19,1 33591U 09005A   25342.77225949  .00000159  00000-0  10865-3 0  9994,2 33591  98.9773  48.3111 0013406 205.3205 154.7311 14.13435200867584
3.0,GENERATED VIA SPACE-TRACK.ORG API,2025-12-09 05:08:39+00:00,18 SPCS,NOAA 19,2009-005A,EARTH,TEME,UTC,SGP4,2025-12-08 21:55:55.571232+00:00,14.13434987,0.00134138,98.9772,48.4532,204.9070,155.1456,0,U,33591,999,86760,0.00008310651400,0.00000111,0.0000000000000,7225.778,101.879,857.336,837.951,PAYLOAD,LARGE,US,2009-02-06,AFWTR,,4919542,304845175,0 NOAA 19,1 33591U 09005A   25342.91383763  .00000111  00000-0  83107-4 0  9997,2 33591  98.9772  48.4532 0013414 204.9070 155.1456 14.13434987867604
3.0,GENERATED VIA SPACE-TRACK.ORG API,2025-12-09 07:56:27+00:00,18 SPCS,NOAA 19,2009-005A,EARTH,TEME,UTC,SGP4,2025-12-09 04:43:40.265184+00:00,14.13435071,0.00134270,98.9772,48.7372,204.0953,155.9593,0,U,33591,999,86764,0.00008090100000,0.00000107,0.0000000000000,7225.778,101.879,857.345,837.941,PAYLOAD,LARGE,US,2009-02-06,AFWTR,,4919578,304866061,0 NOAA 19,1 33591U 09005A   25343.19699381  .00000107  00000-0  80901-4 0  9998,2 33591  98.9772  48.7372 0013427 204.0953 155.9593 14.13435071867643
3.0,GENERATED VIA SPACE-TRACK.ORG API,2025-12-09 13:02:25+00:00,18 SPCS,NOAA 19,2009-005A,EARTH,TEME,UTC,SGP4,2025-12-09 06:25:36.436512+00:00,14.13435241,0.00134293,98.9772,48.8083,203.8975,156.1575,0,U,33591,999,86765,0.00009444655100,0.00000132,0.0000000000000,7225.777,101.879,857.346,837.938,PAYLOAD,LARGE,US,2009-02-06,AFWTR,,4920375,304895920,0 NOAA 19,1 33591U 09005A   25343.26778283  .00000132  00000-0  94447-4 0  9993,2 33591  98.9772  48.8083 0013429 203.8975 156.1575 14.13435241867659
3.0,GENERATED VIA SPACE-TRACK.ORG API,2025-12-09 15:16:22+00:00,18 SPCS,NOAA 19,2009-005A,EARTH,TEME,UTC,SGP4,2025-12-09 11:31:24.953952+00:00,14.13435302,0.00134370,98.9772,49.0214,203.2703,156.7862,0,U,33591,999,86768,0.00009484500000,0.00000133,0.0000000000000,7225.777,101.879,857.351,837.933,PAYLOAD,LARGE,US,2009-02-06,AFWTR,,4920606,304922465,0 NOAA 19,1 33591U 09005A   25343.48014993  .00000133  00000-0  94845-4 0  9991,2 33591  98.9772  49.0214 0013437 203.2703 156.7862 14.13435302867686
3.0,GENERATED VIA SPACE-TRACK.ORG API,2025-12-09 17:41:06+00:00,18 SPCS,NOAA 19,2009-005A,EARTH,TEME,UTC,SGP4,2025-12-09 14:55:17.298336+00:00,14.13435349,0.00134446,98.9772,49.1634,202.8585,157.1990,0,U,33591,999,86770,0.00009450378700,0.00000133,0.0000000000000,7225.777,101.879,857.357,837.927,PAYLOAD,LARGE,US,2009-02-06,AFWTR,,4921142,304946642,0 NOAA 19,1 33591U 09005A   25343.62172799  .00000133  00000-0  94504-4 0  9998,2 33591  98.9772  49.1634 0013445 202.8585 157.1990 14.13435349867706
3.0,GENERATED VIA SPACE-TRACK.ORG API,2025-12-09 23:36:16+00:00,18 SPCS,NOAA 19,2009-005A,EARTH,TEME,UTC,SGP4,2025-12-09 18:19:09.640992+00:00,14.13435411,0.00134500,98.9771,49.3054,202.4337,157.6248,0,U,33591,999,86772,0.00009668900000,0.00000137,0.0000000000000,7225.777,101.879,857.360,837.923,PAYLOAD,LARGE,US,2009-02-06,AFWTR,,4921177,304967266,0 NOAA 19,1 33591U 09005A   25343.76330603  .00000137  00000-0  96689-4 0  9993,2 33591  98.9771  49.3054 0013450 202.4337 157.6248 14.13435411867723
3.0,GENERATED VIA SPACE-TRACK.ORG API,2025-12-10 07:46:55+00:00,18 SPCS,NOAA 19,2009-005A,EARTH,TEME,UTC,SGP4,2025-12-10 04:30:46.675872+00:00,14.13435373,0.00134700,98.9771,49.7316,201.2170,158.8445,0,U,33591,999,86778,0.00007799200000,0.00000102,0.0000000000000,7225.777,101.879,857.375,837.909,PAYLOAD,LARGE,US,2009-02-06,AFWTR,,4922245,304993843,0 NOAA 19,1 33591U 09005A   25344.18804023  .00000102  00000-0  77992-4 0  9990,2 33591  98.9771  49.7316 0013470 201.2170 158.8445 14.13435373867787
3.0,GENERATED VIA SPACE-TRACK.ORG API,2025-12-10 10:40:49+00:00,18 SPCS,NOAA 19,2009-005A,EARTH,TEME,UTC,SGP4,2025-12-10 06:12:42.848064+00:00,14.13435445,0.00134723,98.9771,49.8026,201.0245,159.0375,0,U,33591,999,86779,0.00008297283300,0.00000111,0.0000000000000,7225.776,101.879,857.376,837.907,PAYLOAD,LARGE,US,2009-02-06,AFWTR,,4922494,305010504,0 NOAA 19,1 33591U 09005A   25344.25882926  .00000111  00000-0  82973-4 0  9991,2 33591  98.9771  49.8026 0013472 201.0245 159.0375 14.13435445867795
3.0,GENERATED VIA SPACE-TRACK.ORG API,2025-12-10 15:06:33+00:00,18 SPCS,NOAA 19,2009-005A,EARTH,TEME,UTC,SGP4,2025-12-10 11:18:31.361184+00:00,14.13435542,0.00134850,98.9771,50.0157,200.3749,159.6886,0,U,33591,999,86782,0.00008891000000,0.00000122,0.0000000000000,7225.776,101.879,857.385,837.897,PAYLOAD,LARGE,US,2009-02-06,AFWTR,,4922546,305031500,0 NOAA 19,1 33591U 09005A   25344.47119631  .00000122  00000-0  88910-4 0  9990,2 33591  98.9771  50.0157 0013485 200.3749 159.6886 14.13435542867824
3.0,GENERATED VIA SPACE-TRACK.ORG API,2025-12-10 19:58:43+00:00,18 SPCS,NOAA 19,2009-005A,EARTH,TEME,UTC,SGP4,2025-12-10 14:42:23.701248+00:00,14.13435615,0.00134934,98.9770,50.1577,199.9491,160.1155,0,U,33591,999,86784,0.00008913045000,0.00000122,0.0000000000000,7225.776,101.879,857.391,837.891,PAYLOAD,LARGE,US,2009-02-06,AFWTR,,4923342,305060640,0 NOAA 19,1 33591U 09005A   25344.61277432  .00000122  00000-0  89130-4 0  9995,2 33591  98.9770  50.1577 0013493 199.9491 160.1155 14.13435615867845
3.0,GENERATED VIA SPACE-TRACK.ORG API,2025-12-10 22:36:29+00:00,18 SPCS,NOAA 19,2009-005A,EARTH,TEME,UTC,SGP4,2025-12-10 18:06:16.043040+00:00,14.13435654,0.00134990,98.9770,50.2998,199.5449,160.5207,0,U,33591,999,86786,0.00008954700000,0.00000123,0.0000000000000,7225.776,101.879,857.395,837.887,PAYLOAD,LARGE,US,2009-02-06,AFWTR,,4923384,305083058,0 NOAA 19,1 33591U 09005A   25344.75435235  .00000123  00000-0  89547-4 0  9990,2 33591  98.9770  50.2998 0013499 199.5449 160.5207 14.13435654867865
3.0,GENERATED VIA SPACE-TRACK.ORG API,2025-12-11 03:54:24+00:00,18 SPCS,NOAA 19,2009-005A,EARTH,TEME,UTC,SGP4,2025-12-10 21:30:08.386560+00:00,14.13435613,0.00135067,98.9770,50.4418,199.1488,160.9178,0,U,33591,999,86788,0.00008133061300,0.00000108,0.0000000000000,7225.776,101.879,857.401,837.881,PAYLOAD,LARGE,US,2009-02-06,AFWTR,,4924027,305109720,0 NOAA 19,1 33591U 09005A   25344.89593040  .00000108  00000-0  81331-4 0  9990,2 33591  98.9770  50.4418 0013507 199.1488 160.9178 14.13435613867881
3.0,GENERATED VIA SPACE-TRACK.ORG API,2025-12-11 07:36:32+00:00,18 SPCS,NOAA 19,2009-005A,EARTH,TEME,UTC,SGP4,2025-12-11 04:17:53.071008+00:00,14.13435681,0.00135170,98.9770,50.7259,198.3860,161.6825,0,U,33591,999,86792,0.00007965500000,0.00000105,0.0000000000000,7225.776,101.879,857.408,837.874,PAYLOAD,LARGE,US,2009-02-06,AFWTR,,4924095,305131255,0 NOAA 19,1 33591U 09005A   25345.17908647  .00000105  00000-0  79655-4 0  9998,2 33591  98.9770  50.7259 0013517 198.3860 161.6825 14.13435681867920
3.0,GENERATED VIA SPACE-TRACK.ORG API,2025-12-11 10:54:47+00:00,18 SPCS,NOAA 19,2009-005A,EARTH,TEME,UTC,SGP4,2025-12-11 05:59:49.238016+00:00,14.13435791,0.00135209,98.9770,50.7969,198.1819,161.8871,0,U,33591,999,86793,0.00008610741200,0.00000117,0.0000000000000,7225.775,101.879,857.410,837.870,PAYLOAD,LARGE,US,2009-02-06,AFWTR,,4924811,305159615,0 NOAA 19,1 33591U 09005A   25345.24987544  .00000117  00000-0  86107-4 0  9992,2 33591  98.9770  50.7969 0013521 198.1819 161.8871 14.13435791867931
3.0,GENERATED VIA SPACE-TRACK.ORG API,2025-12-11 19:14:58+00:00,18 SPCS,NOAA 19,2009-005A,EARTH,TEME,UTC,SGP4,2025-12-11 14:29:30.093792+00:00,14.13435826,0.00135434,98.9769,51.1520,197.1250,162.9467,0,U,33591,999,86798,0.00007653159000,0.00000099,0.0000000000000,7225.775,101.879,857.426,837.854,PAYLOAD,LARGE,US,2009-02-06,AFWTR,,4924847,305191753,0 NOAA 19,1 33591U 09005A   25345.60382053  .00000099  00000-0  76532-4 0  9996,2 33591  98.9769  51.1520 0013543 197.1250 162.9467 14.13435826867986
3.0,GENERATED VIA SPACE-TRACK.ORG API,2025-12-12 03:16:50+00:00,18 SPCS,NOAA 19,2009-005A,EARTH,TEME,UTC,SGP4,2025-12-12 00:41:07.115712+00:00,14.13435894,0.00135689,98.9769,51.5781,195.9058,164.1689,0,U,33591,999,86804,0.00007096874300,0.00000088,0.0000000000000,7225.775,101.879,857.445,837.835,PAYLOAD,LARGE,US,2009-02-06,AFWTR,,4924904,305223923,0 NOAA 19,1 33591U 09005A   25346.02855458  .00000088  00000-0  70969-4 0  9993,2 33591  98.9769  51.5781 0013569 195.9058 164.1689 14.13435894868042
3.0,GENERATED VIA SPACE-TRACK.ORG API,2025-12-12 07:06:29+00:00,18 SPCS,NOAA 19,2009-005A,EARTH,TEME,UTC,SGP4,2025-12-12 04:04:59.454048+00:00,14.13435947,0.00135740,98.9769,51.7201,195.5375,164.5382,0,U,33591,999,86806,0.00007073900000,0.00000088,0.0000000000000,7225.775,101.879,857.448,837.831,PAYLOAD,LARGE,US,2009-02-06,AFWTR,,4924999,305244858,0 NOAA 19,1 33591U 09005A   25346.17013257  .00000088  00000-0  70739-4 0  9997,2 33591  98.9769  51.7201 0013574 195.5375 164.5382 14.13435947868060
3.0,GENERATED VIA SPACE-TRACK.ORG API,2025-12-12 10:14:36+00:00,18 SPCS,NOAA 19,2009-005A,EARTH,TEME,UTC,SGP4,2025-12-12 05:46:55.621920+00:00,14.13435997,0.00135762,98.9769,51.7911,195.3425,164.7338,0,U,33591,999,86807,0.00007337941800,0.00000093,0.0000000000000,7225.775,101.879,857.449,837.830,PAYLOAD,LARGE,US,2009-02-06,AFWTR,,4925670,305272886,0 NOAA 19,1 33591U 09005A   25346.24092155  .00000093  00000-0  73379-4 0  9998,2 33591  98.9769  51.7911 0013576 195.3425 164.7338 14.13435997868073
3.0,GENERATED VIA SPACE-TRACK.ORG API,2025-12-13 04:32:25+00:00,18 SPCS,NOAA 19,2009-005A,EARTH,TEME,UTC,SGP4,2025-12-13 00:28:13.483200+00:00,14.13436241,0.00136155,98.9768,52.5723,193.1044,166.9776,0,U,33591,999,86818,0.00007180916800,0.00000090,0.0000000000000,7225.774,101.879,857.477,837.800,PAYLOAD,LARGE,US,2009-02-06,AFWTR,,4925723,305304986,0 NOAA 19,1 33591U 09005A   25347.01960050  .00000090  00000-0  71809-4 0  9995,2 33591  98.9768  52.5723 0013616 193.1044 166.9776 14.13436241868185
3.0,GENERATED VIA SPACE-TRACK.ORG API,2025-12-13 17:47:00+00:00,18 SPCS,NOAA 19,2009-005A,EARTH,TEME,UTC,SGP4,2025-12-13 05:34:01.985952+00:00,14.13436368,0.00136253,98.9768,52.7853,192.5085,167.5751,0,U,33591,999,86821,0.00007561917700,0.00000097,0.0000000000000,7225.773,101.879,857.484,837.793,PAYLOAD,LARGE,US,2009-02-06,AFWTR,,4925758,305337979,0 NOAA 19,1 33591U 09005A   25347.23196743  .00000097  00000-0  75619-4 0  9999,2 33591  98.9768  52.7853 0013625 192.5085 167.5751 14.13436368868213
3.0,GENERATED VIA SPACE-TRACK.ORG API,2025-12-14 03:07:11+00:00,18 SPCS,NOAA 19,2009-005A,EARTH,TEME,UTC,SGP4,2025-12-13 15:45:39.002688+00:00,14.13436405,0.00136492,98.9768,53.2114,191.2880,168.7988,0,U,33591,999,86827,0.00006584281300,0.00000079,0.0000000000000,7225.773,101.879,857.501,837.776,PAYLOAD,LARGE,US,2009-02-06,AFWTR,,4925770,305368840,0 NOAA 19,1 33591U 09005A   25347.65670142  .00000079  00000-0  65843-4 0  9993,2 33591  98.9768  53.2114 0013649 191.2880 168.7988 14.13436405868277
3.0,GENERATED VIA SPACE-TRACK.ORG API,2025-12-14 11:30:26+00:00,18 SPCS,NOAA 19,2009-005A,EARTH,TEME,UTC,SGP4,2025-12-13 22:33:23.671584+00:00,14.13436478,0.00136651,98.9767,53.4955,190.4790,169.6099,0,U,33591,999,86831,0.00006431139600,0.00000076,0.0000000000000,7225.773,101.879,857.512,837.764,PAYLOAD,LARGE,US,2009-02-06,AFWTR,,4925779,305400566,0 NOAA 19,1 33591U 09005A   25347.93985731  .00000076  00000-0  64311-4 0  9993,2 33591  98.9767  53.4955 0013665 190.4790 169.6099 14.13436478868318
3.0,GENERATED VIA SPACE-TRACK.ORG API,2025-12-14 18:24:38+00:00,18 SPCS,NOAA 19,2009-005A,EARTH,TEME,UTC,SGP4,2025-12-14 07:03:04.509216+00:00,14.13436609,0.00136820,98.9767,53.8506,189.4856,170.6060,0,U,33591,999,86836,0.00006625199600,0.00000079,0.0000000000000,7225.773,101.879,857.524,837.751,PAYLOAD,LARGE,US,2009-02-06,AFWTR,,4925820,305432649,0 NOAA 19,1 33591U 09005A   25348.29380219  .00000079  00000-0  66252-4 0  9992,2 33591  98.9767  53.8506 0013682 189.4856 170.6060 14.13436609868365
3.0,GENERATED VIA SPACE-TRACK.ORG API,2025-12-15 04:20:25+00:00,18 SPCS,NOAA 19,2009-005A,EARTH,TEME,UTC,SGP4,2025-12-14 22:20:30.018336+00:00,14.13436667,0.00137120,98.9767,54.4897,187.6685,172.4280,0,U,33591,999,86845,0.00005166019500,0.00000052,0.0000000000000,7225.772,101.879,857.545,837.729,PAYLOAD,LARGE,US,2009-02-06,AFWTR,,4925847,305465354,0 NOAA 19,1 33591U 09005A   25348.93090299  .00000052  00000-0  51660-4 0  9997,2 33591  98.9767  54.4897 0013712 187.6685 172.4280 14.13436667868457
3.0,GENERATED VIA SPACE-TRACK.ORG API,2025-12-15 20:47:01+00:00,18 SPCS,NOAA 19,2009-005A,EARTH,TEME,UTC,SGP4,2025-12-15 06:50:10.853376+00:00,14.13436772,0.00137234,98.9767,54.8448,186.6934,173.4057,0,U,33591,999,86850,0.00005009424800,0.00000049,0.0000000000000,7225.772,101.879,857.553,837.721,PAYLOAD,LARGE,US,2009-02-06,AFWTR,,4925932,305497481,0 NOAA 19,1 33591U 09005A   25349.28484784  .00000049  00000-0  50094-4 0  9998,2 33591  98.9767  54.8448 0013723 186.6934 173.4057 14.13436772868507
3.0,GENERATED VIA SPACE-TRACK.ORG API,2025-12-16 02:19:10+00:00,18 SPCS,NOAA 19,2009-005A,EARTH,TEME,UTC,SGP4,2025-12-15 22:07:36.352128+00:00,14.13436909,0.00137544,98.9766,55.4840,184.8679,175.2361,0,U,33591,999,86859,0.00004857660500,0.00000046,0.0000000000000,7225.771,101.879,857.575,837.698,PAYLOAD,LARGE,US,2009-02-06,AFWTR,,4925951,305529265,0 NOAA 19,1 33591U 09005A   25349.92194852  .00000046  00000-0  48577-4 0  9993,2 33591  98.9766  55.4840 0013754 184.8679 175.2361 14.13436909868598
3.0,GENERATED VIA SPACE-TRACK.ORG API,2025-12-16 18:50:54+00:00,18 SPCS,NOAA 19,2009-005A,EARTH,TEME,UTC,SGP4,2025-12-16 06:37:17.182848+00:00,14.13437016,0.00137695,98.9766,55.8391,183.8846,176.2222,0,U,33591,999,86864,0.00005236243700,0.00000053,0.0000000000000,7225.771,101.879,857.586,837.687,PAYLOAD,LARGE,US,2009-02-06,AFWTR,,4926060,305561410,0 NOAA 19,1 33591U 09005A   25350.27589332  .00000053  00000-0  52362-4 0  9999,2 33591  98.9766  55.8391 0013769 183.8846 176.2222 14.13437016868647
3.0,GENERATED VIA SPACE-TRACK.ORG API,2025-12-17 02:25:03+00:00,18 SPCS,NOAA 19,2009-005A,EARTH,TEME,UTC,SGP4,2025-12-16 21:54:42.676416+00:00,14.13437109,0.00138047,98.9764,56.4782,182.0330,178.0788,0,U,33591,999,86873,0.00004592830700,0.00000041,0.0000000000000,7225.771,101.879,857.611,837.661,PAYLOAD,LARGE,US,2009-02-06,AFWTR,,4926108,305592300,0 NOAA 19,1 33591U 09005A   25350.91299394  .00000041  00000-0  45928-4 0  9993,2 33591  98.9764  56.4782 0013805 182.0330 178.0788 14.13437109868736
3.0,GENERATED VIA SPACE-TRACK.ORG API,2025-12-17 11:34:26+00:00,18 SPCS,NOAA 19,2009-005A,EARTH,TEME,UTC,SGP4,2025-12-17 06:24:23.501952+00:00,14.13437200,0.00138195,98.9764,56.8333,181.0647,179.0498,0,U,33591,999,86878,0.00004950866800,0.00000048,0.0000000000000,7225.770,101.879,857.621,837.650,PAYLOAD,LARGE,US,2009-02-06,AFWTR,,4926125,305624055,0 NOAA 19,1 33591U 09005A   25351.26693868  .00000048  00000-0  49509-4 0  9992,2 33591  98.9764  56.8333 0013819 181.0647 179.0498 14.13437200868783
3.0,GENERATED VIA SPACE-TRACK.ORG API,2025-12-17 19:48:56+00:00,18 SPCS,NOAA 19,2009-005A,EARTH,TEME,UTC,SGP4,2025-12-17 14:54:04.328352+00:00,14.13437284,0.00138397,98.9763,57.1884,180.0440,180.0733,0,U,33591,999,86883,0.00005457573200,0.00000058,0.0000000000000,7225.770,101.879,857.635,837.635,PAYLOAD,LARGE,US,2009-02-06,AFWTR,,4926206,305657112,0 NOAA 19,1 33591U 09005A   25351.62088343  .00000058  00000-0  54576-4 0  9999,2 33591  98.9763  57.1884 0013840 180.0440 180.0733 14.13437284868833
3.0,GENERATED VIA SPACE-TRACK.ORG API,2025-12-18 02:19:01+00:00,18 SPCS,NOAA 19,2009-005A,EARTH,TEME,UTC,SGP4,2025-12-17 19:59:52.822464+00:00,14.13437292,0.00138465,98.9763,57.4014,179.4691,180.6498,0,U,33591,999,86886,0.00005318462700,0.00000055,0.0000000000000,7225.770,101.879,857.640,837.630,PAYLOAD,LARGE,US,2009-02-06,AFWTR,,4926279,305688966,0 NOAA 19,1 33591U 09005A   25351.83325026  .00000055  00000-0  53185-4 0  9996,2 33591  98.9763  57.4014 0013847 179.4691 180.6498 14.13437292868864
3.0,GENERATED VIA SPACE-TRACK.ORG API,2025-12-18 11:20:39+00:00,18 SPCS,NOAA 19,2009-005A,EARTH,TEME,UTC,SGP4,2025-12-18 06:11:29.809824+00:00,14.13437371,0.00138648,98.9762,57.8275,178.2986,181.8236,0,U,33591,999,86892,0.00005309192600,0.00000055,0.0000000000000,7225.770,101.879,857.653,837.616,PAYLOAD,LARGE,US,2009-02-06,AFWTR,,4926320,305719895,0 NOAA 19,1 33591U 09005A   25352.25798391  .00000055  00000-0  53092-4 0  9999,2 33591  98.9762  57.8275 0013865 178.2986 181.8236 14.13437371868928
3.0,GENERATED VIA SPACE-TRACK.ORG API,2025-12-18 20:02:43+00:00,18 SPCS,NOAA 19,2009-005A,EARTH,TEME,UTC,SGP4,2025-12-18 14:41:10.633632+00:00,14.13437421,0.00138864,98.9762,58.1826,177.2931,182.8318,0,U,33591,999,86897,0.00005279566100,0.00000054,0.0000000000000,7225.770,101.879,857.669,837.601,PAYLOAD,LARGE,US,2009-02-06,AFWTR,,4926399,305753018,0 NOAA 19,1 33591U 09005A   25352.61192863  .00000054  00000-0  52796-4 0  9990,2 33591  98.9762  58.1826 0013886 177.2931 182.8318 14.13437421868979
3.0,GENERATED VIA SPACE-TRACK.ORG API,2025-12-19 02:08:39+00:00,18 SPCS,NOAA 19,2009-005A,EARTH,TEME,UTC,SGP4,2025-12-18 21:28:55.290432+00:00,14.13437436,0.00138990,98.9761,58.4667,176.5167,183.6104,0,U,33591,999,86901,0.00005077570000,0.00000050,0.0000000000000,7225.770,101.879,857.678,837.592,PAYLOAD,LARGE,US,2009-02-06,AFWTR,,4926467,305784019,0 NOAA 19,1 33591U 09005A   25352.89508438  .00000050  00000-0  50776-4 0  9991,2 33591  98.9761  58.4667 0013899 176.5167 183.6104 14.13437436869015
3.0,GENERATED VIA SPACE-TRACK.ORG API,2025-12-19 10:18:47+00:00,18 SPCS,NOAA 19,2009-005A,EARTH,TEME,UTC,SGP4,2025-12-19 05:58:36.113376+00:00,14.13437453,0.00139136,98.9760,58.8217,175.5576,184.5722,0,U,33591,999,86906,0.00004572947400,0.00000041,0.0000000000000,7225.770,101.879,857.688,837.581,PAYLOAD,LARGE,US,2009-02-06,AFWTR,,4926531,305816004,0 NOAA 19,1 33591U 09005A   25353.24902909  .00000041  00000-0  45729-4 0  9994,2 33591  98.9760  58.8217 0013914 175.5576 184.5722 14.13437453869060
3.0,GENERATED VIA SPACE-TRACK.ORG API,2025-12-19 20:07:10+00:00,18 SPCS,NOAA 19,2009-005A,EARTH,TEME,UTC,SGP4,2025-12-19 14:28:16.934592+00:00,14.13437498,0.00139324,98.9759,59.1768,174.5663,185.5663,0,U,33591,999,86911,0.00004301215000,0.00000036,0.0000000000000,7225.769,101.879,857.702,837.567,PAYLOAD,LARGE,US,2009-02-06,AFWTR,,4926555,305848313,0 NOAA 19,1 33591U 09005A   25353.60297378  .00000036  00000-0  43012-4 0  9998,2 33591  98.9759  59.1768 0013932 174.5663 185.5663 14.13437498869119
3.0,GENERATED VIA SPACE-TRACK.ORG API,2025-12-19 21:06:41+00:00,18 SPCS,NOAA 19,2009-005A,EARTH,TEME,UTC,SGP4,2025-12-19 14:28:16.933728+00:00,14.13437498,0.00139320,98.9759,59.1768,174.5663,185.5663,0,U,33591,999,86911,0.00004301200000,0.00000036,0.0000000000000,7225.769,101.879,857.701,837.568,PAYLOAD,LARGE,US,2009-02-06,AFWTR,,4926591,305870924,0 NOAA 19,1 33591U 09005A   25353.60297377  .00000036  00000-0  43012-4 0  9997,2 33591  98.9759  59.1768 0013932 174.5663 185.5663 14.13437498869119
3.0,GENERATED VIA SPACE-TRACK.ORG API,2025-12-19 23:16:33+00:00,18 SPCS,NOAA 19,2009-005A,EARTH,TEME,UTC,SGP4,2025-12-19 19:34:05.426112+00:00,14.13437513,0.00139400,98.9759,59.3898,173.9838,186.1504,0,U,33591,999,86914,0.00004169200000,0.00000033,0.0000000000000,7225.769,101.879,857.707,837.562,PAYLOAD,LARGE,US,2009-02-06,AFWTR,,4927561,305893272,0 NOAA 19,1 33591U 09005A   25353.81534058  .00000033  00000-0  41692-4 0  9999,2 33591  98.9759  59.3898 0013940 173.9838 186.1504 14.13437513869143
3.0,GENERATED VIA SPACE-TRACK.ORG API,2025-12-20 03:40:46+00:00,18 SPCS,NOAA 19,2009-005A,EARTH,TEME,UTC,SGP4,2025-12-19 21:16:01.590528+00:00,14.13437505,0.00139462,98.9759,59.4608,173.7880,186.3468,0,U,33591,999,86915,0.00003960920000,0.00000029,0.0000000000000,7225.769,101.879,857.712,837.557,PAYLOAD,LARGE,US,2009-02-06,AFWTR,,4927604,305906254,0 NOAA 19,1 33591U 09005A   25353.88612952  .00000029  00000-0  39609-4 0  9996,2 33591  98.9759  59.4608 0013946 173.7880 186.3468 14.13437505869157
3.0,GENERATED VIA SPACE-TRACK.ORG API,2025-12-20 07:46:41+00:00,18 SPCS,NOAA 19,2009-005A,EARTH,TEME,UTC,SGP4,2025-12-20 04:03:46.242144+00:00,14.13437601,0.00139560,98.9758,59.7449,173.0255,187.1114,0,U,33591,999,86919,0.00004350400000,0.00000037,0.0000000000000,7225.769,101.879,857.718,837.550,PAYLOAD,LARGE,US,2009-02-06,AFWTR,,4927651,305928407,0 NOAA 19,1 33591U 09005A   25354.16928521  .00000037  00000-0  43504-4 0  9998,2 33591  98.9758  59.7449 0013956 173.0255 187.1114 14.13437601869190
3.0,GENERATED VIA SPACE-TRACK.ORG API,2025-12-20 14:36:39+00:00,18 SPCS,NOAA 19,2009-005A,EARTH,TEME,UTC,SGP4,2025-12-20 10:51:30.897216+00:00,14.13437643,0.00139700,98.9758,60.0289,172.2347,187.9044,0,U,33591,999,86923,0.00004275300000,0.00000035,0.0000000000000,7225.769,101.879,857.728,837.540,PAYLOAD,LARGE,US,2009-02-06,AFWTR,,4928583,305983380,0 NOAA 19,1 33591U 09005A   25354.45244094  .00000035  00000-0  42753-4 0  9999,2 33591  98.9758  60.0289 0013970 172.2347 187.9044 14.13437643869237
3.0,GENERATED VIA SPACE-TRACK.ORG API,2025-12-20 17:42:43+00:00,18 SPCS,NOAA 19,2009-005A,EARTH,TEME,UTC,SGP4,2025-12-20 14:15:23.223456+00:00,14.13437677,0.00139799,98.9758,60.1709,171.8387,188.3015,0,U,33591,999,86925,0.00004171422400,0.00000033,0.0000000000000,7225.769,101.879,857.735,837.532,PAYLOAD,LARGE,US,2009-02-06,AFWTR,,4928986,306003037,0 NOAA 19,1 33591U 09005A   25354.59401879  .00000033  00000-0  41714-4 0  9994,2 33591  98.9758  60.1709 0013980 171.8387 188.3015 14.13437677869257
3.0,GENERATED VIA SPACE-TRACK.ORG API,2025-12-20 23:46:44+00:00,18 SPCS,NOAA 19,2009-005A,EARTH,TEME,UTC,SGP4,2025-12-20 19:21:11.710656+00:00,14.13437734,0.00139880,98.9757,60.3839,171.2368,188.9051,0,U,33591,999,86928,0.00004409600000,0.00000038,0.0000000000000,7225.769,101.879,857.741,837.526,PAYLOAD,LARGE,US,2009-02-06,AFWTR,,4929030,306025170,0 NOAA 19,1 33591U 09005A   25354.80638554  .00000038  00000-0  44096-4 0  9991,2 33591  98.9757  60.3839 0013988 171.2368 188.9051 14.13437734869286
3.0,GENERATED VIA SPACE-TRACK.ORG API,2025-12-21 03:42:25+00:00,18 SPCS,NOAA 19,2009-005A,EARTH,TEME,UTC,SGP4,2025-12-20 21:03:07.873344+00:00,14.13437771,0.00139918,98.9757,60.4549,171.0366,189.1058,0,U,33591,999,86929,0.00004702919600,0.00000043,0.0000000000000,7225.769,101.879,857.744,837.523,PAYLOAD,LARGE,US,2009-02-06,AFWTR,,4929614,306051052,0 NOAA 19,1 33591U 09005A   25354.87717446  .00000043  00000-0  47029-4 0  9991,2 33591  98.9757  60.4549 0013992 171.0366 189.1058 14.13437771869298
3.0,GENERATED VIA SPACE-TRACK.ORG API,2025-12-21 07:06:41+00:00,18 SPCS,NOAA 19,2009-005A,EARTH,TEME,UTC,SGP4,2025-12-21 03:50:52.524096+00:00,14.13437837,0.00140060,98.9756,60.7390,170.2678,189.8767,0,U,33591,999,86933,0.00004615700000,0.00000042,0.0000000000000,7225.768,101.879,857.754,837.513,PAYLOAD,LARGE,US,2009-02-06,AFWTR,,4929657,306072798,0 NOAA 19,1 33591U 09005A   25355.16033014  .00000042  00000-0  46157-4 0  9996,2 33591  98.9756  60.7390 0014006 170.2678 189.8767 14.13437837869330
3.0,GENERATED VIA SPACE-TRACK.ORG API,2025-12-21 13:38:25+00:00,18 SPCS,NOAA 19,2009-005A,EARTH,TEME,UTC,SGP4,2025-12-21 05:32:48.686784+00:00,14.13437898,0.00140100,98.9756,60.8100,170.0682,190.0769,0,U,33591,999,86934,0.00005007418300,0.00000049,0.0000000000000,7225.768,101.879,857.756,837.510,PAYLOAD,LARGE,US,2009-02-06,AFWTR,,4930336,306099536,0 NOAA 19,1 33591U 09005A   25355.23111906  .00000049  00000-0  50074-4 0  9991,2 33591  98.9756  60.8100 0014010 170.0682 190.0769 14.13437898869342
3.0,GENERATED VIA SPACE-TRACK.ORG API,2025-12-21 14:36:43+00:00,18 SPCS,NOAA 19,2009-005A,EARTH,TEME,UTC,SGP4,2025-12-21 10:38:37.173120+00:00,14.13437936,0.00140210,98.9756,61.0230,169.4803,190.6665,0,U,33591,999,86937,0.00004896100000,0.00000047,0.0000000000000,7225.768,101.879,857.764,837.502,PAYLOAD,LARGE,US,2009-02-06,AFWTR,,4930367,306122399,0 NOAA 19,1 33591U 09005A   25355.44348580  .00000047  00000-0  48961-4 0  9994,2 33591  98.9756  61.0230 0014021 169.4803 190.6665 14.13437936869375
3.0,GENERATED VIA SPACE-TRACK.ORG API,2025-12-21 17:17:06+00:00,18 SPCS,NOAA 19,2009-005A,EARTH,TEME,UTC,SGP4,2025-12-21 12:20:33.335808+00:00,14.13437963,0.00140240,98.9756,61.0940,169.2833,190.8641,0,U,33591,999,86938,0.00004977730700,0.00000049,0.0000000000000,7225.768,101.879,857.766,837.499,PAYLOAD,LARGE,US,2009-02-06,AFWTR,,4931043,306149016,0 NOAA 19,1 33591U 09005A   25355.51427472  .00000049  00000-0  49777-4 0  9998,2 33591  98.9756  61.0940 0014024 169.2833 190.8641 14.13437963869384
3.0,GENERATED VIA SPACE-TRACK.ORG API,2025-12-21 23:56:47+00:00,18 SPCS,NOAA 19,2009-005A,EARTH,TEME,UTC,SGP4,2025-12-21 19:08:17.983104+00:00,14.13438032,0.00140370,98.9755,61.3780,168.4967,191.6528,0,U,33591,999,86942,0.00005001100000,0.00000049,0.0000000000000,7225.768,101.879,857.775,837.490,PAYLOAD,LARGE,US,2009-02-06,AFWTR,,4931087,306171693,0 NOAA 19,1 33591U 09005A   25355.79743036  .00000049  00000-0  50011-4 0  9998,2 33591  98.9755  61.3780 0014037 168.4967 191.6528 14.13438032869427
3.0,GENERATED VIA SPACE-TRACK.ORG API,2025-12-22 07:26:20+00:00,18 SPCS,NOAA 19,2009-005A,EARTH,TEME,UTC,SGP4,2025-12-22 03:37:58.789632+00:00,14.13438160,0.00140560,98.9754,61.7331,167.5144,192.6379,0,U,33591,999,86947,0.00005235500000,0.00000053,0.0000000000000,7225.767,101.879,857.789,837.476,PAYLOAD,LARGE,US,2009-02-06,AFWTR,,4931803,306189142,0 NOAA 19,1 33591U 09005A   25356.15137488  .00000053  00000-0  52355-4 0  9995,2 33591  98.9754  61.7331 0014056 167.5144 192.6379 14.13438160869472
3.0,GENERATED VIA SPACE-TRACK.ORG API,2025-12-22 10:45:50+00:00,18 SPCS,NOAA 19,2009-005A,EARTH,TEME,UTC,SGP4,2025-12-22 05:19:54.949728+00:00,14.13438211,0.00140588,98.9754,61.8041,167.3274,192.8254,0,U,33591,999,86948,0.00005495203200,0.00000058,0.0000000000000,7225.767,101.879,857.791,837.473,PAYLOAD,LARGE,US,2009-02-06,AFWTR,,4932384,306214097,0 NOAA 19,1 33591U 09005A   25356.22216377  .00000058  00000-0  54952-4 0  9998,2 33591  98.9754  61.8041 0014059 167.3274 192.8254 14.13438211869488
3.0,GENERATED VIA SPACE-TRACK.ORG API,2025-12-22 18:34:21+00:00,18 SPCS,NOAA 19,2009-005A,EARTH,TEME,UTC,SGP4,2025-12-22 12:07:39.593568+00:00,14.13438250,0.00140731,98.9754,62.0881,166.5372,193.6178,0,U,33591,999,86952,0.00005184286700,0.00000052,0.0000000000000,7225.767,101.879,857.801,837.463,PAYLOAD,LARGE,US,2009-02-06,AFWTR,,4932419,306245516,0 NOAA 19,1 33591U 09005A   25356.50531937  .00000052  00000-0  51843-4 0  9991,2 33591  98.9754  62.0881 0014073 166.5372 193.6178 14.13438250869521
3.0,GENERATED VIA SPACE-TRACK.ORG API,2025-12-22 22:47:49+00:00,18 SPCS,NOAA 19,2009-005A,EARTH,TEME,UTC,SGP4,2025-12-22 18:55:24.233088+00:00,14.13438368,0.00140860,98.9754,62.3721,165.7395,194.4177,0,U,33591,999,86956,0.00005565500000,0.00000060,0.0000000000000,7225.767,101.879,857.810,837.453,PAYLOAD,LARGE,US,2009-02-06,AFWTR,,4932471,306268421,0 NOAA 19,1 33591U 09005A   25356.78847492  .00000060  00000-0  55655-4 0  9991,2 33591  98.9754  62.3721 0014086 165.7395 194.4177 14.13438368869569
3.0,GENERATED VIA SPACE-TRACK.ORG API,2025-12-23 02:54:50+00:00,18 SPCS,NOAA 19,2009-005A,EARTH,TEME,UTC,SGP4,2025-12-22 22:19:16.554144+00:00,14.13438410,0.00140929,98.9753,62.5142,165.3562,194.8021,0,U,33591,999,86958,0.00005731258200,0.00000063,0.0000000000000,7225.766,101.879,857.815,837.448,PAYLOAD,LARGE,US,2009-02-06,AFWTR,,4932761,306286514,0 NOAA 19,1 33591U 09005A   25356.93005271  .00000063  00000-0  57313-4 0  9995,2 33591  98.9753  62.5142 0014093 165.3562 194.8021 14.13438410869589
3.0,GENERATED VIA SPACE-TRACK.ORG API,2025-12-23 09:36:18+00:00,18 SPCS,NOAA 19,2009-005A,EARTH,TEME,UTC,SGP4,2025-12-23 03:25:05.035296+00:00,14.13438475,0.00141030,98.9753,62.7272,164.7665,195.3935,0,U,33591,999,86961,0.00005747500000,0.00000063,0.0000000000000,7225.766,101.879,857.822,837.441,PAYLOAD,LARGE,US,2009-02-06,AFWTR,,4932794,306307746,0 NOAA 19,1 33591U 09005A   25357.14241939  .00000063  00000-0  57475-4 0  9991,2 33591  98.9753  62.7272 0014103 164.7665 195.3935 14.13438475869619
3.0,GENERATED VIA SPACE-TRACK.ORG API,2025-12-23 10:48:59+00:00,18 SPCS,NOAA 19,2009-005A,EARTH,TEME,UTC,SGP4,2025-12-23 05:07:01.194528+00:00,14.13438481,0.00141067,98.9753,62.7982,164.5726,195.5879,0,U,33591,999,86962,0.00005607231100,0.00000060,0.0000000000000,7225.766,101.879,857.824,837.438,PAYLOAD,LARGE,US,2009-02-06,AFWTR,,4933425,306333423,0 NOAA 19,1 33591U 09005A   25357.21320827  .00000060  00000-0  56072-4 0  9992,2 33591  98.9753  62.7982 0014107 164.5726 195.5879 14.13438481869624
3.0,GENERATED VIA SPACE-TRACK.ORG API,2025-12-23 22:26:19+00:00,18 SPCS,NOAA 19,2009-005A,EARTH,TEME,UTC,SGP4,2025-12-23 18:42:30.471840+00:00,14.13438578,0.00141300,98.9752,63.3663,163.0041,197.1606,0,U,33591,999,86970,0.00005306400000,0.00000055,0.0000000000000,7225.766,101.879,857.841,837.421,PAYLOAD,LARGE,US,2009-02-06,AFWTR,,4933483,306355078,0 NOAA 19,1 33591U 09005A   25357.77951935  .00000055  00000-0  53064-4 0  9995,2 33591  98.9752  63.3663 0014130 163.0041 197.1606 14.13438578869708
3.0,GENERATED VIA SPACE-TRACK.ORG API,2025-12-24 02:10:40+00:00,18 SPCS,NOAA 19,2009-005A,EARTH,TEME,UTC,SGP4,2025-12-23 22:06:22.792032+00:00,14.13438598,0.00141376,98.9752,63.5083,162.6233,197.5426,0,U,33591,999,86972,0.00005308720700,0.00000055,0.0000000000000,7225.766,101.879,857.846,837.415,PAYLOAD,LARGE,US,2009-02-06,AFWTR,,4934052,306379199,0 NOAA 19,1 33591U 09005A   25357.92109713  .00000055  00000-0  53087-4 0  9996,2 33591  98.9752  63.5083 0014138 162.6233 197.5426 14.13438598869720
3.0,GENERATED VIA SPACE-TRACK.ORG API,2025-12-24 07:26:36+00:00,18 SPCS,NOAA 19,2009-005A,EARTH,TEME,UTC,SGP4,2025-12-24 03:12:11.268864+00:00,14.13438645,0.00141480,98.9752,63.7213,162.0337,198.1338,0,U,33591,999,86975,0.00005238200000,0.00000053,0.0000000000000,7225.766,101.879,857.854,837.408,PAYLOAD,LARGE,US,2009-02-06,AFWTR,,4934163,306402381,0 NOAA 19,1 33591U 09005A   25358.13346376  .00000053  00000-0  52382-4 0  9993,2 33591  98.9752  63.7213 0014148 162.0337 198.1338 14.13438645869752
3.0,GENERATED VIA SPACE-TRACK.ORG API,2025-12-24 10:32:40+00:00,18 SPCS,NOAA 19,2009-005A,EARTH,TEME,UTC,SGP4,2025-12-24 04:54:07.427232+00:00,14.13438677,0.00141493,98.9752,63.7923,161.8448,198.3232,0,U,33591,999,86976,0.00005342367900,0.00000055,0.0000000000000,7225.765,101.879,857.854,837.407,PAYLOAD,LARGE,US,2009-02-06,AFWTR,,4934857,306429568,0 NOAA 19,1 33591U 09005A   25358.20425263  .00000055  00000-0  53424-4 0  9994,2 33591  98.9752  63.7923 0014149 161.8448 198.3232 14.13438677869762
3.0,GENERATED VIA SPACE-TRACK.ORG API,2025-12-25 00:06:23+00:00,18 SPCS,NOAA 19,2009-005A,EARTH,TEME,UTC,SGP4,2025-12-24 18:29:36.695040+00:00,14.13438794,0.00141710,98.9751,64.3603,160.2717,199.9006,0,U,33591,999,86984,0.00005561400000,0.00000060,0.0000000000000,7225.765,101.879,857.870,837.390,PAYLOAD,LARGE,US,2009-02-06,AFWTR,,4934990,306453550,0 NOAA 19,1 33591U 09005A   25358.77056360  .00000060  00000-0  55614-4 0  9993,2 33591  98.9751  64.3603 0014171 160.2717 199.9006 14.13438794869845
3.0,GENERATED VIA SPACE-TRACK.ORG API,2025-12-25 02:37:33+00:00,18 SPCS,NOAA 19,2009-005A,EARTH,TEME,UTC,SGP4,2025-12-24 20:11:32.852544+00:00,14.13438820,0.00141742,98.9751,64.4314,160.0804,200.0924,0,U,33591,999,86985,0.00005751907700,0.00000063,0.0000000000000,7225.765,101.879,857.872,837.388,PAYLOAD,LARGE,US,2009-02-06,AFWTR,,4935668,306479790,0 NOAA 19,1 33591U 09005A   25358.84135246  .00000063  00000-0  57519-4 0  9991,2 33591  98.9751  64.4314 0014174 160.0804 200.0924 14.13438820869857
3.0,GENERATED VIA SPACE-TRACK.ORG API,2025-12-25 07:46:32+00:00,18 SPCS,NOAA 19,2009-005A,EARTH,TEME,UTC,SGP4,2025-12-25 02:59:17.483424+00:00,14.13438855,0.00141840,98.9751,64.7154,159.3232,200.8517,0,U,33591,999,86989,0.00005465600000,0.00000058,0.0000000000000,7225.765,101.879,857.879,837.381,PAYLOAD,LARGE,US,2009-02-06,AFWTR,,4935772,306502743,0 NOAA 19,1 33591U 09005A   25359.12450791  .00000058  00000-0  54656-4 0  9991,2 33591  98.9751  64.7154 0014184 159.3232 200.8517 14.13438855869897
3.0,GENERATED VIA SPACE-TRACK.ORG API,2025-12-25 20:18:59+00:00,18 SPCS,NOAA 19,2009-005A,EARTH,TEME,UTC,SGP4,2025-12-25 14:52:50.585088+00:00,14.13438955,0.00142034,98.9751,65.2124,157.9880,202.1905,0,U,33591,999,86996,0.00005631570200,0.00000061,0.0000000000000,7225.765,101.879,857.893,837.366,PAYLOAD,LARGE,US,2009-02-06,AFWTR,,4936530,306561764,0 NOAA 19,1 33591U 09005A   25359.62002992  .00000061  00000-0  56316-4 0  9991,2 33591  98.9751  65.2124 0014203 157.9880 202.1905 14.13438955869960
3.0,GENERATED VIA SPACE-TRACK.ORG API,2025-12-25 21:16:17+00:00,18 SPCS,NOAA 19,2009-005A,EARTH,TEME,UTC,SGP4,2025-12-25 16:34:46.740864+00:00,14.13438972,0.00142050,98.9751,65.2834,157.7932,202.3858,0,U,33591,999,86997,0.00005646100000,0.00000061,0.0000000000000,7225.764,101.879,857.894,837.365,PAYLOAD,LARGE,US,2009-02-06,AFWTR,,4936550,306583842,0 NOAA 19,1 33591U 09005A   25359.69081876  .00000061  00000-0  56461-4 0  9997,2 33591  98.9751  65.2834 0014205 157.7932 202.3858 14.13438972869975
3.0,GENERATED VIA SPACE-TRACK.ORG API,2025-12-25 22:26:19+00:00,18 SPCS,NOAA 19,2009-005A,EARTH,TEME,UTC,SGP4,2025-12-25 18:16:42.898368+00:00,14.13438990,0.00142070,98.9750,65.3544,157.5950,202.5845,0,U,33591,999,86998,0.00005751400000,0.00000063,0.0000000000000,7225.764,101.879,857.895,837.364,PAYLOAD,LARGE,US,2009-02-06,AFWTR,,4937333,306603949,0 NOAA 19,1 33591U 09005A   25359.76160762  .00000063  00000-0  57514-4 0  9999,2 33591  98.9750  65.3544 0014207 157.5950 202.5845 14.13438990869982
3.0,GENERATED VIA SPACE-TRACK.ORG API,2025-12-26 03:10:39+00:00,18 SPCS,NOAA 19,2009-005A,EARTH,TEME,UTC,SGP4,2025-12-25 21:40:35.209920+00:00,14.13438993,0.00142115,98.9750,65.4964,157.2218,202.9588,0,U,33591,999,87000,0.00005703586400,0.00000062,0.0000000000000,7225.764,101.879,857.898,837.360,PAYLOAD,LARGE,US,2009-02-06,AFWTR,,4937582,306619457,0 NOAA 19,1 33591U 09005A   25359.90318530  .00000062  00000-0  57036-4 0  9991,2 33591  98.9750  65.4964 0014211 157.2218 202.9588 14.13438993870004
3.0,GENERATED VIA SPACE-TRACK.ORG API,2025-12-26 07:56:30+00:00,18 SPCS,NOAA 19,2009-005A,EARTH,TEME,UTC,SGP4,2025-12-26 02:46:23.679840+00:00,14.13439024,0.00142210,98.9750,65.7095,156.6457,203.5363,0,U,33591,999,87003,0.00005469400000,0.00000058,0.0000000000000,7225.764,101.879,857.905,837.354,PAYLOAD,LARGE,US,2009-02-06,AFWTR,,4937797,306646438,0 NOAA 19,1 33591U 09005A   25360.11555185  .00000058  00000-0  54694-4 0  9997,2 33591  98.9750  65.7095 0014221 156.6457 203.5363 14.13439024870038
3.0,GENERATED VIA SPACE-TRACK.ORG API,2025-12-26 11:16:42+00:00,18 SPCS,NOAA 19,2009-005A,EARTH,TEME,UTC,SGP4,2025-12-26 06:10:15.997440+00:00,14.13439060,0.00142321,98.9750,65.8515,156.2406,203.9426,0,U,33591,999,87005,0.00005464511900,0.00000058,0.0000000000000,7225.764,101.879,857.913,837.345,PAYLOAD,LARGE,US,2009-02-06,AFWTR,,4938246,306666597,0 NOAA 19,1 33591U 09005A   25360.25712960  .00000058  00000-0  54645-4 0  9994,2 33591  98.9750  65.8515 0014232 156.2406 203.9426 14.13439060870054
3.0,GENERATED VIA SPACE-TRACK.ORG API,2025-12-26 17:37:03+00:00,18 SPCS,NOAA 19,2009-005A,EARTH,TEME,UTC,SGP4,2025-12-26 14:39:56.776320+00:00,14.13439170,0.00142468,98.9750,66.2065,155.2786,204.9071,0,U,33591,999,87010,0.00005852117300,0.00000065,0.0000000000000,7225.764,101.879,857.923,837.334,PAYLOAD,LARGE,US,2009-02-06,AFWTR,,4938271,306698949,0 NOAA 19,1 33591U 09005A   25360.61107380  .00000065  00000-0  58521-4 0  9993,2 33591  98.9750  66.2065 0014247 155.2786 204.9071 14.13439170870100
3.0,GENERATED VIA SPACE-TRACK.ORG API,2025-12-26 21:46:35+00:00,18 SPCS,NOAA 19,2009-005A,EARTH,TEME,UTC,SGP4,2025-12-26 18:03:49.087008+00:00,14.13439192,0.00142510,98.9749,66.3485,154.8893,205.2975,0,U,33591,999,87012,0.00005850400000,0.00000065,0.0000000000000,7225.764,101.879,857.926,837.331,PAYLOAD,LARGE,US,2009-02-06,AFWTR,,4938325,306721473,0 NOAA 19,1 33591U 09005A   25360.75265147  .00000065  00000-0  58504-4 0  9995,2 33591  98.9749  66.3485 0014251 154.8893 205.2975 14.13439192870127
3.0,GENERATED VIA SPACE-TRACK.ORG API,2025-12-26 22:36:19+00:00,18 SPCS,NOAA 19,2009-005A,EARTH,TEME,UTC,SGP4,2025-12-26 19:45:45.243648+00:00,14.13439191,0.00142540,98.9749,66.4195,154.6967,205.4906,0,U,33591,999,87013,0.00005767100000,0.00000063,0.0000000000000,7225.764,101.879,857.928,837.329,PAYLOAD,LARGE,US,2009-02-06,AFWTR,,4939173,306743327,0 NOAA 19,1 33591U 09005A   25360.82344032  .00000063  00000-0  57671-4 0  9996,2 33591  98.9749  66.4195 0014254 154.6967 205.4906 14.13439191870135
3.0,GENERATED VIA SPACE-TRACK.ORG API,2025-12-27 03:23:11+00:00,18 SPCS,NOAA 19,2009-005A,EARTH,TEME,UTC,SGP4,2025-12-26 21:27:41.397696+00:00,14.13439266,0.00142555,98.9749,66.4905,154.5077,205.6801,0,U,33591,999,87014,0.00006359476000,0.00000075,0.0000000000000,7225.763,101.879,857.929,837.328,PAYLOAD,LARGE,US,2009-02-06,AFWTR,,4939423,306760168,0 NOAA 19,1 33591U 09005A   25360.89422914  .00000075  00000-0  63595-4 0  9994,2 33591  98.9749  66.4905 0014255 154.5077 205.6801 14.13439266870146
3.0,GENERATED VIA SPACE-TRACK.ORG API,2025-12-27 06:36:39+00:00,18 SPCS,NOAA 19,2009-005A,EARTH,TEME,UTC,SGP4,2025-12-27 04:15:26.019936+00:00,14.13439300,0.00142730,98.9749,66.7745,153.7456,206.4442,0,U,33591,999,87018,0.00005734300000,0.00000063,0.0000000000000,7225.763,101.879,857.942,837.315,PAYLOAD,LARGE,US,2009-02-06,AFWTR,,4939528,306783440,0 NOAA 19,1 33591U 09005A   25361.17738449  .00000063  00000-0  57343-4 0  9990,2 33591  98.9749  66.7745 0014273 153.7456 206.4442 14.13439300870186
3.0,GENERATED VIA SPACE-TRACK.ORG API,2025-12-27 10:34:44+00:00,18 SPCS,NOAA 19,2009-005A,EARTH,TEME,UTC,SGP4,2025-12-27 05:57:22.179168+00:00,14.13439288,0.00142786,98.9749,66.8455,153.5458,206.6445,0,U,33591,999,87019,0.00005501365900,0.00000058,0.0000000000000,7225.763,101.879,857.946,837.311,PAYLOAD,LARGE,US,2009-02-06,AFWTR,,4940227,306810110,0 NOAA 19,1 33591U 09005A   25361.24817337  .00000058  00000-0  55014-4 0  9999,2 33591  98.9749  66.8455 0014279 153.5458 206.6445 14.13439288870192
3.0,GENERATED VIA SPACE-TRACK.ORG API,2025-12-27 15:46:23+00:00,18 SPCS,NOAA 19,2009-005A,EARTH,TEME,UTC,SGP4,2025-12-27 11:03:10.644768+00:00,14.13439312,0.00142880,98.9749,67.0585,152.9658,207.2261,0,U,33591,999,87022,0.00005316200000,0.00000055,0.0000000000000,7225.763,101.879,857.952,837.304,PAYLOAD,LARGE,US,2009-02-06,AFWTR,,4940277,306832420,0 NOAA 19,1 33591U 09005A   25361.46053987  .00000055  00000-0  53162-4 0  9995,2 33591  98.9749  67.0585 0014288 152.9658 207.2261 14.13439312870229
3.0,GENERATED VIA SPACE-TRACK.ORG API,2025-12-27 22:36:30+00:00,18 SPCS,NOAA 19,2009-005A,EARTH,TEME,UTC,SGP4,2025-12-27 19:32:51.417600+00:00,14.13439422,0.00143050,98.9748,67.4136,151.9959,208.1985,0,U,33591,999,87027,0.00005439500000,0.00000057,0.0000000000000,7225.763,101.879,857.964,837.291,PAYLOAD,LARGE,US,2009-02-06,AFWTR,,4941115,306853237,0 NOAA 19,1 33591U 09005A   25361.81448400  .00000057  00000-0  54395-4 0  9993,2 33591  98.9748  67.4136 0014305 151.9959 208.1985 14.13439422870277
3.0,GENERATED VIA SPACE-TRACK.ORG API,2025-12-28 04:40:25+00:00,18 SPCS,NOAA 19,2009-005A,EARTH,TEME,UTC,SGP4,2025-12-27 22:56:43.729152+00:00,14.13439468,0.00143077,98.9748,67.5556,151.6185,208.5769,0,U,33591,999,87029,0.00005668124000,0.00000062,0.0000000000000,7225.763,101.879,857.966,837.289,PAYLOAD,LARGE,US,2009-02-06,AFWTR,,4941611,306876705,0 NOAA 19,1 33591U 09005A   25361.95606168  .00000062  00000-0  56681-4 0  9991,2 33591  98.9748  67.5556 0014308 151.6185 208.5769 14.13439468870291
3.0,GENERATED VIA SPACE-TRACK.ORG API,2025-12-28 07:26:49+00:00,18 SPCS,NOAA 19,2009-005A,EARTH,TEME,UTC,SGP4,2025-12-28 04:02:32.192160+00:00,14.13439536,0.00143120,98.9747,67.7686,151.0514,209.1455,0,U,33591,999,87032,0.00005680000000,0.00000062,0.0000000000000,7225.763,101.879,857.969,837.286,PAYLOAD,LARGE,US,2009-02-06,AFWTR,,4941650,306898558,0 NOAA 19,1 33591U 09005A   25362.16842815  .00000062  00000-0  56800-4 0  9999,2 33591  98.9747  67.7686 0014312 151.0514 209.1455 14.13439536870320
3.0,GENERATED VIA SPACE-TRACK.ORG API,2025-12-28 11:10:39+00:00,18 SPCS,NOAA 19,2009-005A,EARTH,TEME,UTC,SGP4,2025-12-28 05:44:28.344480+00:00,14.13439584,0.00143125,98.9748,67.8396,150.8621,209.3353,0,U,33591,999,87033,0.00005960649300,0.00000067,0.0000000000000,7225.762,101.879,857.969,837.285,PAYLOAD,LARGE,US,2009-02-06,AFWTR,,4942257,306922848,0 NOAA 19,1 33591U 09005A   25362.23921695  .00000067  00000-0  59606-4 0  9993,2 33591  98.9748  67.8396 0014313 150.8621 209.3353 14.13439584870330
3.0,GENERATED VIA SPACE-TRACK.ORG API,2025-12-28 14:36:19+00:00,18 SPCS,NOAA 19,2009-005A,EARTH,TEME,UTC,SGP4,2025-12-28 10:50:16.808352+00:00,14.13439616,0.00143260,98.9747,68.0526,150.2787,209.9202,0,U,33591,999,87036,0.00005741700000,0.00000063,0.0000000000000,7225.762,101.879,857.979,837.276,PAYLOAD,LARGE,US,2009-02-06,AFWTR,,4942306,306945138,0 NOAA 19,1 33591U 09005A   25362.45158343  .00000063  00000-0  57417-4 0  9993,2 33591  98.9747  68.0526 0014326 150.2787 209.9202 14.13439616870366
3.0,GENERATED VIA SPACE-TRACK.ORG API,2025-12-28 17:52:40+00:00,18 SPCS,NOAA 19,2009-005A,EARTH,TEME,UTC,SGP4,2025-12-28 14:14:09.117312+00:00,14.13439646,0.00143318,98.9747,68.1946,149.8955,210.3044,0,U,33591,999,87038,0.00005581847200,0.00000060,0.0000000000000,7225.762,101.879,857.983,837.271,PAYLOAD,LARGE,US,2009-02-06,AFWTR,,4943081,306976108,0 NOAA 19,1 33591U 09005A   25362.59316108  .00000060  00000-0  55818-4 0  9993,2 33591  98.9747  68.1946 0014332 149.8955 210.3044 14.13439646870386
3.0,GENERATED VIA SPACE-TRACK.ORG API,2025-12-28 22:36:18+00:00,18 SPCS,NOAA 19,2009-005A,EARTH,TEME,UTC,SGP4,2025-12-28 19:19:57.576864+00:00,14.13439702,0.00143390,98.9747,68.4076,149.3130,210.8883,0,U,33591,999,87041,0.00005580300000,0.00000060,0.0000000000000,7225.762,101.879,857.988,837.266,PAYLOAD,LARGE,US,2009-02-06,AFWTR,,4943112,306997946,0 NOAA 19,1 33591U 09005A   25362.80552751  .00000060  00000-0  55803-4 0  9997,2 33591  98.9747  68.4076 0014339 149.3130 210.8883 14.13439702870413
3.0,GENERATED VIA SPACE-TRACK.ORG API,2025-12-29 04:34:26+00:00,18 SPCS,NOAA 19,2009-005A,EARTH,TEME,UTC,SGP4,2025-12-28 21:01:53.729184+00:00,14.13439808,0.00143419,98.9747,68.4786,149.1212,211.0807,0,U,33591,999,87042,0.00006436234200,0.00000076,0.0000000000000,7225.762,101.879,857.990,837.264,PAYLOAD,LARGE,US,2009-02-06,AFWTR,,4943786,307025593,0 NOAA 19,1 33591U 09005A   25362.87631631  .00000076  00000-0  64362-4 0  9996,2 33591  98.9747  68.4786 0014342 149.1212 211.0807 14.13439808870421
3.0,GENERATED VIA SPACE-TRACK.ORG API,2025-12-29 12:04:26+00:00,18 SPCS,NOAA 19,2009-005A,EARTH,TEME,UTC,SGP4,2025-12-29 05:31:34.493376+00:00,14.13439926,0.00143561,98.9746,68.8336,148.1731,212.0311,0,U,33591,999,87047,0.00006380986400,0.00000075,0.0000000000000,7225.761,101.879,858.000,837.253,PAYLOAD,LARGE,US,2009-02-06,AFWTR,,4943787,307056657,0 NOAA 19,1 33591U 09005A   25363.23026034  .00000075  00000-0  63810-4 0  9998,2 33591  98.9746  68.8336 0014356 148.1731 212.0311 14.13439926870472
3.0,GENERATED VIA SPACE-TRACK.ORG API,2025-12-29 16:56:18+00:00,18 SPCS,NOAA 19,2009-005A,EARTH,TEME,UTC,SGP4,2025-12-29 10:37:22.950336+00:00,14.13439998,0.00143640,98.9746,69.0466,147.5965,212.6092,0,U,33591,999,87050,0.00006570700000,0.00000079,0.0000000000000,7225.761,101.879,858.005,837.247,PAYLOAD,LARGE,US,2009-02-06,AFWTR,,4943879,307081175,0 NOAA 19,1 33591U 09005A   25363.44262674  .00000079  00000-0  65707-4 0  9994,2 33591  98.9746  69.0466 0014364 147.5965 212.6092 14.13439998870505
3.0,GENERATED VIA SPACE-TRACK.ORG API,2025-12-29 21:30:56+00:00,18 SPCS,NOAA 19,2009-005A,EARTH,TEME,UTC,SGP4,2025-12-29 12:19:19.102656+00:00,14.13440024,0.00143676,98.9746,69.1176,147.4044,212.8017,0,U,33591,999,87051,0.00006570630000,0.00000079,0.0000000000000,7225.761,101.879,858.008,837.244,PAYLOAD,LARGE,US,2009-02-06,AFWTR,,4944351,307103282,0 NOAA 19,1 33591U 09005A   25363.51341554  .00000079  00000-0  65706-4 0  9996,2 33591  98.9746  69.1176 0014368 147.4044 212.8017 14.13440024870517
3.0,GENERATED VIA SPACE-TRACK.ORG API,2025-12-29 22:26:18+00:00,18 SPCS,NOAA 19,2009-005A,EARTH,TEME,UTC,SGP4,2025-12-29 19:07:03.711072+00:00,14.13440086,0.00143770,98.9745,69.4016,146.6385,213.5696,0,U,33591,999,87055,0.00006363400000,0.00000075,0.0000000000000,7225.761,101.879,858.014,837.237,PAYLOAD,LARGE,US,2009-02-06,AFWTR,,4944382,307124537,0 NOAA 19,1 33591U 09005A   25363.79657073  .00000075  00000-0  63634-4 0  9996,2 33591  98.9745  69.4016 0014377 146.6385 213.5696 14.13440086870554
3.0,GENERATED VIA SPACE-TRACK.ORG API,2025-12-30 07:26:32+00:00,18 SPCS,NOAA 19,2009-005A,EARTH,TEME,UTC,SGP4,2025-12-30 03:36:44.468352+00:00,14.13440272,0.00143890,98.9744,69.7566,145.6975,214.5128,0,U,33591,999,87060,0.00007187400000,0.00000090,0.0000000000000,7225.760,101.879,858.022,837.228,PAYLOAD,LARGE,US,2009-02-06,AFWTR,,4945299,307145541,0 NOAA 19,1 33591U 09005A   25364.15051468  .00000090  00000-0  71874-4 0  9995,2 33591  98.9744  69.7566 0014389 145.6975 214.5128 14.13440272870607
3.0,GENERATED VIA SPACE-TRACK.ORG API,2025-12-30 10:50:37+00:00,18 SPCS,NOAA 19,2009-005A,EARTH,TEME,UTC,SGP4,2025-12-30 05:18:40.618944+00:00,14.13440353,0.00143888,98.9744,69.8276,145.5133,214.6975,0,U,33591,999,87061,0.00007783007200,0.00000101,0.0000000000000,7225.760,101.879,858.022,837.228,PAYLOAD,LARGE,US,2009-02-06,AFWTR,,4945998,307171776,0 NOAA 19,1 33591U 09005A   25364.22130346  .00000101  00000-0  77830-4 0  9997,2 33591  98.9744  69.8276 0014389 145.5133 214.6975 14.13440353870613
3.0,GENERATED VIA SPACE-TRACK.ORG API,2025-12-30 18:16:58+00:00,18 SPCS,NOAA 19,2009-005A,EARTH,TEME,UTC,SGP4,2025-12-30 15:30:17.522496+00:00,14.13440514,0.00144062,98.9744,70.2536,144.3562,215.8575,0,U,33591,999,87067,0.00008068851600,0.00000107,0.0000000000000,7225.759,101.879,858.034,837.215,PAYLOAD,LARGE,US,2009-02-06,AFWTR,,4946042,307203705,0 NOAA 19,1 33591U 09005A   25364.64603614  .00000107  00000-0  80689-4 0  9998,2 33591  98.9744  70.2536 0014406 144.3562 215.8575 14.13440514870675
3.0,GENERATED VIA SPACE-TRACK.ORG API,2025-12-30 23:36:37+00:00,18 SPCS,NOAA 19,2009-005A,EARTH,TEME,UTC,SGP4,2025-12-30 18:54:09.821088+00:00,14.13440550,0.00144080,98.9744,70.3956,143.9751,216.2395,0,U,33591,999,87069,0.00007982700000,0.00000105,0.0000000000000,7225.759,101.879,858.035,837.213,PAYLOAD,LARGE,US,2009-02-06,AFWTR,,4946094,307226851,0 NOAA 19,1 33591U 09005A   25364.78761367  .00000105  00000-0  79827-4 0  9993,2 33591  98.9744  70.3956 0014408 143.9751 216.2395 14.13440550870696
3.0,GENERATED VIA SPACE-TRACK.ORG API,2025-12-31 02:43:57+00:00,18 SPCS,NOAA 19,2009-005A,EARTH,TEME,UTC,SGP4,2025-12-30 20:36:05.968224+00:00,14.13440643,0.00144108,98.9744,70.4666,143.7823,216.4328,0,U,33591,999,87070,0.00008702033000,0.00000119,0.0000000000000,7225.759,101.879,858.037,837.211,PAYLOAD,LARGE,US,2009-02-06,AFWTR,,4946785,307253690,0 NOAA 19,1 33591U 09005A   25364.85840241  .00000119  00000-0  87020-4 0  9999,2 33591  98.9744  70.4666 0014411 143.7823 216.4328 14.13440643870700
3.0,GENERATED VIA SPACE-TRACK.ORG API,2025-12-31 07:46:31+00:00,18 SPCS,NOAA 19,2009-005A,EARTH,TEME,UTC,SGP4,2025-12-31 03:23:50.567136+00:00,14.13440741,0.00144220,98.9743,70.7506,143.0233,217.1935,0,U,33591,999,87074,0.00008701400000,0.00000119,0.0000000000000,7225.758,101.879,858.044,837.202,PAYLOAD,LARGE,US,2009-02-06,AFWTR,,4946907,307276060,0 NOAA 19,1 33591U 09005A   25365.14155749  .00000119  00000-0  87014-4 0  9997,2 33591  98.9743  70.7506 0014422 143.0233 217.1935 14.13440741870740
3.0,GENERATED VIA SPACE-TRACK.ORG API,2025-12-31 10:22:26+00:00,18 SPCS,NOAA 19,2009-005A,EARTH,TEME,UTC,SGP4,2025-12-31 05:05:46.719456+00:00,14.13440783,0.00144238,98.9743,70.8216,142.8322,217.3852,0,U,33591,999,87075,0.00009037257100,0.00000125,0.0000000000000,7225.758,101.879,858.046,837.201,PAYLOAD,LARGE,US,2009-02-06,AFWTR,,4947640,307304565,0 NOAA 19,1 33591U 09005A   25365.21234629  .00000125  00000-0  90373-4 0  9999,2 33591  98.9743  70.8216 0014424 142.8322 217.3852 14.13440783870754
3.0,GENERATED VIA SPACE-TRACK.ORG API,2025-12-31 14:36:22+00:00,18 SPCS,NOAA 19,2009-005A,EARTH,TEME,UTC,SGP4,2025-12-31 10:11:35.166048+00:00,14.13440860,0.00144370,98.9743,71.0346,142.2497,217.9690,0,U,33591,999,87078,0.00009256900000,0.00000129,0.0000000000000,7225.758,101.879,858.055,837.191,PAYLOAD,LARGE,US,2009-02-06,AFWTR,,4947696,307326446,0 NOAA 19,1 33591U 09005A   25365.42471257  .00000129  00000-0  92569-4 0  9995,2 33591  98.9743  71.0346 0014437 142.2497 217.9690 14.13440860870787
3.0,GENERATED VIA SPACE-TRACK.ORG API,2025-12-31 17:24:40+00:00,18 SPCS,NOAA 19,2009-005A,EARTH,TEME,UTC,SGP4,2025-12-31 15:17:23.613504+00:00,14.13440938,0.00144449,98.9743,71.2476,141.6727,218.5474,0,U,33591,999,87081,0.00009315051000,0.00000130,0.0000000000000,7225.758,101.879,858.060,837.185,PAYLOAD,LARGE,US,2009-02-06,AFWTR,,4948472,307355969,0 NOAA 19,1 33591U 09005A   25365.63707886  .00000130  00000-0  93151-4 0  9998,2 33591  98.9743  71.2476 0014445 141.6727 218.5474 14.13440938870818
