CCSDS_OMM_VERS,COMMENT,CREATION_DATE,ORIGINATOR,OBJECT_NAME,OBJECT_ID,CENTER_NAME,REF_FRAME,TIME_SYSTEM,MEAN_ELEMENT_THEORY,EPOCH,MEAN_MOTION,ECCENTRICITY,INCLINATION,RA_OF_ASC_NODE,ARG_OF_PERICENTER,MEAN_ANOMALY,EPHEMERIS_TYPE,CLASSIFICATION_TYPE,NORAD_CAT_ID,ELEMENT_SET_NO,REV_AT_EPOCH,BSTAR,MEAN_MOTION_DOT,MEAN_MOTION_DDOT,SEMIMAJOR_AXIS,PERIOD,APOAPSIS,PERIAPSIS,OBJECT_TYPE,RCS_SIZE,COUNTRY_CODE,LAUNCH_DATE,SITE,DECAY_DATE,FILE,GP_ID,TLE_LINE0,TLE_LINE1,TLE_LINE2
3.0,GENERATED VIA SPACE-TRACK.ORG API,2025-01-01 02:31:18+00:00,18 SPCS,SENTINEL 1A,2014-016A,EARTH,TEME,UTC,SGP4,2024-12-31 21:51:10.268064+00:00,14.59204395,0.00012460,98.1805,11.1510,89.9894,270.1449,0,U,39634,999,57239,0.00018761000000,0.00000839,0.0000000000000,7073.881,98.684,696.627,694.865,PAYLOAD,LARGE,ESA,2014-04-03,FRGUI,,4597458,277008405,0 SENTINEL 1A,1 39634U 14016A   24366.91053551  .00000839  00000-0  18761-3 0  9993,2 39634  98.1805  11.1510 0001246  89.9894 270.1449 14.59204395572392
3.0,GENERATED VIA SPACE-TRACK.ORG API,2025-01-01 06:28:35+00:00,18 SPCS,SENTINEL 1A,2014-016A,EARTH,TEME,UTC,SGP4,2025-01-01 02:47:23.918784+00:00,14.59204653,0.00012470,98.1805,11.3536,90.1543,269.9800,0,U,39634,999,57245,0.00018428000000,0.00000823,0.0000000000000,7073.880,98.684,696.627,694.863,PAYLOAD,LARGE,ESA,2014-04-03,FRGUI,,4597480,277024267,0 SENTINEL 1A,1 39634U 14016A   25001.11624906  .00000823  00000-0  18428-3 0  9993,2 39634  98.1805  11.3536 0001247  90.1543 269.9800 14.59204653572459
3.0,GENERATED VIA SPACE-TRACK.ORG API,2025-01-01 22:18:29+00:00,18 SPCS,SENTINEL 1A,2014-016A,EARTH,TEME,UTC,SGP4,2025-01-01 15:57:20.486880+00:00,14.59199824,0.00012520,98.1807,11.8942,89.6216,270.5128,0,U,39634,999,57253,0.00018970000000,0.00000849,0.0000000000000,7073.896,98.684,696.647,694.875,PAYLOAD,LARGE,ESA,2014-04-03,FRGUI,,4597886,277034109,0 SENTINEL 1A,1 39634U 14016A   25001.66482045  .00000849  00000-0  18970-3 0  9999,2 39634  98.1807  11.8942 0001252  89.6216 270.5128 14.59199824572536
3.0,GENERATED VIA SPACE-TRACK.ORG API,2025-01-01 23:41:24+00:00,18 SPCS,SENTINEL 1A,2014-016A,EARTH,TEME,UTC,SGP4,2025-01-01 12:39:51.351552+00:00,14.59199540,0.00012560,98.1807,11.7591,89.8423,270.2921,0,U,39634,999,57248,0.00018968000000,0.00000849,0.0000000000000,7073.897,98.684,696.650,694.873,PAYLOAD,LARGE,ESA,2014-04-03,FRGUI,,4598149,277055696,0 SENTINEL 1A,1 39634U 14016A   25001.52767768  .00000849  00000-0  18968-3 0  9999,2 39634  98.1807  11.7591 0001256  89.8423 270.2921 14.59199540572488
3.0,GENERATED VIA SPACE-TRACK.ORG API,2025-01-02 05:57:15+00:00,18 SPCS,SENTINEL 1A,2014-016A,EARTH,TEME,UTC,SGP4,2025-01-01 15:57:20.486880+00:00,14.59199824,0.00012520,98.1807,11.8942,89.6216,270.5128,0,U,39634,999,57250,0.00018970000000,0.00000849,0.0000000000000,7073.896,98.684,696.647,694.875,PAYLOAD,LARGE,ESA,2014-04-03,FRGUI,,4598153,277084783,0 SENTINEL 1A,1 39634U 14016A   25001.66482045  .00000849  00000-0  18970-3 0  9999,2 39634  98.1807  11.8942 0001252  89.6216 270.5128 14.59199824572503
3.0,GENERATED VIA SPACE-TRACK.ORG API,2025-01-02 07:18:33+00:00,18 SPCS,SENTINEL 1A,2014-016A,EARTH,TEME,UTC,SGP4,2025-01-02 05:07:16.975488+00:00,14.59201714,0.00012520,98.1807,12.4346,89.2203,270.9140,0,U,39634,999,57261,0.00021807000000,0.00000982,0.0000000000000,7073.890,98.684,696.640,694.869,PAYLOAD,LARGE,ESA,2014-04-03,FRGUI,,4598173,277100670,0 SENTINEL 1A,1 39634U 14016A   25002.21339092  .00000982  00000-0  21807-3 0  9995,2 39634  98.1807  12.4346 0001252  89.2203 270.9140 14.59201714572612
3.0,GENERATED VIA SPACE-TRACK.ORG API,2025-01-02 19:02:11+00:00,18 SPCS,SENTINEL 1A,2014-016A,EARTH,TEME,UTC,SGP4,2025-01-02 11:42:15.208992+00:00,14.59202296,0.00012610,98.1807,12.7048,89.0860,271.0484,0,U,39634,999,57262,0.00022509000000,0.00001016,0.0000000000000,7073.888,98.684,696.645,694.861,PAYLOAD,LARGE,ESA,2014-04-03,FRGUI,,4598496,277123427,0 SENTINEL 1A,1 39634U 14016A   25002.48767603  .00001016  00000-0  22509-3 0  9996,2 39634  98.1807  12.7048 0001261  89.0860 271.0484 14.59202296572621
3.0,GENERATED VIA SPACE-TRACK.ORG API,2025-01-03 05:09:40+00:00,18 SPCS,SENTINEL 1A,2014-016A,EARTH,TEME,UTC,SGP4,2025-01-02 23:13:27.151968+00:00,14.59201873,0.00012480,98.1806,13.1777,89.6674,270.4668,0,U,39634,999,57269,0.00017332000000,0.00000771,0.0000000000000,7073.889,98.684,696.637,694.871,PAYLOAD,LARGE,ESA,2014-04-03,FRGUI,,4598729,277158482,0 SENTINEL 1A,1 39634U 14016A   25002.96767537  .00000771  00000-0  17332-3 0  9990,2 39634  98.1806  13.1777 0001248  89.6674 270.4668 14.59201873572692
3.0,GENERATED VIA SPACE-TRACK.ORG API,2025-01-03 06:28:31+00:00,18 SPCS,SENTINEL 1A,2014-016A,EARTH,TEME,UTC,SGP4,2025-01-03 04:09:40.820832+00:00,14.59202191,0.00012480,98.1807,13.3804,89.8243,270.3100,0,U,39634,999,57275,0.00017034000000,0.00000757,0.0000000000000,7073.888,98.684,696.636,694.870,PAYLOAD,LARGE,ESA,2014-04-03,FRGUI,,4598775,277174376,0 SENTINEL 1A,1 39634U 14016A   25003.17338913  .00000757  00000-0  17034-3 0  9999,2 39634  98.1807  13.3804 0001248  89.8243 270.3100 14.59202191572751
3.0,GENERATED VIA SPACE-TRACK.ORG API,2025-01-03 14:28:31+00:00,18 SPCS,SENTINEL 1A,2014-016A,EARTH,TEME,UTC,SGP4,2025-01-03 12:23:23.607744+00:00,14.59202601,0.00012500,98.1807,13.7182,89.8951,270.2391,0,U,39634,999,57280,0.00016335000000,0.00000724,0.0000000000000,7073.887,98.684,696.636,694.868,PAYLOAD,LARGE,ESA,2014-04-03,FRGUI,,4598990,277179263,0 SENTINEL 1A,1 39634U 14016A   25003.51624546  .00000724  00000-0  16335-3 0  9994,2 39634  98.1807  13.7182 0001250  89.8951 270.2391 14.59202601572806
3.0,GENERATED VIA SPACE-TRACK.ORG API,2025-01-03 17:36:59+00:00,18 SPCS,SENTINEL 1A,2014-016A,EARTH,TEME,UTC,SGP4,2025-01-03 14:02:08.162016+00:00,14.59202504,0.00012510,98.1807,13.7858,89.9249,270.2093,0,U,39634,999,57278,0.00015478000000,0.00000684,0.0000000000000,7073.887,98.684,696.637,694.867,PAYLOAD,LARGE,ESA,2014-04-03,FRGUI,,4599090,277196333,0 SENTINEL 1A,1 39634U 14016A   25003.58481669  .00000684  00000-0  15478-3 0  9990,2 39634  98.1807  13.7858 0001251  89.9249 270.2093 14.59202504572786
3.0,GENERATED VIA SPACE-TRACK.ORG API,2025-01-03 22:18:45+00:00,18 SPCS,SENTINEL 1A,2014-016A,EARTH,TEME,UTC,SGP4,2025-01-03 18:58:21.821376+00:00,14.59202791,0.00012500,98.1807,13.9885,90.0402,270.0941,0,U,39634,999,57284,0.00015222000000,0.00000672,0.0000000000000,7073.886,98.684,696.636,694.867,PAYLOAD,LARGE,ESA,2014-04-03,FRGUI,,4599126,277212189,0 SENTINEL 1A,1 39634U 14016A   25003.79053034  .00000672  00000-0  15222-3 0  9998,2 39634  98.1807  13.9885 0001250  90.0402 270.0941 14.59202791572846
3.0,GENERATED VIA SPACE-TRACK.ORG API,2025-01-04 06:18:31+00:00,18 SPCS,SENTINEL 1A,2014-016A,EARTH,TEME,UTC,SGP4,2025-01-04 03:12:04.578048+00:00,14.59203034,0.00012540,98.1807,14.3263,89.8910,270.2433,0,U,39634,999,57289,0.00013763000000,0.00000603,0.0000000000000,7073.885,98.684,696.638,694.863,PAYLOAD,LARGE,ESA,2014-04-03,FRGUI,,4599399,277218217,0 SENTINEL 1A,1 39634U 14016A   25004.13338632  .00000603  00000-0  13763-3 0  9999,2 39634  98.1807  14.3263 0001254  89.8910 270.2433 14.59203034572899
3.0,GENERATED VIA SPACE-TRACK.ORG API,2025-01-04 07:17:01+00:00,18 SPCS,SENTINEL 1A,2014-016A,EARTH,TEME,UTC,SGP4,2025-01-03 22:15:50.920416+00:00,14.59202794,0.00012480,98.1807,14.1236,90.0462,270.0881,0,U,39634,999,57283,0.00014133000000,0.00000621,0.0000000000000,7073.886,98.684,696.634,694.868,PAYLOAD,LARGE,ESA,2014-04-03,FRGUI,,4599680,277239332,0 SENTINEL 1A,1 39634U 14016A   25003.92767269  .00000621  00000-0  14133-3 0  9999,2 39634  98.1807  14.1236 0001248  90.0462 270.0881 14.59202794572837
3.0,GENERATED VIA SPACE-TRACK.ORG API,2025-01-04 14:18:35+00:00,18 SPCS,SENTINEL 1A,2014-016A,EARTH,TEME,UTC,SGP4,2025-01-04 04:50:49.122816+00:00,14.59203603,0.00012530,98.1808,14.3939,90.1417,269.9926,0,U,39634,999,57290,0.00015440000000,0.00000682,0.0000000000000,7073.884,98.684,696.635,694.862,PAYLOAD,LARGE,ESA,2014-04-03,FRGUI,,4599752,277257319,0 SENTINEL 1A,1 39634U 14016A   25004.20195744  .00000682  00000-0  15440-3 0  9993,2 39634  98.1808  14.3939 0001253  90.1417 269.9926 14.59203603572902
3.0,GENERATED VIA SPACE-TRACK.ORG API,2025-01-04 18:31:26+00:00,18 SPCS,SENTINEL 1A,2014-016A,EARTH,TEME,UTC,SGP4,2025-01-04 13:04:32.097216+00:00,14.59195093,0.00012580,98.1808,14.7312,91.1151,269.0193,0,U,39634,999,57292,0.00013121000000,0.00000573,0.0000000000000,7073.911,98.685,696.666,694.886,PAYLOAD,LARGE,ESA,2014-04-03,FRGUI,,4600129,277280575,0 SENTINEL 1A,1 39634U 14016A   25004.54481594  .00000573  00000-0  13121-3 0  9994,2 39634  98.1808  14.7312 0001258  91.1151 269.0193 14.59195093572924
3.0,GENERATED VIA SPACE-TRACK.ORG API,2025-01-04 22:18:33+00:00,18 SPCS,SENTINEL 1A,2014-016A,EARTH,TEME,UTC,SGP4,2025-01-04 18:00:45.846432+00:00,14.59195474,0.00012600,98.1807,14.9343,90.1503,269.9841,0,U,39634,999,57298,0.00012772000000,0.00000556,0.0000000000000,7073.910,98.685,696.666,694.884,PAYLOAD,LARGE,ESA,2014-04-03,FRGUI,,4600162,277295979,0 SENTINEL 1A,1 39634U 14016A   25004.75053063  .00000556  00000-0  12772-3 0  9995,2 39634  98.1807  14.9343 0001260  90.1503 269.9841 14.59195474572980
3.0,GENERATED VIA SPACE-TRACK.ORG API,2025-01-05 03:27:00+00:00,18 SPCS,SENTINEL 1A,2014-016A,EARTH,TEME,UTC,SGP4,2025-01-04 22:56:59.565408+00:00,14.59196725,0.00012550,98.1807,15.1371,89.9544,270.1800,0,U,39634,999,57298,0.00016191000000,0.00000718,0.0000000000000,7073.906,98.684,696.659,694.883,PAYLOAD,LARGE,ESA,2014-04-03,FRGUI,,4600452,277317661,0 SENTINEL 1A,1 39634U 14016A   25004.95624497  .00000718  00000-0  16191-3 0  9991,2 39634  98.1807  15.1371 0001255  89.9544 270.1800 14.59196725572988
3.0,GENERATED VIA SPACE-TRACK.ORG API,2025-01-05 06:18:33+00:00,18 SPCS,SENTINEL 1A,2014-016A,EARTH,TEME,UTC,SGP4,2025-01-05 03:53:13.294752+00:00,14.59197094,0.00012530,98.1808,15.3397,89.8541,270.2802,0,U,39634,999,57304,0.00015938000000,0.00000706,0.0000000000000,7073.905,98.684,696.656,694.883,PAYLOAD,LARGE,ESA,2014-04-03,FRGUI,,4600479,277333090,0 SENTINEL 1A,1 39634U 14016A   25005.16195943  .00000706  00000-0  15938-3 0  9999,2 39634  98.1808  15.3397 0001253  89.8541 270.2802 14.59197094573044
3.0,GENERATED VIA SPACE-TRACK.ORG API,2025-01-05 14:18:30+00:00,18 SPCS,SENTINEL 1A,2014-016A,EARTH,TEME,UTC,SGP4,2025-01-05 12:06:56.173248+00:00,14.59197543,0.00012600,98.1808,15.6776,89.8887,270.2457,0,U,39634,999,57309,0.00015228000000,0.00000672,0.0000000000000,7073.903,98.684,696.660,694.877,PAYLOAD,LARGE,ESA,2014-04-03,FRGUI,,4600859,277342325,0 SENTINEL 1A,1 39634U 14016A   25005.50481682  .00000672  00000-0  15228-3 0  9999,2 39634  98.1808  15.6776 0001260  89.8887 270.2457 14.59197543573099
3.0,GENERATED VIA SPACE-TRACK.ORG API,2025-01-05 19:47:08+00:00,18 SPCS,SENTINEL 1A,2014-016A,EARTH,TEME,UTC,SGP4,2025-01-05 12:06:56.173248+00:00,14.59197543,0.00012600,98.1808,15.6776,89.8887,270.2457,0,U,39634,999,57306,0.00015228000000,0.00000672,0.0000000000000,7073.903,98.684,696.660,694.877,PAYLOAD,LARGE,ESA,2014-04-03,FRGUI,,4601203,277365708,0 SENTINEL 1A,1 39634U 14016A   25005.50481682  .00000672  00000-0  15228-3 0  9999,2 39634  98.1808  15.6776 0001260  89.8887 270.2457 14.59197543573066
3.0,GENERATED VIA SPACE-TRACK.ORG API,2025-01-05 22:18:30+00:00,18 SPCS,SENTINEL 1A,2014-016A,EARTH,TEME,UTC,SGP4,2025-01-05 18:41:54.465504+00:00,14.59197738,0.00012590,98.1808,15.9478,89.8196,270.3148,0,U,39634,999,57313,0.00014153000000,0.00000621,0.0000000000000,7073.903,98.684,696.658,694.877,PAYLOAD,LARGE,ESA,2014-04-03,FRGUI,,4601236,277381067,0 SENTINEL 1A,1 39634U 14016A   25005.77910261  .00000621  00000-0  14153-3 0  9998,2 39634  98.1808  15.9478 0001259  89.8196 270.3148 14.59197738573131
3.0,GENERATED VIA SPACE-TRACK.ORG API,2025-01-06 02:24:55+00:00,18 SPCS,SENTINEL 1A,2014-016A,EARTH,TEME,UTC,SGP4,2025-01-05 20:20:39.032736+00:00,14.59198078,0.00012580,98.1808,16.0153,89.7292,270.4052,0,U,39634,999,57311,0.00015000000000,0.00000661,0.0000000000000,7073.902,98.684,696.656,694.877,PAYLOAD,LARGE,ESA,2014-04-03,FRGUI,,4601493,277401695,0 SENTINEL 1A,1 39634U 14016A   25005.84767399  .00000661  00000-0  15000-3 0  9994,2 39634  98.1808  16.0153 0001258  89.7292 270.4052 14.59198078573119
3.0,GENERATED VIA SPACE-TRACK.ORG API,2025-01-06 06:18:37+00:00,18 SPCS,SENTINEL 1A,2014-016A,EARTH,TEME,UTC,SGP4,2025-01-06 01:16:52.743072+00:00,14.59198424,0.00012550,98.1808,16.2180,89.7889,270.3455,0,U,39634,999,57317,0.00014733000000,0.00000649,0.0000000000000,7073.900,98.684,696.653,694.878,PAYLOAD,LARGE,ESA,2014-04-03,FRGUI,,4601515,277417571,0 SENTINEL 1A,1 39634U 14016A   25006.05338823  .00000649  00000-0  14733-3 0  9992,2 39634  98.1808  16.2180 0001255  89.7889 270.3455 14.59198424573177
3.0,GENERATED VIA SPACE-TRACK.ORG API,2025-01-06 14:18:32+00:00,18 SPCS,SENTINEL 1A,2014-016A,EARTH,TEME,UTC,SGP4,2025-01-06 07:51:51.022368+00:00,14.59198794,0.00012600,98.1808,16.4883,89.9016,270.2328,0,U,39634,999,57321,0.00014324000000,0.00000630,0.0000000000000,7073.899,98.684,696.656,694.873,PAYLOAD,LARGE,ESA,2014-04-03,FRGUI,,4601925,277427786,0 SENTINEL 1A,1 39634U 14016A   25006.32767387  .00000630  00000-0  14324-3 0  9999,2 39634  98.1808  16.4883 0001260  89.9016 270.2328 14.59198794573212
3.0,GENERATED VIA SPACE-TRACK.ORG API,2025-01-06 17:35:48+00:00,18 SPCS,SENTINEL 1A,2014-016A,EARTH,TEME,UTC,SGP4,2025-01-06 14:26:49.291296+00:00,14.59199179,0.00012600,98.1808,16.7585,89.6510,270.4834,0,U,39634,999,57322,0.00014533000000,0.00000639,0.0000000000000,7073.898,98.684,696.654,694.872,PAYLOAD,LARGE,ESA,2014-04-03,FRGUI,,4602192,277448362,0 SENTINEL 1A,1 39634U 14016A   25006.60195939  .00000639  00000-0  14533-3 0  9999,2 39634  98.1808  16.7585 0001260  89.6510 270.4834 14.59199179573223
3.0,GENERATED VIA SPACE-TRACK.ORG API,2025-01-06 22:18:31+00:00,18 SPCS,SENTINEL 1A,2014-016A,EARTH,TEME,UTC,SGP4,2025-01-06 17:44:18.423168+00:00,14.59199381,0.00012590,98.1808,16.8936,89.8164,270.3180,0,U,39634,999,57327,0.00014505000000,0.00000638,0.0000000000000,7073.897,98.684,696.653,694.872,PAYLOAD,LARGE,ESA,2014-04-03,FRGUI,,4602231,277464292,0 SENTINEL 1A,1 39634U 14016A   25006.73910212  .00000638  00000-0  14505-3 0  9990,2 39634  98.1808  16.8936 0001259  89.8164 270.3180 14.59199381573272
3.0,GENERATED VIA SPACE-TRACK.ORG API,2025-01-07 02:40:03+00:00,18 SPCS,SENTINEL 1A,2014-016A,EARTH,TEME,UTC,SGP4,2025-01-06 22:40:32.129184+00:00,14.59199630,0.00012550,98.1808,17.0963,89.7540,270.3804,0,U,39634,999,57327,0.00014233000000,0.00000625,0.0000000000000,7073.896,98.684,696.649,694.874,PAYLOAD,LARGE,ESA,2014-04-03,FRGUI,,4602535,277485842,0 SENTINEL 1A,1 39634U 14016A   25006.94481631  .00000625  00000-0  14233-3 0  9995,2 39634  98.1808  17.0963 0001255  89.7540 270.3804 14.59199630573278
3.0,GENERATED VIA SPACE-TRACK.ORG API,2025-01-07 06:18:29+00:00,18 SPCS,SENTINEL 1A,2014-016A,EARTH,TEME,UTC,SGP4,2025-01-07 03:36:45.825696+00:00,14.59199893,0.00012590,98.1808,17.2990,89.6558,270.4785,0,U,39634,999,57333,0.00013891000000,0.00000609,0.0000000000000,7073.896,98.684,696.651,694.870,PAYLOAD,LARGE,ESA,2014-04-03,FRGUI,,4602572,277501594,0 SENTINEL 1A,1 39634U 14016A   25007.15053039  .00000609  00000-0  13891-3 0  9997,2 39634  98.1808  17.2990 0001259  89.6558 270.4785 14.59199893573339
3.0,GENERATED VIA SPACE-TRACK.ORG API,2025-01-07 14:18:33+00:00,18 SPCS,SENTINEL 1A,2014-016A,EARTH,TEME,UTC,SGP4,2025-01-07 11:50:28.660128+00:00,14.59200167,0.00012610,98.1809,17.6368,89.4683,270.6661,0,U,39634,999,57338,0.00012798000000,0.00000558,0.0000000000000,7073.895,98.684,696.652,694.868,PAYLOAD,LARGE,ESA,2014-04-03,FRGUI,,4602946,277510241,0 SENTINEL 1A,1 39634U 14016A   25007.49338727  .00000558  00000-0  12798-3 0  9992,2 39634  98.1809  17.6368 0001261  89.4683 270.6661 14.59200167573380
3.0,GENERATED VIA SPACE-TRACK.ORG API,2025-01-07 18:07:06+00:00,18 SPCS,SENTINEL 1A,2014-016A,EARTH,TEME,UTC,SGP4,2025-01-07 13:29:13.214400+00:00,14.59200232,0.00012610,98.1808,17.7044,89.5137,270.6207,0,U,39634,999,57336,0.00012491000000,0.00000543,0.0000000000000,7073.895,98.684,696.652,694.868,PAYLOAD,LARGE,ESA,2014-04-03,FRGUI,,4603301,277533460,0 SENTINEL 1A,1 39634U 14016A   25007.56195850  .00000543  00000-0  12491-3 0  9992,2 39634  98.1808  17.7044 0001261  89.5137 270.6207 14.59200232573363
3.0,GENERATED VIA SPACE-TRACK.ORG API,2025-01-07 22:18:32+00:00,18 SPCS,SENTINEL 1A,2014-016A,EARTH,TEME,UTC,SGP4,2025-01-07 20:04:11.462592+00:00,14.59200544,0.00012560,98.1808,17.9747,89.9762,270.1581,0,U,39634,999,57343,0.00012067000000,0.00000523,0.0000000000000,7073.894,98.684,696.647,694.870,PAYLOAD,LARGE,ESA,2014-04-03,FRGUI,,4603389,277549293,0 SENTINEL 1A,1 39634U 14016A   25007.83624378  .00000523  00000-0  12067-3 0  9991,2 39634  98.1808  17.9747 0001256  89.9762 270.1581 14.59200544573431
3.0,GENERATED VIA SPACE-TRACK.ORG API,2025-01-08 05:13:15+00:00,18 SPCS,SENTINEL 1A,2014-016A,EARTH,TEME,UTC,SGP4,2025-01-07 20:04:11.462592+00:00,14.59200544,0.00012560,98.1808,17.9747,89.9762,270.1581,0,U,39634,999,57340,0.00012067000000,0.00000523,0.0000000000000,7073.894,98.684,696.647,694.870,PAYLOAD,LARGE,ESA,2014-04-03,FRGUI,,4603695,277570498,0 SENTINEL 1A,1 39634U 14016A   25007.83624378  .00000523  00000-0  12067-3 0  9991,2 39634  98.1808  17.9747 0001256  89.9762 270.1581 14.59200544573408
3.0,GENERATED VIA SPACE-TRACK.ORG API,2025-01-08 06:48:40+00:00,18 SPCS,SENTINEL 1A,2014-016A,EARTH,TEME,UTC,SGP4,2025-01-08 04:17:54.267648+00:00,14.59201051,0.00012550,98.1809,18.3125,90.0007,270.1337,0,U,39634,999,57348,0.00012041000000,0.00000522,0.0000000000000,7073.892,98.684,696.645,694.869,PAYLOAD,LARGE,ESA,2014-04-03,FRGUI,,4603769,277587231,0 SENTINEL 1A,1 39634U 14016A   25008.17910032  .00000522  00000-0  12041-3 0  9995,2 39634  98.1809  18.3125 0001255  90.0007 270.1337 14.59201051573489
3.0,GENERATED VIA SPACE-TRACK.ORG API,2025-01-08 14:28:49+00:00,18 SPCS,SENTINEL 1A,2014-016A,EARTH,TEME,UTC,SGP4,2025-01-08 10:52:52.547808+00:00,14.59200817,0.00012550,98.1808,18.5827,89.8887,270.2457,0,U,39634,999,57352,0.00009131400000,0.00000385,0.0000000000000,7073.893,98.684,696.645,694.870,PAYLOAD,LARGE,ESA,2014-04-03,FRGUI,,4603972,277592468,0 SENTINEL 1A,1 39634U 14016A   25008.45338597  .00000385  00000-0  91314-4 0  9994,2 39634  98.1808  18.5827 0001255  89.8887 270.2457 14.59200817573529
3.0,GENERATED VIA SPACE-TRACK.ORG API,2025-01-08 20:49:28+00:00,18 SPCS,SENTINEL 1A,2014-016A,EARTH,TEME,UTC,SGP4,2025-01-08 14:10:21.681408+00:00,14.59200566,0.00012460,98.1808,18.7179,89.8900,270.2442,0,U,39634,999,57351,0.00007139200000,0.00000291,0.0000000000000,7073.893,98.684,696.640,694.877,PAYLOAD,LARGE,ESA,2014-04-03,FRGUI,,4604166,277611550,0 SENTINEL 1A,1 39634U 14016A   25008.59052872  .00000291  00000-0  71392-4 0  9998,2 39634  98.1808  18.7179 0001246  89.8900 270.2442 14.59200566573511
3.0,GENERATED VIA SPACE-TRACK.ORG API,2025-01-09 03:56:35+00:00,18 SPCS,SENTINEL 1A,2014-016A,EARTH,TEME,UTC,SGP4,2025-01-08 22:24:04.519296+00:00,14.59200395,0.00012460,98.1808,19.0556,89.7773,270.3570,0,U,39634,999,57356,0.00003850400000,0.00000136,0.0000000000000,7073.894,98.684,696.640,694.878,PAYLOAD,LARGE,ESA,2014-04-03,FRGUI,,4604399,277646358,0 SENTINEL 1A,1 39634U 14016A   25008.93338564  .00000136  00000-0  38504-4 0  9997,2 39634  98.1808  19.0556 0001246  89.7773 270.3570 14.59200395573569
3.0,GENERATED VIA SPACE-TRACK.ORG API,2025-01-09 06:48:30+00:00,18 SPCS,SENTINEL 1A,2014-016A,EARTH,TEME,UTC,SGP4,2025-01-09 03:20:18.227040+00:00,14.59200263,0.00012590,98.1808,19.2583,89.9879,270.1465,0,U,39634,999,57362,0.00002097200000,0.00000053,0.0000000000000,7073.894,98.684,696.650,694.869,PAYLOAD,LARGE,ESA,2014-04-03,FRGUI,,4604450,277661691,0 SENTINEL 1A,1 39634U 14016A   25009.13909985  .00000053  00000-0  20972-4 0  9999,2 39634  98.1808  19.2583 0001259  89.9879 270.1465 14.59200263573626
3.0,GENERATED VIA SPACE-TRACK.ORG API,2025-01-09 19:31:44+00:00,18 SPCS,SENTINEL 1A,2014-016A,EARTH,TEME,UTC,SGP4,2025-01-09 06:37:47.361504+00:00,14.59200154,0.00012540,98.1808,19.3934,90.0616,270.0727,0,U,39634,999,57361,0.00000722220000,-0.00000012,0.0000000000000,7073.895,98.684,696.647,694.873,PAYLOAD,LARGE,ESA,2014-04-03,FRGUI,,4604593,277680361,0 SENTINEL 1A,1 39634U 14016A   25009.27624261 -.00000012  00000-0  72222-5 0  9997,2 39634  98.1808  19.3934 0001254  90.0616 270.0727 14.59200154573612
3.0,GENERATED VIA SPACE-TRACK.ORG API,2025-01-09 20:28:31+00:00,18 SPCS,SENTINEL 1A,2014-016A,EARTH,TEME,UTC,SGP4,2025-01-09 06:37:47.361504+00:00,14.59200154,0.00012540,98.1808,19.3934,90.0616,270.0727,0,U,39634,999,57364,0.00000722220000,-0.00000012,0.0000000000000,7073.895,98.684,696.647,694.873,PAYLOAD,LARGE,ESA,2014-04-03,FRGUI,,4604610,277696282,0 SENTINEL 1A,1 39634U 14016A   25009.27624261 -.00000012  00000-0  72222-5 0  9997,2 39634  98.1808  19.3934 0001254  90.0616 270.0727 14.59200154573645
3.0,GENERATED VIA SPACE-TRACK.ORG API,2025-01-09 22:28:32+00:00,18 SPCS,SENTINEL 1A,2014-016A,EARTH,TEME,UTC,SGP4,2025-01-09 19:47:43.869120+00:00,14.59200065,0.00011970,98.1808,19.9340,90.2162,269.9175,0,U,39634,999,57372,-0.00002669200000,-0.00000172,0.0000000000000,7073.895,98.684,696.607,694.913,PAYLOAD,LARGE,ESA,2014-04-03,FRGUI,,4604879,277703093,0 SENTINEL 1A,1 39634U 14016A   25009.82481330 -.00000172  00000-0 -26692-4 0  9993,2 39634  98.1808  19.9340 0001197  90.2162 269.9175 14.59200065573720
3.0,GENERATED VIA SPACE-TRACK.ORG API,2025-01-10 03:08:59+00:00,18 SPCS,SENTINEL 1A,2014-016A,EARTH,TEME,UTC,SGP4,2025-01-09 21:26:28.438944+00:00,14.59199973,0.00011950,98.1807,20.0016,90.2505,269.8831,0,U,39634,999,57370,-0.00003037900000,-0.00000189,0.0000000000000,7073.895,98.684,696.606,694.915,PAYLOAD,LARGE,ESA,2014-04-03,FRGUI,,4605019,277720148,0 SENTINEL 1A,1 39634U 14016A   25009.89338471 -.00000189  00000-0 -30379-4 0  9992,2 39634  98.1807  20.0016 0001195  90.2505 269.8831 14.59199973573702
3.0,GENERATED VIA SPACE-TRACK.ORG API,2025-01-10 06:48:31+00:00,18 SPCS,SENTINEL 1A,2014-016A,EARTH,TEME,UTC,SGP4,2025-01-10 04:01:26.700960+00:00,14.59200036,0.00011890,98.1808,20.2718,90.4911,269.6425,0,U,39634,999,57377,-0.00001844100000,-0.00000133,0.0000000000000,7073.895,98.684,696.601,694.919,PAYLOAD,LARGE,ESA,2014-04-03,FRGUI,,4605088,277736737,0 SENTINEL 1A,1 39634U 14016A   25010.16767015 -.00000133  00000-0 -18441-4 0  9999,2 39634  98.1808  20.2718 0001189  90.4911 269.6425 14.59200036573777
3.0,GENERATED VIA SPACE-TRACK.ORG API,2025-01-10 14:38:33+00:00,18 SPCS,SENTINEL 1A,2014-016A,EARTH,TEME,UTC,SGP4,2025-01-10 10:36:24.978528+00:00,14.59200275,0.00012470,98.1808,20.5420,90.5439,269.5904,0,U,39634,999,57381,0.00001220200000,0.00000012,0.0000000000000,7073.894,98.684,696.642,694.877,PAYLOAD,LARGE,ESA,2014-04-03,FRGUI,,4605424,277744802,0 SENTINEL 1A,1 39634U 14016A   25010.44195577  .00000012  00000-0  12202-4 0  9991,2 39634  98.1808  20.5420 0001247  90.5439 269.5904 14.59200275573812
3.0,GENERATED VIA SPACE-TRACK.ORG API,2025-01-10 17:41:51+00:00,18 SPCS,SENTINEL 1A,2014-016A,EARTH,TEME,UTC,SGP4,2025-01-10 13:53:54.103488+00:00,14.59200374,0.00012480,98.1808,20.6772,91.0171,269.1172,0,U,39634,999,57380,0.00001910900000,0.00000044,0.0000000000000,7073.894,98.684,696.642,694.876,PAYLOAD,LARGE,ESA,2014-04-03,FRGUI,,4605690,277766513,0 SENTINEL 1A,1 39634U 14016A   25010.57909842  .00000044  00000-0  19109-4 0  9991,2 39634  98.1808  20.6772 0001248  91.0171 269.1172 14.59200374573805
3.0,GENERATED VIA SPACE-TRACK.ORG API,2025-01-10 23:38:31+00:00,18 SPCS,SENTINEL 1A,2014-016A,EARTH,TEME,UTC,SGP4,2025-01-10 18:50:07.773216+00:00,14.59200854,0.00012500,98.1808,20.8798,91.2479,268.8864,0,U,39634,999,57386,0.00005009300000,0.00000190,0.0000000000000,7073.893,98.684,696.642,694.873,PAYLOAD,LARGE,ESA,2014-04-03,FRGUI,,4605745,277782707,0 SENTINEL 1A,1 39634U 14016A   25010.78481219  .00000190  00000-0  50093-4 0  9996,2 39634  98.1808  20.8798 0001250  91.2479 268.8864 14.59200854573864
3.0,GENERATED VIA SPACE-TRACK.ORG API,2025-01-11 05:36:21+00:00,18 SPCS,SENTINEL 1A,2014-016A,EARTH,TEME,UTC,SGP4,2025-01-10 22:07:36.886944+00:00,14.59201147,0.00012470,98.1808,21.0150,91.2860,268.8482,0,U,39634,999,57385,0.00006339400000,0.00000253,0.0000000000000,7073.892,98.684,696.639,694.874,PAYLOAD,LARGE,ESA,2014-04-03,FRGUI,,4607388,277834464,0 SENTINEL 1A,1 39634U 14016A   25010.92195471  .00000253  00000-0  63394-4 0  9992,2 39634  98.1808  21.0150 0001247  91.2860 268.8482 14.59201147573850
3.0,GENERATED VIA SPACE-TRACK.ORG API,2025-01-11 16:36:16+00:00,18 SPCS,SENTINEL 1A,2014-016A,EARTH,TEME,UTC,SGP4,2025-01-11 11:17:33.372960+00:00,14.59201683,0.00012550,98.1808,21.5555,91.1680,268.9663,0,U,39634,999,57396,0.00007730500000,0.00000319,0.0000000000000,7073.890,98.684,696.643,694.867,PAYLOAD,LARGE,ESA,2014-04-03,FRGUI,,4607680,277912961,0 SENTINEL 1A,1 39634U 14016A   25011.47052515  .00000319  00000-0  77305-4 0  9994,2 39634  98.1808  21.5555 0001255  91.1680 268.9663 14.59201683573961
3.0,GENERATED VIA SPACE-TRACK.ORG API,2025-01-11 18:02:58+00:00,18 SPCS,SENTINEL 1A,2014-016A,EARTH,TEME,UTC,SGP4,2025-01-11 14:35:02.557536+00:00,14.59199508,0.00012620,98.1808,21.6906,91.4742,268.6602,0,U,39634,999,57395,0.00006609300000,0.00000266,0.0000000000000,7073.897,98.684,696.655,694.869,PAYLOAD,LARGE,ESA,2014-04-03,FRGUI,,4607957,277935324,0 SENTINEL 1A,1 39634U 14016A   25011.60766849  .00000266  00000-0  66093-4 0  9994,2 39634  98.1808  21.6906 0001262  91.4742 268.6602 14.59199508573953
3.0,GENERATED VIA SPACE-TRACK.ORG API,2025-01-11 22:26:18+00:00,18 SPCS,SENTINEL 1A,2014-016A,EARTH,TEME,UTC,SGP4,2025-01-11 19:31:16.259232+00:00,14.59199668,0.00012580,98.1808,21.8932,91.2463,268.8881,0,U,39634,999,57401,0.00006533000000,0.00000262,0.0000000000000,7073.896,98.684,696.651,694.871,PAYLOAD,LARGE,ESA,2014-04-03,FRGUI,,4608005,277951319,0 SENTINEL 1A,1 39634U 14016A   25011.81338263  .00000262  00000-0  65330-4 0  9991,2 39634  98.1808  21.8932 0001258  91.2463 268.8881 14.59199668574013
3.0,GENERATED VIA SPACE-TRACK.ORG API,2025-01-12 03:29:48+00:00,18 SPCS,SENTINEL 1A,2014-016A,EARTH,TEME,UTC,SGP4,2025-01-11 22:48:45.384192+00:00,14.59199892,0.00012540,98.1807,22.0284,91.2856,268.8487,0,U,39634,999,57400,0.00006820100000,0.00000276,0.0000000000000,7073.896,98.684,696.648,694.874,PAYLOAD,LARGE,ESA,2014-04-03,FRGUI,,4608269,277972595,0 SENTINEL 1A,1 39634U 14016A   25011.95052528  .00000276  00000-0  68201-4 0  9998,2 39634  98.1807  22.0284 0001254  91.2856 268.8487 14.59199892574007
3.0,GENERATED VIA SPACE-TRACK.ORG API,2025-01-12 06:36:15+00:00,18 SPCS,SENTINEL 1A,2014-016A,EARTH,TEME,UTC,SGP4,2025-01-12 03:44:59.083296+00:00,14.59200020,0.00012560,98.1808,22.2311,91.1203,269.0140,0,U,39634,999,57406,0.00006721500000,0.00000271,0.0000000000000,7073.895,98.684,696.649,694.872,PAYLOAD,LARGE,ESA,2014-04-03,FRGUI,,4608303,277988483,0 SENTINEL 1A,1 39634U 14016A   25012.15623939  .00000271  00000-0  67215-4 0  9990,2 39634  98.1808  22.2311 0001256  91.1203 269.0140 14.59200020574069
3.0,GENERATED VIA SPACE-TRACK.ORG API,2025-01-12 14:26:17+00:00,18 SPCS,SENTINEL 1A,2014-016A,EARTH,TEME,UTC,SGP4,2025-01-12 11:58:41.920320+00:00,14.59200271,0.00012570,98.1808,22.5689,90.9914,269.1430,0,U,39634,999,57411,0.00006797600000,0.00000275,0.0000000000000,7073.894,98.684,696.649,694.870,PAYLOAD,LARGE,ESA,2014-04-03,FRGUI,,4608589,277995021,0 SENTINEL 1A,1 39634U 14016A   25012.49909630  .00000275  00000-0  67976-4 0  9990,2 39634  98.1808  22.5689 0001257  90.9914 269.1430 14.59200271574114
3.0,GENERATED VIA SPACE-TRACK.ORG API,2025-01-12 17:18:10+00:00,18 SPCS,SENTINEL 1A,2014-016A,EARTH,TEME,UTC,SGP4,2025-01-12 13:37:26.481504+00:00,14.59200269,0.00012570,98.1808,22.6365,90.9752,269.1591,0,U,39634,999,57409,0.00006563200000,0.00000264,0.0000000000000,7073.894,98.684,696.649,694.870,PAYLOAD,LARGE,ESA,2014-04-03,FRGUI,,4608895,278017119,0 SENTINEL 1A,1 39634U 14016A   25012.56766761  .00000264  00000-0  65632-4 0  9999,2 39634  98.1808  22.6365 0001257  90.9752 269.1591 14.59200269574098
3.0,GENERATED VIA SPACE-TRACK.ORG API,2025-01-12 22:26:24+00:00,18 SPCS,SENTINEL 1A,2014-016A,EARTH,TEME,UTC,SGP4,2025-01-12 18:33:40.173696+00:00,14.59200412,0.00012550,98.1807,22.8392,90.9290,269.2053,0,U,39634,999,57415,0.00006512700000,0.00000261,0.0000000000000,7073.894,98.684,696.647,694.871,PAYLOAD,LARGE,ESA,2014-04-03,FRGUI,,4608942,278033037,0 SENTINEL 1A,1 39634U 14016A   25012.77338164  .00000261  00000-0  65127-4 0  9990,2 39634  98.1807  22.8392 0001255  90.9290 269.2053 14.59200412574155
3.0,GENERATED VIA SPACE-TRACK.ORG API,2025-01-13 02:04:43+00:00,18 SPCS,SENTINEL 1A,2014-016A,EARTH,TEME,UTC,SGP4,2025-01-12 21:51:09.296928+00:00,14.59200509,0.00012520,98.1807,22.9743,90.9856,269.1488,0,U,39634,999,57414,0.00006372100000,0.00000255,0.0000000000000,7073.894,98.684,696.644,694.873,PAYLOAD,LARGE,ESA,2014-04-03,FRGUI,,4609167,278053530,0 SENTINEL 1A,1 39634U 14016A   25012.91052427  .00000255  00000-0  63721-4 0  9992,2 39634  98.1807  22.9743 0001252  90.9856 269.1488 14.59200509574148
3.0,GENERATED VIA SPACE-TRACK.ORG API,2025-01-13 06:46:16+00:00,18 SPCS,SENTINEL 1A,2014-016A,EARTH,TEME,UTC,SGP4,2025-01-13 02:47:22.982208+00:00,14.59200689,0.00012470,98.1808,23.1771,91.0090,269.1252,0,U,39634,999,57420,0.00006273600000,0.00000250,0.0000000000000,7073.893,98.684,696.640,694.876,PAYLOAD,LARGE,ESA,2014-04-03,FRGUI,,4609294,278070741,0 SENTINEL 1A,1 39634U 14016A   25013.11623822  .00000250  00000-0  62736-4 0  9998,2 39634  98.1808  23.1771 0001247  91.0090 269.1252 14.59200689574204
3.0,GENERATED VIA SPACE-TRACK.ORG API,2025-01-13 14:26:16+00:00,18 SPCS,SENTINEL 1A,2014-016A,EARTH,TEME,UTC,SGP4,2025-01-13 11:01:05.793312+00:00,14.59201087,0.00012510,98.1808,23.5149,91.1785,268.9558,0,U,39634,999,57425,0.00006790300000,0.00000274,0.0000000000000,7073.892,98.684,696.642,694.872,PAYLOAD,LARGE,ESA,2014-04-03,FRGUI,,4609509,278076385,0 SENTINEL 1A,1 39634U 14016A   25013.45909483  .00000274  00000-0  67903-4 0  9992,2 39634  98.1808  23.5149 0001251  91.1785 268.9558 14.59201087574258
3.0,GENERATED VIA SPACE-TRACK.ORG API,2025-01-13 18:44:43+00:00,18 SPCS,SENTINEL 1A,2014-016A,EARTH,TEME,UTC,SGP4,2025-01-13 12:39:50.354496+00:00,14.59201009,0.00012520,98.1808,23.5824,91.2378,268.8966,0,U,39634,999,57423,0.00006269700000,0.00000250,0.0000000000000,7073.892,98.684,696.643,694.871,PAYLOAD,LARGE,ESA,2014-04-03,FRGUI,,4609796,278097892,0 SENTINEL 1A,1 39634U 14016A   25013.52766614  .00000250  00000-0  62697-4 0  9996,2 39634  98.1808  23.5824 0001252  91.2378 268.8966 14.59201009574232
3.0,GENERATED VIA SPACE-TRACK.ORG API,2025-01-13 22:36:24+00:00,18 SPCS,SENTINEL 1A,2014-016A,EARTH,TEME,UTC,SGP4,2025-01-13 19:14:48.599232+00:00,14.59201178,0.00012520,98.1808,23.8527,91.1850,268.9493,0,U,39634,999,57430,0.00006231000000,0.00000248,0.0000000000000,7073.891,98.684,696.642,694.871,PAYLOAD,LARGE,ESA,2014-04-03,FRGUI,,4609879,278113886,0 SENTINEL 1A,1 39634U 14016A   25013.80195138  .00000248  00000-0  62310-4 0  9993,2 39634  98.1808  23.8527 0001252  91.1850 268.9493 14.59201178574300
3.0,GENERATED VIA SPACE-TRACK.ORG API,2025-01-14 01:59:04+00:00,18 SPCS,SENTINEL 1A,2014-016A,EARTH,TEME,UTC,SGP4,2025-01-13 22:32:17.712960+00:00,14.59201292,0.00012490,98.1808,23.9878,91.0425,269.0918,0,U,39634,999,57429,0.00006132000000,0.00000243,0.0000000000000,7073.891,98.684,696.640,694.873,PAYLOAD,LARGE,ESA,2014-04-03,FRGUI,,4610108,278133727,0 SENTINEL 1A,1 39634U 14016A   25013.93909390  .00000243  00000-0  61320-4 0  9995,2 39634  98.1808  23.9878 0001249  91.0425 269.0918 14.59201292574292
3.0,GENERATED VIA SPACE-TRACK.ORG API,2025-01-14 06:56:31+00:00,18 SPCS,SENTINEL 1A,2014-016A,EARTH,TEME,UTC,SGP4,2025-01-14 03:28:31.387008+00:00,14.59201665,0.00012600,98.1808,24.1905,90.7133,269.4211,0,U,39634,999,57435,0.00007963800000,0.00000330,0.0000000000000,7073.890,98.684,696.646,694.864,PAYLOAD,LARGE,ESA,2014-04-03,FRGUI,,4610169,278150216,0 SENTINEL 1A,1 39634U 14016A   25014.14480772  .00000330  00000-0  79638-4 0  9995,2 39634  98.1808  24.1905 0001260  90.7133 269.4211 14.59201665574352
3.0,GENERATED VIA SPACE-TRACK.ORG API,2025-01-14 14:46:17+00:00,18 SPCS,SENTINEL 1A,2014-016A,EARTH,TEME,UTC,SGP4,2025-01-14 11:42:14.181696+00:00,14.59202117,0.00012620,98.1808,24.5283,90.6860,269.4484,0,U,39634,999,57440,0.00008604100000,0.00000360,0.0000000000000,7073.888,98.684,696.646,694.861,PAYLOAD,LARGE,ESA,2014-04-03,FRGUI,,4610504,278158050,0 SENTINEL 1A,1 39634U 14016A   25014.48766414  .00000360  00000-0  86041-4 0  9991,2 39634  98.1808  24.5283 0001262  90.6860 269.4484 14.59202117574404
3.0,GENERATED VIA SPACE-TRACK.ORG API,2025-01-14 17:39:45+00:00,18 SPCS,SENTINEL 1A,2014-016A,EARTH,TEME,UTC,SGP4,2025-01-14 13:20:58.735104+00:00,14.59202085,0.00012610,98.1808,24.5959,90.7989,269.3355,0,U,39634,999,57438,0.00008131200000,0.00000338,0.0000000000000,7073.889,98.684,696.646,694.862,PAYLOAD,LARGE,ESA,2014-04-03,FRGUI,,4610679,278177296,0 SENTINEL 1A,1 39634U 14016A   25014.55623536  .00000338  00000-0  81312-4 0  9997,2 39634  98.1808  24.5959 0001261  90.7989 269.3355 14.59202085574383
3.0,GENERATED VIA SPACE-TRACK.ORG API,2025-01-14 22:36:17+00:00,18 SPCS,SENTINEL 1A,2014-016A,EARTH,TEME,UTC,SGP4,2025-01-14 18:17:12.406560+00:00,14.59202253,0.00012570,98.1808,24.7986,90.7398,269.3945,0,U,39634,999,57444,0.00008284900000,0.00000345,0.0000000000000,7073.888,98.684,696.642,694.864,PAYLOAD,LARGE,ESA,2014-04-03,FRGUI,,4610794,278193873,0 SENTINEL 1A,1 39634U 14016A   25014.76194915  .00000345  00000-0  82849-4 0  9998,2 39634  98.1808  24.7986 0001257  90.7398 269.3945 14.59202253574443
3.0,GENERATED VIA SPACE-TRACK.ORG API,2025-01-15 04:09:50+00:00,18 SPCS,SENTINEL 1A,2014-016A,EARTH,TEME,UTC,SGP4,2025-01-14 23:13:26.067648+00:00,14.59202491,0.00012530,98.1808,25.0013,90.6509,269.4834,0,U,39634,999,57444,0.00008407700000,0.00000351,0.0000000000000,7073.887,98.684,696.639,694.866,PAYLOAD,LARGE,ESA,2014-04-03,FRGUI,,4610967,278212440,0 SENTINEL 1A,1 39634U 14016A   25014.96766282  .00000351  00000-0  84077-4 0  9994,2 39634  98.1808  25.0013 0001253  90.6509 269.4834 14.59202491574449
3.0,GENERATED VIA SPACE-TRACK.ORG API,2025-01-15 06:16:16+00:00,18 SPCS,SENTINEL 1A,2014-016A,EARTH,TEME,UTC,SGP4,2025-01-15 04:09:39.736512+00:00,14.59202612,0.00012540,98.1809,25.2040,90.8788,269.2555,0,U,39634,999,57450,0.00008175700000,0.00000340,0.0000000000000,7073.887,98.684,696.639,694.865,PAYLOAD,LARGE,ESA,2014-04-03,FRGUI,,4610983,278228480,0 SENTINEL 1A,1 39634U 14016A   25015.17337658  .00000340  00000-0  81757-4 0  9999,2 39634  98.1809  25.2040 0001254  90.8788 269.2555 14.59202612574504
3.0,GENERATED VIA SPACE-TRACK.ORG API,2025-01-15 14:16:16+00:00,18 SPCS,SENTINEL 1A,2014-016A,EARTH,TEME,UTC,SGP4,2025-01-15 10:44:38.052096+00:00,14.59199410,0.00012460,98.1809,25.4742,89.7977,270.3365,0,U,39634,999,57454,0.00008388700000,0.00000350,0.0000000000000,7073.897,98.684,696.644,694.881,PAYLOAD,LARGE,ESA,2014-04-03,FRGUI,,4611257,278235129,0 SENTINEL 1A,1 39634U 14016A   25015.44766264  .00000350  00000-0  83887-4 0  9995,2 39634  98.1809  25.4742 0001246  89.7977 270.3365 14.59199410574540
3.0,GENERATED VIA SPACE-TRACK.ORG API,2025-01-15 17:55:58+00:00,18 SPCS,SENTINEL 1A,2014-016A,EARTH,TEME,UTC,SGP4,2025-01-15 14:02:07.183104+00:00,14.59199319,0.00012520,98.1809,25.6093,90.7546,269.3797,0,U,39634,999,57453,0.00008017900000,0.00000332,0.0000000000000,7073.897,98.684,696.648,694.877,PAYLOAD,LARGE,ESA,2014-04-03,FRGUI,,4611564,278257230,0 SENTINEL 1A,1 39634U 14016A   25015.58480536  .00000332  00000-0  80179-4 0  9996,2 39634  98.1809  25.6093 0001252  90.7546 269.3797 14.59199319574536
3.0,GENERATED VIA SPACE-TRACK.ORG API,2025-01-15 22:16:15+00:00,18 SPCS,SENTINEL 1A,2014-016A,EARTH,TEME,UTC,SGP4,2025-01-15 18:58:20.892576+00:00,14.59199364,0.00012580,98.1809,25.8120,90.9000,269.2344,0,U,39634,999,57459,0.00007959200000,0.00000329,0.0000000000000,7073.897,98.684,696.652,694.872,PAYLOAD,LARGE,ESA,2014-04-03,FRGUI,,4611602,278272718,0 SENTINEL 1A,1 39634U 14016A   25015.79051959  .00000329  00000-0  79592-4 0  9995,2 39634  98.1809  25.8120 0001258  90.9000 269.2344 14.59199364574595
3.0,GENERATED VIA SPACE-TRACK.ORG API,2025-01-16 05:20:38+00:00,18 SPCS,SENTINEL 1A,2014-016A,EARTH,TEME,UTC,SGP4,2025-01-15 22:15:50.021856+00:00,14.59199681,0.00012500,98.1809,25.9472,90.9900,269.1443,0,U,39634,999,57458,0.00008310500000,0.00000346,0.0000000000000,7073.896,98.684,696.646,694.877,PAYLOAD,LARGE,ESA,2014-04-03,FRGUI,,4611874,278293343,0 SENTINEL 1A,1 39634U 14016A   25015.92766229  .00000346  00000-0  83105-4 0  9997,2 39634  98.1809  25.9472 0001250  90.9900 269.1443 14.59199681574587
3.0,GENERATED VIA SPACE-TRACK.ORG API,2025-01-16 06:26:15+00:00,18 SPCS,SENTINEL 1A,2014-016A,EARTH,TEME,UTC,SGP4,2025-01-16 03:12:03.722688+00:00,14.59199871,0.00012510,98.1809,26.1499,90.9143,269.2200,0,U,39634,999,57464,0.00008251600000,0.00000343,0.0000000000000,7073.896,98.684,696.646,694.876,PAYLOAD,LARGE,ESA,2014-04-03,FRGUI,,4611902,278309276,0 SENTINEL 1A,1 39634U 14016A   25016.13337642  .00000343  00000-0  82516-4 0  9996,2 39634  98.1809  26.1499 0001251  90.9143 269.2200 14.59199871574649
3.0,GENERATED VIA SPACE-TRACK.ORG API,2025-01-16 17:17:14+00:00,18 SPCS,SENTINEL 1A,2014-016A,EARTH,TEME,UTC,SGP4,2025-01-16 13:04:31.120032+00:00,14.59200290,0.00012600,98.1810,26.5553,90.5212,269.6132,0,U,39634,999,57467,0.00008744000000,0.00000366,0.0000000000000,7073.894,98.684,696.651,694.868,PAYLOAD,LARGE,ESA,2014-04-03,FRGUI,,4612163,278330708,0 SENTINEL 1A,1 39634U 14016A   25016.54480463  .00000366  00000-0  87440-4 0  9997,2 39634  98.1810  26.5553 0001260  90.5212 269.6132 14.59200290574678
3.0,GENERATED VIA SPACE-TRACK.ORG API,2025-01-16 22:26:17+00:00,18 SPCS,SENTINEL 1A,2014-016A,EARTH,TEME,UTC,SGP4,2025-01-16 19:39:29.379456+00:00,14.59200504,0.00012590,98.1810,26.8255,90.5132,269.6212,0,U,39634,999,57474,0.00008735300000,0.00000366,0.0000000000000,7073.894,98.684,696.649,694.868,PAYLOAD,LARGE,ESA,2014-04-03,FRGUI,,4612238,278347044,0 SENTINEL 1A,1 39634U 14016A   25016.81909004  .00000366  00000-0  87353-4 0  9997,2 39634  98.1810  26.8255 0001259  90.5132 269.6212 14.59200504574744
3.0,GENERATED VIA SPACE-TRACK.ORG API,2025-01-17 03:19:17+00:00,18 SPCS,SENTINEL 1A,2014-016A,EARTH,TEME,UTC,SGP4,2025-01-16 21:18:13.936320+00:00,14.59200702,0.00012580,98.1810,26.8931,90.5224,269.6120,0,U,39634,999,57472,0.00009167700000,0.00000386,0.0000000000000,7073.893,98.684,696.648,694.868,PAYLOAD,LARGE,ESA,2014-04-03,FRGUI,,4612708,278372982,0 SENTINEL 1A,1 39634U 14016A   25016.88766130  .00000386  00000-0  91677-4 0  9991,2 39634  98.1810  26.8931 0001258  90.5224 269.6120 14.59200702574722
3.0,GENERATED VIA SPACE-TRACK.ORG API,2025-01-17 06:16:16+00:00,18 SPCS,SENTINEL 1A,2014-016A,EARTH,TEME,UTC,SGP4,2025-01-17 00:35:43.062144+00:00,14.59200827,0.00012570,98.1810,27.0282,90.5481,269.5862,0,U,39634,999,57477,0.00009165700000,0.00000386,0.0000000000000,7073.893,98.684,696.647,694.868,PAYLOAD,LARGE,ESA,2014-04-03,FRGUI,,4612724,278388598,0 SENTINEL 1A,1 39634U 14016A   25017.02480396  .00000386  00000-0  91657-4 0  9993,2 39634  98.1810  27.0282 0001257  90.5481 269.5862 14.59200827574773
3.0,GENERATED VIA SPACE-TRACK.ORG API,2025-01-17 14:16:15+00:00,18 SPCS,SENTINEL 1A,2014-016A,EARTH,TEME,UTC,SGP4,2025-01-17 07:10:41.316384+00:00,14.59201074,0.00012600,98.1811,27.2985,90.7504,269.3840,0,U,39634,999,57481,0.00009053500000,0.00000381,0.0000000000000,7073.892,98.684,696.648,694.866,PAYLOAD,LARGE,ESA,2014-04-03,FRGUI,,4613051,278396194,0 SENTINEL 1A,1 39634U 14016A   25017.29908931  .00000381  00000-0  90535-4 0  9991,2 39634  98.1811  27.2985 0001260  90.7504 269.3840 14.59201074574812
3.0,GENERATED VIA SPACE-TRACK.ORG API,2025-01-17 19:49:47+00:00,18 SPCS,SENTINEL 1A,2014-016A,EARTH,TEME,UTC,SGP4,2025-01-17 13:45:39.550752+00:00,14.59201376,0.00012600,98.1811,27.5687,90.8616,269.2728,0,U,39634,999,57482,0.00009171700000,0.00000387,0.0000000000000,7073.891,98.684,696.647,694.865,PAYLOAD,LARGE,ESA,2014-04-03,FRGUI,,4613333,278416736,0 SENTINEL 1A,1 39634U 14016A   25017.57337443  .00000387  00000-0  91717-4 0  9995,2 39634  98.1811  27.5687 0001260  90.8616 269.2728 14.59201376574829
3.0,GENERATED VIA SPACE-TRACK.ORG API,2025-01-17 22:16:15+00:00,18 SPCS,SENTINEL 1A,2014-016A,EARTH,TEME,UTC,SGP4,2025-01-17 18:41:53.231712+00:00,14.59201535,0.00012610,98.1811,27.7714,90.9408,269.1936,0,U,39634,999,57488,0.00009141800000,0.00000385,0.0000000000000,7073.890,98.684,696.647,694.863,PAYLOAD,LARGE,ESA,2014-04-03,FRGUI,,4613379,278432748,0 SENTINEL 1A,1 39634U 14016A   25017.77908833  .00000385  00000-0  91418-4 0  9990,2 39634  98.1811  27.7714 0001261  90.9408 269.1936 14.59201535574886
3.0,GENERATED VIA SPACE-TRACK.ORG API,2025-01-18 03:06:32+00:00,18 SPCS,SENTINEL 1A,2014-016A,EARTH,TEME,UTC,SGP4,2025-01-17 21:59:22.352352+00:00,14.59201839,0.00012590,98.1811,27.9066,90.8731,269.2613,0,U,39634,999,57487,0.00009860000000,0.00000419,0.0000000000000,7073.889,98.684,696.645,694.864,PAYLOAD,LARGE,ESA,2014-04-03,FRGUI,,4613724,278455683,0 SENTINEL 1A,1 39634U 14016A   25017.91623093  .00000419  00000-0  98600-4 0  9996,2 39634  98.1811  27.9066 0001259  90.8731 269.2613 14.59201839574872
3.0,GENERATED VIA SPACE-TRACK.ORG API,2025-01-18 06:16:28+00:00,18 SPCS,SENTINEL 1A,2014-016A,EARTH,TEME,UTC,SGP4,2025-01-18 01:16:51.469536+00:00,14.59201993,0.00012610,98.1811,28.0417,90.6827,269.4517,0,U,39634,999,57492,0.00010012000000,0.00000426,0.0000000000000,7073.889,98.684,696.646,694.862,PAYLOAD,LARGE,ESA,2014-04-03,FRGUI,,4613738,278471147,0 SENTINEL 1A,1 39634U 14016A   25018.05337349  .00000426  00000-0  10012-3 0  9996,2 39634  98.1811  28.0417 0001261  90.6827 269.4517 14.59201993574923
3.0,GENERATED VIA SPACE-TRACK.ORG API,2025-01-18 17:32:39+00:00,18 SPCS,SENTINEL 1A,2014-016A,EARTH,TEME,UTC,SGP4,2025-01-18 12:48:03.568032+00:00,14.59197543,0.00012700,98.1812,28.5147,91.4247,268.7098,0,U,39634,999,57496,-0.00022529000000,-0.00001108,0.0000000000000,7073.903,98.684,696.667,694.870,PAYLOAD,LARGE,ESA,2014-04-03,FRGUI,,4614329,278500058,0 SENTINEL 1A,1 39634U 14016A   25018.53337463 -.00001108  00000-0 -22529-3 0  9992,2 39634  98.1812  28.5147 0001270  91.4247 268.7098 14.59197543574969
3.0,GENERATED VIA SPACE-TRACK.ORG API,2025-01-18 20:26:16+00:00,18 SPCS,SENTINEL 1A,2014-016A,EARTH,TEME,UTC,SGP4,2025-01-18 17:44:17.353536+00:00,14.59197818,0.00012070,98.1811,28.7177,88.6499,271.4839,0,U,39634,999,57502,-0.00020529000000,-0.00001013,0.0000000000000,7073.902,98.684,696.621,694.914,PAYLOAD,LARGE,ESA,2014-04-03,FRGUI,,4614366,278516048,0 SENTINEL 1A,1 39634U 14016A   25018.73908974 -.00001013  00000-0 -20529-3 0  9998,2 39634  98.1811  28.7177 0001207  88.6499 271.4839 14.59197818575027
3.0,GENERATED VIA SPACE-TRACK.ORG API,2025-01-19 02:21:50+00:00,18 SPCS,SENTINEL 1A,2014-016A,EARTH,TEME,UTC,SGP4,2025-01-18 22:40:31.051776+00:00,14.59196871,0.00011970,98.1811,28.9203,88.2965,271.8372,0,U,39634,999,57502,-0.00022273000000,-0.00001095,0.0000000000000,7073.905,98.684,696.617,694.924,PAYLOAD,LARGE,ESA,2014-04-03,FRGUI,,4614653,278537964,0 SENTINEL 1A,1 39634U 14016A   25018.94480384 -.00001095  00000-0 -22273-3 0  9999,2 39634  98.1811  28.9203 0001197  88.2965 271.8372 14.59196871575025
3.0,GENERATED VIA SPACE-TRACK.ORG API,2025-01-19 06:16:15+00:00,18 SPCS,SENTINEL 1A,2014-016A,EARTH,TEME,UTC,SGP4,2025-01-19 03:36:44.774208+00:00,14.59196663,0.00011860,98.1811,29.1230,88.7950,271.3386,0,U,39634,999,57508,-0.00022344000000,-0.00001099,0.0000000000000,7073.906,98.684,696.610,694.932,PAYLOAD,LARGE,ESA,2014-04-03,FRGUI,,4614670,278553621,0 SENTINEL 1A,1 39634U 14016A   25019.15051822 -.00001099  00000-0 -22344-3 0  9997,2 39634  98.1811  29.1230 0001186  88.7950 271.3386 14.59196663575080
3.0,GENERATED VIA SPACE-TRACK.ORG API,2025-01-19 14:16:15+00:00,18 SPCS,SENTINEL 1A,2014-016A,EARTH,TEME,UTC,SGP4,2025-01-19 11:50:27.673440+00:00,14.59196900,0.00012420,98.1811,29.4607,88.5693,271.5649,0,U,39634,999,57513,-0.00021905000000,-0.00001078,0.0000000000000,7073.905,98.684,696.649,694.892,PAYLOAD,LARGE,ESA,2014-04-03,FRGUI,,4615028,278562462,0 SENTINEL 1A,1 39634U 14016A   25019.49337585 -.00001078  00000-0 -21905-3 0  9996,2 39634  98.1811  29.4607 0001242  88.5693 271.5649 14.59196900575130
3.0,GENERATED VIA SPACE-TRACK.ORG API,2025-01-19 18:31:59+00:00,18 SPCS,SENTINEL 1A,2014-016A,EARTH,TEME,UTC,SGP4,2025-01-19 13:29:12.276960+00:00,14.59196004,0.00012440,98.1811,29.5283,88.1966,271.9376,0,U,39634,999,57511,-0.00023604000000,-0.00001158,0.0000000000000,7073.908,98.684,696.653,694.893,PAYLOAD,LARGE,ESA,2014-04-03,FRGUI,,4615456,278587692,0 SENTINEL 1A,1 39634U 14016A   25019.56194765 -.00001158  00000-0 -23604-3 0  9992,2 39634  98.1811  29.5283 0001244  88.1966 271.9376 14.59196004575116
3.0,GENERATED VIA SPACE-TRACK.ORG API,2025-01-19 22:16:15+00:00,18 SPCS,SENTINEL 1A,2014-016A,EARTH,TEME,UTC,SGP4,2025-01-19 20:04:10.575264+00:00,14.59195992,0.00012730,98.1809,29.7986,87.9972,272.1373,0,U,39634,999,57518,-0.00023713000000,-0.00001163,0.0000000000000,7073.908,98.684,696.674,694.873,PAYLOAD,LARGE,ESA,2014-04-03,FRGUI,,4615489,278603567,0 SENTINEL 1A,1 39634U 14016A   25019.83623351 -.00001163  00000-0 -23713-3 0  9997,2 39634  98.1809  29.7986 0001273  87.9972 272.1373 14.59195992575183
3.0,GENERATED VIA SPACE-TRACK.ORG API,2025-01-20 03:16:43+00:00,18 SPCS,SENTINEL 1A,2014-016A,EARTH,TEME,UTC,SGP4,2025-01-19 21:42:55.178784+00:00,14.59195553,0.00012710,98.1809,29.8662,88.1956,271.9390,0,U,39634,999,57516,-0.00024407000000,-0.00001196,0.0000000000000,7073.910,98.685,696.674,694.876,PAYLOAD,LARGE,ESA,2014-04-03,FRGUI,,4615796,278624900,0 SENTINEL 1A,1 39634U 14016A   25019.90480531 -.00001196  00000-0 -24407-3 0  9993,2 39634  98.1809  29.8662 0001271  88.1956 271.9390 14.59195553575165
3.0,GENERATED VIA SPACE-TRACK.ORG API,2025-01-20 06:16:14+00:00,18 SPCS,SENTINEL 1A,2014-016A,EARTH,TEME,UTC,SGP4,2025-01-20 04:17:53.386368+00:00,14.59197243,0.00011650,98.1810,30.1368,87.4378,272.6955,0,U,39634,999,57523,-0.00024547000000,-0.00001203,0.0000000000000,7073.904,98.684,696.593,694.945,PAYLOAD,LARGE,ESA,2014-04-03,FRGUI,,4615816,278640817,0 SENTINEL 1A,1 39634U 14016A   25020.17909012 -.00001203  00000-0 -24547-3 0  9998,2 39634  98.1810  30.1368 0001165  87.4378 272.6955 14.59197243575238
3.0,GENERATED VIA SPACE-TRACK.ORG API,2025-01-20 14:16:17+00:00,18 SPCS,SENTINEL 1A,2014-016A,EARTH,TEME,UTC,SGP4,2025-01-20 12:31:36.276960+00:00,14.59196762,0.00012220,98.1811,30.4741,88.9132,271.2208,0,U,39634,999,57528,-0.00025248000000,-0.00001236,0.0000000000000,7073.906,98.684,696.635,694.906,PAYLOAD,LARGE,ESA,2014-04-03,FRGUI,,4616106,278647803,0 SENTINEL 1A,1 39634U 14016A   25020.52194765 -.00001236  00000-0 -25248-3 0  9993,2 39634  98.1811  30.4741 0001222  88.9132 271.2208 14.59196762575281
3.0,GENERATED VIA SPACE-TRACK.ORG API,2025-01-20 18:44:49+00:00,18 SPCS,SENTINEL 1A,2014-016A,EARTH,TEME,UTC,SGP4,2025-01-20 12:31:36.276960+00:00,14.59196762,0.00012220,98.1811,30.4741,88.9132,271.2208,0,U,39634,999,57525,-0.00025248000000,-0.00001236,0.0000000000000,7073.906,98.684,696.635,694.906,PAYLOAD,LARGE,ESA,2014-04-03,FRGUI,,4616438,278670472,0 SENTINEL 1A,1 39634U 14016A   25020.52194765 -.00001236  00000-0 -25248-3 0  9993,2 39634  98.1811  30.4741 0001222  88.9132 271.2208 14.59196762575258
3.0,GENERATED VIA SPACE-TRACK.ORG API,2025-01-20 22:16:14+00:00,18 SPCS,SENTINEL 1A,2014-016A,EARTH,TEME,UTC,SGP4,2025-01-20 19:06:34.326432+00:00,14.59200583,0.00012700,98.1813,30.7444,91.2527,268.8818,0,U,39634,999,57532,0.00011942000000,0.00000517,0.0000000000000,7073.893,98.684,696.657,694.860,PAYLOAD,LARGE,ESA,2014-04-03,FRGUI,,4616460,278686562,0 SENTINEL 1A,1 39634U 14016A   25020.79623063  .00000517  00000-0  11942-3 0  9995,2 39634  98.1813  30.7444 0001270  91.2527 268.8818 14.59200583575325
3.0,GENERATED VIA SPACE-TRACK.ORG API,2025-01-21 02:12:35+00:00,18 SPCS,SENTINEL 1A,2014-016A,EARTH,TEME,UTC,SGP4,2025-01-20 22:24:03.446208+00:00,14.59201134,0.00012690,98.1813,30.8796,91.2305,268.9040,0,U,39634,999,57531,0.00013419000000,0.00000587,0.0000000000000,7073.892,98.684,696.654,694.859,PAYLOAD,LARGE,ESA,2014-04-03,FRGUI,,4616743,278707081,0 SENTINEL 1A,1 39634U 14016A   25020.93337322  .00000587  00000-0  13419-3 0  9999,2 39634  98.1813  30.8796 0001269  91.2305 268.9040 14.59201134575318
3.0,GENERATED VIA SPACE-TRACK.ORG API,2025-01-21 06:26:16+00:00,18 SPCS,SENTINEL 1A,2014-016A,EARTH,TEME,UTC,SGP4,2025-01-21 03:20:17.130624+00:00,14.59201408,0.00012700,98.1814,31.0823,91.2207,268.9138,0,U,39634,999,57537,0.00013536000000,0.00000592,0.0000000000000,7073.891,98.684,696.654,694.857,PAYLOAD,LARGE,ESA,2014-04-03,FRGUI,,4616793,278723792,0 SENTINEL 1A,1 39634U 14016A   25021.13908716  .00000592  00000-0  13536-3 0  9999,2 39634  98.1814  31.0823 0001270  91.2207 268.9138 14.59201408575374
3.0,GENERATED VIA SPACE-TRACK.ORG API,2025-01-21 14:56:17+00:00,18 SPCS,SENTINEL 1A,2014-016A,EARTH,TEME,UTC,SGP4,2025-01-21 11:33:59.944320+00:00,14.59201686,0.00012750,98.1814,31.4201,91.0313,269.1033,0,U,39634,999,57542,0.00013195000000,0.00000576,0.0000000000000,7073.890,98.684,696.657,694.853,PAYLOAD,LARGE,ESA,2014-04-03,FRGUI,,4617295,278735090,0 SENTINEL 1A,1 39634U 14016A   25021.48194380  .00000576  00000-0  13195-3 0  9994,2 39634  98.1814  31.4201 0001275  91.0313 269.1033 14.59201686575420
3.0,GENERATED VIA SPACE-TRACK.ORG API,2025-01-21 17:35:04+00:00,18 SPCS,SENTINEL 1A,2014-016A,EARTH,TEME,UTC,SGP4,2025-01-21 14:51:29.063232+00:00,14.59201790,0.00012730,98.1814,31.5553,91.2323,268.9022,0,U,39634,999,57541,0.00012980000000,0.00000566,0.0000000000000,7073.890,98.684,696.655,694.854,PAYLOAD,LARGE,ESA,2014-04-03,FRGUI,,4617403,278753415,0 SENTINEL 1A,1 39634U 14016A   25021.61908638  .00000566  00000-0  12980-3 0  9998,2 39634  98.1814  31.5553 0001273  91.2323 268.9022 14.59201790575412
3.0,GENERATED VIA SPACE-TRACK.ORG API,2025-01-21 22:16:17+00:00,18 SPCS,SENTINEL 1A,2014-016A,EARTH,TEME,UTC,SGP4,2025-01-21 19:47:42.739872+00:00,14.59202056,0.00012710,98.1813,31.7580,91.2243,268.9102,0,U,39634,999,57547,0.00013211000000,0.00000577,0.0000000000000,7073.889,98.684,696.653,694.855,PAYLOAD,LARGE,ESA,2014-04-03,FRGUI,,4617462,278769166,0 SENTINEL 1A,1 39634U 14016A   25021.82480023  .00000577  00000-0  13211-3 0  9994,2 39634  98.1813  31.7580 0001271  91.2243 268.9102 14.59202056575473
3.0,GENERATED VIA SPACE-TRACK.ORG API,2025-01-22 02:14:01+00:00,18 SPCS,SENTINEL 1A,2014-016A,EARTH,TEME,UTC,SGP4,2025-01-21 23:05:11.852736+00:00,14.59202314,0.00012680,98.1813,31.8931,91.1364,268.9981,0,U,39634,999,57546,0.00013492000000,0.00000590,0.0000000000000,7073.888,98.684,696.650,694.856,PAYLOAD,LARGE,ESA,2014-04-03,FRGUI,,4617768,278790501,0 SENTINEL 1A,1 39634U 14016A   25021.96194274  .00000590  00000-0  13492-3 0  9995,2 39634  98.1813  31.8931 0001268  91.1364 268.9981 14.59202314575464
3.0,GENERATED VIA SPACE-TRACK.ORG API,2025-01-22 06:26:26+00:00,18 SPCS,SENTINEL 1A,2014-016A,EARTH,TEME,UTC,SGP4,2025-01-22 00:43:56.408736+00:00,14.59202427,0.00012690,98.1814,31.9607,90.8977,269.2368,0,U,39634,999,57550,0.00013614000000,0.00000596,0.0000000000000,7073.887,98.684,696.650,694.855,PAYLOAD,LARGE,ESA,2014-04-03,FRGUI,,4617826,278806674,0 SENTINEL 1A,1 39634U 14016A   25022.03051399  .00000596  00000-0  13614-3 0  9996,2 39634  98.1814  31.9607 0001269  90.8977 269.2368 14.59202427575506
3.0,GENERATED VIA SPACE-TRACK.ORG API,2025-01-22 14:16:17+00:00,18 SPCS,SENTINEL 1A,2014-016A,EARTH,TEME,UTC,SGP4,2025-01-22 12:15:08.517600+00:00,14.59196868,0.00012730,98.1816,32.4337,88.2624,271.8722,0,U,39634,999,57557,0.00014079000000,0.00000618,0.0000000000000,7073.905,98.684,696.671,694.870,PAYLOAD,LARGE,ESA,2014-04-03,FRGUI,,4618165,278815893,0 SENTINEL 1A,1 39634U 14016A   25022.51051525  .00000618  00000-0  14079-3 0  9991,2 39634  98.1816  32.4337 0001273  88.2624 271.8722 14.59196868575570
3.0,GENERATED VIA SPACE-TRACK.ORG API,2025-01-22 17:12:52+00:00,18 SPCS,SENTINEL 1A,2014-016A,EARTH,TEME,UTC,SGP4,2025-01-22 12:15:08.517600+00:00,14.59196868,0.00012730,98.1816,32.4337,88.2624,271.8722,0,U,39634,999,57554,0.00014079000000,0.00000618,0.0000000000000,7073.905,98.684,696.671,694.870,PAYLOAD,LARGE,ESA,2014-04-03,FRGUI,,4618407,278835915,0 SENTINEL 1A,1 39634U 14016A   25022.51051525  .00000618  00000-0  14079-3 0  9991,2 39634  98.1816  32.4337 0001273  88.2624 271.8722 14.59196868575547
3.0,GENERATED VIA SPACE-TRACK.ORG API,2025-01-23 06:26:19+00:00,18 SPCS,SENTINEL 1A,2014-016A,EARTH,TEME,UTC,SGP4,2025-01-23 03:03:49.677984+00:00,14.59198167,0.00012480,98.1814,33.0418,89.8694,270.2649,0,U,39634,999,57566,0.00011484000000,0.00000496,0.0000000000000,7073.901,98.684,696.649,694.883,PAYLOAD,LARGE,ESA,2014-04-03,FRGUI,,4618533,278882443,0 SENTINEL 1A,1 39634U 14016A   25023.12765831  .00000496  00000-0  11484-3 0  9992,2 39634  98.1814  33.0418 0001248  89.8694 270.2649 14.59198167575666
3.0,GENERATED VIA SPACE-TRACK.ORG API,2025-01-23 14:26:17+00:00,18 SPCS,SENTINEL 1A,2014-016A,EARTH,TEME,UTC,SGP4,2025-01-23 11:17:32.541792+00:00,14.59198970,0.00012550,98.1814,33.3797,90.0959,270.0384,0,U,39634,999,57571,0.00013100000000,0.00000572,0.0000000000000,7073.899,98.684,696.651,694.876,PAYLOAD,LARGE,ESA,2014-04-03,FRGUI,,4618771,278887932,0 SENTINEL 1A,1 39634U 14016A   25023.47051553  .00000572  00000-0  13100-3 0  9991,2 39634  98.1814  33.3797 0001255  90.0959 270.0384 14.59198970575717
3.0,GENERATED VIA SPACE-TRACK.ORG API,2025-01-23 20:00:36+00:00,18 SPCS,SENTINEL 1A,2014-016A,EARTH,TEME,UTC,SGP4,2025-01-23 14:35:01.688352+00:00,14.59198909,0.00012580,98.1814,33.5148,90.2636,269.8708,0,U,39634,999,57570,0.00012290000000,0.00000534,0.0000000000000,7073.899,98.684,696.654,694.874,PAYLOAD,LARGE,ESA,2014-04-03,FRGUI,,4619138,278912252,0 SENTINEL 1A,1 39634U 14016A   25023.60765843  .00000534  00000-0  12290-3 0  9997,2 39634  98.1814  33.5148 0001258  90.2636 269.8708 14.59198909575703
3.0,GENERATED VIA SPACE-TRACK.ORG API,2025-01-23 22:26:16+00:00,18 SPCS,SENTINEL 1A,2014-016A,EARTH,TEME,UTC,SGP4,2025-01-23 19:31:15.396960+00:00,14.59199182,0.00012610,98.1813,33.7175,90.3493,269.7851,0,U,39634,999,57576,0.00012304000000,0.00000534,0.0000000000000,7073.898,98.684,696.655,694.871,PAYLOAD,LARGE,ESA,2014-04-03,FRGUI,,4619205,278928510,0 SENTINEL 1A,1 39634U 14016A   25023.81337265  .00000534  00000-0  12304-3 0  9999,2 39634  98.1813  33.7175 0001261  90.3493 269.7851 14.59199182575768
3.0,GENERATED VIA SPACE-TRACK.ORG API,2025-01-24 04:23:34+00:00,18 SPCS,SENTINEL 1A,2014-016A,EARTH,TEME,UTC,SGP4,2025-01-23 22:48:44.525376+00:00,14.59199382,0.00012570,98.1813,33.8526,90.2074,269.9270,0,U,39634,999,57575,0.00012270000000,0.00000533,0.0000000000000,7073.897,98.684,696.651,694.873,PAYLOAD,LARGE,ESA,2014-04-03,FRGUI,,4619469,278949537,0 SENTINEL 1A,1 39634U 14016A   25023.95051534  .00000533  00000-0  12270-3 0  9997,2 39634  98.1813  33.8526 0001257  90.2074 269.9270 14.59199382575756
3.0,GENERATED VIA SPACE-TRACK.ORG API,2025-01-24 06:26:18+00:00,18 SPCS,SENTINEL 1A,2014-016A,EARTH,TEME,UTC,SGP4,2025-01-24 03:44:58.228800+00:00,14.59199635,0.00012550,98.1814,34.0553,90.2706,269.8637,0,U,39634,999,57581,0.00012245000000,0.00000532,0.0000000000000,7073.896,98.684,696.649,694.874,PAYLOAD,LARGE,ESA,2014-04-03,FRGUI,,4619528,278965152,0 SENTINEL 1A,1 39634U 14016A   25024.15622950  .00000532  00000-0  12245-3 0  9997,2 39634  98.1814  34.0553 0001255  90.2706 269.8637 14.59199635575814
3.0,GENERATED VIA SPACE-TRACK.ORG API,2025-01-24 14:16:16+00:00,18 SPCS,SENTINEL 1A,2014-016A,EARTH,TEME,UTC,SGP4,2025-01-24 11:58:41.062368+00:00,14.59200637,0.00012580,98.1813,34.3932,90.1842,269.9502,0,U,39634,999,57586,0.00015523000000,0.00000686,0.0000000000000,7073.893,98.684,696.648,694.868,PAYLOAD,LARGE,ESA,2014-04-03,FRGUI,,4619742,278971188,0 SENTINEL 1A,1 39634U 14016A   25024.49908637  .00000686  00000-0  15523-3 0  9995,2 39634  98.1813  34.3932 0001258  90.1842 269.9502 14.59200637575862
3.0,GENERATED VIA SPACE-TRACK.ORG API,2025-01-24 17:46:49+00:00,18 SPCS,SENTINEL 1A,2014-016A,EARTH,TEME,UTC,SGP4,2025-01-24 13:37:25.626144+00:00,14.59200642,0.00012580,98.1813,34.4607,90.2014,269.9330,0,U,39634,999,57584,0.00015177000000,0.00000670,0.0000000000000,7073.893,98.684,696.648,694.868,PAYLOAD,LARGE,ESA,2014-04-03,FRGUI,,4620053,278993591,0 SENTINEL 1A,1 39634U 14016A   25024.56765771  .00000670  00000-0  15177-3 0  9991,2 39634  98.1813  34.4607 0001258  90.2014 269.9330 14.59200642575847
3.0,GENERATED VIA SPACE-TRACK.ORG API,2025-01-24 22:26:17+00:00,18 SPCS,SENTINEL 1A,2014-016A,EARTH,TEME,UTC,SGP4,2025-01-24 18:33:39.317472+00:00,14.59200944,0.00012600,98.1813,34.6634,90.1272,270.0072,0,U,39634,999,57590,0.00015393000000,0.00000680,0.0000000000000,7073.892,98.684,696.649,694.866,PAYLOAD,LARGE,ESA,2014-04-03,FRGUI,,4620189,279009853,0 SENTINEL 1A,1 39634U 14016A   25024.77337173  .00000680  00000-0  15393-3 0  9996,2 39634  98.1813  34.6634 0001260  90.1272 270.0072 14.59200944575905
3.0,GENERATED VIA SPACE-TRACK.ORG API,2025-01-25 04:28:07+00:00,18 SPCS,SENTINEL 1A,2014-016A,EARTH,TEME,UTC,SGP4,2025-01-24 21:51:08.446752+00:00,14.59200659,0.00012560,98.1813,34.7986,90.3097,269.8246,0,U,39634,999,57589,0.00013561000000,0.00000594,0.0000000000000,7073.893,98.684,696.647,694.870,PAYLOAD,LARGE,ESA,2014-04-03,FRGUI,,4620436,279030080,0 SENTINEL 1A,1 39634U 14016A   25024.91051443  .00000594  00000-0  13561-3 0  9994,2 39634  98.1813  34.7986 0001256  90.3097 269.8246 14.59200659575898
3.0,GENERATED VIA SPACE-TRACK.ORG API,2025-01-25 17:51:01+00:00,18 SPCS,SENTINEL 1A,2014-016A,EARTH,TEME,UTC,SGP4,2025-01-25 06:04:51.274272+00:00,14.59201176,0.00012610,98.1813,35.1364,90.5392,269.5952,0,U,39634,999,57594,0.00013716000000,0.00000601,0.0000000000000,7073.891,98.684,696.649,694.864,PAYLOAD,LARGE,ESA,2014-04-03,FRGUI,,4620440,279060064,0 SENTINEL 1A,1 39634U 14016A   25025.25337123  .00000601  00000-0  13716-3 0  9995,2 39634  98.1813  35.1364 0001261  90.5392 269.5952 14.59201176575941
3.0,GENERATED VIA SPACE-TRACK.ORG API,2025-01-25 19:06:24+00:00,18 SPCS,SENTINEL 1A,2014-016A,EARTH,TEME,UTC,SGP4,2025-01-25 06:04:51.274272+00:00,14.59201176,0.00012610,98.1813,35.1364,90.5392,269.5952,0,U,39634,999,57597,0.00013716000000,0.00000601,0.0000000000000,7073.891,98.684,696.649,694.864,PAYLOAD,LARGE,ESA,2014-04-03,FRGUI,,4620793,279083958,0 SENTINEL 1A,1 39634U 14016A   25025.25337123  .00000601  00000-0  13716-3 0  9995,2 39634  98.1813  35.1364 0001261  90.5392 269.5952 14.59201176575974
3.0,GENERATED VIA SPACE-TRACK.ORG API,2025-01-25 19:06:24+00:00,18 SPCS,SENTINEL 1A,2014-016A,EARTH,TEME,UTC,SGP4,2025-01-25 02:47:22.139808+00:00,14.59200854,0.00012590,98.1813,35.0013,90.3924,269.7420,0,U,39634,999,57595,0.00013170000000,0.00000575,0.0000000000000,7073.893,98.684,696.648,694.867,PAYLOAD,LARGE,ESA,2014-04-03,FRGUI,,4620797,279076559,0 SENTINEL 1A,1 39634U 14016A   25025.11622847  .00000575  00000-0  13170-3 0  9994,2 39634  98.1813  35.0013 0001259  90.3924 269.7420 14.59200854575952
3.0,GENERATED VIA SPACE-TRACK.ORG API,2025-01-25 22:16:17+00:00,18 SPCS,SENTINEL 1A,2014-016A,EARTH,TEME,UTC,SGP4,2025-01-25 19:14:47.925312+00:00,14.59197860,0.00012760,98.1813,35.6770,91.2318,268.9028,0,U,39634,999,57605,0.00000654140000,-0.00000015,0.0000000000000,7073.902,98.684,696.670,694.865,PAYLOAD,LARGE,ESA,2014-04-03,FRGUI,,4621101,279091784,0 SENTINEL 1A,1 39634U 14016A   25025.80194358 -.00000015  00000-0  65414-5 0  9991,2 39634  98.1813  35.6770 0001276  91.2318 268.9028 14.59197860576053
3.0,GENERATED VIA SPACE-TRACK.ORG API,2025-01-26 04:14:40+00:00,18 SPCS,SENTINEL 1A,2014-016A,EARTH,TEME,UTC,SGP4,2025-01-25 22:32:17.071008+00:00,14.59198008,0.00012700,98.1812,35.8121,91.2855,268.8490,0,U,39634,999,57604,0.00000623310000,-0.00000016,0.0000000000000,7073.902,98.684,696.665,694.868,PAYLOAD,LARGE,ESA,2014-04-03,FRGUI,,4621357,279111869,0 SENTINEL 1A,1 39634U 14016A   25025.93908647 -.00000016  00000-0  62331-5 0  9995,2 39634  98.1812  35.8121 0001270  91.2855 268.8490 14.59198008576040
3.0,GENERATED VIA SPACE-TRACK.ORG API,2025-01-26 06:26:16+00:00,18 SPCS,SENTINEL 1A,2014-016A,EARTH,TEME,UTC,SGP4,2025-01-26 03:28:30.786528+00:00,14.59198185,0.00012680,98.1812,36.0149,91.7185,268.4160,0,U,39634,999,57610,0.00000619920000,-0.00000017,0.0000000000000,7073.901,98.684,696.663,694.869,PAYLOAD,LARGE,ESA,2014-04-03,FRGUI,,4621387,279127953,0 SENTINEL 1A,1 39634U 14016A   25026.14480077 -.00000017  00000-0  61992-5 0  9994,2 39634  98.1812  36.0149 0001268  91.7185 268.4160 14.59198185576104
3.0,GENERATED VIA SPACE-TRACK.ORG API,2025-01-26 14:26:17+00:00,18 SPCS,SENTINEL 1A,2014-016A,EARTH,TEME,UTC,SGP4,2025-01-26 11:42:13.647744+00:00,14.59198421,0.00012860,98.1813,36.3526,92.0641,268.0705,0,U,39634,999,57615,0.00000639870000,-0.00000016,0.0000000000000,7073.900,98.684,696.675,694.856,PAYLOAD,LARGE,ESA,2014-04-03,FRGUI,,4621806,279137276,0 SENTINEL 1A,1 39634U 14016A   25026.48765796 -.00000016  00000-0  63987-5 0  9990,2 39634  98.1813  36.3526 0001286  92.0641 268.0705 14.59198421576157
3.0,GENERATED VIA SPACE-TRACK.ORG API,2025-01-26 17:18:53+00:00,18 SPCS,SENTINEL 1A,2014-016A,EARTH,TEME,UTC,SGP4,2025-01-26 14:59:42.791712+00:00,14.59198474,0.00012930,98.1813,36.4878,92.0227,268.1121,0,U,39634,999,57614,0.00000614090000,-0.00000017,0.0000000000000,7073.900,98.684,696.680,694.851,PAYLOAD,LARGE,ESA,2014-04-03,FRGUI,,4622044,279158356,0 SENTINEL 1A,1 39634U 14016A   25026.62480083 -.00000017  00000-0  61409-5 0  9997,2 39634  98.1813  36.4878 0001293  92.0227 268.1121 14.59198474576146
3.0,GENERATED VIA SPACE-TRACK.ORG API,2025-01-26 22:26:17+00:00,18 SPCS,SENTINEL 1A,2014-016A,EARTH,TEME,UTC,SGP4,2025-01-26 19:55:56.505504+00:00,14.59198627,0.00012980,98.1813,36.6905,91.0602,269.0746,0,U,39634,999,57620,0.00000611740000,-0.00000017,0.0000000000000,7073.900,98.684,696.683,694.847,PAYLOAD,LARGE,ESA,2014-04-03,FRGUI,,4622100,279174563,0 SENTINEL 1A,1 39634U 14016A   25026.83051511 -.00000017  00000-0  61174-5 0  9999,2 39634  98.1813  36.6905 0001298  91.0602 269.0746 14.59198627576200
3.0,GENERATED VIA SPACE-TRACK.ORG API,2025-01-27 04:20:40+00:00,18 SPCS,SENTINEL 1A,2014-016A,EARTH,TEME,UTC,SGP4,2025-01-26 23:13:25.641696+00:00,14.59198782,0.00013010,98.1813,36.8255,90.7462,269.3887,0,U,39634,999,57619,0.00000601900000,-0.00000017,0.0000000000000,7073.899,98.684,696.685,694.844,PAYLOAD,LARGE,ESA,2014-04-03,FRGUI,,4622311,279194044,0 SENTINEL 1A,1 39634U 14016A   25026.96765789 -.00000017  00000-0  60190-5 0  9999,2 39634  98.1813  36.8255 0001301  90.7462 269.3887 14.59198782576194
3.0,GENERATED VIA SPACE-TRACK.ORG API,2025-01-27 06:16:16+00:00,18 SPCS,SENTINEL 1A,2014-016A,EARTH,TEME,UTC,SGP4,2025-01-27 04:09:39.346848+00:00,14.59198847,0.00012830,98.1813,37.0284,90.6237,269.5110,0,U,39634,999,57625,0.00000585210000,-0.00000018,0.0000000000000,7073.899,98.684,696.672,694.856,PAYLOAD,LARGE,ESA,2014-04-03,FRGUI,,4622334,279210326,0 SENTINEL 1A,1 39634U 14016A   25027.17337207 -.00000018  00000-0  58521-5 0  9999,2 39634  98.1813  37.0284 0001283  90.6237 269.5110 14.59198847576257
3.0,GENERATED VIA SPACE-TRACK.ORG API,2025-01-27 14:16:16+00:00,18 SPCS,SENTINEL 1A,2014-016A,EARTH,TEME,UTC,SGP4,2025-01-27 10:44:37.624416+00:00,14.59199005,0.00012860,98.1813,37.2986,90.2655,269.8692,0,U,39634,999,57629,0.00000563640000,-0.00000019,0.0000000000000,7073.899,98.684,696.673,694.854,PAYLOAD,LARGE,ESA,2014-04-03,FRGUI,,4622656,279217653,0 SENTINEL 1A,1 39634U 14016A   25027.44765769 -.00000019  00000-0  56364-5 0  9991,2 39634  98.1813  37.2986 0001286  90.2655 269.8692 14.59199005576290
3.0,GENERATED VIA SPACE-TRACK.ORG API,2025-01-27 17:35:57+00:00,18 SPCS,SENTINEL 1A,2014-016A,EARTH,TEME,UTC,SGP4,2025-01-27 10:44:37.624416+00:00,14.59199005,0.00012860,98.1813,37.2986,90.2655,269.8692,0,U,39634,999,57626,0.00000563640000,-0.00000019,0.0000000000000,7073.899,98.684,696.673,694.854,PAYLOAD,LARGE,ESA,2014-04-03,FRGUI,,4622945,279239230,0 SENTINEL 1A,1 39634U 14016A   25027.44765769 -.00000019  00000-0  56364-5 0  9991,2 39634  98.1813  37.2986 0001286  90.2655 269.8692 14.59199005576267
3.0,GENERATED VIA SPACE-TRACK.ORG API,2025-01-27 22:26:18+00:00,18 SPCS,SENTINEL 1A,2014-016A,EARTH,TEME,UTC,SGP4,2025-01-27 20:37:05.026080+00:00,14.59199241,0.00013120,98.1813,37.7039,90.4872,269.6478,0,U,39634,999,57635,0.00000518940000,-0.00000021,0.0000000000000,7073.898,98.684,696.691,694.835,PAYLOAD,LARGE,ESA,2014-04-03,FRGUI,,4623013,279255394,0 SENTINEL 1A,1 39634U 14016A   25027.85908595 -.00000021  00000-0  51894-5 0  9998,2 39634  98.1813  37.7039 0001312  90.4872 269.6478 14.59199241576356
3.0,GENERATED VIA SPACE-TRACK.ORG API,2025-01-28 02:49:03+00:00,18 SPCS,SENTINEL 1A,2014-016A,EARTH,TEME,UTC,SGP4,2025-01-27 22:15:49.593312+00:00,14.59199271,0.00013110,98.1813,37.7715,90.4751,269.6599,0,U,39634,999,57633,0.00000524320000,-0.00000021,0.0000000000000,7073.898,98.684,696.690,694.835,PAYLOAD,LARGE,ESA,2014-04-03,FRGUI,,4623601,279284877,0 SENTINEL 1A,1 39634U 14016A   25027.92765733 -.00000021  00000-0  52432-5 0  9990,2 39634  98.1813  37.7715 0001311  90.4751 269.6599 14.59199271576337
3.0,GENERATED VIA SPACE-TRACK.ORG API,2025-01-28 06:36:16+00:00,18 SPCS,SENTINEL 1A,2014-016A,EARTH,TEME,UTC,SGP4,2025-01-27 23:54:34.158816+00:00,14.59199313,0.00013090,98.1813,37.8391,90.4044,269.7306,0,U,39634,999,57637,0.00000520770000,-0.00000021,0.0000000000000,7073.898,98.684,696.688,694.837,PAYLOAD,LARGE,ESA,2014-04-03,FRGUI,,4623651,279301009,0 SENTINEL 1A,1 39634U 14016A   25027.99622869 -.00000021  00000-0  52077-5 0  9994,2 39634  98.1813  37.8391 0001309  90.4044 269.7306 14.59199313576378
3.0,GENERATED VIA SPACE-TRACK.ORG API,2025-01-28 21:47:04+00:00,18 SPCS,SENTINEL 1A,2014-016A,EARTH,TEME,UTC,SGP4,2025-01-27 23:54:34.158816+00:00,14.59199313,0.00013090,98.1813,37.8391,90.4044,269.7306,0,U,39634,999,57634,0.00000520770000,-0.00000021,0.0000000000000,7073.898,98.684,696.688,694.837,PAYLOAD,LARGE,ESA,2014-04-03,FRGUI,,4624325,279331299,0 SENTINEL 1A,1 39634U 14016A   25027.99622869 -.00000021  00000-0  52077-5 0  9994,2 39634  98.1813  37.8391 0001309  90.4044 269.7306 14.59199313576345
3.0,GENERATED VIA SPACE-TRACK.ORG API,2025-01-28 22:26:18+00:00,18 SPCS,SENTINEL 1A,2014-016A,EARTH,TEME,UTC,SGP4,2025-01-28 18:00:44.280000+00:00,14.59201696,0.00012830,98.1812,38.5826,91.0388,269.0958,0,U,39634,999,57648,0.00000449710000,-0.00000025,0.0000000000000,7073.890,98.684,696.662,694.847,PAYLOAD,LARGE,ESA,2014-04-03,FRGUI,,4624381,279346944,0 SENTINEL 1A,1 39634U 14016A   25028.75051250 -.00000025  00000-0  44971-5 0  9997,2 39634  98.1812  38.5826 0001283  91.0388 269.0958 14.59201696576483
3.0,GENERATED VIA SPACE-TRACK.ORG API,2025-01-29 02:06:45+00:00,18 SPCS,SENTINEL 1A,2014-016A,EARTH,TEME,UTC,SGP4,2025-01-28 21:18:13.392864+00:00,14.59201788,0.00012750,98.1813,38.7176,91.7575,268.3771,0,U,39634,999,57647,0.00000466380000,-0.00000024,0.0000000000000,7073.890,98.684,696.656,694.853,PAYLOAD,LARGE,ESA,2014-04-03,FRGUI,,4624558,279365992,0 SENTINEL 1A,1 39634U 14016A   25028.88765501 -.00000024  00000-0  46638-5 0  9993,2 39634  98.1813  38.7176 0001275  91.7575 268.3771 14.59201788576476
3.0,GENERATED VIA SPACE-TRACK.ORG API,2025-01-29 06:16:22+00:00,18 SPCS,SENTINEL 1A,2014-016A,EARTH,TEME,UTC,SGP4,2025-01-29 03:53:11.654880+00:00,14.59201014,0.00012860,98.1814,38.9879,91.1081,269.0266,0,U,39634,999,57654,0.00000451640000,-0.00000024,0.0000000000000,7073.892,98.684,696.667,694.847,PAYLOAD,LARGE,ESA,2014-04-03,FRGUI,,4624586,279381696,0 SENTINEL 1A,1 39634U 14016A   25029.16194045 -.00000024  00000-0  45164-5 0  9997,2 39634  98.1814  38.9879 0001286  91.1081 269.0266 14.59201014576544
3.0,GENERATED VIA SPACE-TRACK.ORG API,2025-01-29 14:16:23+00:00,18 SPCS,SENTINEL 1A,2014-016A,EARTH,TEME,UTC,SGP4,2025-01-29 12:06:54.472032+00:00,14.59200913,0.00012850,98.1814,39.3258,90.6998,269.4349,0,U,39634,999,57659,0.00000408410000,-0.00000027,0.0000000000000,7073.892,98.684,696.666,694.848,PAYLOAD,LARGE,ESA,2014-04-03,FRGUI,,4624942,279390293,0 SENTINEL 1A,1 39634U 14016A   25029.50479713 -.00000027  00000-0  40841-5 0  9993,2 39634  98.1814  39.3258 0001285  90.6998 269.4349 14.59200913576598
3.0,GENERATED VIA SPACE-TRACK.ORG API,2025-01-29 19:56:19+00:00,18 SPCS,SENTINEL 1A,2014-016A,EARTH,TEME,UTC,SGP4,2025-01-29 13:45:39.035808+00:00,14.59200857,0.00012820,98.1814,39.3934,90.6624,269.4722,0,U,39634,999,57657,0.00000367890000,-0.00000028,0.0000000000000,7073.893,98.684,696.664,694.851,PAYLOAD,LARGE,ESA,2014-04-03,FRGUI,,4625365,279414879,0 SENTINEL 1A,1 39634U 14016A   25029.57336847 -.00000028  00000-0  36789-5 0  9997,2 39634  98.1814  39.3934 0001282  90.6624 269.4722 14.59200857576572
3.0,GENERATED VIA SPACE-TRACK.ORG API,2025-01-29 22:36:31+00:00,18 SPCS,SENTINEL 1A,2014-016A,EARTH,TEME,UTC,SGP4,2025-01-29 20:20:37.287456+00:00,14.59200853,0.00012840,98.1814,39.6637,90.7278,269.4069,0,U,39634,999,57664,0.00000341630000,-0.00000030,0.0000000000000,7073.893,98.684,696.666,694.849,PAYLOAD,LARGE,ESA,2014-04-03,FRGUI,,4625450,279431967,0 SENTINEL 1A,1 39634U 14016A   25029.84765379 -.00000030  00000-0  34163-5 0  9990,2 39634  98.1814  39.6637 0001284  90.7278 269.4069 14.59200853576641
3.0,GENERATED VIA SPACE-TRACK.ORG API,2025-01-30 05:01:20+00:00,18 SPCS,SENTINEL 1A,2014-016A,EARTH,TEME,UTC,SGP4,2025-01-29 21:59:21.850368+00:00,14.59200875,0.00012830,98.1814,39.7313,90.6326,269.5020,0,U,39634,999,57662,0.00000351040000,-0.00000029,0.0000000000000,7073.892,98.684,696.665,694.850,PAYLOAD,LARGE,ESA,2014-04-03,FRGUI,,4625610,279449299,0 SENTINEL 1A,1 39634U 14016A   25029.91622512 -.00000029  00000-0  35104-5 0  9993,2 39634  98.1814  39.7313 0001283  90.6326 269.5020 14.59200875576625
3.0,GENERATED VIA SPACE-TRACK.ORG API,2025-01-30 06:36:34+00:00,18 SPCS,SENTINEL 1A,2014-016A,EARTH,TEME,UTC,SGP4,2025-01-30 04:34:20.092512+00:00,14.59200978,0.00012830,98.1814,40.0016,90.9853,269.1493,0,U,39634,999,57669,0.00000313300000,-0.00000031,0.0000000000000,7073.892,98.684,696.665,694.850,PAYLOAD,LARGE,ESA,2014-04-03,FRGUI,,4625646,279465272,0 SENTINEL 1A,1 39634U 14016A   25030.19051033 -.00000031  00000-0  31330-5 0  9999,2 39634  98.1814  40.0016 0001283  90.9853 269.1493 14.59200978576699
3.0,GENERATED VIA SPACE-TRACK.ORG API,2025-01-30 17:44:22+00:00,18 SPCS,SENTINEL 1A,2014-016A,EARTH,TEME,UTC,SGP4,2025-01-30 12:48:02.900160+00:00,14.59201093,0.00013000,98.1814,40.3394,90.9209,269.2140,0,U,39634,999,57671,0.00000285100000,-0.00000032,0.0000000000000,7073.892,98.684,696.676,694.837,PAYLOAD,LARGE,ESA,2014-04-03,FRGUI,,4625944,279487255,0 SENTINEL 1A,1 39634U 14016A   25030.53336690 -.00000032  00000-0  28510-5 0  9999,2 39634  98.1814  40.3394 0001300  90.9209 269.2140 14.59201093576718
3.0,GENERATED VIA SPACE-TRACK.ORG API,2025-01-30 22:16:18+00:00,18 SPCS,SENTINEL 1A,2014-016A,EARTH,TEME,UTC,SGP4,2025-01-30 19:23:01.143168+00:00,14.59201153,0.00013060,98.1814,40.6097,90.6149,269.5201,0,U,39634,999,57678,0.00000265890000,-0.00000033,0.0000000000000,7073.892,98.684,696.680,694.833,PAYLOAD,LARGE,ESA,2014-04-03,FRGUI,,4626028,279503445,0 SENTINEL 1A,1 39634U 14016A   25030.80765212 -.00000033  00000-0  26589-5 0  9990,2 39634  98.1814  40.6097 0001306  90.6149 269.5201 14.59201153576782
3.0,GENERATED VIA SPACE-TRACK.ORG API,2025-01-31 03:31:55+00:00,18 SPCS,SENTINEL 1A,2014-016A,EARTH,TEME,UTC,SGP4,2025-01-30 19:23:01.143168+00:00,14.59201153,0.00013060,98.1814,40.6097,90.6149,269.5201,0,U,39634,999,57675,0.00000265890000,-0.00000033,0.0000000000000,7073.892,98.684,696.680,694.833,PAYLOAD,LARGE,ESA,2014-04-03,FRGUI,,4626522,279529532,0 SENTINEL 1A,1 39634U 14016A   25030.80765212 -.00000033  00000-0  26589-5 0  9990,2 39634  98.1814  40.6097 0001306  90.6149 269.5201 14.59201153576759
3.0,GENERATED VIA SPACE-TRACK.ORG API,2025-01-31 06:16:16+00:00,18 SPCS,SENTINEL 1A,2014-016A,EARTH,TEME,UTC,SGP4,2025-01-31 03:36:43.929216+00:00,14.59201337,0.00012890,98.1815,40.9477,90.8684,269.2664,0,U,39634,999,57683,0.00000226700000,-0.00000035,0.0000000000000,7073.891,98.684,696.668,694.844,PAYLOAD,LARGE,ESA,2014-04-03,FRGUI,,4626537,279545426,0 SENTINEL 1A,1 39634U 14016A   25031.15050844 -.00000035  00000-0  22670-5 0  9996,2 39634  98.1815  40.9477 0001289  90.8684 269.2664 14.59201337576834
3.0,GENERATED VIA SPACE-TRACK.ORG API,2025-01-31 14:26:17+00:00,18 SPCS,SENTINEL 1A,2014-016A,EARTH,TEME,UTC,SGP4,2025-01-31 11:50:26.714400+00:00,14.59201489,0.00012830,98.1815,41.2855,91.2525,268.8821,0,U,39634,999,57688,0.00000240850000,-0.00000034,0.0000000000000,7073.890,98.684,696.663,694.848,PAYLOAD,LARGE,ESA,2014-04-03,FRGUI,,4626801,279551786,0 SENTINEL 1A,1 39634U 14016A   25031.49336475 -.00000034  00000-0  24085-5 0  9991,2 39634  98.1815  41.2855 0001283  91.2525 268.8821 14.59201489576884
3.0,GENERATED VIA SPACE-TRACK.ORG API,2025-01-31 17:19:09+00:00,18 SPCS,SENTINEL 1A,2014-016A,EARTH,TEME,UTC,SGP4,2025-01-31 13:29:11.234112+00:00,14.59202799,0.00012930,98.1816,41.3530,90.3352,269.7996,0,U,39634,999,57686,0.00009245900000,0.00000390,0.0000000000000,7073.886,98.684,696.666,694.837,PAYLOAD,LARGE,ESA,2014-04-03,FRGUI,,4627199,279575358,0 SENTINEL 1A,1 39634U 14016A   25031.56193558  .00000390  00000-0  92459-4 0  9995,2 39634  98.1816  41.3530 0001293  90.3352 269.7996 14.59202799576861
3.0,GENERATED VIA SPACE-TRACK.ORG API,2025-01-31 22:26:18+00:00,18 SPCS,SENTINEL 1A,2014-016A,EARTH,TEME,UTC,SGP4,2025-01-31 18:25:24.888288+00:00,14.59203127,0.00012960,98.1816,41.5557,90.2028,269.9321,0,U,39634,999,57692,0.00009849100000,0.00000419,0.0000000000000,7073.885,98.684,696.667,694.833,PAYLOAD,LARGE,ESA,2014-04-03,FRGUI,,4627260,279621056,0 SENTINEL 1A,1 39634U 14016A   25031.76764917  .00000419  00000-0  98491-4 0  9994,2 39634  98.1816  41.5557 0001296  90.2028 269.9321 14.59203127576921
3.0,GENERATED VIA SPACE-TRACK.ORG API,2025-02-01 03:28:12+00:00,18 SPCS,SENTINEL 1A,2014-016A,EARTH,TEME,UTC,SGP4,2025-01-31 23:21:38.547648+00:00,14.59203237,0.00012940,98.1816,41.7584,90.0778,270.0570,0,U,39634,999,57692,0.00009535200000,0.00000404,0.0000000000000,7073.885,98.684,696.665,694.834,PAYLOAD,LARGE,ESA,2014-04-03,FRGUI,,4627471,279640912,0 SENTINEL 1A,1 39634U 14016A   25031.97336282  .00000404  00000-0  95352-4 0  9994,2 39634  98.1816  41.7584 0001294  90.0778 270.0570 14.59203237576922
3.0,GENERATED VIA SPACE-TRACK.ORG API,2025-02-01 06:16:16+00:00,18 SPCS,SENTINEL 1A,2014-016A,EARTH,TEME,UTC,SGP4,2025-02-01 02:39:07.656192+00:00,14.59203345,0.00012950,98.1816,41.8936,89.9088,270.2261,0,U,39634,999,57697,0.00009597100000,0.00000407,0.0000000000000,7073.884,98.684,696.666,694.833,PAYLOAD,LARGE,ESA,2014-04-03,FRGUI,,4627490,279656337,0 SENTINEL 1A,1 39634U 14016A   25032.11050528  .00000407  00000-0  95971-4 0  9997,2 39634  98.1816  41.8936 0001295  89.9088 270.2261 14.59203345576970
3.0,GENERATED VIA SPACE-TRACK.ORG API,2025-02-01 14:16:16+00:00,18 SPCS,SENTINEL 1A,2014-016A,EARTH,TEME,UTC,SGP4,2025-02-01 12:31:35.223744+00:00,14.59195768,0.00013290,98.1818,42.2988,90.7212,269.4140,0,U,39634,999,57703,0.00010599000000,0.00000454,0.0000000000000,7073.909,98.684,696.714,694.834,PAYLOAD,LARGE,ESA,2014-04-03,FRGUI,,4627798,279663941,0 SENTINEL 1A,1 39634U 14016A   25032.52193546  .00000454  00000-0  10599-3 0  9994,2 39634  98.1818  42.2988 0001329  90.7212 269.4140 14.59195768577034
3.0,GENERATED VIA SPACE-TRACK.ORG API,2025-02-01 17:16:57+00:00,18 SPCS,SENTINEL 1A,2014-016A,EARTH,TEME,UTC,SGP4,2025-02-01 14:10:19.795296+00:00,14.59195872,0.00013200,98.1817,42.3665,91.5328,268.6023,0,U,39634,999,57701,0.00010349000000,0.00000442,0.0000000000000,7073.909,98.684,696.707,694.840,PAYLOAD,LARGE,ESA,2014-04-03,FRGUI,,4628095,279685272,0 SENTINEL 1A,1 39634U 14016A   25032.59050689  .00000442  00000-0  10349-3 0  9991,2 39634  98.1817  42.3665 0001320  91.5328 268.6023 14.59195872577019
3.0,GENERATED VIA SPACE-TRACK.ORG API,2025-02-01 22:16:16+00:00,18 SPCS,SENTINEL 1A,2014-016A,EARTH,TEME,UTC,SGP4,2025-02-01 17:27:48.952224+00:00,14.59196174,0.00013030,98.1816,42.5018,91.4527,268.6822,0,U,39634,999,57706,0.00010327000000,0.00000441,0.0000000000000,7073.908,98.684,696.694,694.851,PAYLOAD,LARGE,ESA,2014-04-03,FRGUI,,4628141,279701235,0 SENTINEL 1A,1 39634U 14016A   25032.72764991  .00000441  00000-0  10327-3 0  9999,2 39634  98.1816  42.5018 0001303  91.4527 268.6822 14.59196174577061
3.0,GENERATED VIA SPACE-TRACK.ORG API,2025-02-02 02:17:30+00:00,18 SPCS,SENTINEL 1A,2014-016A,EARTH,TEME,UTC,SGP4,2025-02-01 22:24:02.679840+00:00,14.59196998,0.00013020,98.1817,42.7044,91.4554,268.6795,0,U,39634,999,57706,0.00017037000000,0.00000757,0.0000000000000,7073.905,98.684,696.691,694.849,PAYLOAD,LARGE,ESA,2014-04-03,FRGUI,,4628366,279720702,0 SENTINEL 1A,1 39634U 14016A   25032.93336435  .00000757  00000-0  17037-3 0  9995,2 39634  98.1817  42.7044 0001302  91.4554 268.6795 14.59196998577065
3.0,GENERATED VIA SPACE-TRACK.ORG API,2025-02-02 06:26:16+00:00,18 SPCS,SENTINEL 1A,2014-016A,EARTH,TEME,UTC,SGP4,2025-02-02 04:59:00.995424+00:00,14.59197327,0.00013050,98.1817,42.9747,91.1517,268.9832,0,U,39634,999,57713,0.00016995000000,0.00000755,0.0000000000000,7073.904,98.684,696.692,694.846,PAYLOAD,LARGE,ESA,2014-04-03,FRGUI,,4628420,279737439,0 SENTINEL 1A,1 39634U 14016A   25033.20765041  .00000755  00000-0  16995-3 0  9995,2 39634  98.1817  42.9747 0001305  91.1517 268.9832 14.59197327577136
3.0,GENERATED VIA SPACE-TRACK.ORG API,2025-02-02 14:16:17+00:00,18 SPCS,SENTINEL 1A,2014-016A,EARTH,TEME,UTC,SGP4,2025-02-02 11:33:59.304960+00:00,14.59197649,0.00012980,98.1817,43.2450,91.2523,268.8825,0,U,39634,999,57717,0.00016823000000,0.00000747,0.0000000000000,7073.903,98.684,696.686,694.850,PAYLOAD,LARGE,ESA,2014-04-03,FRGUI,,4628736,279745138,0 SENTINEL 1A,1 39634U 14016A   25033.48193640  .00000747  00000-0  16823-3 0  9996,2 39634  98.1817  43.2450 0001298  91.2523 268.8825 14.59197649577172
3.0,GENERATED VIA SPACE-TRACK.ORG API,2025-02-02 17:26:13+00:00,18 SPCS,SENTINEL 1A,2014-016A,EARTH,TEME,UTC,SGP4,2025-02-02 13:12:43.902432+00:00,14.59197172,0.00012960,98.1817,43.3126,91.5159,268.6189,0,U,39634,999,57715,0.00010756000000,0.00000461,0.0000000000000,7073.904,98.684,696.686,694.853,PAYLOAD,LARGE,ESA,2014-04-03,FRGUI,,4629041,279766881,0 SENTINEL 1A,1 39634U 14016A   25033.55050813  .00000461  00000-0  10756-3 0  9990,2 39634  98.1817  43.3126 0001296  91.5159 268.6189 14.59197172577159
3.0,GENERATED VIA SPACE-TRACK.ORG API,2025-02-02 22:16:16+00:00,18 SPCS,SENTINEL 1A,2014-016A,EARTH,TEME,UTC,SGP4,2025-02-02 19:47:42.210240+00:00,14.59197469,0.00012970,98.1817,43.5828,91.2040,268.9308,0,U,39634,999,57722,0.00010719000000,0.00000460,0.0000000000000,7073.903,98.684,696.686,694.851,PAYLOAD,LARGE,ESA,2014-04-03,FRGUI,,4629069,279782962,0 SENTINEL 1A,1 39634U 14016A   25033.82479410  .00000460  00000-0  10719-3 0  9996,2 39634  98.1817  43.5828 0001297  91.2040 268.9308 14.59197469577220
3.0,GENERATED VIA SPACE-TRACK.ORG API,2025-02-03 05:37:41+00:00,18 SPCS,SENTINEL 1A,2014-016A,EARTH,TEME,UTC,SGP4,2025-02-02 23:05:11.348160+00:00,14.59197990,0.00012920,98.1817,43.7180,91.1513,268.9834,0,U,39634,999,57721,0.00013333000000,0.00000583,0.0000000000000,7073.902,98.684,696.681,694.853,PAYLOAD,LARGE,ESA,2014-04-03,FRGUI,,4629305,279802534,0 SENTINEL 1A,1 39634U 14016A   25033.96193690  .00000583  00000-0  13333-3 0  9995,2 39634  98.1817  43.7180 0001292  91.1513 268.9834 14.59197990577214
3.0,GENERATED VIA SPACE-TRACK.ORG API,2025-02-03 06:16:16+00:00,18 SPCS,SENTINEL 1A,2014-016A,EARTH,TEME,UTC,SGP4,2025-02-03 04:01:25.073184+00:00,14.59198199,0.00012960,98.1818,43.9207,91.1257,269.0092,0,U,39634,999,57727,0.00013058000000,0.00000570,0.0000000000000,7073.901,98.684,696.683,694.849,PAYLOAD,LARGE,ESA,2014-04-03,FRGUI,,4629322,279818173,0 SENTINEL 1A,1 39634U 14016A   25034.16765131  .00000570  00000-0  13058-3 0  9993,2 39634  98.1818  43.9207 0001296  91.1257 269.0092 14.59198199577272
3.0,GENERATED VIA SPACE-TRACK.ORG API,2025-02-03 14:26:32+00:00,18 SPCS,SENTINEL 1A,2014-016A,EARTH,TEME,UTC,SGP4,2025-02-03 12:15:07.952544+00:00,14.59198487,0.00013000,98.1818,44.2586,91.1238,269.0111,0,U,39634,999,57732,0.00012574000000,0.00000547,0.0000000000000,7073.900,98.684,696.685,694.846,PAYLOAD,LARGE,ESA,2014-04-03,FRGUI,,4629652,279826115,0 SENTINEL 1A,1 39634U 14016A   25034.51050871  .00000547  00000-0  12574-3 0  9996,2 39634  98.1818  44.2586 0001300  91.1238 269.0111 14.59198487577329
3.0,GENERATED VIA SPACE-TRACK.ORG API,2025-02-03 17:28:00+00:00,18 SPCS,SENTINEL 1A,2014-016A,EARTH,TEME,UTC,SGP4,2025-02-03 13:53:52.524960+00:00,14.59198381,0.00013010,98.1818,44.3262,91.1198,269.0151,0,U,39634,999,57730,0.00011843000000,0.00000513,0.0000000000000,7073.901,98.684,696.686,694.845,PAYLOAD,LARGE,ESA,2014-04-03,FRGUI,,4629997,279848646,0 SENTINEL 1A,1 39634U 14016A   25034.57908015  .00000513  00000-0  11843-3 0  9995,2 39634  98.1818  44.3262 0001301  91.1198 269.0151 14.59198381577302
3.0,GENERATED VIA SPACE-TRACK.ORG API,2025-02-03 22:16:15+00:00,18 SPCS,SENTINEL 1A,2014-016A,EARTH,TEME,UTC,SGP4,2025-02-03 18:50:06.238752+00:00,14.59198626,0.00012950,98.1818,44.5289,91.0859,269.0489,0,U,39634,999,57736,0.00011982000000,0.00000519,0.0000000000000,7073.900,98.684,696.681,694.849,PAYLOAD,LARGE,ESA,2014-04-03,FRGUI,,4630027,279864114,0 SENTINEL 1A,1 39634U 14016A   25034.78479443  .00000519  00000-0  11982-3 0  9996,2 39634  98.1818  44.5289 0001295  91.0859 269.0489 14.59198626577360
3.0,GENERATED VIA SPACE-TRACK.ORG API,2025-02-04 02:47:05+00:00,18 SPCS,SENTINEL 1A,2014-016A,EARTH,TEME,UTC,SGP4,2025-02-03 18:50:06.238752+00:00,14.59198626,0.00012950,98.1818,44.5289,91.0859,269.0489,0,U,39634,999,57733,0.00011982000000,0.00000519,0.0000000000000,7073.900,98.684,696.681,694.849,PAYLOAD,LARGE,ESA,2014-04-03,FRGUI,,4630266,279884336,0 SENTINEL 1A,1 39634U 14016A   25034.78479443  .00000519  00000-0  11982-3 0  9996,2 39634  98.1818  44.5289 0001295  91.0859 269.0489 14.59198626577337
3.0,GENERATED VIA SPACE-TRACK.ORG API,2025-02-04 06:26:17+00:00,18 SPCS,SENTINEL 1A,2014-016A,EARTH,TEME,UTC,SGP4,2025-02-04 03:03:49.094784+00:00,14.59198860,0.00012950,98.1818,44.8668,90.9512,269.1836,0,U,39634,999,57741,0.00011252000000,0.00000485,0.0000000000000,7073.899,98.684,696.680,694.848,PAYLOAD,LARGE,ESA,2014-04-03,FRGUI,,4630315,279929554,0 SENTINEL 1A,1 39634U 14016A   25035.12765156  .00000485  00000-0  11252-3 0  9996,2 39634  98.1818  44.8668 0001295  90.9512 269.1836 14.59198860577411
3.0,GENERATED VIA SPACE-TRACK.ORG API,2025-02-04 09:56:16+00:00,18 SPCS,SENTINEL 1A,2014-016A,EARTH,TEME,UTC,SGP4,2025-02-04 06:21:18.237024+00:00,14.59199323,0.00013030,98.1818,45.0019,90.6410,269.4939,0,U,39634,999,57743,0.00012532000000,0.00000545,0.0000000000000,7073.897,98.684,696.684,694.841,PAYLOAD,LARGE,ESA,2014-04-03,FRGUI,,4630670,279938874,0 SENTINEL 1A,1 39634U 14016A   25035.26479441  .00000545  00000-0  12532-3 0  9999,2 39634  98.1818  45.0019 0001303  90.6410 269.4939 14.59199323577432
3.0,GENERATED VIA SPACE-TRACK.ORG API,2025-02-04 14:26:17+00:00,18 SPCS,SENTINEL 1A,2014-016A,EARTH,TEME,UTC,SGP4,2025-02-04 11:17:31.941312+00:00,14.59199587,0.00013040,98.1818,45.2047,90.6843,269.4506,0,U,39634,999,57746,0.00012514000000,0.00000544,0.0000000000000,7073.897,98.684,696.684,694.839,PAYLOAD,LARGE,ESA,2014-04-03,FRGUI,,4630882,279944025,0 SENTINEL 1A,1 39634U 14016A   25035.47050858  .00000544  00000-0  12514-3 0  9998,2 39634  98.1818  45.2047 0001304  90.6843 269.4506 14.59199587577461
3.0,GENERATED VIA SPACE-TRACK.ORG API,2025-02-04 18:10:45+00:00,18 SPCS,SENTINEL 1A,2014-016A,EARTH,TEME,UTC,SGP4,2025-02-04 12:56:16.503360+00:00,14.59199660,0.00013030,98.1818,45.2722,90.7752,269.3597,0,U,39634,999,57744,0.00012367000000,0.00000537,0.0000000000000,7073.896,98.684,696.683,694.840,PAYLOAD,LARGE,ESA,2014-04-03,FRGUI,,4631053,279961600,0 SENTINEL 1A,1 39634U 14016A   25035.53907990  .00000537  00000-0  12367-3 0  9991,2 39634  98.1818  45.2722 0001303  90.7752 269.3597 14.59199660577449
3.0,GENERATED VIA SPACE-TRACK.ORG API,2025-02-04 22:16:17+00:00,18 SPCS,SENTINEL 1A,2014-016A,EARTH,TEME,UTC,SGP4,2025-02-04 19:31:14.768832+00:00,14.59200000,0.00013040,98.1818,45.5425,90.6315,269.5034,0,U,39634,999,57751,0.00012537000000,0.00000545,0.0000000000000,7073.895,98.684,696.683,694.838,PAYLOAD,LARGE,ESA,2014-04-03,FRGUI,,4631104,279977626,0 SENTINEL 1A,1 39634U 14016A   25035.81336538  .00000545  00000-0  12537-3 0  9994,2 39634  98.1818  45.5425 0001304  90.6315 269.5034 14.59200000577514
3.0,GENERATED VIA SPACE-TRACK.ORG API,2025-02-05 06:16:32+00:00,18 SPCS,SENTINEL 1A,2014-016A,EARTH,TEME,UTC,SGP4,2025-02-05 03:44:57.606720+00:00,14.59200163,0.00013030,98.1818,45.8804,90.8488,269.2861,0,U,39634,999,57756,0.00011629000000,0.00000502,0.0000000000000,7073.895,98.684,696.681,694.838,PAYLOAD,LARGE,ESA,2014-04-03,FRGUI,,4631406,279984886,0 SENTINEL 1A,1 39634U 14016A   25036.15622230  .00000502  00000-0  11629-3 0  9993,2 39634  98.1818  45.8804 0001303  90.8488 269.2861 14.59200163577560
3.0,GENERATED VIA SPACE-TRACK.ORG API,2025-02-05 14:26:17+00:00,18 SPCS,SENTINEL 1A,2014-016A,EARTH,TEME,UTC,SGP4,2025-02-05 10:19:55.881696+00:00,14.59200461,0.00013040,98.1818,46.1507,90.8213,269.3136,0,U,39634,999,57760,0.00011430000000,0.00000493,0.0000000000000,7073.894,98.684,696.681,694.836,PAYLOAD,LARGE,ESA,2014-04-03,FRGUI,,4631872,279994744,0 SENTINEL 1A,1 39634U 14016A   25036.43050789  .00000493  00000-0  11430-3 0  9997,2 39634  98.1818  46.1507 0001304  90.8213 269.3136 14.59200461577603
3.0,GENERATED VIA SPACE-TRACK.ORG API,2025-02-05 17:51:38+00:00,18 SPCS,SENTINEL 1A,2014-016A,EARTH,TEME,UTC,SGP4,2025-02-05 13:37:25.121568+00:00,14.59197156,0.00013040,98.1819,46.2858,90.5110,269.6239,0,U,39634,999,57759,0.00011712000000,0.00000506,0.0000000000000,7073.904,98.684,696.692,694.847,PAYLOAD,LARGE,ESA,2014-04-03,FRGUI,,4632154,280016705,0 SENTINEL 1A,1 39634U 14016A   25036.56765187  .00000506  00000-0  11712-3 0  9994,2 39634  98.1819  46.2858 0001304  90.5110 269.6239 14.59197156577598
3.0,GENERATED VIA SPACE-TRACK.ORG API,2025-02-05 22:26:17+00:00,18 SPCS,SENTINEL 1A,2014-016A,EARTH,TEME,UTC,SGP4,2025-02-05 18:33:38.840544+00:00,14.59197723,0.00012900,98.1818,46.4886,91.1611,268.9737,0,U,39634,999,57765,0.00011710000000,0.00000506,0.0000000000000,7073.903,98.684,696.680,694.855,PAYLOAD,LARGE,ESA,2014-04-03,FRGUI,,4632213,280033325,0 SENTINEL 1A,1 39634U 14016A   25036.77336621  .00000506  00000-0  11710-3 0  9992,2 39634  98.1818  46.4886 0001290  91.1611 268.9737 14.59197723577659
3.0,GENERATED VIA SPACE-TRACK.ORG API,2025-02-06 03:58:10+00:00,18 SPCS,SENTINEL 1A,2014-016A,EARTH,TEME,UTC,SGP4,2025-02-05 23:29:52.566432+00:00,14.59198068,0.00012880,98.1818,46.6913,91.0479,269.0868,0,U,39634,999,57765,0.00012138000000,0.00000526,0.0000000000000,7073.902,98.684,696.678,694.855,PAYLOAD,LARGE,ESA,2014-04-03,FRGUI,,4632462,280053300,0 SENTINEL 1A,1 39634U 14016A   25036.97908063  .00000526  00000-0  12138-3 0  9996,2 39634  98.1818  46.6913 0001288  91.0479 269.0868 14.59198068577650
3.0,GENERATED VIA SPACE-TRACK.ORG API,2025-02-06 06:16:16+00:00,18 SPCS,SENTINEL 1A,2014-016A,EARTH,TEME,UTC,SGP4,2025-02-05 23:29:52.566432+00:00,14.59198068,0.00012880,98.1818,46.6913,91.0479,269.0868,0,U,39634,999,57768,0.00012138000000,0.00000526,0.0000000000000,7073.902,98.684,696.678,694.855,PAYLOAD,LARGE,ESA,2014-04-03,FRGUI,,4632467,280069173,0 SENTINEL 1A,1 39634U 14016A   25036.97908063  .00000526  00000-0  12138-3 0  9996,2 39634  98.1818  46.6913 0001288  91.0479 269.0868 14.59198068577683
3.0,GENERATED VIA SPACE-TRACK.ORG API,2025-02-06 17:29:47+00:00,18 SPCS,SENTINEL 1A,2014-016A,EARTH,TEME,UTC,SGP4,2025-02-06 14:18:33.738048+00:00,14.59198492,0.00012920,98.1819,47.2995,90.9291,269.2057,0,U,39634,999,57774,0.00011252000000,0.00000485,0.0000000000000,7073.900,98.684,696.679,694.851,PAYLOAD,LARGE,ESA,2014-04-03,FRGUI,,4632636,280086816,0 SENTINEL 1A,1 39634U 14016A   25037.59622382  .00000485  00000-0  11252-3 0  9992,2 39634  98.1819  47.2995 0001292  90.9291 269.2057 14.59198492577746
3.0,GENERATED VIA SPACE-TRACK.ORG API,2025-02-06 20:46:17+00:00,18 SPCS,SENTINEL 1A,2014-016A,EARTH,TEME,UTC,SGP4,2025-02-06 17:36:02.883744+00:00,14.59198532,0.00012930,98.1818,47.4346,90.9077,269.2271,0,U,39634,999,57779,0.00010311000000,0.00000440,0.0000000000000,7073.900,98.684,696.680,694.850,PAYLOAD,LARGE,ESA,2014-04-03,FRGUI,,4632685,280102980,0 SENTINEL 1A,1 39634U 14016A   25037.73336671  .00000440  00000-0  10311-3 0  9997,2 39634  98.1818  47.4346 0001293  90.9077 269.2271 14.59198532577798
3.0,GENERATED VIA SPACE-TRACK.ORG API,2025-02-07 03:09:47+00:00,18 SPCS,SENTINEL 1A,2014-016A,EARTH,TEME,UTC,SGP4,2025-02-06 22:32:16.596672+00:00,14.59198752,0.00012880,98.1818,47.6373,91.0613,269.0734,0,U,39634,999,57779,0.00010282000000,0.00000439,0.0000000000000,7073.899,98.684,696.675,694.853,PAYLOAD,LARGE,ESA,2014-04-03,FRGUI,,4633216,280130191,0 SENTINEL 1A,1 39634U 14016A   25037.93908098  .00000439  00000-0  10282-3 0  9992,2 39634  98.1818  47.6373 0001288  91.0613 269.0734 14.59198752577798
3.0,GENERATED VIA SPACE-TRACK.ORG API,2025-02-07 20:06:16+00:00,18 SPCS,SENTINEL 1A,2014-016A,EARTH,TEME,UTC,SGP4,2025-02-07 10:03:28.598400+00:00,14.59199131,0.00012990,98.1819,48.1103,90.8660,269.2689,0,U,39634,999,57789,0.00010325000000,0.00000441,0.0000000000000,7073.898,98.684,696.682,694.844,PAYLOAD,LARGE,ESA,2014-04-03,FRGUI,,4633365,280149089,0 SENTINEL 1A,1 39634U 14016A   25038.41908100  .00000441  00000-0  10325-3 0  9991,2 39634  98.1819  48.1103 0001299  90.8660 269.2689 14.59199131577891
3.0,GENERATED VIA SPACE-TRACK.ORG API,2025-02-07 20:36:16+00:00,18 SPCS,SENTINEL 1A,2014-016A,EARTH,TEME,UTC,SGP4,2025-02-07 18:17:11.445792+00:00,14.59199479,0.00013030,98.1818,48.4482,90.8386,269.2962,0,U,39634,999,57794,0.00010351000000,0.00000442,0.0000000000000,7073.897,98.684,696.684,694.840,PAYLOAD,LARGE,ESA,2014-04-03,FRGUI,,4633479,280152159,0 SENTINEL 1A,1 39634U 14016A   25038.76193803  .00000442  00000-0  10351-3 0  9995,2 39634  98.1818  48.4482 0001303  90.8386 269.2962 14.59199479577949
3.0,GENERATED VIA SPACE-TRACK.ORG API,2025-02-08 05:27:25+00:00,18 SPCS,SENTINEL 1A,2014-016A,EARTH,TEME,UTC,SGP4,2025-02-07 23:13:25.150944+00:00,14.59199529,0.00012990,98.1818,48.6509,90.8175,269.3173,0,U,39634,999,57794,0.00009709500000,0.00000412,0.0000000000000,7073.897,98.684,696.681,694.843,PAYLOAD,LARGE,ESA,2014-04-03,FRGUI,,4633897,280174215,0 SENTINEL 1A,1 39634U 14016A   25038.96765221  .00000412  00000-0  97095-4 0  9994,2 39634  98.1818  48.6509 0001299  90.8175 269.3173 14.59199529577942
3.0,GENERATED VIA SPACE-TRACK.ORG API,2025-02-08 06:16:20+00:00,18 SPCS,SENTINEL 1A,2014-016A,EARTH,TEME,UTC,SGP4,2025-02-08 04:09:38.858688+00:00,14.59199716,0.00013090,98.1819,48.8537,90.3958,269.7392,0,U,39634,999,57800,0.00009890700000,0.00000420,0.0000000000000,7073.896,98.684,696.687,694.835,PAYLOAD,LARGE,ESA,2014-04-03,FRGUI,,4633915,280189614,0 SENTINEL 1A,1 39634U 14016A   25039.17336642  .00000420  00000-0  98907-4 0  9991,2 39634  98.1819  48.8537 0001309  90.3958 269.7392 14.59199716578005
3.0,GENERATED VIA SPACE-TRACK.ORG API,2025-02-08 14:26:18+00:00,18 SPCS,SENTINEL 1A,2014-016A,EARTH,TEME,UTC,SGP4,2025-02-08 09:05:52.571616+00:00,14.59200009,0.00013110,98.1819,49.0564,90.3128,269.8222,0,U,39634,999,57803,0.00010325000000,0.00000441,0.0000000000000,7073.895,98.684,696.688,694.833,PAYLOAD,LARGE,ESA,2014-04-03,FRGUI,,4634333,280199694,0 SENTINEL 1A,1 39634U 14016A   25039.37908069  .00000441  00000-0  10325-3 0  9991,2 39634  98.1819  49.0564 0001311  90.3128 269.8222 14.59200009578034
3.0,GENERATED VIA SPACE-TRACK.ORG API,2025-02-08 17:45:34+00:00,18 SPCS,SENTINEL 1A,2014-016A,EARTH,TEME,UTC,SGP4,2025-02-08 14:02:06.267264+00:00,14.59200088,0.00013050,98.1818,49.2591,90.2670,269.8679,0,U,39634,999,57803,0.00009569300000,0.00000405,0.0000000000000,7073.895,98.684,696.683,694.837,PAYLOAD,LARGE,ESA,2014-04-03,FRGUI,,4634601,280220787,0 SENTINEL 1A,1 39634U 14016A   25039.58479476  .00000405  00000-0  95693-4 0  9991,2 39634  98.1818  49.2591 0001305  90.2670 269.8679 14.59200088578032
3.0,GENERATED VIA SPACE-TRACK.ORG API,2025-02-08 22:16:17+00:00,18 SPCS,SENTINEL 1A,2014-016A,EARTH,TEME,UTC,SGP4,2025-02-08 18:58:19.972416+00:00,14.59200035,0.00012920,98.1818,49.4619,90.6084,269.5264,0,U,39634,999,57809,0.00008354500000,0.00000348,0.0000000000000,7073.895,98.684,696.674,694.846,PAYLOAD,LARGE,ESA,2014-04-03,FRGUI,,4634645,280236284,0 SENTINEL 1A,1 39634U 14016A   25039.79050894  .00000348  00000-0  83545-4 0  9992,2 39634  98.1818  49.4619 0001292  90.6084 269.5264 14.59200035578098
3.0,GENERATED VIA SPACE-TRACK.ORG API,2025-02-09 04:01:38+00:00,18 SPCS,SENTINEL 1A,2014-016A,EARTH,TEME,UTC,SGP4,2025-02-08 22:15:49.111200+00:00,14.59199790,0.00012910,98.1818,49.5971,90.8629,269.2718,0,U,39634,999,57808,0.00006643000000,0.00000267,0.0000000000000,7073.896,98.684,696.674,694.848,PAYLOAD,LARGE,ESA,2014-04-03,FRGUI,,4634925,280256520,0 SENTINEL 1A,1 39634U 14016A   25039.92765175  .00000267  00000-0  66430-4 0  9996,2 39634  98.1818  49.5971 0001291  90.8629 269.2718 14.59199790578081
3.0,GENERATED VIA SPACE-TRACK.ORG API,2025-02-09 06:16:16+00:00,18 SPCS,SENTINEL 1A,2014-016A,EARTH,TEME,UTC,SGP4,2025-02-09 03:12:02.826720+00:00,14.59199706,0.00013130,98.1818,49.7997,90.4298,269.7052,0,U,39634,999,57814,0.00005470400000,0.00000212,0.0000000000000,7073.896,98.684,696.690,694.832,PAYLOAD,LARGE,ESA,2014-04-03,FRGUI,,4634943,280272671,0 SENTINEL 1A,1 39634U 14016A   25040.13336605  .00000212  00000-0  54704-4 0  9994,2 39634  98.1818  49.7997 0001313  90.4298 269.7052 14.59199706578144
3.0,GENERATED VIA SPACE-TRACK.ORG API,2025-02-09 14:16:25+00:00,18 SPCS,SENTINEL 1A,2014-016A,EARTH,TEME,UTC,SGP4,2025-02-09 08:08:16.537920+00:00,14.59199674,0.00013120,98.1818,50.0025,90.2000,269.9350,0,U,39634,999,57817,0.00004207400000,0.00000153,0.0000000000000,7073.896,98.684,696.689,694.833,PAYLOAD,LARGE,ESA,2014-04-03,FRGUI,,4635285,280280614,0 SENTINEL 1A,1 39634U 14016A   25040.33908030  .00000153  00000-0  42074-4 0  9994,2 39634  98.1818  50.0025 0001312  90.2000 269.9350 14.59199674578179
3.0,GENERATED VIA SPACE-TRACK.ORG API,2025-02-09 17:59:51+00:00,18 SPCS,SENTINEL 1A,2014-016A,EARTH,TEME,UTC,SGP4,2025-02-09 14:43:14.805984+00:00,14.59199720,0.00013110,98.1818,50.2728,90.3713,269.7637,0,U,39634,999,57818,0.00003436700000,0.00000116,0.0000000000000,7073.896,98.684,696.689,694.834,PAYLOAD,LARGE,ESA,2014-04-03,FRGUI,,4635571,280301586,0 SENTINEL 1A,1 39634U 14016A   25040.61336581  .00000116  00000-0  34367-4 0  9996,2 39634  98.1818  50.2728 0001311  90.3713 269.7637 14.59199720578181
3.0,GENERATED VIA SPACE-TRACK.ORG API,2025-02-09 22:16:17+00:00,18 SPCS,SENTINEL 1A,2014-016A,EARTH,TEME,UTC,SGP4,2025-02-09 19:39:28.504224+00:00,14.59199892,0.00013170,98.1818,50.4755,90.1133,270.0218,0,U,39634,999,57824,0.00004044900000,0.00000145,0.0000000000000,7073.896,98.684,696.692,694.829,PAYLOAD,LARGE,ESA,2014-04-03,FRGUI,,4635601,280317476,0 SENTINEL 1A,1 39634U 14016A   25040.81907991  .00000145  00000-0  40449-4 0  9997,2 39634  98.1818  50.4755 0001317  90.1133 270.0218 14.59199892578240
3.0,GENERATED VIA SPACE-TRACK.ORG API,2025-02-10 02:37:02+00:00,18 SPCS,SENTINEL 1A,2014-016A,EARTH,TEME,UTC,SGP4,2025-02-09 22:56:57.624864+00:00,14.59200112,0.00013070,98.1818,50.6106,90.4026,269.7324,0,U,39634,999,57823,0.00004444000000,0.00000164,0.0000000000000,7073.895,98.684,696.684,694.835,PAYLOAD,LARGE,ESA,2014-04-03,FRGUI,,4635883,280338278,0 SENTINEL 1A,1 39634U 14016A   25040.95622251  .00000164  00000-0  44440-4 0  9991,2 39634  98.1818  50.6106 0001307  90.4026 269.7324 14.59200112578235
3.0,GENERATED VIA SPACE-TRACK.ORG API,2025-02-10 06:16:16+00:00,18 SPCS,SENTINEL 1A,2014-016A,EARTH,TEME,UTC,SGP4,2025-02-10 03:53:11.317056+00:00,14.59200335,0.00013120,98.1819,50.8133,90.3896,269.7454,0,U,39634,999,57829,0.00005144100000,0.00000197,0.0000000000000,7073.894,98.684,696.687,694.831,PAYLOAD,LARGE,ESA,2014-04-03,FRGUI,,4635908,280354222,0 SENTINEL 1A,1 39634U 14016A   25041.16193654  .00000197  00000-0  51441-4 0  9990,2 39634  98.1819  50.8133 0001312  90.3896 269.7454 14.59200335578295
3.0,GENERATED VIA SPACE-TRACK.ORG API,2025-02-10 14:16:17+00:00,18 SPCS,SENTINEL 1A,2014-016A,EARTH,TEME,UTC,SGP4,2025-02-10 12:06:54.117792+00:00,14.59201106,0.00013120,98.1818,51.1513,90.4217,269.7133,0,U,39634,999,57834,0.00007984700000,0.00000331,0.0000000000000,7073.892,98.684,696.685,694.829,PAYLOAD,LARGE,ESA,2014-04-03,FRGUI,,4636275,280363406,0 SENTINEL 1A,1 39634U 14016A   25041.50479303  .00000331  00000-0  79847-4 0  9996,2 39634  98.1818  51.1513 0001312  90.4217 269.7133 14.59201106578345
3.0,GENERATED VIA SPACE-TRACK.ORG API,2025-02-10 17:40:26+00:00,18 SPCS,SENTINEL 1A,2014-016A,EARTH,TEME,UTC,SGP4,2025-02-10 13:45:38.684160+00:00,14.59200978,0.00013140,98.1818,51.2188,90.3761,269.7589,0,U,39634,999,57832,0.00007430700000,0.00000305,0.0000000000000,7073.892,98.684,696.687,694.828,PAYLOAD,LARGE,ESA,2014-04-03,FRGUI,,4636616,280385766,0 SENTINEL 1A,1 39634U 14016A   25041.57336440  .00000305  00000-0  74307-4 0  9994,2 39634  98.1818  51.2188 0001314  90.3761 269.7589 14.59200978578328
3.0,GENERATED VIA SPACE-TRACK.ORG API,2025-02-10 22:16:18+00:00,18 SPCS,SENTINEL 1A,2014-016A,EARTH,TEME,UTC,SGP4,2025-02-10 18:41:52.357344+00:00,14.59201386,0.00013050,98.1818,51.4216,90.7542,269.3808,0,U,39634,999,57838,0.00009026000000,0.00000380,0.0000000000000,7073.891,98.684,696.679,694.833,PAYLOAD,LARGE,ESA,2014-04-03,FRGUI,,4636700,280401636,0 SENTINEL 1A,1 39634U 14016A   25041.77907821  .00000380  00000-0  90260-4 0  9992,2 39634  98.1818  51.4216 0001305  90.7542 269.3808 14.59201386578383
3.0,GENERATED VIA SPACE-TRACK.ORG API,2025-02-11 04:10:04+00:00,18 SPCS,SENTINEL 1A,2014-016A,EARTH,TEME,UTC,SGP4,2025-02-10 21:59:21.477120+00:00,14.59201482,0.00013030,98.1818,51.5568,90.6219,269.5130,0,U,39634,999,57837,0.00008988800000,0.00000378,0.0000000000000,7073.891,98.684,696.677,694.834,PAYLOAD,LARGE,ESA,2014-04-03,FRGUI,,4636950,280422036,0 SENTINEL 1A,1 39634U 14016A   25041.91622080  .00000378  00000-0  89888-4 0  9990,2 39634  98.1818  51.5568 0001303  90.6219 269.5130 14.59201482578378
3.0,GENERATED VIA SPACE-TRACK.ORG API,2025-02-11 06:16:16+00:00,18 SPCS,SENTINEL 1A,2014-016A,EARTH,TEME,UTC,SGP4,2025-02-11 02:55:35.153760+00:00,14.59201784,0.00013100,98.1819,51.7595,90.2997,269.8353,0,U,39634,999,57843,0.00009769800000,0.00000415,0.0000000000000,7073.890,98.684,696.681,694.828,PAYLOAD,LARGE,ESA,2014-04-03,FRGUI,,4636969,280437438,0 SENTINEL 1A,1 39634U 14016A   25042.12193465  .00000415  00000-0  97698-4 0  9994,2 39634  98.1819  51.7595 0001310  90.2997 269.8353 14.59201784578430
3.0,GENERATED VIA SPACE-TRACK.ORG API,2025-02-11 14:16:17+00:00,18 SPCS,SENTINEL 1A,2014-016A,EARTH,TEME,UTC,SGP4,2025-02-11 12:48:02.504448+00:00,14.59202317,0.00013180,98.1819,52.1650,90.1572,269.9779,0,U,39634,999,57849,0.00010859000000,0.00000466,0.0000000000000,7073.888,98.684,696.685,694.820,PAYLOAD,LARGE,ESA,2014-04-03,FRGUI,,4637301,280445747,0 SENTINEL 1A,1 39634U 14016A   25042.53336232  .00000466  00000-0  10859-3 0  9999,2 39634  98.1819  52.1650 0001318  90.1572 269.9779 14.59202317578495
3.0,GENERATED VIA SPACE-TRACK.ORG API,2025-02-11 17:27:46+00:00,18 SPCS,SENTINEL 1A,2014-016A,EARTH,TEME,UTC,SGP4,2025-02-11 14:26:47.061312+00:00,14.59202226,0.00013190,98.1819,52.2325,90.1605,269.9746,0,U,39634,999,57847,0.00010233000000,0.00000437,0.0000000000000,7073.888,98.684,696.686,694.820,PAYLOAD,LARGE,ESA,2014-04-03,FRGUI,,4637679,280467965,0 SENTINEL 1A,1 39634U 14016A   25042.60193358  .00000437  00000-0  10233-3 0  9991,2 39634  98.1819  52.2325 0001319  90.1605 269.9746 14.59202226578474
3.0,GENERATED VIA SPACE-TRACK.ORG API,2025-02-11 22:16:16+00:00,18 SPCS,SENTINEL 1A,2014-016A,EARTH,TEME,UTC,SGP4,2025-02-11 19:23:00.728448+00:00,14.59202455,0.00013160,98.1819,52.4353,90.2249,269.9101,0,U,39634,999,57853,0.00010469000000,0.00000448,0.0000000000000,7073.887,98.684,696.683,694.821,PAYLOAD,LARGE,ESA,2014-04-03,FRGUI,,4637725,280484332,0 SENTINEL 1A,1 39634U 14016A   25042.80764732  .00000448  00000-0  10469-3 0  9996,2 39634  98.1819  52.4353 0001316  90.2249 269.9101 14.59202455578535
3.0,GENERATED VIA SPACE-TRACK.ORG API,2025-02-12 02:52:37+00:00,18 SPCS,SENTINEL 1A,2014-016A,EARTH,TEME,UTC,SGP4,2025-02-11 22:40:29.842176+00:00,14.59202525,0.00013130,98.1819,52.5704,90.1909,269.9441,0,U,39634,999,57852,0.00010191000000,0.00000435,0.0000000000000,7073.887,98.684,696.681,694.823,PAYLOAD,LARGE,ESA,2014-04-03,FRGUI,,4638044,280505929,0 SENTINEL 1A,1 39634U 14016A   25042.94478984  .00000435  00000-0  10191-3 0  9990,2 39634  98.1819  52.5704 0001313  90.1909 269.9441 14.59202525578529
3.0,GENERATED VIA SPACE-TRACK.ORG API,2025-02-12 06:16:16+00:00,18 SPCS,SENTINEL 1A,2014-016A,EARTH,TEME,UTC,SGP4,2025-02-12 03:36:43.511904+00:00,14.59202630,0.00013100,98.1819,52.7732,90.6070,269.5279,0,U,39634,999,57858,0.00009667700000,0.00000410,0.0000000000000,7073.887,98.684,696.678,694.825,PAYLOAD,LARGE,ESA,2014-04-03,FRGUI,,4638066,280522183,0 SENTINEL 1A,1 39634U 14016A   25043.15050361  .00000410  00000-0  96677-4 0  9996,2 39634  98.1819  52.7732 0001310  90.6070 269.5279 14.59202630578581
3.0,GENERATED VIA SPACE-TRACK.ORG API,2025-02-12 14:26:28+00:00,18 SPCS,SENTINEL 1A,2014-016A,EARTH,TEME,UTC,SGP4,2025-02-12 11:50:26.405088+00:00,14.59198780,0.00013150,98.1819,53.1109,89.6822,270.4529,0,U,39634,999,57863,0.00009693900000,0.00000411,0.0000000000000,7073.899,98.684,696.694,694.834,PAYLOAD,LARGE,ESA,2014-04-03,FRGUI,,4638423,280530359,0 SENTINEL 1A,1 39634U 14016A   25043.49336117  .00000411  00000-0  96939-4 0  9991,2 39634  98.1819  53.1109 0001315  89.6822 270.4529 14.59198780578637
3.0,GENERATED VIA SPACE-TRACK.ORG API,2025-02-12 17:50:04+00:00,18 SPCS,SENTINEL 1A,2014-016A,EARTH,TEME,UTC,SGP4,2025-02-12 15:07:55.538688+00:00,14.59199032,0.00013110,98.1819,53.2460,89.4786,270.6564,0,U,39634,999,57862,0.00009515700000,0.00000403,0.0000000000000,7073.898,98.684,696.691,694.836,PAYLOAD,LARGE,ESA,2014-04-03,FRGUI,,4638714,280551763,0 SENTINEL 1A,1 39634U 14016A   25043.63050392  .00000403  00000-0  95157-4 0  9997,2 39634  98.1819  53.2460 0001311  89.4786 270.6564 14.59199032578622
3.0,GENERATED VIA SPACE-TRACK.ORG API,2025-02-12 22:16:15+00:00,18 SPCS,SENTINEL 1A,2014-016A,EARTH,TEME,UTC,SGP4,2025-02-12 18:25:24.670560+00:00,14.59199231,0.00012990,98.1819,53.3813,90.0905,270.0444,0,U,39634,999,57867,0.00009466500000,0.00000400,0.0000000000000,7073.898,98.684,696.682,694.844,PAYLOAD,LARGE,ESA,2014-04-03,FRGUI,,4638796,280567607,0 SENTINEL 1A,1 39634U 14016A   25043.76764665  .00000400  00000-0  94665-4 0  9996,2 39634  98.1819  53.3813 0001299  90.0905 270.0444 14.59199231578678
3.0,GENERATED VIA SPACE-TRACK.ORG API,2025-02-13 05:22:15+00:00,18 SPCS,SENTINEL 1A,2014-016A,EARTH,TEME,UTC,SGP4,2025-02-12 23:21:38.382624+00:00,14.59199360,0.00012940,98.1819,53.5840,90.0235,270.1113,0,U,39634,999,57867,0.00009116400000,0.00000384,0.0000000000000,7073.897,98.684,696.678,694.847,PAYLOAD,LARGE,ESA,2014-04-03,FRGUI,,4639109,280588776,0 SENTINEL 1A,1 39634U 14016A   25043.97336091  .00000384  00000-0  91164-4 0  9999,2 39634  98.1819  53.5840 0001294  90.0235 270.1113 14.59199360578678
3.0,GENERATED VIA SPACE-TRACK.ORG API,2025-02-13 06:26:17+00:00,18 SPCS,SENTINEL 1A,2014-016A,EARTH,TEME,UTC,SGP4,2025-02-13 02:39:07.518816+00:00,14.59199492,0.00012960,98.1819,53.7192,90.1513,269.9835,0,U,39634,999,57872,0.00009067000000,0.00000382,0.0000000000000,7073.897,98.684,696.679,694.845,PAYLOAD,LARGE,ESA,2014-04-03,FRGUI,,4639162,280605530,0 SENTINEL 1A,1 39634U 14016A   25044.11050369  .00000382  00000-0  90670-4 0  9996,2 39634  98.1819  53.7192 0001296  90.1513 269.9835 14.59199492578721
3.0,GENERATED VIA SPACE-TRACK.ORG API,2025-02-13 14:16:25+00:00,18 SPCS,SENTINEL 1A,2014-016A,EARTH,TEME,UTC,SGP4,2025-02-13 10:52:50.354112+00:00,14.59199888,0.00013000,98.1820,54.0571,90.2607,269.8741,0,U,39634,999,57877,0.00009269000000,0.00000391,0.0000000000000,7073.896,98.684,696.680,694.841,PAYLOAD,LARGE,ESA,2014-04-03,FRGUI,,4639454,280612928,0 SENTINEL 1A,1 39634U 14016A   25044.45336058  .00000391  00000-0  92690-4 0  9999,2 39634  98.1820  54.0571 0001300  90.2607 269.8741 14.59199888578778
3.0,GENERATED VIA SPACE-TRACK.ORG API,2025-02-13 17:23:10+00:00,18 SPCS,SENTINEL 1A,2014-016A,EARTH,TEME,UTC,SGP4,2025-02-13 12:31:34.913568+00:00,14.59199965,0.00013000,98.1820,54.1247,90.3916,269.7433,0,U,39634,999,57875,0.00009235100000,0.00000390,0.0000000000000,7073.895,98.684,696.680,694.841,PAYLOAD,LARGE,ESA,2014-04-03,FRGUI,,4639754,280634265,0 SENTINEL 1A,1 39634U 14016A   25044.52193187  .00000390  00000-0  92351-4 0  9994,2 39634  98.1820  54.1247 0001300  90.3916 269.7433 14.59199965578754
3.0,GENERATED VIA SPACE-TRACK.ORG API,2025-02-13 22:36:17+00:00,18 SPCS,SENTINEL 1A,2014-016A,EARTH,TEME,UTC,SGP4,2025-02-13 19:06:33.178176+00:00,14.59200169,0.00013040,98.1820,54.3951,90.3652,269.7697,0,U,39634,999,57882,0.00009168200000,0.00000386,0.0000000000000,7073.895,98.684,696.682,694.837,PAYLOAD,LARGE,ESA,2014-04-03,FRGUI,,4639866,280652659,0 SENTINEL 1A,1 39634U 14016A   25044.79621734  .00000386  00000-0  91682-4 0  9998,2 39634  98.1820  54.3951 0001304  90.3652 269.7697 14.59200169578828
3.0,GENERATED VIA SPACE-TRACK.ORG API,2025-02-14 05:48:53+00:00,18 SPCS,SENTINEL 1A,2014-016A,EARTH,TEME,UTC,SGP4,2025-02-13 22:24:02.310048+00:00,14.59200420,0.00013010,98.1820,54.5302,90.2386,269.8962,0,U,39634,999,57881,0.00009823700000,0.00000417,0.0000000000000,7073.894,98.684,696.679,694.839,PAYLOAD,LARGE,ESA,2014-04-03,FRGUI,,4640012,280670069,0 SENTINEL 1A,1 39634U 14016A   25044.93336007  .00000417  00000-0  98237-4 0  9998,2 39634  98.1820  54.5302 0001301  90.2386 269.8962 14.59200420578815
3.0,GENERATED VIA SPACE-TRACK.ORG API,2025-02-14 06:16:28+00:00,18 SPCS,SENTINEL 1A,2014-016A,EARTH,TEME,UTC,SGP4,2025-02-14 03:20:16.002240+00:00,14.59200596,0.00013000,98.1820,54.7329,90.3225,269.8123,0,U,39634,999,57887,0.00009636000000,0.00000408,0.0000000000000,7073.893,98.684,696.678,694.839,PAYLOAD,LARGE,ESA,2014-04-03,FRGUI,,4640022,280685719,0 SENTINEL 1A,1 39634U 14016A   25045.13907410  .00000408  00000-0  96360-4 0  9998,2 39634  98.1820  54.7329 0001300  90.3225 269.8123 14.59200596578877
3.0,GENERATED VIA SPACE-TRACK.ORG API,2025-02-14 14:36:19+00:00,18 SPCS,SENTINEL 1A,2014-016A,EARTH,TEME,UTC,SGP4,2025-02-14 11:33:58.815072+00:00,14.59200961,0.00013020,98.1821,55.0708,90.4409,269.6939,0,U,39634,999,57892,0.00009632600000,0.00000408,0.0000000000000,7073.892,98.684,696.678,694.836,PAYLOAD,LARGE,ESA,2014-04-03,FRGUI,,4640476,280695905,0 SENTINEL 1A,1 39634U 14016A   25045.48193073  .00000408  00000-0  96326-4 0  9990,2 39634  98.1821  55.0708 0001302  90.4409 269.6939 14.59200961578925
3.0,GENERATED VIA SPACE-TRACK.ORG API,2025-02-14 17:53:59+00:00,18 SPCS,SENTINEL 1A,2014-016A,EARTH,TEME,UTC,SGP4,2025-02-14 13:12:43.378848+00:00,14.59200897,0.00013030,98.1821,55.1384,90.3186,269.8163,0,U,39634,999,57890,0.00009139100000,0.00000385,0.0000000000000,7073.892,98.684,696.679,694.836,PAYLOAD,LARGE,ESA,2014-04-03,FRGUI,,4640722,280716847,0 SENTINEL 1A,1 39634U 14016A   25045.55050207  .00000385  00000-0  91391-4 0  9990,2 39634  98.1821  55.1384 0001303  90.3186 269.8163 14.59200897578905
3.0,GENERATED VIA SPACE-TRACK.ORG API,2025-02-14 22:16:18+00:00,18 SPCS,SENTINEL 1A,2014-016A,EARTH,TEME,UTC,SGP4,2025-02-14 19:47:41.623584+00:00,14.59201141,0.00013040,98.1821,55.4087,90.4681,269.6668,0,U,39634,999,57897,0.00009090200000,0.00000383,0.0000000000000,7073.892,98.684,696.679,694.834,PAYLOAD,LARGE,ESA,2014-04-03,FRGUI,,4640759,280732698,0 SENTINEL 1A,1 39634U 14016A   25045.82478731  .00000383  00000-0  90902-4 0  9991,2 39634  98.1821  55.4087 0001304  90.4681 269.6668 14.59201141578978
3.0,GENERATED VIA SPACE-TRACK.ORG API,2025-02-15 02:48:44+00:00,18 SPCS,SENTINEL 1A,2014-016A,EARTH,TEME,UTC,SGP4,2025-02-14 23:05:10.739904+00:00,14.59201513,0.00013020,98.1821,55.5439,90.4172,269.7176,0,U,39634,999,57896,0.00009963200000,0.00000424,0.0000000000000,7073.890,98.684,696.676,694.834,PAYLOAD,LARGE,ESA,2014-04-03,FRGUI,,4641027,280753374,0 SENTINEL 1A,1 39634U 14016A   25045.96192986  .00000424  00000-0  99632-4 0  9996,2 39634  98.1821  55.5439 0001302  90.4172 269.7176 14.59201513578960
3.0,GENERATED VIA SPACE-TRACK.ORG API,2025-02-15 06:36:31+00:00,18 SPCS,SENTINEL 1A,2014-016A,EARTH,TEME,UTC,SGP4,2025-02-15 02:22:39.864000+00:00,14.59201636,0.00013110,98.1821,55.6790,90.1030,270.0319,0,U,39634,999,57901,0.00010086000000,0.00000430,0.0000000000000,7073.890,98.684,696.682,694.828,PAYLOAD,LARGE,ESA,2014-04-03,FRGUI,,4641150,280771067,0 SENTINEL 1A,1 39634U 14016A   25046.09907250  .00000430  00000-0  10086-3 0  9991,2 39634  98.1821  55.6790 0001311  90.1030 270.0319 14.59201636579018
3.0,GENERATED VIA SPACE-TRACK.ORG API,2025-02-15 14:16:16+00:00,18 SPCS,SENTINEL 1A,2014-016A,EARTH,TEME,UTC,SGP4,2025-02-15 12:15:07.369344+00:00,14.59197362,0.00013120,98.1823,56.0847,90.9263,269.2087,0,U,39634,999,57907,0.00010422000000,0.00000446,0.0000000000000,7073.904,98.684,696.697,694.841,PAYLOAD,LARGE,ESA,2014-04-03,FRGUI,,4641380,280777092,0 SENTINEL 1A,1 39634U 14016A   25046.51050196  .00000446  00000-0  10422-3 0  9997,2 39634  98.1823  56.0847 0001312  90.9263 269.2087 14.59197362579073
3.0,GENERATED VIA SPACE-TRACK.ORG API,2025-02-15 17:32:46+00:00,18 SPCS,SENTINEL 1A,2014-016A,EARTH,TEME,UTC,SGP4,2025-02-15 13:53:51.948672+00:00,14.59197263,0.00013140,98.1823,56.1523,90.9143,269.2207,0,U,39634,999,57905,0.00009976800000,0.00000425,0.0000000000000,7073.904,98.684,696.699,694.840,PAYLOAD,LARGE,ESA,2014-04-03,FRGUI,,4641715,280799206,0 SENTINEL 1A,1 39634U 14016A   25046.57907348  .00000425  00000-0  99768-4 0  9991,2 39634  98.1823  56.1523 0001314  90.9143 269.2207 14.59197263579056
3.0,GENERATED VIA SPACE-TRACK.ORG API,2025-02-15 22:16:15+00:00,18 SPCS,SENTINEL 1A,2014-016A,EARTH,TEME,UTC,SGP4,2025-02-15 18:50:05.671968+00:00,14.59197640,0.00013060,98.1822,56.3550,90.8430,269.2919,0,U,39634,999,57911,0.00009935200000,0.00000423,0.0000000000000,7073.903,98.684,696.692,694.844,PAYLOAD,LARGE,ESA,2014-04-03,FRGUI,,4641853,280818048,0 SENTINEL 1A,1 39634U 14016A   25046.78478787  .00000423  00000-0  99352-4 0  9991,2 39634  98.1822  56.3550 0001306  90.8430 269.2919 14.59197640579112
3.0,GENERATED VIA SPACE-TRACK.ORG API,2025-02-16 06:16:17+00:00,18 SPCS,SENTINEL 1A,2014-016A,EARTH,TEME,UTC,SGP4,2025-02-16 03:03:48.539232+00:00,14.59198407,0.00013070,98.1823,56.6928,90.2997,269.8353,0,U,39634,999,57916,0.00013815000000,0.00000605,0.0000000000000,7073.900,98.684,696.690,694.841,PAYLOAD,LARGE,ESA,2014-04-03,FRGUI,,4642169,280825533,0 SENTINEL 1A,1 39634U 14016A   25047.12764513  .00000605  00000-0  13815-3 0  9996,2 39634  98.1823  56.6928 0001307  90.2997 269.8353 14.59198407579163
3.0,GENERATED VIA SPACE-TRACK.ORG API,2025-02-16 08:34:50+00:00,18 SPCS,SENTINEL 1A,2014-016A,EARTH,TEME,UTC,SGP4,2025-02-15 22:07:34.823712+00:00,14.59197988,0.00013070,98.1822,56.4901,90.5449,269.5901,0,U,39634,999,57910,0.00011027000000,0.00000474,0.0000000000000,7073.902,98.684,696.691,694.842,PAYLOAD,LARGE,ESA,2014-04-03,FRGUI,,4642461,280847122,0 SENTINEL 1A,1 39634U 14016A   25046.92193083  .00000474  00000-0  11027-3 0  9998,2 39634  98.1822  56.4901 0001307  90.5449 269.5901 14.59197988579109
3.0,GENERATED VIA SPACE-TRACK.ORG API,2025-02-16 14:26:18+00:00,18 SPCS,SENTINEL 1A,2014-016A,EARTH,TEME,UTC,SGP4,2025-02-16 11:17:31.426368+00:00,14.59198199,0.00013060,98.1823,57.0308,90.4539,269.6810,0,U,39634,999,57921,0.00006812100000,0.00000275,0.0000000000000,7073.901,98.684,696.690,694.842,PAYLOAD,LARGE,ESA,2014-04-03,FRGUI,,4642525,280863375,0 SENTINEL 1A,1 39634U 14016A   25047.47050262  .00000275  00000-0  68121-4 0  9997,2 39634  98.1823  57.0308 0001306  90.4539 269.6810 14.59198199579213
3.0,GENERATED VIA SPACE-TRACK.ORG API,2025-02-16 17:14:46+00:00,18 SPCS,SENTINEL 1A,2014-016A,EARTH,TEME,UTC,SGP4,2025-02-16 14:35:00.572928+00:00,14.59198210,0.00013090,98.1823,57.1659,90.5346,269.6004,0,U,39634,999,57920,0.00006451000000,0.00000258,0.0000000000000,7073.901,98.684,696.692,694.840,PAYLOAD,LARGE,ESA,2014-04-03,FRGUI,,4642779,280884604,0 SENTINEL 1A,1 39634U 14016A   25047.60764552  .00000258  00000-0  64510-4 0  9995,2 39634  98.1823  57.1659 0001309  90.5346 269.6004 14.59198210579201
3.0,GENERATED VIA SPACE-TRACK.ORG API,2025-02-16 22:26:18+00:00,18 SPCS,SENTINEL 1A,2014-016A,EARTH,TEME,UTC,SGP4,2025-02-16 19:31:14.272032+00:00,14.59198819,0.00013110,98.1823,57.3686,90.4787,269.6563,0,U,39634,999,57926,0.00011397000000,0.00000492,0.0000000000000,7073.899,98.684,696.692,694.837,PAYLOAD,LARGE,ESA,2014-04-03,FRGUI,,4642841,280900572,0 SENTINEL 1A,1 39634U 14016A   25047.81335963  .00000492  00000-0  11397-3 0  9992,2 39634  98.1823  57.3686 0001311  90.4787 269.6563 14.59198819579265
3.0,GENERATED VIA SPACE-TRACK.ORG API,2025-02-17 03:28:14+00:00,18 SPCS,SENTINEL 1A,2014-016A,EARTH,TEME,UTC,SGP4,2025-02-16 22:48:43.405632+00:00,14.59199229,0.00013080,98.1823,57.5038,90.4742,269.6607,0,U,39634,999,57925,0.00012376000000,0.00000538,0.0000000000000,7073.898,98.684,696.688,694.838,PAYLOAD,LARGE,ESA,2014-04-03,FRGUI,,4643135,280922236,0 SENTINEL 1A,1 39634U 14016A   25047.95050238  .00000538  00000-0  12376-3 0  9995,2 39634  98.1823  57.5038 0001308  90.4742 269.6607 14.59199229579259
3.0,GENERATED VIA SPACE-TRACK.ORG API,2025-02-17 06:26:20+00:00,18 SPCS,SENTINEL 1A,2014-016A,EARTH,TEME,UTC,SGP4,2025-02-17 03:44:57.115968+00:00,14.59199429,0.00013100,98.1824,57.7065,90.3398,269.7951,0,U,39634,999,57931,0.00012373000000,0.00000538,0.0000000000000,7073.897,98.684,696.689,694.835,PAYLOAD,LARGE,ESA,2014-04-03,FRGUI,,4643200,280938623,0 SENTINEL 1A,1 39634U 14016A   25048.15621662  .00000538  00000-0  12373-3 0  9990,2 39634  98.1824  57.7065 0001310  90.3398 269.7951 14.59199429579313
3.0,GENERATED VIA SPACE-TRACK.ORG API,2025-02-17 14:26:17+00:00,18 SPCS,SENTINEL 1A,2014-016A,EARTH,TEME,UTC,SGP4,2025-02-17 11:58:39.956448+00:00,14.59200031,0.00013110,98.1824,58.0444,90.0853,270.0497,0,U,39634,999,57936,0.00013277000000,0.00000580,0.0000000000000,7073.895,98.684,696.688,694.833,PAYLOAD,LARGE,ESA,2014-04-03,FRGUI,,4643520,280946403,0 SENTINEL 1A,1 39634U 14016A   25048.49907357  .00000580  00000-0  13277-3 0  9996,2 39634  98.1824  58.0444 0001311  90.0853 270.0497 14.59200031579369
3.0,GENERATED VIA SPACE-TRACK.ORG API,2025-02-17 18:05:04+00:00,18 SPCS,SENTINEL 1A,2014-016A,EARTH,TEME,UTC,SGP4,2025-02-17 13:37:24.528000+00:00,14.59199861,0.00013110,98.1824,58.1120,90.0790,270.0559,0,U,39634,999,57934,0.00012364000000,0.00000537,0.0000000000000,7073.896,98.684,696.688,694.833,PAYLOAD,LARGE,ESA,2014-04-03,FRGUI,,4643813,280968408,0 SENTINEL 1A,1 39634U 14016A   25048.56764500  .00000537  00000-0  12364-3 0  9993,2 39634  98.1824  58.1120 0001311  90.0790 270.0559 14.59199861579346
3.0,GENERATED VIA SPACE-TRACK.ORG API,2025-02-17 22:16:19+00:00,18 SPCS,SENTINEL 1A,2014-016A,EARTH,TEME,UTC,SGP4,2025-02-17 20:12:22.793472+00:00,14.59200145,0.00013080,98.1824,58.3824,90.2612,269.8738,0,U,39634,999,57941,0.00012341000000,0.00000536,0.0000000000000,7073.895,98.684,696.685,694.835,PAYLOAD,LARGE,ESA,2014-04-03,FRGUI,,4643828,280984405,0 SENTINEL 1A,1 39634U 14016A   25048.84193048  .00000536  00000-0  12341-3 0  9991,2 39634  98.1824  58.3824 0001308  90.2612 269.8738 14.59200145579411
3.0,GENERATED VIA SPACE-TRACK.ORG API,2025-02-18 02:17:51+00:00,18 SPCS,SENTINEL 1A,2014-016A,EARTH,TEME,UTC,SGP4,2025-02-17 23:29:51.921024+00:00,14.59200317,0.00013060,98.1824,58.5175,90.1710,269.9639,0,U,39634,999,57940,0.00011726000000,0.00000507,0.0000000000000,7073.894,98.684,696.683,694.835,PAYLOAD,LARGE,ESA,2014-04-03,FRGUI,,4644095,281004885,0 SENTINEL 1A,1 39634U 14016A   25048.97907316  .00000507  00000-0  11726-3 0  9990,2 39634  98.1824  58.5175 0001306  90.1710 269.9639 14.59200317579409
3.0,GENERATED VIA SPACE-TRACK.ORG API,2025-02-18 06:26:17+00:00,18 SPCS,SENTINEL 1A,2014-016A,EARTH,TEME,UTC,SGP4,2025-02-18 04:26:05.614944+00:00,14.59200522,0.00013080,98.1824,58.7203,90.2817,269.8532,0,U,39634,999,57946,0.00011649000000,0.00000503,0.0000000000000,7073.894,98.684,696.684,694.833,PAYLOAD,LARGE,ESA,2014-04-03,FRGUI,,4644105,281021113,0 SENTINEL 1A,1 39634U 14016A   25049.18478721  .00000503  00000-0  11649-3 0  9997,2 39634  98.1824  58.7203 0001308  90.2817 269.8532 14.59200522579469
3.0,GENERATED VIA SPACE-TRACK.ORG API,2025-02-18 14:16:18+00:00,18 SPCS,SENTINEL 1A,2014-016A,EARTH,TEME,UTC,SGP4,2025-02-18 11:01:03.868320+00:00,14.59200973,0.00013100,98.1825,58.9906,90.3367,269.7983,0,U,39634,999,57950,0.00012169000000,0.00000528,0.0000000000000,7073.892,98.684,696.684,694.830,PAYLOAD,LARGE,ESA,2014-04-03,FRGUI,,4644491,281029985,0 SENTINEL 1A,1 39634U 14016A   25049.45907255  .00000528  00000-0  12169-3 0  9991,2 39634  98.1825  58.9906 0001310  90.3367 269.7983 14.59200973579500
3.0,GENERATED VIA SPACE-TRACK.ORG API,2025-02-18 17:35:44+00:00,18 SPCS,SENTINEL 1A,2014-016A,EARTH,TEME,UTC,SGP4,2025-02-18 12:39:48.439872+00:00,14.59200749,0.00013100,98.1825,59.0582,90.3018,269.8332,0,U,39634,999,57948,0.00011137000000,0.00000479,0.0000000000000,7073.893,98.684,696.685,694.831,PAYLOAD,LARGE,ESA,2014-04-03,FRGUI,,4644723,281049980,0 SENTINEL 1A,1 39634U 14016A   25049.52764398  .00000479  00000-0  11137-3 0  9997,2 39634  98.1825  59.0582 0001310  90.3018 269.8332 14.59200749579482
3.0,GENERATED VIA SPACE-TRACK.ORG API,2025-02-18 22:26:17+00:00,18 SPCS,SENTINEL 1A,2014-016A,EARTH,TEME,UTC,SGP4,2025-02-18 19:14:46.688064+00:00,14.59201054,0.00013130,98.1824,59.3285,90.4154,269.7196,0,U,39634,999,57955,0.00011244000000,0.00000484,0.0000000000000,7073.892,98.684,696.686,694.828,PAYLOAD,LARGE,ESA,2014-04-03,FRGUI,,4644819,281126413,0 SENTINEL 1A,1 39634U 14016A   25049.80192926  .00000484  00000-0  11244-3 0  9995,2 39634  98.1824  59.3285 0001313  90.4154 269.7196 14.59201054579554
3.0,GENERATED VIA SPACE-TRACK.ORG API,2025-02-19 03:22:29+00:00,18 SPCS,SENTINEL 1A,2014-016A,EARTH,TEME,UTC,SGP4,2025-02-18 22:32:15.803520+00:00,14.59201276,0.00013100,98.1824,59.4637,90.4843,269.6507,0,U,39634,999,57954,0.00011310000000,0.00000487,0.0000000000000,7073.891,98.684,696.683,694.829,PAYLOAD,LARGE,ESA,2014-04-03,FRGUI,,4645147,281148272,0 SENTINEL 1A,1 39634U 14016A   25049.93907180  .00000487  00000-0  11310-3 0  9992,2 39634  98.1824  59.4637 0001310  90.4843 269.6507 14.59201276579548
3.0,GENERATED VIA SPACE-TRACK.ORG API,2025-02-19 06:36:21+00:00,18 SPCS,SENTINEL 1A,2014-016A,EARTH,TEME,UTC,SGP4,2025-02-19 03:28:29.488800+00:00,14.59201445,0.00013150,98.1825,59.6664,90.4465,269.6885,0,U,39634,999,57960,0.00011144000000,0.00000480,0.0000000000000,7073.891,98.684,696.686,694.825,PAYLOAD,LARGE,ESA,2014-04-03,FRGUI,,4645251,281164961,0 SENTINEL 1A,1 39634U 14016A   25050.14478575  .00000480  00000-0  11144-3 0  9996,2 39634  98.1825  59.6664 0001315  90.4465 269.6885 14.59201445579600
3.0,GENERATED VIA SPACE-TRACK.ORG API,2025-02-19 14:16:27+00:00,18 SPCS,SENTINEL 1A,2014-016A,EARTH,TEME,UTC,SGP4,2025-02-19 11:42:12.266208+00:00,14.59202276,0.00013150,98.1825,60.0044,90.4908,269.6442,0,U,39634,999,57965,0.00012387000000,0.00000538,0.0000000000000,7073.888,98.684,696.683,694.823,PAYLOAD,LARGE,ESA,2014-04-03,FRGUI,,4645523,281172129,0 SENTINEL 1A,1 39634U 14016A   25050.48764197  .00000538  00000-0  12387-3 0  9995,2 39634  98.1825  60.0044 0001315  90.4908 269.6442 14.59202276579657
3.0,GENERATED VIA SPACE-TRACK.ORG API,2025-02-19 17:30:14+00:00,18 SPCS,SENTINEL 1A,2014-016A,EARTH,TEME,UTC,SGP4,2025-02-19 14:59:41.581248+00:00,14.59196660,0.00013270,98.1825,60.1393,89.7708,270.3644,0,U,39634,999,57964,0.00011351000000,0.00000489,0.0000000000000,7073.906,98.684,696.710,694.832,PAYLOAD,LARGE,ESA,2014-04-03,FRGUI,,4645907,281195276,0 SENTINEL 1A,1 39634U 14016A   25050.62478682  .00000489  00000-0  11351-3 0  9997,2 39634  98.1825  60.1393 0001327  89.7708 270.3644 14.59196660579648
3.0,GENERATED VIA SPACE-TRACK.ORG API,2025-02-19 22:26:18+00:00,18 SPCS,SENTINEL 1A,2014-016A,EARTH,TEME,UTC,SGP4,2025-02-19 18:17:10.731264+00:00,14.59197008,0.00013150,98.1824,60.2746,90.2232,269.9118,0,U,39634,999,57969,0.00011342000000,0.00000489,0.0000000000000,7073.905,98.684,696.700,694.840,PAYLOAD,LARGE,ESA,2014-04-03,FRGUI,,4645970,281211552,0 SENTINEL 1A,1 39634U 14016A   25050.76192976  .00000489  00000-0  11342-3 0  9991,2 39634  98.1824  60.2746 0001315  90.2232 269.9118 14.59197008579698
3.0,GENERATED VIA SPACE-TRACK.ORG API,2025-02-20 03:30:21+00:00,18 SPCS,SENTINEL 1A,2014-016A,EARTH,TEME,UTC,SGP4,2025-02-19 23:13:24.462336+00:00,14.59197259,0.00013120,98.1824,60.4774,90.2492,269.8857,0,U,39634,999,57969,0.00011331000000,0.00000488,0.0000000000000,7073.904,98.684,696.697,694.841,PAYLOAD,LARGE,ESA,2014-04-03,FRGUI,,4646218,281231968,0 SENTINEL 1A,1 39634U 14016A   25050.96764424  .00000488  00000-0  11331-3 0  9993,2 39634  98.1824  60.4774 0001312  90.2492 269.8857 14.59197259579693
3.0,GENERATED VIA SPACE-TRACK.ORG API,2025-02-20 06:16:18+00:00,18 SPCS,SENTINEL 1A,2014-016A,EARTH,TEME,UTC,SGP4,2025-02-20 04:09:38.189088+00:00,14.59197533,0.00013120,98.1825,60.6802,90.3793,269.7557,0,U,39634,999,57975,0.00011268000000,0.00000485,0.0000000000000,7073.903,98.684,696.696,694.840,PAYLOAD,LARGE,ESA,2014-04-03,FRGUI,,4646238,281248053,0 SENTINEL 1A,1 39634U 14016A   25051.17335867  .00000485  00000-0  11268-3 0  9998,2 39634  98.1825  60.6802 0001312  90.3793 269.7557 14.59197533579751
3.0,GENERATED VIA SPACE-TRACK.ORG API,2025-02-20 17:16:22+00:00,18 SPCS,SENTINEL 1A,2014-016A,EARTH,TEME,UTC,SGP4,2025-02-20 14:02:05.646048+00:00,14.59197957,0.00013190,98.1824,61.0857,90.3422,269.7929,0,U,39634,999,57978,0.00011270000000,0.00000486,0.0000000000000,7073.902,98.684,696.700,694.834,PAYLOAD,LARGE,ESA,2014-04-03,FRGUI,,4646637,281271707,0 SENTINEL 1A,1 39634U 14016A   25051.58478757  .00000486  00000-0  11270-3 0  9993,2 39634  98.1824  61.0857 0001319  90.3422 269.7929 14.59197957579787
3.0,GENERATED VIA SPACE-TRACK.ORG API,2025-02-20 22:56:19+00:00,18 SPCS,SENTINEL 1A,2014-016A,EARTH,TEME,UTC,SGP4,2025-02-20 20:37:03.934848+00:00,14.59198116,0.00013190,98.1824,61.3560,90.5594,269.5757,0,U,39634,999,57985,0.00011172000000,0.00000481,0.0000000000000,7073.901,98.684,696.699,694.833,PAYLOAD,LARGE,ESA,2014-04-03,FRGUI,,4646716,281288102,0 SENTINEL 1A,1 39634U 14016A   25051.85907332  .00000481  00000-0  11172-3 0  9995,2 39634  98.1824  61.3560 0001319  90.5594 269.5757 14.59198116579856
3.0,GENERATED VIA SPACE-TRACK.ORG API,2025-02-21 03:03:55+00:00,18 SPCS,SENTINEL 1A,2014-016A,EARTH,TEME,UTC,SGP4,2025-02-20 22:15:48.507264+00:00,14.59198197,0.00013180,98.1824,61.4236,90.5131,269.6220,0,U,39634,999,57983,0.00011152000000,0.00000480,0.0000000000000,7073.901,98.684,696.698,694.834,PAYLOAD,LARGE,ESA,2014-04-03,FRGUI,,4647213,281315059,0 SENTINEL 1A,1 39634U 14016A   25051.92764476  .00000480  00000-0  11152-3 0  9990,2 39634  98.1824  61.4236 0001318  90.5131 269.6220 14.59198197579836
3.0,GENERATED VIA SPACE-TRACK.ORG API,2025-02-21 06:26:33+00:00,18 SPCS,SENTINEL 1A,2014-016A,EARTH,TEME,UTC,SGP4,2025-02-21 03:12:02.224512+00:00,14.59198434,0.00013180,98.1824,61.6264,90.4267,269.7083,0,U,39634,999,57989,0.00011072000000,0.00000476,0.0000000000000,7073.900,98.684,696.698,694.833,PAYLOAD,LARGE,ESA,2014-04-03,FRGUI,,4647274,281330662,0 SENTINEL 1A,1 39634U 14016A   25052.13335908  .00000476  00000-0  11072-3 0  9994,2 39634  98.1824  61.6264 0001318  90.4267 269.7083 14.59198434579896
3.0,GENERATED VIA SPACE-TRACK.ORG API,2025-02-21 14:26:30+00:00,18 SPCS,SENTINEL 1A,2014-016A,EARTH,TEME,UTC,SGP4,2025-02-21 11:25:45.072768+00:00,14.59199114,0.00013200,98.1824,61.9643,90.4553,269.6798,0,U,39634,999,57994,0.00012398000000,0.00000539,0.0000000000000,7073.898,98.684,696.697,694.829,PAYLOAD,LARGE,ESA,2014-04-03,FRGUI,,4647550,281337427,0 SENTINEL 1A,1 39634U 14016A   25052.47621612  .00000539  00000-0  12398-3 0  9993,2 39634  98.1824  61.9643 0001320  90.4553 269.6798 14.59199114579945
3.0,GENERATED VIA SPACE-TRACK.ORG API,2025-02-21 18:09:55+00:00,18 SPCS,SENTINEL 1A,2014-016A,EARTH,TEME,UTC,SGP4,2025-02-21 14:43:14.210688+00:00,14.59199183,0.00013190,98.1824,62.0994,90.4729,269.6622,0,U,39634,999,57993,0.00012058000000,0.00000523,0.0000000000000,7073.898,98.684,696.696,694.830,PAYLOAD,LARGE,ESA,2014-04-03,FRGUI,,4647856,281359640,0 SENTINEL 1A,1 39634U 14016A   25052.61335892  .00000523  00000-0  12058-3 0  9997,2 39634  98.1824  62.0994 0001319  90.4729 269.6622 14.59199183579930
3.0,GENERATED VIA SPACE-TRACK.ORG API,2025-02-21 22:16:17+00:00,18 SPCS,SENTINEL 1A,2014-016A,EARTH,TEME,UTC,SGP4,2025-02-21 19:39:27.917568+00:00,14.59199409,0.00013180,98.1824,62.3022,90.4576,269.6775,0,U,39634,999,57999,0.00012030000000,0.00000521,0.0000000000000,7073.897,98.684,696.695,694.830,PAYLOAD,LARGE,ESA,2014-04-03,FRGUI,,4647894,281376067,0 SENTINEL 1A,1 39634U 14016A   25052.81907312  .00000521  00000-0  12030-3 0  9999,2 39634  98.1824  62.3022 0001318  90.4576 269.6775 14.59199409579990
3.0,GENERATED VIA SPACE-TRACK.ORG API,2025-02-22 04:38:36+00:00,18 SPCS,SENTINEL 1A,2014-016A,EARTH,TEME,UTC,SGP4,2025-02-21 22:56:57.041664+00:00,14.59199538,0.00013150,98.1824,62.4374,90.4870,269.6481,0,U,39634,999,57998,0.00011666000000,0.00000504,0.0000000000000,7073.897,98.684,696.692,694.832,PAYLOAD,LARGE,ESA,2014-04-03,FRGUI,,4648157,281396476,0 SENTINEL 1A,1 39634U 14016A   25052.95621576  .00000504  00000-0  11666-3 0  9994,2 39634  98.1824  62.4374 0001315  90.4870 269.6481 14.59199538579981
3.0,GENERATED VIA SPACE-TRACK.ORG API,2025-02-22 06:26:31+00:00,18 SPCS,SENTINEL 1A,2014-016A,EARTH,TEME,UTC,SGP4,2025-02-22 03:53:10.753728+00:00,14.59199579,0.00013200,98.1824,62.6401,90.5164,269.6187,0,U,39634,999,58004,0.00010532000000,0.00000451,0.0000000000000,7073.897,98.684,696.695,694.828,PAYLOAD,LARGE,ESA,2014-04-03,FRGUI,,4648208,281412217,0 SENTINEL 1A,1 39634U 14016A   25053.16193002  .00000451  00000-0  10532-3 0  9998,2 39634  98.1824  62.6401 0001320  90.5164 269.6187 14.59199579580044
3.0,GENERATED VIA SPACE-TRACK.ORG API,2025-02-22 14:26:17+00:00,18 SPCS,SENTINEL 1A,2014-016A,EARTH,TEME,UTC,SGP4,2025-02-22 12:06:53.665920+00:00,14.59197467,0.00013110,98.1824,62.9781,89.3952,270.7398,0,U,39634,999,58009,0.00010345000000,0.00000442,0.0000000000000,7073.903,98.684,696.696,694.841,PAYLOAD,LARGE,ESA,2014-04-03,FRGUI,,4648576,281420959,0 SENTINEL 1A,1 39634U 14016A   25053.50478780  .00000442  00000-0  10345-3 0  9997,2 39634  98.1824  62.9781 0001311  89.3952 270.7398 14.59197467580095
3.0,GENERATED VIA SPACE-TRACK.ORG API,2025-02-22 18:45:51+00:00,18 SPCS,SENTINEL 1A,2014-016A,EARTH,TEME,UTC,SGP4,2025-02-22 13:45:38.242656+00:00,14.59197522,0.00013090,98.1824,63.0457,90.0515,270.0835,0,U,39634,999,58007,0.00010221000000,0.00000436,0.0000000000000,7073.903,98.684,696.694,694.842,PAYLOAD,LARGE,ESA,2014-04-03,FRGUI,,4648906,281443862,0 SENTINEL 1A,1 39634U 14016A   25053.57335929  .00000436  00000-0  10221-3 0  9997,2 39634  98.1824  63.0457 0001309  90.0515 270.0835 14.59197522580077
3.0,GENERATED VIA SPACE-TRACK.ORG API,2025-02-22 22:26:17+00:00,18 SPCS,SENTINEL 1A,2014-016A,EARTH,TEME,UTC,SGP4,2025-02-22 20:20:36.548736+00:00,14.59197700,0.00013180,98.1823,63.3160,89.9211,270.2140,0,U,39634,999,58014,0.00010151000000,0.00000433,0.0000000000000,7073.903,98.684,696.700,694.835,PAYLOAD,LARGE,ESA,2014-04-03,FRGUI,,4648971,281460205,0 SENTINEL 1A,1 39634U 14016A   25053.84764524  .00000433  00000-0  10151-3 0  9993,2 39634  98.1823  63.3160 0001318  89.9211 270.2140 14.59197700580147
3.0,GENERATED VIA SPACE-TRACK.ORG API,2025-02-23 06:26:17+00:00,18 SPCS,SENTINEL 1A,2014-016A,EARTH,TEME,UTC,SGP4,2025-02-23 04:34:19.404768+00:00,14.59198195,0.00013110,98.1823,63.6539,90.2514,269.8836,0,U,39634,999,58019,0.00010280000000,0.00000439,0.0000000000000,7073.901,98.684,696.694,694.839,PAYLOAD,LARGE,ESA,2014-04-03,FRGUI,,4649232,281466884,0 SENTINEL 1A,1 39634U 14016A   25054.19050237  .00000439  00000-0  10280-3 0  9990,2 39634  98.1823  63.6539 0001311  90.2514 269.8836 14.59198195580194
3.0,GENERATED VIA SPACE-TRACK.ORG API,2025-02-23 10:39:07+00:00,18 SPCS,SENTINEL 1A,2014-016A,EARTH,TEME,UTC,SGP4,2025-02-22 21:59:21.110784+00:00,14.59197912,0.00013110,98.1823,63.3836,89.9823,270.1527,0,U,39634,999,58012,0.00010387000000,0.00000444,0.0000000000000,7073.902,98.684,696.694,694.840,PAYLOAD,LARGE,ESA,2014-04-03,FRGUI,,4649559,281489214,0 SENTINEL 1A,1 39634U 14016A   25053.91621656  .00000444  00000-0  10387-3 0  9992,2 39634  98.1823  63.3836 0001311  89.9823 270.1527 14.59197912580120
3.0,GENERATED VIA SPACE-TRACK.ORG API,2025-02-23 14:16:16+00:00,18 SPCS,SENTINEL 1A,2014-016A,EARTH,TEME,UTC,SGP4,2025-02-23 11:09:17.683200+00:00,14.59198726,0.00013120,98.1824,63.9243,90.3460,269.7890,0,U,39634,999,58023,0.00010890000000,0.00000468,0.0000000000000,7073.899,98.684,696.693,694.836,PAYLOAD,LARGE,ESA,2014-04-03,FRGUI,,4649577,281505321,0 SENTINEL 1A,1 39634U 14016A   25054.46478800  .00000468  00000-0  10890-3 0  9999,2 39634  98.1824  63.9243 0001312  90.3460 269.7890 14.59198726580236
3.0,GENERATED VIA SPACE-TRACK.ORG API,2025-02-23 22:26:17+00:00,18 SPCS,SENTINEL 1A,2014-016A,EARTH,TEME,UTC,SGP4,2025-02-23 19:23:00.539232+00:00,14.59199143,0.00013110,98.1823,64.2622,90.4140,269.7210,0,U,39634,999,58028,0.00011075000000,0.00000476,0.0000000000000,7073.898,98.684,696.690,694.836,PAYLOAD,LARGE,ESA,2014-04-03,FRGUI,,4649905,281513498,0 SENTINEL 1A,1 39634U 14016A   25054.80764513  .00000476  00000-0  11075-3 0  9991,2 39634  98.1823  64.2622 0001311  90.4140 269.7210 14.59199143580280
3.0,GENERATED VIA SPACE-TRACK.ORG API,2025-02-24 04:39:28+00:00,18 SPCS,SENTINEL 1A,2014-016A,EARTH,TEME,UTC,SGP4,2025-02-23 22:40:29.677152+00:00,14.59199209,0.00013080,98.1823,64.3973,90.3757,269.7592,0,U,39634,999,58027,0.00010680000000,0.00000458,0.0000000000000,7073.898,98.684,696.688,694.838,PAYLOAD,LARGE,ESA,2014-04-03,FRGUI,,4650244,281535689,0 SENTINEL 1A,1 39634U 14016A   25054.94478793  .00000458  00000-0  10680-3 0  9999,2 39634  98.1823  64.3973 0001308  90.3757 269.7592 14.59199209580274
3.0,GENERATED VIA SPACE-TRACK.ORG API,2025-02-24 06:26:22+00:00,18 SPCS,SENTINEL 1A,2014-016A,EARTH,TEME,UTC,SGP4,2025-02-24 03:36:43.381440+00:00,14.59199454,0.00013050,98.1824,64.6001,90.2731,269.8618,0,U,39634,999,58033,0.00010648000000,0.00000456,0.0000000000000,7073.897,98.684,696.685,694.839,PAYLOAD,LARGE,ESA,2014-04-03,FRGUI,,4650269,281552243,0 SENTINEL 1A,1 39634U 14016A   25055.15050210  .00000456  00000-0  10648-3 0  9995,2 39634  98.1824  64.6001 0001305  90.2731 269.8618 14.59199454580337
3.0,GENERATED VIA SPACE-TRACK.ORG API,2025-02-24 14:26:16+00:00,18 SPCS,SENTINEL 1A,2014-016A,EARTH,TEME,UTC,SGP4,2025-02-24 11:50:26.191680+00:00,14.59200348,0.00013110,98.1824,64.9380,90.0318,270.1032,0,U,39634,999,58038,0.00013461000000,0.00000589,0.0000000000000,7073.894,98.684,696.687,694.832,PAYLOAD,LARGE,ESA,2014-04-03,FRGUI,,4650617,281560054,0 SENTINEL 1A,1 39634U 14016A   25055.49335870  .00000589  00000-0  13461-3 0  9993,2 39634  98.1824  64.9380 0001311  90.0318 270.1032 14.59200348580381
3.0,GENERATED VIA SPACE-TRACK.ORG API,2025-02-24 17:11:11+00:00,18 SPCS,SENTINEL 1A,2014-016A,EARTH,TEME,UTC,SGP4,2025-02-24 13:29:10.758912+00:00,14.59200370,0.00013120,98.1824,65.0056,90.0580,270.0770,0,U,39634,999,58036,0.00013243000000,0.00000579,0.0000000000000,7073.894,98.684,696.687,694.831,PAYLOAD,LARGE,ESA,2014-04-03,FRGUI,,4650915,281581558,0 SENTINEL 1A,1 39634U 14016A   25055.56193008  .00000579  00000-0  13243-3 0  9993,2 39634  98.1824  65.0056 0001312  90.0580 270.0770 14.59200370580366
3.0,GENERATED VIA SPACE-TRACK.ORG API,2025-02-24 22:26:21+00:00,18 SPCS,SENTINEL 1A,2014-016A,EARTH,TEME,UTC,SGP4,2025-02-24 20:04:09.008832+00:00,14.59200792,0.00013120,98.1823,65.2759,90.2843,269.8507,0,U,39634,999,58043,0.00013745000000,0.00000602,0.0000000000000,7073.893,98.684,696.686,694.830,PAYLOAD,LARGE,ESA,2014-04-03,FRGUI,,4651022,281597853,0 SENTINEL 1A,1 39634U 14016A   25055.83621538  .00000602  00000-0  13745-3 0  9991,2 39634  98.1823  65.2759 0001312  90.2843 269.8507 14.59200792580431
3.0,GENERATED VIA SPACE-TRACK.ORG API,2025-02-25 04:16:25+00:00,18 SPCS,SENTINEL 1A,2014-016A,EARTH,TEME,UTC,SGP4,2025-02-24 23:21:38.120832+00:00,14.59201540,0.00013080,98.1823,65.4111,90.2328,269.9021,0,U,39634,999,58042,0.00015805000000,0.00000699,0.0000000000000,7073.890,98.684,696.681,694.830,PAYLOAD,LARGE,ESA,2014-04-03,FRGUI,,4651315,281620055,0 SENTINEL 1A,1 39634U 14016A   25055.97335788  .00000699  00000-0  15805-3 0  9990,2 39634  98.1823  65.4111 0001308  90.2328 269.9021 14.59201540580421
3.0,GENERATED VIA SPACE-TRACK.ORG API,2025-02-25 06:26:25+00:00,18 SPCS,SENTINEL 1A,2014-016A,EARTH,TEME,UTC,SGP4,2025-02-25 04:17:51.802656+00:00,14.59201772,0.00013100,98.1824,65.6139,90.3641,269.7708,0,U,39634,999,58048,0.00015459000000,0.00000683,0.0000000000000,7073.890,98.684,696.681,694.828,PAYLOAD,LARGE,ESA,2014-04-03,FRGUI,,4651351,281635680,0 SENTINEL 1A,1 39634U 14016A   25056.17907179  .00000683  00000-0  15459-3 0  9990,2 39634  98.1824  65.6139 0001310  90.3641 269.7708 14.59201772580489
3.0,GENERATED VIA SPACE-TRACK.ORG API,2025-02-25 14:26:18+00:00,18 SPCS,SENTINEL 1A,2014-016A,EARTH,TEME,UTC,SGP4,2025-02-25 10:52:50.042208+00:00,14.59201892,0.00013150,98.1824,65.8842,90.4939,269.6411,0,U,39634,999,58052,0.00014405000000,0.00000633,0.0000000000000,7073.889,98.684,696.684,694.824,PAYLOAD,LARGE,ESA,2014-04-03,FRGUI,,4651705,281644168,0 SENTINEL 1A,1 39634U 14016A   25056.45335697  .00000633  00000-0  14405-3 0  9996,2 39634  98.1824  65.8842 0001315  90.4939 269.6411 14.59201892580526
3.0,GENERATED VIA SPACE-TRACK.ORG API,2025-02-25 17:55:50+00:00,18 SPCS,SENTINEL 1A,2014-016A,EARTH,TEME,UTC,SGP4,2025-02-25 14:10:19.166304+00:00,14.59202028,0.00013150,98.1824,66.0194,90.4692,269.6658,0,U,39634,999,58051,0.00014336000000,0.00000630,0.0000000000000,7073.889,98.684,696.684,694.824,PAYLOAD,LARGE,ESA,2014-04-03,FRGUI,,4652023,281666325,0 SENTINEL 1A,1 39634U 14016A   25056.59049961  .00000630  00000-0  14336-3 0  9997,2 39634  98.1824  66.0194 0001315  90.4692 269.6658 14.59202028580519
3.0,GENERATED VIA SPACE-TRACK.ORG API,2025-02-25 22:26:20+00:00,18 SPCS,SENTINEL 1A,2014-016A,EARTH,TEME,UTC,SGP4,2025-02-25 19:06:32.837760+00:00,14.59202304,0.00013170,98.1823,66.2221,90.6997,269.4353,0,U,39634,999,58057,0.00014452000000,0.00000636,0.0000000000000,7073.888,98.684,696.684,694.821,PAYLOAD,LARGE,ESA,2014-04-03,FRGUI,,4652118,281682637,0 SENTINEL 1A,1 39634U 14016A   25056.79621340  .00000636  00000-0  14452-3 0  9991,2 39634  98.1823  66.2221 0001317  90.6997 269.4353 14.59202304580576
3.0,GENERATED VIA SPACE-TRACK.ORG API,2025-02-26 03:22:39+00:00,18 SPCS,SENTINEL 1A,2014-016A,EARTH,TEME,UTC,SGP4,2025-02-25 22:24:01.949760+00:00,14.59202512,0.00013160,98.1824,66.3573,90.6308,269.5043,0,U,39634,999,58056,0.00014443000000,0.00000635,0.0000000000000,7073.887,98.684,696.683,694.821,PAYLOAD,LARGE,ESA,2014-04-03,FRGUI,,4652430,281705123,0 SENTINEL 1A,1 39634U 14016A   25056.93335590  .00000635  00000-0  14443-3 0  9995,2 39634  98.1824  66.3573 0001316  90.6308 269.5043 14.59202512580560
3.0,GENERATED VIA SPACE-TRACK.ORG API,2025-02-26 06:26:17+00:00,18 SPCS,SENTINEL 1A,2014-016A,EARTH,TEME,UTC,SGP4,2025-02-26 03:20:15.624672+00:00,14.59202649,0.00013200,98.1824,66.5600,90.6833,269.4518,0,U,39634,999,58062,0.00013860000000,0.00000608,0.0000000000000,7073.887,98.684,696.685,694.818,PAYLOAD,LARGE,ESA,2014-04-03,FRGUI,,4652464,281721190,0 SENTINEL 1A,1 39634U 14016A   25057.13906973  .00000608  00000-0  13860-3 0  9999,2 39634  98.1824  66.5600 0001320  90.6833 269.4518 14.59202649580625
3.0,GENERATED VIA SPACE-TRACK.ORG API,2025-02-26 14:26:20+00:00,18 SPCS,SENTINEL 1A,2014-016A,EARTH,TEME,UTC,SGP4,2025-02-26 11:33:58.585248+00:00,14.59197069,0.00013100,98.1826,66.8982,89.3978,270.7372,0,U,39634,999,58067,0.00014718000000,0.00000648,0.0000000000000,7073.905,98.684,696.696,694.843,PAYLOAD,LARGE,ESA,2014-04-03,FRGUI,,4652814,281728845,0 SENTINEL 1A,1 39634U 14016A   25057.48192807  .00000648  00000-0  14718-3 0  9997,2 39634  98.1826  66.8982 0001310  89.3978 270.7372 14.59197069580674
3.0,GENERATED VIA SPACE-TRACK.ORG API,2025-02-26 17:22:59+00:00,18 SPCS,SENTINEL 1A,2014-016A,EARTH,TEME,UTC,SGP4,2025-02-26 13:12:43.166304+00:00,14.59196925,0.00013100,98.1825,66.9657,89.5225,270.6125,0,U,39634,999,58065,0.00014364000000,0.00000631,0.0000000000000,7073.905,98.684,696.697,694.844,PAYLOAD,LARGE,ESA,2014-04-03,FRGUI,,4653097,281750269,0 SENTINEL 1A,1 39634U 14016A   25057.55049961  .00000631  00000-0  14364-3 0  9996,2 39634  98.1825  66.9657 0001310  89.5225 270.6125 14.59196925580653
3.0,GENERATED VIA SPACE-TRACK.ORG API,2025-02-26 22:16:17+00:00,18 SPCS,SENTINEL 1A,2014-016A,EARTH,TEME,UTC,SGP4,2025-02-26 18:08:56.900832+00:00,14.59197147,0.00013100,98.1824,67.1684,90.0858,270.0492,0,U,39634,999,58071,0.00014339000000,0.00000630,0.0000000000000,7073.905,98.684,696.696,694.843,PAYLOAD,LARGE,ESA,2014-04-03,FRGUI,,4653129,281766484,0 SENTINEL 1A,1 39634U 14016A   25057.75621413  .00000630  00000-0  14339-3 0  9997,2 39634  98.1824  67.1684 0001310  90.0858 270.0492 14.59197147580719
3.0,GENERATED VIA SPACE-TRACK.ORG API,2025-02-27 04:29:36+00:00,18 SPCS,SENTINEL 1A,2014-016A,EARTH,TEME,UTC,SGP4,2025-02-26 21:26:26.058624+00:00,14.59197293,0.00013170,98.1824,67.3035,90.1992,269.9358,0,U,39634,999,58070,0.00014621000000,0.00000643,0.0000000000000,7073.904,98.684,696.701,694.837,PAYLOAD,LARGE,ESA,2014-04-03,FRGUI,,4653417,281787146,0 SENTINEL 1A,1 39634U 14016A   25057.89335716  .00000643  00000-0  14621-3 0  9998,2 39634  98.1824  67.3035 0001317  90.1992 269.9358 14.59197293580707
3.0,GENERATED VIA SPACE-TRACK.ORG API,2025-02-27 06:26:16+00:00,18 SPCS,SENTINEL 1A,2014-016A,EARTH,TEME,UTC,SGP4,2025-02-27 02:22:39.792288+00:00,14.59197502,0.00013210,98.1824,67.5063,90.1037,270.0314,0,U,39634,999,58076,0.00014581000000,0.00000642,0.0000000000000,7073.903,98.684,696.703,694.834,PAYLOAD,LARGE,ESA,2014-04-03,FRGUI,,4653475,281803317,0 SENTINEL 1A,1 39634U 14016A   25058.09907167  .00000642  00000-0  14581-3 0  9990,2 39634  98.1824  67.5063 0001321  90.1037 270.0314 14.59197502580769
3.0,GENERATED VIA SPACE-TRACK.ORG API,2025-02-27 15:06:17+00:00,18 SPCS,SENTINEL 1A,2014-016A,EARTH,TEME,UTC,SGP4,2025-02-27 10:36:22.675968+00:00,14.59198002,0.00013290,98.1825,67.8442,90.1537,269.9815,0,U,39634,999,58081,0.00014887000000,0.00000656,0.0000000000000,7073.902,98.684,696.707,694.827,PAYLOAD,LARGE,ESA,2014-04-03,FRGUI,,4653770,281811552,0 SENTINEL 1A,1 39634U 14016A   25058.44192912  .00000656  00000-0  14887-3 0  9997,2 39634  98.1825  67.8442 0001329  90.1537 269.9815 14.59198002580812
3.0,GENERATED VIA SPACE-TRACK.ORG API,2025-02-27 18:39:54+00:00,18 SPCS,SENTINEL 1A,2014-016A,EARTH,TEME,UTC,SGP4,2025-02-27 10:36:22.675968+00:00,14.59198002,0.00013290,98.1825,67.8442,90.1537,269.9815,0,U,39634,999,58078,0.00014887000000,0.00000656,0.0000000000000,7073.902,98.684,696.707,694.827,PAYLOAD,LARGE,ESA,2014-04-03,FRGUI,,4654188,281835451,0 SENTINEL 1A,1 39634U 14016A   25058.44192912  .00000656  00000-0  14887-3 0  9997,2 39634  98.1825  67.8442 0001329  90.1537 269.9815 14.59198002580788
3.0,GENERATED VIA SPACE-TRACK.ORG API,2025-02-27 22:16:16+00:00,18 SPCS,SENTINEL 1A,2014-016A,EARTH,TEME,UTC,SGP4,2025-02-27 20:28:50.102688+00:00,14.59198467,0.00013290,98.1825,68.2497,90.1426,269.9926,0,U,39634,999,58087,0.00014255000000,0.00000626,0.0000000000000,7073.900,98.684,696.705,694.825,PAYLOAD,LARGE,ESA,2014-04-03,FRGUI,,4654226,281851599,0 SENTINEL 1A,1 39634U 14016A   25058.85335767  .00000626  00000-0  14255-3 0  9995,2 39634  98.1825  68.2497 0001329  90.1426 269.9926 14.59198467580878
3.0,GENERATED VIA SPACE-TRACK.ORG API,2025-02-28 03:00:46+00:00,18 SPCS,SENTINEL 1A,2014-016A,EARTH,TEME,UTC,SGP4,2025-02-27 20:28:50.102688+00:00,14.59198467,0.00013290,98.1825,68.2497,90.1426,269.9926,0,U,39634,999,58084,0.00014255000000,0.00000626,0.0000000000000,7073.900,98.684,696.705,694.825,PAYLOAD,LARGE,ESA,2014-04-03,FRGUI,,4654471,281871123,0 SENTINEL 1A,1 39634U 14016A   25058.85335767  .00000626  00000-0  14255-3 0  9995,2 39634  98.1825  68.2497 0001329  90.1426 269.9926 14.59198467580845
3.0,GENERATED VIA SPACE-TRACK.ORG API,2025-02-28 06:26:16+00:00,18 SPCS,SENTINEL 1A,2014-016A,EARTH,TEME,UTC,SGP4,2025-02-28 03:03:48.375936+00:00,14.59199198,0.00013310,98.1825,68.5201,90.1302,270.0050,0,U,39634,999,58091,0.00015719000000,0.00000695,0.0000000000000,7073.898,98.684,696.704,694.821,PAYLOAD,LARGE,ESA,2014-04-03,FRGUI,,4654492,281887222,0 SENTINEL 1A,1 39634U 14016A   25059.12764324  .00000695  00000-0  15719-3 0  9993,2 39634  98.1825  68.5201 0001331  90.1302 270.0050 14.59199198580918
3.0,GENERATED VIA SPACE-TRACK.ORG API,2025-02-28 14:26:34+00:00,18 SPCS,SENTINEL 1A,2014-016A,EARTH,TEME,UTC,SGP4,2025-02-28 11:17:31.229376+00:00,14.59199520,0.00013350,98.1825,68.8580,90.2205,269.9148,0,U,39634,999,58096,0.00015040000000,0.00000663,0.0000000000000,7073.897,98.684,696.706,694.817,PAYLOAD,LARGE,ESA,2014-04-03,FRGUI,,4654863,281895257,0 SENTINEL 1A,1 39634U 14016A   25059.47050034  .00000663  00000-0  15040-3 0  9999,2 39634  98.1825  68.8580 0001335  90.2205 269.9148 14.59199520580967
3.0,GENERATED VIA SPACE-TRACK.ORG API,2025-02-28 19:05:01+00:00,18 SPCS,SENTINEL 1A,2014-016A,EARTH,TEME,UTC,SGP4,2025-02-28 12:56:15.805248+00:00,14.59199335,0.00013350,98.1825,68.9256,90.2202,269.9150,0,U,39634,999,58094,0.00014006000000,0.00000615,0.0000000000000,7073.897,98.684,696.707,694.818,PAYLOAD,LARGE,ESA,2014-04-03,FRGUI,,4655208,281918852,0 SENTINEL 1A,1 39634U 14016A   25059.53907182  .00000615  00000-0  14006-3 0  9999,2 39634  98.1825  68.9256 0001335  90.2202 269.9150 14.59199335580940
3.0,GENERATED VIA SPACE-TRACK.ORG API,2025-02-28 22:16:16+00:00,18 SPCS,SENTINEL 1A,2014-016A,EARTH,TEME,UTC,SGP4,2025-02-28 19:31:14.072448+00:00,14.59199677,0.00013350,98.1825,69.1959,90.2050,269.9303,0,U,39634,999,58101,0.00013813000000,0.00000605,0.0000000000000,7073.896,98.684,696.706,694.817,PAYLOAD,LARGE,ESA,2014-04-03,FRGUI,,4655227,281934451,0 SENTINEL 1A,1 39634U 14016A   25059.81335732  .00000605  00000-0  13813-3 0  9990,2 39634  98.1825  69.1959 0001335  90.2050 269.9303 14.59199677581012
3.0,GENERATED VIA SPACE-TRACK.ORG API,2025-03-01 04:47:04+00:00,18 SPCS,SENTINEL 1A,2014-016A,EARTH,TEME,UTC,SGP4,2025-02-28 22:48:43.198272+00:00,14.59200214,0.00013320,98.1825,69.3311,90.1496,269.9856,0,U,39634,999,58100,0.00015061000000,0.00000664,0.0000000000000,7073.895,98.684,696.702,694.817,PAYLOAD,LARGE,ESA,2014-04-03,FRGUI,,4655475,281954037,0 SENTINEL 1A,1 39634U 14016A   25059.95049998  .00000664  00000-0  15061-3 0  9993,2 39634  98.1825  69.3311 0001332  90.1496 269.9856 14.59200214581008
3.0,GENERATED VIA SPACE-TRACK.ORG API,2025-03-01 06:26:18+00:00,18 SPCS,SENTINEL 1A,2014-016A,EARTH,TEME,UTC,SGP4,2025-03-01 02:06:12.330144+00:00,14.59200337,0.00013350,98.1826,69.4663,90.2246,269.9107,0,U,39634,999,58105,0.00014631000000,0.00000644,0.0000000000000,7073.894,98.684,696.704,694.815,PAYLOAD,LARGE,ESA,2014-04-03,FRGUI,,4655522,281970237,0 SENTINEL 1A,1 39634U 14016A   25060.08764271  .00000644  00000-0  14631-3 0  9997,2 39634  98.1826  69.4663 0001335  90.2246 269.9107 14.59200337581057
3.0,GENERATED VIA SPACE-TRACK.ORG API,2025-03-01 14:16:16+00:00,18 SPCS,SENTINEL 1A,2014-016A,EARTH,TEME,UTC,SGP4,2025-03-01 11:58:39.870912+00:00,14.59196218,0.00013410,98.1827,69.8718,90.3122,269.8231,0,U,39634,999,58111,0.00012827000000,0.00000559,0.0000000000000,7073.908,98.684,696.721,694.824,PAYLOAD,LARGE,ESA,2014-04-03,FRGUI,,4655857,281979063,0 SENTINEL 1A,1 39634U 14016A   25060.49907258  .00000559  00000-0  12827-3 0  9996,2 39634  98.1827  69.8718 0001341  90.3122 269.8231 14.59196218581110
3.0,GENERATED VIA SPACE-TRACK.ORG API,2025-03-01 17:52:32+00:00,18 SPCS,SENTINEL 1A,2014-016A,EARTH,TEME,UTC,SGP4,2025-03-01 13:37:24.446784+00:00,14.59196275,0.00013390,98.1827,69.9394,89.8037,270.3316,0,U,39634,999,58109,0.00012694000000,0.00000553,0.0000000000000,7073.907,98.684,696.720,694.825,PAYLOAD,LARGE,ESA,2014-04-03,FRGUI,,4656182,282001397,0 SENTINEL 1A,1 39634U 14016A   25060.56764406  .00000553  00000-0  12694-3 0  9996,2 39634  98.1827  69.9394 0001339  89.8037 270.3316 14.59196275581097
3.0,GENERATED VIA SPACE-TRACK.ORG API,2025-03-01 22:26:31+00:00,18 SPCS,SENTINEL 1A,2014-016A,EARTH,TEME,UTC,SGP4,2025-03-01 18:33:38.173536+00:00,14.59196876,0.00013280,98.1826,70.1421,89.6776,270.4576,0,U,39634,999,58115,0.00012535000000,0.00000545,0.0000000000000,7073.905,98.684,696.710,694.831,PAYLOAD,LARGE,ESA,2014-04-03,FRGUI,,4656250,282018343,0 SENTINEL 1A,1 39634U 14016A   25060.77335849  .00000545  00000-0  12535-3 0  9999,2 39634  98.1826  70.1421 0001328  89.6776 270.4576 14.59196876581150
3.0,GENERATED VIA SPACE-TRACK.ORG API,2025-03-02 06:26:17+00:00,18 SPCS,SENTINEL 1A,2014-016A,EARTH,TEME,UTC,SGP4,2025-03-02 02:47:21.059808+00:00,14.59197263,0.00013220,98.1826,70.4801,89.9352,270.1999,0,U,39634,999,58120,0.00012100000000,0.00000525,0.0000000000000,7073.904,98.684,696.704,694.834,PAYLOAD,LARGE,ESA,2014-04-03,FRGUI,,4656538,282025103,0 SENTINEL 1A,1 39634U 14016A   25061.11621597  .00000525  00000-0  12100-3 0  9992,2 39634  98.1826  70.4801 0001322  89.9352 270.1999 14.59197263581205
3.0,GENERATED VIA SPACE-TRACK.ORG API,2025-03-02 09:28:08+00:00,18 SPCS,SENTINEL 1A,2014-016A,EARTH,TEME,UTC,SGP4,2025-03-01 18:33:38.173536+00:00,14.59196876,0.00013280,98.1826,70.1421,89.6776,270.4576,0,U,39634,999,58112,0.00012535000000,0.00000545,0.0000000000000,7073.905,98.684,696.710,694.831,PAYLOAD,LARGE,ESA,2014-04-03,FRGUI,,4656805,282046319,0 SENTINEL 1A,1 39634U 14016A   25060.77335849  .00000545  00000-0  12535-3 0  9999,2 39634  98.1826  70.1421 0001328  89.6776 270.4576 14.59196876581127
3.0,GENERATED VIA SPACE-TRACK.ORG API,2025-03-02 14:26:17+00:00,18 SPCS,SENTINEL 1A,2014-016A,EARTH,TEME,UTC,SGP4,2025-03-02 11:01:03.942624+00:00,14.59197518,0.00013300,98.1827,70.8181,90.2517,269.8835,0,U,39634,999,58125,0.00011446000000,0.00000494,0.0000000000000,7073.903,98.684,696.709,694.827,PAYLOAD,LARGE,ESA,2014-04-03,FRGUI,,4656868,282062850,0 SENTINEL 1A,1 39634U 14016A   25061.45907341  .00000494  00000-0  11446-3 0  9990,2 39634  98.1827  70.8181 0001330  90.2517 269.8835 14.59197518581250
3.0,GENERATED VIA SPACE-TRACK.ORG API,2025-03-02 18:08:23+00:00,18 SPCS,SENTINEL 1A,2014-016A,EARTH,TEME,UTC,SGP4,2025-03-02 14:18:33.096960+00:00,14.59197565,0.00013300,98.1827,70.9532,90.2732,269.8620,0,U,39634,999,58124,0.00011032000000,0.00000474,0.0000000000000,7073.903,98.684,696.709,694.827,PAYLOAD,LARGE,ESA,2014-04-03,FRGUI,,4657142,282084396,0 SENTINEL 1A,1 39634U 14016A   25061.59621640  .00000474  00000-0  11032-3 0  9999,2 39634  98.1827  70.9532 0001330  90.2732 269.8620 14.59197565581243
3.0,GENERATED VIA SPACE-TRACK.ORG API,2025-03-02 22:26:17+00:00,18 SPCS,SENTINEL 1A,2014-016A,EARTH,TEME,UTC,SGP4,2025-03-02 20:53:31.393536+00:00,14.59197845,0.00013280,98.1826,71.2236,90.2751,269.8601,0,U,39634,999,58131,0.00010794000000,0.00000463,0.0000000000000,7073.902,98.684,696.707,694.828,PAYLOAD,LARGE,ESA,2014-04-03,FRGUI,,4657222,282101029,0 SENTINEL 1A,1 39634U 14016A   25061.87050224  .00000463  00000-0  10794-3 0  9996,2 39634  98.1826  71.2236 0001328  90.2751 269.8601 14.59197845581313
3.0,GENERATED VIA SPACE-TRACK.ORG API,2025-03-03 06:26:16+00:00,18 SPCS,SENTINEL 1A,2014-016A,EARTH,TEME,UTC,SGP4,2025-03-03 03:28:29.686656+00:00,14.59197973,0.00013250,98.1827,71.4939,90.2970,269.8381,0,U,39634,999,58135,0.00009154700000,0.00000386,0.0000000000000,7073.902,98.684,696.704,694.830,PAYLOAD,LARGE,ESA,2014-04-03,FRGUI,,4657500,282108124,0 SENTINEL 1A,1 39634U 14016A   25062.14478804  .00000386  00000-0  91547-4 0  9995,2 39634  98.1827  71.4939 0001325  90.2970 269.8381 14.59197973581357
3.0,GENERATED VIA SPACE-TRACK.ORG API,2025-03-03 09:08:08+00:00,18 SPCS,SENTINEL 1A,2014-016A,EARTH,TEME,UTC,SGP4,2025-03-02 22:32:15.967680+00:00,14.59197766,0.00013260,98.1826,71.2912,90.3649,269.7702,0,U,39634,999,58129,0.00009349100000,0.00000395,0.0000000000000,7073.903,98.684,696.706,694.830,PAYLOAD,LARGE,ESA,2014-04-03,FRGUI,,4657767,282129670,0 SENTINEL 1A,1 39634U 14016A   25061.93907370  .00000395  00000-0  93491-4 0  9996,2 39634  98.1826  71.2912 0001326  90.3649 269.7702 14.59197766581299
3.0,GENERATED VIA SPACE-TRACK.ORG API,2025-03-03 14:26:28+00:00,18 SPCS,SENTINEL 1A,2014-016A,EARTH,TEME,UTC,SGP4,2025-03-03 11:42:12.548736+00:00,14.59198573,0.00013260,98.1827,71.8319,90.2667,269.8685,0,U,39634,999,58140,0.00010012000000,0.00000426,0.0000000000000,7073.900,98.684,696.703,694.827,PAYLOAD,LARGE,ESA,2014-04-03,FRGUI,,4657825,282145507,0 SENTINEL 1A,1 39634U 14016A   25062.48764524  .00000426  00000-0  10012-3 0  9991,2 39634  98.1827  71.8319 0001326  90.2667 269.8685 14.59198573581407
3.0,GENERATED VIA SPACE-TRACK.ORG API,2025-03-03 17:23:59+00:00,18 SPCS,SENTINEL 1A,2014-016A,EARTH,TEME,UTC,SGP4,2025-03-03 13:20:57.122016+00:00,14.59198596,0.00013260,98.1827,71.8995,90.2086,269.9265,0,U,39634,999,58138,0.00009839900000,0.00000418,0.0000000000000,7073.900,98.684,696.703,694.827,PAYLOAD,LARGE,ESA,2014-04-03,FRGUI,,4658111,282167635,0 SENTINEL 1A,1 39634U 14016A   25062.55621669  .00000418  00000-0  98399-4 0  9997,2 39634  98.1827  71.8995 0001326  90.2086 269.9265 14.59198596581389
3.0,GENERATED VIA SPACE-TRACK.ORG API,2025-03-03 22:26:17+00:00,18 SPCS,SENTINEL 1A,2014-016A,EARTH,TEME,UTC,SGP4,2025-03-03 18:17:10.831488+00:00,14.59198795,0.00013250,98.1827,72.1022,90.3218,269.8133,0,U,39634,999,58144,0.00009739500000,0.00000413,0.0000000000000,7073.899,98.684,696.701,694.827,PAYLOAD,LARGE,ESA,2014-04-03,FRGUI,,4658185,282183880,0 SENTINEL 1A,1 39634U 14016A   25062.76193092  .00000413  00000-0  97395-4 0  9994,2 39634  98.1827  72.1022 0001325  90.3218 269.8133 14.59198795581442
3.0,GENERATED VIA SPACE-TRACK.ORG API,2025-03-04 02:27:07+00:00,18 SPCS,SENTINEL 1A,2014-016A,EARTH,TEME,UTC,SGP4,2025-03-03 21:34:39.969408+00:00,14.59198694,0.00013220,98.1827,72.2374,90.2683,269.8668,0,U,39634,999,58143,0.00008687200000,0.00000364,0.0000000000000,7073.900,98.684,696.700,694.829,PAYLOAD,LARGE,ESA,2014-04-03,FRGUI,,4658456,282205195,0 SENTINEL 1A,1 39634U 14016A   25062.89907372  .00000364  00000-0  86872-4 0  9995,2 39634  98.1827  72.2374 0001322  90.2683 269.8668 14.59198694581435
3.0,GENERATED VIA SPACE-TRACK.ORG API,2025-03-04 06:26:34+00:00,18 SPCS,SENTINEL 1A,2014-016A,EARTH,TEME,UTC,SGP4,2025-03-04 02:30:53.672832+00:00,14.59199038,0.00013220,98.1827,72.4402,90.1759,269.9592,0,U,39634,999,58149,0.00009814200000,0.00000417,0.0000000000000,7073.898,98.684,696.699,694.828,PAYLOAD,LARGE,ESA,2014-04-03,FRGUI,,4658488,282220881,0 SENTINEL 1A,1 39634U 14016A   25063.10478788  .00000417  00000-0  98142-4 0  9996,2 39634  98.1827  72.4402 0001322  90.1759 269.9592 14.59199038581498
3.0,GENERATED VIA SPACE-TRACK.ORG API,2025-03-04 14:26:18+00:00,18 SPCS,SENTINEL 1A,2014-016A,EARTH,TEME,UTC,SGP4,2025-03-04 10:44:36.516768+00:00,14.59199712,0.00013240,98.1827,72.7781,90.2626,269.8725,0,U,39634,999,58154,0.00010859000000,0.00000466,0.0000000000000,7073.896,98.684,696.698,694.825,PAYLOAD,LARGE,ESA,2014-04-03,FRGUI,,4658838,282228577,0 SENTINEL 1A,1 39634U 14016A   25063.44764487  .00000466  00000-0  10859-3 0  9999,2 39634  98.1827  72.7781 0001324  90.2626 269.8725 14.59199712581549
3.0,GENERATED VIA SPACE-TRACK.ORG API,2025-03-04 17:39:45+00:00,18 SPCS,SENTINEL 1A,2014-016A,EARTH,TEME,UTC,SGP4,2025-03-04 10:44:36.516768+00:00,14.59199712,0.00013240,98.1827,72.7781,90.2626,269.8725,0,U,39634,999,58151,0.00010859000000,0.00000466,0.0000000000000,7073.896,98.684,696.698,694.825,PAYLOAD,LARGE,ESA,2014-04-03,FRGUI,,4659130,282250621,0 SENTINEL 1A,1 39634U 14016A   25063.44764487  .00000466  00000-0  10859-3 0  9999,2 39634  98.1827  72.7781 0001324  90.2626 269.8725 14.59199712581516
3.0,GENERATED VIA SPACE-TRACK.ORG API,2025-03-04 22:26:17+00:00,18 SPCS,SENTINEL 1A,2014-016A,EARTH,TEME,UTC,SGP4,2025-03-04 18:58:19.346880+00:00,14.59199955,0.00013220,98.1827,73.1160,90.3276,269.8075,0,U,39634,999,58159,0.00010554000000,0.00000452,0.0000000000000,7073.895,98.684,696.696,694.825,PAYLOAD,LARGE,ESA,2014-04-03,FRGUI,,4659198,282267100,0 SENTINEL 1A,1 39634U 14016A   25063.79050170  .00000452  00000-0  10554-3 0  9991,2 39634  98.1827  73.1160 0001322  90.3276 269.8075 14.59199955581597
3.0,GENERATED VIA SPACE-TRACK.ORG API,2025-03-05 03:07:25+00:00,18 SPCS,SENTINEL 1A,2014-016A,EARTH,TEME,UTC,SGP4,2025-03-04 22:15:48.479616+00:00,14.59199888,0.00013210,98.1827,73.2512,90.3744,269.7607,0,U,39634,999,58158,0.00009549000000,0.00000404,0.0000000000000,7073.896,98.684,696.695,694.826,PAYLOAD,LARGE,ESA,2014-04-03,FRGUI,,4659450,282288264,0 SENTINEL 1A,1 39634U 14016A   25063.92764444  .00000404  00000-0  95490-4 0  9992,2 39634  98.1827  73.2512 0001321  90.3744 269.7607 14.59199888581582
3.0,GENERATED VIA SPACE-TRACK.ORG API,2025-03-05 06:26:20+00:00,18 SPCS,SENTINEL 1A,2014-016A,EARTH,TEME,UTC,SGP4,2025-03-05 03:12:02.181312+00:00,14.59199997,0.00013240,98.1827,73.4540,90.4229,269.7122,0,U,39634,999,58164,0.00009043200000,0.00000381,0.0000000000000,7073.895,98.684,696.697,694.824,PAYLOAD,LARGE,ESA,2014-04-03,FRGUI,,4659480,282304401,0 SENTINEL 1A,1 39634U 14016A   25064.13335858  .00000381  00000-0  90432-4 0  9994,2 39634  98.1827  73.4540 0001324  90.4229 269.7122 14.59199997581647
3.0,GENERATED VIA SPACE-TRACK.ORG API,2025-03-05 14:26:18+00:00,18 SPCS,SENTINEL 1A,2014-016A,EARTH,TEME,UTC,SGP4,2025-03-05 11:25:45.094368+00:00,14.59196652,0.00013320,98.1827,73.7917,90.5276,269.6077,0,U,39634,999,58169,0.00008843700000,0.00000371,0.0000000000000,7073.906,98.684,696.713,694.829,PAYLOAD,LARGE,ESA,2014-04-03,FRGUI,,4659817,282311304,0 SENTINEL 1A,1 39634U 14016A   25064.47621637  .00000371  00000-0  88437-4 0  9995,2 39634  98.1827  73.7917 0001332  90.5276 269.6077 14.59196652581698
3.0,GENERATED VIA SPACE-TRACK.ORG API,2025-03-05 18:48:33+00:00,18 SPCS,SENTINEL 1A,2014-016A,EARTH,TEME,UTC,SGP4,2025-03-05 13:04:29.678880+00:00,14.59196585,0.00013310,98.1827,73.8593,90.5103,269.6249,0,U,39634,999,58167,0.00008292900000,0.00000345,0.0000000000000,7073.906,98.684,696.713,694.830,PAYLOAD,LARGE,ESA,2014-04-03,FRGUI,,4660136,282333720,0 SENTINEL 1A,1 39634U 14016A   25064.54478795  .00000345  00000-0  82929-4 0  9999,2 39634  98.1827  73.8593 0001331  90.5103 269.6249 14.59196585581671
3.0,GENERATED VIA SPACE-TRACK.ORG API,2025-03-05 22:26:18+00:00,18 SPCS,SENTINEL 1A,2014-016A,EARTH,TEME,UTC,SGP4,2025-03-05 18:00:43.409088+00:00,14.59196959,0.00013200,98.1826,74.0621,90.5394,269.5957,0,U,39634,999,58173,0.00008248900000,0.00000343,0.0000000000000,7073.905,98.684,696.704,694.836,PAYLOAD,LARGE,ESA,2014-04-03,FRGUI,,4660190,282350026,0 SENTINEL 1A,1 39634U 14016A   25064.75050242  .00000343  00000-0  82489-4 0  9994,2 39634  98.1826  74.0621 0001320  90.5394 269.5957 14.59196959581732
3.0,GENERATED VIA SPACE-TRACK.ORG API,2025-03-06 02:35:01+00:00,18 SPCS,SENTINEL 1A,2014-016A,EARTH,TEME,UTC,SGP4,2025-03-05 21:18:12.568608+00:00,14.59196990,0.00013230,98.1827,74.1973,90.6840,269.4511,0,U,39634,999,58172,0.00007970900000,0.00000330,0.0000000000000,7073.905,98.684,696.706,694.834,PAYLOAD,LARGE,ESA,2014-04-03,FRGUI,,4660438,282370766,0 SENTINEL 1A,1 39634U 14016A   25064.88764547  .00000330  00000-0  79709-4 0  9995,2 39634  98.1827  74.1973 0001323  90.6840 269.4511 14.59196990581723
3.0,GENERATED VIA SPACE-TRACK.ORG API,2025-03-06 06:26:18+00:00,18 SPCS,SENTINEL 1A,2014-016A,EARTH,TEME,UTC,SGP4,2025-03-06 03:53:10.880736+00:00,14.59197202,0.00013260,98.1827,74.4677,90.5365,269.5986,0,U,39634,999,58179,0.00007887000000,0.00000326,0.0000000000000,7073.904,98.684,696.707,694.831,PAYLOAD,LARGE,ESA,2014-04-03,FRGUI,,4660459,282386406,0 SENTINEL 1A,1 39634U 14016A   25065.16193149  .00000326  00000-0  78870-4 0  9994,2 39634  98.1827  74.4677 0001326  90.5365 269.5986 14.59197202581792
3.0,GENERATED VIA SPACE-TRACK.ORG API,2025-03-06 14:26:18+00:00,18 SPCS,SENTINEL 1A,2014-016A,EARTH,TEME,UTC,SGP4,2025-03-06 12:06:53.768736+00:00,14.59197468,0.00013340,98.1827,74.8057,90.4273,269.7080,0,U,39634,999,58184,0.00007694100000,0.00000317,0.0000000000000,7073.903,98.684,696.712,694.825,PAYLOAD,LARGE,ESA,2014-04-03,FRGUI,,4660831,282394485,0 SENTINEL 1A,1 39634U 14016A   25065.50478899  .00000317  00000-0  76941-4 0  9997,2 39634  98.1827  74.8057 0001334  90.4273 269.7080 14.59197468581841
3.0,GENERATED VIA SPACE-TRACK.ORG API,2025-03-06 18:35:59+00:00,18 SPCS,SENTINEL 1A,2014-016A,EARTH,TEME,UTC,SGP4,2025-03-06 13:45:38.343744+00:00,14.59197554,0.00013330,98.1827,74.8733,90.3048,269.8304,0,U,39634,999,58182,0.00007827800000,0.00000323,0.0000000000000,7073.903,98.684,696.711,694.825,PAYLOAD,LARGE,ESA,2014-04-03,FRGUI,,4661120,282416816,0 SENTINEL 1A,1 39634U 14016A   25065.57336046  .00000323  00000-0  78278-4 0  9993,2 39634  98.1827  74.8733 0001333  90.3048 269.8304 14.59197554581824
3.0,GENERATED VIA SPACE-TRACK.ORG API,2025-03-06 23:06:17+00:00,18 SPCS,SENTINEL 1A,2014-016A,EARTH,TEME,UTC,SGP4,2025-03-06 17:03:07.492896+00:00,14.59197784,0.00013320,98.1826,75.0085,90.0322,270.1030,0,U,39634,999,58187,0.00010211000000,0.00000436,0.0000000000000,7073.902,98.684,696.710,694.825,PAYLOAD,LARGE,ESA,2014-04-03,FRGUI,,4661178,282433080,0 SENTINEL 1A,1 39634U 14016A   25065.71050339  .00000436  00000-0  10211-3 0  9994,2 39634  98.1826  75.0085 0001332  90.0322 270.1030 14.59197784581878
3.0,GENERATED VIA SPACE-TRACK.ORG API,2025-03-07 02:42:48+00:00,18 SPCS,SENTINEL 1A,2014-016A,EARTH,TEME,UTC,SGP4,2025-03-06 17:03:07.492896+00:00,14.59197784,0.00013320,98.1826,75.0085,90.0322,270.1030,0,U,39634,999,58184,0.00010211000000,0.00000436,0.0000000000000,7073.902,98.684,696.710,694.825,PAYLOAD,LARGE,ESA,2014-04-03,FRGUI,,4661439,282453876,0 SENTINEL 1A,1 39634U 14016A   25065.71050339  .00000436  00000-0  10211-3 0  9994,2 39634  98.1826  75.0085 0001332  90.0322 270.1030 14.59197784581845
3.0,GENERATED VIA SPACE-TRACK.ORG API,2025-03-07 06:26:18+00:00,18 SPCS,SENTINEL 1A,2014-016A,EARTH,TEME,UTC,SGP4,2025-03-07 02:55:34.943808+00:00,14.59197998,0.00013310,98.1827,75.4140,90.3707,269.7645,0,U,39634,999,58193,0.00009830300000,0.00000418,0.0000000000000,7073.902,98.684,696.708,694.825,PAYLOAD,LARGE,ESA,2014-04-03,FRGUI,,4661478,282469577,0 SENTINEL 1A,1 39634U 14016A   25066.12193222  .00000418  00000-0  98303-4 0  9998,2 39634  98.1827  75.4140 0001331  90.3707 269.7645 14.59197998581934
3.0,GENERATED VIA SPACE-TRACK.ORG API,2025-03-07 14:26:17+00:00,18 SPCS,SENTINEL 1A,2014-016A,EARTH,TEME,UTC,SGP4,2025-03-07 11:09:17.810208+00:00,14.59198694,0.00013350,98.1827,75.7520,90.4248,269.7105,0,U,39634,999,58198,0.00011285000000,0.00000486,0.0000000000000,7073.900,98.684,696.709,694.820,PAYLOAD,LARGE,ESA,2014-04-03,FRGUI,,4661658,282473830,0 SENTINEL 1A,1 39634U 14016A   25066.46478947  .00000486  00000-0  11285-3 0  9993,2 39634  98.1827  75.7520 0001335  90.4248 269.7105 14.59198694581984
3.0,GENERATED VIA SPACE-TRACK.ORG API,2025-03-07 19:28:06+00:00,18 SPCS,SENTINEL 1A,2014-016A,EARTH,TEME,UTC,SGP4,2025-03-07 11:09:17.810208+00:00,14.59198694,0.00013350,98.1827,75.7520,90.4248,269.7105,0,U,39634,999,58195,0.00011285000000,0.00000486,0.0000000000000,7073.900,98.684,696.709,694.820,PAYLOAD,LARGE,ESA,2014-04-03,FRGUI,,4661980,282496076,0 SENTINEL 1A,1 39634U 14016A   25066.46478947  .00000486  00000-0  11285-3 0  9993,2 39634  98.1827  75.7520 0001335  90.4248 269.7105 14.59198694581951
3.0,GENERATED VIA SPACE-TRACK.ORG API,2025-03-07 22:26:32+00:00,18 SPCS,SENTINEL 1A,2014-016A,EARTH,TEME,UTC,SGP4,2025-03-07 19:23:00.666240+00:00,14.59198921,0.00013330,98.1826,76.0899,90.2462,269.8890,0,U,39634,999,58203,0.00010168000000,0.00000434,0.0000000000000,7073.899,98.684,696.707,694.821,PAYLOAD,LARGE,ESA,2014-04-03,FRGUI,,4662046,282512448,0 SENTINEL 1A,1 39634U 14016A   25066.80764660  .00000434  00000-0  10168-3 0  9993,2 39634  98.1826  76.0899 0001333  90.2462 269.8890 14.59198921582032
3.0,GENERATED VIA SPACE-TRACK.ORG API,2025-03-08 04:59:39+00:00,18 SPCS,SENTINEL 1A,2014-016A,EARTH,TEME,UTC,SGP4,2025-03-07 22:40:29.805024+00:00,14.59198952,0.00013310,98.1826,76.2251,90.2205,269.9147,0,U,39634,999,58202,0.00009652200000,0.00000409,0.0000000000000,7073.899,98.684,696.705,694.822,PAYLOAD,LARGE,ESA,2014-04-03,FRGUI,,4662408,282535692,0 SENTINEL 1A,1 39634U 14016A   25066.94478941  .00000409  00000-0  96522-4 0  9993,2 39634  98.1826  76.2251 0001331  90.2205 269.9147 14.59198952582028
3.0,GENERATED VIA SPACE-TRACK.ORG API,2025-03-08 06:26:17+00:00,18 SPCS,SENTINEL 1A,2014-016A,EARTH,TEME,UTC,SGP4,2025-03-08 03:36:43.517952+00:00,14.59199123,0.00013340,98.1826,76.4279,90.3638,269.7715,0,U,39634,999,58208,0.00009644200000,0.00000409,0.0000000000000,7073.898,98.684,696.707,694.819,PAYLOAD,LARGE,ESA,2014-04-03,FRGUI,,4662435,282552340,0 SENTINEL 1A,1 39634U 14016A   25067.15050368  .00000409  00000-0  96442-4 0  9997,2 39634  98.1826  76.4279 0001334  90.3638 269.7715 14.59199123582080
3.0,GENERATED VIA SPACE-TRACK.ORG API,2025-03-08 14:26:18+00:00,18 SPCS,SENTINEL 1A,2014-016A,EARTH,TEME,UTC,SGP4,2025-03-08 11:50:26.405088+00:00,14.59198948,0.00013380,98.1826,76.7658,90.2412,269.8941,0,U,39634,999,58213,0.00007202800000,0.00000294,0.0000000000000,7073.899,98.684,696.710,694.817,PAYLOAD,LARGE,ESA,2014-04-03,FRGUI,,4662728,282558458,0 SENTINEL 1A,1 39634U 14016A   25067.49336117  .00000294  00000-0  72028-4 0  9999,2 39634  98.1826  76.7658 0001338  90.2412 269.8941 14.59198948582139
3.0,GENERATED VIA SPACE-TRACK.ORG API,2025-03-08 19:50:46+00:00,18 SPCS,SENTINEL 1A,2014-016A,EARTH,TEME,UTC,SGP4,2025-03-08 05:15:28.105920+00:00,14.59199107,0.00013360,98.1827,76.4954,90.4498,269.6855,0,U,39634,999,58206,0.00009247900000,0.00000390,0.0000000000000,7073.898,98.684,696.708,694.818,PAYLOAD,LARGE,ESA,2014-04-03,FRGUI,,4662992,282580050,0 SENTINEL 1A,1 39634U 14016A   25067.21907530  .00000390  00000-0  92479-4 0  9991,2 39634  98.1827  76.4954 0001336  90.4498 269.6855 14.59199107582062
3.0,GENERATED VIA SPACE-TRACK.ORG API,2025-03-08 22:16:17+00:00,18 SPCS,SENTINEL 1A,2014-016A,EARTH,TEME,UTC,SGP4,2025-03-08 18:25:24.697344+00:00,14.59198799,0.00013350,98.1826,77.0362,90.1005,270.0347,0,U,39634,999,58217,0.00005350700000,0.00000206,0.0000000000000,7073.899,98.684,696.709,694.820,PAYLOAD,LARGE,ESA,2014-04-03,FRGUI,,4663014,282596441,0 SENTINEL 1A,1 39634U 14016A   25067.76764696  .00000206  00000-0  53507-4 0  9990,2 39634  98.1826  77.0362 0001335  90.1005 270.0347 14.59198799582171
3.0,GENERATED VIA SPACE-TRACK.ORG API,2025-03-09 04:03:08+00:00,18 SPCS,SENTINEL 1A,2014-016A,EARTH,TEME,UTC,SGP4,2025-03-08 21:42:53.845632+00:00,14.59198683,0.00013350,98.1826,77.1714,90.2463,269.8890,0,U,39634,999,58216,0.00004320200000,0.00000158,0.0000000000000,7073.900,98.684,696.709,694.820,PAYLOAD,LARGE,ESA,2014-04-03,FRGUI,,4663307,282617761,0 SENTINEL 1A,1 39634U 14016A   25067.90478988  .00000158  00000-0  43202-4 0  9999,2 39634  98.1826  77.1714 0001335  90.2463 269.8890 14.59198683582162
3.0,GENERATED VIA SPACE-TRACK.ORG API,2025-03-09 06:16:16+00:00,18 SPCS,SENTINEL 1A,2014-016A,EARTH,TEME,UTC,SGP4,2025-03-09 02:39:07.574112+00:00,14.59198538,0.00013430,98.1826,77.3742,90.8330,269.3023,0,U,39634,999,58222,0.00003098800000,0.00000100,0.0000000000000,7073.900,98.684,696.715,694.815,PAYLOAD,LARGE,ESA,2014-04-03,FRGUI,,4663329,282633810,0 SENTINEL 1A,1 39634U 14016A   25068.11050433  .00000100  00000-0  30988-4 0  9998,2 39634  98.1826  77.3742 0001343  90.8330 269.3023 14.59198538582222
3.0,GENERATED VIA SPACE-TRACK.ORG API,2025-03-09 14:16:23+00:00,18 SPCS,SENTINEL 1A,2014-016A,EARTH,TEME,UTC,SGP4,2025-03-09 12:31:35.014656+00:00,14.59198296,0.00013320,98.1826,77.7798,91.3389,268.7964,0,U,39634,999,58228,0.00000859740000,-0.00000005,0.0000000000000,7073.901,98.684,696.708,694.824,PAYLOAD,LARGE,ESA,2014-04-03,FRGUI,,4663664,282641383,0 SENTINEL 1A,1 39634U 14016A   25068.52193304 -.00000005  00000-0  85974-5 0  9999,2 39634  98.1826  77.7798 0001332  91.3389 268.7964 14.59198296582289
3.0,GENERATED VIA SPACE-TRACK.ORG API,2025-03-09 18:25:58+00:00,18 SPCS,SENTINEL 1A,2014-016A,EARTH,TEME,UTC,SGP4,2025-03-09 14:10:19.587936+00:00,14.59198291,0.00013330,98.1826,77.8474,91.3869,268.7484,0,U,39634,999,58226,0.00000805690000,-0.00000008,0.0000000000000,7073.901,98.684,696.709,694.823,PAYLOAD,LARGE,ESA,2014-04-03,FRGUI,,4663925,282662232,0 SENTINEL 1A,1 39634U 14016A   25068.59050449 -.00000008  00000-0  80569-5 0  9996,2 39634  98.1826  77.8474 0001333  91.3869 268.7484 14.59198291582265
3.0,GENERATED VIA SPACE-TRACK.ORG API,2025-03-09 19:26:34+00:00,18 SPCS,SENTINEL 1A,2014-016A,EARTH,TEME,UTC,SGP4,2025-03-09 17:27:48.726720+00:00,14.59198449,0.00013400,98.1826,77.9825,91.3119,268.8234,0,U,39634,999,58231,0.00001409700000,0.00000021,0.0000000000000,7073.900,98.684,696.713,694.817,PAYLOAD,LARGE,ESA,2014-04-03,FRGUI,,4663962,282678436,0 SENTINEL 1A,1 39634U 14016A   25068.72764730  .00000021  00000-0  14097-4 0  9992,2 39634  98.1826  77.9825 0001340  91.3119 268.8234 14.59198449582317
3.0,GENERATED VIA SPACE-TRACK.ORG API,2025-03-09 22:16:17+00:00,18 SPCS,SENTINEL 1A,2014-016A,EARTH,TEME,UTC,SGP4,2025-03-09 20:45:17.875008+00:00,14.59198397,0.00013420,98.1826,78.1177,91.1986,268.9367,0,U,39634,999,58233,0.00000961250000,0.00000000,0.0000000000000,7073.900,98.684,696.715,694.816,PAYLOAD,LARGE,ESA,2014-04-03,FRGUI,,4664226,282685535,0 SENTINEL 1A,1 39634U 14016A   25068.86479022 -.00000000  00000-0  96125-5 0  9995,2 39634  98.1826  78.1177 0001342  91.1986 268.9367 14.59198397582334
3.0,GENERATED VIA SPACE-TRACK.ORG API,2025-03-10 03:13:36+00:00,18 SPCS,SENTINEL 1A,2014-016A,EARTH,TEME,UTC,SGP4,2025-03-09 22:24:02.440512+00:00,14.59198531,0.00013350,98.1826,78.1853,90.6595,269.4758,0,U,39634,999,58231,0.00001569300000,0.00000028,0.0000000000000,7073.900,98.684,696.709,694.821,PAYLOAD,LARGE,ESA,2014-04-03,FRGUI,,4664361,282702656,0 SENTINEL 1A,1 39634U 14016A   25068.93336158  .00000028  00000-0  15693-4 0  9994,2 39634  98.1826  78.1853 0001335  90.6595 269.4758 14.59198531582315
3.0,GENERATED VIA SPACE-TRACK.ORG API,2025-03-10 06:16:15+00:00,18 SPCS,SENTINEL 1A,2014-016A,EARTH,TEME,UTC,SGP4,2025-03-10 03:20:16.148256+00:00,14.59198720,0.00013350,98.1826,78.3881,90.5932,269.5420,0,U,39634,999,58237,0.00002255400000,0.00000061,0.0000000000000,7073.899,98.684,696.709,694.820,PAYLOAD,LARGE,ESA,2014-04-03,FRGUI,,4664367,282718862,0 SENTINEL 1A,1 39634U 14016A   25069.13907579  .00000061  00000-0  22554-4 0  9999,2 39634  98.1826  78.3881 0001335  90.5932 269.5420 14.59198720582375
3.0,GENERATED VIA SPACE-TRACK.ORG API,2025-03-10 14:26:19+00:00,18 SPCS,SENTINEL 1A,2014-016A,EARTH,TEME,UTC,SGP4,2025-03-10 11:33:58.976640+00:00,14.59199368,0.00013530,98.1826,78.7259,90.5472,269.5883,0,U,39634,999,58242,0.00004886100000,0.00000185,0.0000000000000,7073.897,98.684,696.719,694.805,PAYLOAD,LARGE,ESA,2014-04-03,FRGUI,,4664748,282726837,0 SENTINEL 1A,1 39634U 14016A   25069.48193260  .00000185  00000-0  48861-4 0  9997,2 39634  98.1826  78.7259 0001353  90.5472 269.5883 14.59199368582425
3.0,GENERATED VIA SPACE-TRACK.ORG API,2025-03-10 17:12:15+00:00,18 SPCS,SENTINEL 1A,2014-016A,EARTH,TEME,UTC,SGP4,2025-03-10 13:12:43.544736+00:00,14.59199415,0.00013530,98.1826,78.7935,90.5075,269.6280,0,U,39634,999,58240,0.00004974800000,0.00000189,0.0000000000000,7073.897,98.684,696.719,694.805,PAYLOAD,LARGE,ESA,2014-04-03,FRGUI,,4665056,282749145,0 SENTINEL 1A,1 39634U 14016A   25069.55050399  .00000189  00000-0  49748-4 0  9999,2 39634  98.1826  78.7935 0001353  90.5075 269.6280 14.59199415582408
3.0,GENERATED VIA SPACE-TRACK.ORG API,2025-03-10 22:16:17+00:00,18 SPCS,SENTINEL 1A,2014-016A,EARTH,TEME,UTC,SGP4,2025-03-10 19:47:41.782560+00:00,14.59200056,0.00013290,98.1825,79.0639,91.1830,268.9521,0,U,39634,999,58247,0.00008065900000,0.00000334,0.0000000000000,7073.895,98.684,696.700,694.820,PAYLOAD,LARGE,ESA,2014-04-03,FRGUI,,4665104,282765650,0 SENTINEL 1A,1 39634U 14016A   25069.82478915  .00000334  00000-0  80659-4 0  9995,2 39634  98.1825  79.0639 0001329  91.1830 268.9521 14.59200056582472
3.0,GENERATED VIA SPACE-TRACK.ORG API,2025-03-11 02:54:42+00:00,18 SPCS,SENTINEL 1A,2014-016A,EARTH,TEME,UTC,SGP4,2025-03-10 21:26:26.348928+00:00,14.59200138,0.00013310,98.1825,79.1315,91.0966,269.0386,0,U,39634,999,58245,0.00008210700000,0.00000341,0.0000000000000,7073.895,98.684,696.701,694.818,PAYLOAD,LARGE,ESA,2014-04-03,FRGUI,,4665419,282786947,0 SENTINEL 1A,1 39634U 14016A   25069.89336052  .00000341  00000-0  82107-4 0  9995,2 39634  98.1825  79.1315 0001331  91.0966 269.0386 14.59200138582456
3.0,GENERATED VIA SPACE-TRACK.ORG API,2025-03-11 05:26:17+00:00,18 SPCS,SENTINEL 1A,2014-016A,EARTH,TEME,UTC,SGP4,2025-03-11 02:22:40.044576+00:00,14.59200392,0.00013340,98.1825,79.3342,90.9168,269.2184,0,U,39634,999,58251,0.00009055000000,0.00000381,0.0000000000000,7073.894,98.684,696.703,694.815,PAYLOAD,LARGE,ESA,2014-04-03,FRGUI,,4665453,282803182,0 SENTINEL 1A,1 39634U 14016A   25070.09907459  .00000381  00000-0  90550-4 0  9999,2 39634  98.1825  79.3342 0001334  90.9168 269.2184 14.59200392582510
3.0,GENERATED VIA SPACE-TRACK.ORG API,2025-03-11 06:16:16+00:00,18 SPCS,SENTINEL 1A,2014-016A,EARTH,TEME,UTC,SGP4,2025-03-11 04:01:24.617856+00:00,14.59200429,0.00013360,98.1825,79.4018,90.8609,269.2743,0,U,39634,999,58252,0.00009217500000,0.00000389,0.0000000000000,7073.894,98.684,696.704,694.814,PAYLOAD,LARGE,ESA,2014-04-03,FRGUI,,4665723,282810118,0 SENTINEL 1A,1 39634U 14016A   25070.16764604  .00000389  00000-0  92175-4 0  9993,2 39634  98.1825  79.4018 0001336  90.8609 269.2743 14.59200429582525
3.0,GENERATED VIA SPACE-TRACK.ORG API,2025-03-11 14:16:17+00:00,18 SPCS,SENTINEL 1A,2014-016A,EARTH,TEME,UTC,SGP4,2025-03-11 12:15:07.432416+00:00,14.59200892,0.00013410,98.1825,79.7398,90.4713,269.6641,0,U,39634,999,58257,0.00010095000000,0.00000430,0.0000000000000,7073.892,98.684,696.706,694.809,PAYLOAD,LARGE,ESA,2014-04-03,FRGUI,,4665858,282813441,0 SENTINEL 1A,1 39634U 14016A   25070.51050269  .00000430  00000-0  10095-3 0  9994,2 39634  98.1825  79.7398 0001341  90.4713 269.6641 14.59200892582577
3.0,GENERATED VIA SPACE-TRACK.ORG API,2025-03-11 18:44:32+00:00,18 SPCS,SENTINEL 1A,2014-016A,EARTH,TEME,UTC,SGP4,2025-03-11 13:53:51.994464+00:00,14.59200964,0.00013420,98.1825,79.8074,90.4791,269.6562,0,U,39634,999,58255,0.00010104000000,0.00000431,0.0000000000000,7073.892,98.684,696.706,694.808,PAYLOAD,LARGE,ESA,2014-04-03,FRGUI,,4666185,282835108,0 SENTINEL 1A,1 39634U 14016A   25070.57907401  .00000431  00000-0  10104-3 0  9991,2 39634  98.1825  79.8074 0001342  90.4791 269.6562 14.59200964582556
3.0,GENERATED VIA SPACE-TRACK.ORG API,2025-03-11 22:16:17+00:00,18 SPCS,SENTINEL 1A,2014-016A,EARTH,TEME,UTC,SGP4,2025-03-11 20:28:50.236608+00:00,14.59201232,0.00013460,98.1825,80.0777,90.5125,269.6229,0,U,39634,999,58262,0.00010160000000,0.00000433,0.0000000000000,7073.891,98.684,696.708,694.804,PAYLOAD,LARGE,ESA,2014-04-03,FRGUI,,4666219,282851211,0 SENTINEL 1A,1 39634U 14016A   25070.85335922  .00000433  00000-0  10160-3 0  9999,2 39634  98.1825  80.0777 0001346  90.5125 269.6229 14.59201232582623
3.0,GENERATED VIA SPACE-TRACK.ORG API,2025-03-12 02:20:35+00:00,18 SPCS,SENTINEL 1A,2014-016A,EARTH,TEME,UTC,SGP4,2025-03-11 22:07:34.797792+00:00,14.59201305,0.00013450,98.1825,80.1453,90.4779,269.6574,0,U,39634,999,58260,0.00010144000000,0.00000432,0.0000000000000,7073.891,98.684,696.708,694.805,PAYLOAD,LARGE,ESA,2014-04-03,FRGUI,,4666552,282873618,0 SENTINEL 1A,1 39634U 14016A   25070.92193053  .00000432  00000-0  10144-3 0  9995,2 39634  98.1825  80.1453 0001345  90.4779 269.6574 14.59201305582600
3.0,GENERATED VIA SPACE-TRACK.ORG API,2025-03-12 06:36:26+00:00,18 SPCS,SENTINEL 1A,2014-016A,EARTH,TEME,UTC,SGP4,2025-03-12 04:42:33.048576+00:00,14.59201631,0.00013510,98.1825,80.4157,90.6045,269.5310,0,U,39634,999,58267,0.00010442000000,0.00000447,0.0000000000000,7073.890,98.684,696.711,694.799,PAYLOAD,LARGE,ESA,2014-04-03,FRGUI,,4666645,282890633,0 SENTINEL 1A,1 39634U 14016A   25071.19621584  .00000447  00000-0  10442-3 0  9997,2 39634  98.1825  80.4157 0001351  90.6045 269.5310 14.59201631582675
3.0,GENERATED VIA SPACE-TRACK.ORG API,2025-03-12 12:06:16+00:00,18 SPCS,SENTINEL 1A,2014-016A,EARTH,TEME,UTC,SGP4,2025-03-12 09:38:46.834944+00:00,14.59196777,0.00013440,98.1826,80.6183,91.4671,268.6682,0,U,39634,999,58270,0.00010237000000,0.00000437,0.0000000000000,7073.906,98.684,696.721,694.820,PAYLOAD,LARGE,ESA,2014-04-03,FRGUI,,4666935,282897721,0 SENTINEL 1A,1 39634U 14016A   25071.40193096  .00000437  00000-0  10237-3 0  9994,2 39634  98.1826  80.6183 0001344  91.4671 268.6682 14.59196777582703
3.0,GENERATED VIA SPACE-TRACK.ORG API,2025-03-12 14:16:31+00:00,18 SPCS,SENTINEL 1A,2014-016A,EARTH,TEME,UTC,SGP4,2025-03-12 11:17:31.411680+00:00,14.59196776,0.00013450,98.1826,80.6858,91.4507,268.6847,0,U,39634,999,58271,0.00009954900000,0.00000423,0.0000000000000,7073.906,98.684,696.722,694.819,PAYLOAD,LARGE,ESA,2014-04-03,FRGUI,,4667182,282903737,0 SENTINEL 1A,1 39634U 14016A   25071.47050245  .00000423  00000-0  99549-4 0  9998,2 39634  98.1826  80.6858 0001345  91.4507 268.6847 14.59196776582714
3.0,GENERATED VIA SPACE-TRACK.ORG API,2025-03-12 17:36:20+00:00,18 SPCS,SENTINEL 1A,2014-016A,EARTH,TEME,UTC,SGP4,2025-03-12 14:35:00.572928+00:00,14.59196788,0.00013470,98.1826,80.8210,91.3891,268.7463,0,U,39634,999,58270,0.00009935000000,0.00000423,0.0000000000000,7073.906,98.684,696.724,694.818,PAYLOAD,LARGE,ESA,2014-04-03,FRGUI,,4667317,282921254,0 SENTINEL 1A,1 39634U 14016A   25071.60764552  .00000423  00000-0  99350-4 0  9996,2 39634  98.1826  80.8210 0001347  91.3891 268.7463 14.59196788582702
3.0,GENERATED VIA SPACE-TRACK.ORG API,2025-03-12 22:16:17+00:00,18 SPCS,SENTINEL 1A,2014-016A,EARTH,TEME,UTC,SGP4,2025-03-12 21:09:58.872096+00:00,14.59197246,0.00013450,98.1826,81.0914,90.8538,269.2816,0,U,39634,999,58277,0.00010325000000,0.00000441,0.0000000000000,7073.904,98.684,696.721,694.818,PAYLOAD,LARGE,ESA,2014-04-03,FRGUI,,4667348,282937478,0 SENTINEL 1A,1 39634U 14016A   25071.88193139  .00000441  00000-0  10325-3 0  9997,2 39634  98.1826  81.0914 0001345  90.8538 269.2816 14.59197246582771
3.0,GENERATED VIA SPACE-TRACK.ORG API,2025-03-13 03:16:41+00:00,18 SPCS,SENTINEL 1A,2014-016A,EARTH,TEME,UTC,SGP4,2025-03-12 22:48:43.447968+00:00,14.59197333,0.00013430,98.1826,81.1590,90.8162,269.3191,0,U,39634,999,58275,0.00010309000000,0.00000440,0.0000000000000,7073.904,98.684,696.719,694.819,PAYLOAD,LARGE,ESA,2014-04-03,FRGUI,,4667689,282959651,0 SENTINEL 1A,1 39634U 14016A   25071.95050287  .00000440  00000-0  10309-3 0  9992,2 39634  98.1826  81.1590 0001343  90.8162 269.3191 14.59197333582755
3.0,GENERATED VIA SPACE-TRACK.ORG API,2025-03-13 06:16:16+00:00,18 SPCS,SENTINEL 1A,2014-016A,EARTH,TEME,UTC,SGP4,2025-03-13 03:44:57.168672+00:00,14.59197946,0.00013430,98.1826,81.3618,90.7420,269.3933,0,U,39634,999,58281,0.00011773000000,0.00000509,0.0000000000000,7073.902,98.684,696.717,694.817,PAYLOAD,LARGE,ESA,2014-04-03,FRGUI,,4667718,282975949,0 SENTINEL 1A,1 39634U 14016A   25072.15621723  .00000509  00000-0  11773-3 0  9996,2 39634  98.1826  81.3618 0001343  90.7420 269.3933 14.59197946582815
3.0,GENERATED VIA SPACE-TRACK.ORG API,2025-03-13 14:16:18+00:00,18 SPCS,SENTINEL 1A,2014-016A,EARTH,TEME,UTC,SGP4,2025-03-13 11:58:40.048896+00:00,14.59198119,0.00013450,98.1826,81.6998,90.2534,269.8819,0,U,39634,999,58286,0.00011164000000,0.00000481,0.0000000000000,7073.901,98.684,696.718,694.815,PAYLOAD,LARGE,ESA,2014-04-03,FRGUI,,4668094,282985095,0 SENTINEL 1A,1 39634U 14016A   25072.49907464  .00000481  00000-0  11164-3 0  9995,2 39634  98.1826  81.6998 0001345  90.2534 269.8819 14.59198119582868
3.0,GENERATED VIA SPACE-TRACK.ORG API,2025-03-13 17:53:24+00:00,18 SPCS,SENTINEL 1A,2014-016A,EARTH,TEME,UTC,SGP4,2025-03-13 13:37:24.623040+00:00,14.59198185,0.00013450,98.1826,81.7674,90.2342,269.9012,0,U,39634,999,58284,0.00011161000000,0.00000480,0.0000000000000,7073.901,98.684,696.718,694.815,PAYLOAD,LARGE,ESA,2014-04-03,FRGUI,,4668388,283006270,0 SENTINEL 1A,1 39634U 14016A   25072.56764610  .00000480  00000-0  11161-3 0  9993,2 39634  98.1826  81.7674 0001345  90.2342 269.9012 14.59198185582844
3.0,GENERATED VIA SPACE-TRACK.ORG API,2025-03-13 22:16:23+00:00,18 SPCS,SENTINEL 1A,2014-016A,EARTH,TEME,UTC,SGP4,2025-03-13 20:12:22.910976+00:00,14.59198424,0.00013470,98.1825,82.0378,90.4091,269.7262,0,U,39634,999,58291,0.00010873000000,0.00000467,0.0000000000000,7073.900,98.684,696.718,694.813,PAYLOAD,LARGE,ESA,2014-04-03,FRGUI,,4668428,283022478,0 SENTINEL 1A,1 39634U 14016A   25072.84193184  .00000467  00000-0  10873-3 0  9990,2 39634  98.1825  82.0378 0001347  90.4091 269.7262 14.59198424582912
3.0,GENERATED VIA SPACE-TRACK.ORG API,2025-03-14 02:27:44+00:00,18 SPCS,SENTINEL 1A,2014-016A,EARTH,TEME,UTC,SGP4,2025-03-13 21:51:07.483392+00:00,14.59198503,0.00013450,98.1825,82.1053,90.3073,269.8281,0,U,39634,999,58289,0.00010855000000,0.00000466,0.0000000000000,7073.900,98.684,696.717,694.814,PAYLOAD,LARGE,ESA,2014-04-03,FRGUI,,4668740,283044066,0 SENTINEL 1A,1 39634U 14016A   25072.91050328  .00000466  00000-0  10855-3 0  9999,2 39634  98.1825  82.1053 0001345  90.3073 269.8281 14.59198503582897
3.0,GENERATED VIA SPACE-TRACK.ORG API,2025-03-14 06:26:27+00:00,18 SPCS,SENTINEL 1A,2014-016A,EARTH,TEME,UTC,SGP4,2025-03-14 04:26:05.763552+00:00,14.59199223,0.00013420,98.1826,82.3757,90.4459,269.6895,0,U,39634,999,58296,0.00012391000000,0.00000538,0.0000000000000,7073.898,98.684,696.712,694.813,PAYLOAD,LARGE,ESA,2014-04-03,FRGUI,,4668803,283060263,0 SENTINEL 1A,1 39634U 14016A   25073.18478893  .00000538  00000-0  12391-3 0  9997,2 39634  98.1826  82.3757 0001342  90.4459 269.6895 14.59199223582964
3.0,GENERATED VIA SPACE-TRACK.ORG API,2025-03-14 20:37:34+00:00,18 SPCS,SENTINEL 1A,2014-016A,EARTH,TEME,UTC,SGP4,2025-03-14 14:18:33.171264+00:00,14.59199798,0.00013470,98.1826,82.7813,90.1944,269.9410,0,U,39634,999,58299,0.00013446000000,0.00000588,0.0000000000000,7073.896,98.684,696.714,694.808,PAYLOAD,LARGE,ESA,2014-04-03,FRGUI,,4669052,283081210,0 SENTINEL 1A,1 39634U 14016A   25073.59621726  .00000588  00000-0  13446-3 0  9994,2 39634  98.1826  82.7813 0001347  90.1944 269.9410 14.59199798582998
3.0,GENERATED VIA SPACE-TRACK.ORG API,2025-03-14 22:16:17+00:00,18 SPCS,SENTINEL 1A,2014-016A,EARTH,TEME,UTC,SGP4,2025-03-14 20:53:31.428960+00:00,14.59200132,0.00013450,98.1826,83.0516,90.1362,269.9992,0,U,39634,999,58306,0.00013336000000,0.00000583,0.0000000000000,7073.895,98.684,696.711,694.808,PAYLOAD,LARGE,ESA,2014-04-03,FRGUI,,4669069,283097270,0 SENTINEL 1A,1 39634U 14016A   25073.87050265  .00000583  00000-0  13336-3 0  9992,2 39634  98.1826  83.0516 0001345  90.1362 269.9992 14.59200132583063
3.0,GENERATED VIA SPACE-TRACK.ORG API,2025-03-15 06:16:17+00:00,18 SPCS,SENTINEL 1A,2014-016A,EARTH,TEME,UTC,SGP4,2025-03-15 03:28:29.693568+00:00,14.59200369,0.00013460,98.1826,83.3220,90.4286,269.7068,0,U,39634,999,58310,0.00012734000000,0.00000555,0.0000000000000,7073.894,98.684,696.711,694.807,PAYLOAD,LARGE,ESA,2014-04-03,FRGUI,,4669390,283104744,0 SENTINEL 1A,1 39634U 14016A   25074.14478812  .00000555  00000-0  12734-3 0  9995,2 39634  98.1826  83.3220 0001346  90.4286 269.7068 14.59200369583106
3.0,GENERATED VIA SPACE-TRACK.ORG API,2025-03-15 07:42:43+00:00,18 SPCS,SENTINEL 1A,2014-016A,EARTH,TEME,UTC,SGP4,2025-03-14 22:32:15.996192+00:00,14.59200192,0.00013450,98.1826,83.1192,90.0765,270.0589,0,U,39634,999,58304,0.00013191000000,0.00000576,0.0000000000000,7073.895,98.684,696.711,694.808,PAYLOAD,LARGE,ESA,2014-04-03,FRGUI,,4669695,283126130,0 SENTINEL 1A,1 39634U 14016A   25073.93907403  .00000576  00000-0  13191-3 0  9995,2 39634  98.1826  83.1192 0001345  90.0765 270.0589 14.59200192583049
3.0,GENERATED VIA SPACE-TRACK.ORG API,2025-03-15 14:26:18+00:00,18 SPCS,SENTINEL 1A,2014-016A,EARTH,TEME,UTC,SGP4,2025-03-15 13:20:57.237792+00:00,14.59195658,0.00013620,98.1826,83.7272,89.5588,270.5768,0,U,39634,999,58316,0.00012983000000,0.00000566,0.0000000000000,7073.909,98.685,696.738,694.811,PAYLOAD,LARGE,ESA,2014-04-03,FRGUI,,4669768,283142355,0 SENTINEL 1A,1 39634U 14016A   25074.55621803  .00000566  00000-0  12983-3 0  9998,2 39634  98.1826  83.7272 0001362  89.5588 270.5768 14.59195658583166
3.0,GENERATED VIA SPACE-TRACK.ORG API,2025-03-15 17:32:46+00:00,18 SPCS,SENTINEL 1A,2014-016A,EARTH,TEME,UTC,SGP4,2025-03-15 14:59:41.815392+00:00,14.59195982,0.00013570,98.1826,83.7949,89.5400,270.5955,0,U,39634,999,58314,0.00012973000000,0.00000566,0.0000000000000,7073.908,98.684,696.733,694.813,PAYLOAD,LARGE,ESA,2014-04-03,FRGUI,,4670048,283165165,0 SENTINEL 1A,1 39634U 14016A   25074.62478953  .00000566  00000-0  12973-3 0  9991,2 39634  98.1826  83.7949 0001357  89.5400 270.5955 14.59195982583140
3.0,GENERATED VIA SPACE-TRACK.ORG API,2025-03-15 22:26:34+00:00,18 SPCS,SENTINEL 1A,2014-016A,EARTH,TEME,UTC,SGP4,2025-03-15 19:55:55.544736+00:00,14.59196443,0.00013520,98.1825,83.9980,90.1057,270.0297,0,U,39634,999,58320,0.00013101000000,0.00000572,0.0000000000000,7073.907,98.684,696.728,694.815,PAYLOAD,LARGE,ESA,2014-04-03,FRGUI,,4670087,283181061,0 SENTINEL 1A,1 39634U 14016A   25074.83050399  .00000572  00000-0  13101-3 0  9995,2 39634  98.1825  83.9980 0001352  90.1057 270.0297 14.59196443583201
3.0,GENERATED VIA SPACE-TRACK.ORG API,2025-03-16 03:38:40+00:00,18 SPCS,SENTINEL 1A,2014-016A,EARTH,TEME,UTC,SGP4,2025-03-15 23:13:24.700800+00:00,14.59196658,0.00013450,98.1825,84.1332,90.1152,270.0201,0,U,39634,999,58319,0.00013058000000,0.00000570,0.0000000000000,7073.906,98.684,696.723,694.820,PAYLOAD,LARGE,ESA,2014-04-03,FRGUI,,4670409,283202864,0 SENTINEL 1A,1 39634U 14016A   25074.96764700  .00000570  00000-0  13058-3 0  9996,2 39634  98.1825  84.1332 0001345  90.1152 270.0201 14.59196658583194
3.0,GENERATED VIA SPACE-TRACK.ORG API,2025-03-16 14:26:18+00:00,18 SPCS,SENTINEL 1A,2014-016A,EARTH,TEME,UTC,SGP4,2025-03-16 12:23:21.338880+00:00,14.59197281,0.00013430,98.1827,84.6739,89.6700,270.4654,0,U,39634,999,58330,0.00011924000000,0.00000516,0.0000000000000,7073.904,98.684,696.719,694.819,PAYLOAD,LARGE,ESA,2014-04-03,FRGUI,,4670786,283226624,0 SENTINEL 1A,1 39634U 14016A   25075.51621920  .00000516  00000-0  11924-3 0  9994,2 39634  98.1827  84.6739 0001343  89.6700 270.4654 14.59197281583304
3.0,GENERATED VIA SPACE-TRACK.ORG API,2025-03-16 18:34:10+00:00,18 SPCS,SENTINEL 1A,2014-016A,EARTH,TEME,UTC,SGP4,2025-03-16 14:02:05.916480+00:00,14.59197343,0.00013430,98.1827,84.7415,89.6588,270.4766,0,U,39634,999,58328,0.00011908000000,0.00000516,0.0000000000000,7073.904,98.684,696.719,694.819,PAYLOAD,LARGE,ESA,2014-04-03,FRGUI,,4671009,283247838,0 SENTINEL 1A,1 39634U 14016A   25075.58479070  .00000516  00000-0  11908-3 0  9990,2 39634  98.1827  84.7415 0001343  89.6588 270.4766 14.59197343583280
3.0,GENERATED VIA SPACE-TRACK.ORG API,2025-03-16 22:16:17+00:00,18 SPCS,SENTINEL 1A,2014-016A,EARTH,TEME,UTC,SGP4,2025-03-16 20:37:04.213920+00:00,14.59197700,0.00013460,98.1827,85.0118,89.6268,270.5086,0,U,39634,999,58335,0.00011904000000,0.00000515,0.0000000000000,7073.903,98.684,696.720,694.816,PAYLOAD,LARGE,ESA,2014-04-03,FRGUI,,4671040,283263902,0 SENTINEL 1A,1 39634U 14016A   25075.85907655  .00000515  00000-0  11904-3 0  9990,2 39634  98.1827  85.0118 0001346  89.6268 270.5086 14.59197700583353
3.0,GENERATED VIA SPACE-TRACK.ORG API,2025-03-17 05:50:20+00:00,18 SPCS,SENTINEL 1A,2014-016A,EARTH,TEME,UTC,SGP4,2025-03-16 22:15:48.788064+00:00,14.59197790,0.00013440,98.1827,85.0794,89.6617,270.4736,0,U,39634,999,58333,0.00011889000000,0.00000515,0.0000000000000,7073.902,98.684,696.718,694.817,PAYLOAD,LARGE,ESA,2014-04-03,FRGUI,,4671383,283286334,0 SENTINEL 1A,1 39634U 14016A   25075.92764801  .00000515  00000-0  11889-3 0  9994,2 39634  98.1827  85.0794 0001344  89.6617 270.4736 14.59197790583337
3.0,GENERATED VIA SPACE-TRACK.ORG API,2025-03-17 06:26:17+00:00,18 SPCS,SENTINEL 1A,2014-016A,EARTH,TEME,UTC,SGP4,2025-03-17 04:50:47.076864+00:00,14.59198446,0.00013410,98.1827,85.3498,89.6319,270.5034,0,U,39634,999,58340,0.00012974000000,0.00000566,0.0000000000000,7073.900,98.684,696.714,694.817,PAYLOAD,LARGE,ESA,2014-04-03,FRGUI,,4671441,283302837,0 SENTINEL 1A,1 39634U 14016A   25076.20193376  .00000566  00000-0  12974-3 0  9991,2 39634  98.1827  85.3498 0001341  89.6319 270.5034 14.59198446583406
3.0,GENERATED VIA SPACE-TRACK.ORG API,2025-03-17 14:16:16+00:00,18 SPCS,SENTINEL 1A,2014-016A,EARTH,TEME,UTC,SGP4,2025-03-17 13:04:29.925984+00:00,14.59198811,0.00013410,98.1827,85.6878,89.5863,270.5490,0,U,39634,999,58345,0.00012516000000,0.00000544,0.0000000000000,7073.899,98.684,696.713,694.816,PAYLOAD,LARGE,ESA,2014-04-03,FRGUI,,4671763,283310878,0 SENTINEL 1A,1 39634U 14016A   25076.54479081  .00000544  00000-0  12516-3 0  9996,2 39634  98.1827  85.6878 0001341  89.5863 270.5490 14.59198811583451
3.0,GENERATED VIA SPACE-TRACK.ORG API,2025-03-17 19:07:54+00:00,18 SPCS,SENTINEL 1A,2014-016A,EARTH,TEME,UTC,SGP4,2025-03-17 14:43:14.496672+00:00,14.59198885,0.00013410,98.1827,85.7554,89.5896,270.5458,0,U,39634,999,58343,0.00012498000000,0.00000543,0.0000000000000,7073.899,98.684,696.713,694.815,PAYLOAD,LARGE,ESA,2014-04-03,FRGUI,,4672105,283332594,0 SENTINEL 1A,1 39634U 14016A   25076.61336223  .00000543  00000-0  12498-3 0  9992,2 39634  98.1827  85.7554 0001341  89.5896 270.5458 14.59198885583432
3.0,GENERATED VIA SPACE-TRACK.ORG API,2025-03-17 22:16:25+00:00,18 SPCS,SENTINEL 1A,2014-016A,EARTH,TEME,UTC,SGP4,2025-03-17 18:00:43.635456+00:00,14.59199047,0.00013430,98.1827,85.8905,89.5817,270.5536,0,U,39634,999,58348,0.00012467000000,0.00000542,0.0000000000000,7073.898,98.684,696.713,694.813,PAYLOAD,LARGE,ESA,2014-04-03,FRGUI,,4672144,283349093,0 SENTINEL 1A,1 39634U 14016A   25076.75050504  .00000542  00000-0  12467-3 0  9997,2 39634  98.1827  85.8905 0001343  89.5817 270.5536 14.59199047583481
3.0,GENERATED VIA SPACE-TRACK.ORG API,2025-03-18 02:25:22+00:00,18 SPCS,SENTINEL 1A,2014-016A,EARTH,TEME,UTC,SGP4,2025-03-17 22:56:57.329376+00:00,14.59199521,0.00013390,98.1827,86.0933,89.4326,270.7027,0,U,39634,999,58348,0.00013079000000,0.00000571,0.0000000000000,7073.897,98.684,696.709,694.815,PAYLOAD,LARGE,ESA,2014-04-03,FRGUI,,4672421,283369700,0 SENTINEL 1A,1 39634U 14016A   25076.95621909  .00000571  00000-0  13079-3 0  9994,2 39634  98.1827  86.0933 0001339  89.4326 270.7027 14.59199521583488
3.0,GENERATED VIA SPACE-TRACK.ORG API,2025-03-18 06:16:17+00:00,18 SPCS,SENTINEL 1A,2014-016A,EARTH,TEME,UTC,SGP4,2025-03-18 03:53:11.031936+00:00,14.59199982,0.00013410,98.1828,86.2961,89.5053,270.6300,0,U,39634,999,58354,0.00013826000000,0.00000606,0.0000000000000,7073.895,98.684,696.709,694.812,PAYLOAD,LARGE,ESA,2014-04-03,FRGUI,,4672447,283385342,0 SENTINEL 1A,1 39634U 14016A   25077.16193324  .00000606  00000-0  13826-3 0  9992,2 39634  98.1828  86.2961 0001341  89.5053 270.6300 14.59199982583544
3.0,GENERATED VIA SPACE-TRACK.ORG API,2025-03-18 14:26:19+00:00,18 SPCS,SENTINEL 1A,2014-016A,EARTH,TEME,UTC,SGP4,2025-03-18 12:06:53.829216+00:00,14.59200755,0.00013410,98.1828,86.6340,89.9019,270.2334,0,U,39634,999,58359,0.00015414000000,0.00000681,0.0000000000000,7073.893,98.684,696.706,694.809,PAYLOAD,LARGE,ESA,2014-04-03,FRGUI,,4672835,283393812,0 SENTINEL 1A,1 39634U 14016A   25077.50478969  .00000681  00000-0  15414-3 0  9999,2 39634  98.1828  86.6340 0001341  89.9019 270.2334 14.59200755583594
3.0,GENERATED VIA SPACE-TRACK.ORG API,2025-03-18 19:01:07+00:00,18 SPCS,SENTINEL 1A,2014-016A,EARTH,TEME,UTC,SGP4,2025-03-18 13:45:38.393856+00:00,14.59200810,0.00013410,98.1828,86.7016,89.8365,270.2988,0,U,39634,999,58357,0.00015253000000,0.00000673,0.0000000000000,7073.893,98.684,696.706,694.809,PAYLOAD,LARGE,ESA,2014-04-03,FRGUI,,4673118,283415564,0 SENTINEL 1A,1 39634U 14016A   25077.57336104  .00000673  00000-0  15253-3 0  9992,2 39634  98.1828  86.7016 0001341  89.8365 270.2988 14.59200810583573
3.0,GENERATED VIA SPACE-TRACK.ORG API,2025-03-18 22:16:17+00:00,18 SPCS,SENTINEL 1A,2014-016A,EARTH,TEME,UTC,SGP4,2025-03-18 20:20:36.634272+00:00,14.59201390,0.00013430,98.1827,86.9720,89.8580,270.2773,0,U,39634,999,58364,0.00015968000000,0.00000707,0.0000000000000,7073.891,98.684,696.706,694.806,PAYLOAD,LARGE,ESA,2014-04-03,FRGUI,,4673147,283431705,0 SENTINEL 1A,1 39634U 14016A   25077.84764623  .00000707  00000-0  15968-3 0  9994,2 39634  98.1827  86.9720 0001343  89.8580 270.2773 14.59201390583641
3.0,GENERATED VIA SPACE-TRACK.ORG API,2025-03-19 02:27:03+00:00,18 SPCS,SENTINEL 1A,2014-016A,EARTH,TEME,UTC,SGP4,2025-03-18 21:59:21.195456+00:00,14.59201476,0.00013420,98.1827,87.0396,89.7692,270.3661,0,U,39634,999,58362,0.00015864000000,0.00000702,0.0000000000000,7073.891,98.684,696.705,694.806,PAYLOAD,LARGE,ESA,2014-04-03,FRGUI,,4673449,283452512,0 SENTINEL 1A,1 39634U 14016A   25077.91621754  .00000702  00000-0  15864-3 0  9999,2 39634  98.1827  87.0396 0001342  89.7692 270.3661 14.59201476583624
3.0,GENERATED VIA SPACE-TRACK.ORG API,2025-03-19 06:16:17+00:00,18 SPCS,SENTINEL 1A,2014-016A,EARTH,TEME,UTC,SGP4,2025-03-18 23:38:05.756640+00:00,14.59201552,0.00013420,98.1827,87.1072,89.9468,270.1885,0,U,39634,999,58366,0.00015723000000,0.00000696,0.0000000000000,7073.890,98.684,696.705,694.806,PAYLOAD,LARGE,ESA,2014-04-03,FRGUI,,4673477,283468645,0 SENTINEL 1A,1 39634U 14016A   25077.98478885  .00000696  00000-0  15723-3 0  9997,2 39634  98.1827  87.1072 0001342  89.9468 270.1885 14.59201552583664
3.0,GENERATED VIA SPACE-TRACK.ORG API,2025-03-19 14:16:18+00:00,18 SPCS,SENTINEL 1A,2014-016A,EARTH,TEME,UTC,SGP4,2025-03-19 11:09:17.915616+00:00,14.59194188,0.00013540,98.1828,87.5804,91.3426,268.7928,0,U,39634,999,58373,0.00016027000000,0.00000710,0.0000000000000,7073.914,98.685,696.737,694.821,PAYLOAD,LARGE,ESA,2014-04-03,FRGUI,,4673811,283476712,0 SENTINEL 1A,1 39634U 14016A   25078.46479069  .00000710  00000-0  16027-3 0  9991,2 39634  98.1828  87.5804 0001354  91.3426 268.7928 14.59194188583731
3.0,GENERATED VIA SPACE-TRACK.ORG API,2025-03-19 17:43:14+00:00,18 SPCS,SENTINEL 1A,2014-016A,EARTH,TEME,UTC,SGP4,2025-03-19 12:48:02.479392+00:00,14.59194338,0.00013520,98.1828,87.6480,91.6309,268.5045,0,U,39634,999,58371,0.00016747000000,0.00000744,0.0000000000000,7073.914,98.685,696.735,694.822,PAYLOAD,LARGE,ESA,2014-04-03,FRGUI,,4674121,283497899,0 SENTINEL 1A,1 39634U 14016A   25078.53336203  .00000744  00000-0  16747-3 0  9997,2 39634  98.1828  87.6480 0001352  91.6309 268.5045 14.59194338583716
3.0,GENERATED VIA SPACE-TRACK.ORG API,2025-03-19 22:16:23+00:00,18 SPCS,SENTINEL 1A,2014-016A,EARTH,TEME,UTC,SGP4,2025-03-19 21:01:45.421824+00:00,14.59194922,0.00013470,98.1827,87.9858,90.6262,269.5092,0,U,39634,999,58379,0.00016638000000,0.00000739,0.0000000000000,7073.912,98.685,696.730,694.824,PAYLOAD,LARGE,ESA,2014-04-03,FRGUI,,4674156,283514185,0 SENTINEL 1A,1 39634U 14016A   25078.87622016  .00000739  00000-0  16638-3 0  9997,2 39634  98.1827  87.9858 0001347  90.6262 269.5092 14.59194922583798
3.0,GENERATED VIA SPACE-TRACK.ORG API,2025-03-20 03:31:02+00:00,18 SPCS,SENTINEL 1A,2014-016A,EARTH,TEME,UTC,SGP4,2025-03-19 22:40:30.007200+00:00,14.59195065,0.00013440,98.1827,88.0534,90.4854,269.6500,0,U,39634,999,58377,0.00016626000000,0.00000738,0.0000000000000,7073.911,98.685,696.727,694.826,PAYLOAD,LARGE,ESA,2014-04-03,FRGUI,,4674434,283534422,0 SENTINEL 1A,1 39634U 14016A   25078.94479175  .00000738  00000-0  16626-3 0  9997,2 39634  98.1827  88.0534 0001344  90.4854 269.6500 14.59195065583775
3.0,GENERATED VIA SPACE-TRACK.ORG API,2025-03-20 06:26:34+00:00,18 SPCS,SENTINEL 1A,2014-016A,EARTH,TEME,UTC,SGP4,2025-03-20 03:36:43.767648+00:00,14.59195502,0.00013440,98.1828,88.2562,89.9594,270.1760,0,U,39634,999,58383,0.00017206000000,0.00000765,0.0000000000000,7073.910,98.685,696.726,694.824,PAYLOAD,LARGE,ESA,2014-04-03,FRGUI,,4674493,283550851,0 SENTINEL 1A,1 39634U 14016A   25079.15050657  .00000765  00000-0  17206-3 0  9996,2 39634  98.1828  88.2562 0001344  89.9594 270.1760 14.59195502583831
3.0,GENERATED VIA SPACE-TRACK.ORG API,2025-03-20 14:26:27+00:00,18 SPCS,SENTINEL 1A,2014-016A,EARTH,TEME,UTC,SGP4,2025-03-20 10:11:42.102240+00:00,14.59195927,0.00013460,98.1828,88.5266,89.9837,270.1516,0,U,39634,999,58387,0.00017139000000,0.00000762,0.0000000000000,7073.908,98.684,696.726,694.821,PAYLOAD,LARGE,ESA,2014-04-03,FRGUI,,4674843,283559173,0 SENTINEL 1A,1 39634U 14016A   25079.42479285  .00000762  00000-0  17139-3 0  9990,2 39634  98.1828  88.5266 0001346  89.9837 270.1516 14.59195927583871
3.0,GENERATED VIA SPACE-TRACK.ORG API,2025-03-20 19:29:49+00:00,18 SPCS,SENTINEL 1A,2014-016A,EARTH,TEME,UTC,SGP4,2025-03-20 13:29:11.276448+00:00,14.59195858,0.00013440,98.1828,88.6618,89.9221,270.2133,0,U,39634,999,58386,0.00016106000000,0.00000713,0.0000000000000,7073.909,98.684,696.724,694.823,PAYLOAD,LARGE,ESA,2014-04-03,FRGUI,,4675094,283580404,0 SENTINEL 1A,1 39634U 14016A   25079.56193607  .00000713  00000-0  16106-3 0  9995,2 39634  98.1828  88.6618 0001344  89.9221 270.2133 14.59195858583866
3.0,GENERATED VIA SPACE-TRACK.ORG API,2025-03-20 22:26:25+00:00,18 SPCS,SENTINEL 1A,2014-016A,EARTH,TEME,UTC,SGP4,2025-03-20 20:04:09.592896+00:00,14.59196474,0.00013450,98.1827,88.9321,90.4399,269.6955,0,U,39634,999,58393,0.00016725000000,0.00000743,0.0000000000000,7073.907,98.684,696.723,694.820,PAYLOAD,LARGE,ESA,2014-04-03,FRGUI,,4675151,283596847,0 SENTINEL 1A,1 39634U 14016A   25079.83622214  .00000743  00000-0  16725-3 0  9996,2 39634  98.1827  88.9321 0001345  90.4399 269.6955 14.59196474583930
3.0,GENERATED VIA SPACE-TRACK.ORG API,2025-03-21 02:39:39+00:00,18 SPCS,SENTINEL 1A,2014-016A,EARTH,TEME,UTC,SGP4,2025-03-20 23:21:38.751552+00:00,14.59196682,0.00013420,98.1827,89.0673,90.2731,269.8622,0,U,39634,999,58392,0.00016654000000,0.00000739,0.0000000000000,7073.906,98.684,696.720,694.822,PAYLOAD,LARGE,ESA,2014-04-03,FRGUI,,4675418,283617616,0 SENTINEL 1A,1 39634U 14016A   25079.97336518  .00000739  00000-0  16654-3 0  9996,2 39634  98.1827  89.0673 0001342  90.2731 269.8622 14.59196682583920
3.0,GENERATED VIA SPACE-TRACK.ORG API,2025-03-21 06:26:26+00:00,18 SPCS,SENTINEL 1A,2014-016A,EARTH,TEME,UTC,SGP4,2025-03-21 04:17:52.499040+00:00,14.59197023,0.00013420,98.1827,89.2701,90.1349,270.0005,0,U,39634,999,58398,0.00016886000000,0.00000750,0.0000000000000,7073.905,98.684,696.719,694.821,PAYLOAD,LARGE,ESA,2014-04-03,FRGUI,,4675480,283634455,0 SENTINEL 1A,1 39634U 14016A   25080.17907985  .00000750  00000-0  16886-3 0  9992,2 39634  98.1827  89.2701 0001342  90.1349 270.0005 14.59197023583983
3.0,GENERATED VIA SPACE-TRACK.ORG API,2025-03-21 14:16:17+00:00,18 SPCS,SENTINEL 1A,2014-016A,EARTH,TEME,UTC,SGP4,2025-03-21 12:31:35.377536+00:00,14.59197351,0.00013430,98.1827,89.6080,90.0267,270.1086,0,U,39634,999,58403,0.00015917000000,0.00000705,0.0000000000000,7073.904,98.684,696.719,694.819,PAYLOAD,LARGE,ESA,2014-04-03,FRGUI,,4675898,283644747,0 SENTINEL 1A,1 39634U 14016A   25080.52193724  .00000705  00000-0  15917-3 0  9993,2 39634  98.1827  89.6080 0001343  90.0267 270.1086 14.59197351584037
3.0,GENERATED VIA SPACE-TRACK.ORG API,2025-03-21 22:16:17+00:00,18 SPCS,SENTINEL 1A,2014-016A,EARTH,TEME,UTC,SGP4,2025-03-21 20:45:18.238752+00:00,14.59198184,0.00013430,98.1827,89.9460,90.0720,270.0634,0,U,39634,999,58408,0.00016885000000,0.00000750,0.0000000000000,7073.901,98.684,696.716,694.816,PAYLOAD,LARGE,ESA,2014-04-03,FRGUI,,4676289,283653081,0 SENTINEL 1A,1 39634U 14016A   25080.86479443  .00000750  00000-0  16885-3 0  9990,2 39634  98.1827  89.9460 0001343  90.0720 270.0634 14.59198184584084
3.0,GENERATED VIA SPACE-TRACK.ORG API,2025-03-21 22:23:56+00:00,18 SPCS,SENTINEL 1A,2014-016A,EARTH,TEME,UTC,SGP4,2025-03-21 14:10:19.954272+00:00,14.59197443,0.00013430,98.1827,89.6756,90.0761,270.0592,0,U,39634,999,58401,0.00015874000000,0.00000703,0.0000000000000,7073.904,98.684,696.719,694.819,PAYLOAD,LARGE,ESA,2014-04-03,FRGUI,,4676295,283667548,0 SENTINEL 1A,1 39634U 14016A   25080.59050873  .00000703  00000-0  15874-3 0  9997,2 39634  98.1827  89.6756 0001343  90.0761 270.0592 14.59197443584017
3.0,GENERATED VIA SPACE-TRACK.ORG API,2025-03-22 03:56:54+00:00,18 SPCS,SENTINEL 1A,2014-016A,EARTH,TEME,UTC,SGP4,2025-03-21 22:24:02.811168+00:00,14.59198302,0.00013410,98.1827,90.0136,90.0538,270.0816,0,U,39634,999,58406,0.00016864000000,0.00000749,0.0000000000000,7073.901,98.684,696.714,694.817,PAYLOAD,LARGE,ESA,2014-04-03,FRGUI,,4676626,283705213,0 SENTINEL 1A,1 39634U 14016A   25080.93336587  .00000749  00000-0  16864-3 0  9994,2 39634  98.1827  90.0136 0001341  90.0538 270.0816 14.59198302584064
3.0,GENERATED VIA SPACE-TRACK.ORG API,2025-03-22 06:16:17+00:00,18 SPCS,SENTINEL 1A,2014-016A,EARTH,TEME,UTC,SGP4,2025-03-22 03:20:16.528416+00:00,14.59198563,0.00013430,98.1827,90.2164,90.5898,269.5455,0,U,39634,999,58412,0.00016381000000,0.00000726,0.0000000000000,7073.900,98.684,696.715,694.815,PAYLOAD,LARGE,ESA,2014-04-03,FRGUI,,4676642,283720823,0 SENTINEL 1A,1 39634U 14016A   25081.13908019  .00000726  00000-0  16381-3 0  9991,2 39634  98.1827  90.2164 0001343  90.5898 269.5455 14.59198563584121
3.0,GENERATED VIA SPACE-TRACK.ORG API,2025-03-22 14:16:33+00:00,18 SPCS,SENTINEL 1A,2014-016A,EARTH,TEME,UTC,SGP4,2025-03-22 11:33:59.342976+00:00,14.59199529,0.00013480,98.1827,90.5544,90.2791,269.8563,0,U,39634,999,58417,0.00017252000000,0.00000768,0.0000000000000,7073.897,98.684,696.715,694.808,PAYLOAD,LARGE,ESA,2014-04-03,FRGUI,,4677039,283730414,0 SENTINEL 1A,1 39634U 14016A   25081.48193684  .00000768  00000-0  17252-3 0  9997,2 39634  98.1827  90.5544 0001348  90.2791 269.8563 14.59199529584171
3.0,GENERATED VIA SPACE-TRACK.ORG API,2025-03-22 19:15:20+00:00,18 SPCS,SENTINEL 1A,2014-016A,EARTH,TEME,UTC,SGP4,2025-03-22 13:12:43.909344+00:00,14.59199643,0.00013470,98.1826,90.6219,90.2507,269.8847,0,U,39634,999,58415,0.00017246000000,0.00000767,0.0000000000000,7073.896,98.684,696.714,694.809,PAYLOAD,LARGE,ESA,2014-04-03,FRGUI,,4677401,283753308,0 SENTINEL 1A,1 39634U 14016A   25081.55050821  .00000767  00000-0  17246-3 0  9992,2 39634  98.1826  90.6219 0001347  90.2507 269.8847 14.59199643584154
3.0,GENERATED VIA SPACE-TRACK.ORG API,2025-03-22 22:26:19+00:00,18 SPCS,SENTINEL 1A,2014-016A,EARTH,TEME,UTC,SGP4,2025-03-22 19:47:42.171360+00:00,14.59200099,0.00013470,98.1826,90.8923,90.3685,269.7669,0,U,39634,999,58422,0.00016989000000,0.00000755,0.0000000000000,7073.895,98.684,696.713,694.807,PAYLOAD,LARGE,ESA,2014-04-03,FRGUI,,4677455,283769712,0 SENTINEL 1A,1 39634U 14016A   25081.82479365  .00000755  00000-0  16989-3 0  9990,2 39634  98.1826  90.8923 0001347  90.3685 269.7669 14.59200099584223
3.0,GENERATED VIA SPACE-TRACK.ORG API,2025-03-23 03:40:06+00:00,18 SPCS,SENTINEL 1A,2014-016A,EARTH,TEME,UTC,SGP4,2025-03-22 23:05:11.299776+00:00,14.59200321,0.00013440,98.1826,91.0275,90.2675,269.8679,0,U,39634,999,58421,0.00016874000000,0.00000750,0.0000000000000,7073.894,98.684,696.710,694.809,PAYLOAD,LARGE,ESA,2014-04-03,FRGUI,,4677771,283791967,0 SENTINEL 1A,1 39634U 14016A   25081.96193634  .00000750  00000-0  16874-3 0  9995,2 39634  98.1826  91.0275 0001344  90.2675 269.8679 14.59200321584210
3.0,GENERATED VIA SPACE-TRACK.ORG API,2025-03-23 06:16:17+00:00,18 SPCS,SENTINEL 1A,2014-016A,EARTH,TEME,UTC,SGP4,2025-03-23 04:01:24.996288+00:00,14.59201080,0.00013470,98.1826,91.2303,90.2285,269.9069,0,U,39634,999,58427,0.00018671000000,0.00000835,0.0000000000000,7073.892,98.684,696.710,694.804,PAYLOAD,LARGE,ESA,2014-04-03,FRGUI,,4677775,283808078,0 SENTINEL 1A,1 39634U 14016A   25082.16765042  .00000835  00000-0  18671-3 0  9997,2 39634  98.1826  91.2303 0001347  90.2285 269.9069 14.59201080584277
3.0,GENERATED VIA SPACE-TRACK.ORG API,2025-03-23 14:16:17+00:00,18 SPCS,SENTINEL 1A,2014-016A,EARTH,TEME,UTC,SGP4,2025-03-23 12:15:07.810848+00:00,14.59201310,0.00013470,98.1826,91.5682,90.1779,269.9575,0,U,39634,999,58432,0.00017073000000,0.00000759,0.0000000000000,7073.891,98.684,696.709,694.803,PAYLOAD,LARGE,ESA,2014-04-03,FRGUI,,4678151,283817190,0 SENTINEL 1A,1 39634U 14016A   25082.51050707  .00000759  00000-0  17073-3 0  9991,2 39634  98.1826  91.5682 0001347  90.1779 269.9575 14.59201310584321
3.0,GENERATED VIA SPACE-TRACK.ORG API,2025-03-23 18:15:00+00:00,18 SPCS,SENTINEL 1A,2014-016A,EARTH,TEME,UTC,SGP4,2025-03-23 13:53:52.371168+00:00,14.59201395,0.00013480,98.1826,91.6358,90.2084,269.9271,0,U,39634,999,58430,0.00016906000000,0.00000751,0.0000000000000,7073.891,98.684,696.709,694.802,PAYLOAD,LARGE,ESA,2014-04-03,FRGUI,,4678394,283837162,0 SENTINEL 1A,1 39634U 14016A   25082.57907837  .00000751  00000-0  16906-3 0  9998,2 39634  98.1826  91.6358 0001348  90.2084 269.9271 14.59201395584307
3.0,GENERATED VIA SPACE-TRACK.ORG API,2025-03-23 22:16:17+00:00,18 SPCS,SENTINEL 1A,2014-016A,EARTH,TEME,UTC,SGP4,2025-03-23 20:28:50.606400+00:00,14.59201811,0.00013480,98.1825,91.9062,90.1750,269.9604,0,U,39634,999,58437,0.00016649000000,0.00000739,0.0000000000000,7073.889,98.684,696.708,694.801,PAYLOAD,LARGE,ESA,2014-04-03,FRGUI,,4678425,283853787,0 SENTINEL 1A,1 39634U 14016A   25082.85336350  .00000739  00000-0  16649-3 0  9995,2 39634  98.1825  91.9062 0001348  90.1750 269.9604 14.59201811584370
3.0,GENERATED VIA SPACE-TRACK.ORG API,2025-03-24 02:21:51+00:00,18 SPCS,SENTINEL 1A,2014-016A,EARTH,TEME,UTC,SGP4,2025-03-23 22:07:35.163264+00:00,14.59201942,0.00013470,98.1825,91.9738,90.1697,269.9657,0,U,39634,999,58435,0.00016678000000,0.00000741,0.0000000000000,7073.889,98.684,696.707,694.801,PAYLOAD,LARGE,ESA,2014-04-03,FRGUI,,4678815,283877548,0 SENTINEL 1A,1 39634U 14016A   25082.92193476  .00000741  00000-0  16678-3 0  9998,2 39634  98.1825  91.9738 0001347  90.1697 269.9657 14.59201942584350
3.0,GENERATED VIA SPACE-TRACK.ORG API,2025-03-24 06:26:21+00:00,18 SPCS,SENTINEL 1A,2014-016A,EARTH,TEME,UTC,SGP4,2025-03-24 03:03:48.826944+00:00,14.59202380,0.00013480,98.1825,92.1766,90.1628,269.9727,0,U,39634,999,58441,0.00017121000000,0.00000761,0.0000000000000,7073.888,98.684,696.706,694.799,PAYLOAD,LARGE,ESA,2014-04-03,FRGUI,,4678874,283893903,0 SENTINEL 1A,1 39634U 14016A   25083.12764846  .00000761  00000-0  17121-3 0  9992,2 39634  98.1825  92.1766 0001348  90.1628 269.9727 14.59202380584411
3.0,GENERATED VIA SPACE-TRACK.ORG API,2025-03-24 14:16:18+00:00,18 SPCS,SENTINEL 1A,2014-016A,EARTH,TEME,UTC,SGP4,2025-03-24 08:00:02.505312+00:00,14.59202592,0.00013500,98.1825,92.3794,90.1489,269.9865,0,U,39634,999,58444,0.00016840000000,0.00000748,0.0000000000000,7073.887,98.684,696.707,694.797,PAYLOAD,LARGE,ESA,2014-04-03,FRGUI,,4679141,283900317,0 SENTINEL 1A,1 39634U 14016A   25083.33336233  .00000748  00000-0  16840-3 0  9992,2 39634  98.1825  92.3794 0001350  90.1489 269.9865 14.59202592584443
3.0,GENERATED VIA SPACE-TRACK.ORG API,2025-03-24 19:49:24+00:00,18 SPCS,SENTINEL 1A,2014-016A,EARTH,TEME,UTC,SGP4,2025-03-24 12:56:16.161216+00:00,14.59202995,0.00013510,98.1825,92.5822,90.1252,270.0103,0,U,39634,999,58444,0.00016816000000,0.00000747,0.0000000000000,7073.886,98.684,696.706,694.795,PAYLOAD,LARGE,ESA,2014-04-03,FRGUI,,4679439,283922285,0 SENTINEL 1A,1 39634U 14016A   25083.53907594  .00000747  00000-0  16816-3 0  9990,2 39634  98.1825  92.5822 0001351  90.1252 270.0103 14.59202995584441
3.0,GENERATED VIA SPACE-TRACK.ORG API,2025-03-24 22:26:18+00:00,18 SPCS,SENTINEL 1A,2014-016A,EARTH,TEME,UTC,SGP4,2025-03-24 19:31:14.359296+00:00,14.59203616,0.00013500,98.1825,92.8525,90.6436,269.4918,0,U,39634,999,58451,0.00017543000000,0.00000781,0.0000000000000,7073.884,98.684,696.704,694.794,PAYLOAD,LARGE,ESA,2014-04-03,FRGUI,,4679471,283938630,0 SENTINEL 1A,1 39634U 14016A   25083.81336064  .00000781  00000-0  17543-3 0  9995,2 39634  98.1825  92.8525 0001350  90.6436 269.4918 14.59203616584517
3.0,GENERATED VIA SPACE-TRACK.ORG API,2025-03-25 02:12:31+00:00,18 SPCS,SENTINEL 1A,2014-016A,EARTH,TEME,UTC,SGP4,2025-03-24 21:09:58.909248+00:00,14.59203720,0.00013490,98.1825,92.9201,90.5227,269.6127,0,U,39634,999,58449,0.00017353000000,0.00000772,0.0000000000000,7073.883,98.684,696.703,694.794,PAYLOAD,LARGE,ESA,2014-04-03,FRGUI,,4679785,283959619,0 SENTINEL 1A,1 39634U 14016A   25083.88193182  .00000772  00000-0  17353-3 0  9993,2 39634  98.1825  92.9201 0001349  90.5227 269.6127 14.59203720584491
3.0,GENERATED VIA SPACE-TRACK.ORG API,2025-03-25 06:26:27+00:00,18 SPCS,SENTINEL 1A,2014-016A,EARTH,TEME,UTC,SGP4,2025-03-25 02:06:12.556512+00:00,14.59204073,0.00013490,98.1825,93.1229,90.4506,269.6848,0,U,39634,999,58455,0.00017471000000,0.00000778,0.0000000000000,7073.882,98.684,696.701,694.793,PAYLOAD,LARGE,ESA,2014-04-03,FRGUI,,4679820,283975259,0 SENTINEL 1A,1 39634U 14016A   25084.08764533  .00000778  00000-0  17471-3 0  9997,2 39634  98.1825  93.1229 0001349  90.4506 269.6848 14.59204073584552
3.0,GENERATED VIA SPACE-TRACK.ORG API,2025-03-25 14:26:18+00:00,18 SPCS,SENTINEL 1A,2014-016A,EARTH,TEME,UTC,SGP4,2025-03-25 11:58:39.851040+00:00,14.59204596,0.00013510,98.1825,93.5285,90.2984,269.8371,0,U,39634,999,58461,0.00017006000000,0.00000756,0.0000000000000,7073.880,98.684,696.701,694.790,PAYLOAD,LARGE,ESA,2014-04-03,FRGUI,,4680154,283982997,0 SENTINEL 1A,1 39634U 14016A   25084.49907235  .00000756  00000-0  17006-3 0  9990,2 39634  98.1825  93.5285 0001351  90.2984 269.8371 14.59204596584619
3.0,GENERATED VIA SPACE-TRACK.ORG API,2025-03-25 18:41:00+00:00,18 SPCS,SENTINEL 1A,2014-016A,EARTH,TEME,UTC,SGP4,2025-03-25 13:37:24.395808+00:00,14.59204718,0.00013510,98.1825,93.5961,90.3050,269.8305,0,U,39634,999,58459,0.00016944000000,0.00000753,0.0000000000000,7073.880,98.684,696.701,694.789,PAYLOAD,LARGE,ESA,2014-04-03,FRGUI,,4680300,284001329,0 SENTINEL 1A,1 39634U 14016A   25084.56764347  .00000753  00000-0  16944-3 0  9990,2 39634  98.1825  93.5961 0001351  90.3050 269.8305 14.59204718584595
3.0,GENERATED VIA SPACE-TRACK.ORG API,2025-03-25 22:26:18+00:00,18 SPCS,SENTINEL 1A,2014-016A,EARTH,TEME,UTC,SGP4,2025-03-25 20:12:22.577472+00:00,14.59205127,0.00013460,98.1824,93.8665,90.6825,269.4528,0,U,39634,999,58466,0.00016910000000,0.00000752,0.0000000000000,7073.879,98.684,696.696,694.792,PAYLOAD,LARGE,ESA,2014-04-03,FRGUI,,4680362,284018028,0 SENTINEL 1A,1 39634U 14016A   25084.84192798  .00000752  00000-0  16910-3 0  9998,2 39634  98.1824  93.8665 0001346  90.6825 269.4528 14.59205127584661
3.0,GENERATED VIA SPACE-TRACK.ORG API,2025-03-26 02:56:27+00:00,18 SPCS,SENTINEL 1A,2014-016A,EARTH,TEME,UTC,SGP4,2025-03-25 21:51:07.118784+00:00,14.59205260,0.00013450,98.1824,93.9341,90.8122,269.3232,0,U,39634,999,58464,0.00016948000000,0.00000753,0.0000000000000,7073.878,98.684,696.695,694.792,PAYLOAD,LARGE,ESA,2014-04-03,FRGUI,,4680658,284039435,0 SENTINEL 1A,1 39634U 14016A   25084.91049906  .00000753  00000-0  16948-3 0  9990,2 39634  98.1824  93.9341 0001345  90.8122 269.3232 14.59205260584641
3.0,GENERATED VIA SPACE-TRACK.ORG API,2025-03-26 06:27:10+00:00,18 SPCS,SENTINEL 1A,2014-016A,EARTH,TEME,UTC,SGP4,2025-03-26 04:26:05.465472+00:00,14.59193445,0.00013420,98.1825,94.2046,92.4368,267.6985,0,U,39634,999,58471,0.00018143000000,0.00000809,0.0000000000000,7073.916,98.685,696.731,694.832,PAYLOAD,LARGE,ESA,2014-04-03,FRGUI,,4680699,284055647,0 SENTINEL 1A,1 39634U 14016A   25085.18478548  .00000809  00000-0  18143-3 0  9999,2 39634  98.1825  94.2046 0001342  92.4368 267.6985 14.59193445584710
3.0,GENERATED VIA SPACE-TRACK.ORG API,2025-03-26 14:26:19+00:00,18 SPCS,SENTINEL 1A,2014-016A,EARTH,TEME,UTC,SGP4,2025-03-26 12:39:48.464928+00:00,14.59192609,0.00013440,98.1824,94.5424,90.5557,269.5796,0,U,39634,999,58476,0.00016395000000,0.00000727,0.0000000000000,7073.919,98.685,696.735,694.833,PAYLOAD,LARGE,ESA,2014-04-03,FRGUI,,4681107,284065608,0 SENTINEL 1A,1 39634U 14016A   25085.52764427  .00000727  00000-0  16395-3 0  9997,2 39634  98.1824  94.5424 0001344  90.5557 269.5796 14.59192609584760
3.0,GENERATED VIA SPACE-TRACK.ORG API,2025-03-26 22:16:18+00:00,18 SPCS,SENTINEL 1A,2014-016A,EARTH,TEME,UTC,SGP4,2025-03-26 19:14:46.840992+00:00,14.59192988,0.00013650,98.1825,94.8127,89.6732,270.4624,0,U,39634,999,58480,0.00017146000000,0.00000762,0.0000000000000,7073.918,98.685,696.749,694.817,PAYLOAD,LARGE,ESA,2014-04-03,FRGUI,,4681395,284103043,0 SENTINEL 1A,1 39634U 14016A   25085.80193103  .00000762  00000-0  17146-3 0  9999,2 39634  98.1825  94.8127 0001365  89.6732 270.4624 14.59192988584807
3.0,GENERATED VIA SPACE-TRACK.ORG API,2025-03-27 02:49:37+00:00,18 SPCS,SENTINEL 1A,2014-016A,EARTH,TEME,UTC,SGP4,2025-03-26 22:32:16.019520+00:00,14.59193315,0.00013520,98.1825,94.9479,89.9291,270.2064,0,U,39634,999,58479,0.00017027000000,0.00000757,0.0000000000000,7073.917,98.685,696.738,694.826,PAYLOAD,LARGE,ESA,2014-04-03,FRGUI,,4681624,284122093,0 SENTINEL 1A,1 39634U 14016A   25085.93907430  .00000757  00000-0  17027-3 0  9991,2 39634  98.1825  94.9479 0001352  89.9291 270.2064 14.59193315584796
3.0,GENERATED VIA SPACE-TRACK.ORG API,2025-03-27 06:26:19+00:00,18 SPCS,SENTINEL 1A,2014-016A,EARTH,TEME,UTC,SGP4,2025-03-27 03:28:29.789472+00:00,14.59193839,0.00013480,98.1824,95.1507,90.5220,269.6135,0,U,39634,999,58485,0.00017427000000,0.00000776,0.0000000000000,7073.915,98.685,696.734,694.827,PAYLOAD,LARGE,ESA,2014-04-03,FRGUI,,4681654,284138242,0 SENTINEL 1A,1 39634U 14016A   25086.14478923  .00000776  00000-0  17427-3 0  9990,2 39634  98.1824  95.1507 0001348  90.5220 269.6135 14.59193839584854
3.0,GENERATED VIA SPACE-TRACK.ORG API,2025-03-27 19:56:17+00:00,18 SPCS,SENTINEL 1A,2014-016A,EARTH,TEME,UTC,SGP4,2025-03-27 18:17:11.097600+00:00,14.59194417,0.00013490,98.1824,95.7591,90.6723,269.4632,0,U,39634,999,58494,0.00015500000000,0.00000685,0.0000000000000,7073.913,98.685,696.733,694.824,PAYLOAD,LARGE,ESA,2014-04-03,FRGUI,,4682022,284147019,0 SENTINEL 1A,1 39634U 14016A   25086.76193400  .00000685  00000-0  15500-3 0  9991,2 39634  98.1824  95.7591 0001349  90.6723 269.4632 14.59194417584946
3.0,GENERATED VIA SPACE-TRACK.ORG API,2025-03-27 20:14:59+00:00,18 SPCS,SENTINEL 1A,2014-016A,EARTH,TEME,UTC,SGP4,2025-03-27 11:42:12.746592+00:00,14.59194053,0.00013490,98.1824,95.4886,90.3239,269.8116,0,U,39634,999,58487,0.00015912000000,0.00000704,0.0000000000000,7073.915,98.685,696.734,694.825,PAYLOAD,LARGE,ESA,2014-04-03,FRGUI,,4682083,284163374,0 SENTINEL 1A,1 39634U 14016A   25086.48764753  .00000704  00000-0  15912-3 0  9994,2 39634  98.1824  95.4886 0001349  90.3239 269.8116 14.59194053584878
3.0,GENERATED VIA SPACE-TRACK.ORG API,2025-03-27 22:16:17+00:00,18 SPCS,SENTINEL 1A,2014-016A,EARTH,TEME,UTC,SGP4,2025-03-27 19:55:55.681248+00:00,14.59194575,0.00013500,98.1824,95.8267,90.5285,269.6070,0,U,39634,999,58495,0.00015612000000,0.00000690,0.0000000000000,7073.913,98.685,696.733,694.823,PAYLOAD,LARGE,ESA,2014-04-03,FRGUI,,4682513,284188937,0 SENTINEL 1A,1 39634U 14016A   25086.83050557  .00000690  00000-0  15612-3 0  9994,2 39634  98.1824  95.8267 0001350  90.5285 269.6070 14.59194575584955
3.0,GENERATED VIA SPACE-TRACK.ORG API,2025-03-28 02:54:00+00:00,18 SPCS,SENTINEL 1A,2014-016A,EARTH,TEME,UTC,SGP4,2025-03-27 23:13:24.850272+00:00,14.59194833,0.00013460,98.1824,95.9619,90.4663,269.6691,0,U,39634,999,58494,0.00015911000000,0.00000704,0.0000000000000,7073.912,98.685,696.729,694.825,PAYLOAD,LARGE,ESA,2014-04-03,FRGUI,,4682611,284205431,0 SENTINEL 1A,1 39634U 14016A   25086.96764873  .00000704  00000-0  15911-3 0  9999,2 39634  98.1824  95.9619 0001346  90.4663 269.6691 14.59194833584946
3.0,GENERATED VIA SPACE-TRACK.ORG API,2025-03-28 06:36:23+00:00,18 SPCS,SENTINEL 1A,2014-016A,EARTH,TEME,UTC,SGP4,2025-03-28 04:09:38.621088+00:00,14.59194956,0.00013460,98.1824,96.1647,90.6235,269.5119,0,U,39634,999,58500,0.00015837000000,0.00000701,0.0000000000000,7073.912,98.685,696.729,694.824,PAYLOAD,LARGE,ESA,2014-04-03,FRGUI,,4682689,284221976,0 SENTINEL 1A,1 39634U 14016A   25087.17336367  .00000701  00000-0  15837-3 0  9990,2 39634  98.1824  96.1647 0001346  90.6235 269.5119 14.59194956585005
3.0,GENERATED VIA SPACE-TRACK.ORG API,2025-03-28 14:16:17+00:00,18 SPCS,SENTINEL 1A,2014-016A,EARTH,TEME,UTC,SGP4,2025-03-28 10:44:36.957408+00:00,14.59195230,0.00013420,98.1824,96.4351,90.7189,269.4165,0,U,39634,999,58504,0.00014809000000,0.00000652,0.0000000000000,7073.911,98.685,696.725,694.826,PAYLOAD,LARGE,ESA,2014-04-03,FRGUI,,4682953,284229002,0 SENTINEL 1A,1 39634U 14016A   25087.44764997  .00000652  00000-0  14809-3 0  9997,2 39634  98.1824  96.4351 0001342  90.7189 269.4165 14.59195230585045
3.0,GENERATED VIA SPACE-TRACK.ORG API,2025-03-28 22:16:17+00:00,18 SPCS,SENTINEL 1A,2014-016A,EARTH,TEME,UTC,SGP4,2025-03-28 18:58:19.871328+00:00,14.59195715,0.00013450,98.1824,96.7730,90.8260,269.3094,0,U,39634,999,58509,0.00014642000000,0.00000644,0.0000000000000,7073.909,98.685,696.726,694.823,PAYLOAD,LARGE,ESA,2014-04-03,FRGUI,,4683304,284266636,0 SENTINEL 1A,1 39634U 14016A   25087.79050777  .00000644  00000-0  14642-3 0  9995,2 39634  98.1824  96.7730 0001345  90.8260 269.3094 14.59195715585096
3.0,GENERATED VIA SPACE-TRACK.ORG API,2025-03-29 02:24:46+00:00,18 SPCS,SENTINEL 1A,2014-016A,EARTH,TEME,UTC,SGP4,2025-03-28 22:15:49.033440+00:00,14.59195912,0.00013430,98.1824,96.9082,90.8678,269.2676,0,U,39634,999,58508,0.00014478000000,0.00000637,0.0000000000000,7073.909,98.684,696.724,694.823,PAYLOAD,LARGE,ESA,2014-04-03,FRGUI,,4683631,284289129,0 SENTINEL 1A,1 39634U 14016A   25087.92765085  .00000637  00000-0  14478-3 0  9994,2 39634  98.1824  96.9082 0001343  90.8678 269.2676 14.59195912585082
3.0,GENERATED VIA SPACE-TRACK.ORG API,2025-03-29 06:36:17+00:00,18 SPCS,SENTINEL 1A,2014-016A,EARTH,TEME,UTC,SGP4,2025-03-29 03:12:02.780928+00:00,14.59196080,0.00013430,98.1824,97.1110,90.7829,269.3524,0,U,39634,999,58514,0.00013453000000,0.00000588,0.0000000000000,7073.908,98.684,696.723,694.823,PAYLOAD,LARGE,ESA,2014-04-03,FRGUI,,4683720,284305838,0 SENTINEL 1A,1 39634U 14016A   25088.13336552  .00000588  00000-0  13453-3 0  9998,2 39634  98.1824  97.1110 0001343  90.7829 269.3524 14.59196080585141
3.0,GENERATED VIA SPACE-TRACK.ORG API,2025-03-29 14:36:27+00:00,18 SPCS,SENTINEL 1A,2014-016A,EARTH,TEME,UTC,SGP4,2025-03-29 08:08:16.524096+00:00,14.59196286,0.00013440,98.1825,97.3138,90.7535,269.3819,0,U,39634,999,58517,0.00012961000000,0.00000565,0.0000000000000,7073.907,98.684,696.723,694.822,PAYLOAD,LARGE,ESA,2014-04-03,FRGUI,,4684108,284315554,0 SENTINEL 1A,1 39634U 14016A   25088.33908014  .00000565  00000-0  12961-3 0  9996,2 39634  98.1825  97.3138 0001344  90.7535 269.3819 14.59196286585177
3.0,GENERATED VIA SPACE-TRACK.ORG API,2025-03-29 22:16:17+00:00,18 SPCS,SENTINEL 1A,2014-016A,EARTH,TEME,UTC,SGP4,2025-03-29 21:18:13.164768+00:00,14.59196723,0.00013390,98.1824,97.8545,90.5800,269.5553,0,U,39634,999,58525,0.00011713000000,0.00000506,0.0000000000000,7073.906,98.684,696.718,694.824,PAYLOAD,LARGE,ESA,2014-04-03,FRGUI,,4684218,284348672,0 SENTINEL 1A,1 39634U 14016A   25088.88765237  .00000506  00000-0  11713-3 0  9993,2 39634  98.1824  97.8545 0001339  90.5800 269.5553 14.59196723585252
3.0,GENERATED VIA SPACE-TRACK.ORG API,2025-03-30 04:28:37+00:00,18 SPCS,SENTINEL 1A,2014-016A,EARTH,TEME,UTC,SGP4,2025-03-29 22:56:57.740640+00:00,14.59196810,0.00013370,98.1824,97.9221,90.7194,269.4159,0,U,39634,999,58523,0.00011631000000,0.00000503,0.0000000000000,7073.906,98.684,696.716,694.825,PAYLOAD,LARGE,ESA,2014-04-03,FRGUI,,4684622,284372832,0 SENTINEL 1A,1 39634U 14016A   25088.95622385  .00000503  00000-0  11631-3 0  9993,2 39634  98.1824  97.9221 0001337  90.7194 269.4159 14.59196810585236
3.0,GENERATED VIA SPACE-TRACK.ORG API,2025-03-30 06:26:28+00:00,18 SPCS,SENTINEL 1A,2014-016A,EARTH,TEME,UTC,SGP4,2025-03-30 03:53:11.473440+00:00,14.59197102,0.00013360,98.1824,98.1249,90.4831,269.6522,0,U,39634,999,58529,0.00011543000000,0.00000498,0.0000000000000,7073.905,98.684,696.715,694.825,PAYLOAD,LARGE,ESA,2014-04-03,FRGUI,,4684665,284388679,0 SENTINEL 1A,1 39634U 14016A   25089.16193835  .00000498  00000-0  11543-3 0  9995,2 39634  98.1824  98.1249 0001336  90.4831 269.6522 14.59197102585290
3.0,GENERATED VIA SPACE-TRACK.ORG API,2025-03-30 14:16:28+00:00,18 SPCS,SENTINEL 1A,2014-016A,EARTH,TEME,UTC,SGP4,2025-03-30 07:10:40.623456+00:00,14.59197292,0.00013360,98.1824,98.2601,90.5986,269.5367,0,U,39634,999,58531,0.00011711000000,0.00000506,0.0000000000000,7073.904,98.684,696.714,694.824,PAYLOAD,LARGE,ESA,2014-04-03,FRGUI,,4684997,284397364,0 SENTINEL 1A,1 39634U 14016A   25089.29908129  .00000506  00000-0  11711-3 0  9996,2 39634  98.1824  98.2601 0001336  90.5986 269.5367 14.59197292585314
3.0,GENERATED VIA SPACE-TRACK.ORG API,2025-03-30 17:21:43+00:00,18 SPCS,SENTINEL 1A,2014-016A,EARTH,TEME,UTC,SGP4,2025-03-30 07:10:40.623456+00:00,14.59197292,0.00013360,98.1824,98.2601,90.5986,269.5367,0,U,39634,999,58528,0.00011711000000,0.00000506,0.0000000000000,7073.904,98.684,696.714,694.824,PAYLOAD,LARGE,ESA,2014-04-03,FRGUI,,4685273,284418771,0 SENTINEL 1A,1 39634U 14016A   25089.29908129  .00000506  00000-0  11711-3 0  9996,2 39634  98.1824  98.2601 0001336  90.5986 269.5367 14.59197292585280
3.0,GENERATED VIA SPACE-TRACK.ORG API,2025-03-31 02:53:27+00:00,18 SPCS,SENTINEL 1A,2014-016A,EARTH,TEME,UTC,SGP4,2025-03-30 20:20:37.153536+00:00,14.59198948,0.00013440,98.1823,98.8007,91.1437,268.9916,0,U,39634,999,58536,0.00016650000000,0.00000739,0.0000000000000,7073.899,98.684,696.714,694.813,PAYLOAD,LARGE,ESA,2014-04-03,FRGUI,,4685503,284454005,0 SENTINEL 1A,1 39634U 14016A   25089.84765224  .00000739  00000-0  16650-3 0  9999,2 39634  98.1823  98.8007 0001344  91.1437 268.9916 14.59198948585363
3.0,GENERATED VIA SPACE-TRACK.ORG API,2025-03-31 06:16:18+00:00,18 SPCS,SENTINEL 1A,2014-016A,EARTH,TEME,UTC,SGP4,2025-03-30 23:38:06.306144+00:00,14.59198967,0.00013480,98.1823,98.9360,90.7103,269.4251,0,U,39634,999,58541,0.00015668000000,0.00000693,0.0000000000000,7073.899,98.684,696.717,694.810,PAYLOAD,LARGE,ESA,2014-04-03,FRGUI,,4685520,284469772,0 SENTINEL 1A,1 39634U 14016A   25089.98479521  .00000693  00000-0  15668-3 0  9993,2 39634  98.1823  98.9360 0001348  90.7103 269.4251 14.59198967585410
3.0,GENERATED VIA SPACE-TRACK.ORG API,2025-03-31 14:16:28+00:00,18 SPCS,SENTINEL 1A,2014-016A,EARTH,TEME,UTC,SGP4,2025-03-31 12:48:02.973600+00:00,14.59196712,0.00013380,98.1825,99.4767,90.7021,269.4332,0,U,39634,999,58549,0.00015689000000,0.00000694,0.0000000000000,7073.906,98.684,696.717,694.824,PAYLOAD,LARGE,ESA,2014-04-03,FRGUI,,4685882,284478474,0 SENTINEL 1A,1 39634U 14016A   25090.53336775  .00000694  00000-0  15689-3 0  9993,2 39634  98.1825  99.4767 0001338  90.7021 269.4332 14.59196712585491
3.0,GENERATED VIA SPACE-TRACK.ORG API,2025-03-31 18:06:17+00:00,18 SPCS,SENTINEL 1A,2014-016A,EARTH,TEME,UTC,SGP4,2025-03-31 16:05:32.127936+00:00,14.59196983,0.00013330,98.1824,99.6119,90.5610,269.5742,0,U,39634,999,58551,0.00015608000000,0.00000690,0.0000000000000,7073.905,98.684,696.713,694.827,PAYLOAD,LARGE,ESA,2014-04-03,FRGUI,,4686244,284487296,0 SENTINEL 1A,1 39634U 14016A   25090.67051074  .00000690  00000-0  15608-3 0  9991,2 39634  98.1824  99.6119 0001333  90.5610 269.5742 14.59196983585519
3.0,GENERATED VIA SPACE-TRACK.ORG API,2025-03-31 18:51:21+00:00,18 SPCS,SENTINEL 1A,2014-016A,EARTH,TEME,UTC,SGP4,2025-03-31 14:26:47.552064+00:00,14.59196798,0.00013400,98.1824,99.5443,90.7763,269.3591,0,U,39634,999,58547,0.00015648000000,0.00000692,0.0000000000000,7073.906,98.684,696.719,694.823,PAYLOAD,LARGE,ESA,2014-04-03,FRGUI,,4686407,284505355,0 SENTINEL 1A,1 39634U 14016A   25090.60193926  .00000692  00000-0  15648-3 0  9993,2 39634  98.1824  99.5443 0001340  90.7763 269.3591 14.59196798585476
3.0,GENERATED VIA SPACE-TRACK.ORG API,2025-03-31 22:16:18+00:00,18 SPCS,SENTINEL 1A,2014-016A,EARTH,TEME,UTC,SGP4,2025-03-31 21:01:45.859872+00:00,14.59197156,0.00013360,98.1824,99.8146,90.8413,269.2940,0,U,39634,999,58554,0.00013330000000,0.00000583,0.0000000000000,7073.904,98.684,696.715,694.824,PAYLOAD,LARGE,ESA,2014-04-03,FRGUI,,4686439,284521821,0 SENTINEL 1A,1 39634U 14016A   25090.87622523  .00000583  00000-0  13330-3 0  9997,2 39634  98.1824  99.8146 0001336  90.8413 269.2940 14.59197156585541
3.0,GENERATED VIA SPACE-TRACK.ORG API,2025-04-01 02:47:46+00:00,18 SPCS,SENTINEL 1A,2014-016A,EARTH,TEME,UTC,SGP4,2025-03-31 21:01:45.859872+00:00,14.59197156,0.00013360,98.1824,99.8146,90.8413,269.2940,0,U,39634,999,58551,0.00013330000000,0.00000583,0.0000000000000,7073.904,98.684,696.715,694.824,PAYLOAD,LARGE,ESA,2014-04-03,FRGUI,,4686608,284539164,0 SENTINEL 1A,1 39634U 14016A   25090.87622523  .00000583  00000-0  13330-3 0  9997,2 39634  98.1824  99.8146 0001336  90.8413 269.2940 14.59197156585518
3.0,GENERATED VIA SPACE-TRACK.ORG API,2025-04-01 06:16:56+00:00,18 SPCS,SENTINEL 1A,2014-016A,EARTH,TEME,UTC,SGP4,2025-04-01 05:15:28.750464+00:00,14.59197665,0.00013440,98.1824,100.1526,90.5764,269.5590,0,U,39634,999,58559,0.00014940000000,0.00000659,0.0000000000000,7073.903,98.684,696.719,694.817,PAYLOAD,LARGE,ESA,2014-04-03,FRGUI,,4686629,284555296,0 SENTINEL 1A,1 39634U 14016A   25091.21908276  .00000659  00000-0  14940-3 0  9990,2 39634  98.1824 100.1526 0001344  90.5764 269.5590 14.59197665585598
3.0,GENERATED VIA SPACE-TRACK.ORG API,2025-04-01 14:16:17+00:00,18 SPCS,SENTINEL 1A,2014-016A,EARTH,TEME,UTC,SGP4,2025-04-01 11:50:27.049632+00:00,14.59197896,0.00013450,98.1824,100.4230,90.3351,269.8003,0,U,39634,999,58563,0.00014213000000,0.00000624,0.0000000000000,7073.902,98.684,696.719,694.816,PAYLOAD,LARGE,ESA,2014-04-03,FRGUI,,4686990,284564152,0 SENTINEL 1A,1 39634U 14016A   25091.49336863  .00000624  00000-0  14213-3 0  9992,2 39634  98.1824 100.4230 0001345  90.3351 269.8003 14.59197896585637
3.0,GENERATED VIA SPACE-TRACK.ORG API,2025-04-01 17:48:34+00:00,18 SPCS,SENTINEL 1A,2014-016A,EARTH,TEME,UTC,SGP4,2025-04-01 13:29:11.623776+00:00,14.59197975,0.00013440,98.1824,100.4906,90.3639,269.7715,0,U,39634,999,58561,0.00014173000000,0.00000622,0.0000000000000,7073.902,98.684,696.718,694.816,PAYLOAD,LARGE,ESA,2014-04-03,FRGUI,,4687331,284586456,0 SENTINEL 1A,1 39634U 14016A   25091.56194009  .00000622  00000-0  14173-3 0  9997,2 39634  98.1824 100.4906 0001344  90.3639 269.7715 14.59197975585610
3.0,GENERATED VIA SPACE-TRACK.ORG API,2025-04-01 22:16:17+00:00,18 SPCS,SENTINEL 1A,2014-016A,EARTH,TEME,UTC,SGP4,2025-04-01 20:04:09.920352+00:00,14.59198244,0.00013360,98.1824,100.7610,90.5336,269.6017,0,U,39634,999,58568,0.00013919000000,0.00000610,0.0000000000000,7073.901,98.684,696.711,694.821,PAYLOAD,LARGE,ESA,2014-04-03,FRGUI,,4687365,284602266,0 SENTINEL 1A,1 39634U 14016A   25091.83622593  .00000610  00000-0  13919-3 0  9995,2 39634  98.1824 100.7610 0001336  90.5336 269.6017 14.59198244585683
3.0,GENERATED VIA SPACE-TRACK.ORG API,2025-04-02 02:26:20+00:00,18 SPCS,SENTINEL 1A,2014-016A,EARTH,TEME,UTC,SGP4,2025-04-01 23:21:39.060864+00:00,14.59198467,0.00013280,98.1824,100.8962,90.3857,269.7494,0,U,39634,999,58567,0.00013841000000,0.00000607,0.0000000000000,7073.900,98.684,696.705,694.826,PAYLOAD,LARGE,ESA,2014-04-03,FRGUI,,4687669,284623749,0 SENTINEL 1A,1 39634U 14016A   25091.97336876  .00000607  00000-0  13841-3 0  9996,2 39634  98.1824 100.8962 0001328  90.3857 269.7494 14.59198467585677
3.0,GENERATED VIA SPACE-TRACK.ORG API,2025-04-02 06:16:45+00:00,18 SPCS,SENTINEL 1A,2014-016A,EARTH,TEME,UTC,SGP4,2025-04-02 02:39:08.203104+00:00,14.59198650,0.00013280,98.1824,101.0314,90.4694,269.6658,0,U,39634,999,58572,0.00013763000000,0.00000603,0.0000000000000,7073.900,98.684,696.704,694.825,PAYLOAD,LARGE,ESA,2014-04-03,FRGUI,,4687679,284639488,0 SENTINEL 1A,1 39634U 14016A   25092.11051161  .00000603  00000-0  13763-3 0  9993,2 39634  98.1824 101.0314 0001328  90.4694 269.6658 14.59198650585722
3.0,GENERATED VIA SPACE-TRACK.ORG API,2025-04-02 14:26:19+00:00,18 SPCS,SENTINEL 1A,2014-016A,EARTH,TEME,UTC,SGP4,2025-04-02 12:31:35.607360+00:00,14.59199513,0.00013310,98.1824,101.4369,90.7283,269.4069,0,U,39634,999,58578,0.00014663000000,0.00000645,0.0000000000000,7073.897,98.684,696.703,694.820,PAYLOAD,LARGE,ESA,2014-04-03,FRGUI,,4688049,284647634,0 SENTINEL 1A,1 39634U 14016A   25092.52193990  .00000645  00000-0  14663-3 0  9991,2 39634  98.1824 101.4369 0001331  90.7283 269.4069 14.59199513585786
3.0,GENERATED VIA SPACE-TRACK.ORG API,2025-04-02 17:11:55+00:00,18 SPCS,SENTINEL 1A,2014-016A,EARTH,TEME,UTC,SGP4,2025-04-02 14:10:20.181504+00:00,14.59199554,0.00013380,98.1824,101.5045,90.6890,269.4463,0,U,39634,999,58576,0.00014645000000,0.00000645,0.0000000000000,7073.897,98.684,696.708,694.815,PAYLOAD,LARGE,ESA,2014-04-03,FRGUI,,4688355,284670202,0 SENTINEL 1A,1 39634U 14016A   25092.59051136  .00000645  00000-0  14645-3 0  9993,2 39634  98.1824 101.5045 0001338  90.6890 269.4463 14.59199554585769
3.0,GENERATED VIA SPACE-TRACK.ORG API,2025-04-02 22:16:17+00:00,18 SPCS,SENTINEL 1A,2014-016A,EARTH,TEME,UTC,SGP4,2025-04-02 20:45:18.464256+00:00,14.59199754,0.00013370,98.1823,101.7749,91.0526,269.0826,0,U,39634,999,58583,0.00014352000000,0.00000631,0.0000000000000,7073.896,98.684,696.707,694.815,PAYLOAD,LARGE,ESA,2014-04-03,FRGUI,,4688405,284685974,0 SENTINEL 1A,1 39634U 14016A   25092.86479704  .00000631  00000-0  14352-3 0  9998,2 39634  98.1823 101.7749 0001337  91.0526 269.0826 14.59199754585830
3.0,GENERATED VIA SPACE-TRACK.ORG API,2025-04-03 03:59:49+00:00,18 SPCS,SENTINEL 1A,2014-016A,EARTH,TEME,UTC,SGP4,2025-04-02 17:27:49.318560+00:00,14.59199712,0.00013390,98.1823,101.6397,90.7394,269.3959,0,U,39634,999,58578,0.00014604000000,0.00000643,0.0000000000000,7073.896,98.684,696.708,694.814,PAYLOAD,LARGE,ESA,2014-04-03,FRGUI,,4688710,284707604,0 SENTINEL 1A,1 39634U 14016A   25092.72765415  .00000643  00000-0  14604-3 0  9993,2 39634  98.1823 101.6397 0001339  90.7394 269.3959 14.59199712585787
3.0,GENERATED VIA SPACE-TRACK.ORG API,2025-04-03 06:16:16+00:00,18 SPCS,SENTINEL 1A,2014-016A,EARTH,TEME,UTC,SGP4,2025-04-03 04:59:01.361760+00:00,14.59199187,0.00013310,98.1823,102.1129,91.5505,268.5847,0,U,39634,999,58588,0.00008435400000,0.00000352,0.0000000000000,7073.898,98.684,696.704,694.821,PAYLOAD,LARGE,ESA,2014-04-03,FRGUI,,4688723,284723341,0 SENTINEL 1A,1 39634U 14016A   25093.20765465  .00000352  00000-0  84354-4 0  9999,2 39634  98.1823 102.1129 0001331  91.5505 268.5847 14.59199187585885
3.0,GENERATED VIA SPACE-TRACK.ORG API,2025-04-03 14:16:31+00:00,18 SPCS,SENTINEL 1A,2014-016A,EARTH,TEME,UTC,SGP4,2025-04-03 11:33:59.646240+00:00,14.59199184,0.00013370,98.1823,102.3833,91.1772,268.9581,0,U,39634,999,58592,0.00007533100000,0.00000309,0.0000000000000,7073.898,98.684,696.709,694.817,PAYLOAD,LARGE,ESA,2014-04-03,FRGUI,,4689105,284732109,0 SENTINEL 1A,1 39634U 14016A   25093.48194035  .00000309  00000-0  75331-4 0  9995,2 39634  98.1823 102.3833 0001337  91.1772 268.9581 14.59199184585928
3.0,GENERATED VIA SPACE-TRACK.ORG API,2025-04-03 20:53:45+00:00,18 SPCS,SENTINEL 1A,2014-016A,EARTH,TEME,UTC,SGP4,2025-04-03 13:12:44.215200+00:00,14.59199217,0.00013370,98.1823,102.4509,91.2194,268.9159,0,U,39634,999,58590,0.00007412100000,0.00000304,0.0000000000000,7073.898,98.684,696.709,694.817,PAYLOAD,LARGE,ESA,2014-04-03,FRGUI,,4689462,284754752,0 SENTINEL 1A,1 39634U 14016A   25093.55051175  .00000304  00000-0  74121-4 0  9991,2 39634  98.1823 102.4509 0001337  91.2194 268.9159 14.59199217585904
3.0,GENERATED VIA SPACE-TRACK.ORG API,2025-04-03 22:16:18+00:00,18 SPCS,SENTINEL 1A,2014-016A,EARTH,TEME,UTC,SGP4,2025-04-03 19:47:42.478944+00:00,14.59199519,0.00013350,98.1822,102.7213,92.2708,267.8645,0,U,39634,999,58597,0.00007697700000,0.00000317,0.0000000000000,7073.897,98.684,696.706,694.817,PAYLOAD,LARGE,ESA,2014-04-03,FRGUI,,4689475,284770641,0 SENTINEL 1A,1 39634U 14016A   25093.82479721  .00000317  00000-0  76977-4 0  9997,2 39634  98.1822 102.7213 0001335  92.2708 267.8645 14.59199519585978
3.0,GENERATED VIA SPACE-TRACK.ORG API,2025-04-04 02:37:00+00:00,18 SPCS,SENTINEL 1A,2014-016A,EARTH,TEME,UTC,SGP4,2025-04-03 21:26:27.047904+00:00,14.59199606,0.00013340,98.1822,102.7889,92.2151,267.9201,0,U,39634,999,58595,0.00007804500000,0.00000322,0.0000000000000,7073.897,98.684,696.705,694.818,PAYLOAD,LARGE,ESA,2014-04-03,FRGUI,,4689766,284791437,0 SENTINEL 1A,1 39634U 14016A   25093.89336861  .00000322  00000-0  78045-4 0  9995,2 39634  98.1822 102.7889 0001334  92.2151 267.9201 14.59199606585952
3.0,GENERATED VIA SPACE-TRACK.ORG API,2025-04-04 06:26:19+00:00,18 SPCS,SENTINEL 1A,2014-016A,EARTH,TEME,UTC,SGP4,2025-04-04 04:01:25.312512+00:00,14.59200015,0.00013350,98.1822,103.0592,92.0973,268.0379,0,U,39634,999,58602,0.00008498800000,0.00000355,0.0000000000000,7073.895,98.684,696.705,694.816,PAYLOAD,LARGE,ESA,2014-04-03,FRGUI,,4689843,284807971,0 SENTINEL 1A,1 39634U 14016A   25094.16765408  .00000355  00000-0  84988-4 0  9998,2 39634  98.1822 103.0592 0001335  92.0973 268.0379 14.59200015586022
3.0,GENERATED VIA SPACE-TRACK.ORG API,2025-04-04 14:26:18+00:00,18 SPCS,SENTINEL 1A,2014-016A,EARTH,TEME,UTC,SGP4,2025-04-04 12:15:08.142624+00:00,14.59200132,0.00013450,98.1821,103.3971,92.7611,267.3743,0,U,39634,999,58607,0.00007686800000,0.00000317,0.0000000000000,7073.895,98.684,696.711,694.808,PAYLOAD,LARGE,ESA,2014-04-03,FRGUI,,4690219,284816544,0 SENTINEL 1A,1 39634U 14016A   25094.51051091  .00000317  00000-0  76868-4 0  9999,2 39634  98.1821 103.3971 0001345  92.7611 267.3743 14.59200132586074
3.0,GENERATED VIA SPACE-TRACK.ORG API,2025-04-04 22:16:19+00:00,18 SPCS,SENTINEL 1A,2014-016A,EARTH,TEME,UTC,SGP4,2025-04-04 18:50:06.380448+00:00,14.59200751,0.00013440,98.1821,103.6675,92.8607,267.2747,0,U,39634,999,58611,0.00009655600000,0.00000409,0.0000000000000,7073.893,98.684,696.709,694.807,PAYLOAD,LARGE,ESA,2014-04-03,FRGUI,,4690547,284854888,0 SENTINEL 1A,1 39634U 14016A   25094.78479607  .00000409  00000-0  96556-4 0  9993,2 39634  98.1821 103.6675 0001344  92.8607 267.2747 14.59200751586118
3.0,GENERATED VIA SPACE-TRACK.ORG API,2025-04-05 06:26:19+00:00,18 SPCS,SENTINEL 1A,2014-016A,EARTH,TEME,UTC,SGP4,2025-04-05 04:42:33.741504+00:00,14.59201538,0.00013600,98.1821,104.0730,92.1552,267.9803,0,U,39634,999,58617,0.00011758000000,0.00000509,0.0000000000000,7073.890,98.684,696.717,694.793,PAYLOAD,LARGE,ESA,2014-04-03,FRGUI,,4690868,284891627,0 SENTINEL 1A,1 39634U 14016A   25095.19622386  .00000509  00000-0  11758-3 0  9994,2 39634  98.1821 104.0730 0001360  92.1552 267.9803 14.59201538586175
3.0,GENERATED VIA SPACE-TRACK.ORG API,2025-04-05 14:16:22+00:00,18 SPCS,SENTINEL 1A,2014-016A,EARTH,TEME,UTC,SGP4,2025-04-05 09:38:47.423328+00:00,14.59201789,0.00013630,98.1821,104.2758,92.0227,268.1129,0,U,39634,999,58620,0.00012187000000,0.00000529,0.0000000000000,7073.890,98.684,696.719,694.790,PAYLOAD,LARGE,ESA,2014-04-03,FRGUI,,4691255,284901048,0 SENTINEL 1A,1 39634U 14016A   25095.40193777  .00000529  00000-0  12187-3 0  9994,2 39634  98.1821 104.2758 0001363  92.0227 268.1129 14.59201789586204
3.0,GENERATED VIA SPACE-TRACK.ORG API,2025-04-05 22:16:16+00:00,18 SPCS,SENTINEL 1A,2014-016A,EARTH,TEME,UTC,SGP4,2025-04-05 21:09:59.538240+00:00,14.59197994,0.00013680,98.1821,104.7489,91.1713,268.9643,0,U,39634,999,58627,0.00011314000000,0.00000488,0.0000000000000,7073.902,98.684,696.734,694.799,PAYLOAD,LARGE,ESA,2014-04-03,FRGUI,,4691658,284910590,0 SENTINEL 1A,1 39634U 14016A   25095.88193910  .00000488  00000-0  11314-3 0  9990,2 39634  98.1821 104.7489 0001368  91.1713 268.9643 14.59197994586273
3.0,GENERATED VIA SPACE-TRACK.ORG API,2025-04-06 02:24:40+00:00,18 SPCS,SENTINEL 1A,2014-016A,EARTH,TEME,UTC,SGP4,2025-04-05 22:48:44.109792+00:00,14.59198110,0.00013640,98.1821,104.8165,91.2416,268.8940,0,U,39634,999,58625,0.00011291000000,0.00000486,0.0000000000000,7073.901,98.684,696.731,694.802,PAYLOAD,LARGE,ESA,2014-04-03,FRGUI,,4691967,284932005,0 SENTINEL 1A,1 39634U 14016A   25095.95051053  .00000486  00000-0  11291-3 0  9991,2 39634  98.1821 104.8165 0001364  91.2416 268.8940 14.59198110586250
3.0,GENERATED VIA SPACE-TRACK.ORG API,2025-04-06 06:26:29+00:00,18 SPCS,SENTINEL 1A,2014-016A,EARTH,TEME,UTC,SGP4,2025-04-06 05:23:42.414144+00:00,14.59198329,0.00013540,98.1821,105.0869,91.6856,268.4498,0,U,39634,999,58632,0.00002337800000,0.00000064,0.0000000000000,7073.901,98.684,696.724,694.808,PAYLOAD,LARGE,ESA,2014-04-03,FRGUI,,4692016,284948850,0 SENTINEL 1A,1 39634U 14016A   25096.22479646  .00000064  00000-0  23378-4 0  9996,2 39634  98.1821 105.0869 0001354  91.6856 268.4498 14.59198329586329
3.0,GENERATED VIA SPACE-TRACK.ORG API,2025-04-06 14:26:32+00:00,18 SPCS,SENTINEL 1A,2014-016A,EARTH,TEME,UTC,SGP4,2025-04-06 11:58:40.706400+00:00,14.59198431,0.00013630,98.1821,105.3572,91.7535,268.3821,0,U,39634,999,58636,0.00002154900000,0.00000056,0.0000000000000,7073.900,98.684,696.730,694.801,PAYLOAD,LARGE,ESA,2014-04-03,FRGUI,,4692332,284956211,0 SENTINEL 1A,1 39634U 14016A   25096.49908225  .00000056  00000-0  21549-4 0  9994,2 39634  98.1821 105.3572 0001363  91.7535 268.3821 14.59198431586365
3.0,GENERATED VIA SPACE-TRACK.ORG API,2025-04-06 22:16:17+00:00,18 SPCS,SENTINEL 1A,2014-016A,EARTH,TEME,UTC,SGP4,2025-04-06 20:12:23.558976+00:00,14.59198745,0.00013790,98.1820,105.6952,91.3046,268.8311,0,U,39634,999,58641,0.00002211500000,0.00000058,0.0000000000000,7073.899,98.684,696.740,694.789,PAYLOAD,LARGE,ESA,2014-04-03,FRGUI,,4692672,284965182,0 SENTINEL 1A,1 39634U 14016A   25096.84193934  .00000058  00000-0  22115-4 0  9998,2 39634  98.1820 105.6952 0001379  91.3046 268.8311 14.59198745586412
3.0,GENERATED VIA SPACE-TRACK.ORG API,2025-04-07 03:16:22+00:00,18 SPCS,SENTINEL 1A,2014-016A,EARTH,TEME,UTC,SGP4,2025-04-06 21:51:08.127936+00:00,14.59198811,0.00013780,98.1820,105.7628,91.1312,269.0046,0,U,39634,999,58639,0.00002213200000,0.00000059,0.0000000000000,7073.899,98.684,696.739,694.789,PAYLOAD,LARGE,ESA,2014-04-03,FRGUI,,4693017,284986985,0 SENTINEL 1A,1 39634U 14016A   25096.91051074  .00000059  00000-0  22132-4 0  9994,2 39634  98.1820 105.7628 0001378  91.1312 269.0046 14.59198811586395
3.0,GENERATED VIA SPACE-TRACK.ORG API,2025-04-07 06:26:32+00:00,18 SPCS,SENTINEL 1A,2014-016A,EARTH,TEME,UTC,SGP4,2025-04-07 04:26:06.389088+00:00,14.59199082,0.00013600,98.1819,106.0333,91.7440,268.3915,0,U,39634,999,58646,0.00002280200000,0.00000062,0.0000000000000,7073.898,98.684,696.725,694.801,PAYLOAD,LARGE,ESA,2014-04-03,FRGUI,,4693055,285003271,0 SENTINEL 1A,1 39634U 14016A   25097.18479617  .00000062  00000-0  22802-4 0  9999,2 39634  98.1819 106.0333 0001360  91.7440 268.3915 14.59199082586465
3.0,GENERATED VIA SPACE-TRACK.ORG API,2025-04-07 14:26:19+00:00,18 SPCS,SENTINEL 1A,2014-016A,EARTH,TEME,UTC,SGP4,2025-04-07 12:39:49.233024+00:00,14.59199259,0.00013780,98.1819,106.3711,91.5267,268.6091,0,U,39634,999,58651,0.00002098400000,0.00000053,0.0000000000000,7073.898,98.684,696.737,694.788,PAYLOAD,LARGE,ESA,2014-04-03,FRGUI,,4693410,285011046,0 SENTINEL 1A,1 39634U 14016A   25097.52765316  .00000053  00000-0  20984-4 0  9990,2 39634  98.1819 106.3711 0001378  91.5267 268.6091 14.59199259586512
3.0,GENERATED VIA SPACE-TRACK.ORG API,2025-04-07 18:02:01+00:00,18 SPCS,SENTINEL 1A,2014-016A,EARTH,TEME,UTC,SGP4,2025-04-07 14:18:33.805440+00:00,14.59199300,0.00013930,98.1819,106.4387,90.8755,269.2604,0,U,39634,999,58649,0.00002092500000,0.00000053,0.0000000000000,7073.898,98.684,696.748,694.777,PAYLOAD,LARGE,ESA,2014-04-03,FRGUI,,4693589,285031066,0 SENTINEL 1A,1 39634U 14016A   25097.59622460  .00000053  00000-0  20925-4 0  9994,2 39634  98.1819 106.4387 0001393  90.8755 269.2604 14.59199300586494
3.0,GENERATED VIA SPACE-TRACK.ORG API,2025-04-07 22:26:18+00:00,18 SPCS,SENTINEL 1A,2014-016A,EARTH,TEME,UTC,SGP4,2025-04-07 20:53:32.073504+00:00,14.59199464,0.00014040,98.1819,106.7089,90.3493,269.7868,0,U,39634,999,58656,0.00002075000000,0.00000052,0.0000000000000,7073.897,98.684,696.755,694.769,PAYLOAD,LARGE,ESA,2014-04-03,FRGUI,,4693663,285046829,0 SENTINEL 1A,1 39634U 14016A   25097.87051011  .00000052  00000-0  20750-4 0  9998,2 39634  98.1819 106.7089 0001404  90.3493 269.7868 14.59199464586569
3.0,GENERATED VIA SPACE-TRACK.ORG API,2025-04-08 02:59:40+00:00,18 SPCS,SENTINEL 1A,2014-016A,EARTH,TEME,UTC,SGP4,2025-04-07 22:32:16.635552+00:00,14.59199544,0.00014060,98.1819,106.7765,90.5075,269.6286,0,U,39634,999,58654,0.00002083800000,0.00000052,0.0000000000000,7073.897,98.684,696.756,694.767,PAYLOAD,LARGE,ESA,2014-04-03,FRGUI,,4693973,285068585,0 SENTINEL 1A,1 39634U 14016A   25097.93908143  .00000052  00000-0  20838-4 0  9999,2 39634  98.1819 106.7765 0001406  90.5075 269.6286 14.59199544586540
3.0,GENERATED VIA SPACE-TRACK.ORG API,2025-04-08 06:26:38+00:00,18 SPCS,SENTINEL 1A,2014-016A,EARTH,TEME,UTC,SGP4,2025-04-08 03:28:30.323424+00:00,14.59199629,0.00013840,98.1818,106.9794,91.4403,268.6955,0,U,39634,999,58660,0.00002061900000,0.00000051,0.0000000000000,7073.896,98.684,696.741,694.782,PAYLOAD,LARGE,ESA,2014-04-03,FRGUI,,4694009,285084981,0 SENTINEL 1A,1 39634U 14016A   25098.14479541  .00000051  00000-0  20619-4 0  9994,2 39634  98.1818 106.9794 0001384  91.4403 268.6955 14.59199629586606
3.0,GENERATED VIA SPACE-TRACK.ORG API,2025-04-08 14:16:18+00:00,18 SPCS,SENTINEL 1A,2014-016A,EARTH,TEME,UTC,SGP4,2025-04-08 11:42:13.098240+00:00,14.59201067,0.00013710,98.1819,107.3174,91.2459,268.8897,0,U,39634,999,58665,0.00011517000000,0.00000497,0.0000000000000,7073.892,98.684,696.727,694.787,PAYLOAD,LARGE,ESA,2014-04-03,FRGUI,,4694392,285094153,0 SENTINEL 1A,1 39634U 14016A   25098.48765160  .00000497  00000-0  11517-3 0  9996,2 39634  98.1819 107.3174 0001371  91.2459 268.8897 14.59201067586651
3.0,GENERATED VIA SPACE-TRACK.ORG API,2025-04-08 18:04:46+00:00,18 SPCS,SENTINEL 1A,2014-016A,EARTH,TEME,UTC,SGP4,2025-04-08 11:42:13.098240+00:00,14.59201067,0.00013710,98.1819,107.3174,91.2459,268.8897,0,U,39634,999,58662,0.00011517000000,0.00000497,0.0000000000000,7073.892,98.684,696.727,694.787,PAYLOAD,LARGE,ESA,2014-04-03,FRGUI,,4694715,285116102,0 SENTINEL 1A,1 39634U 14016A   25098.48765160  .00000497  00000-0  11517-3 0  9996,2 39634  98.1819 107.3174 0001371  91.2459 268.8897 14.59201067586628
3.0,GENERATED VIA SPACE-TRACK.ORG API,2025-04-08 22:16:17+00:00,18 SPCS,SENTINEL 1A,2014-016A,EARTH,TEME,UTC,SGP4,2025-04-08 19:55:55.895520+00:00,14.59201451,0.00013700,98.1819,107.6553,91.5691,268.5666,0,U,39634,999,58670,0.00011424000000,0.00000493,0.0000000000000,7073.891,98.684,696.725,694.786,PAYLOAD,LARGE,ESA,2014-04-03,FRGUI,,4694758,285131765,0 SENTINEL 1A,1 39634U 14016A   25098.83050805  .00000493  00000-0  11424-3 0  9991,2 39634  98.1819 107.6553 0001370  91.5691 268.5666 14.59201451586709
3.0,GENERATED VIA SPACE-TRACK.ORG API,2025-04-09 03:13:42+00:00,18 SPCS,SENTINEL 1A,2014-016A,EARTH,TEME,UTC,SGP4,2025-04-08 21:34:40.454112+00:00,14.59201536,0.00013680,98.1818,107.7229,91.6122,268.5235,0,U,39634,999,58668,0.00011433000000,0.00000493,0.0000000000000,7073.890,98.684,696.723,694.788,PAYLOAD,LARGE,ESA,2014-04-03,FRGUI,,4695033,285152510,0 SENTINEL 1A,1 39634U 14016A   25098.89907933  .00000493  00000-0  11433-3 0  9990,2 39634  98.1818 107.7229 0001368  91.6122 268.5235 14.59201536586689
3.0,GENERATED VIA SPACE-TRACK.ORG API,2025-04-09 06:16:17+00:00,18 SPCS,SENTINEL 1A,2014-016A,EARTH,TEME,UTC,SGP4,2025-04-09 04:09:38.688480+00:00,14.59202051,0.00013720,98.1818,107.9933,91.7460,268.3896,0,U,39634,999,58675,0.00012013000000,0.00000521,0.0000000000000,7073.889,98.684,696.724,694.783,PAYLOAD,LARGE,ESA,2014-04-03,FRGUI,,4695056,285168378,0 SENTINEL 1A,1 39634U 14016A   25099.17336445  .00000521  00000-0  12013-3 0  9993,2 39634  98.1818 107.9933 0001372  91.7460 268.3896 14.59202051586756
3.0,GENERATED VIA SPACE-TRACK.ORG API,2025-04-09 14:16:31+00:00,18 SPCS,SENTINEL 1A,2014-016A,EARTH,TEME,UTC,SGP4,2025-04-09 10:44:37.025664+00:00,14.59197784,0.00014000,98.1819,108.2637,90.4727,269.6633,0,U,39634,999,58679,0.00011247000000,0.00000484,0.0000000000000,7073.902,98.684,696.758,694.777,PAYLOAD,LARGE,ESA,2014-04-03,FRGUI,,4695463,285177256,0 SENTINEL 1A,1 39634U 14016A   25099.44765076  .00000484  00000-0  11247-3 0  9995,2 39634  98.1819 108.2637 0001400  90.4727 269.6633 14.59197784586799
3.0,GENERATED VIA SPACE-TRACK.ORG API,2025-04-09 19:37:26+00:00,18 SPCS,SENTINEL 1A,2014-016A,EARTH,TEME,UTC,SGP4,2025-04-09 14:02:06.171360+00:00,14.59198360,0.00013950,98.1818,108.3989,90.4251,269.7109,0,U,39634,999,58678,0.00011004000000,0.00000473,0.0000000000000,7073.901,98.684,696.752,694.779,PAYLOAD,LARGE,ESA,2014-04-03,FRGUI,,4696786,285225007,0 SENTINEL 1A,1 39634U 14016A   25099.58479365  .00000473  00000-0  11004-3 0  9992,2 39634  98.1818 108.3989 0001395  90.4251 269.7109 14.59198360586783
3.0,GENERATED VIA SPACE-TRACK.ORG API,2025-04-10 00:06:25+00:00,18 SPCS,SENTINEL 1A,2014-016A,EARTH,TEME,UTC,SGP4,2025-04-09 20:37:04.448064+00:00,14.59198635,0.00013930,98.1818,108.6691,89.9015,270.2345,0,U,39634,999,58685,0.00010384000000,0.00000444,0.0000000000000,7073.900,98.684,696.750,694.779,PAYLOAD,LARGE,ESA,2014-04-03,FRGUI,,4697062,285245919,0 SENTINEL 1A,1 39634U 14016A   25099.85907926  .00000444  00000-0  10384-3 0  9999,2 39634  98.1818 108.6691 0001393  89.9015 270.2345 14.59198635586857
3.0,GENERATED VIA SPACE-TRACK.ORG API,2025-04-10 04:45:12+00:00,18 SPCS,SENTINEL 1A,2014-016A,EARTH,TEME,UTC,SGP4,2025-04-09 22:15:49.014432+00:00,14.59198797,0.00013870,98.1818,108.7367,90.0580,270.0779,0,U,39634,999,58683,0.00010353000000,0.00000442,0.0000000000000,7073.899,98.684,696.745,694.783,PAYLOAD,LARGE,ESA,2014-04-03,FRGUI,,4697278,285264831,0 SENTINEL 1A,1 39634U 14016A   25099.92765063  .00000442  00000-0  10353-3 0  9995,2 39634  98.1818 108.7367 0001387  90.0580 270.0779 14.59198797586837
3.0,GENERATED VIA SPACE-TRACK.ORG API,2025-04-10 06:16:17+00:00,18 SPCS,SENTINEL 1A,2014-016A,EARTH,TEME,UTC,SGP4,2025-04-10 04:50:47.287680+00:00,14.59199895,0.00013940,98.1819,109.0070,89.3548,270.7812,0,U,39634,999,58690,0.00020788000000,0.00000934,0.0000000000000,7073.896,98.684,696.747,694.775,PAYLOAD,LARGE,ESA,2014-04-03,FRGUI,,4697296,285281148,0 SENTINEL 1A,1 39634U 14016A   25100.20193620  .00000934  00000-0  20788-3 0  9992,2 39634  98.1819 109.0070 0001394  89.3548 270.7812 14.59199895586909
3.0,GENERATED VIA SPACE-TRACK.ORG API,2025-04-10 22:26:18+00:00,18 SPCS,SENTINEL 1A,2014-016A,EARTH,TEME,UTC,SGP4,2025-04-10 19:39:28.382400+00:00,14.59200594,0.00013600,98.1818,109.6155,91.0072,269.1284,0,U,39634,999,58699,0.00020204000000,0.00000907,0.0000000000000,7073.893,98.684,696.720,694.796,PAYLOAD,LARGE,ESA,2014-04-03,FRGUI,,4697697,285288988,0 SENTINEL 1A,1 39634U 14016A   25100.81907850  .00000907  00000-0  20204-3 0  9990,2 39634  98.1818 109.6155 0001360  91.0072 269.1284 14.59200594586996
3.0,GENERATED VIA SPACE-TRACK.ORG API,2025-04-10 23:30:38+00:00,18 SPCS,SENTINEL 1A,2014-016A,EARTH,TEME,UTC,SGP4,2025-04-10 13:04:30.113472+00:00,14.59200726,0.00013830,98.1819,109.3450,90.2327,269.9032,0,U,39634,999,58692,0.00021446000000,0.00000965,0.0000000000000,7073.893,98.684,696.736,694.780,PAYLOAD,LARGE,ESA,2014-04-03,FRGUI,,4698059,285312738,0 SENTINEL 1A,1 39634U 14016A   25100.54479298  .00000965  00000-0  21446-3 0  9993,2 39634  98.1819 109.3450 0001383  90.2327 269.9032 14.59200726586920
3.0,GENERATED VIA SPACE-TRACK.ORG API,2025-04-11 02:29:26+00:00,18 SPCS,SENTINEL 1A,2014-016A,EARTH,TEME,UTC,SGP4,2025-04-10 22:56:57.512544+00:00,14.59200841,0.00013690,98.1817,109.7507,90.5677,269.5679,0,U,39634,999,58698,0.00020126000000,0.00000903,0.0000000000000,7073.893,98.684,696.726,694.789,PAYLOAD,LARGE,ESA,2014-04-03,FRGUI,,4698154,285344591,0 SENTINEL 1A,1 39634U 14016A   25100.95622121  .00000903  00000-0  20126-3 0  9999,2 39634  98.1817 109.7507 0001369  90.5677 269.5679 14.59200841586987
3.0,GENERATED VIA SPACE-TRACK.ORG API,2025-04-11 06:26:20+00:00,18 SPCS,SENTINEL 1A,2014-016A,EARTH,TEME,UTC,SGP4,2025-04-11 03:53:11.218560+00:00,14.59200584,0.00013790,98.1818,109.9534,90.5253,269.6105,0,U,39634,999,58704,0.00011416000000,0.00000492,0.0000000000000,7073.893,98.684,696.734,694.783,PAYLOAD,LARGE,ESA,2014-04-03,FRGUI,,4698207,285360974,0 SENTINEL 1A,1 39634U 14016A   25101.16193540  .00000492  00000-0  11416-3 0  9996,2 39634  98.1818 109.9534 0001379  90.5253 269.6105 14.59200584587048
3.0,GENERATED VIA SPACE-TRACK.ORG API,2025-04-11 14:16:24+00:00,18 SPCS,SENTINEL 1A,2014-016A,EARTH,TEME,UTC,SGP4,2025-04-11 12:06:54.045216+00:00,14.59200774,0.00013790,98.1818,110.2913,90.6052,269.5305,0,U,39634,999,58709,0.00010790000000,0.00000463,0.0000000000000,7073.893,98.684,696.733,694.782,PAYLOAD,LARGE,ESA,2014-04-03,FRGUI,,4698548,285369120,0 SENTINEL 1A,1 39634U 14016A   25101.50479219  .00000463  00000-0  10790-3 0  9996,2 39634  98.1818 110.2913 0001379  90.6052 269.5305 14.59200774587099
3.0,GENERATED VIA SPACE-TRACK.ORG API,2025-04-11 22:16:17+00:00,18 SPCS,SENTINEL 1A,2014-016A,EARTH,TEME,UTC,SGP4,2025-04-11 20:20:36.847680+00:00,14.59201118,0.00013820,98.1817,110.6293,90.8596,269.2762,0,U,39634,999,58714,0.00010624000000,0.00000455,0.0000000000000,7073.892,98.684,696.734,694.779,PAYLOAD,LARGE,ESA,2014-04-03,FRGUI,,4698887,285376289,0 SENTINEL 1A,1 39634U 14016A   25101.84764870  .00000455  00000-0  10624-3 0  9990,2 39634  98.1817 110.6293 0001382  90.8596 269.2762 14.59201118587145
3.0,GENERATED VIA SPACE-TRACK.ORG API,2025-04-12 03:00:55+00:00,18 SPCS,SENTINEL 1A,2014-016A,EARTH,TEME,UTC,SGP4,2025-04-11 21:59:21.408864+00:00,14.59201195,0.00013800,98.1817,110.6969,90.7770,269.3588,0,U,39634,999,58712,0.00010611000000,0.00000454,0.0000000000000,7073.891,98.684,696.733,694.780,PAYLOAD,LARGE,ESA,2014-04-03,FRGUI,,4699215,285397492,0 SENTINEL 1A,1 39634U 14016A   25101.91622001  .00000454  00000-0  10611-3 0  9992,2 39634  98.1817 110.6969 0001380  90.7770 269.3588 14.59201195587126
3.0,GENERATED VIA SPACE-TRACK.ORG API,2025-04-12 06:16:22+00:00,18 SPCS,SENTINEL 1A,2014-016A,EARTH,TEME,UTC,SGP4,2025-04-12 04:34:19.656192+00:00,14.59201487,0.00013840,98.1817,110.9672,90.8315,269.3043,0,U,39634,999,58719,0.00010734000000,0.00000460,0.0000000000000,7073.890,98.684,696.735,694.776,PAYLOAD,LARGE,ESA,2014-04-03,FRGUI,,4699240,285413679,0 SENTINEL 1A,1 39634U 14016A   25102.19050528  .00000460  00000-0  10734-3 0  9995,2 39634  98.1817 110.9672 0001384  90.8315 269.3043 14.59201487587197
3.0,GENERATED VIA SPACE-TRACK.ORG API,2025-04-12 14:26:32+00:00,18 SPCS,SENTINEL 1A,2014-016A,EARTH,TEME,UTC,SGP4,2025-04-12 11:09:18.035712+00:00,14.59196600,0.00013930,98.1818,111.2376,90.5529,269.5830,0,U,39634,999,58723,0.00010631000000,0.00000455,0.0000000000000,7073.906,98.684,696.757,694.786,PAYLOAD,LARGE,ESA,2014-04-03,FRGUI,,4699621,285422264,0 SENTINEL 1A,1 39634U 14016A   25102.46479208  .00000455  00000-0  10631-3 0  9995,2 39634  98.1818 111.2376 0001393  90.5529 269.5830 14.59196600587238
3.0,GENERATED VIA SPACE-TRACK.ORG API,2025-04-12 22:09:39+00:00,18 SPCS,SENTINEL 1A,2014-016A,EARTH,TEME,UTC,SGP4,2025-04-12 12:48:02.616768+00:00,14.59196801,0.00013920,98.1818,111.3052,90.6912,269.4447,0,U,39634,999,58721,0.00010439000000,0.00000446,0.0000000000000,7073.906,98.684,696.755,694.786,PAYLOAD,LARGE,ESA,2014-04-03,FRGUI,,4699941,285445051,0 SENTINEL 1A,1 39634U 14016A   25102.53336362  .00000446  00000-0  10439-3 0  9992,2 39634  98.1818 111.3052 0001392  90.6912 269.4447 14.59196801587210
3.0,GENERATED VIA SPACE-TRACK.ORG API,2025-04-12 22:16:17+00:00,18 SPCS,SENTINEL 1A,2014-016A,EARTH,TEME,UTC,SGP4,2025-04-12 21:01:45.497856+00:00,14.59197247,0.00013850,98.1817,111.6431,90.3388,269.7971,0,U,39634,999,58729,0.00010401000000,0.00000445,0.0000000000000,7073.904,98.684,696.749,694.789,PAYLOAD,LARGE,ESA,2014-04-03,FRGUI,,4699955,285460922,0 SENTINEL 1A,1 39634U 14016A   25102.87622104  .00000445  00000-0  10401-3 0  9999,2 39634  98.1817 111.6431 0001385  90.3388 269.7971 14.59197247587297
3.0,GENERATED VIA SPACE-TRACK.ORG API,2025-04-13 03:46:00+00:00,18 SPCS,SENTINEL 1A,2014-016A,EARTH,TEME,UTC,SGP4,2025-04-12 22:40:30.069408+00:00,14.59197512,0.00013860,98.1817,111.7106,90.0333,270.1026,0,U,39634,999,58727,0.00014930000000,0.00000658,0.0000000000000,7073.903,98.684,696.749,694.788,PAYLOAD,LARGE,ESA,2014-04-03,FRGUI,,4700252,285482207,0 SENTINEL 1A,1 39634U 14016A   25102.94479247  .00000658  00000-0  14930-3 0  9992,2 39634  98.1817 111.7106 0001386  90.0333 270.1026 14.59197512587275
3.0,GENERATED VIA SPACE-TRACK.ORG API,2025-04-13 06:16:17+00:00,18 SPCS,SENTINEL 1A,2014-016A,EARTH,TEME,UTC,SGP4,2025-04-13 03:36:43.785792+00:00,14.59197984,0.00013820,98.1818,111.9135,90.0703,270.0655,0,U,39634,999,58733,0.00015264000000,0.00000674,0.0000000000000,7073.902,98.684,696.744,694.789,PAYLOAD,LARGE,ESA,2014-04-03,FRGUI,,4700270,285498056,0 SENTINEL 1A,1 39634U 14016A   25103.15050678  .00000674  00000-0  15264-3 0  9998,2 39634  98.1818 111.9135 0001382  90.0703 270.0655 14.59197984587334
3.0,GENERATED VIA SPACE-TRACK.ORG API,2025-04-13 14:16:17+00:00,18 SPCS,SENTINEL 1A,2014-016A,EARTH,TEME,UTC,SGP4,2025-04-13 11:50:26.670336+00:00,14.59198181,0.00013810,98.1817,112.2514,90.2034,269.9324,0,U,39634,999,58738,0.00014309000000,0.00000629,0.0000000000000,7073.901,98.684,696.743,694.789,PAYLOAD,LARGE,ESA,2014-04-03,FRGUI,,4700631,285506672,0 SENTINEL 1A,1 39634U 14016A   25103.49336424  .00000629  00000-0  14309-3 0  9990,2 39634  98.1817 112.2514 0001381  90.2034 269.9324 14.59198181587381
3.0,GENERATED VIA SPACE-TRACK.ORG API,2025-04-13 22:16:17+00:00,18 SPCS,SENTINEL 1A,2014-016A,EARTH,TEME,UTC,SGP4,2025-04-13 20:04:09.537600+00:00,14.59198462,0.00013780,98.1817,112.5894,90.4294,269.7064,0,U,39634,999,58743,0.00013743000000,0.00000602,0.0000000000000,7073.900,98.684,696.740,694.790,PAYLOAD,LARGE,ESA,2014-04-03,FRGUI,,4700961,285515614,0 SENTINEL 1A,1 39634U 14016A   25103.83622150  .00000602  00000-0  13743-3 0  9994,2 39634  98.1817 112.5894 0001378  90.4294 269.7064 14.59198462587438
3.0,GENERATED VIA SPACE-TRACK.ORG API,2025-04-14 03:05:54+00:00,18 SPCS,SENTINEL 1A,2014-016A,EARTH,TEME,UTC,SGP4,2025-04-13 23:21:38.680704+00:00,14.59198633,0.00013770,98.1817,112.7246,90.4721,269.6637,0,U,39634,999,58742,0.00013660000000,0.00000598,0.0000000000000,7073.900,98.684,696.739,694.791,PAYLOAD,LARGE,ESA,2014-04-03,FRGUI,,4701263,285536738,0 SENTINEL 1A,1 39634U 14016A   25103.97336436  .00000598  00000-0  13660-3 0  9990,2 39634  98.1817 112.7246 0001377  90.4721 269.6637 14.59198633587429
3.0,GENERATED VIA SPACE-TRACK.ORG API,2025-04-14 06:26:32+00:00,18 SPCS,SENTINEL 1A,2014-016A,EARTH,TEME,UTC,SGP4,2025-04-14 04:17:52.406592+00:00,14.59199042,0.00013880,98.1818,112.9273,90.4990,269.6368,0,U,39634,999,58748,0.00014550000000,0.00000640,0.0000000000000,7073.898,98.684,696.745,694.782,PAYLOAD,LARGE,ESA,2014-04-03,FRGUI,,4701331,285553007,0 SENTINEL 1A,1 39634U 14016A   25104.17907878  .00000640  00000-0  14550-3 0  9994,2 39634  98.1818 112.9273 0001388  90.4990 269.6368 14.59199042587484
3.0,GENERATED VIA SPACE-TRACK.ORG API,2025-04-14 14:16:18+00:00,18 SPCS,SENTINEL 1A,2014-016A,EARTH,TEME,UTC,SGP4,2025-04-14 10:52:50.682432+00:00,14.59199406,0.00013890,98.1817,113.1977,90.5937,269.5422,0,U,39634,999,58752,0.00014405000000,0.00000633,0.0000000000000,7073.897,98.684,696.745,694.780,PAYLOAD,LARGE,ESA,2014-04-03,FRGUI,,4701618,285560917,0 SENTINEL 1A,1 39634U 14016A   25104.45336438  .00000633  00000-0  14405-3 0  9994,2 39634  98.1817 113.1977 0001389  90.5937 269.5422 14.59199406587529
3.0,GENERATED VIA SPACE-TRACK.ORG API,2025-04-14 22:16:17+00:00,18 SPCS,SENTINEL 1A,2014-016A,EARTH,TEME,UTC,SGP4,2025-04-14 17:27:48.960000+00:00,14.59199780,0.00013850,98.1817,113.4680,90.3649,269.7710,0,U,39634,999,58756,0.00014618000000,0.00000643,0.0000000000000,7073.896,98.684,696.741,694.781,PAYLOAD,LARGE,ESA,2014-04-03,FRGUI,,4701952,285568772,0 SENTINEL 1A,1 39634U 14016A   25104.72765000  .00000643  00000-0  14618-3 0  9992,2 39634  98.1817 113.4680 0001385  90.3649 269.7710 14.59199780587568
3.0,GENERATED VIA SPACE-TRACK.ORG API,2025-04-15 02:40:58+00:00,18 SPCS,SENTINEL 1A,2014-016A,EARTH,TEME,UTC,SGP4,2025-04-14 22:24:02.669472+00:00,14.59199907,0.00013800,98.1817,113.6708,90.1402,269.9956,0,U,39634,999,58756,0.00014122000000,0.00000620,0.0000000000000,7073.896,98.684,696.737,694.784,PAYLOAD,LARGE,ESA,2014-04-03,FRGUI,,4702223,285588851,0 SENTINEL 1A,1 39634U 14016A   25104.93336423  .00000620  00000-0  14122-3 0  9993,2 39634  98.1817 113.6708 0001380  90.1402 269.9956 14.59199907587566
3.0,GENERATED VIA SPACE-TRACK.ORG API,2025-04-15 07:26:17+00:00,18 SPCS,SENTINEL 1A,2014-016A,EARTH,TEME,UTC,SGP4,2025-04-15 03:20:16.378944+00:00,14.59199640,0.00013720,98.1817,113.8736,92.2463,267.8894,0,U,39634,999,58762,0.00010467000000,0.00000448,0.0000000000000,7073.896,98.684,696.732,694.791,PAYLOAD,LARGE,ESA,2014-04-03,FRGUI,,4702515,285611769,0 SENTINEL 1A,1 39634U 14016A   25105.13907846  .00000448  00000-0  10467-3 0  9995,2 39634  98.1817 113.8736 0001372  92.2463 267.8894 14.59199640587629
3.0,GENERATED VIA SPACE-TRACK.ORG API,2025-04-15 14:26:19+00:00,18 SPCS,SENTINEL 1A,2014-016A,EARTH,TEME,UTC,SGP4,2025-04-15 13:12:43.789248+00:00,14.59200125,0.00013770,98.1817,114.2792,91.6518,268.4839,0,U,39634,999,58768,0.00010813000000,0.00000464,0.0000000000000,7073.895,98.684,696.734,694.786,PAYLOAD,LARGE,ESA,2014-04-03,FRGUI,,4702625,285613877,0 SENTINEL 1A,1 39634U 14016A   25105.55050682  .00000464  00000-0  10813-3 0  9991,2 39634  98.1817 114.2792 0001377  91.6518 268.4839 14.59200125587688
3.0,GENERATED VIA SPACE-TRACK.ORG API,2025-04-15 22:26:22+00:00,18 SPCS,SENTINEL 1A,2014-016A,EARTH,TEME,UTC,SGP4,2025-04-15 21:26:26.608128+00:00,14.59200560,0.00013790,98.1817,114.6171,91.2405,268.8952,0,U,39634,999,58773,0.00011149000000,0.00000480,0.0000000000000,7073.893,98.684,696.734,694.783,PAYLOAD,LARGE,ESA,2014-04-03,FRGUI,,4703006,285651816,0 SENTINEL 1A,1 39634U 14016A   25105.89336352  .00000480  00000-0  11149-3 0  9990,2 39634  98.1817 114.6171 0001379  91.2405 268.8952 14.59200560587735
3.0,GENERATED VIA SPACE-TRACK.ORG API,2025-04-16 03:04:32+00:00,18 SPCS,SENTINEL 1A,2014-016A,EARTH,TEME,UTC,SGP4,2025-04-15 23:05:11.171904+00:00,14.59200633,0.00013780,98.1817,114.6847,91.3026,268.8332,0,U,39634,999,58771,0.00011105000000,0.00000478,0.0000000000000,7073.893,98.684,696.733,694.783,PAYLOAD,LARGE,ESA,2014-04-03,FRGUI,,4703301,285674062,0 SENTINEL 1A,1 39634U 14016A   25105.96193486  .00000478  00000-0  11105-3 0  9996,2 39634  98.1817 114.6847 0001378  91.3026 268.8332 14.59200633587715
3.0,GENERATED VIA SPACE-TRACK.ORG API,2025-04-16 06:26:19+00:00,18 SPCS,SENTINEL 1A,2014-016A,EARTH,TEME,UTC,SGP4,2025-04-16 04:01:24.871872+00:00,14.59200708,0.00013800,98.1817,114.8875,91.1102,269.0256,0,U,39634,999,58777,0.00010315000000,0.00000441,0.0000000000000,7073.893,98.684,696.734,694.782,PAYLOAD,LARGE,ESA,2014-04-03,FRGUI,,4703352,285689920,0 SENTINEL 1A,1 39634U 14016A   25106.16764898  .00000441  00000-0  10315-3 0  9992,2 39634  98.1817 114.8875 0001380  91.1102 269.0256 14.59200708587771
3.0,GENERATED VIA SPACE-TRACK.ORG API,2025-04-16 14:16:18+00:00,18 SPCS,SENTINEL 1A,2014-016A,EARTH,TEME,UTC,SGP4,2025-04-16 08:57:38.664288+00:00,14.59195787,0.00013800,98.1817,115.0902,89.7485,270.3873,0,U,39634,999,58780,0.00009989700000,0.00000425,0.0000000000000,7073.909,98.684,696.750,694.798,PAYLOAD,LARGE,ESA,2014-04-03,FRGUI,,4703615,285696473,0 SENTINEL 1A,1 39634U 14016A   25106.37336417  .00000425  00000-0  99897-4 0  9992,2 39634  98.1817 115.0902 0001380  89.7485 270.3873 14.59195787587806
3.0,GENERATED VIA SPACE-TRACK.ORG API,2025-04-16 18:21:57+00:00,18 SPCS,SENTINEL 1A,2014-016A,EARTH,TEME,UTC,SGP4,2025-04-16 13:53:52.411776+00:00,14.59196057,0.00013740,98.1816,115.2931,91.1469,268.9888,0,U,39634,999,58780,0.00009031200000,0.00000380,0.0000000000000,7073.908,98.684,696.745,694.801,PAYLOAD,LARGE,ESA,2014-04-03,FRGUI,,4703859,285716360,0 SENTINEL 1A,1 39634U 14016A   25106.57907884  .00000380  00000-0  90312-4 0  9999,2 39634  98.1816 115.2931 0001374  91.1469 268.9888 14.59196057587801
3.0,GENERATED VIA SPACE-TRACK.ORG API,2025-04-16 22:26:20+00:00,18 SPCS,SENTINEL 1A,2014-016A,EARTH,TEME,UTC,SGP4,2025-04-16 20:28:50.628000+00:00,14.59198139,0.00013860,98.1817,115.5634,90.5728,269.5630,0,U,39634,999,58787,0.00014593000000,0.00000642,0.0000000000000,7073.901,98.684,696.747,694.786,PAYLOAD,LARGE,ESA,2014-04-03,FRGUI,,4703926,285732781,0 SENTINEL 1A,1 39634U 14016A   25106.85336375  .00000642  00000-0  14593-3 0  9998,2 39634  98.1817 115.5634 0001386  90.5728 269.5630 14.59198139587871
3.0,GENERATED VIA SPACE-TRACK.ORG API,2025-04-17 02:55:09+00:00,18 SPCS,SENTINEL 1A,2014-016A,EARTH,TEME,UTC,SGP4,2025-04-16 22:07:35.203008+00:00,14.59198241,0.00013870,98.1817,115.6310,90.2942,269.8417,0,U,39634,999,58785,0.00014588000000,0.00000642,0.0000000000000,7073.901,98.684,696.747,694.785,PAYLOAD,LARGE,ESA,2014-04-03,FRGUI,,4704298,285755825,0 SENTINEL 1A,1 39634U 14016A   25106.92193522  .00000642  00000-0  14588-3 0  9995,2 39634  98.1817 115.6310 0001387  90.2942 269.8417 14.59198241587857
3.0,GENERATED VIA SPACE-TRACK.ORG API,2025-04-17 06:36:19+00:00,18 SPCS,SENTINEL 1A,2014-016A,EARTH,TEME,UTC,SGP4,2025-04-17 03:03:49.055040+00:00,14.59196756,0.00013870,98.1816,115.8338,91.0052,269.1307,0,U,39634,999,58791,0.00009291300000,0.00000392,0.0000000000000,7073.906,98.684,696.752,694.790,PAYLOAD,LARGE,ESA,2014-04-03,FRGUI,,4704424,285773149,0 SENTINEL 1A,1 39634U 14016A   25107.12765110  .00000392  00000-0  92913-4 0  9997,2 39634  98.1816 115.8338 0001387  91.0052 269.1307 14.59196756587916
3.0,GENERATED VIA SPACE-TRACK.ORG API,2025-04-17 18:03:48+00:00,18 SPCS,SENTINEL 1A,2014-016A,EARTH,TEME,UTC,SGP4,2025-04-17 14:35:01.112064+00:00,14.59196976,0.00013880,98.1816,116.3069,91.5354,268.6004,0,U,39634,999,58795,0.00008886400000,0.00000373,0.0000000000000,7073.905,98.684,696.752,694.788,PAYLOAD,LARGE,ESA,2014-04-03,FRGUI,,4704653,285793382,0 SENTINEL 1A,1 39634U 14016A   25107.60765176  .00000373  00000-0  88864-4 0  9991,2 39634  98.1816 116.3069 0001388  91.5354 268.6004 14.59196976587950
3.0,GENERATED VIA SPACE-TRACK.ORG API,2025-04-17 22:26:19+00:00,18 SPCS,SENTINEL 1A,2014-016A,EARTH,TEME,UTC,SGP4,2025-04-17 21:09:59.422464+00:00,14.59197210,0.00013870,98.1816,116.5772,91.4127,268.7232,0,U,39634,999,58802,0.00008802700000,0.00000369,0.0000000000000,7073.904,98.684,696.750,694.788,PAYLOAD,LARGE,ESA,2014-04-03,FRGUI,,4704724,285809828,0 SENTINEL 1A,1 39634U 14016A   25107.88193776  .00000369  00000-0  88027-4 0  9998,2 39634  98.1816 116.5772 0001387  91.4127 268.7232 14.59197210588024
3.0,GENERATED VIA SPACE-TRACK.ORG API,2025-04-18 02:23:54+00:00,18 SPCS,SENTINEL 1A,2014-016A,EARTH,TEME,UTC,SGP4,2025-04-17 22:48:43.999200+00:00,14.59197286,0.00013850,98.1816,116.6448,91.5358,268.6000,0,U,39634,999,58800,0.00009016300000,0.00000379,0.0000000000000,7073.904,98.684,696.749,694.789,PAYLOAD,LARGE,ESA,2014-04-03,FRGUI,,4705238,285837716,0 SENTINEL 1A,1 39634U 14016A   25107.95050925  .00000379  00000-0  90163-4 0  9999,2 39634  98.1816 116.6448 0001385  91.5358 268.6000 14.59197286588003
3.0,GENERATED VIA SPACE-TRACK.ORG API,2025-04-18 06:16:17+00:00,18 SPCS,SENTINEL 1A,2014-016A,EARTH,TEME,UTC,SGP4,2025-04-18 02:06:13.148352+00:00,14.59197466,0.00013820,98.1816,116.7800,91.7252,268.4106,0,U,39634,999,58805,0.00009650000000,0.00000409,0.0000000000000,7073.903,98.684,696.746,694.791,PAYLOAD,LARGE,ESA,2014-04-03,FRGUI,,4705262,285853495,0 SENTINEL 1A,1 39634U 14016A   25108.08765218  .00000409  00000-0  96500-4 0  9997,2 39634  98.1816 116.7800 0001382  91.7252 268.4106 14.59197466588058
3.0,GENERATED VIA SPACE-TRACK.ORG API,2025-04-18 14:16:19+00:00,18 SPCS,SENTINEL 1A,2014-016A,EARTH,TEME,UTC,SGP4,2025-04-18 11:58:40.613952+00:00,14.59197615,0.00013880,98.1816,117.1855,91.2568,268.8791,0,U,39634,999,58811,0.00008400800000,0.00000350,0.0000000000000,7073.903,98.684,696.750,694.786,PAYLOAD,LARGE,ESA,2014-04-03,FRGUI,,4705558,285860078,0 SENTINEL 1A,1 39634U 14016A   25108.49908118  .00000350  00000-0  84008-4 0  9995,2 39634  98.1816 117.1855 0001388  91.2568 268.8791 14.59197615588111
3.0,GENERATED VIA SPACE-TRACK.ORG API,2025-04-18 22:16:33+00:00,18 SPCS,SENTINEL 1A,2014-016A,EARTH,TEME,UTC,SGP4,2025-04-18 20:12:23.485536+00:00,14.59197907,0.00013860,98.1815,117.5235,91.7351,268.4007,0,U,39634,999,58816,0.00008660300000,0.00000362,0.0000000000000,7073.902,98.684,696.748,694.787,PAYLOAD,LARGE,ESA,2014-04-03,FRGUI,,4705883,285866724,0 SENTINEL 1A,1 39634U 14016A   25108.84193849  .00000362  00000-0  86603-4 0  9997,2 39634  98.1815 117.5235 0001386  91.7351 268.4007 14.59197907588164
3.0,GENERATED VIA SPACE-TRACK.ORG API,2025-04-19 06:26:32+00:00,18 SPCS,SENTINEL 1A,2014-016A,EARTH,TEME,UTC,SGP4,2025-04-19 02:47:21.775200+00:00,14.59198235,0.00013860,98.1815,117.7938,91.3039,268.8319,0,U,39634,999,58820,0.00009225400000,0.00000389,0.0000000000000,7073.901,98.684,696.746,694.786,PAYLOAD,LARGE,ESA,2014-04-03,FRGUI,,4706222,285874590,0 SENTINEL 1A,1 39634U 14016A   25109.11622425  .00000389  00000-0  92254-4 0  9993,2 39634  98.1815 117.7938 0001386  91.3039 268.8319 14.59198235588205
3.0,GENERATED VIA SPACE-TRACK.ORG API,2025-04-19 14:16:17+00:00,18 SPCS,SENTINEL 1A,2014-016A,EARTH,TEME,UTC,SGP4,2025-04-19 11:01:04.614816+00:00,14.59198994,0.00013820,98.1814,118.1319,91.6622,268.4736,0,U,39634,999,58825,0.00011127000000,0.00000479,0.0000000000000,7073.899,98.684,696.741,694.786,PAYLOAD,LARGE,ESA,2014-04-03,FRGUI,,4706622,285883954,0 SENTINEL 1A,1 39634U 14016A   25109.45908119  .00000479  00000-0  11127-3 0  9996,2 39634  98.1814 118.1319 0001382  91.6622 268.4736 14.59198994588255
3.0,GENERATED VIA SPACE-TRACK.ORG API,2025-04-19 22:16:18+00:00,18 SPCS,SENTINEL 1A,2014-016A,EARTH,TEME,UTC,SGP4,2025-04-19 20:53:32.082144+00:00,14.59198670,0.00013850,98.1815,118.5373,90.3854,269.7504,0,U,39634,999,58831,0.00007720100000,0.00000318,0.0000000000000,7073.900,98.684,696.744,694.785,PAYLOAD,LARGE,ESA,2014-04-03,FRGUI,,4706883,285890680,0 SENTINEL 1A,1 39634U 14016A   25109.87051021  .00000318  00000-0  77201-4 0  9991,2 39634  98.1815 118.5373 0001385  90.3854 269.7504 14.59198670588311
3.0,GENERATED VIA SPACE-TRACK.ORG API,2025-04-20 03:24:42+00:00,18 SPCS,SENTINEL 1A,2014-016A,EARTH,TEME,UTC,SGP4,2025-04-19 22:32:16.658880+00:00,14.59198639,0.00013880,98.1814,118.6049,90.5360,269.5998,0,U,39634,999,58829,0.00007296300000,0.00000298,0.0000000000000,7073.900,98.684,696.747,694.783,PAYLOAD,LARGE,ESA,2014-04-03,FRGUI,,4707095,285909379,0 SENTINEL 1A,1 39634U 14016A   25109.93908170  .00000298  00000-0  72963-4 0  9991,2 39634  98.1814 118.6049 0001388  90.5360 269.5998 14.59198639588295
3.0,GENERATED VIA SPACE-TRACK.ORG API,2025-04-20 06:26:21+00:00,18 SPCS,SENTINEL 1A,2014-016A,EARTH,TEME,UTC,SGP4,2025-04-20 05:07:14.957184+00:00,14.59198659,0.00013960,98.1815,118.8751,90.1744,269.9616,0,U,39634,999,58836,0.00005982400000,0.00000236,0.0000000000000,7073.900,98.684,696.752,694.777,PAYLOAD,LARGE,ESA,2014-04-03,FRGUI,,4707117,285926199,0 SENTINEL 1A,1 39634U 14016A   25110.21336756  .00000236  00000-0  59824-4 0  9992,2 39634  98.1815 118.8751 0001396  90.1744 269.9616 14.59198659588360
3.0,GENERATED VIA SPACE-TRACK.ORG API,2025-04-20 14:16:34+00:00,18 SPCS,SENTINEL 1A,2014-016A,EARTH,TEME,UTC,SGP4,2025-04-20 11:42:13.273632+00:00,14.59198245,0.00014000,98.1814,119.1455,89.8439,270.2921,0,U,39634,999,58840,0.00002594500000,0.00000077,0.0000000000000,7073.901,98.684,696.756,694.776,PAYLOAD,LARGE,ESA,2014-04-03,FRGUI,,4707410,285933381,0 SENTINEL 1A,1 39634U 14016A   25110.48765363  .00000077  00000-0  25945-4 0  9991,2 39634  98.1814 119.1455 0001400  89.8439 270.2921 14.59198245588406
3.0,GENERATED VIA SPACE-TRACK.ORG API,2025-04-20 22:26:42+00:00,18 SPCS,SENTINEL 1A,2014-016A,EARTH,TEME,UTC,SGP4,2025-04-20 19:55:56.147808+00:00,14.59198142,0.00013990,98.1814,119.4835,89.0789,271.0571,0,U,39634,999,58845,0.00001202300000,0.00000011,0.0000000000000,7073.901,98.684,696.756,694.777,PAYLOAD,LARGE,ESA,2014-04-03,FRGUI,,4707765,285940633,0 SENTINEL 1A,1 39634U 14016A   25110.83051097  .00000011  00000-0  12023-4 0  9993,2 39634  98.1814 119.4835 0001399  89.0789 271.0571 14.59198142588459
3.0,GENERATED VIA SPACE-TRACK.ORG API,2025-04-21 03:51:54+00:00,18 SPCS,SENTINEL 1A,2014-016A,EARTH,TEME,UTC,SGP4,2025-04-20 23:13:25.293504+00:00,14.59198182,0.00013940,98.1814,119.6187,89.2100,270.9260,0,U,39634,999,58844,0.00001242000000,0.00000013,0.0000000000000,7073.901,98.684,696.752,694.780,PAYLOAD,LARGE,ESA,2014-04-03,FRGUI,,4707994,285961095,0 SENTINEL 1A,1 39634U 14016A   25110.96765386  .00000013  00000-0  12420-4 0  9993,2 39634  98.1814 119.6187 0001394  89.2100 270.9260 14.59198182588441
3.0,GENERATED VIA SPACE-TRACK.ORG API,2025-04-21 06:26:24+00:00,18 SPCS,SENTINEL 1A,2014-016A,EARTH,TEME,UTC,SGP4,2025-04-21 04:09:39.001248+00:00,14.59198356,0.00013840,98.1813,119.8215,89.7037,270.4321,0,U,39634,999,58850,0.00001817600000,0.00000040,0.0000000000000,7073.901,98.684,696.745,694.787,PAYLOAD,LARGE,ESA,2014-04-03,FRGUI,,4708027,285977247,0 SENTINEL 1A,1 39634U 14016A   25111.17336807  .00000040  00000-0  18176-4 0  9993,2 39634  98.1813 119.8215 0001384  89.7037 270.4321 14.59198356588500
3.0,GENERATED VIA SPACE-TRACK.ORG API,2025-04-21 16:40:47+00:00,18 SPCS,SENTINEL 1A,2014-016A,EARTH,TEME,UTC,SGP4,2025-04-21 12:23:21.864192+00:00,14.59198463,0.00013880,98.1813,120.1594,89.3540,270.7818,0,U,39634,999,58855,0.00001730700000,0.00000036,0.0000000000000,7073.900,98.684,696.747,694.783,PAYLOAD,LARGE,ESA,2014-04-03,FRGUI,,4708439,285983565,0 SENTINEL 1A,1 39634U 14016A   25111.51622528  .00000036  00000-0  17307-4 0  9999,2 39634  98.1813 120.1594 0001388  89.3540 270.7818 14.59198463588552
3.0,GENERATED VIA SPACE-TRACK.ORG API,2025-04-21 18:27:13+00:00,18 SPCS,SENTINEL 1A,2014-016A,EARTH,TEME,UTC,SGP4,2025-04-21 14:02:06.436608+00:00,14.59198484,0.00013910,98.1813,120.2270,89.1608,270.9751,0,U,39634,999,58853,0.00001744400000,0.00000036,0.0000000000000,7073.900,98.684,696.749,694.781,PAYLOAD,LARGE,ESA,2014-04-03,FRGUI,,4708562,286004213,0 SENTINEL 1A,1 39634U 14016A   25111.58479672  .00000036  00000-0  17444-4 0  9998,2 39634  98.1813 120.2270 0001391  89.1608 270.9751 14.59198484588530
3.0,GENERATED VIA SPACE-TRACK.ORG API,2025-04-21 22:16:18+00:00,18 SPCS,SENTINEL 1A,2014-016A,EARTH,TEME,UTC,SGP4,2025-04-21 20:37:04.705536+00:00,14.59199000,0.00013990,98.1813,120.4973,88.3566,271.7794,0,U,39634,999,58860,0.00004167200000,0.00000151,0.0000000000000,7073.899,98.684,696.753,694.774,PAYLOAD,LARGE,ESA,2014-04-03,FRGUI,,4708590,286020535,0 SENTINEL 1A,1 39634U 14016A   25111.85908224  .00000151  00000-0  41672-4 0  9996,2 39634  98.1813 120.4973 0001399  88.3566 271.7794 14.59199000588603
3.0,GENERATED VIA SPACE-TRACK.ORG API,2025-04-22 03:07:59+00:00,18 SPCS,SENTINEL 1A,2014-016A,EARTH,TEME,UTC,SGP4,2025-04-21 20:37:04.705536+00:00,14.59199000,0.00013990,98.1813,120.4973,88.3566,271.7794,0,U,39634,999,58857,0.00004167200000,0.00000151,0.0000000000000,7073.899,98.684,696.753,694.774,PAYLOAD,LARGE,ESA,2014-04-03,FRGUI,,4708852,286040584,0 SENTINEL 1A,1 39634U 14016A   25111.85908224  .00000151  00000-0  41672-4 0  9996,2 39634  98.1813 120.4973 0001399  88.3566 271.7794 14.59199000588579
3.0,GENERATED VIA SPACE-TRACK.ORG API,2025-04-22 06:26:20+00:00,18 SPCS,SENTINEL 1A,2014-016A,EARTH,TEME,UTC,SGP4,2025-04-22 04:50:47.519232+00:00,14.59200000,0.00013850,98.1813,120.8354,88.4088,271.7270,0,U,39634,999,58865,0.00009879100000,0.00000420,0.0000000000000,7073.895,98.684,696.740,694.781,PAYLOAD,LARGE,ESA,2014-04-03,FRGUI,,4708898,286056772,0 SENTINEL 1A,1 39634U 14016A   25112.20193888  .00000420  00000-0  98791-4 0  9991,2 39634  98.1813 120.8354 0001385  88.4088 271.7270 14.59200000588652
3.0,GENERATED VIA SPACE-TRACK.ORG API,2025-04-22 14:26:19+00:00,18 SPCS,SENTINEL 1A,2014-016A,EARTH,TEME,UTC,SGP4,2025-04-22 11:25:45.783840+00:00,14.59200274,0.00013850,98.1813,121.1057,87.9409,272.1949,0,U,39634,999,58869,0.00010013000000,0.00000426,0.0000000000000,7073.894,98.684,696.739,694.780,PAYLOAD,LARGE,ESA,2014-04-03,FRGUI,,4709239,286064897,0 SENTINEL 1A,1 39634U 14016A   25112.47622435  .00000426  00000-0  10013-3 0  9991,2 39634  98.1813 121.1057 0001385  87.9409 272.1949 14.59200274588692
3.0,GENERATED VIA SPACE-TRACK.ORG API,2025-04-22 17:47:39+00:00,18 SPCS,SENTINEL 1A,2014-016A,EARTH,TEME,UTC,SGP4,2025-04-22 13:04:30.354528+00:00,14.59200303,0.00013850,98.1813,121.1733,87.8792,272.2567,0,U,39634,999,58867,0.00009959300000,0.00000424,0.0000000000000,7073.894,98.684,696.739,694.780,PAYLOAD,LARGE,ESA,2014-04-03,FRGUI,,4709436,286084410,0 SENTINEL 1A,1 39634U 14016A   25112.54479577  .00000424  00000-0  99593-4 0  9995,2 39634  98.1813 121.1733 0001385  87.8792 272.2567 14.59200303588675
3.0,GENERATED VIA SPACE-TRACK.ORG API,2025-04-22 22:16:18+00:00,18 SPCS,SENTINEL 1A,2014-016A,EARTH,TEME,UTC,SGP4,2025-04-22 19:39:28.607904+00:00,14.59200529,0.00013840,98.1812,121.4437,87.9185,272.2173,0,U,39634,999,58874,0.00009879200000,0.00000420,0.0000000000000,7073.894,98.684,696.738,694.780,PAYLOAD,LARGE,ESA,2014-04-03,FRGUI,,4709480,286100355,0 SENTINEL 1A,1 39634U 14016A   25112.81908111  .00000420  00000-0  98792-4 0  9992,2 39634  98.1812 121.4437 0001384  87.9185 272.2173 14.59200529588745
3.0,GENERATED VIA SPACE-TRACK.ORG API,2025-04-23 03:17:08+00:00,18 SPCS,SENTINEL 1A,2014-016A,EARTH,TEME,UTC,SGP4,2025-04-22 22:56:57.735456+00:00,14.59200659,0.00013820,98.1812,121.5788,87.7924,272.3434,0,U,39634,999,58873,0.00009829600000,0.00000418,0.0000000000000,7073.893,98.684,696.736,694.781,PAYLOAD,LARGE,ESA,2014-04-03,FRGUI,,4709740,286120232,0 SENTINEL 1A,1 39634U 14016A   25112.95622379  .00000418  00000-0  98296-4 0  9992,2 39634  98.1812 121.5788 0001382  87.7924 272.3434 14.59200659588736
3.0,GENERATED VIA SPACE-TRACK.ORG API,2025-04-23 06:16:31+00:00,18 SPCS,SENTINEL 1A,2014-016A,EARTH,TEME,UTC,SGP4,2025-04-23 02:14:26.864736+00:00,14.59200720,0.00013830,98.1812,121.7140,87.8794,272.2564,0,U,39634,999,58878,0.00009475000000,0.00000401,0.0000000000000,7073.893,98.684,696.736,694.780,PAYLOAD,LARGE,ESA,2014-04-03,FRGUI,,4709761,286136484,0 SENTINEL 1A,1 39634U 14016A   25113.09336649  .00000401  00000-0  94750-4 0  9993,2 39634  98.1812 121.7140 0001383  87.8794 272.2564 14.59200720588784
3.0,GENERATED VIA SPACE-TRACK.ORG API,2025-04-24 03:13:41+00:00,18 SPCS,SENTINEL 1A,2014-016A,EARTH,TEME,UTC,SGP4,2025-04-23 21:59:21.789888+00:00,14.59198194,0.00013930,98.1812,122.5251,88.5740,271.5619,0,U,39634,999,58887,0.00008907400000,0.00000374,0.0000000000000,7073.901,98.684,696.752,694.781,PAYLOAD,LARGE,ESA,2014-04-03,FRGUI,,4710120,286158699,0 SENTINEL 1A,1 39634U 14016A   25113.91622442  .00000374  00000-0  89074-4 0  9995,2 39634  98.1812 122.5251 0001393  88.5740 271.5619 14.59198194588870
3.0,GENERATED VIA SPACE-TRACK.ORG API,2025-04-24 06:16:19+00:00,18 SPCS,SENTINEL 1A,2014-016A,EARTH,TEME,UTC,SGP4,2025-04-24 04:34:20.083872+00:00,14.59198393,0.00013900,98.1812,122.7954,88.3528,271.7831,0,U,39634,999,58894,0.00008541000000,0.00000357,0.0000000000000,7073.900,98.684,696.749,694.782,PAYLOAD,LARGE,ESA,2014-04-03,FRGUI,,4710135,286174910,0 SENTINEL 1A,1 39634U 14016A   25114.19051023  .00000357  00000-0  85410-4 0  9998,2 39634  98.1812 122.7954 0001390  88.3528 271.7831 14.59198393588948
3.0,GENERATED VIA SPACE-TRACK.ORG API,2025-04-25 01:26:20+00:00,18 SPCS,SENTINEL 1A,2014-016A,EARTH,TEME,UTC,SGP4,2025-04-24 11:09:18.371808+00:00,14.59198587,0.00013880,98.1812,123.0658,88.4614,271.6745,0,U,39634,999,58898,0.00008426600000,0.00000351,0.0000000000000,7073.900,98.684,696.747,694.783,PAYLOAD,LARGE,ESA,2014-04-03,FRGUI,,4710660,286188498,0 SENTINEL 1A,1 39634U 14016A   25114.46479597  .00000351  00000-0  84266-4 0  9990,2 39634  98.1812 123.0658 0001388  88.4614 271.6745 14.59198587588989
3.0,GENERATED VIA SPACE-TRACK.ORG API,2025-04-25 02:06:20+00:00,18 SPCS,SENTINEL 1A,2014-016A,EARTH,TEME,UTC,SGP4,2025-04-23 20:20:37.217472+00:00,14.59198121,0.00013960,98.1812,122.4575,88.5039,271.6321,0,U,39634,999,58889,0.00008918800000,0.00000375,0.0000000000000,7073.901,98.684,696.754,694.779,PAYLOAD,LARGE,ESA,2014-04-03,FRGUI,,4711286,286200235,0 SENTINEL 1A,1 39634U 14016A   25113.84765298  .00000375  00000-0  89188-4 0  9991,2 39634  98.1812 122.4575 0001396  88.5039 271.6321 14.59198121588895
3.0,GENERATED VIA SPACE-TRACK.ORG API,2025-04-25 02:06:20+00:00,18 SPCS,SENTINEL 1A,2014-016A,EARTH,TEME,UTC,SGP4,2025-04-24 21:01:45.770880+00:00,14.59199282,0.00013910,98.1811,123.4713,88.5800,271.5559,0,U,39634,999,58904,0.00009348900000,0.00000395,0.0000000000000,7073.898,98.684,696.747,694.779,PAYLOAD,LARGE,ESA,2014-04-03,FRGUI,,4711288,286203727,0 SENTINEL 1A,1 39634U 14016A   25114.87622420  .00000395  00000-0  93489-4 0  9995,2 39634  98.1811 123.4713 0001391  88.5800 271.5559 14.59199282589049
3.0,GENERATED VIA SPACE-TRACK.ORG API,2025-04-25 02:52:53+00:00,18 SPCS,SENTINEL 1A,2014-016A,EARTH,TEME,UTC,SGP4,2025-04-24 22:40:30.339840+00:00,14.59199350,0.00013900,98.1811,123.5389,88.5410,271.5949,0,U,39634,999,58902,0.00009339400000,0.00000395,0.0000000000000,7073.897,98.684,696.746,694.779,PAYLOAD,LARGE,ESA,2014-04-03,FRGUI,,4711435,286219120,0 SENTINEL 1A,1 39634U 14016A   25114.94479560  .00000395  00000-0  93394-4 0  9993,2 39634  98.1811 123.5389 0001390  88.5410 271.5949 14.59199350589022
3.0,GENERATED VIA SPACE-TRACK.ORG API,2025-04-25 06:16:19+00:00,18 SPCS,SENTINEL 1A,2014-016A,EARTH,TEME,UTC,SGP4,2025-04-25 03:36:44.051904+00:00,14.59199451,0.00013880,98.1812,123.7417,88.4905,271.6454,0,U,39634,999,58908,0.00008992000000,0.00000378,0.0000000000000,7073.897,98.684,696.744,694.780,PAYLOAD,LARGE,ESA,2014-04-03,FRGUI,,4711451,286235131,0 SENTINEL 1A,1 39634U 14016A   25115.15050986  .00000378  00000-0  89920-4 0  9995,2 39634  98.1812 123.7417 0001388  88.4905 271.6454 14.59199451589082
3.0,GENERATED VIA SPACE-TRACK.ORG API,2025-04-25 16:56:17+00:00,18 SPCS,SENTINEL 1A,2014-016A,EARTH,TEME,UTC,SGP4,2025-04-25 11:50:26.888064+00:00,14.59199807,0.00013880,98.1811,124.0797,88.7035,271.4323,0,U,39634,999,58913,0.00009152400000,0.00000386,0.0000000000000,7073.896,98.684,696.743,694.779,PAYLOAD,LARGE,ESA,2014-04-03,FRGUI,,4711792,286243675,0 SENTINEL 1A,1 39634U 14016A   25115.49336676  .00000386  00000-0  91524-4 0  9997,2 39634  98.1811 124.0797 0001388  88.7035 271.4323 14.59199807589137
3.0,GENERATED VIA SPACE-TRACK.ORG API,2025-04-25 20:55:31+00:00,18 SPCS,SENTINEL 1A,2014-016A,EARTH,TEME,UTC,SGP4,2025-04-25 13:29:11.454432+00:00,14.59199862,0.00013870,98.1811,124.1472,88.6735,271.4624,0,U,39634,999,58911,0.00009141000000,0.00000385,0.0000000000000,7073.896,98.684,696.742,694.780,PAYLOAD,LARGE,ESA,2014-04-03,FRGUI,,4712095,286265259,0 SENTINEL 1A,1 39634U 14016A   25115.56193813  .00000385  00000-0  91410-4 0  9992,2 39634  98.1811 124.1472 0001387  88.6735 271.4624 14.59199862589116
3.0,GENERATED VIA SPACE-TRACK.ORG API,2025-04-25 22:26:40+00:00,18 SPCS,SENTINEL 1A,2014-016A,EARTH,TEME,UTC,SGP4,2025-04-25 18:25:25.151808+00:00,14.59200032,0.00013860,98.1811,124.3500,88.6707,271.4652,0,U,39634,999,58917,0.00009095700000,0.00000383,0.0000000000000,7073.895,98.684,696.741,694.780,PAYLOAD,LARGE,ESA,2014-04-03,FRGUI,,4712122,286341029,0 SENTINEL 1A,1 39634U 14016A   25115.76765222  .00000383  00000-0  90957-4 0  9996,2 39634  98.1811 124.3500 0001386  88.6707 271.4652 14.59200032589177
3.0,GENERATED VIA SPACE-TRACK.ORG API,2025-04-26 03:05:18+00:00,18 SPCS,SENTINEL 1A,2014-016A,EARTH,TEME,UTC,SGP4,2025-04-25 18:25:25.151808+00:00,14.59200032,0.00013860,98.1811,124.3500,88.6707,271.4652,0,U,39634,999,58914,0.00009095700000,0.00000383,0.0000000000000,7073.895,98.684,696.741,694.780,PAYLOAD,LARGE,ESA,2014-04-03,FRGUI,,4712412,286361575,0 SENTINEL 1A,1 39634U 14016A   25115.76765222  .00000383  00000-0  90957-4 0  9996,2 39634  98.1811 124.3500 0001386  88.6707 271.4652 14.59200032589144
3.0,GENERATED VIA SPACE-TRACK.ORG API,2025-04-26 14:26:18+00:00,18 SPCS,SENTINEL 1A,2014-016A,EARTH,TEME,UTC,SGP4,2025-04-26 12:31:35.979744+00:00,14.59197336,0.00014130,98.1812,125.0936,89.7308,270.4054,0,U,39634,999,58928,0.00009241700000,0.00000390,0.0000000000000,7073.904,98.684,696.768,694.769,PAYLOAD,LARGE,ESA,2014-04-03,FRGUI,,4712834,286387366,0 SENTINEL 1A,1 39634U 14016A   25116.52194421  .00000390  00000-0  92417-4 0  9999,2 39634  98.1812 125.0936 0001413  89.7308 270.4054 14.59197336589288
3.0,GENERATED VIA SPACE-TRACK.ORG API,2025-04-26 22:26:18+00:00,18 SPCS,SENTINEL 1A,2014-016A,EARTH,TEME,UTC,SGP4,2025-04-26 20:45:18.839232+00:00,14.59198083,0.00013980,98.1811,125.4313,89.0085,271.1275,0,U,39634,999,58933,0.00009596300000,0.00000407,0.0000000000000,7073.901,98.684,696.755,694.778,PAYLOAD,LARGE,ESA,2014-04-03,FRGUI,,4713214,286395779,0 SENTINEL 1A,1 39634U 14016A   25116.86480138  .00000407  00000-0  95963-4 0  9997,2 39634  98.1811 125.4313 0001398  89.0085 271.1275 14.59198083589336
3.0,GENERATED VIA SPACE-TRACK.ORG API,2025-04-27 02:38:33+00:00,18 SPCS,SENTINEL 1A,2014-016A,EARTH,TEME,UTC,SGP4,2025-04-26 22:24:03.406464+00:00,14.59198246,0.00013910,98.1810,125.4989,89.3523,270.7836,0,U,39634,999,58931,0.00009577400000,0.00000406,0.0000000000000,7073.901,98.684,696.750,694.782,PAYLOAD,LARGE,ESA,2014-04-03,FRGUI,,4713460,286416357,0 SENTINEL 1A,1 39634U 14016A   25116.93337276  .00000406  00000-0  95774-4 0  9998,2 39634  98.1810 125.4989 0001391  89.3523 270.7836 14.59198246589314
3.0,GENERATED VIA SPACE-TRACK.ORG API,2025-04-27 06:26:17+00:00,18 SPCS,SENTINEL 1A,2014-016A,EARTH,TEME,UTC,SGP4,2025-04-27 04:59:01.700448+00:00,14.59198589,0.00013840,98.1811,125.7693,89.5375,270.5983,0,U,39634,999,58938,0.00009554700000,0.00000405,0.0000000000000,7073.900,98.684,696.744,694.786,PAYLOAD,LARGE,ESA,2014-04-03,FRGUI,,4713501,286432183,0 SENTINEL 1A,1 39634U 14016A   25117.20765857  .00000405  00000-0  95547-4 0  9996,2 39634  98.1811 125.7693 0001384  89.5375 270.5983 14.59198589589387
3.0,GENERATED VIA SPACE-TRACK.ORG API,2025-04-27 14:16:18+00:00,18 SPCS,SENTINEL 1A,2014-016A,EARTH,TEME,UTC,SGP4,2025-04-27 11:33:59.983200+00:00,14.59198950,0.00013840,98.1811,126.0397,89.3630,270.7728,0,U,39634,999,58942,0.00009831700000,0.00000418,0.0000000000000,7073.899,98.684,696.743,694.785,PAYLOAD,LARGE,ESA,2014-04-03,FRGUI,,4713783,286438585,0 SENTINEL 1A,1 39634U 14016A   25117.48194425  .00000418  00000-0  98317-4 0  9995,2 39634  98.1811 126.0397 0001384  89.3630 270.7728 14.59198950589420
3.0,GENERATED VIA SPACE-TRACK.ORG API,2025-04-27 18:35:14+00:00,18 SPCS,SENTINEL 1A,2014-016A,EARTH,TEME,UTC,SGP4,2025-04-27 13:12:44.553024+00:00,14.59199015,0.00013840,98.1810,126.1073,89.3529,270.7829,0,U,39634,999,58940,0.00009824400000,0.00000417,0.0000000000000,7073.898,98.684,696.743,694.784,PAYLOAD,LARGE,ESA,2014-04-03,FRGUI,,4714063,286459864,0 SENTINEL 1A,1 39634U 14016A   25117.55051566  .00000417  00000-0  98244-4 0  9999,2 39634  98.1810 126.1073 0001384  89.3529 270.7829 14.59199015589401
3.0,GENERATED VIA SPACE-TRACK.ORG API,2025-04-27 22:16:17+00:00,18 SPCS,SENTINEL 1A,2014-016A,EARTH,TEME,UTC,SGP4,2025-04-27 19:47:42.825408+00:00,14.59199353,0.00013860,98.1810,126.3776,89.4559,270.6800,0,U,39634,999,58947,0.00010039000000,0.00000427,0.0000000000000,7073.897,98.684,696.743,694.782,PAYLOAD,LARGE,ESA,2014-04-03,FRGUI,,4714079,286475789,0 SENTINEL 1A,1 39634U 14016A   25117.82480122  .00000427  00000-0  10039-3 0  9999,2 39634  98.1810 126.3776 0001386  89.4559 270.6800 14.59199353589479
3.0,GENERATED VIA SPACE-TRACK.ORG API,2025-04-28 03:18:57+00:00,18 SPCS,SENTINEL 1A,2014-016A,EARTH,TEME,UTC,SGP4,2025-04-27 23:05:11.961600+00:00,14.59199499,0.00013830,98.1810,126.5128,89.3659,270.7699,0,U,39634,999,58946,0.00010016000000,0.00000426,0.0000000000000,7073.897,98.684,696.740,694.784,PAYLOAD,LARGE,ESA,2014-04-03,FRGUI,,4714383,286496189,0 SENTINEL 1A,1 39634U 14016A   25117.96194400  .00000426  00000-0  10016-3 0  9999,2 39634  98.1810 126.5128 0001383  89.3659 270.7699 14.59199499589466
3.0,GENERATED VIA SPACE-TRACK.ORG API,2025-04-28 06:16:17+00:00,18 SPCS,SENTINEL 1A,2014-016A,EARTH,TEME,UTC,SGP4,2025-04-28 04:01:25.664160+00:00,14.59199715,0.00013830,98.1810,126.7155,89.3557,270.7801,0,U,39634,999,58952,0.00010954000000,0.00000471,0.0000000000000,7073.896,98.684,696.740,694.783,PAYLOAD,LARGE,ESA,2014-04-03,FRGUI,,4714399,286512221,0 SENTINEL 1A,1 39634U 14016A   25118.16765815  .00000471  00000-0  10954-3 0  9997,2 39634  98.1810 126.7155 0001383  89.3557 270.7801 14.59199715589528
3.0,GENERATED VIA SPACE-TRACK.ORG API,2025-04-28 14:16:30+00:00,18 SPCS,SENTINEL 1A,2014-016A,EARTH,TEME,UTC,SGP4,2025-04-28 12:15:08.501184+00:00,14.59199893,0.00013810,98.1810,127.0535,89.2388,270.8970,0,U,39634,999,58957,0.00010212000000,0.00000436,0.0000000000000,7073.896,98.684,696.738,694.784,PAYLOAD,LARGE,ESA,2014-04-03,FRGUI,,4714719,286520353,0 SENTINEL 1A,1 39634U 14016A   25118.51051506  .00000436  00000-0  10212-3 0  9999,2 39634  98.1810 127.0535 0001381  89.2388 270.8970 14.59199893589573
3.0,GENERATED VIA SPACE-TRACK.ORG API,2025-04-28 22:16:18+00:00,18 SPCS,SENTINEL 1A,2014-016A,EARTH,TEME,UTC,SGP4,2025-04-28 20:28:51.329568+00:00,14.59200233,0.00013790,98.1809,127.3914,89.3660,270.7698,0,U,39634,999,58962,0.00010245000000,0.00000437,0.0000000000000,7073.895,98.684,696.735,694.784,PAYLOAD,LARGE,ESA,2014-04-03,FRGUI,,4715031,286527724,0 SENTINEL 1A,1 39634U 14016A   25118.85337187  .00000437  00000-0  10245-3 0  9995,2 39634  98.1809 127.3914 0001379  89.3660 270.7698 14.59200233589629
3.0,GENERATED VIA SPACE-TRACK.ORG API,2025-04-29 04:35:25+00:00,18 SPCS,SENTINEL 1A,2014-016A,EARTH,TEME,UTC,SGP4,2025-04-28 22:07:35.895072+00:00,14.59200298,0.00013790,98.1809,127.4590,89.3192,270.8166,0,U,39634,999,58960,0.00010227000000,0.00000436,0.0000000000000,7073.894,98.684,696.735,694.784,PAYLOAD,LARGE,ESA,2014-04-03,FRGUI,,4715285,286547440,0 SENTINEL 1A,1 39634U 14016A   25118.92194323  .00000436  00000-0  10227-3 0  9995,2 39634  98.1809 127.4590 0001379  89.3192 270.8166 14.59200298589600
3.0,GENERATED VIA SPACE-TRACK.ORG API,2025-04-29 06:16:32+00:00,18 SPCS,SENTINEL 1A,2014-016A,EARTH,TEME,UTC,SGP4,2025-04-29 04:42:34.160544+00:00,14.59200405,0.00013780,98.1809,127.7294,89.8219,270.3138,0,U,39634,999,58967,0.00009414600000,0.00000398,0.0000000000000,7073.894,98.684,696.734,694.784,PAYLOAD,LARGE,ESA,2014-04-03,FRGUI,,4715305,286563584,0 SENTINEL 1A,1 39634U 14016A   25119.19622871  .00000398  00000-0  94146-4 0  9999,2 39634  98.1809 127.7294 0001378  89.8219 270.3138 14.59200405589679
3.0,GENERATED VIA SPACE-TRACK.ORG API,2025-05-01 23:56:19+00:00,18 SPCS,SENTINEL 1A,2014-016A,EARTH,TEME,UTC,SGP4,2025-05-01 22:32:16.812672+00:00,14.59200167,0.00013700,98.1806,130.4328,91.4079,268.7278,0,U,39634,999,59007,0.00008166700000,0.00000339,0.0000000000000,7073.895,98.684,696.729,694.791,PAYLOAD,LARGE,ESA,2014-04-03,FRGUI,,4715639,286571376,0 SENTINEL 1A,1 39634U 14016A   25121.93908348  .00000339  00000-0  81667-4 0  9999,2 39634  98.1806 130.4328 0001370  91.4079 268.7278 14.59200167590077
3.0,GENERATED VIA SPACE-TRACK.ORG API,2025-05-02 02:33:21+00:00,18 SPCS,SENTINEL 1A,2014-016A,EARTH,TEME,UTC,SGP4,2025-05-01 14:18:33.979968+00:00,14.59199936,0.00013720,98.1807,130.0948,91.2958,268.8399,0,U,39634,999,58999,0.00008347100000,0.00000348,0.0000000000000,7073.896,98.684,696.731,694.790,PAYLOAD,LARGE,ESA,2014-04-03,FRGUI,,4716572,286608628,0 SENTINEL 1A,1 39634U 14016A   25121.59622662  .00000348  00000-0  83471-4 0  9998,2 39634  98.1807 130.0948 0001372  91.2958 268.8399 14.59199936589993
3.0,GENERATED VIA SPACE-TRACK.ORG API,2025-05-02 06:36:35+00:00,18 SPCS,SENTINEL 1A,2014-016A,EARTH,TEME,UTC,SGP4,2025-05-02 00:11:01.378176+00:00,14.59200216,0.00013700,98.1806,130.5004,91.4238,268.7119,0,U,39634,999,59008,0.00008143900000,0.00000338,0.0000000000000,7073.895,98.684,696.729,694.790,PAYLOAD,LARGE,ESA,2014-04-03,FRGUI,,4716587,286653780,0 SENTINEL 1A,1 39634U 14016A   25122.00765484  .00000338  00000-0  81439-4 0  9996,2 39634  98.1806 130.5004 0001370  91.4238 268.7119 14.59200216590086
3.0,GENERATED VIA SPACE-TRACK.ORG API,2025-05-02 14:26:18+00:00,18 SPCS,SENTINEL 1A,2014-016A,EARTH,TEME,UTC,SGP4,2025-05-02 11:42:13.323744+00:00,14.59200731,0.00013740,98.1806,130.9735,91.0706,269.0651,0,U,39634,999,59015,0.00008433200000,0.00000352,0.0000000000000,7073.893,98.684,696.730,694.786,PAYLOAD,LARGE,ESA,2014-04-03,FRGUI,,4716769,286657851,0 SENTINEL 1A,1 39634U 14016A   25122.48765421  .00000352  00000-0  84332-4 0  9990,2 39634  98.1806 130.9735 0001374  91.0706 269.0651 14.59200731590156
3.0,GENERATED VIA SPACE-TRACK.ORG API,2025-05-02 17:35:09+00:00,18 SPCS,SENTINEL 1A,2014-016A,EARTH,TEME,UTC,SGP4,2025-05-02 14:59:42.449568+00:00,14.59200827,0.00013740,98.1806,131.1087,91.1697,268.9660,0,U,39634,999,59014,0.00008393400000,0.00000350,0.0000000000000,7073.893,98.684,696.730,694.786,PAYLOAD,LARGE,ESA,2014-04-03,FRGUI,,4716995,286677907,0 SENTINEL 1A,1 39634U 14016A   25122.62479687  .00000350  00000-0  83934-4 0  9997,2 39634  98.1806 131.1087 0001374  91.1697 268.9660 14.59200827590142
3.0,GENERATED VIA SPACE-TRACK.ORG API,2025-05-02 22:26:22+00:00,18 SPCS,SENTINEL 1A,2014-016A,EARTH,TEME,UTC,SGP4,2025-05-02 18:17:11.573664+00:00,14.59200932,0.00013730,98.1806,131.2438,91.2366,268.8991,0,U,39634,999,59019,0.00008348300000,0.00000348,0.0000000000000,7073.892,98.684,696.729,694.786,PAYLOAD,LARGE,ESA,2014-04-03,FRGUI,,4717053,286694158,0 SENTINEL 1A,1 39634U 14016A   25122.76193951  .00000348  00000-0  83483-4 0  9995,2 39634  98.1806 131.2438 0001373  91.2366 268.8991 14.59200932590194
3.0,GENERATED VIA SPACE-TRACK.ORG API,2025-05-03 02:26:48+00:00,18 SPCS,SENTINEL 1A,2014-016A,EARTH,TEME,UTC,SGP4,2025-05-02 23:13:25.253760+00:00,14.59201165,0.00013710,98.1805,131.4466,91.2682,268.8675,0,U,39634,999,59019,0.00008458600000,0.00000353,0.0000000000000,7073.892,98.684,696.726,694.787,PAYLOAD,LARGE,ESA,2014-04-03,FRGUI,,4717276,286713446,0 SENTINEL 1A,1 39634U 14016A   25122.96765340  .00000353  00000-0  84586-4 0  9995,2 39634  98.1805 131.4466 0001371  91.2682 268.8675 14.59201165590193
3.0,GENERATED VIA SPACE-TRACK.ORG API,2025-05-03 06:36:24+00:00,18 SPCS,SENTINEL 1A,2014-016A,EARTH,TEME,UTC,SGP4,2025-05-03 04:09:38.938176+00:00,14.59201314,0.00013770,98.1805,131.6494,91.5513,268.5845,0,U,39634,999,59025,0.00008388000000,0.00000350,0.0000000000000,7073.891,98.684,696.730,694.782,PAYLOAD,LARGE,ESA,2014-04-03,FRGUI,,4717372,286730012,0 SENTINEL 1A,1 39634U 14016A   25123.17336734  .00000350  00000-0  83880-4 0  9993,2 39634  98.1805 131.6494 0001377  91.5513 268.5845 14.59201314590257
3.0,GENERATED VIA SPACE-TRACK.ORG API,2025-05-03 14:16:22+00:00,18 SPCS,SENTINEL 1A,2014-016A,EARTH,TEME,UTC,SGP4,2025-05-03 12:23:21.817536+00:00,14.59199030,0.00013400,98.1805,131.9875,92.2191,267.9162,0,U,39634,999,59030,0.00008449100000,0.00000353,0.0000000000000,7073.898,98.684,696.711,694.816,PAYLOAD,LARGE,ESA,2014-04-03,FRGUI,,4717731,286739913,0 SENTINEL 1A,1 39634U 14016A   25123.51622474  .00000353  00000-0  84491-4 0  9992,2 39634  98.1805 131.9875 0001340  92.2191 267.9162 14.59199030590305
3.0,GENERATED VIA SPACE-TRACK.ORG API,2025-05-03 17:28:03+00:00,18 SPCS,SENTINEL 1A,2014-016A,EARTH,TEME,UTC,SGP4,2025-05-03 14:02:06.393408+00:00,14.59198893,0.00013470,98.1805,132.0550,92.1317,268.0037,0,U,39634,999,59028,0.00008431400000,0.00000352,0.0000000000000,7073.899,98.684,696.717,694.811,PAYLOAD,LARGE,ESA,2014-04-03,FRGUI,,4717971,286759818,0 SENTINEL 1A,1 39634U 14016A   25123.58479622  .00000352  00000-0  84314-4 0  9997,2 39634  98.1805 132.0550 0001347  92.1317 268.0037 14.59198893590289
3.0,GENERATED VIA SPACE-TRACK.ORG API,2025-05-03 22:16:17+00:00,18 SPCS,SENTINEL 1A,2014-016A,EARTH,TEME,UTC,SGP4,2025-05-03 20:37:04.718496+00:00,14.59198160,0.00013860,98.1805,132.3252,91.0519,269.0839,0,U,39634,999,59035,0.00007960000000,0.00000329,0.0000000000000,7073.901,98.684,696.747,694.786,PAYLOAD,LARGE,ESA,2014-04-03,FRGUI,,4718014,286776407,0 SENTINEL 1A,1 39634U 14016A   25123.85908239  .00000329  00000-0  79600-4 0  9994,2 39634  98.1805 132.3252 0001386  91.0519 269.0839 14.59198160590352
3.0,GENERATED VIA SPACE-TRACK.ORG API,2025-05-04 02:26:54+00:00,18 SPCS,SENTINEL 1A,2014-016A,EARTH,TEME,UTC,SGP4,2025-05-03 22:15:49.291776+00:00,14.59198207,0.00013860,98.1805,132.3928,91.1148,269.0211,0,U,39634,999,59033,0.00007954600000,0.00000329,0.0000000000000,7073.901,98.684,696.747,694.786,PAYLOAD,LARGE,ESA,2014-04-03,FRGUI,,4718307,286797464,0 SENTINEL 1A,1 39634U 14016A   25123.92765384  .00000329  00000-0  79546-4 0  9993,2 39634  98.1805 132.3928 0001386  91.1148 269.0211 14.59198207590335
3.0,GENERATED VIA SPACE-TRACK.ORG API,2025-05-04 06:26:21+00:00,18 SPCS,SENTINEL 1A,2014-016A,EARTH,TEME,UTC,SGP4,2025-05-04 03:12:03.010752+00:00,14.59198379,0.00013880,98.1805,132.5955,91.2447,268.8911,0,U,39634,999,59039,0.00007887700000,0.00000326,0.0000000000000,7073.901,98.684,696.747,694.784,PAYLOAD,LARGE,ESA,2014-04-03,FRGUI,,4718353,286813254,0 SENTINEL 1A,1 39634U 14016A   25124.13336818  .00000326  00000-0  78877-4 0  9996,2 39634  98.1805 132.5955 0001388  91.2447 268.8911 14.59198379590392
3.0,GENERATED VIA SPACE-TRACK.ORG API,2025-05-04 14:26:18+00:00,18 SPCS,SENTINEL 1A,2014-016A,EARTH,TEME,UTC,SGP4,2025-05-04 11:25:45.877152+00:00,14.59198567,0.00013880,98.1804,132.9334,91.1538,268.9820,0,U,39634,999,59044,0.00007585900000,0.00000312,0.0000000000000,7073.900,98.684,696.747,694.783,PAYLOAD,LARGE,ESA,2014-04-03,FRGUI,,4718822,286823626,0 SENTINEL 1A,1 39634U 14016A   25124.47622543  .00000312  00000-0  75859-4 0  9998,2 39634  98.1804 132.9334 0001388  91.1538 268.9820 14.59198567590441
3.0,GENERATED VIA SPACE-TRACK.ORG API,2025-05-04 17:21:58+00:00,18 SPCS,SENTINEL 1A,2014-016A,EARTH,TEME,UTC,SGP4,2025-05-04 13:04:30.448704+00:00,14.59198618,0.00013880,98.1804,133.0010,91.1872,268.9487,0,U,39634,999,59042,0.00007571800000,0.00000311,0.0000000000000,7073.900,98.684,696.747,694.783,PAYLOAD,LARGE,ESA,2014-04-03,FRGUI,,4719080,286845584,0 SENTINEL 1A,1 39634U 14016A   25124.54479686  .00000311  00000-0  75718-4 0  9997,2 39634  98.1804 133.0010 0001388  91.1872 268.9487 14.59198618590429
3.0,GENERATED VIA SPACE-TRACK.ORG API,2025-05-04 22:16:25+00:00,18 SPCS,SENTINEL 1A,2014-016A,EARTH,TEME,UTC,SGP4,2025-05-04 19:39:28.729728+00:00,14.59198873,0.00013880,98.1804,133.2713,91.2384,268.8974,0,U,39634,999,59049,0.00007736200000,0.00000319,0.0000000000000,7073.899,98.684,696.746,694.782,PAYLOAD,LARGE,ESA,2014-04-03,FRGUI,,4719100,286861666,0 SENTINEL 1A,1 39634U 14016A   25124.81908252  .00000319  00000-0  77362-4 0  9998,2 39634  98.1804 133.2713 0001388  91.2384 268.8974 14.59198873590490
3.0,GENERATED VIA SPACE-TRACK.ORG API,2025-05-05 02:11:48+00:00,18 SPCS,SENTINEL 1A,2014-016A,EARTH,TEME,UTC,SGP4,2025-05-04 22:56:57.870240+00:00,14.59198984,0.00013850,98.1804,133.4065,91.2589,268.8770,0,U,39634,999,59048,0.00007706400000,0.00000318,0.0000000000000,7073.899,98.684,696.743,694.784,PAYLOAD,LARGE,ESA,2014-04-03,FRGUI,,4719334,286881694,0 SENTINEL 1A,1 39634U 14016A   25124.95622535  .00000318  00000-0  77064-4 0  9998,2 39634  98.1804 133.4065 0001385  91.2589 268.8770 14.59198984590482
3.0,GENERATED VIA SPACE-TRACK.ORG API,2025-05-05 06:26:18+00:00,18 SPCS,SENTINEL 1A,2014-016A,EARTH,TEME,UTC,SGP4,2025-05-05 03:53:11.580576+00:00,14.59199091,0.00013850,98.1804,133.6092,91.4797,268.6561,0,U,39634,999,59054,0.00007483800000,0.00000307,0.0000000000000,7073.898,98.684,696.743,694.783,PAYLOAD,LARGE,ESA,2014-04-03,FRGUI,,4719389,286897284,0 SENTINEL 1A,1 39634U 14016A   25125.16193959  .00000307  00000-0  74838-4 0  9999,2 39634  98.1804 133.6092 0001385  91.4797 268.6561 14.59199091590540
3.0,GENERATED VIA SPACE-TRACK.ORG API,2025-05-05 14:26:33+00:00,18 SPCS,SENTINEL 1A,2014-016A,EARTH,TEME,UTC,SGP4,2025-05-05 12:06:54.425376+00:00,14.59199358,0.00013850,98.1804,133.9472,91.3323,268.8036,0,U,39634,999,59059,0.00007382500000,0.00000302,0.0000000000000,7073.897,98.684,696.742,694.783,PAYLOAD,LARGE,ESA,2014-04-03,FRGUI,,4719691,286904926,0 SENTINEL 1A,1 39634U 14016A   25125.50479659  .00000302  00000-0  73825-4 0  9991,2 39634  98.1804 133.9472 0001385  91.3323 268.8036 14.59199358590599
3.0,GENERATED VIA SPACE-TRACK.ORG API,2025-05-05 22:26:32+00:00,18 SPCS,SENTINEL 1A,2014-016A,EARTH,TEME,UTC,SGP4,2025-05-05 20:20:37.271040+00:00,14.59199495,0.00013950,98.1803,134.2851,90.4329,269.7031,0,U,39634,999,59064,0.00007143900000,0.00000291,0.0000000000000,7073.897,98.684,696.749,694.775,PAYLOAD,LARGE,ESA,2014-04-03,FRGUI,,4720131,286912764,0 SENTINEL 1A,1 39634U 14016A   25125.84765360  .00000291  00000-0  71439-4 0  9991,2 39634  98.1803 134.2851 0001395  90.4329 269.7031 14.59199495590643
3.0,GENERATED VIA SPACE-TRACK.ORG API,2025-05-06 03:54:54+00:00,18 SPCS,SENTINEL 1A,2014-016A,EARTH,TEME,UTC,SGP4,2025-05-05 20:20:37.271040+00:00,14.59199495,0.00013950,98.1803,134.2851,90.4329,269.7031,0,U,39634,999,59061,0.00007143900000,0.00000291,0.0000000000000,7073.897,98.684,696.749,694.775,PAYLOAD,LARGE,ESA,2014-04-03,FRGUI,,4720394,286933374,0 SENTINEL 1A,1 39634U 14016A   25125.84765360  .00000291  00000-0  71439-4 0  9991,2 39634  98.1803 134.2851 0001395  90.4329 269.7031 14.59199495590610
3.0,GENERATED VIA SPACE-TRACK.ORG API,2025-05-06 06:26:20+00:00,18 SPCS,SENTINEL 1A,2014-016A,EARTH,TEME,UTC,SGP4,2025-05-06 04:34:20.103744+00:00,14.59199955,0.00013940,98.1803,134.6230,90.5341,269.6019,0,U,39634,999,59069,0.00008083400000,0.00000335,0.0000000000000,7073.895,98.684,696.747,694.774,PAYLOAD,LARGE,ESA,2014-04-03,FRGUI,,4720447,286949697,0 SENTINEL 1A,1 39634U 14016A   25126.19051046  .00000335  00000-0  80834-4 0  9997,2 39634  98.1803 134.6230 0001394  90.5341 269.6019 14.59199955590693
3.0,GENERATED VIA SPACE-TRACK.ORG API,2025-05-06 14:16:17+00:00,18 SPCS,SENTINEL 1A,2014-016A,EARTH,TEME,UTC,SGP4,2025-05-06 07:51:49.233888+00:00,14.59200068,0.00013940,98.1803,134.7582,90.9722,269.1637,0,U,39634,999,59071,0.00008034100000,0.00000333,0.0000000000000,7073.895,98.684,696.746,694.774,PAYLOAD,LARGE,ESA,2014-04-03,FRGUI,,4720758,286958066,0 SENTINEL 1A,1 39634U 14016A   25126.32765317  .00000333  00000-0  80341-4 0  9996,2 39634  98.1803 134.7582 0001394  90.9722 269.1637 14.59200068590713
3.0,GENERATED VIA SPACE-TRACK.ORG API,2025-05-06 22:26:19+00:00,18 SPCS,SENTINEL 1A,2014-016A,EARTH,TEME,UTC,SGP4,2025-05-06 17:44:16.630368+00:00,14.59200286,0.00013910,98.1802,135.1637,91.1525,268.9834,0,U,39634,999,59077,0.00007713200000,0.00000318,0.0000000000000,7073.894,98.684,696.743,694.775,PAYLOAD,LARGE,ESA,2014-04-03,FRGUI,,4721120,286965986,0 SENTINEL 1A,1 39634U 14016A   25126.73908137  .00000318  00000-0  77132-4 0  9997,2 39634  98.1802 135.1637 0001391  91.1525 268.9834 14.59200286590773
3.0,GENERATED VIA SPACE-TRACK.ORG API,2025-05-07 03:14:48+00:00,18 SPCS,SENTINEL 1A,2014-016A,EARTH,TEME,UTC,SGP4,2025-05-06 22:40:30.322560+00:00,14.59200413,0.00013870,98.1802,135.3664,91.3719,268.7640,0,U,39634,999,59077,0.00007407900000,0.00000303,0.0000000000000,7073.894,98.684,696.740,694.778,PAYLOAD,LARGE,ESA,2014-04-03,FRGUI,,4721313,286985326,0 SENTINEL 1A,1 39634U 14016A   25126.94479540  .00000303  00000-0  74079-4 0  9992,2 39634  98.1802 135.3664 0001387  91.3719 268.7640 14.59200413590772
3.0,GENERATED VIA SPACE-TRACK.ORG API,2025-05-07 06:26:28+00:00,18 SPCS,SENTINEL 1A,2014-016A,EARTH,TEME,UTC,SGP4,2025-05-07 03:36:44.019072+00:00,14.59200532,0.00013880,98.1802,135.5692,91.3256,268.8102,0,U,39634,999,59083,0.00007125800000,0.00000290,0.0000000000000,7073.894,98.684,696.740,694.777,PAYLOAD,LARGE,ESA,2014-04-03,FRGUI,,4721326,287001579,0 SENTINEL 1A,1 39634U 14016A   25127.15050948  .00000290  00000-0  71258-4 0  9994,2 39634  98.1802 135.5692 0001388  91.3256 268.8102 14.59200532590835
3.0,GENERATED VIA SPACE-TRACK.ORG API,2025-05-07 14:26:38+00:00,18 SPCS,SENTINEL 1A,2014-016A,EARTH,TEME,UTC,SGP4,2025-05-07 10:11:42.278496+00:00,14.59200631,0.00013890,98.1802,135.8395,91.2820,268.8539,0,U,39634,999,59087,0.00006583600000,0.00000265,0.0000000000000,7073.893,98.684,696.741,694.776,PAYLOAD,LARGE,ESA,2014-04-03,FRGUI,,4721719,287009693,0 SENTINEL 1A,1 39634U 14016A   25127.42479489  .00000265  00000-0  65836-4 0  9996,2 39634  98.1802 135.8395 0001389  91.2820 268.8539 14.59200631590873
3.0,GENERATED VIA SPACE-TRACK.ORG API,2025-05-07 22:26:19+00:00,18 SPCS,SENTINEL 1A,2014-016A,EARTH,TEME,UTC,SGP4,2025-05-07 20:04:09.763104+00:00,14.59198611,0.00013910,98.1801,136.2448,90.7565,269.3794,0,U,39634,999,59093,0.00005982400000,0.00000236,0.0000000000000,7073.900,98.684,696.749,694.781,PAYLOAD,LARGE,ESA,2014-04-03,FRGUI,,4722006,287016894,0 SENTINEL 1A,1 39634U 14016A   25127.83622411  .00000236  00000-0  59824-4 0  9994,2 39634  98.1801 136.2448 0001391  90.7565 269.3794 14.59198611590939
3.0,GENERATED VIA SPACE-TRACK.ORG API,2025-05-08 03:01:32+00:00,18 SPCS,SENTINEL 1A,2014-016A,EARTH,TEME,UTC,SGP4,2025-05-07 23:21:38.902752+00:00,14.59198745,0.00013870,98.1801,136.3800,90.9221,269.2137,0,U,39634,999,59092,0.00005946600000,0.00000235,0.0000000000000,7073.899,98.684,696.746,694.783,PAYLOAD,LARGE,ESA,2014-04-03,FRGUI,,4722206,287036285,0 SENTINEL 1A,1 39634U 14016A   25127.97336693  .00000235  00000-0  59466-4 0  9994,2 39634  98.1801 136.3800 0001387  90.9221 269.2137 14.59198745590925
3.0,GENERATED VIA SPACE-TRACK.ORG API,2025-05-08 06:26:26+00:00,18 SPCS,SENTINEL 1A,2014-016A,EARTH,TEME,UTC,SGP4,2025-05-08 04:17:52.613088+00:00,14.59199033,0.00013870,98.1801,136.5827,91.0833,269.0526,0,U,39634,999,59098,0.00006406100000,0.00000256,0.0000000000000,7073.898,98.684,696.745,694.782,PAYLOAD,LARGE,ESA,2014-04-03,FRGUI,,4722249,287051998,0 SENTINEL 1A,1 39634U 14016A   25128.17908117  .00000256  00000-0  64061-4 0  9993,2 39634  98.1801 136.5827 0001387  91.0833 269.0526 14.59199033590984
3.0,GENERATED VIA SPACE-TRACK.ORG API,2025-05-08 14:16:30+00:00,18 SPCS,SENTINEL 1A,2014-016A,EARTH,TEME,UTC,SGP4,2025-05-08 10:52:50.893248+00:00,14.59199179,0.00013890,98.1801,136.8531,90.7337,269.4022,0,U,39634,999,59102,0.00005998300000,0.00000237,0.0000000000000,7073.898,98.684,696.746,694.780,PAYLOAD,LARGE,ESA,2014-04-03,FRGUI,,4722585,287060776,0 SENTINEL 1A,1 39634U 14016A   25128.45336682  .00000237  00000-0  59983-4 0  9992,2 39634  98.1801 136.8531 0001389  90.7337 269.4022 14.59199179591028
3.0,GENERATED VIA SPACE-TRACK.ORG API,2025-05-08 22:26:19+00:00,18 SPCS,SENTINEL 1A,2014-016A,EARTH,TEME,UTC,SGP4,2025-05-08 20:45:18.307872+00:00,14.59199349,0.00013860,98.1801,137.2586,90.7126,269.4232,0,U,39634,999,59108,0.00005848600000,0.00000230,0.0000000000000,7073.897,98.684,696.743,694.782,PAYLOAD,LARGE,ESA,2014-04-03,FRGUI,,4722896,287067931,0 SENTINEL 1A,1 39634U 14016A   25128.86479523  .00000230  00000-0  58486-4 0  9999,2 39634  98.1801 137.2586 0001386  90.7126 269.4232 14.59199349591084
3.0,GENERATED VIA SPACE-TRACK.ORG API,2025-05-09 02:46:56+00:00,18 SPCS,SENTINEL 1A,2014-016A,EARTH,TEME,UTC,SGP4,2025-05-08 22:24:02.876832+00:00,14.59199397,0.00013850,98.1800,137.3262,90.7024,269.4335,0,U,39634,999,59106,0.00005848400000,0.00000230,0.0000000000000,7073.897,98.684,696.742,694.783,PAYLOAD,LARGE,ESA,2014-04-03,FRGUI,,4723128,287087773,0 SENTINEL 1A,1 39634U 14016A   25128.93336663  .00000230  00000-0  58484-4 0  9992,2 39634  98.1800 137.3262 0001385  90.7024 269.4335 14.59199397591066
3.0,GENERATED VIA SPACE-TRACK.ORG API,2025-05-09 06:26:20+00:00,18 SPCS,SENTINEL 1A,2014-016A,EARTH,TEME,UTC,SGP4,2025-05-09 04:59:01.146624+00:00,14.59199680,0.00013860,98.1801,137.5965,90.8190,269.3168,0,U,39634,999,59113,0.00006740000000,0.00000272,0.0000000000000,7073.896,98.684,696.742,694.781,PAYLOAD,LARGE,ESA,2014-04-03,FRGUI,,4723183,287104641,0 SENTINEL 1A,1 39634U 14016A   25129.20765216  .00000272  00000-0  67400-4 0  9997,2 39634  98.1801 137.5965 0001386  90.8190 269.3168 14.59199680591131
3.0,GENERATED VIA SPACE-TRACK.ORG API,2025-05-09 14:26:18+00:00,18 SPCS,SENTINEL 1A,2014-016A,EARTH,TEME,UTC,SGP4,2025-05-09 11:33:59.425056+00:00,14.59199646,0.00013860,98.1800,137.8668,90.8293,269.3066,0,U,39634,999,59117,0.00005687100000,0.00000222,0.0000000000000,7073.896,98.684,696.742,694.781,PAYLOAD,LARGE,ESA,2014-04-03,FRGUI,,4723486,287111793,0 SENTINEL 1A,1 39634U 14016A   25129.48193779  .00000222  00000-0  56871-4 0  9991,2 39634  98.1800 137.8668 0001386  90.8293 269.3066 14.59199646591170
3.0,GENERATED VIA SPACE-TRACK.ORG API,2025-05-09 17:15:02+00:00,18 SPCS,SENTINEL 1A,2014-016A,EARTH,TEME,UTC,SGP4,2025-05-09 06:37:45.715584+00:00,14.59199707,0.00013880,98.1801,137.6641,90.6738,269.4621,0,U,39634,999,59111,0.00006664900000,0.00000268,0.0000000000000,7073.896,98.684,696.743,694.779,PAYLOAD,LARGE,ESA,2014-04-03,FRGUI,,4723738,287132769,0 SENTINEL 1A,1 39634U 14016A   25129.27622356  .00000268  00000-0  66649-4 0  9990,2 39634  98.1801 137.6641 0001388  90.6738 269.4621 14.59199707591114
3.0,GENERATED VIA SPACE-TRACK.ORG API,2025-05-09 22:26:18+00:00,18 SPCS,SENTINEL 1A,2014-016A,EARTH,TEME,UTC,SGP4,2025-05-09 19:47:42.256896+00:00,14.59199903,0.00013860,98.1800,138.2047,90.6711,269.4647,0,U,39634,999,59122,0.00006317700000,0.00000252,0.0000000000000,7073.896,98.684,696.741,694.780,PAYLOAD,LARGE,ESA,2014-04-03,FRGUI,,4723793,287148969,0 SENTINEL 1A,1 39634U 14016A   25129.82479464  .00000252  00000-0  63177-4 0  9997,2 39634  98.1800 138.2047 0001386  90.6711 269.4647 14.59199903591227
3.0,GENERATED VIA SPACE-TRACK.ORG API,2025-05-10 02:32:27+00:00,18 SPCS,SENTINEL 1A,2014-016A,EARTH,TEME,UTC,SGP4,2025-05-09 23:05:11.388768+00:00,14.59200003,0.00013830,98.1800,138.3399,90.6864,269.4494,0,U,39634,999,59121,0.00006330300000,0.00000253,0.0000000000000,7073.895,98.684,696.739,694.782,PAYLOAD,LARGE,ESA,2014-04-03,FRGUI,,4723972,287167919,0 SENTINEL 1A,1 39634U 14016A   25129.96193737  .00000253  00000-0  63303-4 0  9990,2 39634  98.1800 138.3399 0001383  90.6864 269.4494 14.59200003591217
3.0,GENERATED VIA SPACE-TRACK.ORG API,2025-05-10 06:26:19+00:00,18 SPCS,SENTINEL 1A,2014-016A,EARTH,TEME,UTC,SGP4,2025-05-10 04:01:25.080960+00:00,14.59200325,0.00013810,98.1800,138.5426,90.8069,269.3288,0,U,39634,999,59127,0.00006903400000,0.00000280,0.0000000000000,7073.894,98.684,696.736,694.782,PAYLOAD,LARGE,ESA,2014-04-03,FRGUI,,4723988,287183697,0 SENTINEL 1A,1 39634U 14016A   25130.16765140  .00000280  00000-0  69034-4 0  9994,2 39634  98.1800 138.5426 0001381  90.8069 269.3288 14.59200325591270
3.0,GENERATED VIA SPACE-TRACK.ORG API,2025-05-10 14:26:19+00:00,18 SPCS,SENTINEL 1A,2014-016A,EARTH,TEME,UTC,SGP4,2025-05-10 12:15:08.140032+00:00,14.59197391,0.00013400,98.1796,138.8811,92.9183,267.2170,0,U,39634,999,59132,0.00005965400000,0.00000235,0.0000000000000,7073.904,98.684,696.717,694.821,PAYLOAD,LARGE,ESA,2014-04-03,FRGUI,,4724404,287192552,0 SENTINEL 1A,1 39634U 14016A   25130.51051088  .00000235  00000-0  59654-4 0  9999,2 39634  98.1796 138.8811 0001340  92.9183 267.2170 14.59197391591321
3.0,GENERATED VIA SPACE-TRACK.ORG API,2025-05-10 17:27:15+00:00,18 SPCS,SENTINEL 1A,2014-016A,EARTH,TEME,UTC,SGP4,2025-05-10 13:53:52.728864+00:00,14.59197676,0.00013730,98.1799,138.9484,91.5295,268.6062,0,U,39634,999,59130,0.00005951700000,0.00000235,0.0000000000000,7073.903,98.684,696.739,694.797,PAYLOAD,LARGE,ESA,2014-04-03,FRGUI,,4724659,287213830,0 SENTINEL 1A,1 39634U 14016A   25130.57908251  .00000235  00000-0  59517-4 0  9996,2 39634  98.1799 138.9484 0001373  91.5295 268.6062 14.59197676591305
3.0,GENERATED VIA SPACE-TRACK.ORG API,2025-05-10 22:16:17+00:00,18 SPCS,SENTINEL 1A,2014-016A,EARTH,TEME,UTC,SGP4,2025-05-10 20:28:51.018528+00:00,14.59198564,0.00013750,98.1800,139.2184,90.0350,270.1007,0,U,39634,999,59137,0.00005850500000,0.00000230,0.0000000000000,7073.900,98.684,696.738,694.792,PAYLOAD,LARGE,ESA,2014-04-03,FRGUI,,4724671,287230159,0 SENTINEL 1A,1 39634U 14016A   25130.85336827  .00000230  00000-0  58505-4 0  9992,2 39634  98.1800 139.2184 0001375  90.0350 270.1007 14.59198564591378
3.0,GENERATED VIA SPACE-TRACK.ORG API,2025-05-11 02:40:14+00:00,18 SPCS,SENTINEL 1A,2014-016A,EARTH,TEME,UTC,SGP4,2025-05-10 22:07:35.590080+00:00,14.59198639,0.00013760,98.1799,139.2860,90.0936,270.0422,0,U,39634,999,59135,0.00005840000000,0.00000230,0.0000000000000,7073.900,98.684,696.738,694.791,PAYLOAD,LARGE,ESA,2014-04-03,FRGUI,,4724992,287251888,0 SENTINEL 1A,1 39634U 14016A   25130.92193970  .00000230  00000-0  58400-4 0  9994,2 39634  98.1799 139.2860 0001376  90.0936 270.0422 14.59198639591358
3.0,GENERATED VIA SPACE-TRACK.ORG API,2025-05-11 06:26:19+00:00,18 SPCS,SENTINEL 1A,2014-016A,EARTH,TEME,UTC,SGP4,2025-05-11 03:03:49.296960+00:00,14.59198978,0.00013790,98.1799,139.4887,90.3755,269.7603,0,U,39634,999,59141,0.00005786100000,0.00000227,0.0000000000000,7073.899,98.684,696.739,694.788,PAYLOAD,LARGE,ESA,2014-04-03,FRGUI,,4725022,287267670,0 SENTINEL 1A,1 39634U 14016A   25131.12765390  .00000227  00000-0  57861-4 0  9994,2 39634  98.1799 139.4887 0001379  90.3755 269.7603 14.59198978591413
3.0,GENERATED VIA SPACE-TRACK.ORG API,2025-05-11 14:26:31+00:00,18 SPCS,SENTINEL 1A,2014-016A,EARTH,TEME,UTC,SGP4,2025-05-11 11:17:32.145216+00:00,14.59199199,0.00013810,98.1800,139.8266,90.5983,269.5375,0,U,39634,999,59146,0.00005607300000,0.00000219,0.0000000000000,7073.898,98.684,696.740,694.786,PAYLOAD,LARGE,ESA,2014-04-03,FRGUI,,4725356,287276094,0 SENTINEL 1A,1 39634U 14016A   25131.47051094  .00000219  00000-0  56073-4 0  9996,2 39634  98.1800 139.8266 0001381  90.5983 269.5375 14.59199199591464
3.0,GENERATED VIA SPACE-TRACK.ORG API,2025-05-11 22:21:49+00:00,18 SPCS,SENTINEL 1A,2014-016A,EARTH,TEME,UTC,SGP4,2025-05-11 12:56:16.709856+00:00,14.59199334,0.00013840,98.1800,139.8942,90.6443,269.4916,0,U,39634,999,59144,0.00005828300000,0.00000229,0.0000000000000,7073.897,98.684,696.741,694.783,PAYLOAD,LARGE,ESA,2014-04-03,FRGUI,,4725669,287297384,0 SENTINEL 1A,1 39634U 14016A   25131.53908229  .00000229  00000-0  58283-4 0  9990,2 39634  98.1800 139.8942 0001384  90.6443 269.4916 14.59199334591449
3.0,GENERATED VIA SPACE-TRACK.ORG API,2025-05-11 22:26:43+00:00,18 SPCS,SENTINEL 1A,2014-016A,EARTH,TEME,UTC,SGP4,2025-05-11 21:09:59.556384+00:00,14.59199445,0.00013840,98.1799,140.2321,90.3472,269.7886,0,U,39634,999,59152,0.00005495700000,0.00000213,0.0000000000000,7073.897,98.684,696.741,694.783,PAYLOAD,LARGE,ESA,2014-04-03,FRGUI,,4725710,287314058,0 SENTINEL 1A,1 39634U 14016A   25131.88193931  .00000213  00000-0  54957-4 0  9991,2 39634  98.1799 140.2321 0001384  90.3472 269.7886 14.59199445591523
3.0,GENERATED VIA SPACE-TRACK.ORG API,2025-05-12 02:31:36+00:00,18 SPCS,SENTINEL 1A,2014-016A,EARTH,TEME,UTC,SGP4,2025-05-11 22:48:44.124480+00:00,14.59199485,0.00013820,98.1799,140.2997,90.2833,269.8525,0,U,39634,999,59150,0.00005493600000,0.00000213,0.0000000000000,7073.897,98.684,696.740,694.784,PAYLOAD,LARGE,ESA,2014-04-03,FRGUI,,4725940,287334274,0 SENTINEL 1A,1 39634U 14016A   25131.95051070  .00000213  00000-0  54936-4 0  9993,2 39634  98.1799 140.2997 0001382  90.2833 269.8525 14.59199485591503
3.0,GENERATED VIA SPACE-TRACK.ORG API,2025-05-12 06:26:17+00:00,18 SPCS,SENTINEL 1A,2014-016A,EARTH,TEME,UTC,SGP4,2025-05-12 05:23:42.389088+00:00,14.59199803,0.00013840,98.1799,140.5700,90.2921,269.8437,0,U,39634,999,59157,0.00005991300000,0.00000237,0.0000000000000,7073.896,98.684,696.740,694.782,PAYLOAD,LARGE,ESA,2014-04-03,FRGUI,,4725985,287350540,0 SENTINEL 1A,1 39634U 14016A   25132.22479617  .00000237  00000-0  59913-4 0  9991,2 39634  98.1799 140.5700 0001384  90.2921 269.8437 14.59199803591571
3.0,GENERATED VIA SPACE-TRACK.ORG API,2025-05-12 14:16:17+00:00,18 SPCS,SENTINEL 1A,2014-016A,EARTH,TEME,UTC,SGP4,2025-05-12 11:58:40.664064+00:00,14.59199861,0.00013860,98.1799,140.8405,89.6760,270.4598,0,U,39634,999,59161,0.00005531400000,0.00000215,0.0000000000000,7073.896,98.684,696.741,694.780,PAYLOAD,LARGE,ESA,2014-04-03,FRGUI,,4726291,287357612,0 SENTINEL 1A,1 39634U 14016A   25132.49908176  .00000215  00000-0  55314-4 0  9994,2 39634  98.1799 140.8405 0001386  89.6760 270.4598 14.59199861591616
3.0,GENERATED VIA SPACE-TRACK.ORG API,2025-05-12 19:41:36+00:00,18 SPCS,SENTINEL 1A,2014-016A,EARTH,TEME,UTC,SGP4,2025-05-12 13:37:25.231296+00:00,14.59199892,0.00013860,98.1799,140.9080,89.6648,270.4710,0,U,39634,999,59159,0.00005522400000,0.00000215,0.0000000000000,7073.896,98.684,696.741,694.780,PAYLOAD,LARGE,ESA,2014-04-03,FRGUI,,4726624,287379365,0 SENTINEL 1A,1 39634U 14016A   25132.56765314  .00000215  00000-0  55224-4 0  9997,2 39634  98.1799 140.9080 0001386  89.6648 270.4710 14.59199892591598
3.0,GENERATED VIA SPACE-TRACK.ORG API,2025-05-12 22:26:18+00:00,18 SPCS,SENTINEL 1A,2014-016A,EARTH,TEME,UTC,SGP4,2025-05-12 20:12:23.496768+00:00,14.59200035,0.00013840,98.1799,141.1784,89.5553,270.5806,0,U,39634,999,59166,0.00005822900000,0.00000229,0.0000000000000,7073.895,98.684,696.739,694.781,PAYLOAD,LARGE,ESA,2014-04-03,FRGUI,,4726701,287396280,0 SENTINEL 1A,1 39634U 14016A   25132.84193862  .00000229  00000-0  58229-4 0  9994,2 39634  98.1799 141.1784 0001384  89.5553 270.5806 14.59200035591661
3.0,GENERATED VIA SPACE-TRACK.ORG API,2025-05-13 04:54:31+00:00,18 SPCS,SENTINEL 1A,2014-016A,EARTH,TEME,UTC,SGP4,2025-05-12 21:51:08.062272+00:00,14.59200083,0.00013830,98.1799,141.2459,89.4212,270.7146,0,U,39634,999,59164,0.00005892100000,0.00000232,0.0000000000000,7073.895,98.684,696.738,694.782,PAYLOAD,LARGE,ESA,2014-04-03,FRGUI,,4726983,287416873,0 SENTINEL 1A,1 39634U 14016A   25132.91050998  .00000232  00000-0  58921-4 0  9997,2 39634  98.1799 141.2459 0001383  89.4212 270.7146 14.59200083591641
3.0,GENERATED VIA SPACE-TRACK.ORG API,2025-05-13 06:16:16+00:00,18 SPCS,SENTINEL 1A,2014-016A,EARTH,TEME,UTC,SGP4,2025-05-13 04:26:06.330336+00:00,14.59200258,0.00013840,98.1799,141.5162,89.8903,270.2455,0,U,39634,999,59171,0.00006036800000,0.00000239,0.0000000000000,7073.894,98.684,696.738,694.780,PAYLOAD,LARGE,ESA,2014-04-03,FRGUI,,4726999,287433306,0 SENTINEL 1A,1 39634U 14016A   25133.18479549  .00000239  00000-0  60368-4 0  9999,2 39634  98.1799 141.5162 0001384  89.8903 270.2455 14.59200258591717
3.0,GENERATED VIA SPACE-TRACK.ORG API,2025-05-13 14:16:34+00:00,18 SPCS,SENTINEL 1A,2014-016A,EARTH,TEME,UTC,SGP4,2025-05-13 12:39:49.153536+00:00,14.59200476,0.00013840,98.1799,141.8541,89.8292,270.3066,0,U,39634,999,59176,0.00006092900000,0.00000241,0.0000000000000,7073.894,98.684,696.738,694.780,PAYLOAD,LARGE,ESA,2014-04-03,FRGUI,,4727334,287441202,0 SENTINEL 1A,1 39634U 14016A   25133.52765224  .00000241  00000-0  60929-4 0  9991,2 39634  98.1799 141.8541 0001384  89.8292 270.3066 14.59200476591768
3.0,GENERATED VIA SPACE-TRACK.ORG API,2025-05-13 22:26:18+00:00,18 SPCS,SENTINEL 1A,2014-016A,EARTH,TEME,UTC,SGP4,2025-05-13 20:53:31.975008+00:00,14.59200610,0.00013850,98.1799,142.1920,89.5208,270.6151,0,U,39634,999,59181,0.00005589700000,0.00000218,0.0000000000000,7073.893,98.684,696.738,694.779,PAYLOAD,LARGE,ESA,2014-04-03,FRGUI,,4727705,287479698,0 SENTINEL 1A,1 39634U 14016A   25133.87050897  .00000218  00000-0  55897-4 0  9994,2 39634  98.1799 142.1920 0001385  89.5208 270.6151 14.59200610591812
3.0,GENERATED VIA SPACE-TRACK.ORG API,2025-05-14 03:37:07+00:00,18 SPCS,SENTINEL 1A,2014-016A,EARTH,TEME,UTC,SGP4,2025-05-13 22:32:16.539648+00:00,14.59200649,0.00013850,98.1799,142.2596,89.3532,270.7826,0,U,39634,999,59179,0.00005616800000,0.00000219,0.0000000000000,7073.893,98.684,696.738,694.778,PAYLOAD,LARGE,ESA,2014-04-03,FRGUI,,4727914,287499148,0 SENTINEL 1A,1 39634U 14016A   25133.93908032  .00000219  00000-0  56168-4 0  9997,2 39634  98.1799 142.2596 0001385  89.3532 270.7826 14.59200649591799
3.0,GENERATED VIA SPACE-TRACK.ORG API,2025-05-14 06:26:28+00:00,18 SPCS,SENTINEL 1A,2014-016A,EARTH,TEME,UTC,SGP4,2025-05-14 05:07:14.791296+00:00,14.59200798,0.00013860,98.1799,142.5300,89.5518,270.5840,0,U,39634,999,59186,0.00005504800000,0.00000214,0.0000000000000,7073.893,98.684,696.738,694.777,PAYLOAD,LARGE,ESA,2014-04-03,FRGUI,,4727946,287514891,0 SENTINEL 1A,1 39634U 14016A   25134.21336564  .00000214  00000-0  55048-4 0  9995,2 39634  98.1799 142.5300 0001386  89.5518 270.5840 14.59200798591869
3.0,GENERATED VIA SPACE-TRACK.ORG API,2025-05-14 14:16:19+00:00,18 SPCS,SENTINEL 1A,2014-016A,EARTH,TEME,UTC,SGP4,2025-05-14 11:42:13.053312+00:00,14.59200760,0.00013860,98.1799,142.8003,89.2132,270.9226,0,U,39634,999,59190,0.00004737500000,0.00000178,0.0000000000000,7073.893,98.684,696.738,694.777,PAYLOAD,LARGE,ESA,2014-04-03,FRGUI,,4728231,287522566,0 SENTINEL 1A,1 39634U 14016A   25134.48765108  .00000178  00000-0  47375-4 0  9997,2 39634  98.1799 142.8003 0001386  89.2132 270.9226 14.59200760591907
3.0,GENERATED VIA SPACE-TRACK.ORG API,2025-05-14 17:20:46+00:00,18 SPCS,SENTINEL 1A,2014-016A,EARTH,TEME,UTC,SGP4,2025-05-14 11:42:13.053312+00:00,14.59200760,0.00013860,98.1799,142.8003,89.2132,270.9226,0,U,39634,999,59187,0.00004737500000,0.00000178,0.0000000000000,7073.893,98.684,696.738,694.777,PAYLOAD,LARGE,ESA,2014-04-03,FRGUI,,4728533,287543369,0 SENTINEL 1A,1 39634U 14016A   25134.48765108  .00000178  00000-0  47375-4 0  9997,2 39634  98.1799 142.8003 0001386  89.2132 270.9226 14.59200760591873
3.0,GENERATED VIA SPACE-TRACK.ORG API,2025-05-14 20:16:32+00:00,18 SPCS,SENTINEL 1A,2014-016A,EARTH,TEME,UTC,SGP4,2025-05-14 18:17:11.374080+00:00,14.59199407,0.00014080,98.1801,143.0702,88.9962,271.1399,0,U,39634,999,59194,0.00004705700000,0.00000176,0.0000000000000,7073.897,98.684,696.758,694.766,PAYLOAD,LARGE,ESA,2014-04-03,FRGUI,,4728541,287590075,0 SENTINEL 1A,1 39634U 14016A   25134.76193720  .00000176  00000-0  47057-4 0  9998,2 39634  98.1801 143.0702 0001408  88.9962 271.1399 14.59199407591945
3.0,GENERATED VIA SPACE-TRACK.ORG API,2025-05-14 22:26:19+00:00,18 SPCS,SENTINEL 1A,2014-016A,EARTH,TEME,UTC,SGP4,2025-05-14 19:55:55.937856+00:00,14.59199434,0.00014040,98.1800,143.1377,88.8968,271.2392,0,U,39634,999,59195,0.00004815000000,0.00000181,0.0000000000000,7073.897,98.684,696.755,694.769,PAYLOAD,LARGE,ESA,2014-04-03,FRGUI,,4728806,287595125,0 SENTINEL 1A,1 39634U 14016A   25134.83050854  .00000181  00000-0  48150-4 0  9997,2 39634  98.1800 143.1377 0001404  88.8968 271.2392 14.59199434591959
3.0,GENERATED VIA SPACE-TRACK.ORG API,2025-05-15 04:48:17+00:00,18 SPCS,SENTINEL 1A,2014-016A,EARTH,TEME,UTC,SGP4,2025-05-14 19:55:55.937856+00:00,14.59199434,0.00014040,98.1800,143.1377,88.8968,271.2392,0,U,39634,999,59192,0.00004815000000,0.00000181,0.0000000000000,7073.897,98.684,696.755,694.769,PAYLOAD,LARGE,ESA,2014-04-03,FRGUI,,4728901,287611160,0 SENTINEL 1A,1 39634U 14016A   25134.83050854  .00000181  00000-0  48150-4 0  9997,2 39634  98.1800 143.1377 0001404  88.8968 271.2392 14.59199434591926
3.0,GENERATED VIA SPACE-TRACK.ORG API,2025-05-15 06:26:19+00:00,18 SPCS,SENTINEL 1A,2014-016A,EARTH,TEME,UTC,SGP4,2025-05-15 04:09:38.774016+00:00,14.59199696,0.00013960,98.1799,143.4760,89.4611,270.6749,0,U,39634,999,59200,0.00004744100000,0.00000178,0.0000000000000,7073.896,98.684,696.749,694.774,PAYLOAD,LARGE,ESA,2014-04-03,FRGUI,,4728929,287627440,0 SENTINEL 1A,1 39634U 14016A   25135.17336544  .00000178  00000-0  47441-4 0  9996,2 39634  98.1799 143.4760 0001396  89.4611 270.6749 14.59199696592003
3.0,GENERATED VIA SPACE-TRACK.ORG API,2025-05-15 14:26:26+00:00,18 SPCS,SENTINEL 1A,2014-016A,EARTH,TEME,UTC,SGP4,2025-05-15 12:23:21.610176+00:00,14.59199830,0.00013950,98.1799,143.8139,89.4498,270.6862,0,U,39634,999,59205,0.00004434300000,0.00000163,0.0000000000000,7073.896,98.684,696.748,694.774,PAYLOAD,LARGE,ESA,2014-04-03,FRGUI,,4729219,287634791,0 SENTINEL 1A,1 39634U 14016A   25135.51622234  .00000163  00000-0  44343-4 0  9990,2 39634  98.1799 143.8139 0001395  89.4498 270.6862 14.59199830592050
3.0,GENERATED VIA SPACE-TRACK.ORG API,2025-05-15 17:33:57+00:00,18 SPCS,SENTINEL 1A,2014-016A,EARTH,TEME,UTC,SGP4,2025-05-15 14:02:06.178272+00:00,14.59199823,0.00013930,98.1799,143.8815,89.4347,270.7013,0,U,39634,999,59203,0.00004420000000,0.00000163,0.0000000000000,7073.896,98.684,696.746,694.775,PAYLOAD,LARGE,ESA,2014-04-03,FRGUI,,4729513,287655078,0 SENTINEL 1A,1 39634U 14016A   25135.58479373  .00000163  00000-0  44200-4 0  9993,2 39634  98.1799 143.8815 0001393  89.4347 270.7013 14.59199823592031
3.0,GENERATED VIA SPACE-TRACK.ORG API,2025-05-15 22:16:19+00:00,18 SPCS,SENTINEL 1A,2014-016A,EARTH,TEME,UTC,SGP4,2025-05-15 18:58:19.881696+00:00,14.59199866,0.00013930,98.1798,144.0842,89.3034,270.8326,0,U,39634,999,59209,0.00004391900000,0.00000161,0.0000000000000,7073.896,98.684,696.746,694.775,PAYLOAD,LARGE,ESA,2014-04-03,FRGUI,,4729524,287670834,0 SENTINEL 1A,1 39634U 14016A   25135.79050789  .00000161  00000-0  43919-4 0  9996,2 39634  98.1798 144.0842 0001393  89.3034 270.8326 14.59199866592096
3.0,GENERATED VIA SPACE-TRACK.ORG API,2025-05-16 06:36:23+00:00,18 SPCS,SENTINEL 1A,2014-016A,EARTH,TEME,UTC,SGP4,2025-05-16 01:33:18.145440+00:00,14.59200005,0.00013890,98.1798,144.3546,89.2545,270.8813,0,U,39634,999,59213,0.00004291000000,0.00000157,0.0000000000000,7073.895,98.684,696.743,694.778,PAYLOAD,LARGE,ESA,2014-04-03,FRGUI,,4729790,287676477,0 SENTINEL 1A,1 39634U 14016A   25136.06479335  .00000157  00000-0  42910-4 0  9994,2 39634  98.1798 144.3546 0001389  89.2545 270.8813 14.59200005592135
3.0,GENERATED VIA SPACE-TRACK.ORG API,2025-05-16 14:26:32+00:00,18 SPCS,SENTINEL 1A,2014-016A,EARTH,TEME,UTC,SGP4,2025-05-16 11:25:45.544512+00:00,14.59200175,0.00013920,98.1798,144.7600,89.3239,270.8120,0,U,39634,999,59219,0.00004008700000,0.00000143,0.0000000000000,7073.895,98.684,696.744,694.775,PAYLOAD,LARGE,ESA,2014-04-03,FRGUI,,4730045,287683480,0 SENTINEL 1A,1 39634U 14016A   25136.47622158  .00000143  00000-0  40087-4 0  9990,2 39634  98.1798 144.7600 0001392  89.3239 270.8120 14.59200175592190
3.0,GENERATED VIA SPACE-TRACK.ORG API,2025-05-16 19:15:53+00:00,18 SPCS,SENTINEL 1A,2014-016A,EARTH,TEME,UTC,SGP4,2025-05-16 11:25:45.544512+00:00,14.59200175,0.00013920,98.1798,144.7600,89.3239,270.8120,0,U,39634,999,59216,0.00004008700000,0.00000143,0.0000000000000,7073.895,98.684,696.744,694.775,PAYLOAD,LARGE,ESA,2014-04-03,FRGUI,,4730293,287703515,0 SENTINEL 1A,1 39634U 14016A   25136.47622158  .00000143  00000-0  40087-4 0  9990,2 39634  98.1798 144.7600 0001392  89.3239 270.8120 14.59200175592167
3.0,GENERATED VIA SPACE-TRACK.ORG API,2025-05-16 22:16:17+00:00,18 SPCS,SENTINEL 1A,2014-016A,EARTH,TEME,UTC,SGP4,2025-05-16 21:18:12.934944+00:00,14.59200344,0.00013880,98.1798,145.1655,89.2634,270.8724,0,U,39634,999,59225,0.00004111800000,0.00000148,0.0000000000000,7073.894,98.684,696.741,694.777,PAYLOAD,LARGE,ESA,2014-04-03,FRGUI,,4730342,287719996,0 SENTINEL 1A,1 39634U 14016A   25136.88764971  .00000148  00000-0  41118-4 0  9996,2 39634  98.1798 145.1655 0001388  89.2634 270.8724 14.59200344592253
3.0,GENERATED VIA SPACE-TRACK.ORG API,2025-05-17 06:26:19+00:00,18 SPCS,SENTINEL 1A,2014-016A,EARTH,TEME,UTC,SGP4,2025-05-17 03:53:11.196960+00:00,14.59200673,0.00013900,98.1798,145.4358,89.2661,270.8698,0,U,39634,999,59229,0.00004802800000,0.00000181,0.0000000000000,7073.893,98.684,696.741,694.775,PAYLOAD,LARGE,ESA,2014-04-03,FRGUI,,4730627,287756344,0 SENTINEL 1A,1 39634U 14016A   25137.16193515  .00000181  00000-0  48028-4 0  9992,2 39634  98.1798 145.4358 0001390  89.2661 270.8698 14.59200673592298
3.0,GENERATED VIA SPACE-TRACK.ORG API,2025-05-17 14:16:18+00:00,18 SPCS,SENTINEL 1A,2014-016A,EARTH,TEME,UTC,SGP4,2025-05-17 12:06:54.046944+00:00,14.59200162,0.00013880,98.1798,145.7737,88.7822,271.3537,0,U,39634,999,59234,0.00001562900000,0.00000028,0.0000000000000,7073.895,98.684,696.742,694.778,PAYLOAD,LARGE,ESA,2014-04-03,FRGUI,,4730940,287764134,0 SENTINEL 1A,1 39634U 14016A   25137.50479221  .00000028  00000-0  15629-4 0  9992,2 39634  98.1798 145.7737 0001388  88.7822 271.3537 14.59200162592349
3.0,GENERATED VIA SPACE-TRACK.ORG API,2025-05-17 20:10:15+00:00,18 SPCS,SENTINEL 1A,2014-016A,EARTH,TEME,UTC,SGP4,2025-05-17 13:45:38.619360+00:00,14.59200019,0.00013840,98.1798,145.8413,88.8456,271.2902,0,U,39634,999,59232,0.00000838220000,-0.00000006,0.0000000000000,7073.895,98.684,696.739,694.781,PAYLOAD,LARGE,ESA,2014-04-03,FRGUI,,4731272,287786344,0 SENTINEL 1A,1 39634U 14016A   25137.57336365 -.00000006  00000-0  83822-5 0  9998,2 39634  98.1798 145.8413 0001384  88.8456 271.2902 14.59200019592325
3.0,GENERATED VIA SPACE-TRACK.ORG API,2025-05-17 22:16:24+00:00,18 SPCS,SENTINEL 1A,2014-016A,EARTH,TEME,UTC,SGP4,2025-05-17 20:20:36.909024+00:00,14.59199475,0.00012940,98.1804,146.1116,89.4628,270.6720,0,U,39634,999,59239,-0.00001814200000,-0.00000131,0.0000000000000,7073.897,98.684,696.677,694.847,PAYLOAD,LARGE,ESA,2014-04-03,FRGUI,,4731285,287802106,0 SENTINEL 1A,1 39634U 14016A   25137.84764941 -.00000131  00000-0 -18142-4 0  9995,2 39634  98.1804 146.1116 0001294  89.4628 270.6720 14.59199475592396
3.0,GENERATED VIA SPACE-TRACK.ORG API,2025-05-18 02:40:42+00:00,18 SPCS,SENTINEL 1A,2014-016A,EARTH,TEME,UTC,SGP4,2025-05-17 20:20:36.909024+00:00,14.59199475,0.00012940,98.1804,146.1116,89.4628,270.6720,0,U,39634,999,59236,-0.00001814200000,-0.00000131,0.0000000000000,7073.897,98.684,696.677,694.847,PAYLOAD,LARGE,ESA,2014-04-03,FRGUI,,4731538,287822217,0 SENTINEL 1A,1 39634U 14016A   25137.84764941 -.00000131  00000-0 -18142-4 0  9995,2 39634  98.1804 146.1116 0001294  89.4628 270.6720 14.59199475592363
3.0,GENERATED VIA SPACE-TRACK.ORG API,2025-05-18 06:26:19+00:00,18 SPCS,SENTINEL 1A,2014-016A,EARTH,TEME,UTC,SGP4,2025-05-18 04:34:19.783200+00:00,14.59198964,0.00013000,98.1805,146.4495,89.1309,271.0040,0,U,39634,999,59244,-0.00003861000000,-0.00000228,0.0000000000000,7073.899,98.684,696.683,694.844,PAYLOAD,LARGE,ESA,2014-04-03,FRGUI,,4731584,287838641,0 SENTINEL 1A,1 39634U 14016A   25138.19050675 -.00000228  00000-0 -38610-4 0  9995,2 39634  98.1805 146.4495 0001300  89.1309 271.0040 14.59198964592449
3.0,GENERATED VIA SPACE-TRACK.ORG API,2025-05-18 14:16:17+00:00,18 SPCS,SENTINEL 1A,2014-016A,EARTH,TEME,UTC,SGP4,2025-05-18 12:48:02.645280+00:00,14.59198941,0.00013160,98.1804,146.7874,89.0914,271.0436,0,U,39634,999,59249,-0.00003959500000,-0.00000232,0.0000000000000,7073.899,98.684,696.695,694.833,PAYLOAD,LARGE,ESA,2014-04-03,FRGUI,,4731885,287846576,0 SENTINEL 1A,1 39634U 14016A   25138.53336395 -.00000232  00000-0 -39595-4 0  9997,2 39634  98.1804 146.7874 0001316  89.0914 271.0436 14.59198941592499
3.0,GENERATED VIA SPACE-TRACK.ORG API,2025-05-18 18:58:00+00:00,18 SPCS,SENTINEL 1A,2014-016A,EARTH,TEME,UTC,SGP4,2025-05-18 14:26:47.215968+00:00,14.59198930,0.00013210,98.1804,146.8549,89.0520,271.0831,0,U,39634,999,59247,-0.00003907800000,-0.00000230,0.0000000000000,7073.899,98.684,696.698,694.829,PAYLOAD,LARGE,ESA,2014-04-03,FRGUI,,4732248,287869980,0 SENTINEL 1A,1 39634U 14016A   25138.60193537 -.00000230  00000-0 -39078-4 0  9998,2 39634  98.1804 146.8549 0001321  89.0520 271.0831 14.59198930592473
3.0,GENERATED VIA SPACE-TRACK.ORG API,2025-05-18 22:16:19+00:00,18 SPCS,SENTINEL 1A,2014-016A,EARTH,TEME,UTC,SGP4,2025-05-18 21:01:45.473664+00:00,14.59198985,0.00013170,98.1804,147.1252,89.3530,270.7820,0,U,39634,999,59254,-0.00003580700000,-0.00000215,0.0000000000000,7073.899,98.684,696.695,694.832,PAYLOAD,LARGE,ESA,2014-04-03,FRGUI,,4732265,287885973,0 SENTINEL 1A,1 39634U 14016A   25138.87622076 -.00000215  00000-0 -35807-4 0  9991,2 39634  98.1804 147.1252 0001317  89.3530 270.7820 14.59198985592549
3.0,GENERATED VIA SPACE-TRACK.ORG API,2025-05-19 03:12:16+00:00,18 SPCS,SENTINEL 1A,2014-016A,EARTH,TEME,UTC,SGP4,2025-05-18 22:40:30.033984+00:00,14.59199112,0.00013120,98.1804,147.1928,89.3834,270.7515,0,U,39634,999,59252,-0.00002867400000,-0.00000181,0.0000000000000,7073.898,98.684,696.691,694.835,PAYLOAD,LARGE,ESA,2014-04-03,FRGUI,,4732563,287907423,0 SENTINEL 1A,1 39634U 14016A   25138.94479206 -.00000181  00000-0 -28674-4 0  9990,2 39634  98.1804 147.1928 0001312  89.3834 270.7515 14.59199112592523
3.0,GENERATED VIA SPACE-TRACK.ORG API,2025-05-19 06:26:21+00:00,18 SPCS,SENTINEL 1A,2014-016A,EARTH,TEME,UTC,SGP4,2025-05-19 03:36:43.731360+00:00,14.59199224,0.00013040,98.1804,147.3955,89.6776,270.4573,0,U,39634,999,59258,-0.00002027500000,-0.00000141,0.0000000000000,7073.898,98.684,696.685,694.840,PAYLOAD,LARGE,ESA,2014-04-03,FRGUI,,4732603,287923408,0 SENTINEL 1A,1 39634U 14016A   25139.15050615 -.00000141  00000-0 -20275-4 0  9998,2 39634  98.1804 147.3955 0001304  89.6776 270.4573 14.59199224592585
3.0,GENERATED VIA SPACE-TRACK.ORG API,2025-05-19 14:16:18+00:00,18 SPCS,SENTINEL 1A,2014-016A,EARTH,TEME,UTC,SGP4,2025-05-19 11:50:26.555424+00:00,14.59199767,0.00013880,98.1796,147.7334,89.6092,270.5267,0,U,39634,999,59263,0.00001950500000,0.00000046,0.0000000000000,7073.896,98.684,696.743,694.779,PAYLOAD,LARGE,ESA,2014-04-03,FRGUI,,4732877,287930627,0 SENTINEL 1A,1 39634U 14016A   25139.49336291  .00000046  00000-0  19505-4 0  9998,2 39634  98.1796 147.7334 0001388  89.6092 270.5267 14.59199767592632
3.0,GENERATED VIA SPACE-TRACK.ORG API,2025-05-19 17:57:47+00:00,18 SPCS,SENTINEL 1A,2014-016A,EARTH,TEME,UTC,SGP4,2025-05-19 13:29:11.120928+00:00,14.59199822,0.00013870,98.1796,147.8010,89.5443,270.5916,0,U,39634,999,59261,0.00002331400000,0.00000064,0.0000000000000,7073.896,98.684,696.742,694.780,PAYLOAD,LARGE,ESA,2014-04-03,FRGUI,,4733199,287952057,0 SENTINEL 1A,1 39634U 14016A   25139.56193427  .00000064  00000-0  23314-4 0  9991,2 39634  98.1796 147.8010 0001387  89.5443 270.5916 14.59199822592613
3.0,GENERATED VIA SPACE-TRACK.ORG API,2025-05-19 22:16:29+00:00,18 SPCS,SENTINEL 1A,2014-016A,EARTH,TEME,UTC,SGP4,2025-05-19 20:04:09.383808+00:00,14.59200027,0.00013850,98.1796,148.0713,89.5582,270.5777,0,U,39634,999,59268,0.00003298600000,0.00000110,0.0000000000000,7073.895,98.684,696.740,694.780,PAYLOAD,LARGE,ESA,2014-04-03,FRGUI,,4733232,287968436,0 SENTINEL 1A,1 39634U 14016A   25139.83621972  .00000110  00000-0  32986-4 0  9999,2 39634  98.1796 148.0713 0001385  89.5582 270.5777 14.59200027592680
3.0,GENERATED VIA SPACE-TRACK.ORG API,2025-05-20 06:26:17+00:00,18 SPCS,SENTINEL 1A,2014-016A,EARTH,TEME,UTC,SGP4,2025-05-20 04:17:52.207008+00:00,14.59200374,0.00013840,98.1796,148.4093,89.7111,270.4248,0,U,39634,999,59273,0.00004910700000,0.00000186,0.0000000000000,7073.894,98.684,696.738,694.780,PAYLOAD,LARGE,ESA,2014-04-03,FRGUI,,4733605,287977049,0 SENTINEL 1A,1 39634U 14016A   25140.17907647  .00000186  00000-0  49107-4 0  9990,2 39634  98.1796 148.4093 0001384  89.7111 270.4248 14.59200374592737
3.0,GENERATED VIA SPACE-TRACK.ORG API,2025-05-20 14:16:17+00:00,18 SPCS,SENTINEL 1A,2014-016A,EARTH,TEME,UTC,SGP4,2025-05-20 10:52:50.459520+00:00,14.59200631,0.00013820,98.1795,148.6795,90.3420,269.7938,0,U,39634,999,59277,0.00005562200000,0.00000216,0.0000000000000,7073.893,98.684,696.736,694.781,PAYLOAD,LARGE,ESA,2014-04-03,FRGUI,,4733909,287984567,0 SENTINEL 1A,1 39634U 14016A   25140.45336180  .00000216  00000-0  55622-4 0  9992,2 39634  98.1795 148.6795 0001382  90.3420 269.7938 14.59200631592773
3.0,GENERATED VIA SPACE-TRACK.ORG API,2025-05-20 18:25:46+00:00,18 SPCS,SENTINEL 1A,2014-016A,EARTH,TEME,UTC,SGP4,2025-05-20 14:10:19.582752+00:00,14.59200647,0.00013830,98.1795,148.8147,90.3259,269.8099,0,U,39634,999,59276,0.00005322500000,0.00000205,0.0000000000000,7073.893,98.684,696.737,694.780,PAYLOAD,LARGE,ESA,2014-04-03,FRGUI,,4734167,288005519,0 SENTINEL 1A,1 39634U 14016A   25140.59050443  .00000205  00000-0  53225-4 0  9997,2 39634  98.1795 148.8147 0001383  90.3259 269.8099 14.59200647592762
3.0,GENERATED VIA SPACE-TRACK.ORG API,2025-05-20 23:36:25+00:00,18 SPCS,SENTINEL 1A,2014-016A,EARTH,TEME,UTC,SGP4,2025-05-20 17:27:48.711168+00:00,14.59200672,0.00013820,98.1795,148.9499,90.2265,269.9093,0,U,39634,999,59281,0.00005125300000,0.00000196,0.0000000000000,7073.893,98.684,696.736,694.781,PAYLOAD,LARGE,ESA,2014-04-03,FRGUI,,4734208,288021722,0 SENTINEL 1A,1 39634U 14016A   25140.72764712  .00000196  00000-0  51253-4 0  9991,2 39634  98.1795 148.9499 0001382  90.2265 269.9093 14.59200672592817
3.0,GENERATED VIA SPACE-TRACK.ORG API,2025-05-21 04:08:36+00:00,18 SPCS,SENTINEL 1A,2014-016A,EARTH,TEME,UTC,SGP4,2025-05-20 17:27:48.711168+00:00,14.59200672,0.00013820,98.1795,148.9499,90.2265,269.9093,0,U,39634,999,59278,0.00005125300000,0.00000196,0.0000000000000,7073.893,98.684,696.736,694.781,PAYLOAD,LARGE,ESA,2014-04-03,FRGUI,,4734515,288043315,0 SENTINEL 1A,1 39634U 14016A   25140.72764712  .00000196  00000-0  51253-4 0  9991,2 39634  98.1795 148.9499 0001382  90.2265 269.9093 14.59200672592783
3.0,GENERATED VIA SPACE-TRACK.ORG API,2025-05-21 06:16:18+00:00,18 SPCS,SENTINEL 1A,2014-016A,EARTH,TEME,UTC,SGP4,2025-05-21 04:59:00.657600+00:00,14.59200856,0.00013830,98.1795,149.4229,90.3261,269.8097,0,U,39634,999,59288,0.00004843500000,0.00000183,0.0000000000000,7073.893,98.684,696.736,694.779,PAYLOAD,LARGE,ESA,2014-04-03,FRGUI,,4734529,288059094,0 SENTINEL 1A,1 39634U 14016A   25141.20764650  .00000183  00000-0  48435-4 0  9990,2 39634  98.1795 149.4229 0001383  90.3261 269.8097 14.59200856592886
3.0,GENERATED VIA SPACE-TRACK.ORG API,2025-05-21 14:16:18+00:00,18 SPCS,SENTINEL 1A,2014-016A,EARTH,TEME,UTC,SGP4,2025-05-21 11:33:58.933440+00:00,14.59200608,0.00013840,98.1795,149.6933,89.2434,270.8924,0,U,39634,999,59292,0.00003001500000,0.00000096,0.0000000000000,7073.893,98.684,696.737,694.779,PAYLOAD,LARGE,ESA,2014-04-03,FRGUI,,4734874,288067645,0 SENTINEL 1A,1 39634U 14016A   25141.48193210  .00000096  00000-0  30015-4 0  9996,2 39634  98.1795 149.6933 0001384  89.2434 270.8924 14.59200608592921
3.0,GENERATED VIA SPACE-TRACK.ORG API,2025-05-21 17:16:54+00:00,18 SPCS,SENTINEL 1A,2014-016A,EARTH,TEME,UTC,SGP4,2025-05-21 13:12:43.498080+00:00,14.59200613,0.00013840,98.1795,149.7608,89.2425,270.8933,0,U,39634,999,59290,0.00002889000000,0.00000090,0.0000000000000,7073.893,98.684,696.737,694.779,PAYLOAD,LARGE,ESA,2014-04-03,FRGUI,,4735227,288089466,0 SENTINEL 1A,1 39634U 14016A   25141.55050345  .00000090  00000-0  28890-4 0  9997,2 39634  98.1795 149.7608 0001384  89.2425 270.8933 14.59200613592905
3.0,GENERATED VIA SPACE-TRACK.ORG API,2025-05-21 22:16:17+00:00,18 SPCS,SENTINEL 1A,2014-016A,EARTH,TEME,UTC,SGP4,2025-05-21 19:47:41.841312+00:00,14.59198481,0.00013960,98.1794,150.0309,89.9804,270.1555,0,U,39634,999,59297,0.00002944400000,0.00000093,0.0000000000000,7073.900,98.684,696.753,694.778,PAYLOAD,LARGE,ESA,2014-04-03,FRGUI,,4735286,288105819,0 SENTINEL 1A,1 39634U 14016A   25141.82478983  .00000093  00000-0  29444-4 0  9998,2 39634  98.1794 150.0309 0001396  89.9804 270.1555 14.59198481592977
3.0,GENERATED VIA SPACE-TRACK.ORG API,2025-05-22 06:26:20+00:00,18 SPCS,SENTINEL 1A,2014-016A,EARTH,TEME,UTC,SGP4,2025-05-22 04:01:24.700800+00:00,14.59198717,0.00013860,98.1795,150.3690,89.9061,270.2298,0,U,39634,999,59302,0.00003388500000,0.00000114,0.0000000000000,7073.899,98.684,696.745,694.784,PAYLOAD,LARGE,ESA,2014-04-03,FRGUI,,4735626,288113209,0 SENTINEL 1A,1 39634U 14016A   25142.16764700  .00000114  00000-0  33885-4 0  9999,2 39634  98.1795 150.3690 0001386  89.9061 270.2298 14.59198717593022
3.0,GENERATED VIA SPACE-TRACK.ORG API,2025-05-22 14:16:17+00:00,18 SPCS,SENTINEL 1A,2014-016A,EARTH,TEME,UTC,SGP4,2025-05-22 12:15:07.561152+00:00,14.59198763,0.00013850,98.1795,150.7070,89.5660,270.5698,0,U,39634,999,59307,0.00003186600000,0.00000104,0.0000000000000,7073.899,98.684,696.744,694.785,PAYLOAD,LARGE,ESA,2014-04-03,FRGUI,,4735921,288121159,0 SENTINEL 1A,1 39634U 14016A   25142.51050418  .00000104  00000-0  31866-4 0  9998,2 39634  98.1795 150.7070 0001385  89.5660 270.5698 14.59198763593071
3.0,GENERATED VIA SPACE-TRACK.ORG API,2025-05-22 17:14:14+00:00,18 SPCS,SENTINEL 1A,2014-016A,EARTH,TEME,UTC,SGP4,2025-05-22 13:53:52.132704+00:00,14.59198779,0.00013850,98.1795,150.7746,89.5146,270.6212,0,U,39634,999,59305,0.00003183200000,0.00000104,0.0000000000000,7073.899,98.684,696.744,694.785,PAYLOAD,LARGE,ESA,2014-04-03,FRGUI,,4736220,288142320,0 SENTINEL 1A,1 39634U 14016A   25142.57907561  .00000104  00000-0  31832-4 0  9997,2 39634  98.1795 150.7746 0001385  89.5146 270.6212 14.59198779593058
3.0,GENERATED VIA SPACE-TRACK.ORG API,2025-05-22 22:26:24+00:00,18 SPCS,SENTINEL 1A,2014-016A,EARTH,TEME,UTC,SGP4,2025-05-22 20:28:50.416320+00:00,14.59198841,0.00013850,98.1795,151.0449,89.3058,270.8300,0,U,39634,999,59312,0.00002959400000,0.00000094,0.0000000000000,7073.899,98.684,696.744,694.784,PAYLOAD,LARGE,ESA,2014-04-03,FRGUI,,4736307,288159302,0 SENTINEL 1A,1 39634U 14016A   25142.85336130  .00000094  00000-0  29594-4 0  9996,2 39634  98.1795 151.0449 0001385  89.3058 270.8300 14.59198841593120
3.0,GENERATED VIA SPACE-TRACK.ORG API,2025-05-23 06:26:20+00:00,18 SPCS,SENTINEL 1A,2014-016A,EARTH,TEME,UTC,SGP4,2025-05-23 03:03:48.698208+00:00,14.59198997,0.00013830,98.1795,151.3152,89.4306,270.7052,0,U,39634,999,59316,0.00003070900000,0.00000099,0.0000000000000,7073.899,98.684,696.742,694.785,PAYLOAD,LARGE,ESA,2014-04-03,FRGUI,,4736611,288165350,0 SENTINEL 1A,1 39634U 14016A   25143.12764697  .00000099  00000-0  30709-4 0  9995,2 39634  98.1795 151.3152 0001383  89.4306 270.7052 14.59198997593168
3.0,GENERATED VIA SPACE-TRACK.ORG API,2025-05-23 14:16:18+00:00,18 SPCS,SENTINEL 1A,2014-016A,EARTH,TEME,UTC,SGP4,2025-05-23 11:17:31.549056+00:00,14.59199096,0.00013850,98.1794,151.6530,89.4114,270.7245,0,U,39634,999,59321,0.00002926300000,0.00000092,0.0000000000000,7073.898,98.684,696.743,694.783,PAYLOAD,LARGE,ESA,2014-04-03,FRGUI,,4736854,288171892,0 SENTINEL 1A,1 39634U 14016A   25143.47050404  .00000092  00000-0  29263-4 0  9993,2 39634  98.1794 151.6530 0001385  89.4114 270.7245 14.59199096593210
3.0,GENERATED VIA SPACE-TRACK.ORG API,2025-05-23 17:34:23+00:00,18 SPCS,SENTINEL 1A,2014-016A,EARTH,TEME,UTC,SGP4,2025-05-23 12:56:16.118880+00:00,14.59199122,0.00013850,98.1794,151.7206,89.3807,270.7551,0,U,39634,999,59319,0.00002924400000,0.00000092,0.0000000000000,7073.898,98.684,696.743,694.783,PAYLOAD,LARGE,ESA,2014-04-03,FRGUI,,4737198,288194967,0 SENTINEL 1A,1 39634U 14016A   25143.53907545  .00000092  00000-0  29244-4 0  9996,2 39634  98.1794 151.7206 0001385  89.3807 270.7551 14.59199122593196
3.0,GENERATED VIA SPACE-TRACK.ORG API,2025-05-23 22:26:32+00:00,18 SPCS,SENTINEL 1A,2014-016A,EARTH,TEME,UTC,SGP4,2025-05-23 19:31:14.393856+00:00,14.59199224,0.00013840,98.1794,151.9909,89.3475,270.7883,0,U,39634,999,59326,0.00002957500000,0.00000094,0.0000000000000,7073.898,98.684,696.742,694.784,PAYLOAD,LARGE,ESA,2014-04-03,FRGUI,,4737260,288211117,0 SENTINEL 1A,1 39634U 14016A   25143.81336104  .00000094  00000-0  29575-4 0  9993,2 39634  98.1794 151.9909 0001384  89.3475 270.7883 14.59199224593267
3.0,GENERATED VIA SPACE-TRACK.ORG API,2025-05-24 03:21:58+00:00,18 SPCS,SENTINEL 1A,2014-016A,EARTH,TEME,UTC,SGP4,2025-05-23 22:48:43.532640+00:00,14.59199273,0.00013810,98.1794,152.1261,89.3098,270.8260,0,U,39634,999,59325,0.00002952500000,0.00000093,0.0000000000000,7073.898,98.684,696.740,694.786,PAYLOAD,LARGE,ESA,2014-04-03,FRGUI,,4737503,288231910,0 SENTINEL 1A,1 39634U 14016A   25143.95050385  .00000093  00000-0  29525-4 0  9996,2 39634  98.1794 152.1261 0001381  89.3098 270.8260 14.59199273593252
3.0,GENERATED VIA SPACE-TRACK.ORG API,2025-05-24 06:26:18+00:00,18 SPCS,SENTINEL 1A,2014-016A,EARTH,TEME,UTC,SGP4,2025-05-24 03:44:57.242112+00:00,14.59199336,0.00013800,98.1794,152.3288,89.4223,270.7135,0,U,39634,999,59331,0.00002990200000,0.00000095,0.0000000000000,7073.897,98.684,696.739,694.786,PAYLOAD,LARGE,ESA,2014-04-03,FRGUI,,4737554,288247824,0 SENTINEL 1A,1 39634U 14016A   25144.15621808  .00000095  00000-0  29902-4 0  9994,2 39634  98.1794 152.3288 0001380  89.4223 270.7135 14.59199336593310
3.0,GENERATED VIA SPACE-TRACK.ORG API,2025-05-24 14:26:17+00:00,18 SPCS,SENTINEL 1A,2014-016A,EARTH,TEME,UTC,SGP4,2025-05-24 11:58:40.097280+00:00,14.59199366,0.00013790,98.1794,152.6668,89.0806,271.0552,0,U,39634,999,59336,0.00002936900000,0.00000093,0.0000000000000,7073.897,98.684,696.738,694.787,PAYLOAD,LARGE,ESA,2014-04-03,FRGUI,,4737863,288255661,0 SENTINEL 1A,1 39634U 14016A   25144.49907520  .00000093  00000-0  29369-4 0  9994,2 39634  98.1794 152.6668 0001379  89.0806 271.0552 14.59199366593361
3.0,GENERATED VIA SPACE-TRACK.ORG API,2025-05-24 21:39:02+00:00,18 SPCS,SENTINEL 1A,2014-016A,EARTH,TEME,UTC,SGP4,2025-05-24 13:37:24.667104+00:00,14.59199373,0.00013770,98.1794,152.7343,89.0666,271.0692,0,U,39634,999,59334,0.00002935200000,0.00000093,0.0000000000000,7073.897,98.684,696.736,694.788,PAYLOAD,LARGE,ESA,2014-04-03,FRGUI,,4738111,288276792,0 SENTINEL 1A,1 39634U 14016A   25144.56764661  .00000093  00000-0  29352-4 0  9991,2 39634  98.1794 152.7343 0001377  89.0666 271.0692 14.59199373593345
3.0,GENERATED VIA SPACE-TRACK.ORG API,2025-05-24 22:16:26+00:00,18 SPCS,SENTINEL 1A,2014-016A,EARTH,TEME,UTC,SGP4,2025-05-24 20:12:22.948128+00:00,14.59199371,0.00013700,98.1794,153.0046,89.0865,271.0491,0,U,39634,999,59341,0.00002866700000,0.00000089,0.0000000000000,7073.897,98.684,696.731,694.793,PAYLOAD,LARGE,ESA,2014-04-03,FRGUI,,4738130,288292739,0 SENTINEL 1A,1 39634U 14016A   25144.84193227  .00000089  00000-0  28667-4 0  9999,2 39634  98.1794 153.0046 0001370  89.0865 271.0491 14.59199371593416
3.0,GENERATED VIA SPACE-TRACK.ORG API,2025-05-25 02:20:03+00:00,18 SPCS,SENTINEL 1A,2014-016A,EARTH,TEME,UTC,SGP4,2025-05-24 21:51:07.518816+00:00,14.59199384,0.00013700,98.1794,153.0722,89.0657,271.0700,0,U,39634,999,59339,0.00002856700000,0.00000089,0.0000000000000,7073.897,98.684,696.731,694.793,PAYLOAD,LARGE,ESA,2014-04-03,FRGUI,,4738402,288313763,0 SENTINEL 1A,1 39634U 14016A   25144.91050369  .00000089  00000-0  28567-4 0  9995,2 39634  98.1794 153.0722 0001370  89.0657 271.0700 14.59199384593390
3.0,GENERATED VIA SPACE-TRACK.ORG API,2025-05-25 06:16:17+00:00,18 SPCS,SENTINEL 1A,2014-016A,EARTH,TEME,UTC,SGP4,2025-05-25 04:26:05.805888+00:00,14.59199379,0.00013880,98.1794,153.3424,89.5249,270.6109,0,U,39634,999,59346,0.00002809000000,0.00000087,0.0000000000000,7073.897,98.684,696.744,694.780,PAYLOAD,LARGE,ESA,2014-04-03,FRGUI,,4738417,288329867,0 SENTINEL 1A,1 39634U 14016A   25145.18478942  .00000087  00000-0  28090-4 0  9995,2 39634  98.1794 153.3424 0001388  89.5249 270.6109 14.59199379593463
3.0,GENERATED VIA SPACE-TRACK.ORG API,2025-05-25 14:16:31+00:00,18 SPCS,SENTINEL 1A,2014-016A,EARTH,TEME,UTC,SGP4,2025-05-25 11:01:04.083456+00:00,14.59199393,0.00013710,98.1793,153.6128,89.4220,270.7137,0,U,39634,999,59350,0.00002744400000,0.00000084,0.0000000000000,7073.897,98.684,696.732,694.792,PAYLOAD,LARGE,ESA,2014-04-03,FRGUI,,4738748,288338024,0 SENTINEL 1A,1 39634U 14016A   25145.45907504  .00000084  00000-0  27444-4 0  9995,2 39634  98.1793 153.6128 0001371  89.4220 270.7137 14.59199393593509
3.0,GENERATED VIA SPACE-TRACK.ORG API,2025-05-25 17:40:55+00:00,18 SPCS,SENTINEL 1A,2014-016A,EARTH,TEME,UTC,SGP4,2025-05-25 12:39:48.658464+00:00,14.59199419,0.00013710,98.1793,153.6804,89.2614,270.8743,0,U,39634,999,59348,0.00002912800000,0.00000092,0.0000000000000,7073.897,98.684,696.732,694.792,PAYLOAD,LARGE,ESA,2014-04-03,FRGUI,,4739036,288358949,0 SENTINEL 1A,1 39634U 14016A   25145.52764651  .00000092  00000-0  29128-4 0  9997,2 39634  98.1793 153.6804 0001371  89.2614 270.8743 14.59199419593485
3.0,GENERATED VIA SPACE-TRACK.ORG API,2025-05-25 22:26:17+00:00,18 SPCS,SENTINEL 1A,2014-016A,EARTH,TEME,UTC,SGP4,2025-05-25 19:14:46.940352+00:00,14.59199348,0.00013660,98.1794,153.9506,89.7302,270.4054,0,U,39634,999,59355,0.00002742800000,0.00000084,0.0000000000000,7073.897,98.684,696.729,694.796,PAYLOAD,LARGE,ESA,2014-04-03,FRGUI,,4739138,288375732,0 SENTINEL 1A,1 39634U 14016A   25145.80193218  .00000084  00000-0  27428-4 0  9995,2 39634  98.1794 153.9506 0001366  89.7302 270.4054 14.59199348593551
3.0,GENERATED VIA SPACE-TRACK.ORG API,2025-05-26 02:54:26+00:00,18 SPCS,SENTINEL 1A,2014-016A,EARTH,TEME,UTC,SGP4,2025-05-25 19:14:46.940352+00:00,14.59199348,0.00013660,98.1794,153.9506,89.7302,270.4054,0,U,39634,999,59352,0.00002742800000,0.00000084,0.0000000000000,7073.897,98.684,696.729,694.796,PAYLOAD,LARGE,ESA,2014-04-03,FRGUI,,4739344,288396329,0 SENTINEL 1A,1 39634U 14016A   25145.80193218  .00000084  00000-0  27428-4 0  9995,2 39634  98.1794 153.9506 0001366  89.7302 270.4054 14.59199348593528
3.0,GENERATED VIA SPACE-TRACK.ORG API,2025-05-27 19:55:52+00:00,18 SPCS,SENTINEL 1A,2014-016A,EARTH,TEME,UTC,SGP4,2025-05-27 14:02:05.742816+00:00,14.59199665,0.00013710,98.1793,155.7077,89.5613,270.5744,0,U,39634,999,59378,0.00002673000000,0.00000080,0.0000000000000,7073.896,98.684,696.731,694.792,PAYLOAD,LARGE,ESA,2014-04-03,FRGUI,,4739657,288492768,0 SENTINEL 1A,1 39634U 14016A   25147.58478869  .00000080  00000-0  26730-4 0  9991,2 39634  98.1793 155.7077 0001371  89.5613 270.5744 14.59199665593786
3.0,GENERATED VIA SPACE-TRACK.ORG API,2025-05-28 04:13:07+00:00,18 SPCS,SENTINEL 1A,2014-016A,EARTH,TEME,UTC,SGP4,2025-05-27 20:37:04.005696+00:00,14.59199797,0.00013750,98.1793,155.9780,89.4017,270.7340,0,U,39634,999,59385,0.00002679800000,0.00000081,0.0000000000000,7073.896,98.684,696.734,694.788,PAYLOAD,LARGE,ESA,2014-04-03,FRGUI,,4740593,288545473,0 SENTINEL 1A,1 39634U 14016A   25147.85907414  .00000081  00000-0  26798-4 0  9999,2 39634  98.1793 155.9780 0001375  89.4017 270.7340 14.59199797593858
3.0,GENERATED VIA SPACE-TRACK.ORG API,2025-05-28 06:36:19+00:00,18 SPCS,SENTINEL 1A,2014-016A,EARTH,TEME,UTC,SGP4,2025-05-28 03:12:02.268576+00:00,14.59199957,0.00013700,98.1793,156.2483,89.3893,270.7463,0,U,39634,999,59389,0.00002813000000,0.00000087,0.0000000000000,7073.895,98.684,696.730,694.791,PAYLOAD,LARGE,ESA,2014-04-03,FRGUI,,4740658,288562281,0 SENTINEL 1A,1 39634U 14016A   25148.13335959  .00000087  00000-0  28130-4 0  9998,2 39634  98.1793 156.2483 0001370  89.3893 270.7463 14.59199957593896
3.0,GENERATED VIA SPACE-TRACK.ORG API,2025-05-28 14:16:37+00:00,18 SPCS,SENTINEL 1A,2014-016A,EARTH,TEME,UTC,SGP4,2025-05-28 11:25:45.099552+00:00,14.59200098,0.00013730,98.1793,156.5862,89.7171,270.4186,0,U,39634,999,59394,0.00002841000000,0.00000088,0.0000000000000,7073.895,98.684,696.731,694.789,PAYLOAD,LARGE,ESA,2014-04-03,FRGUI,,4740805,288566066,0 SENTINEL 1A,1 39634U 14016A   25148.47621643  .00000088  00000-0  28410-4 0  9995,2 39634  98.1793 156.5862 0001373  89.7171 270.4186 14.59200098593940
3.0,GENERATED VIA SPACE-TRACK.ORG API,2025-05-28 19:31:29+00:00,18 SPCS,SENTINEL 1A,2014-016A,EARTH,TEME,UTC,SGP4,2025-05-28 13:04:29.665920+00:00,14.59200116,0.00013720,98.1793,156.6538,89.6209,270.5148,0,U,39634,999,59392,0.00002842000000,0.00000088,0.0000000000000,7073.895,98.684,696.730,694.789,PAYLOAD,LARGE,ESA,2014-04-03,FRGUI,,4741027,288585368,0 SENTINEL 1A,1 39634U 14016A   25148.54478780  .00000088  00000-0  28420-4 0  9996,2 39634  98.1793 156.6538 0001372  89.6209 270.5148 14.59200116593929
3.0,GENERATED VIA SPACE-TRACK.ORG API,2025-05-28 22:16:37+00:00,18 SPCS,SENTINEL 1A,2014-016A,EARTH,TEME,UTC,SGP4,2025-05-28 19:39:27.979776+00:00,14.59198868,0.00014000,98.1792,156.9238,90.7353,269.4007,0,U,39634,999,59399,0.00003246800000,0.00000107,0.0000000000000,7073.899,98.684,696.754,694.774,PAYLOAD,LARGE,ESA,2014-04-03,FRGUI,,4741072,288601701,0 SENTINEL 1A,1 39634U 14016A   25148.81907384  .00000107  00000-0  32468-4 0  9992,2 39634  98.1792 156.9238 0001400  90.7353 269.4007 14.59198868593991
3.0,GENERATED VIA SPACE-TRACK.ORG API,2025-05-29 03:15:42+00:00,18 SPCS,SENTINEL 1A,2014-016A,EARTH,TEME,UTC,SGP4,2025-05-28 22:56:57.122880+00:00,14.59198875,0.00013960,98.1792,157.0590,90.7488,269.3871,0,U,39634,999,59398,0.00003257000000,0.00000108,0.0000000000000,7073.899,98.684,696.751,694.776,PAYLOAD,LARGE,ESA,2014-04-03,FRGUI,,4741293,288621458,0 SENTINEL 1A,1 39634U 14016A   25148.95621670  .00000108  00000-0  32570-4 0  9993,2 39634  98.1792 157.0590 0001396  90.7488 269.3871 14.59198875593982
3.0,GENERATED VIA SPACE-TRACK.ORG API,2025-05-29 06:16:27+00:00,18 SPCS,SENTINEL 1A,2014-016A,EARTH,TEME,UTC,SGP4,2025-05-29 03:53:10.835808+00:00,14.59198991,0.00013960,98.1792,157.2617,90.4703,269.6657,0,U,39634,999,59404,0.00003420400000,0.00000115,0.0000000000000,7073.899,98.684,696.751,694.776,PAYLOAD,LARGE,ESA,2014-04-03,FRGUI,,4741312,288637613,0 SENTINEL 1A,1 39634U 14016A   25149.16193097  .00000115  00000-0  34204-4 0  9998,2 39634  98.1792 157.2617 0001396  90.4703 269.6657 14.59198991594043
3.0,GENERATED VIA SPACE-TRACK.ORG API,2025-05-29 19:26:34+00:00,18 SPCS,SENTINEL 1A,2014-016A,EARTH,TEME,UTC,SGP4,2025-05-29 15:24:22.821120+00:00,14.59199349,0.00014020,98.1791,157.7349,90.1374,269.9986,0,U,39634,999,59411,0.00003802900000,0.00000134,0.0000000000000,7073.897,98.684,696.754,694.771,PAYLOAD,LARGE,ESA,2014-04-03,FRGUI,,4741769,288647120,0 SENTINEL 1A,1 39634U 14016A   25149.64193080  .00000134  00000-0  38029-4 0  9993,2 39634  98.1791 157.7349 0001402  90.1374 269.9986 14.59199349594112
3.0,GENERATED VIA SPACE-TRACK.ORG API,2025-05-29 19:37:29+00:00,18 SPCS,SENTINEL 1A,2014-016A,EARTH,TEME,UTC,SGP4,2025-05-29 13:45:38.251296+00:00,14.59199323,0.00014000,98.1791,157.6673,90.1296,270.0064,0,U,39634,999,59407,0.00003790500000,0.00000133,0.0000000000000,7073.897,98.684,696.753,694.772,PAYLOAD,LARGE,ESA,2014-04-03,FRGUI,,4741775,288664998,0 SENTINEL 1A,1 39634U 14016A   25149.57335939  .00000133  00000-0  37905-4 0  9997,2 39634  98.1791 157.6673 0001400  90.1296 270.0064 14.59199323594079
3.0,GENERATED VIA SPACE-TRACK.ORG API,2025-05-29 22:16:34+00:00,18 SPCS,SENTINEL 1A,2014-016A,EARTH,TEME,UTC,SGP4,2025-05-29 20:20:36.526272+00:00,14.59199366,0.00014010,98.1791,157.9376,90.1290,270.0071,0,U,39634,999,59414,0.00003471200000,0.00000118,0.0000000000000,7073.897,98.684,696.753,694.771,PAYLOAD,LARGE,ESA,2014-04-03,FRGUI,,4742037,288685092,0 SENTINEL 1A,1 39634U 14016A   25149.84764498  .00000118  00000-0  34712-4 0  9999,2 39634  98.1791 157.9376 0001401  90.1290 270.0071 14.59199366594140
3.0,GENERATED VIA SPACE-TRACK.ORG API,2025-05-30 02:37:13+00:00,18 SPCS,SENTINEL 1A,2014-016A,EARTH,TEME,UTC,SGP4,2025-05-29 21:59:21.095232+00:00,14.59199394,0.00014000,98.1791,158.0052,90.1262,270.0098,0,U,39634,999,59412,0.00003460500000,0.00000117,0.0000000000000,7073.897,98.684,696.753,694.772,PAYLOAD,LARGE,ESA,2014-04-03,FRGUI,,4742222,288703862,0 SENTINEL 1A,1 39634U 14016A   25149.91621638  .00000117  00000-0  34605-4 0  9995,2 39634  98.1791 158.0052 0001400  90.1262 270.0098 14.59199394594129
3.0,GENERATED VIA SPACE-TRACK.ORG API,2025-05-30 06:26:19+00:00,18 SPCS,SENTINEL 1A,2014-016A,EARTH,TEME,UTC,SGP4,2025-05-30 04:34:19.364160+00:00,14.59199631,0.00013970,98.1791,158.2755,90.2836,269.8524,0,U,39634,999,59419,0.00003766600000,0.00000132,0.0000000000000,7073.896,98.684,696.750,694.773,PAYLOAD,LARGE,ESA,2014-04-03,FRGUI,,4742272,288720736,0 SENTINEL 1A,1 39634U 14016A   25150.19050190  .00000132  00000-0  37666-4 0  9993,2 39634  98.1791 158.2755 0001397  90.2836 269.8524 14.59199631594195
3.0,GENERATED VIA SPACE-TRACK.ORG API,2025-05-30 14:26:43+00:00,18 SPCS,SENTINEL 1A,2014-016A,EARTH,TEME,UTC,SGP4,2025-05-30 12:48:02.206368+00:00,14.59199685,0.00014000,98.1791,158.6134,90.4801,269.6559,0,U,39634,999,59424,0.00003443800000,0.00000117,0.0000000000000,7073.896,98.684,696.752,694.771,PAYLOAD,LARGE,ESA,2014-04-03,FRGUI,,4742687,288730723,0 SENTINEL 1A,1 39634U 14016A   25150.53335887  .00000117  00000-0  34438-4 0  9997,2 39634  98.1791 158.6134 0001400  90.4801 269.6559 14.59199685594240
3.0,GENERATED VIA SPACE-TRACK.ORG API,2025-05-30 19:07:09+00:00,18 SPCS,SENTINEL 1A,2014-016A,EARTH,TEME,UTC,SGP4,2025-05-30 14:26:46.774464+00:00,14.59199702,0.00014010,98.1791,158.6810,90.4592,269.6769,0,U,39634,999,59422,0.00003439000000,0.00000116,0.0000000000000,7073.896,98.684,696.752,694.770,PAYLOAD,LARGE,ESA,2014-04-03,FRGUI,,4743029,288752738,0 SENTINEL 1A,1 39634U 14016A   25150.60193026  .00000116  00000-0  34390-4 0  9998,2 39634  98.1791 158.6810 0001401  90.4592 269.6769 14.59199702594220
3.0,GENERATED VIA SPACE-TRACK.ORG API,2025-05-30 22:16:40+00:00,18 SPCS,SENTINEL 1A,2014-016A,EARTH,TEME,UTC,SGP4,2025-05-30 21:01:45.041664+00:00,14.59199817,0.00013980,98.1791,158.9513,90.3111,269.8249,0,U,39634,999,59429,0.00003484300000,0.00000118,0.0000000000000,7073.896,98.684,696.750,694.772,PAYLOAD,LARGE,ESA,2014-04-03,FRGUI,,4743097,288769443,0 SENTINEL 1A,1 39634U 14016A   25150.87621576  .00000118  00000-0  34843-4 0  9998,2 39634  98.1791 158.9513 0001398  90.3111 269.8249 14.59199817594293
3.0,GENERATED VIA SPACE-TRACK.ORG API,2025-05-31 03:10:21+00:00,18 SPCS,SENTINEL 1A,2014-016A,EARTH,TEME,UTC,SGP4,2025-05-30 22:40:29.608032+00:00,14.59199851,0.00013960,98.1790,159.0188,90.2237,269.9123,0,U,39634,999,59427,0.00003477000000,0.00000118,0.0000000000000,7073.896,98.684,696.748,694.773,PAYLOAD,LARGE,ESA,2014-04-03,FRGUI,,4743322,288788980,0 SENTINEL 1A,1 39634U 14016A   25150.94478713  .00000118  00000-0  34770-4 0  9998,2 39634  98.1790 159.0188 0001396  90.2237 269.9123 14.59199851594276
3.0,GENERATED VIA SPACE-TRACK.ORG API,2025-05-31 06:16:18+00:00,18 SPCS,SENTINEL 1A,2014-016A,EARTH,TEME,UTC,SGP4,2025-05-31 03:36:43.311456+00:00,14.59199919,0.00013960,98.1791,159.2216,90.2631,269.8728,0,U,39634,999,59433,0.00003502600000,0.00000119,0.0000000000000,7073.896,98.684,696.748,694.773,PAYLOAD,LARGE,ESA,2014-04-03,FRGUI,,4743341,288805135,0 SENTINEL 1A,1 39634U 14016A   25151.15050129  .00000119  00000-0  35026-4 0  9995,2 39634  98.1791 159.2216 0001396  90.2631 269.8728 14.59199919594331
3.0,GENERATED VIA SPACE-TRACK.ORG API,2025-05-31 14:16:36+00:00,18 SPCS,SENTINEL 1A,2014-016A,EARTH,TEME,UTC,SGP4,2025-05-31 11:50:26.150208+00:00,14.59199971,0.00013890,98.1791,159.5595,89.7992,270.3367,0,U,39634,999,59438,0.00003327200000,0.00000111,0.0000000000000,7073.895,98.684,696.743,694.778,PAYLOAD,LARGE,ESA,2014-04-03,FRGUI,,4743651,288812692,0 SENTINEL 1A,1 39634U 14016A   25151.49335822  .00000111  00000-0  33272-4 0  9991,2 39634  98.1791 159.5595 0001389  89.7992 270.3367 14.59199971594388
3.0,GENERATED VIA SPACE-TRACK.ORG API,2025-05-31 17:22:36+00:00,18 SPCS,SENTINEL 1A,2014-016A,EARTH,TEME,UTC,SGP4,2025-05-31 13:29:10.716576+00:00,14.59199989,0.00013880,98.1790,159.6270,89.7979,270.3380,0,U,39634,999,59436,0.00003325100000,0.00000111,0.0000000000000,7073.895,98.684,696.742,694.778,PAYLOAD,LARGE,ESA,2014-04-03,FRGUI,,4743962,288834642,0 SENTINEL 1A,1 39634U 14016A   25151.56192959  .00000111  00000-0  33251-4 0  9998,2 39634  98.1790 159.6270 0001388  89.7979 270.3380 14.59199989594364
3.0,GENERATED VIA SPACE-TRACK.ORG API,2025-05-31 22:16:17+00:00,18 SPCS,SENTINEL 1A,2014-016A,EARTH,TEME,UTC,SGP4,2025-05-31 20:04:09.001056+00:00,14.59199770,0.00013860,98.1790,159.8973,90.3656,269.7702,0,U,39634,999,59443,0.00001730100000,0.00000036,0.0000000000000,7073.896,98.684,696.741,694.781,PAYLOAD,LARGE,ESA,2014-04-03,FRGUI,,4743991,288850840,0 SENTINEL 1A,1 39634U 14016A   25151.83621529  .00000036  00000-0  17301-4 0  9992,2 39634  98.1790 159.8973 0001386  90.3656 269.7702 14.59199770594430
3.0,GENERATED VIA SPACE-TRACK.ORG API,2025-06-01 02:33:10+00:00,18 SPCS,SENTINEL 1A,2014-016A,EARTH,TEME,UTC,SGP4,2025-05-31 21:42:53.572608+00:00,14.59199721,0.00013870,98.1790,159.9649,90.8311,269.3047,0,U,39634,999,59441,0.00001343600000,0.00000018,0.0000000000000,7073.896,98.684,696.742,694.780,PAYLOAD,LARGE,ESA,2014-04-03,FRGUI,,4744264,288871583,0 SENTINEL 1A,1 39634U 14016A   25151.90478672  .00000018  00000-0  13436-4 0  9994,2 39634  98.1790 159.9649 0001387  90.8311 269.3047 14.59199721594417
3.0,GENERATED VIA SPACE-TRACK.ORG API,2025-06-01 06:26:18+00:00,18 SPCS,SENTINEL 1A,2014-016A,EARTH,TEME,UTC,SGP4,2025-06-01 04:17:51.856224+00:00,14.59199550,0.00013890,98.1790,160.2351,91.2065,268.9294,0,U,39634,999,59448,0.00000109430000,-0.00000041,0.0000000000000,7073.897,98.684,696.744,694.779,PAYLOAD,LARGE,ESA,2014-04-03,FRGUI,,4744324,288887820,0 SENTINEL 1A,1 39634U 14016A   25152.17907241 -.00000041  00000-0  10943-5 0  9991,2 39634  98.1790 160.2351 0001389  91.2065 268.9294 14.59199550594481
3.0,GENERATED VIA SPACE-TRACK.ORG API,2025-06-01 14:26:20+00:00,18 SPCS,SENTINEL 1A,2014-016A,EARTH,TEME,UTC,SGP4,2025-06-01 12:31:34.758912+00:00,14.59198898,0.00013250,98.1799,160.5729,90.3542,269.7810,0,U,39634,999,59453,-0.00002027800000,-0.00000141,0.0000000000000,7073.899,98.684,696.701,694.827,PAYLOAD,LARGE,ESA,2014-04-03,FRGUI,,4744664,288896069,0 SENTINEL 1A,1 39634U 14016A   25152.52193008 -.00000141  00000-0 -20278-4 0  9991,2 39634  98.1799 160.5729 0001325  90.3542 269.7810 14.59198898594535
3.0,GENERATED VIA SPACE-TRACK.ORG API,2025-06-01 17:42:04+00:00,18 SPCS,SENTINEL 1A,2014-016A,EARTH,TEME,UTC,SGP4,2025-06-01 14:10:19.355520+00:00,14.59198653,0.00013270,98.1799,160.6405,90.3037,269.8315,0,U,39634,999,59451,-0.00002803900000,-0.00000178,0.0000000000000,7073.900,98.684,696.703,694.826,PAYLOAD,LARGE,ESA,2014-04-03,FRGUI,,4744985,288918981,0 SENTINEL 1A,1 39634U 14016A   25152.59050180 -.00000178  00000-0 -28039-4 0  9994,2 39634  98.1799 160.6405 0001327  90.3037 269.8315 14.59198653594516
3.0,GENERATED VIA SPACE-TRACK.ORG API,2025-06-01 22:26:38+00:00,18 SPCS,SENTINEL 1A,2014-016A,EARTH,TEME,UTC,SGP4,2025-06-01 20:45:17.569152+00:00,14.59199224,0.00013320,98.1799,160.9108,89.9045,270.2308,0,U,39634,999,59458,-0.00001575000000,-0.00000120,0.0000000000000,7073.898,98.684,696.705,694.821,PAYLOAD,LARGE,ESA,2014-04-03,FRGUI,,4745057,288936287,0 SENTINEL 1A,1 39634U 14016A   25152.86478668 -.00000120  00000-0 -15750-4 0  9992,2 39634  98.1799 160.9108 0001332  89.9045 270.2308 14.59199224594588
3.0,GENERATED VIA SPACE-TRACK.ORG API,2025-06-02 02:51:20+00:00,18 SPCS,SENTINEL 1A,2014-016A,EARTH,TEME,UTC,SGP4,2025-06-01 22:24:02.126880+00:00,14.59199318,0.00013240,98.1798,160.9783,89.8760,270.2591,0,U,39634,999,59456,-0.00001167900000,-0.00000101,0.0000000000000,7073.898,98.684,696.699,694.826,PAYLOAD,LARGE,ESA,2014-04-03,FRGUI,,4745409,288959246,0 SENTINEL 1A,1 39634U 14016A   25152.93335795 -.00000101  00000-0 -11679-4 0  9998,2 39634  98.1798 160.9783 0001324  89.8760 270.2591 14.59199318594566
3.0,GENERATED VIA SPACE-TRACK.ORG API,2025-06-02 06:26:19+00:00,18 SPCS,SENTINEL 1A,2014-016A,EARTH,TEME,UTC,SGP4,2025-06-02 03:20:15.819072+00:00,14.59199442,0.00013200,98.1798,161.1811,89.8808,270.2543,0,U,39634,999,59462,-0.00000525040000,-0.00000071,0.0000000000000,7073.897,98.684,696.696,694.828,PAYLOAD,LARGE,ESA,2014-04-03,FRGUI,,4745463,288976566,0 SENTINEL 1A,1 39634U 14016A   25153.13907198 -.00000071  00000-0 -52504-5 0  9992,2 39634  98.1798 161.1811 0001320  89.8808 270.2543 14.59199442594622
3.0,GENERATED VIA SPACE-TRACK.ORG API,2025-06-02 14:16:27+00:00,18 SPCS,SENTINEL 1A,2014-016A,EARTH,TEME,UTC,SGP4,2025-06-02 11:33:58.633632+00:00,14.59199999,0.00013900,98.1790,161.5190,90.7908,269.3450,0,U,39634,999,59467,0.00001944900000,0.00000046,0.0000000000000,7073.895,98.684,696.744,694.777,PAYLOAD,LARGE,ESA,2014-04-03,FRGUI,,4745836,288985632,0 SENTINEL 1A,1 39634U 14016A   25153.48192863  .00000046  00000-0  19449-4 0  9995,2 39634  98.1790 161.5190 0001390  90.7908 269.3450 14.59199999594675
3.0,GENERATED VIA SPACE-TRACK.ORG API,2025-06-02 22:26:17+00:00,18 SPCS,SENTINEL 1A,2014-016A,EARTH,TEME,UTC,SGP4,2025-06-02 19:47:41.431776+00:00,14.59200538,0.00013820,98.1789,161.8569,90.6997,269.4361,0,U,39634,999,59472,0.00004618100000,0.00000172,0.0000000000000,7073.894,98.684,696.736,694.781,PAYLOAD,LARGE,ESA,2014-04-03,FRGUI,,4746252,288994280,0 SENTINEL 1A,1 39634U 14016A   25153.82478509  .00000172  00000-0  46181-4 0  9990,2 39634  98.1789 161.8569 0001382  90.6997 269.4361 14.59200538594724
3.0,GENERATED VIA SPACE-TRACK.ORG API,2025-06-03 06:26:18+00:00,18 SPCS,SENTINEL 1A,2014-016A,EARTH,TEME,UTC,SGP4,2025-06-03 02:22:39.681696+00:00,14.59200787,0.00013820,98.1789,162.1272,90.2336,269.9022,0,U,39634,999,59476,0.00005505400000,0.00000214,0.0000000000000,7073.893,98.684,696.735,694.780,PAYLOAD,LARGE,ESA,2014-04-03,FRGUI,,4746561,289002002,0 SENTINEL 1A,1 39634U 14016A   25154.09907039  .00000214  00000-0  55054-4 0  9991,2 39634  98.1789 162.1272 0001382  90.2336 269.9022 14.59200787594761
3.0,GENERATED VIA SPACE-TRACK.ORG API,2025-06-03 14:16:35+00:00,18 SPCS,SENTINEL 1A,2014-016A,EARTH,TEME,UTC,SGP4,2025-06-03 12:15:07.034976+00:00,14.59201494,0.00013760,98.1789,162.5326,90.8534,269.2823,0,U,39634,999,59482,0.00007554800000,0.00000310,0.0000000000000,7073.890,98.684,696.729,694.782,PAYLOAD,LARGE,ESA,2014-04-03,FRGUI,,4746888,289010508,0 SENTINEL 1A,1 39634U 14016A   25154.51049809  .00000310  00000-0  75548-4 0  9997,2 39634  98.1789 162.5326 0001376  90.8534 269.2823 14.59201494594829
3.0,GENERATED VIA SPACE-TRACK.ORG API,2025-06-03 20:24:54+00:00,18 SPCS,SENTINEL 1A,2014-016A,EARTH,TEME,UTC,SGP4,2025-06-03 13:53:51.596160+00:00,14.59201524,0.00013770,98.1789,162.6002,90.8656,269.2702,0,U,39634,999,59480,0.00007469200000,0.00000306,0.0000000000000,7073.890,98.684,696.729,694.781,PAYLOAD,LARGE,ESA,2014-04-03,FRGUI,,4747294,289033660,0 SENTINEL 1A,1 39634U 14016A   25154.57906940  .00000306  00000-0  74692-4 0  9995,2 39634  98.1789 162.6002 0001377  90.8656 269.2702 14.59201524594805
3.0,GENERATED VIA SPACE-TRACK.ORG API,2025-06-03 22:26:16+00:00,18 SPCS,SENTINEL 1A,2014-016A,EARTH,TEME,UTC,SGP4,2025-06-03 20:28:49.859040+00:00,14.59201327,0.00013790,98.1789,162.8705,90.4815,269.6542,0,U,39634,999,59487,0.00006334500000,0.00000253,0.0000000000000,7073.891,98.684,696.731,694.781,PAYLOAD,LARGE,ESA,2014-04-03,FRGUI,,4747360,289049926,0 SENTINEL 1A,1 39634U 14016A   25154.85335485  .00000253  00000-0  63345-4 0  9990,2 39634  98.1789 162.8705 0001379  90.4815 269.6542 14.59201327594876
3.0,GENERATED VIA SPACE-TRACK.ORG API,2025-06-04 06:26:22+00:00,18 SPCS,SENTINEL 1A,2014-016A,EARTH,TEME,UTC,SGP4,2025-06-04 03:03:48.100320+00:00,14.59201509,0.00013800,98.1789,163.1408,90.4675,269.6683,0,U,39634,999,59491,0.00006334600000,0.00000253,0.0000000000000,7073.890,98.684,696.732,694.779,PAYLOAD,LARGE,ESA,2014-04-03,FRGUI,,4747684,289058292,0 SENTINEL 1A,1 39634U 14016A   25155.12764005  .00000253  00000-0  63346-4 0  9996,2 39634  98.1789 163.1408 0001380  90.4675 269.6683 14.59201509594919
3.0,GENERATED VIA SPACE-TRACK.ORG API,2025-06-04 14:26:19+00:00,18 SPCS,SENTINEL 1A,2014-016A,EARTH,TEME,UTC,SGP4,2025-06-04 11:17:30.929568+00:00,14.59201449,0.00013790,98.1789,163.4787,90.6168,269.5190,0,U,39634,999,59496,0.00005372500000,0.00000208,0.0000000000000,7073.891,98.684,696.731,694.780,PAYLOAD,LARGE,ESA,2014-04-03,FRGUI,,4748079,289067513,0 SENTINEL 1A,1 39634U 14016A   25155.47049687  .00000208  00000-0  53725-4 0  9996,2 39634  98.1789 163.4787 0001379  90.6168 269.5190 14.59201449594969
3.0,GENERATED VIA SPACE-TRACK.ORG API,2025-06-04 17:45:46+00:00,18 SPCS,SENTINEL 1A,2014-016A,EARTH,TEME,UTC,SGP4,2025-06-04 12:56:15.489024+00:00,14.59201486,0.00013780,98.1789,163.5462,90.6593,269.4765,0,U,39634,999,59494,0.00005354900000,0.00000207,0.0000000000000,7073.890,98.684,696.730,694.781,PAYLOAD,LARGE,ESA,2014-04-03,FRGUI,,4748405,289089976,0 SENTINEL 1A,1 39634U 14016A   25155.53906816  .00000207  00000-0  53549-4 0  9992,2 39634  98.1789 163.5462 0001378  90.6593 269.4765 14.59201486594947
3.0,GENERATED VIA SPACE-TRACK.ORG API,2025-06-04 22:26:18+00:00,18 SPCS,SENTINEL 1A,2014-016A,EARTH,TEME,UTC,SGP4,2025-06-04 19:31:13.822752+00:00,14.59199332,0.00013790,98.1788,163.8165,90.2982,269.8375,0,U,39634,999,59501,0.00005469100000,0.00000212,0.0000000000000,7073.897,98.684,696.738,694.787,PAYLOAD,LARGE,ESA,2014-04-03,FRGUI,,4748447,289136930,0 SENTINEL 1A,1 39634U 14016A   25155.81335443  .00000212  00000-0  54691-4 0  9990,2 39634  98.1788 163.8165 0001379  90.2982 269.8375 14.59199332595014
3.0,GENERATED VIA SPACE-TRACK.ORG API,2025-06-05 03:46:26+00:00,18 SPCS,SENTINEL 1A,2014-016A,EARTH,TEME,UTC,SGP4,2025-06-04 22:48:42.962400+00:00,14.59199349,0.00013810,98.1788,163.9517,90.4088,269.7270,0,U,39634,999,59500,0.00005428800000,0.00000210,0.0000000000000,7073.897,98.684,696.739,694.785,PAYLOAD,LARGE,ESA,2014-04-03,FRGUI,,4748683,289157006,0 SENTINEL 1A,1 39634U 14016A   25155.95049725  .00000210  00000-0  54288-4 0  9990,2 39634  98.1788 163.9517 0001381  90.4088 269.7270 14.59199349595008
3.0,GENERATED VIA SPACE-TRACK.ORG API,2025-06-05 06:26:20+00:00,18 SPCS,SENTINEL 1A,2014-016A,EARTH,TEME,UTC,SGP4,2025-06-05 03:44:56.674464+00:00,14.59199386,0.00013810,98.1788,164.1544,90.4188,269.7170,0,U,39634,999,59506,0.00005167500000,0.00000198,0.0000000000000,7073.897,98.684,696.739,694.785,PAYLOAD,LARGE,ESA,2014-04-03,FRGUI,,4748731,289173141,0 SENTINEL 1A,1 39634U 14016A   25156.15621151  .00000198  00000-0  51675-4 0  9994,2 39634  98.1788 164.1544 0001381  90.4188 269.7170 14.59199386595068
3.0,GENERATED VIA SPACE-TRACK.ORG API,2025-06-05 18:09:31+00:00,18 SPCS,SENTINEL 1A,2014-016A,EARTH,TEME,UTC,SGP4,2025-06-05 11:58:39.520992+00:00,14.59199494,0.00013790,98.1788,164.4923,90.0916,270.0441,0,U,39634,999,59508,0.00004836600000,0.00000182,0.0000000000000,7073.897,98.684,696.737,694.786,PAYLOAD,LARGE,ESA,2014-04-03,FRGUI,,4749058,289195335,0 SENTINEL 1A,1 39634U 14016A   25156.49906853  .00000182  00000-0  48366-4 0  9992,2 39634  98.1788 164.4923 0001379  90.0916 270.0441 14.59199494595082
3.0,GENERATED VIA SPACE-TRACK.ORG API,2025-06-05 19:16:18+00:00,18 SPCS,SENTINEL 1A,2014-016A,EARTH,TEME,UTC,SGP4,2025-06-05 16:54:53.225280+00:00,14.59199561,0.00013760,98.1788,164.6950,90.0796,270.0562,0,U,39634,999,59514,0.00004785100000,0.00000180,0.0000000000000,7073.897,98.684,696.735,694.788,PAYLOAD,LARGE,ESA,2014-04-03,FRGUI,,4749087,289212446,0 SENTINEL 1A,1 39634U 14016A   25156.70478270  .00000180  00000-0  47851-4 0  9999,2 39634  98.1788 164.6950 0001376  90.0796 270.0562 14.59199561595143
3.0,GENERATED VIA SPACE-TRACK.ORG API,2025-06-05 22:16:17+00:00,18 SPCS,SENTINEL 1A,2014-016A,EARTH,TEME,UTC,SGP4,2025-06-05 20:12:22.356288+00:00,14.59199627,0.00013740,98.1788,164.8301,90.0552,270.0805,0,U,39634,999,59516,0.00004653000000,0.00000174,0.0000000000000,7073.897,98.684,696.733,694.790,PAYLOAD,LARGE,ESA,2014-04-03,FRGUI,,4749528,289223168,0 SENTINEL 1A,1 39634U 14016A   25156.84192542  .00000174  00000-0  46530-4 0  9995,2 39634  98.1788 164.8301 0001374  90.0552 270.0805 14.59199627595168
3.0,GENERATED VIA SPACE-TRACK.ORG API,2025-06-06 02:26:17+00:00,18 SPCS,SENTINEL 1A,2014-016A,EARTH,TEME,UTC,SGP4,2025-06-05 23:29:51.489024+00:00,14.59199721,0.00013700,98.1788,164.9652,89.9601,270.1755,0,U,39634,999,59518,0.00004611200000,0.00000172,0.0000000000000,7073.896,98.684,696.730,694.792,PAYLOAD,LARGE,ESA,2014-04-03,FRGUI,,4749607,289224504,0 SENTINEL 1A,1 39634U 14016A   25156.97906816  .00000172  00000-0  46112-4 0  9990,2 39634  98.1788 164.9652 0001370  89.9601 270.1755 14.59199721595188
3.0,GENERATED VIA SPACE-TRACK.ORG API,2025-06-06 02:38:26+00:00,18 SPCS,SENTINEL 1A,2014-016A,EARTH,TEME,UTC,SGP4,2025-06-05 21:51:06.921792+00:00,14.59199682,0.00013710,98.1788,164.8977,89.9639,270.1718,0,U,39634,999,59514,0.00004639200000,0.00000173,0.0000000000000,7073.896,98.684,696.731,694.791,PAYLOAD,LARGE,ESA,2014-04-03,FRGUI,,4749655,289239971,0 SENTINEL 1A,1 39634U 14016A   25156.91049678  .00000173  00000-0  46392-4 0  9999,2 39634  98.1788 164.8977 0001371  89.9639 270.1718 14.59199682595140
3.0,GENERATED VIA SPACE-TRACK.ORG API,2025-06-06 06:16:35+00:00,18 SPCS,SENTINEL 1A,2014-016A,EARTH,TEME,UTC,SGP4,2025-06-06 04:26:05.193312+00:00,14.59199775,0.00013700,98.1788,165.1680,90.0881,270.0476,0,U,39634,999,59521,0.00004424000000,0.00000163,0.0000000000000,7073.896,98.684,696.730,694.792,PAYLOAD,LARGE,ESA,2014-04-03,FRGUI,,4749721,289257413,0 SENTINEL 1A,1 39634U 14016A   25157.18478233  .00000163  00000-0  44240-4 0  9991,2 39634  98.1788 165.1680 0001370  90.0881 270.0476 14.59199775595217
3.0,GENERATED VIA SPACE-TRACK.ORG API,2025-06-06 12:16:17+00:00,18 SPCS,SENTINEL 1A,2014-016A,EARTH,TEME,UTC,SGP4,2025-06-06 09:22:18.893280+00:00,14.59199869,0.00013710,98.1788,165.3707,90.2014,269.9343,0,U,39634,999,59524,0.00004326000000,0.00000158,0.0000000000000,7073.896,98.684,696.731,694.791,PAYLOAD,LARGE,ESA,2014-04-03,FRGUI,,4749829,289260658,0 SENTINEL 1A,1 39634U 14016A   25157.39049645  .00000158  00000-0  43260-4 0  9990,2 39634  98.1788 165.3707 0001371  90.2014 269.9343 14.59199869595247
3.0,GENERATED VIA SPACE-TRACK.ORG API,2025-06-06 14:16:32+00:00,18 SPCS,SENTINEL 1A,2014-016A,EARTH,TEME,UTC,SGP4,2025-06-06 11:01:03.458784+00:00,14.59199951,0.00013710,98.1788,165.4383,90.1907,269.9450,0,U,39634,999,59525,0.00004457400000,0.00000164,0.0000000000000,7073.895,98.684,696.730,694.791,PAYLOAD,LARGE,ESA,2014-04-03,FRGUI,,4750039,289265234,0 SENTINEL 1A,1 39634U 14016A   25157.45906781  .00000164  00000-0  44574-4 0  9996,2 39634  98.1788 165.4383 0001371  90.1907 269.9450 14.59199951595250
3.0,GENERATED VIA SPACE-TRACK.ORG API,2025-06-06 19:12:26+00:00,18 SPCS,SENTINEL 1A,2014-016A,EARTH,TEME,UTC,SGP4,2025-06-06 11:01:03.458784+00:00,14.59199951,0.00013710,98.1788,165.4383,90.1907,269.9450,0,U,39634,999,59522,0.00004457400000,0.00000164,0.0000000000000,7073.895,98.684,696.730,694.791,PAYLOAD,LARGE,ESA,2014-04-03,FRGUI,,4750170,289282553,0 SENTINEL 1A,1 39634U 14016A   25157.45906781  .00000164  00000-0  44574-4 0  9996,2 39634  98.1788 165.4383 0001371  90.1907 269.9450 14.59199951595227
3.0,GENERATED VIA SPACE-TRACK.ORG API,2025-06-06 22:16:17+00:00,18 SPCS,SENTINEL 1A,2014-016A,EARTH,TEME,UTC,SGP4,2025-06-06 19:14:46.287168+00:00,14.59200036,0.00013680,98.1788,165.7761,90.0902,270.0454,0,U,39634,999,59530,0.00004165000000,0.00000151,0.0000000000000,7073.895,98.684,696.728,694.792,PAYLOAD,LARGE,ESA,2014-04-03,FRGUI,,4750196,289298548,0 SENTINEL 1A,1 39634U 14016A   25157.80192462  .00000151  00000-0  41650-4 0  9996,2 39634  98.1788 165.7761 0001368  90.0902 270.0454 14.59200036595303
3.0,GENERATED VIA SPACE-TRACK.ORG API,2025-06-07 03:37:01+00:00,18 SPCS,SENTINEL 1A,2014-016A,EARTH,TEME,UTC,SGP4,2025-06-06 20:53:30.852672+00:00,14.59200071,0.00013670,98.1788,165.8437,90.0877,270.0480,0,U,39634,999,59528,0.00004138700000,0.00000149,0.0000000000000,7073.895,98.684,696.727,694.793,PAYLOAD,LARGE,ESA,2014-04-03,FRGUI,,4750555,289321457,0 SENTINEL 1A,1 39634U 14016A   25157.87049598  .00000149  00000-0  41387-4 0  9998,2 39634  98.1788 165.8437 0001367  90.0877 270.0480 14.59200071595289
3.0,GENERATED VIA SPACE-TRACK.ORG API,2025-06-07 06:16:16+00:00,18 SPCS,SENTINEL 1A,2014-016A,EARTH,TEME,UTC,SGP4,2025-06-07 03:28:29.112960+00:00,14.59200233,0.00013670,98.1788,166.1140,90.0987,270.0369,0,U,39634,999,59535,0.00004426100000,0.00000163,0.0000000000000,7073.895,98.684,696.727,694.793,PAYLOAD,LARGE,ESA,2014-04-03,FRGUI,,4750560,289337310,0 SENTINEL 1A,1 39634U 14016A   25158.14478140  .00000163  00000-0  44261-4 0  9998,2 39634  98.1788 166.1140 0001367  90.0987 270.0369 14.59200233595350
3.0,GENERATED VIA SPACE-TRACK.ORG API,2025-06-07 14:16:18+00:00,18 SPCS,SENTINEL 1A,2014-016A,EARTH,TEME,UTC,SGP4,2025-06-07 11:42:11.945664+00:00,14.59200342,0.00013660,98.1788,166.4519,89.4580,270.6777,0,U,39634,999,59540,0.00004063100000,0.00000146,0.0000000000000,7073.894,98.684,696.725,694.793,PAYLOAD,LARGE,ESA,2014-04-03,FRGUI,,4750841,289344323,0 SENTINEL 1A,1 39634U 14016A   25158.48763826  .00000146  00000-0  40631-4 0  9991,2 39634  98.1788 166.4519 0001366  89.4580 270.6777 14.59200342595409
3.0,GENERATED VIA SPACE-TRACK.ORG API,2025-06-07 18:31:59+00:00,18 SPCS,SENTINEL 1A,2014-016A,EARTH,TEME,UTC,SGP4,2025-06-07 13:20:56.518944+00:00,14.59200228,0.00013610,98.1788,166.5195,89.1479,270.9876,0,U,39634,999,59538,0.00003379700000,0.00000114,0.0000000000000,7073.895,98.684,696.722,694.797,PAYLOAD,LARGE,ESA,2014-04-03,FRGUI,,4751106,289365250,0 SENTINEL 1A,1 39634U 14016A   25158.55620971  .00000114  00000-0  33797-4 0  9992,2 39634  98.1788 166.5195 0001361  89.1479 270.9876 14.59200228595382
3.0,GENERATED VIA SPACE-TRACK.ORG API,2025-06-07 22:26:24+00:00,18 SPCS,SENTINEL 1A,2014-016A,EARTH,TEME,UTC,SGP4,2025-06-07 19:55:54.812928+00:00,14.59199702,0.00013640,98.1788,166.7897,89.1723,270.9633,0,U,39634,999,59545,-0.00000040081000,-0.00000048,0.0000000000000,7073.896,98.684,696.726,694.796,PAYLOAD,LARGE,ESA,2014-04-03,FRGUI,,4751170,289412382,0 SENTINEL 1A,1 39634U 14016A   25158.83049552 -.00000048  00000-0 -40081-6 0  9997,2 39634  98.1788 166.7897 0001364  89.1723 270.9633 14.59199702595451
3.0,GENERATED VIA SPACE-TRACK.ORG API,2025-06-08 04:18:45+00:00,18 SPCS,SENTINEL 1A,2014-016A,EARTH,TEME,UTC,SGP4,2025-06-07 23:13:23.943072+00:00,14.59199498,0.00012930,98.1797,166.9248,89.4473,270.6875,0,U,39634,999,59544,-0.00002094500000,-0.00000144,0.0000000000000,7073.897,98.684,696.677,694.847,PAYLOAD,LARGE,ESA,2014-04-03,FRGUI,,4751523,289435480,0 SENTINEL 1A,1 39634U 14016A   25158.96763823 -.00000144  00000-0 -20945-4 0  9997,2 39634  98.1797 166.9248 0001293  89.4473 270.6875 14.59199498595445
3.0,GENERATED VIA SPACE-TRACK.ORG API,2025-06-08 06:26:18+00:00,18 SPCS,SENTINEL 1A,2014-016A,EARTH,TEME,UTC,SGP4,2025-06-08 02:30:53.082720+00:00,14.59199404,0.00012920,98.1796,167.0599,89.6887,270.4461,0,U,39634,999,59549,-0.00003015600000,-0.00000188,0.0000000000000,7073.897,98.684,696.676,694.848,PAYLOAD,LARGE,ESA,2014-04-03,FRGUI,,4751574,289451666,0 SENTINEL 1A,1 39634U 14016A   25159.10478105 -.00000188  00000-0 -30156-4 0  9993,2 39634  98.1796 167.0599 0001292  89.6887 270.4461 14.59199404595496
3.0,GENERATED VIA SPACE-TRACK.ORG API,2025-06-08 14:16:17+00:00,18 SPCS,SENTINEL 1A,2014-016A,EARTH,TEME,UTC,SGP4,2025-06-08 09:05:51.374112+00:00,14.59199064,0.00012940,98.1797,167.3303,88.9362,271.1986,0,U,39634,999,59553,-0.00004615400000,-0.00000263,0.0000000000000,7073.898,98.684,696.679,694.848,PAYLOAD,LARGE,ESA,2014-04-03,FRGUI,,4751880,289459874,0 SENTINEL 1A,1 39634U 14016A   25159.37906683 -.00000263  00000-0 -46154-4 0  9998,2 39634  98.1797 167.3303 0001294  88.9362 271.1986 14.59199064595532
3.0,GENERATED VIA SPACE-TRACK.ORG API,2025-06-08 17:55:41+00:00,18 SPCS,SENTINEL 1A,2014-016A,EARTH,TEME,UTC,SGP4,2025-06-08 09:05:51.374112+00:00,14.59199064,0.00012940,98.1797,167.3303,88.9362,271.1986,0,U,39634,999,59550,-0.00004615400000,-0.00000263,0.0000000000000,7073.898,98.684,696.679,694.848,PAYLOAD,LARGE,ESA,2014-04-03,FRGUI,,4752121,289480347,0 SENTINEL 1A,1 39634U 14016A   25159.37906683 -.00000263  00000-0 -46154-4 0  9998,2 39634  98.1797 167.3303 0001294  88.9362 271.1986 14.59199064595509
3.0,GENERATED VIA SPACE-TRACK.ORG API,2025-06-08 22:16:18+00:00,18 SPCS,SENTINEL 1A,2014-016A,EARTH,TEME,UTC,SGP4,2025-06-08 15:40:49.636992+00:00,14.59198928,0.00012930,98.1796,167.6006,89.0129,271.1219,0,U,39634,999,59557,-0.00005051400000,-0.00000284,0.0000000000000,7073.899,98.684,696.678,694.849,PAYLOAD,LARGE,ESA,2014-04-03,FRGUI,,4752128,289496490,0 SENTINEL 1A,1 39634U 14016A   25159.65335228 -.00000284  00000-0 -50514-4 0  9998,2 39634  98.1796 167.6006 0001293  89.0129 271.1219 14.59198928595577
3.0,GENERATED VIA SPACE-TRACK.ORG API,2025-06-09 04:21:09+00:00,18 SPCS,SENTINEL 1A,2014-016A,EARTH,TEME,UTC,SGP4,2025-06-08 17:19:34.228416+00:00,14.59199020,0.00012950,98.1796,167.6682,88.9608,271.1740,0,U,39634,999,59555,-0.00004417400000,-0.00000254,0.0000000000000,7073.898,98.684,696.680,694.847,PAYLOAD,LARGE,ESA,2014-04-03,FRGUI,,4752310,289514849,0 SENTINEL 1A,1 39634U 14016A   25159.72192394 -.00000254  00000-0 -44174-4 0  9993,2 39634  98.1796 167.6682 0001295  88.9608 271.1740 14.59199020595550
3.0,GENERATED VIA SPACE-TRACK.ORG API,2025-06-09 18:46:22+00:00,18 SPCS,SENTINEL 1A,2014-016A,EARTH,TEME,UTC,SGP4,2025-06-08 17:19:34.228416+00:00,14.59199020,0.00012950,98.1796,167.6682,88.9608,271.1740,0,U,39634,999,59558,-0.00004417400000,-0.00000254,0.0000000000000,7073.898,98.684,696.680,694.847,PAYLOAD,LARGE,ESA,2014-04-03,FRGUI,,4752375,289561508,0 SENTINEL 1A,1 39634U 14016A   25159.72192394 -.00000254  00000-0 -44174-4 0  9993,2 39634  98.1796 167.6682 0001295  88.9608 271.1740 14.59199020595583
3.0,GENERATED VIA SPACE-TRACK.ORG API,2025-06-10 14:16:19+00:00,18 SPCS,SENTINEL 1A,2014-016A,EARTH,TEME,UTC,SGP4,2025-06-10 12:06:52.994592+00:00,14.59200017,0.00013690,98.1787,169.4248,90.5395,269.5961,0,U,39634,999,59584,0.00003174600000,0.00000104,0.0000000000000,7073.895,98.684,696.729,694.792,PAYLOAD,LARGE,ESA,2014-04-03,FRGUI,,4752416,289592733,0 SENTINEL 1A,1 39634U 14016A   25161.50478003  .00000104  00000-0  31746-4 0  9999,2 39634  98.1787 169.4248 0001369  90.5395 269.5961 14.59200017595849
3.0,GENERATED VIA SPACE-TRACK.ORG API,2025-06-10 18:46:27+00:00,18 SPCS,SENTINEL 1A,2014-016A,EARTH,TEME,UTC,SGP4,2025-06-10 13:45:37.560960+00:00,14.59200033,0.00013690,98.1787,169.4924,90.5144,269.6212,0,U,39634,999,59582,0.00003167500000,0.00000104,0.0000000000000,7073.895,98.684,696.729,694.792,PAYLOAD,LARGE,ESA,2014-04-03,FRGUI,,4752668,289613303,0 SENTINEL 1A,1 39634U 14016A   25161.57335140  .00000104  00000-0  31675-4 0  9991,2 39634  98.1787 169.4924 0001369  90.5144 269.6212 14.59200033595828
3.0,GENERATED VIA SPACE-TRACK.ORG API,2025-06-10 22:26:17+00:00,18 SPCS,SENTINEL 1A,2014-016A,EARTH,TEME,UTC,SGP4,2025-06-10 20:20:35.824704+00:00,14.59200148,0.00013760,98.1787,169.7627,90.2375,269.8983,0,U,39634,999,59589,0.00003811700000,0.00000134,0.0000000000000,7073.895,98.684,696.733,694.786,PAYLOAD,LARGE,ESA,2014-04-03,FRGUI,,4752738,289629612,0 SENTINEL 1A,1 39634U 14016A   25161.84763686  .00000134  00000-0  38117-4 0  9992,2 39634  98.1787 169.7627 0001376  90.2375 269.8983 14.59200148595893
3.0,GENERATED VIA SPACE-TRACK.ORG API,2025-06-11 02:10:05+00:00,18 SPCS,SENTINEL 1A,2014-016A,EARTH,TEME,UTC,SGP4,2025-06-10 21:59:20.390208+00:00,14.59200182,0.00013750,98.1787,169.8303,90.1486,269.9872,0,U,39634,999,59587,0.00003798000000,0.00000133,0.0000000000000,7073.895,98.684,696.732,694.787,PAYLOAD,LARGE,ESA,2014-04-03,FRGUI,,4752982,289650543,0 SENTINEL 1A,1 39634U 14016A   25161.91620822  .00000133  00000-0  37980-4 0  9990,2 39634  98.1787 169.8303 0001375  90.1486 269.9872 14.59200182595870
3.0,GENERATED VIA SPACE-TRACK.ORG API,2025-06-11 06:26:19+00:00,18 SPCS,SENTINEL 1A,2014-016A,EARTH,TEME,UTC,SGP4,2025-06-11 04:34:18.650496+00:00,14.59200329,0.00013760,98.1787,170.1006,90.3968,269.7390,0,U,39634,999,59594,0.00003893700000,0.00000138,0.0000000000000,7073.894,98.684,696.733,694.786,PAYLOAD,LARGE,ESA,2014-04-03,FRGUI,,4753014,289666552,0 SENTINEL 1A,1 39634U 14016A   25162.19049364  .00000138  00000-0  38937-4 0  9995,2 39634  98.1787 170.1006 0001376  90.3968 269.7390 14.59200329595947
3.0,GENERATED VIA SPACE-TRACK.ORG API,2025-06-11 14:16:18+00:00,18 SPCS,SENTINEL 1A,2014-016A,EARTH,TEME,UTC,SGP4,2025-06-11 11:09:16.918560+00:00,14.59200370,0.00013820,98.1787,170.3709,90.1193,270.0165,0,U,39634,999,59598,0.00003805300000,0.00000134,0.0000000000000,7073.894,98.684,696.737,694.781,PAYLOAD,LARGE,ESA,2014-04-03,FRGUI,,4753267,289673086,0 SENTINEL 1A,1 39634U 14016A   25162.46477915  .00000134  00000-0  38053-4 0  9997,2 39634  98.1787 170.3709 0001382  90.1193 270.0165 14.59200370595989
3.0,GENERATED VIA SPACE-TRACK.ORG API,2025-06-11 19:05:57+00:00,18 SPCS,SENTINEL 1A,2014-016A,EARTH,TEME,UTC,SGP4,2025-06-11 14:26:46.051296+00:00,14.59200348,0.00013770,98.1787,170.5060,89.9749,270.1609,0,U,39634,999,59597,0.00003590900000,0.00000124,0.0000000000000,7073.894,98.684,696.733,694.785,PAYLOAD,LARGE,ESA,2014-04-03,FRGUI,,4753611,289695533,0 SENTINEL 1A,1 39634U 14016A   25162.60192189  .00000124  00000-0  35909-4 0  9996,2 39634  98.1787 170.5060 0001377  89.9749 270.1609 14.59200348595976
3.0,GENERATED VIA SPACE-TRACK.ORG API,2025-06-11 22:26:18+00:00,18 SPCS,SENTINEL 1A,2014-016A,EARTH,TEME,UTC,SGP4,2025-06-11 21:01:44.319360+00:00,14.59200348,0.00013590,98.1787,170.7763,90.0728,270.0627,0,U,39634,999,59604,0.00003693000000,0.00000128,0.0000000000000,7073.894,98.684,696.721,694.798,PAYLOAD,LARGE,ESA,2014-04-03,FRGUI,,4753663,289712182,0 SENTINEL 1A,1 39634U 14016A   25162.87620740  .00000128  00000-0  36930-4 0  9993,2 39634  98.1787 170.7763 0001359  90.0728 270.0627 14.59200348596046
3.0,GENERATED VIA SPACE-TRACK.ORG API,2025-06-12 06:26:18+00:00,18 SPCS,SENTINEL 1A,2014-016A,EARTH,TEME,UTC,SGP4,2025-06-12 03:36:42.626304+00:00,14.59199932,0.00013910,98.1787,171.0465,89.4563,270.6796,0,U,39634,999,59608,0.00004269900000,0.00000156,0.0000000000000,7073.896,98.684,696.744,694.777,PAYLOAD,LARGE,ESA,2014-04-03,FRGUI,,4753986,289748811,0 SENTINEL 1A,1 39634U 14016A   25163.15049336  .00000156  00000-0  42699-4 0  9991,2 39634  98.1787 171.0465 0001391  89.4563 270.6796 14.59199932596087
3.0,GENERATED VIA SPACE-TRACK.ORG API,2025-06-12 14:26:43+00:00,18 SPCS,SENTINEL 1A,2014-016A,EARTH,TEME,UTC,SGP4,2025-06-12 11:50:25.463328+00:00,14.59199803,0.00013790,98.1787,171.3844,89.9459,270.1898,0,U,39634,999,59613,0.00004122200000,0.00000149,0.0000000000000,7073.896,98.684,696.736,694.785,PAYLOAD,LARGE,ESA,2014-04-03,FRGUI,,4754198,289754738,0 SENTINEL 1A,1 39634U 14016A   25163.49335027  .00000149  00000-0  41222-4 0  9996,2 39634  98.1787 171.3844 0001379  89.9459 270.1898 14.59199803596137
3.0,GENERATED VIA SPACE-TRACK.ORG API,2025-06-12 22:16:17+00:00,18 SPCS,SENTINEL 1A,2014-016A,EARTH,TEME,UTC,SGP4,2025-06-12 20:04:08.298624+00:00,14.59199888,0.00013820,98.1786,171.7222,90.4788,269.6570,0,U,39634,999,59618,0.00004185600000,0.00000152,0.0000000000000,7073.896,98.684,696.738,694.783,PAYLOAD,LARGE,ESA,2014-04-03,FRGUI,,4754588,289764397,0 SENTINEL 1A,1 39634U 14016A   25163.83620716  .00000152  00000-0  41856-4 0  9993,2 39634  98.1786 171.7222 0001382  90.4788 269.6570 14.59199888596184
3.0,GENERATED VIA SPACE-TRACK.ORG API,2025-06-13 02:45:52+00:00,18 SPCS,SENTINEL 1A,2014-016A,EARTH,TEME,UTC,SGP4,2025-06-12 21:42:52.864992+00:00,14.59199930,0.00013800,98.1786,171.7898,90.5081,269.6277,0,U,39634,999,59616,0.00004175000000,0.00000151,0.0000000000000,7073.896,98.684,696.737,694.784,PAYLOAD,LARGE,ESA,2014-04-03,FRGUI,,4754891,289785480,0 SENTINEL 1A,1 39634U 14016A   25163.90477853  .00000151  00000-0  41750-4 0  9995,2 39634  98.1786 171.7898 0001380  90.5081 269.6277 14.59199930596168
3.0,GENERATED VIA SPACE-TRACK.ORG API,2025-06-13 06:26:20+00:00,18 SPCS,SENTINEL 1A,2014-016A,EARTH,TEME,UTC,SGP4,2025-06-13 04:17:51.078624+00:00,14.59200939,0.00013800,98.1787,172.0601,90.6471,269.4887,0,U,39634,999,59623,0.00006976300000,0.00000283,0.0000000000000,7073.892,98.684,696.733,694.781,PAYLOAD,LARGE,ESA,2014-04-03,FRGUI,,4754937,289802650,0 SENTINEL 1A,1 39634U 14016A   25164.17906341  .00000283  00000-0  69763-4 0  9994,2 39634  98.1787 172.0601 0001380  90.6471 269.4887 14.59200939596234
3.0,GENERATED VIA SPACE-TRACK.ORG API,2025-06-13 14:16:19+00:00,18 SPCS,SENTINEL 1A,2014-016A,EARTH,TEME,UTC,SGP4,2025-06-13 12:31:33.922560+00:00,14.59200723,0.00013810,98.1787,172.3979,90.8194,269.3164,0,U,39634,999,59628,0.00005675000000,0.00000222,0.0000000000000,7073.893,98.684,696.735,694.781,PAYLOAD,LARGE,ESA,2014-04-03,FRGUI,,4755174,289808724,0 SENTINEL 1A,1 39634U 14016A   25164.52192040  .00000222  00000-0  56750-4 0  9991,2 39634  98.1787 172.3979 0001381  90.8194 269.3164 14.59200723596283
3.0,GENERATED VIA SPACE-TRACK.ORG API,2025-06-13 17:30:48+00:00,18 SPCS,SENTINEL 1A,2014-016A,EARTH,TEME,UTC,SGP4,2025-06-13 14:10:18.486336+00:00,14.59200753,0.00013820,98.1787,172.4655,90.8145,269.3213,0,U,39634,999,59626,0.00005666500000,0.00000221,0.0000000000000,7073.893,98.684,696.735,694.780,PAYLOAD,LARGE,ESA,2014-04-03,FRGUI,,4755476,289830473,0 SENTINEL 1A,1 39634U 14016A   25164.59049174  .00000221  00000-0  56665-4 0  9991,2 39634  98.1787 172.4655 0001382  90.8145 269.3213 14.59200753596268
3.0,GENERATED VIA SPACE-TRACK.ORG API,2025-06-13 22:16:16+00:00,18 SPCS,SENTINEL 1A,2014-016A,EARTH,TEME,UTC,SGP4,2025-06-13 20:45:16.750944+00:00,14.59200775,0.00013820,98.1787,172.7358,90.5731,269.5627,0,U,39634,999,59633,0.00005207400000,0.00000200,0.0000000000000,7073.893,98.684,696.735,694.780,PAYLOAD,LARGE,ESA,2014-04-03,FRGUI,,4755507,289846564,0 SENTINEL 1A,1 39634U 14016A   25164.86477721  .00000200  00000-0  52074-4 0  9991,2 39634  98.1787 172.7358 0001382  90.5731 269.5627 14.59200775596332
3.0,GENERATED VIA SPACE-TRACK.ORG API,2025-06-14 02:50:29+00:00,18 SPCS,SENTINEL 1A,2014-016A,EARTH,TEME,UTC,SGP4,2025-06-13 22:24:01.313856+00:00,14.59200816,0.00013810,98.1787,172.8034,90.4689,269.6669,0,U,39634,999,59631,0.00005242500000,0.00000201,0.0000000000000,7073.893,98.684,696.735,694.781,PAYLOAD,LARGE,ESA,2014-04-03,FRGUI,,4755872,289869930,0 SENTINEL 1A,1 39634U 14016A   25164.93334854  .00000201  00000-0  52425-4 0  9999,2 39634  98.1787 172.8034 0001381  90.4689 269.6669 14.59200816596315
3.0,GENERATED VIA SPACE-TRACK.ORG API,2025-06-14 06:16:18+00:00,18 SPCS,SENTINEL 1A,2014-016A,EARTH,TEME,UTC,SGP4,2025-06-14 03:20:15.038016+00:00,14.59200497,0.00013830,98.1787,173.0061,90.5442,269.5917,0,U,39634,999,59637,0.00003611500000,0.00000124,0.0000000000000,7073.894,98.684,696.737,694.780,PAYLOAD,LARGE,ESA,2014-04-03,FRGUI,,4755905,289886382,0 SENTINEL 1A,1 39634U 14016A   25165.13906294  .00000124  00000-0  36115-4 0  9997,2 39634  98.1787 173.0061 0001383  90.5442 269.5917 14.59200497596374
3.0,GENERATED VIA SPACE-TRACK.ORG API,2025-06-14 14:26:33+00:00,18 SPCS,SENTINEL 1A,2014-016A,EARTH,TEME,UTC,SGP4,2025-06-14 09:55:13.304352+00:00,14.59200470,0.00013840,98.1787,173.2764,90.2797,269.8561,0,U,39634,999,59641,0.00002942400000,0.00000093,0.0000000000000,7073.894,98.684,696.738,694.780,PAYLOAD,LARGE,ESA,2014-04-03,FRGUI,,4756321,289896093,0 SENTINEL 1A,1 39634U 14016A   25165.41334843  .00000093  00000-0  29424-4 0  9993,2 39634  98.1787 173.2764 0001384  90.2797 269.8561 14.59200470596411
3.0,GENERATED VIA SPACE-TRACK.ORG API,2025-06-14 17:19:46+00:00,18 SPCS,SENTINEL 1A,2014-016A,EARTH,TEME,UTC,SGP4,2025-06-14 13:12:42.441408+00:00,14.59200374,0.00013810,98.1787,173.4116,90.0391,270.0967,0,U,39634,999,59640,0.00002279800000,0.00000062,0.0000000000000,7073.894,98.684,696.736,694.782,PAYLOAD,LARGE,ESA,2014-04-03,FRGUI,,4756652,289919020,0 SENTINEL 1A,1 39634U 14016A   25165.55049122  .00000062  00000-0  22798-4 0  9994,2 39634  98.1787 173.4116 0001381  90.0391 270.0967 14.59200374596405
3.0,GENERATED VIA SPACE-TRACK.ORG API,2025-06-14 22:16:18+00:00,18 SPCS,SENTINEL 1A,2014-016A,EARTH,TEME,UTC,SGP4,2025-06-14 18:08:56.143104+00:00,14.59200342,0.00013800,98.1787,173.6143,89.9741,270.1617,0,U,39634,999,59646,0.00002264500000,0.00000061,0.0000000000000,7073.894,98.684,696.735,694.783,PAYLOAD,LARGE,ESA,2014-04-03,FRGUI,,4756677,289935326,0 SENTINEL 1A,1 39634U 14016A   25165.75620536  .00000061  00000-0  22645-4 0  9990,2 39634  98.1787 173.6143 0001380  89.9741 270.1617 14.59200342596466
3.0,GENERATED VIA SPACE-TRACK.ORG API,2025-06-15 02:25:53+00:00,18 SPCS,SENTINEL 1A,2014-016A,EARTH,TEME,UTC,SGP4,2025-06-14 21:26:25.293120+00:00,14.59200119,0.00013800,98.1787,173.7494,89.6536,270.4822,0,U,39634,999,59645,0.00000828650000,-0.00000007,0.0000000000000,7073.895,98.684,696.736,694.784,PAYLOAD,LARGE,ESA,2014-04-03,FRGUI,,4756978,289956170,0 SENTINEL 1A,1 39634U 14016A   25165.89334830 -.00000007  00000-0  82865-5 0  9996,2 39634  98.1787 173.7494 0001380  89.6536 270.4822 14.59200119596457
3.0,GENERATED VIA SPACE-TRACK.ORG API,2025-06-15 06:26:22+00:00,18 SPCS,SENTINEL 1A,2014-016A,EARTH,TEME,UTC,SGP4,2025-06-15 04:01:23.562048+00:00,14.59200099,0.00013850,98.1787,174.0197,89.7294,270.4065,0,U,39634,999,59652,0.00000636260000,-0.00000016,0.0000000000000,7073.895,98.684,696.740,694.780,PAYLOAD,LARGE,ESA,2014-04-03,FRGUI,,4757036,289973344,0 SENTINEL 1A,1 39634U 14016A   25166.16763382 -.00000016  00000-0  63626-5 0  9999,2 39634  98.1787 174.0197 0001385  89.7294 270.4065 14.59200099596522
3.0,GENERATED VIA SPACE-TRACK.ORG API,2025-06-15 17:31:50+00:00,18 SPCS,SENTINEL 1A,2014-016A,EARTH,TEME,UTC,SGP4,2025-06-15 13:53:50.958528+00:00,14.59200000,0.00013220,98.1796,174.4251,90.0092,270.1259,0,U,39634,999,59655,-0.00000375630000,-0.00000063,0.0000000000000,7073.895,98.684,696.695,694.825,PAYLOAD,LARGE,ESA,2014-04-03,FRGUI,,4757502,289999420,0 SENTINEL 1A,1 39634U 14016A   25166.57906202 -.00000063  00000-0 -37563-5 0  9998,2 39634  98.1796 174.4251 0001322  90.0092 270.1259 14.59200000596556
3.0,GENERATED VIA SPACE-TRACK.ORG API,2025-06-15 22:16:47+00:00,18 SPCS,SENTINEL 1A,2014-016A,EARTH,TEME,UTC,SGP4,2025-06-15 20:28:49.227456+00:00,14.59199982,0.00013200,98.1796,174.6954,89.5914,270.5437,0,U,39634,999,59662,-0.00000534740000,-0.00000071,0.0000000000000,7073.895,98.684,696.694,694.827,PAYLOAD,LARGE,ESA,2014-04-03,FRGUI,,4757523,290015720,0 SENTINEL 1A,1 39634U 14016A   25166.85334754 -.00000071  00000-0 -53474-5 0  9994,2 39634  98.1796 174.6954 0001320  89.5914 270.5437 14.59199982596628
3.0,GENERATED VIA SPACE-TRACK.ORG API,2025-06-16 02:46:35+00:00,18 SPCS,SENTINEL 1A,2014-016A,EARTH,TEME,UTC,SGP4,2025-06-15 20:28:49.227456+00:00,14.59199982,0.00013200,98.1796,174.6954,89.5914,270.5437,0,U,39634,999,59659,-0.00000534740000,-0.00000071,0.0000000000000,7073.895,98.684,696.694,694.827,PAYLOAD,LARGE,ESA,2014-04-03,FRGUI,,4757784,290036261,0 SENTINEL 1A,1 39634U 14016A   25166.85334754 -.00000071  00000-0 -53474-5 0  9994,2 39634  98.1796 174.6954 0001320  89.5914 270.5437 14.59199982596594
3.0,GENERATED VIA SPACE-TRACK.ORG API,2025-06-16 06:26:21+00:00,18 SPCS,SENTINEL 1A,2014-016A,EARTH,TEME,UTC,SGP4,2025-06-16 03:03:47.486016+00:00,14.59200040,0.00013120,98.1796,174.9658,89.6387,270.4963,0,U,39634,999,59666,-0.00000282240000,-0.00000059,0.0000000000000,7073.895,98.684,696.688,694.832,PAYLOAD,LARGE,ESA,2014-04-03,FRGUI,,4757849,290052609,0 SENTINEL 1A,1 39634U 14016A   25167.12763294 -.00000059  00000-0 -28224-5 0  9991,2 39634  98.1796 174.9658 0001312  89.6387 270.4963 14.59200040596663
3.0,GENERATED VIA SPACE-TRACK.ORG API,2025-06-16 14:16:48+00:00,18 SPCS,SENTINEL 1A,2014-016A,EARTH,TEME,UTC,SGP4,2025-06-16 11:17:30.317856+00:00,14.59200177,0.00013780,98.1787,175.3035,90.1226,270.0132,0,U,39634,999,59671,0.00000308090000,-0.00000031,0.0000000000000,7073.895,98.684,696.735,694.785,PAYLOAD,LARGE,ESA,2014-04-03,FRGUI,,4758091,290059552,0 SENTINEL 1A,1 39634U 14016A   25167.47048979 -.00000031  00000-0  30809-5 0  9996,2 39634  98.1787 175.3035 0001378  90.1226 270.0132 14.59200177596719
3.0,GENERATED VIA SPACE-TRACK.ORG API,2025-06-16 17:43:13+00:00,18 SPCS,SENTINEL 1A,2014-016A,EARTH,TEME,UTC,SGP4,2025-06-16 12:56:14.882496+00:00,14.59200185,0.00013760,98.1787,175.3711,90.2017,269.9340,0,U,39634,999,59669,0.00000353990000,-0.00000029,0.0000000000000,7073.895,98.684,696.733,694.786,PAYLOAD,LARGE,ESA,2014-04-03,FRGUI,,4758401,290080936,0 SENTINEL 1A,1 39634U 14016A   25167.53906114 -.00000029  00000-0  35399-5 0  9993,2 39634  98.1787 175.3711 0001376  90.2017 269.9340 14.59200185596691
3.0,GENERATED VIA SPACE-TRACK.ORG API,2025-06-16 22:16:17+00:00,18 SPCS,SENTINEL 1A,2014-016A,EARTH,TEME,UTC,SGP4,2025-06-16 19:31:13.132416+00:00,14.59200455,0.00013800,98.1786,175.6414,90.7638,269.3720,0,U,39634,999,59676,0.00002203500000,0.00000058,0.0000000000000,7073.894,98.684,696.735,694.783,PAYLOAD,LARGE,ESA,2014-04-03,FRGUI,,4758445,290097633,0 SENTINEL 1A,1 39634U 14016A   25167.81334644  .00000058  00000-0  22035-4 0  9990,2 39634  98.1786 175.6414 0001380  90.7638 269.3720 14.59200455596766
3.0,GENERATED VIA SPACE-TRACK.ORG API,2025-06-17 02:20:21+00:00,18 SPCS,SENTINEL 1A,2014-016A,EARTH,TEME,UTC,SGP4,2025-06-16 21:09:57.697920+00:00,14.59200480,0.00013800,98.1787,175.7090,90.3694,269.7664,0,U,39634,999,59674,0.00002421100000,0.00000068,0.0000000000000,7073.894,98.684,696.735,694.783,PAYLOAD,LARGE,ESA,2014-04-03,FRGUI,,4758702,290118275,0 SENTINEL 1A,1 39634U 14016A   25167.88191780  .00000068  00000-0  24211-4 0  9998,2 39634  98.1787 175.7090 0001380  90.3694 269.7664 14.59200480596743
3.0,GENERATED VIA SPACE-TRACK.ORG API,2025-06-17 06:16:16+00:00,18 SPCS,SENTINEL 1A,2014-016A,EARTH,TEME,UTC,SGP4,2025-06-17 03:44:55.953888+00:00,14.59200703,0.00013770,98.1787,175.9793,90.1894,269.9464,0,U,39634,999,59681,0.00003821600000,0.00000134,0.0000000000000,7073.893,98.684,696.732,694.784,PAYLOAD,LARGE,ESA,2014-04-03,FRGUI,,4758718,290134465,0 SENTINEL 1A,1 39634U 14016A   25168.15620317  .00000134  00000-0  38216-4 0  9996,2 39634  98.1787 175.9793 0001377  90.1894 269.9464 14.59200703596817
3.0,GENERATED VIA SPACE-TRACK.ORG API,2025-06-17 14:16:29+00:00,18 SPCS,SENTINEL 1A,2014-016A,EARTH,TEME,UTC,SGP4,2025-06-17 11:58:38.767584+00:00,14.59200948,0.00013790,98.1787,176.3172,89.9999,270.1359,0,U,39634,999,59686,0.00004739600000,0.00000178,0.0000000000000,7073.892,98.684,696.733,694.782,PAYLOAD,LARGE,ESA,2014-04-03,FRGUI,,4759081,290143275,0 SENTINEL 1A,1 39634U 14016A   25168.49905981  .00000178  00000-0  47396-4 0  9993,2 39634  98.1787 176.3172 0001379  89.9999 270.1359 14.59200948596860
3.0,GENERATED VIA SPACE-TRACK.ORG API,2025-06-17 22:16:30+00:00,18 SPCS,SENTINEL 1A,2014-016A,EARTH,TEME,UTC,SGP4,2025-06-17 20:12:21.578688+00:00,14.59201074,0.00013780,98.1787,176.6550,90.5109,269.6249,0,U,39634,999,59691,0.00004498500000,0.00000166,0.0000000000000,7073.892,98.684,696.732,694.782,PAYLOAD,LARGE,ESA,2014-04-03,FRGUI,,4759453,290151354,0 SENTINEL 1A,1 39634U 14016A   25168.84191642  .00000166  00000-0  44985-4 0  9991,2 39634  98.1787 176.6550 0001378  90.5109 269.6249 14.59201074596911
3.0,GENERATED VIA SPACE-TRACK.ORG API,2025-06-18 03:19:13+00:00,18 SPCS,SENTINEL 1A,2014-016A,EARTH,TEME,UTC,SGP4,2025-06-17 20:12:21.578688+00:00,14.59201074,0.00013780,98.1787,176.6550,90.5109,269.6249,0,U,39634,999,59688,0.00004498500000,0.00000166,0.0000000000000,7073.892,98.684,696.732,694.782,PAYLOAD,LARGE,ESA,2014-04-03,FRGUI,,4759714,290171099,0 SENTINEL 1A,1 39634U 14016A   25168.84191642  .00000166  00000-0  44985-4 0  9991,2 39634  98.1787 176.6550 0001378  90.5109 269.6249 14.59201074596887
3.0,GENERATED VIA SPACE-TRACK.ORG API,2025-06-18 06:26:17+00:00,18 SPCS,SENTINEL 1A,2014-016A,EARTH,TEME,UTC,SGP4,2025-06-18 02:47:19.824288+00:00,14.59201220,0.00013770,98.1787,176.9253,90.5263,269.6094,0,U,39634,999,59695,0.00004573900000,0.00000170,0.0000000000000,7073.891,98.684,696.730,694.782,PAYLOAD,LARGE,ESA,2014-04-03,FRGUI,,4759760,290188484,0 SENTINEL 1A,1 39634U 14016A   25169.11620167  .00000170  00000-0  45739-4 0  9994,2 39634  98.1787 176.9253 0001377  90.5263 269.6094 14.59201220596959
3.0,GENERATED VIA SPACE-TRACK.ORG API,2025-06-18 14:26:29+00:00,18 SPCS,SENTINEL 1A,2014-016A,EARTH,TEME,UTC,SGP4,2025-06-18 11:01:02.637120+00:00,14.59201262,0.00013750,98.1787,177.2631,91.3774,268.7583,0,U,39634,999,59700,0.00003831700000,0.00000135,0.0000000000000,7073.891,98.684,696.729,694.784,PAYLOAD,LARGE,ESA,2014-04-03,FRGUI,,4760105,290195896,0 SENTINEL 1A,1 39634U 14016A   25169.45905830  .00000135  00000-0  38317-4 0  9999,2 39634  98.1787 177.2631 0001375  91.3774 268.7583 14.59201262597003
3.0,GENERATED VIA SPACE-TRACK.ORG API,2025-06-18 17:28:52+00:00,18 SPCS,SENTINEL 1A,2014-016A,EARTH,TEME,UTC,SGP4,2025-06-18 12:39:47.200896+00:00,14.59201261,0.00013740,98.1787,177.3307,91.3900,268.7457,0,U,39634,999,59698,0.00003739600000,0.00000131,0.0000000000000,7073.891,98.684,696.728,694.784,PAYLOAD,LARGE,ESA,2014-04-03,FRGUI,,4760389,290217863,0 SENTINEL 1A,1 39634U 14016A   25169.52762964  .00000131  00000-0  37396-4 0  9998,2 39634  98.1787 177.3307 0001374  91.3900 268.7457 14.59201261596989
3.0,GENERATED VIA SPACE-TRACK.ORG API,2025-06-18 22:16:26+00:00,18 SPCS,SENTINEL 1A,2014-016A,EARTH,TEME,UTC,SGP4,2025-06-18 20:53:30.126912+00:00,14.59198937,0.00013830,98.1787,177.6685,89.2104,270.9254,0,U,39634,999,59706,0.00003771900000,0.00000132,0.0000000000000,7073.899,98.684,696.742,694.785,PAYLOAD,LARGE,ESA,2014-04-03,FRGUI,,4760419,290234707,0 SENTINEL 1A,1 39634U 14016A   25169.87048758  .00000132  00000-0  37719-4 0  9994,2 39634  98.1787 177.6685 0001383  89.2104 270.9254 14.59198937597068
3.0,GENERATED VIA SPACE-TRACK.ORG API,2025-06-19 06:16:16+00:00,18 SPCS,SENTINEL 1A,2014-016A,EARTH,TEME,UTC,SGP4,2025-06-19 05:07:12.974304+00:00,14.59199161,0.00013760,98.1787,178.0065,90.0188,270.1169,0,U,39634,999,59711,0.00003903700000,0.00000138,0.0000000000000,7073.898,98.684,696.736,694.790,PAYLOAD,LARGE,ESA,2014-04-03,FRGUI,,4760684,290270850,0 SENTINEL 1A,1 39634U 14016A   25170.21334461  .00000138  00000-0  39037-4 0  9994,2 39634  98.1787 178.0065 0001376  90.0188 270.1169 14.59199161597112
3.0,GENERATED VIA SPACE-TRACK.ORG API,2025-06-19 14:16:17+00:00,18 SPCS,SENTINEL 1A,2014-016A,EARTH,TEME,UTC,SGP4,2025-06-19 11:42:11.256192+00:00,14.59199246,0.00013760,98.1787,178.2768,90.2806,269.8552,0,U,39634,999,59715,0.00004736900000,0.00000178,0.0000000000000,7073.898,98.684,696.736,694.789,PAYLOAD,LARGE,ESA,2014-04-03,FRGUI,,4761013,290279000,0 SENTINEL 1A,1 39634U 14016A   25170.48763028  .00000178  00000-0  47369-4 0  9999,2 39634  98.1787 178.2768 0001376  90.2806 269.8552 14.59199246597152
3.0,GENERATED VIA SPACE-TRACK.ORG API,2025-06-19 19:02:27+00:00,18 SPCS,SENTINEL 1A,2014-016A,EARTH,TEME,UTC,SGP4,2025-06-19 13:20:55.825152+00:00,14.59199326,0.00013760,98.1787,178.3444,90.3331,269.8026,0,U,39634,999,59713,0.00005418900000,0.00000210,0.0000000000000,7073.897,98.684,696.736,694.789,PAYLOAD,LARGE,ESA,2014-04-03,FRGUI,,4761309,290300749,0 SENTINEL 1A,1 39634U 14016A   25170.55620168  .00000210  00000-0  54189-4 0  9999,2 39634  98.1787 178.3444 0001376  90.3331 269.8026 14.59199326597131
3.0,GENERATED VIA SPACE-TRACK.ORG API,2025-06-19 22:16:19+00:00,18 SPCS,SENTINEL 1A,2014-016A,EARTH,TEME,UTC,SGP4,2025-06-19 19:55:54.102720+00:00,14.59199358,0.00013760,98.1786,178.6146,90.4474,269.6883,0,U,39634,999,59720,0.00004457300000,0.00000164,0.0000000000000,7073.897,98.684,696.736,694.789,PAYLOAD,LARGE,ESA,2014-04-03,FRGUI,,4761335,290317067,0 SENTINEL 1A,1 39634U 14016A   25170.83048730  .00000164  00000-0  44573-4 0  9993,2 39634  98.1786 178.6146 0001376  90.4474 269.6883 14.59199358597203
3.0,GENERATED VIA SPACE-TRACK.ORG API,2025-06-20 02:22:48+00:00,18 SPCS,SENTINEL 1A,2014-016A,EARTH,TEME,UTC,SGP4,2025-06-19 21:34:38.671680+00:00,14.59199396,0.00013750,98.1786,178.6822,90.4276,269.7081,0,U,39634,999,59718,0.00004556000000,0.00000169,0.0000000000000,7073.897,98.684,696.735,694.790,PAYLOAD,LARGE,ESA,2014-04-03,FRGUI,,4761523,290335603,0 SENTINEL 1A,1 39634U 14016A   25170.89905870  .00000169  00000-0  45560-4 0  9998,2 39634  98.1786 178.6822 0001375  90.4276 269.7081 14.59199396597183
3.0,GENERATED VIA SPACE-TRACK.ORG API,2025-06-20 06:16:16+00:00,18 SPCS,SENTINEL 1A,2014-016A,EARTH,TEME,UTC,SGP4,2025-06-20 04:09:36.944928+00:00,14.59199550,0.00013770,98.1787,178.9525,90.2145,269.9212,0,U,39634,999,59725,0.00005065600000,0.00000193,0.0000000000000,7073.897,98.684,696.736,694.788,PAYLOAD,LARGE,ESA,2014-04-03,FRGUI,,4761544,290351678,0 SENTINEL 1A,1 39634U 14016A   25171.17334427  .00000193  00000-0  50656-4 0  9993,2 39634  98.1787 178.9525 0001377  90.2145 269.9212 14.59199550597250
3.0,GENERATED VIA SPACE-TRACK.ORG API,2025-06-20 14:16:17+00:00,18 SPCS,SENTINEL 1A,2014-016A,EARTH,TEME,UTC,SGP4,2025-06-20 10:44:35.218176+00:00,14.59199672,0.00013770,98.1787,179.2228,90.2674,269.8683,0,U,39634,999,59729,0.00005012000000,0.00000191,0.0000000000000,7073.896,98.684,696.735,694.787,PAYLOAD,LARGE,ESA,2014-04-03,FRGUI,,4761880,290359729,0 SENTINEL 1A,1 39634U 14016A   25171.44762984  .00000191  00000-0  50120-4 0  9990,2 39634  98.1787 179.2228 0001377  90.2674 269.8683 14.59199672597291
3.0,GENERATED VIA SPACE-TRACK.ORG API,2025-06-20 18:02:43+00:00,18 SPCS,SENTINEL 1A,2014-016A,EARTH,TEME,UTC,SGP4,2025-06-20 12:23:19.788864+00:00,14.59199658,0.00013770,98.1787,179.2904,90.2690,269.8668,0,U,39634,999,59727,0.00004856000000,0.00000183,0.0000000000000,7073.896,98.684,696.735,694.787,PAYLOAD,LARGE,ESA,2014-04-03,FRGUI,,4762228,290382791,0 SENTINEL 1A,1 39634U 14016A   25171.51620126  .00000183  00000-0  48560-4 0  9995,2 39634  98.1787 179.2904 0001377  90.2690 269.8668 14.59199658597275
3.0,GENERATED VIA SPACE-TRACK.ORG API,2025-06-20 22:16:16+00:00,18 SPCS,SENTINEL 1A,2014-016A,EARTH,TEME,UTC,SGP4,2025-06-20 20:37:02.629344+00:00,14.59199728,0.00013760,98.1787,179.6282,90.2463,269.8894,0,U,39634,999,59735,0.00004375300000,0.00000161,0.0000000000000,7073.896,98.684,696.735,694.788,PAYLOAD,LARGE,ESA,2014-04-03,FRGUI,,4762251,290398910,0 SENTINEL 1A,1 39634U 14016A   25171.85905821  .00000161  00000-0  43753-4 0  9995,2 39634  98.1787 179.6282 0001376  90.2463 269.8894 14.59199728597353
3.0,GENERATED VIA SPACE-TRACK.ORG API,2025-06-21 03:03:14+00:00,18 SPCS,SENTINEL 1A,2014-016A,EARTH,TEME,UTC,SGP4,2025-06-20 20:37:02.629344+00:00,14.59199728,0.00013760,98.1787,179.6282,90.2463,269.8894,0,U,39634,999,59732,0.00004375300000,0.00000161,0.0000000000000,7073.896,98.684,696.735,694.788,PAYLOAD,LARGE,ESA,2014-04-03,FRGUI,,4762475,290418552,0 SENTINEL 1A,1 39634U 14016A   25171.85905821  .00000161  00000-0  43753-4 0  9995,2 39634  98.1787 179.6282 0001376  90.2463 269.8894 14.59199728597320
3.0,GENERATED VIA SPACE-TRACK.ORG API,2025-06-21 06:26:19+00:00,18 SPCS,SENTINEL 1A,2014-016A,EARTH,TEME,UTC,SGP4,2025-06-21 03:12:00.903456+00:00,14.59199771,0.00013790,98.1787,179.8985,90.4488,269.6870,0,U,39634,999,59739,0.00003797500000,0.00000133,0.0000000000000,7073.896,98.684,696.737,694.786,PAYLOAD,LARGE,ESA,2014-04-03,FRGUI,,4762513,290434809,0 SENTINEL 1A,1 39634U 14016A   25172.13334379  .00000133  00000-0  37975-4 0  9999,2 39634  98.1787 179.8985 0001379  90.4488 269.6870 14.59199771597391
3.0,GENERATED VIA SPACE-TRACK.ORG API,2025-06-21 14:16:16+00:00,18 SPCS,SENTINEL 1A,2014-016A,EARTH,TEME,UTC,SGP4,2025-06-21 11:25:43.753440+00:00,14.59199738,0.00013840,98.1787,180.2364,90.0529,270.0829,0,U,39634,999,59744,0.00002952100000,0.00000093,0.0000000000000,7073.896,98.684,696.740,694.782,PAYLOAD,LARGE,ESA,2014-04-03,FRGUI,,4762803,290442217,0 SENTINEL 1A,1 39634U 14016A   25172.47620085  .00000093  00000-0  29521-4 0  9991,2 39634  98.1787 180.2364 0001384  90.0529 270.0829 14.59199738597445
3.0,GENERATED VIA SPACE-TRACK.ORG API,2025-06-21 18:30:53+00:00,18 SPCS,SENTINEL 1A,2014-016A,EARTH,TEME,UTC,SGP4,2025-06-21 13:04:28.321536+00:00,14.59199744,0.00013830,98.1787,180.3040,89.9721,270.1638,0,U,39634,999,59742,0.00002904300000,0.00000091,0.0000000000000,7073.896,98.684,696.739,694.783,PAYLOAD,LARGE,ESA,2014-04-03,FRGUI,,4763117,290464543,0 SENTINEL 1A,1 39634U 14016A   25172.54477224  .00000091  00000-0  29043-4 0  9991,2 39634  98.1787 180.3040 0001383  89.9721 270.1638 14.59199744597421
3.0,GENERATED VIA SPACE-TRACK.ORG API,2025-06-21 22:16:18+00:00,18 SPCS,SENTINEL 1A,2014-016A,EARTH,TEME,UTC,SGP4,2025-06-21 19:39:26.613792+00:00,14.59199364,0.00013800,98.1787,180.5742,92.1061,268.0296,0,U,39634,999,59749,0.00000234060000,-0.00000035,0.0000000000000,7073.897,98.684,696.739,694.786,PAYLOAD,LARGE,ESA,2014-04-03,FRGUI,,4763137,290480840,0 SENTINEL 1A,1 39634U 14016A   25172.81905803 -.00000035  00000-0  23406-5 0  9997,2 39634  98.1787 180.5742 0001380  92.1061 268.0296 14.59199364597493
3.0,GENERATED VIA SPACE-TRACK.ORG API,2025-06-22 06:16:20+00:00,18 SPCS,SENTINEL 1A,2014-016A,EARTH,TEME,UTC,SGP4,2025-06-22 03:53:09.455136+00:00,14.59199136,0.00012940,98.1795,180.9121,92.3908,267.7440,0,U,39634,999,59754,-0.00001554900000,-0.00000119,0.0000000000000,7073.898,98.684,696.678,694.848,PAYLOAD,LARGE,ESA,2014-04-03,FRGUI,,4763434,290487992,0 SENTINEL 1A,1 39634U 14016A   25173.16191499 -.00000119  00000-0 -15549-4 0  9996,2 39634  98.1795 180.9121 0001294  92.3908 267.7440 14.59199136597543
3.0,GENERATED VIA SPACE-TRACK.ORG API,2025-06-22 06:28:33+00:00,18 SPCS,SENTINEL 1A,2014-016A,EARTH,TEME,UTC,SGP4,2025-06-21 21:18:11.184480+00:00,14.59199322,0.00013800,98.1787,180.6417,92.3723,267.7634,0,U,39634,999,59747,-0.00000105180000,-0.00000051,0.0000000000000,7073.897,98.684,696.739,694.786,PAYLOAD,LARGE,ESA,2014-04-03,FRGUI,,4763498,290503128,0 SENTINEL 1A,1 39634U 14016A   25172.88762945 -.00000051  00000-0 -10518-5 0  9991,2 39634  98.1787 180.6417 0001380  92.3723 267.7634 14.59199322597474
3.0,GENERATED VIA SPACE-TRACK.ORG API,2025-06-22 14:26:18+00:00,18 SPCS,SENTINEL 1A,2014-016A,EARTH,TEME,UTC,SGP4,2025-06-22 12:06:52.334496+00:00,14.59198838,0.00013150,98.1796,181.2501,90.5423,269.5927,0,U,39634,999,59759,-0.00003176000000,-0.00000195,0.0000000000000,7073.899,98.684,696.694,694.834,PAYLOAD,LARGE,ESA,2014-04-03,FRGUI,,4763768,290525067,0 SENTINEL 1A,1 39634U 14016A   25173.50477239 -.00000195  00000-0 -31760-4 0  9990,2 39634  98.1796 181.2501 0001315  90.5423 269.5927 14.59198838597599
3.0,GENERATED VIA SPACE-TRACK.ORG API,2025-06-22 17:23:19+00:00,18 SPCS,SENTINEL 1A,2014-016A,EARTH,TEME,UTC,SGP4,2025-06-22 13:45:36.906912+00:00,14.59198817,0.00013160,98.1796,181.3177,90.5014,269.6337,0,U,39634,999,59757,-0.00003155600000,-0.00000195,0.0000000000000,7073.899,98.684,696.695,694.833,PAYLOAD,LARGE,ESA,2014-04-03,FRGUI,,4764029,290546500,0 SENTINEL 1A,1 39634U 14016A   25173.57334383 -.00000195  00000-0 -31556-4 0  9992,2 39634  98.1796 181.3177 0001316  90.5014 269.6337 14.59198817597577
3.0,GENERATED VIA SPACE-TRACK.ORG API,2025-06-22 22:16:30+00:00,18 SPCS,SENTINEL 1A,2014-016A,EARTH,TEME,UTC,SGP4,2025-06-22 13:45:36.906912+00:00,14.59198817,0.00013160,98.1796,181.3177,90.5014,269.6337,0,U,39634,999,59760,-0.00003155600000,-0.00000195,0.0000000000000,7073.899,98.684,696.695,694.833,PAYLOAD,LARGE,ESA,2014-04-03,FRGUI,,4764049,290562970,0 SENTINEL 1A,1 39634U 14016A   25173.57334383 -.00000195  00000-0 -31556-4 0  9992,2 39634  98.1796 181.3177 0001316  90.5014 269.6337 14.59198817597601
3.0,GENERATED VIA SPACE-TRACK.ORG API,2025-06-23 14:26:49+00:00,18 SPCS,SENTINEL 1A,2014-016A,EARTH,TEME,UTC,SGP4,2025-06-23 11:09:16.326720+00:00,14.59198809,0.00013180,98.1797,182.1961,90.7383,269.3968,0,U,39634,999,59773,-0.00001570200000,-0.00000120,0.0000000000000,7073.899,98.684,696.696,694.832,PAYLOAD,LARGE,ESA,2014-04-03,FRGUI,,4764357,290599630,0 SENTINEL 1A,1 39634U 14016A   25174.46477230 -.00000120  00000-0 -15702-4 0  9993,2 39634  98.1797 182.1961 0001318  90.7383 269.3968 14.59198809597737
3.0,GENERATED VIA SPACE-TRACK.ORG API,2025-06-23 18:58:09+00:00,18 SPCS,SENTINEL 1A,2014-016A,EARTH,TEME,UTC,SGP4,2025-06-23 12:48:00.898272+00:00,14.59198816,0.00013200,98.1797,182.2637,90.5456,269.5894,0,U,39634,999,59771,-0.00001294100000,-0.00000107,0.0000000000000,7073.899,98.684,696.698,694.830,PAYLOAD,LARGE,ESA,2014-04-03,FRGUI,,4764764,290624321,0 SENTINEL 1A,1 39634U 14016A   25174.53334373 -.00000107  00000-0 -12941-4 0  9998,2 39634  98.1797 182.2637 0001320  90.5456 269.5894 14.59198816597716
3.0,GENERATED VIA SPACE-TRACK.ORG API,2025-06-23 22:16:17+00:00,18 SPCS,SENTINEL 1A,2014-016A,EARTH,TEME,UTC,SGP4,2025-06-23 19:22:59.188800+00:00,14.59199034,0.00013820,98.1788,182.5339,90.4482,269.6876,0,U,39634,999,59778,0.00000627510000,-0.00000016,0.0000000000000,7073.898,98.684,696.741,694.786,PAYLOAD,LARGE,ESA,2014-04-03,FRGUI,,4764795,290640879,0 SENTINEL 1A,1 39634U 14016A   25174.80762950 -.00000016  00000-0  62751-5 0  9997,2 39634  98.1788 182.5339 0001382  90.4482 269.6876 14.59199034597785
3.0,GENERATED VIA SPACE-TRACK.ORG API,2025-06-24 02:37:05+00:00,18 SPCS,SENTINEL 1A,2014-016A,EARTH,TEME,UTC,SGP4,2025-06-23 22:40:28.325856+00:00,14.59199138,0.00013780,98.1788,182.6691,90.3327,269.8031,0,U,39634,999,59777,0.00001154800000,0.00000009,0.0000000000000,7073.898,98.684,696.738,694.788,PAYLOAD,LARGE,ESA,2014-04-03,FRGUI,,4765112,290662294,0 SENTINEL 1A,1 39634U 14016A   25174.94477229  .00000009  00000-0  11548-4 0  9992,2 39634  98.1788 182.6691 0001378  90.3327 269.8031 14.59199138597778
3.0,GENERATED VIA SPACE-TRACK.ORG API,2025-06-24 06:16:20+00:00,18 SPCS,SENTINEL 1A,2014-016A,EARTH,TEME,UTC,SGP4,2025-06-24 03:36:42.032736+00:00,14.59199349,0.00013790,98.1788,182.8718,90.1097,270.0261,0,U,39634,999,59783,0.00002388100000,0.00000067,0.0000000000000,7073.897,98.684,696.738,694.787,PAYLOAD,LARGE,ESA,2014-04-03,FRGUI,,4765119,290678830,0 SENTINEL 1A,1 39634U 14016A   25175.15048649  .00000067  00000-0  23881-4 0  9993,2 39634  98.1788 182.8718 0001379  90.1097 270.0261 14.59199349597833
3.0,GENERATED VIA SPACE-TRACK.ORG API,2025-06-24 15:26:18+00:00,18 SPCS,SENTINEL 1A,2014-016A,EARTH,TEME,UTC,SGP4,2025-06-24 11:50:24.871488+00:00,14.59199655,0.00013800,98.1788,183.2096,90.3865,269.7492,0,U,39634,999,59788,0.00003831700000,0.00000135,0.0000000000000,7073.896,98.684,696.738,694.785,PAYLOAD,LARGE,ESA,2014-04-03,FRGUI,,4765442,290685715,0 SENTINEL 1A,1 39634U 14016A   25175.49334342  .00000135  00000-0  38317-4 0  9994,2 39634  98.1788 183.2096 0001380  90.3865 269.7492 14.59199655597880
3.0,GENERATED VIA SPACE-TRACK.ORG API,2025-06-24 17:32:58+00:00,18 SPCS,SENTINEL 1A,2014-016A,EARTH,TEME,UTC,SGP4,2025-06-24 11:50:24.871488+00:00,14.59199655,0.00013800,98.1788,183.2096,90.3865,269.7492,0,U,39634,999,59785,0.00003831700000,0.00000135,0.0000000000000,7073.896,98.684,696.738,694.785,PAYLOAD,LARGE,ESA,2014-04-03,FRGUI,,4765702,290707151,0 SENTINEL 1A,1 39634U 14016A   25175.49334342  .00000135  00000-0  38317-4 0  9994,2 39634  98.1788 183.2096 0001380  90.3865 269.7492 14.59199655597857
3.0,GENERATED VIA SPACE-TRACK.ORG API,2025-06-24 22:26:18+00:00,18 SPCS,SENTINEL 1A,2014-016A,EARTH,TEME,UTC,SGP4,2025-06-24 20:04:07.707648+00:00,14.59199751,0.00013780,98.1788,183.5475,90.6768,269.4590,0,U,39634,999,59793,0.00003650800000,0.00000126,0.0000000000000,7073.896,98.684,696.736,694.786,PAYLOAD,LARGE,ESA,2014-04-03,FRGUI,,4765770,290723851,0 SENTINEL 1A,1 39634U 14016A   25175.83620032  .00000126  00000-0  36508-4 0  9996,2 39634  98.1788 183.5475 0001378  90.6768 269.4590 14.59199751597935
3.0,GENERATED VIA SPACE-TRACK.ORG API,2025-06-25 02:12:46+00:00,18 SPCS,SENTINEL 1A,2014-016A,EARTH,TEME,UTC,SGP4,2025-06-24 23:21:36.842112+00:00,14.59199813,0.00013760,98.1788,183.6826,90.6969,269.4389,0,U,39634,999,59792,0.00003677800000,0.00000128,0.0000000000000,7073.896,98.684,696.734,694.788,PAYLOAD,LARGE,ESA,2014-04-03,FRGUI,,4766019,290743901,0 SENTINEL 1A,1 39634U 14016A   25175.97334308  .00000128  00000-0  36778-4 0  9990,2 39634  98.1788 183.6826 0001376  90.6969 269.4389 14.59199813597921
3.0,GENERATED VIA SPACE-TRACK.ORG API,2025-06-25 06:26:18+00:00,18 SPCS,SENTINEL 1A,2014-016A,EARTH,TEME,UTC,SGP4,2025-06-25 04:17:50.551584+00:00,14.59199772,0.00013820,98.1788,183.8853,90.8090,269.3268,0,U,39634,999,59798,0.00003260600000,0.00000108,0.0000000000000,7073.896,98.684,696.739,694.783,PAYLOAD,LARGE,ESA,2014-04-03,FRGUI,,4766068,290760275,0 SENTINEL 1A,1 39634U 14016A   25176.17905731  .00000108  00000-0  32606-4 0  9991,2 39634  98.1788 183.8853 0001382  90.8090 269.3268 14.59199772597982
3.0,GENERATED VIA SPACE-TRACK.ORG API,2025-06-25 14:26:19+00:00,18 SPCS,SENTINEL 1A,2014-016A,EARTH,TEME,UTC,SGP4,2025-06-25 10:52:48.821376+00:00,14.59199831,0.00013820,98.1788,184.1556,90.8756,269.2602,0,U,39634,999,59802,0.00002972600000,0.00000094,0.0000000000000,7073.896,98.684,696.738,694.783,PAYLOAD,LARGE,ESA,2014-04-03,FRGUI,,4766422,290768918,0 SENTINEL 1A,1 39634U 14016A   25176.45334284  .00000094  00000-0  29726-4 0  9994,2 39634  98.1788 184.1556 0001382  90.8756 269.2602 14.59199831598028
3.0,GENERATED VIA SPACE-TRACK.ORG API,2025-06-25 18:19:50+00:00,18 SPCS,SENTINEL 1A,2014-016A,EARTH,TEME,UTC,SGP4,2025-06-25 14:10:17.960160+00:00,14.59199764,0.00013780,98.1788,184.2908,90.6365,269.4992,0,U,39634,999,59801,0.00002518800000,0.00000073,0.0000000000000,7073.896,98.684,696.736,694.786,PAYLOAD,LARGE,ESA,2014-04-03,FRGUI,,4766636,290788390,0 SENTINEL 1A,1 39634U 14016A   25176.59048565  .00000073  00000-0  25188-4 0  9998,2 39634  98.1788 184.2908 0001378  90.6365 269.4992 14.59199764598017
3.0,GENERATED VIA SPACE-TRACK.ORG API,2025-06-26 02:06:18+00:00,18 SPCS,SENTINEL 1A,2014-016A,EARTH,TEME,UTC,SGP4,2025-06-26 00:02:45.381696+00:00,14.59199554,0.00013760,98.1788,184.6962,90.2777,269.8581,0,U,39634,999,59810,0.00000862400000,-0.00000005,0.0000000000000,7073.897,98.684,696.735,694.788,PAYLOAD,LARGE,ESA,2014-04-03,FRGUI,,4766667,290805431,0 SENTINEL 1A,1 39634U 14016A   25177.00191414 -.00000005  00000-0  86240-5 0  9990,2 39634  98.1788 184.6962 0001376  90.2777 269.8581 14.59199554598107
3.0,GENERATED VIA SPACE-TRACK.ORG API,2025-06-26 02:59:50+00:00,18 SPCS,SENTINEL 1A,2014-016A,EARTH,TEME,UTC,SGP4,2025-06-25 22:24:00.811872+00:00,14.59199576,0.00013760,98.1788,184.6286,90.0685,270.0672,0,U,39634,999,59806,0.00001098600000,0.00000006,0.0000000000000,7073.897,98.684,696.735,694.788,PAYLOAD,LARGE,ESA,2014-04-03,FRGUI,,4766952,290826680,0 SENTINEL 1A,1 39634U 14016A   25176.93334273  .00000006  00000-0  10986-4 0  9996,2 39634  98.1788 184.6286 0001376  90.0685 270.0672 14.59199576598066
3.0,GENERATED VIA SPACE-TRACK.ORG API,2025-06-26 06:26:17+00:00,18 SPCS,SENTINEL 1A,2014-016A,EARTH,TEME,UTC,SGP4,2025-06-26 01:41:29.949792+00:00,14.59199531,0.00013790,98.1788,184.7638,90.5588,269.5770,0,U,39634,999,59811,0.00000614810000,-0.00000017,0.0000000000000,7073.897,98.684,696.737,694.786,PAYLOAD,LARGE,ESA,2014-04-03,FRGUI,,4767060,290844989,0 SENTINEL 1A,1 39634U 14016A   25177.07048553 -.00000017  00000-0  61481-5 0  9995,2 39634  98.1788 184.7638 0001379  90.5588 269.5770 14.59199531598117
3.0,GENERATED VIA SPACE-TRACK.ORG API,2025-06-26 14:26:18+00:00,18 SPCS,SENTINEL 1A,2014-016A,EARTH,TEME,UTC,SGP4,2025-06-26 11:33:57.362688+00:00,14.59199312,0.00013190,98.1797,185.1692,90.4776,269.6575,0,U,39634,999,59817,-0.00000412580000,-0.00000065,0.0000000000000,7073.898,98.684,696.696,694.829,PAYLOAD,LARGE,ESA,2014-04-03,FRGUI,,4767196,290847505,0 SENTINEL 1A,1 39634U 14016A   25177.48191392 -.00000065  00000-0 -41258-5 0  9994,2 39634  98.1797 185.1692 0001319  90.4776 269.6575 14.59199312598171
3.0,GENERATED VIA SPACE-TRACK.ORG API,2025-06-26 18:53:44+00:00,18 SPCS,SENTINEL 1A,2014-016A,EARTH,TEME,UTC,SGP4,2025-06-26 13:12:41.933376+00:00,14.59199302,0.00013200,98.1797,185.2368,90.3459,269.7892,0,U,39634,999,59815,-0.00000433960000,-0.00000066,0.0000000000000,7073.898,98.684,696.696,694.829,PAYLOAD,LARGE,ESA,2014-04-03,FRGUI,,4767540,290870759,0 SENTINEL 1A,1 39634U 14016A   25177.55048534 -.00000066  00000-0 -43396-5 0  9997,2 39634  98.1797 185.2368 0001320  90.3459 269.7892 14.59199302598151
3.0,GENERATED VIA SPACE-TRACK.ORG API,2025-06-26 22:16:17+00:00,18 SPCS,SENTINEL 1A,2014-016A,EARTH,TEME,UTC,SGP4,2025-06-26 19:47:40.205760+00:00,14.59199369,0.00013210,98.1797,185.5070,90.4551,269.6800,0,U,39634,999,59822,-0.00000180510000,-0.00000054,0.0000000000000,7073.897,98.684,696.697,694.828,PAYLOAD,LARGE,ESA,2014-04-03,FRGUI,,4767655,290887476,0 SENTINEL 1A,1 39634U 14016A   25177.82477090 -.00000054  00000-0 -18051-5 0  9997,2 39634  98.1797 185.5070 0001321  90.4551 269.6800 14.59199369598228
3.0,GENERATED VIA SPACE-TRACK.ORG API,2025-06-27 03:01:02+00:00,18 SPCS,SENTINEL 1A,2014-016A,EARTH,TEME,UTC,SGP4,2025-06-26 23:05:09.344544+00:00,14.59199370,0.00013220,98.1797,185.6421,90.2655,269.8696,0,U,39634,999,59821,-0.00000164990000,-0.00000054,0.0000000000000,7073.897,98.684,696.698,694.827,PAYLOAD,LARGE,ESA,2014-04-03,FRGUI,,4767969,290908031,0 SENTINEL 1A,1 39634U 14016A   25177.96191371 -.00000054  00000-0 -16499-5 0  9991,2 39634  98.1797 185.6421 0001322  90.2655 269.8696 14.59199370598219
3.0,GENERATED VIA SPACE-TRACK.ORG API,2025-06-27 06:16:26+00:00,18 SPCS,SENTINEL 1A,2014-016A,EARTH,TEME,UTC,SGP4,2025-06-27 04:01:23.045376+00:00,14.59199444,0.00013190,98.1797,185.8449,90.1834,269.9517,0,U,39634,999,59827,0.00000229100000,-0.00000035,0.0000000000000,7073.897,98.684,696.695,694.829,PAYLOAD,LARGE,ESA,2014-04-03,FRGUI,,4767985,290924292,0 SENTINEL 1A,1 39634U 14016A   25178.16762784 -.00000035  00000-0  22910-5 0  9999,2 39634  98.1797 185.8449 0001319  90.1834 269.9517 14.59199444598276
3.0,GENERATED VIA SPACE-TRACK.ORG API,2025-06-27 14:26:19+00:00,18 SPCS,SENTINEL 1A,2014-016A,EARTH,TEME,UTC,SGP4,2025-06-27 12:15:05.882400+00:00,14.59199744,0.00013840,98.1788,186.1828,91.0437,269.0921,0,U,39634,999,59832,0.00001373000000,0.00000019,0.0000000000000,7073.896,98.684,696.740,694.782,PAYLOAD,LARGE,ESA,2014-04-03,FRGUI,,4768321,290932348,0 SENTINEL 1A,1 39634U 14016A   25178.51048475  .00000019  00000-0  13730-4 0  9992,2 39634  98.1788 186.1828 0001384  91.0437 269.0921 14.59199744598321
3.0,GENERATED VIA SPACE-TRACK.ORG API,2025-06-27 17:57:15+00:00,18 SPCS,SENTINEL 1A,2014-016A,EARTH,TEME,UTC,SGP4,2025-06-27 13:53:50.448768+00:00,14.59199771,0.00013850,98.1788,186.2503,90.9372,269.1986,0,U,39634,999,59830,0.00001512600000,0.00000026,0.0000000000000,7073.896,98.684,696.741,694.781,PAYLOAD,LARGE,ESA,2014-04-03,FRGUI,,4768597,290953865,0 SENTINEL 1A,1 39634U 14016A   25178.57905612  .00000026  00000-0  15126-4 0  9992,2 39634  98.1788 186.2503 0001385  90.9372 269.1986 14.59199771598309
3.0,GENERATED VIA SPACE-TRACK.ORG API,2025-06-27 22:26:32+00:00,18 SPCS,SENTINEL 1A,2014-016A,EARTH,TEME,UTC,SGP4,2025-06-27 20:28:48.713376+00:00,14.59199902,0.00013830,98.1788,186.5207,90.7576,269.3782,0,U,39634,999,59837,0.00002212900000,0.00000059,0.0000000000000,7073.896,98.684,696.739,694.782,PAYLOAD,LARGE,ESA,2014-04-03,FRGUI,,4768659,290970196,0 SENTINEL 1A,1 39634U 14016A   25178.85334159  .00000059  00000-0  22129-4 0  9992,2 39634  98.1788 186.5207 0001383  90.7576 269.3782 14.59199902598374
3.0,GENERATED VIA SPACE-TRACK.ORG API,2025-06-28 03:31:03+00:00,18 SPCS,SENTINEL 1A,2014-016A,EARTH,TEME,UTC,SGP4,2025-06-27 22:07:33.279744+00:00,14.59199937,0.00013830,98.1788,186.5882,90.5960,269.5398,0,U,39634,999,59835,0.00002292700000,0.00000062,0.0000000000000,7073.895,98.684,696.739,694.782,PAYLOAD,LARGE,ESA,2014-04-03,FRGUI,,4768957,290992146,0 SENTINEL 1A,1 39634U 14016A   25178.92191296  .00000062  00000-0  22927-4 0  9993,2 39634  98.1788 186.5882 0001383  90.5960 269.5398 14.59199937598359
3.0,GENERATED VIA SPACE-TRACK.ORG API,2025-06-28 06:26:21+00:00,18 SPCS,SENTINEL 1A,2014-016A,EARTH,TEME,UTC,SGP4,2025-06-28 04:42:31.545216+00:00,14.59200024,0.00013830,98.1788,186.8585,90.8386,269.2972,0,U,39634,999,59842,0.00002425700000,0.00000069,0.0000000000000,7073.895,98.684,696.739,694.782,PAYLOAD,LARGE,ESA,2014-04-03,FRGUI,,4769000,291008885,0 SENTINEL 1A,1 39634U 14016A   25179.19619844  .00000069  00000-0  24257-4 0  9992,2 39634  98.1788 186.8585 0001383  90.8386 269.2972 14.59200024598420
3.0,GENERATED VIA SPACE-TRACK.ORG API,2025-06-28 14:26:32+00:00,18 SPCS,SENTINEL 1A,2014-016A,EARTH,TEME,UTC,SGP4,2025-06-28 12:56:14.379648+00:00,14.59200066,0.00013820,98.1788,187.1964,90.9635,269.1723,0,U,39634,999,59847,0.00002234200000,0.00000060,0.0000000000000,7073.895,98.684,696.738,694.782,PAYLOAD,LARGE,ESA,2014-04-03,FRGUI,,4769356,291017130,0 SENTINEL 1A,1 39634U 14016A   25179.53905532  .00000060  00000-0  22342-4 0  9996,2 39634  98.1788 187.1964 0001382  90.9635 269.1723 14.59200066598476
3.0,GENERATED VIA SPACE-TRACK.ORG API,2025-06-28 17:41:05+00:00,18 SPCS,SENTINEL 1A,2014-016A,EARTH,TEME,UTC,SGP4,2025-06-28 14:34:58.946016+00:00,14.59200062,0.00013810,98.1788,187.2640,91.0992,269.0365,0,U,39634,999,59845,0.00002155700000,0.00000056,0.0000000000000,7073.895,98.684,696.737,694.783,PAYLOAD,LARGE,ESA,2014-04-03,FRGUI,,4769613,291038111,0 SENTINEL 1A,1 39634U 14016A   25179.60762669  .00000056  00000-0  21557-4 0  9998,2 39634  98.1788 187.2640 0001381  91.0992 269.0365 14.59200062598450
3.0,GENERATED VIA SPACE-TRACK.ORG API,2025-06-28 22:26:18+00:00,18 SPCS,SENTINEL 1A,2014-016A,EARTH,TEME,UTC,SGP4,2025-06-28 19:31:12.648576+00:00,14.59200009,0.00013770,98.1787,187.4667,92.1379,267.9978,0,U,39634,999,59851,0.00001465600000,0.00000023,0.0000000000000,7073.895,98.684,696.734,694.786,PAYLOAD,LARGE,ESA,2014-04-03,FRGUI,,4769665,291054977,0 SENTINEL 1A,1 39634U 14016A   25179.81334084  .00000023  00000-0  14656-4 0  9993,2 39634  98.1787 187.4667 0001377  92.1379 267.9978 14.59200009598511
3.0,GENERATED VIA SPACE-TRACK.ORG API,2025-06-29 02:41:35+00:00,18 SPCS,SENTINEL 1A,2014-016A,EARTH,TEME,UTC,SGP4,2025-06-28 22:48:41.786496+00:00,14.59199985,0.00013770,98.1787,187.6018,91.8389,268.2968,0,U,39634,999,59850,0.00001213700000,0.00000011,0.0000000000000,7073.895,98.684,696.734,694.786,PAYLOAD,LARGE,ESA,2014-04-03,FRGUI,,4769919,291075618,0 SENTINEL 1A,1 39634U 14016A   25179.95048364  .00000011  00000-0  12137-4 0  9990,2 39634  98.1787 187.6018 0001377  91.8389 268.2968 14.59199985598502
3.0,GENERATED VIA SPACE-TRACK.ORG API,2025-06-29 06:26:19+00:00,18 SPCS,SENTINEL 1A,2014-016A,EARTH,TEME,UTC,SGP4,2025-06-29 03:44:55.492512+00:00,14.59199917,0.00013790,98.1788,187.8045,91.9704,268.1653,0,U,39634,999,59856,0.00000693280000,-0.00000013,0.0000000000000,7073.896,98.684,696.736,694.785,PAYLOAD,LARGE,ESA,2014-04-03,FRGUI,,4769947,291092802,0 SENTINEL 1A,1 39634U 14016A   25180.15619783 -.00000013  00000-0  69328-5 0  9991,2 39634  98.1788 187.8045 0001379  91.9704 268.1653 14.59199917598560
3.0,GENERATED VIA SPACE-TRACK.ORG API,2025-06-29 14:26:18+00:00,18 SPCS,SENTINEL 1A,2014-016A,EARTH,TEME,UTC,SGP4,2025-06-29 11:58:38.335584+00:00,14.59199692,0.00013090,98.1797,188.1424,91.3053,268.8297,0,U,39634,999,59861,-0.00000503740000,-0.00000070,0.0000000000000,7073.896,98.684,696.687,694.835,PAYLOAD,LARGE,ESA,2014-04-03,FRGUI,,4770306,291100790,0 SENTINEL 1A,1 39634U 14016A   25180.49905481 -.00000070  00000-0 -50374-5 0  9996,2 39634  98.1797 188.1424 0001309  91.3053 268.8297 14.59199692598616
3.0,GENERATED VIA SPACE-TRACK.ORG API,2025-06-29 17:39:57+00:00,18 SPCS,SENTINEL 1A,2014-016A,EARTH,TEME,UTC,SGP4,2025-06-29 13:37:22.904544+00:00,14.59199684,0.00013110,98.1797,188.2100,91.2374,268.8975,0,U,39634,999,59859,-0.00000518180000,-0.00000070,0.0000000000000,7073.896,98.684,696.689,694.834,PAYLOAD,LARGE,ESA,2014-04-03,FRGUI,,4770557,291121673,0 SENTINEL 1A,1 39634U 14016A   25180.56762621 -.00000070  00000-0 -51818-5 0  9995,2 39634  98.1797 188.2100 0001311  91.2374 268.8975 14.59199684598597
3.0,GENERATED VIA SPACE-TRACK.ORG API,2025-06-29 22:26:18+00:00,18 SPCS,SENTINEL 1A,2014-016A,EARTH,TEME,UTC,SGP4,2025-06-29 20:12:21.180384+00:00,14.59199641,0.00013170,98.1797,188.4802,91.0392,269.0959,0,U,39634,999,59866,-0.00000829480000,-0.00000085,0.0000000000000,7073.896,98.684,696.693,694.830,PAYLOAD,LARGE,ESA,2014-04-03,FRGUI,,4770601,291138534,0 SENTINEL 1A,1 39634U 14016A   25180.84191181 -.00000085  00000-0 -82948-5 0  9997,2 39634  98.1797 188.4802 0001317  91.0392 269.0959 14.59199641598668
3.0,GENERATED VIA SPACE-TRACK.ORG API,2025-06-30 03:44:42+00:00,18 SPCS,SENTINEL 1A,2014-016A,EARTH,TEME,UTC,SGP4,2025-06-29 21:51:05.747616+00:00,14.59199652,0.00013170,98.1797,188.5478,90.8932,269.2418,0,U,39634,999,59864,-0.00000719530000,-0.00000080,0.0000000000000,7073.896,98.684,696.693,694.830,PAYLOAD,LARGE,ESA,2014-04-03,FRGUI,,4770867,291159875,0 SENTINEL 1A,1 39634U 14016A   25180.91048319 -.00000080  00000-0 -71953-5 0  9998,2 39634  98.1797 188.5478 0001317  90.8932 269.2418 14.59199652598647
3.0,GENERATED VIA SPACE-TRACK.ORG API,2025-06-30 06:26:16+00:00,18 SPCS,SENTINEL 1A,2014-016A,EARTH,TEME,UTC,SGP4,2025-06-30 02:47:19.442400+00:00,14.59199719,0.00013130,98.1796,188.7506,91.0587,269.0763,0,U,39634,999,59870,-0.00000314970000,-0.00000061,0.0000000000000,7073.896,98.684,696.690,694.832,PAYLOAD,LARGE,ESA,2014-04-03,FRGUI,,4770875,291176120,0 SENTINEL 1A,1 39634U 14016A   25181.11619725 -.00000061  00000-0 -31497-5 0  9994,2 39634  98.1796 188.7506 0001313  91.0587 269.0763 14.59199719598707
3.0,GENERATED VIA SPACE-TRACK.ORG API,2025-06-30 14:26:18+00:00,18 SPCS,SENTINEL 1A,2014-016A,EARTH,TEME,UTC,SGP4,2025-06-30 12:39:46.843200+00:00,14.59199900,0.00013750,98.1788,189.1560,91.4955,268.6402,0,U,39634,999,59876,0.00000588860000,-0.00000018,0.0000000000000,7073.896,98.684,696.733,694.788,PAYLOAD,LARGE,ESA,2014-04-03,FRGUI,,4771163,291182410,0 SENTINEL 1A,1 39634U 14016A   25181.52762550 -.00000018  00000-0  58886-5 0  9996,2 39634  98.1788 189.1560 0001375  91.4955 268.6402 14.59199900598767
3.0,GENERATED VIA SPACE-TRACK.ORG API,2025-06-30 17:29:02+00:00,18 SPCS,SENTINEL 1A,2014-016A,EARTH,TEME,UTC,SGP4,2025-06-30 14:18:31.408704+00:00,14.59199932,0.00013750,98.1788,189.2236,91.5655,268.5702,0,U,39634,999,59874,0.00000793870000,-0.00000008,0.0000000000000,7073.896,98.684,696.733,694.788,PAYLOAD,LARGE,ESA,2014-04-03,FRGUI,,4771466,291204766,0 SENTINEL 1A,1 39634U 14016A   25181.59619686 -.00000008  00000-0  79387-5 0  9992,2 39634  98.1788 189.2236 0001375  91.5655 268.5702 14.59199932598741
3.0,GENERATED VIA SPACE-TRACK.ORG API,2025-06-30 22:26:17+00:00,18 SPCS,SENTINEL 1A,2014-016A,EARTH,TEME,UTC,SGP4,2025-06-30 20:53:29.667264+00:00,14.59200137,0.00013770,98.1788,189.4939,91.1067,269.0291,0,U,39634,999,59881,0.00001938000000,0.00000046,0.0000000000000,7073.895,98.684,696.734,694.786,PAYLOAD,LARGE,ESA,2014-04-03,FRGUI,,4771514,291221634,0 SENTINEL 1A,1 39634U 14016A   25181.87048226  .00000046  00000-0  19380-4 0  9996,2 39634  98.1788 189.4939 0001377  91.1067 269.0291 14.59200137598815
3.0,GENERATED VIA SPACE-TRACK.ORG API,2025-07-01 02:15:15+00:00,18 SPCS,SENTINEL 1A,2014-016A,EARTH,TEME,UTC,SGP4,2025-06-30 22:32:14.231904+00:00,14.59200182,0.00013760,98.1788,189.5615,91.0262,269.1095,0,U,39634,999,59879,0.00002111100000,0.00000054,0.0000000000000,7073.895,98.684,696.733,694.786,PAYLOAD,LARGE,ESA,2014-04-03,FRGUI,,4771813,291243113,0 SENTINEL 1A,1 39634U 14016A   25181.93905361  .00000054  00000-0  21111-4 0  9999,2 39634  98.1788 189.5615 0001376  91.0262 269.1095 14.59200182598792
3.0,GENERATED VIA SPACE-TRACK.ORG API,2025-07-01 06:36:18+00:00,18 SPCS,SENTINEL 1A,2014-016A,EARTH,TEME,UTC,SGP4,2025-07-01 03:28:27.924960+00:00,14.59200460,0.00013800,98.1788,189.7642,90.9684,269.1673,0,U,39634,999,59885,0.00003293400000,0.00000110,0.0000000000000,7073.894,98.684,696.735,694.783,PAYLOAD,LARGE,ESA,2014-04-03,FRGUI,,4771918,291290158,0 SENTINEL 1A,1 39634U 14016A   25182.14476765  .00000110  00000-0  32934-4 0  9992,2 39634  98.1788 189.7642 0001380  90.9684 269.1673 14.59200460598853
3.0,GENERATED VIA SPACE-TRACK.ORG API,2025-07-01 14:26:31+00:00,18 SPCS,SENTINEL 1A,2014-016A,EARTH,TEME,UTC,SGP4,2025-07-01 11:42:10.746432+00:00,14.59200627,0.00013820,98.1788,190.1020,90.9898,269.1460,0,U,39634,999,59890,0.00003699900000,0.00000129,0.0000000000000,7073.893,98.684,696.736,694.781,PAYLOAD,LARGE,ESA,2014-04-03,FRGUI,,4772179,291297926,0 SENTINEL 1A,1 39634U 14016A   25182.48762438  .00000129  00000-0  36999-4 0  9999,2 39634  98.1788 190.1020 0001382  90.9898 269.1460 14.59200627598903
3.0,GENERATED VIA SPACE-TRACK.ORG API,2025-07-01 18:11:59+00:00,18 SPCS,SENTINEL 1A,2014-016A,EARTH,TEME,UTC,SGP4,2025-07-01 13:20:55.311072+00:00,14.59200626,0.00013820,98.1788,190.1696,90.9859,269.1499,0,U,39634,999,59888,0.00003597700000,0.00000124,0.0000000000000,7073.893,98.684,696.736,694.781,PAYLOAD,LARGE,ESA,2014-04-03,FRGUI,,4772413,291318194,0 SENTINEL 1A,1 39634U 14016A   25182.55619573  .00000124  00000-0  35977-4 0  9998,2 39634  98.1788 190.1696 0001382  90.9859 269.1499 14.59200626598887
3.0,GENERATED VIA SPACE-TRACK.ORG API,2025-07-01 22:26:17+00:00,18 SPCS,SENTINEL 1A,2014-016A,EARTH,TEME,UTC,SGP4,2025-07-01 19:55:53.566176+00:00,14.59200733,0.00013790,98.1788,190.4399,91.1711,268.9647,0,U,39634,999,59895,0.00003669400000,0.00000127,0.0000000000000,7073.893,98.684,696.733,694.782,PAYLOAD,LARGE,ESA,2014-04-03,FRGUI,,4772528,291334806,0 SENTINEL 1A,1 39634U 14016A   25182.83048109  .00000127  00000-0  36694-4 0  9990,2 39634  98.1788 190.4399 0001379  91.1711 268.9647 14.59200733598955
3.0,GENERATED VIA SPACE-TRACK.ORG API,2025-07-02 02:08:41+00:00,18 SPCS,SENTINEL 1A,2014-016A,EARTH,TEME,UTC,SGP4,2025-07-01 21:34:38.129952+00:00,14.59200762,0.00013780,98.1788,190.5074,91.1679,268.9678,0,U,39634,999,59893,0.00003680000000,0.00000128,0.0000000000000,7073.893,98.684,696.733,694.783,PAYLOAD,LARGE,ESA,2014-04-03,FRGUI,,4772819,291356336,0 SENTINEL 1A,1 39634U 14016A   25182.89905243  .00000128  00000-0  36800-4 0  9997,2 39634  98.1788 190.5074 0001378  91.1679 268.9678 14.59200762598932
3.0,GENERATED VIA SPACE-TRACK.ORG API,2025-07-02 06:26:17+00:00,18 SPCS,SENTINEL 1A,2014-016A,EARTH,TEME,UTC,SGP4,2025-07-02 04:09:36.386784+00:00,14.59200810,0.00013790,98.1788,190.7777,91.1321,269.0037,0,U,39634,999,59900,0.00003579800000,0.00000123,0.0000000000000,7073.893,98.684,696.733,694.782,PAYLOAD,LARGE,ESA,2014-04-03,FRGUI,,4772862,291404039,0 SENTINEL 1A,1 39634U 14016A   25183.17333781  .00000123  00000-0  35798-4 0  9991,2 39634  98.1788 190.7777 0001379  91.1321 269.0037 14.59200810599003
3.0,GENERATED VIA SPACE-TRACK.ORG API,2025-07-02 14:16:30+00:00,18 SPCS,SENTINEL 1A,2014-016A,EARTH,TEME,UTC,SGP4,2025-07-02 12:23:19.214304+00:00,14.59200752,0.00013750,98.1789,191.1156,90.9116,269.2241,0,U,39634,999,59905,0.00002652300000,0.00000079,0.0000000000000,7073.893,98.684,696.731,694.785,PAYLOAD,LARGE,ESA,2014-04-03,FRGUI,,4773165,291411685,0 SENTINEL 1A,1 39634U 14016A   25183.51619461  .00000079  00000-0  26523-4 0  9997,2 39634  98.1789 191.1156 0001375  90.9116 269.2241 14.59200752599054
3.0,GENERATED VIA SPACE-TRACK.ORG API,2025-07-02 17:47:34+00:00,18 SPCS,SENTINEL 1A,2014-016A,EARTH,TEME,UTC,SGP4,2025-07-02 14:02:03.778944+00:00,14.59200741,0.00013740,98.1788,191.1832,90.9377,269.1980,0,U,39634,999,59903,0.00002513200000,0.00000073,0.0000000000000,7073.893,98.684,696.730,694.786,PAYLOAD,LARGE,ESA,2014-04-03,FRGUI,,4773459,291432826,0 SENTINEL 1A,1 39634U 14016A   25183.58476596  .00000073  00000-0  25132-4 0  9993,2 39634  98.1788 191.1832 0001374  90.9377 269.1980 14.59200741599037
3.0,GENERATED VIA SPACE-TRACK.ORG API,2025-07-02 22:16:17+00:00,18 SPCS,SENTINEL 1A,2014-016A,EARTH,TEME,UTC,SGP4,2025-07-02 18:58:17.488416+00:00,14.59200448,0.00013740,98.1788,191.3859,91.3943,268.7414,0,U,39634,999,59909,0.00000822520000,-0.00000007,0.0000000000000,7073.894,98.684,696.731,694.787,PAYLOAD,LARGE,ESA,2014-04-03,FRGUI,,4773484,291480208,0 SENTINEL 1A,1 39634U 14016A   25183.79048019 -.00000007  00000-0  82252-5 0  9996,2 39634  98.1788 191.3859 0001374  91.3943 268.7414 14.59200448599099
3.0,GENERATED VIA SPACE-TRACK.ORG API,2025-07-03 03:40:39+00:00,18 SPCS,SENTINEL 1A,2014-016A,EARTH,TEME,UTC,SGP4,2025-07-02 22:15:46.628928+00:00,14.59200323,0.00013740,98.1788,191.5210,90.5656,269.5701,0,U,39634,999,59908,0.00000213190000,-0.00000036,0.0000000000000,7073.894,98.684,696.731,694.787,PAYLOAD,LARGE,ESA,2014-04-03,FRGUI,,4773777,291501484,0 SENTINEL 1A,1 39634U 14016A   25183.92762302 -.00000036  00000-0  21319-5 0  9998,2 39634  98.1788 191.5210 0001374  90.5656 269.5701 14.59200323599083
3.0,GENERATED VIA SPACE-TRACK.ORG API,2025-07-03 06:16:31+00:00,18 SPCS,SENTINEL 1A,2014-016A,EARTH,TEME,UTC,SGP4,2025-07-03 04:50:44.895264+00:00,14.59200115,0.00013040,98.1797,191.7913,91.3651,268.7699,0,U,39634,999,59915,-0.00001131000000,-0.00000099,0.0000000000000,7073.895,98.684,696.682,694.837,PAYLOAD,LARGE,ESA,2014-04-03,FRGUI,,4773786,291517706,0 SENTINEL 1A,1 39634U 14016A   25184.20190851 -.00000099  00000-0 -11310-4 0  9993,2 39634  98.1797 191.7913 0001304  91.3651 268.7699 14.59200115599156
3.0,GENERATED VIA SPACE-TRACK.ORG API,2025-07-03 14:16:17+00:00,18 SPCS,SENTINEL 1A,2014-016A,EARTH,TEME,UTC,SGP4,2025-07-03 13:04:27.751296+00:00,14.59199846,0.00013150,98.1797,192.1292,91.1273,269.0078,0,U,39634,999,59920,-0.00002545400000,-0.00000166,0.0000000000000,7073.896,98.684,696.691,694.831,PAYLOAD,LARGE,ESA,2014-04-03,FRGUI,,4774144,291526601,0 SENTINEL 1A,1 39634U 14016A   25184.54476564 -.00000166  00000-0 -25454-4 0  9997,2 39634  98.1797 192.1292 0001315  91.1273 269.0078 14.59199846599200
3.0,GENERATED VIA SPACE-TRACK.ORG API,2025-07-03 17:26:04+00:00,18 SPCS,SENTINEL 1A,2014-016A,EARTH,TEME,UTC,SGP4,2025-07-03 14:43:12.321120+00:00,14.59199816,0.00013190,98.1797,192.1968,90.9140,269.2211,0,U,39634,999,59918,-0.00002593400000,-0.00000168,0.0000000000000,7073.896,98.684,696.694,694.828,PAYLOAD,LARGE,ESA,2014-04-03,FRGUI,,4774471,291547813,0 SENTINEL 1A,1 39634U 14016A   25184.61333705 -.00000168  00000-0 -25934-4 0  9999,2 39634  98.1797 192.1968 0001319  90.9140 269.2211 14.59199816599189
3.0,GENERATED VIA SPACE-TRACK.ORG API,2025-07-03 22:16:17+00:00,18 SPCS,SENTINEL 1A,2014-016A,EARTH,TEME,UTC,SGP4,2025-07-03 19:39:26.011584+00:00,14.59199865,0.00013170,98.1797,192.3995,90.8668,269.2682,0,U,39634,999,59924,-0.00002280800000,-0.00000153,0.0000000000000,7073.896,98.684,696.692,694.829,PAYLOAD,LARGE,ESA,2014-04-03,FRGUI,,4774496,291595198,0 SENTINEL 1A,1 39634U 14016A   25184.81905106 -.00000153  00000-0 -22808-4 0  9992,2 39634  98.1797 192.3995 0001317  90.8668 269.2682 14.59199865599246
3.0,GENERATED VIA SPACE-TRACK.ORG API,2025-07-04 03:20:15+00:00,18 SPCS,SENTINEL 1A,2014-016A,EARTH,TEME,UTC,SGP4,2025-07-03 21:18:10.580544+00:00,14.59199834,0.00013170,98.1797,192.4671,90.7984,269.3366,0,U,39634,999,59922,-0.00002386700000,-0.00000158,0.0000000000000,7073.896,98.684,696.692,694.829,PAYLOAD,LARGE,ESA,2014-04-03,FRGUI,,4774767,291615570,0 SENTINEL 1A,1 39634U 14016A   25184.88762246 -.00000158  00000-0 -23867-4 0  9996,2 39634  98.1797 192.4671 0001317  90.7984 269.3366 14.59199834599222
3.0,GENERATED VIA SPACE-TRACK.ORG API,2025-07-04 06:16:16+00:00,18 SPCS,SENTINEL 1A,2014-016A,EARTH,TEME,UTC,SGP4,2025-07-04 03:53:08.845152+00:00,14.59199839,0.00013140,98.1797,192.7374,91.1200,269.0150,0,U,39634,999,59929,-0.00002071800000,-0.00000143,0.0000000000000,7073.896,98.684,696.690,694.831,PAYLOAD,LARGE,ESA,2014-04-03,FRGUI,,4774781,291632387,0 SENTINEL 1A,1 39634U 14016A   25185.16190793 -.00000143  00000-0 -20718-4 0  9996,2 39634  98.1797 192.7374 0001314  91.1200 269.0150 14.59199839599298
3.0,GENERATED VIA SPACE-TRACK.ORG API,2025-07-04 14:16:17+00:00,18 SPCS,SENTINEL 1A,2014-016A,EARTH,TEME,UTC,SGP4,2025-07-04 12:06:51.645024+00:00,14.59200166,0.00013100,98.1797,193.0752,91.7755,268.3595,0,U,39634,999,59934,0.00000155640000,-0.00000038,0.0000000000000,7073.895,98.684,696.686,694.833,PAYLOAD,LARGE,ESA,2014-04-03,FRGUI,,4775090,291640001,0 SENTINEL 1A,1 39634U 14016A   25185.50476441 -.00000038  00000-0  15564-5 0  9997,2 39634  98.1797 193.0752 0001310  91.7755 268.3595 14.59200166599346
3.0,GENERATED VIA SPACE-TRACK.ORG API,2025-07-04 17:16:20+00:00,18 SPCS,SENTINEL 1A,2014-016A,EARTH,TEME,UTC,SGP4,2025-07-04 15:24:20.788128+00:00,14.59200284,0.00013830,98.1789,193.2103,91.6462,268.4896,0,U,39634,999,59936,0.00001046800000,0.00000004,0.0000000000000,7073.894,98.684,696.738,694.781,PAYLOAD,LARGE,ESA,2014-04-03,FRGUI,,4775370,291647102,0 SENTINEL 1A,1 39634U 14016A   25185.64190727  .00000004  00000-0  10468-4 0  9991,2 39634  98.1789 193.2103 0001383  91.6462 268.4896 14.59200284599361
3.0,GENERATED VIA SPACE-TRACK.ORG API,2025-07-04 18:39:55+00:00,18 SPCS,SENTINEL 1A,2014-016A,EARTH,TEME,UTC,SGP4,2025-07-04 13:45:36.224352+00:00,14.59200256,0.00013830,98.1789,193.1427,91.6104,268.5254,0,U,39634,999,59932,0.00000858590000,-0.00000005,0.0000000000000,7073.894,98.684,696.738,694.781,PAYLOAD,LARGE,ESA,2014-04-03,FRGUI,,4775522,291665321,0 SENTINEL 1A,1 39634U 14016A   25185.57333593 -.00000005  00000-0  85859-5 0  9992,2 39634  98.1789 193.1427 0001383  91.6104 268.5254 14.59200256599326
3.0,GENERATED VIA SPACE-TRACK.ORG API,2025-07-04 22:36:17+00:00,18 SPCS,SENTINEL 1A,2014-016A,EARTH,TEME,UTC,SGP4,2025-07-04 20:20:34.476864+00:00,14.59200468,0.00013870,98.1789,193.4130,91.6205,268.5154,0,U,39634,999,59939,0.00002131500000,0.00000055,0.0000000000000,7073.894,98.684,696.740,694.778,PAYLOAD,LARGE,ESA,2014-04-03,FRGUI,,4775613,291683161,0 SENTINEL 1A,1 39634U 14016A   25185.84762126  .00000055  00000-0  21315-4 0  9990,2 39634  98.1789 193.4130 0001387  91.6205 268.5154 14.59200468599397
3.0,GENERATED VIA SPACE-TRACK.ORG API,2025-07-05 04:36:57+00:00,18 SPCS,SENTINEL 1A,2014-016A,EARTH,TEME,UTC,SGP4,2025-07-04 21:59:19.039776+00:00,14.59200511,0.00013860,98.1789,193.4806,91.5445,268.5913,0,U,39634,999,59937,0.00002265700000,0.00000061,0.0000000000000,7073.894,98.684,696.739,694.778,PAYLOAD,LARGE,ESA,2014-04-03,FRGUI,,4775734,291700116,0 SENTINEL 1A,1 39634U 14016A   25185.91619259  .00000061  00000-0  22657-4 0  9993,2 39634  98.1789 193.4806 0001386  91.5445 268.5913 14.59200511599371
3.0,GENERATED VIA SPACE-TRACK.ORG API,2025-07-05 06:16:18+00:00,18 SPCS,SENTINEL 1A,2014-016A,EARTH,TEME,UTC,SGP4,2025-07-05 04:34:17.289696+00:00,14.59200746,0.00013890,98.1789,193.7509,91.6535,268.4823,0,U,39634,999,59944,0.00003238900000,0.00000107,0.0000000000000,7073.893,98.684,696.740,694.775,PAYLOAD,LARGE,ESA,2014-04-03,FRGUI,,4775747,291716927,0 SENTINEL 1A,1 39634U 14016A   25186.19047789  .00000107  00000-0  32389-4 0  9991,2 39634  98.1789 193.7509 0001389  91.6535 268.4823 14.59200746599445
3.0,GENERATED VIA SPACE-TRACK.ORG API,2025-07-05 14:16:24+00:00,18 SPCS,SENTINEL 1A,2014-016A,EARTH,TEME,UTC,SGP4,2025-07-05 11:09:15.540480+00:00,14.59200934,0.00013910,98.1789,194.0212,91.8019,268.3340,0,U,39634,999,59948,0.00003844900000,0.00000136,0.0000000000000,7073.892,98.684,696.741,694.773,PAYLOAD,LARGE,ESA,2014-04-03,FRGUI,,4776089,291725512,0 SENTINEL 1A,1 39634U 14016A   25186.46476320  .00000136  00000-0  38449-4 0  9993,2 39634  98.1789 194.0212 0001391  91.8019 268.3340 14.59200934599488
3.0,GENERATED VIA SPACE-TRACK.ORG API,2025-07-05 17:45:45+00:00,18 SPCS,SENTINEL 1A,2014-016A,EARTH,TEME,UTC,SGP4,2025-07-05 11:09:15.540480+00:00,14.59200934,0.00013910,98.1789,194.0212,91.8019,268.3340,0,U,39634,999,59945,0.00003844900000,0.00000136,0.0000000000000,7073.892,98.684,696.741,694.773,PAYLOAD,LARGE,ESA,2014-04-03,FRGUI,,4776382,291746644,0 SENTINEL 1A,1 39634U 14016A   25186.46476320  .00000136  00000-0  38449-4 0  9993,2 39634  98.1789 194.0212 0001391  91.8019 268.3340 14.59200934599455
3.0,GENERATED VIA SPACE-TRACK.ORG API,2025-07-05 22:26:16+00:00,18 SPCS,SENTINEL 1A,2014-016A,EARTH,TEME,UTC,SGP4,2025-07-05 21:01:43.032000+00:00,14.59198525,0.00013790,98.1789,194.4266,91.0051,269.1307,0,U,39634,999,59954,0.00003562400000,0.00000122,0.0000000000000,7073.900,98.684,696.741,694.790,PAYLOAD,LARGE,ESA,2014-04-03,FRGUI,,4776446,291763711,0 SENTINEL 1A,1 39634U 14016A   25186.87619250  .00000122  00000-0  35624-4 0  9996,2 39634  98.1789 194.4266 0001379  91.0051 269.1307 14.59198525599546
3.0,GENERATED VIA SPACE-TRACK.ORG API,2025-07-06 04:10:31+00:00,18 SPCS,SENTINEL 1A,2014-016A,EARTH,TEME,UTC,SGP4,2025-07-05 22:40:27.601824+00:00,14.59198567,0.00013760,98.1789,194.4941,91.3997,268.7361,0,U,39634,999,59952,0.00003569100000,0.00000122,0.0000000000000,7073.900,98.684,696.738,694.792,PAYLOAD,LARGE,ESA,2014-04-03,FRGUI,,4776705,291784547,0 SENTINEL 1A,1 39634U 14016A   25186.94476391  .00000122  00000-0  35691-4 0  9995,2 39634  98.1789 194.4941 0001376  91.3997 268.7361 14.59198567599524
3.0,GENERATED VIA SPACE-TRACK.ORG API,2025-07-06 06:16:16+00:00,18 SPCS,SENTINEL 1A,2014-016A,EARTH,TEME,UTC,SGP4,2025-07-06 05:15:25.888032+00:00,14.59198779,0.00013780,98.1790,194.7645,91.1169,269.0188,0,U,39634,999,59959,0.00003748700000,0.00000131,0.0000000000000,7073.899,98.684,696.739,694.789,PAYLOAD,LARGE,ESA,2014-04-03,FRGUI,,4776713,291801257,0 SENTINEL 1A,1 39634U 14016A   25187.21904963  .00000131  00000-0  37487-4 0  9992,2 39634  98.1790 194.7645 0001378  91.1169 269.0188 14.59198779599594
3.0,GENERATED VIA SPACE-TRACK.ORG API,2025-07-06 14:16:31+00:00,18 SPCS,SENTINEL 1A,2014-016A,EARTH,TEME,UTC,SGP4,2025-07-06 11:50:24.175104+00:00,14.59198842,0.00013830,98.1790,195.0347,91.3060,268.8298,0,U,39634,999,59963,0.00002718300000,0.00000082,0.0000000000000,7073.899,98.684,696.742,694.786,PAYLOAD,LARGE,ESA,2014-04-03,FRGUI,,4777034,291809260,0 SENTINEL 1A,1 39634U 14016A   25187.49333536  .00000082  00000-0  27183-4 0  9991,2 39634  98.1790 195.0347 0001383  91.3060 268.8298 14.59198842599630
3.0,GENERATED VIA SPACE-TRACK.ORG API,2025-07-06 18:05:35+00:00,18 SPCS,SENTINEL 1A,2014-016A,EARTH,TEME,UTC,SGP4,2025-07-06 15:07:53.316480+00:00,14.59198876,0.00013850,98.1789,195.1699,91.4172,268.7186,0,U,39634,999,59962,0.00002707000000,0.00000082,0.0000000000000,7073.899,98.684,696.744,694.784,PAYLOAD,LARGE,ESA,2014-04-03,FRGUI,,4777297,291830117,0 SENTINEL 1A,1 39634U 14016A   25187.63047820  .00000082  00000-0  27070-4 0  9990,2 39634  98.1789 195.1699 0001385  91.4172 268.7186 14.59198876599627
3.0,GENERATED VIA SPACE-TRACK.ORG API,2025-07-06 22:26:17+00:00,18 SPCS,SENTINEL 1A,2014-016A,EARTH,TEME,UTC,SGP4,2025-07-06 20:04:07.027680+00:00,14.59198946,0.00013890,98.1789,195.3726,91.6613,268.4746,0,U,39634,999,59968,0.00002615000000,0.00000078,0.0000000000000,7073.899,98.684,696.746,694.781,PAYLOAD,LARGE,ESA,2014-04-03,FRGUI,,4777367,291847148,0 SENTINEL 1A,1 39634U 14016A   25187.83619245  .00000078  00000-0  26150-4 0  9991,2 39634  98.1789 195.3726 0001389  91.6613 268.4746 14.59198946599689
3.0,GENERATED VIA SPACE-TRACK.ORG API,2025-07-07 05:18:27+00:00,18 SPCS,SENTINEL 1A,2014-016A,EARTH,TEME,UTC,SGP4,2025-07-06 23:21:36.169056+00:00,14.59198990,0.00013870,98.1789,195.5077,91.6667,268.4692,0,U,39634,999,59967,0.00002606300000,0.00000077,0.0000000000000,7073.899,98.684,696.745,694.782,PAYLOAD,LARGE,ESA,2014-04-03,FRGUI,,4777611,291867489,0 SENTINEL 1A,1 39634U 14016A   25187.97333529  .00000077  00000-0  26063-4 0  9996,2 39634  98.1789 195.5077 0001387  91.6667 268.4692 14.59198990599675
3.0,GENERATED VIA SPACE-TRACK.ORG API,2025-07-07 06:16:15+00:00,18 SPCS,SENTINEL 1A,2014-016A,EARTH,TEME,UTC,SGP4,2025-07-07 02:39:05.307840+00:00,14.59199048,0.00013860,98.1789,195.6429,91.6564,268.4794,0,U,39634,999,59972,0.00002579200000,0.00000076,0.0000000000000,7073.898,98.684,696.744,694.783,PAYLOAD,LARGE,ESA,2014-04-03,FRGUI,,4777619,291884207,0 SENTINEL 1A,1 39634U 14016A   25188.11047810  .00000076  00000-0  25792-4 0  9995,2 39634  98.1789 195.6429 0001386  91.6564 268.4794 14.59199048599726
3.0,GENERATED VIA SPACE-TRACK.ORG API,2025-07-07 14:16:20+00:00,18 SPCS,SENTINEL 1A,2014-016A,EARTH,TEME,UTC,SGP4,2025-07-07 12:31:32.725056+00:00,14.59199208,0.00013880,98.1789,196.0483,91.4907,268.6452,0,U,39634,999,59978,0.00002588100000,0.00000076,0.0000000000000,7073.898,98.684,696.745,694.781,PAYLOAD,LARGE,ESA,2014-04-03,FRGUI,,4777907,291891000,0 SENTINEL 1A,1 39634U 14016A   25188.52190654  .00000076  00000-0  25881-4 0  9994,2 39634  98.1789 196.0483 0001388  91.4907 268.6452 14.59199208599789
3.0,GENERATED VIA SPACE-TRACK.ORG API,2025-07-07 18:34:59+00:00,18 SPCS,SENTINEL 1A,2014-016A,EARTH,TEME,UTC,SGP4,2025-07-07 14:10:17.294880+00:00,14.59199213,0.00013870,98.1789,196.1159,91.4166,268.7192,0,U,39634,999,59976,0.00002578000000,0.00000076,0.0000000000000,7073.898,98.684,696.744,694.782,PAYLOAD,LARGE,ESA,2014-04-03,FRGUI,,4778094,291909322,0 SENTINEL 1A,1 39634U 14016A   25188.59047795  .00000076  00000-0  25780-4 0  9996,2 39634  98.1789 196.1159 0001387  91.4166 268.7192 14.59199213599762
3.0,GENERATED VIA SPACE-TRACK.ORG API,2025-07-07 22:26:20+00:00,18 SPCS,SENTINEL 1A,2014-016A,EARTH,TEME,UTC,SGP4,2025-07-07 20:45:15.571584+00:00,14.59199289,0.00013870,98.1790,196.3862,91.3501,268.7858,0,U,39634,999,59983,0.00002539800000,0.00000074,0.0000000000000,7073.898,98.684,696.744,694.781,PAYLOAD,LARGE,ESA,2014-04-03,FRGUI,,4778157,291926451,0 SENTINEL 1A,1 39634U 14016A   25188.86476356  .00000074  00000-0  25398-4 0  9998,2 39634  98.1790 196.3862 0001387  91.3501 268.7858 14.59199289599839
3.0,GENERATED VIA SPACE-TRACK.ORG API,2025-07-08 02:27:36+00:00,18 SPCS,SENTINEL 1A,2014-016A,EARTH,TEME,UTC,SGP4,2025-07-07 22:24:00.140544+00:00,14.59199317,0.00013860,98.1790,196.4538,91.2925,268.8433,0,U,39634,999,59981,0.00002547800000,0.00000074,0.0000000000000,7073.898,98.684,696.743,694.782,PAYLOAD,LARGE,ESA,2014-04-03,FRGUI,,4778497,291949749,0 SENTINEL 1A,1 39634U 14016A   25188.93333496  .00000074  00000-0  25478-4 0  9992,2 39634  98.1790 196.4538 0001386  91.2925 268.8433 14.59199317599818
3.0,GENERATED VIA SPACE-TRACK.ORG API,2025-07-08 06:26:32+00:00,18 SPCS,SENTINEL 1A,2014-016A,EARTH,TEME,UTC,SGP4,2025-07-08 04:58:58.411200+00:00,14.59199450,0.00013840,98.1790,196.7241,91.1332,269.0026,0,U,39634,999,59988,0.00002585200000,0.00000076,0.0000000000000,7073.897,98.684,696.741,694.783,PAYLOAD,LARGE,ESA,2014-04-03,FRGUI,,4778575,291966888,0 SENTINEL 1A,1 39634U 14016A   25189.20762050  .00000076  00000-0  25852-4 0  9993,2 39634  98.1790 196.7241 0001384  91.1332 269.0026 14.59199450599887
3.0,GENERATED VIA SPACE-TRACK.ORG API,2025-07-08 14:16:20+00:00,18 SPCS,SENTINEL 1A,2014-016A,EARTH,TEME,UTC,SGP4,2025-07-08 11:33:56.685312+00:00,14.59199531,0.00013860,98.1790,196.9944,91.2354,268.9005,0,U,39634,999,59992,0.00002501400000,0.00000072,0.0000000000000,7073.897,98.684,696.742,694.781,PAYLOAD,LARGE,ESA,2014-04-03,FRGUI,,4778911,291975617,0 SENTINEL 1A,1 39634U 14016A   25189.48190608  .00000072  00000-0  25014-4 0  9993,2 39634  98.1790 196.9944 0001386  91.2354 268.9005 14.59199531599926
3.0,GENERATED VIA SPACE-TRACK.ORG API,2025-07-08 17:26:03+00:00,18 SPCS,SENTINEL 1A,2014-016A,EARTH,TEME,UTC,SGP4,2025-07-08 13:12:41.248224+00:00,14.59199683,0.00013890,98.1790,197.0619,91.3242,268.8117,0,U,39634,999,59990,0.00003792300000,0.00000133,0.0000000000000,7073.896,98.684,696.744,694.779,PAYLOAD,LARGE,ESA,2014-04-03,FRGUI,,4779207,291996517,0 SENTINEL 1A,1 39634U 14016A   25189.55047741  .00000133  00000-0  37923-4 0  9990,2 39634  98.1790 197.0619 0001389  91.3242 268.8117 14.59199683599906
3.0,GENERATED VIA SPACE-TRACK.ORG API,2025-07-08 22:16:17+00:00,18 SPCS,SENTINEL 1A,2014-016A,EARTH,TEME,UTC,SGP4,2025-07-08 19:47:39.516288+00:00,14.59199776,0.00013880,98.1790,197.3322,91.2769,268.8589,0,U,39634,999,59997,0.00003826700000,0.00000135,0.0000000000000,7073.896,98.684,696.743,694.779,PAYLOAD,LARGE,ESA,2014-04-03,FRGUI,,4779234,292012877,0 SENTINEL 1A,1 39634U 14016A   25189.82476292  .00000135  00000-0  38267-4 0  9991,2 39634  98.1790 197.3322 0001388  91.2769 268.8589 14.59199776599975
3.0,GENERATED VIA SPACE-TRACK.ORG API,2025-07-09 22:16:17+00:00,18 SPCS,SENTINEL 1A,2014-016A,EARTH,TEME,UTC,SGP4,2025-07-09 20:28:48.018720+00:00,14.59199050,0.00013830,98.1791,198.3459,88.3955,271.7403,0,U,39634,999,60012,0.00003604800000,0.00000124,0.0000000000000,7073.898,98.684,696.742,694.785,PAYLOAD,LARGE,ESA,2014-04-03,FRGUI,,4780067,292093655,0 SENTINEL 1A,1 39634U 14016A   25190.85333355  .00000124  00000-0  36048-4 0  9991,2 39634  98.1791 198.3459 0001383  88.3955 271.7403 14.59199050600120
3.0,GENERATED VIA SPACE-TRACK.ORG API,2025-07-10 03:09:22+00:00,18 SPCS,SENTINEL 1A,2014-016A,EARTH,TEME,UTC,SGP4,2025-07-09 22:07:32.587680+00:00,14.59199104,0.00013800,98.1790,198.4135,88.3918,271.7440,0,U,39634,999,60010,0.00003593300000,0.00000124,0.0000000000000,7073.898,98.684,696.739,694.787,PAYLOAD,LARGE,ESA,2014-04-03,FRGUI,,4780393,292115260,0 SENTINEL 1A,1 39634U 14016A   25190.92190495  .00000124  00000-0  35933-4 0  9997,2 39634  98.1790 198.4135 0001380  88.3918 271.7440 14.59199104600106
3.0,GENERATED VIA SPACE-TRACK.ORG API,2025-07-10 06:16:16+00:00,18 SPCS,SENTINEL 1A,2014-016A,EARTH,TEME,UTC,SGP4,2025-07-10 04:42:30.873024+00:00,14.59199146,0.00013850,98.1791,198.6837,88.0887,272.0472,0,U,39634,999,60017,0.00003615300000,0.00000125,0.0000000000000,7073.898,98.684,696.743,694.783,PAYLOAD,LARGE,ESA,2014-04-03,FRGUI,,4780416,292132115,0 SENTINEL 1A,1 39634U 14016A   25191.19619066  .00000125  00000-0  36153-4 0  9993,2 39634  98.1791 198.6837 0001385  88.0887 272.0472 14.59199146600177
3.0,GENERATED VIA SPACE-TRACK.ORG API,2025-07-10 14:16:18+00:00,18 SPCS,SENTINEL 1A,2014-016A,EARTH,TEME,UTC,SGP4,2025-07-10 12:56:13.718688+00:00,14.59199262,0.00013830,98.1791,199.0216,88.2423,271.8935,0,U,39634,999,60022,0.00003459100000,0.00000117,0.0000000000000,7073.898,98.684,696.741,694.784,PAYLOAD,LARGE,ESA,2014-04-03,FRGUI,,4780790,292141291,0 SENTINEL 1A,1 39634U 14016A   25191.53904767  .00000117  00000-0  34591-4 0  9991,2 39634  98.1791 199.0216 0001383  88.2423 271.8935 14.59199262600225
3.0,GENERATED VIA SPACE-TRACK.ORG API,2025-07-10 19:44:45+00:00,18 SPCS,SENTINEL 1A,2014-016A,EARTH,TEME,UTC,SGP4,2025-07-10 14:34:58.288512+00:00,14.59199274,0.00013840,98.1791,199.0892,88.2693,271.8665,0,U,39634,999,60020,0.00003448500000,0.00000117,0.0000000000000,7073.898,98.684,696.742,694.784,PAYLOAD,LARGE,ESA,2014-04-03,FRGUI,,4781076,292162737,0 SENTINEL 1A,1 39634U 14016A   25191.60761908  .00000117  00000-0  34485-4 0  9999,2 39634  98.1791 199.0892 0001384  88.2693 271.8665 14.59199274600206
3.0,GENERATED VIA SPACE-TRACK.ORG API,2025-07-10 23:16:16+00:00,18 SPCS,SENTINEL 1A,2014-016A,EARTH,TEME,UTC,SGP4,2025-07-10 17:52:27.425568+00:00,14.59199322,0.00013850,98.1791,199.2243,88.3275,271.8083,0,U,39634,999,60025,0.00003415600000,0.00000115,0.0000000000000,7073.897,98.684,696.742,694.783,PAYLOAD,LARGE,ESA,2014-04-03,FRGUI,,4781089,292179163,0 SENTINEL 1A,1 39634U 14016A   25191.74476187  .00000115  00000-0  34156-4 0  9999,2 39634  98.1791 199.2243 0001385  88.3275 271.8083 14.59199322600259
3.0,GENERATED VIA SPACE-TRACK.ORG API,2025-07-11 02:53:47+00:00,18 SPCS,SENTINEL 1A,2014-016A,EARTH,TEME,UTC,SGP4,2025-07-10 17:52:27.425568+00:00,14.59199322,0.00013850,98.1791,199.2243,88.3275,271.8083,0,U,39634,999,60022,0.00003415600000,0.00000115,0.0000000000000,7073.897,98.684,696.742,694.783,PAYLOAD,LARGE,ESA,2014-04-03,FRGUI,,4781297,292197881,0 SENTINEL 1A,1 39634U 14016A   25191.74476187  .00000115  00000-0  34156-4 0  9999,2 39634  98.1791 199.2243 0001385  88.3275 271.8083 14.59199322600226
3.0,GENERATED VIA SPACE-TRACK.ORG API,2025-07-11 06:16:31+00:00,18 SPCS,SENTINEL 1A,2014-016A,EARTH,TEME,UTC,SGP4,2025-07-11 03:44:54.836736+00:00,14.59199465,0.00013810,98.1791,199.6298,88.2748,271.8609,0,U,39634,999,60031,0.00003320400000,0.00000111,0.0000000000000,7073.897,98.684,696.739,694.785,PAYLOAD,LARGE,ESA,2014-04-03,FRGUI,,4781311,292214806,0 SENTINEL 1A,1 39634U 14016A   25192.15619024  .00000111  00000-0  33204-4 0  9993,2 39634  98.1791 199.6298 0001381  88.2748 271.8609 14.59199465600312
3.0,GENERATED VIA SPACE-TRACK.ORG API,2025-07-11 14:16:31+00:00,18 SPCS,SENTINEL 1A,2014-016A,EARTH,TEME,UTC,SGP4,2025-07-11 11:58:37.673760+00:00,14.59199626,0.00013800,98.1792,199.9676,88.2551,271.8806,0,U,39634,999,60036,0.00003354800000,0.00000112,0.0000000000000,7073.897,98.684,696.738,694.785,PAYLOAD,LARGE,ESA,2014-04-03,FRGUI,,4781616,292221962,0 SENTINEL 1A,1 39634U 14016A   25192.49904715  .00000112  00000-0  33548-4 0  9996,2 39634  98.1792 199.9676 0001380  88.2551 271.8806 14.59199626600360
3.0,GENERATED VIA SPACE-TRACK.ORG API,2025-07-11 18:37:52+00:00,18 SPCS,SENTINEL 1A,2014-016A,EARTH,TEME,UTC,SGP4,2025-07-11 13:37:22.240992+00:00,14.59199643,0.00013800,98.1792,200.0352,88.2735,271.8623,0,U,39634,999,60034,0.00003343200000,0.00000112,0.0000000000000,7073.896,98.684,696.738,694.785,PAYLOAD,LARGE,ESA,2014-04-03,FRGUI,,4781982,292244643,0 SENTINEL 1A,1 39634U 14016A   25192.56761853  .00000112  00000-0  33432-4 0  9990,2 39634  98.1792 200.0352 0001380  88.2735 271.8623 14.59199643600343
3.0,GENERATED VIA SPACE-TRACK.ORG API,2025-07-11 22:26:18+00:00,18 SPCS,SENTINEL 1A,2014-016A,EARTH,TEME,UTC,SGP4,2025-07-11 20:12:20.509920+00:00,14.59199751,0.00013780,98.1792,200.3055,88.3344,271.8014,0,U,39634,999,60041,0.00003426400000,0.00000116,0.0000000000000,7073.896,98.684,696.736,694.786,PAYLOAD,LARGE,ESA,2014-04-03,FRGUI,,4782082,292262229,0 SENTINEL 1A,1 39634U 14016A   25192.84190405  .00000116  00000-0  34264-4 0  9998,2 39634  98.1792 200.3055 0001378  88.3344 271.8014 14.59199751600412
3.0,GENERATED VIA SPACE-TRACK.ORG API,2025-07-12 04:02:57+00:00,18 SPCS,SENTINEL 1A,2014-016A,EARTH,TEME,UTC,SGP4,2025-07-11 21:51:05.074560+00:00,14.59199802,0.00013740,98.1791,200.3731,88.7899,271.3458,0,U,39634,999,60039,0.00003384300000,0.00000114,0.0000000000000,7073.896,98.684,696.733,694.789,PAYLOAD,LARGE,ESA,2014-04-03,FRGUI,,4782270,292281309,0 SENTINEL 1A,1 39634U 14016A   25192.91047540  .00000114  00000-0  33843-4 0  9997,2 39634  98.1791 200.3731 0001374  88.7899 271.3458 14.59199802600398
3.0,GENERATED VIA SPACE-TRACK.ORG API,2025-07-12 06:26:23+00:00,18 SPCS,SENTINEL 1A,2014-016A,EARTH,TEME,UTC,SGP4,2025-07-12 04:26:03.348672+00:00,14.59199828,0.00013760,98.1792,200.6434,88.5739,271.5618,0,U,39634,999,60046,0.00002918100000,0.00000092,0.0000000000000,7073.896,98.684,696.734,694.787,PAYLOAD,LARGE,ESA,2014-04-03,FRGUI,,4782314,292298789,0 SENTINEL 1A,1 39634U 14016A   25193.18476098  .00000092  00000-0  29181-4 0  9996,2 39634  98.1792 200.6434 0001376  88.5739 271.5618 14.59199828600461
3.0,GENERATED VIA SPACE-TRACK.ORG API,2025-07-12 14:16:18+00:00,18 SPCS,SENTINEL 1A,2014-016A,EARTH,TEME,UTC,SGP4,2025-07-12 11:01:01.617600+00:00,14.59199897,0.00013770,98.1792,200.9137,88.4811,271.6546,0,U,39634,999,60050,0.00002790300000,0.00000086,0.0000000000000,7073.896,98.684,696.735,694.787,PAYLOAD,LARGE,ESA,2014-04-03,FRGUI,,4782644,292306871,0 SENTINEL 1A,1 39634U 14016A   25193.45904650  .00000086  00000-0  27903-4 0  9999,2 39634  98.1792 200.9137 0001377  88.4811 271.6546 14.59199897600507
3.0,GENERATED VIA SPACE-TRACK.ORG API,2025-07-12 17:51:30+00:00,18 SPCS,SENTINEL 1A,2014-016A,EARTH,TEME,UTC,SGP4,2025-07-12 12:39:46.187424+00:00,14.59199857,0.00013750,98.1792,200.9813,88.5413,271.5944,0,U,39634,999,60048,0.00002549400000,0.00000074,0.0000000000000,7073.896,98.684,696.733,694.788,PAYLOAD,LARGE,ESA,2014-04-03,FRGUI,,4782975,292329256,0 SENTINEL 1A,1 39634U 14016A   25193.52761791  .00000074  00000-0  25494-4 0  9994,2 39634  98.1792 200.9813 0001375  88.5413 271.5944 14.59199857600489
3.0,GENERATED VIA SPACE-TRACK.ORG API,2025-07-12 22:16:25+00:00,18 SPCS,SENTINEL 1A,2014-016A,EARTH,TEME,UTC,SGP4,2025-07-12 20:53:29.031360+00:00,14.59199712,0.00013730,98.1792,201.3191,88.8034,271.3323,0,U,39634,999,60056,0.00001281000000,0.00000015,0.0000000000000,7073.896,98.684,696.732,694.790,PAYLOAD,LARGE,ESA,2014-04-03,FRGUI,,4783006,292376811,0 SENTINEL 1A,1 39634U 14016A   25193.87047490  .00000015  00000-0  12810-4 0  9998,2 39634  98.1792 201.3191 0001373  88.8034 271.3323 14.59199712600561
3.0,GENERATED VIA SPACE-TRACK.ORG API,2025-07-13 02:53:07+00:00,18 SPCS,SENTINEL 1A,2014-016A,EARTH,TEME,UTC,SGP4,2025-07-12 22:32:13.600320+00:00,14.59199695,0.00013710,98.1792,201.3867,89.0078,271.1279,0,U,39634,999,60054,0.00001095100000,0.00000006,0.0000000000000,7073.896,98.684,696.731,694.791,PAYLOAD,LARGE,ESA,2014-04-03,FRGUI,,4783301,292398295,0 SENTINEL 1A,1 39634U 14016A   25193.93904630  .00000006  00000-0  10951-4 0  9997,2 39634  98.1792 201.3867 0001371  89.0078 271.1279 14.59199695600546
3.0,GENERATED VIA SPACE-TRACK.ORG API,2025-07-13 06:26:31+00:00,18 SPCS,SENTINEL 1A,2014-016A,EARTH,TEME,UTC,SGP4,2025-07-13 03:28:27.307200+00:00,14.59199657,0.00013710,98.1792,201.5894,89.0796,271.0560,0,U,39634,999,60060,0.00000698980000,-0.00000013,0.0000000000000,7073.896,98.684,696.731,694.792,PAYLOAD,LARGE,ESA,2014-04-03,FRGUI,,4783349,292415327,0 SENTINEL 1A,1 39634U 14016A   25194.14476050 -.00000013  00000-0  69898-5 0  9995,2 39634  98.1792 201.5894 0001371  89.0796 271.0560 14.59199657600602
3.0,GENERATED VIA SPACE-TRACK.ORG API,2025-07-13 14:16:21+00:00,18 SPCS,SENTINEL 1A,2014-016A,EARTH,TEME,UTC,SGP4,2025-07-13 11:42:10.152864+00:00,14.59199596,0.00013740,98.1792,201.9273,88.9130,271.2227,0,U,39634,999,60065,0.00000239260000,-0.00000034,0.0000000000000,7073.897,98.684,696.734,694.790,PAYLOAD,LARGE,ESA,2014-04-03,FRGUI,,4783659,292423144,0 SENTINEL 1A,1 39634U 14016A   25194.48761751 -.00000034  00000-0  23926-5 0  9992,2 39634  98.1792 201.9273 0001374  88.9130 271.2227 14.59199596600659
3.0,GENERATED VIA SPACE-TRACK.ORG API,2025-07-13 19:20:00+00:00,18 SPCS,SENTINEL 1A,2014-016A,EARTH,TEME,UTC,SGP4,2025-07-13 13:20:54.719232+00:00,14.59199605,0.00013740,98.1792,201.9949,89.1936,270.9421,0,U,39634,999,60063,0.00000229290000,-0.00000035,0.0000000000000,7073.897,98.684,696.734,694.790,PAYLOAD,LARGE,ESA,2014-04-03,FRGUI,,4783979,292444710,0 SENTINEL 1A,1 39634U 14016A   25194.55618888 -.00000035  00000-0  22929-5 0  9995,2 39634  98.1792 201.9949 0001374  89.1936 270.9421 14.59199605600637
3.0,GENERATED VIA SPACE-TRACK.ORG API,2025-07-13 22:16:17+00:00,18 SPCS,SENTINEL 1A,2014-016A,EARTH,TEME,UTC,SGP4,2025-07-13 19:55:52.984704+00:00,14.59199667,0.00013750,98.1792,202.2652,90.4283,269.7074,0,U,39634,999,60070,0.00000285880000,-0.00000032,0.0000000000000,7073.896,98.684,696.734,694.789,PAYLOAD,LARGE,ESA,2014-04-03,FRGUI,,4784000,292492202,0 SENTINEL 1A,1 39634U 14016A   25194.83047436 -.00000032  00000-0  28588-5 0  9995,2 39634  98.1792 202.2652 0001375  90.4283 269.7074 14.59199667600709
3.0,GENERATED VIA SPACE-TRACK.ORG API,2025-07-14 05:53:48+00:00,18 SPCS,SENTINEL 1A,2014-016A,EARTH,TEME,UTC,SGP4,2025-07-13 23:13:22.120896+00:00,14.59199685,0.00013730,98.1792,202.4003,89.9142,270.2215,0,U,39634,999,60069,0.00000381920000,-0.00000028,0.0000000000000,7073.896,98.684,696.733,694.790,PAYLOAD,LARGE,ESA,2014-04-03,FRGUI,,4784289,292513456,0 SENTINEL 1A,1 39634U 14016A   25194.96761714 -.00000028  00000-0  38192-5 0  9998,2 39634  98.1792 202.4003 0001373  89.9142 270.2215 14.59199685600698
3.0,GENERATED VIA SPACE-TRACK.ORG API,2025-07-14 06:16:17+00:00,18 SPCS,SENTINEL 1A,2014-016A,EARTH,TEME,UTC,SGP4,2025-07-14 04:09:35.823456+00:00,14.59199736,0.00013730,98.1792,202.6031,89.3912,270.7445,0,U,39634,999,60075,0.00000684570000,-0.00000013,0.0000000000000,7073.896,98.684,696.732,694.790,PAYLOAD,LARGE,ESA,2014-04-03,FRGUI,,4784306,292529850,0 SENTINEL 1A,1 39634U 14016A   25195.17333129 -.00000013  00000-0  68457-5 0  9998,2 39634  98.1792 202.6031 0001373  89.3912 270.7445 14.59199736600754
3.0,GENERATED VIA SPACE-TRACK.ORG API,2025-07-14 14:16:17+00:00,18 SPCS,SENTINEL 1A,2014-016A,EARTH,TEME,UTC,SGP4,2025-07-14 12:23:18.656160+00:00,14.59199869,0.00013750,98.1793,202.9410,89.4773,270.6584,0,U,39634,999,60080,0.00001208000000,0.00000011,0.0000000000000,7073.896,98.684,696.733,694.788,PAYLOAD,LARGE,ESA,2014-04-03,FRGUI,,4784649,292538544,0 SENTINEL 1A,1 39634U 14016A   25195.51618815  .00000011  00000-0  12080-4 0  9991,2 39634  98.1793 202.9410 0001375  89.4773 270.6584 14.59199869600803
3.0,GENERATED VIA SPACE-TRACK.ORG API,2025-07-14 18:08:03+00:00,18 SPCS,SENTINEL 1A,2014-016A,EARTH,TEME,UTC,SGP4,2025-07-14 14:02:03.220800+00:00,14.59199923,0.00013740,98.1793,203.0086,89.6368,270.4989,0,U,39634,999,60078,0.00001547100000,0.00000027,0.0000000000000,7073.896,98.684,696.732,694.789,PAYLOAD,LARGE,ESA,2014-04-03,FRGUI,,4784987,292560581,0 SENTINEL 1A,1 39634U 14016A   25195.58475950  .00000027  00000-0  15471-4 0  9993,2 39634  98.1793 203.0086 0001374  89.6368 270.4989 14.59199923600780
3.0,GENERATED VIA SPACE-TRACK.ORG API,2025-07-14 22:16:17+00:00,18 SPCS,SENTINEL 1A,2014-016A,EARTH,TEME,UTC,SGP4,2025-07-14 17:19:32.350080+00:00,14.59200009,0.00013770,98.1792,203.1437,89.4837,270.6521,0,U,39634,999,60083,0.00002022900000,0.00000050,0.0000000000000,7073.895,98.684,696.734,694.786,PAYLOAD,LARGE,ESA,2014-04-03,FRGUI,,4785008,292577454,0 SENTINEL 1A,1 39634U 14016A   25195.72190220  .00000050  00000-0  20229-4 0  9996,2 39634  98.1792 203.1437 0001377  89.4837 270.6521 14.59200009600830
3.0,GENERATED VIA SPACE-TRACK.ORG API,2025-07-15 03:13:35+00:00,18 SPCS,SENTINEL 1A,2014-016A,EARTH,TEME,UTC,SGP4,2025-07-14 17:19:32.350080+00:00,14.59200009,0.00013770,98.1792,203.1437,89.4837,270.6521,0,U,39634,999,60080,0.00002022900000,0.00000050,0.0000000000000,7073.895,98.684,696.734,694.786,PAYLOAD,LARGE,ESA,2014-04-03,FRGUI,,4785252,292597630,0 SENTINEL 1A,1 39634U 14016A   25195.72190220  .00000050  00000-0  20229-4 0  9996,2 39634  98.1792 203.1437 0001377  89.4837 270.6521 14.59200009600807
3.0,GENERATED VIA SPACE-TRACK.ORG API,2025-07-15 06:16:23+00:00,18 SPCS,SENTINEL 1A,2014-016A,EARTH,TEME,UTC,SGP4,2025-07-15 03:11:59.743968+00:00,14.59200216,0.00013810,98.1793,203.5491,89.1539,270.9819,0,U,39634,999,60089,0.00002829900000,0.00000088,0.0000000000000,7073.895,98.684,696.737,694.783,PAYLOAD,LARGE,ESA,2014-04-03,FRGUI,,4785277,292613999,0 SENTINEL 1A,1 39634U 14016A   25196.13333037  .00000088  00000-0  28299-4 0  9993,2 39634  98.1793 203.5491 0001381  89.1539 270.9819 14.59200216600895
3.0,GENERATED VIA SPACE-TRACK.ORG API,2025-07-15 14:16:24+00:00,18 SPCS,SENTINEL 1A,2014-016A,EARTH,TEME,UTC,SGP4,2025-07-15 13:04:27.128352+00:00,14.59200514,0.00013830,98.1793,203.9546,89.1710,270.9648,0,U,39634,999,60095,0.00003515200000,0.00000120,0.0000000000000,7073.894,98.684,696.737,694.780,PAYLOAD,LARGE,ESA,2014-04-03,FRGUI,,4785686,292623991,0 SENTINEL 1A,1 39634U 14016A   25196.54475843  .00000120  00000-0  35152-4 0  9993,2 39634  98.1793 203.9546 0001383  89.1710 270.9648 14.59200514600951
3.0,GENERATED VIA SPACE-TRACK.ORG API,2025-07-15 20:01:57+00:00,18 SPCS,SENTINEL 1A,2014-016A,EARTH,TEME,UTC,SGP4,2025-07-15 14:43:11.692992+00:00,14.59200531,0.00013830,98.1793,204.0221,89.1327,271.0031,0,U,39634,999,60093,0.00003533400000,0.00000121,0.0000000000000,7073.894,98.684,696.737,694.780,PAYLOAD,LARGE,ESA,2014-04-03,FRGUI,,4785994,292645343,0 SENTINEL 1A,1 39634U 14016A   25196.61332978  .00000121  00000-0  35334-4 0  9995,2 39634  98.1793 204.0221 0001383  89.1327 271.0031 14.59200531600932
3.0,GENERATED VIA SPACE-TRACK.ORG API,2025-07-15 22:16:16+00:00,18 SPCS,SENTINEL 1A,2014-016A,EARTH,TEME,UTC,SGP4,2025-07-15 18:00:40.821408+00:00,14.59200565,0.00013840,98.1793,204.1573,89.1122,271.0236,0,U,39634,999,60098,0.00003564400000,0.00000122,0.0000000000000,7073.893,98.684,696.737,694.779,PAYLOAD,LARGE,ESA,2014-04-03,FRGUI,,4786010,292662372,0 SENTINEL 1A,1 39634U 14016A   25196.75047247  .00000122  00000-0  35644-4 0  9997,2 39634  98.1793 204.1573 0001384  89.1122 271.0236 14.59200565600986
3.0,GENERATED VIA SPACE-TRACK.ORG API,2025-07-16 03:29:09+00:00,18 SPCS,SENTINEL 1A,2014-016A,EARTH,TEME,UTC,SGP4,2025-07-15 22:56:54.517920+00:00,14.59200570,0.00013810,98.1793,204.3600,89.1226,271.0132,0,U,39634,999,60098,0.00003278800000,0.00000109,0.0000000000000,7073.893,98.684,696.735,694.782,PAYLOAD,LARGE,ESA,2014-04-03,FRGUI,,4786315,292683281,0 SENTINEL 1A,1 39634U 14016A   25196.95618655  .00000109  00000-0  32788-4 0  9997,2 39634  98.1793 204.3600 0001381  89.1226 271.0132 14.59200570600982
3.0,GENERATED VIA SPACE-TRACK.ORG API,2025-07-16 06:16:18+00:00,18 SPCS,SENTINEL 1A,2014-016A,EARTH,TEME,UTC,SGP4,2025-07-16 03:53:08.210976+00:00,14.59200625,0.00013810,98.1793,204.5628,89.0393,271.0964,0,U,39634,999,60104,0.00003225000000,0.00000106,0.0000000000000,7073.893,98.684,696.735,694.781,PAYLOAD,LARGE,ESA,2014-04-03,FRGUI,,4786335,292700286,0 SENTINEL 1A,1 39634U 14016A   25197.16190059  .00000106  00000-0  32250-4 0  9995,2 39634  98.1793 204.5628 0001381  89.0393 271.0964 14.59200625601040
3.0,GENERATED VIA SPACE-TRACK.ORG API,2025-07-16 14:16:17+00:00,18 SPCS,SENTINEL 1A,2014-016A,EARTH,TEME,UTC,SGP4,2025-07-16 12:06:51.045408+00:00,14.59200527,0.00013810,98.1794,204.9007,88.6159,271.5199,0,U,39634,999,60109,0.00002115600000,0.00000054,0.0000000000000,7073.894,98.684,696.735,694.782,PAYLOAD,LARGE,ESA,2014-04-03,FRGUI,,4786623,292707231,0 SENTINEL 1A,1 39634U 14016A   25197.50475747  .00000054  00000-0  21156-4 0  9998,2 39634  98.1794 204.9007 0001381  88.6159 271.5199 14.59200527601092
3.0,GENERATED VIA SPACE-TRACK.ORG API,2025-07-16 18:05:52+00:00,18 SPCS,SENTINEL 1A,2014-016A,EARTH,TEME,UTC,SGP4,2025-07-16 13:45:35.610912+00:00,14.59200508,0.00013820,98.1794,204.9682,88.6096,271.5262,0,U,39634,999,60107,0.00001923500000,0.00000045,0.0000000000000,7073.894,98.684,696.736,694.781,PAYLOAD,LARGE,ESA,2014-04-03,FRGUI,,4786964,292729356,0 SENTINEL 1A,1 39634U 14016A   25197.57332883  .00000045  00000-0  19235-4 0  9993,2 39634  98.1794 204.9682 0001382  88.6096 271.5262 14.59200508601070
3.0,GENERATED VIA SPACE-TRACK.ORG API,2025-07-16 22:16:24+00:00,18 SPCS,SENTINEL 1A,2014-016A,EARTH,TEME,UTC,SGP4,2025-07-16 20:20:33.930816+00:00,14.59199112,0.00013960,98.1794,205.2385,87.9983,272.1377,0,U,39634,999,60114,0.00001809300000,0.00000040,0.0000000000000,7073.898,98.684,696.751,694.776,PAYLOAD,LARGE,ESA,2014-04-03,FRGUI,,4786999,292746520,0 SENTINEL 1A,1 39634U 14016A   25197.84761494  .00000040  00000-0  18093-4 0  9993,2 39634  98.1794 205.2385 0001396  87.9983 272.1377 14.59199112601146
3.0,GENERATED VIA SPACE-TRACK.ORG API,2025-07-17 03:50:35+00:00,18 SPCS,SENTINEL 1A,2014-016A,EARTH,TEME,UTC,SGP4,2025-07-16 21:59:18.497184+00:00,14.59199211,0.00013900,98.1794,205.3061,88.0915,272.0444,0,U,39634,999,60112,0.00001812900000,0.00000040,0.0000000000000,7073.898,98.684,696.746,694.780,PAYLOAD,LARGE,ESA,2014-04-03,FRGUI,,4787314,292767829,0 SENTINEL 1A,1 39634U 14016A   25197.91618631  .00000040  00000-0  18129-4 0  9995,2 39634  98.1794 205.3061 0001390  88.0915 272.0444 14.59199211601121
3.0,GENERATED VIA SPACE-TRACK.ORG API,2025-07-17 06:16:17+00:00,18 SPCS,SENTINEL 1A,2014-016A,EARTH,TEME,UTC,SGP4,2025-07-17 02:55:32.198016+00:00,14.59199370,0.00013830,98.1794,205.5089,88.7143,271.4215,0,U,39634,999,60118,0.00001806900000,0.00000039,0.0000000000000,7073.897,98.684,696.741,694.784,PAYLOAD,LARGE,ESA,2014-04-03,FRGUI,,4787327,292784778,0 SENTINEL 1A,1 39634U 14016A   25198.12190044  .00000039  00000-0  18069-4 0  9993,2 39634  98.1794 205.5089 0001383  88.7143 271.4215 14.59199370601186
3.0,GENERATED VIA SPACE-TRACK.ORG API,2025-07-17 17:14:11+00:00,18 SPCS,SENTINEL 1A,2014-016A,EARTH,TEME,UTC,SGP4,2025-07-17 12:47:59.607456+00:00,14.59199494,0.00013900,98.1794,205.9143,89.2364,270.8994,0,U,39634,999,60121,0.00001866000000,0.00000042,0.0000000000000,7073.897,98.684,696.745,694.779,PAYLOAD,LARGE,ESA,2014-04-03,FRGUI,,4787632,292806286,0 SENTINEL 1A,1 39634U 14016A   25198.53332879  .00000042  00000-0  18660-4 0  9993,2 39634  98.1794 205.9143 0001390  89.2364 270.8994 14.59199494601218
3.0,GENERATED VIA SPACE-TRACK.ORG API,2025-07-17 19:56:17+00:00,18 SPCS,SENTINEL 1A,2014-016A,EARTH,TEME,UTC,SGP4,2025-07-17 17:44:13.310880+00:00,14.59199545,0.00013880,98.1794,206.1171,89.2036,270.9323,0,U,39634,999,60127,0.00001862200000,0.00000042,0.0000000000000,7073.897,98.684,696.744,694.780,PAYLOAD,LARGE,ESA,2014-04-03,FRGUI,,4787648,292822672,0 SENTINEL 1A,1 39634U 14016A   25198.73904295  .00000042  00000-0  18622-4 0  9990,2 39634  98.1794 206.1171 0001388  89.2036 270.9323 14.59199545601275
3.0,GENERATED VIA SPACE-TRACK.ORG API,2025-07-17 22:16:31+00:00,18 SPCS,SENTINEL 1A,2014-016A,EARTH,TEME,UTC,SGP4,2025-07-17 21:01:42.446208+00:00,14.59199601,0.00013870,98.1794,206.2522,89.1338,271.0021,0,U,39634,999,60129,0.00001946700000,0.00000046,0.0000000000000,7073.897,98.684,696.743,694.780,PAYLOAD,LARGE,ESA,2014-04-03,FRGUI,,4788018,292831887,0 SENTINEL 1A,1 39634U 14016A   25198.87618572  .00000046  00000-0  19467-4 0  9997,2 39634  98.1794 206.2522 0001387  89.1338 271.0021 14.59199601601291
3.0,GENERATED VIA SPACE-TRACK.ORG API,2025-07-18 02:44:48+00:00,18 SPCS,SENTINEL 1A,2014-016A,EARTH,TEME,UTC,SGP4,2025-07-17 22:40:27.014304+00:00,14.59199623,0.00013850,98.1794,206.3198,89.0781,271.0577,0,U,39634,999,60127,0.00001958700000,0.00000047,0.0000000000000,7073.897,98.684,696.741,694.782,PAYLOAD,LARGE,ESA,2014-04-03,FRGUI,,4788104,292847566,0 SENTINEL 1A,1 39634U 14016A   25198.94475711  .00000047  00000-0  19587-4 0  9995,2 39634  98.1794 206.3198 0001385  89.0781 271.0577 14.59199623601278
3.0,GENERATED VIA SPACE-TRACK.ORG API,2025-07-18 06:16:20+00:00,18 SPCS,SENTINEL 1A,2014-016A,EARTH,TEME,UTC,SGP4,2025-07-18 03:36:40.716864+00:00,14.59199698,0.00013810,98.1795,206.5225,89.1381,270.9977,0,U,39634,999,60133,0.00002012100000,0.00000049,0.0000000000000,7073.896,98.684,696.738,694.784,PAYLOAD,LARGE,ESA,2014-04-03,FRGUI,,4788119,292864393,0 SENTINEL 1A,1 39634U 14016A   25199.15047126  .00000049  00000-0  20121-4 0  9992,2 39634  98.1795 206.5225 0001381  89.1381 270.9977 14.59199698601336
3.0,GENERATED VIA SPACE-TRACK.ORG API,2025-07-18 14:16:24+00:00,18 SPCS,SENTINEL 1A,2014-016A,EARTH,TEME,UTC,SGP4,2025-07-18 11:50:23.554752+00:00,14.59199794,0.00013830,98.1795,206.8604,89.1304,271.0054,0,U,39634,999,60138,0.00002053000000,0.00000051,0.0000000000000,7073.896,98.684,696.739,694.783,PAYLOAD,LARGE,ESA,2014-04-03,FRGUI,,4788507,292873551,0 SENTINEL 1A,1 39634U 14016A   25199.49332818  .00000051  00000-0  20530-4 0  9991,2 39634  98.1795 206.8604 0001383  89.1304 271.0054 14.59199794601387
3.0,GENERATED VIA SPACE-TRACK.ORG API,2025-07-18 17:36:17+00:00,18 SPCS,SENTINEL 1A,2014-016A,EARTH,TEME,UTC,SGP4,2025-07-18 13:29:08.121984+00:00,14.59199809,0.00013840,98.1795,206.9280,89.1018,271.0341,0,U,39634,999,60136,0.00002059400000,0.00000051,0.0000000000000,7073.896,98.684,696.740,694.782,PAYLOAD,LARGE,ESA,2014-04-03,FRGUI,,4788870,292895927,0 SENTINEL 1A,1 39634U 14016A   25199.56189956  .00000051  00000-0  20594-4 0  9992,2 39634  98.1795 206.9280 0001384  89.1018 271.0341 14.59199809601365
3.0,GENERATED VIA SPACE-TRACK.ORG API,2025-07-18 22:16:17+00:00,18 SPCS,SENTINEL 1A,2014-016A,EARTH,TEME,UTC,SGP4,2025-07-18 20:04:06.385728+00:00,14.59199899,0.00013840,98.1795,207.1983,89.2735,270.8624,0,U,39634,999,60143,0.00002153400000,0.00000056,0.0000000000000,7073.896,98.684,696.740,694.782,PAYLOAD,LARGE,ESA,2014-04-03,FRGUI,,4788924,292913071,0 SENTINEL 1A,1 39634U 14016A   25199.83618502  .00000056  00000-0  21534-4 0  9996,2 39634  98.1795 207.1983 0001384  89.2735 270.8624 14.59199899601433
3.0,GENERATED VIA SPACE-TRACK.ORG API,2025-07-19 02:59:01+00:00,18 SPCS,SENTINEL 1A,2014-016A,EARTH,TEME,UTC,SGP4,2025-07-18 21:42:50.950368+00:00,14.59199932,0.00013810,98.1795,207.2659,89.2050,270.9308,0,U,39634,999,60141,0.00002155300000,0.00000056,0.0000000000000,7073.896,98.684,696.737,694.784,PAYLOAD,LARGE,ESA,2014-04-03,FRGUI,,4789185,292933507,0 SENTINEL 1A,1 39634U 14016A   25199.90475637  .00000056  00000-0  21553-4 0  9995,2 39634  98.1795 207.2659 0001381  89.2050 270.9308 14.59199932601417
3.0,GENERATED VIA SPACE-TRACK.ORG API,2025-07-19 06:16:20+00:00,18 SPCS,SENTINEL 1A,2014-016A,EARTH,TEME,UTC,SGP4,2025-07-19 04:17:49.209792+00:00,14.59200166,0.00013800,98.1795,207.5362,89.7362,270.3995,0,U,39634,999,60148,0.00003325100000,0.00000111,0.0000000000000,7073.895,98.684,696.736,694.784,PAYLOAD,LARGE,ESA,2014-04-03,FRGUI,,4789199,292950014,0 SENTINEL 1A,1 39634U 14016A   25200.17904178  .00000111  00000-0  33251-4 0  9994,2 39634  98.1795 207.5362 0001380  89.7362 270.3995 14.59200166601486
3.0,GENERATED VIA SPACE-TRACK.ORG API,2025-07-19 14:16:39+00:00,18 SPCS,SENTINEL 1A,2014-016A,EARTH,TEME,UTC,SGP4,2025-07-19 10:52:47.480448+00:00,14.59200127,0.00013770,98.1796,207.8065,89.7139,270.4218,0,U,39634,999,60152,0.00002647000000,0.00000079,0.0000000000000,7073.895,98.684,696.734,694.786,PAYLOAD,LARGE,ESA,2014-04-03,FRGUI,,4789530,292957786,0 SENTINEL 1A,1 39634U 14016A   25200.45332732  .00000079  00000-0  26470-4 0  9994,2 39634  98.1796 207.8065 0001377  89.7139 270.4218 14.59200127601529
3.0,GENERATED VIA SPACE-TRACK.ORG API,2025-07-19 18:16:43+00:00,18 SPCS,SENTINEL 1A,2014-016A,EARTH,TEME,UTC,SGP4,2025-07-19 12:31:32.055456+00:00,14.59200047,0.00013760,98.1796,207.8741,89.3540,270.7817,0,U,39634,999,60150,0.00002174700000,0.00000057,0.0000000000000,7073.895,98.684,696.734,694.787,PAYLOAD,LARGE,ESA,2014-04-03,FRGUI,,4789892,292981036,0 SENTINEL 1A,1 39634U 14016A   25200.52189879  .00000057  00000-0  21747-4 0  9992,2 39634  98.1796 207.8741 0001376  89.3540 270.7817 14.59200047601508
3.0,GENERATED VIA SPACE-TRACK.ORG API,2025-07-19 22:16:16+00:00,18 SPCS,SENTINEL 1A,2014-016A,EARTH,TEME,UTC,SGP4,2025-07-19 20:45:14.940864+00:00,14.59198861,0.00013930,98.1796,208.2120,88.9089,271.2270,0,U,39634,999,60158,0.00001999600000,0.00000048,0.0000000000000,7073.899,98.684,696.749,694.779,PAYLOAD,LARGE,ESA,2014-04-03,FRGUI,,4789912,292997749,0 SENTINEL 1A,1 39634U 14016A   25200.86475626  .00000048  00000-0  19996-4 0  9990,2 39634  98.1796 208.2120 0001393  88.9089 271.2270 14.59198861601583
3.0,GENERATED VIA SPACE-TRACK.ORG API,2025-07-20 01:55:49+00:00,18 SPCS,SENTINEL 1A,2014-016A,EARTH,TEME,UTC,SGP4,2025-07-19 22:23:59.510688+00:00,14.59198918,0.00013880,98.1796,208.2796,88.8677,271.2682,0,U,39634,999,60156,0.00002013500000,0.00000049,0.0000000000000,7073.899,98.684,696.746,694.782,PAYLOAD,LARGE,ESA,2014-04-03,FRGUI,,4790181,293018437,0 SENTINEL 1A,1 39634U 14016A   25200.93332767  .00000049  00000-0  20135-4 0  9994,2 39634  98.1796 208.2796 0001388  88.8677 271.2682 14.59198918601566
3.0,GENERATED VIA SPACE-TRACK.ORG API,2025-07-20 06:16:18+00:00,18 SPCS,SENTINEL 1A,2014-016A,EARTH,TEME,UTC,SGP4,2025-07-20 00:02:44.079648+00:00,14.59198967,0.00013860,98.1796,208.3472,88.9383,271.1976,0,U,39634,999,60160,0.00002011600000,0.00000049,0.0000000000000,7073.899,98.684,696.744,694.783,PAYLOAD,LARGE,ESA,2014-04-03,FRGUI,,4790195,293034759,0 SENTINEL 1A,1 39634U 14016A   25201.00189907  .00000049  00000-0  20116-4 0  9998,2 39634  98.1796 208.3472 0001386  88.9383 271.1976 14.59198967601605
3.0,GENERATED VIA SPACE-TRACK.ORG API,2025-07-20 14:26:45+00:00,18 SPCS,SENTINEL 1A,2014-016A,EARTH,TEME,UTC,SGP4,2025-07-20 11:33:56.070144+00:00,14.59199123,0.00013840,98.1797,208.8202,88.8706,271.2652,0,U,39634,999,60167,0.00001987300000,0.00000048,0.0000000000000,7073.898,98.684,696.742,694.784,PAYLOAD,LARGE,ESA,2014-04-03,FRGUI,,4790435,293040307,0 SENTINEL 1A,1 39634U 14016A   25201.48189896  .00000048  00000-0  19873-4 0  9994,2 39634  98.1797 208.8202 0001384  88.8706 271.2652 14.59199123601672
3.0,GENERATED VIA SPACE-TRACK.ORG API,2025-07-20 17:14:18+00:00,18 SPCS,SENTINEL 1A,2014-016A,EARTH,TEME,UTC,SGP4,2025-07-20 13:12:40.639968+00:00,14.59199134,0.00013830,98.1797,208.8878,88.8376,271.2982,0,U,39634,999,60165,0.00001990700000,0.00000048,0.0000000000000,7073.898,98.684,696.741,694.785,PAYLOAD,LARGE,ESA,2014-04-03,FRGUI,,4790804,293063743,0 SENTINEL 1A,1 39634U 14016A   25201.55047037  .00000048  00000-0  19907-4 0  9990,2 39634  98.1797 208.8878 0001383  88.8376 271.2982 14.59199134601659
3.0,GENERATED VIA SPACE-TRACK.ORG API,2025-07-20 22:16:23+00:00,18 SPCS,SENTINEL 1A,2014-016A,EARTH,TEME,UTC,SGP4,2025-07-20 19:47:38.917536+00:00,14.59199207,0.00013830,98.1797,209.1581,88.7151,271.4207,0,U,39634,999,60172,0.00002001500000,0.00000049,0.0000000000000,7073.898,98.684,696.741,694.785,PAYLOAD,LARGE,ESA,2014-04-03,FRGUI,,4790827,293080902,0 SENTINEL 1A,1 39634U 14016A   25201.82475599  .00000049  00000-0  20015-4 0  9991,2 39634  98.1797 209.1581 0001383  88.7151 271.4207 14.59199207601725
3.0,GENERATED VIA SPACE-TRACK.ORG API,2025-07-21 05:22:01+00:00,18 SPCS,SENTINEL 1A,2014-016A,EARTH,TEME,UTC,SGP4,2025-07-20 23:05:08.053728+00:00,14.59199282,0.00013790,98.1797,209.2933,88.6553,271.4804,0,U,39634,999,60171,0.00002061800000,0.00000051,0.0000000000000,7073.898,98.684,696.738,694.787,PAYLOAD,LARGE,ESA,2014-04-03,FRGUI,,4791124,293101732,0 SENTINEL 1A,1 39634U 14016A   25201.96189877  .00000051  00000-0  20618-4 0  9999,2 39634  98.1797 209.2933 0001379  88.6553 271.4804 14.59199282601712
3.0,GENERATED VIA SPACE-TRACK.ORG API,2025-07-21 06:16:17+00:00,18 SPCS,SENTINEL 1A,2014-016A,EARTH,TEME,UTC,SGP4,2025-07-21 04:01:21.759744+00:00,14.59199366,0.00013760,98.1798,209.4961,88.6682,271.4676,0,U,39634,999,60177,0.00002137900000,0.00000055,0.0000000000000,7073.897,98.684,696.736,694.789,PAYLOAD,LARGE,ESA,2014-04-03,FRGUI,,4791145,293118672,0 SENTINEL 1A,1 39634U 14016A   25202.16761296  .00000055  00000-0  21379-4 0  9992,2 39634  98.1798 209.4961 0001376  88.6682 271.4676 14.59199366601772
3.0,GENERATED VIA SPACE-TRACK.ORG API,2025-07-21 14:16:34+00:00,18 SPCS,SENTINEL 1A,2014-016A,EARTH,TEME,UTC,SGP4,2025-07-21 10:36:20.032992+00:00,14.59199448,0.00013770,98.1798,209.7664,88.9315,271.2042,0,U,39634,999,60181,0.00002126300000,0.00000054,0.0000000000000,7073.897,98.684,696.736,694.788,PAYLOAD,LARGE,ESA,2014-04-03,FRGUI,,4791466,293126751,0 SENTINEL 1A,1 39634U 14016A   25202.44189853  .00000054  00000-0  21263-4 0  9997,2 39634  98.1798 209.7664 0001377  88.9315 271.2042 14.59199448601813
3.0,GENERATED VIA SPACE-TRACK.ORG API,2025-07-21 18:25:45+00:00,18 SPCS,SENTINEL 1A,2014-016A,EARTH,TEME,UTC,SGP4,2025-07-21 12:15:04.600224+00:00,14.59199488,0.00013790,98.1798,209.8339,89.0330,271.1028,0,U,39634,999,60179,0.00002182200000,0.00000057,0.0000000000000,7073.897,98.684,696.737,694.786,PAYLOAD,LARGE,ESA,2014-04-03,FRGUI,,4791724,293147097,0 SENTINEL 1A,1 39634U 14016A   25202.51046991  .00000057  00000-0  21822-4 0  9994,2 39634  98.1798 209.8339 0001379  89.0330 271.1028 14.59199488601798
3.0,GENERATED VIA SPACE-TRACK.ORG API,2025-07-21 22:16:17+00:00,18 SPCS,SENTINEL 1A,2014-016A,EARTH,TEME,UTC,SGP4,2025-07-21 20:28:47.439840+00:00,14.59199563,0.00013810,98.1798,210.1718,88.9661,271.1696,0,U,39634,999,60187,0.00002167000000,0.00000056,0.0000000000000,7073.897,98.684,696.739,694.785,PAYLOAD,LARGE,ESA,2014-04-03,FRGUI,,4791755,293164094,0 SENTINEL 1A,1 39634U 14016A   25202.85332685  .00000056  00000-0  21670-4 0  9999,2 39634  98.1798 210.1718 0001381  88.9661 271.1696 14.59199563601876
3.0,GENERATED VIA SPACE-TRACK.ORG API,2025-07-22 02:55:53+00:00,18 SPCS,SENTINEL 1A,2014-016A,EARTH,TEME,UTC,SGP4,2025-07-21 22:07:32.007072+00:00,14.59199592,0.00013790,98.1798,210.2394,88.8977,271.2381,0,U,39634,999,60185,0.00002170200000,0.00000057,0.0000000000000,7073.897,98.684,696.737,694.786,PAYLOAD,LARGE,ESA,2014-04-03,FRGUI,,4792098,293186915,0 SENTINEL 1A,1 39634U 14016A   25202.92189823  .00000057  00000-0  21702-4 0  9998,2 39634  98.1798 210.2394 0001379  88.8977 271.2381 14.59199592601855
3.0,GENERATED VIA SPACE-TRACK.ORG API,2025-07-22 06:26:17+00:00,18 SPCS,SENTINEL 1A,2014-016A,EARTH,TEME,UTC,SGP4,2025-07-22 04:42:30.265632+00:00,14.59200076,0.00013810,98.1798,210.5097,88.9466,271.1892,0,U,39634,999,60192,0.00004633500000,0.00000173,0.0000000000000,7073.895,98.684,696.737,694.783,PAYLOAD,LARGE,ESA,2014-04-03,FRGUI,,4792131,293203448,0 SENTINEL 1A,1 39634U 14016A   25203.19618363  .00000173  00000-0  46335-4 0  9992,2 39634  98.1798 210.5097 0001381  88.9466 271.1892 14.59200076601929
3.0,GENERATED VIA SPACE-TRACK.ORG API,2025-07-22 14:16:17+00:00,18 SPCS,SENTINEL 1A,2014-016A,EARTH,TEME,UTC,SGP4,2025-07-22 12:56:13.092288+00:00,14.59200285,0.00013810,98.1798,210.8476,89.3990,270.7368,0,U,39634,999,60197,0.00004686800000,0.00000175,0.0000000000000,7073.894,98.684,696.736,694.782,PAYLOAD,LARGE,ESA,2014-04-03,FRGUI,,4792449,293211670,0 SENTINEL 1A,1 39634U 14016A   25203.53904042  .00000175  00000-0  46868-4 0  9995,2 39634  98.1798 210.8476 0001381  89.3990 270.7368 14.59200285601970
3.0,GENERATED VIA SPACE-TRACK.ORG API,2025-07-22 17:58:09+00:00,18 SPCS,SENTINEL 1A,2014-016A,EARTH,TEME,UTC,SGP4,2025-07-22 14:34:57.657792+00:00,14.59200308,0.00013810,98.1798,210.9152,89.3512,270.7846,0,U,39634,999,60195,0.00004697200000,0.00000176,0.0000000000000,7073.894,98.684,696.736,694.782,PAYLOAD,LARGE,ESA,2014-04-03,FRGUI,,4792757,293233078,0 SENTINEL 1A,1 39634U 14016A   25203.60761178  .00000176  00000-0  46972-4 0  9991,2 39634  98.1798 210.9152 0001381  89.3512 270.7846 14.59200308601957
3.0,GENERATED VIA SPACE-TRACK.ORG API,2025-07-22 22:16:17+00:00,18 SPCS,SENTINEL 1A,2014-016A,EARTH,TEME,UTC,SGP4,2025-07-22 19:31:11.349120+00:00,14.59200447,0.00013810,98.1798,211.1179,89.2547,270.8811,0,U,39634,999,60201,0.00004982100000,0.00000189,0.0000000000000,7073.894,98.684,696.736,694.782,PAYLOAD,LARGE,ESA,2014-04-03,FRGUI,,4792781,293250016,0 SENTINEL 1A,1 39634U 14016A   25203.81332580  .00000189  00000-0  49821-4 0  9995,2 39634  98.1798 211.1179 0001381  89.2547 270.8811 14.59200447602011
3.0,GENERATED VIA SPACE-TRACK.ORG API,2025-07-23 06:16:17+00:00,18 SPCS,SENTINEL 1A,2014-016A,EARTH,TEME,UTC,SGP4,2025-07-23 03:44:54.175776+00:00,14.59200542,0.00013800,98.1799,211.4558,89.5140,270.6217,0,U,39634,999,60206,0.00004506000000,0.00000167,0.0000000000000,7073.894,98.684,696.735,694.782,PAYLOAD,LARGE,ESA,2014-04-03,FRGUI,,4793036,293256481,0 SENTINEL 1A,1 39634U 14016A   25204.15618259  .00000167  00000-0  45060-4 0  9990,2 39634  98.1799 211.4558 0001380  89.5140 270.6217 14.59200542602066
3.0,GENERATED VIA SPACE-TRACK.ORG API,2025-07-23 14:16:16+00:00,18 SPCS,SENTINEL 1A,2014-016A,EARTH,TEME,UTC,SGP4,2025-07-23 05:23:38.740416+00:00,14.59200555,0.00013800,98.1799,211.5234,89.5760,270.5598,0,U,39634,999,60207,0.00004437300000,0.00000163,0.0000000000000,7073.894,98.684,696.735,694.782,PAYLOAD,LARGE,ESA,2014-04-03,FRGUI,,4793372,293264631,0 SENTINEL 1A,1 39634U 14016A   25204.22475394  .00000163  00000-0  44373-4 0  9991,2 39634  98.1799 211.5234 0001380  89.5760 270.5598 14.59200555602072
3.0,GENERATED VIA SPACE-TRACK.ORG API,2025-07-23 17:48:48+00:00,18 SPCS,SENTINEL 1A,2014-016A,EARTH,TEME,UTC,SGP4,2025-07-23 05:23:38.740416+00:00,14.59200555,0.00013800,98.1799,211.5234,89.5760,270.5598,0,U,39634,999,60204,0.00004437300000,0.00000163,0.0000000000000,7073.894,98.684,696.735,694.782,PAYLOAD,LARGE,ESA,2014-04-03,FRGUI,,4793777,293287572,0 SENTINEL 1A,1 39634U 14016A   25204.22475394  .00000163  00000-0  44373-4 0  9991,2 39634  98.1799 211.5234 0001380  89.5760 270.5598 14.59200555602049
3.0,GENERATED VIA SPACE-TRACK.ORG API,2025-07-23 22:26:17+00:00,18 SPCS,SENTINEL 1A,2014-016A,EARTH,TEME,UTC,SGP4,2025-07-23 15:16:06.227616+00:00,14.59198286,0.00014040,98.1798,211.9287,88.7641,271.3719,0,U,39634,999,60213,0.00004433500000,0.00000163,0.0000000000000,7073.901,98.684,696.759,694.773,PAYLOAD,LARGE,ESA,2014-04-03,FRGUI,,4793856,293305369,0 SENTINEL 1A,1 39634U 14016A   25204.63618319  .00000163  00000-0  44335-4 0  9990,2 39634  98.1798 211.9287 0001404  88.7641 271.3719 14.59198286602137
3.0,GENERATED VIA SPACE-TRACK.ORG API,2025-07-24 04:00:16+00:00,18 SPCS,SENTINEL 1A,2014-016A,EARTH,TEME,UTC,SGP4,2025-07-23 15:16:06.227616+00:00,14.59198286,0.00014040,98.1798,211.9287,88.7641,271.3719,0,U,39634,999,60210,0.00004433500000,0.00000163,0.0000000000000,7073.901,98.684,696.759,694.773,PAYLOAD,LARGE,ESA,2014-04-03,FRGUI,,4794090,293325251,0 SENTINEL 1A,1 39634U 14016A   25204.63618319  .00000163  00000-0  44335-4 0  9990,2 39634  98.1798 211.9287 0001404  88.7641 271.3719 14.59198286602104
3.0,GENERATED VIA SPACE-TRACK.ORG API,2025-07-24 20:46:30+00:00,18 SPCS,SENTINEL 1A,2014-016A,EARTH,TEME,UTC,SGP4,2025-07-24 19:14:43.950048+00:00,14.59198716,0.00013880,98.1799,213.0777,89.6499,270.4860,0,U,39634,999,60230,0.00003123500000,0.00000101,0.0000000000000,7073.899,98.684,696.746,694.783,PAYLOAD,LARGE,ESA,2014-04-03,FRGUI,,4794443,293379873,0 SENTINEL 1A,1 39634U 14016A   25205.80189757  .00000101  00000-0  31235-4 0  9996,2 39634  98.1799 213.0777 0001388  89.6499 270.4860 14.59198716602301
3.0,GENERATED VIA SPACE-TRACK.ORG API,2025-07-25 02:04:33+00:00,18 SPCS,SENTINEL 1A,2014-016A,EARTH,TEME,UTC,SGP4,2025-07-24 22:32:13.086240+00:00,14.59198851,0.00013830,98.1799,213.2128,89.7275,270.4084,0,U,39634,999,60229,0.00003835800000,0.00000135,0.0000000000000,7073.899,98.684,696.742,694.786,PAYLOAD,LARGE,ESA,2014-04-03,FRGUI,,4794954,293405911,0 SENTINEL 1A,1 39634U 14016A   25205.93904035  .00000135  00000-0  38358-4 0  9994,2 39634  98.1799 213.2128 0001383  89.7275 270.4084 14.59198851602297
3.0,GENERATED VIA SPACE-TRACK.ORG API,2025-07-25 06:26:21+00:00,18 SPCS,SENTINEL 1A,2014-016A,EARTH,TEME,UTC,SGP4,2025-07-25 03:28:26.799168+00:00,14.59198966,0.00013830,98.1799,213.4156,89.5824,270.5534,0,U,39634,999,60235,0.00004543200000,0.00000168,0.0000000000000,7073.899,98.684,696.742,694.785,PAYLOAD,LARGE,ESA,2014-04-03,FRGUI,,4795011,293422979,0 SENTINEL 1A,1 39634U 14016A   25206.14475462  .00000168  00000-0  45432-4 0  9992,2 39634  98.1799 213.4156 0001383  89.5824 270.5534 14.59198966602353
3.0,GENERATED VIA SPACE-TRACK.ORG API,2025-07-25 14:16:18+00:00,18 SPCS,SENTINEL 1A,2014-016A,EARTH,TEME,UTC,SGP4,2025-07-25 11:42:09.652608+00:00,14.59199079,0.00013840,98.1800,213.7535,89.4204,270.7154,0,U,39634,999,60240,0.00003983100000,0.00000142,0.0000000000000,7073.898,98.684,696.742,694.784,PAYLOAD,LARGE,ESA,2014-04-03,FRGUI,,4795323,293431316,0 SENTINEL 1A,1 39634U 14016A   25206.48761172  .00000142  00000-0  39831-4 0  9993,2 39634  98.1800 213.7535 0001384  89.4204 270.7154 14.59199079602404
3.0,GENERATED VIA SPACE-TRACK.ORG API,2025-07-25 18:59:22+00:00,18 SPCS,SENTINEL 1A,2014-016A,EARTH,TEME,UTC,SGP4,2025-07-25 11:42:09.652608+00:00,14.59199079,0.00013840,98.1800,213.7535,89.4204,270.7154,0,U,39634,999,60237,0.00003983100000,0.00000142,0.0000000000000,7073.898,98.684,696.742,694.784,PAYLOAD,LARGE,ESA,2014-04-03,FRGUI,,4795625,293452860,0 SENTINEL 1A,1 39634U 14016A   25206.48761172  .00000142  00000-0  39831-4 0  9993,2 39634  98.1800 213.7535 0001384  89.4204 270.7154 14.59199079602370
3.0,GENERATED VIA SPACE-TRACK.ORG API,2025-07-25 22:26:18+00:00,18 SPCS,SENTINEL 1A,2014-016A,EARTH,TEME,UTC,SGP4,2025-07-25 18:17:07.926720+00:00,14.59199230,0.00013840,98.1799,214.0238,89.4549,270.6810,0,U,39634,999,60244,0.00004615600000,0.00000172,0.0000000000000,7073.898,98.684,696.742,694.784,PAYLOAD,LARGE,ESA,2014-04-03,FRGUI,,4795676,293469877,0 SENTINEL 1A,1 39634U 14016A   25206.76189730  .00000172  00000-0  46156-4 0  9999,2 39634  98.1799 214.0238 0001384  89.4549 270.6810 14.59199230602448
3.0,GENERATED VIA SPACE-TRACK.ORG API,2025-07-26 05:22:54+00:00,18 SPCS,SENTINEL 1A,2014-016A,EARTH,TEME,UTC,SGP4,2025-07-25 23:13:21.633600+00:00,14.59199334,0.00013810,98.1799,214.2265,89.3879,270.7478,0,U,39634,999,60244,0.00004578400000,0.00000170,0.0000000000000,7073.897,98.684,696.739,694.786,PAYLOAD,LARGE,ESA,2014-04-03,FRGUI,,4795818,293487807,0 SENTINEL 1A,1 39634U 14016A   25206.96761150  .00000170  00000-0  45784-4 0  9997,2 39634  98.1799 214.2265 0001381  89.3879 270.7478 14.59199334602448
3.0,GENERATED VIA SPACE-TRACK.ORG API,2025-07-26 06:16:16+00:00,18 SPCS,SENTINEL 1A,2014-016A,EARTH,TEME,UTC,SGP4,2025-07-26 04:09:35.338752+00:00,14.59199501,0.00013820,98.1800,214.4293,89.3926,270.7432,0,U,39634,999,60250,0.00004849900000,0.00000183,0.0000000000000,7073.897,98.684,696.740,694.784,PAYLOAD,LARGE,ESA,2014-04-03,FRGUI,,4795826,293504224,0 SENTINEL 1A,1 39634U 14016A   25207.17332568  .00000183  00000-0  48499-4 0  9998,2 39634  98.1800 214.4293 0001382  89.3926 270.7432 14.59199501602501
3.0,GENERATED VIA SPACE-TRACK.ORG API,2025-07-26 14:26:32+00:00,18 SPCS,SENTINEL 1A,2014-016A,EARTH,TEME,UTC,SGP4,2025-07-26 12:23:18.195648+00:00,14.59199409,0.00013780,98.1800,214.7672,89.0086,271.1271,0,U,39634,999,60255,0.00003359000000,0.00000113,0.0000000000000,7073.897,98.684,696.737,694.787,PAYLOAD,LARGE,ESA,2014-04-03,FRGUI,,4796298,293514784,0 SENTINEL 1A,1 39634U 14016A   25207.51618282  .00000113  00000-0  33590-4 0  9995,2 39634  98.1800 214.7672 0001378  89.0086 271.1271 14.59199409602552
3.0,GENERATED VIA SPACE-TRACK.ORG API,2025-07-26 22:16:16+00:00,18 SPCS,SENTINEL 1A,2014-016A,EARTH,TEME,UTC,SGP4,2025-07-26 20:37:01.069824+00:00,14.59199061,0.00013790,98.1800,215.1051,88.8314,271.3044,0,U,39634,999,60260,0.00001089900000,0.00000006,0.0000000000000,7073.898,98.684,696.739,694.788,PAYLOAD,LARGE,ESA,2014-04-03,FRGUI,,4796639,293524746,0 SENTINEL 1A,1 39634U 14016A   25207.85904016  .00000006  00000-0  10899-4 0  9993,2 39634  98.1800 215.1051 0001379  88.8314 271.3044 14.59199061602600
3.0,GENERATED VIA SPACE-TRACK.ORG API,2025-07-27 03:23:05+00:00,18 SPCS,SENTINEL 1A,2014-016A,EARTH,TEME,UTC,SGP4,2025-07-26 22:15:45.640512+00:00,14.59199056,0.00013770,98.1800,215.1727,88.8437,271.2921,0,U,39634,999,60258,0.00000945870000,-0.00000001,0.0000000000000,7073.898,98.684,696.737,694.789,PAYLOAD,LARGE,ESA,2014-04-03,FRGUI,,4796941,293545029,0 SENTINEL 1A,1 39634U 14016A   25207.92761158 -.00000001  00000-0  94587-5 0  9992,2 39634  98.1800 215.1727 0001377  88.8437 271.2921 14.59199056602588
3.0,GENERATED VIA SPACE-TRACK.ORG API,2025-07-27 06:26:21+00:00,18 SPCS,SENTINEL 1A,2014-016A,EARTH,TEME,UTC,SGP4,2025-07-27 03:11:59.364672+00:00,14.59198878,0.00013810,98.1800,215.3754,89.3225,270.8133,0,U,39634,999,60264,-0.00000154280000,-0.00000053,0.0000000000000,7073.899,98.684,696.741,694.787,PAYLOAD,LARGE,ESA,2014-04-03,FRGUI,,4797000,293561810,0 SENTINEL 1A,1 39634U 14016A   25208.13332598 -.00000053  00000-0 -15428-5 0  9993,2 39634  98.1800 215.3754 0001381  89.3225 270.8133 14.59198878602644
3.0,GENERATED VIA SPACE-TRACK.ORG API,2025-07-27 14:16:31+00:00,18 SPCS,SENTINEL 1A,2014-016A,EARTH,TEME,UTC,SGP4,2025-07-27 13:04:26.820768+00:00,14.59198438,0.00013070,98.1809,215.7810,89.1420,270.9929,0,U,39634,999,60270,-0.00002392400000,-0.00000159,0.0000000000000,7073.900,98.684,696.690,694.841,PAYLOAD,LARGE,ESA,2014-04-03,FRGUI,,4797286,293570172,0 SENTINEL 1A,1 39634U 14016A   25208.54475487 -.00000159  00000-0 -23924-4 0  9999,2 39634  98.1809 215.7810 0001307  89.1420 270.9929 14.59198438602706
3.0,GENERATED VIA SPACE-TRACK.ORG API,2025-07-27 18:39:18+00:00,18 SPCS,SENTINEL 1A,2014-016A,EARTH,TEME,UTC,SGP4,2025-07-27 14:43:11.403552+00:00,14.59198344,0.00013140,98.1809,215.8485,88.9022,271.2329,0,U,39634,999,60268,-0.00003193300000,-0.00000196,0.0000000000000,7073.901,98.684,696.695,694.836,PAYLOAD,LARGE,ESA,2014-04-03,FRGUI,,4797645,293592883,0 SENTINEL 1A,1 39634U 14016A   25208.61332643 -.00000196  00000-0 -31933-4 0  9993,2 39634  98.1809 215.8485 0001314  88.9022 271.2329 14.59198344602689
3.0,GENERATED VIA SPACE-TRACK.ORG API,2025-07-27 22:16:16+00:00,18 SPCS,SENTINEL 1A,2014-016A,EARTH,TEME,UTC,SGP4,2025-07-27 21:18:09.692352+00:00,14.59198336,0.00013230,98.1809,216.1188,88.3129,271.8222,0,U,39634,999,60275,-0.00002939900000,-0.00000184,0.0000000000000,7073.901,98.684,696.702,694.830,PAYLOAD,LARGE,ESA,2014-04-03,FRGUI,,4797674,293609685,0 SENTINEL 1A,1 39634U 14016A   25208.88761218 -.00000184  00000-0 -29399-4 0  9996,2 39634  98.1809 216.1188 0001323  88.3129 271.8222 14.59198336602752
3.0,GENERATED VIA SPACE-TRACK.ORG API,2025-07-28 06:16:21+00:00,18 SPCS,SENTINEL 1A,2014-016A,EARTH,TEME,UTC,SGP4,2025-07-28 03:53:07.975968+00:00,14.59198360,0.00013130,98.1810,216.3892,88.2623,271.8728,0,U,39634,999,60279,-0.00002593300000,-0.00000168,0.0000000000000,7073.901,98.684,696.694,694.837,PAYLOAD,LARGE,ESA,2014-04-03,FRGUI,,4798000,293617622,0 SENTINEL 1A,1 39634U 14016A   25209.16189787 -.00000168  00000-0 -25933-4 0  9995,2 39634  98.1810 216.3892 0001313  88.2623 271.8728 14.59198360602797
3.0,GENERATED VIA SPACE-TRACK.ORG API,2025-07-28 06:46:54+00:00,18 SPCS,SENTINEL 1A,2014-016A,EARTH,TEME,UTC,SGP4,2025-07-27 22:56:54.260448+00:00,14.59198371,0.00013190,98.1809,216.1864,88.3663,271.7688,0,U,39634,999,60273,-0.00002681200000,-0.00000172,0.0000000000000,7073.901,98.684,696.699,694.833,PAYLOAD,LARGE,ESA,2014-04-03,FRGUI,,4798160,293635841,0 SENTINEL 1A,1 39634U 14016A   25208.95618357 -.00000172  00000-0 -26812-4 0  9993,2 39634  98.1809 216.1864 0001319  88.3663 271.7688 14.59198371602733
3.0,GENERATED VIA SPACE-TRACK.ORG API,2025-07-28 14:16:17+00:00,18 SPCS,SENTINEL 1A,2014-016A,EARTH,TEME,UTC,SGP4,2025-07-28 12:06:50.813856+00:00,14.59198579,0.00013150,98.1810,216.7270,88.7099,271.4252,0,U,39634,999,60284,-0.00000960770000,-0.00000091,0.0000000000000,7073.900,98.684,696.695,694.835,PAYLOAD,LARGE,ESA,2014-04-03,FRGUI,,4798305,293655541,0 SENTINEL 1A,1 39634U 14016A   25209.50475479 -.00000091  00000-0 -96077-5 0  9992,2 39634  98.1810 216.7270 0001315  88.7099 271.4252 14.59198579602841
3.0,GENERATED VIA SPACE-TRACK.ORG API,2025-07-28 17:37:46+00:00,18 SPCS,SENTINEL 1A,2014-016A,EARTH,TEME,UTC,SGP4,2025-07-28 13:45:35.383680+00:00,14.59198598,0.00013150,98.1810,216.7946,88.7682,271.3668,0,U,39634,999,60282,-0.00000734160000,-0.00000080,0.0000000000000,7073.900,98.684,696.695,694.835,PAYLOAD,LARGE,ESA,2014-04-03,FRGUI,,4798610,293676720,0 SENTINEL 1A,1 39634U 14016A   25209.57332620 -.00000080  00000-0 -73416-5 0  9999,2 39634  98.1810 216.7946 0001315  88.7682 271.3668 14.59198598602828
3.0,GENERATED VIA SPACE-TRACK.ORG API,2025-07-28 22:16:17+00:00,18 SPCS,SENTINEL 1A,2014-016A,EARTH,TEME,UTC,SGP4,2025-07-28 20:20:33.654336+00:00,14.59199003,0.00013760,98.1801,217.0649,89.4066,270.7291,0,U,39634,999,60289,0.00002061600000,0.00000051,0.0000000000000,7073.899,98.684,696.737,694.790,PAYLOAD,LARGE,ESA,2014-04-03,FRGUI,,4798635,293693705,0 SENTINEL 1A,1 39634U 14016A   25209.84761174  .00000051  00000-0  20616-4 0  9998,2 39634  98.1801 217.0649 0001376  89.4066 270.7291 14.59199003602897
3.0,GENERATED VIA SPACE-TRACK.ORG API,2025-07-29 06:16:16+00:00,18 SPCS,SENTINEL 1A,2014-016A,EARTH,TEME,UTC,SGP4,2025-07-29 02:55:31.925856+00:00,14.59199222,0.00013710,98.1801,217.3353,89.3809,270.7548,0,U,39634,999,60293,0.00002883200000,0.00000090,0.0000000000000,7073.898,98.684,696.733,694.793,PAYLOAD,LARGE,ESA,2014-04-03,FRGUI,,4798926,293700935,0 SENTINEL 1A,1 39634U 14016A   25210.12189729  .00000090  00000-0  28832-4 0  9992,2 39634  98.1801 217.3353 0001371  89.3809 270.7548 14.59199222602934
3.0,GENERATED VIA SPACE-TRACK.ORG API,2025-07-29 14:16:23+00:00,18 SPCS,SENTINEL 1A,2014-016A,EARTH,TEME,UTC,SGP4,2025-07-29 12:47:59.328384+00:00,14.59199702,0.00013750,98.1801,217.7408,89.5656,270.5702,0,U,39634,999,60299,0.00004945600000,0.00000187,0.0000000000000,7073.896,98.684,696.734,694.789,PAYLOAD,LARGE,ESA,2014-04-03,FRGUI,,4799290,293709694,0 SENTINEL 1A,1 39634U 14016A   25210.53332556  .00000187  00000-0  49456-4 0  9997,2 39634  98.1801 217.7408 0001375  89.5656 270.5702 14.59199702602994
3.0,GENERATED VIA SPACE-TRACK.ORG API,2025-07-29 18:09:25+00:00,18 SPCS,SENTINEL 1A,2014-016A,EARTH,TEME,UTC,SGP4,2025-07-29 14:26:43.896480+00:00,14.59199715,0.00013750,98.1801,217.8083,89.6768,270.4589,0,U,39634,999,60297,0.00004855800000,0.00000183,0.0000000000000,7073.896,98.684,696.734,694.789,PAYLOAD,LARGE,ESA,2014-04-03,FRGUI,,4799578,293730673,0 SENTINEL 1A,1 39634U 14016A   25210.60189695  .00000183  00000-0  48558-4 0  9997,2 39634  98.1801 217.8083 0001375  89.6768 270.4589 14.59199715602973
3.0,GENERATED VIA SPACE-TRACK.ORG API,2025-07-29 22:16:19+00:00,18 SPCS,SENTINEL 1A,2014-016A,EARTH,TEME,UTC,SGP4,2025-07-29 21:01:42.167136+00:00,14.59199786,0.00013750,98.1801,218.0786,89.7485,270.3873,0,U,39634,999,60304,0.00004556600000,0.00000169,0.0000000000000,7073.896,98.684,696.734,694.788,PAYLOAD,LARGE,ESA,2014-04-03,FRGUI,,4799632,293778698,0 SENTINEL 1A,1 39634U 14016A   25210.87618249  .00000169  00000-0  45566-4 0  9998,2 39634  98.1801 218.0786 0001375  89.7485 270.3873 14.59199786603045
3.0,GENERATED VIA SPACE-TRACK.ORG API,2025-07-30 06:36:18+00:00,18 SPCS,SENTINEL 1A,2014-016A,EARTH,TEME,UTC,SGP4,2025-07-30 03:36:40.431744+00:00,14.59199979,0.00013730,98.1802,218.3490,90.1099,270.0258,0,U,39634,999,60308,0.00004738300000,0.00000178,0.0000000000000,7073.895,98.684,696.732,694.789,PAYLOAD,LARGE,ESA,2014-04-03,FRGUI,,4800080,293848574,0 SENTINEL 1A,1 39634U 14016A   25211.15046796  .00000178  00000-0  47383-4 0  9991,2 39634  98.1802 218.3490 0001373  90.1099 270.0258 14.59199979603088
3.0,GENERATED VIA SPACE-TRACK.ORG API,2025-07-30 14:16:18+00:00,18 SPCS,SENTINEL 1A,2014-016A,EARTH,TEME,UTC,SGP4,2025-07-30 11:50:23.280000+00:00,14.59199909,0.00013740,98.1803,218.6869,89.0309,271.1048,0,U,39634,999,60313,0.00003648700000,0.00000126,0.0000000000000,7073.896,98.684,696.733,694.789,PAYLOAD,LARGE,ESA,2014-04-03,FRGUI,,4800308,293855043,0 SENTINEL 1A,1 39634U 14016A   25211.49332500  .00000126  00000-0  36487-4 0  9995,2 39634  98.1803 218.6869 0001374  89.0309 271.1048 14.59199909603132
3.0,GENERATED VIA SPACE-TRACK.ORG API,2025-07-30 17:55:16+00:00,18 SPCS,SENTINEL 1A,2014-016A,EARTH,TEME,UTC,SGP4,2025-07-30 13:29:07.849824+00:00,14.59199875,0.00013730,98.1803,218.7545,89.0069,271.1288,0,U,39634,999,60311,0.00003373200000,0.00000113,0.0000000000000,7073.896,98.684,696.732,694.789,PAYLOAD,LARGE,ESA,2014-04-03,FRGUI,,4800666,293877683,0 SENTINEL 1A,1 39634U 14016A   25211.56189641  .00000113  00000-0  33732-4 0  9995,2 39634  98.1803 218.7545 0001373  89.0069 271.1288 14.59199875603112
3.0,GENERATED VIA SPACE-TRACK.ORG API,2025-07-30 22:16:23+00:00,18 SPCS,SENTINEL 1A,2014-016A,EARTH,TEME,UTC,SGP4,2025-07-30 20:04:06.144672+00:00,14.59199444,0.00013730,98.1803,219.0248,90.2125,269.9232,0,U,39634,999,60318,0.00000733670000,-0.00000011,0.0000000000000,7073.897,98.684,696.733,694.791,PAYLOAD,LARGE,ESA,2014-04-03,FRGUI,,4800716,293894325,0 SENTINEL 1A,1 39634U 14016A   25211.83618223 -.00000011  00000-0  73367-5 0  9995,2 39634  98.1803 219.0248 0001373  90.2125 269.9232 14.59199444603186
3.0,GENERATED VIA SPACE-TRACK.ORG API,2025-07-31 02:43:33+00:00,18 SPCS,SENTINEL 1A,2014-016A,EARTH,TEME,UTC,SGP4,2025-07-30 23:21:35.284320+00:00,14.59199423,0.00013710,98.1802,219.1600,90.3801,269.7555,0,U,39634,999,60317,0.00000474560000,-0.00000023,0.0000000000000,7073.897,98.684,696.732,694.792,PAYLOAD,LARGE,ESA,2014-04-03,FRGUI,,4800988,293914818,0 SENTINEL 1A,1 39634U 14016A   25211.97332505 -.00000023  00000-0  47456-5 0  9999,2 39634  98.1802 219.1600 0001371  90.3801 269.7555 14.59199423603170
3.0,GENERATED VIA SPACE-TRACK.ORG API,2025-07-31 06:26:18+00:00,18 SPCS,SENTINEL 1A,2014-016A,EARTH,TEME,UTC,SGP4,2025-07-31 04:17:49.001568+00:00,14.59199233,0.00013710,98.1803,219.3627,90.3804,269.7553,0,U,39634,999,60323,-0.00000512880000,-0.00000070,0.0000000000000,7073.898,98.684,696.733,694.793,PAYLOAD,LARGE,ESA,2014-04-03,FRGUI,,4801029,293932171,0 SENTINEL 1A,1 39634U 14016A   25212.17903937 -.00000070  00000-0 -51288-5 0  9996,2 39634  98.1803 219.3627 0001371  90.3804 269.7553 14.59199233603239
3.0,GENERATED VIA SPACE-TRACK.ORG API,2025-07-31 14:16:20+00:00,18 SPCS,SENTINEL 1A,2014-016A,EARTH,TEME,UTC,SGP4,2025-07-31 12:31:31.847232+00:00,14.59199154,0.00013030,98.1811,219.7007,90.4586,269.6763,0,U,39634,999,60328,-0.00000998570000,-0.00000093,0.0000000000000,7073.898,98.684,696.685,694.841,PAYLOAD,LARGE,ESA,2014-04-03,FRGUI,,4801363,293940500,0 SENTINEL 1A,1 39634U 14016A   25212.52189638 -.00000093  00000-0 -99857-5 0  9998,2 39634  98.1811 219.7007 0001303  90.4586 269.6763 14.59199154603286
3.0,GENERATED VIA SPACE-TRACK.ORG API,2025-07-31 18:11:57+00:00,18 SPCS,SENTINEL 1A,2014-016A,EARTH,TEME,UTC,SGP4,2025-07-31 14:10:16.417056+00:00,14.59199149,0.00013030,98.1810,219.7683,90.5359,269.5990,0,U,39634,999,60326,-0.00001030000000,-0.00000094,0.0000000000000,7073.898,98.684,696.685,694.841,PAYLOAD,LARGE,ESA,2014-04-03,FRGUI,,4801664,293962577,0 SENTINEL 1A,1 39634U 14016A   25212.59046779 -.00000094  00000-0 -10300-4 0  9999,2 39634  98.1810 219.7683 0001303  90.5359 269.5990 14.59199149603267
3.0,GENERATED VIA SPACE-TRACK.ORG API,2025-07-31 22:26:18+00:00,18 SPCS,SENTINEL 1A,2014-016A,EARTH,TEME,UTC,SGP4,2025-07-31 19:06:30.129120+00:00,14.59199163,0.00013100,98.1811,219.9711,89.9380,270.1970,0,U,39634,999,60332,-0.00001024000000,-0.00000094,0.0000000000000,7073.898,98.684,696.690,694.836,PAYLOAD,LARGE,ESA,2014-04-03,FRGUI,,4801717,293979970,0 SENTINEL 1A,1 39634U 14016A   25212.79618205 -.00000094  00000-0 -10240-4 0  9993,2 39634  98.1811 219.9711 0001310  89.9380 270.1970 14.59199163603325
3.0,GENERATED VIA SPACE-TRACK.ORG API,2025-08-01 02:30:00+00:00,18 SPCS,SENTINEL 1A,2014-016A,EARTH,TEME,UTC,SGP4,2025-07-31 22:23:59.269632+00:00,14.59199167,0.00013130,98.1811,220.1062,89.4442,270.6908,0,U,39634,999,60331,-0.00000929060000,-0.00000090,0.0000000000000,7073.898,98.684,696.692,694.834,PAYLOAD,LARGE,ESA,2014-04-03,FRGUI,,4801972,293999377,0 SENTINEL 1A,1 39634U 14016A   25212.93332488 -.00000090  00000-0 -92906-5 0  9991,2 39634  98.1811 220.1062 0001313  89.4442 270.6908 14.59199167603314
3.0,GENERATED VIA SPACE-TRACK.ORG API,2025-08-01 06:26:21+00:00,18 SPCS,SENTINEL 1A,2014-016A,EARTH,TEME,UTC,SGP4,2025-08-01 04:58:57.519552+00:00,14.59199393,0.00012910,98.1811,220.3766,91.3773,268.7574,0,U,39634,999,60338,0.00000128330000,-0.00000040,0.0000000000000,7073.897,98.684,696.675,694.849,PAYLOAD,LARGE,ESA,2014-04-03,FRGUI,,4802023,294016652,0 SENTINEL 1A,1 39634U 14016A   25213.20761018 -.00000040  00000-0  12833-5 0  9992,2 39634  98.1811 220.3766 0001291  91.3773 268.7574 14.59199393603386
3.0,GENERATED VIA SPACE-TRACK.ORG API,2025-08-01 14:26:25+00:00,18 SPCS,SENTINEL 1A,2014-016A,EARTH,TEME,UTC,SGP4,2025-08-01 11:33:55.803168+00:00,14.59199582,0.00013770,98.1804,220.6468,91.0278,269.1079,0,U,39634,999,60342,0.00001225400000,0.00000012,0.0000000000000,7073.897,98.684,696.736,694.788,PAYLOAD,LARGE,ESA,2014-04-03,FRGUI,,4802394,294025426,0 SENTINEL 1A,1 39634U 14016A   25213.48189587  .00000012  00000-0  12254-4 0  9991,2 39634  98.1804 220.6468 0001377  91.0278 269.1079 14.59199582603422
3.0,GENERATED VIA SPACE-TRACK.ORG API,2025-08-01 19:30:35+00:00,18 SPCS,SENTINEL 1A,2014-016A,EARTH,TEME,UTC,SGP4,2025-08-01 13:12:40.371264+00:00,14.59199614,0.00013770,98.1804,220.7143,90.6231,269.5127,0,U,39634,999,60340,0.00001494200000,0.00000025,0.0000000000000,7073.897,98.684,696.736,694.787,PAYLOAD,LARGE,ESA,2014-04-03,FRGUI,,4802629,294045226,0 SENTINEL 1A,1 39634U 14016A   25213.55046726  .00000025  00000-0  14942-4 0  9996,2 39634  98.1804 220.7143 0001377  90.6231 269.5127 14.59199614603409
3.0,GENERATED VIA SPACE-TRACK.ORG API,2025-08-01 22:16:24+00:00,18 SPCS,SENTINEL 1A,2014-016A,EARTH,TEME,UTC,SGP4,2025-08-01 19:47:38.635008+00:00,14.59199780,0.00013780,98.1804,220.9846,89.9882,270.1476,0,U,39634,999,60347,0.00002479800000,0.00000071,0.0000000000000,7073.896,98.684,696.736,694.786,PAYLOAD,LARGE,ESA,2014-04-03,FRGUI,,4802652,294062327,0 SENTINEL 1A,1 39634U 14016A   25213.82475272  .00000071  00000-0  24798-4 0  9999,2 39634  98.1804 220.9846 0001378  89.9882 270.1476 14.59199780603471
3.0,GENERATED VIA SPACE-TRACK.ORG API,2025-08-02 04:51:03+00:00,18 SPCS,SENTINEL 1A,2014-016A,EARTH,TEME,UTC,SGP4,2025-08-01 23:05:07.761696+00:00,14.59199946,0.00013760,98.1804,221.1198,90.1809,269.9549,0,U,39634,999,60346,0.00003056800000,0.00000098,0.0000000000000,7073.895,98.684,696.734,694.787,PAYLOAD,LARGE,ESA,2014-04-03,FRGUI,,4802874,294082125,0 SENTINEL 1A,1 39634U 14016A   25213.96189539  .00000098  00000-0  30568-4 0  9993,2 39634  98.1804 221.1198 0001376  90.1809 269.9549 14.59199946603465
3.0,GENERATED VIA SPACE-TRACK.ORG API,2025-08-02 06:16:29+00:00,18 SPCS,SENTINEL 1A,2014-016A,EARTH,TEME,UTC,SGP4,2025-08-02 04:01:21.463392+00:00,14.59200032,0.00013800,98.1804,221.3225,89.5875,270.5483,0,U,39634,999,60352,0.00003614000000,0.00000125,0.0000000000000,7073.895,98.684,696.736,694.784,PAYLOAD,LARGE,ESA,2014-04-03,FRGUI,,4802886,294098633,0 SENTINEL 1A,1 39634U 14016A   25214.16760953  .00000125  00000-0  36140-4 0  9994,2 39634  98.1804 221.3225 0001380  89.5875 270.5483 14.59200032603529
3.0,GENERATED VIA SPACE-TRACK.ORG API,2025-08-02 14:26:31+00:00,18 SPCS,SENTINEL 1A,2014-016A,EARTH,TEME,UTC,SGP4,2025-08-02 12:15:04.354848+00:00,14.59198514,0.00013620,98.1805,221.6606,89.7226,270.4130,0,U,39634,999,60357,0.00003752900000,0.00000131,0.0000000000000,7073.900,98.684,696.729,694.802,PAYLOAD,LARGE,ESA,2014-04-03,FRGUI,,4803298,294107826,0 SENTINEL 1A,1 39634U 14016A   25214.51046707  .00000131  00000-0  37529-4 0  9996,2 39634  98.1805 221.6606 0001362  89.7226 270.4130 14.59198514603572
3.0,GENERATED VIA SPACE-TRACK.ORG API,2025-08-02 17:53:37+00:00,18 SPCS,SENTINEL 1A,2014-016A,EARTH,TEME,UTC,SGP4,2025-08-02 13:53:48.928128+00:00,14.59198504,0.00013620,98.1805,221.7282,89.8182,270.3174,0,U,39634,999,60355,0.00003745300000,0.00000131,0.0000000000000,7073.900,98.684,696.729,694.802,PAYLOAD,LARGE,ESA,2014-04-03,FRGUI,,4803602,294129785,0 SENTINEL 1A,1 39634U 14016A   25214.57903852  .00000131  00000-0  37453-4 0  9991,2 39634  98.1805 221.7282 0001362  89.8182 270.3174 14.59198504603559
3.0,GENERATED VIA SPACE-TRACK.ORG API,2025-08-02 22:16:32+00:00,18 SPCS,SENTINEL 1A,2014-016A,EARTH,TEME,UTC,SGP4,2025-08-02 20:28:47.221248+00:00,14.59198466,0.00013630,98.1804,221.9985,90.1021,270.0334,0,U,39634,999,60362,0.00003629300000,0.00000125,0.0000000000000,7073.900,98.684,696.729,694.801,PAYLOAD,LARGE,ESA,2014-04-03,FRGUI,,4803623,294147110,0 SENTINEL 1A,1 39634U 14016A   25214.85332432  .00000125  00000-0  36293-4 0  9996,2 39634  98.1804 221.9985 0001363  90.1021 270.0334 14.59198466603628
3.0,GENERATED VIA SPACE-TRACK.ORG API,2025-08-03 06:16:23+00:00,18 SPCS,SENTINEL 1A,2014-016A,EARTH,TEME,UTC,SGP4,2025-08-03 04:42:30.094560+00:00,14.59198541,0.00013720,98.1805,222.3363,89.3927,270.7430,0,U,39634,999,60367,0.00003834000000,0.00000135,0.0000000000000,7073.900,98.684,696.736,694.794,PAYLOAD,LARGE,ESA,2014-04-03,FRGUI,,4803849,294152520,0 SENTINEL 1A,1 39634U 14016A   25215.19618165  .00000135  00000-0  38340-4 0  9990,2 39634  98.1805 222.3363 0001372  89.3927 270.7430 14.59198541603672
3.0,GENERATED VIA SPACE-TRACK.ORG API,2025-08-03 14:26:32+00:00,18 SPCS,SENTINEL 1A,2014-016A,EARTH,TEME,UTC,SGP4,2025-08-03 11:17:28.386816+00:00,14.59198593,0.00013680,98.1806,222.6067,89.5027,270.6330,0,U,39634,999,60371,0.00003701900000,0.00000129,0.0000000000000,7073.900,98.684,696.733,694.797,PAYLOAD,LARGE,ESA,2014-04-03,FRGUI,,4804189,294160851,0 SENTINEL 1A,1 39634U 14016A   25215.47046744  .00000129  00000-0  37019-4 0  9994,2 39634  98.1806 222.6067 0001368  89.5027 270.6330 14.59198593603715
3.0,GENERATED VIA SPACE-TRACK.ORG API,2025-08-03 17:22:22+00:00,18 SPCS,SENTINEL 1A,2014-016A,EARTH,TEME,UTC,SGP4,2025-08-03 12:56:12.958368+00:00,14.59198620,0.00013690,98.1806,222.6743,89.5578,270.5778,0,U,39634,999,60369,0.00003698600000,0.00000129,0.0000000000000,7073.900,98.684,696.733,694.796,PAYLOAD,LARGE,ESA,2014-04-03,FRGUI,,4804517,294183026,0 SENTINEL 1A,1 39634U 14016A   25215.53903887  .00000129  00000-0  36986-4 0  9993,2 39634  98.1806 222.6743 0001369  89.5578 270.5778 14.59198620603691
3.0,GENERATED VIA SPACE-TRACK.ORG API,2025-08-03 22:16:18+00:00,18 SPCS,SENTINEL 1A,2014-016A,EARTH,TEME,UTC,SGP4,2025-08-03 21:09:55.820448+00:00,14.59198615,0.00013810,98.1806,223.0121,89.3757,270.7601,0,U,39634,999,60377,0.00001996200000,0.00000048,0.0000000000000,7073.900,98.684,696.742,694.788,PAYLOAD,LARGE,ESA,2014-04-03,FRGUI,,4804547,294199565,0 SENTINEL 1A,1 39634U 14016A   25215.88189607  .00000048  00000-0  19962-4 0  9992,2 39634  98.1806 223.0121 0001381  89.3757 270.7601 14.59198615603777
3.0,GENERATED VIA SPACE-TRACK.ORG API,2025-08-04 03:28:12+00:00,18 SPCS,SENTINEL 1A,2014-016A,EARTH,TEME,UTC,SGP4,2025-08-03 22:48:40.392000+00:00,14.59198619,0.00013760,98.1805,223.0797,89.4636,270.6721,0,U,39634,999,60375,0.00002005300000,0.00000049,0.0000000000000,7073.900,98.684,696.738,694.791,PAYLOAD,LARGE,ESA,2014-04-03,FRGUI,,4804882,294222042,0 SENTINEL 1A,1 39634U 14016A   25215.95046750  .00000049  00000-0  20053-4 0  9995,2 39634  98.1805 223.0797 0001376  89.4636 270.6721 14.59198619603750
3.0,GENERATED VIA SPACE-TRACK.ORG API,2025-08-04 06:16:32+00:00,18 SPCS,SENTINEL 1A,2014-016A,EARTH,TEME,UTC,SGP4,2025-08-04 03:44:54.105792+00:00,14.59198710,0.00013760,98.1806,223.2824,89.5065,270.6293,0,U,39634,999,60381,0.00002112600000,0.00000054,0.0000000000000,7073.899,98.684,696.738,694.791,PAYLOAD,LARGE,ESA,2014-04-03,FRGUI,,4804900,294238558,0 SENTINEL 1A,1 39634U 14016A   25216.15618178  .00000054  00000-0  21126-4 0  9995,2 39634  98.1806 223.2824 0001376  89.5065 270.6293 14.59198710603814
3.0,GENERATED VIA SPACE-TRACK.ORG API,2025-08-04 14:16:46+00:00,18 SPCS,SENTINEL 1A,2014-016A,EARTH,TEME,UTC,SGP4,2025-08-04 11:58:36.962688+00:00,14.59198814,0.00013790,98.1806,223.6204,89.4393,270.6964,0,U,39634,999,60386,0.00002173600000,0.00000057,0.0000000000000,7073.899,98.684,696.740,694.789,PAYLOAD,LARGE,ESA,2014-04-03,FRGUI,,4805221,294246534,0 SENTINEL 1A,1 39634U 14016A   25216.49903892  .00000057  00000-0  21736-4 0  9992,2 39634  98.1806 223.6204 0001379  89.4393 270.6964 14.59198814603861
3.0,GENERATED VIA SPACE-TRACK.ORG API,2025-08-04 19:37:21+00:00,18 SPCS,SENTINEL 1A,2014-016A,EARTH,TEME,UTC,SGP4,2025-08-04 13:37:21.529056+00:00,14.59198961,0.00013780,98.1806,223.6880,89.3969,270.7388,0,U,39634,999,60384,0.00003121100000,0.00000101,0.0000000000000,7073.899,98.684,696.738,694.789,PAYLOAD,LARGE,ESA,2014-04-03,FRGUI,,4805517,294267327,0 SENTINEL 1A,1 39634U 14016A   25216.56761029  .00000101  00000-0  31211-4 0  9993,2 39634  98.1806 223.6880 0001378  89.3969 270.7388 14.59198961603840
3.0,GENERATED VIA SPACE-TRACK.ORG API,2025-08-04 22:16:28+00:00,18 SPCS,SENTINEL 1A,2014-016A,EARTH,TEME,UTC,SGP4,2025-08-04 20:12:19.807488+00:00,14.59199048,0.00013760,98.1806,223.9583,89.3423,270.7935,0,U,39634,999,60391,0.00003303700000,0.00000110,0.0000000000000,7073.898,98.684,696.737,694.790,PAYLOAD,LARGE,ESA,2014-04-03,FRGUI,,4805546,294284717,0 SENTINEL 1A,1 39634U 14016A   25216.84189592  .00000110  00000-0  33037-4 0  9991,2 39634  98.1806 223.9583 0001376  89.3423 270.7935 14.59199048603919
3.0,GENERATED VIA SPACE-TRACK.ORG API,2025-08-05 02:25:14+00:00,18 SPCS,SENTINEL 1A,2014-016A,EARTH,TEME,UTC,SGP4,2025-08-04 21:51:04.374720+00:00,14.59199119,0.00013730,98.1806,224.0259,89.3879,270.7478,0,U,39634,999,60389,0.00003525900000,0.00000120,0.0000000000000,7073.898,98.684,696.734,694.792,PAYLOAD,LARGE,ESA,2014-04-03,FRGUI,,4805841,294305578,0 SENTINEL 1A,1 39634U 14016A   25216.91046730  .00000120  00000-0  35259-4 0  9994,2 39634  98.1806 224.0259 0001373  89.3879 270.7478 14.59199119603891
3.0,GENERATED VIA SPACE-TRACK.ORG API,2025-08-05 06:26:20+00:00,18 SPCS,SENTINEL 1A,2014-016A,EARTH,TEME,UTC,SGP4,2025-08-05 04:26:02.648832+00:00,14.59199264,0.00013720,98.1806,224.2962,89.5138,270.6219,0,U,39634,999,60396,0.00003734200000,0.00000130,0.0000000000000,7073.898,98.684,696.733,694.792,PAYLOAD,LARGE,ESA,2014-04-03,FRGUI,,4805895,294322880,0 SENTINEL 1A,1 39634U 14016A   25217.18475288  .00000130  00000-0  37342-4 0  9994,2 39634  98.1806 224.2962 0001372  89.5138 270.6219 14.59199264603964
3.0,GENERATED VIA SPACE-TRACK.ORG API,2025-08-05 14:16:17+00:00,18 SPCS,SENTINEL 1A,2014-016A,EARTH,TEME,UTC,SGP4,2025-08-05 11:01:00.919488+00:00,14.59199503,0.00013790,98.1806,224.5666,89.7077,270.4280,0,U,39634,999,60400,0.00004684000000,0.00000175,0.0000000000000,7073.897,98.684,696.737,694.786,PAYLOAD,LARGE,ESA,2014-04-03,FRGUI,,4806206,294331175,0 SENTINEL 1A,1 39634U 14016A   25217.45903842  .00000175  00000-0  46840-4 0  9998,2 39634  98.1806 224.5666 0001379  89.7077 270.4280 14.59199503604007
3.0,GENERATED VIA SPACE-TRACK.ORG API,2025-08-05 17:43:45+00:00,18 SPCS,SENTINEL 1A,2014-016A,EARTH,TEME,UTC,SGP4,2025-08-05 12:39:45.491040+00:00,14.59199556,0.00013780,98.1806,224.6341,89.8391,270.2967,0,U,39634,999,60398,0.00004814300000,0.00000181,0.0000000000000,7073.897,98.684,696.737,694.787,PAYLOAD,LARGE,ESA,2014-04-03,FRGUI,,4806564,294354033,0 SENTINEL 1A,1 39634U 14016A   25217.52760985  .00000181  00000-0  48143-4 0  9990,2 39634  98.1806 224.6341 0001378  89.8391 270.2967 14.59199556603981
3.0,GENERATED VIA SPACE-TRACK.ORG API,2025-08-06 03:15:35+00:00,18 SPCS,SENTINEL 1A,2014-016A,EARTH,TEME,UTC,SGP4,2025-08-06 00:10:57.464256+00:00,14.59199681,0.00013767,98.1807,225.1072,89.6700,270.4658,0,U,39634,999,60405,0.00004313480100,0.00000158,0.0000000000000,7073.896,98.684,696.735,694.787,PAYLOAD,LARGE,ESA,2014-04-03,FRGUI,,4806579,294414757,0 SENTINEL 1A,1 39634U 14016A   25218.00760954  .00000158  00000-0  43135-4 0  9990,2 39634  98.1807 225.1072 0001377  89.6700 270.4658 14.59199681604057
3.0,GENERATED VIA SPACE-TRACK.ORG API,2025-08-06 19:55:51+00:00,18 SPCS,SENTINEL 1A,2014-016A,EARTH,TEME,UTC,SGP4,2025-08-06 14:59:38.634144+00:00,14.59197852,0.00013870,98.1800,225.7153,88.9599,271.1759,0,U,39634,999,60414,0.00019883380000,0.00000892,0.0000000000000,7073.902,98.684,696.748,694.786,PAYLOAD,LARGE,ESA,2014-04-03,FRGUI,,4806583,294446052,0 SENTINEL 1A,1 39634U 14016A   25218.62475271  .00000892  00000-0  19883-3 0  9990,2 39634  98.1800 225.7153 0001387  88.9599 271.1759 14.59197852604143
3.0,GENERATED VIA SPACE-TRACK.ORG API,2025-08-07 02:11:08+00:00,18 SPCS,SENTINEL 1A,2014-016A,EARTH,TEME,UTC,SGP4,2025-08-06 23:13:21.495360+00:00,14.59198545,0.00013703,98.1799,226.0534,89.9667,270.1689,0,U,39634,999,60419,0.00010985040000,0.00000472,0.0000000000000,7073.900,98.684,696.734,694.796,PAYLOAD,LARGE,ESA,2014-04-03,FRGUI,,4806584,294476542,0 SENTINEL 1A,1 39634U 14016A   25218.96760990  .00000472  00000-0  10985-3 0  9990,2 39634  98.1799 226.0534 0001370  89.9667 270.1689 14.59198545604192
3.0,GENERATED VIA SPACE-TRACK.ORG API,2025-08-07 22:50:55+00:00,18 SPCS,SENTINEL 1A,2014-016A,EARTH,TEME,UTC,SGP4,2025-08-07 14:02:02.661792+00:00,14.59198496,0.00013770,98.1800,226.6617,89.5944,270.5413,0,U,39634,999,60428,0.00003882312900,0.00000137,0.0000000000000,7073.900,98.684,696.739,694.791,PAYLOAD,LARGE,ESA,2014-04-03,FRGUI,,4806590,294507331,0 SENTINEL 1A,1 39634U 14016A   25219.58475303  .00000137  00000-0  38823-4 0  9990,2 39634  98.1800 226.6617 0001377  89.5944 270.5413 14.59198496604288
3.0,GENERATED VIA SPACE-TRACK.ORG API,2025-08-08 03:36:18+00:00,18 SPCS,SENTINEL 1A,2014-016A,EARTH,TEME,UTC,SGP4,2025-08-08 01:33:14.666112+00:00,14.59198828,0.00013710,98.1807,227.1347,89.7440,270.3916,0,U,39634,999,60438,0.00005204300000,0.00000200,0.0000000000000,7073.899,98.684,696.734,694.794,PAYLOAD,LARGE,ESA,2014-04-03,FRGUI,,4806658,294524684,0 SENTINEL 1A,1 39634U 14016A   25220.06475308  .00000200  00000-0  52043-4 0  9991,2 39634  98.1807 227.1347 0001371  89.7440 270.3916 14.59198828604384
3.0,GENERATED VIA SPACE-TRACK.ORG API,2025-08-08 04:05:44+00:00,18 SPCS,SENTINEL 1A,2014-016A,EARTH,TEME,UTC,SGP4,2025-08-07 23:54:30.095424+00:00,14.59198778,0.00013720,98.1800,227.0672,89.6514,270.4843,0,U,39634,999,60434,0.00005009900000,0.00000190,0.0000000000000,7073.899,98.684,696.735,694.794,PAYLOAD,LARGE,ESA,2014-04-03,FRGUI,,4806722,294541201,0 SENTINEL 1A,1 39634U 14016A   25219.99618166  .00000190  00000-0  50099-4 0  9999,2 39634  98.1800 227.0672 0001372  89.6514 270.4843 14.59198778604349
3.0,GENERATED VIA SPACE-TRACK.ORG API,2025-08-08 06:26:34+00:00,18 SPCS,SENTINEL 1A,2014-016A,EARTH,TEME,UTC,SGP4,2025-08-08 03:11:59.236800+00:00,14.59198862,0.00013700,98.1808,227.2023,89.6692,270.4665,0,U,39634,999,60439,0.00005189700000,0.00000199,0.0000000000000,7073.899,98.684,696.733,694.795,PAYLOAD,LARGE,ESA,2014-04-03,FRGUI,,4807569,294579097,0 SENTINEL 1A,1 39634U 14016A   25220.13332450  .00000199  00000-0  51897-4 0  9992,2 39634  98.1808 227.2023 0001370  89.6692 270.4665 14.59198862604395
3.0,GENERATED VIA SPACE-TRACK.ORG API,2025-08-08 14:16:18+00:00,18 SPCS,SENTINEL 1A,2014-016A,EARTH,TEME,UTC,SGP4,2025-08-08 13:04:26.668704+00:00,14.59198960,0.00013690,98.1808,227.6079,89.3972,270.7385,0,U,39634,999,60445,0.00004862300000,0.00000183,0.0000000000000,7073.899,98.684,696.732,694.795,PAYLOAD,LARGE,ESA,2014-04-03,FRGUI,,4807705,294581621,0 SENTINEL 1A,1 39634U 14016A   25220.54475311  .00000183  00000-0  48623-4 0  9997,2 39634  98.1808 227.6079 0001369  89.3972 270.7385 14.59198960604454
3.0,GENERATED VIA SPACE-TRACK.ORG API,2025-08-08 18:04:55+00:00,18 SPCS,SENTINEL 1A,2014-016A,EARTH,TEME,UTC,SGP4,2025-08-08 14:43:11.239392+00:00,14.59198983,0.00013690,98.1808,227.6755,89.4102,270.7255,0,U,39634,999,60443,0.00004847700000,0.00000183,0.0000000000000,7073.899,98.684,696.732,694.795,PAYLOAD,LARGE,ESA,2014-04-03,FRGUI,,4807944,294601473,0 SENTINEL 1A,1 39634U 14016A   25220.61332453  .00000183  00000-0  48477-4 0  9991,2 39634  98.1808 227.6755 0001369  89.4102 270.7255 14.59198983604430
3.0,GENERATED VIA SPACE-TRACK.ORG API,2025-08-08 22:16:17+00:00,18 SPCS,SENTINEL 1A,2014-016A,EARTH,TEME,UTC,SGP4,2025-08-08 19:39:24.943680+00:00,14.59199328,0.00013670,98.1808,227.8782,89.4779,270.6577,0,U,39634,999,60449,0.00005808600000,0.00000228,0.0000000000000,7073.897,98.684,696.729,694.795,PAYLOAD,LARGE,ESA,2014-04-03,FRGUI,,4807988,294618103,0 SENTINEL 1A,1 39634U 14016A   25220.81903870  .00000228  00000-0  58086-4 0  9997,2 39634  98.1808 227.8782 0001367  89.4779 270.6577 14.59199328604496
3.0,GENERATED VIA SPACE-TRACK.ORG API,2025-08-09 04:31:16+00:00,18 SPCS,SENTINEL 1A,2014-016A,EARTH,TEME,UTC,SGP4,2025-08-08 22:56:54.081600+00:00,14.59199411,0.00013640,98.1808,228.0134,89.4814,270.6542,0,U,39634,999,60448,0.00005803900000,0.00000228,0.0000000000000,7073.897,98.684,696.727,694.797,PAYLOAD,LARGE,ESA,2014-04-03,FRGUI,,4808267,294638927,0 SENTINEL 1A,1 39634U 14016A   25220.95618150  .00000228  00000-0  58039-4 0  9994,2 39634  98.1808 228.0134 0001364  89.4814 270.6542 14.59199411604481
3.0,GENERATED VIA SPACE-TRACK.ORG API,2025-08-09 06:26:30+00:00,18 SPCS,SENTINEL 1A,2014-016A,EARTH,TEME,UTC,SGP4,2025-08-09 03:53:07.805760+00:00,14.59199128,0.00013680,98.1808,228.2162,89.5778,270.5579,0,U,39634,999,60454,0.00004016500000,0.00000144,0.0000000000000,7073.898,98.684,696.731,694.795,PAYLOAD,LARGE,ESA,2014-04-03,FRGUI,,4808331,294656257,0 SENTINEL 1A,1 39634U 14016A   25221.16189590  .00000144  00000-0  40165-4 0  9997,2 39634  98.1808 228.2162 0001368  89.5778 270.5579 14.59199128604549
3.0,GENERATED VIA SPACE-TRACK.ORG API,2025-08-09 14:16:18+00:00,18 SPCS,SENTINEL 1A,2014-016A,EARTH,TEME,UTC,SGP4,2025-08-09 12:06:50.670432+00:00,14.59199005,0.00013660,98.1808,228.5541,89.4666,270.6690,0,U,39634,999,60459,0.00002723600000,0.00000083,0.0000000000000,7073.899,98.684,696.730,694.797,PAYLOAD,LARGE,ESA,2014-04-03,FRGUI,,4808661,294664719,0 SENTINEL 1A,1 39634U 14016A   25221.50475313  .00000083  00000-0  27236-4 0  9992,2 39634  98.1808 228.5541 0001366  89.4666 270.6690 14.59199005604590
3.0,GENERATED VIA SPACE-TRACK.ORG API,2025-08-09 17:24:41+00:00,18 SPCS,SENTINEL 1A,2014-016A,EARTH,TEME,UTC,SGP4,2025-08-09 13:45:35.241984+00:00,14.59198994,0.00013650,98.1808,228.6217,89.4744,270.6612,0,U,39634,999,60457,0.00002617900000,0.00000078,0.0000000000000,7073.899,98.684,696.729,694.798,PAYLOAD,LARGE,ESA,2014-04-03,FRGUI,,4808974,294686630,0 SENTINEL 1A,1 39634U 14016A   25221.57332456  .00000078  00000-0  26179-4 0  9998,2 39634  98.1808 228.6217 0001365  89.4744 270.6612 14.59198994604575
3.0,GENERATED VIA SPACE-TRACK.ORG API,2025-08-09 22:16:17+00:00,18 SPCS,SENTINEL 1A,2014-016A,EARTH,TEME,UTC,SGP4,2025-08-09 20:20:33.554976+00:00,14.59198526,0.00013730,98.1809,228.8920,89.0699,271.0658,0,U,39634,999,60464,0.00000224900000,-0.00000035,0.0000000000000,7073.900,98.684,696.736,694.794,PAYLOAD,LARGE,ESA,2014-04-03,FRGUI,,4809019,294703261,0 SENTINEL 1A,1 39634U 14016A   25221.84761059 -.00000035  00000-0  22490-5 0  9990,2 39634  98.1809 228.8920 0001373  89.0699 271.0658 14.59198526604647
3.0,GENERATED VIA SPACE-TRACK.ORG API,2025-08-10 06:26:18+00:00,18 SPCS,SENTINEL 1A,2014-016A,EARTH,TEME,UTC,SGP4,2025-08-10 02:55:31.836864+00:00,14.59198417,0.00013020,98.1817,229.1625,89.2169,270.9180,0,U,39634,999,60468,-0.00000260690000,-0.00000058,0.0000000000000,7073.900,98.684,696.686,694.844,PAYLOAD,LARGE,ESA,2014-04-03,FRGUI,,4809362,294711104,0 SENTINEL 1A,1 39634U 14016A   25222.12189626 -.00000058  00000-0 -26069-5 0  9998,2 39634  98.1817 229.1625 0001302  89.2169 270.9180 14.59198417604689
3.0,GENERATED VIA SPACE-TRACK.ORG API,2025-08-10 14:16:18+00:00,18 SPCS,SENTINEL 1A,2014-016A,EARTH,TEME,UTC,SGP4,2025-08-10 12:47:59.273952+00:00,14.59198398,0.00013070,98.1818,229.5680,89.4336,270.7013,0,U,39634,999,60474,-0.00000463440000,-0.00000068,0.0000000000000,7073.900,98.684,696.690,694.841,PAYLOAD,LARGE,ESA,2014-04-03,FRGUI,,4809724,294720483,0 SENTINEL 1A,1 39634U 14016A   25222.53332493 -.00000068  00000-0 -46344-5 0  9994,2 39634  98.1818 229.5680 0001307  89.4336 270.7013 14.59198398604746
3.0,GENERATED VIA SPACE-TRACK.ORG API,2025-08-10 17:15:53+00:00,18 SPCS,SENTINEL 1A,2014-016A,EARTH,TEME,UTC,SGP4,2025-08-10 14:26:43.846368+00:00,14.59198391,0.00013070,98.1818,229.6356,89.4652,270.6697,0,U,39634,999,60472,-0.00000501550000,-0.00000069,0.0000000000000,7073.900,98.684,696.690,694.841,PAYLOAD,LARGE,ESA,2014-04-03,FRGUI,,4810125,294744263,0 SENTINEL 1A,1 39634U 14016A   25222.60189637 -.00000069  00000-0 -50155-5 0  9998,2 39634  98.1818 229.6356 0001307  89.4652 270.6697 14.59198391604726
3.0,GENERATED VIA SPACE-TRACK.ORG API,2025-08-10 22:16:17+00:00,18 SPCS,SENTINEL 1A,2014-016A,EARTH,TEME,UTC,SGP4,2025-08-10 19:22:57.554976+00:00,14.59198485,0.00013060,98.1818,229.8384,89.6713,270.4637,0,U,39634,999,60478,-0.00000107240000,-0.00000051,0.0000000000000,7073.900,98.684,696.689,694.841,PAYLOAD,LARGE,ESA,2014-04-03,FRGUI,,4810163,294761432,0 SENTINEL 1A,1 39634U 14016A   25222.80761059 -.00000051  00000-0 -10724-5 0  9993,2 39634  98.1818 229.8384 0001306  89.6713 270.4637 14.59198485604780
3.0,GENERATED VIA SPACE-TRACK.ORG API,2025-08-11 06:16:18+00:00,18 SPCS,SENTINEL 1A,2014-016A,EARTH,TEME,UTC,SGP4,2025-08-11 03:36:40.413600+00:00,14.59198745,0.00013700,98.1809,230.1762,89.1341,271.0015,0,U,39634,999,60483,0.00000848890000,-0.00000006,0.0000000000000,7073.899,98.684,696.733,694.795,PAYLOAD,LARGE,ESA,2014-04-03,FRGUI,,4810466,294768832,0 SENTINEL 1A,1 39634U 14016A   25223.15046775 -.00000006  00000-0  84889-5 0  9995,2 39634  98.1809 230.1762 0001370  89.1341 271.0015 14.59198745604830
3.0,GENERATED VIA SPACE-TRACK.ORG API,2025-08-11 09:36:26+00:00,18 SPCS,SENTINEL 1A,2014-016A,EARTH,TEME,UTC,SGP4,2025-08-11 06:54:09.554976+00:00,14.59198807,0.00013740,98.1810,230.3114,89.0783,271.0574,0,U,39634,999,60482,0.00001190800000,0.00000010,0.0000000000000,7073.899,98.684,696.736,694.792,PAYLOAD,LARGE,ESA,2014-04-03,FRGUI,,4810761,294789910,0 SENTINEL 1A,1 39634U 14016A   25223.28761059  .00000010  00000-0  11908-4 0  9993,2 39634  98.1810 230.3114 0001374  89.0783 271.0574 14.59198807604826
3.0,GENERATED VIA SPACE-TRACK.ORG API,2025-08-11 14:34:08+00:00,18 SPCS,SENTINEL 1A,2014-016A,EARTH,TEME,UTC,SGP4,2025-08-11 11:50:23.263584+00:00,14.59198959,0.00013790,98.1810,230.5141,89.0316,271.1042,0,U,39634,999,60488,0.00001816700000,0.00000040,0.0000000000000,7073.899,98.684,696.739,694.788,PAYLOAD,LARGE,ESA,2014-04-03,FRGUI,,4810845,294807545,0 SENTINEL 1A,1 39634U 14016A   25223.49332481  .00000040  00000-0  18167-4 0  9996,2 39634  98.1810 230.5141 0001379  89.0316 271.1042 14.59198959604880
3.0,GENERATED VIA SPACE-TRACK.ORG API,2025-08-11 20:39:09+00:00,18 SPCS,SENTINEL 1A,2014-016A,EARTH,TEME,UTC,SGP4,2025-08-11 13:29:07.832544+00:00,14.59199002,0.00013780,98.1810,230.5817,89.0864,271.0494,0,U,39634,999,60486,0.00002006800000,0.00000049,0.0000000000000,7073.899,98.684,696.738,694.789,PAYLOAD,LARGE,ESA,2014-04-03,FRGUI,,4811117,294829051,0 SENTINEL 1A,1 39634U 14016A   25223.56189621  .00000049  00000-0  20068-4 0  9992,2 39634  98.1810 230.5817 0001378  89.0864 271.0494 14.59199002604865
3.0,GENERATED VIA SPACE-TRACK.ORG API,2025-08-11 22:26:21+00:00,18 SPCS,SENTINEL 1A,2014-016A,EARTH,TEME,UTC,SGP4,2025-08-11 20:04:06.100608+00:00,14.59199159,0.00013730,98.1810,230.8521,89.3075,270.8282,0,U,39634,999,60493,0.00002894200000,0.00000091,0.0000000000000,7073.898,98.684,696.734,694.792,PAYLOAD,LARGE,ESA,2014-04-03,FRGUI,,4811169,294846289,0 SENTINEL 1A,1 39634U 14016A   25223.83618172  .00000091  00000-0  28942-4 0  9996,2 39634  98.1810 230.8521 0001373  89.3075 270.8282 14.59199159604935
3.0,GENERATED VIA SPACE-TRACK.ORG API,2025-08-12 03:11:01+00:00,18 SPCS,SENTINEL 1A,2014-016A,EARTH,TEME,UTC,SGP4,2025-08-11 23:21:35.233344+00:00,14.59199293,0.00013670,98.1810,230.9873,89.6087,270.5269,0,U,39634,999,60492,0.00003388200000,0.00000114,0.0000000000000,7073.898,98.684,696.730,694.796,PAYLOAD,LARGE,ESA,2014-04-03,FRGUI,,4811455,294867830,0 SENTINEL 1A,1 39634U 14016A   25223.97332446  .00000114  00000-0  33882-4 0  9993,2 39634  98.1810 230.9873 0001367  89.6087 270.5269 14.59199293604925
3.0,GENERATED VIA SPACE-TRACK.ORG API,2025-08-12 06:26:19+00:00,18 SPCS,SENTINEL 1A,2014-016A,EARTH,TEME,UTC,SGP4,2025-08-12 04:17:48.938496+00:00,14.59199510,0.00013690,98.1810,231.1900,89.6009,270.5348,0,U,39634,999,60498,0.00004204700000,0.00000152,0.0000000000000,7073.897,98.684,696.730,694.793,PAYLOAD,LARGE,ESA,2014-04-03,FRGUI,,4811503,294884548,0 SENTINEL 1A,1 39634U 14016A   25224.17903864  .00000152  00000-0  42047-4 0  9999,2 39634  98.1810 231.1900 0001369  89.6009 270.5348 14.59199510604981
3.0,GENERATED VIA SPACE-TRACK.ORG API,2025-08-12 10:56:30+00:00,18 SPCS,SENTINEL 1A,2014-016A,EARTH,TEME,UTC,SGP4,2025-08-12 07:35:18.072096+00:00,14.59199635,0.00013720,98.1810,231.3252,89.7949,270.3408,0,U,39634,999,60500,0.00004755700000,0.00000178,0.0000000000000,7073.896,98.684,696.732,694.791,PAYLOAD,LARGE,ESA,2014-04-03,FRGUI,,4811790,294892341,0 SENTINEL 1A,1 39634U 14016A   25224.31618139  .00000178  00000-0  47557-4 0  9992,2 39634  98.1810 231.3252 0001372  89.7949 270.3408 14.59199635605008
3.0,GENERATED VIA SPACE-TRACK.ORG API,2025-08-12 14:16:23+00:00,18 SPCS,SENTINEL 1A,2014-016A,EARTH,TEME,UTC,SGP4,2025-08-12 12:31:31.772928+00:00,14.59199721,0.00013710,98.1810,231.5280,90.1492,269.9865,0,U,39634,999,60503,0.00004551300000,0.00000169,0.0000000000000,7073.896,98.684,696.731,694.791,PAYLOAD,LARGE,ESA,2014-04-03,FRGUI,,4812044,294898352,0 SENTINEL 1A,1 39634U 14016A   25224.52189552  .00000169  00000-0  45513-4 0  9997,2 39634  98.1810 231.5280 0001371  90.1492 269.9865 14.59199721605039
3.0,GENERATED VIA SPACE-TRACK.ORG API,2025-08-12 18:14:07+00:00,18 SPCS,SENTINEL 1A,2014-016A,EARTH,TEME,UTC,SGP4,2025-08-12 14:10:16.339296+00:00,14.59199742,0.00013710,98.1810,231.5955,90.1734,269.9623,0,U,39634,999,60501,0.00004512100000,0.00000167,0.0000000000000,7073.896,98.684,696.731,694.791,PAYLOAD,LARGE,ESA,2014-04-03,FRGUI,,4812255,294917462,0 SENTINEL 1A,1 39634U 14016A   25224.59046689  .00000167  00000-0  45121-4 0  9990,2 39634  98.1810 231.5955 0001371  90.1734 269.9623 14.59199742605010
3.0,GENERATED VIA SPACE-TRACK.ORG API,2025-08-13 03:28:02+00:00,18 SPCS,SENTINEL 1A,2014-016A,EARTH,TEME,UTC,SGP4,2025-08-12 17:27:45.472896+00:00,14.59199795,0.00013720,98.1810,231.7307,90.2721,269.8636,0,U,39634,999,60503,0.00004485400000,0.00000166,0.0000000000000,7073.896,98.684,696.731,694.790,PAYLOAD,LARGE,ESA,2014-04-03,FRGUI,,4812256,294947495,0 SENTINEL 1A,1 39634U 14016A   25224.72760964  .00000166  00000-0  44854-4 0  9995,2 39634  98.1810 231.7307 0001372  90.2721 269.8636 14.59199795605034
3.0,GENERATED VIA SPACE-TRACK.ORG API,2025-08-13 23:01:20+00:00,18 SPCS,SENTINEL 1A,2014-016A,EARTH,TEME,UTC,SGP4,2025-08-13 14:51:24.869376+00:00,14.59199747,0.00013740,98.1811,232.6094,89.1374,270.9983,0,U,39634,999,60516,0.00002512000000,0.00000073,0.0000000000000,7073.896,98.684,696.733,694.789,PAYLOAD,LARGE,ESA,2014-04-03,FRGUI,,4812257,294978369,0 SENTINEL 1A,1 39634U 14016A   25225.61903784  .00000073  00000-0  25120-4 0  9995,2 39634  98.1811 232.6094 0001374  89.1374 270.9983 14.59199747605160
3.0,GENERATED VIA SPACE-TRACK.ORG API,2025-08-14 02:27:49+00:00,18 SPCS,SENTINEL 1A,2014-016A,EARTH,TEME,UTC,SGP4,2025-08-13 23:05:07.741824+00:00,14.59199304,0.00013780,98.1811,232.9473,89.2620,270.8737,0,U,39634,999,60521,-0.00000279280000,-0.00000059,0.0000000000000,7073.898,98.684,696.737,694.788,PAYLOAD,LARGE,ESA,2014-04-03,FRGUI,,4812259,295008923,0 SENTINEL 1A,1 39634U 14016A   25225.96189516 -.00000059  00000-0 -27928-5 0  9997,2 39634  98.1811 232.9473 0001378  89.2620 270.8737 14.59199304605214
3.0,GENERATED VIA SPACE-TRACK.ORG API,2025-08-14 20:24:33+00:00,18 SPCS,SENTINEL 1A,2014-016A,EARTH,TEME,UTC,SGP4,2025-08-14 13:53:48.911712+00:00,14.59198594,0.00013020,98.1819,233.5558,89.3252,270.8097,0,U,39634,999,60530,-0.00003733400000,-0.00000222,0.0000000000000,7073.900,98.684,696.686,694.844,PAYLOAD,LARGE,ESA,2014-04-03,FRGUI,,4812261,295040306,0 SENTINEL 1A,1 39634U 14016A   25226.57903833 -.00000222  00000-0 -37334-4 0  9994,2 39634  98.1819 233.5558 0001302  89.3252 270.8097 14.59198594605301
3.0,GENERATED VIA SPACE-TRACK.ORG API,2025-08-15 02:38:02+00:00,18 SPCS,SENTINEL 1A,2014-016A,EARTH,TEME,UTC,SGP4,2025-08-14 22:07:31.771200+00:00,14.59198543,0.00013110,98.1819,233.8937,89.4003,270.7347,0,U,39634,999,60535,-0.00004084700000,-0.00000238,0.0000000000000,7073.900,98.684,696.692,694.838,PAYLOAD,LARGE,ESA,2014-04-03,FRGUI,,4812266,295132126,0 SENTINEL 1A,1 39634U 14016A   25226.92189550 -.00000238  00000-0 -40847-4 0  9995,2 39634  98.1819 233.8937 0001311  89.4003 270.7347 14.59198543605356
3.0,GENERATED VIA SPACE-TRACK.ORG API,2025-08-15 17:34:54+00:00,18 SPCS,SENTINEL 1A,2014-016A,EARTH,TEME,UTC,SGP4,2025-08-15 12:56:12.907392+00:00,14.59198652,0.00013150,98.1820,234.5020,89.5043,270.6307,0,U,39634,999,60544,-0.00002266100000,-0.00000153,0.0000000000000,7073.900,98.684,696.695,694.834,PAYLOAD,LARGE,ESA,2014-04-03,FRGUI,,4812268,295163497,0 SENTINEL 1A,1 39634U 14016A   25227.53903828 -.00000153  00000-0 -22661-4 0  9995,2 39634  98.1820 234.5020 0001315  89.5043 270.6307 14.59198652605444
3.0,GENERATED VIA SPACE-TRACK.ORG API,2025-08-15 22:36:49+00:00,18 SPCS,SENTINEL 1A,2014-016A,EARTH,TEME,UTC,SGP4,2025-08-15 11:17:28.337568+00:00,14.59198632,0.00013150,98.1820,234.4344,89.4932,270.6418,0,U,39634,999,60546,-0.00002513500000,-0.00000164,0.0000000000000,7073.900,98.684,696.695,694.834,PAYLOAD,LARGE,ESA,2014-04-03,FRGUI,,4813905,295242925,0 SENTINEL 1A,1 39634U 14016A   25227.47046687 -.00000164  00000-0 -25135-4 0  9990,2 39634  98.1820 234.4344 0001315  89.4932 270.6418 14.59198632605461
3.0,GENERATED VIA SPACE-TRACK.ORG API,2025-08-15 22:36:49+00:00,18 SPCS,SENTINEL 1A,2014-016A,EARTH,TEME,UTC,SGP4,2025-08-14 20:28:47.198784+00:00,14.59198560,0.00013110,98.1819,233.8261,89.5267,270.6083,0,U,39634,999,60537,-0.00004068100000,-0.00000238,0.0000000000000,7073.900,98.684,696.692,694.838,PAYLOAD,LARGE,ESA,2014-04-03,FRGUI,,4813968,295231312,0 SENTINEL 1A,1 39634U 14016A   25226.85332406 -.00000238  00000-0 -40681-4 0  9993,2 39634  98.1819 233.8261 0001311  89.5267 270.6083 14.59198560605376
3.0,GENERATED VIA SPACE-TRACK.ORG API,2025-08-15 22:36:49+00:00,18 SPCS,SENTINEL 1A,2014-016A,EARTH,TEME,UTC,SGP4,2025-08-14 17:11:18.058272+00:00,14.59198506,0.00013070,98.1819,233.6909,89.1891,270.9458,0,U,39634,999,60535,-0.00004308200000,-0.00000249,0.0000000000000,7073.900,98.684,696.690,694.841,PAYLOAD,LARGE,ESA,2014-04-03,FRGUI,,4813928,295220241,0 SENTINEL 1A,1 39634U 14016A   25226.71618123 -.00000249  00000-0 -43082-4 0  9991,2 39634  98.1819 233.6909 0001307  89.1891 270.9458 14.59198506605354
3.0,GENERATED VIA SPACE-TRACK.ORG API,2025-08-15 22:36:49+00:00,18 SPCS,SENTINEL 1A,2014-016A,EARTH,TEME,UTC,SGP4,2025-08-13 21:26:23.163360+00:00,14.59199423,0.00013730,98.1811,232.8797,89.6568,270.4789,0,U,39634,999,60523,0.00000318010000,-0.00000031,0.0000000000000,7073.897,98.684,696.733,694.791,PAYLOAD,LARGE,ESA,2014-04-03,FRGUI,,4813915,295204712,0 SENTINEL 1A,1 39634U 14016A   25225.89332365 -.00000031  00000-0  31801-5 0  9995,2 39634  98.1811 232.8797 0001373  89.6568 270.4789 14.59199423605239
3.0,GENERATED VIA SPACE-TRACK.ORG API,2025-08-15 22:36:49+00:00,18 SPCS,SENTINEL 1A,2014-016A,EARTH,TEME,UTC,SGP4,2025-08-13 11:33:55.727136+00:00,14.59199845,0.00013750,98.1811,232.4742,89.4379,270.6978,0,U,39634,999,60517,0.00003062500000,0.00000099,0.0000000000000,7073.896,98.684,696.733,694.788,PAYLOAD,LARGE,ESA,2014-04-03,FRGUI,,4814037,295196547,0 SENTINEL 1A,1 39634U 14016A   25225.48189499  .00000099  00000-0  30625-4 0  9993,2 39634  98.1811 232.4742 0001375  89.4379 270.6978 14.59199845605178
3.0,GENERATED VIA SPACE-TRACK.ORG API,2025-08-15 22:36:49+00:00,18 SPCS,SENTINEL 1A,2014-016A,EARTH,TEME,UTC,SGP4,2025-08-13 04:58:57.440064+00:00,14.59200034,0.00013710,98.1811,232.2038,90.1585,269.9771,0,U,39634,999,60513,0.00004549900000,0.00000169,0.0000000000000,7073.895,98.684,696.730,694.790,PAYLOAD,LARGE,ESA,2014-04-03,FRGUI,,4814071,295187903,0 SENTINEL 1A,1 39634U 14016A   25225.20760926  .00000169  00000-0  45499-4 0  9996,2 39634  98.1811 232.2038 0001371  90.1585 269.9771 14.59200034605139
3.0,GENERATED VIA SPACE-TRACK.ORG API,2025-08-15 22:36:49+00:00,18 SPCS,SENTINEL 1A,2014-016A,EARTH,TEME,UTC,SGP4,2025-08-15 03:03:45.486720+00:00,14.59198484,0.00013110,98.1819,234.0965,89.3030,270.8319,0,U,39634,999,60541,-0.00004008900000,-0.00000235,0.0000000000000,7073.900,98.684,696.693,694.838,PAYLOAD,LARGE,ESA,2014-04-03,FRGUI,,4813932,295234827,0 SENTINEL 1A,1 39634U 14016A   25227.12760980 -.00000235  00000-0 -40089-4 0  9995,2 39634  98.1819 234.0965 0001311  89.3030 270.8319 14.59198484605410
3.0,GENERATED VIA SPACE-TRACK.ORG API,2025-08-15 22:36:49+00:00,18 SPCS,SENTINEL 1A,2014-016A,EARTH,TEME,UTC,SGP4,2025-08-14 04:01:21.466848+00:00,14.59199012,0.00013110,98.1819,233.1502,89.4879,270.6471,0,U,39634,999,60527,-0.00001789500000,-0.00000130,0.0000000000000,7073.898,98.684,696.691,694.836,PAYLOAD,LARGE,ESA,2014-04-03,FRGUI,,4813923,295211192,0 SENTINEL 1A,1 39634U 14016A   25226.16760957 -.00000130  00000-0 -17895-4 0  9995,2 39634  98.1819 233.1502 0001311  89.4879 270.6471 14.59199012605278
3.0,GENERATED VIA SPACE-TRACK.ORG API,2025-08-15 22:36:49+00:00,18 SPCS,SENTINEL 1A,2014-016A,EARTH,TEME,UTC,SGP4,2025-08-12 20:45:14.614272+00:00,14.59199718,0.00013730,98.1810,231.8659,89.9774,270.1583,0,U,39634,999,60508,0.00004007000000,0.00000143,0.0000000000000,7073.896,98.684,696.732,694.790,PAYLOAD,LARGE,ESA,2014-04-03,FRGUI,,4813946,295180641,0 SENTINEL 1A,1 39634U 14016A   25224.86475248  .00000143  00000-0  40070-4 0  9999,2 39634  98.1810 231.8659 0001373  89.9774 270.1583 14.59199718605085
3.0,GENERATED VIA SPACE-TRACK.ORG API,2025-08-16 03:51:34+00:00,18 SPCS,SENTINEL 1A,2014-016A,EARTH,TEME,UTC,SGP4,2025-08-15 22:48:40.309056+00:00,14.59199063,0.00013630,98.1812,234.9074,89.9022,270.2334,0,U,39634,999,60550,0.00000827720000,-0.00000007,0.0000000000000,7073.898,98.684,696.727,694.799,PAYLOAD,LARGE,ESA,2014-04-03,FRGUI,,4815276,295265153,0 SENTINEL 1A,1 39634U 14016A   25227.95046654 -.00000007  00000-0  82772-5 0  9993,2 39634  98.1812 234.9074 0001363  89.9022 270.2334 14.59199063605502
3.0,GENERATED VIA SPACE-TRACK.ORG API,2025-08-16 10:46:31+00:00,18 SPCS,SENTINEL 1A,2014-016A,EARTH,TEME,UTC,SGP4,2025-08-16 07:02:23.159040+00:00,14.59199242,0.00013720,98.1813,235.2454,89.3613,270.7744,0,U,39634,999,60558,0.00001894000000,0.00000044,0.0000000000000,7073.898,98.684,696.733,694.792,PAYLOAD,LARGE,ESA,2014-04-03,FRGUI,,4815327,295282553,0 SENTINEL 1A,1 39634U 14016A   25228.29332360  .00000044  00000-0  18940-4 0  9998,2 39634  98.1813 235.2454 0001372  89.3613 270.7744 14.59199242605586
3.0,GENERATED VIA SPACE-TRACK.ORG API,2025-08-16 16:56:39+00:00,18 SPCS,SENTINEL 1A,2014-016A,EARTH,TEME,UTC,SGP4,2025-08-16 13:37:21.442656+00:00,14.59199227,0.00013620,98.1813,235.5158,89.3698,270.7658,0,U,39634,999,60562,0.00001997400000,0.00000048,0.0000000000000,7073.898,98.684,696.726,694.799,PAYLOAD,LARGE,ESA,2014-04-03,FRGUI,,4815947,295297927,0 SENTINEL 1A,1 39634U 14016A   25228.56760929  .00000048  00000-0  19974-4 0  9996,2 39634  98.1813 235.5158 0001362  89.3698 270.7658 14.59199227605624
3.0,GENERATED VIA SPACE-TRACK.ORG API,2025-08-16 17:54:20+00:00,18 SPCS,SENTINEL 1A,2014-016A,EARTH,TEME,UTC,SGP4,2025-08-16 13:37:21.442656+00:00,14.59199227,0.00013620,98.1813,235.5158,89.3698,270.7658,0,U,39634,999,60559,0.00001997400000,0.00000048,0.0000000000000,7073.898,98.684,696.726,694.799,PAYLOAD,LARGE,ESA,2014-04-03,FRGUI,,4816161,295317138,0 SENTINEL 1A,1 39634U 14016A   25228.56760929  .00000048  00000-0  19974-4 0  9996,2 39634  98.1813 235.5158 0001362  89.3698 270.7658 14.59199227605590
3.0,GENERATED VIA SPACE-TRACK.ORG API,2025-08-16 22:26:19+00:00,18 SPCS,SENTINEL 1A,2014-016A,EARTH,TEME,UTC,SGP4,2025-08-16 18:33:35.156448+00:00,14.59199186,0.00013630,98.1813,235.7186,89.8365,270.2990,0,U,39634,999,60565,0.00001786300000,0.00000038,0.0000000000000,7073.898,98.684,696.727,694.799,PAYLOAD,LARGE,ESA,2014-04-03,FRGUI,,4816174,295365073,0 SENTINEL 1A,1 39634U 14016A   25228.77332357  .00000038  00000-0  17863-4 0  9993,2 39634  98.1813 235.7186 0001363  89.8365 270.2990 14.59199186605655
3.0,GENERATED VIA SPACE-TRACK.ORG API,2025-08-17 06:16:35+00:00,18 SPCS,SENTINEL 1A,2014-016A,EARTH,TEME,UTC,SGP4,2025-08-17 04:26:02.583168+00:00,14.59198933,0.00013010,98.1820,236.1241,90.5580,269.5768,0,U,39634,999,60571,-0.00000248880000,-0.00000058,0.0000000000000,7073.899,98.684,696.684,694.843,PAYLOAD,LARGE,ESA,2014-04-03,FRGUI,,4816363,295460607,0 SENTINEL 1A,1 39634U 14016A   25229.18475212 -.00000058  00000-0 -24888-5 0  9997,2 39634  98.1820 236.1241 0001301  90.5580 269.5768 14.59198933605710
3.0,GENERATED VIA SPACE-TRACK.ORG API,2025-08-17 14:16:16+00:00,18 SPCS,SENTINEL 1A,2014-016A,EARTH,TEME,UTC,SGP4,2025-08-17 12:39:45.455616+00:00,14.59198595,0.00013070,98.1820,236.4621,89.5700,270.5649,0,U,39634,999,60576,-0.00002241700000,-0.00000151,0.0000000000000,7073.900,98.684,696.689,694.840,PAYLOAD,LARGE,ESA,2014-04-03,FRGUI,,4816665,295468160,0 SENTINEL 1A,1 39634U 14016A   25229.52760944 -.00000151  00000-0 -22417-4 0  9993,2 39634  98.1820 236.4621 0001307  89.5700 270.5649 14.59198595605762
3.0,GENERATED VIA SPACE-TRACK.ORG API,2025-08-17 19:21:32+00:00,18 SPCS,SENTINEL 1A,2014-016A,EARTH,TEME,UTC,SGP4,2025-08-17 14:18:30.028032+00:00,14.59198554,0.00013060,98.1820,236.5297,89.6352,270.4998,0,U,39634,999,60574,-0.00002422800000,-0.00000160,0.0000000000000,7073.900,98.684,696.689,694.841,PAYLOAD,LARGE,ESA,2014-04-03,FRGUI,,4817045,295491514,0 SENTINEL 1A,1 39634U 14016A   25229.59618088 -.00000160  00000-0 -24228-4 0  9993,2 39634  98.1820 236.5297 0001306  89.6352 270.4998 14.59198554605744
3.0,GENERATED VIA SPACE-TRACK.ORG API,2025-08-17 22:16:17+00:00,18 SPCS,SENTINEL 1A,2014-016A,EARTH,TEME,UTC,SGP4,2025-08-17 20:53:28.322016+00:00,14.59198490,0.00013060,98.1820,236.8000,89.5262,270.6087,0,U,39634,999,60581,-0.00002565300000,-0.00000167,0.0000000000000,7073.900,98.684,696.689,694.841,PAYLOAD,LARGE,ESA,2014-04-03,FRGUI,,4817077,295508201,0 SENTINEL 1A,1 39634U 14016A   25229.87046669 -.00000167  00000-0 -25653-4 0  9994,2 39634  98.1820 236.8000 0001306  89.5262 270.6087 14.59198490605816
3.0,GENERATED VIA SPACE-TRACK.ORG API,2025-08-18 03:23:28+00:00,18 SPCS,SENTINEL 1A,2014-016A,EARTH,TEME,UTC,SGP4,2025-08-17 22:32:12.892704+00:00,14.59198497,0.00013040,98.1820,236.8676,89.5632,270.5717,0,U,39634,999,60579,-0.00002467600000,-0.00000162,0.0000000000000,7073.900,98.684,696.688,694.843,PAYLOAD,LARGE,ESA,2014-04-03,FRGUI,,4817429,295531062,0 SENTINEL 1A,1 39634U 14016A   25229.93903811 -.00000162  00000-0 -24676-4 0  9991,2 39634  98.1820 236.8676 0001304  89.5632 270.5717 14.59198497605797
3.0,GENERATED VIA SPACE-TRACK.ORG API,2025-08-18 06:26:19+00:00,18 SPCS,SENTINEL 1A,2014-016A,EARTH,TEME,UTC,SGP4,2025-08-18 03:28:26.609088+00:00,14.59198411,0.00013090,98.1820,237.0703,89.4010,270.7339,0,U,39634,999,60585,-0.00002801600000,-0.00000178,0.0000000000000,7073.900,98.684,696.691,694.839,PAYLOAD,LARGE,ESA,2014-04-03,FRGUI,,4817483,295548334,0 SENTINEL 1A,1 39634U 14016A   25230.14475242 -.00000178  00000-0 -28016-4 0  9997,2 39634  98.1820 237.0703 0001309  89.4010 270.7339 14.59198411605850
3.0,GENERATED VIA SPACE-TRACK.ORG API,2025-08-18 14:16:19+00:00,18 SPCS,SENTINEL 1A,2014-016A,EARTH,TEME,UTC,SGP4,2025-08-18 11:42:09.458208+00:00,14.59198487,0.00013100,98.1821,237.4083,89.7877,270.3473,0,U,39634,999,60590,-0.00002074500000,-0.00000144,0.0000000000000,7073.900,98.684,696.692,694.839,PAYLOAD,LARGE,ESA,2014-04-03,FRGUI,,4817718,295554329,0 SENTINEL 1A,1 39634U 14016A   25230.48760947 -.00000144  00000-0 -20745-4 0  9997,2 39634  98.1821 237.4083 0001310  89.7877 270.3473 14.59198487605906
3.0,GENERATED VIA SPACE-TRACK.ORG API,2025-08-18 19:34:57+00:00,18 SPCS,SENTINEL 1A,2014-016A,EARTH,TEME,UTC,SGP4,2025-08-18 13:20:54.029760+00:00,14.59198529,0.00013110,98.1821,237.4758,89.6638,270.4712,0,U,39634,999,60588,-0.00001776100000,-0.00000130,0.0000000000000,7073.900,98.684,696.692,694.838,PAYLOAD,LARGE,ESA,2014-04-03,FRGUI,,4818027,295576266,0 SENTINEL 1A,1 39634U 14016A   25230.55618090 -.00000130  00000-0 -17761-4 0  9995,2 39634  98.1821 237.4758 0001311  89.6638 270.4712 14.59198529605881
3.0,GENERATED VIA SPACE-TRACK.ORG API,2025-08-18 22:16:17+00:00,18 SPCS,SENTINEL 1A,2014-016A,EARTH,TEME,UTC,SGP4,2025-08-18 19:55:52.304736+00:00,14.59198870,0.00013060,98.1821,237.7462,89.3575,270.7775,0,U,39634,999,60595,0.00000673440000,-0.00000014,0.0000000000000,7073.899,98.684,696.688,694.840,PAYLOAD,LARGE,ESA,2014-04-03,FRGUI,,4818069,295592947,0 SENTINEL 1A,1 39634U 14016A   25230.83046649 -.00000014  00000-0  67344-5 0  9994,2 39634  98.1821 237.7462 0001306  89.3575 270.7775 14.59198870605956
3.0,GENERATED VIA SPACE-TRACK.ORG API,2025-08-19 02:51:04+00:00,18 SPCS,SENTINEL 1A,2014-016A,EARTH,TEME,UTC,SGP4,2025-08-18 23:13:21.459072+00:00,14.59199011,0.00013590,98.1815,237.8813,89.4983,270.6372,0,U,39634,999,60594,0.00001553500000,0.00000027,0.0000000000000,7073.898,98.684,696.725,694.802,PAYLOAD,LARGE,ESA,2014-04-03,FRGUI,,4818361,295613852,0 SENTINEL 1A,1 39634U 14016A   25230.96760948  .00000027  00000-0  15535-4 0  9990,2 39634  98.1815 237.8813 0001359  89.4983 270.6372 14.59199011605941
3.0,GENERATED VIA SPACE-TRACK.ORG API,2025-08-19 06:26:19+00:00,18 SPCS,SENTINEL 1A,2014-016A,EARTH,TEME,UTC,SGP4,2025-08-19 04:09:35.164224+00:00,14.59199226,0.00013670,98.1816,238.0841,89.6938,270.4418,0,U,39634,999,60600,0.00002743400000,0.00000084,0.0000000000000,7073.898,98.684,696.730,694.796,PAYLOAD,LARGE,ESA,2014-04-03,FRGUI,,4818389,295631384,0 SENTINEL 1A,1 39634U 14016A   25231.17332366  .00000084  00000-0  27434-4 0  9997,2 39634  98.1816 238.0841 0001367  89.6938 270.4418 14.59199226606002
3.0,GENERATED VIA SPACE-TRACK.ORG API,2025-08-19 14:16:18+00:00,18 SPCS,SENTINEL 1A,2014-016A,EARTH,TEME,UTC,SGP4,2025-08-19 12:23:18.001248+00:00,14.59199598,0.00013670,98.1816,238.4221,89.8396,270.2960,0,U,39634,999,60605,0.00004314500000,0.00000158,0.0000000000000,7073.897,98.684,696.729,694.795,PAYLOAD,LARGE,ESA,2014-04-03,FRGUI,,4818692,295638744,0 SENTINEL 1A,1 39634U 14016A   25231.51618057  .00000158  00000-0  43145-4 0  9998,2 39634  98.1816 238.4221 0001367  89.8396 270.2960 14.59199598606055
3.0,GENERATED VIA SPACE-TRACK.ORG API,2025-08-19 19:13:10+00:00,18 SPCS,SENTINEL 1A,2014-016A,EARTH,TEME,UTC,SGP4,2025-08-19 14:02:02.570208+00:00,14.59199613,0.00013670,98.1816,238.4897,89.8997,270.2360,0,U,39634,999,60603,0.00004276400000,0.00000156,0.0000000000000,7073.897,98.684,696.729,694.795,PAYLOAD,LARGE,ESA,2014-04-03,FRGUI,,4818969,295659598,0 SENTINEL 1A,1 39634U 14016A   25231.58475197  .00000156  00000-0  42764-4 0  9995,2 39634  98.1816 238.4897 0001367  89.8997 270.2360 14.59199613606031
3.0,GENERATED VIA SPACE-TRACK.ORG API,2025-08-19 22:16:59+00:00,18 SPCS,SENTINEL 1A,2014-016A,EARTH,TEME,UTC,SGP4,2025-08-19 18:58:16.267584+00:00,14.59199768,0.00013670,98.1816,238.6925,89.8166,270.3190,0,U,39634,999,60609,0.00004616300000,0.00000172,0.0000000000000,7073.896,98.684,696.728,694.794,PAYLOAD,LARGE,ESA,2014-04-03,FRGUI,,4819001,295677044,0 SENTINEL 1A,1 39634U 14016A   25231.79046606  .00000172  00000-0  46163-4 0  9992,2 39634  98.1816 238.6925 0001367  89.8166 270.3190 14.59199768606092
3.0,GENERATED VIA SPACE-TRACK.ORG API,2025-08-20 03:59:34+00:00,18 SPCS,SENTINEL 1A,2014-016A,EARTH,TEME,UTC,SGP4,2025-08-19 22:15:45.402048+00:00,14.59199848,0.00013650,98.1816,238.8276,89.7891,270.3465,0,U,39634,999,60608,0.00004669600000,0.00000174,0.0000000000000,7073.896,98.684,696.726,694.795,PAYLOAD,LARGE,ESA,2014-04-03,FRGUI,,4819237,295696269,0 SENTINEL 1A,1 39634U 14016A   25231.92760882  .00000174  00000-0  46696-4 0  9999,2 39634  98.1816 238.8276 0001365  89.7891 270.3465 14.59199848606088
3.0,GENERATED VIA SPACE-TRACK.ORG API,2025-08-20 08:26:17+00:00,18 SPCS,SENTINEL 1A,2014-016A,EARTH,TEME,UTC,SGP4,2025-08-20 06:29:28.245984+00:00,14.59199874,0.00013720,98.1817,239.1656,89.5152,270.6205,0,U,39634,999,60616,0.00004266600000,0.00000155,0.0000000000000,7073.896,98.684,696.731,694.790,PAYLOAD,LARGE,ESA,2014-04-03,FRGUI,,4819268,295713952,0 SENTINEL 1A,1 39634U 14016A   25232.27046581  .00000155  00000-0  42666-4 0  9993,2 39634  98.1817 239.1656 0001372  89.5152 270.6205 14.59199874606164
3.0,GENERATED VIA SPACE-TRACK.ORG API,2025-08-20 14:16:29+00:00,18 SPCS,SENTINEL 1A,2014-016A,EARTH,TEME,UTC,SGP4,2025-08-20 08:08:12.814080+00:00,14.59199878,0.00013710,98.1817,239.2332,89.7914,270.3443,0,U,39634,999,60617,0.00004106700000,0.00000148,0.0000000000000,7073.896,98.684,696.731,694.791,PAYLOAD,LARGE,ESA,2014-04-03,FRGUI,,4819653,295723454,0 SENTINEL 1A,1 39634U 14016A   25232.33903720  .00000148  00000-0  41067-4 0  9993,2 39634  98.1817 239.2332 0001371  89.7914 270.3443 14.59199878606179
3.0,GENERATED VIA SPACE-TRACK.ORG API,2025-08-20 22:00:37+00:00,18 SPCS,SENTINEL 1A,2014-016A,EARTH,TEME,UTC,SGP4,2025-08-20 08:08:12.814080+00:00,14.59199878,0.00013710,98.1817,239.2332,89.7914,270.3443,0,U,39634,999,60614,0.00004106700000,0.00000148,0.0000000000000,7073.896,98.684,696.731,694.791,PAYLOAD,LARGE,ESA,2014-04-03,FRGUI,,4819966,295743500,0 SENTINEL 1A,1 39634U 14016A   25232.33903720  .00000148  00000-0  41067-4 0  9993,2 39634  98.1817 239.2332 0001371  89.7914 270.3443 14.59199878606146
3.0,GENERATED VIA SPACE-TRACK.ORG API,2025-08-21 02:23:54+00:00,18 SPCS,SENTINEL 1A,2014-016A,EARTH,TEME,UTC,SGP4,2025-08-20 21:18:09.465984+00:00,14.59197600,0.00013860,98.1817,239.7737,88.5269,271.6089,0,U,39634,999,60622,0.00029499000000,0.00001345,0.0000000000000,7073.903,98.684,696.748,694.788,PAYLOAD,LARGE,ESA,2014-04-03,FRGUI,,4820012,295774098,0 SENTINEL 1A,1 39634U 14016A   25232.88760956  .00001345  00000-0  29499-3 0  9999,2 39634  98.1817 239.7737 0001386  88.5269 271.6089 14.59197600606226
3.0,GENERATED VIA SPACE-TRACK.ORG API,2025-08-22 03:01:26+00:00,18 SPCS,SENTINEL 1A,2014-016A,EARTH,TEME,UTC,SGP4,2025-08-21 13:45:35.272224+00:00,14.59197243,0.00013829,98.1811,240.4497,89.2607,270.8751,0,U,39634,999,60632,0.00001185662000,0.00000010,0.0000000000000,7073.904,98.684,696.747,694.791,PAYLOAD,LARGE,ESA,2014-04-03,FRGUI,,4820107,295795887,0 SENTINEL 1A,1 39634U 14016A   25233.57332491  .00000010  00000-0  11857-4 0  9993,2 39634  98.1811 240.4497 0001383  89.2607 270.8751 14.59197243606324
3.0,GENERATED VIA SPACE-TRACK.ORG API,2025-08-22 21:09:24+00:00,18 SPCS,SENTINEL 1A,2014-016A,EARTH,TEME,UTC,SGP4,2025-08-22 14:26:43.907712+00:00,14.59197751,0.00013822,98.1811,241.4637,89.5223,270.6136,0,U,39634,999,60647,0.00004126656700,0.00000149,0.0000000000000,7073.903,98.684,696.745,694.790,PAYLOAD,LARGE,ESA,2014-04-03,FRGUI,,4820143,295810186,0 SENTINEL 1A,1 39634U 14016A   25234.60189708  .00000149  00000-0  41267-4 0  9990,2 39634  98.1811 241.4637 0001382  89.5223 270.6136 14.59197751606472
3.0,GENERATED VIA SPACE-TRACK.ORG API,2025-08-23 17:13:00+00:00,18 SPCS,SENTINEL 1A,2014-016A,EARTH,TEME,UTC,SGP4,2025-08-23 06:54:09.658656+00:00,14.59198038,0.00013800,98.1812,242.1395,89.0832,271.0526,0,U,39634,999,60657,0.00004044990400,0.00000145,0.0000000000000,7073.902,98.684,696.743,694.790,PAYLOAD,LARGE,ESA,2014-04-03,FRGUI,,4820249,295833706,0 SENTINEL 1A,1 39634U 14016A   25235.28761179  .00000145  00000-0  40450-4 0  9992,2 39634  98.1812 242.1395 0001380  89.0832 271.0526 14.59198038606579
3.0,GENERATED VIA SPACE-TRACK.ORG API,2025-08-24 02:08:44+00:00,18 SPCS,SENTINEL 1A,2014-016A,EARTH,TEME,UTC,SGP4,2025-08-23 23:21:35.398368+00:00,14.59198254,0.00013714,98.1812,242.8155,89.4097,270.7260,0,U,39634,999,60667,0.00003770551500,0.00000132,0.0000000000000,7073.901,98.684,696.736,694.796,PAYLOAD,LARGE,ESA,2014-04-03,FRGUI,,4820264,295861706,0 SENTINEL 1A,1 39634U 14016A   25235.97332637  .00000132  00000-0  37706-4 0  9997,2 39634  98.1812 242.8155 0001371  89.4097 270.7260 14.59198254606679
3.0,GENERATED VIA SPACE-TRACK.ORG API,2025-08-24 18:52:16+00:00,18 SPCS,SENTINEL 1A,2014-016A,EARTH,TEME,UTC,SGP4,2025-08-24 14:10:16.550976+00:00,14.59198544,0.00013711,98.1812,243.4238,89.4116,270.7241,0,U,39634,999,60676,0.00003907650700,0.00000138,0.0000000000000,7073.900,98.684,696.735,694.795,PAYLOAD,LARGE,ESA,2014-04-03,FRGUI,,4820322,295893218,0 SENTINEL 1A,1 39634U 14016A   25236.59046934  .00000138  00000-0  39077-4 0  9997,2 39634  98.1812 243.4238 0001371  89.4116 270.7241 14.59198544606761
3.0,GENERATED VIA SPACE-TRACK.ORG API,2025-08-25 02:12:38+00:00,18 SPCS,SENTINEL 1A,2014-016A,EARTH,TEME,UTC,SGP4,2025-08-25 00:02:43.980288+00:00,14.59198772,0.00013678,98.1812,243.8293,89.5532,270.5824,0,U,39634,999,60682,0.00004136971500,0.00000149,0.0000000000000,7073.899,98.684,696.732,694.797,PAYLOAD,LARGE,ESA,2014-04-03,FRGUI,,4820340,295923900,0 SENTINEL 1A,1 39634U 14016A   25237.00189792  .00000149  00000-0  41370-4 0  9995,2 39634  98.1812 243.8293 0001368  89.5532 270.5824 14.59198772606820
3.0,GENERATED VIA SPACE-TRACK.ORG API,2025-08-25 21:12:07+00:00,18 SPCS,SENTINEL 1A,2014-016A,EARTH,TEME,UTC,SGP4,2025-08-25 14:51:25.118208+00:00,14.59199040,0.00013701,98.1813,244.4376,89.1321,271.0035,0,U,39634,999,60691,0.00004344703200,0.00000159,0.0000000000000,7073.898,98.684,696.733,694.794,PAYLOAD,LARGE,ESA,2014-04-03,FRGUI,,4820412,295954426,0 SENTINEL 1A,1 39634U 14016A   25237.61904072  .00000159  00000-0  43447-4 0  9996,2 39634  98.1813 244.4376 0001370  89.1321 271.0035 14.59199040606914
3.0,GENERATED VIA SPACE-TRACK.ORG API,2025-08-26 04:03:46+00:00,18 SPCS,SENTINEL 1A,2014-016A,EARTH,TEME,UTC,SGP4,2025-08-25 23:05:07.961280+00:00,14.59199322,0.00013619,98.1813,244.7756,89.7659,270.3696,0,U,39634,999,60696,0.00004826904400,0.00000182,0.0000000000000,7073.897,98.684,696.726,694.799,PAYLOAD,LARGE,ESA,2014-04-03,FRGUI,,4820461,295985603,0 SENTINEL 1A,1 39634U 14016A   25237.96189770  .00000182  00000-0  48269-4 0  9997,2 39634  98.1813 244.7756 0001362  89.7659 270.3696 14.59199322606963
3.0,GENERATED VIA SPACE-TRACK.ORG API,2025-08-26 22:27:06+00:00,18 SPCS,SENTINEL 1A,2014-016A,EARTH,TEME,UTC,SGP4,2025-08-26 13:53:49.081920+00:00,14.59199555,0.00013657,98.1814,245.3839,89.7917,270.3439,0,U,39634,999,60705,0.00004601908400,0.00000171,0.0000000000000,7073.897,98.684,696.728,694.796,PAYLOAD,LARGE,ESA,2014-04-03,FRGUI,,4820578,296016179,0 SENTINEL 1A,1 39634U 14016A   25238.57904030  .00000171  00000-0  46019-4 0  9998,2 39634  98.1814 245.3839 0001366  89.7917 270.3439 14.59199555607058
3.0,GENERATED VIA SPACE-TRACK.ORG API,2025-08-27 02:14:13+00:00,18 SPCS,SENTINEL 1A,2014-016A,EARTH,TEME,UTC,SGP4,2025-08-26 23:46:16.487904+00:00,14.59199861,0.00013658,98.1814,245.7895,89.7848,270.3509,0,U,39634,999,60711,0.00005169680700,0.00000198,0.0000000000000,7073.896,98.684,696.727,694.795,PAYLOAD,LARGE,ESA,2014-04-03,FRGUI,,4820598,296046826,0 SENTINEL 1A,1 39634U 14016A   25238.99046861  .00000198  00000-0  51697-4 0  9990,2 39634  98.1814 245.7895 0001366  89.7848 270.3509 14.59199861607112
3.0,GENERATED VIA SPACE-TRACK.ORG API,2025-08-27 12:18:54+00:00,18 SPCS,SENTINEL 1A,2014-016A,EARTH,TEME,UTC,SGP4,2025-08-27 06:21:14.759424+00:00,14.59200002,0.00013696,98.1814,246.0599,89.3917,270.7439,0,U,39634,999,60715,0.00005319696000,0.00000205,0.0000000000000,7073.895,98.684,696.729,694.791,PAYLOAD,LARGE,ESA,2014-04-03,FRGUI,,4820647,296078007,0 SENTINEL 1A,1 39634U 14016A   25239.26475416  .00000205  00000-0  53197-4 0  9999,2 39634  98.1814 246.0599 0001370  89.3917 270.7439 14.59200002607155
3.0,GENERATED VIA SPACE-TRACK.ORG API,2025-08-27 16:56:16+00:00,18 SPCS,SENTINEL 1A,2014-016A,EARTH,TEME,UTC,SGP4,2025-08-27 14:34:57.618912+00:00,14.59199734,0.00013670,98.1819,246.3978,89.3427,270.7929,0,U,39634,999,60720,0.00003639600000,0.00000126,0.0000000000000,7073.896,98.684,696.728,694.794,PAYLOAD,LARGE,ESA,2014-04-03,FRGUI,,4820672,296094589,0 SENTINEL 1A,1 39634U 14016A   25239.60761133  .00000126  00000-0  36396-4 0  9995,2 39634  98.1819 246.3978 0001367  89.3427 270.7929 14.59199734607205
3.0,GENERATED VIA SPACE-TRACK.ORG API,2025-08-27 16:56:16+00:00,18 SPCS,SENTINEL 1A,2014-016A,EARTH,TEME,UTC,SGP4,2025-08-27 14:34:57.618048+00:00,14.59199711,0.00013650,98.1819,246.3978,89.5559,270.5797,0,U,39634,999,60720,0.00003523100000,0.00000120,0.0000000000000,7073.896,98.684,696.727,694.796,PAYLOAD,LARGE,ESA,2014-04-03,FRGUI,,4820671,296094591,0 SENTINEL 1A,1 39634U 14016A   25239.60761132  .00000120  00000-0  35231-4 0  9995,2 39634  98.1819 246.3978 0001365  89.5559 270.5797 14.59199711607207
3.0,GENERATED VIA SPACE-TRACK.ORG API,2025-08-27 20:01:58+00:00,18 SPCS,SENTINEL 1A,2014-016A,EARTH,TEME,UTC,SGP4,2025-08-27 14:34:57.618912+00:00,14.59199734,0.00013669,98.1819,246.3978,89.3427,270.7930,0,U,39634,999,60720,0.00003639613400,0.00000126,0.0000000000000,7073.896,98.684,696.728,694.794,PAYLOAD,LARGE,ESA,2014-04-03,FRGUI,,4820732,296109125,0 SENTINEL 1A,1 39634U 14016A   25239.60761133  .00000126  00000-0  36396-4 0  9995,2 39634  98.1819 246.3978 0001367  89.3427 270.7930 14.59199734607207
3.0,GENERATED VIA SPACE-TRACK.ORG API,2025-08-28 02:53:28+00:00,18 SPCS,SENTINEL 1A,2014-016A,EARTH,TEME,UTC,SGP4,2025-08-27 22:48:40.501728+00:00,14.59198675,0.00013627,98.1816,246.7356,90.4657,269.6699,0,U,39634,999,60725,0.00000824535600,-0.00000007,0.0000000000000,7073.900,98.684,696.729,694.801,PAYLOAD,LARGE,ESA,2014-04-03,FRGUI,,4820797,296170336,0 SENTINEL 1A,1 39634U 14016A   25239.95046877 -.00000007  00000-0  82454-5 0  9990,2 39634  98.1816 246.7356 0001363  90.4657 269.6699 14.59198675607259
3.0,GENERATED VIA SPACE-TRACK.ORG API,2025-08-28 23:13:47+00:00,18 SPCS,SENTINEL 1A,2014-016A,EARTH,TEME,UTC,SGP4,2025-08-28 15:16:06.201696+00:00,14.59199171,0.00013731,98.1816,247.4117,89.9477,270.1880,0,U,39634,999,60735,0.00003368136100,0.00000113,0.0000000000000,7073.898,98.684,696.734,694.792,PAYLOAD,LARGE,ESA,2014-04-03,FRGUI,,4820893,296201437,0 SENTINEL 1A,1 39634U 14016A   25240.63618289  .00000113  00000-0  33681-4 0  9993,2 39634  98.1816 247.4117 0001373  89.9477 270.1880 14.59199171607358
3.0,GENERATED VIA SPACE-TRACK.ORG API,2025-08-29 02:15:49+00:00,18 SPCS,SENTINEL 1A,2014-016A,EARTH,TEME,UTC,SGP4,2025-08-28 23:29:49.030080+00:00,14.59199793,0.00013631,98.1820,247.7496,89.7446,270.3910,0,U,39634,999,60740,0.00007201025900,0.00000294,0.0000000000000,7073.896,98.684,696.725,694.797,PAYLOAD,LARGE,ESA,2014-04-03,FRGUI,,4820901,296232120,0 SENTINEL 1A,1 39634U 14016A   25240.97903970  .00000294  00000-0  72010-4 0  9993,2 39634  98.1820 247.7496 0001363  89.7446 270.3910 14.59199793607401
3.0,GENERATED VIA SPACE-TRACK.ORG API,2025-08-29 09:54:54+00:00,18 SPCS,SENTINEL 1A,2014-016A,EARTH,TEME,UTC,SGP4,2025-08-29 06:04:47.305056+00:00,14.59199829,0.00013657,98.1821,248.0200,89.6395,270.4961,0,U,39634,999,60744,0.00006389094600,0.00000255,0.0000000000000,7073.896,98.684,696.727,694.795,PAYLOAD,LARGE,ESA,2014-04-03,FRGUI,,4820981,296263379,0 SENTINEL 1A,1 39634U 14016A   25241.25332529  .00000255  00000-0  63891-4 0  9995,2 39634  98.1821 248.0200 0001366  89.6395 270.4961 14.59199829607445
3.0,GENERATED VIA SPACE-TRACK.ORG API,2025-08-30 03:38:48+00:00,18 SPCS,SENTINEL 1A,2014-016A,EARTH,TEME,UTC,SGP4,2025-08-30 00:10:57.533376+00:00,14.59200368,0.00013650,98.1821,248.7635,89.4561,270.6795,0,U,39634,999,60755,0.00006904811500,0.00000280,0.0000000000000,7073.894,98.684,696.725,694.794,PAYLOAD,LARGE,ESA,2014-04-03,FRGUI,,4821102,296355864,0 SENTINEL 1A,1 39634U 14016A   25242.00761034  .00000280  00000-0  69048-4 0  9994,2 39634  98.1821 248.7635 0001365  89.4561 270.6795 14.59200368607556
3.0,GENERATED VIA SPACE-TRACK.ORG API,2025-08-30 11:24:46+00:00,18 SPCS,SENTINEL 1A,2014-016A,EARTH,TEME,UTC,SGP4,2025-08-30 03:28:26.668704+00:00,14.59200351,0.00013680,98.1822,248.8987,89.6969,270.4388,0,U,39634,999,60757,0.00006353326100,0.00000254,0.0000000000000,7073.894,98.684,696.727,694.791,PAYLOAD,LARGE,ESA,2014-04-03,FRGUI,,4821106,296386547,0 SENTINEL 1A,1 39634U 14016A   25242.14475311  .00000254  00000-0  63533-4 0  9993,2 39634  98.1822 248.8987 0001368  89.6969 270.4388 14.59200351607575
3.0,GENERATED VIA SPACE-TRACK.ORG API,2025-08-31 02:26:50+00:00,18 SPCS,SENTINEL 1A,2014-016A,EARTH,TEME,UTC,SGP4,2025-08-30 23:13:21.618912+00:00,14.59197812,0.00013644,98.1821,249.7098,89.4266,270.7090,0,U,39634,999,60769,0.00010187325000,0.00000434,0.0000000000000,7073.902,98.684,696.733,694.802,PAYLOAD,LARGE,ESA,2014-04-03,FRGUI,,4821165,296417148,0 SENTINEL 1A,1 39634U 14016A   25242.96761133  .00000434  00000-0  10187-3 0  9999,2 39634  98.1821 249.7098 0001364  89.4266 270.7090 14.59197812607694
3.0,GENERATED VIA SPACE-TRACK.ORG API,2025-08-31 11:35:43+00:00,18 SPCS,SENTINEL 1A,2014-016A,EARTH,TEME,UTC,SGP4,2025-08-31 07:27:04.513824+00:00,14.59197715,0.00013620,98.1822,250.0478,88.9260,271.2096,0,U,39634,999,60774,0.00005422800100,0.00000210,0.0000000000000,7073.903,98.684,696.731,694.804,PAYLOAD,LARGE,ESA,2014-04-03,FRGUI,,4821198,296448360,0 SENTINEL 1A,1 39634U 14016A   25243.31046891  .00000210  00000-0  54228-4 0  9993,2 39634  98.1822 250.0478 0001362  88.9260 271.2096 14.59197715607748
3.0,GENERATED VIA SPACE-TRACK.ORG API,2025-08-31 17:37:22+00:00,18 SPCS,SENTINEL 1A,2014-016A,EARTH,TEME,UTC,SGP4,2025-08-31 14:02:02.812992+00:00,14.59198113,0.00013619,98.1817,250.3182,88.7192,271.4164,0,U,39634,999,60778,0.00007308420900,0.00000299,0.0000000000000,7073.901,98.684,696.730,694.803,PAYLOAD,LARGE,ESA,2014-04-03,FRGUI,,4821225,296479391,0 SENTINEL 1A,1 39634U 14016A   25243.58475478  .00000299  00000-0  73084-4 0  9997,2 39634  98.1817 250.3182 0001362  88.7192 271.4164 14.59198113607784
3.0,GENERATED VIA SPACE-TRACK.ORG API,2025-09-01 02:20:03+00:00,18 SPCS,SENTINEL 1A,2014-016A,EARTH,TEME,UTC,SGP4,2025-08-31 23:54:30.244032+00:00,14.59198708,0.00013587,98.1817,250.7237,88.5752,271.5603,0,U,39634,999,60784,0.00009284994900,0.00000392,0.0000000000000,7073.899,98.684,696.726,694.803,PAYLOAD,LARGE,ESA,2014-04-03,FRGUI,,4821248,296509590,0 SENTINEL 1A,1 39634U 14016A   25243.99618338  .00000392  00000-0  92850-4 0  9992,2 39634  98.1817 250.7237 0001359  88.5752 271.5603 14.59198708607841
3.0,GENERATED VIA SPACE-TRACK.ORG API,2025-09-01 10:16:30+00:00,18 SPCS,SENTINEL 1A,2014-016A,EARTH,TEME,UTC,SGP4,2025-09-01 06:29:28.549248+00:00,14.59198933,0.00013616,98.1818,250.9941,88.5720,271.5635,0,U,39634,999,60788,0.00009277544200,0.00000392,0.0000000000000,7073.899,98.684,696.727,694.801,PAYLOAD,LARGE,ESA,2014-04-03,FRGUI,,4821324,296540847,0 SENTINEL 1A,1 39634U 14016A   25244.27046932  .00000392  00000-0  92775-4 0  9995,2 39634  98.1818 250.9941 0001362  88.5720 271.5635 14.59198933607884
3.0,GENERATED VIA SPACE-TRACK.ORG API,2025-09-01 19:24:48+00:00,18 SPCS,SENTINEL 1A,2014-016A,EARTH,TEME,UTC,SGP4,2025-09-01 14:43:11.407008+00:00,14.59199255,0.00013608,98.1818,251.3321,88.5549,271.5806,0,U,39634,999,60793,0.00009569498600,0.00000405,0.0000000000000,7073.898,98.684,696.725,694.800,PAYLOAD,LARGE,ESA,2014-04-03,FRGUI,,4821362,296571921,0 SENTINEL 1A,1 39634U 14016A   25244.61332647  .00000405  00000-0  95695-4 0  9993,2 39634  98.1818 251.3321 0001361  88.5549 271.5806 14.59199255607933
3.0,GENERATED VIA SPACE-TRACK.ORG API,2025-09-02 03:25:31+00:00,18 SPCS,SENTINEL 1A,2014-016A,EARTH,TEME,UTC,SGP4,2025-09-01 22:56:54.239712+00:00,14.59199755,0.00013546,98.1818,251.6700,89.0927,271.0428,0,U,39634,999,60798,0.00010521564000,0.00000450,0.0000000000000,7073.896,98.684,696.719,694.803,PAYLOAD,LARGE,ESA,2014-04-03,FRGUI,,4821406,296602142,0 SENTINEL 1A,1 39634U 14016A   25244.95618333  .00000450  00000-0  10522-3 0  9994,2 39634  98.1818 251.6700 0001355  89.0927 271.0428 14.59199755607981
3.0,GENERATED VIA SPACE-TRACK.ORG API,2025-09-02 10:20:33+00:00,18 SPCS,SENTINEL 1A,2014-016A,EARTH,TEME,UTC,SGP4,2025-09-02 07:10:37.077600+00:00,14.59200157,0.00013609,98.1818,252.0080,88.7767,271.3589,0,U,39634,999,60803,0.00010841018000,0.00000465,0.0000000000000,7073.895,98.684,696.722,694.797,PAYLOAD,LARGE,ESA,2014-04-03,FRGUI,,4821465,296633373,0 SENTINEL 1A,1 39634U 14016A   25245.29904025  .00000465  00000-0  10841-3 0  9998,2 39634  98.1818 252.0080 0001361  88.7767 271.3589 14.59200157608039
3.0,GENERATED VIA SPACE-TRACK.ORG API,2025-09-02 23:42:54+00:00,18 SPCS,SENTINEL 1A,2014-016A,EARTH,TEME,UTC,SGP4,2025-09-02 15:24:19.920672+00:00,14.59200437,0.00013607,98.1824,252.3460,88.8944,271.2412,0,U,39634,999,60808,0.00011087707000,0.00000477,0.0000000000000,7073.894,98.684,696.721,694.796,PAYLOAD,LARGE,ESA,2014-04-03,FRGUI,,4821541,296663991,0 SENTINEL 1A,1 39634U 14016A   25245.64189723  .00000477  00000-0  11088-3 0  9994,2 39634  98.1824 252.3460 0001361  88.8944 271.2412 14.59200437608089
3.0,GENERATED VIA SPACE-TRACK.ORG API,2025-09-03 02:21:29+00:00,18 SPCS,SENTINEL 1A,2014-016A,EARTH,TEME,UTC,SGP4,2025-09-02 23:38:02.742144+00:00,14.59200630,0.00013585,98.1824,252.6839,89.3494,270.7861,0,U,39634,999,60813,0.00010500163000,0.00000449,0.0000000000000,7073.893,98.684,696.719,694.797,PAYLOAD,LARGE,ESA,2014-04-03,FRGUI,,4821549,296694671,0 SENTINEL 1A,1 39634U 14016A   25245.98475396  .00000449  00000-0  10500-3 0  9992,2 39634  98.1824 252.6839 0001358  89.3494 270.7861 14.59200630608137
3.0,GENERATED VIA SPACE-TRACK.ORG API,2025-09-03 10:15:41+00:00,18 SPCS,SENTINEL 1A,2014-016A,EARTH,TEME,UTC,SGP4,2025-09-03 06:13:01.007616+00:00,14.59200735,0.00013623,98.1824,252.9543,89.5860,270.5495,0,U,39634,999,60817,0.00009883944400,0.00000420,0.0000000000000,7073.893,98.684,696.722,694.794,PAYLOAD,LARGE,ESA,2014-04-03,FRGUI,,4821572,296725367,0 SENTINEL 1A,1 39634U 14016A   25246.25903944  .00000420  00000-0  98839-4 0  9999,2 39634  98.1824 252.9543 0001362  89.5860 270.5495 14.59200735608177
3.0,GENERATED VIA SPACE-TRACK.ORG API,2025-09-04 04:29:00+00:00,18 SPCS,SENTINEL 1A,2014-016A,EARTH,TEME,UTC,SGP4,2025-09-03 22:40:26.815584+00:00,14.59197730,0.00013748,98.1818,253.6302,89.2071,270.9287,0,U,39634,999,60827,0.00011054717000,0.00000475,0.0000000000000,7073.903,98.684,696.740,694.795,PAYLOAD,LARGE,ESA,2014-04-03,FRGUI,,4821716,296756220,0 SENTINEL 1A,1 39634U 14016A   25246.94475481  .00000475  00000-0  11055-3 0  9999,2 39634  98.1818 253.6302 0001375  89.2071 270.9287 14.59197730608270
3.0,GENERATED VIA SPACE-TRACK.ORG API,2025-09-04 10:13:37+00:00,18 SPCS,SENTINEL 1A,2014-016A,EARTH,TEME,UTC,SGP4,2025-09-04 06:54:09.693216+00:00,14.59198070,0.00013725,98.1819,253.9682,88.7663,271.3694,0,U,39634,999,60832,0.00010981974000,0.00000472,0.0000000000000,7073.902,98.684,696.737,694.796,PAYLOAD,LARGE,ESA,2014-04-03,FRGUI,,4821752,296787426,0 SENTINEL 1A,1 39634U 14016A   25247.28761219  .00000472  00000-0  10982-3 0  9999,2 39634  98.1819 253.9682 0001372  88.7663 271.3694 14.59198070608324
3.0,GENERATED VIA SPACE-TRACK.ORG API,2025-09-05 04:46:27+00:00,18 SPCS,SENTINEL 1A,2014-016A,EARTH,TEME,UTC,SGP4,2025-09-04 23:21:35.426016+00:00,14.59198433,0.00013604,98.1818,254.6441,89.1582,270.9774,0,U,39634,999,60842,0.00007361203300,0.00000301,0.0000000000000,7073.900,98.684,696.728,694.803,PAYLOAD,LARGE,ESA,2014-04-03,FRGUI,,4821832,296818500,0 SENTINEL 1A,1 39634U 14016A   25247.97332669  .00000301  00000-0  73612-4 0  9999,2 39634  98.1818 254.6441 0001360  89.1582 270.9774 14.59198433608424
3.0,GENERATED VIA SPACE-TRACK.ORG API,2025-09-05 10:27:06+00:00,18 SPCS,SENTINEL 1A,2014-016A,EARTH,TEME,UTC,SGP4,2025-09-05 05:56:33.713088+00:00,14.59198645,0.00013592,98.1819,254.9145,89.2383,270.8972,0,U,39634,999,60846,0.00007311099300,0.00000299,0.0000000000000,7073.900,98.684,696.726,694.803,PAYLOAD,LARGE,ESA,2014-04-03,FRGUI,,4821894,296849226,0 SENTINEL 1A,1 39634U 14016A   25248.24761242  .00000299  00000-0  73111-4 0  9993,2 39634  98.1819 254.9145 0001359  89.2383 270.8972 14.59198645608465
3.0,GENERATED VIA SPACE-TRACK.ORG API,2025-09-05 19:38:10+00:00,18 SPCS,SENTINEL 1A,2014-016A,EARTH,TEME,UTC,SGP4,2025-09-05 14:10:16.569120+00:00,14.59198936,0.00013582,98.1819,255.2525,89.1500,270.9856,0,U,39634,999,60851,0.00007383135900,0.00000302,0.0000000000000,7073.899,98.684,696.725,694.803,PAYLOAD,LARGE,ESA,2014-04-03,FRGUI,,4821945,296880270,0 SENTINEL 1A,1 39634U 14016A   25248.59046955  .00000302  00000-0  73831-4 0  9992,2 39634  98.1819 255.2525 0001358  89.1500 270.9856 14.59198936608511
3.0,GENERATED VIA SPACE-TRACK.ORG API,2025-09-06 02:09:56+00:00,18 SPCS,SENTINEL 1A,2014-016A,EARTH,TEME,UTC,SGP4,2025-09-06 00:02:43.982880+00:00,14.59199109,0.00013543,98.1819,255.6580,89.1350,271.0005,0,U,39634,999,60857,0.00006738645600,0.00000272,0.0000000000000,7073.898,98.684,696.721,694.805,PAYLOAD,LARGE,ESA,2014-04-03,FRGUI,,4822005,296910491,0 SENTINEL 1A,1 39634U 14016A   25249.00189795  .00000272  00000-0  67386-4 0  9993,2 39634  98.1819 255.6580 0001354  89.1350 271.0005 14.59199109608572
3.0,GENERATED VIA SPACE-TRACK.ORG API,2025-09-06 10:23:13+00:00,18 SPCS,SENTINEL 1A,2014-016A,EARTH,TEME,UTC,SGP4,2025-09-06 06:37:42.250944+00:00,14.59199424,0.00013531,98.1819,255.9284,89.8673,270.2682,0,U,39634,999,60861,0.00007536974200,0.00000310,0.0000000000000,7073.897,98.684,696.719,694.805,PAYLOAD,LARGE,ESA,2014-04-03,FRGUI,,4822049,296941253,0 SENTINEL 1A,1 39634U 14016A   25249.27618346  .00000310  00000-0  75370-4 0  9996,2 39634  98.1819 255.9284 0001353  89.8673 270.2682 14.59199424608617
3.0,GENERATED VIA SPACE-TRACK.ORG API,2025-09-08 04:56:15+00:00,18 SPCS,SENTINEL 1A,2014-016A,EARTH,TEME,UTC,SGP4,2025-09-08 03:03:45.968832+00:00,14.59196892,0.00013620,98.1825,257.7534,89.3604,270.7751,0,U,39634,999,60888,0.00006719500000,0.00000271,0.0000000000000,7073.905,98.684,696.734,694.807,PAYLOAD,LARGE,ESA,2014-04-03,FRGUI,,4822142,297051375,0 SENTINEL 1A,1 39634U 14016A   25251.12761538  .00000271  00000-0  67195-4 0  9997,2 39634  98.1825 257.7534 0001362  89.3604 270.7751 14.59196892608888
3.0,GENERATED VIA SPACE-TRACK.ORG API,2025-09-08 08:26:24+00:00,18 SPCS,SENTINEL 1A,2014-016A,EARTH,TEME,UTC,SGP4,2025-09-08 06:21:15.128352+00:00,14.59196954,0.00013650,98.1825,257.8886,89.1185,271.0171,0,U,39634,999,60890,0.00006414600000,0.00000257,0.0000000000000,7073.905,98.684,696.736,694.805,PAYLOAD,LARGE,ESA,2014-04-03,FRGUI,,4822155,297051389,0 SENTINEL 1A,1 39634U 14016A   25251.26475843  .00000257  00000-0  64146-4 0  9990,2 39634  98.1825 257.8886 0001365  89.1185 271.0171 14.59196954608906
3.0,GENERATED VIA SPACE-TRACK.ORG API,2025-09-08 09:49:28+00:00,18 SPCS,SENTINEL 1A,2014-016A,EARTH,TEME,UTC,SGP4,2025-09-08 06:21:15.128352+00:00,14.59196965,0.00013653,98.1820,257.8886,89.1217,271.0139,0,U,39634,999,60890,0.00006463431000,0.00000259,0.0000000000000,7073.905,98.684,696.736,694.804,PAYLOAD,LARGE,ESA,2014-04-03,FRGUI,,4822176,297065479,0 SENTINEL 1A,1 39634U 14016A   25251.26475843  .00000259  00000-0  64634-4 0  9994,2 39634  98.1820 257.8886 0001365  89.1217 271.0139 14.59196965608903
3.0,GENERATED VIA SPACE-TRACK.ORG API,2025-09-08 18:18:34+00:00,18 SPCS,SENTINEL 1A,2014-016A,EARTH,TEME,UTC,SGP4,2025-09-08 14:34:58.014624+00:00,14.59197164,0.00013634,98.1820,258.2266,89.0891,271.0465,0,U,39634,999,60895,0.00006158440400,0.00000245,0.0000000000000,7073.904,98.684,696.734,694.805,PAYLOAD,LARGE,ESA,2014-04-03,FRGUI,,4822267,297096611,0 SENTINEL 1A,1 39634U 14016A   25251.60761591  .00000245  00000-0  61584-4 0  9996,2 39634  98.1820 258.2266 0001363  89.0891 271.0465 14.59197164608954
3.0,GENERATED VIA SPACE-TRACK.ORG API,2025-09-09 04:47:03+00:00,18 SPCS,SENTINEL 1A,2014-016A,EARTH,TEME,UTC,SGP4,2025-09-09 00:27:25.479360+00:00,14.59197223,0.00013595,98.1820,258.6321,89.0875,271.0480,0,U,39634,999,60901,0.00005182807300,0.00000199,0.0000000000000,7073.904,98.684,696.731,694.808,PAYLOAD,LARGE,ESA,2014-04-03,FRGUI,,4822307,297127363,0 SENTINEL 1A,1 39634U 14016A   25252.01904490  .00000199  00000-0  51828-4 0  9997,2 39634  98.1820 258.6321 0001360  89.0875 271.0480 14.59197223609010
3.0,GENERATED VIA SPACE-TRACK.ORG API,2025-09-09 10:35:32+00:00,18 SPCS,SENTINEL 1A,2014-016A,EARTH,TEME,UTC,SGP4,2025-09-09 07:02:23.782848+00:00,14.59197356,0.00013609,98.1821,258.9025,89.1295,271.0061,0,U,39634,999,60905,0.00004968285600,0.00000188,0.0000000000000,7073.904,98.684,696.732,694.806,PAYLOAD,LARGE,ESA,2014-04-03,FRGUI,,4822351,297157626,0 SENTINEL 1A,1 39634U 14016A   25252.29333082  .00000188  00000-0  49683-4 0  9994,2 39634  98.1821 258.9025 0001361  89.1295 271.0061 14.59197356609059
3.0,GENERATED VIA SPACE-TRACK.ORG API,2025-09-10 04:10:32+00:00,18 SPCS,SENTINEL 1A,2014-016A,EARTH,TEME,UTC,SGP4,2025-09-09 23:29:49.538112+00:00,14.59197582,0.00013531,98.1821,259.5784,89.2789,270.8566,0,U,39634,999,60915,0.00004214314600,0.00000153,0.0000000000000,7073.903,98.684,696.725,694.811,PAYLOAD,LARGE,ESA,2014-04-03,FRGUI,,4822509,297189355,0 SENTINEL 1A,1 39634U 14016A   25252.97904558  .00000153  00000-0  42143-4 0  9997,2 39634  98.1821 259.5784 0001353  89.2789 270.8566 14.59197582609157
3.0,GENERATED VIA SPACE-TRACK.ORG API,2025-09-10 10:13:59+00:00,18 SPCS,SENTINEL 1A,2014-016A,EARTH,TEME,UTC,SGP4,2025-09-10 07:43:32.405376+00:00,14.59197907,0.00013535,98.1821,259.9165,89.4052,270.7302,0,U,39634,999,60920,0.00004607223700,0.00000171,0.0000000000000,7073.902,98.684,696.725,694.810,PAYLOAD,LARGE,ESA,2014-04-03,FRGUI,,4822583,297220166,0 SENTINEL 1A,1 39634U 14016A   25253.32190284  .00000171  00000-0  46072-4 0  9995,2 39634  98.1821 259.9165 0001354  89.4052 270.7302 14.59197907609204
3.0,GENERATED VIA SPACE-TRACK.ORG API,2025-09-10 17:35:26+00:00,18 SPCS,SENTINEL 1A,2014-016A,EARTH,TEME,UTC,SGP4,2025-09-10 14:18:30.705408+00:00,14.59197922,0.00013519,98.1821,260.1868,89.7218,270.4136,0,U,39634,999,60924,0.00004045019600,0.00000145,0.0000000000000,7073.902,98.684,696.723,694.811,PAYLOAD,LARGE,ESA,2014-04-03,FRGUI,,4822640,297251286,0 SENTINEL 1A,1 39634U 14016A   25253.59618872  .00000145  00000-0  40450-4 0  9997,2 39634  98.1821 260.1868 0001352  89.7218 270.4136 14.59197922609246
3.0,GENERATED VIA SPACE-TRACK.ORG API,2025-09-11 03:57:20+00:00,18 SPCS,SENTINEL 1A,2014-016A,EARTH,TEME,UTC,SGP4,2025-09-10 22:32:13.574400+00:00,14.59198028,0.00013521,98.1825,260.5248,89.4134,270.7221,0,U,39634,999,60929,0.00003983047700,0.00000142,0.0000000000000,7073.902,98.684,696.723,694.810,PAYLOAD,LARGE,ESA,2014-04-03,FRGUI,,4822716,297282094,0 SENTINEL 1A,1 39634U 14016A   25253.93904600  .00000142  00000-0  39830-4 0  9999,2 39634  98.1825 260.5248 0001352  89.4134 270.7221 14.59198028609291
3.0,GENERATED VIA SPACE-TRACK.ORG API,2025-09-11 10:07:58+00:00,18 SPCS,SENTINEL 1A,2014-016A,EARTH,TEME,UTC,SGP4,2025-09-11 06:45:56.443392+00:00,14.59198150,0.00013552,98.1826,260.8628,89.1151,271.0204,0,U,39634,999,60934,0.00003844503000,0.00000135,0.0000000000000,7073.901,98.684,696.725,694.808,PAYLOAD,LARGE,ESA,2014-04-03,FRGUI,,4822732,297312843,0 SENTINEL 1A,1 39634U 14016A   25254.28190328  .00000135  00000-0  38445-4 0  9995,2 39634  98.1826 260.8628 0001355  89.1151 271.0204 14.59198150609343
3.0,GENERATED VIA SPACE-TRACK.ORG API,2025-09-12 04:49:39+00:00,18 SPCS,SENTINEL 1A,2014-016A,EARTH,TEME,UTC,SGP4,2025-09-11 23:13:22.164960+00:00,14.59198454,0.00013501,98.1821,261.5387,89.2066,270.9289,0,U,39634,999,60944,0.00003698380800,0.00000129,0.0000000000000,7073.900,98.684,696.720,694.810,PAYLOAD,LARGE,ESA,2014-04-03,FRGUI,,4822839,297344047,0 SENTINEL 1A,1 39634U 14016A   25254.96761765  .00000129  00000-0  36984-4 0  9998,2 39634  98.1821 261.5387 0001350  89.2066 270.9289 14.59198454609448
3.0,GENERATED VIA SPACE-TRACK.ORG API,2025-09-12 19:51:46+00:00,18 SPCS,SENTINEL 1A,2014-016A,EARTH,TEME,UTC,SGP4,2025-09-12 14:02:03.308928+00:00,14.59198728,0.00013514,98.1822,262.1471,89.1835,270.9520,0,U,39634,999,60953,0.00003632607500,0.00000125,0.0000000000000,7073.899,98.684,696.720,694.808,PAYLOAD,LARGE,ESA,2014-04-03,FRGUI,,4822914,297374681,0 SENTINEL 1A,1 39634U 14016A   25255.58476052  .00000125  00000-0  36326-4 0  9995,2 39634  98.1822 262.1471 0001351  89.1835 270.9520 14.59198728609536
3.0,GENERATED VIA SPACE-TRACK.ORG API,2025-09-13 03:01:38+00:00,18 SPCS,SENTINEL 1A,2014-016A,EARTH,TEME,UTC,SGP4,2025-09-12 23:54:30.734784+00:00,14.59198822,0.00013530,98.1822,262.5527,89.1891,270.9464,0,U,39634,999,60959,0.00003369145500,0.00000113,0.0000000000000,7073.899,98.684,696.721,694.807,PAYLOAD,LARGE,ESA,2014-04-03,FRGUI,,4822920,297405918,0 SENTINEL 1A,1 39634U 14016A   25255.99618906  .00000113  00000-0  33691-4 0  9995,2 39634  98.1822 262.5527 0001353  89.1891 270.9464 14.59198822609594
3.0,GENERATED VIA SPACE-TRACK.ORG API,2025-09-13 10:35:15+00:00,18 SPCS,SENTINEL 1A,2014-016A,EARTH,TEME,UTC,SGP4,2025-09-13 06:29:29.018400+00:00,14.59198971,0.00013570,98.1827,262.8231,89.3544,270.7812,0,U,39634,999,60963,0.00003603720200,0.00000124,0.0000000000000,7073.899,98.684,696.724,694.804,PAYLOAD,LARGE,ESA,2014-04-03,FRGUI,,4822946,297436200,0 SENTINEL 1A,1 39634U 14016A   25256.27047475  .00000124  00000-0  36037-4 0  9993,2 39634  98.1827 262.8231 0001357  89.3544 270.7812 14.59198971609630
3.0,GENERATED VIA SPACE-TRACK.ORG API,2025-09-14 03:50:53+00:00,18 SPCS,SENTINEL 1A,2014-016A,EARTH,TEME,UTC,SGP4,2025-09-13 22:56:54.709728+00:00,14.59199316,0.00013510,98.1822,263.4990,89.6215,270.5139,0,U,39634,999,60973,0.00003889057800,0.00000138,0.0000000000000,7073.898,98.684,696.718,694.807,PAYLOAD,LARGE,ESA,2014-04-03,FRGUI,,4822980,297467881,0 SENTINEL 1A,1 39634U 14016A   25256.95618877  .00000138  00000-0  38891-4 0  9993,2 39634  98.1822 263.4990 0001351  89.6215 270.5139 14.59199316609731
3.0,GENERATED VIA SPACE-TRACK.ORG API,2025-09-14 10:03:03+00:00,18 SPCS,SENTINEL 1A,2014-016A,EARTH,TEME,UTC,SGP4,2025-09-14 07:10:37.560576+00:00,14.59199406,0.00013558,98.1828,263.8370,89.1734,270.9621,0,U,39634,999,60978,0.00003932903100,0.00000140,0.0000000000000,7073.897,98.684,696.721,694.803,PAYLOAD,LARGE,ESA,2014-04-03,FRGUI,,4823016,297498753,0 SENTINEL 1A,1 39634U 14016A   25257.29904584  .00000140  00000-0  39329-4 0  9994,2 39634  98.1828 263.8370 0001356  89.1734 270.9621 14.59199406609784
3.0,GENERATED VIA SPACE-TRACK.ORG API,2025-09-15 00:30:53+00:00,18 SPCS,SENTINEL 1A,2014-016A,EARTH,TEME,UTC,SGP4,2025-09-14 15:24:20.401056+00:00,14.59199544,0.00013547,98.1828,264.1749,89.1879,270.9476,0,U,39634,999,60983,0.00003943213300,0.00000140,0.0000000000000,7073.897,98.684,696.720,694.803,PAYLOAD,LARGE,ESA,2014-04-03,FRGUI,,4823067,297529966,0 SENTINEL 1A,1 39634U 14016A   25257.64190279  .00000140  00000-0  39432-4 0  9996,2 39634  98.1828 264.1749 0001355  89.1879 270.9476 14.59199544609834
3.0,GENERATED VIA SPACE-TRACK.ORG API,2025-09-15 10:34:35+00:00,18 SPCS,SENTINEL 1A,2014-016A,EARTH,TEME,UTC,SGP4,2025-09-15 07:51:46.031040+00:00,14.59200485,0.00013537,98.1828,264.8509,89.6393,270.4962,0,U,39634,999,60993,0.00005938050400,0.00000234,0.0000000000000,7073.894,98.684,696.716,694.801,PAYLOAD,LARGE,ESA,2014-04-03,FRGUI,,4823105,297560341,0 SENTINEL 1A,1 39634U 14016A   25258.32761610  .00000234  00000-0  59381-4 0  9994,2 39634  98.1828 264.8509 0001354  89.6393 270.4962 14.59200485609933
3.0,GENERATED VIA SPACE-TRACK.ORG API,2025-09-15 19:50:20+00:00,18 SPCS,SENTINEL 1A,2014-016A,EARTH,TEME,UTC,SGP4,2025-09-15 14:26:44.332800+00:00,14.59200095,0.00013511,98.1828,265.1213,89.6678,270.4676,0,U,39634,999,60997,0.00004486482400,0.00000166,0.0000000000000,7073.895,98.684,696.716,694.804,PAYLOAD,LARGE,ESA,2014-04-03,FRGUI,,4823181,297591582,0 SENTINEL 1A,1 39634U 14016A   25258.60190200  .00000166  00000-0  44865-4 0  9991,2 39634  98.1828 265.1213 0001351  89.6678 270.4676 14.59200095609975
3.0,GENERATED VIA SPACE-TRACK.ORG API,2025-09-16 04:27:54+00:00,18 SPCS,SENTINEL 1A,2014-016A,EARTH,TEME,UTC,SGP4,2025-09-16 00:19:11.725824+00:00,14.59200295,0.00013517,98.1828,265.5268,89.4002,270.7353,0,U,39634,999,61003,0.00004635716200,0.00000173,0.0000000000000,7073.894,98.684,696.716,694.803,PAYLOAD,LARGE,ESA,2014-04-03,FRGUI,,4823260,297654155,0 SENTINEL 1A,1 39634U 14016A   25259.01333016  .00000173  00000-0  46357-4 0  9997,2 39634  98.1828 265.5268 0001352  89.4002 270.7353 14.59200295610035
3.0,GENERATED VIA SPACE-TRACK.ORG API,2025-09-16 10:08:32+00:00,18 SPCS,SENTINEL 1A,2014-016A,EARTH,TEME,UTC,SGP4,2025-09-16 06:54:09.988704+00:00,14.59200453,0.00013544,98.1829,265.7972,89.3356,270.7999,0,U,39634,999,61007,0.00004872411400,0.00000184,0.0000000000000,7073.894,98.684,696.717,694.801,PAYLOAD,LARGE,ESA,2014-04-03,FRGUI,,4823280,297685005,0 SENTINEL 1A,1 39634U 14016A   25259.28761561  .00000184  00000-0  48724-4 0  9998,2 39634  98.1829 265.7972 0001354  89.3356 270.7999 14.59200453610079
3.0,GENERATED VIA SPACE-TRACK.ORG API,2025-09-16 19:42:00+00:00,18 SPCS,SENTINEL 1A,2014-016A,EARTH,TEME,UTC,SGP4,2025-09-16 15:07:52.811904+00:00,14.59200514,0.00013522,98.1829,266.1352,89.3441,270.7914,0,U,39634,999,61012,0.00004515649200,0.00000167,0.0000000000000,7073.894,98.684,696.715,694.802,PAYLOAD,LARGE,ESA,2014-04-03,FRGUI,,4823320,297715699,0 SENTINEL 1A,1 39634U 14016A   25259.63047236  .00000167  00000-0  45156-4 0  9990,2 39634  98.1829 266.1352 0001352  89.3441 270.7914 14.59200514610120
3.0,GENERATED VIA SPACE-TRACK.ORG API,2025-09-17 10:09:23+00:00,18 SPCS,SENTINEL 1A,2014-016A,EARTH,TEME,UTC,SGP4,2025-09-17 05:56:33.897984+00:00,14.59200624,0.00013493,98.1829,266.7435,89.8929,270.2425,0,U,39634,999,61021,0.00003994521800,0.00000143,0.0000000000000,7073.893,98.684,696.713,694.804,PAYLOAD,LARGE,ESA,2014-04-03,FRGUI,,4823413,297746621,0 SENTINEL 1A,1 39634U 14016A   25260.24761456  .00000143  00000-0  39945-4 0  9999,2 39634  98.1829 266.7435 0001349  89.8929 270.2425 14.59200624610214
3.0,GENERATED VIA SPACE-TRACK.ORG API,2025-09-18 03:57:06+00:00,18 SPCS,SENTINEL 1A,2014-016A,EARTH,TEME,UTC,SGP4,2025-09-18 00:02:44.344032+00:00,14.59196732,0.00013439,98.1828,267.4869,89.8149,270.3204,0,U,39634,999,61032,0.00004132586500,0.00000149,0.0000000000000,7073.906,98.684,696.721,694.820,PAYLOAD,LARGE,ESA,2014-04-03,FRGUI,,4823497,297778339,0 SENTINEL 1A,1 39634U 14016A   25261.00190213  .00000149  00000-0  41326-4 0  9993,2 39634  98.1828 267.4869 0001344  89.8149 270.3204 14.59196732610323
3.0,GENERATED VIA SPACE-TRACK.ORG API,2025-09-18 10:10:42+00:00,18 SPCS,SENTINEL 1A,2014-016A,EARTH,TEME,UTC,SGP4,2025-09-18 08:16:27.244128+00:00,14.59196846,0.00013462,98.1830,267.8248,89.5261,270.6093,0,U,39634,999,61037,0.00004193167100,0.00000152,0.0000000000000,7073.905,98.684,696.723,694.818,PAYLOAD,LARGE,ESA,2014-04-03,FRGUI,,4823606,297809283,0 SENTINEL 1A,1 39634U 14016A   25261.34475977  .00000152  00000-0  41932-4 0  9990,2 39634  98.1830 267.8248 0001346  89.5261 270.6093 14.59196846610375
3.0,GENERATED VIA SPACE-TRACK.ORG API,2025-09-19 04:20:49+00:00,18 SPCS,SENTINEL 1A,2014-016A,EARTH,TEME,UTC,SGP4,2025-09-18 23:05:08.453760+00:00,14.59197004,0.00013460,98.1829,268.4332,89.9667,270.1687,0,U,39634,999,61046,0.00003192643600,0.00000105,0.0000000000000,7073.905,98.684,696.722,694.818,PAYLOAD,LARGE,ESA,2014-04-03,FRGUI,,4823679,297840516,0 SENTINEL 1A,1 39634U 14016A   25261.96190340  .00000105  00000-0  31926-4 0  9996,2 39634  98.1829 268.4332 0001346  89.9667 270.1687 14.59197004610469
3.0,GENERATED VIA SPACE-TRACK.ORG API,2025-09-19 10:06:18+00:00,18 SPCS,SENTINEL 1A,2014-016A,EARTH,TEME,UTC,SGP4,2025-09-19 07:18:51.346944+00:00,14.59197144,0.00013471,98.1829,268.7712,89.6455,270.4899,0,U,39634,999,61051,0.00003637361600,0.00000126,0.0000000000000,7073.905,98.684,696.722,694.817,PAYLOAD,LARGE,ESA,2014-04-03,FRGUI,,4823771,297870928,0 SENTINEL 1A,1 39634U 14016A   25262.30476096  .00000126  00000-0  36374-4 0  9995,2 39634  98.1829 268.7712 0001347  89.6455 270.4899 14.59197144610516
3.0,GENERATED VIA SPACE-TRACK.ORG API,2025-09-19 19:31:04+00:00,18 SPCS,SENTINEL 1A,2014-016A,EARTH,TEME,UTC,SGP4,2025-09-19 15:32:34.228896+00:00,14.59197311,0.00013471,98.1829,269.1092,89.5720,270.5634,0,U,39634,999,61056,0.00003873389300,0.00000137,0.0000000000000,7073.904,98.684,696.722,694.816,PAYLOAD,LARGE,ESA,2014-04-03,FRGUI,,4823778,297902080,0 SENTINEL 1A,1 39634U 14016A   25262.64761839  .00000137  00000-0  38734-4 0  9998,2 39634  98.1829 269.1092 0001347  89.5720 270.5634 14.59197311610565
3.0,GENERATED VIA SPACE-TRACK.ORG API,2025-09-20 08:33:10+00:00,18 SPCS,SENTINEL 1A,2014-016A,EARTH,TEME,UTC,SGP4,2025-09-19 23:46:17.104800+00:00,14.59197658,0.00013355,98.1828,269.4472,89.8911,270.2442,0,U,39634,999,61061,0.00004757006500,0.00000178,0.0000000000000,7073.903,98.684,696.713,694.823,PAYLOAD,LARGE,ESA,2014-04-03,FRGUI,,4823855,297933476,0 SENTINEL 1A,1 39634U 14016A   25262.99047575  .00000178  00000-0  47570-4 0  9993,2 39634  98.1828 269.4472 0001335  89.8911 270.2442 14.59197658610615
3.0,GENERATED VIA SPACE-TRACK.ORG API,2025-09-20 09:57:53+00:00,18 SPCS,SENTINEL 1A,2014-016A,EARTH,TEME,UTC,SGP4,2025-09-20 06:21:15.405696+00:00,14.59197931,0.00013340,98.1829,269.7176,89.9118,270.2234,0,U,39634,999,61065,0.00005381683700,0.00000208,0.0000000000000,7073.902,98.684,696.711,694.823,PAYLOAD,LARGE,ESA,2014-04-03,FRGUI,,4823862,297963825,0 SENTINEL 1A,1 39634U 14016A   25263.26476164  .00000208  00000-0  53817-4 0  9999,2 39634  98.1829 269.7176 0001334  89.9118 270.2234 14.59197931610656
3.0,GENERATED VIA SPACE-TRACK.ORG API,2025-09-21 03:43:52+00:00,18 SPCS,SENTINEL 1A,2014-016A,EARTH,TEME,UTC,SGP4,2025-09-21 00:27:25.712640+00:00,14.59198569,0.00013295,98.1828,270.4611,90.0099,270.1253,0,U,39634,999,61076,0.00006483854500,0.00000260,0.0000000000000,7073.900,98.684,696.705,694.824,PAYLOAD,LARGE,ESA,2014-04-03,FRGUI,,4824003,297995634,0 SENTINEL 1A,1 39634U 14016A   25264.01904760  .00000260  00000-0  64839-4 0  9995,2 39634  98.1828 270.4611 0001329  90.0099 270.1253 14.59198569610763
3.0,GENERATED VIA SPACE-TRACK.ORG API,2025-09-21 11:54:41+00:00,18 SPCS,SENTINEL 1A,2014-016A,EARTH,TEME,UTC,SGP4,2025-09-21 07:02:24.011808+00:00,14.59198813,0.00013347,98.1828,270.7315,89.3111,270.8242,0,U,39634,999,61080,0.00007063832500,0.00000287,0.0000000000000,7073.899,98.684,696.708,694.820,PAYLOAD,LARGE,ESA,2014-04-03,FRGUI,,4824053,298026024,0 SENTINEL 1A,1 39634U 14016A   25264.29333347  .00000287  00000-0  70638-4 0  9995,2 39634  98.1828 270.7315 0001335  89.3111 270.8242 14.59198813610802
3.0,GENERATED VIA SPACE-TRACK.ORG API,2025-09-21 17:56:39+00:00,18 SPCS,SENTINEL 1A,2014-016A,EARTH,TEME,UTC,SGP4,2025-09-21 15:16:06.862656+00:00,14.59198998,0.00013301,98.1824,271.0695,89.2047,270.9305,0,U,39634,999,61085,0.00006884063100,0.00000279,0.0000000000000,7073.899,98.684,696.704,694.823,PAYLOAD,LARGE,ESA,2014-04-03,FRGUI,,4824059,298057197,0 SENTINEL 1A,1 39634U 14016A   25264.63619054  .00000279  00000-0  68841-4 0  9999,2 39634  98.1824 271.0695 0001330  89.2047 270.9305 14.59198998610855
3.0,GENERATED VIA SPACE-TRACK.ORG API,2025-09-22 10:52:18+00:00,18 SPCS,SENTINEL 1A,2014-016A,EARTH,TEME,UTC,SGP4,2025-09-22 07:43:32.562624+00:00,14.59199652,0.00013278,98.1824,271.7455,89.4568,270.6783,0,U,39634,999,61095,0.00007941744100,0.00000329,0.0000000000000,7073.896,98.684,696.701,694.822,PAYLOAD,LARGE,ESA,2014-04-03,FRGUI,,4824121,298150430,0 SENTINEL 1A,1 39634U 14016A   25265.32190466  .00000329  00000-0  79417-4 0  9994,2 39634  98.1824 271.7455 0001328  89.4568 270.6783 14.59199652610959
3.0,GENERATED VIA SPACE-TRACK.ORG API,2025-09-22 19:16:55+00:00,18 SPCS,SENTINEL 1A,2014-016A,EARTH,TEME,UTC,SGP4,2025-09-22 12:39:46.265184+00:00,14.59199830,0.00013282,98.1824,271.9483,89.5934,270.5418,0,U,39634,999,61098,0.00007999767600,0.00000331,0.0000000000000,7073.896,98.684,696.700,694.821,PAYLOAD,LARGE,ESA,2014-04-03,FRGUI,,4824186,298181661,0 SENTINEL 1A,1 39634U 14016A   25265.52761881  .00000331  00000-0  79998-4 0  9998,2 39634  98.1824 271.9483 0001328  89.5934 270.5418 14.59199830610985
3.0,GENERATED VIA SPACE-TRACK.ORG API,2025-09-23 03:43:58+00:00,18 SPCS,SENTINEL 1A,2014-016A,EARTH,TEME,UTC,SGP4,2025-09-23 00:10:58.217664+00:00,14.59200596,0.00013263,98.1824,272.4214,89.4438,270.6914,0,U,39634,999,61105,0.00009605290600,0.00000407,0.0000000000000,7073.893,98.684,696.697,694.820,PAYLOAD,LARGE,ESA,2014-04-03,FRGUI,,4824189,298212502,0 SENTINEL 1A,1 39634U 14016A   25266.00761826  .00000407  00000-0  96053-4 0  9996,2 39634  98.1824 272.4214 0001326  89.4438 270.6914 14.59200596611052
3.0,GENERATED VIA SPACE-TRACK.ORG API,2025-09-23 17:32:54+00:00,18 SPCS,SENTINEL 1A,2014-016A,EARTH,TEME,UTC,SGP4,2025-09-23 08:24:41.047776+00:00,14.59200891,0.00013297,98.1824,272.7594,89.4070,270.7283,0,U,39634,999,61110,0.00009887142100,0.00000420,0.0000000000000,7073.892,98.684,696.698,694.817,PAYLOAD,LARGE,ESA,2014-04-03,FRGUI,,4824200,298244015,0 SENTINEL 1A,1 39634U 14016A   25266.35047509  .00000420  00000-0  98871-4 0  9994,2 39634  98.1824 272.7594 0001330  89.4070 270.7283 14.59200891611107
3.0,GENERATED VIA SPACE-TRACK.ORG API,2025-09-24 02:44:45+00:00,18 SPCS,SENTINEL 1A,2014-016A,EARTH,TEME,UTC,SGP4,2025-09-23 23:13:22.113984+00:00,14.59201279,0.00013298,98.1827,273.3677,89.6685,270.4667,0,U,39634,999,61119,0.00009575207100,0.00000406,0.0000000000000,7073.891,98.684,696.697,694.815,PAYLOAD,LARGE,ESA,2014-04-03,FRGUI,,4824270,298306275,0 SENTINEL 1A,1 39634U 14016A   25266.96761706  .00000406  00000-0  95752-4 0  9992,2 39634  98.1827 273.3677 0001330  89.6685 270.4667 14.59201279611196
3.0,GENERATED VIA SPACE-TRACK.ORG API,2025-09-24 10:28:35+00:00,18 SPCS,SENTINEL 1A,2014-016A,EARTH,TEME,UTC,SGP4,2025-09-24 07:27:04.937184+00:00,14.59201409,0.00013316,98.1827,273.7057,89.7051,270.4301,0,U,39634,999,61124,0.00009256031300,0.00000391,0.0000000000000,7073.891,98.684,696.698,694.814,PAYLOAD,LARGE,ESA,2014-04-03,FRGUI,,4824357,298337242,0 SENTINEL 1A,1 39634U 14016A   25267.31047381  .00000391  00000-0  92560-4 0  9995,2 39634  98.1827 273.7057 0001332  89.7051 270.4301 14.59201409611248
3.0,GENERATED VIA SPACE-TRACK.ORG API,2025-09-25 02:16:23+00:00,18 SPCS,SENTINEL 1A,2014-016A,EARTH,TEME,UTC,SGP4,2025-09-24 23:54:30.727872+00:00,14.59198664,0.00013250,98.1827,274.3816,89.3055,270.8297,0,U,39634,999,61134,0.00009310600000,0.00000393,0.0000000000000,7073.900,98.684,696.702,694.827,PAYLOAD,LARGE,ESA,2014-04-03,FRGUI,,4824409,298354436,0 SENTINEL 1A,1 39634U 14016A   25267.99618898  .00000393  00000-0  93106-4 0  9995,2 39634  98.1827 274.3816 0001325  89.3055 270.8297 14.59198664611347
3.0,GENERATED VIA SPACE-TRACK.ORG API,2025-09-25 03:43:41+00:00,18 SPCS,SENTINEL 1A,2014-016A,EARTH,TEME,UTC,SGP4,2025-09-24 18:58:17.009760+00:00,14.59198379,0.00013280,98.1827,274.1789,89.5057,270.6295,0,U,39634,999,61131,0.00008986033100,0.00000378,0.0000000000000,7073.901,98.684,696.705,694.826,PAYLOAD,LARGE,ESA,2014-04-03,FRGUI,,4824422,298368512,0 SENTINEL 1A,1 39634U 14016A   25267.79047465  .00000378  00000-0  89860-4 0  9994,2 39634  98.1827 274.1789 0001328  89.5057 270.6295 14.59198379611317
3.0,GENERATED VIA SPACE-TRACK.ORG API,2025-09-25 10:31:37+00:00,18 SPCS,SENTINEL 1A,2014-016A,EARTH,TEME,UTC,SGP4,2025-09-25 06:29:29.007168+00:00,14.59199126,0.00013214,98.1828,274.6521,89.3298,270.8053,0,U,39634,999,61138,0.00013754412000,0.00000603,0.0000000000000,7073.898,98.684,696.698,694.828,PAYLOAD,LARGE,ESA,2014-04-03,FRGUI,,4824485,298399473,0 SENTINEL 1A,1 39634U 14016A   25268.27047462  .00000603  00000-0  13754-3 0  9994,2 39634  98.1828 274.6521 0001321  89.3298 270.8053 14.59199126611387
3.0,GENERATED VIA SPACE-TRACK.ORG API,2025-09-26 03:45:41+00:00,18 SPCS,SENTINEL 1A,2014-016A,EARTH,TEME,UTC,SGP4,2025-09-25 22:56:54.701088+00:00,14.59199842,0.00013219,98.1827,275.3279,89.6424,270.4928,0,U,39634,999,61148,0.00013753605000,0.00000603,0.0000000000000,7073.896,98.684,696.696,694.826,PAYLOAD,LARGE,ESA,2014-04-03,FRGUI,,4824533,298430244,0 SENTINEL 1A,1 39634U 14016A   25268.95618867  .00000603  00000-0  13754-3 0  9992,2 39634  98.1827 275.3279 0001322  89.6424 270.4928 14.59199842611482
3.0,GENERATED VIA SPACE-TRACK.ORG API,2025-09-26 10:05:26+00:00,18 SPCS,SENTINEL 1A,2014-016A,EARTH,TEME,UTC,SGP4,2025-09-26 05:31:52.977792+00:00,14.59200173,0.00013203,98.1829,275.5983,89.6638,270.4713,0,U,39634,999,61152,0.00013959411000,0.00000612,0.0000000000000,7073.895,98.684,696.694,694.826,PAYLOAD,LARGE,ESA,2014-04-03,FRGUI,,4824534,298461118,0 SENTINEL 1A,1 39634U 14016A   25269.23047428  .00000612  00000-0  13959-3 0  9990,2 39634  98.1829 275.5983 0001320  89.6638 270.4713 14.59200173611520
3.0,GENERATED VIA SPACE-TRACK.ORG API,2025-09-27 02:24:26+00:00,18 SPCS,SENTINEL 1A,2014-016A,EARTH,TEME,UTC,SGP4,2025-09-26 23:38:03.206112+00:00,14.59200495,0.00013172,98.1828,276.3417,90.4579,269.6772,0,U,39634,999,61163,0.00010077146000,0.00000429,0.0000000000000,7073.894,98.684,696.690,694.827,PAYLOAD,LARGE,ESA,2014-04-03,FRGUI,,4824809,298499217,0 SENTINEL 1A,1 39634U 14016A   25269.98475933  .00000429  00000-0  10077-3 0  9992,2 39634  98.1828 276.3417 0001317  90.4579 269.6772 14.59200495611634
3.0,GENERATED VIA SPACE-TRACK.ORG API,2025-09-27 07:26:26+00:00,18 SPCS,SENTINEL 1A,2014-016A,EARTH,TEME,UTC,SGP4,2025-09-27 04:34:16.913856+00:00,14.59200564,0.00013250,98.1828,276.5445,90.3558,269.7794,0,U,39634,999,61166,0.00009359500000,0.00000395,0.0000000000000,7073.893,98.684,696.696,694.821,PAYLOAD,LARGE,ESA,2014-04-03,FRGUI,,4824827,298516093,0 SENTINEL 1A,1 39634U 14016A   25270.19047354  .00000395  00000-0  93595-4 0  9998,2 39634  98.1828 276.5445 0001325  90.3558 269.7794 14.59200564611667
3.0,GENERATED VIA SPACE-TRACK.ORG API,2025-09-28 06:16:29+00:00,18 SPCS,SENTINEL 1A,2014-016A,EARTH,TEME,UTC,SGP4,2025-09-28 03:36:41.033952+00:00,14.59197823,0.00013240,98.1829,277.4909,91.5992,268.5359,0,U,39634,999,61180,0.00011264000000,0.00000485,0.0000000000000,7073.902,98.684,696.704,694.831,PAYLOAD,LARGE,ESA,2014-04-03,FRGUI,,4824934,298609295,0 SENTINEL 1A,1 39634U 14016A   25271.15047493  .00000485  00000-0  11264-3 0  9991,2 39634  98.1829 277.4909 0001324  91.5992 268.5359 14.59197823611800
3.0,GENERATED VIA SPACE-TRACK.ORG API,2025-09-28 10:36:39+00:00,18 SPCS,SENTINEL 1A,2014-016A,EARTH,TEME,UTC,SGP4,2025-09-28 05:15:25.608096+00:00,14.59197907,0.00013252,98.1829,277.5585,91.7817,268.3535,0,U,39634,999,61181,0.00011255814000,0.00000485,0.0000000000000,7073.902,98.684,696.705,694.830,PAYLOAD,LARGE,ESA,2014-04-03,FRGUI,,4824963,298622885,0 SENTINEL 1A,1 39634U 14016A   25271.21904639  .00000485  00000-0  11256-3 0  9993,2 39634  98.1829 277.5585 0001325  91.7817 268.3535 14.59197907611818
3.0,GENERATED VIA SPACE-TRACK.ORG API,2025-09-29 03:46:59+00:00,18 SPCS,SENTINEL 1A,2014-016A,EARTH,TEME,UTC,SGP4,2025-09-28 23:21:35.934912+00:00,14.59198229,0.00013246,98.1829,278.3018,91.4392,268.6959,0,U,39634,999,61192,0.00007895132400,0.00000326,0.0000000000000,7073.901,98.684,696.703,694.829,PAYLOAD,LARGE,ESA,2014-04-03,FRGUI,,4825005,298654678,0 SENTINEL 1A,1 39634U 14016A   25271.97333258  .00000326  00000-0  78951-4 0  9999,2 39634  98.1829 278.3018 0001325  91.4392 268.6959 14.59198229611926
3.0,GENERATED VIA SPACE-TRACK.ORG API,2025-09-29 10:14:38+00:00,18 SPCS,SENTINEL 1A,2014-016A,EARTH,TEME,UTC,SGP4,2025-09-29 07:35:18.796128+00:00,14.59198481,0.00013314,98.1829,278.6398,92.0606,268.0746,0,U,39634,999,61197,0.00007755834800,0.00000320,0.0000000000000,7073.900,98.684,696.707,694.823,PAYLOAD,LARGE,ESA,2014-04-03,FRGUI,,4825035,298685133,0 SENTINEL 1A,1 39634U 14016A   25272.31618977  .00000320  00000-0  77558-4 0  9998,2 39634  98.1829 278.6398 0001331  92.0606 268.0746 14.59198481611975
3.0,GENERATED VIA SPACE-TRACK.ORG API,2025-09-29 23:26:39+00:00,18 SPCS,SENTINEL 1A,2014-016A,EARTH,TEME,UTC,SGP4,2025-09-29 20:45:15.346944+00:00,14.59199206,0.00013420,98.1829,279.1805,92.0603,268.0751,0,U,39634,999,61205,0.00008450800000,0.00000353,0.0000000000000,7073.898,98.684,696.712,694.814,PAYLOAD,LARGE,ESA,2014-04-03,FRGUI,,4825272,298706697,0 SENTINEL 1A,1 39634U 14016A   25272.86476096  .00000353  00000-0  84508-4 0  9991,2 39634  98.1829 279.1805 0001342  92.0603 268.0751 14.59199206612055
3.0,GENERATED VIA SPACE-TRACK.ORG API,2025-09-30 03:31:26+00:00,18 SPCS,SENTINEL 1A,2014-016A,EARTH,TEME,UTC,SGP4,2025-09-30 00:02:44.462400+00:00,14.59199619,0.00013378,98.1829,279.3157,91.3467,268.7886,0,U,39634,999,61207,0.00010577179000,0.00000453,0.0000000000000,7073.897,98.684,696.708,694.815,PAYLOAD,LARGE,ESA,2014-04-03,FRGUI,,4825701,298730056,0 SENTINEL 1A,1 39634U 14016A   25273.00190350  .00000453  00000-0  10577-3 0  9999,2 39634  98.1829 279.3157 0001338  91.3467 268.7886 14.59199619612078
3.0,GENERATED VIA SPACE-TRACK.ORG API,2025-09-30 07:36:19+00:00,18 SPCS,SENTINEL 1A,2014-016A,EARTH,TEME,UTC,SGP4,2025-09-30 03:20:13.598592+00:00,14.59199705,0.00013400,98.1829,279.4509,91.3916,268.7437,0,U,39634,999,61209,0.00010342000000,0.00000442,0.0000000000000,7073.896,98.684,696.709,694.813,PAYLOAD,LARGE,ESA,2014-04-03,FRGUI,,4825787,298748218,0 SENTINEL 1A,1 39634U 14016A   25273.13904628  .00000442  00000-0  10342-3 0  9992,2 39634  98.1829 279.4509 0001340  91.3916 268.7437 14.59199705612092
3.0,GENERATED VIA SPACE-TRACK.ORG API,2025-09-30 10:14:30+00:00,18 SPCS,SENTINEL 1A,2014-016A,EARTH,TEME,UTC,SGP4,2025-09-30 06:37:42.725280+00:00,14.59200029,0.00013427,98.1829,279.5861,91.0132,269.1222,0,U,39634,999,61211,0.00010922793000,0.00000469,0.0000000000000,7073.895,98.684,696.710,694.810,PAYLOAD,LARGE,ESA,2014-04-03,FRGUI,,4826338,298774691,0 SENTINEL 1A,1 39634U 14016A   25273.27618895  .00000469  00000-0  10923-3 0  9999,2 39634  98.1829 279.5861 0001343  91.0132 269.1222 14.59200029612116
3.0,GENERATED VIA SPACE-TRACK.ORG API,2025-09-30 14:56:22+00:00,18 SPCS,SENTINEL 1A,2014-016A,EARTH,TEME,UTC,SGP4,2025-09-30 13:12:40.984704+00:00,14.59200327,0.00013450,98.1829,279.8564,90.9550,269.1803,0,U,39634,999,61215,0.00010838000000,0.00000465,0.0000000000000,7073.894,98.684,696.711,694.808,PAYLOAD,LARGE,ESA,2014-04-03,FRGUI,,4826456,298793559,0 SENTINEL 1A,1 39634U 14016A   25273.55047436  .00000465  00000-0  10838-3 0  9998,2 39634  98.1829 279.8564 0001345  90.9550 269.1803 14.59200327612153
3.0,GENERATED VIA SPACE-TRACK.ORG API,2025-09-30 17:43:47+00:00,18 SPCS,SENTINEL 1A,2014-016A,EARTH,TEME,UTC,SGP4,2025-09-30 14:51:25.456032+00:00,14.59201749,0.00013448,98.1829,279.9240,90.9751,269.1603,0,U,39634,999,61216,0.00014853091000,0.00000654,0.0000000000000,7073.890,98.684,696.706,694.803,PAYLOAD,LARGE,ESA,2014-04-03,FRGUI,,4827030,298821237,0 SENTINEL 1A,1 39634U 14016A   25273.61904463  .00000654  00000-0  14853-3 0  9998,2 39634  98.1829 279.9240 0001345  90.9751 269.1603 14.59201749612166
3.0,GENERATED VIA SPACE-TRACK.ORG API,2025-09-30 22:36:23+00:00,18 SPCS,SENTINEL 1A,2014-016A,EARTH,TEME,UTC,SGP4,2025-09-30 21:26:23.698176+00:00,14.59201983,0.00013450,98.1829,280.1943,90.8999,269.2354,0,U,39634,999,61220,0.00014389000000,0.00000633,0.0000000000000,7073.889,98.684,696.705,694.802,PAYLOAD,LARGE,ESA,2014-04-03,FRGUI,,4827136,298840311,0 SENTINEL 1A,1 39634U 14016A   25273.89332984  .00000633  00000-0  14389-3 0  9992,2 39634  98.1829 280.1943 0001345  90.8999 269.2354 14.59201983612202
3.0,GENERATED VIA SPACE-TRACK.ORG API,2025-10-01 06:46:17+00:00,18 SPCS,SENTINEL 1A,2014-016A,EARTH,TEME,UTC,SGP4,2025-10-01 04:01:22.018944+00:00,14.59201510,0.00013460,98.1829,280.4647,90.9587,269.1767,0,U,39634,999,61224,0.00012426000000,0.00000540,0.0000000000000,7073.890,98.684,696.708,694.803,PAYLOAD,LARGE,ESA,2014-04-03,FRGUI,,4827799,298854630,0 SENTINEL 1A,1 39634U 14016A   25274.16761596  .00000540  00000-0  12426-3 0  9995,2 39634  98.1829 280.4647 0001346  90.9587 269.1767 14.59201510612248
3.0,GENERATED VIA SPACE-TRACK.ORG API,2025-10-01 07:36:20+00:00,18 SPCS,SENTINEL 1A,2014-016A,EARTH,TEME,UTC,SGP4,2025-10-01 05:40:06.580992+00:00,14.59201554,0.00013470,98.1829,280.5323,91.0011,269.1343,0,U,39634,999,61225,0.00012250000000,0.00000532,0.0000000000000,7073.890,98.684,696.708,694.802,PAYLOAD,LARGE,ESA,2014-04-03,FRGUI,,4828037,298855377,0 SENTINEL 1A,1 39634U 14016A   25274.23618728  .00000532  00000-0  12250-3 0  9997,2 39634  98.1829 280.5323 0001347  91.0011 269.1343 14.59201554612254
3.0,GENERATED VIA SPACE-TRACK.ORG API,2025-10-01 07:36:20+00:00,18 SPCS,SENTINEL 1A,2014-016A,EARTH,TEME,UTC,SGP4,2025-10-01 02:22:37.466400+00:00,14.59201085,0.00013480,98.1829,280.3971,90.9388,269.1966,0,U,39634,999,61223,0.00011237000000,0.00000484,0.0000000000000,7073.892,98.684,696.710,694.803,PAYLOAD,LARGE,ESA,2014-04-03,FRGUI,,4827898,298856259,0 SENTINEL 1A,1 39634U 14016A   25274.09904475  .00000484  00000-0  11237-3 0  9998,2 39634  98.1829 280.3971 0001348  90.9388 269.1966 14.59201085612235
3.0,GENERATED VIA SPACE-TRACK.ORG API,2025-10-01 09:46:17+00:00,18 SPCS,SENTINEL 1A,2014-016A,EARTH,TEME,UTC,SGP4,2025-10-01 07:18:51.244128+00:00,14.59197149,0.00013590,98.1829,280.6000,89.0283,271.1072,0,U,39634,999,61226,0.00012235000000,0.00000531,0.0000000000000,7073.905,98.684,696.731,694.808,PAYLOAD,LARGE,ESA,2014-04-03,FRGUI,,4828507,298870728,0 SENTINEL 1A,1 39634U 14016A   25274.30475977  .00000531  00000-0  12235-3 0  9994,2 39634  98.1829 280.6000 0001359  89.0283 271.1072 14.59197149612265
3.0,GENERATED VIA SPACE-TRACK.ORG API,2025-10-01 14:46:21+00:00,18 SPCS,SENTINEL 1A,2014-016A,EARTH,TEME,UTC,SGP4,2025-10-01 12:15:04.976064+00:00,14.59197238,0.00013590,98.1825,280.8027,89.1053,271.0302,0,U,39634,999,61229,0.00012148000000,0.00000527,0.0000000000000,7073.904,98.684,696.731,694.808,PAYLOAD,LARGE,ESA,2014-04-03,FRGUI,,4828621,298903016,0 SENTINEL 1A,1 39634U 14016A   25274.51047426  .00000527  00000-0  12148-3 0  9999,2 39634  98.1825 280.8027 0001359  89.1053 271.0302 14.59197238612295
3.0,GENERATED VIA SPACE-TRACK.ORG API,2025-10-01 22:36:21+00:00,18 SPCS,SENTINEL 1A,2014-016A,EARTH,TEME,UTC,SGP4,2025-10-01 20:28:47.862336+00:00,14.59197613,0.00013580,98.1825,281.1407,89.4261,270.7094,0,U,39634,999,61234,0.00012679000000,0.00000552,0.0000000000000,7073.903,98.684,696.729,694.807,PAYLOAD,LARGE,ESA,2014-04-03,FRGUI,,4829281,298919448,0 SENTINEL 1A,1 39634U 14016A   25274.85333174  .00000552  00000-0  12679-3 0  9991,2 39634  98.1825 281.1407 0001358  89.4261 270.7094 14.59197613612341
3.0,GENERATED VIA SPACE-TRACK.ORG API,2025-10-02 03:26:56+00:00,18 SPCS,SENTINEL 1A,2014-016A,EARTH,TEME,UTC,SGP4,2025-10-01 23:46:17.008896+00:00,14.59197789,0.00013558,98.1825,281.2759,89.1825,270.9530,0,U,39634,999,61236,0.00012520861000,0.00000544,0.0000000000000,7073.902,98.684,696.727,694.808,PAYLOAD,LARGE,ESA,2014-04-03,FRGUI,,4829844,298946875,0 SENTINEL 1A,1 39634U 14016A   25274.99047464  .00000544  00000-0  12521-3 0  9997,2 39634  98.1825 281.2759 0001356  89.1825 270.9530 14.59197789612366
3.0,GENERATED VIA SPACE-TRACK.ORG API,2025-10-02 06:56:18+00:00,18 SPCS,SENTINEL 1A,2014-016A,EARTH,TEME,UTC,SGP4,2025-10-02 04:42:30.631968+00:00,14.59199526,0.00013540,98.1825,281.4787,89.5385,270.5970,0,U,39634,999,61239,0.00017036000000,0.00000757,0.0000000000000,7073.897,98.684,696.720,694.804,PAYLOAD,LARGE,ESA,2014-04-03,FRGUI,,4829926,298964983,0 SENTINEL 1A,1 39634U 14016A   25275.19618787  .00000757  00000-0  17036-3 0  9994,2 39634  98.1825 281.4787 0001354  89.5385 270.5970 14.59199526612390
3.0,GENERATED VIA SPACE-TRACK.ORG API,2025-10-02 20:40:47+00:00,18 SPCS,SENTINEL 1A,2014-016A,EARTH,TEME,UTC,SGP4,2025-10-02 14:34:58.164960+00:00,14.59198744,0.00013518,98.1825,281.8842,89.7947,270.3408,0,U,39634,999,61245,0.00013255635000,0.00000579,0.0000000000000,7073.899,98.684,696.721,694.808,PAYLOAD,LARGE,ESA,2014-04-03,FRGUI,,4830696,298997325,0 SENTINEL 1A,1 39634U 14016A   25275.60761765  .00000579  00000-0  13256-3 0  9997,2 39634  98.1825 281.8842 0001352  89.7947 270.3408 14.59198744612452
3.0,GENERATED VIA SPACE-TRACK.ORG API,2025-10-02 20:57:14+00:00,18 SPCS,SENTINEL 1A,2014-016A,EARTH,TEME,UTC,SGP4,2025-10-02 17:52:27.306336+00:00,14.59198899,0.00013510,98.1825,282.0194,89.7540,270.3815,0,U,39634,999,61247,0.00013228000000,0.00000578,0.0000000000000,7073.899,98.684,696.720,694.808,PAYLOAD,LARGE,ESA,2014-04-03,FRGUI,,4830792,299016914,0 SENTINEL 1A,1 39634U 14016A   25275.74476049  .00000578  00000-0  13228-3 0  9998,2 39634  98.1825 282.0194 0001351  89.7540 270.3815 14.59198899612478
3.0,GENERATED VIA SPACE-TRACK.ORG API,2025-10-03 02:26:47+00:00,18 SPCS,SENTINEL 1A,2014-016A,EARTH,TEME,UTC,SGP4,2025-10-02 22:48:41.025312+00:00,14.59198824,0.00013495,98.1825,282.2222,89.6455,270.4899,0,U,39634,999,61250,0.00011929089000,0.00000517,0.0000000000000,7073.899,98.684,696.719,694.809,PAYLOAD,LARGE,ESA,2014-04-03,FRGUI,,4831546,299048560,0 SENTINEL 1A,1 39634U 14016A   25275.95047483  .00000517  00000-0  11929-3 0  9996,2 39634  98.1825 282.2222 0001350  89.6455 270.4899 14.59198824612500
3.0,GENERATED VIA SPACE-TRACK.ORG API,2025-10-03 13:06:46+00:00,18 SPCS,SENTINEL 1A,2014-016A,EARTH,TEME,UTC,SGP4,2025-10-03 07:02:23.863200+00:00,14.59199465,0.00013539,98.1825,282.5602,89.6493,270.4861,0,U,39634,999,61255,0.00012796748000,0.00000558,0.0000000000000,7073.897,98.684,696.720,694.804,PAYLOAD,LARGE,ESA,2014-04-03,FRGUI,,4831615,299079543,0 SENTINEL 1A,1 39634U 14016A   25276.29333175  .00000558  00000-0  12797-3 0  9999,2 39634  98.1825 282.5602 0001354  89.6493 270.4861 14.59199465612557
3.0,GENERATED VIA SPACE-TRACK.ORG API,2025-10-03 18:13:58+00:00,18 SPCS,SENTINEL 1A,2014-016A,EARTH,TEME,UTC,SGP4,2025-10-03 15:16:06.725280+00:00,14.59199718,0.00013545,98.1825,282.8981,89.5901,270.5454,0,U,39634,999,61260,0.00011939972000,0.00000517,0.0000000000000,7073.896,98.684,696.719,694.803,PAYLOAD,LARGE,ESA,2014-04-03,FRGUI,,4831630,299110798,0 SENTINEL 1A,1 39634U 14016A   25276.63618895  .00000517  00000-0  11940-3 0  9996,2 39634  98.1825 282.8981 0001355  89.5901 270.5454 14.59199718612600
3.0,GENERATED VIA SPACE-TRACK.ORG API,2025-10-04 07:16:48+00:00,18 SPCS,SENTINEL 1A,2014-016A,EARTH,TEME,UTC,SGP4,2025-10-04 06:04:47.888256+00:00,14.59194627,0.00013590,98.1829,283.5066,90.2380,269.8975,0,U,39634,999,61269,0.00011178000000,0.00000481,0.0000000000000,7073.913,98.685,696.739,694.816,PAYLOAD,LARGE,ESA,2014-04-03,FRGUI,,4831741,299128332,0 SENTINEL 1A,1 39634U 14016A   25277.25333204  .00000481  00000-0  11178-3 0  9996,2 39634  98.1829 283.5066 0001359  90.2380 269.8975 14.59194627612692
3.0,GENERATED VIA SPACE-TRACK.ORG API,2025-10-04 14:36:22+00:00,18 SPCS,SENTINEL 1A,2014-016A,EARTH,TEME,UTC,SGP4,2025-10-04 12:39:46.245312+00:00,14.59194527,0.00013560,98.1825,283.7769,89.8408,270.2947,0,U,39634,999,61273,0.00010857000000,0.00000466,0.0000000000000,7073.913,98.685,696.737,694.819,PAYLOAD,LARGE,ESA,2014-04-03,FRGUI,,4832165,299131901,0 SENTINEL 1A,1 39634U 14016A   25277.52761858  .00000466  00000-0  10857-3 0  9992,2 39634  98.1825 283.7769 0001356  89.8408 270.2947 14.59194527612731
3.0,GENERATED VIA SPACE-TRACK.ORG API,2025-10-04 23:26:26+00:00,18 SPCS,SENTINEL 1A,2014-016A,EARTH,TEME,UTC,SGP4,2025-10-04 20:53:29.171328+00:00,14.59194827,0.00013410,98.1825,284.1148,89.5243,270.6110,0,U,39634,999,61278,0.00010083000000,0.00000429,0.0000000000000,7073.912,98.685,696.726,694.828,PAYLOAD,LARGE,ESA,2014-04-03,FRGUI,,4832375,299139934,0 SENTINEL 1A,1 39634U 14016A   25277.87047652  .00000429  00000-0  10083-3 0  9999,2 39634  98.1825 284.1148 0001341  89.5243 270.6110 14.59194827612789
3.0,GENERATED VIA SPACE-TRACK.ORG API,2025-10-05 07:16:23+00:00,18 SPCS,SENTINEL 1A,2014-016A,EARTH,TEME,UTC,SGP4,2025-10-05 03:28:27.507648+00:00,14.59195102,0.00013380,98.1825,284.3852,89.8404,270.2949,0,U,39634,999,61282,0.00009808000000,0.00000417,0.0000000000000,7073.911,98.685,696.723,694.830,PAYLOAD,LARGE,ESA,2014-04-03,FRGUI,,4833100,299156220,0 SENTINEL 1A,1 39634U 14016A   25278.14476282  .00000417  00000-0  98080-4 0  9996,2 39634  98.1825 284.3852 0001338  89.8404 270.2949 14.59195102612829
3.0,GENERATED VIA SPACE-TRACK.ORG API,2025-10-05 14:46:20+00:00,18 SPCS,SENTINEL 1A,2014-016A,EARTH,TEME,UTC,SGP4,2025-10-05 11:42:10.442304+00:00,14.59195257,0.00013370,98.1825,284.7230,90.4402,269.6951,0,U,39634,999,61287,0.00009223500000,0.00000389,0.0000000000000,7073.911,98.685,696.721,694.830,PAYLOAD,LARGE,ESA,2014-04-03,FRGUI,,4833880,299174371,0 SENTINEL 1A,1 39634U 14016A   25278.48762086  .00000389  00000-0  92235-4 0  9997,2 39634  98.1825 284.7230 0001337  90.4402 269.6951 14.59195257612879
3.0,GENERATED VIA SPACE-TRACK.ORG API,2025-10-06 07:26:32+00:00,18 SPCS,SENTINEL 1A,2014-016A,EARTH,TEME,UTC,SGP4,2025-10-06 04:09:36.279648+00:00,14.59195604,0.00013340,98.1825,285.3989,90.2304,269.9049,0,U,39634,999,61297,0.00006635400000,0.00000267,0.0000000000000,7073.910,98.685,696.718,694.831,PAYLOAD,LARGE,ESA,2014-04-03,FRGUI,,4834784,299191347,0 SENTINEL 1A,1 39634U 14016A   25279.17333657  .00000267  00000-0  66354-4 0  9990,2 39634  98.1825 285.3989 0001334  90.2304 269.9049 14.59195604612971
3.0,GENERATED VIA SPACE-TRACK.ORG API,2025-10-06 15:06:39+00:00,18 SPCS,SENTINEL 1A,2014-016A,EARTH,TEME,UTC,SGP4,2025-10-06 12:23:19.193568+00:00,14.59195834,0.00013390,98.1825,285.7369,89.9023,270.2331,0,U,39634,999,61302,0.00006390200000,0.00000255,0.0000000000000,7073.909,98.684,696.721,694.827,PAYLOAD,LARGE,ESA,2014-04-03,FRGUI,,4835641,299210866,0 SENTINEL 1A,1 39634U 14016A   25279.51619437  .00000255  00000-0  63902-4 0  9994,2 39634  98.1825 285.7369 0001339  89.9023 270.2331 14.59195834613026
3.0,GENERATED VIA SPACE-TRACK.ORG API,2025-10-07 04:22:25+00:00,18 SPCS,SENTINEL 1A,2014-016A,EARTH,TEME,UTC,SGP4,2025-10-06 23:54:31.258368+00:00,14.59196195,0.00013361,98.1825,286.2100,89.5278,270.6074,0,U,39634,999,61309,0.00006201477600,0.00000247,0.0000000000000,7073.908,98.684,696.718,694.827,PAYLOAD,LARGE,ESA,2014-04-03,FRGUI,,4836352,299271847,0 SENTINEL 1A,1 39634U 14016A   25279.99619512  .00000247  00000-0  62015-4 0  9995,2 39634  98.1825 286.2100 0001336  89.5278 270.6074 14.59196195613096
3.0,GENERATED VIA SPACE-TRACK.ORG API,2025-10-07 11:10:06+00:00,18 SPCS,SENTINEL 1A,2014-016A,EARTH,TEME,UTC,SGP4,2025-10-07 06:29:29.578272+00:00,14.59196492,0.00013415,98.1825,286.4804,89.5308,270.6046,0,U,39634,999,61313,0.00007192787500,0.00000293,0.0000000000000,7073.907,98.684,696.721,694.823,PAYLOAD,LARGE,ESA,2014-04-03,FRGUI,,4836423,299302808,0 SENTINEL 1A,1 39634U 14016A   25280.27048123  .00000293  00000-0  71928-4 0  9996,2 39634  98.1825 286.4804 0001341  89.5308 270.6046 14.59196492613133
3.0,GENERATED VIA SPACE-TRACK.ORG API,2025-10-07 17:38:49+00:00,18 SPCS,SENTINEL 1A,2014-016A,EARTH,TEME,UTC,SGP4,2025-10-07 14:43:12.473184+00:00,14.59196784,0.00013418,98.1825,286.8183,89.5443,270.5910,0,U,39634,999,61318,0.00007318790800,0.00000299,0.0000000000000,7073.906,98.684,696.720,694.822,PAYLOAD,LARGE,ESA,2014-04-03,FRGUI,,4836461,299333562,0 SENTINEL 1A,1 39634U 14016A   25280.61333881  .00000299  00000-0  73188-4 0  9998,2 39634  98.1825 286.8183 0001342  89.5443 270.5910 14.59196784613186
3.0,GENERATED VIA SPACE-TRACK.ORG API,2025-10-07 23:26:21+00:00,18 SPCS,SENTINEL 1A,2014-016A,EARTH,TEME,UTC,SGP4,2025-10-07 19:39:26.205120+00:00,14.59196966,0.00013410,98.1824,287.0211,89.3761,270.7592,0,U,39634,999,61321,0.00007458800000,0.00000306,0.0000000000000,7073.905,98.684,696.719,694.821,PAYLOAD,LARGE,ESA,2014-04-03,FRGUI,,4836561,299352588,0 SENTINEL 1A,1 39634U 14016A   25280.81905330  .00000306  00000-0  74588-4 0  9998,2 39634  98.1824 287.0211 0001341  89.3761 270.7592 14.59196966613214
3.0,GENERATED VIA SPACE-TRACK.ORG API,2025-10-08 03:17:49+00:00,18 SPCS,SENTINEL 1A,2014-016A,EARTH,TEME,UTC,SGP4,2025-10-07 22:56:55.347360+00:00,14.59197197,0.00013377,98.1824,287.1562,89.3027,270.8326,0,U,39634,999,61323,0.00007722587600,0.00000318,0.0000000000000,7073.904,98.684,696.716,694.823,PAYLOAD,LARGE,ESA,2014-04-03,FRGUI,,4836982,299376171,0 SENTINEL 1A,1 39634U 14016A   25280.95619615  .00000318  00000-0  77226-4 0  9996,2 39634  98.1824 287.1562 0001338  89.3027 270.8326 14.59197197613230
3.0,GENERATED VIA SPACE-TRACK.ORG API,2025-10-08 06:56:21+00:00,18 SPCS,SENTINEL 1A,2014-016A,EARTH,TEME,UTC,SGP4,2025-10-08 03:53:09.074112+00:00,14.59197385,0.00013400,98.1824,287.3590,89.4717,270.6636,0,U,39634,999,61326,0.00007887500000,0.00000326,0.0000000000000,7073.904,98.684,696.717,694.821,PAYLOAD,LARGE,ESA,2014-04-03,FRGUI,,4837078,299395478,0 SENTINEL 1A,1 39634U 14016A   25281.16191058  .00000326  00000-0  78875-4 0  9996,2 39634  98.1824 287.3590 0001340  89.4717 270.6636 14.59197385613267
3.0,GENERATED VIA SPACE-TRACK.ORG API,2025-10-08 10:51:44+00:00,18 SPCS,SENTINEL 1A,2014-016A,EARTH,TEME,UTC,SGP4,2025-10-08 07:10:38.233632+00:00,14.59197364,0.00013419,98.1824,287.4942,89.5156,270.6197,0,U,39634,999,61328,0.00007546910600,0.00000310,0.0000000000000,7073.904,98.684,696.718,694.820,PAYLOAD,LARGE,ESA,2014-04-03,FRGUI,,4837766,299425203,0 SENTINEL 1A,1 39634U 14016A   25281.29905363  .00000310  00000-0  75469-4 0  9991,2 39634  98.1824 287.4942 0001342  89.5156 270.6197 14.59197364613280
3.0,GENERATED VIA SPACE-TRACK.ORG API,2025-10-08 14:46:21+00:00,18 SPCS,SENTINEL 1A,2014-016A,EARTH,TEME,UTC,SGP4,2025-10-08 12:06:51.962976+00:00,14.59197480,0.00013430,98.1824,287.6969,89.5991,270.5363,0,U,39634,999,61331,0.00007139000000,0.00000291,0.0000000000000,7073.903,98.684,696.718,694.818,PAYLOAD,LARGE,ESA,2014-04-03,FRGUI,,4837877,299444882,0 SENTINEL 1A,1 39634U 14016A   25281.50476809  .00000291  00000-0  71390-4 0  9990,2 39634  98.1824 287.6969 0001343  89.5991 270.5363 14.59197480613316
3.0,GENERATED VIA SPACE-TRACK.ORG API,2025-10-08 18:21:37+00:00,18 SPCS,SENTINEL 1A,2014-016A,EARTH,TEME,UTC,SGP4,2025-10-08 13:45:36.539712+00:00,14.59197507,0.00013440,98.1824,287.7645,89.6016,270.5338,0,U,39634,999,61332,0.00007026585400,0.00000285,0.0000000000000,7073.903,98.684,696.719,694.818,PAYLOAD,LARGE,ESA,2014-04-03,FRGUI,,4838580,299476467,0 SENTINEL 1A,1 39634U 14016A   25281.57333958  .00000285  00000-0  70266-4 0  9998,2 39634  98.1824 287.7645 0001344  89.6016 270.5338 14.59197507613321
3.0,GENERATED VIA SPACE-TRACK.ORG API,2025-10-08 22:56:22+00:00,18 SPCS,SENTINEL 1A,2014-016A,EARTH,TEME,UTC,SGP4,2025-10-08 20:20:34.840608+00:00,14.59197613,0.00013450,98.1824,288.0349,89.5527,270.5827,0,U,39634,999,61336,0.00006621700000,0.00000266,0.0000000000000,7073.903,98.684,696.719,694.817,PAYLOAD,LARGE,ESA,2014-04-03,FRGUI,,4838811,299496744,0 SENTINEL 1A,1 39634U 14016A   25281.84762547  .00000266  00000-0  66217-4 0  9998,2 39634  98.1824 288.0349 0001345  89.5527 270.5827 14.59197613613368
3.0,GENERATED VIA SPACE-TRACK.ORG API,2025-10-09 02:29:47+00:00,18 SPCS,SENTINEL 1A,2014-016A,EARTH,TEME,UTC,SGP4,2025-10-08 23:38:03.987168+00:00,14.59197748,0.00013422,98.1824,288.1700,89.4963,270.6391,0,U,39634,999,61338,0.00006700382800,0.00000270,0.0000000000000,7073.903,98.684,696.717,694.818,PAYLOAD,LARGE,ESA,2014-04-03,FRGUI,,4839045,299518189,0 SENTINEL 1A,1 39634U 14016A   25281.98476837  .00000270  00000-0  67004-4 0  9997,2 39634  98.1824 288.1700 0001342  89.4963 270.6391 14.59197748613388
3.0,GENERATED VIA SPACE-TRACK.ORG API,2025-10-09 07:06:38+00:00,18 SPCS,SENTINEL 1A,2014-016A,EARTH,TEME,UTC,SGP4,2025-10-09 04:34:17.718240+00:00,14.59197776,0.00013450,98.1824,288.3728,89.6398,270.4955,0,U,39634,999,61341,0.00006328300000,0.00000253,0.0000000000000,7073.902,98.684,696.719,694.816,PAYLOAD,LARGE,ESA,2014-04-03,FRGUI,,4839262,299540381,0 SENTINEL 1A,1 39634U 14016A   25282.19048285  .00000253  00000-0  63283-4 0  9999,2 39634  98.1824 288.3728 0001345  89.6398 270.4955 14.59197776613416
3.0,GENERATED VIA SPACE-TRACK.ORG API,2025-10-09 11:55:26+00:00,18 SPCS,SENTINEL 1A,2014-016A,EARTH,TEME,UTC,SGP4,2025-10-09 06:13:02.292384+00:00,14.59197821,0.00013461,98.1824,288.4404,89.6887,270.4467,0,U,39634,999,61342,0.00006314944600,0.00000252,0.0000000000000,7073.902,98.684,696.720,694.815,PAYLOAD,LARGE,ESA,2014-04-03,FRGUI,,4839836,299567595,0 SENTINEL 1A,1 39634U 14016A   25282.25905431  .00000252  00000-0  63149-4 0  9991,2 39634  98.1824 288.4404 0001346  89.6887 270.4467 14.59197821613422
3.0,GENERATED VIA SPACE-TRACK.ORG API,2025-10-09 17:43:15+00:00,18 SPCS,SENTINEL 1A,2014-016A,EARTH,TEME,UTC,SGP4,2025-10-09 14:26:45.159648+00:00,14.59198083,0.00013413,98.1824,288.7784,89.6215,270.5139,0,U,39634,999,61347,0.00006265675000,0.00000250,0.0000000000000,7073.901,98.684,696.715,694.818,PAYLOAD,LARGE,ESA,2014-04-03,FRGUI,,4839856,299599457,0 SENTINEL 1A,1 39634U 14016A   25282.60191157  .00000250  00000-0  62657-4 0  9993,2 39634  98.1824 288.7784 0001341  89.6215 270.5139 14.59198083613479
3.0,GENERATED VIA SPACE-TRACK.ORG API,2025-10-09 21:36:21+00:00,18 SPCS,SENTINEL 1A,2014-016A,EARTH,TEME,UTC,SGP4,2025-10-09 17:44:14.307936+00:00,14.59198129,0.00013420,98.1824,288.9135,89.6868,270.4486,0,U,39634,999,61349,0.00006057000000,0.00000240,0.0000000000000,7073.901,98.684,696.716,694.817,PAYLOAD,LARGE,ESA,2014-04-03,FRGUI,,4840248,299626134,0 SENTINEL 1A,1 39634U 14016A   25282.73905449  .00000240  00000-0  60570-4 0  9995,2 39634  98.1824 288.9135 0001342  89.6868 270.4486 14.59198129613493
3.0,GENERATED VIA SPACE-TRACK.ORG API,2025-10-09 22:56:18+00:00,18 SPCS,SENTINEL 1A,2014-016A,EARTH,TEME,UTC,SGP4,2025-10-09 19:22:58.881216+00:00,14.59198168,0.00013420,98.1824,288.9811,89.6923,270.4430,0,U,39634,999,61350,0.00006014300000,0.00000238,0.0000000000000,7073.901,98.684,696.716,694.817,PAYLOAD,LARGE,ESA,2014-04-03,FRGUI,,4840891,299641856,0 SENTINEL 1A,1 39634U 14016A   25282.80762594  .00000238  00000-0  60143-4 0  9998,2 39634  98.1824 288.9811 0001342  89.6923 270.4430 14.59198168613500
3.0,GENERATED VIA SPACE-TRACK.ORG API,2025-10-10 04:19:40+00:00,18 SPCS,SENTINEL 1A,2014-016A,EARTH,TEME,UTC,SGP4,2025-10-10 00:19:12.595872+00:00,14.59198247,0.00013328,98.1824,289.1839,89.6747,270.4606,0,U,39634,999,61353,0.00005688987200,0.00000222,0.0000000000000,7073.901,98.684,696.709,694.823,PAYLOAD,LARGE,ESA,2014-04-03,FRGUI,,4840951,299656070,0 SENTINEL 1A,1 39634U 14016A   25283.01334023  .00000222  00000-0  56890-4 0  9991,2 39634  98.1824 289.1839 0001333  89.6747 270.4606 14.59198247613533
3.0,GENERATED VIA SPACE-TRACK.ORG API,2025-10-10 06:46:21+00:00,18 SPCS,SENTINEL 1A,2014-016A,EARTH,TEME,UTC,SGP4,2025-10-10 03:36:41.740704+00:00,14.59198318,0.00013380,98.1824,289.3190,89.8516,270.2837,0,U,39634,999,61355,0.00005643500000,0.00000220,0.0000000000000,7073.901,98.684,696.712,694.819,PAYLOAD,LARGE,ESA,2014-04-03,FRGUI,,4841058,299676418,0 SENTINEL 1A,1 39634U 14016A   25283.15048311  .00000220  00000-0  56435-4 0  9991,2 39634  98.1824 289.3190 0001338  89.8516 270.2837 14.59198318613551
3.0,GENERATED VIA SPACE-TRACK.ORG API,2025-10-10 11:05:40+00:00,18 SPCS,SENTINEL 1A,2014-016A,EARTH,TEME,UTC,SGP4,2025-10-10 06:54:10.887264+00:00,14.59198552,0.00013415,98.1824,289.4542,89.6578,270.4775,0,U,39634,999,61357,0.00006248136700,0.00000249,0.0000000000000,7073.900,98.684,696.714,694.816,PAYLOAD,LARGE,ESA,2014-04-03,FRGUI,,4841636,299702855,0 SENTINEL 1A,1 39634U 14016A   25283.28762601  .00000249  00000-0  62481-4 0  9999,2 39634  98.1824 289.4542 0001341  89.6578 270.4775 14.59198552613578
3.0,GENERATED VIA SPACE-TRACK.ORG API,2025-10-10 15:46:38+00:00,18 SPCS,SENTINEL 1A,2014-016A,EARTH,TEME,UTC,SGP4,2025-10-10 11:50:24.601056+00:00,14.59198708,0.00013400,98.1824,289.6570,89.6677,270.4677,0,U,39634,999,61360,0.00006276500000,0.00000250,0.0000000000000,7073.899,98.684,696.712,694.817,PAYLOAD,LARGE,ESA,2014-04-03,FRGUI,,4841759,299722482,0 SENTINEL 1A,1 39634U 14016A   25283.49334029  .00000250  00000-0  62765-4 0  9998,2 39634  98.1824 289.6570 0001340  89.6677 270.4677 14.59198708613608
3.0,GENERATED VIA SPACE-TRACK.ORG API,2025-10-10 23:36:22+00:00,18 SPCS,SENTINEL 1A,2014-016A,EARTH,TEME,UTC,SGP4,2025-10-10 20:04:07.455360+00:00,14.59198817,0.00013400,98.1823,289.9949,89.8179,270.3174,0,U,39634,999,61365,0.00005819500000,0.00000229,0.0000000000000,7073.899,98.684,696.712,694.816,PAYLOAD,LARGE,ESA,2014-04-03,FRGUI,,4842609,299741050,0 SENTINEL 1A,1 39634U 14016A   25283.83619740  .00000229  00000-0  58195-4 0  9990,2 39634  98.1823 289.9949 0001340  89.8179 270.3174 14.59198817613656
3.0,GENERATED VIA SPACE-TRACK.ORG API,2025-10-11 02:58:56+00:00,18 SPCS,SENTINEL 1A,2014-016A,EARTH,TEME,UTC,SGP4,2025-10-10 23:21:36.592416+00:00,14.59198947,0.00013362,98.1823,290.1301,89.8826,270.2527,0,U,39634,999,61367,0.00005946623200,0.00000235,0.0000000000000,7073.899,98.684,696.709,694.818,PAYLOAD,LARGE,ESA,2014-04-03,FRGUI,,4843180,299768351,0 SENTINEL 1A,1 39634U 14016A   25283.97334019  .00000235  00000-0  59466-4 0  9997,2 39634  98.1823 290.1301 0001336  89.8826 270.2527 14.59198947613673
3.0,GENERATED VIA SPACE-TRACK.ORG API,2025-10-11 07:46:21+00:00,18 SPCS,SENTINEL 1A,2014-016A,EARTH,TEME,UTC,SGP4,2025-10-11 04:17:50.301888+00:00,14.59199160,0.00013350,98.1823,290.3329,89.9642,270.1710,0,U,39634,999,61370,0.00006400200000,0.00000256,0.0000000000000,7073.898,98.684,696.707,694.819,PAYLOAD,LARGE,ESA,2014-04-03,FRGUI,,4843568,299788261,0 SENTINEL 1A,1 39634U 14016A   25284.17905442  .00000256  00000-0  64002-4 0  9999,2 39634  98.1823 290.3329 0001335  89.9642 270.1710 14.59199160613706
3.0,GENERATED VIA SPACE-TRACK.ORG API,2025-10-11 10:47:38+00:00,18 SPCS,SENTINEL 1A,2014-016A,EARTH,TEME,UTC,SGP4,2025-10-11 05:56:34.872576+00:00,14.59199181,0.00013348,98.1823,290.4005,90.0071,270.1282,0,U,39634,999,61371,0.00006283199500,0.00000250,0.0000000000000,7073.898,98.684,696.707,694.819,PAYLOAD,LARGE,ESA,2014-04-03,FRGUI,,4843990,299818551,0 SENTINEL 1A,1 39634U 14016A   25284.24762584  .00000250  00000-0  62832-4 0  9998,2 39634  98.1823 290.4005 0001335  90.0071 270.1282 14.59199181613715
3.0,GENERATED VIA SPACE-TRACK.ORG API,2025-10-12 03:37:44+00:00,18 SPCS,SENTINEL 1A,2014-016A,EARTH,TEME,UTC,SGP4,2025-10-12 00:02:45.115584+00:00,14.59199805,0.00013360,98.1823,291.1440,89.7396,270.3956,0,U,39634,999,61382,0.00006693540500,0.00000270,0.0000000000000,7073.896,98.684,696.706,694.816,PAYLOAD,LARGE,ESA,2014-04-03,FRGUI,,4844080,299849966,0 SENTINEL 1A,1 39634U 14016A   25285.00191106  .00000270  00000-0  66935-4 0  9999,2 39634  98.1823 291.1440 0001336  89.7396 270.3956 14.59199805613827
3.0,GENERATED VIA SPACE-TRACK.ORG API,2025-10-12 10:10:24+00:00,18 SPCS,SENTINEL 1A,2014-016A,EARTH,TEME,UTC,SGP4,2025-10-12 06:37:43.376736+00:00,14.59200091,0.00013389,98.1823,291.4143,89.7805,270.3548,0,U,39634,999,61386,0.00007089505400,0.00000288,0.0000000000000,7073.895,98.684,696.707,694.813,PAYLOAD,LARGE,ESA,2014-04-03,FRGUI,,4844130,299881020,0 SENTINEL 1A,1 39634U 14016A   25285.27619649  .00000288  00000-0  70895-4 0  9994,2 39634  98.1823 291.4143 0001339  89.7805 270.3548 14.59200091613869
3.0,GENERATED VIA SPACE-TRACK.ORG API,2025-10-12 18:25:01+00:00,18 SPCS,SENTINEL 1A,2014-016A,EARTH,TEME,UTC,SGP4,2025-10-12 14:51:26.199936+00:00,14.59200312,0.00013394,98.1823,291.7522,89.8673,270.2680,0,U,39634,999,61391,0.00006944719800,0.00000282,0.0000000000000,7073.894,98.684,696.707,694.812,PAYLOAD,LARGE,ESA,2014-04-03,FRGUI,,4844234,299911954,0 SENTINEL 1A,1 39634U 14016A   25285.61905324  .00000282  00000-0  69447-4 0  9995,2 39634  98.1823 291.7522 0001339  89.8673 270.2680 14.59200312613915
3.0,GENERATED VIA SPACE-TRACK.ORG API,2025-10-13 02:18:25+00:00,18 SPCS,SENTINEL 1A,2014-016A,EARTH,TEME,UTC,SGP4,2025-10-12 23:05:09.022272+00:00,14.59200605,0.00013336,98.1823,292.0902,89.9436,270.1917,0,U,39634,999,61396,0.00007141215600,0.00000291,0.0000000000000,7073.893,98.684,696.702,694.815,PAYLOAD,LARGE,ESA,2014-04-03,FRGUI,,4844295,299943018,0 SENTINEL 1A,1 39634U 14016A   25285.96190998  .00000291  00000-0  71412-4 0  9991,2 39634  98.1823 292.0902 0001334  89.9436 270.1917 14.59200605613966
3.0,GENERATED VIA SPACE-TRACK.ORG API,2025-10-13 10:50:46+00:00,18 SPCS,SENTINEL 1A,2014-016A,EARTH,TEME,UTC,SGP4,2025-10-13 07:18:51.840288+00:00,14.59200844,0.00013380,98.1823,292.4281,90.0240,270.1113,0,U,39634,999,61401,0.00007195805000,0.00000293,0.0000000000000,7073.893,98.684,696.704,694.811,PAYLOAD,LARGE,ESA,2014-04-03,FRGUI,,4844340,299974893,0 SENTINEL 1A,1 39634U 14016A   25286.30476667  .00000293  00000-0  71958-4 0  9997,2 39634  98.1823 292.4281 0001338  90.0240 270.1113 14.59200844614010
3.0,GENERATED VIA SPACE-TRACK.ORG API,2025-10-13 18:48:44+00:00,18 SPCS,SENTINEL 1A,2014-016A,EARTH,TEME,UTC,SGP4,2025-10-13 13:53:50.086752+00:00,14.59200944,0.00013401,98.1823,292.6985,90.1266,270.0087,0,U,39634,999,61405,0.00006786026900,0.00000274,0.0000000000000,7073.892,98.684,696.705,694.809,PAYLOAD,LARGE,ESA,2014-04-03,FRGUI,,4844365,300005922,0 SENTINEL 1A,1 39634U 14016A   25286.57905193  .00000274  00000-0  67860-4 0  9993,2 39634  98.1823 292.6985 0001340  90.1266 270.0087 14.59200944614059
3.0,GENERATED VIA SPACE-TRACK.ORG API,2025-10-14 02:50:48+00:00,18 SPCS,SENTINEL 1A,2014-016A,EARTH,TEME,UTC,SGP4,2025-10-13 23:46:17.460768+00:00,14.59201277,0.00013392,98.1823,293.1040,90.1368,269.9985,0,U,39634,999,61411,0.00007114419900,0.00000290,0.0000000000000,7073.891,98.684,696.704,694.809,PAYLOAD,LARGE,ESA,2014-04-03,FRGUI,,4844410,300036515,0 SENTINEL 1A,1 39634U 14016A   25286.99047987  .00000290  00000-0  71144-4 0  9995,2 39634  98.1823 293.1040 0001339  90.1368 269.9985 14.59201277614119
3.0,GENERATED VIA SPACE-TRACK.ORG API,2025-10-14 17:26:50+00:00,18 SPCS,SENTINEL 1A,2014-016A,EARTH,TEME,UTC,SGP4,2025-10-14 06:21:15.706368+00:00,14.59201547,0.00013415,98.1823,293.3744,90.3278,269.8075,0,U,39634,999,61415,0.00007503084200,0.00000308,0.0000000000000,7073.890,98.684,696.704,694.806,PAYLOAD,LARGE,ESA,2014-04-03,FRGUI,,4844448,300068385,0 SENTINEL 1A,1 39634U 14016A   25287.26476512  .00000308  00000-0  75031-4 0  9995,2 39634  98.1823 293.3744 0001342  90.3278 269.8075 14.59201547614151
3.0,GENERATED VIA SPACE-TRACK.ORG API,2025-10-15 02:21:28+00:00,18 SPCS,SENTINEL 1A,2014-016A,EARTH,TEME,UTC,SGP4,2025-10-14 22:48:41.304384+00:00,14.59201960,0.00013334,98.1823,294.0502,89.9366,270.1987,0,U,39634,999,61425,0.00007250353000,0.00000296,0.0000000000000,7073.889,98.684,696.697,694.811,PAYLOAD,LARGE,ESA,2014-04-03,FRGUI,,4844485,300098968,0 SENTINEL 1A,1 39634U 14016A   25287.95047806  .00000296  00000-0  72504-4 0  9999,2 39634  98.1823 294.0502 0001333  89.9366 270.1987 14.59201960614250
3.0,GENERATED VIA SPACE-TRACK.ORG API,2025-10-15 18:23:35+00:00,18 SPCS,SENTINEL 1A,2014-016A,EARTH,TEME,UTC,SGP4,2025-10-15 02:06:10.424160+00:00,14.59202019,0.00013376,98.1823,294.1854,90.0060,270.1293,0,U,39634,999,61427,0.00007106440100,0.00000289,0.0000000000000,7073.889,98.684,696.700,694.808,PAYLOAD,LARGE,ESA,2014-04-03,FRGUI,,4844545,300130861,0 SENTINEL 1A,1 39634U 14016A   25288.08762065  .00000289  00000-0  71064-4 0  9997,2 39634  98.1823 294.1854 0001338  90.0060 270.1293 14.59202019614278
3.0,GENERATED VIA SPACE-TRACK.ORG API,2025-10-17 21:36:24+00:00,18 SPCS,SENTINEL 1A,2014-016A,EARTH,TEME,UTC,SGP4,2025-10-17 19:55:53.350176+00:00,14.59200295,0.00013150,98.1825,296.8888,89.6042,270.5308,0,U,39634,999,61467,0.00013680000000,0.00000599,0.0000000000000,7073.894,98.684,696.690,694.829,PAYLOAD,LARGE,ESA,2014-04-03,FRGUI,,4847995,300354604,0 SENTINEL 1A,1 39634U 14016A   25290.83047859  .00000599  00000-0  13680-3 0  9993,2 39634  98.1825 296.8888 0001315  89.6042 270.5308 14.59200295614674
3.0,GENERATED VIA SPACE-TRACK.ORG API,2025-10-18 00:06:20+00:00,18 SPCS,SENTINEL 1A,2014-016A,EARTH,TEME,UTC,SGP4,2025-10-17 21:34:37.931232+00:00,14.59199754,0.00013170,98.1822,296.9564,89.6827,270.4524,0,U,39634,999,61468,0.00008976600000,0.00000377,0.0000000000000,7073.896,98.684,696.693,694.829,PAYLOAD,LARGE,ESA,2014-04-03,FRGUI,,4848092,300356471,0 SENTINEL 1A,1 39634U 14016A   25290.89905013  .00000377  00000-0  89766-4 0  9997,2 39634  98.1822 296.9564 0001317  89.6827 270.4524 14.59199754614683
3.0,GENERATED VIA SPACE-TRACK.ORG API,2025-10-18 02:17:05+00:00,18 SPCS,SENTINEL 1A,2014-016A,EARTH,TEME,UTC,SGP4,2025-10-17 23:13:22.495008+00:00,14.59199955,0.00013157,98.1822,297.0240,89.6883,270.4468,0,U,39634,999,61469,0.00009502684600,0.00000402,0.0000000000000,7073.895,98.684,696.691,694.830,PAYLOAD,LARGE,ESA,2014-04-03,FRGUI,,4848496,300379870,0 SENTINEL 1A,1 39634U 14016A   25290.96762147  .00000402  00000-0  95027-4 0  9990,2 39634  98.1822 297.0240 0001316  89.6883 270.4468 14.59199955614698
3.0,GENERATED VIA SPACE-TRACK.ORG API,2025-10-18 08:36:19+00:00,18 SPCS,SENTINEL 1A,2014-016A,EARTH,TEME,UTC,SGP4,2025-10-18 04:09:36.207072+00:00,14.59199793,0.00013180,98.1822,297.2267,89.7222,270.4129,0,U,39634,999,61472,0.00007295400000,0.00000298,0.0000000000000,7073.896,98.684,696.693,694.829,PAYLOAD,LARGE,ESA,2014-04-03,FRGUI,,4848629,300399825,0 SENTINEL 1A,1 39634U 14016A   25291.17333573  .00000298  00000-0  72954-4 0  9998,2 39634  98.1822 297.2267 0001318  89.7222 270.4129 14.59199793614727
3.0,GENERATED VIA SPACE-TRACK.ORG API,2025-10-18 10:30:26+00:00,18 SPCS,SENTINEL 1A,2014-016A,EARTH,TEME,UTC,SGP4,2025-10-18 07:27:05.358816+00:00,14.59199787,0.00013183,98.1822,297.3619,89.7471,270.3879,0,U,39634,999,61474,0.00007248168900,0.00000296,0.0000000000000,7073.896,98.684,696.694,694.828,PAYLOAD,LARGE,ESA,2014-04-03,FRGUI,,4849367,300432173,0 SENTINEL 1A,1 39634U 14016A   25291.31047869  .00000296  00000-0  72482-4 0  9998,2 39634  98.1822 297.3619 0001318  89.7471 270.3879 14.59199787614741
3.0,GENERATED VIA SPACE-TRACK.ORG API,2025-10-18 16:26:16+00:00,18 SPCS,SENTINEL 1A,2014-016A,EARTH,TEME,UTC,SGP4,2025-10-18 14:02:03.681312+00:00,14.59198542,0.00013040,98.1825,297.6322,89.1887,270.9462,0,U,39634,999,61478,-0.00001268100000,-0.00000106,0.0000000000000,7073.900,98.684,696.687,694.843,PAYLOAD,LARGE,ESA,2014-04-03,FRGUI,,4849442,300449233,0 SENTINEL 1A,1 39634U 14016A   25291.58476483 -.00000106  00000-0 -12681-4 0  9992,2 39634  98.1825 297.6322 0001304  89.1887 270.9462 14.59198542614784
3.0,GENERATED VIA SPACE-TRACK.ORG API,2025-10-19 02:20:52+00:00,18 SPCS,SENTINEL 1A,2014-016A,EARTH,TEME,UTC,SGP4,2025-10-18 23:54:31.114944+00:00,14.59198378,0.00012500,98.1822,298.0375,88.9582,271.1761,0,U,39634,999,61484,-0.00001386949800,-0.00000111,0.0000000000000,7073.901,98.684,696.650,694.881,PAYLOAD,LARGE,ESA,2014-04-03,FRGUI,,4849547,300463432,0 SENTINEL 1A,1 39634U 14016A   25291.99619346 -.00000111  00000-0 -13869-4 0  9999,2 39634  98.1822 298.0375 0001250  88.9582 271.1761 14.59198378614842
3.0,GENERATED VIA SPACE-TRACK.ORG API,2025-10-19 10:30:26+00:00,18 SPCS,SENTINEL 1A,2014-016A,EARTH,TEME,UTC,SGP4,2025-10-19 06:29:29.455584+00:00,14.59197596,0.00012547,98.1822,298.3079,87.8995,272.2349,0,U,39634,999,61488,-0.00004399583800,-0.00000253,0.0000000000000,7073.903,98.684,696.656,694.881,PAYLOAD,LARGE,ESA,2014-04-03,FRGUI,,4849597,300494020,0 SENTINEL 1A,1 39634U 14016A   25292.27047981 -.00000253  00000-0 -43996-4 0  9992,2 39634  98.1822 298.3079 0001255  87.8995 272.2349 14.59197596614886
3.0,GENERATED VIA SPACE-TRACK.ORG API,2025-10-20 02:10:33+00:00,18 SPCS,SENTINEL 1A,2014-016A,EARTH,TEME,UTC,SGP4,2025-10-19 22:56:55.138272+00:00,14.59198268,0.00012502,98.1823,298.9836,89.0768,271.0575,0,U,39634,999,61498,-0.00001324595300,-0.00000108,0.0000000000000,7073.901,98.684,696.650,694.881,PAYLOAD,LARGE,ESA,2014-04-03,FRGUI,,4849705,300526033,0 SENTINEL 1A,1 39634U 14016A   25292.95619373 -.00000108  00000-0 -13246-4 0  9991,2 39634  98.1823 298.9836 0001250  89.0768 271.0575 14.59198268614987
3.0,GENERATED VIA SPACE-TRACK.ORG API,2025-10-20 06:36:20+00:00,18 SPCS,SENTINEL 1A,2014-016A,EARTH,TEME,UTC,SGP4,2025-10-20 03:53:08.843424+00:00,14.59198400,0.00012420,98.1823,299.1864,88.5169,271.6172,0,U,39634,999,61501,-0.00000688210000,-0.00000078,0.0000000000000,7073.900,98.684,696.644,694.887,PAYLOAD,LARGE,ESA,2014-04-03,FRGUI,,4849796,300544887,0 SENTINEL 1A,1 39634U 14016A   25293.16190791 -.00000078  00000-0 -68821-5 0  9999,2 39634  98.1823 299.1864 0001242  88.5169 271.6172 14.59198400615013
3.0,GENERATED VIA SPACE-TRACK.ORG API,2025-10-20 10:26:40+00:00,18 SPCS,SENTINEL 1A,2014-016A,EARTH,TEME,UTC,SGP4,2025-10-20 07:10:37.983072+00:00,14.59198467,0.00012439,98.1823,299.3215,88.3876,271.7466,0,U,39634,999,61503,-0.00000323040400,-0.00000061,0.0000000000000,7073.900,98.684,696.645,694.885,PAYLOAD,LARGE,ESA,2014-04-03,FRGUI,,4850467,300574833,0 SENTINEL 1A,1 39634U 14016A   25293.29905073 -.00000061  00000-0 -32304-5 0  9999,2 39634  98.1823 299.3215 0001244  88.3876 271.7466 14.59198467615032
3.0,GENERATED VIA SPACE-TRACK.ORG API,2025-10-20 18:08:45+00:00,18 SPCS,SENTINEL 1A,2014-016A,EARTH,TEME,UTC,SGP4,2025-10-20 15:24:20.802816+00:00,14.59199488,0.00013177,98.1820,299.6596,89.8467,270.2883,0,U,39634,999,61508,0.00004693211900,0.00000175,0.0000000000000,7073.897,98.684,696.694,694.830,PAYLOAD,LARGE,ESA,2014-04-03,FRGUI,,4850513,300606241,0 SENTINEL 1A,1 39634U 14016A   25293.64190744  .00000175  00000-0  46932-4 0  9994,2 39634  98.1820 299.6596 0001318  89.8467 270.2883 14.59199488615084
3.0,GENERATED VIA SPACE-TRACK.ORG API,2025-10-21 03:26:54+00:00,18 SPCS,SENTINEL 1A,2014-016A,EARTH,TEME,UTC,SGP4,2025-10-20 23:38:03.619104+00:00,14.59200106,0.00013151,98.1822,299.9976,89.7183,270.4168,0,U,39634,999,61513,0.00007313334500,0.00000299,0.0000000000000,7073.895,98.684,696.690,694.830,PAYLOAD,LARGE,ESA,2014-04-03,FRGUI,,4850597,300637399,0 SENTINEL 1A,1 39634U 14016A   25293.98476411  .00000299  00000-0  73133-4 0  9999,2 39634  98.1822 299.9976 0001315  89.7183 270.4168 14.59200106615136
3.0,GENERATED VIA SPACE-TRACK.ORG API,2025-10-21 18:24:45+00:00,18 SPCS,SENTINEL 1A,2014-016A,EARTH,TEME,UTC,SGP4,2025-10-21 14:26:44.691360+00:00,14.59200820,0.00013205,98.1822,300.6058,89.7778,270.3573,0,U,39634,999,61522,0.00009343558300,0.00000395,0.0000000000000,7073.893,98.684,696.692,694.824,PAYLOAD,LARGE,ESA,2014-04-03,FRGUI,,4850699,300669389,0 SENTINEL 1A,1 39634U 14016A   25294.60190615  .00000395  00000-0  93436-4 0  9993,2 39634  98.1822 300.6058 0001321  89.7778 270.3573 14.59200820615226
3.0,GENERATED VIA SPACE-TRACK.ORG API,2025-10-21 23:56:19+00:00,18 SPCS,SENTINEL 1A,2014-016A,EARTH,TEME,UTC,SGP4,2025-10-21 21:01:42.943008+00:00,14.59200968,0.00013200,98.1822,300.8762,89.7975,270.3376,0,U,39634,999,61526,0.00009074500000,0.00000382,0.0000000000000,7073.892,98.684,696.691,694.823,PAYLOAD,LARGE,ESA,2014-04-03,FRGUI,,4850869,300689251,0 SENTINEL 1A,1 39634U 14016A   25294.87619147  .00000382  00000-0  90745-4 0  9994,2 39634  98.1822 300.8762 0001320  89.7975 270.3376 14.59200968615266
3.0,GENERATED VIA SPACE-TRACK.ORG API,2025-10-22 04:10:39+00:00,18 SPCS,SENTINEL 1A,2014-016A,EARTH,TEME,UTC,SGP4,2025-10-22 00:19:12.067104+00:00,14.59201072,0.00013175,98.1821,301.0113,89.6896,270.4454,0,U,39634,999,61528,0.00008975281700,0.00000377,0.0000000000000,7073.892,98.684,696.689,694.825,PAYLOAD,LARGE,ESA,2014-04-03,FRGUI,,4851525,300718053,0 SENTINEL 1A,1 39634U 14016A   25295.01333411  .00000377  00000-0  89753-4 0  9999,2 39634  98.1821 301.0113 0001317  89.6896 270.4454 14.59201072615282
3.0,GENERATED VIA SPACE-TRACK.ORG API,2025-10-22 06:46:34+00:00,18 SPCS,SENTINEL 1A,2014-016A,EARTH,TEME,UTC,SGP4,2025-10-22 03:36:41.196384+00:00,14.59201106,0.00013200,98.1822,301.1465,89.6874,270.4477,0,U,39634,999,61530,0.00008670800000,0.00000363,0.0000000000000,7073.892,98.684,696.690,694.823,PAYLOAD,LARGE,ESA,2014-04-03,FRGUI,,4851775,300741635,0 SENTINEL 1A,1 39634U 14016A   25295.15047681  .00000363  00000-0  86708-4 0  9997,2 39634  98.1822 301.1465 0001320  89.6874 270.4477 14.59201106615300
3.0,GENERATED VIA SPACE-TRACK.ORG API,2025-10-22 17:40:45+00:00,18 SPCS,SENTINEL 1A,2014-016A,EARTH,TEME,UTC,SGP4,2025-10-22 06:54:10.321344+00:00,14.59201106,0.00013183,98.1821,301.2817,89.4135,270.7216,0,U,39634,999,61532,0.00007965493800,0.00000330,0.0000000000000,7073.892,98.684,696.689,694.824,PAYLOAD,LARGE,ESA,2014-04-03,FRGUI,,4853183,300787678,0 SENTINEL 1A,1 39634U 14016A   25295.28761946  .00000330  00000-0  79655-4 0  9995,2 39634  98.1821 301.2817 0001318  89.4135 270.7216 14.59201106615322
3.0,GENERATED VIA SPACE-TRACK.ORG API,2025-10-22 20:26:15+00:00,18 SPCS,SENTINEL 1A,2014-016A,EARTH,TEME,UTC,SGP4,2025-10-22 18:25:22.391328+00:00,14.59198855,0.00013190,98.1820,301.7547,88.7840,271.3511,0,U,39634,999,61539,0.00014750000000,0.00000650,0.0000000000000,7073.899,98.684,696.697,694.831,PAYLOAD,LARGE,ESA,2014-04-03,FRGUI,,4853214,300804762,0 SENTINEL 1A,1 39634U 14016A   25295.76762027  .00000650  00000-0  14750-3 0  9998,2 39634  98.1820 301.7547 0001319  88.7840 271.3511 14.59198855615390
3.0,GENERATED VIA SPACE-TRACK.ORG API,2025-10-23 00:26:20+00:00,18 SPCS,SENTINEL 1A,2014-016A,EARTH,TEME,UTC,SGP4,2025-10-22 20:04:06.954240+00:00,14.59198752,0.00013220,98.1820,301.8223,88.8937,271.2414,0,U,39634,999,61540,0.00014066000000,0.00000617,0.0000000000000,7073.899,98.684,696.699,694.829,PAYLOAD,LARGE,ESA,2014-04-03,FRGUI,,4853334,300806777,0 SENTINEL 1A,1 39634U 14016A   25295.83619160  .00000617  00000-0  14066-3 0  9998,2 39634  98.1820 301.8223 0001322  88.8937 271.2414 14.59198752615403
3.0,GENERATED VIA SPACE-TRACK.ORG API,2025-10-23 02:46:54+00:00,18 SPCS,SENTINEL 1A,2014-016A,EARTH,TEME,UTC,SGP4,2025-10-22 23:21:36.093024+00:00,14.59198930,0.00013188,98.1819,301.9575,88.8848,271.2502,0,U,39634,999,61542,0.00013928560000,0.00000611,0.0000000000000,7073.899,98.684,696.697,694.831,PAYLOAD,LARGE,ESA,2014-04-03,FRGUI,,4853664,300828343,0 SENTINEL 1A,1 39634U 14016A   25295.97333441  .00000611  00000-0  13929-3 0  9999,2 39634  98.1819 301.9575 0001319  88.8848 271.2502 14.59198930615427
3.0,GENERATED VIA SPACE-TRACK.ORG API,2025-10-23 06:36:21+00:00,18 SPCS,SENTINEL 1A,2014-016A,EARTH,TEME,UTC,SGP4,2025-10-23 04:17:49.805952+00:00,14.59199235,0.00013250,98.1820,302.1601,88.8823,271.2528,0,U,39634,999,61545,0.00014189000000,0.00000623,0.0000000000000,7073.898,98.684,696.700,694.825,PAYLOAD,LARGE,ESA,2014-04-03,FRGUI,,4853756,300847862,0 SENTINEL 1A,1 39634U 14016A   25296.17904868  .00000623  00000-0  14189-3 0  9991,2 39634  98.1820 302.1601 0001325  88.8823 271.2528 14.59199235615452
3.0,GENERATED VIA SPACE-TRACK.ORG API,2025-10-23 18:40:45+00:00,18 SPCS,SENTINEL 1A,2014-016A,EARTH,TEME,UTC,SGP4,2025-10-23 14:10:17.209344+00:00,14.59199689,0.00013147,98.1820,302.5656,88.4501,271.6850,0,U,39634,999,61551,0.00013718531000,0.00000601,0.0000000000000,7073.896,98.684,696.691,694.831,PAYLOAD,LARGE,ESA,2014-04-03,FRGUI,,4854367,300876058,0 SENTINEL 1A,1 39634U 14016A   25296.59047696  .00000601  00000-0  13719-3 0  9998,2 39634  98.1820 302.5656 0001315  88.4501 271.6850 14.59199689615516
3.0,GENERATED VIA SPACE-TRACK.ORG API,2025-10-23 22:06:19+00:00,18 SPCS,SENTINEL 1A,2014-016A,EARTH,TEME,UTC,SGP4,2025-10-23 15:49:01.776576+00:00,14.59199386,0.00013210,98.1820,302.6332,89.1601,270.9750,0,U,39634,999,61552,0.00007320600000,0.00000299,0.0000000000000,7073.897,98.684,696.697,694.828,PAYLOAD,LARGE,ESA,2014-04-03,FRGUI,,4854494,300895769,0 SENTINEL 1A,1 39634U 14016A   25296.65904834  .00000299  00000-0  73206-4 0  9992,2 39634  98.1820 302.6332 0001321  89.1601 270.9750 14.59199386615520
3.0,GENERATED VIA SPACE-TRACK.ORG API,2025-10-24 02:48:45+00:00,18 SPCS,SENTINEL 1A,2014-016A,EARTH,TEME,UTC,SGP4,2025-10-23 22:24:00.044640+00:00,14.59199629,0.00013173,98.1820,302.9035,89.3006,270.8345,0,U,39634,999,61556,0.00007306822200,0.00000299,0.0000000000000,7073.896,98.684,696.693,694.830,PAYLOAD,LARGE,ESA,2014-04-03,FRGUI,,4855258,300928592,0 SENTINEL 1A,1 39634U 14016A   25296.93333385  .00000299  00000-0  73068-4 0  9996,2 39634  98.1820 302.9035 0001317  89.3006 270.8345 14.59199629615562
3.0,GENERATED VIA SPACE-TRACK.ORG API,2025-10-24 18:33:25+00:00,18 SPCS,SENTINEL 1A,2014-016A,EARTH,TEME,UTC,SGP4,2025-10-24 06:37:42.874752+00:00,14.59199969,0.00013199,98.1820,303.2415,89.2683,270.8668,0,U,39634,999,61561,0.00007511665500,0.00000308,0.0000000000000,7073.895,98.684,696.694,694.827,PAYLOAD,LARGE,ESA,2014-04-03,FRGUI,,4855292,300960050,0 SENTINEL 1A,1 39634U 14016A   25297.27619068  .00000308  00000-0  75117-4 0  9997,2 39634  98.1820 303.2415 0001320  89.2683 270.8668 14.59199969615613
3.0,GENERATED VIA SPACE-TRACK.ORG API,2025-10-24 21:16:35+00:00,18 SPCS,SENTINEL 1A,2014-016A,EARTH,TEME,UTC,SGP4,2025-10-24 16:30:10.270368+00:00,14.59200182,0.00013170,98.1820,303.6469,89.1811,270.9539,0,U,39634,999,61567,0.00007118600000,0.00000290,0.0000000000000,7073.895,98.684,696.691,694.828,PAYLOAD,LARGE,ESA,2014-04-03,FRGUI,,4855669,300985985,0 SENTINEL 1A,1 39634U 14016A   25297.68761887  .00000290  00000-0  71186-4 0  9991,2 39634  98.1820 303.6469 0001317  89.1811 270.9539 14.59200182615678
3.0,GENERATED VIA SPACE-TRACK.ORG API,2025-10-24 23:16:39+00:00,18 SPCS,SENTINEL 1A,2014-016A,EARTH,TEME,UTC,SGP4,2025-10-24 19:47:39.397920+00:00,14.59200291,0.00013150,98.1820,303.7821,89.1315,271.0035,0,U,39634,999,61569,0.00007123900000,0.00000290,0.0000000000000,7073.894,98.684,696.690,694.829,PAYLOAD,LARGE,ESA,2014-04-03,FRGUI,,4856320,301003164,0 SENTINEL 1A,1 39634U 14016A   25297.82476155  .00000290  00000-0  71239-4 0  9997,2 39634  98.1820 303.7821 0001315  89.1315 271.0035 14.59200291615694
3.0,GENERATED VIA SPACE-TRACK.ORG API,2025-10-25 03:11:13+00:00,18 SPCS,SENTINEL 1A,2014-016A,EARTH,TEME,UTC,SGP4,2025-10-24 23:05:08.527200+00:00,14.59200415,0.00013111,98.1821,303.9173,89.1642,270.9708,0,U,39634,999,61571,0.00007337810500,0.00000300,0.0000000000000,7073.894,98.684,696.686,694.831,PAYLOAD,LARGE,ESA,2014-04-03,FRGUI,,4856585,301022279,0 SENTINEL 1A,1 39634U 14016A   25297.96190425  .00000300  00000-0  73378-4 0  9993,2 39634  98.1821 303.9173 0001311  89.1642 270.9708 14.59200415615712
3.0,GENERATED VIA SPACE-TRACK.ORG API,2025-10-25 08:06:34+00:00,18 SPCS,SENTINEL 1A,2014-016A,EARTH,TEME,UTC,SGP4,2025-10-25 04:01:22.226304+00:00,14.59200405,0.00013160,98.1820,304.1200,89.2518,270.8832,0,U,39634,999,61574,0.00006374400000,0.00000255,0.0000000000000,7073.894,98.684,696.690,694.828,PAYLOAD,LARGE,ESA,2014-04-03,FRGUI,,4856674,301041752,0 SENTINEL 1A,1 39634U 14016A   25298.16761836  .00000255  00000-0  63744-4 0  9991,2 39634  98.1820 304.1200 0001316  89.2518 270.8832 14.59200405615742
3.0,GENERATED VIA SPACE-TRACK.ORG API,2025-10-25 10:45:00+00:00,18 SPCS,SENTINEL 1A,2014-016A,EARTH,TEME,UTC,SGP4,2025-10-25 07:18:51.357312+00:00,14.59200498,0.00013190,98.1821,304.2551,89.3061,270.8289,0,U,39634,999,61576,0.00006316281900,0.00000252,0.0000000000000,7073.894,98.684,696.692,694.826,PAYLOAD,LARGE,ESA,2014-04-03,FRGUI,,4857389,301073451,0 SENTINEL 1A,1 39634U 14016A   25298.30476108  .00000252  00000-0  63163-4 0  9994,2 39634  98.1821 304.2551 0001319  89.3061 270.8289 14.59200498615760
3.0,GENERATED VIA SPACE-TRACK.ORG API,2025-10-25 14:36:25+00:00,18 SPCS,SENTINEL 1A,2014-016A,EARTH,TEME,UTC,SGP4,2025-10-25 12:15:05.073696+00:00,14.59200173,0.00013070,98.1819,304.4579,88.4689,271.6660,0,U,39634,999,61579,0.00003951900000,0.00000141,0.0000000000000,7073.895,98.684,696.684,694.835,PAYLOAD,LARGE,ESA,2014-04-03,FRGUI,,4857493,301093343,0 SENTINEL 1A,1 39634U 14016A   25298.51047539  .00000141  00000-0  39519-4 0  9994,2 39634  98.1819 304.4579 0001307  88.4689 271.6660 14.59200173615797
3.0,GENERATED VIA SPACE-TRACK.ORG API,2025-10-25 16:26:56+00:00,18 SPCS,SENTINEL 1A,2014-016A,EARTH,TEME,UTC,SGP4,2025-10-25 13:53:49.708320+00:00,14.59198173,0.00013470,98.1819,304.5256,86.5774,273.5580,0,U,39634,999,61580,0.00003762400000,0.00000132,0.0000000000000,7073.901,98.684,696.719,694.813,PAYLOAD,LARGE,ESA,2014-04-03,FRGUI,,4858189,301110169,0 SENTINEL 1A,1 39634U 14016A   25298.57904755  .00000132  00000-0  37624-4 0  9997,2 39634  98.1819 304.5256 0001347  86.5774 273.5580 14.59198173615808
3.0,GENERATED VIA SPACE-TRACK.ORG API,2025-10-26 00:16:22+00:00,18 SPCS,SENTINEL 1A,2014-016A,EARTH,TEME,UTC,SGP4,2025-10-25 20:28:47.980704+00:00,14.59198443,0.00013140,98.1819,304.7957,88.8304,271.3047,0,U,39634,999,61584,0.00003724200000,0.00000130,0.0000000000000,7073.900,98.684,696.695,694.836,PAYLOAD,LARGE,ESA,2014-04-03,FRGUI,,4858335,301113411,0 SENTINEL 1A,1 39634U 14016A   25298.85333311  .00000130  00000-0  37242-4 0  9996,2 39634  98.1819 304.7957 0001314  88.8304 271.3047 14.59198443615844
3.0,GENERATED VIA SPACE-TRACK.ORG API,2025-10-26 02:54:42+00:00,18 SPCS,SENTINEL 1A,2014-016A,EARTH,TEME,UTC,SGP4,2025-10-25 23:46:17.124672+00:00,14.59198539,0.00013077,98.1819,304.9309,89.2714,270.8635,0,U,39634,999,61586,0.00003650502000,0.00000126,0.0000000000000,7073.900,98.684,696.690,694.840,PAYLOAD,LARGE,ESA,2014-04-03,FRGUI,,4859004,301143895,0 SENTINEL 1A,1 39634U 14016A   25298.99047598  .00000126  00000-0  36505-4 0  9996,2 39634  98.1819 304.9309 0001308  89.2714 270.8635 14.59198539615865
3.0,GENERATED VIA SPACE-TRACK.ORG API,2025-10-26 06:57:22+00:00,18 SPCS,SENTINEL 1A,2014-016A,EARTH,TEME,UTC,SGP4,2025-10-26 04:42:30.840192+00:00,14.59198573,0.00013060,98.1819,305.1337,89.5643,270.5706,0,U,39634,999,61589,0.00003616200000,0.00000125,0.0000000000000,7073.900,98.684,696.689,694.841,PAYLOAD,LARGE,ESA,2014-04-03,FRGUI,,4859163,301164138,0 SENTINEL 1A,1 39634U 14016A   25299.19619028  .00000125  00000-0  36162-4 0  9990,2 39634  98.1819 305.1337 0001306  89.5643 270.5706 14.59198573615898
3.0,GENERATED VIA SPACE-TRACK.ORG API,2025-10-26 10:54:48+00:00,18 SPCS,SENTINEL 1A,2014-016A,EARTH,TEME,UTC,SGP4,2025-10-26 06:21:15.415200+00:00,14.59198661,0.00013127,98.1819,305.2013,90.0231,270.1119,0,U,39634,999,61590,0.00003466656100,0.00000118,0.0000000000000,7073.900,98.684,696.693,694.836,PAYLOAD,LARGE,ESA,2014-04-03,FRGUI,,4859882,301194403,0 SENTINEL 1A,1 39634U 14016A   25299.26476175  .00000118  00000-0  34667-4 0  9992,2 39634  98.1819 305.2013 0001313  90.0231 270.1119 14.59198661615902
3.0,GENERATED VIA SPACE-TRACK.ORG API,2025-10-26 14:36:40+00:00,18 SPCS,SENTINEL 1A,2014-016A,EARTH,TEME,UTC,SGP4,2025-10-26 12:56:13.699680+00:00,14.59198839,0.00013160,98.1819,305.4716,89.8570,270.2781,0,U,39634,999,61594,0.00003467300000,0.00000118,0.0000000000000,7073.899,98.684,696.695,694.833,PAYLOAD,LARGE,ESA,2014-04-03,FRGUI,,4859997,301214887,0 SENTINEL 1A,1 39634U 14016A   25299.53904745  .00000118  00000-0  34673-4 0  9998,2 39634  98.1819 305.4716 0001316  89.8570 270.2781 14.59198839615946
3.0,GENERATED VIA SPACE-TRACK.ORG API,2025-10-26 22:36:22+00:00,18 SPCS,SENTINEL 1A,2014-016A,EARTH,TEME,UTC,SGP4,2025-10-26 21:09:56.543616+00:00,14.59199047,0.00013180,98.1819,305.8095,89.8035,270.3315,0,U,39634,999,61599,0.00003387400000,0.00000114,0.0000000000000,7073.898,98.684,696.696,694.831,PAYLOAD,LARGE,ESA,2014-04-03,FRGUI,,4860770,301234035,0 SENTINEL 1A,1 39634U 14016A   25299.88190444  .00000114  00000-0  33874-4 0  9997,2 39634  98.1819 305.8095 0001318  89.8035 270.3315 14.59199047615999
3.0,GENERATED VIA SPACE-TRACK.ORG API,2025-10-27 02:46:55+00:00,18 SPCS,SENTINEL 1A,2014-016A,EARTH,TEME,UTC,SGP4,2025-10-27 00:27:25.683264+00:00,14.59199153,0.00013140,98.1819,305.9447,89.7392,270.3958,0,U,39634,999,61601,0.00003495363100,0.00000119,0.0000000000000,7073.898,98.684,696.693,694.834,PAYLOAD,LARGE,ESA,2014-04-03,FRGUI,,4861461,301264035,0 SENTINEL 1A,1 39634U 14016A   25300.01904726  .00000119  00000-0  34954-4 0  9996,2 39634  98.1819 305.9447 0001314  89.7392 270.3958 14.59199153616017
3.0,GENERATED VIA SPACE-TRACK.ORG API,2025-10-27 06:26:25+00:00,18 SPCS,SENTINEL 1A,2014-016A,EARTH,TEME,UTC,SGP4,2025-10-27 03:44:54.818592+00:00,14.59199232,0.00013150,98.1819,306.0799,89.7298,270.4052,0,U,39634,999,61603,0.00003488900000,0.00000119,0.0000000000000,7073.898,98.684,696.693,694.833,PAYLOAD,LARGE,ESA,2014-04-03,FRGUI,,4861563,301283846,0 SENTINEL 1A,1 39634U 14016A   25300.15619003  .00000119  00000-0  34889-4 0  9999,2 39634  98.1819 306.0799 0001315  89.7298 270.4052 14.59199232616031
3.0,GENERATED VIA SPACE-TRACK.ORG API,2025-10-27 10:32:28+00:00,18 SPCS,SENTINEL 1A,2014-016A,EARTH,TEME,UTC,SGP4,2025-10-27 07:02:23.963424+00:00,14.59199316,0.00013169,98.1819,306.2150,89.7183,270.4168,0,U,39634,999,61605,0.00003682075300,0.00000128,0.0000000000000,7073.898,98.684,696.694,694.831,PAYLOAD,LARGE,ESA,2014-04-03,FRGUI,,4862303,301315031,0 SENTINEL 1A,1 39634U 14016A   25300.29333291  .00000128  00000-0  36821-4 0  9994,2 39634  98.1819 306.2150 0001317  89.7183 270.4168 14.59199316616052
3.0,GENERATED VIA SPACE-TRACK.ORG API,2025-10-27 14:36:22+00:00,18 SPCS,SENTINEL 1A,2014-016A,EARTH,TEME,UTC,SGP4,2025-10-27 11:58:37.670304+00:00,14.59199408,0.00013170,98.1819,306.4177,89.7817,270.3534,0,U,39634,999,61608,0.00003698500000,0.00000129,0.0000000000000,7073.897,98.684,696.694,694.831,PAYLOAD,LARGE,ESA,2014-04-03,FRGUI,,4862421,301335391,0 SENTINEL 1A,1 39634U 14016A   25300.49904711  .00000129  00000-0  36985-4 0  9999,2 39634  98.1819 306.4177 0001317  89.7817 270.3534 14.59199408616088
3.0,GENERATED VIA SPACE-TRACK.ORG API,2025-10-27 23:36:49+00:00,18 SPCS,SENTINEL 1A,2014-016A,EARTH,TEME,UTC,SGP4,2025-10-27 20:12:20.508192+00:00,14.59199510,0.00013190,98.1821,306.7556,89.6477,270.4874,0,U,39634,999,61613,0.00003507900000,0.00000120,0.0000000000000,7073.897,98.684,696.695,694.829,PAYLOAD,LARGE,ESA,2014-04-03,FRGUI,,4863245,301354112,0 SENTINEL 1A,1 39634U 14016A   25300.84190403  .00000120  00000-0  35079-4 0  9997,2 39634  98.1821 306.7556 0001319  89.6477 270.4874 14.59199510616136
3.0,GENERATED VIA SPACE-TRACK.ORG API,2025-10-28 02:18:45+00:00,18 SPCS,SENTINEL 1A,2014-016A,EARTH,TEME,UTC,SGP4,2025-10-27 23:29:49.640064+00:00,14.59199617,0.00013140,98.1820,306.8908,89.5376,270.5975,0,U,39634,999,61615,0.00003577402400,0.00000123,0.0000000000000,7073.897,98.684,696.691,694.832,PAYLOAD,LARGE,ESA,2014-04-03,FRGUI,,4863735,301379353,0 SENTINEL 1A,1 39634U 14016A   25300.97904676  .00000123  00000-0  35774-4 0  9991,2 39634  98.1820 306.8908 0001314  89.5376 270.5975 14.59199617616152
3.0,GENERATED VIA SPACE-TRACK.ORG API,2025-10-28 19:11:01+00:00,18 SPCS,SENTINEL 1A,2014-016A,EARTH,TEME,UTC,SGP4,2025-10-28 15:57:15.288192+00:00,14.59200557,0.00013082,98.1821,307.5666,89.6135,270.5215,0,U,39634,999,61625,0.00007549703600,0.00000310,0.0000000000000,7073.893,98.684,696.684,694.833,PAYLOAD,LARGE,ESA,2014-04-03,FRGUI,,4863914,301410957,0 SENTINEL 1A,1 39634U 14016A   25301.66476028  .00000310  00000-0  75497-4 0  9997,2 39634  98.1821 307.5666 0001308  89.6135 270.5215 14.59200557616253
3.0,GENERATED VIA SPACE-TRACK.ORG API,2025-10-29 16:16:19+00:00,18 SPCS,SENTINEL 1A,2014-016A,EARTH,TEME,UTC,SGP4,2025-10-29 13:20:54.750336+00:00,14.59197590,0.00013200,98.1820,308.4450,88.4941,271.6410,0,U,39634,999,61638,0.00007187400000,0.00000293,0.0000000000000,7073.903,98.684,696.702,694.834,PAYLOAD,LARGE,ESA,2014-04-03,FRGUI,,4864728,301446778,0 SENTINEL 1A,1 39634U 14016A   25302.55618924  .00000293  00000-0  71874-4 0  9994,2 39634  98.1820 308.4450 0001320  88.4941 271.6410 14.59197590616384
3.0,GENERATED VIA SPACE-TRACK.ORG API,2025-10-29 19:31:23+00:00,18 SPCS,SENTINEL 1A,2014-016A,EARTH,TEME,UTC,SGP4,2025-10-29 03:28:27.231168+00:00,14.59200846,0.00013089,98.1821,308.0397,89.7502,270.3847,0,U,39634,999,61632,0.00007247770800,0.00000296,0.0000000000000,7073.893,98.684,696.683,694.832,PAYLOAD,LARGE,ESA,2014-04-03,FRGUI,,4864813,301461233,0 SENTINEL 1A,1 39634U 14016A   25302.14475962  .00000296  00000-0  72478-4 0  9996,2 39634  98.1821 308.0397 0001309  89.7502 270.3847 14.59200846616328
3.0,GENERATED VIA SPACE-TRACK.ORG API,2025-10-30 03:32:50+00:00,18 SPCS,SENTINEL 1A,2014-016A,EARTH,TEME,UTC,SGP4,2025-10-29 23:13:22.190880+00:00,14.59197968,0.00013056,98.1820,308.8507,88.8871,271.2478,0,U,39634,999,61644,0.00007045865100,0.00000286,0.0000000000000,7073.902,98.684,696.690,694.843,PAYLOAD,LARGE,ESA,2014-04-03,FRGUI,,4864873,301492409,0 SENTINEL 1A,1 39634U 14016A   25302.96761795  .00000286  00000-0  70459-4 0  9994,2 39634  98.1820 308.8507 0001306  88.8871 271.2478 14.59197968616447
3.0,GENERATED VIA SPACE-TRACK.ORG API,2025-10-30 10:34:55+00:00,18 SPCS,SENTINEL 1A,2014-016A,EARTH,TEME,UTC,SGP4,2025-10-30 05:48:20.484000+00:00,14.59198189,0.00013031,98.1821,309.1210,88.9095,271.2254,0,U,39634,999,61648,0.00007173865000,0.00000292,0.0000000000000,7073.901,98.684,696.688,694.844,PAYLOAD,LARGE,ESA,2014-04-03,FRGUI,,4864899,301523545,0 SENTINEL 1A,1 39634U 14016A   25303.24190375  .00000292  00000-0  71739-4 0  9995,2 39634  98.1821 309.1210 0001303  88.9095 271.2254 14.59198189616481
3.0,GENERATED VIA SPACE-TRACK.ORG API,2025-10-30 22:26:44+00:00,18 SPCS,SENTINEL 1A,2014-016A,EARTH,TEME,UTC,SGP4,2025-10-30 20:37:01.631424+00:00,14.59198689,0.00013070,98.1820,309.7292,89.1138,271.0212,0,U,39634,999,61657,0.00007324600000,0.00000300,0.0000000000000,7073.900,98.684,696.689,694.840,PAYLOAD,LARGE,ESA,2014-04-03,FRGUI,,4865267,301543608,0 SENTINEL 1A,1 39634U 14016A   25303.85904666  .00000300  00000-0  73246-4 0  9993,2 39634  98.1820 309.7292 0001307  89.1138 271.0212 14.59198689616578
3.0,GENERATED VIA SPACE-TRACK.ORG API,2025-10-31 03:00:52+00:00,18 SPCS,SENTINEL 1A,2014-016A,EARTH,TEME,UTC,SGP4,2025-10-30 23:54:30.775392+00:00,14.59198797,0.00013075,98.1818,309.8644,88.9992,271.1358,0,U,39634,999,61659,0.00007319227800,0.00000299,0.0000000000000,7073.899,98.684,696.689,694.839,PAYLOAD,LARGE,ESA,2014-04-03,FRGUI,,4865436,301563777,0 SENTINEL 1A,1 39634U 14016A   25303.99618953  .00000299  00000-0  73192-4 0  9996,2 39634  98.1818 309.8644 0001307  88.9992 271.1358 14.59198797616596
3.0,GENERATED VIA SPACE-TRACK.ORG API,2025-10-31 10:10:29+00:00,18 SPCS,SENTINEL 1A,2014-016A,EARTH,TEME,UTC,SGP4,2025-10-31 06:29:29.065056+00:00,14.59198870,0.00013139,98.1818,310.1346,89.1384,270.9967,0,U,39634,999,61663,0.00006983667700,0.00000283,0.0000000000000,7073.899,98.684,696.693,694.835,PAYLOAD,LARGE,ESA,2014-04-03,FRGUI,,4865472,301594956,0 SENTINEL 1A,1 39634U 14016A   25304.27047529  .00000283  00000-0  69837-4 0  9997,2 39634  98.1818 310.1346 0001314  89.1384 270.9967 14.59198870616636
3.0,GENERATED VIA SPACE-TRACK.ORG API,2025-10-31 18:16:26+00:00,18 SPCS,SENTINEL 1A,2014-016A,EARTH,TEME,UTC,SGP4,2025-10-31 16:21:56.483136+00:00,14.59199221,0.00013140,98.1817,310.5401,89.1023,271.0327,0,U,39634,999,61669,0.00007215300000,0.00000294,0.0000000000000,7073.898,98.684,696.692,694.833,PAYLOAD,LARGE,ESA,2014-04-03,FRGUI,,4865629,301615116,0 SENTINEL 1A,1 39634U 14016A   25304.68190374  .00000294  00000-0  72153-4 0  9996,2 39634  98.1817 310.5401 0001314  89.1023 271.0327 14.59199221616690
3.0,GENERATED VIA SPACE-TRACK.ORG API,2025-10-31 20:06:39+00:00,18 SPCS,SENTINEL 1A,2014-016A,EARTH,TEME,UTC,SGP4,2025-10-31 16:21:56.483136+00:00,14.59199221,0.00013140,98.1817,310.5401,89.1159,271.0191,0,U,39634,999,61669,0.00007212300000,0.00000294,0.0000000000000,7073.898,98.684,696.692,694.833,PAYLOAD,LARGE,ESA,2014-04-03,FRGUI,,4866364,301633763,0 SENTINEL 1A,1 39634U 14016A   25304.68190374  .00000294  00000-0  72123-4 0  9993,2 39634  98.1817 310.5401 0001314  89.1159 271.0191 14.59199221616699
3.0,GENERATED VIA SPACE-TRACK.ORG API,2025-10-31 22:56:32+00:00,18 SPCS,SENTINEL 1A,2014-016A,EARTH,TEME,UTC,SGP4,2025-10-31 21:18:10.190016+00:00,14.59199310,0.00013120,98.1817,310.7428,89.0638,271.0712,0,U,39634,999,61672,0.00006980300000,0.00000283,0.0000000000000,7073.898,98.684,696.691,694.834,PAYLOAD,LARGE,ESA,2014-04-03,FRGUI,,4866478,301636769,0 SENTINEL 1A,1 39634U 14016A   25304.88761794  .00000283  00000-0  69803-4 0  9994,2 39634  98.1817 310.7428 0001312  89.0638 271.0712 14.59199310616721
3.0,GENERATED VIA SPACE-TRACK.ORG API,2025-11-01 19:40:54+00:00,18 SPCS,SENTINEL 1A,2014-016A,EARTH,TEME,UTC,SGP4,2025-11-01 13:45:35.903808+00:00,14.59199341,0.00013032,98.1817,311.4186,88.6434,271.4915,0,U,39634,999,61682,0.00005063543800,0.00000193,0.0000000000000,7073.897,98.684,696.684,694.841,PAYLOAD,LARGE,ESA,2014-04-03,FRGUI,,4867053,301662857,0 SENTINEL 1A,1 39634U 14016A   25305.57333222  .00000193  00000-0  50635-4 0  9995,2 39634  98.1817 311.4186 0001303  88.6434 271.4915 14.59199341616823
3.0,GENERATED VIA SPACE-TRACK.ORG API,2025-11-02 15:46:21+00:00,18 SPCS,SENTINEL 1A,2014-016A,EARTH,TEME,UTC,SGP4,2025-11-02 12:47:59.896032+00:00,14.59198832,0.00012570,98.1817,312.3644,89.8652,270.2692,0,U,39634,999,61696,-0.00000737700000,-0.00000081,0.0000000000000,7073.899,98.684,696.653,694.875,PAYLOAD,LARGE,ESA,2014-04-03,FRGUI,,4867370,301682910,0 SENTINEL 1A,1 39634U 14016A   25306.53333213 -.00000081  00000-0 -73770-5 0  9996,2 39634  98.1817 312.3644 0001257  89.8652 270.2692 14.59198832616963
3.0,GENERATED VIA SPACE-TRACK.ORG API,2025-11-02 17:34:40+00:00,18 SPCS,SENTINEL 1A,2014-016A,EARTH,TEME,UTC,SGP4,2025-11-02 07:51:46.201248+00:00,14.59198925,0.00013119,98.1817,312.1619,89.6027,270.5323,0,U,39634,999,61693,0.00000735003500,-0.00000011,0.0000000000000,7073.899,98.684,696.692,694.836,PAYLOAD,LARGE,ESA,2014-04-03,FRGUI,,4867744,301710248,0 SENTINEL 1A,1 39634U 14016A   25306.32761807 -.00000011  00000-0  73500-5 0  9990,2 39634  98.1817 312.1619 0001312  89.6027 270.5323 14.59198925616933
3.0,GENERATED VIA SPACE-TRACK.ORG API,2025-11-03 23:16:36+00:00,18 SPCS,SENTINEL 1A,2014-016A,EARTH,TEME,UTC,SGP4,2025-11-03 20:04:06.703680+00:00,14.59199708,0.00013070,98.1816,313.6485,89.5164,270.6185,0,U,39634,999,61715,0.00004661000000,0.00000174,0.0000000000000,7073.896,98.684,696.686,694.837,PAYLOAD,LARGE,ESA,2014-04-03,FRGUI,,4868040,301731972,0 SENTINEL 1A,1 39634U 14016A   25307.83618870  .00000174  00000-0  46610-4 0  9998,2 39634  98.1816 313.6485 0001307  89.5164 270.6185 14.59199708617156
3.0,GENERATED VIA SPACE-TRACK.ORG API,2025-11-04 04:40:24+00:00,18 SPCS,SENTINEL 1A,2014-016A,EARTH,TEME,UTC,SGP4,2025-11-03 23:21:35.836416+00:00,14.59199819,0.00013031,98.1816,313.7837,89.4779,270.6570,0,U,39634,999,61717,0.00004885502800,0.00000185,0.0000000000000,7073.896,98.684,696.683,694.839,PAYLOAD,LARGE,ESA,2014-04-03,FRGUI,,4868542,301758295,0 SENTINEL 1A,1 39634U 14016A   25307.97333144  .00000185  00000-0  48855-4 0  9996,2 39634  98.1816 313.7837 0001303  89.4779 270.6570 14.59199819617178
3.0,GENERATED VIA SPACE-TRACK.ORG API,2025-11-04 06:36:21+00:00,18 SPCS,SENTINEL 1A,2014-016A,EARTH,TEME,UTC,SGP4,2025-11-04 04:17:49.526016+00:00,14.59200098,0.00013090,98.1816,313.9864,89.7521,270.3828,0,U,39634,999,61720,0.00006024300000,0.00000238,0.0000000000000,7073.895,98.684,696.686,694.834,PAYLOAD,LARGE,ESA,2014-04-03,FRGUI,,4868637,301778191,0 SENTINEL 1A,1 39634U 14016A   25308.17904544  .00000238  00000-0  60243-4 0  9991,2 39634  98.1816 313.9864 0001309  89.7521 270.3828 14.59200098617203
3.0,GENERATED VIA SPACE-TRACK.ORG API,2025-11-04 10:21:18+00:00,18 SPCS,SENTINEL 1A,2014-016A,EARTH,TEME,UTC,SGP4,2025-11-04 07:35:18.657888+00:00,14.59200160,0.00013100,98.1816,314.1215,89.7162,270.4188,0,U,39634,999,61722,0.00005978934100,0.00000236,0.0000000000000,7073.895,98.684,696.686,694.833,PAYLOAD,LARGE,ESA,2014-04-03,FRGUI,,4869260,301806343,0 SENTINEL 1A,1 39634U 14016A   25308.31618817  .00000236  00000-0  59789-4 0  9993,2 39634  98.1816 314.1215 0001310  89.7162 270.4188 14.59200160617221
3.0,GENERATED VIA SPACE-TRACK.ORG API,2025-11-04 14:26:20+00:00,18 SPCS,SENTINEL 1A,2014-016A,EARTH,TEME,UTC,SGP4,2025-11-04 12:31:32.350080+00:00,14.59200298,0.00013110,98.1816,314.3243,89.9809,270.1541,0,U,39634,999,61725,0.00005864000000,0.00000231,0.0000000000000,7073.894,98.684,696.687,694.832,PAYLOAD,LARGE,ESA,2014-04-03,FRGUI,,4869367,301826699,0 SENTINEL 1A,1 39634U 14016A   25308.52190220  .00000231  00000-0  58640-4 0  9999,2 39634  98.1816 314.3243 0001311  89.9809 270.1541 14.59200298617250
3.0,GENERATED VIA SPACE-TRACK.ORG API,2025-11-04 17:59:26+00:00,18 SPCS,SENTINEL 1A,2014-016A,EARTH,TEME,UTC,SGP4,2025-11-04 14:10:16.913856+00:00,14.59200330,0.00013109,98.1816,314.3918,89.9191,270.2159,0,U,39634,999,61726,0.00005792858600,0.00000227,0.0000000000000,7073.894,98.684,696.687,694.832,PAYLOAD,LARGE,ESA,2014-04-03,FRGUI,,4870015,301854151,0 SENTINEL 1A,1 39634U 14016A   25308.59047354  .00000227  00000-0  57929-4 0  9999,2 39634  98.1816 314.3918 0001311  89.9191 270.2159 14.59200330617267
3.0,GENERATED VIA SPACE-TRACK.ORG API,2025-11-04 23:56:20+00:00,18 SPCS,SENTINEL 1A,2014-016A,EARTH,TEME,UTC,SGP4,2025-11-04 20:45:15.172416+00:00,14.59200479,0.00013090,98.1816,314.6621,89.6022,270.5327,0,U,39634,999,61730,0.00005826000000,0.00000229,0.0000000000000,7073.894,98.684,696.685,694.833,PAYLOAD,LARGE,ESA,2014-04-03,FRGUI,,4870273,301874607,0 SENTINEL 1A,1 39634U 14016A   25308.86475894  .00000229  00000-0  58260-4 0  9994,2 39634  98.1816 314.6621 0001309  89.6022 270.5327 14.59200479617307
3.0,GENERATED VIA SPACE-TRACK.ORG API,2025-11-05 05:50:25+00:00,18 SPCS,SENTINEL 1A,2014-016A,EARTH,TEME,UTC,SGP4,2025-11-05 00:02:44.294784+00:00,14.59200580,0.00013040,98.1816,314.7973,89.3512,270.7837,0,U,39634,999,61732,0.00005827429400,0.00000229,0.0000000000000,7073.893,98.684,696.681,694.836,PAYLOAD,LARGE,ESA,2014-04-03,FRGUI,,4870920,301903648,0 SENTINEL 1A,1 39634U 14016A   25309.00190156  .00000229  00000-0  58274-4 0  9991,2 39634  98.1816 314.7973 0001304  89.3512 270.7837 14.59200580617327
3.0,GENERATED VIA SPACE-TRACK.ORG API,2025-11-05 10:12:47+00:00,18 SPCS,SENTINEL 1A,2014-016A,EARTH,TEME,UTC,SGP4,2025-11-05 06:37:42.561120+00:00,14.59200696,0.00013091,98.1816,315.0676,89.2145,270.9205,0,U,39634,999,61736,0.00005419032600,0.00000210,0.0000000000000,7073.893,98.684,696.684,694.832,PAYLOAD,LARGE,ESA,2014-04-03,FRGUI,,4870965,301934909,0 SENTINEL 1A,1 39634U 14016A   25309.27618705  .00000210  00000-0  54190-4 0  9998,2 39634  98.1816 315.0676 0001309  89.2145 270.9205 14.59200696617360
3.0,GENERATED VIA SPACE-TRACK.ORG API,2025-11-06 03:23:02+00:00,18 SPCS,SENTINEL 1A,2014-016A,EARTH,TEME,UTC,SGP4,2025-11-05 23:05:08.210976+00:00,14.59200580,0.00012999,98.1815,315.7434,88.6694,271.4655,0,U,39634,999,61746,0.00002825614700,0.00000087,0.0000000000000,7073.893,98.684,696.678,694.839,PAYLOAD,LARGE,ESA,2014-04-03,FRGUI,,4871155,301966855,0 SENTINEL 1A,1 39634U 14016A   25309.96190059  .00000087  00000-0  28256-4 0  9997,2 39634  98.1815 315.7434 0001300  88.6694 271.4655 14.59200580617469
3.0,GENERATED VIA SPACE-TRACK.ORG API,2025-11-06 10:42:34+00:00,18 SPCS,SENTINEL 1A,2014-016A,EARTH,TEME,UTC,SGP4,2025-11-06 07:18:51.037632+00:00,14.59200465,0.00013019,98.1815,316.0812,89.3980,270.7369,0,U,39634,999,61751,0.00001558263800,0.00000028,0.0000000000000,7073.894,98.684,696.680,694.838,PAYLOAD,LARGE,ESA,2014-04-03,FRGUI,,4871231,301997701,0 SENTINEL 1A,1 39634U 14016A   25310.30475738  .00000028  00000-0  15583-4 0  9991,2 39634  98.1815 316.0812 0001302  89.3980 270.7369 14.59200465617513
3.0,GENERATED VIA SPACE-TRACK.ORG API,2025-11-06 22:06:19+00:00,18 SPCS,SENTINEL 1A,2014-016A,EARTH,TEME,UTC,SGP4,2025-11-06 18:50:02.980608+00:00,14.59200556,0.00013010,98.1815,316.5542,88.8320,271.3029,0,U,39634,999,61758,0.00001278400000,0.00000014,0.0000000000000,7073.893,98.684,696.679,694.838,PAYLOAD,LARGE,ESA,2014-04-03,FRGUI,,4871443,302018920,0 SENTINEL 1A,1 39634U 14016A   25310.78475672  .00000014  00000-0  12784-4 0  9995,2 39634  98.1815 316.5542 0001301  88.8320 271.3029 14.59200556617587
3.0,GENERATED VIA SPACE-TRACK.ORG API,2025-11-07 00:06:21+00:00,18 SPCS,SENTINEL 1A,2014-016A,EARTH,TEME,UTC,SGP4,2025-11-06 20:28:47.542656+00:00,14.59200604,0.00013000,98.1815,316.6218,88.8664,271.2684,0,U,39634,999,61759,0.00001423800000,0.00000021,0.0000000000000,7073.893,98.684,696.678,694.839,PAYLOAD,LARGE,ESA,2014-04-03,FRGUI,,4873165,302062525,0 SENTINEL 1A,1 39634U 14016A   25310.85332804  .00000021  00000-0  14238-4 0  9996,2 39634  98.1815 316.6218 0001300  88.8664 271.2684 14.59200604617599
3.0,GENERATED VIA SPACE-TRACK.ORG API,2025-11-07 02:17:17+00:00,18 SPCS,SENTINEL 1A,2014-016A,EARTH,TEME,UTC,SGP4,2025-11-06 23:46:16.665888+00:00,14.59200717,0.00012958,98.1815,316.7570,88.7747,271.3601,0,U,39634,999,61761,0.00001784785900,0.00000038,0.0000000000000,7073.893,98.684,696.675,694.841,PAYLOAD,LARGE,ESA,2014-04-03,FRGUI,,4873258,302077264,0 SENTINEL 1A,1 39634U 14016A   25310.99047067  .00000038  00000-0  17848-4 0  9993,2 39634  98.1815 316.7570 0001296  88.7747 271.3601 14.59200717617614
3.0,GENERATED VIA SPACE-TRACK.ORG API,2025-11-07 07:36:35+00:00,18 SPCS,SENTINEL 1A,2014-016A,EARTH,TEME,UTC,SGP4,2025-11-07 04:42:30.347712+00:00,14.59200822,0.00012940,98.1815,316.9597,88.9004,271.2344,0,U,39634,999,61764,0.00002180800000,0.00000057,0.0000000000000,7073.893,98.684,696.673,694.842,PAYLOAD,LARGE,ESA,2014-04-03,FRGUI,,4873404,302096231,0 SENTINEL 1A,1 39634U 14016A   25311.19618458  .00000057  00000-0  21808-4 0  9996,2 39634  98.1815 316.9597 0001294  88.9004 271.2344 14.59200822617644
3.0,GENERATED VIA SPACE-TRACK.ORG API,2025-11-07 10:50:38+00:00,18 SPCS,SENTINEL 1A,2014-016A,EARTH,TEME,UTC,SGP4,2025-11-07 06:21:14.903712+00:00,14.59201026,0.00012969,98.1814,317.0273,88.9899,271.1449,0,U,39634,999,61765,0.00002946050200,0.00000093,0.0000000000000,7073.892,98.684,696.674,694.840,PAYLOAD,LARGE,ESA,2014-04-03,FRGUI,,4873888,302121860,0 SENTINEL 1A,1 39634U 14016A   25311.26475583  .00000093  00000-0  29461-4 0  9997,2 39634  98.1814 317.0273 0001297  88.9899 271.1449 14.59201026617654
3.0,GENERATED VIA SPACE-TRACK.ORG API,2025-11-07 22:26:22+00:00,18 SPCS,SENTINEL 1A,2014-016A,EARTH,TEME,UTC,SGP4,2025-11-07 19:31:11.350848+00:00,14.59201991,0.00012940,98.1814,317.5678,89.6043,270.5305,0,U,39634,999,61773,0.00006711500000,0.00000271,0.0000000000000,7073.889,98.684,696.669,694.839,PAYLOAD,LARGE,ESA,2014-04-03,FRGUI,,4874032,302143564,0 SENTINEL 1A,1 39634U 14016A   25311.81332582  .00000271  00000-0  67115-4 0  9995,2 39634  98.1814 317.5678 0001294  89.6043 270.5305 14.59201991617738
3.0,GENERATED VIA SPACE-TRACK.ORG API,2025-11-08 00:06:28+00:00,18 SPCS,SENTINEL 1A,2014-016A,EARTH,TEME,UTC,SGP4,2025-11-07 21:09:55.908576+00:00,14.59202062,0.00012920,98.1814,317.6353,89.5109,270.6239,0,U,39634,999,61774,0.00006859600000,0.00000278,0.0000000000000,7073.889,98.684,696.668,694.840,PAYLOAD,LARGE,ESA,2014-04-03,FRGUI,,4874868,302164087,0 SENTINEL 1A,1 39634U 14016A   25311.88189709  .00000278  00000-0  68596-4 0  9994,2 39634  98.1814 317.6353 0001292  89.5109 270.6239 14.59202062617747
3.0,GENERATED VIA SPACE-TRACK.ORG API,2025-11-08 07:16:39+00:00,18 SPCS,SENTINEL 1A,2014-016A,EARTH,TEME,UTC,SGP4,2025-11-08 02:06:09.590400+00:00,14.59202083,0.00012970,98.1814,317.8381,89.4108,270.7240,0,U,39634,999,61777,0.00006566400000,0.00000264,0.0000000000000,7073.889,98.684,696.671,694.836,PAYLOAD,LARGE,ESA,2014-04-03,FRGUI,,4874998,302166399,0 SENTINEL 1A,1 39634U 14016A   25312.08761100  .00000264  00000-0  65664-4 0  9996,2 39634  98.1814 317.8381 0001297  89.4108 270.7240 14.59202083617772
3.0,GENERATED VIA SPACE-TRACK.ORG API,2025-11-10 19:06:29+00:00,18 SPCS,SENTINEL 1A,2014-016A,EARTH,TEME,UTC,SGP4,2025-11-10 16:38:23.309376+00:00,14.59200439,0.00013110,98.1814,320.4058,88.8726,271.2623,0,U,39634,999,61815,0.00009702800000,0.00000412,0.0000000000000,7073.894,98.684,696.686,694.831,PAYLOAD,LARGE,ESA,2014-04-03,FRGUI,,4877088,302247646,0 SENTINEL 1A,1 39634U 14016A   25314.69332534  .00000412  00000-0  97028-4 0  9994,2 39634  98.1814 320.4058 0001311  88.8726 271.2623 14.59200439618156
3.0,GENERATED VIA SPACE-TRACK.ORG API,2025-11-11 04:56:40+00:00,18 SPCS,SENTINEL 1A,2014-016A,EARTH,TEME,UTC,SGP4,2025-11-10 23:13:21.571392+00:00,14.59200505,0.00013030,98.1813,320.6761,88.2476,271.8873,0,U,39634,999,61819,0.00009050703800,0.00000381,0.0000000000000,7073.894,98.684,696.680,694.837,PAYLOAD,LARGE,ESA,2014-04-03,FRGUI,,4877201,302261836,0 SENTINEL 1A,1 39634U 14016A   25314.96761078  .00000381  00000-0  90507-4 0  9993,2 39634  98.1813 320.6761 0001303  88.2476 271.8873 14.59200505618196
3.0,GENERATED VIA SPACE-TRACK.ORG API,2025-11-11 13:10:28+00:00,18 SPCS,SENTINEL 1A,2014-016A,EARTH,TEME,UTC,SGP4,2025-11-11 07:27:04.412736+00:00,14.59200809,0.00013027,98.1813,321.0139,88.0238,272.1111,0,U,39634,999,61824,0.00009465187500,0.00000400,0.0000000000000,7073.893,98.684,696.679,694.836,PAYLOAD,LARGE,ESA,2014-04-03,FRGUI,,4877249,302292676,0 SENTINEL 1A,1 39634U 14016A   25315.31046774  .00000400  00000-0  94652-4 0  9999,2 39634  98.1813 321.0139 0001303  88.0238 272.1111 14.59200809618246
3.0,GENERATED VIA SPACE-TRACK.ORG API,2025-11-12 10:14:37+00:00,18 SPCS,SENTINEL 1A,2014-016A,EARTH,TEME,UTC,SGP4,2025-11-12 06:29:27.991968+00:00,14.59206917,0.00013034,98.1812,321.9599,87.7742,272.3606,0,U,39634,999,61838,0.00026324071000,0.00001196,0.0000000000000,7073.873,98.684,696.660,694.816,PAYLOAD,LARGE,ESA,2014-04-03,FRGUI,,4877521,302325099,0 SENTINEL 1A,1 39634U 14016A   25316.27046287  .00001196  00000-0  26324-3 0  9997,2 39634  98.1812 321.9599 0001303  87.7742 272.3606 14.59206917618382
3.0,GENERATED VIA SPACE-TRACK.ORG API,2025-11-12 10:16:37+00:00,18 SPCS,SENTINEL 1A,2014-016A,EARTH,TEME,UTC,SGP4,2025-11-12 08:08:12.590304+00:00,14.59204235,0.00012860,98.1813,322.0274,88.8996,271.2351,0,U,39634,999,61839,0.00026403000000,0.00001199,0.0000000000000,7073.882,98.684,696.656,694.837,PAYLOAD,LARGE,ESA,2014-04-03,FRGUI,,4877522,302329076,0 SENTINEL 1A,1 39634U 14016A   25316.33903461  .00001199  00000-0  26403-3 0  9991,2 39634  98.1813 322.0274 0001286  88.8996 271.2351 14.59204235618395
3.0,GENERATED VIA SPACE-TRACK.ORG API,2025-11-12 22:26:16+00:00,18 SPCS,SENTINEL 1A,2014-016A,EARTH,TEME,UTC,SGP4,2025-11-12 19:39:24.889248+00:00,14.59199182,0.00012830,98.1812,322.5004,89.2437,270.8909,0,U,39634,999,61846,0.00002260700000,0.00000061,0.0000000000000,7073.898,98.684,696.671,694.855,PAYLOAD,LARGE,ESA,2014-04-03,FRGUI,,4877948,302343869,0 SENTINEL 1A,1 39634U 14016A   25316.81903807  .00000061  00000-0  22607-4 0  9998,2 39634  98.1812 322.5004 0001283  89.2437 270.8909 14.59199182618468
3.0,GENERATED VIA SPACE-TRACK.ORG API,2025-11-13 02:12:46+00:00,18 SPCS,SENTINEL 1A,2014-016A,EARTH,TEME,UTC,SGP4,2025-11-12 22:56:54.023712+00:00,14.59199361,0.00012720,98.1812,322.6355,89.2659,270.8687,0,U,39634,999,61848,0.00002427387500,0.00000069,0.0000000000000,7073.897,98.684,696.662,694.863,PAYLOAD,LARGE,ESA,2014-04-03,FRGUI,,4878500,302370990,0 SENTINEL 1A,1 39634U 14016A   25316.95618083  .00000069  00000-0  24274-4 0  9992,2 39634  98.1812 322.6355 0001272  89.2659 270.8687 14.59199361618486
3.0,GENERATED VIA SPACE-TRACK.ORG API,2025-11-13 06:36:35+00:00,18 SPCS,SENTINEL 1A,2014-016A,EARTH,TEME,UTC,SGP4,2025-11-13 03:53:07.728000+00:00,14.59199460,0.00012700,98.1813,322.8383,89.3156,270.8189,0,U,39634,999,61851,0.00002448200000,0.00000070,0.0000000000000,7073.897,98.684,696.660,694.864,PAYLOAD,LARGE,ESA,2014-04-03,FRGUI,,4878571,302390098,0 SENTINEL 1A,1 39634U 14016A   25317.16189500  .00000070  00000-0  24482-4 0  9996,2 39634  98.1813 322.8383 0001270  89.3156 270.8189 14.59199460618512
3.0,GENERATED VIA SPACE-TRACK.ORG API,2025-11-13 10:40:24+00:00,18 SPCS,SENTINEL 1A,2014-016A,EARTH,TEME,UTC,SGP4,2025-11-13 07:10:36.842592+00:00,14.59199845,0.00012678,98.1812,322.9734,89.8261,270.3084,0,U,39634,999,61853,0.00003049067000,0.00000098,0.0000000000000,7073.896,98.684,696.658,694.864,PAYLOAD,LARGE,ESA,2014-04-03,FRGUI,,4879227,302419592,0 SENTINEL 1A,1 39634U 14016A   25317.29903753  .00000098  00000-0  30491-4 0  9991,2 39634  98.1812 322.9734 0001268  89.8261 270.3084 14.59199845618539
3.0,GENERATED VIA SPACE-TRACK.ORG API,2025-11-13 17:29:16+00:00,18 SPCS,SENTINEL 1A,2014-016A,EARTH,TEME,UTC,SGP4,2025-11-13 13:45:35.099424+00:00,14.59200123,0.00012908,98.1812,323.2436,91.0257,269.1091,0,U,39634,999,61857,0.00002963979000,0.00000094,0.0000000000000,7073.895,98.684,696.673,694.847,PAYLOAD,LARGE,ESA,2014-04-03,FRGUI,,4879347,302451338,0 SENTINEL 1A,1 39634U 14016A   25317.57332291  .00000094  00000-0  29640-4 0  9995,2 39634  98.1812 323.2436 0001291  91.0257 269.1091 14.59200123618578
3.0,GENERATED VIA SPACE-TRACK.ORG API,2025-11-13 20:56:23+00:00,18 SPCS,SENTINEL 1A,2014-016A,EARTH,TEME,UTC,SGP4,2025-11-13 17:03:04.219200+00:00,14.59200301,0.00012810,98.1812,323.3787,90.8852,269.2494,0,U,39634,999,61859,0.00002973100000,0.00000094,0.0000000000000,7073.894,98.684,696.665,694.853,PAYLOAD,LARGE,ESA,2014-04-03,FRGUI,,4879463,302471099,0 SENTINEL 1A,1 39634U 14016A   25317.71046550  .00000094  00000-0  29731-4 0  9992,2 39634  98.1812 323.3787 0001281  90.8852 269.2494 14.59200301618593
3.0,GENERATED VIA SPACE-TRACK.ORG API,2025-11-13 22:26:21+00:00,18 SPCS,SENTINEL 1A,2014-016A,EARTH,TEME,UTC,SGP4,2025-11-13 20:20:33.338976+00:00,14.59200455,0.00012740,98.1811,323.5140,91.2473,268.8873,0,U,39634,999,61861,0.00002977400000,0.00000095,0.0000000000000,7073.894,98.684,696.660,694.858,PAYLOAD,LARGE,ESA,2014-04-03,FRGUI,,4880151,302488259,0 SENTINEL 1A,1 39634U 14016A   25317.84760809  .00000095  00000-0  29774-4 0  9994,2 39634  98.1811 323.5140 0001274  91.2473 268.8873 14.59200455618612
3.0,GENERATED VIA SPACE-TRACK.ORG API,2025-11-14 05:14:30+00:00,18 SPCS,SENTINEL 1A,2014-016A,EARTH,TEME,UTC,SGP4,2025-11-13 23:38:02.468256+00:00,14.59200483,0.00012648,98.1811,323.6491,91.0971,269.0374,0,U,39634,999,61863,0.00002632876400,0.00000078,0.0000000000000,7073.894,98.684,696.653,694.864,PAYLOAD,LARGE,ESA,2014-04-03,FRGUI,,4880457,302509226,0 SENTINEL 1A,1 39634U 14016A   25317.98475079  .00000078  00000-0  26329-4 0  9995,2 39634  98.1811 323.6491 0001265  91.0971 269.0374 14.59200483618635
3.0,GENERATED VIA SPACE-TRACK.ORG API,2025-11-14 10:08:26+00:00,18 SPCS,SENTINEL 1A,2014-016A,EARTH,TEME,UTC,SGP4,2025-11-14 07:51:45.271584+00:00,14.59200751,0.00012775,98.1811,323.9869,91.6729,268.4617,0,U,39634,999,61868,0.00002227029000,0.00000059,0.0000000000000,7073.893,98.684,696.662,694.854,PAYLOAD,LARGE,ESA,2014-04-03,FRGUI,,4880535,302541861,0 SENTINEL 1A,1 39634U 14016A   25318.32760731  .00000059  00000-0  22270-4 0  9996,2 39634  98.1811 323.9869 0001277  91.6729 268.4617 14.59200751618683
3.0,GENERATED VIA SPACE-TRACK.ORG API,2025-11-14 21:16:27+00:00,18 SPCS,SENTINEL 1A,2014-016A,EARTH,TEME,UTC,SGP4,2025-11-14 17:44:12.623136+00:00,14.59201210,0.00013080,98.1811,324.3924,91.1902,268.9448,0,U,39634,999,61874,0.00002119600000,0.00000054,0.0000000000000,7073.891,98.684,696.682,694.831,PAYLOAD,LARGE,ESA,2014-04-03,FRGUI,,4880928,302567115,0 SENTINEL 1A,1 39634U 14016A   25318.73903499  .00000054  00000-0  21196-4 0  9992,2 39634  98.1811 324.3924 0001308  91.1902 268.9448 14.59201210618748
3.0,GENERATED VIA SPACE-TRACK.ORG API,2025-11-14 22:56:30+00:00,18 SPCS,SENTINEL 1A,2014-016A,EARTH,TEME,UTC,SGP4,2025-11-14 19:22:57.185184+00:00,14.59201227,0.00013070,98.1811,324.4600,91.1301,269.0049,0,U,39634,999,61875,0.00002121800000,0.00000054,0.0000000000000,7073.891,98.684,696.681,694.832,PAYLOAD,LARGE,ESA,2014-04-03,FRGUI,,4881569,302582867,0 SENTINEL 1A,1 39634U 14016A   25318.80760631  .00000054  00000-0  21218-4 0  9994,2 39634  98.1811 324.4600 0001307  91.1301 269.0049 14.59201227618750
3.0,GENERATED VIA SPACE-TRACK.ORG API,2025-11-14 23:46:36+00:00,18 SPCS,SENTINEL 1A,2014-016A,EARTH,TEME,UTC,SGP4,2025-11-14 21:01:41.723904+00:00,14.59201696,0.00012900,98.1811,324.5275,89.6151,270.5197,0,U,39634,999,61876,0.00010973000000,0.00000472,0.0000000000000,7073.890,98.684,696.667,694.842,PAYLOAD,LARGE,ESA,2014-04-03,FRGUI,,4881686,302585937,0 SENTINEL 1A,1 39634U 14016A   25318.87617736  .00000472  00000-0  10973-3 0  9997,2 39634  98.1811 324.5275 0001290  89.6151 270.5197 14.59201696618767
3.0,GENERATED VIA SPACE-TRACK.ORG API,2025-11-16 20:06:42+00:00,18 SPCS,SENTINEL 1A,2014-016A,EARTH,TEME,UTC,SGP4,2025-11-16 04:17:48.745824+00:00,14.59196365,0.00012810,98.1812,325.8113,88.7864,271.3482,0,U,39634,999,61895,0.00014661000000,0.00000645,0.0000000000000,7073.907,98.684,696.678,694.866,PAYLOAD,LARGE,ESA,2014-04-03,FRGUI,,4883898,302625601,0 SENTINEL 1A,1 39634U 14016A   25320.17903641  .00000645  00000-0  14661-3 0  9996,2 39634  98.1812 325.8113 0001281  88.7864 271.3482 14.59196365618957
3.0,GENERATED VIA SPACE-TRACK.ORG API,2025-11-16 20:06:42+00:00,18 SPCS,SENTINEL 1A,2014-016A,EARTH,TEME,UTC,SGP4,2025-11-16 12:31:31.626912+00:00,14.59197124,0.00012780,98.1811,326.1492,88.7515,271.3831,0,U,39634,999,61900,0.00015435000000,0.00000682,0.0000000000000,7073.905,98.684,696.674,694.866,PAYLOAD,LARGE,ESA,2014-04-03,FRGUI,,4883399,302627716,0 SENTINEL 1A,1 39634U 14016A   25320.52189383  .00000682  00000-0  15435-3 0  9995,2 39634  98.1811 326.1492 0001278  88.7515 271.3831 14.59197124619008
3.0,GENERATED VIA SPACE-TRACK.ORG API,2025-11-16 23:15:52+00:00,18 SPCS,SENTINEL 1A,2014-016A,EARTH,TEME,UTC,SGP4,2025-11-16 07:35:17.898432+00:00,14.59196858,0.00012809,98.1811,325.9465,88.6328,271.5019,0,U,39634,999,61897,0.00015750806000,0.00000697,0.0000000000000,7073.905,98.684,696.677,694.864,PAYLOAD,LARGE,ESA,2014-04-03,FRGUI,,4883990,302662815,0 SENTINEL 1A,1 39634U 14016A   25320.31617938  .00000697  00000-0  15751-3 0  9991,2 39634  98.1811 325.9465 0001281  88.6328 271.5019 14.59196858618978
3.0,GENERATED VIA SPACE-TRACK.ORG API,2025-11-16 23:17:45+00:00,18 SPCS,SENTINEL 1A,2014-016A,EARTH,TEME,UTC,SGP4,2025-11-16 20:45:14.512320+00:00,14.59197103,0.00012740,98.1810,326.4870,88.7816,271.3530,0,U,39634,999,61905,0.00008781300000,0.00000368,0.0000000000000,7073.905,98.684,696.671,694.868,PAYLOAD,LARGE,ESA,2014-04-03,FRGUI,,4884073,302655581,0 SENTINEL 1A,1 39634U 14016A   25320.86475130  .00000368  00000-0  87813-4 0  9991,2 39634  98.1810 326.4870 0001274  88.7816 271.3530 14.59197103619058
3.0,GENERATED VIA SPACE-TRACK.ORG API,2025-11-16 23:40:28+00:00,18 SPCS,SENTINEL 1A,2014-016A,EARTH,TEME,UTC,SGP4,2025-11-16 14:10:16.211424+00:00,14.59197109,0.00012757,98.1811,326.2168,88.6555,271.4791,0,U,39634,999,61901,0.00015187436000,0.00000670,0.0000000000000,7073.905,98.684,696.672,694.867,PAYLOAD,LARGE,ESA,2014-04-03,FRGUI,,4884571,302700809,0 SENTINEL 1A,1 39634U 14016A   25320.59046541  .00000670  00000-0  15187-3 0  9991,2 39634  98.1811 326.2168 0001276  88.6555 271.4791 14.59197109619010
3.0,GENERATED VIA SPACE-TRACK.ORG API,2025-11-17 15:16:18+00:00,18 SPCS,SENTINEL 1A,2014-016A,EARTH,TEME,UTC,SGP4,2025-11-17 11:33:55.689120+00:00,14.59197695,0.00012760,98.1810,327.0951,89.2573,270.8773,0,U,39634,999,61914,0.00008642600000,0.00000362,0.0000000000000,7073.903,98.684,696.670,694.865,PAYLOAD,LARGE,ESA,2014-04-03,FRGUI,,4884723,302720948,0 SENTINEL 1A,1 39634U 14016A   25321.48189455  .00000362  00000-0  86426-4 0  9995,2 39634  98.1810 327.0951 0001276  89.2573 270.8773 14.59197695619142
3.0,GENERATED VIA SPACE-TRACK.ORG API,2025-11-17 17:28:55+00:00,18 SPCS,SENTINEL 1A,2014-016A,EARTH,TEME,UTC,SGP4,2025-11-17 06:37:41.965824+00:00,14.59197491,0.00012763,98.1810,326.8925,89.0942,271.0404,0,U,39634,999,61911,0.00008767344400,0.00000368,0.0000000000000,7073.903,98.684,696.671,694.866,PAYLOAD,LARGE,ESA,2014-04-03,FRGUI,,4885416,302750532,0 SENTINEL 1A,1 39634U 14016A   25321.27618016  .00000368  00000-0  87673-4 0  9993,2 39634  98.1810 326.8925 0001276  89.0942 271.0404 14.59197491619113
3.0,GENERATED VIA SPACE-TRACK.ORG API,2025-11-17 22:56:20+00:00,18 SPCS,SENTINEL 1A,2014-016A,EARTH,TEME,UTC,SGP4,2025-11-17 19:47:38.562432+00:00,14.59197848,0.00012750,98.1810,327.4330,89.3482,270.7864,0,U,39634,999,61919,0.00007979500000,0.00000330,0.0000000000000,7073.902,98.684,696.669,694.865,PAYLOAD,LARGE,ESA,2014-04-03,FRGUI,,4885674,302770913,0 SENTINEL 1A,1 39634U 14016A   25321.82475188  .00000330  00000-0  79795-4 0  9990,2 39634  98.1810 327.4330 0001275  89.3482 270.7864 14.59197848619191
3.0,GENERATED VIA SPACE-TRACK.ORG API,2025-11-18 03:17:42+00:00,18 SPCS,SENTINEL 1A,2014-016A,EARTH,TEME,UTC,SGP4,2025-11-17 14:51:24.841728+00:00,14.59197691,0.00012766,98.1810,327.2303,89.2140,270.9206,0,U,39634,999,61916,0.00008164756100,0.00000339,0.0000000000000,7073.903,98.684,696.671,694.865,PAYLOAD,LARGE,ESA,2014-04-03,FRGUI,,4886369,302800616,0 SENTINEL 1A,1 39634U 14016A   25321.61903752  .00000339  00000-0  81648-4 0  9999,2 39634  98.1810 327.2303 0001277  89.2140 270.9206 14.59197691619166
3.0,GENERATED VIA SPACE-TRACK.ORG API,2025-11-18 06:46:30+00:00,18 SPCS,SENTINEL 1A,2014-016A,EARTH,TEME,UTC,SGP4,2025-11-18 04:01:21.432288+00:00,14.59197967,0.00012740,98.1809,327.7708,89.4646,270.6700,0,U,39634,999,61924,0.00007307700000,0.00000299,0.0000000000000,7073.902,98.684,696.668,694.866,PAYLOAD,LARGE,ESA,2014-04-03,FRGUI,,4886519,302852615,0 SENTINEL 1A,1 39634U 14016A   25322.16760917  .00000299  00000-0  73077-4 0  9996,2 39634  98.1809 327.7708 0001274  89.4646 270.6700 14.59197967619249
3.0,GENERATED VIA SPACE-TRACK.ORG API,2025-11-18 14:46:32+00:00,18 SPCS,SENTINEL 1A,2014-016A,EARTH,TEME,UTC,SGP4,2025-11-18 12:15:04.284864+00:00,14.59198497,0.00012760,98.1809,328.1087,89.5024,270.6322,0,U,39634,999,61929,0.00007976300000,0.00000330,0.0000000000000,7073.900,98.684,696.668,694.863,PAYLOAD,LARGE,ESA,2014-04-03,FRGUI,,4887660,302872664,0 SENTINEL 1A,1 39634U 14016A   25322.51046626  .00000330  00000-0  79763-4 0  9993,2 39634  98.1809 328.1087 0001276  89.5024 270.6322 14.59198497619291
3.0,GENERATED VIA SPACE-TRACK.ORG API,2025-11-18 18:34:43+00:00,18 SPCS,SENTINEL 1A,2014-016A,EARTH,TEME,UTC,SGP4,2025-11-18 02:22:36.859872+00:00,14.59197914,0.00012728,98.1809,327.7033,89.3411,270.7935,0,U,39634,999,61923,0.00007349337500,0.00000301,0.0000000000000,7073.902,98.684,696.667,694.867,PAYLOAD,LARGE,ESA,2014-04-03,FRGUI,,4887978,302892044,0 SENTINEL 1A,1 39634U 14016A   25322.09903773  .00000301  00000-0  73493-4 0  9993,2 39634  98.1809 327.7033 0001273  89.3411 270.7935 14.59197914619230
3.0,GENERATED VIA SPACE-TRACK.ORG API,2025-11-18 23:06:33+00:00,18 SPCS,SENTINEL 1A,2014-016A,EARTH,TEME,UTC,SGP4,2025-11-18 20:28:47.141760+00:00,14.59198735,0.00012740,98.1809,328.4465,89.4358,270.6987,0,U,39634,999,61934,0.00007900600000,0.00000327,0.0000000000000,7073.899,98.684,696.666,694.863,PAYLOAD,LARGE,ESA,2014-04-03,FRGUI,,4888111,302912901,0 SENTINEL 1A,1 39634U 14016A   25322.85332340  .00000327  00000-0  79006-4 0  9997,2 39634  98.1809 328.4465 0001274  89.4358 270.6987 14.59198735619349
3.0,GENERATED VIA SPACE-TRACK.ORG API,2025-11-19 03:20:49+00:00,18 SPCS,SENTINEL 1A,2014-016A,EARTH,TEME,UTC,SGP4,2025-11-18 23:46:16.284000+00:00,14.59198692,0.00012731,98.1809,328.5817,89.4319,270.7026,0,U,39634,999,61936,0.00007207746800,0.00000294,0.0000000000000,7073.900,98.684,696.665,694.864,PAYLOAD,LARGE,ESA,2014-04-03,FRGUI,,4888721,302940815,0 SENTINEL 1A,1 39634U 14016A   25322.99046625  .00000294  00000-0  72077-4 0  9994,2 39634  98.1809 328.5817 0001273  89.4319 270.7026 14.59198692619366
3.0,GENERATED VIA SPACE-TRACK.ORG API,2025-11-19 10:06:41+00:00,18 SPCS,SENTINEL 1A,2014-016A,EARTH,TEME,UTC,SGP4,2025-11-19 06:21:14.565024+00:00,14.59198995,0.00012768,98.1808,328.8519,89.5561,270.5785,0,U,39634,999,61940,0.00007453896500,0.00000306,0.0000000000000,7073.899,98.684,696.667,694.860,PAYLOAD,LARGE,ESA,2014-04-03,FRGUI,,4888758,302972253,0 SENTINEL 1A,1 39634U 14016A   25323.26475191  .00000306  00000-0  74539-4 0  9998,2 39634  98.1808 328.8519 0001277  89.5561 270.5785 14.59198995619402
3.0,GENERATED VIA SPACE-TRACK.ORG API,2025-11-19 17:40:52+00:00,18 SPCS,SENTINEL 1A,2014-016A,EARTH,TEME,UTC,SGP4,2025-11-19 14:34:57.409824+00:00,14.59199176,0.00012772,98.1808,329.1897,89.2384,270.8962,0,U,39634,999,61945,0.00006934179800,0.00000281,0.0000000000000,7073.898,98.684,696.666,694.859,PAYLOAD,LARGE,ESA,2014-04-03,FRGUI,,4888916,303004636,0 SENTINEL 1A,1 39634U 14016A   25323.60760891  .00000281  00000-0  69342-4 0  9998,2 39634  98.1808 329.1897 0001277  89.2384 270.8962 14.59199176619452
3.0,GENERATED VIA SPACE-TRACK.ORG API,2025-11-20 02:25:01+00:00,18 SPCS,SENTINEL 1A,2014-016A,EARTH,TEME,UTC,SGP4,2025-11-19 22:48:40.258080+00:00,14.59199247,0.00012746,98.1808,329.5275,89.1658,270.9687,0,U,39634,999,61950,0.00006230871000,0.00000248,0.0000000000000,7073.898,98.684,696.664,694.861,PAYLOAD,LARGE,ESA,2014-04-03,FRGUI,,4889683,303052695,0 SENTINEL 1A,1 39634U 14016A   25323.95046595  .00000248  00000-0  62309-4 0  9993,2 39634  98.1808 329.5275 0001275  89.1658 270.9687 14.59199247619507
3.0,GENERATED VIA SPACE-TRACK.ORG API,2025-11-20 11:24:48+00:00,18 SPCS,SENTINEL 1A,2014-016A,EARTH,TEME,UTC,SGP4,2025-11-20 07:02:23.102016+00:00,14.59199515,0.00012762,98.1808,329.8654,88.9860,271.1485,0,U,39634,999,61955,0.00006498588000,0.00000261,0.0000000000000,7073.897,98.684,696.665,694.859,PAYLOAD,LARGE,ESA,2014-04-03,FRGUI,,4889748,303083686,0 SENTINEL 1A,1 39634U 14016A   25324.29332294  .00000261  00000-0  64986-4 0  9993,2 39634  98.1808 329.8654 0001276  88.9860 271.1485 14.59199515619556
3.0,GENERATED VIA SPACE-TRACK.ORG API,2025-11-20 20:36:19+00:00,18 SPCS,SENTINEL 1A,2014-016A,EARTH,TEME,UTC,SGP4,2025-11-20 18:33:35.078688+00:00,14.59199650,0.00012730,98.1807,330.3383,88.8480,271.2865,0,U,39634,999,61962,0.00005715300000,0.00000224,0.0000000000000,7073.896,98.684,696.662,694.861,PAYLOAD,LARGE,ESA,2014-04-03,FRGUI,,4889932,303104454,0 SENTINEL 1A,1 39634U 14016A   25324.77332267  .00000224  00000-0  57153-4 0  9993,2 39634  98.1807 330.3383 0001273  88.8480 271.2865 14.59199650619626
3.0,GENERATED VIA SPACE-TRACK.ORG API,2025-11-20 23:16:19+00:00,18 SPCS,SENTINEL 1A,2014-016A,EARTH,TEME,UTC,SGP4,2025-11-20 21:51:04.213152+00:00,14.59199737,0.00012720,98.1807,330.4735,88.8028,271.3318,0,U,39634,999,61964,0.00005717200000,0.00000224,0.0000000000000,7073.896,98.684,696.661,694.861,PAYLOAD,LARGE,ESA,2014-04-03,FRGUI,,4890788,303126301,0 SENTINEL 1A,1 39634U 14016A   25324.91046543  .00000224  00000-0  57172-4 0  9999,2 39634  98.1807 330.4735 0001272  88.8028 271.3318 14.59199737619647
3.0,GENERATED VIA SPACE-TRACK.ORG API,2025-11-21 03:06:45+00:00,18 SPCS,SENTINEL 1A,2014-016A,EARTH,TEME,UTC,SGP4,2025-11-20 23:29:48.780384+00:00,14.59199748,0.00012702,98.1807,330.5410,88.9072,271.2273,0,U,39634,999,61965,0.00005551099700,0.00000216,0.0000000000000,7073.896,98.684,696.660,694.863,PAYLOAD,LARGE,ESA,2014-04-03,FRGUI,,4890904,303140625,0 SENTINEL 1A,1 39634U 14016A   25324.97903681  .00000216  00000-0  55511-4 0  9996,2 39634  98.1807 330.5410 0001270  88.9072 271.2273 14.59199748619658
3.0,GENERATED VIA SPACE-TRACK.ORG API,2025-11-21 07:16:35+00:00,18 SPCS,SENTINEL 1A,2014-016A,EARTH,TEME,UTC,SGP4,2025-11-21 04:26:02.476896+00:00,14.59199873,0.00012710,98.1807,330.7437,89.3000,270.8345,0,U,39634,999,61968,0.00005462900000,0.00000212,0.0000000000000,7073.896,98.684,696.660,694.862,PAYLOAD,LARGE,ESA,2014-04-03,FRGUI,,4891028,303161854,0 SENTINEL 1A,1 39634U 14016A   25325.18475089  .00000212  00000-0  54629-4 0  9991,2 39634  98.1807 330.7437 0001271  89.3000 270.8345 14.59199873619683
3.0,GENERATED VIA SPACE-TRACK.ORG API,2025-11-21 19:56:28+00:00,18 SPCS,SENTINEL 1A,2014-016A,EARTH,TEME,UTC,SGP4,2025-11-21 15:57:14.418144+00:00,14.59200302,0.00012720,98.1807,331.2167,89.4791,270.6555,0,U,39634,999,61975,0.00005629000000,0.00000220,0.0000000000000,7073.894,98.684,696.659,694.860,PAYLOAD,LARGE,ESA,2014-04-03,FRGUI,,4891700,303176616,0 SENTINEL 1A,1 39634U 14016A   25325.66475021  .00000220  00000-0  56290-4 0  9995,2 39634  98.1807 331.2167 0001272  89.4791 270.6555 14.59200302619757
3.0,GENERATED VIA SPACE-TRACK.ORG API,2025-11-22 00:46:37+00:00,18 SPCS,SENTINEL 1A,2014-016A,EARTH,TEME,UTC,SGP4,2025-11-21 22:32:12.674112+00:00,14.59200466,0.00012690,98.1807,331.4869,89.0961,271.0384,0,U,39634,999,61979,0.00005574800000,0.00000217,0.0000000000000,7073.894,98.684,696.656,694.861,PAYLOAD,LARGE,ESA,2014-04-03,FRGUI,,4892497,303196566,0 SENTINEL 1A,1 39634U 14016A   25325.93903558  .00000217  00000-0  55748-4 0  9999,2 39634  98.1807 331.4869 0001269  89.0961 271.0384 14.59200466619799
3.0,GENERATED VIA SPACE-TRACK.ORG API,2025-11-22 07:46:36+00:00,18 SPCS,SENTINEL 1A,2014-016A,EARTH,TEME,UTC,SGP4,2025-11-22 03:28:26.367168+00:00,14.59200542,0.00012700,98.1807,331.6896,89.2727,270.8618,0,U,39634,999,61982,0.00005280100000,0.00000203,0.0000000000000,7073.894,98.684,696.657,694.860,PAYLOAD,LARGE,ESA,2014-04-03,FRGUI,,4893089,303209435,0 SENTINEL 1A,1 39634U 14016A   25326.14474962  .00000203  00000-0  52801-4 0  9997,2 39634  98.1807 331.6896 0001270  89.2727 270.8618 14.59200542619821
3.0,GENERATED VIA SPACE-TRACK.ORG API,2025-11-22 15:26:18+00:00,18 SPCS,SENTINEL 1A,2014-016A,EARTH,TEME,UTC,SGP4,2025-11-22 13:20:53.740320+00:00,14.59200935,0.00012710,98.1807,332.0949,89.3162,270.8183,0,U,39634,999,61988,0.00005616200000,0.00000219,0.0000000000000,7073.892,98.684,696.656,694.858,PAYLOAD,LARGE,ESA,2014-04-03,FRGUI,,4893771,303223426,0 SENTINEL 1A,1 39634U 14016A   25326.55617755  .00000219  00000-0  56162-4 0  9992,2 39634  98.1807 332.0949 0001271  89.3162 270.8183 14.59200935619889
3.0,GENERATED VIA SPACE-TRACK.ORG API,2025-11-22 18:56:57+00:00,18 SPCS,SENTINEL 1A,2014-016A,EARTH,TEME,UTC,SGP4,2025-11-22 14:59:38.306688+00:00,14.59200846,0.00012708,98.1807,332.1625,89.4220,270.7125,0,U,39634,999,61989,0.00005248418000,0.00000202,0.0000000000000,7073.893,98.684,696.656,694.859,PAYLOAD,LARGE,ESA,2014-04-03,FRGUI,,4894246,303251893,0 SENTINEL 1A,1 39634U 14016A   25326.62474892  .00000202  00000-0  52484-4 0  9998,2 39634  98.1807 332.1625 0001271  89.4220 270.7125 14.59200846619894
3.0,GENERATED VIA SPACE-TRACK.ORG API,2025-11-22 22:56:46+00:00,18 SPCS,SENTINEL 1A,2014-016A,EARTH,TEME,UTC,SGP4,2025-11-22 21:34:36.554880+00:00,14.59200988,0.00012680,98.1807,332.4328,89.3308,270.8037,0,U,39634,999,61993,0.00005208500000,0.00000200,0.0000000000000,7073.892,98.684,696.654,694.860,PAYLOAD,LARGE,ESA,2014-04-03,FRGUI,,4894336,303271457,0 SENTINEL 1A,1 39634U 14016A   25326.89903420  .00000200  00000-0  52085-4 0  9996,2 39634  98.1807 332.4328 0001268  89.3308 270.8037 14.59200988619934
3.0,GENERATED VIA SPACE-TRACK.ORG API,2025-11-23 06:26:34+00:00,18 SPCS,SENTINEL 1A,2014-016A,EARTH,TEME,UTC,SGP4,2025-11-23 04:09:34.798752+00:00,14.59201180,0.00012680,98.1807,332.7030,89.2502,270.8843,0,U,39634,999,61997,0.00005403200000,0.00000209,0.0000000000000,7073.891,98.684,696.653,694.860,PAYLOAD,LARGE,ESA,2014-04-03,FRGUI,,4894963,303287157,0 SENTINEL 1A,1 39634U 14016A   25327.17331943  .00000209  00000-0  54032-4 0  9996,2 39634  98.1807 332.7030 0001268  89.2502 270.8843 14.59201180619976
3.0,GENERATED VIA SPACE-TRACK.ORG API,2025-11-23 14:26:32+00:00,18 SPCS,SENTINEL 1A,2014-016A,EARTH,TEME,UTC,SGP4,2025-11-23 12:23:17.596896+00:00,14.59201439,0.00012670,98.1807,333.0409,89.1665,270.9680,0,U,39634,999,62002,0.00005499000000,0.00000213,0.0000000000000,7073.891,98.684,696.652,694.859,PAYLOAD,LARGE,ESA,2014-04-03,FRGUI,,4895605,303302175,0 SENTINEL 1A,1 39634U 14016A   25327.51617589  .00000213  00000-0  54990-4 0  9995,2 39634  98.1807 333.0409 0001267  89.1665 270.9680 14.59201439620023
3.0,GENERATED VIA SPACE-TRACK.ORG API,2025-11-23 21:08:43+00:00,18 SPCS,SENTINEL 1A,2014-016A,EARTH,TEME,UTC,SGP4,2025-11-23 05:48:19.360800+00:00,14.59201214,0.00012683,98.1807,332.7706,89.2039,270.9306,0,U,39634,999,61998,0.00005398518500,0.00000209,0.0000000000000,7073.891,98.684,696.654,694.859,PAYLOAD,LARGE,ESA,2014-04-03,FRGUI,,4896238,303331982,0 SENTINEL 1A,1 39634U 14016A   25327.24189075  .00000209  00000-0  53985-4 0  9997,2 39634  98.1807 332.7706 0001268  89.2039 270.9306 14.59201214619985
3.0,GENERATED VIA SPACE-TRACK.ORG API,2025-11-23 23:06:32+00:00,18 SPCS,SENTINEL 1A,2014-016A,EARTH,TEME,UTC,SGP4,2025-11-23 20:37:00.402816+00:00,14.59201547,0.00012670,98.1807,333.3787,88.9233,271.2112,0,U,39634,999,62007,0.00005275300000,0.00000203,0.0000000000000,7073.890,98.684,696.652,694.859,PAYLOAD,LARGE,ESA,2014-04-03,FRGUI,,4896349,303352718,0 SENTINEL 1A,1 39634U 14016A   25327.85903244  .00000203  00000-0  52753-4 0  9992,2 39634  98.1807 333.3787 0001267  88.9233 271.2112 14.59201547620072
3.0,GENERATED VIA SPACE-TRACK.ORG API,2025-11-24 07:26:19+00:00,18 SPCS,SENTINEL 1A,2014-016A,EARTH,TEME,UTC,SGP4,2025-11-24 04:50:43.193184+00:00,14.59201953,0.00012700,98.1807,333.7165,88.5446,271.5899,0,U,39634,999,62012,0.00006085900000,0.00000241,0.0000000000000,7073.889,98.684,696.652,694.856,PAYLOAD,LARGE,ESA,2014-04-03,FRGUI,,4896950,303365697,0 SENTINEL 1A,1 39634U 14016A   25328.20188881  .00000241  00000-0  60859-4 0  9992,2 39634  98.1807 333.7165 0001270  88.5446 271.5899 14.59201953620124
3.0,GENERATED VIA SPACE-TRACK.ORG API,2025-11-24 15:06:31+00:00,18 SPCS,SENTINEL 1A,2014-016A,EARTH,TEME,UTC,SGP4,2025-11-24 13:04:25.987872+00:00,14.59202073,0.00012700,98.1807,334.0543,88.3962,271.7383,0,U,39634,999,62017,0.00005663900000,0.00000221,0.0000000000000,7073.889,98.684,696.652,694.855,PAYLOAD,LARGE,ESA,2014-04-03,FRGUI,,4897562,303380691,0 SENTINEL 1A,1 39634U 14016A   25328.54474523  .00000221  00000-0  56639-4 0  9999,2 39634  98.1807 334.0543 0001270  88.3962 271.7383 14.59202073620178
3.0,GENERATED VIA SPACE-TRACK.ORG API,2025-11-24 18:12:41+00:00,18 SPCS,SENTINEL 1A,2014-016A,EARTH,TEME,UTC,SGP4,2025-11-24 06:29:27.754368+00:00,14.59201926,0.00012709,98.1807,333.7841,88.4640,271.6705,0,U,39634,999,62013,0.00005861626000,0.00000231,0.0000000000000,7073.889,98.684,696.653,694.855,PAYLOAD,LARGE,ESA,2014-04-03,FRGUI,,4898287,303411137,0 SENTINEL 1A,1 39634U 14016A   25328.27046012  .00000231  00000-0  58616-4 0  9995,2 39634  98.1807 333.7841 0001271  88.4640 271.6705 14.59201926620139
3.0,GENERATED VIA SPACE-TRACK.ORG API,2025-11-24 23:36:20+00:00,18 SPCS,SENTINEL 1A,2014-016A,EARTH,TEME,UTC,SGP4,2025-11-24 19:39:24.212736+00:00,14.59202268,0.00012680,98.1807,334.3246,88.8198,271.3147,0,U,39634,999,62021,0.00005796300000,0.00000227,0.0000000000000,7073.888,98.684,696.650,694.856,PAYLOAD,LARGE,ESA,2014-04-03,FRGUI,,4898478,303431603,0 SENTINEL 1A,1 39634U 14016A   25328.81903024  .00000227  00000-0  57963-4 0  9999,2 39634  98.1807 334.3246 0001268  88.8198 271.3147 14.59202268620219
3.0,GENERATED VIA SPACE-TRACK.ORG API,2025-11-25 03:42:27+00:00,18 SPCS,SENTINEL 1A,2014-016A,EARTH,TEME,UTC,SGP4,2025-11-25 00:35:37.873824+00:00,14.59202582,0.00012648,98.1807,334.5273,88.8430,271.2915,0,U,39634,999,62024,0.00006388904300,0.00000255,0.0000000000000,7073.887,98.684,696.647,694.857,PAYLOAD,LARGE,ESA,2014-04-03,FRGUI,,4899133,303461991,0 SENTINEL 1A,1 39634U 14016A   25329.02474391  .00000255  00000-0  63889-4 0  9998,2 39634  98.1807 334.5273 0001265  88.8430 271.2915 14.59202582620241
3.0,GENERATED VIA SPACE-TRACK.ORG API,2025-11-25 08:16:20+00:00,18 SPCS,SENTINEL 1A,2014-016A,EARTH,TEME,UTC,SGP4,2025-11-25 03:53:06.984960+00:00,14.59202643,0.00012650,98.1807,334.6624,89.0946,271.0399,0,U,39634,999,62026,0.00006258900000,0.00000249,0.0000000000000,7073.887,98.684,696.647,694.857,PAYLOAD,LARGE,ESA,2014-04-03,FRGUI,,4899289,303483220,0 SENTINEL 1A,1 39634U 14016A   25329.16188640  .00000249  00000-0  62589-4 0  9991,2 39634  98.1807 334.6624 0001265  89.0946 271.0399 14.59202643620261
3.0,GENERATED VIA SPACE-TRACK.ORG API,2025-11-25 14:36:35+00:00,18 SPCS,SENTINEL 1A,2014-016A,EARTH,TEME,UTC,SGP4,2025-11-25 12:06:49.768416+00:00,14.59202827,0.00012640,98.1807,335.0002,88.6573,271.4771,0,U,39634,999,62031,0.00006189300000,0.00000246,0.0000000000000,7073.886,98.684,696.645,694.857,PAYLOAD,LARGE,ESA,2014-04-03,FRGUI,,4900142,303502720,0 SENTINEL 1A,1 39634U 14016A   25329.50474269  .00000246  00000-0  61893-4 0  9998,2 39634  98.1807 335.0002 0001264  88.6573 271.4771 14.59202827620314
3.0,GENERATED VIA SPACE-TRACK.ORG API,2025-11-25 17:18:59+00:00,18 SPCS,SENTINEL 1A,2014-016A,EARTH,TEME,UTC,SGP4,2025-11-25 07:10:36.103008+00:00,14.59202714,0.00012658,98.1807,334.7975,88.6122,271.5223,0,U,39634,999,62028,0.00006331445500,0.00000253,0.0000000000000,7073.887,98.684,696.647,694.856,PAYLOAD,LARGE,ESA,2014-04-03,FRGUI,,4900866,303533419,0 SENTINEL 1A,1 39634U 14016A   25329.29902897  .00000253  00000-0  63314-4 0  9995,2 39634  98.1807 334.7975 0001266  88.6122 271.5223 14.59202714620285
3.0,GENERATED VIA SPACE-TRACK.ORG API,2025-11-25 22:56:30+00:00,18 SPCS,SENTINEL 1A,2014-016A,EARTH,TEME,UTC,SGP4,2025-11-25 20:20:32.538912+00:00,14.59202992,0.00012640,98.1807,335.3381,89.0264,271.1081,0,U,39634,999,62036,0.00006011900000,0.00000238,0.0000000000000,7073.886,98.684,696.645,694.856,PAYLOAD,LARGE,ESA,2014-04-03,FRGUI,,4901001,303553502,0 SENTINEL 1A,1 39634U 14016A   25329.84759883  .00000238  00000-0  60119-4 0  9994,2 39634  98.1807 335.3381 0001264  89.0264 271.1081 14.59202992620368
3.0,GENERATED VIA SPACE-TRACK.ORG API,2025-11-26 08:06:33+00:00,18 SPCS,SENTINEL 1A,2014-016A,EARTH,TEME,UTC,SGP4,2025-11-26 04:34:15.307680+00:00,14.59203188,0.00012610,98.1807,335.6759,89.5162,270.6182,0,U,39634,999,62041,0.00006033100000,0.00000239,0.0000000000000,7073.885,98.684,696.642,694.858,PAYLOAD,LARGE,ESA,2014-04-03,FRGUI,,4901837,303573678,0 SENTINEL 1A,1 39634U 14016A   25330.19045495  .00000239  00000-0  60331-4 0  9998,2 39634  98.1807 335.6759 0001261  89.5162 270.6182 14.59203188620419
3.0,GENERATED VIA SPACE-TRACK.ORG API,2025-11-26 11:31:21+00:00,18 SPCS,SENTINEL 1A,2014-016A,EARTH,TEME,UTC,SGP4,2025-11-25 23:38:01.648320+00:00,14.59203067,0.00012602,98.1807,335.4732,89.1013,271.0331,0,U,39634,999,62038,0.00006015092200,0.00000238,0.0000000000000,7073.885,98.684,696.642,694.859,PAYLOAD,LARGE,ESA,2014-04-03,FRGUI,,4902534,303603542,0 SENTINEL 1A,1 39634U 14016A   25329.98474130  .00000238  00000-0  60151-4 0  9994,2 39634  98.1807 335.4732 0001260  89.1013 271.0331 14.59203067620381
3.0,GENERATED VIA SPACE-TRACK.ORG API,2025-11-26 14:46:36+00:00,18 SPCS,SENTINEL 1A,2014-016A,EARTH,TEME,UTC,SGP4,2025-11-26 06:12:59.862816+00:00,14.59203189,0.00012620,98.1807,335.7435,89.5088,270.6257,0,U,39634,999,62042,0.00005871700000,0.00000231,0.0000000000000,7073.885,98.684,696.643,694.857,PAYLOAD,LARGE,ESA,2014-04-03,FRGUI,,4902770,303626474,0 SENTINEL 1A,1 39634U 14016A   25330.25902619  .00000231  00000-0  58717-4 0  9992,2 39634  98.1807 335.7435 0001262  89.5088 270.6257 14.59203189620424
3.0,GENERATED VIA SPACE-TRACK.ORG API,2025-11-27 07:56:21+00:00,18 SPCS,SENTINEL 1A,2014-016A,EARTH,TEME,UTC,SGP4,2025-11-27 03:36:39.287808+00:00,14.59199946,0.00012620,98.1808,336.6219,89.1705,270.9639,0,U,39634,999,62055,0.00004143300000,0.00000150,0.0000000000000,7073.895,98.684,696.653,694.868,PAYLOAD,LARGE,ESA,2014-04-03,FRGUI,,4904251,303723667,0 SENTINEL 1A,1 39634U 14016A   25331.15045472  .00000150  00000-0  41433-4 0  9994,2 39634  98.1808 336.6219 0001262  89.1705 270.9639 14.59199946620553
3.0,GENERATED VIA SPACE-TRACK.ORG API,2025-11-27 13:14:25+00:00,18 SPCS,SENTINEL 1A,2014-016A,EARTH,TEME,UTC,SGP4,2025-11-27 06:54:08.421408+00:00,14.59200007,0.00012649,98.1808,336.7570,89.1644,270.9700,0,U,39634,999,62057,0.00004141187800,0.00000149,0.0000000000000,7073.895,98.684,696.655,694.866,PAYLOAD,LARGE,ESA,2014-04-03,FRGUI,,4904843,303751037,0 SENTINEL 1A,1 39634U 14016A   25331.28759747  .00000149  00000-0  41412-4 0  9990,2 39634  98.1808 336.7570 0001265  89.1644 270.9700 14.59200007620571
3.0,GENERATED VIA SPACE-TRACK.ORG API,2025-11-28 05:28:23+00:00,18 SPCS,SENTINEL 1A,2014-016A,EARTH,TEME,UTC,SGP4,2025-11-27 23:21:34.079904+00:00,14.59200273,0.00012580,98.1807,337.4325,89.4186,270.7158,0,U,39634,999,62067,0.00002977292600,0.00000095,0.0000000000000,7073.894,98.684,696.649,694.869,PAYLOAD,LARGE,ESA,2014-04-03,FRGUI,,4904942,303783522,0 SENTINEL 1A,1 39634U 14016A   25331.97331111  .00000095  00000-0  29773-4 0  9993,2 39634  98.1807 337.4325 0001258  89.4186 270.7158 14.59200273620673
3.0,GENERATED VIA SPACE-TRACK.ORG API,2025-11-28 07:16:51+00:00,18 SPCS,SENTINEL 1A,2014-016A,EARTH,TEME,UTC,SGP4,2025-11-28 04:17:47.770368+00:00,14.59200354,0.00012500,98.1807,337.6353,89.7736,270.3607,0,U,39634,999,62070,0.00002946500000,0.00000093,0.0000000000000,7073.894,98.684,696.643,694.875,PAYLOAD,LARGE,ESA,2014-04-03,FRGUI,,4905069,303804059,0 SENTINEL 1A,1 39634U 14016A   25332.17902512  .00000093  00000-0  29465-4 0  9991,2 39634  98.1807 337.6353 0001250  89.7736 270.3607 14.59200354620701
3.0,GENERATED VIA SPACE-TRACK.ORG API,2025-11-28 20:32:39+00:00,18 SPCS,SENTINEL 1A,2014-016A,EARTH,TEME,UTC,SGP4,2025-11-28 14:10:15.158208+00:00,14.59200466,0.00012586,98.1807,338.0406,89.6785,270.4559,0,U,39634,999,62076,0.00002683091500,0.00000081,0.0000000000000,7073.894,98.684,696.649,694.868,PAYLOAD,LARGE,ESA,2014-04-03,FRGUI,,4905705,303833754,0 SENTINEL 1A,1 39634U 14016A   25332.59045322  .00000081  00000-0  26831-4 0  9995,2 39634  98.1807 338.0406 0001259  89.6785 270.4559 14.59200466620764
3.0,GENERATED VIA SPACE-TRACK.ORG API,2025-11-28 23:26:35+00:00,18 SPCS,SENTINEL 1A,2014-016A,EARTH,TEME,UTC,SGP4,2025-11-28 20:45:13.413312+00:00,14.59200563,0.00012640,98.1807,338.3108,89.6443,270.4902,0,U,39634,999,62080,0.00002682400000,0.00000081,0.0000000000000,7073.893,98.684,696.653,694.864,PAYLOAD,LARGE,ESA,2014-04-03,FRGUI,,4905838,303855955,0 SENTINEL 1A,1 39634U 14016A   25332.86473858  .00000081  00000-0  26824-4 0  9996,2 39634  98.1807 338.3108 0001264  89.6443 270.4902 14.59200563620808
3.0,GENERATED VIA SPACE-TRACK.ORG API,2025-11-29 06:46:32+00:00,18 SPCS,SENTINEL 1A,2014-016A,EARTH,TEME,UTC,SGP4,2025-11-29 04:58:56.229600+00:00,14.59200724,0.00012650,98.1807,338.6487,89.5987,270.5357,0,U,39634,999,62085,0.00002862800000,0.00000089,0.0000000000000,7073.893,98.684,696.653,694.863,PAYLOAD,LARGE,ESA,2014-04-03,FRGUI,,4906203,303863351,0 SENTINEL 1A,1 39634U 14016A   25333.20759525  .00000089  00000-0  28628-4 0  9995,2 39634  98.1807 338.6487 0001265  89.5987 270.5357 14.59200724620853
3.0,GENERATED VIA SPACE-TRACK.ORG API,2025-11-29 19:07:35+00:00,18 SPCS,SENTINEL 1A,2014-016A,EARTH,TEME,UTC,SGP4,2025-11-29 06:37:40.795968+00:00,14.59200803,0.00012641,98.1807,338.7162,87.5646,272.5699,0,U,39634,999,62086,0.00004018106800,0.00000144,0.0000000000000,7073.893,98.684,696.652,694.864,PAYLOAD,LARGE,ESA,2014-04-03,FRGUI,,4906927,303894946,0 SENTINEL 1A,1 39634U 14016A   25333.27616662  .00000144  00000-0  40181-4 0  9996,2 39634  98.1807 338.7162 0001264  87.5646 272.5699 14.59200803620863
3.0,GENERATED VIA SPACE-TRACK.ORG API,2025-11-30 17:58:55+00:00,18 SPCS,SENTINEL 1A,2014-016A,EARTH,TEME,UTC,SGP4,2025-11-29 13:12:39.063168+00:00,14.59200674,0.00012599,98.1807,338.9865,87.4187,272.7157,0,U,39634,999,62090,0.00002664147000,0.00000080,0.0000000000000,7073.893,98.684,696.649,694.867,PAYLOAD,LARGE,ESA,2014-04-03,FRGUI,,4909172,303981866,0 SENTINEL 1A,1 39634U 14016A   25333.55045212  .00000080  00000-0  26641-4 0  9998,2 39634  98.1807 338.9865 0001260  87.4187 272.7157 14.59200674620902
3.0,GENERATED VIA SPACE-TRACK.ORG API,2025-12-01 10:36:16+00:00,18 SPCS,SENTINEL 1A,2014-016A,EARTH,TEME,UTC,SGP4,2025-12-01 07:59:57.907104+00:00,14.59199899,0.00012630,98.1806,340.7431,89.6410,270.4934,0,U,39634,999,62116,0.00006260200000,0.00000249,0.0000000000000,7073.896,98.684,696.654,694.867,PAYLOAD,LARGE,ESA,2014-04-03,FRGUI,,4909951,304080547,0 SENTINEL 1A,1 39634U 14016A   25335.33330911  .00000249  00000-0  62602-4 0  9993,2 39634  98.1806 340.7431 0001263  89.6410 270.4934 14.59199899621160
3.0,GENERATED VIA SPACE-TRACK.ORG API,2025-12-01 15:36:19+00:00,18 SPCS,SENTINEL 1A,2014-016A,EARTH,TEME,UTC,SGP4,2025-12-01 12:56:11.606208+00:00,14.59200032,0.00012610,98.1805,340.9458,89.7049,270.4295,0,U,39634,999,62119,0.00006209000000,0.00000247,0.0000000000000,7073.895,98.684,696.652,694.868,PAYLOAD,LARGE,ESA,2014-04-03,FRGUI,,4910054,304082760,0 SENTINEL 1A,1 39634U 14016A   25335.53902322  .00000247  00000-0  62090-4 0  9995,2 39634  98.1805 340.9458 0001261  89.7049 270.4295 14.59200032621192
3.0,GENERATED VIA SPACE-TRACK.ORG API,2025-12-01 23:16:33+00:00,18 SPCS,SENTINEL 1A,2014-016A,EARTH,TEME,UTC,SGP4,2025-12-01 21:09:54.444096+00:00,14.59200072,0.00012590,98.1805,341.2835,89.7207,270.4137,0,U,39634,999,62124,0.00005710100000,0.00000223,0.0000000000000,7073.895,98.684,696.651,694.869,PAYLOAD,LARGE,ESA,2014-04-03,FRGUI,,4910939,304103179,0 SENTINEL 1A,1 39634U 14016A   25335.88188014  .00000223  00000-0  57101-4 0  9998,2 39634  98.1805 341.2835 0001259  89.7207 270.4137 14.59200072621243
3.0,GENERATED VIA SPACE-TRACK.ORG API,2025-12-02 02:18:54+00:00,18 SPCS,SENTINEL 1A,2014-016A,EARTH,TEME,UTC,SGP4,2025-12-01 14:34:56.176032+00:00,14.59200025,0.00012602,98.1805,341.0133,89.6985,270.4360,0,U,39634,999,62120,0.00006097599700,0.00000242,0.0000000000000,7073.895,98.684,696.652,694.869,PAYLOAD,LARGE,ESA,2014-04-03,FRGUI,,4911537,304131580,0 SENTINEL 1A,1 39634U 14016A   25335.60759463  .00000242  00000-0  60976-4 0  9995,2 39634  98.1805 341.0133 0001260  89.6985 270.4360 14.59200025621208
3.0,GENERATED VIA SPACE-TRACK.ORG API,2025-12-02 07:46:31+00:00,18 SPCS,SENTINEL 1A,2014-016A,EARTH,TEME,UTC,SGP4,2025-12-02 03:44:52.696608+00:00,14.59200448,0.00012580,98.1805,341.5538,89.1195,271.0149,0,U,39634,999,62128,0.00006618400000,0.00000266,0.0000000000000,7073.894,98.684,696.649,694.869,PAYLOAD,LARGE,ESA,2014-04-03,FRGUI,,4911659,304151415,0 SENTINEL 1A,1 39634U 14016A   25336.15616547  .00000266  00000-0  66184-4 0  9994,2 39634  98.1805 341.5538 0001258  89.1195 271.0149 14.59200448621286
3.0,GENERATED VIA SPACE-TRACK.ORG API,2025-12-02 11:04:55+00:00,18 SPCS,SENTINEL 1A,2014-016A,EARTH,TEME,UTC,SGP4,2025-12-02 07:02:21.831072+00:00,14.59200740,0.00012593,98.1805,341.6889,88.9910,271.1433,0,U,39634,999,62130,0.00007540692200,0.00000310,0.0000000000000,7073.893,98.684,696.649,694.867,PAYLOAD,LARGE,ESA,2014-04-03,FRGUI,,4912329,304181874,0 SENTINEL 1A,1 39634U 14016A   25336.29330823  .00000310  00000-0  75407-4 0  9997,2 39634  98.1805 341.6889 0001259  88.9910 271.1433 14.59200740621304
3.0,GENERATED VIA SPACE-TRACK.ORG API,2025-12-02 14:36:22+00:00,18 SPCS,SENTINEL 1A,2014-016A,EARTH,TEME,UTC,SGP4,2025-12-02 13:37:20.085312+00:00,14.59200912,0.00012580,98.1805,341.9591,88.9666,271.1678,0,U,39634,999,62134,0.00007442400000,0.00000305,0.0000000000000,7073.892,98.684,696.647,694.867,PAYLOAD,LARGE,ESA,2014-04-03,FRGUI,,4912541,304204010,0 SENTINEL 1A,1 39634U 14016A   25336.56759358  .00000305  00000-0  74424-4 0  9997,2 39634  98.1805 341.9591 0001258  88.9666 271.1678 14.59200912621340
3.0,GENERATED VIA SPACE-TRACK.ORG API,2025-12-02 23:26:31+00:00,18 SPCS,SENTINEL 1A,2014-016A,EARTH,TEME,UTC,SGP4,2025-12-02 20:12:18.326592+00:00,14.59201094,0.00012530,98.1805,342.2294,89.0937,271.0406,0,U,39634,999,62138,0.00007464400000,0.00000306,0.0000000000000,7073.892,98.684,696.643,694.870,PAYLOAD,LARGE,ESA,2014-04-03,FRGUI,,4913273,304221548,0 SENTINEL 1A,1 39634U 14016A   25336.84187878  .00000306  00000-0  74644-4 0  9995,2 39634  98.1805 342.2294 0001253  89.0937 271.0406 14.59201094621386
3.0,GENERATED VIA SPACE-TRACK.ORG API,2025-12-03 02:22:38+00:00,18 SPCS,SENTINEL 1A,2014-016A,EARTH,TEME,UTC,SGP4,2025-12-02 15:16:04.643040+00:00,14.59200930,0.00012571,98.1805,342.0267,89.0740,271.0604,0,U,39634,999,62135,0.00007296787500,0.00000298,0.0000000000000,7073.892,98.684,696.647,694.868,PAYLOAD,LARGE,ESA,2014-04-03,FRGUI,,4913875,304249130,0 SENTINEL 1A,1 39634U 14016A   25336.63616485  .00000298  00000-0  72968-4 0  9990,2 39634  98.1805 342.0267 0001257  89.0740 271.0604 14.59200930621355
3.0,GENERATED VIA SPACE-TRACK.ORG API,2025-12-03 07:36:34+00:00,18 SPCS,SENTINEL 1A,2014-016A,EARTH,TEME,UTC,SGP4,2025-12-03 04:26:01.140288+00:00,14.59201308,0.00012510,98.1805,342.5672,89.0755,271.0588,0,U,39634,999,62143,0.00007377400000,0.00000302,0.0000000000000,7073.891,98.684,696.641,694.871,PAYLOAD,LARGE,ESA,2014-04-03,FRGUI,,4914284,304277054,0 SENTINEL 1A,1 39634U 14016A   25337.18473542  .00000302  00000-0  73774-4 0  9998,2 39634  98.1805 342.5672 0001251  89.0755 271.0588 14.59201308621430
3.0,GENERATED VIA SPACE-TRACK.ORG API,2025-12-03 11:19:29+00:00,18 SPCS,SENTINEL 1A,2014-016A,EARTH,TEME,UTC,SGP4,2025-12-03 07:43:30.274752+00:00,14.59201430,0.00012519,98.1805,342.7024,88.7026,271.4317,0,U,39634,999,62145,0.00007517083500,0.00000309,0.0000000000000,7073.891,98.684,696.641,694.870,PAYLOAD,LARGE,ESA,2014-04-03,FRGUI,,4914710,304300081,0 SENTINEL 1A,1 39634U 14016A   25337.32187818  .00000309  00000-0  75171-4 0  9992,2 39634  98.1805 342.7024 0001252  88.7026 271.4317 14.59201430621453
3.0,GENERATED VIA SPACE-TRACK.ORG API,2025-12-03 14:46:20+00:00,18 SPCS,SENTINEL 1A,2014-016A,EARTH,TEME,UTC,SGP4,2025-12-03 12:39:43.960032+00:00,14.59201491,0.00012510,98.1805,342.9051,88.4546,271.6797,0,U,39634,999,62148,0.00007087400000,0.00000288,0.0000000000000,7073.890,98.684,696.640,694.871,PAYLOAD,LARGE,ESA,2014-04-03,FRGUI,,4914984,304323927,0 SENTINEL 1A,1 39634U 14016A   25337.52759213  .00000288  00000-0  70874-4 0  9999,2 39634  98.1805 342.9051 0001251  88.4546 271.6797 14.59201491621482
3.0,GENERATED VIA SPACE-TRACK.ORG API,2025-12-04 02:28:57+00:00,18 SPCS,SENTINEL 1A,2014-016A,EARTH,TEME,UTC,SGP4,2025-12-04 00:10:55.896960+00:00,14.59201554,0.00012452,98.1805,343.3779,88.6351,271.4991,0,U,39634,999,62155,0.00005640863700,0.00000220,0.0000000000000,7073.890,98.684,696.636,694.874,PAYLOAD,LARGE,ESA,2014-04-03,FRGUI,,4915962,304361119,0 SENTINEL 1A,1 39634U 14016A   25338.00759140  .00000220  00000-0  56409-4 0  9996,2 39634  98.1805 343.3779 0001245  88.6351 271.4991 14.59201554621555
3.0,GENERATED VIA SPACE-TRACK.ORG API,2025-12-04 10:52:37+00:00,18 SPCS,SENTINEL 1A,2014-016A,EARTH,TEME,UTC,SGP4,2025-12-04 06:45:54.148608+00:00,14.59201381,0.00012431,98.1805,343.6482,89.2280,270.9063,0,U,39634,999,62159,0.00004136783500,0.00000149,0.0000000000000,7073.891,98.684,696.635,694.876,PAYLOAD,LARGE,ESA,2014-04-03,FRGUI,,4916482,304403642,0 SENTINEL 1A,1 39634U 14016A   25338.28187672  .00000149  00000-0  41368-4 0  9999,2 39634  98.1805 343.6482 0001243  89.2280 270.9063 14.59201381621591
3.0,GENERATED VIA SPACE-TRACK.ORG API,2025-12-04 19:15:14+00:00,18 SPCS,SENTINEL 1A,2014-016A,EARTH,TEME,UTC,SGP4,2025-12-04 14:59:36.952800+00:00,14.59201436,0.00012463,98.1805,343.9860,89.6595,270.4747,0,U,39634,999,62164,0.00003594146000,0.00000124,0.0000000000000,7073.891,98.684,696.637,694.874,PAYLOAD,LARGE,ESA,2014-04-03,FRGUI,,4916542,304435593,0 SENTINEL 1A,1 39634U 14016A   25338.62473325  .00000124  00000-0  35941-4 0  9993,2 39634  98.1805 343.9860 0001246  89.6595 270.4747 14.59201436621641
3.0,GENERATED VIA SPACE-TRACK.ORG API,2025-12-04 21:36:20+00:00,18 SPCS,SENTINEL 1A,2014-016A,EARTH,TEME,UTC,SGP4,2025-12-04 18:17:06.055296+00:00,14.59201773,0.00012460,98.1805,344.1211,89.5923,270.5420,0,U,39634,999,62166,0.00004799400000,0.00000180,0.0000000000000,7073.890,98.684,696.636,694.873,PAYLOAD,LARGE,ESA,2014-04-03,FRGUI,,4917178,304469487,0 SENTINEL 1A,1 39634U 14016A   25338.76187564  .00000180  00000-0  47994-4 0  9998,2 39634  98.1805 344.1211 0001246  89.5923 270.5420 14.59201773621663
3.0,GENERATED VIA SPACE-TRACK.ORG API,2025-12-04 23:06:34+00:00,18 SPCS,SENTINEL 1A,2014-016A,EARTH,TEME,UTC,SGP4,2025-12-04 19:55:50.610432+00:00,14.59201868,0.00012470,98.1805,344.1887,89.7048,270.4295,0,U,39634,999,62167,0.00005050800000,0.00000192,0.0000000000000,7073.889,98.684,696.636,694.872,PAYLOAD,LARGE,ESA,2014-04-03,FRGUI,,4917490,304477310,0 SENTINEL 1A,1 39634U 14016A   25338.83044688  .00000192  00000-0  50508-4 0  9993,2 39634  98.1805 344.1887 0001247  89.7048 270.4295 14.59201868621678
3.0,GENERATED VIA SPACE-TRACK.ORG API,2025-12-05 03:56:49+00:00,18 SPCS,SENTINEL 1A,2014-016A,EARTH,TEME,UTC,SGP4,2025-12-04 23:13:19.730208+00:00,14.59201992,0.00012414,98.1805,344.3238,89.6406,270.4936,0,U,39634,999,62169,0.00005340989800,0.00000206,0.0000000000000,7073.889,98.684,696.632,694.876,PAYLOAD,LARGE,ESA,2014-04-03,FRGUI,,4917780,304496845,0 SENTINEL 1A,1 39634U 14016A   25338.96758947  .00000206  00000-0  53410-4 0  9998,2 39634  98.1805 344.3238 0001241  89.6406 270.4936 14.59201992621693
3.0,GENERATED VIA SPACE-TRACK.ORG API,2025-12-05 06:36:21+00:00,18 SPCS,SENTINEL 1A,2014-016A,EARTH,TEME,UTC,SGP4,2025-12-05 04:09:33.393024+00:00,14.59202272,0.00012360,98.1804,344.5265,89.4690,270.6651,0,U,39634,999,62172,0.00006174400000,0.00000245,0.0000000000000,7073.888,98.684,696.627,694.879,PAYLOAD,LARGE,ESA,2014-04-03,FRGUI,,4917880,304517130,0 SENTINEL 1A,1 39634U 14016A   25339.17330316  .00000245  00000-0  61744-4 0  9990,2 39634  98.1804 344.5265 0001236  89.4690 270.6651 14.59202272621723
3.0,GENERATED VIA SPACE-TRACK.ORG API,2025-12-05 10:48:45+00:00,18 SPCS,SENTINEL 1A,2014-016A,EARTH,TEME,UTC,SGP4,2025-12-05 07:27:02.511072+00:00,14.59202279,0.00012375,98.1804,344.6616,89.8400,270.2942,0,U,39634,999,62174,0.00006048710100,0.00000239,0.0000000000000,7073.888,98.684,696.628,694.878,PAYLOAD,LARGE,ESA,2014-04-03,FRGUI,,4918366,304541883,0 SENTINEL 1A,1 39634U 14016A   25339.31044573  .00000239  00000-0  60487-4 0  9999,2 39634  98.1804 344.6616 0001238  89.8400 270.2942 14.59202279621747
3.0,GENERATED VIA SPACE-TRACK.ORG API,2025-12-06 06:00:24+00:00,18 SPCS,SENTINEL 1A,2014-016A,EARTH,TEME,UTC,SGP4,2025-12-05 23:54:28.052064+00:00,14.59203137,0.00012402,98.1803,345.3372,89.7359,270.3982,0,U,39634,999,62184,0.00008481157900,0.00000354,0.0000000000000,7073.885,98.684,696.627,694.873,PAYLOAD,LARGE,ESA,2014-04-03,FRGUI,,4918504,304573971,0 SENTINEL 1A,1 39634U 14016A   25339.99615801  .00000354  00000-0  84812-4 0  9997,2 39634  98.1803 345.3372 0001240  89.7359 270.3982 14.59203137621848
3.0,GENERATED VIA SPACE-TRACK.ORG API,2025-12-06 12:48:24+00:00,18 SPCS,SENTINEL 1A,2014-016A,EARTH,TEME,UTC,SGP4,2025-12-06 03:11:57.159744+00:00,14.59203263,0.00012450,98.1803,345.4723,89.6590,270.4752,0,U,39634,999,62186,0.00008747996400,0.00000367,0.0000000000000,7073.885,98.684,696.630,694.869,PAYLOAD,LARGE,ESA,2014-04-03,FRGUI,,4918520,304605555,0 SENTINEL 1A,1 39634U 14016A   25340.13330046  .00000367  00000-0  87480-4 0  9998,2 39634  98.1803 345.4723 0001245  89.6590 270.4752 14.59203263621868
3.0,GENERATED VIA SPACE-TRACK.ORG API,2025-12-06 17:59:03+00:00,18 SPCS,SENTINEL 1A,2014-016A,EARTH,TEME,UTC,SGP4,2025-12-06 14:43:09.235776+00:00,14.59198572,0.00012570,98.1803,345.9451,89.3693,270.7650,0,U,39634,999,62193,0.00009224780800,0.00000389,0.0000000000000,7073.900,98.684,696.654,694.876,PAYLOAD,LARGE,ESA,2014-04-03,FRGUI,,4918544,304637970,0 SENTINEL 1A,1 39634U 14016A   25340.61330134  .00000389  00000-0  92248-4 0  9991,2 39634  98.1803 345.9451 0001257  89.3693 270.7650 14.59198572621939
3.0,GENERATED VIA SPACE-TRACK.ORG API,2025-12-07 05:42:25+00:00,18 SPCS,SENTINEL 1A,2014-016A,EARTH,TEME,UTC,SGP4,2025-12-06 22:56:52.090080+00:00,14.59198895,0.00012454,98.1803,346.2829,89.3819,270.7523,0,U,39634,999,62198,0.00008743741100,0.00000366,0.0000000000000,7073.899,98.684,696.645,694.883,PAYLOAD,LARGE,ESA,2014-04-03,FRGUI,,4918577,304669631,0 SENTINEL 1A,1 39634U 14016A   25340.95615845  .00000366  00000-0  87437-4 0  9992,2 39634  98.1803 346.2829 0001245  89.3819 270.7523 14.59198895621981
3.0,GENERATED VIA SPACE-TRACK.ORG API,2025-12-07 17:20:40+00:00,18 SPCS,SENTINEL 1A,2014-016A,EARTH,TEME,UTC,SGP4,2025-12-07 07:10:34.945248+00:00,14.59199239,0.00012456,98.1803,346.6208,89.0861,271.0481,0,U,39634,999,62203,0.00009070415400,0.00000382,0.0000000000000,7073.898,98.684,696.644,694.882,PAYLOAD,LARGE,ESA,2014-04-03,FRGUI,,4918610,304701560,0 SENTINEL 1A,1 39634U 14016A   25341.29901557  .00000382  00000-0  90704-4 0  9997,2 39634  98.1803 346.6208 0001246  89.0861 271.0481 14.59199239622038
3.0,GENERATED VIA SPACE-TRACK.ORG API,2025-12-08 03:46:37+00:00,18 SPCS,SENTINEL 1A,2014-016A,EARTH,TEME,UTC,SGP4,2025-12-07 23:38:00.636576+00:00,14.59199506,0.00012431,98.1803,347.2964,89.2088,270.9254,0,U,39634,999,62213,0.00007736691900,0.00000319,0.0000000000000,7073.897,98.684,696.641,694.883,PAYLOAD,LARGE,ESA,2014-04-03,FRGUI,,4918622,304732697,0 SENTINEL 1A,1 39634U 14016A   25341.98472959  .00000319  00000-0  77367-4 0  9992,2 39634  98.1803 347.2964 0001243  89.2088 270.9254 14.59199506622138
3.0,GENERATED VIA SPACE-TRACK.ORG API,2025-12-08 11:02:57+00:00,18 SPCS,SENTINEL 1A,2014-016A,EARTH,TEME,UTC,SGP4,2025-12-08 06:12:58.914144+00:00,14.59200089,0.00012469,98.1803,347.5666,89.2628,270.8714,0,U,39634,999,62217,0.00009303867500,0.00000393,0.0000000000000,7073.895,98.684,696.642,694.878,PAYLOAD,LARGE,ESA,2014-04-03,FRGUI,,4918630,304764274,0 SENTINEL 1A,1 39634U 14016A   25342.25901521  .00000393  00000-0  93039-4 0  9991,2 39634  98.1803 347.5666 0001247  89.2628 270.8714 14.59200089622177
3.0,GENERATED VIA SPACE-TRACK.ORG API,2025-12-08 18:20:44+00:00,18 SPCS,SENTINEL 1A,2014-016A,EARTH,TEME,UTC,SGP4,2025-12-08 14:26:41.737344+00:00,14.59200468,0.00012474,98.1803,347.9044,89.3522,270.7821,0,U,39634,999,62222,0.00009471483600,0.00000401,0.0000000000000,7073.894,98.684,696.641,694.876,PAYLOAD,LARGE,ESA,2014-04-03,FRGUI,,4918649,304796187,0 SENTINEL 1A,1 39634U 14016A   25342.60187196  .00000401  00000-0  94715-4 0  9996,2 39634  98.1803 347.9044 0001247  89.3522 270.7821 14.59200468622220
3.0,GENERATED VIA SPACE-TRACK.ORG API,2025-12-09 00:26:23+00:00,18 SPCS,SENTINEL 1A,2014-016A,EARTH,TEME,UTC,SGP4,2025-12-08 21:01:40.029600+00:00,14.59199836,0.00012640,98.1799,348.1741,84.4499,275.6844,0,U,39634,999,62226,0.00005157000000,0.00000197,0.0000000000000,7073.896,98.684,696.655,694.867,PAYLOAD,LARGE,ESA,2014-04-03,FRGUI,,4918993,304821100,0 SENTINEL 1A,1 39634U 14016A   25342.87615775  .00000197  00000-0  51570-4 0  9998,2 39634  98.1799 348.1741 0001264  84.4499 275.6844 14.59199836622268
3.0,GENERATED VIA SPACE-TRACK.ORG API,2025-12-09 05:08:39+00:00,18 SPCS,SENTINEL 1A,2014-016A,EARTH,TEME,UTC,SGP4,2025-12-09 00:19:09.140736+00:00,14.59200018,0.00012436,98.1799,348.3093,84.9052,275.2290,0,U,39634,999,62228,0.00004768613600,0.00000179,0.0000000000000,7073.895,98.684,696.640,694.881,PAYLOAD,LARGE,ESA,2014-04-03,FRGUI,,4919542,304847617,0 SENTINEL 1A,1 39634U 14016A   25343.01330024  .00000179  00000-0  47686-4 0  9999,2 39634  98.1799 348.3093 0001244  84.9052 275.2290 14.59200018622286
3.0,GENERATED VIA SPACE-TRACK.ORG API,2025-12-09 07:56:27+00:00,18 SPCS,SENTINEL 1A,2014-016A,EARTH,TEME,UTC,SGP4,2025-12-09 03:36:38.259648+00:00,14.59200679,0.00012540,98.1799,348.4445,83.9570,276.1773,0,U,39634,999,62230,0.00009137000000,0.00000385,0.0000000000000,7073.893,98.684,696.645,694.871,PAYLOAD,LARGE,ESA,2014-04-03,FRGUI,,4919630,304867792,0 SENTINEL 1A,1 39634U 14016A   25343.15044282  .00000385  00000-0  91370-4 0  9990,2 39634  98.1799 348.4445 0001254  83.9570 276.1773 14.59200679622305
3.0,GENERATED VIA SPACE-TRACK.ORG API,2025-12-09 13:02:25+00:00,18 SPCS,SENTINEL 1A,2014-016A,EARTH,TEME,UTC,SGP4,2025-12-09 06:54:07.380288+00:00,14.59201072,0.00012577,98.1800,348.5797,83.3520,276.7823,0,U,39634,999,62232,0.00011274579000,0.00000486,0.0000000000000,7073.892,98.684,696.646,694.867,PAYLOAD,LARGE,ESA,2014-04-03,FRGUI,,4920375,304898778,0 SENTINEL 1A,1 39634U 14016A   25343.28758542  .00000486  00000-0  11275-3 0  9992,2 39634  98.1800 348.5797 0001258  83.3520 276.7823 14.59201072622324
3.0,GENERATED VIA SPACE-TRACK.ORG API,2025-12-09 15:06:32+00:00,18 SPCS,SENTINEL 1A,2014-016A,EARTH,TEME,UTC,SGP4,2025-12-09 11:50:21.051744+00:00,14.59201485,0.00012570,98.1799,348.7823,83.2662,276.8681,0,U,39634,999,62235,0.00011952000000,0.00000518,0.0000000000000,7073.890,98.684,696.645,694.866,PAYLOAD,LARGE,ESA,2014-04-03,FRGUI,,4920483,304919734,0 SENTINEL 1A,1 39634U 14016A   25343.49329921  .00000518  00000-0  11952-3 0  9998,2 39634  98.1799 348.7823 0001257  83.2662 276.8681 14.59201485622352
3.0,GENERATED VIA SPACE-TRACK.ORG API,2025-12-09 17:41:06+00:00,18 SPCS,SENTINEL 1A,2014-016A,EARTH,TEME,UTC,SGP4,2025-12-09 15:07:50.214720+00:00,14.59200602,0.00012507,98.1800,348.9173,83.6974,276.4368,0,U,39634,999,62237,0.00005974094000,0.00000236,0.0000000000000,7073.893,98.684,696.643,694.874,PAYLOAD,LARGE,ESA,2014-04-03,FRGUI,,4921142,304949084,0 SENTINEL 1A,1 39634U 14016A   25343.63044230  .00000236  00000-0  59741-4 0  9997,2 39634  98.1800 348.9173 0001251  83.6974 276.4368 14.59200602622379
3.0,GENERATED VIA SPACE-TRACK.ORG API,2025-12-09 23:46:21+00:00,18 SPCS,SENTINEL 1A,2014-016A,EARTH,TEME,UTC,SGP4,2025-12-09 20:04:03.935424+00:00,14.59200064,0.00012680,98.1802,349.1200,85.4405,274.6939,0,U,39634,999,62240,0.00002337100000,0.00000064,0.0000000000000,7073.895,98.684,696.657,694.863,PAYLOAD,LARGE,ESA,2014-04-03,FRGUI,,4921268,304970048,0 SENTINEL 1A,1 39634U 14016A   25343.83615666  .00000064  00000-0  23371-4 0  9995,2 39634  98.1802 349.1200 0001268  85.4405 274.6939 14.59200064622402
3.0,GENERATED VIA SPACE-TRACK.ORG API,2025-12-10 07:26:38+00:00,18 SPCS,SENTINEL 1A,2014-016A,EARTH,TEME,UTC,SGP4,2025-12-10 04:17:46.717152+00:00,14.59201121,0.00012660,98.1802,349.4579,84.5266,275.6078,0,U,39634,999,62245,0.00007851200000,0.00000324,0.0000000000000,7073.892,98.684,696.652,694.861,PAYLOAD,LARGE,ESA,2014-04-03,FRGUI,,4921916,304984901,0 SENTINEL 1A,1 39634U 14016A   25344.17901293  .00000324  00000-0  78512-4 0  9993,2 39634  98.1802 349.4579 0001266  84.5266 275.6078 14.59201121622452
3.0,GENERATED VIA SPACE-TRACK.ORG API,2025-12-10 10:40:49+00:00,18 SPCS,SENTINEL 1A,2014-016A,EARTH,TEME,UTC,SGP4,2025-12-10 07:35:15.837792+00:00,14.59201338,0.00012677,98.1802,349.5930,83.8943,276.2401,0,U,39634,999,62247,0.00008669220700,0.00000363,0.0000000000000,7073.891,98.684,696.653,694.859,PAYLOAD,LARGE,ESA,2014-04-03,FRGUI,,4922494,305012945,0 SENTINEL 1A,1 39634U 14016A   25344.31615553  .00000363  00000-0  86692-4 0  9991,2 39634  98.1802 349.5930 0001268  83.8943 276.2401 14.59201338622479
3.0,GENERATED VIA SPACE-TRACK.ORG API,2025-12-10 15:06:33+00:00,18 SPCS,SENTINEL 1A,2014-016A,EARTH,TEME,UTC,SGP4,2025-12-10 10:52:44.967072+00:00,14.59201222,0.00012810,98.1803,349.7282,82.9542,277.1803,0,U,39634,999,62249,0.00006839900000,0.00000277,0.0000000000000,7073.891,98.684,696.663,694.850,PAYLOAD,LARGE,ESA,2014-04-03,FRGUI,,4922622,305034049,0 SENTINEL 1A,1 39634U 14016A   25344.45329823  .00000277  00000-0  68399-4 0  9996,2 39634  98.1803 349.7282 0001281  82.9542 277.1803 14.59201222622492
3.0,GENERATED VIA SPACE-TRACK.ORG API,2025-12-10 19:58:43+00:00,18 SPCS,SENTINEL 1A,2014-016A,EARTH,TEME,UTC,SGP4,2025-12-10 12:31:29.554176+00:00,14.59200789,0.00012779,98.1803,349.7957,82.8356,277.2989,0,U,39634,999,62250,0.00004430408300,0.00000163,0.0000000000000,7073.893,98.684,696.662,694.854,PAYLOAD,LARGE,ESA,2014-04-03,FRGUI,,4923342,305064498,0 SENTINEL 1A,1 39634U 14016A   25344.52186984  .00000163  00000-0  44304-4 0  9997,2 39634  98.1803 349.7957 0001278  82.8356 277.2989 14.59200789622504
3.0,GENERATED VIA SPACE-TRACK.ORG API,2025-12-10 22:36:29+00:00,18 SPCS,SENTINEL 1A,2014-016A,EARTH,TEME,UTC,SGP4,2025-12-10 12:31:29.553312+00:00,14.59200789,0.00012780,98.1803,349.7957,82.8356,277.2988,0,U,39634,999,62250,0.00004430400000,0.00000163,0.0000000000000,7073.893,98.684,696.662,694.854,PAYLOAD,LARGE,ESA,2014-04-03,FRGUI,,4923453,305084510,0 SENTINEL 1A,1 39634U 14016A   25344.52186983  .00000163  00000-0  44304-4 0  9996,2 39634  98.1803 349.7957 0001278  82.8356 277.2988 14.59200789622503
3.0,GENERATED VIA SPACE-TRACK.ORG API,2025-12-11 03:54:24+00:00,18 SPCS,SENTINEL 1A,2014-016A,EARTH,TEME,UTC,SGP4,2025-12-11 00:02:41.587872+00:00,14.59198454,0.00012405,98.1804,350.2684,84.5386,275.5955,0,U,39634,999,62257,-0.00005567195800,-0.00000308,0.0000000000000,7073.900,98.684,696.643,694.888,PAYLOAD,LARGE,ESA,2014-04-03,FRGUI,,4924027,305112162,0 SENTINEL 1A,1 39634U 14016A   25345.00187023 -.00000308  00000-0 -55672-4 0  9999,2 39634  98.1804 350.2684 0001241  84.5386 275.5955 14.59198454622577
3.0,GENERATED VIA SPACE-TRACK.ORG API,2025-12-11 07:36:32+00:00,18 SPCS,SENTINEL 1A,2014-016A,EARTH,TEME,UTC,SGP4,2025-12-11 03:20:10.723200+00:00,14.59198678,0.00012370,98.1804,350.4037,83.9473,276.1867,0,U,39634,999,62259,-0.00001989000000,-0.00000140,0.0000000000000,7073.900,98.684,696.640,694.890,PAYLOAD,LARGE,ESA,2014-04-03,FRGUI,,4924156,305133130,0 SENTINEL 1A,1 39634U 14016A   25345.13901300 -.00000140  00000-0 -19890-4 0  9991,2 39634  98.1804 350.4037 0001237  83.9473 276.1867 14.59198678622595
3.0,GENERATED VIA SPACE-TRACK.ORG API,2025-12-11 10:54:47+00:00,18 SPCS,SENTINEL 1A,2014-016A,EARTH,TEME,UTC,SGP4,2025-12-11 04:58:55.286976+00:00,14.59199001,0.00012449,98.1804,350.4713,83.8227,276.3115,0,U,39634,999,62260,0.00001007976000,0.00000002,0.0000000000000,7073.899,98.684,696.644,694.883,PAYLOAD,LARGE,ESA,2014-04-03,FRGUI,,4924811,305163057,0 SENTINEL 1A,1 39634U 14016A   25345.20758434  .00000002  00000-0  10080-4 0  9994,2 39634  98.1804 350.4713 0001245  83.8227 276.3115 14.59199001622602
3.0,GENERATED VIA SPACE-TRACK.ORG API,2025-12-11 19:14:58+00:00,18 SPCS,SENTINEL 1A,2014-016A,EARTH,TEME,UTC,SGP4,2025-12-11 14:51:22.688640+00:00,14.59199865,0.00012453,98.1804,350.8767,82.4355,277.6986,0,U,39634,999,62266,0.00007911750500,0.00000327,0.0000000000000,7073.896,98.684,696.642,694.880,PAYLOAD,LARGE,ESA,2014-04-03,FRGUI,,4924847,305194641,0 SENTINEL 1A,1 39634U 14016A   25345.61901260  .00000327  00000-0  79118-4 0  9993,2 39634  98.1804 350.8767 0001245  82.4355 277.6986 14.59199865622666
3.0,GENERATED VIA SPACE-TRACK.ORG API,2025-12-12 03:16:50+00:00,18 SPCS,SENTINEL 1A,2014-016A,EARTH,TEME,UTC,SGP4,2025-12-12 00:43:50.072160+00:00,14.59200377,0.00012303,98.1806,351.2819,83.7804,276.3535,0,U,39634,999,62272,0.00009419430400,0.00000398,0.0000000000000,7073.894,98.684,696.629,694.889,PAYLOAD,LARGE,ESA,2014-04-03,FRGUI,,4924904,305226364,0 SENTINEL 1A,1 39634U 14016A   25346.03044065  .00000398  00000-0  94194-4 0  9990,2 39634  98.1806 351.2819 0001230  83.7804 276.3535 14.59200377622722
3.0,GENERATED VIA SPACE-TRACK.ORG API,2025-12-12 07:16:33+00:00,18 SPCS,SENTINEL 1A,2014-016A,EARTH,TEME,UTC,SGP4,2025-12-12 04:01:19.216128+00:00,14.59200145,0.00012280,98.1805,351.4171,83.7781,276.3559,0,U,39634,999,62274,0.00007602300000,0.00000313,0.0000000000000,7073.895,98.684,696.629,694.891,PAYLOAD,LARGE,ESA,2014-04-03,FRGUI,,4925041,305247016,0 SENTINEL 1A,1 39634U 14016A   25346.16758352  .00000313  00000-0  76023-4 0  9993,2 39634  98.1805 351.4171 0001228  83.7781 276.3559 14.59200145622746
3.0,GENERATED VIA SPACE-TRACK.ORG API,2025-12-12 10:14:36+00:00,18 SPCS,SENTINEL 1A,2014-016A,EARTH,TEME,UTC,SGP4,2025-12-12 07:18:48.342816+00:00,14.59200248,0.00012343,98.1805,351.5522,84.2396,275.8945,0,U,39634,999,62276,0.00007205405300,0.00000294,0.0000000000000,7073.894,98.684,696.633,694.886,PAYLOAD,LARGE,ESA,2014-04-03,FRGUI,,4925670,305276743,0 SENTINEL 1A,1 39634U 14016A   25346.30472619  .00000294  00000-0  72054-4 0  9996,2 39634  98.1805 351.5522 0001234  84.2396 275.8945 14.59200248622761
3.0,GENERATED VIA SPACE-TRACK.ORG API,2025-12-13 04:32:25+00:00,18 SPCS,SENTINEL 1A,2014-016A,EARTH,TEME,UTC,SGP4,2025-12-12 23:46:13.965024+00:00,14.59201274,0.00012456,98.1807,352.2281,83.4741,276.6600,0,U,39634,999,62286,0.00010505557000,0.00000450,0.0000000000000,7073.891,98.684,696.637,694.875,PAYLOAD,LARGE,ESA,2014-04-03,FRGUI,,4925723,305308342,0 SENTINEL 1A,1 39634U 14016A   25346.99043941  .00000450  00000-0  10506-3 0  9990,2 39634  98.1807 352.2281 0001246  83.4741 276.6600 14.59201274622869
3.0,GENERATED VIA SPACE-TRACK.ORG API,2025-12-13 17:47:00+00:00,18 SPCS,SENTINEL 1A,2014-016A,EARTH,TEME,UTC,SGP4,2025-12-13 06:21:12.206304+00:00,14.59201434,0.00012493,98.1807,352.4982,83.6671,276.4671,0,U,39634,999,62290,0.00009486097600,0.00000401,0.0000000000000,7073.891,98.684,696.639,694.872,PAYLOAD,LARGE,ESA,2014-04-03,FRGUI,,4925758,305340920,0 SENTINEL 1A,1 39634U 14016A   25347.26472461  .00000401  00000-0  94861-4 0  9997,2 39634  98.1807 352.4982 0001249  83.6671 276.4671 14.59201434622905
3.0,GENERATED VIA SPACE-TRACK.ORG API,2025-12-14 03:07:11+00:00,18 SPCS,SENTINEL 1A,2014-016A,EARTH,TEME,UTC,SGP4,2025-12-13 16:13:39.620928+00:00,14.59200755,0.00012496,98.1808,352.9037,83.6350,276.4992,0,U,39634,999,62296,0.00004817449900,0.00000181,0.0000000000000,7073.893,98.684,696.642,694.874,PAYLOAD,LARGE,ESA,2014-04-03,FRGUI,,4925770,305372196,0 SENTINEL 1A,1 39634U 14016A   25347.67615302  .00000181  00000-0  48174-4 0  9996,2 39634  98.1808 352.9037 0001250  83.6350 276.4992 14.59200755622965
3.0,GENERATED VIA SPACE-TRACK.ORG API,2025-12-14 11:30:26+00:00,18 SPCS,SENTINEL 1A,2014-016A,EARTH,TEME,UTC,SGP4,2025-12-14 00:27:22.491648+00:00,14.59197931,0.00012296,98.1807,353.2418,84.8832,275.2508,0,U,39634,999,62301,-0.00045384247000,-0.00002184,0.0000000000000,7073.902,98.684,696.637,694.897,PAYLOAD,LARGE,ESA,2014-04-03,FRGUI,,4925779,305403922,0 SENTINEL 1A,1 39634U 14016A   25348.01901032 -.00002184  00000-0 -45384-3 0  9999,2 39634  98.1807 353.2418 0001230  84.8832 275.2508 14.59197931623015
3.0,GENERATED VIA SPACE-TRACK.ORG API,2025-12-14 18:24:38+00:00,18 SPCS,SENTINEL 1A,2014-016A,EARTH,TEME,UTC,SGP4,2025-12-14 07:02:20.745024+00:00,14.59199634,0.00012386,98.1807,353.5120,85.5781,274.5560,0,U,39634,999,62305,0.00001643647200,0.00000032,0.0000000000000,7073.896,98.684,696.638,694.885,PAYLOAD,LARGE,ESA,2014-04-03,FRGUI,,4925820,305436005,0 SENTINEL 1A,1 39634U 14016A   25348.29329566  .00000032  00000-0  16436-4 0  9990,2 39634  98.1807 353.5120 0001239  85.5781 274.5560 14.59199634623054
3.0,GENERATED VIA SPACE-TRACK.ORG API,2025-12-15 04:20:25+00:00,18 SPCS,SENTINEL 1A,2014-016A,EARTH,TEME,UTC,SGP4,2025-12-14 23:29:46.413888+00:00,14.59200486,0.00012469,98.1808,354.1877,85.4109,274.7233,0,U,39634,999,62315,0.00011252245000,0.00000485,0.0000000000000,7073.894,98.684,696.641,694.877,PAYLOAD,LARGE,ESA,2014-04-03,FRGUI,,4925847,305468295,0 SENTINEL 1A,1 39634U 14016A   25348.97900942  .00000485  00000-0  11252-3 0  9990,2 39634  98.1808 354.1877 0001247  85.4109 274.7233 14.59200486623151
3.0,GENERATED VIA SPACE-TRACK.ORG API,2025-12-15 20:47:01+00:00,18 SPCS,SENTINEL 1A,2014-016A,EARTH,TEME,UTC,SGP4,2025-12-15 07:43:29.237952+00:00,14.59200420,0.00012473,98.1807,354.5256,84.5570,275.5772,0,U,39634,999,62320,0.00007402627900,0.00000303,0.0000000000000,7073.894,98.684,696.641,694.877,PAYLOAD,LARGE,ESA,2014-04-03,FRGUI,,4925932,305500422,0 SENTINEL 1A,1 39634U 14016A   25349.32186618  .00000303  00000-0  74026-4 0  9994,2 39634  98.1807 354.5256 0001247  84.5570 275.5772 14.59200420623208
3.0,GENERATED VIA SPACE-TRACK.ORG API,2025-12-16 02:19:10+00:00,18 SPCS,SENTINEL 1A,2014-016A,EARTH,TEME,UTC,SGP4,2025-12-16 00:10:54.869664+00:00,14.59200984,0.00012424,98.1807,355.2011,83.7808,276.3534,0,U,39634,999,62330,0.00007748999600,0.00000320,0.0000000000000,7073.892,98.684,696.636,694.878,PAYLOAD,LARGE,ESA,2014-04-03,FRGUI,,4925951,305531706,0 SENTINEL 1A,1 39634U 14016A   25350.00757951  .00000320  00000-0  77490-4 0  9992,2 39634  98.1807 355.2011 0001242  83.7808 276.3534 14.59200984623306
3.0,GENERATED VIA SPACE-TRACK.ORG API,2025-12-16 18:50:54+00:00,18 SPCS,SENTINEL 1A,2014-016A,EARTH,TEME,UTC,SGP4,2025-12-16 06:45:53.125632+00:00,14.59200928,0.00012495,98.1806,355.4715,83.7447,276.3895,0,U,39634,999,62334,0.00005943478400,0.00000234,0.0000000000000,7073.892,98.684,696.641,694.873,PAYLOAD,LARGE,ESA,2014-04-03,FRGUI,,4926060,305563851,0 SENTINEL 1A,1 39634U 14016A   25350.28186488  .00000234  00000-0  59435-4 0  9996,2 39634  98.1806 355.4715 0001249  83.7447 276.3895 14.59200928623346
3.0,GENERATED VIA SPACE-TRACK.ORG API,2025-12-17 02:25:03+00:00,18 SPCS,SENTINEL 1A,2014-016A,EARTH,TEME,UTC,SGP4,2025-12-16 23:13:18.777216+00:00,14.59200866,0.00012389,98.1804,356.1471,82.4430,277.6911,0,U,39634,999,62344,0.00004373429900,0.00000160,0.0000000000000,7073.892,98.684,696.634,694.881,PAYLOAD,LARGE,ESA,2014-04-03,FRGUI,,4926108,305596154,0 SENTINEL 1A,1 39634U 14016A   25350.96757844  .00000160  00000-0  43734-4 0  9994,2 39634  98.1804 356.1471 0001239  82.4430 277.6911 14.59200866623443
3.0,GENERATED VIA SPACE-TRACK.ORG API,2025-12-17 11:34:26+00:00,18 SPCS,SENTINEL 1A,2014-016A,EARTH,TEME,UTC,SGP4,2025-12-17 07:27:01.591776+00:00,14.59200899,0.00012324,98.1802,356.4848,82.5107,277.6233,0,U,39634,999,62349,0.00003585551500,0.00000123,0.0000000000000,7073.892,98.684,696.629,694.886,PAYLOAD,LARGE,ESA,2014-04-03,FRGUI,,4926125,305627910,0 SENTINEL 1A,1 39634U 14016A   25351.31043509  .00000123  00000-0  35856-4 0  9995,2 39634  98.1802 356.4848 0001232  82.5107 277.6233 14.59200899623495
3.0,GENERATED VIA SPACE-TRACK.ORG API,2025-12-17 19:48:56+00:00,18 SPCS,SENTINEL 1A,2014-016A,EARTH,TEME,UTC,SGP4,2025-12-17 14:01:59.838240+00:00,14.59201092,0.00012428,98.1802,356.7551,82.4898,277.6443,0,U,39634,999,62353,0.00004237306000,0.00000154,0.0000000000000,7073.892,98.684,696.636,694.878,PAYLOAD,LARGE,ESA,2014-04-03,FRGUI,,4926206,305659553,0 SENTINEL 1A,1 39634U 14016A   25351.58472035  .00000154  00000-0  42373-4 0  9990,2 39634  98.1802 356.7551 0001243  82.4898 277.6443 14.59201092623531
3.0,GENERATED VIA SPACE-TRACK.ORG API,2025-12-18 02:19:01+00:00,18 SPCS,SENTINEL 1A,2014-016A,EARTH,TEME,UTC,SGP4,2025-12-17 23:54:27.190656+00:00,14.59201383,0.00012346,98.1801,357.1605,82.0832,278.0508,0,U,39634,999,62359,0.00004456039800,0.00000164,0.0000000000000,7073.891,98.684,696.629,694.883,PAYLOAD,LARGE,ESA,2014-04-03,FRGUI,,4926279,305691906,0 SENTINEL 1A,1 39634U 14016A   25351.99614804  .00000164  00000-0  44560-4 0  9998,2 39634  98.1801 357.1605 0001235  82.0832 278.0508 14.59201383623596
3.0,GENERATED VIA SPACE-TRACK.ORG API,2025-12-18 11:20:39+00:00,18 SPCS,SENTINEL 1A,2014-016A,EARTH,TEME,UTC,SGP4,2025-12-18 06:29:25.419840+00:00,14.59201636,0.00012325,98.1800,357.4308,82.3455,277.7885,0,U,39634,999,62363,0.00004929818900,0.00000187,0.0000000000000,7073.890,98.684,696.627,694.883,PAYLOAD,LARGE,ESA,2014-04-03,FRGUI,,4926320,305723249,0 SENTINEL 1A,1 39634U 14016A   25352.27043310  .00000187  00000-0  49298-4 0  9996,2 39634  98.1800 357.4308 0001233  82.3455 277.7885 14.59201636623630
3.0,GENERATED VIA SPACE-TRACK.ORG API,2025-12-18 20:02:43+00:00,18 SPCS,SENTINEL 1A,2014-016A,EARTH,TEME,UTC,SGP4,2025-12-18 14:43:08.220576+00:00,14.59201653,0.00012367,98.1799,357.7684,81.6197,278.5143,0,U,39634,999,62368,0.00004040018900,0.00000145,0.0000000000000,7073.890,98.684,696.630,694.880,PAYLOAD,LARGE,ESA,2014-04-03,FRGUI,,4926399,305755457,0 SENTINEL 1A,1 39634U 14016A   25352.61328959  .00000145  00000-0  40400-4 0  9999,2 39634  98.1799 357.7684 0001237  81.6197 278.5143 14.59201653623686
3.0,GENERATED VIA SPACE-TRACK.ORG API,2025-12-19 02:08:39+00:00,18 SPCS,SENTINEL 1A,2014-016A,EARTH,TEME,UTC,SGP4,2025-12-18 22:56:51.022176+00:00,14.59201776,0.00012291,98.1798,358.1061,82.7076,277.4264,0,U,39634,999,62373,0.00004440823200,0.00000164,0.0000000000000,7073.890,98.684,696.624,694.885,PAYLOAD,LARGE,ESA,2014-04-03,FRGUI,,4926467,305787877,0 SENTINEL 1A,1 39634U 14016A   25352.95614609  .00000164  00000-0  44408-4 0  9999,2 39634  98.1798 358.1061 0001229  82.7076 277.4264 14.59201776623732
3.0,GENERATED VIA SPACE-TRACK.ORG API,2025-12-19 10:18:47+00:00,18 SPCS,SENTINEL 1A,2014-016A,EARTH,TEME,UTC,SGP4,2025-12-19 05:31:49.258272+00:00,14.59201828,0.00012236,98.1796,358.3764,82.5905,277.5434,0,U,39634,999,62377,0.00003851824100,0.00000136,0.0000000000000,7073.889,98.684,696.620,694.889,PAYLOAD,LARGE,ESA,2014-04-03,FRGUI,,4926531,305819862,0 SENTINEL 1A,1 39634U 14016A   25353.23043123  .00000136  00000-0  38518-4 0  9992,2 39634  98.1796 358.3764 0001224  82.5905 277.5434 14.59201828623778
3.0,GENERATED VIA SPACE-TRACK.ORG API,2025-12-19 20:07:10+00:00,18 SPCS,SENTINEL 1A,2014-016A,EARTH,TEME,UTC,SGP4,2025-12-19 13:45:32.047776+00:00,14.59202181,0.00012494,98.1795,358.7141,83.0886,277.0456,0,U,39634,999,62382,0.00005578315600,0.00000217,0.0000000000000,7073.888,98.684,696.637,694.869,PAYLOAD,LARGE,ESA,2014-04-03,FRGUI,,4926555,305851671,0 SENTINEL 1A,1 39634U 14016A   25353.57328759  .00000217  00000-0  55783-4 0  9993,2 39634  98.1795 358.7141 0001249  83.0886 277.0456 14.59202181623829
3.0,GENERATED VIA SPACE-TRACK.ORG API,2025-12-19 21:06:41+00:00,18 SPCS,SENTINEL 1A,2014-016A,EARTH,TEME,UTC,SGP4,2025-12-19 18:41:45.766752+00:00,14.59201220,0.00012680,98.1795,358.9167,84.2020,275.9324,0,U,39634,999,62385,-0.00000460980000,-0.00000067,0.0000000000000,7073.891,98.684,696.653,694.859,PAYLOAD,LARGE,ESA,2014-04-03,FRGUI,,4926657,305872912,0 SENTINEL 1A,1 39634U 14016A   25353.77900193 -.00000067  00000-0 -46098-5 0  9998,2 39634  98.1795 358.9167 0001268  84.2020 275.9324 14.59201220623850
3.0,GENERATED VIA SPACE-TRACK.ORG API,2025-12-19 23:16:33+00:00,18 SPCS,SENTINEL 1A,2014-016A,EARTH,TEME,UTC,SGP4,2025-12-19 20:20:30.317568+00:00,14.59201336,0.00012710,98.1796,358.9842,84.8287,275.3057,0,U,39634,999,62386,-0.00000059089000,-0.00000049,0.0000000000000,7073.891,98.684,696.655,694.857,PAYLOAD,LARGE,ESA,2014-04-03,FRGUI,,4927507,305893167,0 SENTINEL 1A,1 39634U 14016A   25353.84757312 -.00000049  00000-0 -59089-6 0  9994,2 39634  98.1796 358.9842 0001271  84.8287 275.3057 14.59201336623862
3.0,GENERATED VIA SPACE-TRACK.ORG API,2025-12-20 03:40:46+00:00,18 SPCS,SENTINEL 1A,2014-016A,EARTH,TEME,UTC,SGP4,2025-12-19 23:37:59.408832+00:00,14.59201682,0.00012543,98.1796,359.1193,85.4707,274.6636,0,U,39634,999,62388,0.00000969888900,0.00000000,0.0000000000000,7073.890,98.684,696.642,694.868,PAYLOAD,LARGE,ESA,2014-04-03,FRGUI,,4927604,305909613,0 SENTINEL 1A,1 39634U 14016A   25353.98471538  .00000000  00000-0  96989-5 0  9996,2 39634  98.1796 359.1193 0001254  85.4707 274.6636 14.59201682623880
3.0,GENERATED VIA SPACE-TRACK.ORG API,2025-12-20 07:46:41+00:00,18 SPCS,SENTINEL 1A,2014-016A,EARTH,TEME,UTC,SGP4,2025-12-20 04:34:13.065600+00:00,14.59202165,0.00012770,98.1795,359.3222,85.5643,274.5702,0,U,39634,999,62391,0.00003744400000,0.00000131,0.0000000000000,7073.888,98.684,696.657,694.850,PAYLOAD,LARGE,ESA,2014-04-03,FRGUI,,4927721,305930457,0 SENTINEL 1A,1 39634U 14016A   25354.19042900  .00000131  00000-0  37444-4 0  9992,2 39634  98.1795 359.3222 0001277  85.5643 274.5702 14.59202165623913
3.0,GENERATED VIA SPACE-TRACK.ORG API,2025-12-20 11:53:06+00:00,18 SPCS,SENTINEL 1A,2014-016A,EARTH,TEME,UTC,SGP4,2025-12-20 06:12:57.621600+00:00,14.59202385,0.00012809,98.1795,359.3897,84.9568,275.1778,0,U,39634,999,62392,0.00005002798900,0.00000190,0.0000000000000,7073.888,98.684,696.659,694.847,PAYLOAD,LARGE,ESA,2014-04-03,FRGUI,,4928347,305959318,0 SENTINEL 1A,1 39634U 14016A   25354.25900025  .00000190  00000-0  50028-4 0  9998,2 39634  98.1795 359.3897 0001281  84.9568 275.1778 14.59202385623920
3.0,GENERATED VIA SPACE-TRACK.ORG API,2025-12-20 14:26:40+00:00,18 SPCS,SENTINEL 1A,2014-016A,EARTH,TEME,UTC,SGP4,2025-12-20 12:47:55.850784+00:00,14.59202545,0.00012790,98.1795,359.6597,83.3049,276.8297,0,U,39634,999,62396,0.00005175600000,0.00000198,0.0000000000000,7073.887,98.684,696.657,694.847,PAYLOAD,LARGE,ESA,2014-04-03,FRGUI,,4928437,305979935,0 SENTINEL 1A,1 39634U 14016A   25354.53328531  .00000198  00000-0  51756-4 0  9992,2 39634  98.1795 359.6597 0001279  83.3049 276.8297 14.59202545623960
3.0,GENERATED VIA SPACE-TRACK.ORG API,2025-12-20 17:42:43+00:00,18 SPCS,SENTINEL 1A,2014-016A,EARTH,TEME,UTC,SGP4,2025-12-20 14:26:40.415424+00:00,14.59202388,0.00012750,98.1795,359.7272,83.5078,276.6267,0,U,39634,999,62397,0.00004128801300,0.00000149,0.0000000000000,7073.888,98.684,696.654,694.851,PAYLOAD,LARGE,ESA,2014-04-03,FRGUI,,4928986,306006396,0 SENTINEL 1A,1 39634U 14016A   25354.60185666  .00000149  00000-0  41288-4 0  9995,2 39634  98.1795 359.7272 0001275  83.5078 276.6267 14.59202388623972
3.0,GENERATED VIA SPACE-TRACK.ORG API,2025-12-20 19:06:29+00:00,18 SPCS,SENTINEL 1A,2014-016A,EARTH,TEME,UTC,SGP4,2025-12-20 16:05:25.017216+00:00,14.59201398,0.00012580,98.1800,359.7950,88.4646,271.6698,0,U,39634,999,62398,0.00001884800000,0.00000043,0.0000000000000,7073.891,98.684,696.646,694.866,PAYLOAD,LARGE,ESA,2014-04-03,FRGUI,,4928989,306024803,0 SENTINEL 1A,1 39634U 14016A   25354.67042844  .00000043  00000-0  18848-4 0  9991,2 39634  98.1800 359.7950 0001258  88.4646 271.6698 14.59201398623982
3.0,GENERATED VIA SPACE-TRACK.ORG API,2025-12-20 23:56:23+00:00,18 SPCS,SENTINEL 1A,2014-016A,EARTH,TEME,UTC,SGP4,2025-12-20 21:01:38.741376+00:00,14.59200275,0.00012790,98.1795,359.9973,86.2996,273.8350,0,U,39634,999,62401,0.00000954960000,-0.00000001,0.0000000000000,7073.894,98.684,696.664,694.855,PAYLOAD,LARGE,ESA,2014-04-03,FRGUI,,4929123,306028088,0 SENTINEL 1A,1 39634U 14016A   25354.87614284 -.00000001  00000-0  95496-5 0  9996,2 39634  98.1795 359.9973 0001279  86.2996 273.8350 14.59200275624016
3.0,GENERATED VIA SPACE-TRACK.ORG API,2025-12-21 03:42:25+00:00,18 SPCS,SENTINEL 1A,2014-016A,EARTH,TEME,UTC,SGP4,2025-12-20 22:40:23.293920+00:00,14.59200345,0.00012610,98.1795,0.0648,86.3368,273.7976,0,U,39634,999,62402,0.00001067503900,0.00000005,0.0000000000000,7073.894,98.684,696.651,694.867,PAYLOAD,LARGE,ESA,2014-04-03,FRGUI,,4929614,306053991,0 SENTINEL 1A,1 39634U 14016A   25354.94471405  .00000005  00000-0  10675-4 0  9998,2 39634  98.1795   0.0648 0001261  86.3368 273.7976 14.59200345624026
3.0,GENERATED VIA SPACE-TRACK.ORG API,2025-12-21 07:06:41+00:00,18 SPCS,SENTINEL 1A,2014-016A,EARTH,TEME,UTC,SGP4,2025-12-21 03:36:36.967104+00:00,14.59201040,0.00012730,98.1795,0.2677,86.2215,273.9131,0,U,39634,999,62405,0.00007585500000,0.00000312,0.0000000000000,7073.892,98.684,696.657,694.856,PAYLOAD,LARGE,ESA,2014-04-03,FRGUI,,4929695,306073417,0 SENTINEL 1A,1 39634U 14016A   25355.15042786  .00000312  00000-0  75855-4 0  9990,2 39634  98.1795   0.2677 0001273  86.2215 273.9131 14.59201040624054
3.0,GENERATED VIA SPACE-TRACK.ORG API,2025-12-21 13:38:25+00:00,18 SPCS,SENTINEL 1A,2014-016A,EARTH,TEME,UTC,SGP4,2025-12-21 06:54:06.092928+00:00,14.59201169,0.00012776,98.1795,0.4028,84.9278,275.2067,0,U,39634,999,62407,0.00004701909100,0.00000176,0.0000000000000,7073.892,98.684,696.660,694.853,PAYLOAD,LARGE,ESA,2014-04-03,FRGUI,,4930336,306102895,0 SENTINEL 1A,1 39634U 14016A   25355.28757052  .00000176  00000-0  47019-4 0  9992,2 39634  98.1795   0.4028 0001278  84.9278 275.2067 14.59201169624072
3.0,GENERATED VIA SPACE-TRACK.ORG API,2025-12-21 14:36:43+00:00,18 SPCS,SENTINEL 1A,2014-016A,EARTH,TEME,UTC,SGP4,2025-12-21 13:29:04.341984+00:00,14.59201090,0.00012760,98.1794,0.6727,84.8360,275.2985,0,U,39634,999,62411,0.00002786500000,0.00000086,0.0000000000000,7073.892,98.684,696.659,694.854,PAYLOAD,LARGE,ESA,2014-04-03,FRGUI,,4930441,306123995,0 SENTINEL 1A,1 39634U 14016A   25355.56185581  .00000086  00000-0  27865-4 0  9992,2 39634  98.1794   0.6727 0001276  84.8360 275.2985 14.59201090624115
3.0,GENERATED VIA SPACE-TRACK.ORG API,2025-12-21 17:17:06+00:00,18 SPCS,SENTINEL 1A,2014-016A,EARTH,TEME,UTC,SGP4,2025-12-21 15:07:48.928224+00:00,14.59200600,0.00012668,98.1794,0.7402,84.6815,275.4529,0,U,39634,999,62412,-0.00000064556800,-0.00000049,0.0000000000000,7073.893,98.684,696.654,694.862,PAYLOAD,LARGE,ESA,2014-04-03,FRGUI,,4931043,306152375,0 SENTINEL 1A,1 39634U 14016A   25355.63042741 -.00000049  00000-0 -64557-6 0  9992,2 39634  98.1794   0.7402 0001267  84.6815 275.4529 14.59200600624122
3.0,GENERATED VIA SPACE-TRACK.ORG API,2025-12-21 23:56:47+00:00,18 SPCS,SENTINEL 1A,2014-016A,EARTH,TEME,UTC,SGP4,2025-12-21 20:04:02.639424+00:00,14.59200109,0.00012800,98.1795,0.9429,85.7395,274.3951,0,U,39634,999,62415,-0.00003056500000,-0.00000190,0.0000000000000,7073.895,98.684,696.665,694.854,PAYLOAD,LARGE,ESA,2014-04-03,FRGUI,,4931158,306174203,0 SENTINEL 1A,1 39634U 14016A   25355.83614166 -.00000190  00000-0 -30565-4 0  9997,2 39634  98.1795   0.9429 0001280  85.7395 274.3951 14.59200109624158
3.0,GENERATED VIA SPACE-TRACK.ORG API,2025-12-22 07:26:20+00:00,18 SPCS,SENTINEL 1A,2014-016A,EARTH,TEME,UTC,SGP4,2025-12-22 04:17:45.422880+00:00,14.59200810,0.00012670,98.1795,1.2809,85.2500,274.8844,0,U,39634,999,62420,0.00000491930000,-0.00000023,0.0000000000000,7073.893,98.684,696.654,694.861,PAYLOAD,LARGE,ESA,2014-04-03,FRGUI,,4931862,306191039,0 SENTINEL 1A,1 39634U 14016A   25356.17899795 -.00000023  00000-0  49193-5 0  9990,2 39634  98.1795   1.2809 0001267  85.2500 274.8844 14.59200810624203
3.0,GENERATED VIA SPACE-TRACK.ORG API,2025-12-22 10:45:50+00:00,18 SPCS,SENTINEL 1A,2014-016A,EARTH,TEME,UTC,SGP4,2025-12-22 05:56:29.984064+00:00,14.59200923,0.00012748,98.1795,1.3485,84.9894,275.1451,0,U,39634,999,62421,0.00001329779900,0.00000017,0.0000000000000,7073.892,98.684,696.659,694.856,PAYLOAD,LARGE,ESA,2014-04-03,FRGUI,,4932384,306217036,0 SENTINEL 1A,1 39634U 14016A   25356.24756926  .00000017  00000-0  13298-4 0  9994,2 39634  98.1795   1.3485 0001275  84.9894 275.1451 14.59200923624219
3.0,GENERATED VIA SPACE-TRACK.ORG API,2025-12-22 18:34:21+00:00,18 SPCS,SENTINEL 1A,2014-016A,EARTH,TEME,UTC,SGP4,2025-12-22 14:10:12.815904+00:00,14.59200468,0.00012863,98.1795,1.6860,83.7774,276.3572,0,U,39634,999,62426,-0.00002343375100,-0.00000156,0.0000000000000,7073.894,98.684,696.669,694.849,PAYLOAD,LARGE,ESA,2014-04-03,FRGUI,,4932419,306248876,0 SENTINEL 1A,1 39634U 14016A   25356.59042611 -.00000156  00000-0 -23434-4 0  9990,2 39634  98.1795   1.6860 0001286  83.7774 276.3572 14.59200468624261
3.0,GENERATED VIA SPACE-TRACK.ORG API,2025-12-22 22:47:49+00:00,18 SPCS,SENTINEL 1A,2014-016A,EARTH,TEME,UTC,SGP4,2025-12-22 20:45:11.077920+00:00,14.59200208,0.00012860,98.1795,1.9561,84.3544,275.7803,0,U,39634,999,62430,-0.00003906900000,-0.00000230,0.0000000000000,7073.895,98.684,696.669,694.850,PAYLOAD,LARGE,ESA,2014-04-03,FRGUI,,4932536,306270441,0 SENTINEL 1A,1 39634U 14016A   25356.86471155 -.00000230  00000-0 -39069-4 0  9993,2 39634  98.1795   1.9561 0001286  84.3544 275.7803 14.59200208624301
3.0,GENERATED VIA SPACE-TRACK.ORG API,2025-12-23 02:54:50+00:00,18 SPCS,SENTINEL 1A,2014-016A,EARTH,TEME,UTC,SGP4,2025-12-23 00:02:40.170048+00:00,14.59200500,0.00012610,98.1796,2.0912,84.5520,275.5824,0,U,39634,999,62432,-0.00003427380100,-0.00000207,0.0000000000000,7073.894,98.684,696.651,694.867,PAYLOAD,LARGE,ESA,2014-04-03,FRGUI,,4932761,306289453,0 SENTINEL 1A,1 39634U 14016A   25357.00185382 -.00000207  00000-0 -34274-4 0  9991,2 39634  98.1796   2.0912 0001261  84.5520 275.5824 14.59200500624321
3.0,GENERATED VIA SPACE-TRACK.ORG API,2025-12-23 09:46:18+00:00,18 SPCS,SENTINEL 1A,2014-016A,EARTH,TEME,UTC,SGP4,2025-12-23 03:20:09.269952+00:00,14.59201145,0.00012680,98.1796,2.2265,84.1477,275.9867,0,U,39634,999,62434,0.00000566840000,-0.00000019,0.0000000000000,7073.892,98.684,696.654,694.860,PAYLOAD,LARGE,ESA,2014-04-03,FRGUI,,4932882,306310139,0 SENTINEL 1A,1 39634U 14016A   25357.13899618 -.00000019  00000-0  56684-5 0  9999,2 39634  98.1796   2.2265 0001268  84.1477 275.9867 14.59201145624347
3.0,GENERATED VIA SPACE-TRACK.ORG API,2025-12-23 10:48:59+00:00,18 SPCS,SENTINEL 1A,2014-016A,EARTH,TEME,UTC,SGP4,2025-12-23 06:37:38.377632+00:00,14.59201700,0.00012715,98.1796,2.3616,83.2884,276.8461,0,U,39634,999,62436,0.00004370116200,0.00000160,0.0000000000000,7073.890,98.684,696.654,694.855,PAYLOAD,LARGE,ESA,2014-04-03,FRGUI,,4933425,306336784,0 SENTINEL 1A,1 39634U 14016A   25357.27613863  .00000160  00000-0  43701-4 0  9991,2 39634  98.1796   2.3616 0001272  83.2884 276.8461 14.59201700624364
3.0,GENERATED VIA SPACE-TRACK.ORG API,2025-12-23 22:26:19+00:00,18 SPCS,SENTINEL 1A,2014-016A,EARTH,TEME,UTC,SGP4,2025-12-23 21:26:19.406688+00:00,14.59201498,0.00012520,98.1797,2.9694,87.0434,273.0909,0,U,39634,999,62445,-0.00002947700000,-0.00000185,0.0000000000000,7073.890,98.684,696.641,694.870,PAYLOAD,LARGE,ESA,2014-04-03,FRGUI,,4933530,306356797,0 SENTINEL 1A,1 39634U 14016A   25357.89328017 -.00000185  00000-0 -29477-4 0  9996,2 39634  98.1797   2.9694 0001252  87.0434 273.0909 14.59201498624458
3.0,GENERATED VIA SPACE-TRACK.ORG API,2025-12-24 02:10:40+00:00,18 SPCS,SENTINEL 1A,2014-016A,EARTH,TEME,UTC,SGP4,2025-12-23 23:05:03.948000+00:00,14.59201719,0.00012312,98.1797,3.0369,87.5963,272.5377,0,U,39634,999,62446,-0.00002363547900,-0.00000157,0.0000000000000,7073.890,98.684,696.626,694.884,PAYLOAD,LARGE,ESA,2014-04-03,FRGUI,,4934052,306382559,0 SENTINEL 1A,1 39634U 14016A   25357.96185125 -.00000157  00000-0 -23635-4 0  9994,2 39634  98.1797   3.0369 0001231  87.5963 272.5377 14.59201719624468
3.0,GENERATED VIA SPACE-TRACK.ORG API,2025-12-24 07:26:36+00:00,18 SPCS,SENTINEL 1A,2014-016A,EARTH,TEME,UTC,SGP4,2025-12-24 04:01:17.636736+00:00,14.59201702,0.00012520,98.1797,3.2399,85.8443,274.2900,0,U,39634,999,62449,0.00000176190000,-0.00000037,0.0000000000000,7073.890,98.684,696.640,694.869,PAYLOAD,LARGE,ESA,2014-04-03,FRGUI,,4934224,306404231,0 SENTINEL 1A,1 39634U 14016A   25358.16756524 -.00000037  00000-0  17619-5 0  9996,2 39634  98.1797   3.2399 0001252  85.8443 274.2900 14.59201702624496
3.0,GENERATED VIA SPACE-TRACK.ORG API,2025-12-24 10:32:40+00:00,18 SPCS,SENTINEL 1A,2014-016A,EARTH,TEME,UTC,SGP4,2025-12-24 07:18:46.764288+00:00,14.59201659,0.00012604,98.1797,3.3750,84.6030,275.5313,0,U,39634,999,62451,0.00002828717200,0.00000088,0.0000000000000,7073.890,98.684,696.646,694.863,PAYLOAD,LARGE,ESA,2014-04-03,FRGUI,,4934857,306432928,0 SENTINEL 1A,1 39634U 14016A   25358.30470792  .00000088  00000-0  28287-4 0  9999,2 39634  98.1797   3.3750 0001260  84.6030 275.5313 14.59201659624512
3.0,GENERATED VIA SPACE-TRACK.ORG API,2025-12-25 00:06:23+00:00,18 SPCS,SENTINEL 1A,2014-016A,EARTH,TEME,UTC,SGP4,2025-12-24 20:28:43.348800+00:00,14.59199256,0.00012090,98.1799,3.9154,87.7540,272.3798,0,U,39634,999,62459,-0.00004235100000,-0.00000245,0.0000000000000,7073.898,98.684,696.618,694.907,PAYLOAD,LARGE,ESA,2014-04-03,FRGUI,,4935043,306454843,0 SENTINEL 1A,1 39634U 14016A   25358.85327950 -.00000245  00000-0 -42351-4 0  9991,2 39634  98.1799   3.9154 0001209  87.7540 272.3798 14.59199256624590
3.0,GENERATED VIA SPACE-TRACK.ORG API,2025-12-25 02:37:33+00:00,18 SPCS,SENTINEL 1A,2014-016A,EARTH,TEME,UTC,SGP4,2025-12-24 23:46:12.472896+00:00,14.59199333,0.00012086,98.1801,4.0504,87.5960,272.5378,0,U,39634,999,62461,-0.00003883470100,-0.00000229,0.0000000000000,7073.897,98.684,696.617,694.908,PAYLOAD,LARGE,ESA,2014-04-03,FRGUI,,4935668,306483150,0 SENTINEL 1A,1 39634U 14016A   25358.99042214 -.00000229  00000-0 -38835-4 0  9997,2 39634  98.1801   4.0504 0001209  87.5960 272.5378 14.59199333624614
3.0,GENERATED VIA SPACE-TRACK.ORG API,2025-12-25 07:56:31+00:00,18 SPCS,SENTINEL 1A,2014-016A,EARTH,TEME,UTC,SGP4,2025-12-25 04:42:26.180640+00:00,14.59199820,0.00012550,98.1801,4.2531,86.4200,273.7143,0,U,39634,999,62464,0.00001915700000,0.00000045,0.0000000000000,7073.896,98.684,696.649,694.873,PAYLOAD,LARGE,ESA,2014-04-03,FRGUI,,4935894,306505564,0 SENTINEL 1A,1 39634U 14016A   25359.19613635  .00000045  00000-0  19157-4 0  9991,2 39634  98.1801   4.2531 0001255  86.4200 273.7143 14.59199820624649
3.0,GENERATED VIA SPACE-TRACK.ORG API,2025-12-25 10:44:41+00:00,18 SPCS,SENTINEL 1A,2014-016A,EARTH,TEME,UTC,SGP4,2025-12-25 06:21:10.738368+00:00,14.59200114,0.00012570,98.1801,4.3208,85.9086,274.2257,0,U,39634,999,62465,0.00003964555200,0.00000141,0.0000000000000,7073.895,98.684,696.649,694.871,PAYLOAD,LARGE,ESA,2014-04-03,FRGUI,,4936478,306532703,0 SENTINEL 1A,1 39634U 14016A   25359.26470762  .00000141  00000-0  39646-4 0  9993,2 39634  98.1801   4.3208 0001257  85.9086 274.2257 14.59200114624651
3.0,GENERATED VIA SPACE-TRACK.ORG API,2025-12-25 20:18:59+00:00,18 SPCS,SENTINEL 1A,2014-016A,EARTH,TEME,UTC,SGP4,2025-12-25 14:34:53.608224+00:00,14.59199413,0.00012484,98.1802,4.6583,85.0608,275.0735,0,U,39634,999,62470,0.00000184136100,-0.00000037,0.0000000000000,7073.897,98.684,696.645,694.879,PAYLOAD,LARGE,ESA,2014-04-03,FRGUI,,4936530,306565124,0 SENTINEL 1A,1 39634U 14016A   25359.60756491 -.00000037  00000-0  18414-5 0  9993,2 39634  98.1802   4.6583 0001248  85.0608 275.0735 14.59199413624707
3.0,GENERATED VIA SPACE-TRACK.ORG API,2025-12-25 21:26:22+00:00,18 SPCS,SENTINEL 1A,2014-016A,EARTH,TEME,UTC,SGP4,2025-12-25 17:52:22.771200+00:00,14.59198973,0.00012570,98.1803,4.7935,85.2571,274.8772,0,U,39634,999,62472,-0.00002061000000,-0.00000143,0.0000000000000,7073.899,98.684,696.653,694.874,PAYLOAD,LARGE,ESA,2014-04-03,FRGUI,,4936652,306587122,0 SENTINEL 1A,1 39634U 14016A   25359.74470800 -.00000143  00000-0 -20610-4 0  9994,2 39634  98.1803   4.7935 0001257  85.2571 274.8772 14.59198973624721
3.0,GENERATED VIA SPACE-TRACK.ORG API,2025-12-25 22:16:17+00:00,18 SPCS,SENTINEL 1A,2014-016A,EARTH,TEME,UTC,SGP4,2025-12-25 21:09:51.897888+00:00,14.59199007,0.00012600,98.1803,4.9285,85.6066,274.5278,0,U,39634,999,62474,-0.00002206800000,-0.00000150,0.0000000000000,7073.899,98.684,696.655,694.872,PAYLOAD,LARGE,ESA,2014-04-03,FRGUI,,4937314,306603232,0 SENTINEL 1A,1 39634U 14016A   25359.88185067 -.00000150  00000-0 -22068-4 0  9994,2 39634  98.1803   4.9285 0001260  85.6066 274.5278 14.59199007624747
3.0,GENERATED VIA SPACE-TRACK.ORG API,2025-12-26 03:10:39+00:00,18 SPCS,SENTINEL 1A,2014-016A,EARTH,TEME,UTC,SGP4,2025-12-25 22:48:36.452160+00:00,14.59199107,0.00012405,98.1803,4.9960,86.5424,273.5917,0,U,39634,999,62475,-0.00002080592900,-0.00000144,0.0000000000000,7073.898,98.684,696.641,694.886,PAYLOAD,LARGE,ESA,2014-04-03,FRGUI,,4937582,306622817,0 SENTINEL 1A,1 39634U 14016A   25359.95042190 -.00000144  00000-0 -20806-4 0  9992,2 39634  98.1803   4.9960 0001241  86.5424 273.5917 14.59199107624755
3.0,GENERATED VIA SPACE-TRACK.ORG API,2025-12-26 07:46:34+00:00,18 SPCS,SENTINEL 1A,2014-016A,EARTH,TEME,UTC,SGP4,2025-12-26 03:44:50.140896+00:00,14.59199806,0.00012610,98.1803,5.1991,85.2930,274.8414,0,U,39634,999,62478,0.00002320600000,0.00000064,0.0000000000000,7073.896,98.684,696.653,694.869,PAYLOAD,LARGE,ESA,2014-04-03,FRGUI,,4937684,306643930,0 SENTINEL 1A,1 39634U 14016A   25360.15613589  .00000064  00000-0  23206-4 0  9998,2 39634  98.1803   5.1991 0001261  85.2930 274.8414 14.59199806624787
3.0,GENERATED VIA SPACE-TRACK.ORG API,2025-12-26 11:16:42+00:00,18 SPCS,SENTINEL 1A,2014-016A,EARTH,TEME,UTC,SGP4,2025-12-26 07:02:19.267584+00:00,14.59199872,0.00012493,98.1804,5.3342,85.5971,274.5371,0,U,39634,999,62480,0.00002483764200,0.00000071,0.0000000000000,7073.896,98.684,696.644,694.877,PAYLOAD,LARGE,ESA,2014-04-03,FRGUI,,4938246,306669957,0 SENTINEL 1A,1 39634U 14016A   25360.29327856  .00000071  00000-0  24838-4 0  9992,2 39634  98.1804   5.3342 0001249  85.5971 274.5371 14.59199872624809
3.0,GENERATED VIA SPACE-TRACK.ORG API,2025-12-26 17:37:03+00:00,18 SPCS,SENTINEL 1A,2014-016A,EARTH,TEME,UTC,SGP4,2025-12-26 15:16:02.121024+00:00,14.59199591,0.00012596,98.1805,5.6718,84.0509,276.0835,0,U,39634,999,62485,0.00000093397600,-0.00000041,0.0000000000000,7073.897,98.684,696.653,694.871,PAYLOAD,LARGE,ESA,2014-04-03,FRGUI,,4938271,306702309,0 SENTINEL 1A,1 39634U 14016A   25360.63613566 -.00000041  00000-0  93398-6 0  9993,2 39634  98.1805   5.6718 0001260  84.0509 276.0835 14.59199591624859
3.0,GENERATED VIA SPACE-TRACK.ORG API,2025-12-26 21:56:21+00:00,18 SPCS,SENTINEL 1A,2014-016A,EARTH,TEME,UTC,SGP4,2025-12-26 18:33:31.283136+00:00,14.59198951,0.00012730,98.1805,5.8069,85.6362,274.4983,0,U,39634,999,62487,-0.00003341800000,-0.00000203,0.0000000000000,7073.899,98.684,696.664,694.863,PAYLOAD,LARGE,ESA,2014-04-03,FRGUI,,4938442,306724611,0 SENTINEL 1A,1 39634U 14016A   25360.77327874 -.00000203  00000-0 -33418-4 0  9998,2 39634  98.1805   5.8069 0001273  85.6362 274.4983 14.59198951624875
3.0,GENERATED VIA SPACE-TRACK.ORG API,2025-12-26 22:46:20+00:00,18 SPCS,SENTINEL 1A,2014-016A,EARTH,TEME,UTC,SGP4,2025-12-26 21:51:00.395136+00:00,14.59199546,0.00012720,98.1806,5.9421,85.6073,274.5272,0,U,39634,999,62489,0.00000728620000,-0.00000011,0.0000000000000,7073.897,98.684,696.662,694.862,PAYLOAD,LARGE,ESA,2014-04-03,FRGUI,,4939243,306745348,0 SENTINEL 1A,1 39634U 14016A   25360.91042124 -.00000011  00000-0  72862-5 0  9999,2 39634  98.1806   5.9421 0001272  85.6073 274.5272 14.59199546624892
3.0,GENERATED VIA SPACE-TRACK.ORG API,2025-12-27 03:23:11+00:00,18 SPCS,SENTINEL 1A,2014-016A,EARTH,TEME,UTC,SGP4,2025-12-26 23:29:44.952000+00:00,14.59199519,0.00012622,98.1806,6.0096,85.8932,274.2412,0,U,39634,999,62490,-0.00000174208700,-0.00000054,0.0000000000000,7073.897,98.684,696.655,694.869,PAYLOAD,LARGE,ESA,2014-04-03,FRGUI,,4939423,306762606,0 SENTINEL 1A,1 39634U 14016A   25360.97899250 -.00000054  00000-0 -17421-5 0  9993,2 39634  98.1806   6.0096 0001262  85.8932 274.2412 14.59199519624902
3.0,GENERATED VIA SPACE-TRACK.ORG API,2025-12-27 06:26:21+00:00,18 SPCS,SENTINEL 1A,2014-016A,EARTH,TEME,UTC,SGP4,2025-12-27 04:25:58.638144+00:00,14.59200288,0.00012830,98.1806,6.2126,84.9958,275.1388,0,U,39634,999,62493,0.00005026800000,0.00000191,0.0000000000000,7073.894,98.684,696.667,694.852,PAYLOAD,LARGE,ESA,2014-04-03,FRGUI,,4939513,306783360,0 SENTINEL 1A,1 39634U 14016A   25361.18470646  .00000191  00000-0  50268-4 0  9996,2 39634  98.1806   6.2126 0001283  84.9958 275.1388 14.59200288624930
3.0,GENERATED VIA SPACE-TRACK.ORG API,2025-12-27 10:34:44+00:00,18 SPCS,SENTINEL 1A,2014-016A,EARTH,TEME,UTC,SGP4,2025-12-27 07:43:27.753600+00:00,14.59200696,0.00012784,98.1807,6.3478,84.2992,275.8353,0,U,39634,999,62495,0.00007258358700,0.00000296,0.0000000000000,7073.893,98.684,696.662,694.854,PAYLOAD,LARGE,ESA,2014-04-03,FRGUI,,4940227,306813969,0 SENTINEL 1A,1 39634U 14016A   25361.32184900  .00000296  00000-0  72584-4 0  9998,2 39634  98.1807   6.3478 0001278  84.2992 275.8353 14.59200696624951
3.0,GENERATED VIA SPACE-TRACK.ORG API,2025-12-27 15:46:23+00:00,18 SPCS,SENTINEL 1A,2014-016A,EARTH,TEME,UTC,SGP4,2025-12-27 12:39:41.444928+00:00,14.59200802,0.00012820,98.1807,6.5504,83.5251,276.6095,0,U,39634,999,62498,0.00006717300000,0.00000271,0.0000000000000,7073.893,98.684,696.665,694.851,PAYLOAD,LARGE,ESA,2014-04-03,FRGUI,,4940349,306834978,0 SENTINEL 1A,1 39634U 14016A   25361.52756302  .00000271  00000-0  67173-4 0  9992,2 39634  98.1807   6.5504 0001282  83.5251 276.6095 14.59200802624982
3.0,GENERATED VIA SPACE-TRACK.ORG API,2025-12-27 22:26:34+00:00,18 SPCS,SENTINEL 1A,2014-016A,EARTH,TEME,UTC,SGP4,2025-12-27 20:53:24.337248+00:00,14.59199520,0.00012790,98.1808,6.8881,84.1094,276.0251,0,U,39634,999,62503,-0.00000617160000,-0.00000075,0.0000000000000,7073.897,98.684,696.667,694.857,PAYLOAD,LARGE,ESA,2014-04-03,FRGUI,,4941044,306851909,0 SENTINEL 1A,1 39634U 14016A   25361.87042057 -.00000075  00000-0 -61716-5 0  9997,2 39634  98.1808   6.8881 0001279  84.1094 276.0251 14.59199520625031
3.0,GENERATED VIA SPACE-TRACK.ORG API,2025-12-28 04:40:25+00:00,18 SPCS,SENTINEL 1A,2014-016A,EARTH,TEME,UTC,SGP4,2025-12-28 00:10:53.457888+00:00,14.59199510,0.00012616,98.1809,7.0233,85.1835,274.9509,0,U,39634,999,62505,-0.00001439221900,-0.00000114,0.0000000000000,7073.897,98.684,696.654,694.869,PAYLOAD,LARGE,ESA,2014-04-03,FRGUI,,4941611,306879143,0 SENTINEL 1A,1 39634U 14016A   25362.00756317 -.00000114  00000-0 -14392-4 0  9995,2 39634  98.1809   7.0233 0001262  85.1835 274.9509 14.59199510625056
3.0,GENERATED VIA SPACE-TRACK.ORG API,2025-12-28 07:26:49+00:00,18 SPCS,SENTINEL 1A,2014-016A,EARTH,TEME,UTC,SGP4,2025-12-28 03:28:22.581120+00:00,14.59199929,0.00012720,98.1809,7.1586,84.8545,275.2799,0,U,39634,999,62507,0.00001500700000,0.00000025,0.0000000000000,7073.896,98.684,696.660,694.861,PAYLOAD,LARGE,ESA,2014-04-03,FRGUI,,4941716,306900036,0 SENTINEL 1A,1 39634U 14016A   25362.14470580  .00000025  00000-0  15007-4 0  9998,2 39634  98.1809   7.1586 0001272  84.8545 275.2799 14.59199929625074
3.0,GENERATED VIA SPACE-TRACK.ORG API,2025-12-28 11:10:39+00:00,18 SPCS,SENTINEL 1A,2014-016A,EARTH,TEME,UTC,SGP4,2025-12-28 06:45:51.707808+00:00,14.59200310,0.00012778,98.1808,7.2937,84.1494,275.9851,0,U,39634,999,62509,0.00004338498500,0.00000159,0.0000000000000,7073.894,98.684,696.663,694.855,PAYLOAD,LARGE,ESA,2014-04-03,FRGUI,,4942257,306926707,0 SENTINEL 1A,1 39634U 14016A   25362.28184847  .00000159  00000-0  43385-4 0  9999,2 39634  98.1808   7.2937 0001278  84.1494 275.9851 14.59200310625091
3.0,GENERATED VIA SPACE-TRACK.ORG API,2025-12-28 14:36:19+00:00,18 SPCS,SENTINEL 1A,2014-016A,EARTH,TEME,UTC,SGP4,2025-12-28 13:20:49.976736+00:00,14.59200000,0.00012640,98.1808,7.5640,83.9390,276.1953,0,U,39634,999,62513,0.00001574100000,0.00000028,0.0000000000000,7073.895,98.684,696.654,694.866,PAYLOAD,LARGE,ESA,2014-04-03,FRGUI,,4942394,306948413,0 SENTINEL 1A,1 39634U 14016A   25362.55613399  .00000028  00000-0  15741-4 0  9998,2 39634  98.1808   7.5640 0001264  83.9390 276.1953 14.59200000625139
3.0,GENERATED VIA SPACE-TRACK.ORG API,2025-12-28 17:52:40+00:00,18 SPCS,SENTINEL 1A,2014-016A,EARTH,TEME,UTC,SGP4,2025-12-28 14:59:34.562112+00:00,14.59199566,0.00012523,98.1809,7.6315,83.7750,276.3592,0,U,39634,999,62514,-0.00000930663000,-0.00000090,0.0000000000000,7073.897,98.684,696.648,694.876,PAYLOAD,LARGE,ESA,2014-04-03,FRGUI,,4943081,306978546,0 SENTINEL 1A,1 39634U 14016A   25362.62470558 -.00000090  00000-0 -93066-5 0  9992,2 39634  98.1809   7.6315 0001252  83.7750 276.3592 14.59199566625141
3.0,GENERATED VIA SPACE-TRACK.ORG API,2025-12-28 22:46:23+00:00,18 SPCS,SENTINEL 1A,2014-016A,EARTH,TEME,UTC,SGP4,2025-12-28 21:34:32.856960+00:00,14.59198995,0.00012670,98.1809,7.9017,84.7241,275.4103,0,U,39634,999,62518,-0.00004222400000,-0.00000245,0.0000000000000,7073.899,98.684,696.660,694.867,PAYLOAD,LARGE,ESA,2014-04-03,FRGUI,,4943205,306999859,0 SENTINEL 1A,1 39634U 14016A   25362.89899140 -.00000245  00000-0 -42224-4 0  9994,2 39634  98.1809   7.9017 0001267  84.7241 275.4103 14.59198995625182
3.0,GENERATED VIA SPACE-TRACK.ORG API,2025-12-29 04:34:26+00:00,18 SPCS,SENTINEL 1A,2014-016A,EARTH,TEME,UTC,SGP4,2025-12-28 23:13:17.400864+00:00,14.59199215,0.00012541,98.1809,7.9693,86.1656,273.9687,0,U,39634,999,62519,-0.00003540675600,-0.00000213,0.0000000000000,7073.898,98.684,696.650,694.876,PAYLOAD,LARGE,ESA,2014-04-03,FRGUI,,4943786,307028031,0 SENTINEL 1A,1 39634U 14016A   25362.96756251 -.00000213  00000-0 -35407-4 0  9997,2 39634  98.1809   7.9693 0001254  86.1656 273.9687 14.59199215625191
3.0,GENERATED VIA SPACE-TRACK.ORG API,2025-12-29 12:04:26+00:00,18 SPCS,SENTINEL 1A,2014-016A,EARTH,TEME,UTC,SGP4,2025-12-29 07:27:00.218016+00:00,14.59200105,0.00012709,98.1809,8.3074,84.5733,275.5612,0,U,39634,999,62524,0.00002884982700,0.00000090,0.0000000000000,7073.895,98.684,696.659,694.861,PAYLOAD,LARGE,ESA,2014-04-03,FRGUI,,4943787,307060516,0 SENTINEL 1A,1 39634U 14016A   25363.31041919  .00000090  00000-0  28850-4 0  9990,2 39634  98.1809   8.3074 0001271  84.5733 275.5612 14.59200105625249
3.0,GENERATED VIA SPACE-TRACK.ORG API,2025-12-29 16:56:18+00:00,18 SPCS,SENTINEL 1A,2014-016A,EARTH,TEME,UTC,SGP4,2025-12-29 12:23:13.893792+00:00,14.59200498,0.00012740,98.1810,8.5101,83.8130,276.3215,0,U,39634,999,62527,0.00004100300000,0.00000148,0.0000000000000,7073.894,98.684,696.660,694.857,PAYLOAD,LARGE,ESA,2014-04-03,FRGUI,,4943897,307081418,0 SENTINEL 1A,1 39634U 14016A   25363.51613303  .00000148  00000-0  41003-4 0  9993,2 39634  98.1810   8.5101 0001274  83.8130 276.3215 14.59200498625276
3.0,GENERATED VIA SPACE-TRACK.ORG API,2025-12-29 21:30:56+00:00,18 SPCS,SENTINEL 1A,2014-016A,EARTH,TEME,UTC,SGP4,2025-12-29 14:01:58.480896+00:00,14.59200098,0.00012680,98.1809,8.5776,83.8654,276.2690,0,U,39634,999,62528,0.00002100853000,0.00000053,0.0000000000000,7073.895,98.684,696.657,694.863,PAYLOAD,LARGE,ESA,2014-04-03,FRGUI,,4944351,307105720,0 SENTINEL 1A,1 39634U 14016A   25363.58470464  .00000053  00000-0  21009-4 0  9998,2 39634  98.1809   8.5776 0001268  83.8654 276.2690 14.59200098625289
3.0,GENERATED VIA SPACE-TRACK.ORG API,2025-12-29 22:26:18+00:00,18 SPCS,SENTINEL 1A,2014-016A,EARTH,TEME,UTC,SGP4,2025-12-29 20:36:56.727360+00:00,14.59200427,0.00012700,98.1810,8.8477,85.2457,274.8888,0,U,39634,999,62532,0.00003698400000,0.00000129,0.0000000000000,7073.894,98.684,696.657,694.861,PAYLOAD,LARGE,ESA,2014-04-03,FRGUI,,4944449,307127033,0 SENTINEL 1A,1 39634U 14016A   25363.85898990  .00000129  00000-0  36984-4 0  9998,2 39634  98.1810   8.8477 0001270  85.2457 274.8888 14.59200427625326
3.0,GENERATED VIA SPACE-TRACK.ORG API,2025-12-30 07:16:30+00:00,18 SPCS,SENTINEL 1A,2014-016A,EARTH,TEME,UTC,SGP4,2025-12-30 04:50:39.484896+00:00,14.59201759,0.00012730,98.1810,9.1859,84.8574,275.2771,0,U,39634,999,62537,0.00010226000000,0.00000436,0.0000000000000,7073.890,98.684,696.655,694.854,PAYLOAD,LARGE,ESA,2014-04-03,FRGUI,,4945283,307142946,0 SENTINEL 1A,1 39634U 14016A   25364.20184589  .00000436  00000-0  10226-3 0  9991,2 39634  98.1810   9.1859 0001273  84.8574 275.2771 14.59201759625372
3.0,GENERATED VIA SPACE-TRACK.ORG API,2025-12-30 10:50:37+00:00,18 SPCS,SENTINEL 1A,2014-016A,EARTH,TEME,UTC,SGP4,2025-12-30 06:29:24.027936+00:00,14.59202400,0.00012717,98.1809,9.2535,83.8052,276.3293,0,U,39634,999,62538,0.00014329795000,0.00000630,0.0000000000000,7073.888,98.684,696.652,694.853,PAYLOAD,LARGE,ESA,2014-04-03,FRGUI,,4945998,307174713,0 SENTINEL 1A,1 39634U 14016A   25364.27041699  .00000630  00000-0  14330-3 0  9998,2 39634  98.1809   9.2535 0001272  83.8052 276.3293 14.59202400625387
3.0,GENERATED VIA SPACE-TRACK.ORG API,2025-12-30 18:16:58+00:00,18 SPCS,SENTINEL 1A,2014-016A,EARTH,TEME,UTC,SGP4,2025-12-30 14:43:06.824352+00:00,14.59202429,0.00012468,98.1809,9.5910,83.4300,276.7041,0,U,39634,999,62543,0.00012157065000,0.00000527,0.0000000000000,7073.887,98.684,696.634,694.870,PAYLOAD,LARGE,ESA,2014-04-03,FRGUI,,4946042,307207065,0 SENTINEL 1A,1 39634U 14016A   25364.61327343  .00000527  00000-0  12157-3 0  9999,2 39634  98.1809   9.5910 0001247  83.4300 276.7041 14.59202429625433
3.0,GENERATED VIA SPACE-TRACK.ORG API,2025-12-30 23:36:37+00:00,18 SPCS,SENTINEL 1A,2014-016A,EARTH,TEME,UTC,SGP4,2025-12-30 21:18:05.082912+00:00,14.59202049,0.00012650,98.1809,9.8613,84.4875,275.6469,0,U,39634,999,62547,0.00008543200000,0.00000357,0.0000000000000,7073.889,98.684,696.649,694.859,PAYLOAD,LARGE,ESA,2014-04-03,FRGUI,,4946153,307228234,0 SENTINEL 1A,1 39634U 14016A   25364.88755883  .00000357  00000-0  85432-4 0  9990,2 39634  98.1809   9.8613 0001265  84.4875 275.6469 14.59202049625478
3.0,GENERATED VIA SPACE-TRACK.ORG API,2025-12-31 02:43:57+00:00,18 SPCS,SENTINEL 1A,2014-016A,EARTH,TEME,UTC,SGP4,2025-12-30 22:56:49.624224+00:00,14.59202143,0.00012468,98.1809,9.9288,85.6887,274.4455,0,U,39634,999,62548,0.00008204490300,0.00000341,0.0000000000000,7073.888,98.684,696.635,694.871,PAYLOAD,LARGE,ESA,2014-04-03,FRGUI,,4946785,307257051,0 SENTINEL 1A,1 39634U 14016A   25364.95612991  .00000341  00000-0  82045-4 0  9990,2 39634  98.1809   9.9288 0001247  85.6887 274.4455 14.59202143625481
3.0,GENERATED VIA SPACE-TRACK.ORG API,2025-12-31 06:26:30+00:00,18 SPCS,SENTINEL 1A,2014-016A,EARTH,TEME,UTC,SGP4,2025-12-31 03:53:03.256800+00:00,14.59202921,0.00012410,98.1803,10.1311,90.0780,270.0561,0,U,39634,999,62551,0.00009723500000,0.00000413,0.0000000000000,7073.886,98.684,696.629,694.873,PAYLOAD,LARGE,ESA,2014-04-03,FRGUI,,4946834,307275089,0 SENTINEL 1A,1 39634U 14016A   25365.16184325  .00000413  00000-0  97235-4 0  9996,2 39634  98.1803  10.1311 0001241  90.0780 270.0561 14.59202921625510
3.0,GENERATED VIA SPACE-TRACK.ORG API,2025-12-31 07:46:31+00:00,18 SPCS,SENTINEL 1A,2014-016A,EARTH,TEME,UTC,SGP4,2025-12-31 03:53:03.287040+00:00,14.59202591,0.00012610,98.1808,10.1318,85.1314,275.0029,0,U,39634,999,62551,0.00010087000000,0.00000430,0.0000000000000,7073.887,98.684,696.644,694.860,PAYLOAD,LARGE,ESA,2014-04-03,FRGUI,,4946980,307278126,0 SENTINEL 1A,1 39634U 14016A   25365.16184360  .00000430  00000-0  10087-3 0  9993,2 39634  98.1808  10.1318 0001261  85.1314 275.0029 14.59202591625519
3.0,GENERATED VIA SPACE-TRACK.ORG API,2025-12-31 10:22:26+00:00,18 SPCS,SENTINEL 1A,2014-016A,EARTH,TEME,UTC,SGP4,2025-12-31 05:31:47.844768+00:00,14.59202885,0.00012681,98.1808,10.1994,84.0248,276.1096,0,U,39634,999,62552,0.00011924152000,0.00000516,0.0000000000000,7073.886,98.684,696.648,694.854,PAYLOAD,LARGE,ESA,2014-04-03,FRGUI,,4947640,307307502,0 SENTINEL 1A,1 39634U 14016A   25365.23041487  .00000516  00000-0  11924-3 0  9999,2 39634  98.1808  10.1994 0001268  84.0248 276.1096 14.59202885625523
3.0,GENERATED VIA SPACE-TRACK.ORG API,2025-12-31 10:36:17+00:00,18 SPCS,SENTINEL 1A,2014-016A,EARTH,TEME,UTC,SGP4,2025-12-31 08:49:17.003424+00:00,14.59200049,0.00012440,98.1803,10.3337,90.5026,269.6316,0,U,39634,999,62554,0.00009555100000,0.00000405,0.0000000000000,7073.895,98.684,696.640,694.880,PAYLOAD,LARGE,ESA,2014-04-03,FRGUI,,4947641,307325494,0 SENTINEL 1A,1 39634U 14016A   25365.36755791  .00000405  00000-0  95551-4 0  9999,2 39634  98.1803  10.3337 0001244  90.5026 269.6316 14.59200049625545
3.0,GENERATED VIA SPACE-TRACK.ORG API,2025-12-31 14:36:22+00:00,18 SPCS,SENTINEL 1A,2014-016A,EARTH,TEME,UTC,SGP4,2025-12-31 12:06:46.168128+00:00,14.59199429,0.00012830,98.1808,10.4695,84.5676,275.5670,0,U,39634,999,62556,0.00012038000000,0.00000522,0.0000000000000,7073.897,98.684,696.670,694.855,PAYLOAD,LARGE,ESA,2014-04-03,FRGUI,,4947783,307329220,0 SENTINEL 1A,1 39634U 14016A   25365.50470102  .00000522  00000-0  12038-3 0  9993,2 39634  98.1808  10.4695 0001283  84.5676 275.5670 14.59199429625565
3.0,GENERATED VIA SPACE-TRACK.ORG API,2025-12-31 17:24:40+00:00,18 SPCS,SENTINEL 1A,2014-016A,EARTH,TEME,UTC,SGP4,2025-12-31 15:24:15.339744+00:00,14.59198706,0.00012814,98.1807,10.6045,84.7022,275.4324,0,U,39634,999,62558,0.00008010578000,0.00000332,0.0000000000000,7073.899,98.684,696.671,694.858,PAYLOAD,LARGE,ESA,2014-04-03,FRGUI,,4948472,307359829,0 SENTINEL 1A,1 39634U 14016A   25365.64184421  .00000332  00000-0  80106-4 0  9995,2 39634  98.1807  10.6045 0001281  84.7022 275.4324 14.59198706625584
